  0
SECTION
  2
HEADER
  9
$ACADVER
  1
AC1024
  9
$ACADMAINTVER
 70
6
  9
$DWGCODEPAGE
  3
ANSI_1252
  9
$LASTSAVEDBY
  1
ezdxf
  9
$INSBASE
 10
0.0
 20
0.0
 30
0.0
  9
$EXTMIN
 10
1e+20
 20
1e+20
 30
1e+20
  9
$EXTMAX
 10
-1e+20
 20
-1e+20
 30
-1e+20
  9
$LIMMIN
 10
0.0
 20
0.0
  9
$LIMMAX
 10
420.0
 20
297.0
  9
$ORTHOMODE
 70
0
  9
$REGENMODE
 70
1
  9
$FILLMODE
 70
1
  9
$QTEXTMODE
 70
0
  9
$MIRRTEXT
 70
1
  9
$LTSCALE
 40
1.0
  9
$ATTMODE
 70
1
  9
$TEXTSIZE
 40
2.5
  9
$TRACEWID
 40
1.0
  9
$TEXTSTYLE
  7
Standard
  9
$CLAYER
  8
0
  9
$CELTYPE
  6
ByLayer
  9
$CECOLOR
 62
256
  9
$CELTSCALE
 40
1.0
  9
$DISPSILH
 70
0
  9
$DIMSCALE
 40
1.0
  9
$DIMASZ
 40
2.5
  9
$DIMEXO
 40
0.625
  9
$DIMDLI
 40
3.75
  9
$DIMRND
 40
0.0
  9
$DIMDLE
 40
0.0
  9
$DIMEXE
 40
1.25
  9
$DIMTP
 40
0.0
  9
$DIMTM
 40
0.0
  9
$DIMTXT
 40
2.5
  9
$DIMCEN
 40
2.5
  9
$DIMTSZ
 40
0.0
  9
$DIMTOL
 70
0
  9
$DIMLIM
 70
0
  9
$DIMTIH
 70
0
  9
$DIMTOH
 70
0
  9
$DIMSE1
 70
0
  9
$DIMSE2
 70
0
  9
$DIMTAD
 70
1
  9
$DIMZIN
 70
8
  9
$DIMBLK
  1

  9
$DIMASO
 70
1
  9
$DIMSHO
 70
1
  9
$DIMPOST
  1

  9
$DIMAPOST
  1

  9
$DIMALT
 70
0
  9
$DIMALTD
 70
3
  9
$DIMALTF
 40
0.03937007874
  9
$DIMLFAC
 40
1.0
  9
$DIMTOFL
 70
1
  9
$DIMTVP
 40
0.0
  9
$DIMTIX
 70
0
  9
$DIMSOXD
 70
0
  9
$DIMSAH
 70
0
  9
$DIMBLK1
  1

  9
$DIMBLK2
  1

  9
$DIMSTYLE
  2
ISO-25
  9
$DIMCLRD
 70
0
  9
$DIMCLRE
 70
0
  9
$DIMCLRT
 70
0
  9
$DIMTFAC
 40
1.0
  9
$DIMGAP
 40
0.625
  9
$DIMJUST
 70
0
  9
$DIMSD1
 70
0
  9
$DIMSD2
 70
0
  9
$DIMTOLJ
 70
0
  9
$DIMTZIN
 70
8
  9
$DIMALTZ
 70
0
  9
$DIMALTTZ
 70
0
  9
$DIMUPT
 70
0
  9
$DIMDEC
 70
2
  9
$DIMTDEC
 70
2
  9
$DIMALTU
 70
2
  9
$DIMALTTD
 70
3
  9
$DIMTXSTY
  7
Standard
  9
$DIMAUNIT
 70
0
  9
$DIMADEC
 70
0
  9
$DIMALTRND
 40
0.0
  9
$DIMAZIN
 70
0
  9
$DIMDSEP
 70
44
  9
$DIMATFIT
 70
3
  9
$DIMFRAC
 70
0
  9
$DIMLDRBLK
  1

  9
$DIMLUNIT
 70
2
  9
$DIMLWD
 70
-2
  9
$DIMLWE
 70
-2
  9
$DIMTMOVE
 70
0
  9
$DIMFXL
 40
1.0
  9
$DIMFXLON
 70
0
  9
$DIMJOGANG
 40
0.785398163397
  9
$DIMTFILL
 70
0
  9
$DIMTFILLCLR
 70
0
  9
$DIMARCSYM
 70
0
  9
$DIMLTYPE
  6

  9
$DIMLTEX1
  6

  9
$DIMLTEX2
  6

  9
$DIMTXTDIRECTION
 70
0
  9
$LUNITS
 70
2
  9
$LUPREC
 70
4
  9
$SKETCHINC
 40
1.0
  9
$FILLETRAD
 40
10.0
  9
$AUNITS
 70
0
  9
$AUPREC
 70
2
  9
$MENU
  1
.
  9
$ELEVATION
 40
0.0
  9
$PELEVATION
 40
0.0
  9
$THICKNESS
 40
0.0
  9
$LIMCHECK
 70
0
  9
$CHAMFERA
 40
0.0
  9
$CHAMFERB
 40
0.0
  9
$CHAMFERC
 40
0.0
  9
$CHAMFERD
 40
0.0
  9
$SKPOLY
 70
0
  9
$TDCREATE
 40
2461287.9266666668
  9
$TDUCREATE
 40
2458532.153996898
  9
$TDUPDATE
 40
2461287.9266782408
  9
$TDUUPDATE
 40
2458532.1544311
  9
$TDINDWG
 40
0.0
  9
$TDUSRTIMER
 40
0.0
  9
$USRTIMER
 70
1
  9
$ANGBASE
 50
0.0
  9
$ANGDIR
 70
0
  9
$PDMODE
 70
0
  9
$PDSIZE
 40
0.0
  9
$PLINEWID
 40
0.0
  9
$SPLFRAME
 70
0
  9
$SPLINETYPE
 70
6
  9
$SPLINESEGS
 70
8
  9
$HANDSEED
  5
B58
  9
$SURFTAB1
 70
6
  9
$SURFTAB2
 70
6
  9
$SURFTYPE
 70
6
  9
$SURFU
 70
6
  9
$SURFV
 70
6
  9
$UCSBASE
  2

  9
$UCSNAME
  2

  9
$UCSORG
 10
0.0
 20
0.0
 30
0.0
  9
$UCSXDIR
 10
1.0
 20
0.0
 30
0.0
  9
$UCSYDIR
 10
0.0
 20
1.0
 30
0.0
  9
$UCSORTHOREF
  2

  9
$UCSORTHOVIEW
 70
0
  9
$UCSORGTOP
 10
0.0
 20
0.0
 30
0.0
  9
$UCSORGBOTTOM
 10
0.0
 20
0.0
 30
0.0
  9
$UCSORGLEFT
 10
0.0
 20
0.0
 30
0.0
  9
$UCSORGRIGHT
 10
0.0
 20
0.0
 30
0.0
  9
$UCSORGFRONT
 10
0.0
 20
0.0
 30
0.0
  9
$UCSORGBACK
 10
0.0
 20
0.0
 30
0.0
  9
$PUCSBASE
  2

  9
$PUCSNAME
  2

  9
$PUCSORG
 10
0.0
 20
0.0
 30
0.0
  9
$PUCSXDIR
 10
1.0
 20
0.0
 30
0.0
  9
$PUCSYDIR
 10
0.0
 20
1.0
 30
0.0
  9
$PUCSORTHOREF
  2

  9
$PUCSORTHOVIEW
 70
0
  9
$PUCSORGTOP
 10
0.0
 20
0.0
 30
0.0
  9
$PUCSORGBOTTOM
 10
0.0
 20
0.0
 30
0.0
  9
$PUCSORGLEFT
 10
0.0
 20
0.0
 30
0.0
  9
$PUCSORGRIGHT
 10
0.0
 20
0.0
 30
0.0
  9
$PUCSORGFRONT
 10
0.0
 20
0.0
 30
0.0
  9
$PUCSORGBACK
 10
0.0
 20
0.0
 30
0.0
  9
$USERI1
 70
0
  9
$USERI2
 70
0
  9
$USERI3
 70
0
  9
$USERI4
 70
0
  9
$USERI5
 70
0
  9
$USERR1
 40
0.0
  9
$USERR2
 40
0.0
  9
$USERR3
 40
0.0
  9
$USERR4
 40
0.0
  9
$USERR5
 40
0.0
  9
$WORLDVIEW
 70
1
  9
$SHADEDGE
 70
3
  9
$SHADEDIF
 70
70
  9
$TILEMODE
 70
1
  9
$MAXACTVP
 70
64
  9
$PINSBASE
 10
0.0
 20
0.0
 30
0.0
  9
$PLIMCHECK
 70
0
  9
$PEXTMIN
 10
1e+20
 20
1e+20
 30
1e+20
  9
$PEXTMAX
 10
-1e+20
 20
-1e+20
 30
-1e+20
  9
$PLIMMIN
 10
0.0
 20
0.0
  9
$PLIMMAX
 10
420.0
 20
297.0
  9
$UNITMODE
 70
0
  9
$VISRETAIN
 70
1
  9
$PLINEGEN
 70
0
  9
$PSLTSCALE
 70
1
  9
$TREEDEPTH
 70
3020
  9
$CMLSTYLE
  2
Standard
  9
$CMLJUST
 70
0
  9
$CMLSCALE
 40
20.0
  9
$PROXYGRAPHICS
 70
1
  9
$MEASUREMENT
 70
1
  9
$CELWEIGHT
370
-1
  9
$ENDCAPS
280
0
  9
$JOINSTYLE
280
0
  9
$LWDISPLAY
290
0
  9
$INSUNITS
 70
6
  9
$HYPERLINKBASE
  1

  9
$STYLESHEET
  1

  9
$XEDIT
290
1
  9
$CEPSNTYPE
380
0
  9
$PSTYLEMODE
290
1
  9
$FINGERPRINTGUID
  2
{DC11BD38-04DB-47E4-95B4-00059935B1EA}
  9
$VERSIONGUID
  2
{842FB756-D4B9-4E31-8F7B-2040DB6DF392}
  9
$EXTNAMES
290
1
  9
$PSVPSCALE
 40
0.0
  9
$OLESTARTUP
290
0
  9
$SORTENTS
280
127
  9
$INDEXCTL
280
0
  9
$HIDETEXT
280
1
  9
$XCLIPFRAME
280
1
  9
$HALOGAP
280
0
  9
$OBSCOLOR
 70
257
  9
$OBSLTYPE
280
0
  9
$INTERSECTIONDISPLAY
280
0
  9
$INTERSECTIONCOLOR
 70
257
  9
$DIMASSOC
280
2
  9
$PROJECTNAME
  1

  9
$CAMERADISPLAY
290
0
  9
$LENSLENGTH
 40
50.0
  9
$CAMERAHEIGHT
 40
0.0
  9
$STEPSPERSEC
 40
24.0
  9
$STEPSIZE
 40
100.0
  9
$3DDWFPREC
 40
2.0
  9
$PSOLWIDTH
 40
0.005
  9
$PSOLHEIGHT
 40
0.08
  9
$LOFTANG1
 40
1.570796326795
  9
$LOFTANG2
 40
1.570796326795
  9
$LOFTMAG1
 40
0.0
  9
$LOFTMAG2
 40
0.0
  9
$LOFTPARAM
 70
7
  9
$LOFTNORMALS
280
1
  9
$LATITUDE
 40
37.795
  9
$LONGITUDE
 40
-122.394
  9
$NORTHDIRECTION
 40
0.0
  9
$TIMEZONE
 70
-8000
  9
$LIGHTGLYPHDISPLAY
280
1
  9
$TILEMODELIGHTSYNCH
280
1
  9
$CMATERIAL
347
20
  9
$SOLIDHIST
280
0
  9
$SHOWHIST
280
1
  9
$DWFFRAME
280
2
  9
$DGNFRAME
280
2
  9
$REALWORLDSCALE
290
1
  9
$INTERFERECOLOR
 62
256
  9
$CSHADOW
280
0
  9
$SHADOWPLANELOCATION
 40
0.0
  0
ENDSEC
  0
SECTION
  2
CLASSES
  0
CLASS
  1
ACDBDICTIONARYWDFLT
  2
AcDbDictionaryWithDefault
  3
ObjectDBX Classes
 90
0
 91
0
280
0
281
0
  0
CLASS
  1
SUN
  2
AcDbSun
  3
SCENEOE
 90
1153
 91
0
280
0
281
0
  0
CLASS
  1
VISUALSTYLE
  2
AcDbVisualStyle
  3
ObjectDBX Classes
 90
4095
 91
0
280
0
281
0
  0
CLASS
  1
MATERIAL
  2
AcDbMaterial
  3
ObjectDBX Classes
 90
1153
 91
0
280
0
281
0
  0
CLASS
  1
SCALE
  2
AcDbScale
  3
ObjectDBX Classes
 90
1153
 91
0
280
0
281
0
  0
CLASS
  1
TABLESTYLE
  2
AcDbTableStyle
  3
ObjectDBX Classes
 90
4095
 91
0
280
0
281
0
  0
CLASS
  1
MLEADERSTYLE
  2
AcDbMLeaderStyle
  3
ACDB_MLEADERSTYLE_CLASS
 90
4095
 91
0
280
0
281
0
  0
CLASS
  1
DICTIONARYVAR
  2
AcDbDictionaryVar
  3
ObjectDBX Classes
 90
0
 91
0
280
0
281
0
  0
CLASS
  1
CELLSTYLEMAP
  2
AcDbCellStyleMap
  3
ObjectDBX Classes
 90
1152
 91
0
280
0
281
0
  0
CLASS
  1
MENTALRAYRENDERSETTINGS
  2
AcDbMentalRayRenderSettings
  3
SCENEOE
 90
1024
 91
0
280
0
281
0
  0
CLASS
  1
ACDBDETAILVIEWSTYLE
  2
AcDbDetailViewStyle
  3
ObjectDBX Classes
 90
1025
 91
0
280
0
281
0
  0
CLASS
  1
ACDBSECTIONVIEWSTYLE
  2
AcDbSectionViewStyle
  3
ObjectDBX Classes
 90
1025
 91
0
280
0
281
0
  0
CLASS
  1
RASTERVARIABLES
  2
AcDbRasterVariables
  3
ISM
 90
0
 91
0
280
0
281
0
  0
CLASS
  1
LAYOUT
  2
AcDbLayout
  3
ObjectDBX Classes
 90
0
 91
0
280
0
281
0
  0
CLASS
  1
ACDBPLACEHOLDER
  2
AcDbPlaceHolder
  3
ObjectDBX Classes
 90
0
 91
0
280
0
281
0
  0
ENDSEC
  0
SECTION
  2
TABLES
  0
TABLE
  2
VPORT
  5
8
330
0
100
AcDbSymbolTable
 70
1
  0
VPORT
  5
23
330
8
100
AcDbSymbolTableRecord
100
AcDbViewportTableRecord
  2
*Active
 70
0
 10
0.0
 20
0.0
 11
1.0
 21
1.0
 12
0.0
 22
0.0
 13
0.0
 23
0.0
 14
0.5
 24
0.5
 15
0.5
 25
0.5
 16
0.0
 26
0.0
 36
1.0
 17
0.0
 27
0.0
 37
0.0
 40
1000.0
 41
1.34
 42
50.0
 43
0.0
 44
0.0
 50
0.0
 51
0.0
 71
0
 72
1000
 73
1
 74
3
 75
0
 76
0
 77
0
 78
0
281
0
 65
0
146
0.0
  0
ENDTAB
  0
TABLE
  2
LTYPE
  5
2
330
0
100
AcDbSymbolTable
 70
3
  0
LTYPE
  5
24
330
2
100
AcDbSymbolTableRecord
100
AcDbLinetypeTableRecord
  2
ByBlock
 70
0
  3

 72
65
 73
0
 40
0.0
  0
LTYPE
  5
25
330
2
100
AcDbSymbolTableRecord
100
AcDbLinetypeTableRecord
  2
ByLayer
 70
0
  3

 72
65
 73
0
 40
0.0
  0
LTYPE
  5
26
330
2
100
AcDbSymbolTableRecord
100
AcDbLinetypeTableRecord
  2
Continuous
 70
0
  3

 72
65
 73
0
 40
0.0
  0
ENDTAB
  0
TABLE
  2
LAYER
  5
1
330
0
100
AcDbSymbolTable
 70
6
  0
LAYER
  5
27
330
1
100
AcDbSymbolTableRecord
100
AcDbLayerTableRecord
  2
0
 70
0
 62
7
  6
Continuous
370
-3
390
13
347
21
  0
LAYER
  5
28
330
1
100
AcDbSymbolTableRecord
100
AcDbLayerTableRecord
  2
Defpoints
 70
0
 62
7
  6
Continuous
290
0
370
-3
390
13
347
21
  0
LAYER
  5
2F
330
1
100
AcDbSymbolTableRecord
100
AcDbLayerTableRecord
  2
LINES
 70
0
 62
7
  6
Continuous
370
-3
390
13
347
21
  0
LAYER
  5
30
330
1
100
AcDbSymbolTableRecord
100
AcDbLayerTableRecord
  2
RECTS
 70
0
 62
7
  6
Continuous
370
-3
390
13
347
21
  0
LAYER
  5
31
330
1
100
AcDbSymbolTableRecord
100
AcDbLayerTableRecord
  2
TEXTS
 70
0
 62
3
  6
Continuous
370
-3
390
13
347
21
  0
LAYER
  5
32
330
1
100
AcDbSymbolTableRecord
100
AcDbLayerTableRecord
  2
POLYLINES
 70
0
 62
4
  6
Continuous
370
-3
390
13
347
21
  0
ENDTAB
  0
TABLE
  2
STYLE
  5
5
330
0
100
AcDbSymbolTable
 70
1
  0
STYLE
  5
29
330
5
100
AcDbSymbolTableRecord
100
AcDbTextStyleTableRecord
  2
Standard
 70
0
 40
0.0
 41
1.0
 50
0.0
 71
0
 42
2.5
  3
txt
  4

  0
ENDTAB
  0
TABLE
  2
VIEW
  5
7
330
0
100
AcDbSymbolTable
 70
0
  0
ENDTAB
  0
TABLE
  2
UCS
  5
6
330
0
100
AcDbSymbolTable
 70
0
  0
ENDTAB
  0
TABLE
  2
APPID
  5
3
330
0
100
AcDbSymbolTable
 70
3
  0
APPID
  5
2A
330
3
100
AcDbSymbolTableRecord
100
AcDbRegAppTableRecord
  2
ACAD
 70
0
  0
APPID
  5
B55
330
3
100
AcDbSymbolTableRecord
100
AcDbRegAppTableRecord
  2
HATCHBACKGROUNDCOLOR
 70
0
  0
APPID
  5
B56
330
3
100
AcDbSymbolTableRecord
100
AcDbRegAppTableRecord
  2
EZDXF
 70
0
  0
ENDTAB
  0
TABLE
  2
DIMSTYLE
  5
4
330
0
100
AcDbSymbolTable
 70
1
100
AcDbDimStyleTable
  0
DIMSTYLE
105
2B
330
4
100
AcDbSymbolTableRecord
100
AcDbDimStyleTableRecord
  2
Standard
 70
0
 40
1.0
 41
2.5
 42
0.625
 43
3.75
 44
1.25
 45
0.0
 46
0.0
 47
0.0
 48
0.0
 49
2.5
140
2.5
141
2.5
142
0.0
143
0.03937007874
144
1.0
145
0.0
146
1.0
147
0.625
148
0.0
 69
0
 70
0
 71
0
 72
0
 73
0
 74
0
 75
0
 76
0
 77
1
 78
8
 79
3
170
0
171
3
172
1
173
0
174
0
175
0
176
0
177
0
178
0
179
2
271
2
272
2
273
2
274
3
275
0
276
0
277
2
278
44
279
0
280
0
281
0
282
0
283
0
284
8
285
0
286
0
288
0
289
3
290
0
371
-2
372
-2
  0
ENDTAB
  0
TABLE
  2
BLOCK_RECORD
  5
9
330
0
100
AcDbSymbolTable
 70
2
  0
BLOCK_RECORD
  5
17
330
9
100
AcDbSymbolTableRecord
100
AcDbBlockTableRecord
  2
*Model_Space
340
1A
 70
0
280
1
281
0
  0
BLOCK_RECORD
  5
1B
330
9
100
AcDbSymbolTableRecord
100
AcDbBlockTableRecord
  2
*Paper_Space
340
1E
 70
0
280
1
281
0
  0
ENDTAB
  0
ENDSEC
  0
SECTION
  2
BLOCKS
  0
BLOCK
  5
18
330
17
100
AcDbEntity
  8
0
100
AcDbBlockBegin
  2
*Model_Space
 70
0
 10
0.0
 20
0.0
 30
0.0
  3
*Model_Space
  1

  0
ENDBLK
  5
19
330
17
100
AcDbEntity
  8
0
100
AcDbBlockEnd
  0
BLOCK
  5
1C
330
1B
100
AcDbEntity
  8
0
100
AcDbBlockBegin
  2
*Paper_Space
 70
0
 10
0.0
 20
0.0
 30
0.0
  3
*Paper_Space
  1

  0
ENDBLK
  5
1D
330
1B
100
AcDbEntity
  8
0
100
AcDbBlockEnd
  0
ENDSEC
  0
SECTION
  2
ENTITIES
  0
LINE
  5
33
330
17
100
AcDbEntity
  8
LINES
100
AcDbLine
 10
518.83
 20
762.34
 30
0.0
 11
518.83
 21
770.83
 31
0.0
  0
LINE
  5
34
330
17
100
AcDbEntity
  8
LINES
100
AcDbLine
 10
182.15
 20
140.83
 30
0.0
 11
168.33
 21
140.83
 31
0.0
  0
LINE
  5
35
330
17
100
AcDbEntity
  8
LINES
100
AcDbLine
 10
182.15
 20
137.09
 30
0.0
 11
168.33
 21
137.09
 31
0.0
  0
LINE
  5
36
330
17
100
AcDbEntity
  8
LINES
100
AcDbLine
 10
182.15
 20
144.58
 30
0.0
 11
175.67
 21
144.58
 31
0.0
  0
LINE
  5
37
330
17
100
AcDbEntity
  8
LINES
100
AcDbLine
 10
182.15
 20
144.58
 30
0.0
 11
182.15
 21
113.33
 31
0.0
  0
LINE
  5
38
330
17
100
AcDbEntity
  8
LINES
100
AcDbLine
 10
526.31
 20
202.32
 30
0.0
 11
526.31
 21
144.58
 31
0.0
  0
LINE
  5
39
330
17
100
AcDbEntity
  8
LINES
100
AcDbLine
 10
526.31
 20
323.42
 30
0.0
 11
526.31
 21
213.84
 31
0.0
  0
LINE
  5
3A
330
17
100
AcDbEntity
  8
LINES
100
AcDbLine
 10
526.31
 20
778.32
 30
0.0
 11
526.31
 21
758.74
 31
0.0
  0
LINE
  5
3B
330
17
100
AcDbEntity
  8
LINES
100
AcDbLine
 10
518.83
 20
770.83
 30
0.0
 11
518.83
 21
758.74
 31
0.0
  0
LINE
  5
3C
330
17
100
AcDbEntity
  8
LINES
100
AcDbLine
 10
526.31
 20
720.43
 30
0.0
 11
526.31
 21
716.83
 31
0.0
  0
LINE
  5
3D
330
17
100
AcDbEntity
  8
LINES
100
AcDbLine
 10
526.31
 20
343.87
 30
0.0
 11
526.31
 21
334.94
 31
0.0
  0
LINE
  5
3E
330
17
100
AcDbEntity
  8
LINES
100
AcDbLine
 10
526.31
 20
137.09
 30
0.0
 11
196.84
 21
137.09
 31
0.0
  0
LINE
  5
3F
330
17
100
AcDbEntity
  8
LINES
100
AcDbLine
 10
175.67
 20
770.83
 30
0.0
 11
175.67
 21
144.58
 31
0.0
  0
LINE
  5
40
330
17
100
AcDbEntity
  8
LINES
100
AcDbLine
 10
168.33
 20
137.09
 30
0.0
 11
168.33
 21
778.32
 31
0.0
  0
LINE
  5
41
330
17
100
AcDbEntity
  8
LINES
100
AcDbLine
 10
522.57
 20
720.43
 30
0.0
 11
522.57
 21
335.52
 31
0.0
  0
LINE
  5
42
330
17
100
AcDbEntity
  8
LINES
100
AcDbLine
 10
526.31
 20
778.32
 30
0.0
 11
168.33
 21
778.32
 31
0.0
  0
LINE
  5
43
330
17
100
AcDbEntity
  8
LINES
100
AcDbLine
 10
518.83
 20
770.83
 30
0.0
 11
175.67
 21
770.83
 31
0.0
  0
LINE
  5
44
330
17
100
AcDbEntity
  8
LINES
100
AcDbLine
 10
522.57
 20
343.87
 30
0.0
 11
522.57
 21
140.83
 31
0.0
  0
LINE
  5
45
330
17
100
AcDbEntity
  8
LINES
100
AcDbLine
 10
522.57
 20
774.58
 30
0.0
 11
522.57
 21
758.74
 31
0.0
  0
LINE
  5
46
330
17
100
AcDbEntity
  8
LINES
100
AcDbLine
 10
294.62
 20
761.04
 30
0.0
 11
296.78
 21
761.76
 31
0.0
  0
LINE
  5
47
330
17
100
AcDbEntity
  8
LINES
100
AcDbLine
 10
295.19
 20
761.04
 30
0.0
 11
295.91
 21
760.18
 31
0.0
  0
LINE
  5
48
330
17
100
AcDbEntity
  8
LINES
100
AcDbLine
 10
297.64
 20
761.33
 30
0.0
 11
300.38
 21
762.05
 31
0.0
  0
LINE
  5
49
330
17
100
AcDbEntity
  8
LINES
100
AcDbLine
 10
298.22
 20
761.33
 30
0.0
 11
299.08
 21
760.46
 31
0.0
  0
LINE
  5
4A
330
17
100
AcDbEntity
  8
LINES
100
AcDbLine
 10
295.19
 20
758.02
 30
0.0
 11
297.64
 21
758.59
 31
0.0
  0
LINE
  5
4B
330
17
100
AcDbEntity
  8
LINES
100
AcDbLine
 10
297.64
 20
757.44
 30
0.0
 11
295.19
 21
757.01
 31
0.0
  0
LINE
  5
4C
330
17
100
AcDbEntity
  8
LINES
100
AcDbLine
 10
302.54
 20
759.17
 30
0.0
 11
305.85
 21
759.74
 31
0.0
  0
LINE
  5
4D
330
17
100
AcDbEntity
  8
LINES
100
AcDbLine
 10
518.83
 20
720.43
 30
0.0
 11
518.83
 21
364.9
 31
0.0
  0
LINE
  5
4E
330
17
100
AcDbEntity
  8
LINES
100
AcDbLine
 10
518.83
 20
758.74
 30
0.0
 11
548.2
 21
758.74
 31
0.0
  0
LINE
  5
4F
330
17
100
AcDbEntity
  8
LINES
100
AcDbLine
 10
518.83
 20
720.43
 30
0.0
 11
548.2
 21
720.43
 31
0.0
  0
LINE
  5
50
330
17
100
AcDbEntity
  8
LINES
100
AcDbLine
 10
172.07
 20
140.83
 30
0.0
 11
172.07
 21
475.92
 31
0.0
  0
LINE
  5
51
330
17
100
AcDbEntity
  8
LINES
100
AcDbLine
 10
526.31
 20
140.83
 30
0.0
 11
197.27
 21
140.54
 31
0.0
  0
LINE
  5
52
330
17
100
AcDbEntity
  8
LINES
100
AcDbLine
 10
172.07
 20
774.58
 30
0.0
 11
172.07
 21
475.92
 31
0.0
  0
LINE
  5
53
330
17
100
AcDbEntity
  8
LINES
100
AcDbLine
 10
522.57
 20
774.58
 30
0.0
 11
384.04
 21
774.58
 31
0.0
  0
LINE
  5
54
330
17
100
AcDbEntity
  8
LINES
100
AcDbLine
 10
350.2
 20
774.58
 30
0.0
 11
344.44
 21
774.58
 31
0.0
  0
LINE
  5
55
330
17
100
AcDbEntity
  8
LINES
100
AcDbLine
 10
310.46
 20
774.58
 30
0.0
 11
172.07
 21
774.58
 31
0.0
  0
LINE
  5
56
330
17
100
AcDbEntity
  8
LINES
100
AcDbLine
 10
516.38
 20
774.58
 30
0.0
 11
503.27
 21
774.58
 31
0.0
  0
LINE
  5
57
330
17
100
AcDbEntity
  8
LINES
100
AcDbLine
 10
526.31
 20
720.43
 30
0.0
 11
526.31
 21
334.94
 31
0.0
  0
LINE
  5
58
330
17
100
AcDbEntity
  8
LINES
100
AcDbLine
 10
526.31
 20
343.87
 30
0.0
 11
526.31
 21
137.09
 31
0.0
  0
LINE
  5
59
330
17
100
AcDbEntity
  8
LINES
100
AcDbLine
 10
370.94
 20
686.02
 30
0.0
 11
388.07
 21
686.02
 31
0.0
  0
LINE
  5
5A
330
17
100
AcDbEntity
  8
LINES
100
AcDbLine
 10
210.09
 20
669.17
 30
0.0
 11
216.28
 21
669.17
 31
0.0
  0
LINE
  5
5B
330
17
100
AcDbEntity
  8
LINES
100
AcDbLine
 10
223.05
 20
687.89
 30
0.0
 11
223.05
 21
705.74
 31
0.0
  0
LINE
  5
5C
330
17
100
AcDbEntity
  8
LINES
100
AcDbLine
 10
220.89
 20
686.02
 30
0.0
 11
206.2
 21
686.02
 31
0.0
  0
LINE
  5
5D
330
17
100
AcDbEntity
  8
LINES
100
AcDbLine
 10
220.89
 20
669.17
 30
0.0
 11
206.2
 21
669.17
 31
0.0
  0
LINE
  5
5E
330
17
100
AcDbEntity
  8
LINES
100
AcDbLine
 10
209.66
 20
693.22
 30
0.0
 11
209.66
 21
700.27
 31
0.0
  0
LINE
  5
5F
330
17
100
AcDbEntity
  8
LINES
100
AcDbLine
 10
209.66
 20
686.02
 30
0.0
 11
209.66
 21
669.17
 31
0.0
  0
LINE
  5
60
330
17
100
AcDbEntity
  8
LINES
100
AcDbLine
 10
471.74
 20
683.57
 30
0.0
 11
223.05
 21
683.57
 31
0.0
  0
LINE
  5
61
330
17
100
AcDbEntity
  8
LINES
100
AcDbLine
 10
216.43
 20
669.17
 30
0.0
 11
206.2
 21
669.17
 31
0.0
  0
LINE
  5
62
330
17
100
AcDbEntity
  8
LINES
100
AcDbLine
 10
216.43
 20
640.94
 30
0.0
 11
206.2
 21
640.94
 31
0.0
  0
LINE
  5
63
330
17
100
AcDbEntity
  8
LINES
100
AcDbLine
 10
209.66
 20
662.11
 30
0.0
 11
209.66
 21
647.86
 31
0.0
  0
LINE
  5
64
330
17
100
AcDbEntity
  8
LINES
100
AcDbLine
 10
207.93
 20
644.98
 30
0.0
 11
207.93
 21
647.28
 31
0.0
  0
LINE
  5
65
330
17
100
AcDbEntity
  8
LINES
100
AcDbLine
 10
471.74
 20
687.89
 30
0.0
 11
471.74
 21
705.74
 31
0.0
  0
LINE
  5
66
330
17
100
AcDbEntity
  8
LINES
100
AcDbLine
 10
353.66
 20
638.06
 30
0.0
 11
353.37
 21
638.21
 31
0.0
  0
LINE
  5
67
330
17
100
AcDbEntity
  8
LINES
100
AcDbLine
 10
353.66
 20
637.49
 30
0.0
 11
352.79
 21
638.21
 31
0.0
  0
LINE
  5
68
330
17
100
AcDbEntity
  8
LINES
100
AcDbLine
 10
353.66
 20
637.06
 30
0.0
 11
352.51
 21
638.21
 31
0.0
  0
LINE
  5
69
330
17
100
AcDbEntity
  8
LINES
100
AcDbLine
 10
353.66
 20
636.48
 30
0.0
 11
351.93
 21
638.21
 31
0.0
  0
LINE
  5
6A
330
17
100
AcDbEntity
  8
LINES
100
AcDbLine
 10
353.66
 20
635.9
 30
0.0
 11
351.35
 21
638.21
 31
0.0
  0
LINE
  5
6B
330
17
100
AcDbEntity
  8
LINES
100
AcDbLine
 10
353.66
 20
635.62
 30
0.0
 11
350.78
 21
638.21
 31
0.0
  0
LINE
  5
6C
330
17
100
AcDbEntity
  8
LINES
100
AcDbLine
 10
353.66
 20
635.04
 30
0.0
 11
350.35
 21
638.21
 31
0.0
  0
LINE
  5
6D
330
17
100
AcDbEntity
  8
LINES
100
AcDbLine
 10
353.66
 20
634.46
 30
0.0
 11
349.91
 21
638.21
 31
0.0
  0
LINE
  5
6E
330
17
100
AcDbEntity
  8
LINES
100
AcDbLine
 10
353.66
 20
634.03
 30
0.0
 11
349.48
 21
638.21
 31
0.0
  0
LINE
  5
6F
330
17
100
AcDbEntity
  8
LINES
100
AcDbLine
 10
353.66
 20
633.46
 30
0.0
 11
348.91
 21
638.21
 31
0.0
  0
LINE
  5
70
330
17
100
AcDbEntity
  8
LINES
100
AcDbLine
 10
353.66
 20
633.17
 30
0.0
 11
348.33
 21
638.21
 31
0.0
  0
LINE
  5
71
330
17
100
AcDbEntity
  8
LINES
100
AcDbLine
 10
353.66
 20
632.59
 30
0.0
 11
347.75
 21
638.21
 31
0.0
  0
LINE
  5
72
330
17
100
AcDbEntity
  8
LINES
100
AcDbLine
 10
353.66
 20
632.02
 30
0.0
 11
347.47
 21
638.21
 31
0.0
  0
LINE
  5
73
330
17
100
AcDbEntity
  8
LINES
100
AcDbLine
 10
353.66
 20
631.44
 30
0.0
 11
346.89
 21
638.21
 31
0.0
  0
LINE
  5
74
330
17
100
AcDbEntity
  8
LINES
100
AcDbLine
 10
353.66
 20
631.01
 30
0.0
 11
346.46
 21
638.21
 31
0.0
  0
LINE
  5
75
330
17
100
AcDbEntity
  8
LINES
100
AcDbLine
 10
353.66
 20
630.58
 30
0.0
 11
345.88
 21
638.21
 31
0.0
  0
LINE
  5
76
330
17
100
AcDbEntity
  8
LINES
100
AcDbLine
 10
353.66
 20
630.14
 30
0.0
 11
345.31
 21
638.21
 31
0.0
  0
LINE
  5
77
330
17
100
AcDbEntity
  8
LINES
100
AcDbLine
 10
353.66
 20
629.57
 30
0.0
 11
344.87
 21
638.21
 31
0.0
  0
LINE
  5
78
330
17
100
AcDbEntity
  8
LINES
100
AcDbLine
 10
353.66
 20
628.99
 30
0.0
 11
344.44
 21
638.21
 31
0.0
  0
LINE
  5
79
330
17
100
AcDbEntity
  8
LINES
100
AcDbLine
 10
353.66
 20
628.42
 30
0.0
 11
343.87
 21
638.21
 31
0.0
  0
LINE
  5
7A
330
17
100
AcDbEntity
  8
LINES
100
AcDbLine
 10
353.66
 20
627.98
 30
0.0
 11
343.43
 21
638.21
 31
0.0
  0
LINE
  5
7B
330
17
100
AcDbEntity
  8
LINES
100
AcDbLine
 10
353.66
 20
627.55
 30
0.0
 11
342.86
 21
638.21
 31
0.0
  0
LINE
  5
7C
330
17
100
AcDbEntity
  8
LINES
100
AcDbLine
 10
353.66
 20
627.12
 30
0.0
 11
342.28
 21
638.21
 31
0.0
  0
LINE
  5
7D
330
17
100
AcDbEntity
  8
LINES
100
AcDbLine
 10
353.51
 20
626.69
 30
0.0
 11
341.99
 21
638.21
 31
0.0
  0
LINE
  5
7E
330
17
100
AcDbEntity
  8
LINES
100
AcDbLine
 10
352.94
 20
626.69
 30
0.0
 11
341.42
 21
638.21
 31
0.0
  0
LINE
  5
7F
330
17
100
AcDbEntity
  8
LINES
100
AcDbLine
 10
352.51
 20
626.69
 30
0.0
 11
340.84
 21
638.21
 31
0.0
  0
LINE
  5
80
330
17
100
AcDbEntity
  8
LINES
100
AcDbLine
 10
352.07
 20
626.69
 30
0.0
 11
340.41
 21
638.21
 31
0.0
  0
LINE
  5
81
330
17
100
AcDbEntity
  8
LINES
100
AcDbLine
 10
351.5
 20
626.69
 30
0.0
 11
339.98
 21
638.06
 31
0.0
  0
LINE
  5
82
330
17
100
AcDbEntity
  8
LINES
100
AcDbLine
 10
351.07
 20
626.69
 30
0.0
 11
339.98
 21
637.78
 31
0.0
  0
LINE
  5
83
330
17
100
AcDbEntity
  8
LINES
100
AcDbLine
 10
350.49
 20
626.69
 30
0.0
 11
339.98
 21
637.2
 31
0.0
  0
LINE
  5
84
330
17
100
AcDbEntity
  8
LINES
100
AcDbLine
 10
349.91
 20
626.69
 30
0.0
 11
339.98
 21
636.62
 31
0.0
  0
LINE
  5
85
330
17
100
AcDbEntity
  8
LINES
100
AcDbLine
 10
349.63
 20
626.69
 30
0.0
 11
339.98
 21
636.19
 31
0.0
  0
LINE
  5
86
330
17
100
AcDbEntity
  8
LINES
100
AcDbLine
 10
349.05
 20
626.69
 30
0.0
 11
339.98
 21
635.62
 31
0.0
  0
LINE
  5
87
330
17
100
AcDbEntity
  8
LINES
100
AcDbLine
 10
348.47
 20
626.69
 30
0.0
 11
339.98
 21
635.04
 31
0.0
  0
LINE
  5
88
330
17
100
AcDbEntity
  8
LINES
100
AcDbLine
 10
348.04
 20
626.69
 30
0.0
 11
339.98
 21
634.75
 31
0.0
  0
LINE
  5
89
330
17
100
AcDbEntity
  8
LINES
100
AcDbLine
 10
347.47
 20
626.69
 30
0.0
 11
339.98
 21
634.18
 31
0.0
  0
LINE
  5
8A
330
17
100
AcDbEntity
  8
LINES
100
AcDbLine
 10
347.18
 20
626.69
 30
0.0
 11
339.98
 21
633.6
 31
0.0
  0
LINE
  5
8B
330
17
100
AcDbEntity
  8
LINES
100
AcDbLine
 10
346.6
 20
626.69
 30
0.0
 11
339.98
 21
633.17
 31
0.0
  0
LINE
  5
8C
330
17
100
AcDbEntity
  8
LINES
100
AcDbLine
 10
346.03
 20
626.69
 30
0.0
 11
339.98
 21
632.59
 31
0.0
  0
LINE
  5
8D
330
17
100
AcDbEntity
  8
LINES
100
AcDbLine
 10
345.45
 20
626.69
 30
0.0
 11
339.98
 21
632.16
 31
0.0
  0
LINE
  5
8E
330
17
100
AcDbEntity
  8
LINES
100
AcDbLine
 10
345.02
 20
626.69
 30
0.0
 11
339.98
 21
631.73
 31
0.0
  0
LINE
  5
8F
330
17
100
AcDbEntity
  8
LINES
100
AcDbLine
 10
344.59
 20
626.69
 30
0.0
 11
339.98
 21
631.15
 31
0.0
  0
LINE
  5
90
330
17
100
AcDbEntity
  8
LINES
100
AcDbLine
 10
344.15
 20
626.69
 30
0.0
 11
339.98
 21
630.58
 31
0.0
  0
LINE
  5
91
330
17
100
AcDbEntity
  8
LINES
100
AcDbLine
 10
343.58
 20
626.69
 30
0.0
 11
339.98
 21
630.14
 31
0.0
  0
LINE
  5
92
330
17
100
AcDbEntity
  8
LINES
100
AcDbLine
 10
343.0
 20
626.69
 30
0.0
 11
339.98
 21
629.71
 31
0.0
  0
LINE
  5
93
330
17
100
AcDbEntity
  8
LINES
100
AcDbLine
 10
342.43
 20
626.69
 30
0.0
 11
339.98
 21
629.14
 31
0.0
  0
LINE
  5
94
330
17
100
AcDbEntity
  8
LINES
100
AcDbLine
 10
341.99
 20
626.69
 30
0.0
 11
339.98
 21
628.7
 31
0.0
  0
LINE
  5
95
330
17
100
AcDbEntity
  8
LINES
100
AcDbLine
 10
341.56
 20
626.69
 30
0.0
 11
339.98
 21
628.13
 31
0.0
  0
LINE
  5
96
330
17
100
AcDbEntity
  8
LINES
100
AcDbLine
 10
341.13
 20
626.69
 30
0.0
 11
339.98
 21
627.55
 31
0.0
  0
LINE
  5
97
330
17
100
AcDbEntity
  8
LINES
100
AcDbLine
 10
340.55
 20
626.69
 30
0.0
 11
339.98
 21
627.12
 31
0.0
  0
LINE
  5
98
330
17
100
AcDbEntity
  8
LINES
100
AcDbLine
 10
336.09
 20
626.54
 30
0.0
 11
223.05
 21
626.54
 31
0.0
  0
LINE
  5
99
330
17
100
AcDbEntity
  8
LINES
100
AcDbLine
 10
220.89
 20
640.94
 30
0.0
 11
206.2
 21
640.94
 31
0.0
  0
LINE
  5
9A
330
17
100
AcDbEntity
  8
LINES
100
AcDbLine
 10
209.66
 20
640.94
 30
0.0
 11
209.66
 21
623.81
 31
0.0
  0
LINE
  5
9B
330
17
100
AcDbEntity
  8
LINES
100
AcDbLine
 10
208.94
 20
623.81
 30
0.0
 11
215.27
 21
623.81
 31
0.0
  0
LINE
  5
9C
330
17
100
AcDbEntity
  8
LINES
100
AcDbLine
 10
219.88
 20
623.81
 30
0.0
 11
205.05
 21
623.81
 31
0.0
  0
LINE
  5
9D
330
17
100
AcDbEntity
  8
LINES
100
AcDbLine
 10
210.09
 20
623.81
 30
0.0
 11
216.28
 21
623.81
 31
0.0
  0
LINE
  5
9E
330
17
100
AcDbEntity
  8
LINES
100
AcDbLine
 10
219.16
 20
623.81
 30
0.0
 11
206.35
 21
623.81
 31
0.0
  0
LINE
  5
9F
330
17
100
AcDbEntity
  8
LINES
100
AcDbLine
 10
219.16
 20
578.74
 30
0.0
 11
206.35
 21
578.74
 31
0.0
  0
LINE
  5
A0
330
17
100
AcDbEntity
  8
LINES
100
AcDbLine
 10
209.66
 20
616.9
 30
0.0
 11
209.66
 21
585.79
 31
0.0
  0
LINE
  5
A1
330
17
100
AcDbEntity
  8
LINES
100
AcDbLine
 10
208.07
 20
590.83
 30
0.0
 11
208.07
 21
593.14
 31
0.0
  0
LINE
  5
A2
330
17
100
AcDbEntity
  8
LINES
100
AcDbLine
 10
471.74
 20
576.14
 30
0.0
 11
223.05
 21
576.14
 31
0.0
  0
LINE
  5
A3
330
17
100
AcDbEntity
  8
LINES
100
AcDbLine
 10
210.09
 20
561.74
 30
0.0
 11
216.28
 21
561.74
 31
0.0
  0
LINE
  5
A4
330
17
100
AcDbEntity
  8
LINES
100
AcDbLine
 10
209.66
 20
568.8
 30
0.0
 11
209.66
 21
575.86
 31
0.0
  0
LINE
  5
A5
330
17
100
AcDbEntity
  8
LINES
100
AcDbLine
 10
209.66
 20
578.74
 30
0.0
 11
209.66
 21
561.74
 31
0.0
  0
LINE
  5
A6
330
17
100
AcDbEntity
  8
LINES
100
AcDbLine
 10
216.43
 20
561.74
 30
0.0
 11
206.2
 21
561.74
 31
0.0
  0
LINE
  5
A7
330
17
100
AcDbEntity
  8
LINES
100
AcDbLine
 10
216.43
 20
533.52
 30
0.0
 11
206.2
 21
533.52
 31
0.0
  0
LINE
  5
A8
330
17
100
AcDbEntity
  8
LINES
100
AcDbLine
 10
209.66
 20
554.69
 30
0.0
 11
209.66
 21
540.43
 31
0.0
  0
LINE
  5
A9
330
17
100
AcDbEntity
  8
LINES
100
AcDbLine
 10
207.93
 20
537.7
 30
0.0
 11
207.93
 21
540.0
 31
0.0
  0
LINE
  5
AA
330
17
100
AcDbEntity
  8
LINES
100
AcDbLine
 10
220.89
 20
533.52
 30
0.0
 11
206.2
 21
533.52
 31
0.0
  0
LINE
  5
AB
330
17
100
AcDbEntity
  8
LINES
100
AcDbLine
 10
209.66
 20
533.52
 30
0.0
 11
209.66
 21
516.53
 31
0.0
  0
LINE
  5
AC
330
17
100
AcDbEntity
  8
LINES
100
AcDbLine
 10
208.94
 20
516.53
 30
0.0
 11
215.27
 21
516.53
 31
0.0
  0
LINE
  5
AD
330
17
100
AcDbEntity
  8
LINES
100
AcDbLine
 10
219.88
 20
516.53
 30
0.0
 11
205.05
 21
516.53
 31
0.0
  0
LINE
  5
AE
330
17
100
AcDbEntity
  8
LINES
100
AcDbLine
 10
210.09
 20
516.53
 30
0.0
 11
216.28
 21
516.53
 31
0.0
  0
LINE
  5
AF
330
17
100
AcDbEntity
  8
LINES
100
AcDbLine
 10
219.16
 20
516.53
 30
0.0
 11
206.35
 21
516.53
 31
0.0
  0
LINE
  5
B0
330
17
100
AcDbEntity
  8
LINES
100
AcDbLine
 10
219.16
 20
471.31
 30
0.0
 11
206.35
 21
471.31
 31
0.0
  0
LINE
  5
B1
330
17
100
AcDbEntity
  8
LINES
100
AcDbLine
 10
209.66
 20
509.33
 30
0.0
 11
209.66
 21
478.22
 31
0.0
  0
LINE
  5
B2
330
17
100
AcDbEntity
  8
LINES
100
AcDbLine
 10
208.07
 20
483.26
 30
0.0
 11
208.07
 21
485.71
 31
0.0
  0
LINE
  5
B3
330
17
100
AcDbEntity
  8
LINES
100
AcDbLine
 10
471.74
 20
518.98
 30
0.0
 11
358.7
 21
518.98
 31
0.0
  0
LINE
  5
B4
330
17
100
AcDbEntity
  8
LINES
100
AcDbLine
 10
336.09
 20
518.98
 30
0.0
 11
223.05
 21
518.98
 31
0.0
  0
LINE
  5
B5
330
17
100
AcDbEntity
  8
LINES
100
AcDbLine
 10
449.13
 20
518.98
 30
0.0
 11
336.09
 21
518.98
 31
0.0
  0
LINE
  5
B6
330
17
100
AcDbEntity
  8
LINES
100
AcDbLine
 10
353.66
 20
468.43
 30
0.0
 11
353.37
 21
468.72
 31
0.0
  0
LINE
  5
B7
330
17
100
AcDbEntity
  8
LINES
100
AcDbLine
 10
353.66
 20
468.0
 30
0.0
 11
352.79
 21
468.72
 31
0.0
  0
LINE
  5
B8
330
17
100
AcDbEntity
  8
LINES
100
AcDbLine
 10
353.66
 20
467.42
 30
0.0
 11
352.51
 21
468.72
 31
0.0
  0
LINE
  5
B9
330
17
100
AcDbEntity
  8
LINES
100
AcDbLine
 10
353.66
 20
466.85
 30
0.0
 11
351.93
 21
468.72
 31
0.0
  0
LINE
  5
BA
330
17
100
AcDbEntity
  8
LINES
100
AcDbLine
 10
353.66
 20
466.42
 30
0.0
 11
351.35
 21
468.72
 31
0.0
  0
LINE
  5
BB
330
17
100
AcDbEntity
  8
LINES
100
AcDbLine
 10
353.66
 20
465.98
 30
0.0
 11
350.78
 21
468.72
 31
0.0
  0
LINE
  5
BC
330
17
100
AcDbEntity
  8
LINES
100
AcDbLine
 10
353.66
 20
465.41
 30
0.0
 11
350.35
 21
468.72
 31
0.0
  0
LINE
  5
BD
330
17
100
AcDbEntity
  8
LINES
100
AcDbLine
 10
353.66
 20
464.98
 30
0.0
 11
349.91
 21
468.72
 31
0.0
  0
LINE
  5
BE
330
17
100
AcDbEntity
  8
LINES
100
AcDbLine
 10
353.66
 20
464.4
 30
0.0
 11
349.48
 21
468.72
 31
0.0
  0
LINE
  5
BF
330
17
100
AcDbEntity
  8
LINES
100
AcDbLine
 10
353.66
 20
463.82
 30
0.0
 11
348.91
 21
468.72
 31
0.0
  0
LINE
  5
C0
330
17
100
AcDbEntity
  8
LINES
100
AcDbLine
 10
353.66
 20
463.54
 30
0.0
 11
348.33
 21
468.72
 31
0.0
  0
LINE
  5
C1
330
17
100
AcDbEntity
  8
LINES
100
AcDbLine
 10
353.66
 20
462.96
 30
0.0
 11
347.75
 21
468.72
 31
0.0
  0
LINE
  5
C2
330
17
100
AcDbEntity
  8
LINES
100
AcDbLine
 10
353.66
 20
462.38
 30
0.0
 11
347.47
 21
468.72
 31
0.0
  0
LINE
  5
C3
330
17
100
AcDbEntity
  8
LINES
100
AcDbLine
 10
353.66
 20
461.95
 30
0.0
 11
346.89
 21
468.72
 31
0.0
  0
LINE
  5
C4
330
17
100
AcDbEntity
  8
LINES
100
AcDbLine
 10
353.66
 20
461.38
 30
0.0
 11
346.46
 21
468.72
 31
0.0
  0
LINE
  5
C5
330
17
100
AcDbEntity
  8
LINES
100
AcDbLine
 10
353.66
 20
460.94
 30
0.0
 11
345.88
 21
468.72
 31
0.0
  0
LINE
  5
C6
330
17
100
AcDbEntity
  8
LINES
100
AcDbLine
 10
353.66
 20
460.51
 30
0.0
 11
345.31
 21
468.72
 31
0.0
  0
LINE
  5
C7
330
17
100
AcDbEntity
  8
LINES
100
AcDbLine
 10
353.66
 20
459.94
 30
0.0
 11
344.87
 21
468.72
 31
0.0
  0
LINE
  5
C8
330
17
100
AcDbEntity
  8
LINES
100
AcDbLine
 10
353.66
 20
459.36
 30
0.0
 11
344.44
 21
468.72
 31
0.0
  0
LINE
  5
C9
330
17
100
AcDbEntity
  8
LINES
100
AcDbLine
 10
353.66
 20
458.93
 30
0.0
 11
343.87
 21
468.72
 31
0.0
  0
LINE
  5
CA
330
17
100
AcDbEntity
  8
LINES
100
AcDbLine
 10
353.66
 20
458.35
 30
0.0
 11
343.43
 21
468.72
 31
0.0
  0
LINE
  5
CB
330
17
100
AcDbEntity
  8
LINES
100
AcDbLine
 10
353.66
 20
458.06
 30
0.0
 11
342.86
 21
468.72
 31
0.0
  0
LINE
  5
CC
330
17
100
AcDbEntity
  8
LINES
100
AcDbLine
 10
353.66
 20
457.49
 30
0.0
 11
342.28
 21
468.72
 31
0.0
  0
LINE
  5
CD
330
17
100
AcDbEntity
  8
LINES
100
AcDbLine
 10
353.51
 20
457.06
 30
0.0
 11
341.99
 21
468.72
 31
0.0
  0
LINE
  5
CE
330
17
100
AcDbEntity
  8
LINES
100
AcDbLine
 10
352.94
 20
457.06
 30
0.0
 11
341.42
 21
468.72
 31
0.0
  0
LINE
  5
CF
330
17
100
AcDbEntity
  8
LINES
100
AcDbLine
 10
352.51
 20
457.06
 30
0.0
 11
340.84
 21
468.72
 31
0.0
  0
LINE
  5
D0
330
17
100
AcDbEntity
  8
LINES
100
AcDbLine
 10
352.07
 20
457.06
 30
0.0
 11
340.41
 21
468.72
 31
0.0
  0
LINE
  5
D1
330
17
100
AcDbEntity
  8
LINES
100
AcDbLine
 10
351.5
 20
457.06
 30
0.0
 11
339.98
 21
468.43
 31
0.0
  0
LINE
  5
D2
330
17
100
AcDbEntity
  8
LINES
100
AcDbLine
 10
351.07
 20
457.06
 30
0.0
 11
339.98
 21
468.14
 31
0.0
  0
LINE
  5
D3
330
17
100
AcDbEntity
  8
LINES
100
AcDbLine
 10
350.49
 20
457.06
 30
0.0
 11
339.98
 21
467.57
 31
0.0
  0
LINE
  5
D4
330
17
100
AcDbEntity
  8
LINES
100
AcDbLine
 10
349.91
 20
457.06
 30
0.0
 11
339.98
 21
466.99
 31
0.0
  0
LINE
  5
D5
330
17
100
AcDbEntity
  8
LINES
100
AcDbLine
 10
349.63
 20
457.06
 30
0.0
 11
339.98
 21
466.56
 31
0.0
  0
LINE
  5
D6
330
17
100
AcDbEntity
  8
LINES
100
AcDbLine
 10
349.05
 20
457.06
 30
0.0
 11
339.98
 21
465.98
 31
0.0
  0
LINE
  5
D7
330
17
100
AcDbEntity
  8
LINES
100
AcDbLine
 10
348.47
 20
457.06
 30
0.0
 11
339.98
 21
465.41
 31
0.0
  0
LINE
  5
D8
330
17
100
AcDbEntity
  8
LINES
100
AcDbLine
 10
348.04
 20
457.06
 30
0.0
 11
339.98
 21
465.12
 31
0.0
  0
LINE
  5
D9
330
17
100
AcDbEntity
  8
LINES
100
AcDbLine
 10
347.47
 20
457.06
 30
0.0
 11
339.98
 21
464.54
 31
0.0
  0
LINE
  5
DA
330
17
100
AcDbEntity
  8
LINES
100
AcDbLine
 10
347.18
 20
457.06
 30
0.0
 11
339.98
 21
463.97
 31
0.0
  0
LINE
  5
DB
330
17
100
AcDbEntity
  8
LINES
100
AcDbLine
 10
346.6
 20
457.06
 30
0.0
 11
339.98
 21
463.54
 31
0.0
  0
LINE
  5
DC
330
17
100
AcDbEntity
  8
LINES
100
AcDbLine
 10
346.03
 20
457.06
 30
0.0
 11
339.98
 21
462.96
 31
0.0
  0
LINE
  5
DD
330
17
100
AcDbEntity
  8
LINES
100
AcDbLine
 10
345.45
 20
457.06
 30
0.0
 11
339.98
 21
462.67
 31
0.0
  0
LINE
  5
DE
330
17
100
AcDbEntity
  8
LINES
100
AcDbLine
 10
345.02
 20
457.06
 30
0.0
 11
339.98
 21
462.1
 31
0.0
  0
LINE
  5
DF
330
17
100
AcDbEntity
  8
LINES
100
AcDbLine
 10
344.59
 20
457.06
 30
0.0
 11
339.98
 21
461.52
 31
0.0
  0
LINE
  5
E0
330
17
100
AcDbEntity
  8
LINES
100
AcDbLine
 10
344.15
 20
457.06
 30
0.0
 11
339.98
 21
460.94
 31
0.0
  0
LINE
  5
E1
330
17
100
AcDbEntity
  8
LINES
100
AcDbLine
 10
343.58
 20
457.06
 30
0.0
 11
339.98
 21
460.51
 31
0.0
  0
LINE
  5
E2
330
17
100
AcDbEntity
  8
LINES
100
AcDbLine
 10
343.0
 20
457.06
 30
0.0
 11
339.98
 21
460.08
 31
0.0
  0
LINE
  5
E3
330
17
100
AcDbEntity
  8
LINES
100
AcDbLine
 10
342.43
 20
457.06
 30
0.0
 11
339.98
 21
459.65
 31
0.0
  0
LINE
  5
E4
330
17
100
AcDbEntity
  8
LINES
100
AcDbLine
 10
341.99
 20
457.06
 30
0.0
 11
339.98
 21
459.07
 31
0.0
  0
LINE
  5
E5
330
17
100
AcDbEntity
  8
LINES
100
AcDbLine
 10
341.56
 20
457.06
 30
0.0
 11
339.98
 21
458.5
 31
0.0
  0
LINE
  5
E6
330
17
100
AcDbEntity
  8
LINES
100
AcDbLine
 10
341.13
 20
457.06
 30
0.0
 11
339.98
 21
458.06
 31
0.0
  0
LINE
  5
E7
330
17
100
AcDbEntity
  8
LINES
100
AcDbLine
 10
340.55
 20
457.06
 30
0.0
 11
339.98
 21
457.49
 31
0.0
  0
LINE
  5
E8
330
17
100
AcDbEntity
  8
LINES
100
AcDbLine
 10
471.74
 20
468.72
 30
0.0
 11
358.7
 21
468.72
 31
0.0
  0
LINE
  5
E9
330
17
100
AcDbEntity
  8
LINES
100
AcDbLine
 10
336.09
 20
468.72
 30
0.0
 11
223.05
 21
468.72
 31
0.0
  0
LINE
  5
EA
330
17
100
AcDbEntity
  8
LINES
100
AcDbLine
 10
210.09
 20
454.32
 30
0.0
 11
216.28
 21
454.32
 31
0.0
  0
LINE
  5
EB
330
17
100
AcDbEntity
  8
LINES
100
AcDbLine
 10
209.66
 20
461.38
 30
0.0
 11
209.66
 21
468.43
 31
0.0
  0
LINE
  5
EC
330
17
100
AcDbEntity
  8
LINES
100
AcDbLine
 10
209.66
 20
471.31
 30
0.0
 11
209.66
 21
454.32
 31
0.0
  0
LINE
  5
ED
330
17
100
AcDbEntity
  8
LINES
100
AcDbLine
 10
216.43
 20
454.32
 30
0.0
 11
206.2
 21
454.32
 31
0.0
  0
LINE
  5
EE
330
17
100
AcDbEntity
  8
LINES
100
AcDbLine
 10
216.43
 20
425.95
 30
0.0
 11
206.2
 21
425.95
 31
0.0
  0
LINE
  5
EF
330
17
100
AcDbEntity
  8
LINES
100
AcDbLine
 10
209.66
 20
447.26
 30
0.0
 11
209.66
 21
433.15
 31
0.0
  0
LINE
  5
F0
330
17
100
AcDbEntity
  8
LINES
100
AcDbLine
 10
207.93
 20
430.27
 30
0.0
 11
207.93
 21
432.58
 31
0.0
  0
LINE
  5
F1
330
17
100
AcDbEntity
  8
LINES
100
AcDbLine
 10
220.89
 20
425.95
 30
0.0
 11
206.2
 21
425.95
 31
0.0
  0
LINE
  5
F2
330
17
100
AcDbEntity
  8
LINES
100
AcDbLine
 10
209.66
 20
425.95
 30
0.0
 11
209.66
 21
409.1
 31
0.0
  0
LINE
  5
F3
330
17
100
AcDbEntity
  8
LINES
100
AcDbLine
 10
208.94
 20
409.1
 30
0.0
 11
215.27
 21
409.1
 31
0.0
  0
LINE
  5
F4
330
17
100
AcDbEntity
  8
LINES
100
AcDbLine
 10
219.88
 20
409.1
 30
0.0
 11
205.05
 21
409.1
 31
0.0
  0
LINE
  5
F5
330
17
100
AcDbEntity
  8
LINES
100
AcDbLine
 10
210.09
 20
409.1
 30
0.0
 11
216.28
 21
409.1
 31
0.0
  0
LINE
  5
F6
330
17
100
AcDbEntity
  8
LINES
100
AcDbLine
 10
219.16
 20
409.1
 30
0.0
 11
206.35
 21
409.1
 31
0.0
  0
LINE
  5
F7
330
17
100
AcDbEntity
  8
LINES
100
AcDbLine
 10
219.16
 20
363.89
 30
0.0
 11
206.35
 21
363.89
 31
0.0
  0
LINE
  5
F8
330
17
100
AcDbEntity
  8
LINES
100
AcDbLine
 10
209.66
 20
402.05
 30
0.0
 11
209.66
 21
370.94
 31
0.0
  0
LINE
  5
F9
330
17
100
AcDbEntity
  8
LINES
100
AcDbLine
 10
208.07
 20
375.84
 30
0.0
 11
208.07
 21
378.14
 31
0.0
  0
LINE
  5
FA
330
17
100
AcDbEntity
  8
LINES
100
AcDbLine
 10
471.74
 20
411.55
 30
0.0
 11
358.7
 21
411.55
 31
0.0
  0
LINE
  5
FB
330
17
100
AcDbEntity
  8
LINES
100
AcDbLine
 10
336.09
 20
411.55
 30
0.0
 11
223.05
 21
411.55
 31
0.0
  0
LINE
  5
FC
330
17
100
AcDbEntity
  8
LINES
100
AcDbLine
 10
449.13
 20
411.55
 30
0.0
 11
336.09
 21
411.55
 31
0.0
  0
LINE
  5
FD
330
17
100
AcDbEntity
  8
LINES
100
AcDbLine
 10
370.94
 20
363.89
 30
0.0
 11
388.07
 21
363.89
 31
0.0
  0
LINE
  5
FE
330
17
100
AcDbEntity
  8
LINES
100
AcDbLine
 10
471.74
 20
361.3
 30
0.0
 11
223.05
 21
361.3
 31
0.0
  0
LINE
  5
FF
330
17
100
AcDbEntity
  8
LINES
100
AcDbLine
 10
353.66
 20
315.79
 30
0.0
 11
353.37
 21
316.08
 31
0.0
  0
LINE
  5
100
330
17
100
AcDbEntity
  8
LINES
100
AcDbLine
 10
353.66
 20
315.22
 30
0.0
 11
352.79
 21
316.08
 31
0.0
  0
LINE
  5
101
330
17
100
AcDbEntity
  8
LINES
100
AcDbLine
 10
353.66
 20
314.64
 30
0.0
 11
352.51
 21
316.08
 31
0.0
  0
LINE
  5
102
330
17
100
AcDbEntity
  8
LINES
100
AcDbLine
 10
353.66
 20
314.35
 30
0.0
 11
351.93
 21
316.08
 31
0.0
  0
LINE
  5
103
330
17
100
AcDbEntity
  8
LINES
100
AcDbLine
 10
353.66
 20
313.78
 30
0.0
 11
351.35
 21
316.08
 31
0.0
  0
LINE
  5
104
330
17
100
AcDbEntity
  8
LINES
100
AcDbLine
 10
353.66
 20
313.34
 30
0.0
 11
350.78
 21
316.08
 31
0.0
  0
LINE
  5
105
330
17
100
AcDbEntity
  8
LINES
100
AcDbLine
 10
353.66
 20
312.77
 30
0.0
 11
350.35
 21
316.08
 31
0.0
  0
LINE
  5
106
330
17
100
AcDbEntity
  8
LINES
100
AcDbLine
 10
353.66
 20
312.19
 30
0.0
 11
349.91
 21
316.08
 31
0.0
  0
LINE
  5
107
330
17
100
AcDbEntity
  8
LINES
100
AcDbLine
 10
353.66
 20
311.9
 30
0.0
 11
349.48
 21
316.08
 31
0.0
  0
LINE
  5
108
330
17
100
AcDbEntity
  8
LINES
100
AcDbLine
 10
353.66
 20
311.33
 30
0.0
 11
348.91
 21
316.08
 31
0.0
  0
LINE
  5
109
330
17
100
AcDbEntity
  8
LINES
100
AcDbLine
 10
353.66
 20
310.75
 30
0.0
 11
348.33
 21
316.08
 31
0.0
  0
LINE
  5
10A
330
17
100
AcDbEntity
  8
LINES
100
AcDbLine
 10
353.66
 20
310.32
 30
0.0
 11
347.75
 21
316.08
 31
0.0
  0
LINE
  5
10B
330
17
100
AcDbEntity
  8
LINES
100
AcDbLine
 10
353.66
 20
309.74
 30
0.0
 11
347.47
 21
316.08
 31
0.0
  0
LINE
  5
10C
330
17
100
AcDbEntity
  8
LINES
100
AcDbLine
 10
353.66
 20
309.31
 30
0.0
 11
346.89
 21
316.08
 31
0.0
  0
LINE
  5
10D
330
17
100
AcDbEntity
  8
LINES
100
AcDbLine
 10
353.66
 20
308.88
 30
0.0
 11
346.46
 21
316.08
 31
0.0
  0
LINE
  5
10E
330
17
100
AcDbEntity
  8
LINES
100
AcDbLine
 10
353.66
 20
308.3
 30
0.0
 11
345.88
 21
316.08
 31
0.0
  0
LINE
  5
10F
330
17
100
AcDbEntity
  8
LINES
100
AcDbLine
 10
353.66
 20
307.73
 30
0.0
 11
345.31
 21
316.08
 31
0.0
  0
LINE
  5
110
330
17
100
AcDbEntity
  8
LINES
100
AcDbLine
 10
353.66
 20
307.3
 30
0.0
 11
344.87
 21
316.08
 31
0.0
  0
LINE
  5
111
330
17
100
AcDbEntity
  8
LINES
100
AcDbLine
 10
353.66
 20
306.72
 30
0.0
 11
344.44
 21
316.08
 31
0.0
  0
LINE
  5
112
330
17
100
AcDbEntity
  8
LINES
100
AcDbLine
 10
353.66
 20
306.29
 30
0.0
 11
343.87
 21
316.08
 31
0.0
  0
LINE
  5
113
330
17
100
AcDbEntity
  8
LINES
100
AcDbLine
 10
353.66
 20
305.86
 30
0.0
 11
343.43
 21
316.08
 31
0.0
  0
LINE
  5
114
330
17
100
AcDbEntity
  8
LINES
100
AcDbLine
 10
353.66
 20
305.28
 30
0.0
 11
342.86
 21
316.08
 31
0.0
  0
LINE
  5
115
330
17
100
AcDbEntity
  8
LINES
100
AcDbLine
 10
353.66
 20
304.7
 30
0.0
 11
342.28
 21
316.08
 31
0.0
  0
LINE
  5
116
330
17
100
AcDbEntity
  8
LINES
100
AcDbLine
 10
353.51
 20
304.42
 30
0.0
 11
341.99
 21
316.08
 31
0.0
  0
LINE
  5
117
330
17
100
AcDbEntity
  8
LINES
100
AcDbLine
 10
352.94
 20
304.42
 30
0.0
 11
341.42
 21
316.08
 31
0.0
  0
LINE
  5
118
330
17
100
AcDbEntity
  8
LINES
100
AcDbLine
 10
352.51
 20
304.42
 30
0.0
 11
340.84
 21
316.08
 31
0.0
  0
LINE
  5
119
330
17
100
AcDbEntity
  8
LINES
100
AcDbLine
 10
352.07
 20
304.42
 30
0.0
 11
340.41
 21
316.08
 31
0.0
  0
LINE
  5
11A
330
17
100
AcDbEntity
  8
LINES
100
AcDbLine
 10
351.5
 20
304.42
 30
0.0
 11
339.98
 21
315.94
 31
0.0
  0
LINE
  5
11B
330
17
100
AcDbEntity
  8
LINES
100
AcDbLine
 10
351.07
 20
304.42
 30
0.0
 11
339.98
 21
315.36
 31
0.0
  0
LINE
  5
11C
330
17
100
AcDbEntity
  8
LINES
100
AcDbLine
 10
350.49
 20
304.42
 30
0.0
 11
339.98
 21
314.93
 31
0.0
  0
LINE
  5
11D
330
17
100
AcDbEntity
  8
LINES
100
AcDbLine
 10
349.91
 20
304.42
 30
0.0
 11
339.98
 21
314.35
 31
0.0
  0
LINE
  5
11E
330
17
100
AcDbEntity
  8
LINES
100
AcDbLine
 10
349.63
 20
304.42
 30
0.0
 11
339.98
 21
313.78
 31
0.0
  0
LINE
  5
11F
330
17
100
AcDbEntity
  8
LINES
100
AcDbLine
 10
349.05
 20
304.42
 30
0.0
 11
339.98
 21
313.49
 31
0.0
  0
LINE
  5
120
330
17
100
AcDbEntity
  8
LINES
100
AcDbLine
 10
348.47
 20
304.42
 30
0.0
 11
339.98
 21
312.91
 31
0.0
  0
LINE
  5
121
330
17
100
AcDbEntity
  8
LINES
100
AcDbLine
 10
348.04
 20
304.42
 30
0.0
 11
339.98
 21
312.34
 31
0.0
  0
LINE
  5
122
330
17
100
AcDbEntity
  8
LINES
100
AcDbLine
 10
347.47
 20
304.42
 30
0.0
 11
339.98
 21
311.9
 31
0.0
  0
LINE
  5
123
330
17
100
AcDbEntity
  8
LINES
100
AcDbLine
 10
347.18
 20
304.42
 30
0.0
 11
339.98
 21
311.33
 31
0.0
  0
LINE
  5
124
330
17
100
AcDbEntity
  8
LINES
100
AcDbLine
 10
346.6
 20
304.42
 30
0.0
 11
339.98
 21
311.04
 31
0.0
  0
LINE
  5
125
330
17
100
AcDbEntity
  8
LINES
100
AcDbLine
 10
346.03
 20
304.42
 30
0.0
 11
339.98
 21
310.46
 31
0.0
  0
LINE
  5
126
330
17
100
AcDbEntity
  8
LINES
100
AcDbLine
 10
345.45
 20
304.42
 30
0.0
 11
339.98
 21
309.89
 31
0.0
  0
LINE
  5
127
330
17
100
AcDbEntity
  8
LINES
100
AcDbLine
 10
345.02
 20
304.42
 30
0.0
 11
339.98
 21
309.31
 31
0.0
  0
LINE
  5
128
330
17
100
AcDbEntity
  8
LINES
100
AcDbLine
 10
344.59
 20
304.42
 30
0.0
 11
339.98
 21
308.88
 31
0.0
  0
LINE
  5
129
330
17
100
AcDbEntity
  8
LINES
100
AcDbLine
 10
344.15
 20
304.42
 30
0.0
 11
339.98
 21
308.45
 31
0.0
  0
LINE
  5
12A
330
17
100
AcDbEntity
  8
LINES
100
AcDbLine
 10
343.58
 20
304.42
 30
0.0
 11
339.98
 21
308.02
 31
0.0
  0
LINE
  5
12B
330
17
100
AcDbEntity
  8
LINES
100
AcDbLine
 10
343.0
 20
304.42
 30
0.0
 11
339.98
 21
307.44
 31
0.0
  0
LINE
  5
12C
330
17
100
AcDbEntity
  8
LINES
100
AcDbLine
 10
342.43
 20
304.42
 30
0.0
 11
339.98
 21
306.86
 31
0.0
  0
LINE
  5
12D
330
17
100
AcDbEntity
  8
LINES
100
AcDbLine
 10
341.99
 20
304.42
 30
0.0
 11
339.98
 21
306.29
 31
0.0
  0
LINE
  5
12E
330
17
100
AcDbEntity
  8
LINES
100
AcDbLine
 10
341.56
 20
304.42
 30
0.0
 11
339.98
 21
306.0
 31
0.0
  0
LINE
  5
12F
330
17
100
AcDbEntity
  8
LINES
100
AcDbLine
 10
341.13
 20
304.42
 30
0.0
 11
339.98
 21
305.42
 31
0.0
  0
LINE
  5
130
330
17
100
AcDbEntity
  8
LINES
100
AcDbLine
 10
340.55
 20
304.42
 30
0.0
 11
339.98
 21
304.99
 31
0.0
  0
LINE
  5
131
330
17
100
AcDbEntity
  8
LINES
100
AcDbLine
 10
471.74
 20
304.27
 30
0.0
 11
358.7
 21
304.27
 31
0.0
  0
LINE
  5
132
330
17
100
AcDbEntity
  8
LINES
100
AcDbLine
 10
336.09
 20
304.27
 30
0.0
 11
223.05
 21
304.27
 31
0.0
  0
LINE
  5
133
330
17
100
AcDbEntity
  8
LINES
100
AcDbLine
 10
210.09
 20
346.9
 30
0.0
 11
216.28
 21
346.9
 31
0.0
  0
LINE
  5
134
330
17
100
AcDbEntity
  8
LINES
100
AcDbLine
 10
209.66
 20
353.95
 30
0.0
 11
209.66
 21
361.15
 31
0.0
  0
LINE
  5
135
330
17
100
AcDbEntity
  8
LINES
100
AcDbLine
 10
209.66
 20
363.89
 30
0.0
 11
209.66
 21
346.9
 31
0.0
  0
LINE
  5
136
330
17
100
AcDbEntity
  8
LINES
100
AcDbLine
 10
216.43
 20
346.9
 30
0.0
 11
206.2
 21
346.9
 31
0.0
  0
LINE
  5
137
330
17
100
AcDbEntity
  8
LINES
100
AcDbLine
 10
216.43
 20
318.67
 30
0.0
 11
206.2
 21
318.67
 31
0.0
  0
LINE
  5
138
330
17
100
AcDbEntity
  8
LINES
100
AcDbLine
 10
209.66
 20
339.84
 30
0.0
 11
209.66
 21
325.73
 31
0.0
  0
LINE
  5
139
330
17
100
AcDbEntity
  8
LINES
100
AcDbLine
 10
207.93
 20
322.7
 30
0.0
 11
207.93
 21
325.15
 31
0.0
  0
LINE
  5
13A
330
17
100
AcDbEntity
  8
LINES
100
AcDbLine
 10
220.89
 20
318.67
 30
0.0
 11
206.2
 21
318.67
 31
0.0
  0
LINE
  5
13B
330
17
100
AcDbEntity
  8
LINES
100
AcDbLine
 10
209.66
 20
318.67
 30
0.0
 11
209.66
 21
301.68
 31
0.0
  0
LINE
  5
13C
330
17
100
AcDbEntity
  8
LINES
100
AcDbLine
 10
208.94
 20
301.68
 30
0.0
 11
215.27
 21
301.68
 31
0.0
  0
LINE
  5
13D
330
17
100
AcDbEntity
  8
LINES
100
AcDbLine
 10
219.88
 20
301.68
 30
0.0
 11
205.05
 21
301.68
 31
0.0
  0
LINE
  5
13E
330
17
100
AcDbEntity
  8
LINES
100
AcDbLine
 10
210.09
 20
301.68
 30
0.0
 11
216.28
 21
301.68
 31
0.0
  0
LINE
  5
13F
330
17
100
AcDbEntity
  8
LINES
100
AcDbLine
 10
219.16
 20
301.68
 30
0.0
 11
206.35
 21
301.68
 31
0.0
  0
LINE
  5
140
330
17
100
AcDbEntity
  8
LINES
100
AcDbLine
 10
219.16
 20
256.46
 30
0.0
 11
206.35
 21
256.46
 31
0.0
  0
LINE
  5
141
330
17
100
AcDbEntity
  8
LINES
100
AcDbLine
 10
209.66
 20
294.62
 30
0.0
 11
209.66
 21
263.52
 31
0.0
  0
LINE
  5
142
330
17
100
AcDbEntity
  8
LINES
100
AcDbLine
 10
208.07
 20
268.42
 30
0.0
 11
208.07
 21
270.86
 31
0.0
  0
LINE
  5
143
330
17
100
AcDbEntity
  8
LINES
100
AcDbLine
 10
471.02
 20
253.87
 30
0.0
 11
223.05
 21
253.87
 31
0.0
  0
LINE
  5
144
330
17
100
AcDbEntity
  8
LINES
100
AcDbLine
 10
471.74
 20
196.85
 30
0.0
 11
223.63
 21
196.85
 31
0.0
  0
LINE
  5
145
330
17
100
AcDbEntity
  8
LINES
100
AcDbLine
 10
210.09
 20
239.47
 30
0.0
 11
216.28
 21
239.47
 31
0.0
  0
LINE
  5
146
330
17
100
AcDbEntity
  8
LINES
100
AcDbLine
 10
209.66
 20
246.67
 30
0.0
 11
209.66
 21
253.58
 31
0.0
  0
LINE
  5
147
330
17
100
AcDbEntity
  8
LINES
100
AcDbLine
 10
209.66
 20
256.46
 30
0.0
 11
209.66
 21
239.47
 31
0.0
  0
LINE
  5
148
330
17
100
AcDbEntity
  8
LINES
100
AcDbLine
 10
216.43
 20
239.47
 30
0.0
 11
206.2
 21
239.47
 31
0.0
  0
LINE
  5
149
330
17
100
AcDbEntity
  8
LINES
100
AcDbLine
 10
216.43
 20
211.25
 30
0.0
 11
206.2
 21
211.25
 31
0.0
  0
LINE
  5
14A
330
17
100
AcDbEntity
  8
LINES
100
AcDbLine
 10
209.66
 20
232.42
 30
0.0
 11
209.66
 21
218.3
 31
0.0
  0
LINE
  5
14B
330
17
100
AcDbEntity
  8
LINES
100
AcDbLine
 10
207.93
 20
215.28
 30
0.0
 11
207.93
 21
217.58
 31
0.0
  0
LINE
  5
14C
330
17
100
AcDbEntity
  8
LINES
100
AcDbLine
 10
220.89
 20
211.25
 30
0.0
 11
206.2
 21
211.25
 31
0.0
  0
LINE
  5
14D
330
17
100
AcDbEntity
  8
LINES
100
AcDbLine
 10
209.66
 20
211.25
 30
0.0
 11
209.66
 21
194.4
 31
0.0
  0
LINE
  5
14E
330
17
100
AcDbEntity
  8
LINES
100
AcDbLine
 10
208.94
 20
194.4
 30
0.0
 11
215.27
 21
194.4
 31
0.0
  0
LINE
  5
14F
330
17
100
AcDbEntity
  8
LINES
100
AcDbLine
 10
219.88
 20
194.4
 30
0.0
 11
205.05
 21
194.4
 31
0.0
  0
LINE
  5
150
330
17
100
AcDbEntity
  8
LINES
100
AcDbLine
 10
210.09
 20
194.4
 30
0.0
 11
216.28
 21
194.4
 31
0.0
  0
LINE
  5
151
330
17
100
AcDbEntity
  8
LINES
100
AcDbLine
 10
219.16
 20
194.4
 30
0.0
 11
206.35
 21
194.4
 31
0.0
  0
LINE
  5
152
330
17
100
AcDbEntity
  8
LINES
100
AcDbLine
 10
471.74
 20
622.08
 30
0.0
 11
471.74
 21
607.97
 31
0.0
  0
LINE
  5
153
330
17
100
AcDbEntity
  8
LINES
100
AcDbLine
 10
358.7
 20
622.08
 30
0.0
 11
358.7
 21
607.97
 31
0.0
  0
LINE
  5
154
330
17
100
AcDbEntity
  8
LINES
100
AcDbLine
 10
464.83
 20
611.42
 30
0.0
 11
365.75
 21
611.42
 31
0.0
  0
LINE
  5
155
330
17
100
AcDbEntity
  8
LINES
100
AcDbLine
 10
391.24
 20
613.15
 30
0.0
 11
395.85
 21
618.05
 31
0.0
  0
LINE
  5
156
330
17
100
AcDbEntity
  8
LINES
100
AcDbLine
 10
391.24
 20
618.05
 30
0.0
 11
395.85
 21
613.15
 31
0.0
  0
LINE
  5
157
330
17
100
AcDbEntity
  8
LINES
100
AcDbLine
 10
417.02
 20
618.05
 30
0.0
 11
421.77
 21
618.05
 31
0.0
  0
LINE
  5
158
330
17
100
AcDbEntity
  8
LINES
100
AcDbLine
 10
421.77
 20
615.74
 30
0.0
 11
417.02
 21
615.74
 31
0.0
  0
LINE
  5
159
330
17
100
AcDbEntity
  8
LINES
100
AcDbLine
 10
336.09
 20
622.08
 30
0.0
 11
336.09
 21
607.97
 31
0.0
  0
LINE
  5
15A
330
17
100
AcDbEntity
  8
LINES
100
AcDbLine
 10
223.05
 20
622.08
 30
0.0
 11
223.05
 21
607.97
 31
0.0
  0
LINE
  5
15B
330
17
100
AcDbEntity
  8
LINES
100
AcDbLine
 10
329.18
 20
611.42
 30
0.0
 11
230.11
 21
611.42
 31
0.0
  0
LINE
  5
15C
330
17
100
AcDbEntity
  8
LINES
100
AcDbLine
 10
255.59
 20
613.15
 30
0.0
 11
260.2
 21
618.05
 31
0.0
  0
LINE
  5
15D
330
17
100
AcDbEntity
  8
LINES
100
AcDbLine
 10
255.59
 20
618.05
 30
0.0
 11
260.2
 21
613.15
 31
0.0
  0
LINE
  5
15E
330
17
100
AcDbEntity
  8
LINES
100
AcDbLine
 10
281.51
 20
618.05
 30
0.0
 11
286.12
 21
618.05
 31
0.0
  0
LINE
  5
15F
330
17
100
AcDbEntity
  8
LINES
100
AcDbLine
 10
286.12
 20
615.74
 30
0.0
 11
281.51
 21
615.74
 31
0.0
  0
LINE
  5
160
330
17
100
AcDbEntity
  8
LINES
100
AcDbLine
 10
358.7
 20
620.35
 30
0.0
 11
358.7
 21
607.97
 31
0.0
  0
LINE
  5
161
330
17
100
AcDbEntity
  8
LINES
100
AcDbLine
 10
336.09
 20
620.35
 30
0.0
 11
336.09
 21
607.97
 31
0.0
  0
LINE
  5
162
330
17
100
AcDbEntity
  8
LINES
100
AcDbLine
 10
351.79
 20
611.42
 30
0.0
 11
343.15
 21
611.42
 31
0.0
  0
LINE
  5
163
330
17
100
AcDbEntity
  8
LINES
100
AcDbLine
 10
220.6
 20
770.83
 30
0.0
 11
208.51
 21
770.83
 31
0.0
  0
LINE
  5
164
330
17
100
AcDbEntity
  8
LINES
100
AcDbLine
 10
218.15
 20
742.61
 30
0.0
 11
206.2
 21
742.61
 31
0.0
  0
LINE
  5
165
330
17
100
AcDbEntity
  8
LINES
100
AcDbLine
 10
209.66
 20
763.78
 30
0.0
 11
209.66
 21
749.66
 31
0.0
  0
LINE
  5
166
330
17
100
AcDbEntity
  8
LINES
100
AcDbLine
 10
207.93
 20
746.64
 30
0.0
 11
207.93
 21
749.23
 31
0.0
  0
LINE
  5
167
330
17
100
AcDbEntity
  8
LINES
100
AcDbLine
 10
216.43
 20
742.61
 30
0.0
 11
206.2
 21
742.61
 31
0.0
  0
LINE
  5
168
330
17
100
AcDbEntity
  8
LINES
100
AcDbLine
 10
216.43
 20
686.02
 30
0.0
 11
206.2
 21
686.02
 31
0.0
  0
LINE
  5
169
330
17
100
AcDbEntity
  8
LINES
100
AcDbLine
 10
209.66
 20
735.55
 30
0.0
 11
209.66
 21
693.22
 31
0.0
  0
LINE
  5
16A
330
17
100
AcDbEntity
  8
LINES
100
AcDbLine
 10
214.7
 20
194.4
 30
0.0
 11
206.2
 21
194.4
 31
0.0
  0
LINE
  5
16B
330
17
100
AcDbEntity
  8
LINES
100
AcDbLine
 10
214.7
 20
140.54
 30
0.0
 11
206.2
 21
140.54
 31
0.0
  0
LINE
  5
16C
330
17
100
AcDbEntity
  8
LINES
100
AcDbLine
 10
209.66
 20
187.2
 30
0.0
 11
209.66
 21
147.6
 31
0.0
  0
LINE
  5
16D
330
17
100
AcDbEntity
  8
LINES
100
AcDbLine
 10
207.93
 20
156.82
 30
0.0
 11
207.93
 21
159.12
 31
0.0
  0
LINE
  5
16E
330
17
100
AcDbEntity
  8
LINES
100
AcDbLine
 10
223.05
 20
685.44
 30
0.0
 11
223.05
 21
695.81
 31
0.0
  0
LINE
  5
16F
330
17
100
AcDbEntity
  8
LINES
100
AcDbLine
 10
172.07
 20
685.44
 30
0.0
 11
172.07
 21
695.81
 31
0.0
  0
LINE
  5
170
330
17
100
AcDbEntity
  8
LINES
100
AcDbLine
 10
215.85
 20
692.35
 30
0.0
 11
179.13
 21
692.35
 31
0.0
  0
LINE
  5
171
330
17
100
AcDbEntity
  8
LINES
100
AcDbLine
 10
186.91
 20
694.08
 30
0.0
 11
189.21
 21
694.08
 31
0.0
  0
LINE
  5
172
330
17
100
AcDbEntity
  8
LINES
100
AcDbLine
 10
515.51
 20
702.43
 30
0.0
 11
478.79
 21
702.43
 31
0.0
  0
LINE
  5
173
330
17
100
AcDbEntity
  8
LINES
100
AcDbLine
 10
486.43
 20
704.16
 30
0.0
 11
488.87
 21
704.16
 31
0.0
  0
LINE
  5
174
330
17
100
AcDbEntity
  8
LINES
100
AcDbLine
 10
229.39
 20
246.53
 30
0.0
 11
234.14
 21
246.53
 31
0.0
  0
LINE
  5
175
330
17
100
AcDbEntity
  8
LINES
100
AcDbLine
 10
245.8
 20
246.53
 30
0.0
 11
250.41
 21
246.53
 31
0.0
  0
LINE
  5
176
330
17
100
AcDbEntity
  8
LINES
100
AcDbLine
 10
262.65
 20
246.53
 30
0.0
 11
267.4
 21
246.53
 31
0.0
  0
LINE
  5
177
330
17
100
AcDbEntity
  8
LINES
100
AcDbLine
 10
420.19
 20
250.99
 30
0.0
 11
420.19
 21
243.22
 31
0.0
  0
LINE
  5
178
330
17
100
AcDbEntity
  8
LINES
100
AcDbLine
 10
300.38
 20
680.69
 30
0.0
 11
300.38
 21
672.91
 31
0.0
  0
LINE
  5
179
330
17
100
AcDbEntity
  8
LINES
100
AcDbLine
 10
365.47
 20
465.7
 30
0.0
 11
365.47
 21
457.92
 31
0.0
  0
LINE
  5
17A
330
17
100
AcDbEntity
  8
LINES
100
AcDbLine
 10
229.96
 20
465.7
 30
0.0
 11
229.96
 21
457.92
 31
0.0
  0
LINE
  5
17B
330
17
100
AcDbEntity
  8
LINES
100
AcDbLine
 10
235.15
 20
465.7
 30
0.0
 11
235.15
 21
457.92
 31
0.0
  0
LINE
  5
17C
330
17
100
AcDbEntity
  8
LINES
100
AcDbLine
 10
461.08
 20
423.07
 30
0.0
 11
461.08
 21
415.3
 31
0.0
  0
LINE
  5
17D
330
17
100
AcDbEntity
  8
LINES
100
AcDbLine
 10
280.36
 20
573.26
 30
0.0
 11
280.36
 21
565.49
 31
0.0
  0
LINE
  5
17E
330
17
100
AcDbEntity
  8
LINES
100
AcDbLine
 10
417.02
 20
638.06
 30
0.0
 11
417.02
 21
630.29
 31
0.0
  0
LINE
  5
17F
330
17
100
AcDbEntity
  8
LINES
100
AcDbLine
 10
438.47
 20
530.64
 30
0.0
 11
438.47
 21
522.86
 31
0.0
  0
LINE
  5
180
330
17
100
AcDbEntity
  8
LINES
100
AcDbLine
 10
297.93
 20
530.64
 30
0.0
 11
297.93
 21
522.86
 31
0.0
  0
LINE
  5
181
330
17
100
AcDbEntity
  8
LINES
100
AcDbLine
 10
275.9
 20
530.64
 30
0.0
 11
275.9
 21
522.86
 31
0.0
  0
LINE
  5
182
330
17
100
AcDbEntity
  8
LINES
100
AcDbLine
 10
252.71
 20
530.64
 30
0.0
 11
252.71
 21
522.86
 31
0.0
  0
LINE
  5
183
330
17
100
AcDbEntity
  8
LINES
100
AcDbLine
 10
230.11
 20
530.64
 30
0.0
 11
230.11
 21
522.86
 31
0.0
  0
LINE
  5
184
330
17
100
AcDbEntity
  8
LINES
100
AcDbLine
 10
252.57
 20
465.7
 30
0.0
 11
252.57
 21
457.92
 31
0.0
  0
LINE
  5
185
330
17
100
AcDbEntity
  8
LINES
100
AcDbLine
 10
275.18
 20
465.7
 30
0.0
 11
275.18
 21
457.92
 31
0.0
  0
LINE
  5
186
330
17
100
AcDbEntity
  8
LINES
100
AcDbLine
 10
297.79
 20
465.7
 30
0.0
 11
297.79
 21
457.92
 31
0.0
  0
LINE
  5
187
330
17
100
AcDbEntity
  8
LINES
100
AcDbLine
 10
320.25
 20
465.7
 30
0.0
 11
320.25
 21
457.92
 31
0.0
  0
LINE
  5
188
330
17
100
AcDbEntity
  8
LINES
100
AcDbLine
 10
235.29
 20
423.07
 30
0.0
 11
235.29
 21
415.3
 31
0.0
  0
LINE
  5
189
330
17
100
AcDbEntity
  8
LINES
100
AcDbLine
 10
438.33
 20
358.42
 30
0.0
 11
438.33
 21
350.64
 31
0.0
  0
LINE
  5
18A
330
17
100
AcDbEntity
  8
LINES
100
AcDbLine
 10
257.75
 20
315.65
 30
0.0
 11
257.75
 21
307.87
 31
0.0
  0
LINE
  5
18B
330
17
100
AcDbEntity
  8
LINES
100
AcDbLine
 10
358.55
 20
208.37
 30
0.0
 11
358.55
 21
200.59
 31
0.0
  0
LINE
  5
18C
330
17
100
AcDbEntity
  8
LINES
100
AcDbLine
 10
737.42
 20
735.98
 30
0.0
 11
737.13
 21
734.26
 31
0.0
  0
LINE
  5
18D
330
17
100
AcDbEntity
  8
LINES
100
AcDbLine
 10
735.98
 20
735.7
 30
0.0
 11
736.27
 21
734.4
 31
0.0
  0
LINE
  5
18E
330
17
100
AcDbEntity
  8
LINES
100
AcDbLine
 10
737.42
 20
734.26
 30
0.0
 11
737.42
 21
729.07
 31
0.0
  0
LINE
  5
18F
330
17
100
AcDbEntity
  8
LINES
100
AcDbLine
 10
735.26
 20
732.24
 30
0.0
 11
738.71
 21
732.67
 31
0.0
  0
LINE
  5
190
330
17
100
AcDbEntity
  8
LINES
100
AcDbLine
 10
735.55
 20
733.97
 30
0.0
 11
738.14
 21
734.54
 31
0.0
  0
LINE
  5
191
330
17
100
AcDbEntity
  8
LINES
100
AcDbLine
 10
737.71
 20
736.42
 30
0.0
 11
737.85
 21
737.86
 31
0.0
  0
LINE
  5
192
330
17
100
AcDbEntity
  8
LINES
100
AcDbLine
 10
735.4
 20
735.98
 30
0.0
 11
737.99
 21
736.42
 31
0.0
  0
LINE
  5
193
330
17
100
AcDbEntity
  8
LINES
100
AcDbLine
 10
735.4
 20
737.14
 30
0.0
 11
737.71
 21
737.57
 31
0.0
  0
LINE
  5
194
330
17
100
AcDbEntity
  8
LINES
100
AcDbLine
 10
740.87
 20
738.14
 30
0.0
 11
740.87
 21
734.83
 31
0.0
  0
LINE
  5
195
330
17
100
AcDbEntity
  8
LINES
100
AcDbLine
 10
740.87
 20
737.28
 30
0.0
 11
742.89
 21
737.57
 31
0.0
  0
LINE
  5
196
330
17
100
AcDbEntity
  8
LINES
100
AcDbLine
 10
743.03
 20
737.86
 30
0.0
 11
742.89
 21
735.41
 31
0.0
  0
LINE
  5
197
330
17
100
AcDbEntity
  8
LINES
100
AcDbLine
 10
743.03
 20
735.41
 30
0.0
 11
740.87
 21
735.26
 31
0.0
  0
LINE
  5
198
330
17
100
AcDbEntity
  8
LINES
100
AcDbLine
 10
739.58
 20
733.82
 30
0.0
 11
743.9
 21
734.26
 31
0.0
  0
LINE
  5
199
330
17
100
AcDbEntity
  8
LINES
100
AcDbLine
 10
741.16
 20
733.97
 30
0.0
 11
740.87
 21
732.24
 31
0.0
  0
LINE
  5
19A
330
17
100
AcDbEntity
  8
LINES
100
AcDbLine
 10
743.03
 20
732.53
 30
0.0
 11
740.73
 21
732.1
 31
0.0
  0
LINE
  5
19B
330
17
100
AcDbEntity
  8
LINES
100
AcDbLine
 10
885.88
 20
737.71
 30
0.0
 11
883.43
 21
733.97
 31
0.0
  0
LINE
  5
19C
330
17
100
AcDbEntity
  8
LINES
100
AcDbLine
 10
884.87
 20
735.84
 30
0.0
 11
886.75
 21
735.98
 31
0.0
  0
LINE
  5
19D
330
17
100
AcDbEntity
  8
LINES
100
AcDbLine
 10
884.44
 20
732.38
 30
0.0
 11
882.86
 21
730.94
 31
0.0
  0
LINE
  5
19E
330
17
100
AcDbEntity
  8
LINES
100
AcDbLine
 10
884.73
 20
732.67
 30
0.0
 11
884.73
 21
728.78
 31
0.0
  0
LINE
  5
19F
330
17
100
AcDbEntity
  8
LINES
100
AcDbLine
 10
884.73
 20
729.5
 30
0.0
 11
886.75
 21
729.79
 31
0.0
  0
LINE
  5
1A0
330
17
100
AcDbEntity
  8
LINES
100
AcDbLine
 10
886.6
 20
729.79
 30
0.0
 11
886.75
 21
732.53
 31
0.0
  0
LINE
  5
1A1
330
17
100
AcDbEntity
  8
LINES
100
AcDbLine
 10
884.44
 20
735.26
 30
0.0
 11
885.02
 21
733.82
 31
0.0
  0
LINE
  5
1A2
330
17
100
AcDbEntity
  8
LINES
100
AcDbLine
 10
884.73
 20
731.95
 30
0.0
 11
886.75
 21
732.38
 31
0.0
  0
LINE
  5
1A3
330
17
100
AcDbEntity
  8
LINES
100
AcDbLine
 10
896.54
 20
733.97
 30
0.0
 11
897.26
 21
732.82
 31
0.0
  0
LINE
  5
1A4
330
17
100
AcDbEntity
  8
LINES
100
AcDbLine
 10
896.54
 20
736.7
 30
0.0
 11
896.54
 21
728.93
 31
0.0
  0
LINE
  5
1A5
330
17
100
AcDbEntity
  8
LINES
100
AcDbLine
 10
895.39
 20
734.54
 30
0.0
 11
897.4
 21
734.98
 31
0.0
  0
LINE
  5
1A6
330
17
100
AcDbEntity
  8
LINES
100
AcDbLine
 10
897.26
 20
737.71
 30
0.0
 11
895.67
 21
735.98
 31
0.0
  0
LINE
  5
1A7
330
17
100
AcDbEntity
  8
LINES
100
AcDbLine
 10
897.98
 20
735.26
 30
0.0
 11
899.56
 21
735.55
 31
0.0
  0
LINE
  5
1A8
330
17
100
AcDbEntity
  8
LINES
100
AcDbLine
 10
899.85
 20
735.7
 30
0.0
 11
899.27
 21
734.26
 31
0.0
  0
LINE
  5
1A9
330
17
100
AcDbEntity
  8
LINES
100
AcDbLine
 10
897.98
 20
732.96
 30
0.0
 11
897.11
 21
730.37
 31
0.0
  0
LINE
  5
1AA
330
17
100
AcDbEntity
  8
LINES
100
AcDbLine
 10
898.99
 20
732.67
 30
0.0
 11
899.85
 21
730.94
 31
0.0
  0
LINE
  5
1AB
330
17
100
AcDbEntity
  8
LINES
100
AcDbLine
 10
1043.71
 20
738.0
 30
0.0
 11
1043.71
 21
728.78
 31
0.0
  0
LINE
  5
1AC
330
17
100
AcDbEntity
  8
LINES
100
AcDbLine
 10
1041.55
 20
734.98
 30
0.0
 11
1045.87
 21
735.7
 31
0.0
  0
LINE
  5
1AD
330
17
100
AcDbEntity
  8
LINES
100
AcDbLine
 10
1042.7
 20
731.23
 30
0.0
 11
1044.86
 21
731.52
 31
0.0
  0
LINE
  5
1AE
330
17
100
AcDbEntity
  8
LINES
100
AcDbLine
 10
1050.04
 20
732.67
 30
0.0
 11
1049.47
 21
728.78
 31
0.0
  0
LINE
  5
1AF
330
17
100
AcDbEntity
  8
LINES
100
AcDbLine
 10
1050.04
 20
734.83
 30
0.0
 11
1050.91
 21
734.98
 31
0.0
  0
LINE
  5
1B0
330
17
100
AcDbEntity
  8
LINES
100
AcDbLine
 10
1050.04
 20
732.67
 30
0.0
 11
1050.91
 21
732.96
 31
0.0
  0
LINE
  5
1B1
330
17
100
AcDbEntity
  8
LINES
100
AcDbLine
 10
1047.02
 20
735.84
 30
0.0
 11
1049.47
 21
736.42
 31
0.0
  0
LINE
  5
1B2
330
17
100
AcDbEntity
  8
LINES
100
AcDbLine
 10
1047.74
 20
737.86
 30
0.0
 11
1047.74
 21
732.1
 31
0.0
  0
LINE
  5
1B3
330
17
100
AcDbEntity
  8
LINES
100
AcDbLine
 10
1046.73
 20
731.81
 30
0.0
 11
1049.47
 21
732.38
 31
0.0
  0
LINE
  5
1B4
330
17
100
AcDbEntity
  8
LINES
100
AcDbLine
 10
1049.03
 20
738.0
 30
0.0
 11
1048.75
 21
732.24
 31
0.0
  0
LINE
  5
1B5
330
17
100
AcDbEntity
  8
LINES
100
AcDbLine
 10
1047.74
 20
734.69
 30
0.0
 11
1048.75
 21
734.98
 31
0.0
  0
LINE
  5
1B6
330
17
100
AcDbEntity
  8
LINES
100
AcDbLine
 10
1047.74
 20
733.39
 30
0.0
 11
1048.75
 21
733.68
 31
0.0
  0
LINE
  5
1B7
330
17
100
AcDbEntity
  8
LINES
100
AcDbLine
 10
1047.74
 20
731.38
 30
0.0
 11
1046.73
 21
729.07
 31
0.0
  0
LINE
  5
1B8
330
17
100
AcDbEntity
  8
LINES
100
AcDbLine
 10
1048.46
 20
731.52
 30
0.0
 11
1048.89
 21
729.94
 31
0.0
  0
LINE
  5
1B9
330
17
100
AcDbEntity
  8
LINES
100
AcDbLine
 10
1050.04
 20
736.7
 30
0.0
 11
1051.05
 21
736.99
 31
0.0
  0
LINE
  5
1BA
330
17
100
AcDbEntity
  8
LINES
100
AcDbLine
 10
1050.04
 20
737.14
 30
0.0
 11
1050.04
 21
732.53
 31
0.0
  0
LINE
  5
1BB
330
17
100
AcDbEntity
  8
LINES
100
AcDbLine
 10
1052.63
 20
735.98
 30
0.0
 11
1056.09
 21
736.42
 31
0.0
  0
LINE
  5
1BC
330
17
100
AcDbEntity
  8
LINES
100
AcDbLine
 10
1052.06
 20
730.37
 30
0.0
 11
1056.52
 21
730.8
 31
0.0
  0
LINE
  5
1BD
330
17
100
AcDbEntity
  8
LINES
100
AcDbLine
 10
1054.36
 20
736.27
 30
0.0
 11
1054.36
 21
730.51
 31
0.0
  0
LINE
  5
1BE
330
17
100
AcDbEntity
  8
LINES
100
AcDbLine
 10
1058.54
 20
733.97
 30
0.0
 11
1059.26
 21
732.82
 31
0.0
  0
LINE
  5
1BF
330
17
100
AcDbEntity
  8
LINES
100
AcDbLine
 10
1058.54
 20
736.7
 30
0.0
 11
1058.54
 21
728.93
 31
0.0
  0
LINE
  5
1C0
330
17
100
AcDbEntity
  8
LINES
100
AcDbLine
 10
1057.39
 20
734.54
 30
0.0
 11
1059.4
 21
734.98
 31
0.0
  0
LINE
  5
1C1
330
17
100
AcDbEntity
  8
LINES
100
AcDbLine
 10
1059.26
 20
737.71
 30
0.0
 11
1057.67
 21
735.98
 31
0.0
  0
LINE
  5
1C2
330
17
100
AcDbEntity
  8
LINES
100
AcDbLine
 10
1059.83
 20
737.42
 30
0.0
 11
1059.83
 21
734.4
 31
0.0
  0
LINE
  5
1C3
330
17
100
AcDbEntity
  8
LINES
100
AcDbLine
 10
1059.83
 20
736.7
 30
0.0
 11
1061.27
 21
737.14
 31
0.0
  0
LINE
  5
1C4
330
17
100
AcDbEntity
  8
LINES
100
AcDbLine
 10
1061.27
 20
737.42
 30
0.0
 11
1061.13
 21
734.98
 31
0.0
  0
LINE
  5
1C5
330
17
100
AcDbEntity
  8
LINES
100
AcDbLine
 10
1061.27
 20
734.98
 30
0.0
 11
1059.83
 21
734.69
 31
0.0
  0
LINE
  5
1C6
330
17
100
AcDbEntity
  8
LINES
100
AcDbLine
 10
1059.69
 20
733.25
 30
0.0
 11
1061.27
 21
733.54
 31
0.0
  0
LINE
  5
1C7
330
17
100
AcDbEntity
  8
LINES
100
AcDbLine
 10
1060.55
 20
733.39
 30
0.0
 11
1060.55
 21
729.79
 31
0.0
  0
LINE
  5
1C8
330
17
100
AcDbEntity
  8
LINES
100
AcDbLine
 10
1059.83
 20
731.66
 30
0.0
 11
1061.27
 21
731.81
 31
0.0
  0
LINE
  5
1C9
330
17
100
AcDbEntity
  8
LINES
100
AcDbLine
 10
1061.85
 20
729.79
 30
0.0
 11
1058.97
 21
729.5
 31
0.0
  0
LINE
  5
1CA
330
17
100
AcDbEntity
  8
LINES
100
AcDbLine
 10
1063.87
 20
737.71
 30
0.0
 11
1063.87
 21
734.69
 31
0.0
  0
LINE
  5
1CB
330
17
100
AcDbEntity
  8
LINES
100
AcDbLine
 10
1063.87
 20
737.14
 30
0.0
 11
1066.17
 21
737.28
 31
0.0
  0
LINE
  5
1CC
330
17
100
AcDbEntity
  8
LINES
100
AcDbLine
 10
1066.31
 20
737.57
 30
0.0
 11
1066.17
 21
735.26
 31
0.0
  0
LINE
  5
1CD
330
17
100
AcDbEntity
  8
LINES
100
AcDbLine
 10
1066.17
 20
735.26
 30
0.0
 11
1063.87
 21
735.12
 31
0.0
  0
LINE
  5
1CE
330
17
100
AcDbEntity
  8
LINES
100
AcDbLine
 10
1062.57
 20
733.97
 30
0.0
 11
1067.18
 21
734.26
 31
0.0
  0
LINE
  5
1CF
330
17
100
AcDbEntity
  8
LINES
100
AcDbLine
 10
1063.87
 20
733.54
 30
0.0
 11
1063.87
 21
730.8
 31
0.0
  0
LINE
  5
1D0
330
17
100
AcDbEntity
  8
LINES
100
AcDbLine
 10
1063.87
 20
733.1
 30
0.0
 11
1066.17
 21
733.25
 31
0.0
  0
LINE
  5
1D1
330
17
100
AcDbEntity
  8
LINES
100
AcDbLine
 10
1066.31
 20
733.54
 30
0.0
 11
1066.17
 21
731.23
 31
0.0
  0
LINE
  5
1D2
330
17
100
AcDbEntity
  8
LINES
100
AcDbLine
 10
1066.17
 20
731.23
 30
0.0
 11
1063.87
 21
731.09
 31
0.0
  0
LINE
  5
1D3
330
17
100
AcDbEntity
  8
LINES
100
AcDbLine
 10
1065.02
 20
733.1
 30
0.0
 11
1065.02
 21
729.07
 31
0.0
  0
LINE
  5
1D4
330
17
100
AcDbEntity
  8
LINES
100
AcDbLine
 10
1062.86
 20
728.78
 30
0.0
 11
1066.75
 21
729.07
 31
0.0
  0
LINE
  5
1D5
330
17
100
AcDbEntity
  8
LINES
100
AcDbLine
 10
1063.58
 20
730.08
 30
0.0
 11
1066.17
 21
730.22
 31
0.0
  0
LINE
  5
1D6
330
17
100
AcDbEntity
  8
LINES
100
AcDbLine
 10
1064.15
 20
732.1
 30
0.0
 11
1065.74
 21
732.24
 31
0.0
  0
LINE
  5
1D7
330
17
100
AcDbEntity
  8
LINES
100
AcDbLine
 10
1063.87
 20
735.98
 30
0.0
 11
1065.88
 21
736.27
 31
0.0
  0
LINE
  5
1D8
330
17
100
AcDbEntity
  8
LINES
100
AcDbLine
 10
833.75
 20
714.67
 30
0.0
 11
832.75
 21
716.4
 31
0.0
  0
LINE
  5
1D9
330
17
100
AcDbEntity
  8
LINES
100
AcDbLine
 10
830.01
 20
713.66
 30
0.0
 11
831.16
 21
716.4
 31
0.0
  0
LINE
  5
1DA
330
17
100
AcDbEntity
  8
LINES
100
AcDbLine
 10
832.03
 20
717.55
 30
0.0
 11
832.03
 21
714.53
 31
0.0
  0
LINE
  5
1DB
330
17
100
AcDbEntity
  8
LINES
100
AcDbLine
 10
830.87
 20
712.8
 30
0.0
 11
830.87
 21
708.34
 31
0.0
  0
LINE
  5
1DC
330
17
100
AcDbEntity
  8
LINES
100
AcDbLine
 10
832.89
 20
708.34
 30
0.0
 11
833.18
 21
713.23
 31
0.0
  0
LINE
  5
1DD
330
17
100
AcDbEntity
  8
LINES
100
AcDbLine
 10
833.18
 20
713.09
 30
0.0
 11
830.87
 21
712.66
 31
0.0
  0
LINE
  5
1DE
330
17
100
AcDbEntity
  8
LINES
100
AcDbLine
 10
830.87
 20
711.36
 30
0.0
 11
832.75
 21
711.65
 31
0.0
  0
LINE
  5
1DF
330
17
100
AcDbEntity
  8
LINES
100
AcDbLine
 10
830.87
 20
710.06
 30
0.0
 11
832.75
 21
710.35
 31
0.0
  0
LINE
  5
1E0
330
17
100
AcDbEntity
  8
LINES
100
AcDbLine
 10
830.87
 20
708.77
 30
0.0
 11
832.89
 21
709.06
 31
0.0
  0
LINE
  5
1E1
330
17
100
AcDbEntity
  8
LINES
100
AcDbLine
 10
835.34
 20
717.12
 30
0.0
 11
835.34
 21
708.91
 31
0.0
  0
LINE
  5
1E2
330
17
100
AcDbEntity
  8
LINES
100
AcDbLine
 10
835.34
 20
716.4
 30
0.0
 11
838.65
 21
716.83
 31
0.0
  0
LINE
  5
1E3
330
17
100
AcDbEntity
  8
LINES
100
AcDbLine
 10
836.63
 20
715.39
 30
0.0
 11
835.63
 21
711.07
 31
0.0
  0
LINE
  5
1E4
330
17
100
AcDbEntity
  8
LINES
100
AcDbLine
 10
835.91
 20
714.67
 30
0.0
 11
836.78
 21
712.08
 31
0.0
  0
LINE
  5
1E5
330
17
100
AcDbEntity
  8
LINES
100
AcDbLine
 10
838.07
 20
715.68
 30
0.0
 11
836.63
 21
710.64
 31
0.0
  0
LINE
  5
1E6
330
17
100
AcDbEntity
  8
LINES
100
AcDbLine
 10
837.21
 20
714.67
 30
0.0
 11
838.22
 21
711.5
 31
0.0
  0
LINE
  5
1E7
330
17
100
AcDbEntity
  8
LINES
100
AcDbLine
 10
840.67
 20
711.5
 30
0.0
 11
844.55
 21
711.5
 31
0.0
  0
LINE
  5
1E8
330
17
100
AcDbEntity
  8
LINES
100
AcDbLine
 10
856.51
 20
716.54
 30
0.0
 11
859.82
 21
716.98
 31
0.0
  0
LINE
  5
1E9
330
17
100
AcDbEntity
  8
LINES
100
AcDbLine
 10
860.54
 20
713.38
 30
0.0
 11
855.93
 21
712.66
 31
0.0
  0
LINE
  5
1EA
330
17
100
AcDbEntity
  8
LINES
100
AcDbLine
 10
856.94
 20
715.39
 30
0.0
 11
857.37
 21
713.66
 31
0.0
  0
LINE
  5
1EB
330
17
100
AcDbEntity
  8
LINES
100
AcDbLine
 10
858.95
 20
713.52
 30
0.0
 11
859.53
 21
715.82
 31
0.0
  0
LINE
  5
1EC
330
17
100
AcDbEntity
  8
LINES
100
AcDbLine
 10
858.23
 20
716.69
 30
0.0
 11
858.23
 21
708.34
 31
0.0
  0
LINE
  5
1ED
330
17
100
AcDbEntity
  8
LINES
100
AcDbLine
 10
863.13
 20
714.24
 30
0.0
 11
863.42
 21
716.54
 31
0.0
  0
LINE
  5
1EE
330
17
100
AcDbEntity
  8
LINES
100
AcDbLine
 10
865.0
 20
714.53
 30
0.0
 11
861.83
 21
714.1
 31
0.0
  0
LINE
  5
1EF
330
17
100
AcDbEntity
  8
LINES
100
AcDbLine
 10
863.71
 20
713.09
 30
0.0
 11
862.84
 21
712.8
 31
0.0
  0
LINE
  5
1F0
330
17
100
AcDbEntity
  8
LINES
100
AcDbLine
 10
862.84
 20
711.36
 30
0.0
 11
863.71
 21
711.65
 31
0.0
  0
LINE
  5
1F1
330
17
100
AcDbEntity
  8
LINES
100
AcDbLine
 10
863.99
 20
714.24
 30
0.0
 11
863.99
 21
709.63
 31
0.0
  0
LINE
  5
1F2
330
17
100
AcDbEntity
  8
LINES
100
AcDbLine
 10
862.84
 20
714.24
 30
0.0
 11
862.84
 21
709.49
 31
0.0
  0
LINE
  5
1F3
330
17
100
AcDbEntity
  8
LINES
100
AcDbLine
 10
864.86
 20
708.77
 30
0.0
 11
865.15
 21
715.1
 31
0.0
  0
LINE
  5
1F4
330
17
100
AcDbEntity
  8
LINES
100
AcDbLine
 10
861.98
 20
709.34
 30
0.0
 11
864.86
 21
709.78
 31
0.0
  0
LINE
  5
1F5
330
17
100
AcDbEntity
  8
LINES
100
AcDbLine
 10
861.83
 20
714.96
 30
0.0
 11
861.98
 21
708.62
 31
0.0
  0
LINE
  5
1F6
330
17
100
AcDbEntity
  8
LINES
100
AcDbLine
 10
865.58
 20
716.83
 30
0.0
 11
861.26
 21
716.26
 31
0.0
  0
LINE
  5
1F7
330
17
100
AcDbEntity
  8
LINES
100
AcDbLine
 10
867.02
 20
714.67
 30
0.0
 11
870.47
 21
715.1
 31
0.0
  0
LINE
  5
1F8
330
17
100
AcDbEntity
  8
LINES
100
AcDbLine
 10
867.02
 20
715.68
 30
0.0
 11
867.02
 21
711.07
 31
0.0
  0
LINE
  5
1F9
330
17
100
AcDbEntity
  8
LINES
100
AcDbLine
 10
868.75
 20
717.55
 30
0.0
 11
868.75
 21
708.34
 31
0.0
  0
LINE
  5
1FA
330
17
100
AcDbEntity
  8
LINES
100
AcDbLine
 10
870.62
 20
715.39
 30
0.0
 11
870.33
 21
712.22
 31
0.0
  0
LINE
  5
1FB
330
17
100
AcDbEntity
  8
LINES
100
AcDbLine
 10
870.47
 20
712.22
 30
0.0
 11
867.02
 21
711.79
 31
0.0
  0
LINE
  5
1FC
330
17
100
AcDbEntity
  8
LINES
100
AcDbLine
 10
876.23
 20
712.94
 30
0.0
 11
871.77
 21
712.51
 31
0.0
  0
LINE
  5
1FD
330
17
100
AcDbEntity
  8
LINES
100
AcDbLine
 10
871.91
 20
708.48
 30
0.0
 11
873.35
 21
711.65
 31
0.0
  0
LINE
  5
1FE
330
17
100
AcDbEntity
  8
LINES
100
AcDbLine
 10
874.51
 20
711.65
 30
0.0
 11
875.8
 21
708.77
 31
0.0
  0
LINE
  5
1FF
330
17
100
AcDbEntity
  8
LINES
100
AcDbLine
 10
874.51
 20
712.8
 30
0.0
 11
875.51
 21
717.26
 31
0.0
  0
LINE
  5
200
330
17
100
AcDbEntity
  8
LINES
100
AcDbLine
 10
873.64
 20
716.83
 30
0.0
 11
873.93
 21
714.1
 31
0.0
  0
LINE
  5
201
330
17
100
AcDbEntity
  8
LINES
100
AcDbLine
 10
873.21
 20
713.52
 30
0.0
 11
872.35
 21
715.97
 31
0.0
  0
LINE
  5
202
330
17
100
AcDbEntity
  8
LINES
100
AcDbLine
 10
892.07
 20
708.19
 30
0.0
 11
892.07
 21
718.13
 31
0.0
  0
LINE
  5
203
330
17
100
AcDbEntity
  8
LINES
100
AcDbLine
 10
897.4
 20
718.13
 30
0.0
 11
897.4
 21
708.19
 31
0.0
  0
LINE
  5
204
330
17
100
AcDbEntity
  8
LINES
100
AcDbLine
 10
892.07
 20
713.38
 30
0.0
 11
897.4
 21
713.38
 31
0.0
  0
LINE
  5
205
330
17
100
AcDbEntity
  8
LINES
100
AcDbLine
 10
939.45
 20
713.81
 30
0.0
 11
938.3
 21
713.52
 31
0.0
  0
LINE
  5
206
330
17
100
AcDbEntity
  8
LINES
100
AcDbLine
 10
939.45
 20
709.92
 30
0.0
 11
939.45
 21
714.24
 31
0.0
  0
LINE
  5
207
330
17
100
AcDbEntity
  8
LINES
100
AcDbLine
 10
940.17
 20
711.07
 30
0.0
 11
939.02
 21
709.06
 31
0.0
  0
LINE
  5
208
330
17
100
AcDbEntity
  8
LINES
100
AcDbLine
 10
938.87
 20
716.69
 30
0.0
 11
939.59
 21
715.25
 31
0.0
  0
LINE
  5
209
330
17
100
AcDbEntity
  8
LINES
100
AcDbLine
 10
940.31
 20
712.8
 30
0.0
 11
942.04
 21
712.94
 31
0.0
  0
LINE
  5
20A
330
17
100
AcDbEntity
  8
LINES
100
AcDbLine
 10
942.19
 20
713.23
 30
0.0
 11
941.47
 21
710.93
 31
0.0
  0
LINE
  5
20B
330
17
100
AcDbEntity
  8
LINES
100
AcDbLine
 10
940.6
 20
716.98
 30
0.0
 11
940.6
 21
715.1
 31
0.0
  0
LINE
  5
20C
330
17
100
AcDbEntity
  8
LINES
100
AcDbLine
 10
940.6
 20
716.54
 30
0.0
 11
941.61
 21
716.69
 31
0.0
  0
LINE
  5
20D
330
17
100
AcDbEntity
  8
LINES
100
AcDbLine
 10
945.5
 20
717.26
 30
0.0
 11
944.78
 21
715.54
 31
0.0
  0
LINE
  5
20E
330
17
100
AcDbEntity
  8
LINES
100
AcDbLine
 10
945.93
 20
712.08
 30
0.0
 11
945.93
 21
709.2
 31
0.0
  0
LINE
  5
20F
330
17
100
AcDbEntity
  8
LINES
100
AcDbLine
 10
945.07
 20
710.5
 30
0.0
 11
946.65
 21
710.64
 31
0.0
  0
LINE
  5
210
330
17
100
AcDbEntity
  8
LINES
100
AcDbLine
 10
946.94
 20
709.2
 30
0.0
 11
944.92
 21
708.77
 31
0.0
  0
LINE
  5
211
330
17
100
AcDbEntity
  8
LINES
100
AcDbLine
 10
947.08
 20
712.51
 30
0.0
 11
946.94
 21
708.48
 31
0.0
  0
LINE
  5
212
330
17
100
AcDbEntity
  8
LINES
100
AcDbLine
 10
944.92
 20
712.08
 30
0.0
 11
947.08
 21
712.37
 31
0.0
  0
LINE
  5
213
330
17
100
AcDbEntity
  8
LINES
100
AcDbLine
 10
944.92
 20
712.51
 30
0.0
 11
944.92
 21
708.48
 31
0.0
  0
LINE
  5
214
330
17
100
AcDbEntity
  8
LINES
100
AcDbLine
 10
944.92
 20
715.82
 30
0.0
 11
946.94
 21
716.11
 31
0.0
  0
LINE
  5
215
330
17
100
AcDbEntity
  8
LINES
100
AcDbLine
 10
944.78
 20
715.54
 30
0.0
 11
943.91
 21
713.66
 31
0.0
  0
LINE
  5
216
330
17
100
AcDbEntity
  8
LINES
100
AcDbLine
 10
951.98
 20
715.25
 30
0.0
 11
951.69
 21
713.52
 31
0.0
  0
LINE
  5
217
330
17
100
AcDbEntity
  8
LINES
100
AcDbLine
 10
950.54
 20
715.1
 30
0.0
 11
950.97
 21
713.66
 31
0.0
  0
LINE
  5
218
330
17
100
AcDbEntity
  8
LINES
100
AcDbLine
 10
951.98
 20
713.52
 30
0.0
 11
951.98
 21
708.48
 31
0.0
  0
LINE
  5
219
330
17
100
AcDbEntity
  8
LINES
100
AcDbLine
 10
949.96
 20
711.5
 30
0.0
 11
953.27
 21
712.08
 31
0.0
  0
LINE
  5
21A
330
17
100
AcDbEntity
  8
LINES
100
AcDbLine
 10
950.11
 20
713.23
 30
0.0
 11
952.84
 21
713.81
 31
0.0
  0
LINE
  5
21B
330
17
100
AcDbEntity
  8
LINES
100
AcDbLine
 10
952.27
 20
715.68
 30
0.0
 11
952.41
 21
717.26
 31
0.0
  0
LINE
  5
21C
330
17
100
AcDbEntity
  8
LINES
100
AcDbLine
 10
949.96
 20
715.25
 30
0.0
 11
952.55
 21
715.68
 31
0.0
  0
LINE
  5
21D
330
17
100
AcDbEntity
  8
LINES
100
AcDbLine
 10
949.96
 20
716.54
 30
0.0
 11
952.41
 21
716.83
 31
0.0
  0
LINE
  5
21E
330
17
100
AcDbEntity
  8
LINES
100
AcDbLine
 10
1035.64
 20
717.41
 30
0.0
 11
1035.64
 21
708.05
 31
0.0
  0
LINE
  5
21F
330
17
100
AcDbEntity
  8
LINES
100
AcDbLine
 10
1033.48
 20
714.38
 30
0.0
 11
1037.8
 21
715.1
 31
0.0
  0
LINE
  5
220
330
17
100
AcDbEntity
  8
LINES
100
AcDbLine
 10
1034.49
 20
710.64
 30
0.0
 11
1036.65
 21
710.93
 31
0.0
  0
LINE
  5
221
330
17
100
AcDbEntity
  8
LINES
100
AcDbLine
 10
1041.98
 20
712.08
 30
0.0
 11
1041.4
 21
708.19
 31
0.0
  0
LINE
  5
222
330
17
100
AcDbEntity
  8
LINES
100
AcDbLine
 10
1041.98
 20
714.24
 30
0.0
 11
1042.84
 21
714.38
 31
0.0
  0
LINE
  5
223
330
17
100
AcDbEntity
  8
LINES
100
AcDbLine
 10
1041.98
 20
712.08
 30
0.0
 11
1042.84
 21
712.37
 31
0.0
  0
LINE
  5
224
330
17
100
AcDbEntity
  8
LINES
100
AcDbLine
 10
1038.81
 20
715.25
 30
0.0
 11
1041.4
 21
715.82
 31
0.0
  0
LINE
  5
225
330
17
100
AcDbEntity
  8
LINES
100
AcDbLine
 10
1039.53
 20
717.26
 30
0.0
 11
1039.53
 21
711.5
 31
0.0
  0
LINE
  5
226
330
17
100
AcDbEntity
  8
LINES
100
AcDbLine
 10
1038.67
 20
711.22
 30
0.0
 11
1041.4
 21
711.79
 31
0.0
  0
LINE
  5
227
330
17
100
AcDbEntity
  8
LINES
100
AcDbLine
 10
1040.97
 20
717.41
 30
0.0
 11
1040.68
 21
711.65
 31
0.0
  0
LINE
  5
228
330
17
100
AcDbEntity
  8
LINES
100
AcDbLine
 10
1039.53
 20
714.1
 30
0.0
 11
1040.54
 21
714.24
 31
0.0
  0
LINE
  5
229
330
17
100
AcDbEntity
  8
LINES
100
AcDbLine
 10
1039.53
 20
712.8
 30
0.0
 11
1040.54
 21
713.09
 31
0.0
  0
LINE
  5
22A
330
17
100
AcDbEntity
  8
LINES
100
AcDbLine
 10
1039.53
 20
710.78
 30
0.0
 11
1038.67
 21
708.48
 31
0.0
  0
LINE
  5
22B
330
17
100
AcDbEntity
  8
LINES
100
AcDbLine
 10
1040.39
 20
710.93
 30
0.0
 11
1040.83
 21
709.34
 31
0.0
  0
LINE
  5
22C
330
17
100
AcDbEntity
  8
LINES
100
AcDbLine
 10
1041.98
 20
716.11
 30
0.0
 11
1042.99
 21
716.4
 31
0.0
  0
LINE
  5
22D
330
17
100
AcDbEntity
  8
LINES
100
AcDbLine
 10
1041.98
 20
716.54
 30
0.0
 11
1041.98
 21
711.94
 31
0.0
  0
LINE
  5
22E
330
17
100
AcDbEntity
  8
LINES
100
AcDbLine
 10
1043.85
 20
711.36
 30
0.0
 11
1045.87
 21
713.23
 31
0.0
  0
LINE
  5
22F
330
17
100
AcDbEntity
  8
LINES
100
AcDbLine
 10
1043.99
 20
714.24
 30
0.0
 11
1045.87
 21
714.53
 31
0.0
  0
LINE
  5
230
330
17
100
AcDbEntity
  8
LINES
100
AcDbLine
 10
1047.02
 20
717.55
 30
0.0
 11
1047.45
 21
716.11
 31
0.0
  0
LINE
  5
231
330
17
100
AcDbEntity
  8
LINES
100
AcDbLine
 10
1048.46
 20
715.68
 30
0.0
 11
1046.44
 21
715.25
 31
0.0
  0
LINE
  5
232
330
17
100
AcDbEntity
  8
LINES
100
AcDbLine
 10
1053.5
 20
716.54
 30
0.0
 11
1052.92
 21
714.82
 31
0.0
  0
LINE
  5
233
330
17
100
AcDbEntity
  8
LINES
100
AcDbLine
 10
1049.9
 20
716.26
 30
0.0
 11
1049.75
 21
714.24
 31
0.0
  0
LINE
  5
234
330
17
100
AcDbEntity
  8
LINES
100
AcDbLine
 10
1051.05
 20
717.41
 30
0.0
 11
1051.63
 21
716.54
 31
0.0
  0
LINE
  5
235
330
17
100
AcDbEntity
  8
LINES
100
AcDbLine
 10
1049.9
 20
715.68
 30
0.0
 11
1053.35
 21
716.11
 31
0.0
  0
LINE
  5
236
330
17
100
AcDbEntity
  8
LINES
100
AcDbLine
 10
1050.91
 20
714.67
 30
0.0
 11
1049.61
 21
712.51
 31
0.0
  0
LINE
  5
237
330
17
100
AcDbEntity
  8
LINES
100
AcDbLine
 10
1052.06
 20
714.67
 30
0.0
 11
1052.78
 21
713.38
 31
0.0
  0
LINE
  5
238
330
17
100
AcDbEntity
  8
LINES
100
AcDbLine
 10
1050.62
 20
710.93
 30
0.0
 11
1050.76
 21
708.05
 31
0.0
  0
LINE
  5
239
330
17
100
AcDbEntity
  8
LINES
100
AcDbLine
 10
1050.76
 20
710.64
 30
0.0
 11
1052.35
 21
710.78
 31
0.0
  0
LINE
  5
23A
330
17
100
AcDbEntity
  8
LINES
100
AcDbLine
 10
1052.35
 20
711.07
 30
0.0
 11
1052.2
 21
708.77
 31
0.0
  0
LINE
  5
23B
330
17
100
AcDbEntity
  8
LINES
100
AcDbLine
 10
1052.35
 20
708.77
 30
0.0
 11
1050.76
 21
708.62
 31
0.0
  0
LINE
  5
23C
330
17
100
AcDbEntity
  8
LINES
100
AcDbLine
 10
1056.81
 20
717.41
 30
0.0
 11
1056.81
 21
713.52
 31
0.0
  0
LINE
  5
23D
330
17
100
AcDbEntity
  8
LINES
100
AcDbLine
 10
1058.83
 20
713.66
 30
0.0
 11
1054.79
 21
713.23
 31
0.0
  0
LINE
  5
23E
330
17
100
AcDbEntity
  8
LINES
100
AcDbLine
 10
1058.83
 20
708.48
 30
0.0
 11
1058.68
 21
710.5
 31
0.0
  0
LINE
  5
23F
330
17
100
AcDbEntity
  8
LINES
100
AcDbLine
 10
1055.95
 20
714.38
 30
0.0
 11
1055.51
 21
716.11
 31
0.0
  0
LINE
  5
240
330
17
100
AcDbEntity
  8
LINES
100
AcDbLine
 10
1057.24
 20
713.95
 30
0.0
 11
1058.11
 21
716.11
 31
0.0
  0
LINE
  5
241
330
17
100
AcDbEntity
  8
LINES
100
AcDbLine
 10
1061.42
 20
715.1
 30
0.0
 11
1059.83
 21
714.53
 31
0.0
  0
LINE
  5
242
330
17
100
AcDbEntity
  8
LINES
100
AcDbLine
 10
1059.83
 20
711.65
 30
0.0
 11
1061.42
 21
713.52
 31
0.0
  0
LINE
  5
243
330
17
100
AcDbEntity
  8
LINES
100
AcDbLine
 10
1062.43
 20
717.55
 30
0.0
 11
1063.15
 21
715.97
 31
0.0
  0
LINE
  5
244
330
17
100
AcDbEntity
  8
LINES
100
AcDbLine
 10
1061.71
 20
715.39
 30
0.0
 11
1064.01
 21
715.97
 31
0.0
  0
LINE
  5
245
330
17
100
AcDbEntity
  8
LINES
100
AcDbLine
 10
1064.3
 20
713.66
 30
0.0
 11
1061.71
 21
713.09
 31
0.0
  0
LINE
  5
246
330
17
100
AcDbEntity
  8
LINES
100
AcDbLine
 10
1061.27
 20
711.36
 30
0.0
 11
1064.44
 21
712.08
 31
0.0
  0
LINE
  5
247
330
17
100
AcDbEntity
  8
LINES
100
AcDbLine
 10
1062.86
 20
709.92
 30
0.0
 11
1062.14
 21
710.5
 31
0.0
  0
LINE
  5
248
330
17
100
AcDbEntity
  8
LINES
100
AcDbLine
 10
1062.57
 20
713.81
 30
0.0
 11
1062.28
 21
715.1
 31
0.0
  0
LINE
  5
249
330
17
100
AcDbEntity
  8
LINES
100
AcDbLine
 10
1063.43
 20
715.82
 30
0.0
 11
1063.15
 21
713.52
 31
0.0
  0
LINE
  5
24A
330
17
100
AcDbEntity
  8
LINES
100
AcDbLine
 10
1062.86
 20
709.92
 30
0.0
 11
1064.3
 21
708.48
 31
0.0
  0
LINE
  5
24B
330
17
100
AcDbEntity
  8
LINES
100
AcDbLine
 10
1062.71
 20
713.23
 30
0.0
 11
1062.14
 21
710.5
 31
0.0
  0
LINE
  5
24C
330
17
100
AcDbEntity
  8
LINES
100
AcDbLine
 10
1063.43
 20
711.79
 30
0.0
 11
1063.0
 21
709.92
 31
0.0
  0
LINE
  5
24D
330
17
100
AcDbEntity
  8
LINES
100
AcDbLine
 10
1066.03
 20
715.54
 30
0.0
 11
1066.17
 21
710.06
 31
0.0
  0
LINE
  5
24E
330
17
100
AcDbEntity
  8
LINES
100
AcDbLine
 10
1066.03
 20
714.96
 30
0.0
 11
1068.76
 21
715.25
 31
0.0
  0
LINE
  5
24F
330
17
100
AcDbEntity
  8
LINES
100
AcDbLine
 10
1068.47
 20
711.07
 30
0.0
 11
1068.76
 21
715.68
 31
0.0
  0
LINE
  5
250
330
17
100
AcDbEntity
  8
LINES
100
AcDbLine
 10
1066.17
 20
710.78
 30
0.0
 11
1068.76
 21
711.07
 31
0.0
  0
LINE
  5
251
330
17
100
AcDbEntity
  8
LINES
100
AcDbLine
 10
1066.17
 20
714.96
 30
0.0
 11
1068.76
 21
715.25
 31
0.0
  0
LINE
  5
252
330
17
100
AcDbEntity
  8
LINES
100
AcDbLine
 10
1071.64
 20
717.12
 30
0.0
 11
1071.64
 21
708.05
 31
0.0
  0
LINE
  5
253
330
17
100
AcDbEntity
  8
LINES
100
AcDbLine
 10
1071.64
 20
714.38
 30
0.0
 11
1070.35
 21
710.35
 31
0.0
  0
LINE
  5
254
330
17
100
AcDbEntity
  8
LINES
100
AcDbLine
 10
1071.64
 20
713.52
 30
0.0
 11
1072.36
 21
712.37
 31
0.0
  0
LINE
  5
255
330
17
100
AcDbEntity
  8
LINES
100
AcDbLine
 10
1072.51
 20
714.82
 30
0.0
 11
1070.63
 21
714.53
 31
0.0
  0
LINE
  5
256
330
17
100
AcDbEntity
  8
LINES
100
AcDbLine
 10
1072.79
 20
715.97
 30
0.0
 11
1074.67
 21
716.98
 31
0.0
  0
LINE
  5
257
330
17
100
AcDbEntity
  8
LINES
100
AcDbLine
 10
1073.23
 20
714.24
 30
0.0
 11
1074.52
 21
714.53
 31
0.0
  0
LINE
  5
258
330
17
100
AcDbEntity
  8
LINES
100
AcDbLine
 10
862.12
 20
691.34
 30
0.0
 11
862.12
 21
686.59
 31
0.0
  0
LINE
  5
259
330
17
100
AcDbEntity
  8
LINES
100
AcDbLine
 10
861.55
 20
688.46
 30
0.0
 11
862.7
 21
688.61
 31
0.0
  0
LINE
  5
25A
330
17
100
AcDbEntity
  8
LINES
100
AcDbLine
 10
861.55
 20
689.76
 30
0.0
 11
862.55
 21
689.9
 31
0.0
  0
LINE
  5
25B
330
17
100
AcDbEntity
  8
LINES
100
AcDbLine
 10
861.69
 20
692.35
 30
0.0
 11
862.27
 21
691.34
 31
0.0
  0
LINE
  5
25C
330
17
100
AcDbEntity
  8
LINES
100
AcDbLine
 10
861.11
 20
691.06
 30
0.0
 11
863.13
 21
691.49
 31
0.0
  0
LINE
  5
25D
330
17
100
AcDbEntity
  8
LINES
100
AcDbLine
 10
861.11
 20
691.63
 30
0.0
 11
861.11
 21
686.74
 31
0.0
  0
LINE
  5
25E
330
17
100
AcDbEntity
  8
LINES
100
AcDbLine
 10
859.1
 20
689.62
 30
0.0
 11
860.54
 21
690.05
 31
0.0
  0
LINE
  5
25F
330
17
100
AcDbEntity
  8
LINES
100
AcDbLine
 10
859.67
 20
692.93
 30
0.0
 11
860.39
 21
691.63
 31
0.0
  0
LINE
  5
260
330
17
100
AcDbEntity
  8
LINES
100
AcDbLine
 10
862.99
 20
693.65
 30
0.0
 11
861.98
 21
691.92
 31
0.0
  0
LINE
  5
261
330
17
100
AcDbEntity
  8
LINES
100
AcDbLine
 10
861.11
 20
693.07
 30
0.0
 11
862.7
 21
693.36
 31
0.0
  0
LINE
  5
262
330
17
100
AcDbEntity
  8
LINES
100
AcDbLine
 10
863.27
 20
684.86
 30
0.0
 11
863.71
 21
685.15
 31
0.0
  0
LINE
  5
263
330
17
100
AcDbEntity
  8
LINES
100
AcDbLine
 10
866.3
 20
685.3
 30
0.0
 11
868.03
 21
685.58
 31
0.0
  0
LINE
  5
264
330
17
100
AcDbEntity
  8
LINES
100
AcDbLine
 10
868.03
 20
688.03
 30
0.0
 11
867.88
 21
685.58
 31
0.0
  0
LINE
  5
265
330
17
100
AcDbEntity
  8
LINES
100
AcDbLine
 10
866.3
 20
687.89
 30
0.0
 11
866.3
 21
684.72
 31
0.0
  0
LINE
  5
266
330
17
100
AcDbEntity
  8
LINES
100
AcDbLine
 10
865.58
 20
691.34
 30
0.0
 11
868.89
 21
691.78
 31
0.0
  0
LINE
  5
267
330
17
100
AcDbEntity
  8
LINES
100
AcDbLine
 10
866.87
 20
693.94
 30
0.0
 11
867.59
 21
692.06
 31
0.0
  0
LINE
  5
268
330
17
100
AcDbEntity
  8
LINES
100
AcDbLine
 10
865.72
 20
693.94
 30
0.0
 11
864.14
 21
689.18
 31
0.0
  0
LINE
  5
269
330
17
100
AcDbEntity
  8
LINES
100
AcDbLine
 10
865.15
 20
691.92
 30
0.0
 11
865.15
 21
684.72
 31
0.0
  0
LINE
  5
26A
330
17
100
AcDbEntity
  8
LINES
100
AcDbLine
 10
866.3
 20
690.19
 30
0.0
 11
868.17
 21
690.48
 31
0.0
  0
LINE
  5
26B
330
17
100
AcDbEntity
  8
LINES
100
AcDbLine
 10
868.31
 20
689.04
 30
0.0
 11
866.15
 21
688.75
 31
0.0
  0
LINE
  5
26C
330
17
100
AcDbEntity
  8
LINES
100
AcDbLine
 10
866.3
 20
687.31
 30
0.0
 11
868.03
 21
687.74
 31
0.0
  0
LINE
  5
26D
330
17
100
AcDbEntity
  8
LINES
100
AcDbLine
 10
870.76
 20
690.19
 30
0.0
 11
869.61
 21
689.9
 31
0.0
  0
LINE
  5
26E
330
17
100
AcDbEntity
  8
LINES
100
AcDbLine
 10
870.76
 20
686.3
 30
0.0
 11
870.76
 21
690.62
 31
0.0
  0
LINE
  5
26F
330
17
100
AcDbEntity
  8
LINES
100
AcDbLine
 10
871.48
 20
687.46
 30
0.0
 11
870.33
 21
685.44
 31
0.0
  0
LINE
  5
270
330
17
100
AcDbEntity
  8
LINES
100
AcDbLine
 10
870.19
 20
693.07
 30
0.0
 11
870.91
 21
691.63
 31
0.0
  0
LINE
  5
271
330
17
100
AcDbEntity
  8
LINES
100
AcDbLine
 10
871.63
 20
689.18
 30
0.0
 11
873.35
 21
689.33
 31
0.0
  0
LINE
  5
272
330
17
100
AcDbEntity
  8
LINES
100
AcDbLine
 10
873.5
 20
689.62
 30
0.0
 11
872.78
 21
687.31
 31
0.0
  0
LINE
  5
273
330
17
100
AcDbEntity
  8
LINES
100
AcDbLine
 10
871.91
 20
693.36
 30
0.0
 11
871.91
 21
691.49
 31
0.0
  0
LINE
  5
274
330
17
100
AcDbEntity
  8
LINES
100
AcDbLine
 10
871.91
 20
692.93
 30
0.0
 11
872.92
 21
693.07
 31
0.0
  0
LINE
  5
275
330
17
100
AcDbEntity
  8
LINES
100
AcDbLine
 10
876.81
 20
693.65
 30
0.0
 11
876.09
 21
691.92
 31
0.0
  0
LINE
  5
276
330
17
100
AcDbEntity
  8
LINES
100
AcDbLine
 10
877.24
 20
688.46
 30
0.0
 11
877.24
 21
685.58
 31
0.0
  0
LINE
  5
277
330
17
100
AcDbEntity
  8
LINES
100
AcDbLine
 10
876.38
 20
686.88
 30
0.0
 11
877.96
 21
687.02
 31
0.0
  0
LINE
  5
278
330
17
100
AcDbEntity
  8
LINES
100
AcDbLine
 10
878.25
 20
685.58
 30
0.0
 11
876.23
 21
685.15
 31
0.0
  0
LINE
  5
279
330
17
100
AcDbEntity
  8
LINES
100
AcDbLine
 10
878.39
 20
688.9
 30
0.0
 11
878.25
 21
684.86
 31
0.0
  0
LINE
  5
27A
330
17
100
AcDbEntity
  8
LINES
100
AcDbLine
 10
876.23
 20
688.46
 30
0.0
 11
878.39
 21
688.75
 31
0.0
  0
LINE
  5
27B
330
17
100
AcDbEntity
  8
LINES
100
AcDbLine
 10
876.23
 20
688.9
 30
0.0
 11
876.23
 21
684.86
 31
0.0
  0
LINE
  5
27C
330
17
100
AcDbEntity
  8
LINES
100
AcDbLine
 10
876.23
 20
692.21
 30
0.0
 11
878.25
 21
692.5
 31
0.0
  0
LINE
  5
27D
330
17
100
AcDbEntity
  8
LINES
100
AcDbLine
 10
876.09
 20
691.92
 30
0.0
 11
875.23
 21
690.05
 31
0.0
  0
LINE
  5
27E
330
17
100
AcDbEntity
  8
LINES
100
AcDbLine
 10
884.15
 20
690.34
 30
0.0
 11
882.71
 21
690.05
 31
0.0
  0
LINE
  5
27F
330
17
100
AcDbEntity
  8
LINES
100
AcDbLine
 10
884.15
 20
687.74
 30
0.0
 11
884.15
 21
690.62
 31
0.0
  0
LINE
  5
280
330
17
100
AcDbEntity
  8
LINES
100
AcDbLine
 10
882.71
 20
687.6
 30
0.0
 11
884.3
 21
687.74
 31
0.0
  0
LINE
  5
281
330
17
100
AcDbEntity
  8
LINES
100
AcDbLine
 10
882.57
 20
685.15
 30
0.0
 11
884.73
 21
685.3
 31
0.0
  0
LINE
  5
282
330
17
100
AcDbEntity
  8
LINES
100
AcDbLine
 10
882.71
 20
693.07
 30
0.0
 11
882.71
 21
685.15
 31
0.0
  0
LINE
  5
283
330
17
100
AcDbEntity
  8
LINES
100
AcDbLine
 10
884.59
 20
692.5
 30
0.0
 11
882.71
 21
692.06
 31
0.0
  0
LINE
  5
284
330
17
100
AcDbEntity
  8
LINES
100
AcDbLine
 10
881.42
 20
690.34
 30
0.0
 11
882.28
 21
689.18
 31
0.0
  0
LINE
  5
285
330
17
100
AcDbEntity
  8
LINES
100
AcDbLine
 10
882.28
 20
691.34
 30
0.0
 11
880.41
 21
691.06
 31
0.0
  0
LINE
  5
286
330
17
100
AcDbEntity
  8
LINES
100
AcDbLine
 10
880.12
 20
687.17
 30
0.0
 11
881.42
 21
691.06
 31
0.0
  0
LINE
  5
287
330
17
100
AcDbEntity
  8
LINES
100
AcDbLine
 10
881.42
 20
693.94
 30
0.0
 11
881.42
 21
684.43
 31
0.0
  0
LINE
  5
288
330
17
100
AcDbEntity
  8
LINES
100
AcDbLine
 10
892.79
 20
689.33
 30
0.0
 11
891.79
 21
686.74
 31
0.0
  0
LINE
  5
289
330
17
100
AcDbEntity
  8
LINES
100
AcDbLine
 10
891.79
 20
686.74
 30
0.0
 11
890.78
 21
685.15
 31
0.0
  0
LINE
  5
28A
330
17
100
AcDbEntity
  8
LINES
100
AcDbLine
 10
891.07
 20
690.19
 30
0.0
 11
894.95
 21
690.62
 31
0.0
  0
LINE
  5
28B
330
17
100
AcDbEntity
  8
LINES
100
AcDbLine
 10
891.79
 20
692.64
 30
0.0
 11
894.38
 21
692.93
 31
0.0
  0
LINE
  5
28C
330
17
100
AcDbEntity
  8
LINES
100
AcDbLine
 10
893.08
 20
686.16
 30
0.0
 11
893.08
 21
690.34
 31
0.0
  0
LINE
  5
28D
330
17
100
AcDbEntity
  8
LINES
100
AcDbLine
 10
892.79
 20
689.33
 30
0.0
 11
893.08
 21
692.78
 31
0.0
  0
LINE
  5
28E
330
17
100
AcDbEntity
  8
LINES
100
AcDbLine
 10
897.69
 20
688.61
 30
0.0
 11
896.11
 21
687.89
 31
0.0
  0
LINE
  5
28F
330
17
100
AcDbEntity
  8
LINES
100
AcDbLine
 10
897.55
 20
691.49
 30
0.0
 11
896.25
 21
688.03
 31
0.0
  0
LINE
  5
290
330
17
100
AcDbEntity
  8
LINES
100
AcDbLine
 10
895.96
 20
690.05
 30
0.0
 11
897.26
 21
690.62
 31
0.0
  0
LINE
  5
291
330
17
100
AcDbEntity
  8
LINES
100
AcDbLine
 10
896.11
 20
686.02
 30
0.0
 11
897.83
 21
687.17
 31
0.0
  0
LINE
  5
292
330
17
100
AcDbEntity
  8
LINES
100
AcDbLine
 10
897.11
 20
693.22
 30
0.0
 11
896.11
 21
690.19
 31
0.0
  0
LINE
  5
293
330
17
100
AcDbEntity
  8
LINES
100
AcDbLine
 10
897.98
 20
690.62
 30
0.0
 11
899.85
 21
691.63
 31
0.0
  0
LINE
  5
294
330
17
100
AcDbEntity
  8
LINES
100
AcDbLine
 10
897.98
 20
688.9
 30
0.0
 11
899.99
 21
689.9
 31
0.0
  0
LINE
  5
295
330
17
100
AcDbEntity
  8
LINES
100
AcDbLine
 10
899.27
 20
693.22
 30
0.0
 11
899.85
 21
692.5
 31
0.0
  0
LINE
  5
296
330
17
100
AcDbEntity
  8
LINES
100
AcDbLine
 10
904.75
 20
694.51
 30
0.0
 11
904.75
 21
684.58
 31
0.0
  0
LINE
  5
297
330
17
100
AcDbEntity
  8
LINES
100
AcDbLine
 10
917.42
 20
693.5
 30
0.0
 11
917.42
 21
685.3
 31
0.0
  0
LINE
  5
298
330
17
100
AcDbEntity
  8
LINES
100
AcDbLine
 10
917.42
 20
692.78
 30
0.0
 11
920.73
 21
693.22
 31
0.0
  0
LINE
  5
299
330
17
100
AcDbEntity
  8
LINES
100
AcDbLine
 10
918.86
 20
691.78
 30
0.0
 11
917.71
 21
687.31
 31
0.0
  0
LINE
  5
29A
330
17
100
AcDbEntity
  8
LINES
100
AcDbLine
 10
917.99
 20
691.06
 30
0.0
 11
919.0
 21
688.46
 31
0.0
  0
LINE
  5
29B
330
17
100
AcDbEntity
  8
LINES
100
AcDbLine
 10
920.15
 20
692.06
 30
0.0
 11
918.86
 21
687.02
 31
0.0
  0
LINE
  5
29C
330
17
100
AcDbEntity
  8
LINES
100
AcDbLine
 10
919.29
 20
691.06
 30
0.0
 11
920.3
 21
687.89
 31
0.0
  0
LINE
  5
29D
330
17
100
AcDbEntity
  8
LINES
100
AcDbLine
 10
864.43
 20
665.42
 30
0.0
 11
865.87
 21
666.0
 31
0.0
  0
LINE
  5
29E
330
17
100
AcDbEntity
  8
LINES
100
AcDbLine
 10
865.29
 20
669.31
 30
0.0
 11
865.29
 21
663.12
 31
0.0
  0
LINE
  5
29F
330
17
100
AcDbEntity
  8
LINES
100
AcDbLine
 10
864.28
 20
662.26
 30
0.0
 11
866.01
 21
663.84
 31
0.0
  0
LINE
  5
2A0
330
17
100
AcDbEntity
  8
LINES
100
AcDbLine
 10
867.02
 20
670.18
 30
0.0
 11
867.02
 21
662.69
 31
0.0
  0
LINE
  5
2A1
330
17
100
AcDbEntity
  8
LINES
100
AcDbLine
 10
865.87
 20
664.85
 30
0.0
 11
868.17
 21
667.01
 31
0.0
  0
LINE
  5
2A2
330
17
100
AcDbEntity
  8
LINES
100
AcDbLine
 10
870.04
 20
669.89
 30
0.0
 11
870.04
 21
661.68
 31
0.0
  0
LINE
  5
2A3
330
17
100
AcDbEntity
  8
LINES
100
AcDbLine
 10
870.04
 20
669.17
 30
0.0
 11
873.35
 21
669.6
 31
0.0
  0
LINE
  5
2A4
330
17
100
AcDbEntity
  8
LINES
100
AcDbLine
 10
871.34
 20
668.16
 30
0.0
 11
870.33
 21
663.7
 31
0.0
  0
LINE
  5
2A5
330
17
100
AcDbEntity
  8
LINES
100
AcDbLine
 10
870.47
 20
667.44
 30
0.0
 11
871.48
 21
664.85
 31
0.0
  0
LINE
  5
2A6
330
17
100
AcDbEntity
  8
LINES
100
AcDbLine
 10
872.63
 20
668.45
 30
0.0
 11
871.34
 21
663.41
 31
0.0
  0
LINE
  5
2A7
330
17
100
AcDbEntity
  8
LINES
100
AcDbLine
 10
871.91
 20
667.44
 30
0.0
 11
872.92
 21
664.27
 31
0.0
  0
LINE
  5
2A8
330
17
100
AcDbEntity
  8
LINES
100
AcDbLine
 10
904.6
 20
666.58
 30
0.0
 11
903.45
 21
666.29
 31
0.0
  0
LINE
  5
2A9
330
17
100
AcDbEntity
  8
LINES
100
AcDbLine
 10
904.6
 20
662.69
 30
0.0
 11
904.6
 21
667.01
 31
0.0
  0
LINE
  5
2AA
330
17
100
AcDbEntity
  8
LINES
100
AcDbLine
 10
905.32
 20
663.84
 30
0.0
 11
904.17
 21
661.82
 31
0.0
  0
LINE
  5
2AB
330
17
100
AcDbEntity
  8
LINES
100
AcDbLine
 10
904.03
 20
669.46
 30
0.0
 11
904.75
 21
668.02
 31
0.0
  0
LINE
  5
2AC
330
17
100
AcDbEntity
  8
LINES
100
AcDbLine
 10
905.47
 20
665.57
 30
0.0
 11
907.05
 21
665.71
 31
0.0
  0
LINE
  5
2AD
330
17
100
AcDbEntity
  8
LINES
100
AcDbLine
 10
907.34
 20
666.0
 30
0.0
 11
906.47
 21
663.7
 31
0.0
  0
LINE
  5
2AE
330
17
100
AcDbEntity
  8
LINES
100
AcDbLine
 10
905.75
 20
669.74
 30
0.0
 11
905.75
 21
667.87
 31
0.0
  0
LINE
  5
2AF
330
17
100
AcDbEntity
  8
LINES
100
AcDbLine
 10
905.75
 20
669.17
 30
0.0
 11
906.76
 21
669.46
 31
0.0
  0
LINE
  5
2B0
330
17
100
AcDbEntity
  8
LINES
100
AcDbLine
 10
910.65
 20
670.03
 30
0.0
 11
909.93
 21
668.3
 31
0.0
  0
LINE
  5
2B1
330
17
100
AcDbEntity
  8
LINES
100
AcDbLine
 10
911.08
 20
664.85
 30
0.0
 11
911.08
 21
661.97
 31
0.0
  0
LINE
  5
2B2
330
17
100
AcDbEntity
  8
LINES
100
AcDbLine
 10
910.22
 20
663.26
 30
0.0
 11
911.8
 21
663.41
 31
0.0
  0
LINE
  5
2B3
330
17
100
AcDbEntity
  8
LINES
100
AcDbLine
 10
912.09
 20
661.97
 30
0.0
 11
910.07
 21
661.54
 31
0.0
  0
LINE
  5
2B4
330
17
100
AcDbEntity
  8
LINES
100
AcDbLine
 10
912.23
 20
665.28
 30
0.0
 11
912.09
 21
661.25
 31
0.0
  0
LINE
  5
2B5
330
17
100
AcDbEntity
  8
LINES
100
AcDbLine
 10
910.07
 20
664.85
 30
0.0
 11
912.23
 21
665.14
 31
0.0
  0
LINE
  5
2B6
330
17
100
AcDbEntity
  8
LINES
100
AcDbLine
 10
910.07
 20
665.14
 30
0.0
 11
910.07
 21
661.25
 31
0.0
  0
LINE
  5
2B7
330
17
100
AcDbEntity
  8
LINES
100
AcDbLine
 10
910.07
 20
668.59
 30
0.0
 11
912.09
 21
668.88
 31
0.0
  0
LINE
  5
2B8
330
17
100
AcDbEntity
  8
LINES
100
AcDbLine
 10
909.93
 20
668.3
 30
0.0
 11
909.07
 21
666.43
 31
0.0
  0
LINE
  5
2B9
330
17
100
AcDbEntity
  8
LINES
100
AcDbLine
 10
917.13
 20
668.02
 30
0.0
 11
916.84
 21
666.29
 31
0.0
  0
LINE
  5
2BA
330
17
100
AcDbEntity
  8
LINES
100
AcDbLine
 10
915.69
 20
667.73
 30
0.0
 11
915.98
 21
666.43
 31
0.0
  0
LINE
  5
2BB
330
17
100
AcDbEntity
  8
LINES
100
AcDbLine
 10
917.13
 20
666.29
 30
0.0
 11
917.13
 21
661.25
 31
0.0
  0
LINE
  5
2BC
330
17
100
AcDbEntity
  8
LINES
100
AcDbLine
 10
915.11
 20
664.27
 30
0.0
 11
918.43
 21
664.85
 31
0.0
  0
LINE
  5
2BD
330
17
100
AcDbEntity
  8
LINES
100
AcDbLine
 10
915.26
 20
666.0
 30
0.0
 11
917.99
 21
666.58
 31
0.0
  0
LINE
  5
2BE
330
17
100
AcDbEntity
  8
LINES
100
AcDbLine
 10
917.42
 20
668.45
 30
0.0
 11
917.56
 21
670.03
 31
0.0
  0
LINE
  5
2BF
330
17
100
AcDbEntity
  8
LINES
100
AcDbLine
 10
915.11
 20
668.02
 30
0.0
 11
917.71
 21
668.45
 31
0.0
  0
LINE
  5
2C0
330
17
100
AcDbEntity
  8
LINES
100
AcDbLine
 10
915.11
 20
669.17
 30
0.0
 11
917.56
 21
669.6
 31
0.0
  0
LINE
  5
2C1
330
17
100
AcDbEntity
  8
LINES
100
AcDbLine
 10
1035.64
 20
670.18
 30
0.0
 11
1035.64
 21
660.82
 31
0.0
  0
LINE
  5
2C2
330
17
100
AcDbEntity
  8
LINES
100
AcDbLine
 10
1033.48
 20
667.15
 30
0.0
 11
1037.8
 21
667.73
 31
0.0
  0
LINE
  5
2C3
330
17
100
AcDbEntity
  8
LINES
100
AcDbLine
 10
1034.49
 20
663.41
 30
0.0
 11
1036.65
 21
663.7
 31
0.0
  0
LINE
  5
2C4
330
17
100
AcDbEntity
  8
LINES
100
AcDbLine
 10
1041.98
 20
664.85
 30
0.0
 11
1041.4
 21
660.96
 31
0.0
  0
LINE
  5
2C5
330
17
100
AcDbEntity
  8
LINES
100
AcDbLine
 10
1041.98
 20
667.01
 30
0.0
 11
1042.84
 21
667.15
 31
0.0
  0
LINE
  5
2C6
330
17
100
AcDbEntity
  8
LINES
100
AcDbLine
 10
1041.98
 20
664.85
 30
0.0
 11
1042.84
 21
665.14
 31
0.0
  0
LINE
  5
2C7
330
17
100
AcDbEntity
  8
LINES
100
AcDbLine
 10
1038.81
 20
668.02
 30
0.0
 11
1041.4
 21
668.45
 31
0.0
  0
LINE
  5
2C8
330
17
100
AcDbEntity
  8
LINES
100
AcDbLine
 10
1039.53
 20
670.03
 30
0.0
 11
1039.53
 21
664.27
 31
0.0
  0
LINE
  5
2C9
330
17
100
AcDbEntity
  8
LINES
100
AcDbLine
 10
1038.67
 20
663.98
 30
0.0
 11
1041.4
 21
664.42
 31
0.0
  0
LINE
  5
2CA
330
17
100
AcDbEntity
  8
LINES
100
AcDbLine
 10
1040.97
 20
670.18
 30
0.0
 11
1040.68
 21
664.42
 31
0.0
  0
LINE
  5
2CB
330
17
100
AcDbEntity
  8
LINES
100
AcDbLine
 10
1039.53
 20
666.86
 30
0.0
 11
1040.54
 21
667.01
 31
0.0
  0
LINE
  5
2CC
330
17
100
AcDbEntity
  8
LINES
100
AcDbLine
 10
1039.53
 20
665.57
 30
0.0
 11
1040.54
 21
665.86
 31
0.0
  0
LINE
  5
2CD
330
17
100
AcDbEntity
  8
LINES
100
AcDbLine
 10
1039.53
 20
663.55
 30
0.0
 11
1038.67
 21
661.25
 31
0.0
  0
LINE
  5
2CE
330
17
100
AcDbEntity
  8
LINES
100
AcDbLine
 10
1040.39
 20
663.7
 30
0.0
 11
1040.83
 21
662.11
 31
0.0
  0
LINE
  5
2CF
330
17
100
AcDbEntity
  8
LINES
100
AcDbLine
 10
1041.98
 20
668.88
 30
0.0
 11
1042.99
 21
669.17
 31
0.0
  0
LINE
  5
2D0
330
17
100
AcDbEntity
  8
LINES
100
AcDbLine
 10
1041.98
 20
669.31
 30
0.0
 11
1041.98
 21
664.7
 31
0.0
  0
LINE
  5
2D1
330
17
100
AcDbEntity
  8
LINES
100
AcDbLine
 10
1043.85
 20
664.13
 30
0.0
 11
1045.87
 21
666.0
 31
0.0
  0
LINE
  5
2D2
330
17
100
AcDbEntity
  8
LINES
100
AcDbLine
 10
1043.99
 20
667.01
 30
0.0
 11
1045.87
 21
667.3
 31
0.0
  0
LINE
  5
2D3
330
17
100
AcDbEntity
  8
LINES
100
AcDbLine
 10
1047.02
 20
670.32
 30
0.0
 11
1047.45
 21
668.88
 31
0.0
  0
LINE
  5
2D4
330
17
100
AcDbEntity
  8
LINES
100
AcDbLine
 10
1048.46
 20
668.45
 30
0.0
 11
1046.44
 21
668.02
 31
0.0
  0
LINE
  5
2D5
330
17
100
AcDbEntity
  8
LINES
100
AcDbLine
 10
1053.5
 20
669.17
 30
0.0
 11
1052.92
 21
667.58
 31
0.0
  0
LINE
  5
2D6
330
17
100
AcDbEntity
  8
LINES
100
AcDbLine
 10
1049.9
 20
669.02
 30
0.0
 11
1049.75
 21
667.01
 31
0.0
  0
LINE
  5
2D7
330
17
100
AcDbEntity
  8
LINES
100
AcDbLine
 10
1051.05
 20
670.18
 30
0.0
 11
1051.63
 21
669.31
 31
0.0
  0
LINE
  5
2D8
330
17
100
AcDbEntity
  8
LINES
100
AcDbLine
 10
1049.9
 20
668.45
 30
0.0
 11
1053.35
 21
668.88
 31
0.0
  0
LINE
  5
2D9
330
17
100
AcDbEntity
  8
LINES
100
AcDbLine
 10
1050.91
 20
667.44
 30
0.0
 11
1049.61
 21
665.14
 31
0.0
  0
LINE
  5
2DA
330
17
100
AcDbEntity
  8
LINES
100
AcDbLine
 10
1052.06
 20
667.44
 30
0.0
 11
1052.78
 21
666.14
 31
0.0
  0
LINE
  5
2DB
330
17
100
AcDbEntity
  8
LINES
100
AcDbLine
 10
1050.62
 20
663.7
 30
0.0
 11
1050.76
 21
660.82
 31
0.0
  0
LINE
  5
2DC
330
17
100
AcDbEntity
  8
LINES
100
AcDbLine
 10
1050.76
 20
663.41
 30
0.0
 11
1052.35
 21
663.55
 31
0.0
  0
LINE
  5
2DD
330
17
100
AcDbEntity
  8
LINES
100
AcDbLine
 10
1052.35
 20
663.7
 30
0.0
 11
1052.2
 21
661.54
 31
0.0
  0
LINE
  5
2DE
330
17
100
AcDbEntity
  8
LINES
100
AcDbLine
 10
1052.35
 20
661.54
 30
0.0
 11
1050.76
 21
661.39
 31
0.0
  0
LINE
  5
2DF
330
17
100
AcDbEntity
  8
LINES
100
AcDbLine
 10
1056.81
 20
670.18
 30
0.0
 11
1056.81
 21
666.29
 31
0.0
  0
LINE
  5
2E0
330
17
100
AcDbEntity
  8
LINES
100
AcDbLine
 10
1058.83
 20
666.43
 30
0.0
 11
1054.79
 21
666.0
 31
0.0
  0
LINE
  5
2E1
330
17
100
AcDbEntity
  8
LINES
100
AcDbLine
 10
1058.83
 20
661.25
 30
0.0
 11
1058.68
 21
663.26
 31
0.0
  0
LINE
  5
2E2
330
17
100
AcDbEntity
  8
LINES
100
AcDbLine
 10
1055.95
 20
667.15
 30
0.0
 11
1055.51
 21
668.88
 31
0.0
  0
LINE
  5
2E3
330
17
100
AcDbEntity
  8
LINES
100
AcDbLine
 10
1057.24
 20
666.72
 30
0.0
 11
1058.11
 21
668.88
 31
0.0
  0
LINE
  5
2E4
330
17
100
AcDbEntity
  8
LINES
100
AcDbLine
 10
1061.42
 20
667.73
 30
0.0
 11
1059.83
 21
667.3
 31
0.0
  0
LINE
  5
2E5
330
17
100
AcDbEntity
  8
LINES
100
AcDbLine
 10
1059.83
 20
664.42
 30
0.0
 11
1061.42
 21
666.29
 31
0.0
  0
LINE
  5
2E6
330
17
100
AcDbEntity
  8
LINES
100
AcDbLine
 10
1062.43
 20
670.32
 30
0.0
 11
1063.15
 21
668.74
 31
0.0
  0
LINE
  5
2E7
330
17
100
AcDbEntity
  8
LINES
100
AcDbLine
 10
1061.71
 20
668.16
 30
0.0
 11
1064.01
 21
668.74
 31
0.0
  0
LINE
  5
2E8
330
17
100
AcDbEntity
  8
LINES
100
AcDbLine
 10
1064.3
 20
666.43
 30
0.0
 11
1061.71
 21
665.86
 31
0.0
  0
LINE
  5
2E9
330
17
100
AcDbEntity
  8
LINES
100
AcDbLine
 10
1061.27
 20
664.13
 30
0.0
 11
1064.44
 21
664.85
 31
0.0
  0
LINE
  5
2EA
330
17
100
AcDbEntity
  8
LINES
100
AcDbLine
 10
1062.86
 20
662.69
 30
0.0
 11
1062.14
 21
663.26
 31
0.0
  0
LINE
  5
2EB
330
17
100
AcDbEntity
  8
LINES
100
AcDbLine
 10
1062.57
 20
666.58
 30
0.0
 11
1062.28
 21
667.73
 31
0.0
  0
LINE
  5
2EC
330
17
100
AcDbEntity
  8
LINES
100
AcDbLine
 10
1063.43
 20
668.45
 30
0.0
 11
1063.15
 21
666.29
 31
0.0
  0
LINE
  5
2ED
330
17
100
AcDbEntity
  8
LINES
100
AcDbLine
 10
1062.86
 20
662.69
 30
0.0
 11
1064.3
 21
661.25
 31
0.0
  0
LINE
  5
2EE
330
17
100
AcDbEntity
  8
LINES
100
AcDbLine
 10
1062.71
 20
666.0
 30
0.0
 11
1062.14
 21
663.26
 31
0.0
  0
LINE
  5
2EF
330
17
100
AcDbEntity
  8
LINES
100
AcDbLine
 10
1063.43
 20
664.56
 30
0.0
 11
1063.0
 21
662.69
 31
0.0
  0
LINE
  5
2F0
330
17
100
AcDbEntity
  8
LINES
100
AcDbLine
 10
1066.03
 20
668.3
 30
0.0
 11
1066.17
 21
662.83
 31
0.0
  0
LINE
  5
2F1
330
17
100
AcDbEntity
  8
LINES
100
AcDbLine
 10
1066.03
 20
667.73
 30
0.0
 11
1068.76
 21
668.02
 31
0.0
  0
LINE
  5
2F2
330
17
100
AcDbEntity
  8
LINES
100
AcDbLine
 10
1068.47
 20
663.84
 30
0.0
 11
1068.76
 21
668.45
 31
0.0
  0
LINE
  5
2F3
330
17
100
AcDbEntity
  8
LINES
100
AcDbLine
 10
1066.17
 20
663.55
 30
0.0
 11
1068.76
 21
663.84
 31
0.0
  0
LINE
  5
2F4
330
17
100
AcDbEntity
  8
LINES
100
AcDbLine
 10
1066.17
 20
667.73
 30
0.0
 11
1068.76
 21
668.02
 31
0.0
  0
LINE
  5
2F5
330
17
100
AcDbEntity
  8
LINES
100
AcDbLine
 10
1071.64
 20
669.89
 30
0.0
 11
1071.64
 21
660.82
 31
0.0
  0
LINE
  5
2F6
330
17
100
AcDbEntity
  8
LINES
100
AcDbLine
 10
1071.64
 20
667.15
 30
0.0
 11
1070.35
 21
663.12
 31
0.0
  0
LINE
  5
2F7
330
17
100
AcDbEntity
  8
LINES
100
AcDbLine
 10
1071.64
 20
666.29
 30
0.0
 11
1072.36
 21
665.14
 31
0.0
  0
LINE
  5
2F8
330
17
100
AcDbEntity
  8
LINES
100
AcDbLine
 10
1072.51
 20
667.58
 30
0.0
 11
1070.63
 21
667.3
 31
0.0
  0
LINE
  5
2F9
330
17
100
AcDbEntity
  8
LINES
100
AcDbLine
 10
1072.79
 20
668.74
 30
0.0
 11
1074.67
 21
669.74
 31
0.0
  0
LINE
  5
2FA
330
17
100
AcDbEntity
  8
LINES
100
AcDbLine
 10
1073.23
 20
667.01
 30
0.0
 11
1074.52
 21
667.3
 31
0.0
  0
LINE
  5
2FB
330
17
100
AcDbEntity
  8
LINES
100
AcDbLine
 10
860.68
 20
641.81
 30
0.0
 11
862.12
 21
642.24
 31
0.0
  0
LINE
  5
2FC
330
17
100
AcDbEntity
  8
LINES
100
AcDbLine
 10
861.4
 20
645.7
 30
0.0
 11
861.4
 21
639.5
 31
0.0
  0
LINE
  5
2FD
330
17
100
AcDbEntity
  8
LINES
100
AcDbLine
 10
860.39
 20
638.64
 30
0.0
 11
862.27
 21
640.22
 31
0.0
  0
LINE
  5
2FE
330
17
100
AcDbEntity
  8
LINES
100
AcDbLine
 10
863.27
 20
646.56
 30
0.0
 11
863.27
 21
639.07
 31
0.0
  0
LINE
  5
2FF
330
17
100
AcDbEntity
  8
LINES
100
AcDbLine
 10
861.98
 20
641.23
 30
0.0
 11
864.43
 21
643.39
 31
0.0
  0
LINE
  5
300
330
17
100
AcDbEntity
  8
LINES
100
AcDbLine
 10
866.3
 20
646.27
 30
0.0
 11
866.3
 21
638.06
 31
0.0
  0
LINE
  5
301
330
17
100
AcDbEntity
  8
LINES
100
AcDbLine
 10
866.3
 20
645.55
 30
0.0
 11
869.61
 21
645.98
 31
0.0
  0
LINE
  5
302
330
17
100
AcDbEntity
  8
LINES
100
AcDbLine
 10
867.59
 20
644.54
 30
0.0
 11
866.44
 21
640.08
 31
0.0
  0
LINE
  5
303
330
17
100
AcDbEntity
  8
LINES
100
AcDbLine
 10
866.73
 20
643.82
 30
0.0
 11
867.74
 21
641.23
 31
0.0
  0
LINE
  5
304
330
17
100
AcDbEntity
  8
LINES
100
AcDbLine
 10
868.89
 20
644.83
 30
0.0
 11
867.59
 21
639.79
 31
0.0
  0
LINE
  5
305
330
17
100
AcDbEntity
  8
LINES
100
AcDbLine
 10
868.03
 20
643.82
 30
0.0
 11
869.03
 21
640.66
 31
0.0
  0
LINE
  5
306
330
17
100
AcDbEntity
  8
LINES
100
AcDbLine
 10
881.42
 20
647.28
 30
0.0
 11
881.42
 21
637.34
 31
0.0
  0
LINE
  5
307
330
17
100
AcDbEntity
  8
LINES
100
AcDbLine
 10
878.83
 20
647.28
 30
0.0
 11
884.01
 21
647.28
 31
0.0
  0
LINE
  5
308
330
17
100
AcDbEntity
  8
LINES
100
AcDbLine
 10
895.39
 20
642.96
 30
0.0
 11
894.23
 21
642.67
 31
0.0
  0
LINE
  5
309
330
17
100
AcDbEntity
  8
LINES
100
AcDbLine
 10
895.39
 20
639.07
 30
0.0
 11
895.39
 21
643.39
 31
0.0
  0
LINE
  5
30A
330
17
100
AcDbEntity
  8
LINES
100
AcDbLine
 10
896.25
 20
640.22
 30
0.0
 11
895.1
 21
638.21
 31
0.0
  0
LINE
  5
30B
330
17
100
AcDbEntity
  8
LINES
100
AcDbLine
 10
894.95
 20
645.84
 30
0.0
 11
895.67
 21
644.4
 31
0.0
  0
LINE
  5
30C
330
17
100
AcDbEntity
  8
LINES
100
AcDbLine
 10
896.39
 20
641.95
 30
0.0
 11
897.98
 21
642.1
 31
0.0
  0
LINE
  5
30D
330
17
100
AcDbEntity
  8
LINES
100
AcDbLine
 10
898.12
 20
642.38
 30
0.0
 11
897.4
 21
640.08
 31
0.0
  0
LINE
  5
30E
330
17
100
AcDbEntity
  8
LINES
100
AcDbLine
 10
896.68
 20
646.13
 30
0.0
 11
896.68
 21
644.26
 31
0.0
  0
LINE
  5
30F
330
17
100
AcDbEntity
  8
LINES
100
AcDbLine
 10
896.68
 20
645.55
 30
0.0
 11
897.69
 21
645.84
 31
0.0
  0
LINE
  5
310
330
17
100
AcDbEntity
  8
LINES
100
AcDbLine
 10
901.58
 20
646.27
 30
0.0
 11
900.86
 21
644.69
 31
0.0
  0
LINE
  5
311
330
17
100
AcDbEntity
  8
LINES
100
AcDbLine
 10
902.01
 20
641.23
 30
0.0
 11
902.01
 21
638.21
 31
0.0
  0
LINE
  5
312
330
17
100
AcDbEntity
  8
LINES
100
AcDbLine
 10
901.15
 20
639.65
 30
0.0
 11
902.73
 21
639.79
 31
0.0
  0
LINE
  5
313
330
17
100
AcDbEntity
  8
LINES
100
AcDbLine
 10
903.02
 20
638.21
 30
0.0
 11
900.86
 21
637.92
 31
0.0
  0
LINE
  5
314
330
17
100
AcDbEntity
  8
LINES
100
AcDbLine
 10
903.16
 20
641.66
 30
0.0
 11
903.02
 21
637.49
 31
0.0
  0
LINE
  5
315
330
17
100
AcDbEntity
  8
LINES
100
AcDbLine
 10
900.86
 20
641.23
 30
0.0
 11
903.02
 21
641.52
 31
0.0
  0
LINE
  5
316
330
17
100
AcDbEntity
  8
LINES
100
AcDbLine
 10
900.86
 20
641.52
 30
0.0
 11
900.86
 21
637.49
 31
0.0
  0
LINE
  5
317
330
17
100
AcDbEntity
  8
LINES
100
AcDbLine
 10
901.0
 20
644.98
 30
0.0
 11
903.02
 21
645.26
 31
0.0
  0
LINE
  5
318
330
17
100
AcDbEntity
  8
LINES
100
AcDbLine
 10
900.86
 20
644.69
 30
0.0
 11
899.85
 21
642.82
 31
0.0
  0
LINE
  5
319
330
17
100
AcDbEntity
  8
LINES
100
AcDbLine
 10
908.06
 20
644.4
 30
0.0
 11
907.77
 21
642.67
 31
0.0
  0
LINE
  5
31A
330
17
100
AcDbEntity
  8
LINES
100
AcDbLine
 10
906.62
 20
644.11
 30
0.0
 11
906.91
 21
642.82
 31
0.0
  0
LINE
  5
31B
330
17
100
AcDbEntity
  8
LINES
100
AcDbLine
 10
908.06
 20
642.67
 30
0.0
 11
908.06
 21
637.49
 31
0.0
  0
LINE
  5
31C
330
17
100
AcDbEntity
  8
LINES
100
AcDbLine
 10
905.9
 20
640.66
 30
0.0
 11
909.35
 21
641.23
 31
0.0
  0
LINE
  5
31D
330
17
100
AcDbEntity
  8
LINES
100
AcDbLine
 10
906.19
 20
642.38
 30
0.0
 11
908.78
 21
642.96
 31
0.0
  0
LINE
  5
31E
330
17
100
AcDbEntity
  8
LINES
100
AcDbLine
 10
908.35
 20
644.83
 30
0.0
 11
908.49
 21
646.27
 31
0.0
  0
LINE
  5
31F
330
17
100
AcDbEntity
  8
LINES
100
AcDbLine
 10
906.04
 20
644.4
 30
0.0
 11
908.63
 21
644.83
 31
0.0
  0
LINE
  5
320
330
17
100
AcDbEntity
  8
LINES
100
AcDbLine
 10
906.04
 20
645.55
 30
0.0
 11
908.49
 21
645.98
 31
0.0
  0
LINE
  5
321
330
17
100
AcDbEntity
  8
LINES
100
AcDbLine
 10
916.27
 20
644.11
 30
0.0
 11
919.29
 21
644.54
 31
0.0
  0
LINE
  5
322
330
17
100
AcDbEntity
  8
LINES
100
AcDbLine
 10
915.4
 20
639.22
 30
0.0
 11
920.01
 21
639.5
 31
0.0
  0
LINE
  5
323
330
17
100
AcDbEntity
  8
LINES
100
AcDbLine
 10
860.68
 20
618.19
 30
0.0
 11
862.12
 21
618.62
 31
0.0
  0
LINE
  5
324
330
17
100
AcDbEntity
  8
LINES
100
AcDbLine
 10
861.4
 20
622.08
 30
0.0
 11
861.4
 21
615.89
 31
0.0
  0
LINE
  5
325
330
17
100
AcDbEntity
  8
LINES
100
AcDbLine
 10
860.39
 20
615.02
 30
0.0
 11
862.27
 21
616.61
 31
0.0
  0
LINE
  5
326
330
17
100
AcDbEntity
  8
LINES
100
AcDbLine
 10
863.27
 20
622.94
 30
0.0
 11
863.27
 21
615.31
 31
0.0
  0
LINE
  5
327
330
17
100
AcDbEntity
  8
LINES
100
AcDbLine
 10
861.98
 20
617.62
 30
0.0
 11
864.43
 21
619.78
 31
0.0
  0
LINE
  5
328
330
17
100
AcDbEntity
  8
LINES
100
AcDbLine
 10
866.3
 20
622.66
 30
0.0
 11
866.3
 21
614.45
 31
0.0
  0
LINE
  5
329
330
17
100
AcDbEntity
  8
LINES
100
AcDbLine
 10
866.3
 20
621.94
 30
0.0
 11
869.61
 21
622.37
 31
0.0
  0
LINE
  5
32A
330
17
100
AcDbEntity
  8
LINES
100
AcDbLine
 10
867.59
 20
620.93
 30
0.0
 11
866.44
 21
616.46
 31
0.0
  0
LINE
  5
32B
330
17
100
AcDbEntity
  8
LINES
100
AcDbLine
 10
866.73
 20
620.21
 30
0.0
 11
867.74
 21
617.62
 31
0.0
  0
LINE
  5
32C
330
17
100
AcDbEntity
  8
LINES
100
AcDbLine
 10
868.89
 20
621.22
 30
0.0
 11
867.59
 21
616.18
 31
0.0
  0
LINE
  5
32D
330
17
100
AcDbEntity
  8
LINES
100
AcDbLine
 10
868.03
 20
620.21
 30
0.0
 11
869.03
 21
617.04
 31
0.0
  0
LINE
  5
32E
330
17
100
AcDbEntity
  8
LINES
100
AcDbLine
 10
881.42
 20
623.66
 30
0.0
 11
881.42
 21
613.73
 31
0.0
  0
LINE
  5
32F
330
17
100
AcDbEntity
  8
LINES
100
AcDbLine
 10
878.83
 20
623.66
 30
0.0
 11
884.01
 21
623.66
 31
0.0
  0
LINE
  5
330
330
17
100
AcDbEntity
  8
LINES
100
AcDbLine
 10
895.39
 20
619.34
 30
0.0
 11
894.23
 21
619.06
 31
0.0
  0
LINE
  5
331
330
17
100
AcDbEntity
  8
LINES
100
AcDbLine
 10
895.39
 20
615.31
 30
0.0
 11
895.39
 21
619.78
 31
0.0
  0
LINE
  5
332
330
17
100
AcDbEntity
  8
LINES
100
AcDbLine
 10
896.25
 20
616.61
 30
0.0
 11
895.1
 21
614.59
 31
0.0
  0
LINE
  5
333
330
17
100
AcDbEntity
  8
LINES
100
AcDbLine
 10
894.95
 20
622.22
 30
0.0
 11
895.67
 21
620.78
 31
0.0
  0
LINE
  5
334
330
17
100
AcDbEntity
  8
LINES
100
AcDbLine
 10
896.39
 20
618.34
 30
0.0
 11
897.98
 21
618.48
 31
0.0
  0
LINE
  5
335
330
17
100
AcDbEntity
  8
LINES
100
AcDbLine
 10
898.12
 20
618.77
 30
0.0
 11
897.4
 21
616.46
 31
0.0
  0
LINE
  5
336
330
17
100
AcDbEntity
  8
LINES
100
AcDbLine
 10
896.68
 20
622.51
 30
0.0
 11
896.68
 21
620.64
 31
0.0
  0
LINE
  5
337
330
17
100
AcDbEntity
  8
LINES
100
AcDbLine
 10
896.68
 20
621.94
 30
0.0
 11
897.69
 21
622.22
 31
0.0
  0
LINE
  5
338
330
17
100
AcDbEntity
  8
LINES
100
AcDbLine
 10
901.58
 20
622.66
 30
0.0
 11
900.86
 21
621.07
 31
0.0
  0
LINE
  5
339
330
17
100
AcDbEntity
  8
LINES
100
AcDbLine
 10
902.01
 20
617.62
 30
0.0
 11
902.01
 21
614.59
 31
0.0
  0
LINE
  5
33A
330
17
100
AcDbEntity
  8
LINES
100
AcDbLine
 10
901.15
 20
616.03
 30
0.0
 11
902.73
 21
616.18
 31
0.0
  0
LINE
  5
33B
330
17
100
AcDbEntity
  8
LINES
100
AcDbLine
 10
903.02
 20
614.59
 30
0.0
 11
900.86
 21
614.3
 31
0.0
  0
LINE
  5
33C
330
17
100
AcDbEntity
  8
LINES
100
AcDbLine
 10
903.16
 20
618.05
 30
0.0
 11
903.02
 21
613.87
 31
0.0
  0
LINE
  5
33D
330
17
100
AcDbEntity
  8
LINES
100
AcDbLine
 10
900.86
 20
617.62
 30
0.0
 11
903.02
 21
617.9
 31
0.0
  0
LINE
  5
33E
330
17
100
AcDbEntity
  8
LINES
100
AcDbLine
 10
900.86
 20
617.9
 30
0.0
 11
900.86
 21
613.87
 31
0.0
  0
LINE
  5
33F
330
17
100
AcDbEntity
  8
LINES
100
AcDbLine
 10
901.0
 20
621.36
 30
0.0
 11
903.02
 21
621.65
 31
0.0
  0
LINE
  5
340
330
17
100
AcDbEntity
  8
LINES
100
AcDbLine
 10
900.86
 20
621.07
 30
0.0
 11
899.85
 21
619.2
 31
0.0
  0
LINE
  5
341
330
17
100
AcDbEntity
  8
LINES
100
AcDbLine
 10
908.06
 20
620.78
 30
0.0
 11
907.77
 21
619.06
 31
0.0
  0
LINE
  5
342
330
17
100
AcDbEntity
  8
LINES
100
AcDbLine
 10
906.62
 20
620.5
 30
0.0
 11
906.91
 21
619.2
 31
0.0
  0
LINE
  5
343
330
17
100
AcDbEntity
  8
LINES
100
AcDbLine
 10
908.06
 20
619.06
 30
0.0
 11
908.06
 21
613.87
 31
0.0
  0
LINE
  5
344
330
17
100
AcDbEntity
  8
LINES
100
AcDbLine
 10
905.9
 20
617.04
 30
0.0
 11
909.35
 21
617.62
 31
0.0
  0
LINE
  5
345
330
17
100
AcDbEntity
  8
LINES
100
AcDbLine
 10
906.19
 20
618.77
 30
0.0
 11
908.78
 21
619.34
 31
0.0
  0
LINE
  5
346
330
17
100
AcDbEntity
  8
LINES
100
AcDbLine
 10
908.35
 20
621.22
 30
0.0
 11
908.49
 21
622.66
 31
0.0
  0
LINE
  5
347
330
17
100
AcDbEntity
  8
LINES
100
AcDbLine
 10
906.04
 20
620.78
 30
0.0
 11
908.63
 21
621.22
 31
0.0
  0
LINE
  5
348
330
17
100
AcDbEntity
  8
LINES
100
AcDbLine
 10
906.04
 20
621.94
 30
0.0
 11
908.49
 21
622.37
 31
0.0
  0
LINE
  5
349
330
17
100
AcDbEntity
  8
LINES
100
AcDbLine
 10
915.4
 20
617.62
 30
0.0
 11
920.15
 21
618.05
 31
0.0
  0
LINE
  5
34A
330
17
100
AcDbEntity
  8
LINES
100
AcDbLine
 10
868.31
 20
597.74
 30
0.0
 11
866.59
 21
594.0
 31
0.0
  0
LINE
  5
34B
330
17
100
AcDbEntity
  8
LINES
100
AcDbLine
 10
867.88
 20
596.59
 30
0.0
 11
867.88
 21
592.27
 31
0.0
  0
LINE
  5
34C
330
17
100
AcDbEntity
  8
LINES
100
AcDbLine
 10
870.47
 20
597.02
 30
0.0
 11
868.6
 21
594.58
 31
0.0
  0
LINE
  5
34D
330
17
100
AcDbEntity
  8
LINES
100
AcDbLine
 10
866.59
 20
591.12
 30
0.0
 11
871.19
 21
591.84
 31
0.0
  0
LINE
  5
34E
330
17
100
AcDbEntity
  8
LINES
100
AcDbLine
 10
868.89
 20
592.99
 30
0.0
 11
868.89
 21
588.24
 31
0.0
  0
LINE
  5
34F
330
17
100
AcDbEntity
  8
LINES
100
AcDbLine
 10
874.36
 20
594.29
 30
0.0
 11
873.79
 21
591.98
 31
0.0
  0
LINE
  5
350
330
17
100
AcDbEntity
  8
LINES
100
AcDbLine
 10
872.49
 20
593.86
 30
0.0
 11
876.23
 21
594.72
 31
0.0
  0
LINE
  5
351
330
17
100
AcDbEntity
  8
LINES
100
AcDbLine
 10
874.51
 20
592.85
 30
0.0
 11
875.08
 21
591.26
 31
0.0
  0
LINE
  5
352
330
17
100
AcDbEntity
  8
LINES
100
AcDbLine
 10
873.07
 20
596.88
 30
0.0
 11
873.79
 21
595.15
 31
0.0
  0
LINE
  5
353
330
17
100
AcDbEntity
  8
LINES
100
AcDbLine
 10
872.2
 20
588.67
 30
0.0
 11
873.79
 21
591.98
 31
0.0
  0
LINE
  5
354
330
17
100
AcDbEntity
  8
LINES
100
AcDbLine
 10
874.36
 20
594.29
 30
0.0
 11
874.79
 21
597.74
 31
0.0
  0
LINE
  5
355
330
17
100
AcDbEntity
  8
LINES
100
AcDbLine
 10
892.36
 20
588.53
 30
0.0
 11
892.36
 21
598.46
 31
0.0
  0
LINE
  5
356
330
17
100
AcDbEntity
  8
LINES
100
AcDbLine
 10
897.55
 20
598.46
 30
0.0
 11
897.55
 21
588.53
 31
0.0
  0
LINE
  5
357
330
17
100
AcDbEntity
  8
LINES
100
AcDbLine
 10
892.36
 20
593.71
 30
0.0
 11
897.55
 21
593.71
 31
0.0
  0
LINE
  5
358
330
17
100
AcDbEntity
  8
LINES
100
AcDbLine
 10
902.15
 20
594.0
 30
0.0
 11
901.0
 21
593.86
 31
0.0
  0
LINE
  5
359
330
17
100
AcDbEntity
  8
LINES
100
AcDbLine
 10
902.15
 20
590.11
 30
0.0
 11
902.15
 21
594.43
 31
0.0
  0
LINE
  5
35A
330
17
100
AcDbEntity
  8
LINES
100
AcDbLine
 10
902.87
 20
591.41
 30
0.0
 11
901.72
 21
589.25
 31
0.0
  0
LINE
  5
35B
330
17
100
AcDbEntity
  8
LINES
100
AcDbLine
 10
901.72
 20
596.88
 30
0.0
 11
902.3
 21
595.44
 31
0.0
  0
LINE
  5
35C
330
17
100
AcDbEntity
  8
LINES
100
AcDbLine
 10
903.16
 20
592.99
 30
0.0
 11
904.75
 21
593.28
 31
0.0
  0
LINE
  5
35D
330
17
100
AcDbEntity
  8
LINES
100
AcDbLine
 10
904.89
 20
593.57
 30
0.0
 11
904.17
 21
591.12
 31
0.0
  0
LINE
  5
35E
330
17
100
AcDbEntity
  8
LINES
100
AcDbLine
 10
903.45
 20
597.31
 30
0.0
 11
903.45
 21
595.44
 31
0.0
  0
LINE
  5
35F
330
17
100
AcDbEntity
  8
LINES
100
AcDbLine
 10
903.45
 20
596.74
 30
0.0
 11
904.46
 21
596.88
 31
0.0
  0
LINE
  5
360
330
17
100
AcDbEntity
  8
LINES
100
AcDbLine
 10
908.35
 20
597.46
 30
0.0
 11
907.63
 21
595.87
 31
0.0
  0
LINE
  5
361
330
17
100
AcDbEntity
  8
LINES
100
AcDbLine
 10
908.78
 20
592.42
 30
0.0
 11
908.78
 21
589.39
 31
0.0
  0
LINE
  5
362
330
17
100
AcDbEntity
  8
LINES
100
AcDbLine
 10
907.91
 20
590.69
 30
0.0
 11
909.5
 21
590.98
 31
0.0
  0
LINE
  5
363
330
17
100
AcDbEntity
  8
LINES
100
AcDbLine
 10
909.64
 20
589.39
 30
0.0
 11
907.63
 21
589.1
 31
0.0
  0
LINE
  5
364
330
17
100
AcDbEntity
  8
LINES
100
AcDbLine
 10
909.93
 20
592.85
 30
0.0
 11
909.64
 21
588.67
 31
0.0
  0
LINE
  5
365
330
17
100
AcDbEntity
  8
LINES
100
AcDbLine
 10
907.63
 20
592.27
 30
0.0
 11
909.79
 21
592.56
 31
0.0
  0
LINE
  5
366
330
17
100
AcDbEntity
  8
LINES
100
AcDbLine
 10
907.63
 20
592.7
 30
0.0
 11
907.63
 21
588.67
 31
0.0
  0
LINE
  5
367
330
17
100
AcDbEntity
  8
LINES
100
AcDbLine
 10
907.77
 20
596.16
 30
0.0
 11
909.64
 21
596.45
 31
0.0
  0
LINE
  5
368
330
17
100
AcDbEntity
  8
LINES
100
AcDbLine
 10
907.63
 20
595.87
 30
0.0
 11
906.62
 21
594.0
 31
0.0
  0
LINE
  5
369
330
17
100
AcDbEntity
  8
LINES
100
AcDbLine
 10
914.68
 20
595.44
 30
0.0
 11
914.54
 21
593.86
 31
0.0
  0
LINE
  5
36A
330
17
100
AcDbEntity
  8
LINES
100
AcDbLine
 10
913.39
 20
595.3
 30
0.0
 11
913.67
 21
594.0
 31
0.0
  0
LINE
  5
36B
330
17
100
AcDbEntity
  8
LINES
100
AcDbLine
 10
914.68
 20
593.86
 30
0.0
 11
914.68
 21
588.67
 31
0.0
  0
LINE
  5
36C
330
17
100
AcDbEntity
  8
LINES
100
AcDbLine
 10
912.67
 20
591.84
 30
0.0
 11
916.12
 21
592.27
 31
0.0
  0
LINE
  5
36D
330
17
100
AcDbEntity
  8
LINES
100
AcDbLine
 10
912.95
 20
593.57
 30
0.0
 11
915.55
 21
594.0
 31
0.0
  0
LINE
  5
36E
330
17
100
AcDbEntity
  8
LINES
100
AcDbLine
 10
915.11
 20
595.87
 30
0.0
 11
915.26
 21
597.46
 31
0.0
  0
LINE
  5
36F
330
17
100
AcDbEntity
  8
LINES
100
AcDbLine
 10
912.81
 20
595.44
 30
0.0
 11
915.26
 21
595.87
 31
0.0
  0
LINE
  5
370
330
17
100
AcDbEntity
  8
LINES
100
AcDbLine
 10
912.81
 20
596.74
 30
0.0
 11
915.11
 21
597.17
 31
0.0
  0
LINE
  5
371
330
17
100
AcDbEntity
  8
LINES
100
AcDbLine
 10
1035.64
 20
597.74
 30
0.0
 11
1035.64
 21
588.38
 31
0.0
  0
LINE
  5
372
330
17
100
AcDbEntity
  8
LINES
100
AcDbLine
 10
1033.48
 20
594.72
 30
0.0
 11
1037.8
 21
595.3
 31
0.0
  0
LINE
  5
373
330
17
100
AcDbEntity
  8
LINES
100
AcDbLine
 10
1034.49
 20
590.83
 30
0.0
 11
1036.65
 21
591.12
 31
0.0
  0
LINE
  5
374
330
17
100
AcDbEntity
  8
LINES
100
AcDbLine
 10
1041.98
 20
592.27
 30
0.0
 11
1041.4
 21
588.53
 31
0.0
  0
LINE
  5
375
330
17
100
AcDbEntity
  8
LINES
100
AcDbLine
 10
1041.98
 20
594.43
 30
0.0
 11
1042.84
 21
594.72
 31
0.0
  0
LINE
  5
376
330
17
100
AcDbEntity
  8
LINES
100
AcDbLine
 10
1041.98
 20
592.42
 30
0.0
 11
1042.84
 21
592.56
 31
0.0
  0
LINE
  5
377
330
17
100
AcDbEntity
  8
LINES
100
AcDbLine
 10
1038.81
 20
595.44
 30
0.0
 11
1041.4
 21
596.02
 31
0.0
  0
LINE
  5
378
330
17
100
AcDbEntity
  8
LINES
100
AcDbLine
 10
1039.53
 20
597.46
 30
0.0
 11
1039.53
 21
591.84
 31
0.0
  0
LINE
  5
379
330
17
100
AcDbEntity
  8
LINES
100
AcDbLine
 10
1038.67
 20
591.41
 30
0.0
 11
1041.4
 21
591.98
 31
0.0
  0
LINE
  5
37A
330
17
100
AcDbEntity
  8
LINES
100
AcDbLine
 10
1040.97
 20
597.74
 30
0.0
 11
1040.68
 21
591.84
 31
0.0
  0
LINE
  5
37B
330
17
100
AcDbEntity
  8
LINES
100
AcDbLine
 10
1039.53
 20
594.43
 30
0.0
 11
1040.54
 21
594.58
 31
0.0
  0
LINE
  5
37C
330
17
100
AcDbEntity
  8
LINES
100
AcDbLine
 10
1039.53
 20
592.99
 30
0.0
 11
1040.54
 21
593.28
 31
0.0
  0
LINE
  5
37D
330
17
100
AcDbEntity
  8
LINES
100
AcDbLine
 10
1039.53
 20
591.12
 30
0.0
 11
1038.67
 21
588.82
 31
0.0
  0
LINE
  5
37E
330
17
100
AcDbEntity
  8
LINES
100
AcDbLine
 10
1040.39
 20
591.12
 30
0.0
 11
1040.83
 21
589.68
 31
0.0
  0
LINE
  5
37F
330
17
100
AcDbEntity
  8
LINES
100
AcDbLine
 10
1041.98
 20
596.45
 30
0.0
 11
1042.99
 21
596.59
 31
0.0
  0
LINE
  5
380
330
17
100
AcDbEntity
  8
LINES
100
AcDbLine
 10
1041.98
 20
596.88
 30
0.0
 11
1041.98
 21
592.13
 31
0.0
  0
LINE
  5
381
330
17
100
AcDbEntity
  8
LINES
100
AcDbLine
 10
1043.85
 20
591.7
 30
0.0
 11
1045.87
 21
593.42
 31
0.0
  0
LINE
  5
382
330
17
100
AcDbEntity
  8
LINES
100
AcDbLine
 10
1043.99
 20
594.43
 30
0.0
 11
1045.87
 21
594.72
 31
0.0
  0
LINE
  5
383
330
17
100
AcDbEntity
  8
LINES
100
AcDbLine
 10
1047.02
 20
597.74
 30
0.0
 11
1047.45
 21
596.3
 31
0.0
  0
LINE
  5
384
330
17
100
AcDbEntity
  8
LINES
100
AcDbLine
 10
1048.46
 20
595.87
 30
0.0
 11
1046.44
 21
595.44
 31
0.0
  0
LINE
  5
385
330
17
100
AcDbEntity
  8
LINES
100
AcDbLine
 10
1053.5
 20
596.74
 30
0.0
 11
1052.92
 21
595.15
 31
0.0
  0
LINE
  5
386
330
17
100
AcDbEntity
  8
LINES
100
AcDbLine
 10
1049.9
 20
596.59
 30
0.0
 11
1049.75
 21
594.43
 31
0.0
  0
LINE
  5
387
330
17
100
AcDbEntity
  8
LINES
100
AcDbLine
 10
1051.05
 20
597.74
 30
0.0
 11
1051.63
 21
596.88
 31
0.0
  0
LINE
  5
388
330
17
100
AcDbEntity
  8
LINES
100
AcDbLine
 10
1049.9
 20
595.87
 30
0.0
 11
1053.35
 21
596.45
 31
0.0
  0
LINE
  5
389
330
17
100
AcDbEntity
  8
LINES
100
AcDbLine
 10
1050.91
 20
594.86
 30
0.0
 11
1049.61
 21
592.7
 31
0.0
  0
LINE
  5
38A
330
17
100
AcDbEntity
  8
LINES
100
AcDbLine
 10
1052.06
 20
594.86
 30
0.0
 11
1052.78
 21
593.71
 31
0.0
  0
LINE
  5
38B
330
17
100
AcDbEntity
  8
LINES
100
AcDbLine
 10
1050.62
 20
591.12
 30
0.0
 11
1050.76
 21
588.24
 31
0.0
  0
LINE
  5
38C
330
17
100
AcDbEntity
  8
LINES
100
AcDbLine
 10
1050.76
 20
590.83
 30
0.0
 11
1052.35
 21
591.12
 31
0.0
  0
LINE
  5
38D
330
17
100
AcDbEntity
  8
LINES
100
AcDbLine
 10
1052.35
 20
591.26
 30
0.0
 11
1052.2
 21
589.1
 31
0.0
  0
LINE
  5
38E
330
17
100
AcDbEntity
  8
LINES
100
AcDbLine
 10
1052.35
 20
589.1
 30
0.0
 11
1050.76
 21
588.96
 31
0.0
  0
LINE
  5
38F
330
17
100
AcDbEntity
  8
LINES
100
AcDbLine
 10
1056.81
 20
597.74
 30
0.0
 11
1056.81
 21
593.71
 31
0.0
  0
LINE
  5
390
330
17
100
AcDbEntity
  8
LINES
100
AcDbLine
 10
1058.83
 20
594.0
 30
0.0
 11
1054.79
 21
593.42
 31
0.0
  0
LINE
  5
391
330
17
100
AcDbEntity
  8
LINES
100
AcDbLine
 10
1058.83
 20
588.67
 30
0.0
 11
1058.68
 21
590.69
 31
0.0
  0
LINE
  5
392
330
17
100
AcDbEntity
  8
LINES
100
AcDbLine
 10
1055.95
 20
594.72
 30
0.0
 11
1055.51
 21
596.3
 31
0.0
  0
LINE
  5
393
330
17
100
AcDbEntity
  8
LINES
100
AcDbLine
 10
1057.24
 20
594.14
 30
0.0
 11
1058.11
 21
596.45
 31
0.0
  0
LINE
  5
394
330
17
100
AcDbEntity
  8
LINES
100
AcDbLine
 10
1061.42
 20
595.3
 30
0.0
 11
1059.83
 21
594.72
 31
0.0
  0
LINE
  5
395
330
17
100
AcDbEntity
  8
LINES
100
AcDbLine
 10
1059.83
 20
591.84
 30
0.0
 11
1061.42
 21
593.71
 31
0.0
  0
LINE
  5
396
330
17
100
AcDbEntity
  8
LINES
100
AcDbLine
 10
1062.43
 20
597.74
 30
0.0
 11
1063.15
 21
596.16
 31
0.0
  0
LINE
  5
397
330
17
100
AcDbEntity
  8
LINES
100
AcDbLine
 10
1061.71
 20
595.58
 30
0.0
 11
1064.01
 21
596.16
 31
0.0
  0
LINE
  5
398
330
17
100
AcDbEntity
  8
LINES
100
AcDbLine
 10
1064.3
 20
594.0
 30
0.0
 11
1061.71
 21
593.28
 31
0.0
  0
LINE
  5
399
330
17
100
AcDbEntity
  8
LINES
100
AcDbLine
 10
1061.27
 20
591.7
 30
0.0
 11
1064.44
 21
592.27
 31
0.0
  0
LINE
  5
39A
330
17
100
AcDbEntity
  8
LINES
100
AcDbLine
 10
1062.86
 20
590.26
 30
0.0
 11
1062.14
 21
590.69
 31
0.0
  0
LINE
  5
39B
330
17
100
AcDbEntity
  8
LINES
100
AcDbLine
 10
1062.57
 20
594.0
 30
0.0
 11
1062.28
 21
595.3
 31
0.0
  0
LINE
  5
39C
330
17
100
AcDbEntity
  8
LINES
100
AcDbLine
 10
1063.43
 20
596.02
 30
0.0
 11
1063.15
 21
593.71
 31
0.0
  0
LINE
  5
39D
330
17
100
AcDbEntity
  8
LINES
100
AcDbLine
 10
1062.86
 20
590.26
 30
0.0
 11
1064.3
 21
588.82
 31
0.0
  0
LINE
  5
39E
330
17
100
AcDbEntity
  8
LINES
100
AcDbLine
 10
1062.71
 20
593.57
 30
0.0
 11
1062.14
 21
590.69
 31
0.0
  0
LINE
  5
39F
330
17
100
AcDbEntity
  8
LINES
100
AcDbLine
 10
1063.43
 20
592.13
 30
0.0
 11
1063.0
 21
590.11
 31
0.0
  0
LINE
  5
3A0
330
17
100
AcDbEntity
  8
LINES
100
AcDbLine
 10
1066.03
 20
595.87
 30
0.0
 11
1066.17
 21
590.4
 31
0.0
  0
LINE
  5
3A1
330
17
100
AcDbEntity
  8
LINES
100
AcDbLine
 10
1066.03
 20
595.15
 30
0.0
 11
1068.76
 21
595.44
 31
0.0
  0
LINE
  5
3A2
330
17
100
AcDbEntity
  8
LINES
100
AcDbLine
 10
1068.47
 20
591.41
 30
0.0
 11
1068.76
 21
595.87
 31
0.0
  0
LINE
  5
3A3
330
17
100
AcDbEntity
  8
LINES
100
AcDbLine
 10
1066.17
 20
591.12
 30
0.0
 11
1068.76
 21
591.41
 31
0.0
  0
LINE
  5
3A4
330
17
100
AcDbEntity
  8
LINES
100
AcDbLine
 10
1066.17
 20
595.15
 30
0.0
 11
1068.76
 21
595.44
 31
0.0
  0
LINE
  5
3A5
330
17
100
AcDbEntity
  8
LINES
100
AcDbLine
 10
1071.64
 20
597.31
 30
0.0
 11
1071.64
 21
588.38
 31
0.0
  0
LINE
  5
3A6
330
17
100
AcDbEntity
  8
LINES
100
AcDbLine
 10
1071.64
 20
594.72
 30
0.0
 11
1070.35
 21
590.69
 31
0.0
  0
LINE
  5
3A7
330
17
100
AcDbEntity
  8
LINES
100
AcDbLine
 10
1071.64
 20
593.71
 30
0.0
 11
1072.36
 21
592.56
 31
0.0
  0
LINE
  5
3A8
330
17
100
AcDbEntity
  8
LINES
100
AcDbLine
 10
1072.51
 20
595.15
 30
0.0
 11
1070.63
 21
594.72
 31
0.0
  0
LINE
  5
3A9
330
17
100
AcDbEntity
  8
LINES
100
AcDbLine
 10
1072.79
 20
596.16
 30
0.0
 11
1074.67
 21
597.31
 31
0.0
  0
LINE
  5
3AA
330
17
100
AcDbEntity
  8
LINES
100
AcDbLine
 10
1073.23
 20
594.43
 30
0.0
 11
1074.52
 21
594.72
 31
0.0
  0
LINE
  5
3AB
330
17
100
AcDbEntity
  8
LINES
100
AcDbLine
 10
880.84
 20
573.98
 30
0.0
 11
880.84
 21
570.1
 31
0.0
  0
LINE
  5
3AC
330
17
100
AcDbEntity
  8
LINES
100
AcDbLine
 10
882.86
 20
570.38
 30
0.0
 11
878.83
 21
569.81
 31
0.0
  0
LINE
  5
3AD
330
17
100
AcDbEntity
  8
LINES
100
AcDbLine
 10
882.86
 20
565.06
 30
0.0
 11
882.71
 21
567.07
 31
0.0
  0
LINE
  5
3AE
330
17
100
AcDbEntity
  8
LINES
100
AcDbLine
 10
879.98
 20
571.1
 30
0.0
 11
879.55
 21
572.69
 31
0.0
  0
LINE
  5
3AF
330
17
100
AcDbEntity
  8
LINES
100
AcDbLine
 10
881.42
 20
570.53
 30
0.0
 11
882.14
 21
572.83
 31
0.0
  0
LINE
  5
3B0
330
17
100
AcDbEntity
  8
LINES
100
AcDbLine
 10
885.02
 20
573.7
 30
0.0
 11
884.01
 21
570.38
 31
0.0
  0
LINE
  5
3B1
330
17
100
AcDbEntity
  8
LINES
100
AcDbLine
 10
883.87
 20
565.78
 30
0.0
 11
885.59
 21
567.07
 31
0.0
  0
LINE
  5
3B2
330
17
100
AcDbEntity
  8
LINES
100
AcDbLine
 10
884.15
 20
567.94
 30
0.0
 11
885.59
 21
568.66
 31
0.0
  0
LINE
  5
3B3
330
17
100
AcDbEntity
  8
LINES
100
AcDbLine
 10
885.59
 20
571.54
 30
0.0
 11
884.3
 21
568.08
 31
0.0
  0
LINE
  5
3B4
330
17
100
AcDbEntity
  8
LINES
100
AcDbLine
 10
883.87
 20
570.1
 30
0.0
 11
885.31
 21
570.82
 31
0.0
  0
LINE
  5
3B5
330
17
100
AcDbEntity
  8
LINES
100
AcDbLine
 10
888.04
 20
573.26
 30
0.0
 11
886.03
 21
571.97
 31
0.0
  0
LINE
  5
3B6
330
17
100
AcDbEntity
  8
LINES
100
AcDbLine
 10
885.74
 20
569.38
 30
0.0
 11
888.47
 21
569.81
 31
0.0
  0
LINE
  5
3B7
330
17
100
AcDbEntity
  8
LINES
100
AcDbLine
 10
887.18
 20
572.54
 30
0.0
 11
887.18
 21
564.91
 31
0.0
  0
LINE
  5
3B8
330
17
100
AcDbEntity
  8
LINES
100
AcDbLine
 10
889.19
 20
572.98
 30
0.0
 11
891.79
 21
573.55
 31
0.0
  0
LINE
  5
3B9
330
17
100
AcDbEntity
  8
LINES
100
AcDbLine
 10
893.23
 20
570.24
 30
0.0
 11
891.79
 21
569.95
 31
0.0
  0
LINE
  5
3BA
330
17
100
AcDbEntity
  8
LINES
100
AcDbLine
 10
893.23
 20
572.98
 30
0.0
 11
892.94
 21
570.24
 31
0.0
  0
LINE
  5
3BB
330
17
100
AcDbEntity
  8
LINES
100
AcDbLine
 10
891.79
 20
572.4
 30
0.0
 11
893.08
 21
572.69
 31
0.0
  0
LINE
  5
3BC
330
17
100
AcDbEntity
  8
LINES
100
AcDbLine
 10
890.49
 20
573.12
 30
0.0
 11
890.49
 21
569.09
 31
0.0
  0
LINE
  5
3BD
330
17
100
AcDbEntity
  8
LINES
100
AcDbLine
 10
889.77
 20
567.79
 30
0.0
 11
890.63
 21
568.08
 31
0.0
  0
LINE
  5
3BE
330
17
100
AcDbEntity
  8
LINES
100
AcDbLine
 10
889.48
 20
566.78
 30
0.0
 11
890.92
 21
567.07
 31
0.0
  0
LINE
  5
3BF
330
17
100
AcDbEntity
  8
LINES
100
AcDbLine
 10
891.21
 20
571.82
 30
0.0
 11
891.07
 21
565.78
 31
0.0
  0
LINE
  5
3C0
330
17
100
AcDbEntity
  8
LINES
100
AcDbLine
 10
889.48
 20
571.39
 30
0.0
 11
891.07
 21
571.68
 31
0.0
  0
LINE
  5
3C1
330
17
100
AcDbEntity
  8
LINES
100
AcDbLine
 10
889.48
 20
571.82
 30
0.0
 11
889.48
 21
565.92
 31
0.0
  0
LINE
  5
3C2
330
17
100
AcDbEntity
  8
LINES
100
AcDbLine
 10
890.49
 20
569.09
 30
0.0
 11
890.92
 21
569.09
 31
0.0
  0
LINE
  5
3C3
330
17
100
AcDbEntity
  8
LINES
100
AcDbLine
 10
896.11
 20
568.94
 30
0.0
 11
894.52
 21
568.22
 31
0.0
  0
LINE
  5
3C4
330
17
100
AcDbEntity
  8
LINES
100
AcDbLine
 10
895.96
 20
571.82
 30
0.0
 11
894.67
 21
568.22
 31
0.0
  0
LINE
  5
3C5
330
17
100
AcDbEntity
  8
LINES
100
AcDbLine
 10
894.38
 20
570.38
 30
0.0
 11
895.53
 21
570.96
 31
0.0
  0
LINE
  5
3C6
330
17
100
AcDbEntity
  8
LINES
100
AcDbLine
 10
894.52
 20
566.35
 30
0.0
 11
896.11
 21
567.5
 31
0.0
  0
LINE
  5
3C7
330
17
100
AcDbEntity
  8
LINES
100
AcDbLine
 10
895.53
 20
573.55
 30
0.0
 11
894.52
 21
570.38
 31
0.0
  0
LINE
  5
3C8
330
17
100
AcDbEntity
  8
LINES
100
AcDbLine
 10
896.39
 20
570.82
 30
0.0
 11
898.27
 21
571.82
 31
0.0
  0
LINE
  5
3C9
330
17
100
AcDbEntity
  8
LINES
100
AcDbLine
 10
896.25
 20
569.23
 30
0.0
 11
898.41
 21
570.1
 31
0.0
  0
LINE
  5
3CA
330
17
100
AcDbEntity
  8
LINES
100
AcDbLine
 10
897.69
 20
573.41
 30
0.0
 11
898.27
 21
572.69
 31
0.0
  0
LINE
  5
3CB
330
17
100
AcDbEntity
  8
LINES
100
AcDbLine
 10
902.87
 20
571.82
 30
0.0
 11
902.59
 21
570.24
 31
0.0
  0
LINE
  5
3CC
330
17
100
AcDbEntity
  8
LINES
100
AcDbLine
 10
901.43
 20
571.68
 30
0.0
 11
901.72
 21
570.38
 31
0.0
  0
LINE
  5
3CD
330
17
100
AcDbEntity
  8
LINES
100
AcDbLine
 10
902.87
 20
570.24
 30
0.0
 11
902.87
 21
565.06
 31
0.0
  0
LINE
  5
3CE
330
17
100
AcDbEntity
  8
LINES
100
AcDbLine
 10
900.71
 20
568.22
 30
0.0
 11
904.17
 21
568.66
 31
0.0
  0
LINE
  5
3CF
330
17
100
AcDbEntity
  8
LINES
100
AcDbLine
 10
901.0
 20
569.95
 30
0.0
 11
903.74
 21
570.38
 31
0.0
  0
LINE
  5
3D0
330
17
100
AcDbEntity
  8
LINES
100
AcDbLine
 10
903.16
 20
572.26
 30
0.0
 11
903.31
 21
573.84
 31
0.0
  0
LINE
  5
3D1
330
17
100
AcDbEntity
  8
LINES
100
AcDbLine
 10
900.86
 20
571.82
 30
0.0
 11
903.45
 21
572.26
 31
0.0
  0
LINE
  5
3D2
330
17
100
AcDbEntity
  8
LINES
100
AcDbLine
 10
900.86
 20
573.12
 30
0.0
 11
903.31
 21
573.55
 31
0.0
  0
LINE
  5
3D3
330
17
100
AcDbEntity
  8
LINES
100
AcDbLine
 10
1035.79
 20
573.98
 30
0.0
 11
1035.79
 21
564.77
 31
0.0
  0
LINE
  5
3D4
330
17
100
AcDbEntity
  8
LINES
100
AcDbLine
 10
1033.63
 20
571.1
 30
0.0
 11
1037.95
 21
571.68
 31
0.0
  0
LINE
  5
3D5
330
17
100
AcDbEntity
  8
LINES
100
AcDbLine
 10
1034.63
 20
567.22
 30
0.0
 11
1036.79
 21
567.5
 31
0.0
  0
LINE
  5
3D6
330
17
100
AcDbEntity
  8
LINES
100
AcDbLine
 10
1041.98
 20
568.66
 30
0.0
 11
1041.4
 21
564.91
 31
0.0
  0
LINE
  5
3D7
330
17
100
AcDbEntity
  8
LINES
100
AcDbLine
 10
1042.12
 20
570.82
 30
0.0
 11
1042.99
 21
571.1
 31
0.0
  0
LINE
  5
3D8
330
17
100
AcDbEntity
  8
LINES
100
AcDbLine
 10
1041.98
 20
568.8
 30
0.0
 11
1042.99
 21
568.94
 31
0.0
  0
LINE
  5
3D9
330
17
100
AcDbEntity
  8
LINES
100
AcDbLine
 10
1038.95
 20
571.82
 30
0.0
 11
1041.55
 21
572.4
 31
0.0
  0
LINE
  5
3DA
330
17
100
AcDbEntity
  8
LINES
100
AcDbLine
 10
1039.67
 20
573.84
 30
0.0
 11
1039.67
 21
568.22
 31
0.0
  0
LINE
  5
3DB
330
17
100
AcDbEntity
  8
LINES
100
AcDbLine
 10
1038.81
 20
567.79
 30
0.0
 11
1041.55
 21
568.37
 31
0.0
  0
LINE
  5
3DC
330
17
100
AcDbEntity
  8
LINES
100
AcDbLine
 10
1041.11
 20
573.98
 30
0.0
 11
1040.83
 21
568.22
 31
0.0
  0
LINE
  5
3DD
330
17
100
AcDbEntity
  8
LINES
100
AcDbLine
 10
1039.67
 20
570.67
 30
0.0
 11
1040.68
 21
570.96
 31
0.0
  0
LINE
  5
3DE
330
17
100
AcDbEntity
  8
LINES
100
AcDbLine
 10
1039.67
 20
569.38
 30
0.0
 11
1040.68
 21
569.66
 31
0.0
  0
LINE
  5
3DF
330
17
100
AcDbEntity
  8
LINES
100
AcDbLine
 10
1039.67
 20
567.5
 30
0.0
 11
1038.67
 21
565.2
 31
0.0
  0
LINE
  5
3E0
330
17
100
AcDbEntity
  8
LINES
100
AcDbLine
 10
1040.39
 20
567.5
 30
0.0
 11
1040.97
 21
565.92
 31
0.0
  0
LINE
  5
3E1
330
17
100
AcDbEntity
  8
LINES
100
AcDbLine
 10
1042.12
 20
572.83
 30
0.0
 11
1043.13
 21
572.98
 31
0.0
  0
LINE
  5
3E2
330
17
100
AcDbEntity
  8
LINES
100
AcDbLine
 10
1042.12
 20
573.26
 30
0.0
 11
1041.98
 21
568.51
 31
0.0
  0
LINE
  5
3E3
330
17
100
AcDbEntity
  8
LINES
100
AcDbLine
 10
1043.99
 20
568.08
 30
0.0
 11
1045.87
 21
569.81
 31
0.0
  0
LINE
  5
3E4
330
17
100
AcDbEntity
  8
LINES
100
AcDbLine
 10
1044.14
 20
570.82
 30
0.0
 11
1045.87
 21
571.1
 31
0.0
  0
LINE
  5
3E5
330
17
100
AcDbEntity
  8
LINES
100
AcDbLine
 10
1047.02
 20
574.13
 30
0.0
 11
1047.59
 21
572.69
 31
0.0
  0
LINE
  5
3E6
330
17
100
AcDbEntity
  8
LINES
100
AcDbLine
 10
1048.6
 20
572.26
 30
0.0
 11
1046.59
 21
571.82
 31
0.0
  0
LINE
  5
3E7
330
17
100
AcDbEntity
  8
LINES
100
AcDbLine
 10
1053.64
 20
573.12
 30
0.0
 11
1053.07
 21
571.54
 31
0.0
  0
LINE
  5
3E8
330
17
100
AcDbEntity
  8
LINES
100
AcDbLine
 10
1050.04
 20
572.98
 30
0.0
 11
1049.75
 21
570.82
 31
0.0
  0
LINE
  5
3E9
330
17
100
AcDbEntity
  8
LINES
100
AcDbLine
 10
1051.19
 20
573.98
 30
0.0
 11
1051.77
 21
573.26
 31
0.0
  0
LINE
  5
3EA
330
17
100
AcDbEntity
  8
LINES
100
AcDbLine
 10
1050.04
 20
572.26
 30
0.0
 11
1053.5
 21
572.83
 31
0.0
  0
LINE
  5
3EB
330
17
100
AcDbEntity
  8
LINES
100
AcDbLine
 10
1050.91
 20
571.25
 30
0.0
 11
1049.75
 21
569.09
 31
0.0
  0
LINE
  5
3EC
330
17
100
AcDbEntity
  8
LINES
100
AcDbLine
 10
1052.06
 20
571.25
 30
0.0
 11
1052.92
 21
569.95
 31
0.0
  0
LINE
  5
3ED
330
17
100
AcDbEntity
  8
LINES
100
AcDbLine
 10
1050.76
 20
567.5
 30
0.0
 11
1050.91
 21
564.62
 31
0.0
  0
LINE
  5
3EE
330
17
100
AcDbEntity
  8
LINES
100
AcDbLine
 10
1050.91
 20
567.22
 30
0.0
 11
1052.49
 21
567.5
 31
0.0
  0
LINE
  5
3EF
330
17
100
AcDbEntity
  8
LINES
100
AcDbLine
 10
1052.49
 20
567.65
 30
0.0
 11
1052.35
 21
565.49
 31
0.0
  0
LINE
  5
3F0
330
17
100
AcDbEntity
  8
LINES
100
AcDbLine
 10
1052.49
 20
565.49
 30
0.0
 11
1050.91
 21
565.2
 31
0.0
  0
LINE
  5
3F1
330
17
100
AcDbEntity
  8
LINES
100
AcDbLine
 10
1056.95
 20
573.98
 30
0.0
 11
1056.95
 21
570.1
 31
0.0
  0
LINE
  5
3F2
330
17
100
AcDbEntity
  8
LINES
100
AcDbLine
 10
1058.97
 20
570.38
 30
0.0
 11
1054.94
 21
569.81
 31
0.0
  0
LINE
  5
3F3
330
17
100
AcDbEntity
  8
LINES
100
AcDbLine
 10
1058.97
 20
565.06
 30
0.0
 11
1058.83
 21
567.07
 31
0.0
  0
LINE
  5
3F4
330
17
100
AcDbEntity
  8
LINES
100
AcDbLine
 10
1056.09
 20
571.1
 30
0.0
 11
1055.66
 21
572.69
 31
0.0
  0
LINE
  5
3F5
330
17
100
AcDbEntity
  8
LINES
100
AcDbLine
 10
1057.39
 20
570.53
 30
0.0
 11
1058.25
 21
572.83
 31
0.0
  0
LINE
  5
3F6
330
17
100
AcDbEntity
  8
LINES
100
AcDbLine
 10
1059.98
 20
572.98
 30
0.0
 11
1062.57
 21
573.55
 31
0.0
  0
LINE
  5
3F7
330
17
100
AcDbEntity
  8
LINES
100
AcDbLine
 10
1064.01
 20
570.24
 30
0.0
 11
1062.57
 21
569.95
 31
0.0
  0
LINE
  5
3F8
330
17
100
AcDbEntity
  8
LINES
100
AcDbLine
 10
1064.01
 20
572.98
 30
0.0
 11
1063.72
 21
570.24
 31
0.0
  0
LINE
  5
3F9
330
17
100
AcDbEntity
  8
LINES
100
AcDbLine
 10
1062.57
 20
572.4
 30
0.0
 11
1063.87
 21
572.69
 31
0.0
  0
LINE
  5
3FA
330
17
100
AcDbEntity
  8
LINES
100
AcDbLine
 10
1061.27
 20
573.12
 30
0.0
 11
1061.27
 21
569.09
 31
0.0
  0
LINE
  5
3FB
330
17
100
AcDbEntity
  8
LINES
100
AcDbLine
 10
1060.55
 20
567.79
 30
0.0
 11
1061.42
 21
568.08
 31
0.0
  0
LINE
  5
3FC
330
17
100
AcDbEntity
  8
LINES
100
AcDbLine
 10
1060.27
 20
566.78
 30
0.0
 11
1061.56
 21
567.07
 31
0.0
  0
LINE
  5
3FD
330
17
100
AcDbEntity
  8
LINES
100
AcDbLine
 10
1061.99
 20
571.82
 30
0.0
 11
1061.85
 21
565.78
 31
0.0
  0
LINE
  5
3FE
330
17
100
AcDbEntity
  8
LINES
100
AcDbLine
 10
1060.27
 20
571.39
 30
0.0
 11
1061.85
 21
571.68
 31
0.0
  0
LINE
  5
3FF
330
17
100
AcDbEntity
  8
LINES
100
AcDbLine
 10
1060.27
 20
571.82
 30
0.0
 11
1060.27
 21
565.92
 31
0.0
  0
LINE
  5
400
330
17
100
AcDbEntity
  8
LINES
100
AcDbLine
 10
1061.27
 20
569.09
 30
0.0
 11
1061.71
 21
569.09
 31
0.0
  0
LINE
  5
401
330
17
100
AcDbEntity
  8
LINES
100
AcDbLine
 10
1068.19
 20
567.65
 30
0.0
 11
1069.34
 21
565.2
 31
0.0
  0
LINE
  5
402
330
17
100
AcDbEntity
  8
LINES
100
AcDbLine
 10
1067.47
 20
569.95
 30
0.0
 11
1068.76
 21
570.24
 31
0.0
  0
LINE
  5
403
330
17
100
AcDbEntity
  8
LINES
100
AcDbLine
 10
1069.19
 20
571.54
 30
0.0
 11
1069.05
 21
569.38
 31
0.0
  0
LINE
  5
404
330
17
100
AcDbEntity
  8
LINES
100
AcDbLine
 10
1066.89
 20
567.65
 30
0.0
 11
1069.77
 21
568.08
 31
0.0
  0
LINE
  5
405
330
17
100
AcDbEntity
  8
LINES
100
AcDbLine
 10
1067.47
 20
569.09
 30
0.0
 11
1069.19
 21
569.38
 31
0.0
  0
LINE
  5
406
330
17
100
AcDbEntity
  8
LINES
100
AcDbLine
 10
1067.47
 20
571.1
 30
0.0
 11
1069.19
 21
571.39
 31
0.0
  0
LINE
  5
407
330
17
100
AcDbEntity
  8
LINES
100
AcDbLine
 10
1067.47
 20
571.39
 30
0.0
 11
1067.47
 21
568.8
 31
0.0
  0
LINE
  5
408
330
17
100
AcDbEntity
  8
LINES
100
AcDbLine
 10
1069.34
 20
565.2
 30
0.0
 11
1069.91
 21
565.2
 31
0.0
  0
LINE
  5
409
330
17
100
AcDbEntity
  8
LINES
100
AcDbLine
 10
1066.31
 20
570.38
 30
0.0
 11
1066.6
 21
569.52
 31
0.0
  0
LINE
  5
40A
330
17
100
AcDbEntity
  8
LINES
100
AcDbLine
 10
1065.31
 20
570.82
 30
0.0
 11
1066.89
 21
571.39
 31
0.0
  0
LINE
  5
40B
330
17
100
AcDbEntity
  8
LINES
100
AcDbLine
 10
1066.31
 20
571.1
 30
0.0
 11
1065.16
 21
566.93
 31
0.0
  0
LINE
  5
40C
330
17
100
AcDbEntity
  8
LINES
100
AcDbLine
 10
1066.31
 20
573.98
 30
0.0
 11
1066.31
 21
564.91
 31
0.0
  0
LINE
  5
40D
330
17
100
AcDbEntity
  8
LINES
100
AcDbLine
 10
1067.61
 20
573.7
 30
0.0
 11
1067.9
 21
571.39
 31
0.0
  0
LINE
  5
40E
330
17
100
AcDbEntity
  8
LINES
100
AcDbLine
 10
1068.76
 20
573.98
 30
0.0
 11
1068.47
 21
571.39
 31
0.0
  0
LINE
  5
40F
330
17
100
AcDbEntity
  8
LINES
100
AcDbLine
 10
1067.03
 20
572.11
 30
0.0
 11
1069.63
 21
572.54
 31
0.0
  0
LINE
  5
410
330
17
100
AcDbEntity
  8
LINES
100
AcDbLine
 10
1070.35
 20
567.07
 30
0.0
 11
1072.36
 21
568.22
 31
0.0
  0
LINE
  5
411
330
17
100
AcDbEntity
  8
LINES
100
AcDbLine
 10
1072.36
 20
570.53
 30
0.0
 11
1070.49
 21
570.1
 31
0.0
  0
LINE
  5
412
330
17
100
AcDbEntity
  8
LINES
100
AcDbLine
 10
1071.5
 20
573.84
 30
0.0
 11
1071.5
 21
567.79
 31
0.0
  0
LINE
  5
413
330
17
100
AcDbEntity
  8
LINES
100
AcDbLine
 10
1072.51
 20
570.96
 30
0.0
 11
1074.23
 21
571.25
 31
0.0
  0
LINE
  5
414
330
17
100
AcDbEntity
  8
LINES
100
AcDbLine
 10
1072.22
 20
568.94
 30
0.0
 11
1074.95
 21
569.23
 31
0.0
  0
LINE
  5
415
330
17
100
AcDbEntity
  8
LINES
100
AcDbLine
 10
1074.38
 20
571.54
 30
0.0
 11
1074.23
 21
569.23
 31
0.0
  0
LINE
  5
416
330
17
100
AcDbEntity
  8
LINES
100
AcDbLine
 10
877.67
 20
547.63
 30
0.0
 11
876.67
 21
549.36
 31
0.0
  0
LINE
  5
417
330
17
100
AcDbEntity
  8
LINES
100
AcDbLine
 10
873.79
 20
546.77
 30
0.0
 11
875.08
 21
549.36
 31
0.0
  0
LINE
  5
418
330
17
100
AcDbEntity
  8
LINES
100
AcDbLine
 10
875.8
 20
550.51
 30
0.0
 11
875.8
 21
547.49
 31
0.0
  0
LINE
  5
419
330
17
100
AcDbEntity
  8
LINES
100
AcDbLine
 10
874.65
 20
545.9
 30
0.0
 11
874.65
 21
541.3
 31
0.0
  0
LINE
  5
41A
330
17
100
AcDbEntity
  8
LINES
100
AcDbLine
 10
876.81
 20
541.3
 30
0.0
 11
876.95
 21
546.34
 31
0.0
  0
LINE
  5
41B
330
17
100
AcDbEntity
  8
LINES
100
AcDbLine
 10
876.95
 20
546.05
 30
0.0
 11
874.65
 21
545.62
 31
0.0
  0
LINE
  5
41C
330
17
100
AcDbEntity
  8
LINES
100
AcDbLine
 10
874.65
 20
544.32
 30
0.0
 11
876.52
 21
544.61
 31
0.0
  0
LINE
  5
41D
330
17
100
AcDbEntity
  8
LINES
100
AcDbLine
 10
874.65
 20
543.02
 30
0.0
 11
876.52
 21
543.46
 31
0.0
  0
LINE
  5
41E
330
17
100
AcDbEntity
  8
LINES
100
AcDbLine
 10
874.65
 20
541.87
 30
0.0
 11
876.81
 21
542.02
 31
0.0
  0
LINE
  5
41F
330
17
100
AcDbEntity
  8
LINES
100
AcDbLine
 10
879.26
 20
550.08
 30
0.0
 11
879.26
 21
542.02
 31
0.0
  0
LINE
  5
420
330
17
100
AcDbEntity
  8
LINES
100
AcDbLine
 10
879.26
 20
549.36
 30
0.0
 11
882.57
 21
549.79
 31
0.0
  0
LINE
  5
421
330
17
100
AcDbEntity
  8
LINES
100
AcDbLine
 10
880.55
 20
548.35
 30
0.0
 11
879.4
 21
544.03
 31
0.0
  0
LINE
  5
422
330
17
100
AcDbEntity
  8
LINES
100
AcDbLine
 10
879.69
 20
547.78
 30
0.0
 11
880.7
 21
545.18
 31
0.0
  0
LINE
  5
423
330
17
100
AcDbEntity
  8
LINES
100
AcDbLine
 10
881.85
 20
548.64
 30
0.0
 11
880.55
 21
543.74
 31
0.0
  0
LINE
  5
424
330
17
100
AcDbEntity
  8
LINES
100
AcDbLine
 10
880.99
 20
547.78
 30
0.0
 11
881.99
 21
544.61
 31
0.0
  0
LINE
  5
425
330
17
100
AcDbEntity
  8
LINES
100
AcDbLine
 10
886.17
 20
550.37
 30
0.0
 11
886.17
 21
546.48
 31
0.0
  0
LINE
  5
426
330
17
100
AcDbEntity
  8
LINES
100
AcDbLine
 10
888.19
 20
546.77
 30
0.0
 11
884.15
 21
546.19
 31
0.0
  0
LINE
  5
427
330
17
100
AcDbEntity
  8
LINES
100
AcDbLine
 10
888.19
 20
541.44
 30
0.0
 11
888.04
 21
543.46
 31
0.0
  0
LINE
  5
428
330
17
100
AcDbEntity
  8
LINES
100
AcDbLine
 10
885.31
 20
547.49
 30
0.0
 11
884.87
 21
549.07
 31
0.0
  0
LINE
  5
429
330
17
100
AcDbEntity
  8
LINES
100
AcDbLine
 10
886.6
 20
546.91
 30
0.0
 11
887.47
 21
549.22
 31
0.0
  0
LINE
  5
42A
330
17
100
AcDbEntity
  8
LINES
100
AcDbLine
 10
890.35
 20
550.08
 30
0.0
 11
889.34
 21
546.77
 31
0.0
  0
LINE
  5
42B
330
17
100
AcDbEntity
  8
LINES
100
AcDbLine
 10
889.19
 20
542.16
 30
0.0
 11
890.92
 21
543.46
 31
0.0
  0
LINE
  5
42C
330
17
100
AcDbEntity
  8
LINES
100
AcDbLine
 10
889.48
 20
544.32
 30
0.0
 11
890.92
 21
545.04
 31
0.0
  0
LINE
  5
42D
330
17
100
AcDbEntity
  8
LINES
100
AcDbLine
 10
890.92
 20
547.78
 30
0.0
 11
889.63
 21
544.46
 31
0.0
  0
LINE
  5
42E
330
17
100
AcDbEntity
  8
LINES
100
AcDbLine
 10
889.19
 20
546.48
 30
0.0
 11
890.63
 21
547.2
 31
0.0
  0
LINE
  5
42F
330
17
100
AcDbEntity
  8
LINES
100
AcDbLine
 10
893.37
 20
549.65
 30
0.0
 11
891.21
 21
548.35
 31
0.0
  0
LINE
  5
430
330
17
100
AcDbEntity
  8
LINES
100
AcDbLine
 10
891.07
 20
545.76
 30
0.0
 11
893.8
 21
546.19
 31
0.0
  0
LINE
  5
431
330
17
100
AcDbEntity
  8
LINES
100
AcDbLine
 10
892.36
 20
548.93
 30
0.0
 11
892.36
 21
541.3
 31
0.0
  0
LINE
  5
432
330
17
100
AcDbEntity
  8
LINES
100
AcDbLine
 10
897.4
 20
547.92
 30
0.0
 11
897.4
 21
543.31
 31
0.0
  0
LINE
  5
433
330
17
100
AcDbEntity
  8
LINES
100
AcDbLine
 10
896.83
 20
545.04
 30
0.0
 11
898.12
 21
545.33
 31
0.0
  0
LINE
  5
434
330
17
100
AcDbEntity
  8
LINES
100
AcDbLine
 10
896.83
 20
546.34
 30
0.0
 11
897.98
 21
546.62
 31
0.0
  0
LINE
  5
435
330
17
100
AcDbEntity
  8
LINES
100
AcDbLine
 10
897.11
 20
548.93
 30
0.0
 11
897.69
 21
548.06
 31
0.0
  0
LINE
  5
436
330
17
100
AcDbEntity
  8
LINES
100
AcDbLine
 10
896.54
 20
547.78
 30
0.0
 11
898.55
 21
548.21
 31
0.0
  0
LINE
  5
437
330
17
100
AcDbEntity
  8
LINES
100
AcDbLine
 10
896.54
 20
548.21
 30
0.0
 11
896.54
 21
543.46
 31
0.0
  0
LINE
  5
438
330
17
100
AcDbEntity
  8
LINES
100
AcDbLine
 10
894.52
 20
546.34
 30
0.0
 11
895.96
 21
546.77
 31
0.0
  0
LINE
  5
439
330
17
100
AcDbEntity
  8
LINES
100
AcDbLine
 10
895.1
 20
549.65
 30
0.0
 11
895.67
 21
548.21
 31
0.0
  0
LINE
  5
43A
330
17
100
AcDbEntity
  8
LINES
100
AcDbLine
 10
898.41
 20
550.37
 30
0.0
 11
897.4
 21
548.64
 31
0.0
  0
LINE
  5
43B
330
17
100
AcDbEntity
  8
LINES
100
AcDbLine
 10
896.54
 20
549.65
 30
0.0
 11
898.12
 21
550.08
 31
0.0
  0
LINE
  5
43C
330
17
100
AcDbEntity
  8
LINES
100
AcDbLine
 10
898.7
 20
541.58
 30
0.0
 11
899.13
 21
541.87
 31
0.0
  0
LINE
  5
43D
330
17
100
AcDbEntity
  8
LINES
100
AcDbLine
 10
901.72
 20
542.02
 30
0.0
 11
903.45
 21
542.16
 31
0.0
  0
LINE
  5
43E
330
17
100
AcDbEntity
  8
LINES
100
AcDbLine
 10
903.45
 20
544.61
 30
0.0
 11
903.31
 21
542.16
 31
0.0
  0
LINE
  5
43F
330
17
100
AcDbEntity
  8
LINES
100
AcDbLine
 10
901.72
 20
544.61
 30
0.0
 11
901.72
 21
541.3
 31
0.0
  0
LINE
  5
440
330
17
100
AcDbEntity
  8
LINES
100
AcDbLine
 10
901.0
 20
548.06
 30
0.0
 11
904.31
 21
548.5
 31
0.0
  0
LINE
  5
441
330
17
100
AcDbEntity
  8
LINES
100
AcDbLine
 10
902.3
 20
550.51
 30
0.0
 11
903.02
 21
548.78
 31
0.0
  0
LINE
  5
442
330
17
100
AcDbEntity
  8
LINES
100
AcDbLine
 10
901.15
 20
550.51
 30
0.0
 11
899.56
 21
545.76
 31
0.0
  0
LINE
  5
443
330
17
100
AcDbEntity
  8
LINES
100
AcDbLine
 10
900.57
 20
548.64
 30
0.0
 11
900.57
 21
541.3
 31
0.0
  0
LINE
  5
444
330
17
100
AcDbEntity
  8
LINES
100
AcDbLine
 10
901.72
 20
546.77
 30
0.0
 11
903.59
 21
547.06
 31
0.0
  0
LINE
  5
445
330
17
100
AcDbEntity
  8
LINES
100
AcDbLine
 10
903.74
 20
545.62
 30
0.0
 11
901.58
 21
545.33
 31
0.0
  0
LINE
  5
446
330
17
100
AcDbEntity
  8
LINES
100
AcDbLine
 10
901.72
 20
544.03
 30
0.0
 11
903.45
 21
544.32
 31
0.0
  0
LINE
  5
447
330
17
100
AcDbEntity
  8
LINES
100
AcDbLine
 10
908.2
 20
548.21
 30
0.0
 11
907.91
 21
546.62
 31
0.0
  0
LINE
  5
448
330
17
100
AcDbEntity
  8
LINES
100
AcDbLine
 10
906.76
 20
548.06
 30
0.0
 11
907.05
 21
546.77
 31
0.0
  0
LINE
  5
449
330
17
100
AcDbEntity
  8
LINES
100
AcDbLine
 10
908.2
 20
546.62
 30
0.0
 11
908.2
 21
541.44
 31
0.0
  0
LINE
  5
44A
330
17
100
AcDbEntity
  8
LINES
100
AcDbLine
 10
906.04
 20
544.61
 30
0.0
 11
909.5
 21
545.04
 31
0.0
  0
LINE
  5
44B
330
17
100
AcDbEntity
  8
LINES
100
AcDbLine
 10
906.33
 20
546.34
 30
0.0
 11
908.92
 21
546.77
 31
0.0
  0
LINE
  5
44C
330
17
100
AcDbEntity
  8
LINES
100
AcDbLine
 10
908.49
 20
548.64
 30
0.0
 11
908.63
 21
550.22
 31
0.0
  0
LINE
  5
44D
330
17
100
AcDbEntity
  8
LINES
100
AcDbLine
 10
906.19
 20
548.21
 30
0.0
 11
908.78
 21
548.64
 31
0.0
  0
LINE
  5
44E
330
17
100
AcDbEntity
  8
LINES
100
AcDbLine
 10
906.19
 20
549.5
 30
0.0
 11
908.49
 21
549.94
 31
0.0
  0
LINE
  5
44F
330
17
100
AcDbEntity
  8
LINES
100
AcDbLine
 10
873.5
 20
523.87
 30
0.0
 11
874.94
 21
524.45
 31
0.0
  0
LINE
  5
450
330
17
100
AcDbEntity
  8
LINES
100
AcDbLine
 10
874.36
 20
527.9
 30
0.0
 11
874.36
 21
521.71
 31
0.0
  0
LINE
  5
451
330
17
100
AcDbEntity
  8
LINES
100
AcDbLine
 10
873.35
 20
520.7
 30
0.0
 11
875.08
 21
522.43
 31
0.0
  0
LINE
  5
452
330
17
100
AcDbEntity
  8
LINES
100
AcDbLine
 10
876.09
 20
528.77
 30
0.0
 11
876.09
 21
521.14
 31
0.0
  0
LINE
  5
453
330
17
100
AcDbEntity
  8
LINES
100
AcDbLine
 10
874.94
 20
523.3
 30
0.0
 11
877.24
 21
525.46
 31
0.0
  0
LINE
  5
454
330
17
100
AcDbEntity
  8
LINES
100
AcDbLine
 10
879.11
 20
528.34
 30
0.0
 11
879.11
 21
520.27
 31
0.0
  0
LINE
  5
455
330
17
100
AcDbEntity
  8
LINES
100
AcDbLine
 10
879.11
 20
527.62
 30
0.0
 11
882.43
 21
528.05
 31
0.0
  0
LINE
  5
456
330
17
100
AcDbEntity
  8
LINES
100
AcDbLine
 10
880.41
 20
526.61
 30
0.0
 11
879.4
 21
522.29
 31
0.0
  0
LINE
  5
457
330
17
100
AcDbEntity
  8
LINES
100
AcDbLine
 10
879.55
 20
526.03
 30
0.0
 11
880.55
 21
523.44
 31
0.0
  0
LINE
  5
458
330
17
100
AcDbEntity
  8
LINES
100
AcDbLine
 10
881.71
 20
526.9
 30
0.0
 11
880.41
 21
522.0
 31
0.0
  0
LINE
  5
459
330
17
100
AcDbEntity
  8
LINES
100
AcDbLine
 10
880.99
 20
526.03
 30
0.0
 11
881.99
 21
522.86
 31
0.0
  0
LINE
  5
45A
330
17
100
AcDbEntity
  8
LINES
100
AcDbLine
 10
886.03
 20
528.77
 30
0.0
 11
886.03
 21
524.74
 31
0.0
  0
LINE
  5
45B
330
17
100
AcDbEntity
  8
LINES
100
AcDbLine
 10
888.04
 20
525.02
 30
0.0
 11
884.01
 21
524.45
 31
0.0
  0
LINE
  5
45C
330
17
100
AcDbEntity
  8
LINES
100
AcDbLine
 10
888.19
 20
519.7
 30
0.0
 11
887.9
 21
521.71
 31
0.0
  0
LINE
  5
45D
330
17
100
AcDbEntity
  8
LINES
100
AcDbLine
 10
885.31
 20
525.74
 30
0.0
 11
884.87
 21
527.33
 31
0.0
  0
LINE
  5
45E
330
17
100
AcDbEntity
  8
LINES
100
AcDbLine
 10
886.6
 20
525.17
 30
0.0
 11
887.32
 21
527.47
 31
0.0
  0
LINE
  5
45F
330
17
100
AcDbEntity
  8
LINES
100
AcDbLine
 10
890.35
 20
528.34
 30
0.0
 11
889.34
 21
525.02
 31
0.0
  0
LINE
  5
460
330
17
100
AcDbEntity
  8
LINES
100
AcDbLine
 10
889.05
 20
520.42
 30
0.0
 11
890.92
 21
521.71
 31
0.0
  0
LINE
  5
461
330
17
100
AcDbEntity
  8
LINES
100
AcDbLine
 10
889.34
 20
522.58
 30
0.0
 11
890.92
 21
523.3
 31
0.0
  0
LINE
  5
462
330
17
100
AcDbEntity
  8
LINES
100
AcDbLine
 10
890.92
 20
526.18
 30
0.0
 11
889.48
 21
522.72
 31
0.0
  0
LINE
  5
463
330
17
100
AcDbEntity
  8
LINES
100
AcDbLine
 10
889.05
 20
524.74
 30
0.0
 11
890.49
 21
525.46
 31
0.0
  0
LINE
  5
464
330
17
100
AcDbEntity
  8
LINES
100
AcDbLine
 10
893.23
 20
527.9
 30
0.0
 11
891.21
 21
526.61
 31
0.0
  0
LINE
  5
465
330
17
100
AcDbEntity
  8
LINES
100
AcDbLine
 10
890.92
 20
524.02
 30
0.0
 11
893.66
 21
524.45
 31
0.0
  0
LINE
  5
466
330
17
100
AcDbEntity
  8
LINES
100
AcDbLine
 10
892.36
 20
527.18
 30
0.0
 11
892.36
 21
519.55
 31
0.0
  0
LINE
  5
467
330
17
100
AcDbEntity
  8
LINES
100
AcDbLine
 10
897.4
 20
526.18
 30
0.0
 11
897.4
 21
521.57
 31
0.0
  0
LINE
  5
468
330
17
100
AcDbEntity
  8
LINES
100
AcDbLine
 10
896.83
 20
523.3
 30
0.0
 11
897.98
 21
523.58
 31
0.0
  0
LINE
  5
469
330
17
100
AcDbEntity
  8
LINES
100
AcDbLine
 10
896.83
 20
524.74
 30
0.0
 11
897.83
 21
524.88
 31
0.0
  0
LINE
  5
46A
330
17
100
AcDbEntity
  8
LINES
100
AcDbLine
 10
896.97
 20
527.18
 30
0.0
 11
897.55
 21
526.32
 31
0.0
  0
LINE
  5
46B
330
17
100
AcDbEntity
  8
LINES
100
AcDbLine
 10
896.39
 20
526.03
 30
0.0
 11
898.41
 21
526.46
 31
0.0
  0
LINE
  5
46C
330
17
100
AcDbEntity
  8
LINES
100
AcDbLine
 10
896.39
 20
526.46
 30
0.0
 11
896.39
 21
521.71
 31
0.0
  0
LINE
  5
46D
330
17
100
AcDbEntity
  8
LINES
100
AcDbLine
 10
894.38
 20
524.59
 30
0.0
 11
895.82
 21
525.02
 31
0.0
  0
LINE
  5
46E
330
17
100
AcDbEntity
  8
LINES
100
AcDbLine
 10
895.1
 20
527.9
 30
0.0
 11
895.67
 21
526.46
 31
0.0
  0
LINE
  5
46F
330
17
100
AcDbEntity
  8
LINES
100
AcDbLine
 10
898.27
 20
528.62
 30
0.0
 11
897.26
 21
526.9
 31
0.0
  0
LINE
  5
470
330
17
100
AcDbEntity
  8
LINES
100
AcDbLine
 10
896.39
 20
527.9
 30
0.0
 11
897.98
 21
528.34
 31
0.0
  0
LINE
  5
471
330
17
100
AcDbEntity
  8
LINES
100
AcDbLine
 10
898.55
 20
519.84
 30
0.0
 11
898.99
 21
520.13
 31
0.0
  0
LINE
  5
472
330
17
100
AcDbEntity
  8
LINES
100
AcDbLine
 10
901.72
 20
520.27
 30
0.0
 11
903.31
 21
520.42
 31
0.0
  0
LINE
  5
473
330
17
100
AcDbEntity
  8
LINES
100
AcDbLine
 10
903.45
 20
522.86
 30
0.0
 11
903.16
 21
520.42
 31
0.0
  0
LINE
  5
474
330
17
100
AcDbEntity
  8
LINES
100
AcDbLine
 10
901.72
 20
522.86
 30
0.0
 11
901.72
 21
519.55
 31
0.0
  0
LINE
  5
475
330
17
100
AcDbEntity
  8
LINES
100
AcDbLine
 10
901.0
 20
526.32
 30
0.0
 11
904.17
 21
526.75
 31
0.0
  0
LINE
  5
476
330
17
100
AcDbEntity
  8
LINES
100
AcDbLine
 10
902.3
 20
528.77
 30
0.0
 11
902.87
 21
527.04
 31
0.0
  0
LINE
  5
477
330
17
100
AcDbEntity
  8
LINES
100
AcDbLine
 10
901.15
 20
528.77
 30
0.0
 11
899.42
 21
524.02
 31
0.0
  0
LINE
  5
478
330
17
100
AcDbEntity
  8
LINES
100
AcDbLine
 10
900.57
 20
526.9
 30
0.0
 11
900.57
 21
519.55
 31
0.0
  0
LINE
  5
479
330
17
100
AcDbEntity
  8
LINES
100
AcDbLine
 10
901.58
 20
525.02
 30
0.0
 11
903.45
 21
525.46
 31
0.0
  0
LINE
  5
47A
330
17
100
AcDbEntity
  8
LINES
100
AcDbLine
 10
903.59
 20
523.87
 30
0.0
 11
901.58
 21
523.58
 31
0.0
  0
LINE
  5
47B
330
17
100
AcDbEntity
  8
LINES
100
AcDbLine
 10
901.72
 20
522.29
 30
0.0
 11
903.31
 21
522.58
 31
0.0
  0
LINE
  5
47C
330
17
100
AcDbEntity
  8
LINES
100
AcDbLine
 10
908.06
 20
526.46
 30
0.0
 11
907.77
 21
524.88
 31
0.0
  0
LINE
  5
47D
330
17
100
AcDbEntity
  8
LINES
100
AcDbLine
 10
906.62
 20
526.32
 30
0.0
 11
907.05
 21
525.02
 31
0.0
  0
LINE
  5
47E
330
17
100
AcDbEntity
  8
LINES
100
AcDbLine
 10
908.06
 20
524.88
 30
0.0
 11
908.06
 21
519.7
 31
0.0
  0
LINE
  5
47F
330
17
100
AcDbEntity
  8
LINES
100
AcDbLine
 10
906.04
 20
522.86
 30
0.0
 11
909.35
 21
523.3
 31
0.0
  0
LINE
  5
480
330
17
100
AcDbEntity
  8
LINES
100
AcDbLine
 10
906.19
 20
524.59
 30
0.0
 11
908.92
 21
525.02
 31
0.0
  0
LINE
  5
481
330
17
100
AcDbEntity
  8
LINES
100
AcDbLine
 10
908.35
 20
526.9
 30
0.0
 11
908.49
 21
528.48
 31
0.0
  0
LINE
  5
482
330
17
100
AcDbEntity
  8
LINES
100
AcDbLine
 10
906.04
 20
526.46
 30
0.0
 11
908.63
 21
526.9
 31
0.0
  0
LINE
  5
483
330
17
100
AcDbEntity
  8
LINES
100
AcDbLine
 10
906.04
 20
527.76
 30
0.0
 11
908.49
 21
528.19
 31
0.0
  0
LINE
  5
484
330
17
100
AcDbEntity
  8
LINES
100
AcDbLine
 10
879.83
 20
502.99
 30
0.0
 11
879.83
 21
498.24
 31
0.0
  0
LINE
  5
485
330
17
100
AcDbEntity
  8
LINES
100
AcDbLine
 10
878.68
 20
500.11
 30
0.0
 11
881.13
 21
500.54
 31
0.0
  0
LINE
  5
486
330
17
100
AcDbEntity
  8
LINES
100
AcDbLine
 10
880.7
 20
502.42
 30
0.0
 11
880.41
 21
500.4
 31
0.0
  0
LINE
  5
487
330
17
100
AcDbEntity
  8
LINES
100
AcDbLine
 10
879.11
 20
502.13
 30
0.0
 11
879.55
 21
500.69
 31
0.0
  0
LINE
  5
488
330
17
100
AcDbEntity
  8
LINES
100
AcDbLine
 10
879.83
 20
500.26
 30
0.0
 11
878.54
 21
497.38
 31
0.0
  0
LINE
  5
489
330
17
100
AcDbEntity
  8
LINES
100
AcDbLine
 10
879.83
 20
499.97
 30
0.0
 11
880.84
 21
498.67
 31
0.0
  0
LINE
  5
48A
330
17
100
AcDbEntity
  8
LINES
100
AcDbLine
 10
878.68
 20
496.8
 30
0.0
 11
880.41
 21
497.23
 31
0.0
  0
LINE
  5
48B
330
17
100
AcDbEntity
  8
LINES
100
AcDbLine
 10
881.27
 20
499.82
 30
0.0
 11
882.86
 21
500.11
 31
0.0
  0
LINE
  5
48C
330
17
100
AcDbEntity
  8
LINES
100
AcDbLine
 10
886.03
 20
503.14
 30
0.0
 11
886.46
 21
501.7
 31
0.0
  0
LINE
  5
48D
330
17
100
AcDbEntity
  8
LINES
100
AcDbLine
 10
888.33
 20
501.7
 30
0.0
 11
887.9
 21
500.11
 31
0.0
  0
LINE
  5
48E
330
17
100
AcDbEntity
  8
LINES
100
AcDbLine
 10
884.73
 20
501.7
 30
0.0
 11
884.59
 21
499.68
 31
0.0
  0
LINE
  5
48F
330
17
100
AcDbEntity
  8
LINES
100
AcDbLine
 10
884.73
 20
501.12
 30
0.0
 11
888.19
 21
501.55
 31
0.0
  0
LINE
  5
490
330
17
100
AcDbEntity
  8
LINES
100
AcDbLine
 10
884.01
 20
497.23
 30
0.0
 11
888.33
 21
497.66
 31
0.0
  0
LINE
  5
491
330
17
100
AcDbEntity
  8
LINES
100
AcDbLine
 10
887.32
 20
500.4
 30
0.0
 11
886.46
 21
498.53
 31
0.0
  0
LINE
  5
492
330
17
100
AcDbEntity
  8
LINES
100
AcDbLine
 10
885.02
 20
499.68
 30
0.0
 11
887.18
 21
500.11
 31
0.0
  0
LINE
  5
493
330
17
100
AcDbEntity
  8
LINES
100
AcDbLine
 10
889.19
 20
502.13
 30
0.0
 11
891.79
 21
502.7
 31
0.0
  0
LINE
  5
494
330
17
100
AcDbEntity
  8
LINES
100
AcDbLine
 10
893.23
 20
499.39
 30
0.0
 11
891.93
 21
499.1
 31
0.0
  0
LINE
  5
495
330
17
100
AcDbEntity
  8
LINES
100
AcDbLine
 10
893.23
 20
501.98
 30
0.0
 11
893.08
 21
499.39
 31
0.0
  0
LINE
  5
496
330
17
100
AcDbEntity
  8
LINES
100
AcDbLine
 10
891.79
 20
501.55
 30
0.0
 11
893.08
 21
501.84
 31
0.0
  0
LINE
  5
497
330
17
100
AcDbEntity
  8
LINES
100
AcDbLine
 10
890.63
 20
502.27
 30
0.0
 11
890.63
 21
498.24
 31
0.0
  0
LINE
  5
498
330
17
100
AcDbEntity
  8
LINES
100
AcDbLine
 10
889.77
 20
496.94
 30
0.0
 11
890.63
 21
497.23
 31
0.0
  0
LINE
  5
499
330
17
100
AcDbEntity
  8
LINES
100
AcDbLine
 10
889.48
 20
495.79
 30
0.0
 11
890.92
 21
496.22
 31
0.0
  0
LINE
  5
49A
330
17
100
AcDbEntity
  8
LINES
100
AcDbLine
 10
891.21
 20
500.98
 30
0.0
 11
891.07
 21
494.93
 31
0.0
  0
LINE
  5
49B
330
17
100
AcDbEntity
  8
LINES
100
AcDbLine
 10
889.48
 20
500.54
 30
0.0
 11
891.21
 21
500.83
 31
0.0
  0
LINE
  5
49C
330
17
100
AcDbEntity
  8
LINES
100
AcDbLine
 10
889.48
 20
500.98
 30
0.0
 11
889.48
 21
495.07
 31
0.0
  0
LINE
  5
49D
330
17
100
AcDbEntity
  8
LINES
100
AcDbLine
 10
890.63
 20
498.24
 30
0.0
 11
890.92
 21
498.24
 31
0.0
  0
LINE
  5
49E
330
17
100
AcDbEntity
  8
LINES
100
AcDbLine
 10
896.11
 20
497.95
 30
0.0
 11
894.52
 21
497.23
 31
0.0
  0
LINE
  5
49F
330
17
100
AcDbEntity
  8
LINES
100
AcDbLine
 10
895.96
 20
500.98
 30
0.0
 11
894.67
 21
497.38
 31
0.0
  0
LINE
  5
4A0
330
17
100
AcDbEntity
  8
LINES
100
AcDbLine
 10
894.38
 20
499.39
 30
0.0
 11
895.67
 21
500.11
 31
0.0
  0
LINE
  5
4A1
330
17
100
AcDbEntity
  8
LINES
100
AcDbLine
 10
894.52
 20
495.5
 30
0.0
 11
896.25
 21
496.51
 31
0.0
  0
LINE
  5
4A2
330
17
100
AcDbEntity
  8
LINES
100
AcDbLine
 10
895.53
 20
502.7
 30
0.0
 11
894.52
 21
499.54
 31
0.0
  0
LINE
  5
4A3
330
17
100
AcDbEntity
  8
LINES
100
AcDbLine
 10
896.39
 20
499.97
 30
0.0
 11
898.27
 21
500.98
 31
0.0
  0
LINE
  5
4A4
330
17
100
AcDbEntity
  8
LINES
100
AcDbLine
 10
896.39
 20
498.38
 30
0.0
 11
898.41
 21
499.25
 31
0.0
  0
LINE
  5
4A5
330
17
100
AcDbEntity
  8
LINES
100
AcDbLine
 10
897.69
 20
502.56
 30
0.0
 11
898.27
 21
501.84
 31
0.0
  0
LINE
  5
4A6
330
17
100
AcDbEntity
  8
LINES
100
AcDbLine
 10
902.87
 20
500.98
 30
0.0
 11
902.59
 21
499.39
 31
0.0
  0
LINE
  5
4A7
330
17
100
AcDbEntity
  8
LINES
100
AcDbLine
 10
901.43
 20
500.83
 30
0.0
 11
901.87
 21
499.39
 31
0.0
  0
LINE
  5
4A8
330
17
100
AcDbEntity
  8
LINES
100
AcDbLine
 10
902.87
 20
499.39
 30
0.0
 11
902.87
 21
494.21
 31
0.0
  0
LINE
  5
4A9
330
17
100
AcDbEntity
  8
LINES
100
AcDbLine
 10
900.86
 20
497.23
 30
0.0
 11
904.17
 21
497.81
 31
0.0
  0
LINE
  5
4AA
330
17
100
AcDbEntity
  8
LINES
100
AcDbLine
 10
901.0
 20
499.1
 30
0.0
 11
903.74
 21
499.54
 31
0.0
  0
LINE
  5
4AB
330
17
100
AcDbEntity
  8
LINES
100
AcDbLine
 10
903.16
 20
501.41
 30
0.0
 11
903.45
 21
502.99
 31
0.0
  0
LINE
  5
4AC
330
17
100
AcDbEntity
  8
LINES
100
AcDbLine
 10
900.86
 20
500.98
 30
0.0
 11
903.45
 21
501.41
 31
0.0
  0
LINE
  5
4AD
330
17
100
AcDbEntity
  8
LINES
100
AcDbLine
 10
900.86
 20
502.27
 30
0.0
 11
903.31
 21
502.7
 31
0.0
  0
LINE
  5
4AE
330
17
100
AcDbEntity
  8
LINES
100
AcDbLine
 10
866.3
 20
474.77
 30
0.0
 11
867.74
 21
475.34
 31
0.0
  0
LINE
  5
4AF
330
17
100
AcDbEntity
  8
LINES
100
AcDbLine
 10
867.16
 20
478.8
 30
0.0
 11
867.16
 21
472.46
 31
0.0
  0
LINE
  5
4B0
330
17
100
AcDbEntity
  8
LINES
100
AcDbLine
 10
866.15
 20
471.6
 30
0.0
 11
868.03
 21
473.33
 31
0.0
  0
LINE
  5
4B1
330
17
100
AcDbEntity
  8
LINES
100
AcDbLine
 10
868.89
 20
479.52
 30
0.0
 11
868.89
 21
472.03
 31
0.0
  0
LINE
  5
4B2
330
17
100
AcDbEntity
  8
LINES
100
AcDbLine
 10
867.74
 20
474.19
 30
0.0
 11
870.19
 21
476.35
 31
0.0
  0
LINE
  5
4B3
330
17
100
AcDbEntity
  8
LINES
100
AcDbLine
 10
871.91
 20
479.23
 30
0.0
 11
871.91
 21
471.02
 31
0.0
  0
LINE
  5
4B4
330
17
100
AcDbEntity
  8
LINES
100
AcDbLine
 10
871.91
 20
478.51
 30
0.0
 11
875.23
 21
478.94
 31
0.0
  0
LINE
  5
4B5
330
17
100
AcDbEntity
  8
LINES
100
AcDbLine
 10
873.21
 20
477.5
 30
0.0
 11
872.2
 21
473.18
 31
0.0
  0
LINE
  5
4B6
330
17
100
AcDbEntity
  8
LINES
100
AcDbLine
 10
872.49
 20
476.93
 30
0.0
 11
873.35
 21
474.34
 31
0.0
  0
LINE
  5
4B7
330
17
100
AcDbEntity
  8
LINES
100
AcDbLine
 10
874.65
 20
477.79
 30
0.0
 11
873.21
 21
472.9
 31
0.0
  0
LINE
  5
4B8
330
17
100
AcDbEntity
  8
LINES
100
AcDbLine
 10
873.79
 20
476.93
 30
0.0
 11
874.79
 21
473.62
 31
0.0
  0
LINE
  5
4B9
330
17
100
AcDbEntity
  8
LINES
100
AcDbLine
 10
902.73
 20
475.92
 30
0.0
 11
901.58
 21
475.78
 31
0.0
  0
LINE
  5
4BA
330
17
100
AcDbEntity
  8
LINES
100
AcDbLine
 10
902.73
 20
472.03
 30
0.0
 11
902.73
 21
476.35
 31
0.0
  0
LINE
  5
4BB
330
17
100
AcDbEntity
  8
LINES
100
AcDbLine
 10
903.45
 20
473.33
 30
0.0
 11
902.3
 21
471.17
 31
0.0
  0
LINE
  5
4BC
330
17
100
AcDbEntity
  8
LINES
100
AcDbLine
 10
902.15
 20
478.8
 30
0.0
 11
902.87
 21
477.36
 31
0.0
  0
LINE
  5
4BD
330
17
100
AcDbEntity
  8
LINES
100
AcDbLine
 10
903.59
 20
474.91
 30
0.0
 11
905.18
 21
475.06
 31
0.0
  0
LINE
  5
4BE
330
17
100
AcDbEntity
  8
LINES
100
AcDbLine
 10
905.47
 20
475.49
 30
0.0
 11
904.6
 21
473.04
 31
0.0
  0
LINE
  5
4BF
330
17
100
AcDbEntity
  8
LINES
100
AcDbLine
 10
903.88
 20
479.09
 30
0.0
 11
903.88
 21
477.36
 31
0.0
  0
LINE
  5
4C0
330
17
100
AcDbEntity
  8
LINES
100
AcDbLine
 10
903.88
 20
478.66
 30
0.0
 11
904.89
 21
478.8
 31
0.0
  0
LINE
  5
4C1
330
17
100
AcDbEntity
  8
LINES
100
AcDbLine
 10
908.78
 20
479.38
 30
0.0
 11
908.06
 21
477.65
 31
0.0
  0
LINE
  5
4C2
330
17
100
AcDbEntity
  8
LINES
100
AcDbLine
 10
909.21
 20
474.34
 30
0.0
 11
909.21
 21
471.31
 31
0.0
  0
LINE
  5
4C3
330
17
100
AcDbEntity
  8
LINES
100
AcDbLine
 10
908.35
 20
472.61
 30
0.0
 11
909.93
 21
472.9
 31
0.0
  0
LINE
  5
4C4
330
17
100
AcDbEntity
  8
LINES
100
AcDbLine
 10
910.22
 20
471.31
 30
0.0
 11
908.06
 21
471.02
 31
0.0
  0
LINE
  5
4C5
330
17
100
AcDbEntity
  8
LINES
100
AcDbLine
 10
910.36
 20
474.77
 30
0.0
 11
910.22
 21
470.59
 31
0.0
  0
LINE
  5
4C6
330
17
100
AcDbEntity
  8
LINES
100
AcDbLine
 10
908.06
 20
474.19
 30
0.0
 11
910.22
 21
474.48
 31
0.0
  0
LINE
  5
4C7
330
17
100
AcDbEntity
  8
LINES
100
AcDbLine
 10
908.06
 20
474.62
 30
0.0
 11
908.06
 21
470.59
 31
0.0
  0
LINE
  5
4C8
330
17
100
AcDbEntity
  8
LINES
100
AcDbLine
 10
908.2
 20
478.08
 30
0.0
 11
910.22
 21
478.37
 31
0.0
  0
LINE
  5
4C9
330
17
100
AcDbEntity
  8
LINES
100
AcDbLine
 10
908.06
 20
477.65
 30
0.0
 11
907.19
 21
475.78
 31
0.0
  0
LINE
  5
4CA
330
17
100
AcDbEntity
  8
LINES
100
AcDbLine
 10
915.26
 20
477.36
 30
0.0
 11
914.97
 21
475.78
 31
0.0
  0
LINE
  5
4CB
330
17
100
AcDbEntity
  8
LINES
100
AcDbLine
 10
913.82
 20
477.22
 30
0.0
 11
914.11
 21
475.78
 31
0.0
  0
LINE
  5
4CC
330
17
100
AcDbEntity
  8
LINES
100
AcDbLine
 10
915.26
 20
475.78
 30
0.0
 11
915.26
 21
470.59
 31
0.0
  0
LINE
  5
4CD
330
17
100
AcDbEntity
  8
LINES
100
AcDbLine
 10
913.1
 20
473.62
 30
0.0
 11
916.55
 21
474.19
 31
0.0
  0
LINE
  5
4CE
330
17
100
AcDbEntity
  8
LINES
100
AcDbLine
 10
913.39
 20
475.49
 30
0.0
 11
916.12
 21
475.92
 31
0.0
  0
LINE
  5
4CF
330
17
100
AcDbEntity
  8
LINES
100
AcDbLine
 10
915.55
 20
477.79
 30
0.0
 11
915.69
 21
479.38
 31
0.0
  0
LINE
  5
4D0
330
17
100
AcDbEntity
  8
LINES
100
AcDbLine
 10
913.24
 20
477.36
 30
0.0
 11
915.83
 21
477.79
 31
0.0
  0
LINE
  5
4D1
330
17
100
AcDbEntity
  8
LINES
100
AcDbLine
 10
913.24
 20
478.66
 30
0.0
 11
915.69
 21
479.09
 31
0.0
  0
LINE
  5
4D2
330
17
100
AcDbEntity
  8
LINES
100
AcDbLine
 10
743.18
 20
456.62
 30
0.0
 11
743.18
 21
446.69
 31
0.0
  0
LINE
  5
4D3
330
17
100
AcDbEntity
  8
LINES
100
AcDbLine
 10
870.47
 20
453.17
 30
0.0
 11
869.47
 21
454.9
 31
0.0
  0
LINE
  5
4D4
330
17
100
AcDbEntity
  8
LINES
100
AcDbLine
 10
866.59
 20
452.16
 30
0.0
 11
867.88
 21
454.9
 31
0.0
  0
LINE
  5
4D5
330
17
100
AcDbEntity
  8
LINES
100
AcDbLine
 10
868.6
 20
456.05
 30
0.0
 11
868.6
 21
453.02
 31
0.0
  0
LINE
  5
4D6
330
17
100
AcDbEntity
  8
LINES
100
AcDbLine
 10
867.45
 20
451.44
 30
0.0
 11
867.45
 21
446.83
 31
0.0
  0
LINE
  5
4D7
330
17
100
AcDbEntity
  8
LINES
100
AcDbLine
 10
869.61
 20
446.83
 30
0.0
 11
869.75
 21
451.87
 31
0.0
  0
LINE
  5
4D8
330
17
100
AcDbEntity
  8
LINES
100
AcDbLine
 10
869.75
 20
451.58
 30
0.0
 11
867.45
 21
451.15
 31
0.0
  0
LINE
  5
4D9
330
17
100
AcDbEntity
  8
LINES
100
AcDbLine
 10
867.45
 20
449.86
 30
0.0
 11
869.32
 21
450.14
 31
0.0
  0
LINE
  5
4DA
330
17
100
AcDbEntity
  8
LINES
100
AcDbLine
 10
867.45
 20
448.56
 30
0.0
 11
869.32
 21
448.85
 31
0.0
  0
LINE
  5
4DB
330
17
100
AcDbEntity
  8
LINES
100
AcDbLine
 10
867.45
 20
447.41
 30
0.0
 11
869.61
 21
447.55
 31
0.0
  0
LINE
  5
4DC
330
17
100
AcDbEntity
  8
LINES
100
AcDbLine
 10
872.06
 20
455.62
 30
0.0
 11
872.06
 21
447.41
 31
0.0
  0
LINE
  5
4DD
330
17
100
AcDbEntity
  8
LINES
100
AcDbLine
 10
872.06
 20
454.9
 30
0.0
 11
875.37
 21
455.33
 31
0.0
  0
LINE
  5
4DE
330
17
100
AcDbEntity
  8
LINES
100
AcDbLine
 10
873.35
 20
453.89
 30
0.0
 11
872.2
 21
449.57
 31
0.0
  0
LINE
  5
4DF
330
17
100
AcDbEntity
  8
LINES
100
AcDbLine
 10
872.49
 20
453.31
 30
0.0
 11
873.5
 21
450.72
 31
0.0
  0
LINE
  5
4E0
330
17
100
AcDbEntity
  8
LINES
100
AcDbLine
 10
874.65
 20
454.18
 30
0.0
 11
873.35
 21
449.28
 31
0.0
  0
LINE
  5
4E1
330
17
100
AcDbEntity
  8
LINES
100
AcDbLine
 10
873.79
 20
453.31
 30
0.0
 11
874.79
 21
450.0
 31
0.0
  0
LINE
  5
4E2
330
17
100
AcDbEntity
  8
LINES
100
AcDbLine
 10
902.73
 20
452.3
 30
0.0
 11
901.58
 21
452.16
 31
0.0
  0
LINE
  5
4E3
330
17
100
AcDbEntity
  8
LINES
100
AcDbLine
 10
902.73
 20
448.42
 30
0.0
 11
902.73
 21
452.74
 31
0.0
  0
LINE
  5
4E4
330
17
100
AcDbEntity
  8
LINES
100
AcDbLine
 10
903.45
 20
449.57
 30
0.0
 11
902.3
 21
447.55
 31
0.0
  0
LINE
  5
4E5
330
17
100
AcDbEntity
  8
LINES
100
AcDbLine
 10
902.3
 20
455.18
 30
0.0
 11
902.87
 21
453.74
 31
0.0
  0
LINE
  5
4E6
330
17
100
AcDbEntity
  8
LINES
100
AcDbLine
 10
903.59
 20
451.3
 30
0.0
 11
905.32
 21
451.44
 31
0.0
  0
LINE
  5
4E7
330
17
100
AcDbEntity
  8
LINES
100
AcDbLine
 10
905.47
 20
451.87
 30
0.0
 11
904.75
 21
449.42
 31
0.0
  0
LINE
  5
4E8
330
17
100
AcDbEntity
  8
LINES
100
AcDbLine
 10
904.03
 20
455.47
 30
0.0
 11
904.03
 21
453.6
 31
0.0
  0
LINE
  5
4E9
330
17
100
AcDbEntity
  8
LINES
100
AcDbLine
 10
904.03
 20
455.04
 30
0.0
 11
905.03
 21
455.18
 31
0.0
  0
LINE
  5
4EA
330
17
100
AcDbEntity
  8
LINES
100
AcDbLine
 10
908.92
 20
455.76
 30
0.0
 11
908.06
 21
454.03
 31
0.0
  0
LINE
  5
4EB
330
17
100
AcDbEntity
  8
LINES
100
AcDbLine
 10
909.21
 20
450.72
 30
0.0
 11
909.21
 21
447.7
 31
0.0
  0
LINE
  5
4EC
330
17
100
AcDbEntity
  8
LINES
100
AcDbLine
 10
908.49
 20
448.99
 30
0.0
 11
910.07
 21
449.28
 31
0.0
  0
LINE
  5
4ED
330
17
100
AcDbEntity
  8
LINES
100
AcDbLine
 10
910.22
 20
447.7
 30
0.0
 11
908.2
 21
447.41
 31
0.0
  0
LINE
  5
4EE
330
17
100
AcDbEntity
  8
LINES
100
AcDbLine
 10
910.51
 20
451.15
 30
0.0
 11
910.22
 21
446.98
 31
0.0
  0
LINE
  5
4EF
330
17
100
AcDbEntity
  8
LINES
100
AcDbLine
 10
908.2
 20
450.58
 30
0.0
 11
910.36
 21
450.86
 31
0.0
  0
LINE
  5
4F0
330
17
100
AcDbEntity
  8
LINES
100
AcDbLine
 10
908.2
 20
451.01
 30
0.0
 11
908.2
 21
446.98
 31
0.0
  0
LINE
  5
4F1
330
17
100
AcDbEntity
  8
LINES
100
AcDbLine
 10
908.35
 20
454.32
 30
0.0
 11
910.22
 21
454.75
 31
0.0
  0
LINE
  5
4F2
330
17
100
AcDbEntity
  8
LINES
100
AcDbLine
 10
908.06
 20
454.03
 30
0.0
 11
907.19
 21
452.16
 31
0.0
  0
LINE
  5
4F3
330
17
100
AcDbEntity
  8
LINES
100
AcDbLine
 10
915.26
 20
453.74
 30
0.0
 11
915.11
 21
452.16
 31
0.0
  0
LINE
  5
4F4
330
17
100
AcDbEntity
  8
LINES
100
AcDbLine
 10
913.96
 20
453.6
 30
0.0
 11
914.25
 21
452.16
 31
0.0
  0
LINE
  5
4F5
330
17
100
AcDbEntity
  8
LINES
100
AcDbLine
 10
915.26
 20
452.16
 30
0.0
 11
915.26
 21
446.98
 31
0.0
  0
LINE
  5
4F6
330
17
100
AcDbEntity
  8
LINES
100
AcDbLine
 10
913.24
 20
450.0
 30
0.0
 11
916.7
 21
450.58
 31
0.0
  0
LINE
  5
4F7
330
17
100
AcDbEntity
  8
LINES
100
AcDbLine
 10
913.53
 20
451.87
 30
0.0
 11
916.12
 21
452.3
 31
0.0
  0
LINE
  5
4F8
330
17
100
AcDbEntity
  8
LINES
100
AcDbLine
 10
915.69
 20
454.18
 30
0.0
 11
915.83
 21
455.76
 31
0.0
  0
LINE
  5
4F9
330
17
100
AcDbEntity
  8
LINES
100
AcDbLine
 10
913.39
 20
453.74
 30
0.0
 11
915.83
 21
454.18
 31
0.0
  0
LINE
  5
4FA
330
17
100
AcDbEntity
  8
LINES
100
AcDbLine
 10
913.39
 20
455.04
 30
0.0
 11
915.69
 21
455.47
 31
0.0
  0
LINE
  5
4FB
330
17
100
AcDbEntity
  8
LINES
100
AcDbLine
 10
875.23
 20
426.82
 30
0.0
 11
874.79
 21
428.11
 31
0.0
  0
LINE
  5
4FC
330
17
100
AcDbEntity
  8
LINES
100
AcDbLine
 10
874.07
 20
428.4
 30
0.0
 11
877.24
 21
428.98
 31
0.0
  0
LINE
  5
4FD
330
17
100
AcDbEntity
  8
LINES
100
AcDbLine
 10
877.82
 20
426.96
 30
0.0
 11
873.35
 21
426.1
 31
0.0
  0
LINE
  5
4FE
330
17
100
AcDbEntity
  8
LINES
100
AcDbLine
 10
874.51
 20
425.23
 30
0.0
 11
874.51
 21
421.2
 31
0.0
  0
LINE
  5
4FF
330
17
100
AcDbEntity
  8
LINES
100
AcDbLine
 10
874.51
 20
424.94
 30
0.0
 11
876.38
 21
425.38
 31
0.0
  0
LINE
  5
500
330
17
100
AcDbEntity
  8
LINES
100
AcDbLine
 10
876.52
 20
425.66
 30
0.0
 11
876.38
 21
421.34
 31
0.0
  0
LINE
  5
501
330
17
100
AcDbEntity
  8
LINES
100
AcDbLine
 10
874.51
 20
421.49
 30
0.0
 11
876.38
 21
421.92
 31
0.0
  0
LINE
  5
502
330
17
100
AcDbEntity
  8
LINES
100
AcDbLine
 10
874.51
 20
423.36
 30
0.0
 11
876.09
 21
423.65
 31
0.0
  0
LINE
  5
503
330
17
100
AcDbEntity
  8
LINES
100
AcDbLine
 10
875.66
 20
429.12
 30
0.0
 11
875.23
 21
430.42
 31
0.0
  0
LINE
  5
504
330
17
100
AcDbEntity
  8
LINES
100
AcDbLine
 10
876.23
 20
428.54
 30
0.0
 11
875.8
 21
426.67
 31
0.0
  0
LINE
  5
505
330
17
100
AcDbEntity
  8
LINES
100
AcDbLine
 10
882.57
 20
427.97
 30
0.0
 11
881.13
 21
427.68
 31
0.0
  0
LINE
  5
506
330
17
100
AcDbEntity
  8
LINES
100
AcDbLine
 10
882.57
 20
428.26
 30
0.0
 11
882.57
 21
424.08
 31
0.0
  0
LINE
  5
507
330
17
100
AcDbEntity
  8
LINES
100
AcDbLine
 10
881.13
 20
424.08
 30
0.0
 11
881.13
 21
428.11
 31
0.0
  0
LINE
  5
508
330
17
100
AcDbEntity
  8
LINES
100
AcDbLine
 10
881.85
 20
426.96
 30
0.0
 11
881.71
 21
424.37
 31
0.0
  0
LINE
  5
509
330
17
100
AcDbEntity
  8
LINES
100
AcDbLine
 10
881.85
 20
423.5
 30
0.0
 11
883.15
 21
421.34
 31
0.0
  0
LINE
  5
50A
330
17
100
AcDbEntity
  8
LINES
100
AcDbLine
 10
881.85
 20
429.55
 30
0.0
 11
881.56
 21
427.68
 31
0.0
  0
LINE
  5
50B
330
17
100
AcDbEntity
  8
LINES
100
AcDbLine
 10
881.13
 20
429.41
 30
0.0
 11
883.0
 21
429.84
 31
0.0
  0
LINE
  5
50C
330
17
100
AcDbEntity
  8
LINES
100
AcDbLine
 10
878.54
 20
426.24
 30
0.0
 11
880.84
 21
427.1
 31
0.0
  0
LINE
  5
50D
330
17
100
AcDbEntity
  8
LINES
100
AcDbLine
 10
879.83
 20
426.96
 30
0.0
 11
879.83
 21
430.56
 31
0.0
  0
LINE
  5
50E
330
17
100
AcDbEntity
  8
LINES
100
AcDbLine
 10
879.83
 20
428.4
 30
0.0
 11
880.7
 21
428.83
 31
0.0
  0
LINE
  5
50F
330
17
100
AcDbEntity
  8
LINES
100
AcDbLine
 10
879.26
 20
428.83
 30
0.0
 11
879.26
 21
426.67
 31
0.0
  0
LINE
  5
510
330
17
100
AcDbEntity
  8
LINES
100
AcDbLine
 10
879.83
 20
426.53
 30
0.0
 11
879.83
 21
424.22
 31
0.0
  0
LINE
  5
511
330
17
100
AcDbEntity
  8
LINES
100
AcDbLine
 10
879.26
 20
425.52
 30
0.0
 11
878.54
 21
423.36
 31
0.0
  0
LINE
  5
512
330
17
100
AcDbEntity
  8
LINES
100
AcDbLine
 10
886.75
 20
427.39
 30
0.0
 11
886.75
 21
421.2
 31
0.0
  0
LINE
  5
513
330
17
100
AcDbEntity
  8
LINES
100
AcDbLine
 10
888.19
 20
426.1
 30
0.0
 11
885.16
 21
425.52
 31
0.0
  0
LINE
  5
514
330
17
100
AcDbEntity
  8
LINES
100
AcDbLine
 10
886.03
 20
427.25
 30
0.0
 11
887.61
 21
427.54
 31
0.0
  0
LINE
  5
515
330
17
100
AcDbEntity
  8
LINES
100
AcDbLine
 10
887.75
 20
429.7
 30
0.0
 11
887.47
 21
427.54
 31
0.0
  0
LINE
  5
516
330
17
100
AcDbEntity
  8
LINES
100
AcDbLine
 10
886.03
 20
429.12
 30
0.0
 11
887.61
 21
429.55
 31
0.0
  0
LINE
  5
517
330
17
100
AcDbEntity
  8
LINES
100
AcDbLine
 10
886.03
 20
429.84
 30
0.0
 11
886.03
 21
426.82
 31
0.0
  0
LINE
  5
518
330
17
100
AcDbEntity
  8
LINES
100
AcDbLine
 10
884.73
 20
428.54
 30
0.0
 11
884.73
 21
421.34
 31
0.0
  0
LINE
  5
519
330
17
100
AcDbEntity
  8
LINES
100
AcDbLine
 10
885.31
 20
430.56
 30
0.0
 11
883.58
 21
425.81
 31
0.0
  0
LINE
  5
51A
330
17
100
AcDbEntity
  8
LINES
100
AcDbLine
 10
885.02
 20
422.64
 30
0.0
 11
886.6
 21
425.81
 31
0.0
  0
LINE
  5
51B
330
17
100
AcDbEntity
  8
LINES
100
AcDbLine
 10
891.21
 20
430.42
 30
0.0
 11
891.79
 21
428.98
 31
0.0
  0
LINE
  5
51C
330
17
100
AcDbEntity
  8
LINES
100
AcDbLine
 10
893.51
 20
428.98
 30
0.0
 11
893.08
 21
427.39
 31
0.0
  0
LINE
  5
51D
330
17
100
AcDbEntity
  8
LINES
100
AcDbLine
 10
889.91
 20
428.98
 30
0.0
 11
889.77
 21
426.96
 31
0.0
  0
LINE
  5
51E
330
17
100
AcDbEntity
  8
LINES
100
AcDbLine
 10
889.91
 20
428.4
 30
0.0
 11
893.51
 21
428.83
 31
0.0
  0
LINE
  5
51F
330
17
100
AcDbEntity
  8
LINES
100
AcDbLine
 10
891.35
 20
427.97
 30
0.0
 11
890.35
 21
423.79
 31
0.0
  0
LINE
  5
520
330
17
100
AcDbEntity
  8
LINES
100
AcDbLine
 10
890.49
 20
424.08
 30
0.0
 11
893.08
 21
421.49
 31
0.0
  0
LINE
  5
521
330
17
100
AcDbEntity
  8
LINES
100
AcDbLine
 10
893.66
 20
425.95
 30
0.0
 11
889.19
 21
425.52
 31
0.0
  0
LINE
  5
522
330
17
100
AcDbEntity
  8
LINES
100
AcDbLine
 10
894.52
 20
429.41
 30
0.0
 11
896.97
 21
429.84
 31
0.0
  0
LINE
  5
523
330
17
100
AcDbEntity
  8
LINES
100
AcDbLine
 10
898.41
 20
426.67
 30
0.0
 11
897.11
 21
426.24
 31
0.0
  0
LINE
  5
524
330
17
100
AcDbEntity
  8
LINES
100
AcDbLine
 10
898.41
 20
429.26
 30
0.0
 11
898.27
 21
426.67
 31
0.0
  0
LINE
  5
525
330
17
100
AcDbEntity
  8
LINES
100
AcDbLine
 10
896.97
 20
428.83
 30
0.0
 11
898.41
 21
429.12
 31
0.0
  0
LINE
  5
526
330
17
100
AcDbEntity
  8
LINES
100
AcDbLine
 10
895.82
 20
429.55
 30
0.0
 11
895.82
 21
425.52
 31
0.0
  0
LINE
  5
527
330
17
100
AcDbEntity
  8
LINES
100
AcDbLine
 10
895.1
 20
424.22
 30
0.0
 11
895.82
 21
424.37
 31
0.0
  0
LINE
  5
528
330
17
100
AcDbEntity
  8
LINES
100
AcDbLine
 10
894.67
 20
423.07
 30
0.0
 11
896.11
 21
423.36
 31
0.0
  0
LINE
  5
529
330
17
100
AcDbEntity
  8
LINES
100
AcDbLine
 10
896.39
 20
428.26
 30
0.0
 11
896.25
 21
422.21
 31
0.0
  0
LINE
  5
52A
330
17
100
AcDbEntity
  8
LINES
100
AcDbLine
 10
894.67
 20
427.68
 30
0.0
 11
896.39
 21
428.11
 31
0.0
  0
LINE
  5
52B
330
17
100
AcDbEntity
  8
LINES
100
AcDbLine
 10
894.67
 20
428.26
 30
0.0
 11
894.67
 21
422.21
 31
0.0
  0
LINE
  5
52C
330
17
100
AcDbEntity
  8
LINES
100
AcDbLine
 10
895.82
 20
425.52
 30
0.0
 11
896.25
 21
425.52
 31
0.0
  0
LINE
  5
52D
330
17
100
AcDbEntity
  8
LINES
100
AcDbLine
 10
901.29
 20
425.23
 30
0.0
 11
899.71
 21
424.51
 31
0.0
  0
LINE
  5
52E
330
17
100
AcDbEntity
  8
LINES
100
AcDbLine
 10
901.15
 20
428.11
 30
0.0
 11
899.85
 21
424.66
 31
0.0
  0
LINE
  5
52F
330
17
100
AcDbEntity
  8
LINES
100
AcDbLine
 10
899.56
 20
426.67
 30
0.0
 11
900.86
 21
427.39
 31
0.0
  0
LINE
  5
530
330
17
100
AcDbEntity
  8
LINES
100
AcDbLine
 10
899.71
 20
422.64
 30
0.0
 11
901.43
 21
423.79
 31
0.0
  0
LINE
  5
531
330
17
100
AcDbEntity
  8
LINES
100
AcDbLine
 10
900.71
 20
429.84
 30
0.0
 11
899.71
 21
426.82
 31
0.0
  0
LINE
  5
532
330
17
100
AcDbEntity
  8
LINES
100
AcDbLine
 10
901.58
 20
427.25
 30
0.0
 11
903.45
 21
428.26
 31
0.0
  0
LINE
  5
533
330
17
100
AcDbEntity
  8
LINES
100
AcDbLine
 10
901.58
 20
425.52
 30
0.0
 11
903.59
 21
426.53
 31
0.0
  0
LINE
  5
534
330
17
100
AcDbEntity
  8
LINES
100
AcDbLine
 10
902.87
 20
429.84
 30
0.0
 11
903.45
 21
429.12
 31
0.0
  0
LINE
  5
535
330
17
100
AcDbEntity
  8
LINES
100
AcDbLine
 10
908.06
 20
428.26
 30
0.0
 11
907.91
 21
426.67
 31
0.0
  0
LINE
  5
536
330
17
100
AcDbEntity
  8
LINES
100
AcDbLine
 10
906.62
 20
428.11
 30
0.0
 11
907.05
 21
426.67
 31
0.0
  0
LINE
  5
537
330
17
100
AcDbEntity
  8
LINES
100
AcDbLine
 10
908.06
 20
426.67
 30
0.0
 11
908.06
 21
421.49
 31
0.0
  0
LINE
  5
538
330
17
100
AcDbEntity
  8
LINES
100
AcDbLine
 10
906.04
 20
424.51
 30
0.0
 11
909.35
 21
425.09
 31
0.0
  0
LINE
  5
539
330
17
100
AcDbEntity
  8
LINES
100
AcDbLine
 10
906.33
 20
426.24
 30
0.0
 11
908.92
 21
426.82
 31
0.0
  0
LINE
  5
53A
330
17
100
AcDbEntity
  8
LINES
100
AcDbLine
 10
908.49
 20
428.69
 30
0.0
 11
908.63
 21
430.27
 31
0.0
  0
LINE
  5
53B
330
17
100
AcDbEntity
  8
LINES
100
AcDbLine
 10
906.04
 20
428.26
 30
0.0
 11
908.63
 21
428.69
 31
0.0
  0
LINE
  5
53C
330
17
100
AcDbEntity
  8
LINES
100
AcDbLine
 10
906.04
 20
429.55
 30
0.0
 11
908.49
 21
429.84
 31
0.0
  0
LINE
  5
53D
330
17
100
AcDbEntity
  8
LINES
100
AcDbLine
 10
869.75
 20
402.48
 30
0.0
 11
869.75
 21
397.73
 31
0.0
  0
LINE
  5
53E
330
17
100
AcDbEntity
  8
LINES
100
AcDbLine
 10
869.18
 20
399.6
 30
0.0
 11
870.47
 21
399.74
 31
0.0
  0
LINE
  5
53F
330
17
100
AcDbEntity
  8
LINES
100
AcDbLine
 10
869.18
 20
400.9
 30
0.0
 11
870.33
 21
401.04
 31
0.0
  0
LINE
  5
540
330
17
100
AcDbEntity
  8
LINES
100
AcDbLine
 10
869.32
 20
403.49
 30
0.0
 11
870.04
 21
402.48
 31
0.0
  0
LINE
  5
541
330
17
100
AcDbEntity
  8
LINES
100
AcDbLine
 10
868.75
 20
402.19
 30
0.0
 11
870.91
 21
402.62
 31
0.0
  0
LINE
  5
542
330
17
100
AcDbEntity
  8
LINES
100
AcDbLine
 10
868.75
 20
402.77
 30
0.0
 11
868.75
 21
397.87
 31
0.0
  0
LINE
  5
543
330
17
100
AcDbEntity
  8
LINES
100
AcDbLine
 10
866.87
 20
400.75
 30
0.0
 11
868.17
 21
401.18
 31
0.0
  0
LINE
  5
544
330
17
100
AcDbEntity
  8
LINES
100
AcDbLine
 10
867.45
 20
404.06
 30
0.0
 11
868.03
 21
402.77
 31
0.0
  0
LINE
  5
545
330
17
100
AcDbEntity
  8
LINES
100
AcDbLine
 10
870.76
 20
404.78
 30
0.0
 11
869.75
 21
403.06
 31
0.0
  0
LINE
  5
546
330
17
100
AcDbEntity
  8
LINES
100
AcDbLine
 10
868.75
 20
404.21
 30
0.0
 11
870.47
 21
404.5
 31
0.0
  0
LINE
  5
547
330
17
100
AcDbEntity
  8
LINES
100
AcDbLine
 10
870.91
 20
396.0
 30
0.0
 11
871.48
 21
396.29
 31
0.0
  0
LINE
  5
548
330
17
100
AcDbEntity
  8
LINES
100
AcDbLine
 10
875.23
 20
400.46
 30
0.0
 11
873.79
 21
400.03
 31
0.0
  0
LINE
  5
549
330
17
100
AcDbEntity
  8
LINES
100
AcDbLine
 10
874.51
 20
403.2
 30
0.0
 11
874.36
 21
396.0
 31
0.0
  0
LINE
  5
54A
330
17
100
AcDbEntity
  8
LINES
100
AcDbLine
 10
876.52
 20
396.0
 30
0.0
 11
876.52
 21
398.45
 31
0.0
  0
LINE
  5
54B
330
17
100
AcDbEntity
  8
LINES
100
AcDbLine
 10
875.95
 20
403.78
 30
0.0
 11
875.8
 21
400.46
 31
0.0
  0
LINE
  5
54C
330
17
100
AcDbEntity
  8
LINES
100
AcDbLine
 10
873.79
 20
403.2
 30
0.0
 11
875.8
 21
403.63
 31
0.0
  0
LINE
  5
54D
330
17
100
AcDbEntity
  8
LINES
100
AcDbLine
 10
872.92
 20
396.72
 30
0.0
 11
873.79
 21
398.74
 31
0.0
  0
LINE
  5
54E
330
17
100
AcDbEntity
  8
LINES
100
AcDbLine
 10
872.2
 20
401.33
 30
0.0
 11
873.21
 21
401.62
 31
0.0
  0
LINE
  5
54F
330
17
100
AcDbEntity
  8
LINES
100
AcDbLine
 10
873.21
 20
401.9
 30
0.0
 11
873.07
 21
397.01
 31
0.0
  0
LINE
  5
550
330
17
100
AcDbEntity
  8
LINES
100
AcDbLine
 10
872.92
 20
404.5
 30
0.0
 11
873.5
 21
402.91
 31
0.0
  0
LINE
  5
551
330
17
100
AcDbEntity
  8
LINES
100
AcDbLine
 10
877.67
 20
402.77
 30
0.0
 11
881.56
 21
403.34
 31
0.0
  0
LINE
  5
552
330
17
100
AcDbEntity
  8
LINES
100
AcDbLine
 10
880.7
 20
401.9
 30
0.0
 11
880.55
 21
396.29
 31
0.0
  0
LINE
  5
553
330
17
100
AcDbEntity
  8
LINES
100
AcDbLine
 10
878.68
 20
401.33
 30
0.0
 11
880.7
 21
401.62
 31
0.0
  0
LINE
  5
554
330
17
100
AcDbEntity
  8
LINES
100
AcDbLine
 10
877.39
 20
395.86
 30
0.0
 11
881.99
 21
396.58
 31
0.0
  0
LINE
  5
555
330
17
100
AcDbEntity
  8
LINES
100
AcDbLine
 10
878.68
 20
397.58
 30
0.0
 11
880.12
 21
397.87
 31
0.0
  0
LINE
  5
556
330
17
100
AcDbEntity
  8
LINES
100
AcDbLine
 10
878.68
 20
398.74
 30
0.0
 11
880.12
 21
399.02
 31
0.0
  0
LINE
  5
557
330
17
100
AcDbEntity
  8
LINES
100
AcDbLine
 10
878.68
 20
399.89
 30
0.0
 11
880.27
 21
400.32
 31
0.0
  0
LINE
  5
558
330
17
100
AcDbEntity
  8
LINES
100
AcDbLine
 10
878.68
 20
401.76
 30
0.0
 11
878.68
 21
396.14
 31
0.0
  0
LINE
  5
559
330
17
100
AcDbEntity
  8
LINES
100
AcDbLine
 10
879.69
 20
404.78
 30
0.0
 11
879.55
 21
401.33
 31
0.0
  0
LINE
  5
55A
330
17
100
AcDbEntity
  8
LINES
100
AcDbLine
 10
883.15
 20
403.92
 30
0.0
 11
883.72
 21
402.62
 31
0.0
  0
LINE
  5
55B
330
17
100
AcDbEntity
  8
LINES
100
AcDbLine
 10
883.29
 20
400.46
 30
0.0
 11
882.57
 21
401.76
 31
0.0
  0
LINE
  5
55C
330
17
100
AcDbEntity
  8
LINES
100
AcDbLine
 10
885.31
 20
404.93
 30
0.0
 11
885.59
 21
403.34
 31
0.0
  0
LINE
  5
55D
330
17
100
AcDbEntity
  8
LINES
100
AcDbLine
 10
887.03
 20
402.91
 30
0.0
 11
884.15
 21
402.48
 31
0.0
  0
LINE
  5
55E
330
17
100
AcDbEntity
  8
LINES
100
AcDbLine
 10
886.6
 20
400.32
 30
0.0
 11
886.03
 21
401.9
 31
0.0
  0
LINE
  5
55F
330
17
100
AcDbEntity
  8
LINES
100
AcDbLine
 10
886.31
 20
401.04
 30
0.0
 11
884.44
 21
400.61
 31
0.0
  0
LINE
  5
560
330
17
100
AcDbEntity
  8
LINES
100
AcDbLine
 10
884.59
 20
400.75
 30
0.0
 11
885.45
 21
402.62
 31
0.0
  0
LINE
  5
561
330
17
100
AcDbEntity
  8
LINES
100
AcDbLine
 10
884.01
 20
396.58
 30
0.0
 11
883.29
 21
395.57
 31
0.0
  0
LINE
  5
562
330
17
100
AcDbEntity
  8
LINES
100
AcDbLine
 10
885.31
 20
400.03
 30
0.0
 11
885.31
 21
395.86
 31
0.0
  0
LINE
  5
563
330
17
100
AcDbEntity
  8
LINES
100
AcDbLine
 10
888.62
 20
403.34
 30
0.0
 11
888.62
 21
398.02
 31
0.0
  0
LINE
  5
564
330
17
100
AcDbEntity
  8
LINES
100
AcDbLine
 10
888.62
 20
402.48
 30
0.0
 11
891.79
 21
402.91
 31
0.0
  0
LINE
  5
565
330
17
100
AcDbEntity
  8
LINES
100
AcDbLine
 10
891.79
 20
403.2
 30
0.0
 11
891.35
 21
399.17
 31
0.0
  0
LINE
  5
566
330
17
100
AcDbEntity
  8
LINES
100
AcDbLine
 10
891.5
 20
399.17
 30
0.0
 11
888.62
 21
398.88
 31
0.0
  0
LINE
  5
567
330
17
100
AcDbEntity
  8
LINES
100
AcDbLine
 10
889.05
 20
400.75
 30
0.0
 11
890.92
 21
401.04
 31
0.0
  0
LINE
  5
568
330
17
100
AcDbEntity
  8
LINES
100
AcDbLine
 10
897.98
 20
397.01
 30
0.0
 11
897.26
 21
398.3
 31
0.0
  0
LINE
  5
569
330
17
100
AcDbEntity
  8
LINES
100
AcDbLine
 10
895.96
 20
398.3
 30
0.0
 11
894.95
 21
396.0
 31
0.0
  0
LINE
  5
56A
330
17
100
AcDbEntity
  8
LINES
100
AcDbLine
 10
896.54
 20
403.49
 30
0.0
 11
896.39
 21
402.05
 31
0.0
  0
LINE
  5
56B
330
17
100
AcDbEntity
  8
LINES
100
AcDbLine
 10
895.96
 20
400.61
 30
0.0
 11
897.11
 21
400.9
 31
0.0
  0
LINE
  5
56C
330
17
100
AcDbEntity
  8
LINES
100
AcDbLine
 10
897.4
 20
399.74
 30
0.0
 11
895.96
 21
399.46
 31
0.0
  0
LINE
  5
56D
330
17
100
AcDbEntity
  8
LINES
100
AcDbLine
 10
897.55
 20
402.34
 30
0.0
 11
897.4
 21
399.74
 31
0.0
  0
LINE
  5
56E
330
17
100
AcDbEntity
  8
LINES
100
AcDbLine
 10
895.96
 20
401.76
 30
0.0
 11
897.4
 21
402.19
 31
0.0
  0
LINE
  5
56F
330
17
100
AcDbEntity
  8
LINES
100
AcDbLine
 10
895.96
 20
402.48
 30
0.0
 11
895.96
 21
399.17
 31
0.0
  0
LINE
  5
570
330
17
100
AcDbEntity
  8
LINES
100
AcDbLine
 10
895.39
 20
403.63
 30
0.0
 11
897.83
 21
403.92
 31
0.0
  0
LINE
  5
571
330
17
100
AcDbEntity
  8
LINES
100
AcDbLine
 10
893.8
 20
403.92
 30
0.0
 11
894.52
 21
402.91
 31
0.0
  0
LINE
  5
572
330
17
100
AcDbEntity
  8
LINES
100
AcDbLine
 10
893.8
 20
396.72
 30
0.0
 11
894.67
 21
401.76
 31
0.0
  0
LINE
  5
573
330
17
100
AcDbEntity
  8
LINES
100
AcDbLine
 10
893.08
 20
401.9
 30
0.0
 11
893.8
 21
400.61
 31
0.0
  0
LINE
  5
574
330
17
100
AcDbEntity
  8
LINES
100
AcDbLine
 10
893.23
 20
397.73
 30
0.0
 11
893.8
 21
397.01
 31
0.0
  0
LINE
  5
575
330
17
100
AcDbEntity
  8
LINES
100
AcDbLine
 10
893.8
 20
396.72
 30
0.0
 11
894.67
 21
401.33
 31
0.0
  0
LINE
  5
576
330
17
100
AcDbEntity
  8
LINES
100
AcDbLine
 10
894.23
 20
396.0
 30
0.0
 11
894.81
 21
398.45
 31
0.0
  0
LINE
  5
577
330
17
100
AcDbEntity
  8
LINES
100
AcDbLine
 10
901.58
 20
402.77
 30
0.0
 11
901.43
 21
401.04
 31
0.0
  0
LINE
  5
578
330
17
100
AcDbEntity
  8
LINES
100
AcDbLine
 10
900.28
 20
402.48
 30
0.0
 11
900.57
 21
401.18
 31
0.0
  0
LINE
  5
579
330
17
100
AcDbEntity
  8
LINES
100
AcDbLine
 10
901.58
 20
401.04
 30
0.0
 11
901.58
 21
395.86
 31
0.0
  0
LINE
  5
57A
330
17
100
AcDbEntity
  8
LINES
100
AcDbLine
 10
899.56
 20
399.02
 30
0.0
 11
903.02
 21
399.6
 31
0.0
  0
LINE
  5
57B
330
17
100
AcDbEntity
  8
LINES
100
AcDbLine
 10
899.85
 20
400.75
 30
0.0
 11
902.44
 21
401.33
 31
0.0
  0
LINE
  5
57C
330
17
100
AcDbEntity
  8
LINES
100
AcDbLine
 10
902.01
 20
403.2
 30
0.0
 11
902.15
 21
404.64
 31
0.0
  0
LINE
  5
57D
330
17
100
AcDbEntity
  8
LINES
100
AcDbLine
 10
899.71
 20
402.77
 30
0.0
 11
902.15
 21
403.2
 31
0.0
  0
LINE
  5
57E
330
17
100
AcDbEntity
  8
LINES
100
AcDbLine
 10
899.71
 20
403.92
 30
0.0
 11
902.01
 21
404.35
 31
0.0
  0
LINE
  5
57F
330
17
100
AcDbEntity
  8
LINES
100
AcDbLine
 10
909.07
 20
399.6
 30
0.0
 11
913.67
 21
400.03
 31
0.0
  0
LINE
  5
580
330
17
100
AcDbEntity
  8
LINES
100
AcDbLine
 10
869.75
 20
376.99
 30
0.0
 11
869.75
 21
372.24
 31
0.0
  0
LINE
  5
581
330
17
100
AcDbEntity
  8
LINES
100
AcDbLine
 10
869.18
 20
373.97
 30
0.0
 11
870.47
 21
374.26
 31
0.0
  0
LINE
  5
582
330
17
100
AcDbEntity
  8
LINES
100
AcDbLine
 10
869.18
 20
375.41
 30
0.0
 11
870.33
 21
375.55
 31
0.0
  0
LINE
  5
583
330
17
100
AcDbEntity
  8
LINES
100
AcDbLine
 10
869.32
 20
378.0
 30
0.0
 11
870.04
 21
376.99
 31
0.0
  0
LINE
  5
584
330
17
100
AcDbEntity
  8
LINES
100
AcDbLine
 10
868.75
 20
376.7
 30
0.0
 11
870.91
 21
377.14
 31
0.0
  0
LINE
  5
585
330
17
100
AcDbEntity
  8
LINES
100
AcDbLine
 10
868.75
 20
377.28
 30
0.0
 11
868.75
 21
372.38
 31
0.0
  0
LINE
  5
586
330
17
100
AcDbEntity
  8
LINES
100
AcDbLine
 10
866.87
 20
375.26
 30
0.0
 11
868.17
 21
375.7
 31
0.0
  0
LINE
  5
587
330
17
100
AcDbEntity
  8
LINES
100
AcDbLine
 10
867.45
 20
378.58
 30
0.0
 11
868.03
 21
377.28
 31
0.0
  0
LINE
  5
588
330
17
100
AcDbEntity
  8
LINES
100
AcDbLine
 10
870.76
 20
379.3
 30
0.0
 11
869.75
 21
377.57
 31
0.0
  0
LINE
  5
589
330
17
100
AcDbEntity
  8
LINES
100
AcDbLine
 10
868.75
 20
378.72
 30
0.0
 11
870.47
 21
379.01
 31
0.0
  0
LINE
  5
58A
330
17
100
AcDbEntity
  8
LINES
100
AcDbLine
 10
870.91
 20
370.51
 30
0.0
 11
871.48
 21
370.8
 31
0.0
  0
LINE
  5
58B
330
17
100
AcDbEntity
  8
LINES
100
AcDbLine
 10
875.23
 20
374.98
 30
0.0
 11
873.79
 21
374.54
 31
0.0
  0
LINE
  5
58C
330
17
100
AcDbEntity
  8
LINES
100
AcDbLine
 10
874.51
 20
377.71
 30
0.0
 11
874.36
 21
370.51
 31
0.0
  0
LINE
  5
58D
330
17
100
AcDbEntity
  8
LINES
100
AcDbLine
 10
876.52
 20
370.51
 30
0.0
 11
876.52
 21
372.96
 31
0.0
  0
LINE
  5
58E
330
17
100
AcDbEntity
  8
LINES
100
AcDbLine
 10
875.95
 20
378.29
 30
0.0
 11
875.8
 21
374.98
 31
0.0
  0
LINE
  5
58F
330
17
100
AcDbEntity
  8
LINES
100
AcDbLine
 10
873.79
 20
377.71
 30
0.0
 11
875.8
 21
378.0
 31
0.0
  0
LINE
  5
590
330
17
100
AcDbEntity
  8
LINES
100
AcDbLine
 10
872.92
 20
371.23
 30
0.0
 11
873.79
 21
373.25
 31
0.0
  0
LINE
  5
591
330
17
100
AcDbEntity
  8
LINES
100
AcDbLine
 10
872.2
 20
375.84
 30
0.0
 11
873.21
 21
376.13
 31
0.0
  0
LINE
  5
592
330
17
100
AcDbEntity
  8
LINES
100
AcDbLine
 10
873.21
 20
376.42
 30
0.0
 11
873.07
 21
371.52
 31
0.0
  0
LINE
  5
593
330
17
100
AcDbEntity
  8
LINES
100
AcDbLine
 10
872.92
 20
379.01
 30
0.0
 11
873.5
 21
377.28
 31
0.0
  0
LINE
  5
594
330
17
100
AcDbEntity
  8
LINES
100
AcDbLine
 10
877.67
 20
377.28
 30
0.0
 11
881.56
 21
377.86
 31
0.0
  0
LINE
  5
595
330
17
100
AcDbEntity
  8
LINES
100
AcDbLine
 10
880.7
 20
376.42
 30
0.0
 11
880.55
 21
370.8
 31
0.0
  0
LINE
  5
596
330
17
100
AcDbEntity
  8
LINES
100
AcDbLine
 10
878.68
 20
375.84
 30
0.0
 11
880.7
 21
376.13
 31
0.0
  0
LINE
  5
597
330
17
100
AcDbEntity
  8
LINES
100
AcDbLine
 10
877.39
 20
370.37
 30
0.0
 11
881.99
 21
371.09
 31
0.0
  0
LINE
  5
598
330
17
100
AcDbEntity
  8
LINES
100
AcDbLine
 10
878.68
 20
372.1
 30
0.0
 11
880.12
 21
372.38
 31
0.0
  0
LINE
  5
599
330
17
100
AcDbEntity
  8
LINES
100
AcDbLine
 10
878.68
 20
373.25
 30
0.0
 11
880.12
 21
373.54
 31
0.0
  0
LINE
  5
59A
330
17
100
AcDbEntity
  8
LINES
100
AcDbLine
 10
878.68
 20
374.4
 30
0.0
 11
880.27
 21
374.69
 31
0.0
  0
LINE
  5
59B
330
17
100
AcDbEntity
  8
LINES
100
AcDbLine
 10
878.68
 20
376.27
 30
0.0
 11
878.68
 21
370.66
 31
0.0
  0
LINE
  5
59C
330
17
100
AcDbEntity
  8
LINES
100
AcDbLine
 10
879.69
 20
379.3
 30
0.0
 11
879.55
 21
375.84
 31
0.0
  0
LINE
  5
59D
330
17
100
AcDbEntity
  8
LINES
100
AcDbLine
 10
883.15
 20
378.43
 30
0.0
 11
883.72
 21
377.14
 31
0.0
  0
LINE
  5
59E
330
17
100
AcDbEntity
  8
LINES
100
AcDbLine
 10
883.29
 20
374.98
 30
0.0
 11
882.57
 21
376.27
 31
0.0
  0
LINE
  5
59F
330
17
100
AcDbEntity
  8
LINES
100
AcDbLine
 10
885.31
 20
379.44
 30
0.0
 11
885.59
 21
377.86
 31
0.0
  0
LINE
  5
5A0
330
17
100
AcDbEntity
  8
LINES
100
AcDbLine
 10
887.03
 20
377.42
 30
0.0
 11
884.15
 21
376.99
 31
0.0
  0
LINE
  5
5A1
330
17
100
AcDbEntity
  8
LINES
100
AcDbLine
 10
886.6
 20
374.69
 30
0.0
 11
886.03
 21
376.42
 31
0.0
  0
LINE
  5
5A2
330
17
100
AcDbEntity
  8
LINES
100
AcDbLine
 10
886.31
 20
375.55
 30
0.0
 11
884.44
 21
375.12
 31
0.0
  0
LINE
  5
5A3
330
17
100
AcDbEntity
  8
LINES
100
AcDbLine
 10
884.59
 20
375.26
 30
0.0
 11
885.45
 21
377.14
 31
0.0
  0
LINE
  5
5A4
330
17
100
AcDbEntity
  8
LINES
100
AcDbLine
 10
884.01
 20
371.09
 30
0.0
 11
883.29
 21
370.08
 31
0.0
  0
LINE
  5
5A5
330
17
100
AcDbEntity
  8
LINES
100
AcDbLine
 10
885.31
 20
374.54
 30
0.0
 11
885.31
 21
370.37
 31
0.0
  0
LINE
  5
5A6
330
17
100
AcDbEntity
  8
LINES
100
AcDbLine
 10
887.75
 20
374.69
 30
0.0
 11
889.05
 21
379.15
 31
0.0
  0
LINE
  5
5A7
330
17
100
AcDbEntity
  8
LINES
100
AcDbLine
 10
888.47
 20
376.85
 30
0.0
 11
889.34
 21
376.99
 31
0.0
  0
LINE
  5
5A8
330
17
100
AcDbEntity
  8
LINES
100
AcDbLine
 10
889.48
 20
377.28
 30
0.0
 11
889.05
 21
375.7
 31
0.0
  0
LINE
  5
5A9
330
17
100
AcDbEntity
  8
LINES
100
AcDbLine
 10
888.62
 20
375.26
 30
0.0
 11
888.62
 21
371.38
 31
0.0
  0
LINE
  5
5AA
330
17
100
AcDbEntity
  8
LINES
100
AcDbLine
 10
888.47
 20
371.09
 30
0.0
 11
889.63
 21
372.82
 31
0.0
  0
LINE
  5
5AB
330
17
100
AcDbEntity
  8
LINES
100
AcDbLine
 10
889.91
 20
378.43
 30
0.0
 11
889.91
 21
376.13
 31
0.0
  0
LINE
  5
5AC
330
17
100
AcDbEntity
  8
LINES
100
AcDbLine
 10
889.91
 20
377.86
 30
0.0
 11
891.79
 21
378.0
 31
0.0
  0
LINE
  5
5AD
330
17
100
AcDbEntity
  8
LINES
100
AcDbLine
 10
891.93
 20
378.29
 30
0.0
 11
891.79
 21
376.7
 31
0.0
  0
LINE
  5
5AE
330
17
100
AcDbEntity
  8
LINES
100
AcDbLine
 10
891.93
 20
376.7
 30
0.0
 11
889.91
 21
376.56
 31
0.0
  0
LINE
  5
5AF
330
17
100
AcDbEntity
  8
LINES
100
AcDbLine
 10
890.06
 20
374.83
 30
0.0
 11
890.06
 21
371.81
 31
0.0
  0
LINE
  5
5B0
330
17
100
AcDbEntity
  8
LINES
100
AcDbLine
 10
890.06
 20
374.4
 30
0.0
 11
891.79
 21
374.54
 31
0.0
  0
LINE
  5
5B1
330
17
100
AcDbEntity
  8
LINES
100
AcDbLine
 10
891.93
 20
374.69
 30
0.0
 11
891.79
 21
371.66
 31
0.0
  0
LINE
  5
5B2
330
17
100
AcDbEntity
  8
LINES
100
AcDbLine
 10
891.07
 20
371.81
 30
0.0
 11
892.07
 21
370.22
 31
0.0
  0
LINE
  5
5B3
330
17
100
AcDbEntity
  8
LINES
100
AcDbLine
 10
890.92
 20
379.44
 30
0.0
 11
890.92
 21
375.55
 31
0.0
  0
LINE
  5
5B4
330
17
100
AcDbEntity
  8
LINES
100
AcDbLine
 10
889.48
 20
375.26
 30
0.0
 11
892.51
 21
375.55
 31
0.0
  0
LINE
  5
5B5
330
17
100
AcDbEntity
  8
LINES
100
AcDbLine
 10
894.81
 20
374.26
 30
0.0
 11
893.23
 21
373.54
 31
0.0
  0
LINE
  5
5B6
330
17
100
AcDbEntity
  8
LINES
100
AcDbLine
 10
894.67
 20
377.14
 30
0.0
 11
893.51
 21
373.68
 31
0.0
  0
LINE
  5
5B7
330
17
100
AcDbEntity
  8
LINES
100
AcDbLine
 10
893.08
 20
375.7
 30
0.0
 11
894.38
 21
376.27
 31
0.0
  0
LINE
  5
5B8
330
17
100
AcDbEntity
  8
LINES
100
AcDbLine
 10
893.23
 20
371.66
 30
0.0
 11
894.95
 21
372.82
 31
0.0
  0
LINE
  5
5B9
330
17
100
AcDbEntity
  8
LINES
100
AcDbLine
 10
894.23
 20
378.86
 30
0.0
 11
893.23
 21
375.84
 31
0.0
  0
LINE
  5
5BA
330
17
100
AcDbEntity
  8
LINES
100
AcDbLine
 10
895.24
 20
376.27
 30
0.0
 11
896.97
 21
377.28
 31
0.0
  0
LINE
  5
5BB
330
17
100
AcDbEntity
  8
LINES
100
AcDbLine
 10
895.1
 20
374.54
 30
0.0
 11
897.11
 21
375.41
 31
0.0
  0
LINE
  5
5BC
330
17
100
AcDbEntity
  8
LINES
100
AcDbLine
 10
896.39
 20
378.72
 30
0.0
 11
896.97
 21
378.0
 31
0.0
  0
LINE
  5
5BD
330
17
100
AcDbEntity
  8
LINES
100
AcDbLine
 10
901.58
 20
377.28
 30
0.0
 11
901.43
 21
375.55
 31
0.0
  0
LINE
  5
5BE
330
17
100
AcDbEntity
  8
LINES
100
AcDbLine
 10
900.28
 20
376.99
 30
0.0
 11
900.57
 21
375.7
 31
0.0
  0
LINE
  5
5BF
330
17
100
AcDbEntity
  8
LINES
100
AcDbLine
 10
901.58
 20
375.55
 30
0.0
 11
901.58
 21
370.37
 31
0.0
  0
LINE
  5
5C0
330
17
100
AcDbEntity
  8
LINES
100
AcDbLine
 10
899.56
 20
373.54
 30
0.0
 11
903.02
 21
373.97
 31
0.0
  0
LINE
  5
5C1
330
17
100
AcDbEntity
  8
LINES
100
AcDbLine
 10
899.85
 20
375.26
 30
0.0
 11
902.44
 21
375.84
 31
0.0
  0
LINE
  5
5C2
330
17
100
AcDbEntity
  8
LINES
100
AcDbLine
 10
902.01
 20
377.71
 30
0.0
 11
902.15
 21
379.15
 31
0.0
  0
LINE
  5
5C3
330
17
100
AcDbEntity
  8
LINES
100
AcDbLine
 10
899.71
 20
377.28
 30
0.0
 11
902.15
 21
377.71
 31
0.0
  0
LINE
  5
5C4
330
17
100
AcDbEntity
  8
LINES
100
AcDbLine
 10
899.71
 20
378.43
 30
0.0
 11
902.01
 21
378.86
 31
0.0
  0
LINE
  5
5C5
330
17
100
AcDbEntity
  8
LINES
100
AcDbLine
 10
909.07
 20
374.11
 30
0.0
 11
913.67
 21
374.54
 31
0.0
  0
LINE
  5
5C6
330
17
100
AcDbEntity
  8
LINES
100
AcDbLine
 10
869.75
 20
351.36
 30
0.0
 11
869.75
 21
346.75
 31
0.0
  0
LINE
  5
5C7
330
17
100
AcDbEntity
  8
LINES
100
AcDbLine
 10
869.18
 20
348.48
 30
0.0
 11
870.47
 21
348.77
 31
0.0
  0
LINE
  5
5C8
330
17
100
AcDbEntity
  8
LINES
100
AcDbLine
 10
869.18
 20
349.92
 30
0.0
 11
870.33
 21
350.06
 31
0.0
  0
LINE
  5
5C9
330
17
100
AcDbEntity
  8
LINES
100
AcDbLine
 10
869.32
 20
352.51
 30
0.0
 11
870.04
 21
351.5
 31
0.0
  0
LINE
  5
5CA
330
17
100
AcDbEntity
  8
LINES
100
AcDbLine
 10
868.75
 20
351.22
 30
0.0
 11
870.91
 21
351.65
 31
0.0
  0
LINE
  5
5CB
330
17
100
AcDbEntity
  8
LINES
100
AcDbLine
 10
868.75
 20
351.79
 30
0.0
 11
868.75
 21
346.9
 31
0.0
  0
LINE
  5
5CC
330
17
100
AcDbEntity
  8
LINES
100
AcDbLine
 10
866.87
 20
349.78
 30
0.0
 11
868.17
 21
350.21
 31
0.0
  0
LINE
  5
5CD
330
17
100
AcDbEntity
  8
LINES
100
AcDbLine
 10
867.45
 20
353.09
 30
0.0
 11
868.03
 21
351.79
 31
0.0
  0
LINE
  5
5CE
330
17
100
AcDbEntity
  8
LINES
100
AcDbLine
 10
870.76
 20
353.81
 30
0.0
 11
869.75
 21
352.08
 31
0.0
  0
LINE
  5
5CF
330
17
100
AcDbEntity
  8
LINES
100
AcDbLine
 10
868.75
 20
353.23
 30
0.0
 11
870.47
 21
353.52
 31
0.0
  0
LINE
  5
5D0
330
17
100
AcDbEntity
  8
LINES
100
AcDbLine
 10
870.91
 20
345.02
 30
0.0
 11
871.48
 21
345.31
 31
0.0
  0
LINE
  5
5D1
330
17
100
AcDbEntity
  8
LINES
100
AcDbLine
 10
875.23
 20
349.49
 30
0.0
 11
873.79
 21
349.06
 31
0.0
  0
LINE
  5
5D2
330
17
100
AcDbEntity
  8
LINES
100
AcDbLine
 10
874.51
 20
352.08
 30
0.0
 11
874.36
 21
345.02
 31
0.0
  0
LINE
  5
5D3
330
17
100
AcDbEntity
  8
LINES
100
AcDbLine
 10
876.52
 20
345.02
 30
0.0
 11
876.52
 21
347.47
 31
0.0
  0
LINE
  5
5D4
330
17
100
AcDbEntity
  8
LINES
100
AcDbLine
 10
875.95
 20
352.8
 30
0.0
 11
875.8
 21
349.49
 31
0.0
  0
LINE
  5
5D5
330
17
100
AcDbEntity
  8
LINES
100
AcDbLine
 10
873.79
 20
352.08
 30
0.0
 11
875.8
 21
352.51
 31
0.0
  0
LINE
  5
5D6
330
17
100
AcDbEntity
  8
LINES
100
AcDbLine
 10
872.92
 20
345.74
 30
0.0
 11
873.79
 21
347.76
 31
0.0
  0
LINE
  5
5D7
330
17
100
AcDbEntity
  8
LINES
100
AcDbLine
 10
872.2
 20
350.21
 30
0.0
 11
873.21
 21
350.64
 31
0.0
  0
LINE
  5
5D8
330
17
100
AcDbEntity
  8
LINES
100
AcDbLine
 10
873.21
 20
350.93
 30
0.0
 11
873.07
 21
346.03
 31
0.0
  0
LINE
  5
5D9
330
17
100
AcDbEntity
  8
LINES
100
AcDbLine
 10
872.92
 20
353.52
 30
0.0
 11
873.5
 21
351.79
 31
0.0
  0
LINE
  5
5DA
330
17
100
AcDbEntity
  8
LINES
100
AcDbLine
 10
877.67
 20
351.79
 30
0.0
 11
881.56
 21
352.37
 31
0.0
  0
LINE
  5
5DB
330
17
100
AcDbEntity
  8
LINES
100
AcDbLine
 10
880.7
 20
350.93
 30
0.0
 11
880.55
 21
345.31
 31
0.0
  0
LINE
  5
5DC
330
17
100
AcDbEntity
  8
LINES
100
AcDbLine
 10
878.68
 20
350.21
 30
0.0
 11
880.7
 21
350.64
 31
0.0
  0
LINE
  5
5DD
330
17
100
AcDbEntity
  8
LINES
100
AcDbLine
 10
877.39
 20
344.88
 30
0.0
 11
881.99
 21
345.46
 31
0.0
  0
LINE
  5
5DE
330
17
100
AcDbEntity
  8
LINES
100
AcDbLine
 10
878.68
 20
346.61
 30
0.0
 11
880.12
 21
346.9
 31
0.0
  0
LINE
  5
5DF
330
17
100
AcDbEntity
  8
LINES
100
AcDbLine
 10
878.68
 20
347.76
 30
0.0
 11
880.12
 21
348.05
 31
0.0
  0
LINE
  5
5E0
330
17
100
AcDbEntity
  8
LINES
100
AcDbLine
 10
878.68
 20
348.91
 30
0.0
 11
880.27
 21
349.2
 31
0.0
  0
LINE
  5
5E1
330
17
100
AcDbEntity
  8
LINES
100
AcDbLine
 10
878.68
 20
350.64
 30
0.0
 11
878.68
 21
345.17
 31
0.0
  0
LINE
  5
5E2
330
17
100
AcDbEntity
  8
LINES
100
AcDbLine
 10
879.69
 20
353.81
 30
0.0
 11
879.55
 21
350.21
 31
0.0
  0
LINE
  5
5E3
330
17
100
AcDbEntity
  8
LINES
100
AcDbLine
 10
883.15
 20
352.94
 30
0.0
 11
883.72
 21
351.65
 31
0.0
  0
LINE
  5
5E4
330
17
100
AcDbEntity
  8
LINES
100
AcDbLine
 10
883.29
 20
349.49
 30
0.0
 11
882.57
 21
350.78
 31
0.0
  0
LINE
  5
5E5
330
17
100
AcDbEntity
  8
LINES
100
AcDbLine
 10
885.31
 20
353.95
 30
0.0
 11
885.59
 21
352.37
 31
0.0
  0
LINE
  5
5E6
330
17
100
AcDbEntity
  8
LINES
100
AcDbLine
 10
887.03
 20
351.94
 30
0.0
 11
884.15
 21
351.36
 31
0.0
  0
LINE
  5
5E7
330
17
100
AcDbEntity
  8
LINES
100
AcDbLine
 10
886.6
 20
349.2
 30
0.0
 11
886.03
 21
350.93
 31
0.0
  0
LINE
  5
5E8
330
17
100
AcDbEntity
  8
LINES
100
AcDbLine
 10
886.31
 20
350.06
 30
0.0
 11
884.44
 21
349.63
 31
0.0
  0
LINE
  5
5E9
330
17
100
AcDbEntity
  8
LINES
100
AcDbLine
 10
884.59
 20
349.78
 30
0.0
 11
885.45
 21
351.65
 31
0.0
  0
LINE
  5
5EA
330
17
100
AcDbEntity
  8
LINES
100
AcDbLine
 10
884.01
 20
345.46
 30
0.0
 11
883.29
 21
344.59
 31
0.0
  0
LINE
  5
5EB
330
17
100
AcDbEntity
  8
LINES
100
AcDbLine
 10
885.31
 20
349.06
 30
0.0
 11
885.31
 21
344.88
 31
0.0
  0
LINE
  5
5EC
330
17
100
AcDbEntity
  8
LINES
100
AcDbLine
 10
887.75
 20
349.2
 30
0.0
 11
889.05
 21
353.52
 31
0.0
  0
LINE
  5
5ED
330
17
100
AcDbEntity
  8
LINES
100
AcDbLine
 10
888.47
 20
351.36
 30
0.0
 11
889.34
 21
351.5
 31
0.0
  0
LINE
  5
5EE
330
17
100
AcDbEntity
  8
LINES
100
AcDbLine
 10
889.48
 20
351.79
 30
0.0
 11
889.05
 21
350.21
 31
0.0
  0
LINE
  5
5EF
330
17
100
AcDbEntity
  8
LINES
100
AcDbLine
 10
888.62
 20
349.78
 30
0.0
 11
888.62
 21
345.89
 31
0.0
  0
LINE
  5
5F0
330
17
100
AcDbEntity
  8
LINES
100
AcDbLine
 10
888.47
 20
345.6
 30
0.0
 11
889.63
 21
347.33
 31
0.0
  0
LINE
  5
5F1
330
17
100
AcDbEntity
  8
LINES
100
AcDbLine
 10
889.91
 20
352.94
 30
0.0
 11
889.91
 21
350.64
 31
0.0
  0
LINE
  5
5F2
330
17
100
AcDbEntity
  8
LINES
100
AcDbLine
 10
889.91
 20
352.37
 30
0.0
 11
891.79
 21
352.51
 31
0.0
  0
LINE
  5
5F3
330
17
100
AcDbEntity
  8
LINES
100
AcDbLine
 10
891.93
 20
352.8
 30
0.0
 11
891.79
 21
351.22
 31
0.0
  0
LINE
  5
5F4
330
17
100
AcDbEntity
  8
LINES
100
AcDbLine
 10
891.93
 20
351.22
 30
0.0
 11
889.91
 21
350.93
 31
0.0
  0
LINE
  5
5F5
330
17
100
AcDbEntity
  8
LINES
100
AcDbLine
 10
890.06
 20
349.34
 30
0.0
 11
890.06
 21
346.18
 31
0.0
  0
LINE
  5
5F6
330
17
100
AcDbEntity
  8
LINES
100
AcDbLine
 10
890.06
 20
348.77
 30
0.0
 11
891.79
 21
349.06
 31
0.0
  0
LINE
  5
5F7
330
17
100
AcDbEntity
  8
LINES
100
AcDbLine
 10
891.93
 20
349.2
 30
0.0
 11
891.79
 21
346.18
 31
0.0
  0
LINE
  5
5F8
330
17
100
AcDbEntity
  8
LINES
100
AcDbLine
 10
891.07
 20
346.18
 30
0.0
 11
892.07
 21
344.74
 31
0.0
  0
LINE
  5
5F9
330
17
100
AcDbEntity
  8
LINES
100
AcDbLine
 10
890.92
 20
353.95
 30
0.0
 11
890.92
 21
350.06
 31
0.0
  0
LINE
  5
5FA
330
17
100
AcDbEntity
  8
LINES
100
AcDbLine
 10
889.48
 20
349.78
 30
0.0
 11
892.51
 21
350.06
 31
0.0
  0
LINE
  5
5FB
330
17
100
AcDbEntity
  8
LINES
100
AcDbLine
 10
894.81
 20
348.77
 30
0.0
 11
893.23
 21
348.05
 31
0.0
  0
LINE
  5
5FC
330
17
100
AcDbEntity
  8
LINES
100
AcDbLine
 10
894.67
 20
351.65
 30
0.0
 11
893.51
 21
348.05
 31
0.0
  0
LINE
  5
5FD
330
17
100
AcDbEntity
  8
LINES
100
AcDbLine
 10
893.08
 20
350.21
 30
0.0
 11
894.38
 21
350.78
 31
0.0
  0
LINE
  5
5FE
330
17
100
AcDbEntity
  8
LINES
100
AcDbLine
 10
893.23
 20
346.18
 30
0.0
 11
894.95
 21
347.33
 31
0.0
  0
LINE
  5
5FF
330
17
100
AcDbEntity
  8
LINES
100
AcDbLine
 10
894.23
 20
353.38
 30
0.0
 11
893.23
 21
350.21
 31
0.0
  0
LINE
  5
600
330
17
100
AcDbEntity
  8
LINES
100
AcDbLine
 10
895.24
 20
350.64
 30
0.0
 11
896.97
 21
351.79
 31
0.0
  0
LINE
  5
601
330
17
100
AcDbEntity
  8
LINES
100
AcDbLine
 10
895.1
 20
349.06
 30
0.0
 11
897.11
 21
349.92
 31
0.0
  0
LINE
  5
602
330
17
100
AcDbEntity
  8
LINES
100
AcDbLine
 10
896.39
 20
353.23
 30
0.0
 11
896.97
 21
352.51
 31
0.0
  0
LINE
  5
603
330
17
100
AcDbEntity
  8
LINES
100
AcDbLine
 10
901.58
 20
351.79
 30
0.0
 11
901.43
 21
350.06
 31
0.0
  0
LINE
  5
604
330
17
100
AcDbEntity
  8
LINES
100
AcDbLine
 10
900.28
 20
351.5
 30
0.0
 11
900.57
 21
350.21
 31
0.0
  0
LINE
  5
605
330
17
100
AcDbEntity
  8
LINES
100
AcDbLine
 10
901.58
 20
350.06
 30
0.0
 11
901.58
 21
344.88
 31
0.0
  0
LINE
  5
606
330
17
100
AcDbEntity
  8
LINES
100
AcDbLine
 10
899.56
 20
348.05
 30
0.0
 11
903.02
 21
348.48
 31
0.0
  0
LINE
  5
607
330
17
100
AcDbEntity
  8
LINES
100
AcDbLine
 10
899.85
 20
349.78
 30
0.0
 11
902.44
 21
350.21
 31
0.0
  0
LINE
  5
608
330
17
100
AcDbEntity
  8
LINES
100
AcDbLine
 10
902.01
 20
352.08
 30
0.0
 11
902.15
 21
353.66
 31
0.0
  0
LINE
  5
609
330
17
100
AcDbEntity
  8
LINES
100
AcDbLine
 10
899.71
 20
351.79
 30
0.0
 11
902.15
 21
352.08
 31
0.0
  0
LINE
  5
60A
330
17
100
AcDbEntity
  8
LINES
100
AcDbLine
 10
899.71
 20
352.94
 30
0.0
 11
902.01
 21
353.38
 31
0.0
  0
LINE
  5
60B
330
17
100
AcDbEntity
  8
LINES
100
AcDbLine
 10
909.93
 20
351.5
 30
0.0
 11
912.81
 21
351.79
 31
0.0
  0
LINE
  5
60C
330
17
100
AcDbEntity
  8
LINES
100
AcDbLine
 10
909.07
 20
346.61
 30
0.0
 11
913.67
 21
346.9
 31
0.0
  0
LINE
  5
60D
330
17
100
AcDbEntity
  8
LINES
100
AcDbLine
 10
869.75
 20
325.87
 30
0.0
 11
869.75
 21
321.26
 31
0.0
  0
LINE
  5
60E
330
17
100
AcDbEntity
  8
LINES
100
AcDbLine
 10
869.18
 20
322.99
 30
0.0
 11
870.47
 21
323.28
 31
0.0
  0
LINE
  5
60F
330
17
100
AcDbEntity
  8
LINES
100
AcDbLine
 10
869.18
 20
324.29
 30
0.0
 11
870.33
 21
324.58
 31
0.0
  0
LINE
  5
610
330
17
100
AcDbEntity
  8
LINES
100
AcDbLine
 10
869.32
 20
326.88
 30
0.0
 11
870.04
 21
326.02
 31
0.0
  0
LINE
  5
611
330
17
100
AcDbEntity
  8
LINES
100
AcDbLine
 10
868.75
 20
325.73
 30
0.0
 11
870.91
 21
326.16
 31
0.0
  0
LINE
  5
612
330
17
100
AcDbEntity
  8
LINES
100
AcDbLine
 10
868.75
 20
326.16
 30
0.0
 11
868.75
 21
321.41
 31
0.0
  0
LINE
  5
613
330
17
100
AcDbEntity
  8
LINES
100
AcDbLine
 10
866.87
 20
324.29
 30
0.0
 11
868.17
 21
324.72
 31
0.0
  0
LINE
  5
614
330
17
100
AcDbEntity
  8
LINES
100
AcDbLine
 10
867.45
 20
327.6
 30
0.0
 11
868.03
 21
326.16
 31
0.0
  0
LINE
  5
615
330
17
100
AcDbEntity
  8
LINES
100
AcDbLine
 10
870.76
 20
328.32
 30
0.0
 11
869.75
 21
326.59
 31
0.0
  0
LINE
  5
616
330
17
100
AcDbEntity
  8
LINES
100
AcDbLine
 10
868.75
 20
327.6
 30
0.0
 11
870.47
 21
328.03
 31
0.0
  0
LINE
  5
617
330
17
100
AcDbEntity
  8
LINES
100
AcDbLine
 10
870.91
 20
319.54
 30
0.0
 11
871.48
 21
319.82
 31
0.0
  0
LINE
  5
618
330
17
100
AcDbEntity
  8
LINES
100
AcDbLine
 10
875.23
 20
324.0
 30
0.0
 11
873.79
 21
323.57
 31
0.0
  0
LINE
  5
619
330
17
100
AcDbEntity
  8
LINES
100
AcDbLine
 10
874.51
 20
326.59
 30
0.0
 11
874.36
 21
319.54
 31
0.0
  0
LINE
  5
61A
330
17
100
AcDbEntity
  8
LINES
100
AcDbLine
 10
876.52
 20
319.54
 30
0.0
 11
876.52
 21
321.98
 31
0.0
  0
LINE
  5
61B
330
17
100
AcDbEntity
  8
LINES
100
AcDbLine
 10
875.95
 20
327.31
 30
0.0
 11
875.8
 21
324.0
 31
0.0
  0
LINE
  5
61C
330
17
100
AcDbEntity
  8
LINES
100
AcDbLine
 10
873.79
 20
326.59
 30
0.0
 11
875.8
 21
327.02
 31
0.0
  0
LINE
  5
61D
330
17
100
AcDbEntity
  8
LINES
100
AcDbLine
 10
872.92
 20
320.26
 30
0.0
 11
873.79
 21
322.13
 31
0.0
  0
LINE
  5
61E
330
17
100
AcDbEntity
  8
LINES
100
AcDbLine
 10
872.2
 20
324.72
 30
0.0
 11
873.21
 21
325.01
 31
0.0
  0
LINE
  5
61F
330
17
100
AcDbEntity
  8
LINES
100
AcDbLine
 10
873.21
 20
325.44
 30
0.0
 11
873.07
 21
320.54
 31
0.0
  0
LINE
  5
620
330
17
100
AcDbEntity
  8
LINES
100
AcDbLine
 10
872.92
 20
328.03
 30
0.0
 11
873.5
 21
326.3
 31
0.0
  0
LINE
  5
621
330
17
100
AcDbEntity
  8
LINES
100
AcDbLine
 10
877.67
 20
326.16
 30
0.0
 11
881.56
 21
326.88
 31
0.0
  0
LINE
  5
622
330
17
100
AcDbEntity
  8
LINES
100
AcDbLine
 10
880.7
 20
325.44
 30
0.0
 11
880.55
 21
319.82
 31
0.0
  0
LINE
  5
623
330
17
100
AcDbEntity
  8
LINES
100
AcDbLine
 10
878.68
 20
324.72
 30
0.0
 11
880.7
 21
325.01
 31
0.0
  0
LINE
  5
624
330
17
100
AcDbEntity
  8
LINES
100
AcDbLine
 10
877.39
 20
319.39
 30
0.0
 11
881.99
 21
319.97
 31
0.0
  0
LINE
  5
625
330
17
100
AcDbEntity
  8
LINES
100
AcDbLine
 10
878.68
 20
320.98
 30
0.0
 11
880.12
 21
321.41
 31
0.0
  0
LINE
  5
626
330
17
100
AcDbEntity
  8
LINES
100
AcDbLine
 10
878.68
 20
322.13
 30
0.0
 11
880.12
 21
322.56
 31
0.0
  0
LINE
  5
627
330
17
100
AcDbEntity
  8
LINES
100
AcDbLine
 10
878.68
 20
323.42
 30
0.0
 11
880.27
 21
323.71
 31
0.0
  0
LINE
  5
628
330
17
100
AcDbEntity
  8
LINES
100
AcDbLine
 10
878.68
 20
325.15
 30
0.0
 11
878.68
 21
319.54
 31
0.0
  0
LINE
  5
629
330
17
100
AcDbEntity
  8
LINES
100
AcDbLine
 10
879.69
 20
328.32
 30
0.0
 11
879.55
 21
324.72
 31
0.0
  0
LINE
  5
62A
330
17
100
AcDbEntity
  8
LINES
100
AcDbLine
 10
883.15
 20
327.46
 30
0.0
 11
883.72
 21
326.16
 31
0.0
  0
LINE
  5
62B
330
17
100
AcDbEntity
  8
LINES
100
AcDbLine
 10
883.29
 20
324.0
 30
0.0
 11
882.57
 21
325.3
 31
0.0
  0
LINE
  5
62C
330
17
100
AcDbEntity
  8
LINES
100
AcDbLine
 10
885.31
 20
328.32
 30
0.0
 11
885.59
 21
326.88
 31
0.0
  0
LINE
  5
62D
330
17
100
AcDbEntity
  8
LINES
100
AcDbLine
 10
887.03
 20
326.45
 30
0.0
 11
884.15
 21
325.87
 31
0.0
  0
LINE
  5
62E
330
17
100
AcDbEntity
  8
LINES
100
AcDbLine
 10
886.6
 20
323.71
 30
0.0
 11
886.03
 21
325.44
 31
0.0
  0
LINE
  5
62F
330
17
100
AcDbEntity
  8
LINES
100
AcDbLine
 10
886.31
 20
324.58
 30
0.0
 11
884.44
 21
324.14
 31
0.0
  0
LINE
  5
630
330
17
100
AcDbEntity
  8
LINES
100
AcDbLine
 10
884.59
 20
324.29
 30
0.0
 11
885.45
 21
326.16
 31
0.0
  0
LINE
  5
631
330
17
100
AcDbEntity
  8
LINES
100
AcDbLine
 10
884.01
 20
319.97
 30
0.0
 11
883.29
 21
319.1
 31
0.0
  0
LINE
  5
632
330
17
100
AcDbEntity
  8
LINES
100
AcDbLine
 10
885.31
 20
323.57
 30
0.0
 11
885.31
 21
319.39
 31
0.0
  0
LINE
  5
633
330
17
100
AcDbEntity
  8
LINES
100
AcDbLine
 10
888.62
 20
326.88
 30
0.0
 11
888.62
 21
321.41
 31
0.0
  0
LINE
  5
634
330
17
100
AcDbEntity
  8
LINES
100
AcDbLine
 10
888.62
 20
325.87
 30
0.0
 11
891.79
 21
326.3
 31
0.0
  0
LINE
  5
635
330
17
100
AcDbEntity
  8
LINES
100
AcDbLine
 10
891.79
 20
326.59
 30
0.0
 11
891.35
 21
322.7
 31
0.0
  0
LINE
  5
636
330
17
100
AcDbEntity
  8
LINES
100
AcDbLine
 10
891.5
 20
322.7
 30
0.0
 11
888.62
 21
322.27
 31
0.0
  0
LINE
  5
637
330
17
100
AcDbEntity
  8
LINES
100
AcDbLine
 10
889.05
 20
324.29
 30
0.0
 11
890.92
 21
324.58
 31
0.0
  0
LINE
  5
638
330
17
100
AcDbEntity
  8
LINES
100
AcDbLine
 10
897.98
 20
320.54
 30
0.0
 11
897.26
 21
321.7
 31
0.0
  0
LINE
  5
639
330
17
100
AcDbEntity
  8
LINES
100
AcDbLine
 10
895.96
 20
321.7
 30
0.0
 11
894.95
 21
319.54
 31
0.0
  0
LINE
  5
63A
330
17
100
AcDbEntity
  8
LINES
100
AcDbLine
 10
896.54
 20
326.88
 30
0.0
 11
896.39
 21
325.44
 31
0.0
  0
LINE
  5
63B
330
17
100
AcDbEntity
  8
LINES
100
AcDbLine
 10
895.96
 20
324.14
 30
0.0
 11
897.11
 21
324.29
 31
0.0
  0
LINE
  5
63C
330
17
100
AcDbEntity
  8
LINES
100
AcDbLine
 10
897.4
 20
323.28
 30
0.0
 11
895.96
 21
322.85
 31
0.0
  0
LINE
  5
63D
330
17
100
AcDbEntity
  8
LINES
100
AcDbLine
 10
897.55
 20
325.73
 30
0.0
 11
897.4
 21
323.28
 31
0.0
  0
LINE
  5
63E
330
17
100
AcDbEntity
  8
LINES
100
AcDbLine
 10
895.96
 20
325.3
 30
0.0
 11
897.4
 21
325.58
 31
0.0
  0
LINE
  5
63F
330
17
100
AcDbEntity
  8
LINES
100
AcDbLine
 10
895.96
 20
325.87
 30
0.0
 11
895.96
 21
322.56
 31
0.0
  0
LINE
  5
640
330
17
100
AcDbEntity
  8
LINES
100
AcDbLine
 10
895.39
 20
327.02
 30
0.0
 11
897.83
 21
327.46
 31
0.0
  0
LINE
  5
641
330
17
100
AcDbEntity
  8
LINES
100
AcDbLine
 10
893.8
 20
327.46
 30
0.0
 11
894.52
 21
326.3
 31
0.0
  0
LINE
  5
642
330
17
100
AcDbEntity
  8
LINES
100
AcDbLine
 10
893.8
 20
320.26
 30
0.0
 11
894.67
 21
325.3
 31
0.0
  0
LINE
  5
643
330
17
100
AcDbEntity
  8
LINES
100
AcDbLine
 10
893.08
 20
325.44
 30
0.0
 11
893.8
 21
324.14
 31
0.0
  0
LINE
  5
644
330
17
100
AcDbEntity
  8
LINES
100
AcDbLine
 10
893.23
 20
321.26
 30
0.0
 11
893.8
 21
320.54
 31
0.0
  0
LINE
  5
645
330
17
100
AcDbEntity
  8
LINES
100
AcDbLine
 10
893.8
 20
320.26
 30
0.0
 11
894.67
 21
324.72
 31
0.0
  0
LINE
  5
646
330
17
100
AcDbEntity
  8
LINES
100
AcDbLine
 10
894.23
 20
319.54
 30
0.0
 11
894.81
 21
321.98
 31
0.0
  0
LINE
  5
647
330
17
100
AcDbEntity
  8
LINES
100
AcDbLine
 10
901.58
 20
326.16
 30
0.0
 11
901.43
 21
324.58
 31
0.0
  0
LINE
  5
648
330
17
100
AcDbEntity
  8
LINES
100
AcDbLine
 10
900.28
 20
326.02
 30
0.0
 11
900.57
 21
324.72
 31
0.0
  0
LINE
  5
649
330
17
100
AcDbEntity
  8
LINES
100
AcDbLine
 10
901.58
 20
324.58
 30
0.0
 11
901.58
 21
319.39
 31
0.0
  0
LINE
  5
64A
330
17
100
AcDbEntity
  8
LINES
100
AcDbLine
 10
899.56
 20
322.56
 30
0.0
 11
903.02
 21
322.99
 31
0.0
  0
LINE
  5
64B
330
17
100
AcDbEntity
  8
LINES
100
AcDbLine
 10
899.85
 20
324.29
 30
0.0
 11
902.44
 21
324.72
 31
0.0
  0
LINE
  5
64C
330
17
100
AcDbEntity
  8
LINES
100
AcDbLine
 10
902.01
 20
326.59
 30
0.0
 11
902.15
 21
328.18
 31
0.0
  0
LINE
  5
64D
330
17
100
AcDbEntity
  8
LINES
100
AcDbLine
 10
899.71
 20
326.16
 30
0.0
 11
902.15
 21
326.59
 31
0.0
  0
LINE
  5
64E
330
17
100
AcDbEntity
  8
LINES
100
AcDbLine
 10
899.71
 20
327.46
 30
0.0
 11
902.01
 21
327.89
 31
0.0
  0
LINE
  5
64F
330
17
100
AcDbEntity
  8
LINES
100
AcDbLine
 10
909.93
 20
326.02
 30
0.0
 11
912.81
 21
326.3
 31
0.0
  0
LINE
  5
650
330
17
100
AcDbEntity
  8
LINES
100
AcDbLine
 10
909.07
 20
320.98
 30
0.0
 11
913.67
 21
321.41
 31
0.0
  0
LINE
  5
651
330
17
100
AcDbEntity
  8
LINES
100
AcDbLine
 10
881.99
 20
296.78
 30
0.0
 11
882.86
 21
295.49
 31
0.0
  0
LINE
  5
652
330
17
100
AcDbEntity
  8
LINES
100
AcDbLine
 10
880.99
 20
296.78
 30
0.0
 11
879.98
 21
294.91
 31
0.0
  0
LINE
  5
653
330
17
100
AcDbEntity
  8
LINES
100
AcDbLine
 10
880.41
 20
297.79
 30
0.0
 11
882.86
 21
298.08
 31
0.0
  0
LINE
  5
654
330
17
100
AcDbEntity
  8
LINES
100
AcDbLine
 10
880.84
 20
299.23
 30
0.0
 11
882.28
 21
299.52
 31
0.0
  0
LINE
  5
655
330
17
100
AcDbEntity
  8
LINES
100
AcDbLine
 10
881.27
 20
302.83
 30
0.0
 11
881.56
 21
301.68
 31
0.0
  0
LINE
  5
656
330
17
100
AcDbEntity
  8
LINES
100
AcDbLine
 10
882.86
 20
301.25
 30
0.0
 11
882.57
 21
300.1
 31
0.0
  0
LINE
  5
657
330
17
100
AcDbEntity
  8
LINES
100
AcDbLine
 10
880.55
 20
300.82
 30
0.0
 11
882.86
 21
301.1
 31
0.0
  0
LINE
  5
658
330
17
100
AcDbEntity
  8
LINES
100
AcDbLine
 10
880.55
 20
301.68
 30
0.0
 11
880.41
 21
299.52
 31
0.0
  0
LINE
  5
659
330
17
100
AcDbEntity
  8
LINES
100
AcDbLine
 10
878.68
 20
296.93
 30
0.0
 11
880.12
 21
297.94
 31
0.0
  0
LINE
  5
65A
330
17
100
AcDbEntity
  8
LINES
100
AcDbLine
 10
880.12
 20
300.67
 30
0.0
 11
878.83
 21
297.22
 31
0.0
  0
LINE
  5
65B
330
17
100
AcDbEntity
  8
LINES
100
AcDbLine
 10
879.83
 20
302.83
 30
0.0
 11
878.83
 21
299.81
 31
0.0
  0
LINE
  5
65C
330
17
100
AcDbEntity
  8
LINES
100
AcDbLine
 10
878.68
 20
295.2
 30
0.0
 11
880.12
 21
296.5
 31
0.0
  0
LINE
  5
65D
330
17
100
AcDbEntity
  8
LINES
100
AcDbLine
 10
878.68
 20
299.66
 30
0.0
 11
879.83
 21
300.1
 31
0.0
  0
LINE
  5
65E
330
17
100
AcDbEntity
  8
LINES
100
AcDbLine
 10
884.87
 20
294.05
 30
0.0
 11
887.18
 21
294.34
 31
0.0
  0
LINE
  5
65F
330
17
100
AcDbEntity
  8
LINES
100
AcDbLine
 10
884.87
 20
297.07
 30
0.0
 11
884.87
 21
293.62
 31
0.0
  0
LINE
  5
660
330
17
100
AcDbEntity
  8
LINES
100
AcDbLine
 10
887.03
 20
297.07
 30
0.0
 11
886.89
 21
294.34
 31
0.0
  0
LINE
  5
661
330
17
100
AcDbEntity
  8
LINES
100
AcDbLine
 10
884.87
 20
296.64
 30
0.0
 11
887.03
 21
296.93
 31
0.0
  0
LINE
  5
662
330
17
100
AcDbEntity
  8
LINES
100
AcDbLine
 10
887.61
 20
297.65
 30
0.0
 11
888.33
 21
297.65
 31
0.0
  0
LINE
  5
663
330
17
100
AcDbEntity
  8
LINES
100
AcDbLine
 10
886.03
 20
302.83
 30
0.0
 11
885.02
 21
299.52
 31
0.0
  0
LINE
  5
664
330
17
100
AcDbEntity
  8
LINES
100
AcDbLine
 10
885.74
 20
301.82
 30
0.0
 11
887.61
 21
297.65
 31
0.0
  0
LINE
  5
665
330
17
100
AcDbEntity
  8
LINES
100
AcDbLine
 10
884.87
 20
294.34
 30
0.0
 11
884.87
 21
294.05
 31
0.0
  0
LINE
  5
666
330
17
100
AcDbEntity
  8
LINES
100
AcDbLine
 10
884.87
 20
298.22
 30
0.0
 11
887.03
 21
298.37
 31
0.0
  0
LINE
  5
667
330
17
100
AcDbEntity
  8
LINES
100
AcDbLine
 10
885.02
 20
299.52
 30
0.0
 11
883.87
 21
297.36
 31
0.0
  0
LINE
  5
668
330
17
100
AcDbEntity
  8
LINES
100
AcDbLine
 10
890.35
 20
302.69
 30
0.0
 11
890.35
 21
297.94
 31
0.0
  0
LINE
  5
669
330
17
100
AcDbEntity
  8
LINES
100
AcDbLine
 10
889.19
 20
299.81
 30
0.0
 11
891.64
 21
300.24
 31
0.0
  0
LINE
  5
66A
330
17
100
AcDbEntity
  8
LINES
100
AcDbLine
 10
891.21
 20
302.11
 30
0.0
 11
890.92
 21
300.1
 31
0.0
  0
LINE
  5
66B
330
17
100
AcDbEntity
  8
LINES
100
AcDbLine
 10
889.48
 20
301.82
 30
0.0
 11
889.91
 21
300.38
 31
0.0
  0
LINE
  5
66C
330
17
100
AcDbEntity
  8
LINES
100
AcDbLine
 10
890.35
 20
299.81
 30
0.0
 11
888.91
 21
297.07
 31
0.0
  0
LINE
  5
66D
330
17
100
AcDbEntity
  8
LINES
100
AcDbLine
 10
890.35
 20
299.66
 30
0.0
 11
891.21
 21
298.37
 31
0.0
  0
LINE
  5
66E
330
17
100
AcDbEntity
  8
LINES
100
AcDbLine
 10
889.19
 20
296.5
 30
0.0
 11
890.92
 21
296.93
 31
0.0
  0
LINE
  5
66F
330
17
100
AcDbEntity
  8
LINES
100
AcDbLine
 10
891.79
 20
299.52
 30
0.0
 11
893.37
 21
299.81
 31
0.0
  0
LINE
  5
670
330
17
100
AcDbEntity
  8
LINES
100
AcDbLine
 10
898.41
 20
296.5
 30
0.0
 11
896.97
 21
296.21
 31
0.0
  0
LINE
  5
671
330
17
100
AcDbEntity
  8
LINES
100
AcDbLine
 10
897.55
 20
299.81
 30
0.0
 11
897.55
 21
296.35
 31
0.0
  0
LINE
  5
672
330
17
100
AcDbEntity
  8
LINES
100
AcDbLine
 10
898.27
 20
301.82
 30
0.0
 11
896.68
 21
301.25
 31
0.0
  0
LINE
  5
673
330
17
100
AcDbEntity
  8
LINES
100
AcDbLine
 10
898.12
 20
300.1
 30
0.0
 11
898.27
 21
302.11
 31
0.0
  0
LINE
  5
674
330
17
100
AcDbEntity
  8
LINES
100
AcDbLine
 10
898.27
 20
300.1
 30
0.0
 11
896.68
 21
299.66
 31
0.0
  0
LINE
  5
675
330
17
100
AcDbEntity
  8
LINES
100
AcDbLine
 10
896.54
 20
297.94
 30
0.0
 11
898.84
 21
298.37
 31
0.0
  0
LINE
  5
676
330
17
100
AcDbEntity
  8
LINES
100
AcDbLine
 10
898.27
 20
294.48
 30
0.0
 11
898.41
 21
296.78
 31
0.0
  0
LINE
  5
677
330
17
100
AcDbEntity
  8
LINES
100
AcDbLine
 10
896.97
 20
294.34
 30
0.0
 11
898.41
 21
294.48
 31
0.0
  0
LINE
  5
678
330
17
100
AcDbEntity
  8
LINES
100
AcDbLine
 10
896.97
 20
296.64
 30
0.0
 11
896.97
 21
293.62
 31
0.0
  0
LINE
  5
679
330
17
100
AcDbEntity
  8
LINES
100
AcDbLine
 10
896.25
 20
298.8
 30
0.0
 11
894.81
 21
297.22
 31
0.0
  0
LINE
  5
67A
330
17
100
AcDbEntity
  8
LINES
100
AcDbLine
 10
894.81
 20
299.66
 30
0.0
 11
896.39
 21
300.24
 31
0.0
  0
LINE
  5
67B
330
17
100
AcDbEntity
  8
LINES
100
AcDbLine
 10
902.73
 20
300.67
 30
0.0
 11
902.44
 21
299.09
 31
0.0
  0
LINE
  5
67C
330
17
100
AcDbEntity
  8
LINES
100
AcDbLine
 10
901.29
 20
300.53
 30
0.0
 11
901.72
 21
299.09
 31
0.0
  0
LINE
  5
67D
330
17
100
AcDbEntity
  8
LINES
100
AcDbLine
 10
902.73
 20
299.09
 30
0.0
 11
902.73
 21
293.9
 31
0.0
  0
LINE
  5
67E
330
17
100
AcDbEntity
  8
LINES
100
AcDbLine
 10
900.71
 20
296.93
 30
0.0
 11
904.03
 21
297.5
 31
0.0
  0
LINE
  5
67F
330
17
100
AcDbEntity
  8
LINES
100
AcDbLine
 10
901.0
 20
298.8
 30
0.0
 11
903.59
 21
299.23
 31
0.0
  0
LINE
  5
680
330
17
100
AcDbEntity
  8
LINES
100
AcDbLine
 10
903.16
 20
301.1
 30
0.0
 11
903.31
 21
302.69
 31
0.0
  0
LINE
  5
681
330
17
100
AcDbEntity
  8
LINES
100
AcDbLine
 10
900.71
 20
300.67
 30
0.0
 11
903.31
 21
301.1
 31
0.0
  0
LINE
  5
682
330
17
100
AcDbEntity
  8
LINES
100
AcDbLine
 10
900.71
 20
301.97
 30
0.0
 11
903.16
 21
302.4
 31
0.0
  0
LINE
  5
683
330
17
100
AcDbEntity
  8
LINES
100
AcDbLine
 10
695.37
 20
745.06
 30
0.0
 11
1108.65
 21
745.06
 31
0.0
  0
LINE
  5
684
330
17
100
AcDbEntity
  8
LINES
100
AcDbLine
 10
695.37
 20
722.45
 30
0.0
 11
1108.65
 21
722.45
 31
0.0
  0
LINE
  5
685
330
17
100
AcDbEntity
  8
LINES
100
AcDbLine
 10
695.37
 20
698.83
 30
0.0
 11
1108.65
 21
698.83
 31
0.0
  0
LINE
  5
686
330
17
100
AcDbEntity
  8
LINES
100
AcDbLine
 10
695.37
 20
675.07
 30
0.0
 11
1108.65
 21
675.07
 31
0.0
  0
LINE
  5
687
330
17
100
AcDbEntity
  8
LINES
100
AcDbLine
 10
695.37
 20
651.46
 30
0.0
 11
1108.65
 21
651.46
 31
0.0
  0
LINE
  5
688
330
17
100
AcDbEntity
  8
LINES
100
AcDbLine
 10
695.37
 20
627.84
 30
0.0
 11
1108.65
 21
627.84
 31
0.0
  0
LINE
  5
689
330
17
100
AcDbEntity
  8
LINES
100
AcDbLine
 10
695.37
 20
602.64
 30
0.0
 11
1108.65
 21
602.64
 31
0.0
  0
LINE
  5
68A
330
17
100
AcDbEntity
  8
LINES
100
AcDbLine
 10
695.37
 20
579.02
 30
0.0
 11
1108.65
 21
579.02
 31
0.0
  0
LINE
  5
68B
330
17
100
AcDbEntity
  8
LINES
100
AcDbLine
 10
695.37
 20
555.41
 30
0.0
 11
1108.65
 21
555.41
 31
0.0
  0
LINE
  5
68C
330
17
100
AcDbEntity
  8
LINES
100
AcDbLine
 10
695.37
 20
533.66
 30
0.0
 11
1108.65
 21
533.66
 31
0.0
  0
LINE
  5
68D
330
17
100
AcDbEntity
  8
LINES
100
AcDbLine
 10
695.37
 20
508.18
 30
0.0
 11
1108.65
 21
508.18
 31
0.0
  0
LINE
  5
68E
330
17
100
AcDbEntity
  8
LINES
100
AcDbLine
 10
695.37
 20
484.56
 30
0.0
 11
1108.65
 21
484.56
 31
0.0
  0
LINE
  5
68F
330
17
100
AcDbEntity
  8
LINES
100
AcDbLine
 10
695.37
 20
460.94
 30
0.0
 11
1108.65
 21
460.94
 31
0.0
  0
LINE
  5
690
330
17
100
AcDbEntity
  8
LINES
100
AcDbLine
 10
695.37
 20
435.46
 30
0.0
 11
1108.65
 21
435.46
 31
0.0
  0
LINE
  5
691
330
17
100
AcDbEntity
  8
LINES
100
AcDbLine
 10
695.37
 20
409.82
 30
0.0
 11
1108.65
 21
409.82
 31
0.0
  0
LINE
  5
692
330
17
100
AcDbEntity
  8
LINES
100
AcDbLine
 10
695.37
 20
384.34
 30
0.0
 11
1108.65
 21
384.34
 31
0.0
  0
LINE
  5
693
330
17
100
AcDbEntity
  8
LINES
100
AcDbLine
 10
695.37
 20
358.85
 30
0.0
 11
1108.65
 21
358.85
 31
0.0
  0
LINE
  5
694
330
17
100
AcDbEntity
  8
LINES
100
AcDbLine
 10
695.37
 20
333.36
 30
0.0
 11
1108.65
 21
333.36
 31
0.0
  0
LINE
  5
695
330
17
100
AcDbEntity
  8
LINES
100
AcDbLine
 10
695.37
 20
307.87
 30
0.0
 11
1108.65
 21
307.87
 31
0.0
  0
LINE
  5
696
330
17
100
AcDbEntity
  8
LINES
100
AcDbLine
 10
695.37
 20
284.26
 30
0.0
 11
1108.65
 21
284.26
 31
0.0
  0
LINE
  5
697
330
17
100
AcDbEntity
  8
LINES
100
AcDbLine
 10
695.37
 20
745.06
 30
0.0
 11
695.37
 21
284.26
 31
0.0
  0
LINE
  5
698
330
17
100
AcDbEntity
  8
LINES
100
AcDbLine
 10
782.78
 20
745.06
 30
0.0
 11
782.78
 21
284.26
 31
0.0
  0
LINE
  5
699
330
17
100
AcDbEntity
  8
LINES
100
AcDbLine
 10
999.93
 20
745.06
 30
0.0
 11
999.93
 21
284.26
 31
0.0
  0
LINE
  5
69A
330
17
100
AcDbEntity
  8
LINES
100
AcDbLine
 10
1108.65
 20
745.06
 30
0.0
 11
1108.65
 21
284.26
 31
0.0
  0
LINE
  5
69B
330
17
100
AcDbEntity
  8
LINES
100
AcDbLine
 10
924.04
 20
96.34
 30
0.0
 11
668.87
 21
96.34
 31
0.0
  0
LINE
  5
69C
330
17
100
AcDbEntity
  8
LINES
100
AcDbLine
 10
668.87
 20
121.82
 30
0.0
 11
1179.07
 21
121.82
 31
0.0
  0
LINE
  5
69D
330
17
100
AcDbEntity
  8
LINES
100
AcDbLine
 10
935.13
 20
70.7
 30
0.0
 11
1179.07
 21
70.7
 31
0.0
  0
LINE
  5
69E
330
17
100
AcDbEntity
  8
LINES
100
AcDbLine
 10
725.61
 20
45.36
 30
0.0
 11
725.61
 21
121.82
 31
0.0
  0
LINE
  5
69F
330
17
100
AcDbEntity
  8
LINES
100
AcDbLine
 10
924.04
 20
158.69
 30
0.0
 11
924.04
 21
45.36
 31
0.0
  0
LINE
  5
6A0
330
17
100
AcDbEntity
  8
LINES
100
AcDbLine
 10
853.19
 20
45.36
 30
0.0
 11
853.19
 21
121.82
 31
0.0
  0
LINE
  5
6A1
330
17
100
AcDbEntity
  8
LINES
100
AcDbLine
 10
796.46
 20
121.82
 30
0.0
 11
796.46
 21
45.36
 31
0.0
  0
LINE
  5
6A2
330
17
100
AcDbEntity
  8
LINES
100
AcDbLine
 10
966.52
 20
45.22
 30
0.0
 11
966.52
 21
70.7
 31
0.0
  0
LINE
  5
6A3
330
17
100
AcDbEntity
  8
LINES
100
AcDbLine
 10
935.13
 20
70.7
 30
0.0
 11
668.87
 21
70.7
 31
0.0
  0
LINE
  5
6A4
330
17
100
AcDbEntity
  8
LINES
100
AcDbLine
 10
1122.47
 20
121.82
 30
0.0
 11
1122.47
 21
158.83
 31
0.0
  0
LWPOLYLINE
  5
6A5
330
17
100
AcDbEntity
  8
RECTS
100
AcDbPolyline
 90
4
 70
0
 10
449.13
 20
686.02
 10
471.74
 20
686.02
 10
471.74
 20
669.17
 10
449.13
 20
669.17
  0
LWPOLYLINE
  5
6A6
330
17
100
AcDbEntity
  8
RECTS
100
AcDbPolyline
 90
4
 70
0
 10
426.52
 20
686.02
 10
449.13
 20
686.02
 10
449.13
 20
669.17
 10
426.52
 20
669.17
  0
LWPOLYLINE
  5
6A7
330
17
100
AcDbEntity
  8
RECTS
100
AcDbPolyline
 90
4
 70
0
 10
404.06
 20
686.02
 10
426.52
 20
686.02
 10
426.52
 20
669.17
 10
404.06
 20
669.17
  0
LWPOLYLINE
  5
6A8
330
17
100
AcDbEntity
  8
RECTS
100
AcDbPolyline
 90
4
 70
0
 10
381.45
 20
686.02
 10
404.06
 20
686.02
 10
404.06
 20
669.17
 10
381.45
 20
669.17
  0
LWPOLYLINE
  5
6A9
330
17
100
AcDbEntity
  8
RECTS
100
AcDbPolyline
 90
4
 70
0
 10
358.7
 20
686.02
 10
381.45
 20
686.02
 10
381.45
 20
669.17
 10
358.7
 20
669.17
  0
LWPOLYLINE
  5
6AA
330
17
100
AcDbEntity
  8
RECTS
100
AcDbPolyline
 90
4
 70
0
 10
336.09
 20
686.02
 10
358.7
 20
686.02
 10
358.7
 20
669.17
 10
336.09
 20
669.17
  0
LWPOLYLINE
  5
6AB
330
17
100
AcDbEntity
  8
RECTS
100
AcDbPolyline
 90
4
 70
0
 10
313.48
 20
686.02
 10
336.09
 20
686.02
 10
336.09
 20
669.17
 10
313.48
 20
669.17
  0
LWPOLYLINE
  5
6AC
330
17
100
AcDbEntity
  8
RECTS
100
AcDbPolyline
 90
4
 70
0
 10
290.87
 20
686.02
 10
313.48
 20
686.02
 10
313.48
 20
669.17
 10
290.87
 20
669.17
  0
LWPOLYLINE
  5
6AD
330
17
100
AcDbEntity
  8
RECTS
100
AcDbPolyline
 90
4
 70
0
 10
268.41
 20
686.02
 10
290.87
 20
686.02
 10
290.87
 20
669.17
 10
268.41
 20
669.17
  0
LWPOLYLINE
  5
6AE
330
17
100
AcDbEntity
  8
RECTS
100
AcDbPolyline
 90
4
 70
0
 10
245.66
 20
686.02
 10
268.41
 20
686.02
 10
268.41
 20
669.17
 10
245.66
 20
669.17
  0
LWPOLYLINE
  5
6AF
330
17
100
AcDbEntity
  8
RECTS
100
AcDbPolyline
 90
4
 70
0
 10
223.05
 20
686.02
 10
245.66
 20
686.02
 10
245.66
 20
669.17
 10
223.05
 20
669.17
  0
LWPOLYLINE
  5
6B0
330
17
100
AcDbEntity
  8
RECTS
100
AcDbPolyline
 90
4
 70
0
 10
449.13
 20
640.94
 10
471.74
 20
640.94
 10
471.74
 20
623.81
 10
449.13
 20
623.81
  0
LWPOLYLINE
  5
6B1
330
17
100
AcDbEntity
  8
RECTS
100
AcDbPolyline
 90
4
 70
0
 10
426.52
 20
640.94
 10
449.13
 20
640.94
 10
449.13
 20
623.81
 10
426.52
 20
623.81
  0
LWPOLYLINE
  5
6B2
330
17
100
AcDbEntity
  8
RECTS
100
AcDbPolyline
 90
4
 70
0
 10
404.06
 20
640.94
 10
426.52
 20
640.94
 10
426.52
 20
623.81
 10
404.06
 20
623.81
  0
LWPOLYLINE
  5
6B3
330
17
100
AcDbEntity
  8
RECTS
100
AcDbPolyline
 90
4
 70
0
 10
381.45
 20
640.94
 10
404.06
 20
640.94
 10
404.06
 20
623.81
 10
381.45
 20
623.81
  0
LWPOLYLINE
  5
6B4
330
17
100
AcDbEntity
  8
RECTS
100
AcDbPolyline
 90
4
 70
0
 10
358.7
 20
640.94
 10
381.45
 20
640.94
 10
381.45
 20
623.81
 10
358.7
 20
623.81
  0
LWPOLYLINE
  5
6B5
330
17
100
AcDbEntity
  8
RECTS
100
AcDbPolyline
 90
4
 70
0
 10
313.48
 20
640.94
 10
336.09
 20
640.94
 10
336.09
 20
623.81
 10
313.48
 20
623.81
  0
LWPOLYLINE
  5
6B6
330
17
100
AcDbEntity
  8
RECTS
100
AcDbPolyline
 90
4
 70
0
 10
290.87
 20
640.94
 10
313.48
 20
640.94
 10
313.48
 20
623.81
 10
290.87
 20
623.81
  0
LWPOLYLINE
  5
6B7
330
17
100
AcDbEntity
  8
RECTS
100
AcDbPolyline
 90
4
 70
0
 10
268.41
 20
640.94
 10
290.87
 20
640.94
 10
290.87
 20
623.81
 10
268.41
 20
623.81
  0
LWPOLYLINE
  5
6B8
330
17
100
AcDbEntity
  8
RECTS
100
AcDbPolyline
 90
4
 70
0
 10
245.66
 20
640.94
 10
268.41
 20
640.94
 10
268.41
 20
623.81
 10
245.66
 20
623.81
  0
LWPOLYLINE
  5
6B9
330
17
100
AcDbEntity
  8
RECTS
100
AcDbPolyline
 90
4
 70
0
 10
223.05
 20
640.94
 10
245.66
 20
640.94
 10
245.66
 20
623.81
 10
223.05
 20
623.81
  0
LWPOLYLINE
  5
6BA
330
17
100
AcDbEntity
  8
RECTS
100
AcDbPolyline
 90
4
 70
0
 10
339.98
 20
638.21
 10
353.66
 20
638.21
 10
353.66
 20
626.69
 10
339.98
 20
626.69
  0
LWPOLYLINE
  5
6BB
330
17
100
AcDbEntity
  8
RECTS
100
AcDbPolyline
 90
4
 70
0
 10
449.13
 20
578.74
 10
471.74
 20
578.74
 10
471.74
 20
561.74
 10
449.13
 20
561.74
  0
LWPOLYLINE
  5
6BC
330
17
100
AcDbEntity
  8
RECTS
100
AcDbPolyline
 90
4
 70
0
 10
426.52
 20
578.74
 10
449.13
 20
578.74
 10
449.13
 20
561.74
 10
426.52
 20
561.74
  0
LWPOLYLINE
  5
6BD
330
17
100
AcDbEntity
  8
RECTS
100
AcDbPolyline
 90
4
 70
0
 10
404.06
 20
578.74
 10
426.52
 20
578.74
 10
426.52
 20
561.74
 10
404.06
 20
561.74
  0
LWPOLYLINE
  5
6BE
330
17
100
AcDbEntity
  8
RECTS
100
AcDbPolyline
 90
4
 70
0
 10
381.45
 20
578.74
 10
404.06
 20
578.74
 10
404.06
 20
561.74
 10
381.45
 20
561.74
  0
LWPOLYLINE
  5
6BF
330
17
100
AcDbEntity
  8
RECTS
100
AcDbPolyline
 90
4
 70
0
 10
358.7
 20
578.74
 10
381.45
 20
578.74
 10
381.45
 20
561.74
 10
358.7
 20
561.74
  0
LWPOLYLINE
  5
6C0
330
17
100
AcDbEntity
  8
RECTS
100
AcDbPolyline
 90
4
 70
0
 10
336.09
 20
578.74
 10
358.7
 20
578.74
 10
358.7
 20
561.74
 10
336.09
 20
561.74
  0
LWPOLYLINE
  5
6C1
330
17
100
AcDbEntity
  8
RECTS
100
AcDbPolyline
 90
4
 70
0
 10
313.48
 20
578.74
 10
336.09
 20
578.74
 10
336.09
 20
561.74
 10
313.48
 20
561.74
  0
LWPOLYLINE
  5
6C2
330
17
100
AcDbEntity
  8
RECTS
100
AcDbPolyline
 90
4
 70
0
 10
290.87
 20
578.74
 10
313.48
 20
578.74
 10
313.48
 20
561.74
 10
290.87
 20
561.74
  0
LWPOLYLINE
  5
6C3
330
17
100
AcDbEntity
  8
RECTS
100
AcDbPolyline
 90
4
 70
0
 10
268.41
 20
578.74
 10
290.87
 20
578.74
 10
290.87
 20
561.74
 10
268.41
 20
561.74
  0
LWPOLYLINE
  5
6C4
330
17
100
AcDbEntity
  8
RECTS
100
AcDbPolyline
 90
4
 70
0
 10
245.66
 20
578.74
 10
268.41
 20
578.74
 10
268.41
 20
561.74
 10
245.66
 20
561.74
  0
LWPOLYLINE
  5
6C5
330
17
100
AcDbEntity
  8
RECTS
100
AcDbPolyline
 90
4
 70
0
 10
223.05
 20
578.74
 10
245.66
 20
578.74
 10
245.66
 20
561.74
 10
223.05
 20
561.74
  0
LWPOLYLINE
  5
6C6
330
17
100
AcDbEntity
  8
RECTS
100
AcDbPolyline
 90
4
 70
0
 10
449.13
 20
533.52
 10
471.74
 20
533.52
 10
471.74
 20
516.53
 10
449.13
 20
516.53
  0
LWPOLYLINE
  5
6C7
330
17
100
AcDbEntity
  8
RECTS
100
AcDbPolyline
 90
4
 70
0
 10
426.52
 20
533.52
 10
449.13
 20
533.52
 10
449.13
 20
516.53
 10
426.52
 20
516.53
  0
LWPOLYLINE
  5
6C8
330
17
100
AcDbEntity
  8
RECTS
100
AcDbPolyline
 90
4
 70
0
 10
404.06
 20
533.52
 10
426.52
 20
533.52
 10
426.52
 20
516.53
 10
404.06
 20
516.53
  0
LWPOLYLINE
  5
6C9
330
17
100
AcDbEntity
  8
RECTS
100
AcDbPolyline
 90
4
 70
0
 10
381.45
 20
533.52
 10
404.06
 20
533.52
 10
404.06
 20
516.53
 10
381.45
 20
516.53
  0
LWPOLYLINE
  5
6CA
330
17
100
AcDbEntity
  8
RECTS
100
AcDbPolyline
 90
4
 70
0
 10
358.7
 20
533.52
 10
381.45
 20
533.52
 10
381.45
 20
516.53
 10
358.7
 20
516.53
  0
LWPOLYLINE
  5
6CB
330
17
100
AcDbEntity
  8
RECTS
100
AcDbPolyline
 90
4
 70
0
 10
313.48
 20
533.52
 10
336.09
 20
533.52
 10
336.09
 20
516.53
 10
313.48
 20
516.53
  0
LWPOLYLINE
  5
6CC
330
17
100
AcDbEntity
  8
RECTS
100
AcDbPolyline
 90
4
 70
0
 10
290.87
 20
533.52
 10
313.48
 20
533.52
 10
313.48
 20
516.53
 10
290.87
 20
516.53
  0
LWPOLYLINE
  5
6CD
330
17
100
AcDbEntity
  8
RECTS
100
AcDbPolyline
 90
4
 70
0
 10
268.41
 20
533.52
 10
290.87
 20
533.52
 10
290.87
 20
516.53
 10
268.41
 20
516.53
  0
LWPOLYLINE
  5
6CE
330
17
100
AcDbEntity
  8
RECTS
100
AcDbPolyline
 90
4
 70
0
 10
245.66
 20
533.52
 10
268.41
 20
533.52
 10
268.41
 20
516.53
 10
245.66
 20
516.53
  0
LWPOLYLINE
  5
6CF
330
17
100
AcDbEntity
  8
RECTS
100
AcDbPolyline
 90
4
 70
0
 10
223.05
 20
533.52
 10
245.66
 20
533.52
 10
245.66
 20
516.53
 10
223.05
 20
516.53
  0
LWPOLYLINE
  5
6D0
330
17
100
AcDbEntity
  8
RECTS
100
AcDbPolyline
 90
4
 70
0
 10
336.09
 20
533.52
 10
358.7
 20
533.52
 10
358.7
 20
516.53
 10
336.09
 20
516.53
  0
LWPOLYLINE
  5
6D1
330
17
100
AcDbEntity
  8
RECTS
100
AcDbPolyline
 90
4
 70
0
 10
449.13
 20
471.31
 10
471.74
 20
471.31
 10
471.74
 20
454.32
 10
449.13
 20
454.32
  0
LWPOLYLINE
  5
6D2
330
17
100
AcDbEntity
  8
RECTS
100
AcDbPolyline
 90
4
 70
0
 10
426.52
 20
471.31
 10
449.13
 20
471.31
 10
449.13
 20
454.32
 10
426.52
 20
454.32
  0
LWPOLYLINE
  5
6D3
330
17
100
AcDbEntity
  8
RECTS
100
AcDbPolyline
 90
4
 70
0
 10
404.06
 20
471.31
 10
426.52
 20
471.31
 10
426.52
 20
454.32
 10
404.06
 20
454.32
  0
LWPOLYLINE
  5
6D4
330
17
100
AcDbEntity
  8
RECTS
100
AcDbPolyline
 90
4
 70
0
 10
381.45
 20
471.31
 10
404.06
 20
471.31
 10
404.06
 20
454.32
 10
381.45
 20
454.32
  0
LWPOLYLINE
  5
6D5
330
17
100
AcDbEntity
  8
RECTS
100
AcDbPolyline
 90
4
 70
0
 10
358.7
 20
471.31
 10
381.45
 20
471.31
 10
381.45
 20
454.32
 10
358.7
 20
454.32
  0
LWPOLYLINE
  5
6D6
330
17
100
AcDbEntity
  8
RECTS
100
AcDbPolyline
 90
4
 70
0
 10
313.48
 20
471.31
 10
336.09
 20
471.31
 10
336.09
 20
454.32
 10
313.48
 20
454.32
  0
LWPOLYLINE
  5
6D7
330
17
100
AcDbEntity
  8
RECTS
100
AcDbPolyline
 90
4
 70
0
 10
290.87
 20
471.31
 10
313.48
 20
471.31
 10
313.48
 20
454.32
 10
290.87
 20
454.32
  0
LWPOLYLINE
  5
6D8
330
17
100
AcDbEntity
  8
RECTS
100
AcDbPolyline
 90
4
 70
0
 10
268.41
 20
471.31
 10
290.87
 20
471.31
 10
290.87
 20
454.32
 10
268.41
 20
454.32
  0
LWPOLYLINE
  5
6D9
330
17
100
AcDbEntity
  8
RECTS
100
AcDbPolyline
 90
4
 70
0
 10
245.66
 20
471.31
 10
268.41
 20
471.31
 10
268.41
 20
454.32
 10
245.66
 20
454.32
  0
LWPOLYLINE
  5
6DA
330
17
100
AcDbEntity
  8
RECTS
100
AcDbPolyline
 90
4
 70
0
 10
223.05
 20
471.31
 10
245.66
 20
471.31
 10
245.66
 20
454.32
 10
223.05
 20
454.32
  0
LWPOLYLINE
  5
6DB
330
17
100
AcDbEntity
  8
RECTS
100
AcDbPolyline
 90
4
 70
0
 10
339.98
 20
468.72
 10
353.66
 20
468.72
 10
353.66
 20
457.06
 10
339.98
 20
457.06
  0
LWPOLYLINE
  5
6DC
330
17
100
AcDbEntity
  8
RECTS
100
AcDbPolyline
 90
4
 70
0
 10
449.13
 20
425.95
 10
471.74
 20
425.95
 10
471.74
 20
409.1
 10
449.13
 20
409.1
  0
LWPOLYLINE
  5
6DD
330
17
100
AcDbEntity
  8
RECTS
100
AcDbPolyline
 90
4
 70
0
 10
426.52
 20
425.95
 10
449.13
 20
425.95
 10
449.13
 20
409.1
 10
426.52
 20
409.1
  0
LWPOLYLINE
  5
6DE
330
17
100
AcDbEntity
  8
RECTS
100
AcDbPolyline
 90
4
 70
0
 10
404.06
 20
425.95
 10
426.52
 20
425.95
 10
426.52
 20
409.1
 10
404.06
 20
409.1
  0
LWPOLYLINE
  5
6DF
330
17
100
AcDbEntity
  8
RECTS
100
AcDbPolyline
 90
4
 70
0
 10
381.45
 20
425.95
 10
404.06
 20
425.95
 10
404.06
 20
409.1
 10
381.45
 20
409.1
  0
LWPOLYLINE
  5
6E0
330
17
100
AcDbEntity
  8
RECTS
100
AcDbPolyline
 90
4
 70
0
 10
358.7
 20
425.95
 10
381.45
 20
425.95
 10
381.45
 20
409.1
 10
358.7
 20
409.1
  0
LWPOLYLINE
  5
6E1
330
17
100
AcDbEntity
  8
RECTS
100
AcDbPolyline
 90
4
 70
0
 10
313.48
 20
425.95
 10
336.09
 20
425.95
 10
336.09
 20
409.1
 10
313.48
 20
409.1
  0
LWPOLYLINE
  5
6E2
330
17
100
AcDbEntity
  8
RECTS
100
AcDbPolyline
 90
4
 70
0
 10
290.87
 20
425.95
 10
313.48
 20
425.95
 10
313.48
 20
409.1
 10
290.87
 20
409.1
  0
LWPOLYLINE
  5
6E3
330
17
100
AcDbEntity
  8
RECTS
100
AcDbPolyline
 90
4
 70
0
 10
268.41
 20
425.95
 10
290.87
 20
425.95
 10
290.87
 20
409.1
 10
268.41
 20
409.1
  0
LWPOLYLINE
  5
6E4
330
17
100
AcDbEntity
  8
RECTS
100
AcDbPolyline
 90
4
 70
0
 10
245.66
 20
425.95
 10
268.41
 20
425.95
 10
268.41
 20
409.1
 10
245.66
 20
409.1
  0
LWPOLYLINE
  5
6E5
330
17
100
AcDbEntity
  8
RECTS
100
AcDbPolyline
 90
4
 70
0
 10
223.05
 20
425.95
 10
245.66
 20
425.95
 10
245.66
 20
409.1
 10
223.05
 20
409.1
  0
LWPOLYLINE
  5
6E6
330
17
100
AcDbEntity
  8
RECTS
100
AcDbPolyline
 90
4
 70
0
 10
336.09
 20
425.95
 10
358.7
 20
425.95
 10
358.7
 20
409.1
 10
336.09
 20
409.1
  0
LWPOLYLINE
  5
6E7
330
17
100
AcDbEntity
  8
RECTS
100
AcDbPolyline
 90
4
 70
0
 10
449.13
 20
363.89
 10
471.74
 20
363.89
 10
471.74
 20
346.9
 10
449.13
 20
346.9
  0
LWPOLYLINE
  5
6E8
330
17
100
AcDbEntity
  8
RECTS
100
AcDbPolyline
 90
4
 70
0
 10
426.52
 20
363.89
 10
449.13
 20
363.89
 10
449.13
 20
346.9
 10
426.52
 20
346.9
  0
LWPOLYLINE
  5
6E9
330
17
100
AcDbEntity
  8
RECTS
100
AcDbPolyline
 90
4
 70
0
 10
404.06
 20
363.89
 10
426.52
 20
363.89
 10
426.52
 20
346.9
 10
404.06
 20
346.9
  0
LWPOLYLINE
  5
6EA
330
17
100
AcDbEntity
  8
RECTS
100
AcDbPolyline
 90
4
 70
0
 10
381.45
 20
363.89
 10
404.06
 20
363.89
 10
404.06
 20
346.9
 10
381.45
 20
346.9
  0
LWPOLYLINE
  5
6EB
330
17
100
AcDbEntity
  8
RECTS
100
AcDbPolyline
 90
4
 70
0
 10
358.7
 20
363.89
 10
381.45
 20
363.89
 10
381.45
 20
346.9
 10
358.7
 20
346.9
  0
LWPOLYLINE
  5
6EC
330
17
100
AcDbEntity
  8
RECTS
100
AcDbPolyline
 90
4
 70
0
 10
336.09
 20
363.89
 10
358.7
 20
363.89
 10
358.7
 20
346.9
 10
336.09
 20
346.9
  0
LWPOLYLINE
  5
6ED
330
17
100
AcDbEntity
  8
RECTS
100
AcDbPolyline
 90
4
 70
0
 10
313.48
 20
363.89
 10
336.09
 20
363.89
 10
336.09
 20
346.9
 10
313.48
 20
346.9
  0
LWPOLYLINE
  5
6EE
330
17
100
AcDbEntity
  8
RECTS
100
AcDbPolyline
 90
4
 70
0
 10
290.87
 20
363.89
 10
313.48
 20
363.89
 10
313.48
 20
346.9
 10
290.87
 20
346.9
  0
LWPOLYLINE
  5
6EF
330
17
100
AcDbEntity
  8
RECTS
100
AcDbPolyline
 90
4
 70
0
 10
268.41
 20
363.89
 10
290.87
 20
363.89
 10
290.87
 20
346.9
 10
268.41
 20
346.9
  0
LWPOLYLINE
  5
6F0
330
17
100
AcDbEntity
  8
RECTS
100
AcDbPolyline
 90
4
 70
0
 10
245.66
 20
363.89
 10
268.41
 20
363.89
 10
268.41
 20
346.9
 10
245.66
 20
346.9
  0
LWPOLYLINE
  5
6F1
330
17
100
AcDbEntity
  8
RECTS
100
AcDbPolyline
 90
4
 70
0
 10
223.05
 20
363.89
 10
245.66
 20
363.89
 10
245.66
 20
346.9
 10
223.05
 20
346.9
  0
LWPOLYLINE
  5
6F2
330
17
100
AcDbEntity
  8
RECTS
100
AcDbPolyline
 90
4
 70
0
 10
449.13
 20
318.67
 10
471.74
 20
318.67
 10
471.74
 20
301.68
 10
449.13
 20
301.68
  0
LWPOLYLINE
  5
6F3
330
17
100
AcDbEntity
  8
RECTS
100
AcDbPolyline
 90
4
 70
0
 10
426.52
 20
318.67
 10
449.13
 20
318.67
 10
449.13
 20
301.68
 10
426.52
 20
301.68
  0
LWPOLYLINE
  5
6F4
330
17
100
AcDbEntity
  8
RECTS
100
AcDbPolyline
 90
4
 70
0
 10
404.06
 20
318.67
 10
426.52
 20
318.67
 10
426.52
 20
301.68
 10
404.06
 20
301.68
  0
LWPOLYLINE
  5
6F5
330
17
100
AcDbEntity
  8
RECTS
100
AcDbPolyline
 90
4
 70
0
 10
381.45
 20
318.67
 10
404.06
 20
318.67
 10
404.06
 20
301.68
 10
381.45
 20
301.68
  0
LWPOLYLINE
  5
6F6
330
17
100
AcDbEntity
  8
RECTS
100
AcDbPolyline
 90
4
 70
0
 10
358.7
 20
318.67
 10
381.45
 20
318.67
 10
381.45
 20
301.68
 10
358.7
 20
301.68
  0
LWPOLYLINE
  5
6F7
330
17
100
AcDbEntity
  8
RECTS
100
AcDbPolyline
 90
4
 70
0
 10
313.48
 20
318.67
 10
336.09
 20
318.67
 10
336.09
 20
301.68
 10
313.48
 20
301.68
  0
LWPOLYLINE
  5
6F8
330
17
100
AcDbEntity
  8
RECTS
100
AcDbPolyline
 90
4
 70
0
 10
290.87
 20
318.67
 10
313.48
 20
318.67
 10
313.48
 20
301.68
 10
290.87
 20
301.68
  0
LWPOLYLINE
  5
6F9
330
17
100
AcDbEntity
  8
RECTS
100
AcDbPolyline
 90
4
 70
0
 10
268.41
 20
318.67
 10
290.87
 20
318.67
 10
290.87
 20
301.68
 10
268.41
 20
301.68
  0
LWPOLYLINE
  5
6FA
330
17
100
AcDbEntity
  8
RECTS
100
AcDbPolyline
 90
4
 70
0
 10
245.66
 20
318.67
 10
268.41
 20
318.67
 10
268.41
 20
301.68
 10
245.66
 20
301.68
  0
LWPOLYLINE
  5
6FB
330
17
100
AcDbEntity
  8
RECTS
100
AcDbPolyline
 90
4
 70
0
 10
223.05
 20
318.67
 10
245.66
 20
318.67
 10
245.66
 20
301.68
 10
223.05
 20
301.68
  0
LWPOLYLINE
  5
6FC
330
17
100
AcDbEntity
  8
RECTS
100
AcDbPolyline
 90
4
 70
0
 10
339.98
 20
316.08
 10
353.66
 20
316.08
 10
353.66
 20
304.42
 10
339.98
 20
304.42
  0
LWPOLYLINE
  5
6FD
330
17
100
AcDbEntity
  8
RECTS
100
AcDbPolyline
 90
4
 70
0
 10
460.51
 20
211.25
 10
471.74
 20
211.25
 10
471.74
 20
194.4
 10
460.51
 20
194.4
  0
LWPOLYLINE
  5
6FE
330
17
100
AcDbEntity
  8
RECTS
100
AcDbPolyline
 90
4
 70
0
 10
223.63
 20
211.25
 10
246.09
 20
211.25
 10
246.09
 20
194.4
 10
223.63
 20
194.4
  0
LWPOLYLINE
  5
6FF
330
17
100
AcDbEntity
  8
RECTS
100
AcDbPolyline
 90
4
 70
0
 10
431.85
 20
211.25
 10
460.51
 20
211.25
 10
460.51
 20
194.4
 10
431.85
 20
194.4
  0
LWPOLYLINE
  5
700
330
17
100
AcDbEntity
  8
RECTS
100
AcDbPolyline
 90
4
 70
0
 10
415.0
 20
211.25
 10
431.85
 20
211.25
 10
431.85
 20
194.4
 10
415.0
 20
194.4
  0
LWPOLYLINE
  5
701
330
17
100
AcDbEntity
  8
RECTS
100
AcDbPolyline
 90
4
 70
0
 10
398.15
 20
211.25
 10
415.0
 20
211.25
 10
415.0
 20
194.4
 10
398.15
 20
194.4
  0
LWPOLYLINE
  5
702
330
17
100
AcDbEntity
  8
RECTS
100
AcDbPolyline
 90
4
 70
0
 10
381.31
 20
211.25
 10
398.15
 20
211.25
 10
398.15
 20
194.4
 10
381.31
 20
194.4
  0
LWPOLYLINE
  5
703
330
17
100
AcDbEntity
  8
RECTS
100
AcDbPolyline
 90
4
 70
0
 10
364.31
 20
211.25
 10
381.31
 20
211.25
 10
381.31
 20
194.4
 10
364.31
 20
194.4
  0
LWPOLYLINE
  5
704
330
17
100
AcDbEntity
  8
RECTS
100
AcDbPolyline
 90
4
 70
0
 10
347.47
 20
211.25
 10
364.31
 20
211.25
 10
364.31
 20
194.4
 10
347.47
 20
194.4
  0
LWPOLYLINE
  5
705
330
17
100
AcDbEntity
  8
RECTS
100
AcDbPolyline
 90
4
 70
0
 10
330.62
 20
211.25
 10
347.47
 20
211.25
 10
347.47
 20
194.4
 10
330.62
 20
194.4
  0
LWPOLYLINE
  5
706
330
17
100
AcDbEntity
  8
RECTS
100
AcDbPolyline
 90
4
 70
0
 10
313.63
 20
211.25
 10
330.62
 20
211.25
 10
330.62
 20
194.4
 10
313.63
 20
194.4
  0
LWPOLYLINE
  5
707
330
17
100
AcDbEntity
  8
RECTS
100
AcDbPolyline
 90
4
 70
0
 10
296.78
 20
211.25
 10
313.63
 20
211.25
 10
313.63
 20
194.4
 10
296.78
 20
194.4
  0
LWPOLYLINE
  5
708
330
17
100
AcDbEntity
  8
RECTS
100
AcDbPolyline
 90
4
 70
0
 10
223.05
 20
256.46
 10
239.9
 20
256.46
 10
239.9
 20
239.47
 10
223.05
 20
239.47
  0
LWPOLYLINE
  5
709
330
17
100
AcDbEntity
  8
RECTS
100
AcDbPolyline
 90
4
 70
0
 10
239.9
 20
256.32
 10
256.75
 20
256.32
 10
256.75
 20
239.47
 10
239.9
 20
239.47
  0
LWPOLYLINE
  5
70A
330
17
100
AcDbEntity
  8
RECTS
100
AcDbPolyline
 90
4
 70
0
 10
256.75
 20
256.32
 10
273.74
 20
256.32
 10
273.74
 20
239.47
 10
256.75
 20
239.47
  0
LWPOLYLINE
  5
70B
330
17
100
AcDbEntity
  8
RECTS
100
AcDbPolyline
 90
4
 70
0
 10
273.74
 20
256.46
 10
296.2
 20
256.46
 10
296.2
 20
239.47
 10
273.74
 20
239.47
  0
LWPOLYLINE
  5
70C
330
17
100
AcDbEntity
  8
RECTS
100
AcDbPolyline
 90
4
 70
0
 10
296.2
 20
256.46
 10
318.81
 20
256.46
 10
318.81
 20
239.47
 10
296.2
 20
239.47
  0
LWPOLYLINE
  5
70D
330
17
100
AcDbEntity
  8
RECTS
100
AcDbPolyline
 90
4
 70
0
 10
318.81
 20
256.32
 10
335.8
 20
256.32
 10
335.8
 20
239.47
 10
318.81
 20
239.47
  0
LWPOLYLINE
  5
70E
330
17
100
AcDbEntity
  8
RECTS
100
AcDbPolyline
 90
4
 70
0
 10
335.8
 20
256.32
 10
352.65
 20
256.32
 10
352.65
 20
239.47
 10
335.8
 20
239.47
  0
LWPOLYLINE
  5
70F
330
17
100
AcDbEntity
  8
RECTS
100
AcDbPolyline
 90
4
 70
0
 10
352.65
 20
256.32
 10
369.5
 20
256.32
 10
369.5
 20
239.47
 10
352.65
 20
239.47
  0
LWPOLYLINE
  5
710
330
17
100
AcDbEntity
  8
RECTS
100
AcDbPolyline
 90
4
 70
0
 10
369.5
 20
256.32
 10
386.35
 20
256.32
 10
386.35
 20
239.47
 10
369.5
 20
239.47
  0
LWPOLYLINE
  5
711
330
17
100
AcDbEntity
  8
RECTS
100
AcDbPolyline
 90
4
 70
0
 10
386.35
 20
256.46
 10
408.95
 20
256.46
 10
408.95
 20
239.47
 10
386.35
 20
239.47
  0
LWPOLYLINE
  5
712
330
17
100
AcDbEntity
  8
RECTS
100
AcDbPolyline
 90
4
 70
0
 10
408.95
 20
256.46
 10
431.56
 20
256.46
 10
431.56
 20
239.47
 10
408.95
 20
239.47
  0
LWPOLYLINE
  5
713
330
17
100
AcDbEntity
  8
RECTS
100
AcDbPolyline
 90
4
 70
0
 10
431.56
 20
256.32
 10
448.41
 20
256.32
 10
448.41
 20
239.47
 10
431.56
 20
239.47
  0
LWPOLYLINE
  5
714
330
17
100
AcDbEntity
  8
RECTS
100
AcDbPolyline
 90
4
 70
0
 10
448.41
 20
256.46
 10
471.02
 20
256.46
 10
471.02
 20
239.47
 10
448.41
 20
239.47
  0
LWPOLYLINE
  5
715
330
17
100
AcDbEntity
  8
RECTS
100
AcDbPolyline
 90
4
 70
0
 10
279.93
 20
211.25
 10
296.78
 20
211.25
 10
296.78
 20
194.4
 10
279.93
 20
194.4
  0
LWPOLYLINE
  5
716
330
17
100
AcDbEntity
  8
RECTS
100
AcDbPolyline
 90
4
 70
0
 10
263.08
 20
211.25
 10
279.93
 20
211.25
 10
279.93
 20
194.4
 10
263.08
 20
194.4
  0
LWPOLYLINE
  5
717
330
17
100
AcDbEntity
  8
RECTS
100
AcDbPolyline
 90
4
 70
0
 10
246.09
 20
211.25
 10
263.08
 20
211.25
 10
263.08
 20
194.4
 10
246.09
 20
194.4
  0
LWPOLYLINE
  5
718
330
17
100
AcDbEntity
  8
RECTS
100
AcDbPolyline
 90
4
 70
0
 10
220.17
 20
216.0
 10
462.52
 20
216.0
 10
462.52
 20
178.7
 10
220.17
 20
178.7
  0
LWPOLYLINE
  5
719
330
17
100
AcDbEntity
  8
RECTS
100
AcDbPolyline
 90
4
 70
0
 10
16.84
 20
858.82
 10
1207.43
 20
858.82
 10
1207.43
 20
16.85
 10
16.84
 20
16.85
  0
LWPOLYLINE
  5
71A
330
17
100
AcDbEntity
  8
POLYLINES
100
AcDbPolyline
 90
3
 70
0
 10
526.31
 20
137.09
 10
526.31
 20
144.72
 10
478.07
 20
144.58
  0
LWPOLYLINE
  5
71B
330
17
100
AcDbEntity
  8
POLYLINES
100
AcDbPolyline
 90
10
 70
0
 10
182.15
 20
113.33
 10
186.19
 20
115.06
 10
189.79
 20
117.36
 10
192.81
 20
120.38
 10
195.26
 20
123.84
 10
197.27
 20
127.73
 10
198.43
 20
131.76
 10
199.0
 20
136.08
 10
198.71
 20
140.26
 10
197.56
 20
144.58
  0
LWPOLYLINE
  5
71C
330
17
100
AcDbEntity
  8
POLYLINES
100
AcDbPolyline
 90
3
 70
0
 10
197.56
 20
144.58
 10
518.83
 20
144.58
 10
518.83
 20
364.9
  0
LWPOLYLINE
  5
71D
330
17
100
AcDbEntity
  8
POLYLINES
100
AcDbPolyline
 90
4
 70
0
 10
284.68
 20
762.91
 10
285.26
 20
762.05
 10
285.55
 20
761.47
 10
285.83
 20
760.9
  0
LWPOLYLINE
  5
71E
330
17
100
AcDbEntity
  8
POLYLINES
100
AcDbPolyline
 90
6
 70
0
 10
283.67
 20
758.59
 10
285.83
 20
759.02
 10
285.55
 20
759.17
 10
285.4
 20
753.12
 10
285.11
 20
752.69
 10
286.99
 20
755.42
  0
LWPOLYLINE
  5
71F
330
17
100
AcDbEntity
  8
POLYLINES
100
AcDbPolyline
 90
4
 70
0
 10
286.7
 20
758.59
 10
291.45
 20
759.02
 10
291.16
 20
759.17
 10
290.59
 20
759.02
  0
LWPOLYLINE
  5
720
330
17
100
AcDbEntity
  8
POLYLINES
100
AcDbPolyline
 90
4
 70
0
 10
289.0
 20
763.2
 10
289.0
 20
751.1
 10
289.0
 20
751.82
 10
289.0
 20
752.98
  0
LINE
  5
721
330
17
100
AcDbEntity
  8
LINES
100
AcDbLine
 10
295.27
 20
762.77
 30
0.0
 11
293.97
 21
760.25
 31
0.0
  0
LINE
  5
722
330
17
100
AcDbEntity
  8
LINES
100
AcDbLine
 10
298.15
 20
762.98
 30
0.0
 11
297.21
 21
760.54
 31
0.0
  0
LWPOLYLINE
  5
723
330
17
100
AcDbEntity
  8
POLYLINES
100
AcDbPolyline
 90
9
 70
0
 10
295.05
 20
759.74
 10
295.19
 20
755.42
 10
295.19
 20
755.71
 10
298.36
 20
756.14
 10
298.22
 20
756.14
 10
298.65
 20
760.03
 10
298.79
 20
759.89
 10
298.65
 20
759.89
 10
295.19
 20
759.17
  0
LWPOLYLINE
  5
724
330
17
100
AcDbEntity
  8
POLYLINES
100
AcDbPolyline
 90
8
 70
0
 10
295.91
 20
755.57
 10
295.91
 20
754.99
 10
295.77
 20
753.98
 10
295.63
 20
753.12
 10
295.05
 20
752.4
 10
294.47
 20
751.97
 10
293.9
 20
751.54
 10
293.47
 20
751.39
  0
LWPOLYLINE
  5
725
330
17
100
AcDbEntity
  8
POLYLINES
100
AcDbPolyline
 90
4
 70
0
 10
297.93
 20
755.71
 10
297.93
 20
751.1
 10
297.64
 20
751.97
 10
297.93
 20
752.69
  0
LWPOLYLINE
  5
726
330
17
100
AcDbEntity
  8
POLYLINES
100
AcDbPolyline
 90
3
 70
0
 10
300.67
 20
754.85
 10
300.52
 20
754.85
 10
293.03
 20
753.98
  0
LWPOLYLINE
  5
727
330
17
100
AcDbEntity
  8
POLYLINES
100
AcDbPolyline
 90
4
 70
0
 10
304.27
 20
762.91
 10
304.27
 20
751.54
 10
304.12
 20
752.26
 10
304.27
 20
753.12
  0
LWPOLYLINE
  5
728
330
17
100
AcDbEntity
  8
POLYLINES
100
AcDbPolyline
 90
3
 70
0
 10
304.27
 20
758.02
 10
305.27
 20
757.01
 10
305.56
 20
756.72
  0
LWPOLYLINE
  5
729
330
17
100
AcDbEntity
  8
POLYLINES
100
AcDbPolyline
 90
6
 70
0
 10
304.27
 20
758.59
 10
303.69
 20
757.58
 10
303.4
 20
756.29
 10
302.83
 20
755.42
 10
302.54
 20
754.85
 10
302.11
 20
754.42
  0
LWPOLYLINE
  5
72A
330
17
100
AcDbEntity
  8
POLYLINES
100
AcDbPolyline
 90
12
 70
0
 10
306.43
 20
761.76
 10
306.71
 20
760.61
 10
306.71
 20
758.74
 10
306.57
 20
757.58
 10
306.57
 20
756.29
 10
306.43
 20
755.42
 10
306.28
 20
754.42
 10
305.99
 20
753.7
 10
305.85
 20
752.98
 10
305.56
 20
752.26
 10
305.13
 20
751.82
 10
304.99
 20
751.39
  0
LWPOLYLINE
  5
72B
330
17
100
AcDbEntity
  8
POLYLINES
100
AcDbPolyline
 90
13
 70
0
 10
306.71
 20
760.9
 10
308.73
 20
761.33
 10
308.3
 20
761.62
 10
308.15
 20
756.29
 10
308.15
 20
753.84
 10
308.3
 20
753.26
 10
308.3
 20
752.98
 10
308.59
 20
752.69
 10
308.73
 20
752.4
 10
310.17
 20
752.4
 10
310.03
 20
754.42
 10
310.03
 20
752.4
 10
309.74
 20
752.4
  0
LWPOLYLINE
  5
72C
330
17
100
AcDbEntity
  8
POLYLINES
100
AcDbPolyline
 90
9
 70
0
 10
315.35
 20
762.91
 10
315.35
 20
762.34
 10
314.63
 20
761.04
 10
313.91
 20
759.46
 10
313.34
 20
758.74
 10
312.76
 20
757.58
 10
312.47
 20
757.44
 10
314.63
 20
757.87
 10
317.66
 20
758.3
  0
LWPOLYLINE
  5
72D
330
17
100
AcDbEntity
  8
POLYLINES
100
AcDbPolyline
 90
5
 70
0
 10
316.07
 20
760.61
 10
317.95
 20
758.02
 10
318.38
 20
757.73
 10
318.52
 20
757.15
 10
318.52
 20
756.86
  0
LWPOLYLINE
  5
72E
330
17
100
AcDbEntity
  8
POLYLINES
100
AcDbPolyline
 90
9
 70
0
 10
313.34
 20
756.43
 10
313.48
 20
755.42
 10
313.63
 20
751.39
 10
313.48
 20
752.26
 10
317.23
 20
752.4
 10
316.65
 20
752.4
 10
317.23
 20
756.29
 10
317.37
 20
756.0
 10
313.48
 20
755.42
  0
LWPOLYLINE
  5
72F
330
17
100
AcDbEntity
  8
POLYLINES
100
AcDbPolyline
 90
4
 70
0
 10
220.03
 20
770.83
 10
220.03
 20
742.61
 10
375.26
 20
742.61
 10
375.26
 20
770.83
  0
LWPOLYLINE
  5
730
330
17
100
AcDbEntity
  8
POLYLINES
100
AcDbPolyline
 90
9
 70
0
 10
531.07
 20
739.58
 10
534.67
 20
740.3
 10
537.83
 20
741.6
 10
540.86
 20
743.33
 10
543.59
 20
745.78
 10
545.47
 20
748.66
 10
547.05
 20
751.82
 10
548.06
 20
755.28
 10
548.2
 20
758.74
  0
LWPOLYLINE
  5
731
330
17
100
AcDbEntity
  8
POLYLINES
100
AcDbPolyline
 90
9
 70
0
 10
548.2
 20
720.43
 10
548.06
 20
723.89
 10
547.05
 20
727.34
 10
545.47
 20
730.51
 10
543.59
 20
733.39
 10
540.86
 20
735.84
 10
537.83
 20
737.57
 10
534.67
 20
738.86
 10
531.07
 20
739.58
  0
LWPOLYLINE
  5
732
330
17
100
AcDbEntity
  8
POLYLINES
100
AcDbPolyline
 90
4
 70
0
 10
208.51
 20
693.22
 10
209.66
 20
686.02
 10
210.81
 20
693.22
 10
208.51
 20
693.22
  0
LWPOLYLINE
  5
733
330
17
100
AcDbEntity
  8
POLYLINES
100
AcDbPolyline
 90
4
 70
0
 10
208.51
 20
693.22
 10
209.66
 20
686.02
 10
210.81
 20
693.22
 10
208.51
 20
693.22
  0
LWPOLYLINE
  5
734
330
17
100
AcDbEntity
  8
POLYLINES
100
AcDbPolyline
 90
4
 70
0
 10
208.51
 20
662.11
 10
210.81
 20
662.11
 10
209.66
 20
669.17
 10
208.51
 20
662.11
  0
LWPOLYLINE
  5
735
330
17
100
AcDbEntity
  8
POLYLINES
100
AcDbPolyline
 90
4
 70
0
 10
208.51
 20
662.11
 10
210.81
 20
662.11
 10
209.66
 20
669.17
 10
208.51
 20
662.11
  0
LWPOLYLINE
  5
736
330
17
100
AcDbEntity
  8
POLYLINES
100
AcDbPolyline
 90
10
 70
0
 10
204.33
 20
668.88
 10
204.33
 20
672.34
 10
205.63
 20
673.49
 10
206.63
 20
673.49
 10
207.93
 20
672.34
 10
207.93
 20
670.03
 10
206.63
 20
668.88
 10
203.18
 20
668.88
 10
200.87
 20
671.18
 10
200.87
 20
672.34
  0
LWPOLYLINE
  5
737
330
17
100
AcDbEntity
  8
POLYLINES
100
AcDbPolyline
 90
9
 70
0
 10
207.93
 20
676.94
 10
206.63
 20
675.94
 10
202.03
 20
675.94
 10
200.87
 20
676.94
 10
200.87
 20
678.24
 10
202.03
 20
679.54
 10
206.63
 20
679.54
 10
207.93
 20
678.24
 10
207.93
 20
676.94
  0
LWPOLYLINE
  5
738
330
17
100
AcDbEntity
  8
POLYLINES
100
AcDbPolyline
 90
9
 70
0
 10
207.93
 20
682.85
 10
206.63
 20
681.84
 10
202.03
 20
681.84
 10
200.87
 20
682.85
 10
200.87
 20
684.14
 10
202.03
 20
685.44
 10
206.63
 20
685.44
 10
207.93
 20
684.14
 10
207.93
 20
682.85
  0
LWPOLYLINE
  5
739
330
17
100
AcDbEntity
  8
POLYLINES
100
AcDbPolyline
 90
4
 70
0
 10
208.51
 20
662.11
 10
210.81
 20
662.11
 10
209.66
 20
669.17
 10
208.51
 20
662.11
  0
LWPOLYLINE
  5
73A
330
17
100
AcDbEntity
  8
POLYLINES
100
AcDbPolyline
 90
4
 70
0
 10
208.51
 20
662.11
 10
210.81
 20
662.11
 10
209.66
 20
669.17
 10
208.51
 20
662.11
  0
LWPOLYLINE
  5
73B
330
17
100
AcDbEntity
  8
POLYLINES
100
AcDbPolyline
 90
4
 70
0
 10
208.51
 20
647.86
 10
209.66
 20
640.94
 10
210.81
 20
647.86
 10
208.51
 20
647.86
  0
LWPOLYLINE
  5
73C
330
17
100
AcDbEntity
  8
POLYLINES
100
AcDbPolyline
 90
4
 70
0
 10
208.51
 20
647.86
 10
209.66
 20
640.94
 10
210.81
 20
647.86
 10
208.51
 20
647.86
  0
LWPOLYLINE
  5
73D
330
17
100
AcDbEntity
  8
POLYLINES
100
AcDbPolyline
 90
3
 70
0
 10
202.03
 20
644.98
 10
200.87
 20
646.27
 10
207.93
 20
646.27
  0
LWPOLYLINE
  5
73E
330
17
100
AcDbEntity
  8
POLYLINES
100
AcDbPolyline
 90
9
 70
0
 10
207.93
 20
650.88
 10
206.63
 20
649.58
 10
202.03
 20
649.58
 10
200.87
 20
650.88
 10
200.87
 20
652.18
 10
202.03
 20
653.18
 10
206.63
 20
653.18
 10
207.93
 20
652.18
 10
207.93
 20
650.88
  0
LWPOLYLINE
  5
73F
330
17
100
AcDbEntity
  8
POLYLINES
100
AcDbPolyline
 90
9
 70
0
 10
207.93
 20
656.78
 10
206.63
 20
655.63
 10
202.03
 20
655.63
 10
200.87
 20
656.78
 10
200.87
 20
657.94
 10
202.03
 20
659.09
 10
206.63
 20
659.09
 10
207.93
 20
657.94
 10
207.93
 20
656.78
  0
LWPOLYLINE
  5
740
330
17
100
AcDbEntity
  8
POLYLINES
100
AcDbPolyline
 90
9
 70
0
 10
207.93
 20
662.54
 10
206.63
 20
661.54
 10
202.03
 20
661.54
 10
200.87
 20
662.54
 10
200.87
 20
663.84
 10
202.03
 20
665.14
 10
206.63
 20
665.14
 10
207.93
 20
663.84
 10
207.93
 20
662.54
  0
LWPOLYLINE
  5
741
330
17
100
AcDbEntity
  8
POLYLINES
100
AcDbPolyline
 90
4
 70
0
 10
208.51
 20
647.86
 10
209.66
 20
640.94
 10
210.81
 20
647.86
 10
208.51
 20
647.86
  0
LWPOLYLINE
  5
742
330
17
100
AcDbEntity
  8
POLYLINES
100
AcDbPolyline
 90
4
 70
0
 10
208.51
 20
647.86
 10
209.66
 20
640.94
 10
210.81
 20
647.86
 10
208.51
 20
647.86
  0
LWPOLYLINE
  5
743
330
17
100
AcDbEntity
  8
POLYLINES
100
AcDbPolyline
 90
10
 70
0
 10
204.33
 20
623.66
 10
204.33
 20
627.12
 10
205.63
 20
628.27
 10
206.63
 20
628.27
 10
207.93
 20
627.12
 10
207.93
 20
624.82
 10
206.63
 20
623.66
 10
203.18
 20
623.66
 10
200.87
 20
625.97
 10
200.87
 20
627.12
  0
LWPOLYLINE
  5
744
330
17
100
AcDbEntity
  8
POLYLINES
100
AcDbPolyline
 90
9
 70
0
 10
207.93
 20
631.87
 10
206.63
 20
630.58
 10
202.03
 20
630.58
 10
200.87
 20
631.87
 10
200.87
 20
633.17
 10
202.03
 20
634.18
 10
206.63
 20
634.18
 10
207.93
 20
633.17
 10
207.93
 20
631.87
  0
LWPOLYLINE
  5
745
330
17
100
AcDbEntity
  8
POLYLINES
100
AcDbPolyline
 90
9
 70
0
 10
207.93
 20
637.78
 10
206.63
 20
636.48
 10
202.03
 20
636.48
 10
200.87
 20
637.78
 10
200.87
 20
638.93
 10
202.03
 20
640.08
 10
206.63
 20
640.08
 10
207.93
 20
638.93
 10
207.93
 20
637.78
  0
LWPOLYLINE
  5
746
330
17
100
AcDbEntity
  8
POLYLINES
100
AcDbPolyline
 90
3
 70
0
 10
220.89
 20
623.81
 10
206.2
 20
623.81
 10
216.43
 20
623.81
  0
LWPOLYLINE
  5
747
330
17
100
AcDbEntity
  8
POLYLINES
100
AcDbPolyline
 90
4
 70
0
 10
208.51
 20
616.9
 10
210.81
 20
616.9
 10
209.66
 20
623.81
 10
208.51
 20
616.9
  0
LWPOLYLINE
  5
748
330
17
100
AcDbEntity
  8
POLYLINES
100
AcDbPolyline
 90
4
 70
0
 10
208.51
 20
616.9
 10
210.81
 20
616.9
 10
209.66
 20
623.81
 10
208.51
 20
616.9
  0
LWPOLYLINE
  5
749
330
17
100
AcDbEntity
  8
POLYLINES
100
AcDbPolyline
 90
4
 70
0
 10
208.65
 20
616.9
 10
210.95
 20
616.9
 10
209.66
 20
623.81
 10
208.65
 20
616.9
  0
LWPOLYLINE
  5
74A
330
17
100
AcDbEntity
  8
POLYLINES
100
AcDbPolyline
 90
4
 70
0
 10
208.65
 20
616.9
 10
210.95
 20
616.9
 10
209.66
 20
623.81
 10
208.65
 20
616.9
  0
LWPOLYLINE
  5
74B
330
17
100
AcDbEntity
  8
POLYLINES
100
AcDbPolyline
 90
4
 70
0
 10
208.65
 20
585.79
 10
209.66
 20
578.74
 10
210.95
 20
585.79
 10
208.65
 20
585.79
  0
LWPOLYLINE
  5
74C
330
17
100
AcDbEntity
  8
POLYLINES
100
AcDbPolyline
 90
4
 70
0
 10
208.65
 20
585.79
 10
209.66
 20
578.74
 10
210.95
 20
585.79
 10
208.65
 20
585.79
  0
LWPOLYLINE
  5
74D
330
17
100
AcDbEntity
  8
POLYLINES
100
AcDbPolyline
 90
3
 70
0
 10
202.03
 20
590.83
 10
201.02
 20
591.84
 10
208.07
 20
591.84
  0
LWPOLYLINE
  5
74E
330
17
100
AcDbEntity
  8
POLYLINES
100
AcDbPolyline
 90
10
 70
0
 10
204.47
 20
595.44
 10
204.47
 20
599.04
 10
205.63
 20
600.19
 10
206.78
 20
600.19
 10
208.07
 20
599.04
 10
208.07
 20
596.59
 10
206.78
 20
595.44
 10
203.32
 20
595.44
 10
201.02
 20
597.74
 10
201.02
 20
599.04
  0
LWPOLYLINE
  5
74F
330
17
100
AcDbEntity
  8
POLYLINES
100
AcDbPolyline
 90
9
 70
0
 10
208.07
 20
603.65
 10
206.78
 20
602.5
 10
202.03
 20
602.5
 10
201.02
 20
603.65
 10
201.02
 20
604.8
 10
202.03
 20
606.1
 10
206.78
 20
606.1
 10
208.07
 20
604.8
 10
208.07
 20
603.65
  0
LWPOLYLINE
  5
750
330
17
100
AcDbEntity
  8
POLYLINES
100
AcDbPolyline
 90
9
 70
0
 10
208.07
 20
609.7
 10
206.78
 20
608.4
 10
202.03
 20
608.4
 10
201.02
 20
609.7
 10
201.02
 20
610.7
 10
202.03
 20
612.0
 10
206.78
 20
612.0
 10
208.07
 20
610.7
 10
208.07
 20
609.7
  0
LWPOLYLINE
  5
751
330
17
100
AcDbEntity
  8
POLYLINES
100
AcDbPolyline
 90
3
 70
0
 10
220.89
 20
561.74
 10
206.2
 20
561.74
 10
220.89
 20
561.74
  0
LWPOLYLINE
  5
752
330
17
100
AcDbEntity
  8
POLYLINES
100
AcDbPolyline
 90
4
 70
0
 10
208.51
 20
568.8
 10
209.66
 20
561.74
 10
210.81
 20
568.8
 10
208.51
 20
568.8
  0
LWPOLYLINE
  5
753
330
17
100
AcDbEntity
  8
POLYLINES
100
AcDbPolyline
 90
4
 70
0
 10
208.51
 20
568.8
 10
209.66
 20
561.74
 10
210.81
 20
568.8
 10
208.51
 20
568.8
  0
LWPOLYLINE
  5
754
330
17
100
AcDbEntity
  8
POLYLINES
100
AcDbPolyline
 90
4
 70
0
 10
208.51
 20
554.69
 10
210.81
 20
554.69
 10
209.66
 20
561.74
 10
208.51
 20
554.69
  0
LWPOLYLINE
  5
755
330
17
100
AcDbEntity
  8
POLYLINES
100
AcDbPolyline
 90
4
 70
0
 10
208.51
 20
554.69
 10
210.81
 20
554.69
 10
209.66
 20
561.74
 10
208.51
 20
554.69
  0
LWPOLYLINE
  5
756
330
17
100
AcDbEntity
  8
POLYLINES
100
AcDbPolyline
 90
10
 70
0
 10
204.33
 20
561.46
 10
204.33
 20
565.06
 10
205.63
 20
566.06
 10
206.63
 20
566.06
 10
207.93
 20
565.06
 10
207.93
 20
562.46
 10
206.63
 20
561.46
 10
203.18
 20
561.46
 10
200.87
 20
563.76
 10
200.87
 20
565.06
  0
LWPOLYLINE
  5
757
330
17
100
AcDbEntity
  8
POLYLINES
100
AcDbPolyline
 90
9
 70
0
 10
207.93
 20
569.66
 10
206.63
 20
568.37
 10
202.03
 20
568.37
 10
200.87
 20
569.66
 10
200.87
 20
570.82
 10
202.03
 20
571.97
 10
206.63
 20
571.97
 10
207.93
 20
570.82
 10
207.93
 20
569.66
  0
LWPOLYLINE
  5
758
330
17
100
AcDbEntity
  8
POLYLINES
100
AcDbPolyline
 90
9
 70
0
 10
207.93
 20
575.57
 10
206.63
 20
574.42
 10
202.03
 20
574.42
 10
200.87
 20
575.57
 10
200.87
 20
576.72
 10
202.03
 20
577.87
 10
206.63
 20
577.87
 10
207.93
 20
576.72
 10
207.93
 20
575.57
  0
LWPOLYLINE
  5
759
330
17
100
AcDbEntity
  8
POLYLINES
100
AcDbPolyline
 90
4
 70
0
 10
208.51
 20
554.69
 10
210.81
 20
554.69
 10
209.66
 20
561.74
 10
208.51
 20
554.69
  0
LWPOLYLINE
  5
75A
330
17
100
AcDbEntity
  8
POLYLINES
100
AcDbPolyline
 90
4
 70
0
 10
208.51
 20
554.69
 10
210.81
 20
554.69
 10
209.66
 20
561.74
 10
208.51
 20
554.69
  0
LWPOLYLINE
  5
75B
330
17
100
AcDbEntity
  8
POLYLINES
100
AcDbPolyline
 90
4
 70
0
 10
208.51
 20
540.43
 10
209.66
 20
533.52
 10
210.81
 20
540.43
 10
208.51
 20
540.43
  0
LWPOLYLINE
  5
75C
330
17
100
AcDbEntity
  8
POLYLINES
100
AcDbPolyline
 90
4
 70
0
 10
208.51
 20
540.43
 10
209.66
 20
533.52
 10
210.81
 20
540.43
 10
208.51
 20
540.43
  0
LWPOLYLINE
  5
75D
330
17
100
AcDbEntity
  8
POLYLINES
100
AcDbPolyline
 90
3
 70
0
 10
202.03
 20
537.7
 10
200.87
 20
538.7
 10
207.93
 20
538.7
  0
LWPOLYLINE
  5
75E
330
17
100
AcDbEntity
  8
POLYLINES
100
AcDbPolyline
 90
9
 70
0
 10
207.93
 20
543.46
 10
206.63
 20
542.3
 10
202.03
 20
542.3
 10
200.87
 20
543.46
 10
200.87
 20
544.61
 10
202.03
 20
545.76
 10
206.63
 20
545.76
 10
207.93
 20
544.61
 10
207.93
 20
543.46
  0
LWPOLYLINE
  5
75F
330
17
100
AcDbEntity
  8
POLYLINES
100
AcDbPolyline
 90
9
 70
0
 10
207.93
 20
549.36
 10
206.63
 20
548.06
 10
202.03
 20
548.06
 10
200.87
 20
549.36
 10
200.87
 20
550.66
 10
202.03
 20
551.66
 10
206.63
 20
551.66
 10
207.93
 20
550.66
 10
207.93
 20
549.36
  0
LWPOLYLINE
  5
760
330
17
100
AcDbEntity
  8
POLYLINES
100
AcDbPolyline
 90
9
 70
0
 10
207.93
 20
555.26
 10
206.63
 20
553.97
 10
202.03
 20
553.97
 10
200.87
 20
555.26
 10
200.87
 20
556.42
 10
202.03
 20
557.57
 10
206.63
 20
557.57
 10
207.93
 20
556.42
 10
207.93
 20
555.26
  0
LWPOLYLINE
  5
761
330
17
100
AcDbEntity
  8
POLYLINES
100
AcDbPolyline
 90
4
 70
0
 10
208.51
 20
540.43
 10
209.66
 20
533.52
 10
210.81
 20
540.43
 10
208.51
 20
540.43
  0
LWPOLYLINE
  5
762
330
17
100
AcDbEntity
  8
POLYLINES
100
AcDbPolyline
 90
4
 70
0
 10
208.51
 20
540.43
 10
209.66
 20
533.52
 10
210.81
 20
540.43
 10
208.51
 20
540.43
  0
LWPOLYLINE
  5
763
330
17
100
AcDbEntity
  8
POLYLINES
100
AcDbPolyline
 90
10
 70
0
 10
204.33
 20
516.1
 10
204.33
 20
519.7
 10
205.63
 20
520.99
 10
206.63
 20
520.99
 10
207.93
 20
519.7
 10
207.93
 20
517.39
 10
206.63
 20
516.1
 10
203.18
 20
516.1
 10
200.87
 20
518.54
 10
200.87
 20
519.7
  0
LWPOLYLINE
  5
764
330
17
100
AcDbEntity
  8
POLYLINES
100
AcDbPolyline
 90
9
 70
0
 10
207.93
 20
524.45
 10
206.63
 20
523.3
 10
202.03
 20
523.3
 10
200.87
 20
524.45
 10
200.87
 20
525.6
 10
202.03
 20
526.75
 10
206.63
 20
526.75
 10
207.93
 20
525.6
 10
207.93
 20
524.45
  0
LWPOLYLINE
  5
765
330
17
100
AcDbEntity
  8
POLYLINES
100
AcDbPolyline
 90
9
 70
0
 10
207.93
 20
530.35
 10
206.63
 20
529.06
 10
202.03
 20
529.06
 10
200.87
 20
530.35
 10
200.87
 20
531.36
 10
202.03
 20
532.66
 10
206.63
 20
532.66
 10
207.93
 20
531.36
 10
207.93
 20
530.35
  0
LWPOLYLINE
  5
766
330
17
100
AcDbEntity
  8
POLYLINES
100
AcDbPolyline
 90
3
 70
0
 10
220.89
 20
516.53
 10
206.2
 20
516.53
 10
216.43
 20
516.53
  0
LWPOLYLINE
  5
767
330
17
100
AcDbEntity
  8
POLYLINES
100
AcDbPolyline
 90
4
 70
0
 10
208.51
 20
509.33
 10
210.81
 20
509.33
 10
209.66
 20
516.53
 10
208.51
 20
509.33
  0
LWPOLYLINE
  5
768
330
17
100
AcDbEntity
  8
POLYLINES
100
AcDbPolyline
 90
4
 70
0
 10
208.51
 20
509.33
 10
210.81
 20
509.33
 10
209.66
 20
516.53
 10
208.51
 20
509.33
  0
LWPOLYLINE
  5
769
330
17
100
AcDbEntity
  8
POLYLINES
100
AcDbPolyline
 90
4
 70
0
 10
208.65
 20
509.33
 10
210.95
 20
509.33
 10
209.66
 20
516.53
 10
208.65
 20
509.33
  0
LWPOLYLINE
  5
76A
330
17
100
AcDbEntity
  8
POLYLINES
100
AcDbPolyline
 90
4
 70
0
 10
208.65
 20
509.33
 10
210.95
 20
509.33
 10
209.66
 20
516.53
 10
208.65
 20
509.33
  0
LWPOLYLINE
  5
76B
330
17
100
AcDbEntity
  8
POLYLINES
100
AcDbPolyline
 90
4
 70
0
 10
208.65
 20
478.22
 10
209.66
 20
471.31
 10
210.95
 20
478.22
 10
208.65
 20
478.22
  0
LWPOLYLINE
  5
76C
330
17
100
AcDbEntity
  8
POLYLINES
100
AcDbPolyline
 90
4
 70
0
 10
208.65
 20
478.22
 10
209.66
 20
471.31
 10
210.95
 20
478.22
 10
208.65
 20
478.22
  0
LWPOLYLINE
  5
76D
330
17
100
AcDbEntity
  8
POLYLINES
100
AcDbPolyline
 90
3
 70
0
 10
202.03
 20
483.26
 10
201.02
 20
484.42
 10
208.07
 20
484.42
  0
LWPOLYLINE
  5
76E
330
17
100
AcDbEntity
  8
POLYLINES
100
AcDbPolyline
 90
10
 70
0
 10
204.47
 20
488.02
 10
204.47
 20
491.62
 10
205.63
 20
492.62
 10
206.78
 20
492.62
 10
208.07
 20
491.62
 10
208.07
 20
489.17
 10
206.78
 20
488.02
 10
203.32
 20
488.02
 10
201.02
 20
490.32
 10
201.02
 20
491.62
  0
LWPOLYLINE
  5
76F
330
17
100
AcDbEntity
  8
POLYLINES
100
AcDbPolyline
 90
9
 70
0
 10
208.07
 20
496.22
 10
206.78
 20
495.22
 10
202.03
 20
495.22
 10
201.02
 20
496.22
 10
201.02
 20
497.52
 10
202.03
 20
498.53
 10
206.78
 20
498.53
 10
208.07
 20
497.52
 10
208.07
 20
496.22
  0
LWPOLYLINE
  5
770
330
17
100
AcDbEntity
  8
POLYLINES
100
AcDbPolyline
 90
9
 70
0
 10
208.07
 20
502.13
 10
206.78
 20
500.98
 10
202.03
 20
500.98
 10
201.02
 20
502.13
 10
201.02
 20
503.28
 10
202.03
 20
504.58
 10
206.78
 20
504.58
 10
208.07
 20
503.28
 10
208.07
 20
502.13
  0
LWPOLYLINE
  5
771
330
17
100
AcDbEntity
  8
POLYLINES
100
AcDbPolyline
 90
3
 70
0
 10
220.89
 20
454.32
 10
206.2
 20
454.32
 10
220.89
 20
454.32
  0
LWPOLYLINE
  5
772
330
17
100
AcDbEntity
  8
POLYLINES
100
AcDbPolyline
 90
4
 70
0
 10
208.51
 20
461.38
 10
209.66
 20
454.32
 10
210.81
 20
461.38
 10
208.51
 20
461.38
  0
LWPOLYLINE
  5
773
330
17
100
AcDbEntity
  8
POLYLINES
100
AcDbPolyline
 90
4
 70
0
 10
208.51
 20
461.38
 10
209.66
 20
454.32
 10
210.81
 20
461.38
 10
208.51
 20
461.38
  0
LWPOLYLINE
  5
774
330
17
100
AcDbEntity
  8
POLYLINES
100
AcDbPolyline
 90
4
 70
0
 10
208.51
 20
447.26
 10
210.81
 20
447.26
 10
209.66
 20
454.32
 10
208.51
 20
447.26
  0
LWPOLYLINE
  5
775
330
17
100
AcDbEntity
  8
POLYLINES
100
AcDbPolyline
 90
4
 70
0
 10
208.51
 20
447.26
 10
210.81
 20
447.26
 10
209.66
 20
454.32
 10
208.51
 20
447.26
  0
LWPOLYLINE
  5
776
330
17
100
AcDbEntity
  8
POLYLINES
100
AcDbPolyline
 90
10
 70
0
 10
204.33
 20
454.03
 10
204.33
 20
457.49
 10
205.63
 20
458.64
 10
206.63
 20
458.64
 10
207.93
 20
457.49
 10
207.93
 20
455.18
 10
206.63
 20
454.03
 10
203.18
 20
454.03
 10
200.87
 20
456.34
 10
200.87
 20
457.49
  0
LWPOLYLINE
  5
777
330
17
100
AcDbEntity
  8
POLYLINES
100
AcDbPolyline
 90
9
 70
0
 10
207.93
 20
462.24
 10
206.63
 20
460.94
 10
202.03
 20
460.94
 10
200.87
 20
462.24
 10
200.87
 20
463.54
 10
202.03
 20
464.54
 10
206.63
 20
464.54
 10
207.93
 20
463.54
 10
207.93
 20
462.24
  0
LWPOLYLINE
  5
778
330
17
100
AcDbEntity
  8
POLYLINES
100
AcDbPolyline
 90
9
 70
0
 10
207.93
 20
468.14
 10
206.63
 20
466.85
 10
202.03
 20
466.85
 10
200.87
 20
468.14
 10
200.87
 20
469.44
 10
202.03
 20
470.45
 10
206.63
 20
470.45
 10
207.93
 20
469.44
 10
207.93
 20
468.14
  0
LWPOLYLINE
  5
779
330
17
100
AcDbEntity
  8
POLYLINES
100
AcDbPolyline
 90
4
 70
0
 10
208.51
 20
447.26
 10
210.81
 20
447.26
 10
209.66
 20
454.32
 10
208.51
 20
447.26
  0
LWPOLYLINE
  5
77A
330
17
100
AcDbEntity
  8
POLYLINES
100
AcDbPolyline
 90
4
 70
0
 10
208.51
 20
447.26
 10
210.81
 20
447.26
 10
209.66
 20
454.32
 10
208.51
 20
447.26
  0
LWPOLYLINE
  5
77B
330
17
100
AcDbEntity
  8
POLYLINES
100
AcDbPolyline
 90
4
 70
0
 10
208.51
 20
433.15
 10
209.66
 20
425.95
 10
210.81
 20
433.15
 10
208.51
 20
433.15
  0
LWPOLYLINE
  5
77C
330
17
100
AcDbEntity
  8
POLYLINES
100
AcDbPolyline
 90
4
 70
0
 10
208.51
 20
433.15
 10
209.66
 20
425.95
 10
210.81
 20
433.15
 10
208.51
 20
433.15
  0
LWPOLYLINE
  5
77D
330
17
100
AcDbEntity
  8
POLYLINES
100
AcDbPolyline
 90
3
 70
0
 10
202.03
 20
430.27
 10
200.87
 20
431.28
 10
207.93
 20
431.28
  0
LWPOLYLINE
  5
77E
330
17
100
AcDbEntity
  8
POLYLINES
100
AcDbPolyline
 90
9
 70
0
 10
207.93
 20
436.18
 10
206.63
 20
434.88
 10
202.03
 20
434.88
 10
200.87
 20
436.18
 10
200.87
 20
437.18
 10
202.03
 20
438.48
 10
206.63
 20
438.48
 10
207.93
 20
437.18
 10
207.93
 20
436.18
  0
LWPOLYLINE
  5
77F
330
17
100
AcDbEntity
  8
POLYLINES
100
AcDbPolyline
 90
9
 70
0
 10
207.93
 20
441.94
 10
206.63
 20
440.78
 10
202.03
 20
440.78
 10
200.87
 20
441.94
 10
200.87
 20
443.09
 10
202.03
 20
444.24
 10
206.63
 20
444.24
 10
207.93
 20
443.09
 10
207.93
 20
441.94
  0
LWPOLYLINE
  5
780
330
17
100
AcDbEntity
  8
POLYLINES
100
AcDbPolyline
 90
9
 70
0
 10
207.93
 20
447.84
 10
206.63
 20
446.54
 10
202.03
 20
446.54
 10
200.87
 20
447.84
 10
200.87
 20
449.14
 10
202.03
 20
450.14
 10
206.63
 20
450.14
 10
207.93
 20
449.14
 10
207.93
 20
447.84
  0
LWPOLYLINE
  5
781
330
17
100
AcDbEntity
  8
POLYLINES
100
AcDbPolyline
 90
4
 70
0
 10
208.51
 20
433.15
 10
209.66
 20
425.95
 10
210.81
 20
433.15
 10
208.51
 20
433.15
  0
LWPOLYLINE
  5
782
330
17
100
AcDbEntity
  8
POLYLINES
100
AcDbPolyline
 90
4
 70
0
 10
208.51
 20
433.15
 10
209.66
 20
425.95
 10
210.81
 20
433.15
 10
208.51
 20
433.15
  0
LWPOLYLINE
  5
783
330
17
100
AcDbEntity
  8
POLYLINES
100
AcDbPolyline
 90
10
 70
0
 10
204.33
 20
408.82
 10
204.33
 20
412.27
 10
205.63
 20
413.57
 10
206.63
 20
413.57
 10
207.93
 20
412.27
 10
207.93
 20
409.97
 10
206.63
 20
408.82
 10
203.18
 20
408.82
 10
200.87
 20
411.12
 10
200.87
 20
412.27
  0
LWPOLYLINE
  5
784
330
17
100
AcDbEntity
  8
POLYLINES
100
AcDbPolyline
 90
9
 70
0
 10
207.93
 20
416.88
 10
206.63
 20
415.87
 10
202.03
 20
415.87
 10
200.87
 20
416.88
 10
200.87
 20
418.18
 10
202.03
 20
419.47
 10
206.63
 20
419.47
 10
207.93
 20
418.18
 10
207.93
 20
416.88
  0
LWPOLYLINE
  5
785
330
17
100
AcDbEntity
  8
POLYLINES
100
AcDbPolyline
 90
9
 70
0
 10
207.93
 20
422.93
 10
206.63
 20
421.78
 10
202.03
 20
421.78
 10
200.87
 20
422.93
 10
200.87
 20
424.08
 10
202.03
 20
425.23
 10
206.63
 20
425.23
 10
207.93
 20
424.08
 10
207.93
 20
422.93
  0
LWPOLYLINE
  5
786
330
17
100
AcDbEntity
  8
POLYLINES
100
AcDbPolyline
 90
3
 70
0
 10
220.89
 20
409.1
 10
206.2
 20
409.1
 10
216.43
 20
409.1
  0
LWPOLYLINE
  5
787
330
17
100
AcDbEntity
  8
POLYLINES
100
AcDbPolyline
 90
4
 70
0
 10
208.51
 20
402.05
 10
210.81
 20
402.05
 10
209.66
 20
409.1
 10
208.51
 20
402.05
  0
LWPOLYLINE
  5
788
330
17
100
AcDbEntity
  8
POLYLINES
100
AcDbPolyline
 90
4
 70
0
 10
208.51
 20
402.05
 10
210.81
 20
402.05
 10
209.66
 20
409.1
 10
208.51
 20
402.05
  0
LWPOLYLINE
  5
789
330
17
100
AcDbEntity
  8
POLYLINES
100
AcDbPolyline
 90
4
 70
0
 10
208.65
 20
402.05
 10
210.95
 20
402.05
 10
209.66
 20
409.1
 10
208.65
 20
402.05
  0
LWPOLYLINE
  5
78A
330
17
100
AcDbEntity
  8
POLYLINES
100
AcDbPolyline
 90
4
 70
0
 10
208.65
 20
402.05
 10
210.95
 20
402.05
 10
209.66
 20
409.1
 10
208.65
 20
402.05
  0
LWPOLYLINE
  5
78B
330
17
100
AcDbEntity
  8
POLYLINES
100
AcDbPolyline
 90
4
 70
0
 10
208.65
 20
370.94
 10
209.66
 20
363.89
 10
210.95
 20
370.94
 10
208.65
 20
370.94
  0
LWPOLYLINE
  5
78C
330
17
100
AcDbEntity
  8
POLYLINES
100
AcDbPolyline
 90
4
 70
0
 10
208.65
 20
370.94
 10
209.66
 20
363.89
 10
210.95
 20
370.94
 10
208.65
 20
370.94
  0
LWPOLYLINE
  5
78D
330
17
100
AcDbEntity
  8
POLYLINES
100
AcDbPolyline
 90
3
 70
0
 10
202.03
 20
375.84
 10
201.02
 20
377.14
 10
208.07
 20
377.14
  0
LWPOLYLINE
  5
78E
330
17
100
AcDbEntity
  8
POLYLINES
100
AcDbPolyline
 90
10
 70
0
 10
204.47
 20
380.59
 10
204.47
 20
384.05
 10
205.63
 20
385.34
 10
206.78
 20
385.34
 10
208.07
 20
384.05
 10
208.07
 20
381.74
 10
206.78
 20
380.59
 10
203.32
 20
380.59
 10
201.02
 20
383.04
 10
201.02
 20
384.05
  0
LWPOLYLINE
  5
78F
330
17
100
AcDbEntity
  8
POLYLINES
100
AcDbPolyline
 90
9
 70
0
 10
208.07
 20
388.8
 10
206.78
 20
387.65
 10
202.03
 20
387.65
 10
201.02
 20
388.8
 10
201.02
 20
390.1
 10
202.03
 20
391.1
 10
206.78
 20
391.1
 10
208.07
 20
390.1
 10
208.07
 20
388.8
  0
LWPOLYLINE
  5
790
330
17
100
AcDbEntity
  8
POLYLINES
100
AcDbPolyline
 90
9
 70
0
 10
208.07
 20
394.7
 10
206.78
 20
393.41
 10
202.03
 20
393.41
 10
201.02
 20
394.7
 10
201.02
 20
396.0
 10
202.03
 20
397.01
 10
206.78
 20
397.01
 10
208.07
 20
396.0
 10
208.07
 20
394.7
  0
LWPOLYLINE
  5
791
330
17
100
AcDbEntity
  8
POLYLINES
100
AcDbPolyline
 90
3
 70
0
 10
220.89
 20
346.9
 10
206.2
 20
346.9
 10
220.89
 20
346.9
  0
LWPOLYLINE
  5
792
330
17
100
AcDbEntity
  8
POLYLINES
100
AcDbPolyline
 90
4
 70
0
 10
208.51
 20
353.95
 10
209.66
 20
346.9
 10
210.81
 20
353.95
 10
208.51
 20
353.95
  0
LWPOLYLINE
  5
793
330
17
100
AcDbEntity
  8
POLYLINES
100
AcDbPolyline
 90
4
 70
0
 10
208.51
 20
353.95
 10
209.66
 20
346.9
 10
210.81
 20
353.95
 10
208.51
 20
353.95
  0
LWPOLYLINE
  5
794
330
17
100
AcDbEntity
  8
POLYLINES
100
AcDbPolyline
 90
4
 70
0
 10
208.51
 20
339.84
 10
210.81
 20
339.84
 10
209.66
 20
346.9
 10
208.51
 20
339.84
  0
LWPOLYLINE
  5
795
330
17
100
AcDbEntity
  8
POLYLINES
100
AcDbPolyline
 90
4
 70
0
 10
208.51
 20
339.84
 10
210.81
 20
339.84
 10
209.66
 20
346.9
 10
208.51
 20
339.84
  0
LWPOLYLINE
  5
796
330
17
100
AcDbEntity
  8
POLYLINES
100
AcDbPolyline
 90
10
 70
0
 10
204.33
 20
346.46
 10
204.33
 20
350.06
 10
205.63
 20
351.36
 10
206.63
 20
351.36
 10
207.93
 20
350.06
 10
207.93
 20
347.76
 10
206.63
 20
346.46
 10
203.18
 20
346.46
 10
200.87
 20
349.06
 10
200.87
 20
350.06
  0
LWPOLYLINE
  5
797
330
17
100
AcDbEntity
  8
POLYLINES
100
AcDbPolyline
 90
9
 70
0
 10
207.93
 20
354.82
 10
206.63
 20
353.66
 10
202.03
 20
353.66
 10
200.87
 20
354.82
 10
200.87
 20
355.97
 10
202.03
 20
357.26
 10
206.63
 20
357.26
 10
207.93
 20
355.97
 10
207.93
 20
354.82
  0
LWPOLYLINE
  5
798
330
17
100
AcDbEntity
  8
POLYLINES
100
AcDbPolyline
 90
9
 70
0
 10
207.93
 20
360.72
 10
206.63
 20
359.57
 10
202.03
 20
359.57
 10
200.87
 20
360.72
 10
200.87
 20
361.87
 10
202.03
 20
363.02
 10
206.63
 20
363.02
 10
207.93
 20
361.87
 10
207.93
 20
360.72
  0
LWPOLYLINE
  5
799
330
17
100
AcDbEntity
  8
POLYLINES
100
AcDbPolyline
 90
4
 70
0
 10
208.51
 20
339.84
 10
210.81
 20
339.84
 10
209.66
 20
346.9
 10
208.51
 20
339.84
  0
LWPOLYLINE
  5
79A
330
17
100
AcDbEntity
  8
POLYLINES
100
AcDbPolyline
 90
4
 70
0
 10
208.51
 20
339.84
 10
210.81
 20
339.84
 10
209.66
 20
346.9
 10
208.51
 20
339.84
  0
LWPOLYLINE
  5
79B
330
17
100
AcDbEntity
  8
POLYLINES
100
AcDbPolyline
 90
4
 70
0
 10
208.51
 20
325.73
 10
209.66
 20
318.67
 10
210.81
 20
325.73
 10
208.51
 20
325.73
  0
LWPOLYLINE
  5
79C
330
17
100
AcDbEntity
  8
POLYLINES
100
AcDbPolyline
 90
4
 70
0
 10
208.51
 20
325.73
 10
209.66
 20
318.67
 10
210.81
 20
325.73
 10
208.51
 20
325.73
  0
LWPOLYLINE
  5
79D
330
17
100
AcDbEntity
  8
POLYLINES
100
AcDbPolyline
 90
3
 70
0
 10
202.03
 20
322.7
 10
200.87
 20
324.0
 10
207.93
 20
324.0
  0
LWPOLYLINE
  5
79E
330
17
100
AcDbEntity
  8
POLYLINES
100
AcDbPolyline
 90
9
 70
0
 10
207.93
 20
328.61
 10
206.63
 20
327.46
 10
202.03
 20
327.46
 10
200.87
 20
328.61
 10
200.87
 20
329.76
 10
202.03
 20
331.06
 10
206.63
 20
331.06
 10
207.93
 20
329.76
 10
207.93
 20
328.61
  0
LWPOLYLINE
  5
79F
330
17
100
AcDbEntity
  8
POLYLINES
100
AcDbPolyline
 90
9
 70
0
 10
207.93
 20
334.66
 10
206.63
 20
333.36
 10
202.03
 20
333.36
 10
200.87
 20
334.66
 10
200.87
 20
335.66
 10
202.03
 20
336.96
 10
206.63
 20
336.96
 10
207.93
 20
335.66
 10
207.93
 20
334.66
  0
LWPOLYLINE
  5
7A0
330
17
100
AcDbEntity
  8
POLYLINES
100
AcDbPolyline
 90
9
 70
0
 10
207.93
 20
340.42
 10
206.63
 20
339.26
 10
202.03
 20
339.26
 10
200.87
 20
340.42
 10
200.87
 20
341.57
 10
202.03
 20
342.86
 10
206.63
 20
342.86
 10
207.93
 20
341.57
 10
207.93
 20
340.42
  0
LWPOLYLINE
  5
7A1
330
17
100
AcDbEntity
  8
POLYLINES
100
AcDbPolyline
 90
4
 70
0
 10
208.51
 20
325.73
 10
209.66
 20
318.67
 10
210.81
 20
325.73
 10
208.51
 20
325.73
  0
LWPOLYLINE
  5
7A2
330
17
100
AcDbEntity
  8
POLYLINES
100
AcDbPolyline
 90
4
 70
0
 10
208.51
 20
325.73
 10
209.66
 20
318.67
 10
210.81
 20
325.73
 10
208.51
 20
325.73
  0
LWPOLYLINE
  5
7A3
330
17
100
AcDbEntity
  8
POLYLINES
100
AcDbPolyline
 90
10
 70
0
 10
204.33
 20
301.39
 10
204.33
 20
304.99
 10
205.63
 20
306.0
 10
206.63
 20
306.0
 10
207.93
 20
304.99
 10
207.93
 20
302.54
 10
206.63
 20
301.39
 10
203.18
 20
301.39
 10
200.87
 20
303.7
 10
200.87
 20
304.99
  0
LWPOLYLINE
  5
7A4
330
17
100
AcDbEntity
  8
POLYLINES
100
AcDbPolyline
 90
9
 70
0
 10
207.93
 20
309.6
 10
206.63
 20
308.45
 10
202.03
 20
308.45
 10
200.87
 20
309.6
 10
200.87
 20
310.75
 10
202.03
 20
312.05
 10
206.63
 20
312.05
 10
207.93
 20
310.75
 10
207.93
 20
309.6
  0
LWPOLYLINE
  5
7A5
330
17
100
AcDbEntity
  8
POLYLINES
100
AcDbPolyline
 90
9
 70
0
 10
207.93
 20
315.36
 10
206.63
 20
314.35
 10
202.03
 20
314.35
 10
200.87
 20
315.36
 10
200.87
 20
316.66
 10
202.03
 20
317.95
 10
206.63
 20
317.95
 10
207.93
 20
316.66
 10
207.93
 20
315.36
  0
LWPOLYLINE
  5
7A6
330
17
100
AcDbEntity
  8
POLYLINES
100
AcDbPolyline
 90
3
 70
0
 10
220.89
 20
301.68
 10
206.2
 20
301.68
 10
216.43
 20
301.68
  0
LWPOLYLINE
  5
7A7
330
17
100
AcDbEntity
  8
POLYLINES
100
AcDbPolyline
 90
4
 70
0
 10
208.51
 20
294.62
 10
210.81
 20
294.62
 10
209.66
 20
301.68
 10
208.51
 20
294.62
  0
LWPOLYLINE
  5
7A8
330
17
100
AcDbEntity
  8
POLYLINES
100
AcDbPolyline
 90
4
 70
0
 10
208.51
 20
294.62
 10
210.81
 20
294.62
 10
209.66
 20
301.68
 10
208.51
 20
294.62
  0
LWPOLYLINE
  5
7A9
330
17
100
AcDbEntity
  8
POLYLINES
100
AcDbPolyline
 90
4
 70
0
 10
208.65
 20
294.62
 10
210.95
 20
294.62
 10
209.66
 20
301.68
 10
208.65
 20
294.62
  0
LWPOLYLINE
  5
7AA
330
17
100
AcDbEntity
  8
POLYLINES
100
AcDbPolyline
 90
4
 70
0
 10
208.65
 20
294.62
 10
210.95
 20
294.62
 10
209.66
 20
301.68
 10
208.65
 20
294.62
  0
LWPOLYLINE
  5
7AB
330
17
100
AcDbEntity
  8
POLYLINES
100
AcDbPolyline
 90
4
 70
0
 10
208.65
 20
263.52
 10
209.66
 20
256.46
 10
210.95
 20
263.52
 10
208.65
 20
263.52
  0
LWPOLYLINE
  5
7AC
330
17
100
AcDbEntity
  8
POLYLINES
100
AcDbPolyline
 90
4
 70
0
 10
208.65
 20
263.52
 10
209.66
 20
256.46
 10
210.95
 20
263.52
 10
208.65
 20
263.52
  0
LWPOLYLINE
  5
7AD
330
17
100
AcDbEntity
  8
POLYLINES
100
AcDbPolyline
 90
3
 70
0
 10
202.03
 20
268.42
 10
201.02
 20
269.71
 10
208.07
 20
269.71
  0
LWPOLYLINE
  5
7AE
330
17
100
AcDbEntity
  8
POLYLINES
100
AcDbPolyline
 90
10
 70
0
 10
204.47
 20
273.17
 10
204.47
 20
276.62
 10
205.63
 20
277.92
 10
206.78
 20
277.92
 10
208.07
 20
276.62
 10
208.07
 20
274.32
 10
206.78
 20
273.17
 10
203.32
 20
273.17
 10
201.02
 20
275.62
 10
201.02
 20
276.62
  0
LWPOLYLINE
  5
7AF
330
17
100
AcDbEntity
  8
POLYLINES
100
AcDbPolyline
 90
9
 70
0
 10
208.07
 20
281.52
 10
206.78
 20
280.22
 10
202.03
 20
280.22
 10
201.02
 20
281.52
 10
201.02
 20
282.53
 10
202.03
 20
283.82
 10
206.78
 20
283.82
 10
208.07
 20
282.53
 10
208.07
 20
281.52
  0
LWPOLYLINE
  5
7B0
330
17
100
AcDbEntity
  8
POLYLINES
100
AcDbPolyline
 90
9
 70
0
 10
208.07
 20
287.28
 10
206.78
 20
286.13
 10
202.03
 20
286.13
 10
201.02
 20
287.28
 10
201.02
 20
288.58
 10
202.03
 20
289.58
 10
206.78
 20
289.58
 10
208.07
 20
288.58
 10
208.07
 20
287.28
  0
LWPOLYLINE
  5
7B1
330
17
100
AcDbEntity
  8
POLYLINES
100
AcDbPolyline
 90
3
 70
0
 10
220.89
 20
239.47
 10
206.2
 20
239.47
 10
220.89
 20
239.47
  0
LWPOLYLINE
  5
7B2
330
17
100
AcDbEntity
  8
POLYLINES
100
AcDbPolyline
 90
4
 70
0
 10
208.51
 20
246.67
 10
209.66
 20
239.47
 10
210.81
 20
246.67
 10
208.51
 20
246.67
  0
LWPOLYLINE
  5
7B3
330
17
100
AcDbEntity
  8
POLYLINES
100
AcDbPolyline
 90
4
 70
0
 10
208.51
 20
246.67
 10
209.66
 20
239.47
 10
210.81
 20
246.67
 10
208.51
 20
246.67
  0
LWPOLYLINE
  5
7B4
330
17
100
AcDbEntity
  8
POLYLINES
100
AcDbPolyline
 90
4
 70
0
 10
208.51
 20
232.42
 10
210.81
 20
232.42
 10
209.66
 20
239.47
 10
208.51
 20
232.42
  0
LWPOLYLINE
  5
7B5
330
17
100
AcDbEntity
  8
POLYLINES
100
AcDbPolyline
 90
4
 70
0
 10
208.51
 20
232.42
 10
210.81
 20
232.42
 10
209.66
 20
239.47
 10
208.51
 20
232.42
  0
LWPOLYLINE
  5
7B6
330
17
100
AcDbEntity
  8
POLYLINES
100
AcDbPolyline
 90
10
 70
0
 10
204.33
 20
239.18
 10
204.33
 20
242.64
 10
205.63
 20
243.94
 10
206.63
 20
243.94
 10
207.93
 20
242.64
 10
207.93
 20
240.34
 10
206.63
 20
239.18
 10
203.18
 20
239.18
 10
200.87
 20
241.49
 10
200.87
 20
242.64
  0
LWPOLYLINE
  5
7B7
330
17
100
AcDbEntity
  8
POLYLINES
100
AcDbPolyline
 90
9
 70
0
 10
207.93
 20
247.39
 10
206.63
 20
246.24
 10
202.03
 20
246.24
 10
200.87
 20
247.39
 10
200.87
 20
248.54
 10
202.03
 20
249.84
 10
206.63
 20
249.84
 10
207.93
 20
248.54
 10
207.93
 20
247.39
  0
LWPOLYLINE
  5
7B8
330
17
100
AcDbEntity
  8
POLYLINES
100
AcDbPolyline
 90
9
 70
0
 10
207.93
 20
253.44
 10
206.63
 20
252.14
 10
202.03
 20
252.14
 10
200.87
 20
253.44
 10
200.87
 20
254.45
 10
202.03
 20
255.74
 10
206.63
 20
255.74
 10
207.93
 20
254.45
 10
207.93
 20
253.44
  0
LWPOLYLINE
  5
7B9
330
17
100
AcDbEntity
  8
POLYLINES
100
AcDbPolyline
 90
4
 70
0
 10
208.51
 20
232.42
 10
210.81
 20
232.42
 10
209.66
 20
239.47
 10
208.51
 20
232.42
  0
LWPOLYLINE
  5
7BA
330
17
100
AcDbEntity
  8
POLYLINES
100
AcDbPolyline
 90
4
 70
0
 10
208.51
 20
232.42
 10
210.81
 20
232.42
 10
209.66
 20
239.47
 10
208.51
 20
232.42
  0
LWPOLYLINE
  5
7BB
330
17
100
AcDbEntity
  8
POLYLINES
100
AcDbPolyline
 90
4
 70
0
 10
208.51
 20
218.3
 10
209.66
 20
211.25
 10
210.81
 20
218.3
 10
208.51
 20
218.3
  0
LWPOLYLINE
  5
7BC
330
17
100
AcDbEntity
  8
POLYLINES
100
AcDbPolyline
 90
4
 70
0
 10
208.51
 20
218.3
 10
209.66
 20
211.25
 10
210.81
 20
218.3
 10
208.51
 20
218.3
  0
LWPOLYLINE
  5
7BD
330
17
100
AcDbEntity
  8
POLYLINES
100
AcDbPolyline
 90
3
 70
0
 10
202.03
 20
215.28
 10
200.87
 20
216.58
 10
207.93
 20
216.58
  0
LWPOLYLINE
  5
7BE
330
17
100
AcDbEntity
  8
POLYLINES
100
AcDbPolyline
 90
9
 70
0
 10
207.93
 20
221.18
 10
206.63
 20
220.18
 10
202.03
 20
220.18
 10
200.87
 20
221.18
 10
200.87
 20
222.48
 10
202.03
 20
223.49
 10
206.63
 20
223.49
 10
207.93
 20
222.48
 10
207.93
 20
221.18
  0
LWPOLYLINE
  5
7BF
330
17
100
AcDbEntity
  8
POLYLINES
100
AcDbPolyline
 90
9
 70
0
 10
207.93
 20
227.09
 10
206.63
 20
225.94
 10
202.03
 20
225.94
 10
200.87
 20
227.09
 10
200.87
 20
228.24
 10
202.03
 20
229.54
 10
206.63
 20
229.54
 10
207.93
 20
228.24
 10
207.93
 20
227.09
  0
LWPOLYLINE
  5
7C0
330
17
100
AcDbEntity
  8
POLYLINES
100
AcDbPolyline
 90
9
 70
0
 10
207.93
 20
232.99
 10
206.63
 20
231.84
 10
202.03
 20
231.84
 10
200.87
 20
232.99
 10
200.87
 20
234.14
 10
202.03
 20
235.44
 10
206.63
 20
235.44
 10
207.93
 20
234.14
 10
207.93
 20
232.99
  0
LWPOLYLINE
  5
7C1
330
17
100
AcDbEntity
  8
POLYLINES
100
AcDbPolyline
 90
4
 70
0
 10
208.51
 20
218.3
 10
209.66
 20
211.25
 10
210.81
 20
218.3
 10
208.51
 20
218.3
  0
LWPOLYLINE
  5
7C2
330
17
100
AcDbEntity
  8
POLYLINES
100
AcDbPolyline
 90
4
 70
0
 10
208.51
 20
218.3
 10
209.66
 20
211.25
 10
210.81
 20
218.3
 10
208.51
 20
218.3
  0
LWPOLYLINE
  5
7C3
330
17
100
AcDbEntity
  8
POLYLINES
100
AcDbPolyline
 90
10
 70
0
 10
204.33
 20
193.97
 10
204.33
 20
197.57
 10
205.63
 20
198.58
 10
206.63
 20
198.58
 10
207.93
 20
197.57
 10
207.93
 20
195.12
 10
206.63
 20
193.97
 10
203.18
 20
193.97
 10
200.87
 20
196.27
 10
200.87
 20
197.57
  0
LWPOLYLINE
  5
7C4
330
17
100
AcDbEntity
  8
POLYLINES
100
AcDbPolyline
 90
9
 70
0
 10
207.93
 20
202.18
 10
206.63
 20
200.88
 10
202.03
 20
200.88
 10
200.87
 20
202.18
 10
200.87
 20
203.47
 10
202.03
 20
204.48
 10
206.63
 20
204.48
 10
207.93
 20
203.47
 10
207.93
 20
202.18
  0
LWPOLYLINE
  5
7C5
330
17
100
AcDbEntity
  8
POLYLINES
100
AcDbPolyline
 90
9
 70
0
 10
207.93
 20
208.08
 10
206.63
 20
206.93
 10
202.03
 20
206.93
 10
200.87
 20
208.08
 10
200.87
 20
209.23
 10
202.03
 20
210.38
 10
206.63
 20
210.38
 10
207.93
 20
209.23
 10
207.93
 20
208.08
  0
LWPOLYLINE
  5
7C6
330
17
100
AcDbEntity
  8
POLYLINES
100
AcDbPolyline
 90
3
 70
0
 10
220.89
 20
194.4
 10
206.2
 20
194.4
 10
216.43
 20
194.4
  0
LWPOLYLINE
  5
7C7
330
17
100
AcDbEntity
  8
POLYLINES
100
AcDbPolyline
 90
4
 70
0
 10
464.83
 20
612.72
 10
464.83
 20
610.42
 10
471.74
 20
611.42
 10
464.83
 20
612.72
  0
LWPOLYLINE
  5
7C8
330
17
100
AcDbEntity
  8
POLYLINES
100
AcDbPolyline
 90
4
 70
0
 10
464.83
 20
612.72
 10
464.83
 20
610.42
 10
471.74
 20
611.42
 10
464.83
 20
612.72
  0
LWPOLYLINE
  5
7C9
330
17
100
AcDbEntity
  8
POLYLINES
100
AcDbPolyline
 90
4
 70
0
 10
365.75
 20
612.72
 10
358.7
 20
611.42
 10
365.75
 20
610.42
 10
365.75
 20
612.72
  0
LWPOLYLINE
  5
7CA
330
17
100
AcDbEntity
  8
POLYLINES
100
AcDbPolyline
 90
4
 70
0
 10
365.75
 20
612.72
 10
358.7
 20
611.42
 10
365.75
 20
610.42
 10
365.75
 20
612.72
  0
LWPOLYLINE
  5
7CB
330
17
100
AcDbEntity
  8
POLYLINES
100
AcDbPolyline
 90
9
 70
0
 10
384.04
 20
614.45
 10
385.34
 20
613.15
 10
387.64
 20
613.15
 10
388.65
 20
614.45
 10
388.65
 20
616.75
 10
387.64
 20
618.05
 10
384.04
 20
618.05
 10
384.04
 20
620.35
 10
388.65
 20
620.35
  0
LWPOLYLINE
  5
7CC
330
17
100
AcDbEntity
  8
POLYLINES
100
AcDbPolyline
 90
12
 70
0
 10
399.45
 20
613.15
 10
398.15
 20
614.45
 10
398.15
 20
615.74
 10
399.45
 20
616.75
 10
401.75
 20
616.75
 10
402.91
 20
618.05
 10
402.91
 20
619.2
 10
401.75
 20
620.35
 10
399.45
 20
620.35
 10
398.15
 20
619.2
 10
398.15
 20
618.05
 10
399.45
 20
616.75
  0
LWPOLYLINE
  5
7CD
330
17
100
AcDbEntity
  8
POLYLINES
100
AcDbPolyline
 90
5
 70
0
 10
401.75
 20
616.75
 10
402.91
 20
615.74
 10
402.91
 20
614.45
 10
401.75
 20
613.15
 10
399.45
 20
613.15
  0
LWPOLYLINE
  5
7CE
330
17
100
AcDbEntity
  8
POLYLINES
100
AcDbPolyline
 90
9
 70
0
 10
406.51
 20
613.15
 10
405.21
 20
614.45
 10
405.21
 20
619.2
 10
406.51
 20
620.35
 10
407.51
 20
620.35
 10
408.81
 20
619.2
 10
408.81
 20
614.45
 10
407.51
 20
613.15
 10
406.51
 20
613.15
  0
LWPOLYLINE
  5
7CF
330
17
100
AcDbEntity
  8
POLYLINES
100
AcDbPolyline
 90
9
 70
0
 10
412.41
 20
613.15
 10
411.11
 20
614.45
 10
411.11
 20
619.2
 10
412.41
 20
620.35
 10
413.56
 20
620.35
 10
414.71
 20
619.2
 10
414.71
 20
614.45
 10
413.56
 20
613.15
 10
412.41
 20
613.15
  0
LWPOLYLINE
  5
7D0
330
17
100
AcDbEntity
  8
POLYLINES
100
AcDbPolyline
 90
4
 70
0
 10
428.83
 20
615.74
 10
424.07
 20
615.74
 10
427.67
 20
620.35
 10
427.67
 20
613.15
  0
LWPOLYLINE
  5
7D1
330
17
100
AcDbEntity
  8
POLYLINES
100
AcDbPolyline
 90
9
 70
0
 10
432.43
 20
613.15
 10
431.27
 20
614.45
 10
431.27
 20
619.2
 10
432.43
 20
620.35
 10
433.58
 20
620.35
 10
434.73
 20
619.2
 10
434.73
 20
614.45
 10
433.58
 20
613.15
 10
432.43
 20
613.15
  0
LWPOLYLINE
  5
7D2
330
17
100
AcDbEntity
  8
POLYLINES
100
AcDbPolyline
 90
9
 70
0
 10
438.33
 20
613.15
 10
437.03
 20
614.45
 10
437.03
 20
619.2
 10
438.33
 20
620.35
 10
439.34
 20
620.35
 10
440.63
 20
619.2
 10
440.63
 20
614.45
 10
439.34
 20
613.15
 10
438.33
 20
613.15
  0
LWPOLYLINE
  5
7D3
330
17
100
AcDbEntity
  8
POLYLINES
100
AcDbPolyline
 90
9
 70
0
 10
444.23
 20
613.15
 10
442.94
 20
614.45
 10
442.94
 20
619.2
 10
444.23
 20
620.35
 10
445.24
 20
620.35
 10
446.54
 20
619.2
 10
446.54
 20
614.45
 10
445.24
 20
613.15
 10
444.23
 20
613.15
  0
LWPOLYLINE
  5
7D4
330
17
100
AcDbEntity
  8
POLYLINES
100
AcDbPolyline
 90
4
 70
0
 10
329.18
 20
612.72
 10
329.18
 20
610.42
 10
336.09
 20
611.42
 10
329.18
 20
612.72
  0
LWPOLYLINE
  5
7D5
330
17
100
AcDbEntity
  8
POLYLINES
100
AcDbPolyline
 90
4
 70
0
 10
329.18
 20
612.72
 10
329.18
 20
610.42
 10
336.09
 20
611.42
 10
329.18
 20
612.72
  0
LWPOLYLINE
  5
7D6
330
17
100
AcDbEntity
  8
POLYLINES
100
AcDbPolyline
 90
4
 70
0
 10
230.11
 20
612.72
 10
223.05
 20
611.42
 10
230.11
 20
610.42
 10
230.11
 20
612.72
  0
LWPOLYLINE
  5
7D7
330
17
100
AcDbEntity
  8
POLYLINES
100
AcDbPolyline
 90
4
 70
0
 10
230.11
 20
612.72
 10
223.05
 20
611.42
 10
230.11
 20
610.42
 10
230.11
 20
612.72
  0
LWPOLYLINE
  5
7D8
330
17
100
AcDbEntity
  8
POLYLINES
100
AcDbPolyline
 90
9
 70
0
 10
248.39
 20
614.45
 10
249.69
 20
613.15
 10
251.99
 20
613.15
 10
253.29
 20
614.45
 10
253.29
 20
616.75
 10
251.99
 20
618.05
 10
248.39
 20
618.05
 10
248.39
 20
620.35
 10
253.29
 20
620.35
  0
LWPOLYLINE
  5
7D9
330
17
100
AcDbEntity
  8
POLYLINES
100
AcDbPolyline
 90
12
 70
0
 10
263.8
 20
613.15
 10
262.65
 20
614.45
 10
262.65
 20
615.74
 10
263.8
 20
616.75
 10
266.25
 20
616.75
 10
267.26
 20
618.05
 10
267.26
 20
619.2
 10
266.25
 20
620.35
 10
263.8
 20
620.35
 10
262.65
 20
619.2
 10
262.65
 20
618.05
 10
263.8
 20
616.75
  0
LWPOLYLINE
  5
7DA
330
17
100
AcDbEntity
  8
POLYLINES
100
AcDbPolyline
 90
5
 70
0
 10
266.25
 20
616.75
 10
267.26
 20
615.74
 10
267.26
 20
614.45
 10
266.25
 20
613.15
 10
263.8
 20
613.15
  0
LWPOLYLINE
  5
7DB
330
17
100
AcDbEntity
  8
POLYLINES
100
AcDbPolyline
 90
9
 70
0
 10
270.86
 20
613.15
 10
269.56
 20
614.45
 10
269.56
 20
619.2
 10
270.86
 20
620.35
 10
272.15
 20
620.35
 10
273.16
 20
619.2
 10
273.16
 20
614.45
 10
272.15
 20
613.15
 10
270.86
 20
613.15
  0
LWPOLYLINE
  5
7DC
330
17
100
AcDbEntity
  8
POLYLINES
100
AcDbPolyline
 90
9
 70
0
 10
276.76
 20
613.15
 10
275.61
 20
614.45
 10
275.61
 20
619.2
 10
276.76
 20
620.35
 10
277.91
 20
620.35
 10
279.07
 20
619.2
 10
279.07
 20
614.45
 10
277.91
 20
613.15
 10
276.76
 20
613.15
  0
LWPOLYLINE
  5
7DD
330
17
100
AcDbEntity
  8
POLYLINES
100
AcDbPolyline
 90
4
 70
0
 10
293.18
 20
615.74
 10
288.43
 20
615.74
 10
292.03
 20
620.35
 10
292.03
 20
613.15
  0
LWPOLYLINE
  5
7DE
330
17
100
AcDbEntity
  8
POLYLINES
100
AcDbPolyline
 90
9
 70
0
 10
296.78
 20
613.15
 10
295.63
 20
614.45
 10
295.63
 20
619.2
 10
296.78
 20
620.35
 10
297.93
 20
620.35
 10
299.08
 20
619.2
 10
299.08
 20
614.45
 10
297.93
 20
613.15
 10
296.78
 20
613.15
  0
LWPOLYLINE
  5
7DF
330
17
100
AcDbEntity
  8
POLYLINES
100
AcDbPolyline
 90
9
 70
0
 10
302.68
 20
613.15
 10
301.39
 20
614.45
 10
301.39
 20
619.2
 10
302.68
 20
620.35
 10
303.98
 20
620.35
 10
304.99
 20
619.2
 10
304.99
 20
614.45
 10
303.98
 20
613.15
 10
302.68
 20
613.15
  0
LWPOLYLINE
  5
7E0
330
17
100
AcDbEntity
  8
POLYLINES
100
AcDbPolyline
 90
9
 70
0
 10
308.59
 20
613.15
 10
307.29
 20
614.45
 10
307.29
 20
619.2
 10
308.59
 20
620.35
 10
309.74
 20
620.35
 10
310.89
 20
619.2
 10
310.89
 20
614.45
 10
309.74
 20
613.15
 10
308.59
 20
613.15
  0
LWPOLYLINE
  5
7E1
330
17
100
AcDbEntity
  8
POLYLINES
100
AcDbPolyline
 90
4
 70
0
 10
351.79
 20
612.72
 10
351.79
 20
610.42
 10
358.7
 20
611.42
 10
351.79
 20
612.72
  0
LWPOLYLINE
  5
7E2
330
17
100
AcDbEntity
  8
POLYLINES
100
AcDbPolyline
 90
4
 70
0
 10
351.79
 20
612.72
 10
351.79
 20
610.42
 10
358.7
 20
611.42
 10
351.79
 20
612.72
  0
LWPOLYLINE
  5
7E3
330
17
100
AcDbEntity
  8
POLYLINES
100
AcDbPolyline
 90
4
 70
0
 10
343.15
 20
612.72
 10
336.09
 20
611.42
 10
343.15
 20
610.42
 10
343.15
 20
612.72
  0
LWPOLYLINE
  5
7E4
330
17
100
AcDbEntity
  8
POLYLINES
100
AcDbPolyline
 90
4
 70
0
 10
343.15
 20
612.72
 10
336.09
 20
611.42
 10
343.15
 20
610.42
 10
343.15
 20
612.72
  0
LWPOLYLINE
  5
7E5
330
17
100
AcDbEntity
  8
POLYLINES
100
AcDbPolyline
 90
12
 70
0
 10
340.41
 20
613.15
 10
339.26
 20
614.45
 10
339.26
 20
615.74
 10
340.41
 20
616.75
 10
342.86
 20
616.75
 10
343.87
 20
618.05
 10
343.87
 20
619.2
 10
342.86
 20
620.35
 10
340.41
 20
620.35
 10
339.26
 20
619.2
 10
339.26
 20
618.05
 10
340.41
 20
616.75
  0
LWPOLYLINE
  5
7E6
330
17
100
AcDbEntity
  8
POLYLINES
100
AcDbPolyline
 90
5
 70
0
 10
342.86
 20
616.75
 10
343.87
 20
615.74
 10
343.87
 20
614.45
 10
342.86
 20
613.15
 10
340.41
 20
613.15
  0
LWPOLYLINE
  5
7E7
330
17
100
AcDbEntity
  8
POLYLINES
100
AcDbPolyline
 90
9
 70
0
 10
347.47
 20
613.15
 10
346.46
 20
614.45
 10
346.46
 20
619.2
 10
347.47
 20
620.35
 10
348.76
 20
620.35
 10
349.77
 20
619.2
 10
349.77
 20
614.45
 10
348.76
 20
613.15
 10
347.47
 20
613.15
  0
LWPOLYLINE
  5
7E8
330
17
100
AcDbEntity
  8
POLYLINES
100
AcDbPolyline
 90
9
 70
0
 10
353.37
 20
613.15
 10
352.22
 20
614.45
 10
352.22
 20
619.2
 10
353.37
 20
620.35
 10
354.52
 20
620.35
 10
355.82
 20
619.2
 10
355.82
 20
614.45
 10
354.52
 20
613.15
 10
353.37
 20
613.15
  0
LWPOLYLINE
  5
7E9
330
17
100
AcDbEntity
  8
POLYLINES
100
AcDbPolyline
 90
4
 70
0
 10
208.51
 20
763.78
 10
210.81
 20
763.78
 10
209.66
 20
770.83
 10
208.51
 20
763.78
  0
LWPOLYLINE
  5
7EA
330
17
100
AcDbEntity
  8
POLYLINES
100
AcDbPolyline
 90
4
 70
0
 10
208.51
 20
763.78
 10
210.81
 20
763.78
 10
209.66
 20
770.83
 10
208.51
 20
763.78
  0
LWPOLYLINE
  5
7EB
330
17
100
AcDbEntity
  8
POLYLINES
100
AcDbPolyline
 90
4
 70
0
 10
208.51
 20
749.66
 10
209.66
 20
742.61
 10
210.81
 20
749.66
 10
208.51
 20
749.66
  0
LWPOLYLINE
  5
7EC
330
17
100
AcDbEntity
  8
POLYLINES
100
AcDbPolyline
 90
4
 70
0
 10
208.51
 20
749.66
 10
209.66
 20
742.61
 10
210.81
 20
749.66
 10
208.51
 20
749.66
  0
LWPOLYLINE
  5
7ED
330
17
100
AcDbEntity
  8
POLYLINES
100
AcDbPolyline
 90
3
 70
0
 10
202.03
 20
746.64
 10
200.87
 20
747.94
 10
207.93
 20
747.94
  0
LWPOLYLINE
  5
7EE
330
17
100
AcDbEntity
  8
POLYLINES
100
AcDbPolyline
 90
9
 70
0
 10
207.93
 20
752.54
 10
206.63
 20
751.54
 10
202.03
 20
751.54
 10
200.87
 20
752.54
 10
200.87
 20
753.84
 10
202.03
 20
754.99
 10
206.63
 20
754.99
 10
207.93
 20
753.84
 10
207.93
 20
752.54
  0
LWPOLYLINE
  5
7EF
330
17
100
AcDbEntity
  8
POLYLINES
100
AcDbPolyline
 90
9
 70
0
 10
207.93
 20
758.59
 10
206.63
 20
757.44
 10
202.03
 20
757.44
 10
200.87
 20
758.59
 10
200.87
 20
759.74
 10
202.03
 20
760.9
 10
206.63
 20
760.9
 10
207.93
 20
759.74
 10
207.93
 20
758.59
  0
LWPOLYLINE
  5
7F0
330
17
100
AcDbEntity
  8
POLYLINES
100
AcDbPolyline
 90
9
 70
0
 10
207.93
 20
764.5
 10
206.63
 20
763.2
 10
202.03
 20
763.2
 10
200.87
 20
764.5
 10
200.87
 20
765.5
 10
202.03
 20
766.8
 10
206.63
 20
766.8
 10
207.93
 20
765.5
 10
207.93
 20
764.5
  0
LWPOLYLINE
  5
7F1
330
17
100
AcDbEntity
  8
POLYLINES
100
AcDbPolyline
 90
4
 70
0
 10
208.51
 20
735.55
 10
210.81
 20
735.55
 10
209.66
 20
742.61
 10
208.51
 20
735.55
  0
LWPOLYLINE
  5
7F2
330
17
100
AcDbEntity
  8
POLYLINES
100
AcDbPolyline
 90
4
 70
0
 10
208.51
 20
735.55
 10
210.81
 20
735.55
 10
209.66
 20
742.61
 10
208.51
 20
735.55
  0
LWPOLYLINE
  5
7F3
330
17
100
AcDbEntity
  8
POLYLINES
100
AcDbPolyline
 90
4
 70
0
 10
208.51
 20
693.22
 10
209.66
 20
686.02
 10
210.81
 20
693.22
 10
208.51
 20
693.22
  0
LWPOLYLINE
  5
7F4
330
17
100
AcDbEntity
  8
POLYLINES
100
AcDbPolyline
 90
4
 70
0
 10
208.51
 20
693.22
 10
209.66
 20
686.02
 10
210.81
 20
693.22
 10
208.51
 20
693.22
  0
LWPOLYLINE
  5
7F5
330
17
100
AcDbEntity
  8
POLYLINES
100
AcDbPolyline
 90
10
 70
0
 10
202.03
 20
703.15
 10
200.87
 20
704.45
 10
200.87
 20
706.75
 10
202.03
 20
707.9
 10
203.18
 20
707.9
 10
204.33
 20
706.75
 10
204.33
 20
704.45
 10
205.63
 20
703.15
 10
207.93
 20
703.15
 10
207.93
 20
707.9
  0
LWPOLYLINE
  5
7F6
330
17
100
AcDbEntity
  8
POLYLINES
100
AcDbPolyline
 90
9
 70
0
 10
207.93
 20
711.5
 10
206.63
 20
710.21
 10
202.03
 20
710.21
 10
200.87
 20
711.5
 10
200.87
 20
712.51
 10
202.03
 20
713.81
 10
206.63
 20
713.81
 10
207.93
 20
712.51
 10
207.93
 20
711.5
  0
LWPOLYLINE
  5
7F7
330
17
100
AcDbEntity
  8
POLYLINES
100
AcDbPolyline
 90
9
 70
0
 10
207.93
 20
717.41
 10
206.63
 20
716.11
 10
202.03
 20
716.11
 10
200.87
 20
717.41
 10
200.87
 20
718.42
 10
202.03
 20
719.71
 10
206.63
 20
719.71
 10
207.93
 20
718.42
 10
207.93
 20
717.41
  0
LWPOLYLINE
  5
7F8
330
17
100
AcDbEntity
  8
POLYLINES
100
AcDbPolyline
 90
9
 70
0
 10
207.93
 20
723.17
 10
206.63
 20
722.02
 10
202.03
 20
722.02
 10
200.87
 20
723.17
 10
200.87
 20
724.32
 10
202.03
 20
725.62
 10
206.63
 20
725.62
 10
207.93
 20
724.32
 10
207.93
 20
723.17
  0
LWPOLYLINE
  5
7F9
330
17
100
AcDbEntity
  8
POLYLINES
100
AcDbPolyline
 90
4
 70
0
 10
208.51
 20
187.2
 10
210.81
 20
187.2
 10
209.66
 20
194.4
 10
208.51
 20
187.2
  0
LWPOLYLINE
  5
7FA
330
17
100
AcDbEntity
  8
POLYLINES
100
AcDbPolyline
 90
4
 70
0
 10
208.51
 20
187.2
 10
210.81
 20
187.2
 10
209.66
 20
194.4
 10
208.51
 20
187.2
  0
LWPOLYLINE
  5
7FB
330
17
100
AcDbEntity
  8
POLYLINES
100
AcDbPolyline
 90
4
 70
0
 10
208.51
 20
147.6
 10
209.66
 20
140.54
 10
210.81
 20
147.6
 10
208.51
 20
147.6
  0
LWPOLYLINE
  5
7FC
330
17
100
AcDbEntity
  8
POLYLINES
100
AcDbPolyline
 90
4
 70
0
 10
208.51
 20
147.6
 10
209.66
 20
140.54
 10
210.81
 20
147.6
 10
208.51
 20
147.6
  0
LWPOLYLINE
  5
7FD
330
17
100
AcDbEntity
  8
POLYLINES
100
AcDbPolyline
 90
3
 70
0
 10
202.03
 20
156.82
 10
200.87
 20
157.97
 10
207.93
 20
157.97
  0
LWPOLYLINE
  5
7FE
330
17
100
AcDbEntity
  8
POLYLINES
100
AcDbPolyline
 90
10
 70
0
 10
207.93
 20
162.72
 10
207.93
 20
164.02
 10
205.48
 20
166.32
 10
202.03
 20
166.32
 10
200.87
 20
165.02
 10
200.87
 20
162.72
 10
202.03
 20
161.42
 10
203.18
 20
161.42
 10
204.33
 20
162.72
 10
204.33
 20
166.32
  0
LWPOLYLINE
  5
7FF
330
17
100
AcDbEntity
  8
POLYLINES
100
AcDbPolyline
 90
9
 70
0
 10
207.93
 20
169.78
 10
206.63
 20
168.62
 10
202.03
 20
168.62
 10
200.87
 20
169.78
 10
200.87
 20
170.93
 10
202.03
 20
172.08
 10
206.63
 20
172.08
 10
207.93
 20
170.93
 10
207.93
 20
169.78
  0
LWPOLYLINE
  5
800
330
17
100
AcDbEntity
  8
POLYLINES
100
AcDbPolyline
 90
9
 70
0
 10
207.93
 20
175.68
 10
206.63
 20
174.38
 10
202.03
 20
174.38
 10
200.87
 20
175.68
 10
200.87
 20
176.69
 10
202.03
 20
177.98
 10
206.63
 20
177.98
 10
207.93
 20
176.69
 10
207.93
 20
175.68
  0
LWPOLYLINE
  5
801
330
17
100
AcDbEntity
  8
POLYLINES
100
AcDbPolyline
 90
4
 70
0
 10
215.85
 20
693.5
 10
215.85
 20
691.2
 10
223.05
 20
692.35
 10
215.85
 20
693.5
  0
LWPOLYLINE
  5
802
330
17
100
AcDbEntity
  8
POLYLINES
100
AcDbPolyline
 90
4
 70
0
 10
215.85
 20
693.5
 10
215.85
 20
691.2
 10
223.05
 20
692.35
 10
215.85
 20
693.5
  0
LWPOLYLINE
  5
803
330
17
100
AcDbEntity
  8
POLYLINES
100
AcDbPolyline
 90
4
 70
0
 10
179.13
 20
693.5
 10
172.07
 20
692.35
 10
179.13
 20
691.2
 10
179.13
 20
693.5
  0
LWPOLYLINE
  5
804
330
17
100
AcDbEntity
  8
POLYLINES
100
AcDbPolyline
 90
4
 70
0
 10
179.13
 20
693.5
 10
172.07
 20
692.35
 10
179.13
 20
691.2
 10
179.13
 20
693.5
  0
LWPOLYLINE
  5
805
330
17
100
AcDbEntity
  8
POLYLINES
100
AcDbPolyline
 90
3
 70
0
 10
186.91
 20
699.98
 10
188.06
 20
701.14
 10
188.06
 20
694.08
  0
LWPOLYLINE
  5
806
330
17
100
AcDbEntity
  8
POLYLINES
100
AcDbPolyline
 90
12
 70
0
 10
192.81
 20
694.08
 10
191.51
 20
695.38
 10
191.51
 20
696.38
 10
192.81
 20
697.68
 10
195.11
 20
697.68
 10
196.41
 20
698.83
 10
196.41
 20
699.98
 10
195.11
 20
701.14
 10
192.81
 20
701.14
 10
191.51
 20
699.98
 10
191.51
 20
698.83
 10
192.81
 20
697.68
  0
LWPOLYLINE
  5
807
330
17
100
AcDbEntity
  8
POLYLINES
100
AcDbPolyline
 90
5
 70
0
 10
195.11
 20
697.68
 10
196.41
 20
696.38
 10
196.41
 20
695.38
 10
195.11
 20
694.08
 10
192.81
 20
694.08
  0
LWPOLYLINE
  5
808
330
17
100
AcDbEntity
  8
POLYLINES
100
AcDbPolyline
 90
9
 70
0
 10
199.87
 20
694.08
 10
198.71
 20
695.38
 10
198.71
 20
699.98
 10
199.87
 20
701.14
 10
201.02
 20
701.14
 10
202.17
 20
699.98
 10
202.17
 20
695.38
 10
201.02
 20
694.08
 10
199.87
 20
694.08
  0
LWPOLYLINE
  5
809
330
17
100
AcDbEntity
  8
POLYLINES
100
AcDbPolyline
 90
9
 70
0
 10
205.77
 20
694.08
 10
204.47
 20
695.38
 10
204.47
 20
699.98
 10
205.77
 20
701.14
 10
206.78
 20
701.14
 10
208.07
 20
699.98
 10
208.07
 20
695.38
 10
206.78
 20
694.08
 10
205.77
 20
694.08
  0
LWPOLYLINE
  5
80A
330
17
100
AcDbEntity
  8
POLYLINES
100
AcDbPolyline
 90
4
 70
0
 10
515.51
 20
703.44
 10
515.51
 20
701.14
 10
522.57
 20
702.43
 10
515.51
 20
703.44
  0
LWPOLYLINE
  5
80B
330
17
100
AcDbEntity
  8
POLYLINES
100
AcDbPolyline
 90
4
 70
0
 10
515.51
 20
703.44
 10
515.51
 20
701.14
 10
522.57
 20
702.43
 10
515.51
 20
703.44
  0
LWPOLYLINE
  5
80C
330
17
100
AcDbEntity
  8
POLYLINES
100
AcDbPolyline
 90
4
 70
0
 10
478.79
 20
703.44
 10
471.74
 20
702.43
 10
478.79
 20
701.14
 10
478.79
 20
703.44
  0
LWPOLYLINE
  5
80D
330
17
100
AcDbEntity
  8
POLYLINES
100
AcDbPolyline
 90
4
 70
0
 10
478.79
 20
703.44
 10
471.74
 20
702.43
 10
478.79
 20
701.14
 10
478.79
 20
703.44
  0
LWPOLYLINE
  5
80E
330
17
100
AcDbEntity
  8
POLYLINES
100
AcDbPolyline
 90
3
 70
0
 10
486.43
 20
710.06
 10
487.72
 20
711.22
 10
487.72
 20
704.16
  0
LWPOLYLINE
  5
80F
330
17
100
AcDbEntity
  8
POLYLINES
100
AcDbPolyline
 90
12
 70
0
 10
492.33
 20
704.16
 10
491.32
 20
705.31
 10
491.32
 20
706.46
 10
492.33
 20
707.62
 10
494.78
 20
707.62
 10
495.93
 20
708.77
 10
495.93
 20
710.06
 10
494.78
 20
711.22
 10
492.33
 20
711.22
 10
491.32
 20
710.06
 10
491.32
 20
708.77
 10
492.33
 20
707.62
  0
LWPOLYLINE
  5
810
330
17
100
AcDbEntity
  8
POLYLINES
100
AcDbPolyline
 90
5
 70
0
 10
494.78
 20
707.62
 10
495.93
 20
706.46
 10
495.93
 20
705.31
 10
494.78
 20
704.16
 10
492.33
 20
704.16
  0
LWPOLYLINE
  5
811
330
17
100
AcDbEntity
  8
POLYLINES
100
AcDbPolyline
 90
9
 70
0
 10
499.53
 20
704.16
 10
498.23
 20
705.31
 10
498.23
 20
710.06
 10
499.53
 20
711.22
 10
500.68
 20
711.22
 10
501.83
 20
710.06
 10
501.83
 20
705.31
 10
500.68
 20
704.16
 10
499.53
 20
704.16
  0
LWPOLYLINE
  5
812
330
17
100
AcDbEntity
  8
POLYLINES
100
AcDbPolyline
 90
9
 70
0
 10
505.29
 20
704.16
 10
504.28
 20
705.31
 10
504.28
 20
710.06
 10
505.29
 20
711.22
 10
506.59
 20
711.22
 10
507.59
 20
710.06
 10
507.59
 20
705.31
 10
506.59
 20
704.16
 10
505.29
 20
704.16
  0
LWPOLYLINE
  5
813
330
17
100
AcDbEntity
  8
POLYLINES
100
AcDbPolyline
 90
23
 70
0
 10
463.39
 20
205.78
 10
463.24
 20
204.62
 10
462.81
 20
203.9
 10
462.38
 20
203.47
 10
462.09
 20
203.47
 10
461.51
 20
203.9
 10
461.23
 20
204.62
 10
461.08
 20
205.78
 10
461.08
 20
206.06
 10
461.23
 20
207.22
 10
461.51
 20
207.94
 10
462.09
 20
208.37
 10
462.38
 20
208.37
 10
462.81
 20
207.94
 10
463.24
 20
207.22
 10
463.39
 20
205.78
 10
463.39
 20
203.9
 10
463.24
 20
202.03
 10
462.81
 20
200.88
 10
462.38
 20
200.59
 10
461.95
 20
200.59
 10
461.37
 20
200.88
 10
461.23
 20
201.6
  0
LWPOLYLINE
  5
814
330
17
100
AcDbEntity
  8
POLYLINES
100
AcDbPolyline
 90
29
 70
0
 10
465.69
 20
208.37
 10
465.11
 20
207.94
 10
464.83
 20
207.22
 10
464.83
 20
206.5
 10
465.11
 20
205.78
 10
465.4
 20
205.34
 10
466.12
 20
205.06
 10
466.7
 20
204.62
 10
467.13
 20
203.9
 10
467.27
 20
203.18
 10
467.27
 20
202.03
 10
467.13
 20
201.31
 10
466.99
 20
200.88
 10
466.41
 20
200.59
 10
465.69
 20
200.59
 10
465.11
 20
200.88
 10
464.83
 20
201.31
 10
464.68
 20
202.03
 10
464.68
 20
203.18
 10
464.83
 20
203.9
 10
465.26
 20
204.62
 10
465.83
 20
205.06
 10
466.55
 20
205.34
 10
466.99
 20
205.78
 10
467.13
 20
206.5
 10
467.13
 20
207.22
 10
466.99
 20
207.94
 10
466.41
 20
208.37
 10
465.69
 20
208.37
  0
LWPOLYLINE
  5
815
330
17
100
AcDbEntity
  8
POLYLINES
100
AcDbPolyline
 90
11
 70
0
 10
468.43
 20
200.59
 10
468.43
 20
208.37
 10
470.01
 20
208.37
 10
470.59
 20
207.94
 10
470.73
 20
207.5
 10
471.02
 20
206.78
 10
471.02
 20
205.78
 10
470.73
 20
205.06
 10
470.59
 20
204.62
 10
470.01
 20
204.19
 10
468.43
 20
204.19
  0
LWPOLYLINE
  5
816
330
17
100
AcDbEntity
  8
POLYLINES
100
AcDbPolyline
 90
29
 70
0
 10
220.31
 20
250.99
 10
219.59
 20
250.56
 10
219.31
 20
249.84
 10
219.31
 20
249.12
 10
219.59
 20
248.4
 10
220.17
 20
247.97
 10
221.18
 20
247.68
 10
221.9
 20
247.25
 10
222.47
 20
246.53
 10
222.76
 20
245.81
 10
222.76
 20
244.66
 10
222.47
 20
243.94
 10
222.19
 20
243.65
 10
221.47
 20
243.22
 10
220.31
 20
243.22
 10
219.59
 20
243.65
 10
219.31
 20
243.94
 10
219.02
 20
244.66
 10
219.02
 20
245.81
 10
219.31
 20
246.53
 10
219.88
 20
247.25
 10
220.6
 20
247.68
 10
221.61
 20
247.97
 10
222.19
 20
248.4
 10
222.47
 20
249.12
 10
222.47
 20
249.84
 10
222.19
 20
250.56
 10
221.47
 20
250.99
 10
220.31
 20
250.99
  0
LWPOLYLINE
  5
817
330
17
100
AcDbEntity
  8
POLYLINES
100
AcDbPolyline
 90
23
 70
0
 10
227.37
 20
249.84
 10
227.08
 20
250.56
 10
226.36
 20
250.99
 10
225.79
 20
250.99
 10
225.07
 20
250.56
 10
224.49
 20
249.55
 10
224.2
 20
247.68
 10
224.2
 20
245.81
 10
224.49
 20
244.37
 10
225.07
 20
243.65
 10
225.79
 20
243.22
 10
226.07
 20
243.22
 10
226.79
 20
243.65
 10
227.37
 20
244.37
 10
227.66
 20
245.38
 10
227.66
 20
245.81
 10
227.37
 20
246.96
 10
226.79
 20
247.68
 10
226.07
 20
247.97
 10
225.79
 20
247.97
 10
225.07
 20
247.68
 10
224.49
 20
246.96
 10
224.2
 20
245.81
  0
LWPOLYLINE
  5
818
330
17
100
AcDbEntity
  8
POLYLINES
100
AcDbPolyline
 90
4
 70
0
 10
237.16
 20
249.55
 10
237.74
 20
249.84
 10
238.46
 20
250.99
 10
238.46
 20
243.22
  0
LWPOLYLINE
  5
819
330
17
100
AcDbEntity
  8
POLYLINES
100
AcDbPolyline
 90
11
 70
0
 10
241.34
 20
243.22
 10
241.34
 20
250.99
 10
243.64
 20
250.99
 10
244.36
 20
250.56
 10
244.65
 20
250.27
 10
244.94
 20
249.55
 10
244.94
 20
248.4
 10
244.65
 20
247.68
 10
244.36
 20
247.25
 10
243.64
 20
246.96
 10
241.34
 20
246.96
  0
LWPOLYLINE
  5
81A
330
17
100
AcDbEntity
  8
POLYLINES
100
AcDbPolyline
 90
29
 70
0
 10
236.73
 20
250.99
 10
236.01
 20
250.56
 10
235.72
 20
249.84
 10
235.72
 20
249.12
 10
236.01
 20
248.4
 10
236.44
 20
247.97
 10
237.45
 20
247.68
 10
238.31
 20
247.25
 10
238.75
 20
246.53
 10
239.03
 20
245.81
 10
239.03
 20
244.66
 10
238.75
 20
243.94
 10
238.6
 20
243.65
 10
237.74
 20
243.22
 10
236.73
 20
243.22
 10
236.01
 20
243.65
 10
235.72
 20
243.94
 10
235.43
 20
244.66
 10
235.43
 20
245.81
 10
235.72
 20
246.53
 10
236.3
 20
247.25
 10
237.02
 20
247.68
 10
238.03
 20
247.97
 10
238.6
 20
248.4
 10
238.75
 20
249.12
 10
238.75
 20
249.84
 10
238.6
 20
250.56
 10
237.74
 20
250.99
 10
236.73
 20
250.99
  0
LWPOLYLINE
  5
81B
330
17
100
AcDbEntity
  8
POLYLINES
100
AcDbPolyline
 90
23
 70
0
 10
243.79
 20
249.84
 10
243.5
 20
250.56
 10
242.63
 20
250.99
 10
242.2
 20
250.99
 10
241.34
 20
250.56
 10
240.91
 20
249.55
 10
240.62
 20
247.68
 10
240.62
 20
245.81
 10
240.91
 20
244.37
 10
241.34
 20
243.65
 10
242.2
 20
243.22
 10
242.49
 20
243.22
 10
243.21
 20
243.65
 10
243.79
 20
244.37
 10
243.93
 20
245.38
 10
243.93
 20
245.81
 10
243.79
 20
246.96
 10
243.21
 20
247.68
 10
242.49
 20
247.97
 10
242.2
 20
247.97
 10
241.34
 20
247.68
 10
240.91
 20
246.96
 10
240.62
 20
245.81
  0
LWPOLYLINE
  5
81C
330
17
100
AcDbEntity
  8
POLYLINES
100
AcDbPolyline
 90
14
 70
0
 10
252.71
 20
249.12
 10
252.71
 20
249.55
 10
253.0
 20
250.27
 10
253.29
 20
250.56
 10
253.87
 20
250.99
 10
254.87
 20
250.99
 10
255.31
 20
250.56
 10
255.59
 20
250.27
 10
255.88
 20
249.55
 10
255.88
 20
248.83
 10
255.59
 20
247.97
 10
255.16
 20
246.96
 10
252.57
 20
243.22
 10
256.17
 20
243.22
  0
LWPOLYLINE
  5
81D
330
17
100
AcDbEntity
  8
POLYLINES
100
AcDbPolyline
 90
11
 70
0
 10
257.61
 20
243.22
 10
257.61
 20
250.99
 10
260.06
 20
250.99
 10
260.78
 20
250.56
 10
261.07
 20
250.27
 10
261.35
 20
249.55
 10
261.35
 20
248.4
 10
261.07
 20
247.68
 10
260.78
 20
247.25
 10
260.06
 20
246.96
 10
257.61
 20
246.96
  0
LWPOLYLINE
  5
81E
330
17
100
AcDbEntity
  8
POLYLINES
100
AcDbPolyline
 90
29
 70
0
 10
253.58
 20
250.99
 10
252.86
 20
250.56
 10
252.57
 20
249.84
 10
252.57
 20
249.12
 10
252.86
 20
248.4
 10
253.43
 20
247.97
 10
254.44
 20
247.68
 10
255.16
 20
247.25
 10
255.74
 20
246.53
 10
256.03
 20
245.81
 10
256.03
 20
244.66
 10
255.74
 20
243.94
 10
255.45
 20
243.65
 10
254.73
 20
243.22
 10
253.58
 20
243.22
 10
252.86
 20
243.65
 10
252.57
 20
243.94
 10
252.28
 20
244.66
 10
252.28
 20
245.81
 10
252.57
 20
246.53
 10
253.15
 20
247.25
 10
253.87
 20
247.68
 10
254.87
 20
247.97
 10
255.45
 20
248.4
 10
255.74
 20
249.12
 10
255.74
 20
249.84
 10
255.45
 20
250.56
 10
254.73
 20
250.99
 10
253.58
 20
250.99
  0
LWPOLYLINE
  5
81F
330
17
100
AcDbEntity
  8
POLYLINES
100
AcDbPolyline
 90
23
 70
0
 10
260.63
 20
249.84
 10
260.35
 20
250.56
 10
259.63
 20
250.99
 10
259.05
 20
250.99
 10
258.33
 20
250.56
 10
257.75
 20
249.55
 10
257.47
 20
247.68
 10
257.47
 20
245.81
 10
257.75
 20
244.37
 10
258.33
 20
243.65
 10
259.05
 20
243.22
 10
259.34
 20
243.22
 10
260.06
 20
243.65
 10
260.63
 20
244.37
 10
260.92
 20
245.38
 10
260.92
 20
245.81
 10
260.63
 20
246.96
 10
260.06
 20
247.68
 10
259.34
 20
247.97
 10
259.05
 20
247.97
 10
258.33
 20
247.68
 10
257.75
 20
246.96
 10
257.47
 20
245.81
  0
LWPOLYLINE
  5
820
330
17
100
AcDbEntity
  8
POLYLINES
100
AcDbPolyline
 90
15
 70
0
 10
269.85
 20
250.99
 10
272.73
 20
250.99
 10
271.15
 20
247.97
 10
272.01
 20
247.97
 10
272.44
 20
247.68
 10
272.73
 20
247.25
 10
273.02
 20
246.24
 10
273.02
 20
245.38
 10
272.73
 20
244.37
 10
272.3
 20
243.65
 10
271.43
 20
243.22
 10
270.71
 20
243.22
 10
269.85
 20
243.65
 10
269.71
 20
243.94
 10
269.42
 20
244.66
  0
LWPOLYLINE
  5
821
330
17
100
AcDbEntity
  8
POLYLINES
100
AcDbPolyline
 90
11
 70
0
 10
274.6
 20
243.22
 10
274.6
 20
250.99
 10
276.91
 20
250.99
 10
277.63
 20
250.56
 10
277.91
 20
250.27
 10
278.2
 20
249.55
 10
278.2
 20
248.4
 10
277.91
 20
247.68
 10
277.63
 20
247.25
 10
276.91
 20
246.96
 10
274.6
 20
246.96
  0
LWPOLYLINE
  5
822
330
17
100
AcDbEntity
  8
POLYLINES
100
AcDbPolyline
 90
29
 70
0
 10
278.35
 20
250.99
 10
277.63
 20
250.56
 10
277.34
 20
249.84
 10
277.34
 20
249.12
 10
277.63
 20
248.4
 10
278.2
 20
247.97
 10
279.21
 20
247.68
 10
279.93
 20
247.25
 10
280.51
 20
246.53
 10
280.79
 20
245.81
 10
280.79
 20
244.66
 10
280.51
 20
243.94
 10
280.22
 20
243.65
 10
279.5
 20
243.22
 10
278.35
 20
243.22
 10
277.63
 20
243.65
 10
277.34
 20
243.94
 10
277.05
 20
244.66
 10
277.05
 20
245.81
 10
277.34
 20
246.53
 10
277.91
 20
247.25
 10
278.63
 20
247.68
 10
279.64
 20
247.97
 10
280.22
 20
248.4
 10
280.51
 20
249.12
 10
280.51
 20
249.84
 10
280.22
 20
250.56
 10
279.5
 20
250.99
 10
278.35
 20
250.99
  0
LWPOLYLINE
  5
823
330
17
100
AcDbEntity
  8
POLYLINES
100
AcDbPolyline
 90
3
 70
0
 10
282.23
 20
250.99
 10
285.98
 20
250.99
 10
283.39
 20
243.22
  0
LWPOLYLINE
  5
824
330
17
100
AcDbEntity
  8
POLYLINES
100
AcDbPolyline
 90
11
 70
0
 10
287.42
 20
243.22
 10
287.42
 20
250.99
 10
289.72
 20
250.99
 10
290.59
 20
250.56
 10
290.87
 20
250.27
 10
291.02
 20
249.55
 10
291.02
 20
248.4
 10
290.87
 20
247.68
 10
290.59
 20
247.25
 10
289.72
 20
246.96
 10
287.42
 20
246.96
  0
LWPOLYLINE
  5
825
330
17
100
AcDbEntity
  8
POLYLINES
100
AcDbPolyline
 90
29
 70
0
 10
300.95
 20
250.99
 10
300.23
 20
250.56
 10
299.95
 20
249.84
 10
299.95
 20
249.12
 10
300.23
 20
248.4
 10
300.67
 20
247.97
 10
301.82
 20
247.68
 10
302.54
 20
247.25
 10
303.11
 20
246.53
 10
303.26
 20
245.81
 10
303.26
 20
244.66
 10
303.11
 20
243.94
 10
302.83
 20
243.65
 10
301.96
 20
243.22
 10
300.95
 20
243.22
 10
300.23
 20
243.65
 10
299.95
 20
243.94
 10
299.66
 20
244.66
 10
299.66
 20
245.81
 10
299.95
 20
246.53
 10
300.52
 20
247.25
 10
301.24
 20
247.68
 10
302.25
 20
247.97
 10
302.83
 20
248.4
 10
303.11
 20
249.12
 10
303.11
 20
249.84
 10
302.83
 20
250.56
 10
301.96
 20
250.99
 10
300.95
 20
250.99
  0
LWPOLYLINE
  5
826
330
17
100
AcDbEntity
  8
POLYLINES
100
AcDbPolyline
 90
29
 70
0
 10
306.14
 20
250.99
 10
305.42
 20
250.56
 10
305.13
 20
249.84
 10
305.13
 20
249.12
 10
305.42
 20
248.4
 10
305.85
 20
247.97
 10
307.0
 20
247.68
 10
307.72
 20
247.25
 10
308.3
 20
246.53
 10
308.44
 20
245.81
 10
308.44
 20
244.66
 10
308.3
 20
243.94
 10
308.01
 20
243.65
 10
307.15
 20
243.22
 10
306.14
 20
243.22
 10
305.42
 20
243.65
 10
305.13
 20
243.94
 10
304.84
 20
244.66
 10
304.84
 20
245.81
 10
305.13
 20
246.53
 10
305.71
 20
247.25
 10
306.43
 20
247.68
 10
307.43
 20
247.97
 10
308.01
 20
248.4
 10
308.3
 20
249.12
 10
308.3
 20
249.84
 10
308.01
 20
250.56
 10
307.15
 20
250.99
 10
306.14
 20
250.99
  0
LWPOLYLINE
  5
827
330
17
100
AcDbEntity
  8
POLYLINES
100
AcDbPolyline
 90
11
 70
0
 10
310.03
 20
243.22
 10
310.03
 20
250.99
 10
312.33
 20
250.99
 10
313.19
 20
250.56
 10
313.34
 20
250.27
 10
313.63
 20
249.55
 10
313.63
 20
248.4
 10
313.34
 20
247.68
 10
313.19
 20
247.25
 10
312.33
 20
246.96
 10
310.03
 20
246.96
  0
LWPOLYLINE
  5
828
330
17
100
AcDbEntity
  8
POLYLINES
100
AcDbPolyline
 90
29
 70
0
 10
321.69
 20
250.99
 10
320.83
 20
250.56
 10
320.54
 20
249.84
 10
320.54
 20
249.12
 10
320.83
 20
248.4
 10
321.4
 20
247.97
 10
322.41
 20
247.68
 10
323.13
 20
247.25
 10
323.71
 20
246.53
 10
323.99
 20
245.81
 10
323.99
 20
244.66
 10
323.71
 20
243.94
 10
323.42
 20
243.65
 10
322.7
 20
243.22
 10
321.69
 20
243.22
 10
320.83
 20
243.65
 10
320.54
 20
243.94
 10
320.39
 20
244.66
 10
320.39
 20
245.81
 10
320.54
 20
246.53
 10
321.11
 20
247.25
 10
321.83
 20
247.68
 10
322.99
 20
247.97
 10
323.42
 20
248.4
 10
323.71
 20
249.12
 10
323.71
 20
249.84
 10
323.42
 20
250.56
 10
322.7
 20
250.99
 10
321.69
 20
250.99
  0
LWPOLYLINE
  5
829
330
17
100
AcDbEntity
  8
POLYLINES
100
AcDbPolyline
 90
23
 70
0
 10
328.89
 20
248.4
 10
328.6
 20
247.25
 10
328.03
 20
246.53
 10
327.31
 20
246.24
 10
327.02
 20
246.24
 10
326.3
 20
246.53
 10
325.72
 20
247.25
 10
325.43
 20
248.4
 10
325.43
 20
248.83
 10
325.72
 20
249.84
 10
326.3
 20
250.56
 10
327.02
 20
250.99
 10
327.31
 20
250.99
 10
328.03
 20
250.56
 10
328.6
 20
249.84
 10
328.89
 20
248.4
 10
328.89
 20
246.53
 10
328.6
 20
244.66
 10
328.03
 20
243.65
 10
327.31
 20
243.22
 10
326.73
 20
243.22
 10
326.01
 20
243.65
 10
325.72
 20
244.37
  0
LWPOLYLINE
  5
82A
330
17
100
AcDbEntity
  8
POLYLINES
100
AcDbPolyline
 90
11
 70
0
 10
330.62
 20
243.22
 10
330.62
 20
250.99
 10
333.07
 20
250.99
 10
333.79
 20
250.56
 10
334.07
 20
250.27
 10
334.22
 20
249.55
 10
334.22
 20
248.4
 10
334.07
 20
247.68
 10
333.79
 20
247.25
 10
333.07
 20
246.96
 10
330.62
 20
246.96
  0
LWPOLYLINE
  5
82B
330
17
100
AcDbEntity
  8
POLYLINES
100
AcDbPolyline
 90
23
 70
0
 10
340.55
 20
248.4
 10
340.27
 20
247.25
 10
339.83
 20
246.53
 10
338.97
 20
246.24
 10
338.83
 20
246.24
 10
337.96
 20
246.53
 10
337.53
 20
247.25
 10
337.24
 20
248.4
 10
337.24
 20
248.83
 10
337.53
 20
249.84
 10
337.96
 20
250.56
 10
338.83
 20
250.99
 10
338.97
 20
250.99
 10
339.83
 20
250.56
 10
340.27
 20
249.84
 10
340.55
 20
248.4
 10
340.55
 20
246.53
 10
340.27
 20
244.66
 10
339.83
 20
243.65
 10
338.97
 20
243.22
 10
338.54
 20
243.22
 10
337.67
 20
243.65
 10
337.53
 20
244.37
  0
LWPOLYLINE
  5
82C
330
17
100
AcDbEntity
  8
POLYLINES
100
AcDbPolyline
 90
17
 70
0
 10
344.01
 20
250.99
 10
343.15
 20
250.56
 10
342.71
 20
249.55
 10
342.43
 20
247.68
 10
342.43
 20
246.53
 10
342.71
 20
244.66
 10
343.15
 20
243.65
 10
344.01
 20
243.22
 10
344.44
 20
243.22
 10
345.16
 20
243.65
 10
345.74
 20
244.66
 10
346.03
 20
246.53
 10
346.03
 20
247.68
 10
345.74
 20
249.55
 10
345.16
 20
250.56
 10
344.44
 20
250.99
 10
344.01
 20
250.99
  0
LWPOLYLINE
  5
82D
330
17
100
AcDbEntity
  8
POLYLINES
100
AcDbPolyline
 90
11
 70
0
 10
347.61
 20
243.22
 10
347.61
 20
250.99
 10
349.91
 20
250.99
 10
350.63
 20
250.56
 10
350.92
 20
250.27
 10
351.21
 20
249.55
 10
351.21
 20
248.4
 10
350.92
 20
247.68
 10
350.63
 20
247.25
 10
349.91
 20
246.96
 10
347.61
 20
246.96
  0
LWPOLYLINE
  5
82E
330
17
100
AcDbEntity
  8
POLYLINES
100
AcDbPolyline
 90
23
 70
0
 10
357.98
 20
248.4
 10
357.69
 20
247.25
 10
357.26
 20
246.53
 10
356.39
 20
246.24
 10
356.11
 20
246.24
 10
355.39
 20
246.53
 10
354.95
 20
247.25
 10
354.67
 20
248.4
 10
354.67
 20
248.83
 10
354.95
 20
249.84
 10
355.39
 20
250.56
 10
356.11
 20
250.99
 10
356.39
 20
250.99
 10
357.26
 20
250.56
 10
357.69
 20
249.84
 10
357.98
 20
248.4
 10
357.98
 20
246.53
 10
357.69
 20
244.66
 10
357.26
 20
243.65
 10
356.39
 20
243.22
 10
355.96
 20
243.22
 10
355.1
 20
243.65
 10
354.95
 20
244.37
  0
LWPOLYLINE
  5
82F
330
17
100
AcDbEntity
  8
POLYLINES
100
AcDbPolyline
 90
4
 70
0
 10
360.86
 20
249.55
 10
361.29
 20
249.84
 10
362.15
 20
250.99
 10
362.15
 20
243.22
  0
LWPOLYLINE
  5
830
330
17
100
AcDbEntity
  8
POLYLINES
100
AcDbPolyline
 90
11
 70
0
 10
365.03
 20
243.22
 10
365.03
 20
250.99
 10
367.34
 20
250.99
 10
368.06
 20
250.56
 10
368.35
 20
250.27
 10
368.63
 20
249.55
 10
368.63
 20
248.4
 10
368.35
 20
247.68
 10
368.06
 20
247.25
 10
367.34
 20
246.96
 10
365.03
 20
246.96
  0
LWPOLYLINE
  5
831
330
17
100
AcDbEntity
  8
POLYLINES
100
AcDbPolyline
 90
23
 70
0
 10
374.39
 20
248.4
 10
374.11
 20
247.25
 10
373.53
 20
246.53
 10
372.81
 20
246.24
 10
372.52
 20
246.24
 10
371.8
 20
246.53
 10
371.23
 20
247.25
 10
370.94
 20
248.4
 10
370.94
 20
248.83
 10
371.23
 20
249.84
 10
371.8
 20
250.56
 10
372.52
 20
250.99
 10
372.81
 20
250.99
 10
373.53
 20
250.56
 10
374.11
 20
249.84
 10
374.39
 20
248.4
 10
374.39
 20
246.53
 10
374.11
 20
244.66
 10
373.53
 20
243.65
 10
372.81
 20
243.22
 10
372.23
 20
243.22
 10
371.51
 20
243.65
 10
371.23
 20
244.37
  0
LWPOLYLINE
  5
832
330
17
100
AcDbEntity
  8
POLYLINES
100
AcDbPolyline
 90
14
 70
0
 10
376.41
 20
249.12
 10
376.41
 20
249.55
 10
376.7
 20
250.27
 10
376.99
 20
250.56
 10
377.42
 20
250.99
 10
378.43
 20
250.99
 10
379.0
 20
250.56
 10
379.29
 20
250.27
 10
379.58
 20
249.55
 10
379.58
 20
248.83
 10
379.29
 20
247.97
 10
378.71
 20
246.96
 10
376.12
 20
243.22
 10
379.72
 20
243.22
  0
LWPOLYLINE
  5
833
330
17
100
AcDbEntity
  8
POLYLINES
100
AcDbPolyline
 90
11
 70
0
 10
381.31
 20
243.22
 10
381.31
 20
250.99
 10
383.61
 20
250.99
 10
384.47
 20
250.56
 10
384.76
 20
250.27
 10
384.91
 20
249.55
 10
384.91
 20
248.4
 10
384.76
 20
247.68
 10
384.47
 20
247.25
 10
383.61
 20
246.96
 10
381.31
 20
246.96
  0
LWPOLYLINE
  5
834
330
17
100
AcDbEntity
  8
POLYLINES
100
AcDbPolyline
 90
23
 70
0
 10
393.26
 20
248.4
 10
392.97
 20
247.25
 10
392.39
 20
246.53
 10
391.67
 20
246.24
 10
391.39
 20
246.24
 10
390.67
 20
246.53
 10
390.09
 20
247.25
 10
389.8
 20
248.4
 10
389.8
 20
248.83
 10
390.09
 20
249.84
 10
390.67
 20
250.56
 10
391.39
 20
250.99
 10
391.67
 20
250.99
 10
392.39
 20
250.56
 10
392.97
 20
249.84
 10
393.26
 20
248.4
 10
393.26
 20
246.53
 10
392.97
 20
244.66
 10
392.39
 20
243.65
 10
391.67
 20
243.22
 10
391.1
 20
243.22
 10
390.38
 20
243.65
 10
390.09
 20
244.37
  0
LWPOLYLINE
  5
835
330
17
100
AcDbEntity
  8
POLYLINES
100
AcDbPolyline
 90
15
 70
0
 10
395.56
 20
250.99
 10
398.3
 20
250.99
 10
396.86
 20
247.97
 10
397.58
 20
247.97
 10
398.15
 20
247.68
 10
398.3
 20
247.25
 10
398.59
 20
246.24
 10
398.59
 20
245.38
 10
398.3
 20
244.37
 10
397.87
 20
243.65
 10
397.0
 20
243.22
 10
396.28
 20
243.22
 10
395.56
 20
243.65
 10
395.27
 20
243.94
 10
394.99
 20
244.66
  0
LWPOLYLINE
  5
836
330
17
100
AcDbEntity
  8
POLYLINES
100
AcDbPolyline
 90
11
 70
0
 10
400.17
 20
243.22
 10
400.17
 20
250.99
 10
402.47
 20
250.99
 10
403.34
 20
250.56
 10
403.48
 20
250.27
 10
403.77
 20
249.55
 10
403.77
 20
248.4
 10
403.48
 20
247.68
 10
403.34
 20
247.25
 10
402.47
 20
246.96
 10
400.17
 20
246.96
  0
LWPOLYLINE
  5
837
330
17
100
AcDbEntity
  8
POLYLINES
100
AcDbPolyline
 90
23
 70
0
 10
415.72
 20
248.4
 10
415.58
 20
247.25
 10
415.0
 20
246.53
 10
414.28
 20
246.24
 10
413.99
 20
246.24
 10
413.13
 20
246.53
 10
412.7
 20
247.25
 10
412.41
 20
248.4
 10
412.41
 20
248.83
 10
412.7
 20
249.84
 10
413.13
 20
250.56
 10
413.99
 20
250.99
 10
414.28
 20
250.99
 10
415.0
 20
250.56
 10
415.58
 20
249.84
 10
415.72
 20
248.4
 10
415.72
 20
246.53
 10
415.58
 20
244.66
 10
415.0
 20
243.65
 10
414.28
 20
243.22
 10
413.71
 20
243.22
 10
412.99
 20
243.65
 10
412.7
 20
244.37
  0
LWPOLYLINE
  5
838
330
17
100
AcDbEntity
  8
POLYLINES
100
AcDbPolyline
 90
3
 70
0
 10
420.19
 20
250.99
 10
417.59
 20
245.81
 10
421.48
 20
245.81
  0
LWPOLYLINE
  5
839
330
17
100
AcDbEntity
  8
POLYLINES
100
AcDbPolyline
 90
11
 70
0
 10
422.78
 20
243.22
 10
422.78
 20
250.99
 10
425.08
 20
250.99
 10
425.8
 20
250.56
 10
426.09
 20
250.27
 10
426.38
 20
249.55
 10
426.38
 20
248.4
 10
426.09
 20
247.68
 10
425.8
 20
247.25
 10
425.08
 20
246.96
 10
422.78
 20
246.96
  0
LWPOLYLINE
  5
83A
330
17
100
AcDbEntity
  8
POLYLINES
100
AcDbPolyline
 90
23
 70
0
 10
455.18
 20
248.4
 10
455.03
 20
247.25
 10
454.46
 20
246.53
 10
453.74
 20
246.24
 10
453.45
 20
246.24
 10
452.59
 20
246.53
 10
452.15
 20
247.25
 10
451.87
 20
248.4
 10
451.87
 20
248.83
 10
452.15
 20
249.84
 10
452.59
 20
250.56
 10
453.45
 20
250.99
 10
453.74
 20
250.99
 10
454.46
 20
250.56
 10
455.03
 20
249.84
 10
455.18
 20
248.4
 10
455.18
 20
246.53
 10
455.03
 20
244.66
 10
454.46
 20
243.65
 10
453.74
 20
243.22
 10
453.16
 20
243.22
 10
452.44
 20
243.65
 10
452.15
 20
244.37
  0
LWPOLYLINE
  5
83B
330
17
100
AcDbEntity
  8
POLYLINES
100
AcDbPolyline
 90
23
 70
0
 10
460.22
 20
249.84
 10
459.93
 20
250.56
 10
459.07
 20
250.99
 10
458.63
 20
250.99
 10
457.77
 20
250.56
 10
457.34
 20
249.55
 10
457.05
 20
247.68
 10
457.05
 20
245.81
 10
457.34
 20
244.37
 10
457.77
 20
243.65
 10
458.63
 20
243.22
 10
458.92
 20
243.22
 10
459.64
 20
243.65
 10
460.22
 20
244.37
 10
460.36
 20
245.38
 10
460.36
 20
245.81
 10
460.22
 20
246.96
 10
459.64
 20
247.68
 10
458.92
 20
247.97
 10
458.63
 20
247.97
 10
457.77
 20
247.68
 10
457.34
 20
246.96
 10
457.05
 20
245.81
  0
LWPOLYLINE
  5
83C
330
17
100
AcDbEntity
  8
POLYLINES
100
AcDbPolyline
 90
11
 70
0
 10
462.23
 20
243.22
 10
462.23
 20
250.99
 10
464.54
 20
250.99
 10
465.26
 20
250.56
 10
465.55
 20
250.27
 10
465.83
 20
249.55
 10
465.83
 20
248.4
 10
465.55
 20
247.68
 10
465.26
 20
247.25
 10
464.54
 20
246.96
 10
462.23
 20
246.96
  0
LWPOLYLINE
  5
83D
330
17
100
AcDbEntity
  8
POLYLINES
100
AcDbPolyline
 90
23
 70
0
 10
436.46
 20
248.4
 10
436.17
 20
247.25
 10
435.59
 20
246.53
 10
434.87
 20
246.24
 10
434.59
 20
246.24
 10
433.87
 20
246.53
 10
433.29
 20
247.25
 10
433.0
 20
248.4
 10
433.0
 20
248.83
 10
433.29
 20
249.84
 10
433.87
 20
250.56
 10
434.59
 20
250.99
 10
434.87
 20
250.99
 10
435.59
 20
250.56
 10
436.17
 20
249.84
 10
436.46
 20
248.4
 10
436.46
 20
246.53
 10
436.17
 20
244.66
 10
435.59
 20
243.65
 10
434.87
 20
243.22
 10
434.3
 20
243.22
 10
433.58
 20
243.65
 10
433.29
 20
244.37
  0
LWPOLYLINE
  5
83E
330
17
100
AcDbEntity
  8
POLYLINES
100
AcDbPolyline
 90
17
 70
0
 10
441.35
 20
250.99
 10
438.76
 20
250.99
 10
438.47
 20
247.68
 10
438.76
 20
247.97
 10
439.48
 20
248.4
 10
440.35
 20
248.4
 10
441.07
 20
247.97
 10
441.64
 20
247.25
 10
441.79
 20
246.24
 10
441.79
 20
245.38
 10
441.64
 20
244.37
 10
441.07
 20
243.65
 10
440.35
 20
243.22
 10
439.48
 20
243.22
 10
438.76
 20
243.65
 10
438.47
 20
243.94
 10
438.19
 20
244.66
  0
LWPOLYLINE
  5
83F
330
17
100
AcDbEntity
  8
POLYLINES
100
AcDbPolyline
 90
11
 70
0
 10
443.37
 20
243.22
 10
443.37
 20
250.99
 10
445.67
 20
250.99
 10
446.54
 20
250.56
 10
446.68
 20
250.27
 10
446.97
 20
249.55
 10
446.97
 20
248.4
 10
446.68
 20
247.68
 10
446.54
 20
247.25
 10
445.67
 20
246.96
 10
443.37
 20
246.96
  0
LWPOLYLINE
  5
840
330
17
100
AcDbEntity
  8
POLYLINES
100
AcDbPolyline
 90
4
 70
0
 10
281.51
 20
206.78
 10
281.95
 20
207.22
 10
282.38
 20
208.37
 10
282.38
 20
200.59
  0
LWPOLYLINE
  5
841
330
17
100
AcDbEntity
  8
POLYLINES
100
AcDbPolyline
 90
17
 70
0
 10
285.55
 20
208.37
 10
284.97
 20
207.94
 10
284.68
 20
206.78
 10
284.54
 20
205.06
 10
284.54
 20
203.9
 10
284.68
 20
202.03
 10
284.97
 20
200.88
 10
285.55
 20
200.59
 10
285.98
 20
200.59
 10
286.55
 20
200.88
 10
286.84
 20
202.03
 10
287.13
 20
203.9
 10
287.13
 20
205.06
 10
286.84
 20
206.78
 10
286.55
 20
207.94
 10
285.98
 20
208.37
 10
285.55
 20
208.37
  0
LWPOLYLINE
  5
842
330
17
100
AcDbEntity
  8
POLYLINES
100
AcDbPolyline
 90
29
 70
0
 10
289.15
 20
208.37
 10
288.57
 20
207.94
 10
288.43
 20
207.22
 10
288.43
 20
206.5
 10
288.57
 20
205.78
 10
288.86
 20
205.34
 10
289.58
 20
205.06
 10
290.15
 20
204.62
 10
290.59
 20
203.9
 10
290.73
 20
203.18
 10
290.73
 20
202.03
 10
290.59
 20
201.31
 10
290.44
 20
200.88
 10
289.87
 20
200.59
 10
289.15
 20
200.59
 10
288.57
 20
200.88
 10
288.43
 20
201.31
 10
288.14
 20
202.03
 10
288.14
 20
203.18
 10
288.43
 20
203.9
 10
288.71
 20
204.62
 10
289.29
 20
205.06
 10
290.01
 20
205.34
 10
290.44
 20
205.78
 10
290.59
 20
206.5
 10
290.59
 20
207.22
 10
290.44
 20
207.94
 10
289.87
 20
208.37
 10
289.15
 20
208.37
  0
LWPOLYLINE
  5
843
330
17
100
AcDbEntity
  8
POLYLINES
100
AcDbPolyline
 90
11
 70
0
 10
291.88
 20
200.59
 10
291.88
 20
208.37
 10
293.47
 20
208.37
 10
294.04
 20
207.94
 10
294.33
 20
207.5
 10
294.47
 20
206.78
 10
294.47
 20
205.78
 10
294.33
 20
205.06
 10
294.04
 20
204.62
 10
293.47
 20
204.19
 10
291.88
 20
204.19
  0
LWPOLYLINE
  5
844
330
17
100
AcDbEntity
  8
POLYLINES
100
AcDbPolyline
 90
4
 70
0
 10
264.67
 20
206.78
 10
264.95
 20
207.22
 10
265.53
 20
208.37
 10
265.53
 20
200.59
  0
LWPOLYLINE
  5
845
330
17
100
AcDbEntity
  8
POLYLINES
100
AcDbPolyline
 90
17
 70
0
 10
268.7
 20
208.37
 10
268.12
 20
207.94
 10
267.83
 20
206.78
 10
267.55
 20
205.06
 10
267.55
 20
203.9
 10
267.83
 20
202.03
 10
268.12
 20
200.88
 10
268.7
 20
200.59
 10
269.13
 20
200.59
 10
269.56
 20
200.88
 10
269.99
 20
202.03
 10
270.14
 20
203.9
 10
270.14
 20
205.06
 10
269.99
 20
206.78
 10
269.56
 20
207.94
 10
269.13
 20
208.37
 10
268.7
 20
208.37
  0
LWPOLYLINE
  5
846
330
17
100
AcDbEntity
  8
POLYLINES
100
AcDbPolyline
 90
23
 70
0
 10
273.74
 20
205.78
 10
273.45
 20
204.62
 10
273.16
 20
203.9
 10
272.59
 20
203.47
 10
272.44
 20
203.47
 10
271.87
 20
203.9
 10
271.43
 20
204.62
 10
271.29
 20
205.78
 10
271.29
 20
206.06
 10
271.43
 20
207.22
 10
271.87
 20
207.94
 10
272.44
 20
208.37
 10
272.59
 20
208.37
 10
273.16
 20
207.94
 10
273.45
 20
207.22
 10
273.74
 20
205.78
 10
273.74
 20
203.9
 10
273.45
 20
202.03
 10
273.16
 20
200.88
 10
272.59
 20
200.59
 10
272.15
 20
200.59
 10
271.72
 20
200.88
 10
271.43
 20
201.6
  0
LWPOLYLINE
  5
847
330
17
100
AcDbEntity
  8
POLYLINES
100
AcDbPolyline
 90
11
 70
0
 10
275.03
 20
200.59
 10
275.03
 20
208.37
 10
276.62
 20
208.37
 10
277.19
 20
207.94
 10
277.34
 20
207.5
 10
277.63
 20
206.78
 10
277.63
 20
205.78
 10
277.34
 20
205.06
 10
277.19
 20
204.62
 10
276.62
 20
204.19
 10
275.03
 20
204.19
  0
LWPOLYLINE
  5
848
330
17
100
AcDbEntity
  8
POLYLINES
100
AcDbPolyline
 90
4
 70
0
 10
248.11
 20
206.78
 10
248.54
 20
207.22
 10
248.97
 20
208.37
 10
248.97
 20
200.59
  0
LWPOLYLINE
  5
849
330
17
100
AcDbEntity
  8
POLYLINES
100
AcDbPolyline
 90
4
 70
0
 10
251.85
 20
206.78
 10
252.14
 20
207.22
 10
252.71
 20
208.37
 10
252.71
 20
200.59
  0
LWPOLYLINE
  5
84A
330
17
100
AcDbEntity
  8
POLYLINES
100
AcDbPolyline
 90
17
 70
0
 10
255.88
 20
208.37
 10
255.31
 20
207.94
 10
255.02
 20
206.78
 10
254.73
 20
205.06
 10
254.73
 20
203.9
 10
255.02
 20
202.03
 10
255.31
 20
200.88
 10
255.88
 20
200.59
 10
256.17
 20
200.59
 10
256.75
 20
200.88
 10
257.18
 20
202.03
 10
257.32
 20
203.9
 10
257.32
 20
205.06
 10
257.18
 20
206.78
 10
256.75
 20
207.94
 10
256.17
 20
208.37
 10
255.88
 20
208.37
  0
LWPOLYLINE
  5
84B
330
17
100
AcDbEntity
  8
POLYLINES
100
AcDbPolyline
 90
11
 70
0
 10
258.47
 20
200.59
 10
258.47
 20
208.37
 10
260.06
 20
208.37
 10
260.63
 20
207.94
 10
260.92
 20
207.5
 10
261.07
 20
206.78
 10
261.07
 20
205.78
 10
260.92
 20
205.06
 10
260.63
 20
204.62
 10
260.06
 20
204.19
 10
258.47
 20
204.19
  0
LWPOLYLINE
  5
84C
330
17
100
AcDbEntity
  8
POLYLINES
100
AcDbPolyline
 90
4
 70
0
 10
229.96
 20
206.78
 10
230.25
 20
207.22
 10
230.83
 20
208.37
 10
230.83
 20
200.59
  0
LWPOLYLINE
  5
84D
330
17
100
AcDbEntity
  8
POLYLINES
100
AcDbPolyline
 90
4
 70
0
 10
233.56
 20
206.78
 10
233.99
 20
207.22
 10
234.57
 20
208.37
 10
234.57
 20
200.59
  0
LWPOLYLINE
  5
84E
330
17
100
AcDbEntity
  8
POLYLINES
100
AcDbPolyline
 90
4
 70
0
 10
237.31
 20
206.78
 10
237.74
 20
207.22
 10
238.31
 20
208.37
 10
238.31
 20
200.59
  0
LWPOLYLINE
  5
84F
330
17
100
AcDbEntity
  8
POLYLINES
100
AcDbPolyline
 90
11
 70
0
 10
240.33
 20
200.59
 10
240.33
 20
208.37
 10
241.91
 20
208.37
 10
242.49
 20
207.94
 10
242.63
 20
207.5
 10
242.92
 20
206.78
 10
242.92
 20
205.78
 10
242.63
 20
205.06
 10
242.49
 20
204.62
 10
241.91
 20
204.19
 10
240.33
 20
204.19
  0
LWPOLYLINE
  5
850
330
17
100
AcDbEntity
  8
POLYLINES
100
AcDbPolyline
 90
4
 70
0
 10
231.55
 20
679.25
 10
232.12
 20
679.54
 10
232.84
 20
680.69
 10
232.84
 20
672.91
  0
LWPOLYLINE
  5
851
330
17
100
AcDbEntity
  8
POLYLINES
100
AcDbPolyline
 90
11
 70
0
 10
235.72
 20
672.91
 10
235.72
 20
680.69
 10
238.03
 20
680.69
 10
238.75
 20
680.26
 10
239.03
 20
679.97
 10
239.32
 20
679.25
 10
239.32
 20
678.1
 10
239.03
 20
677.38
 10
238.75
 20
676.94
 10
238.03
 20
676.66
 10
235.72
 20
676.66
  0
LWPOLYLINE
  5
852
330
17
100
AcDbEntity
  8
POLYLINES
100
AcDbPolyline
 90
14
 70
0
 10
252.86
 20
678.82
 10
252.86
 20
679.25
 10
253.15
 20
679.97
 10
253.29
 20
680.26
 10
253.87
 20
680.69
 10
254.87
 20
680.69
 10
255.45
 20
680.26
 10
255.74
 20
679.97
 10
255.88
 20
679.25
 10
255.88
 20
678.38
 10
255.74
 20
677.66
 10
255.16
 20
676.66
 10
252.57
 20
672.91
 10
256.17
 20
672.91
  0
LWPOLYLINE
  5
853
330
17
100
AcDbEntity
  8
POLYLINES
100
AcDbPolyline
 90
11
 70
0
 10
257.75
 20
672.91
 10
257.75
 20
680.69
 10
260.06
 20
680.69
 10
260.78
 20
680.26
 10
261.07
 20
679.97
 10
261.35
 20
679.25
 10
261.35
 20
678.1
 10
261.07
 20
677.38
 10
260.78
 20
676.94
 10
260.06
 20
676.66
 10
257.75
 20
676.66
  0
LWPOLYLINE
  5
854
330
17
100
AcDbEntity
  8
POLYLINES
100
AcDbPolyline
 90
15
 70
0
 10
275.61
 20
680.69
 10
278.49
 20
680.69
 10
276.91
 20
677.66
 10
277.77
 20
677.66
 10
278.2
 20
677.38
 10
278.49
 20
676.94
 10
278.78
 20
675.94
 10
278.78
 20
675.07
 10
278.49
 20
674.06
 10
278.06
 20
673.34
 10
277.19
 20
672.91
 10
276.47
 20
672.91
 10
275.61
 20
673.34
 10
275.47
 20
673.63
 10
275.18
 20
674.35
  0
LWPOLYLINE
  5
855
330
17
100
AcDbEntity
  8
POLYLINES
100
AcDbPolyline
 90
11
 70
0
 10
280.36
 20
672.91
 10
280.36
 20
680.69
 10
282.67
 20
680.69
 10
283.39
 20
680.26
 10
283.67
 20
679.97
 10
283.96
 20
679.25
 10
283.96
 20
678.1
 10
283.67
 20
677.38
 10
283.39
 20
676.94
 10
282.67
 20
676.66
 10
280.36
 20
676.66
  0
LWPOLYLINE
  5
856
330
17
100
AcDbEntity
  8
POLYLINES
100
AcDbPolyline
 90
3
 70
0
 10
300.38
 20
680.69
 10
297.79
 20
675.5
 10
301.67
 20
675.5
  0
LWPOLYLINE
  5
857
330
17
100
AcDbEntity
  8
POLYLINES
100
AcDbPolyline
 90
11
 70
0
 10
302.97
 20
672.91
 10
302.97
 20
680.69
 10
305.27
 20
680.69
 10
305.99
 20
680.26
 10
306.28
 20
679.97
 10
306.57
 20
679.25
 10
306.57
 20
678.1
 10
306.28
 20
677.38
 10
305.99
 20
676.94
 10
305.27
 20
676.66
 10
302.97
 20
676.66
  0
LWPOLYLINE
  5
858
330
17
100
AcDbEntity
  8
POLYLINES
100
AcDbPolyline
 90
17
 70
0
 10
323.42
 20
680.69
 10
320.83
 20
680.69
 10
320.54
 20
677.38
 10
320.83
 20
677.66
 10
321.55
 20
678.1
 10
322.41
 20
678.1
 10
323.13
 20
677.66
 10
323.71
 20
676.94
 10
323.99
 20
675.94
 10
323.99
 20
675.07
 10
323.71
 20
674.06
 10
323.13
 20
673.34
 10
322.41
 20
672.91
 10
321.55
 20
672.91
 10
320.83
 20
673.34
 10
320.54
 20
673.63
 10
320.25
 20
674.35
  0
LWPOLYLINE
  5
859
330
17
100
AcDbEntity
  8
POLYLINES
100
AcDbPolyline
 90
11
 70
0
 10
325.43
 20
672.91
 10
325.43
 20
680.69
 10
327.74
 20
680.69
 10
328.6
 20
680.26
 10
328.89
 20
679.97
 10
329.03
 20
679.25
 10
329.03
 20
678.1
 10
328.89
 20
677.38
 10
328.6
 20
676.94
 10
327.74
 20
676.66
 10
325.43
 20
676.66
  0
LWPOLYLINE
  5
85A
330
17
100
AcDbEntity
  8
POLYLINES
100
AcDbPolyline
 90
23
 70
0
 10
346.03
 20
679.54
 10
345.74
 20
680.26
 10
345.02
 20
680.69
 10
344.44
 20
680.69
 10
343.72
 20
680.26
 10
343.15
 20
679.25
 10
342.86
 20
677.38
 10
342.86
 20
675.5
 10
343.15
 20
674.06
 10
343.72
 20
673.34
 10
344.44
 20
672.91
 10
344.73
 20
672.91
 10
345.45
 20
673.34
 10
346.03
 20
674.06
 10
346.31
 20
675.07
 10
346.31
 20
675.5
 10
346.03
 20
676.66
 10
345.45
 20
677.38
 10
344.73
 20
677.66
 10
344.44
 20
677.66
 10
343.72
 20
677.38
 10
343.15
 20
676.66
 10
342.86
 20
675.5
  0
LWPOLYLINE
  5
85B
330
17
100
AcDbEntity
  8
POLYLINES
100
AcDbPolyline
 90
11
 70
0
 10
348.04
 20
672.91
 10
348.04
 20
680.69
 10
350.35
 20
680.69
 10
351.21
 20
680.26
 10
351.35
 20
679.97
 10
351.64
 20
679.25
 10
351.64
 20
678.1
 10
351.35
 20
677.38
 10
351.21
 20
676.94
 10
350.35
 20
676.66
 10
348.04
 20
676.66
  0
LWPOLYLINE
  5
85C
330
17
100
AcDbEntity
  8
POLYLINES
100
AcDbPolyline
 90
3
 70
0
 10
365.47
 20
680.69
 10
369.07
 20
680.69
 10
366.47
 20
672.91
  0
LWPOLYLINE
  5
85D
330
17
100
AcDbEntity
  8
POLYLINES
100
AcDbPolyline
 90
11
 70
0
 10
370.65
 20
672.91
 10
370.65
 20
680.69
 10
372.95
 20
680.69
 10
373.67
 20
680.26
 10
373.96
 20
679.97
 10
374.25
 20
679.25
 10
374.25
 20
678.1
 10
373.96
 20
677.38
 10
373.67
 20
676.94
 10
372.95
 20
676.66
 10
370.65
 20
676.66
  0
LWPOLYLINE
  5
85E
330
17
100
AcDbEntity
  8
POLYLINES
100
AcDbPolyline
 90
29
 70
0
 10
389.37
 20
680.69
 10
388.51
 20
680.26
 10
388.36
 20
679.54
 10
388.36
 20
678.82
 10
388.51
 20
678.1
 10
389.08
 20
677.66
 10
390.09
 20
677.38
 10
390.95
 20
676.94
 10
391.39
 20
676.22
 10
391.67
 20
675.5
 10
391.67
 20
674.35
 10
391.39
 20
673.63
 10
391.1
 20
673.34
 10
390.38
 20
672.91
 10
389.37
 20
672.91
 10
388.51
 20
673.34
 10
388.36
 20
673.63
 10
388.07
 20
674.35
 10
388.07
 20
675.5
 10
388.36
 20
676.22
 10
388.79
 20
676.94
 10
389.66
 20
677.38
 10
390.67
 20
677.66
 10
391.1
 20
678.1
 10
391.39
 20
678.82
 10
391.39
 20
679.54
 10
391.1
 20
680.26
 10
390.38
 20
680.69
 10
389.37
 20
680.69
  0
LWPOLYLINE
  5
85F
330
17
100
AcDbEntity
  8
POLYLINES
100
AcDbPolyline
 90
11
 70
0
 10
393.26
 20
672.91
 10
393.26
 20
680.69
 10
395.56
 20
680.69
 10
396.28
 20
680.26
 10
396.57
 20
679.97
 10
396.86
 20
679.25
 10
396.86
 20
678.1
 10
396.57
 20
677.38
 10
396.28
 20
676.94
 10
395.56
 20
676.66
 10
393.26
 20
676.66
  0
LWPOLYLINE
  5
860
330
17
100
AcDbEntity
  8
POLYLINES
100
AcDbPolyline
 90
23
 70
0
 10
413.99
 20
678.1
 10
413.71
 20
676.94
 10
413.27
 20
676.22
 10
412.41
 20
675.94
 10
412.12
 20
675.94
 10
411.4
 20
676.22
 10
410.83
 20
676.94
 10
410.68
 20
678.1
 10
410.68
 20
678.38
 10
410.83
 20
679.54
 10
411.4
 20
680.26
 10
412.12
 20
680.69
 10
412.41
 20
680.69
 10
413.27
 20
680.26
 10
413.71
 20
679.54
 10
413.99
 20
678.1
 10
413.99
 20
676.22
 10
413.71
 20
674.35
 10
413.27
 20
673.34
 10
412.41
 20
672.91
 10
411.98
 20
672.91
 10
411.11
 20
673.34
 10
410.83
 20
674.06
  0
LWPOLYLINE
  5
861
330
17
100
AcDbEntity
  8
POLYLINES
100
AcDbPolyline
 90
11
 70
0
 10
415.72
 20
672.91
 10
415.72
 20
680.69
 10
418.17
 20
680.69
 10
418.89
 20
680.26
 10
419.18
 20
679.97
 10
419.47
 20
679.25
 10
419.47
 20
678.1
 10
419.18
 20
677.38
 10
418.89
 20
676.94
 10
418.17
 20
676.66
 10
415.72
 20
676.66
  0
LWPOLYLINE
  5
862
330
17
100
AcDbEntity
  8
POLYLINES
100
AcDbPolyline
 90
4
 70
0
 10
432.14
 20
679.25
 10
432.71
 20
679.54
 10
433.43
 20
680.69
 10
433.43
 20
672.91
  0
LWPOLYLINE
  5
863
330
17
100
AcDbEntity
  8
POLYLINES
100
AcDbPolyline
 90
17
 70
0
 10
437.9
 20
680.69
 10
437.03
 20
680.26
 10
436.6
 20
679.25
 10
436.31
 20
677.38
 10
436.31
 20
676.22
 10
436.6
 20
674.35
 10
437.03
 20
673.34
 10
437.9
 20
672.91
 10
438.33
 20
672.91
 10
439.19
 20
673.34
 10
439.63
 20
674.35
 10
439.91
 20
676.22
 10
439.91
 20
677.38
 10
439.63
 20
679.25
 10
439.19
 20
680.26
 10
438.33
 20
680.69
 10
437.9
 20
680.69
  0
LWPOLYLINE
  5
864
330
17
100
AcDbEntity
  8
POLYLINES
100
AcDbPolyline
 90
11
 70
0
 10
441.5
 20
672.91
 10
441.5
 20
680.69
 10
443.8
 20
680.69
 10
444.52
 20
680.26
 10
444.81
 20
679.97
 10
445.1
 20
679.25
 10
445.1
 20
678.1
 10
444.81
 20
677.38
 10
444.52
 20
676.94
 10
443.8
 20
676.66
 10
441.5
 20
676.66
  0
LWPOLYLINE
  5
865
330
17
100
AcDbEntity
  8
POLYLINES
100
AcDbPolyline
 90
4
 70
0
 10
455.32
 20
679.25
 10
455.75
 20
679.54
 10
456.62
 20
680.69
 10
456.62
 20
672.91
  0
LWPOLYLINE
  5
866
330
17
100
AcDbEntity
  8
POLYLINES
100
AcDbPolyline
 90
4
 70
0
 10
460.36
 20
679.25
 10
460.94
 20
679.54
 10
461.66
 20
680.69
 10
461.66
 20
672.91
  0
LWPOLYLINE
  5
867
330
17
100
AcDbEntity
  8
POLYLINES
100
AcDbPolyline
 90
11
 70
0
 10
464.54
 20
672.91
 10
464.54
 20
680.69
 10
466.84
 20
680.69
 10
467.71
 20
680.26
 10
467.99
 20
679.97
 10
468.14
 20
679.25
 10
468.14
 20
678.1
 10
467.99
 20
677.38
 10
467.71
 20
676.94
 10
466.84
 20
676.66
 10
464.54
 20
676.66
  0
LWPOLYLINE
  5
868
330
17
100
AcDbEntity
  8
POLYLINES
100
AcDbPolyline
 90
4
 70
0
 10
319.24
 20
636.48
 10
319.82
 20
636.91
 10
320.54
 20
638.06
 10
320.54
 20
630.29
  0
LWPOLYLINE
  5
869
330
17
100
AcDbEntity
  8
POLYLINES
100
AcDbPolyline
 90
3
 70
0
 10
323.42
 20
638.06
 10
327.02
 20
638.06
 10
324.43
 20
630.29
  0
LWPOLYLINE
  5
86A
330
17
100
AcDbEntity
  8
POLYLINES
100
AcDbPolyline
 90
11
 70
0
 10
328.6
 20
630.29
 10
328.6
 20
638.06
 10
330.91
 20
638.06
 10
331.63
 20
637.63
 10
331.91
 20
637.2
 10
332.2
 20
636.48
 10
332.2
 20
635.47
 10
331.91
 20
634.61
 10
331.63
 20
634.32
 10
330.91
 20
633.89
 10
328.6
 20
633.89
  0
LWPOLYLINE
  5
86B
330
17
100
AcDbEntity
  8
POLYLINES
100
AcDbPolyline
 90
3
 70
0
 10
365.47
 20
465.7
 10
362.87
 20
460.51
 10
366.76
 20
460.51
  0
LWPOLYLINE
  5
86C
330
17
100
AcDbEntity
  8
POLYLINES
100
AcDbPolyline
 90
23
 70
0
 10
371.37
 20
463.1
 10
371.08
 20
462.1
 10
370.65
 20
461.23
 10
369.93
 20
460.94
 10
369.64
 20
460.94
 10
368.78
 20
461.23
 10
368.35
 20
462.1
 10
368.06
 20
463.1
 10
368.06
 20
463.54
 10
368.35
 20
464.69
 10
368.78
 20
465.41
 10
369.64
 20
465.7
 10
369.93
 20
465.7
 10
370.65
 20
465.41
 10
371.08
 20
464.69
 10
371.37
 20
463.1
 10
371.37
 20
461.23
 10
371.08
 20
459.5
 10
370.65
 20
458.35
 10
369.93
 20
457.92
 10
369.35
 20
457.92
 10
368.63
 20
458.35
 10
368.35
 20
459.07
  0
LWPOLYLINE
  5
86D
330
17
100
AcDbEntity
  8
POLYLINES
100
AcDbPolyline
 90
11
 70
0
 10
373.24
 20
457.92
 10
373.24
 20
465.7
 10
375.55
 20
465.7
 10
376.27
 20
465.41
 10
376.55
 20
464.98
 10
376.84
 20
464.26
 10
376.84
 20
463.1
 10
376.55
 20
462.38
 10
376.27
 20
462.1
 10
375.55
 20
461.66
 10
373.24
 20
461.66
  0
LWPOLYLINE
  5
86E
330
17
100
AcDbEntity
  8
POLYLINES
100
AcDbPolyline
 90
3
 70
0
 10
453.16
 20
315.65
 10
456.76
 20
315.65
 10
454.17
 20
307.87
  0
LWPOLYLINE
  5
86F
330
17
100
AcDbEntity
  8
POLYLINES
100
AcDbPolyline
 90
23
 70
0
 10
461.51
 20
314.64
 10
461.23
 20
315.36
 10
460.36
 20
315.65
 10
459.93
 20
315.65
 10
459.07
 20
315.36
 10
458.63
 20
314.21
 10
458.35
 20
312.34
 10
458.35
 20
310.46
 10
458.63
 20
309.02
 10
459.07
 20
308.3
 10
459.93
 20
307.87
 10
460.22
 20
307.87
 10
460.94
 20
308.3
 10
461.51
 20
309.02
 10
461.66
 20
310.18
 10
461.66
 20
310.46
 10
461.51
 20
311.62
 10
460.94
 20
312.34
 10
460.22
 20
312.77
 10
459.93
 20
312.77
 10
459.07
 20
312.34
 10
458.63
 20
311.62
 10
458.35
 20
310.46
  0
LWPOLYLINE
  5
870
330
17
100
AcDbEntity
  8
POLYLINES
100
AcDbPolyline
 90
11
 70
0
 10
463.53
 20
307.87
 10
463.53
 20
315.65
 10
465.83
 20
315.65
 10
466.7
 20
315.36
 10
466.84
 20
314.93
 10
467.13
 20
314.21
 10
467.13
 20
313.06
 10
466.84
 20
312.34
 10
466.7
 20
312.05
 10
465.83
 20
311.62
 10
463.53
 20
311.62
  0
LWPOLYLINE
  5
871
330
17
100
AcDbEntity
  8
POLYLINES
100
AcDbPolyline
 90
4
 70
0
 10
455.47
 20
636.48
 10
455.9
 20
636.91
 10
456.76
 20
638.06
 10
456.76
 20
630.29
  0
LWPOLYLINE
  5
872
330
17
100
AcDbEntity
  8
POLYLINES
100
AcDbPolyline
 90
14
 70
0
 10
459.79
 20
636.19
 10
459.79
 20
636.48
 10
460.07
 20
637.2
 10
460.36
 20
637.63
 10
460.94
 20
638.06
 10
461.95
 20
638.06
 10
462.38
 20
637.63
 10
462.67
 20
637.2
 10
462.95
 20
636.48
 10
462.95
 20
635.76
 10
462.67
 20
635.04
 10
462.23
 20
633.89
 10
459.64
 20
630.29
 10
463.24
 20
630.29
  0
LWPOLYLINE
  5
873
330
17
100
AcDbEntity
  8
POLYLINES
100
AcDbPolyline
 90
11
 70
0
 10
464.83
 20
630.29
 10
464.83
 20
638.06
 10
467.13
 20
638.06
 10
467.85
 20
637.63
 10
468.14
 20
637.2
 10
468.43
 20
636.48
 10
468.43
 20
635.47
 10
468.14
 20
634.61
 10
467.85
 20
634.32
 10
467.13
 20
633.89
 10
464.83
 20
633.89
  0
LWPOLYLINE
  5
874
330
17
100
AcDbEntity
  8
POLYLINES
100
AcDbPolyline
 90
14
 70
0
 10
227.66
 20
571.39
 10
227.66
 20
571.82
 10
227.95
 20
572.54
 10
228.23
 20
572.98
 10
228.67
 20
573.26
 10
229.67
 20
573.26
 10
230.25
 20
572.98
 10
230.54
 20
572.54
 10
230.83
 20
571.82
 10
230.83
 20
571.1
 10
230.54
 20
570.38
 10
229.96
 20
569.23
 10
227.37
 20
565.49
 10
230.97
 20
565.49
  0
LWPOLYLINE
  5
875
330
17
100
AcDbEntity
  8
POLYLINES
100
AcDbPolyline
 90
14
 70
0
 10
232.84
 20
571.39
 10
232.84
 20
571.82
 10
233.13
 20
572.54
 10
233.42
 20
572.98
 10
233.85
 20
573.26
 10
234.86
 20
573.26
 10
235.43
 20
572.98
 10
235.72
 20
572.54
 10
236.01
 20
571.82
 10
236.01
 20
571.1
 10
235.72
 20
570.38
 10
235.15
 20
569.23
 10
232.55
 20
565.49
 10
236.15
 20
565.49
  0
LWPOLYLINE
  5
876
330
17
100
AcDbEntity
  8
POLYLINES
100
AcDbPolyline
 90
11
 70
0
 10
237.74
 20
565.49
 10
237.74
 20
573.26
 10
240.04
 20
573.26
 10
240.91
 20
572.98
 10
241.05
 20
572.54
 10
241.34
 20
571.82
 10
241.34
 20
570.67
 10
241.05
 20
569.95
 10
240.91
 20
569.66
 10
240.04
 20
569.23
 10
237.74
 20
569.23
  0
LWPOLYLINE
  5
877
330
17
100
AcDbEntity
  8
POLYLINES
100
AcDbPolyline
 90
15
 70
0
 10
453.88
 20
530.64
 10
456.76
 20
530.64
 10
455.18
 20
527.62
 10
455.9
 20
527.62
 10
456.47
 20
527.33
 10
456.76
 20
526.9
 10
457.05
 20
525.89
 10
457.05
 20
525.02
 10
456.76
 20
524.02
 10
456.19
 20
523.3
 10
455.47
 20
522.86
 10
454.6
 20
522.86
 10
453.88
 20
523.3
 10
453.59
 20
523.58
 10
453.31
 20
524.3
  0
LWPOLYLINE
  5
878
330
17
100
AcDbEntity
  8
POLYLINES
100
AcDbPolyline
 90
15
 70
0
 10
459.07
 20
530.64
 10
461.95
 20
530.64
 10
460.36
 20
527.62
 10
461.08
 20
527.62
 10
461.66
 20
527.33
 10
461.95
 20
526.9
 10
462.09
 20
525.89
 10
462.09
 20
525.02
 10
461.95
 20
524.02
 10
461.37
 20
523.3
 10
460.65
 20
522.86
 10
459.79
 20
522.86
 10
459.07
 20
523.3
 10
458.78
 20
523.58
 10
458.49
 20
524.3
  0
LWPOLYLINE
  5
879
330
17
100
AcDbEntity
  8
POLYLINES
100
AcDbPolyline
 90
11
 70
0
 10
463.67
 20
522.86
 10
463.67
 20
530.64
 10
465.98
 20
530.64
 10
466.84
 20
530.21
 10
467.13
 20
529.92
 10
467.27
 20
529.2
 10
467.27
 20
528.05
 10
467.13
 20
527.33
 10
466.84
 20
526.9
 10
465.98
 20
526.61
 10
463.67
 20
526.61
  0
LWPOLYLINE
  5
87A
330
17
100
AcDbEntity
  8
POLYLINES
100
AcDbPolyline
 90
3
 70
0
 10
229.96
 20
465.7
 10
227.37
 20
460.51
 10
231.26
 20
460.51
  0
LWPOLYLINE
  5
87B
330
17
100
AcDbEntity
  8
POLYLINES
100
AcDbPolyline
 90
3
 70
0
 10
235.15
 20
465.7
 10
232.55
 20
460.51
 10
236.44
 20
460.51
  0
LWPOLYLINE
  5
87C
330
17
100
AcDbEntity
  8
POLYLINES
100
AcDbPolyline
 90
11
 70
0
 10
237.74
 20
457.92
 10
237.74
 20
465.7
 10
240.04
 20
465.7
 10
240.91
 20
465.41
 10
241.05
 20
464.98
 10
241.34
 20
464.26
 10
241.34
 20
463.1
 10
241.05
 20
462.38
 10
240.91
 20
462.1
 10
240.04
 20
461.66
 10
237.74
 20
461.66
  0
LWPOLYLINE
  5
87D
330
17
100
AcDbEntity
  8
POLYLINES
100
AcDbPolyline
 90
17
 70
0
 10
456.47
 20
423.07
 10
453.88
 20
423.07
 10
453.59
 20
419.76
 10
453.88
 20
420.05
 10
454.6
 20
420.48
 10
455.47
 20
420.48
 10
456.19
 20
420.05
 10
456.76
 20
419.33
 10
457.05
 20
418.32
 10
457.05
 20
417.46
 10
456.76
 20
416.45
 10
456.19
 20
415.73
 10
455.47
 20
415.3
 10
454.6
 20
415.3
 10
453.88
 20
415.73
 10
453.59
 20
416.02
 10
453.31
 20
416.74
  0
LWPOLYLINE
  5
87E
330
17
100
AcDbEntity
  8
POLYLINES
100
AcDbPolyline
 90
3
 70
0
 10
461.08
 20
423.07
 10
458.49
 20
417.89
 10
462.38
 20
417.89
  0
LWPOLYLINE
  5
87F
330
17
100
AcDbEntity
  8
POLYLINES
100
AcDbPolyline
 90
11
 70
0
 10
463.67
 20
415.3
 10
463.67
 20
423.07
 10
465.98
 20
423.07
 10
466.84
 20
422.64
 10
467.13
 20
422.35
 10
467.27
 20
421.63
 10
467.27
 20
420.48
 10
467.13
 20
419.76
 10
466.84
 20
419.33
 10
465.98
 20
419.04
 10
463.67
 20
419.04
  0
LWPOLYLINE
  5
880
330
17
100
AcDbEntity
  8
POLYLINES
100
AcDbPolyline
 90
23
 70
0
 10
230.54
 20
357.26
 10
230.25
 20
357.98
 10
229.53
 20
358.42
 10
228.95
 20
358.42
 10
228.23
 20
357.98
 10
227.66
 20
356.83
 10
227.37
 20
354.96
 10
227.37
 20
353.23
 10
227.66
 20
351.65
 10
228.23
 20
350.93
 10
228.95
 20
350.64
 10
229.24
 20
350.64
 10
229.96
 20
350.93
 10
230.54
 20
351.65
 10
230.83
 20
352.8
 10
230.83
 20
353.23
 10
230.54
 20
354.24
 10
229.96
 20
354.96
 10
229.24
 20
355.39
 10
228.95
 20
355.39
 10
228.23
 20
354.96
 10
227.66
 20
354.24
 10
227.37
 20
353.23
  0
LWPOLYLINE
  5
881
330
17
100
AcDbEntity
  8
POLYLINES
100
AcDbPolyline
 90
17
 70
0
 10
235.72
 20
358.42
 10
233.13
 20
358.42
 10
232.84
 20
354.96
 10
233.13
 20
355.39
 10
233.85
 20
355.82
 10
234.71
 20
355.82
 10
235.43
 20
355.39
 10
236.01
 20
354.67
 10
236.15
 20
353.52
 10
236.15
 20
352.8
 10
236.01
 20
351.65
 10
235.43
 20
350.93
 10
234.71
 20
350.64
 10
233.85
 20
350.64
 10
233.13
 20
350.93
 10
232.84
 20
351.36
 10
232.55
 20
352.08
  0
LWPOLYLINE
  5
882
330
17
100
AcDbEntity
  8
POLYLINES
100
AcDbPolyline
 90
11
 70
0
 10
237.74
 20
350.64
 10
237.74
 20
358.42
 10
240.04
 20
358.42
 10
240.91
 20
357.98
 10
241.05
 20
357.55
 10
241.34
 20
356.83
 10
241.34
 20
355.82
 10
241.05
 20
354.96
 10
240.91
 20
354.67
 10
240.04
 20
354.24
 10
237.74
 20
354.24
  0
LWPOLYLINE
  5
883
330
17
100
AcDbEntity
  8
POLYLINES
100
AcDbPolyline
 90
29
 70
0
 10
319.53
 20
315.65
 10
318.81
 20
315.36
 10
318.52
 20
314.64
 10
318.52
 20
313.78
 10
318.81
 20
313.06
 10
319.24
 20
312.77
 10
320.25
 20
312.34
 10
321.11
 20
312.05
 10
321.55
 20
311.33
 10
321.83
 20
310.46
 10
321.83
 20
309.46
 10
321.55
 20
308.74
 10
321.4
 20
308.3
 10
320.54
 20
307.87
 10
319.53
 20
307.87
 10
318.81
 20
308.3
 10
318.52
 20
308.74
 10
318.23
 20
309.46
 10
318.23
 20
310.46
 10
318.52
 20
311.33
 10
318.95
 20
312.05
 10
319.82
 20
312.34
 10
320.83
 20
312.77
 10
321.4
 20
313.06
 10
321.55
 20
313.78
 10
321.55
 20
314.64
 10
321.4
 20
315.36
 10
320.54
 20
315.65
 10
319.53
 20
315.65
  0
LWPOLYLINE
  5
884
330
17
100
AcDbEntity
  8
POLYLINES
100
AcDbPolyline
 90
4
 70
0
 10
324.43
 20
314.21
 10
325.0
 20
314.64
 10
325.72
 20
315.65
 10
325.72
 20
307.87
  0
LWPOLYLINE
  5
885
330
17
100
AcDbEntity
  8
POLYLINES
100
AcDbPolyline
 90
11
 70
0
 10
328.6
 20
307.87
 10
328.6
 20
315.65
 10
330.91
 20
315.65
 10
331.63
 20
315.36
 10
331.91
 20
314.93
 10
332.2
 20
314.21
 10
332.2
 20
313.06
 10
331.91
 20
312.34
 10
331.63
 20
312.05
 10
330.91
 20
311.62
 10
328.6
 20
311.62
  0
LWPOLYLINE
  5
886
330
17
100
AcDbEntity
  8
POLYLINES
100
AcDbPolyline
 90
14
 70
0
 10
250.27
 20
571.39
 10
250.27
 20
571.82
 10
250.55
 20
572.54
 10
250.7
 20
572.98
 10
251.27
 20
573.26
 10
252.28
 20
573.26
 10
252.86
 20
572.98
 10
253.15
 20
572.54
 10
253.29
 20
571.82
 10
253.29
 20
571.1
 10
253.15
 20
570.38
 10
252.57
 20
569.23
 10
249.98
 20
565.49
 10
253.58
 20
565.49
  0
LWPOLYLINE
  5
887
330
17
100
AcDbEntity
  8
POLYLINES
100
AcDbPolyline
 90
15
 70
0
 10
255.74
 20
573.26
 10
258.47
 20
573.26
 10
257.03
 20
570.38
 10
257.75
 20
570.38
 10
258.33
 20
569.95
 10
258.47
 20
569.66
 10
258.76
 20
568.51
 10
258.76
 20
567.79
 10
258.47
 20
566.64
 10
258.04
 20
565.92
 10
257.18
 20
565.49
 10
256.46
 20
565.49
 10
255.74
 20
565.92
 10
255.45
 20
566.21
 10
255.16
 20
567.07
  0
LWPOLYLINE
  5
888
330
17
100
AcDbEntity
  8
POLYLINES
100
AcDbPolyline
 90
11
 70
0
 10
260.35
 20
565.49
 10
260.35
 20
573.26
 10
262.65
 20
573.26
 10
263.37
 20
572.98
 10
263.66
 20
572.54
 10
263.95
 20
571.82
 10
263.95
 20
570.67
 10
263.66
 20
569.95
 10
263.37
 20
569.66
 10
262.65
 20
569.23
 10
260.35
 20
569.23
  0
LWPOLYLINE
  5
889
330
17
100
AcDbEntity
  8
POLYLINES
100
AcDbPolyline
 90
14
 70
0
 10
272.87
 20
571.39
 10
272.87
 20
571.82
 10
273.02
 20
572.54
 10
273.31
 20
572.98
 10
273.88
 20
573.26
 10
274.89
 20
573.26
 10
275.47
 20
572.98
 10
275.61
 20
572.54
 10
275.9
 20
571.82
 10
275.9
 20
571.1
 10
275.61
 20
570.38
 10
275.18
 20
569.23
 10
272.59
 20
565.49
 10
276.19
 20
565.49
  0
LWPOLYLINE
  5
88A
330
17
100
AcDbEntity
  8
POLYLINES
100
AcDbPolyline
 90
3
 70
0
 10
280.36
 20
573.26
 10
277.77
 20
568.08
 10
281.66
 20
568.08
  0
LWPOLYLINE
  5
88B
330
17
100
AcDbEntity
  8
POLYLINES
100
AcDbPolyline
 90
11
 70
0
 10
282.95
 20
565.49
 10
282.95
 20
573.26
 10
285.26
 20
573.26
 10
285.98
 20
572.98
 10
286.27
 20
572.54
 10
286.55
 20
571.82
 10
286.55
 20
570.67
 10
286.27
 20
569.95
 10
285.98
 20
569.66
 10
285.26
 20
569.23
 10
282.95
 20
569.23
  0
LWPOLYLINE
  5
88C
330
17
100
AcDbEntity
  8
POLYLINES
100
AcDbPolyline
 90
14
 70
0
 10
295.34
 20
571.39
 10
295.34
 20
571.82
 10
295.63
 20
572.54
 10
295.91
 20
572.98
 10
296.49
 20
573.26
 10
297.5
 20
573.26
 10
297.93
 20
572.98
 10
298.22
 20
572.54
 10
298.51
 20
571.82
 10
298.51
 20
571.1
 10
298.22
 20
570.38
 10
297.79
 20
569.23
 10
295.19
 20
565.49
 10
298.79
 20
565.49
  0
LWPOLYLINE
  5
88D
330
17
100
AcDbEntity
  8
POLYLINES
100
AcDbPolyline
 90
17
 70
0
 10
303.4
 20
573.26
 10
300.81
 20
573.26
 10
300.52
 20
569.95
 10
300.81
 20
570.38
 10
301.67
 20
570.67
 10
302.39
 20
570.67
 10
303.11
 20
570.38
 10
303.69
 20
569.66
 10
303.98
 20
568.51
 10
303.98
 20
567.79
 10
303.69
 20
566.64
 10
303.11
 20
565.92
 10
302.39
 20
565.49
 10
301.67
 20
565.49
 10
300.81
 20
565.92
 10
300.52
 20
566.21
 10
300.38
 20
567.07
  0
LWPOLYLINE
  5
88E
330
17
100
AcDbEntity
  8
POLYLINES
100
AcDbPolyline
 90
11
 70
0
 10
305.42
 20
565.49
 10
305.42
 20
573.26
 10
307.87
 20
573.26
 10
308.59
 20
572.98
 10
308.87
 20
572.54
 10
309.16
 20
571.82
 10
309.16
 20
570.67
 10
308.87
 20
569.95
 10
308.59
 20
569.66
 10
307.87
 20
569.23
 10
305.42
 20
569.23
  0
LWPOLYLINE
  5
88F
330
17
100
AcDbEntity
  8
POLYLINES
100
AcDbPolyline
 90
14
 70
0
 10
317.95
 20
571.39
 10
317.95
 20
571.82
 10
318.23
 20
572.54
 10
318.52
 20
572.98
 10
318.95
 20
573.26
 10
320.11
 20
573.26
 10
320.54
 20
572.98
 10
320.83
 20
572.54
 10
321.11
 20
571.82
 10
321.11
 20
571.1
 10
320.83
 20
570.38
 10
320.25
 20
569.23
 10
317.66
 20
565.49
 10
321.4
 20
565.49
  0
LWPOLYLINE
  5
890
330
17
100
AcDbEntity
  8
POLYLINES
100
AcDbPolyline
 90
23
 70
0
 10
326.01
 20
572.11
 10
325.72
 20
572.98
 10
325.0
 20
573.26
 10
324.43
 20
573.26
 10
323.71
 20
572.98
 10
323.13
 20
571.82
 10
322.84
 20
569.95
 10
322.84
 20
568.08
 10
323.13
 20
566.64
 10
323.71
 20
565.92
 10
324.43
 20
565.49
 10
324.71
 20
565.49
 10
325.43
 20
565.92
 10
326.01
 20
566.64
 10
326.3
 20
567.79
 10
326.3
 20
568.08
 10
326.01
 20
569.23
 10
325.43
 20
569.95
 10
324.71
 20
570.38
 10
324.43
 20
570.38
 10
323.71
 20
569.95
 10
323.13
 20
569.23
 10
322.84
 20
568.08
  0
LWPOLYLINE
  5
891
330
17
100
AcDbEntity
  8
POLYLINES
100
AcDbPolyline
 90
11
 70
0
 10
328.03
 20
565.49
 10
328.03
 20
573.26
 10
330.33
 20
573.26
 10
331.19
 20
572.98
 10
331.48
 20
572.54
 10
331.63
 20
571.82
 10
331.63
 20
570.67
 10
331.48
 20
569.95
 10
331.19
 20
569.66
 10
330.33
 20
569.23
 10
328.03
 20
569.23
  0
LWPOLYLINE
  5
892
330
17
100
AcDbEntity
  8
POLYLINES
100
AcDbPolyline
 90
14
 70
0
 10
340.55
 20
571.39
 10
340.55
 20
571.82
 10
340.84
 20
572.54
 10
341.13
 20
572.98
 10
341.56
 20
573.26
 10
342.57
 20
573.26
 10
343.15
 20
572.98
 10
343.43
 20
572.54
 10
343.72
 20
571.82
 10
343.72
 20
571.1
 10
343.43
 20
570.38
 10
342.86
 20
569.23
 10
340.27
 20
565.49
 10
343.87
 20
565.49
  0
LWPOLYLINE
  5
893
330
17
100
AcDbEntity
  8
POLYLINES
100
AcDbPolyline
 90
3
 70
0
 10
345.45
 20
573.26
 10
349.05
 20
573.26
 10
346.46
 20
565.49
  0
LWPOLYLINE
  5
894
330
17
100
AcDbEntity
  8
POLYLINES
100
AcDbPolyline
 90
11
 70
0
 10
350.63
 20
565.49
 10
350.63
 20
573.26
 10
352.94
 20
573.26
 10
353.8
 20
572.98
 10
353.95
 20
572.54
 10
354.23
 20
571.82
 10
354.23
 20
570.67
 10
353.95
 20
569.95
 10
353.8
 20
569.66
 10
352.94
 20
569.23
 10
350.63
 20
569.23
  0
LWPOLYLINE
  5
895
330
17
100
AcDbEntity
  8
POLYLINES
100
AcDbPolyline
 90
14
 70
0
 10
363.16
 20
571.39
 10
363.16
 20
571.82
 10
363.45
 20
572.54
 10
363.59
 20
572.98
 10
364.17
 20
573.26
 10
365.18
 20
573.26
 10
365.75
 20
572.98
 10
366.04
 20
572.54
 10
366.19
 20
571.82
 10
366.19
 20
571.1
 10
366.04
 20
570.38
 10
365.47
 20
569.23
 10
362.87
 20
565.49
 10
366.47
 20
565.49
  0
LWPOLYLINE
  5
896
330
17
100
AcDbEntity
  8
POLYLINES
100
AcDbPolyline
 90
29
 70
0
 10
369.35
 20
573.26
 10
368.63
 20
572.98
 10
368.35
 20
572.11
 10
368.35
 20
571.39
 10
368.63
 20
570.67
 10
369.07
 20
570.38
 10
370.07
 20
569.95
 10
370.94
 20
569.66
 10
371.37
 20
568.8
 10
371.66
 20
568.08
 10
371.66
 20
567.07
 10
371.37
 20
566.21
 10
371.08
 20
565.92
 10
370.36
 20
565.49
 10
369.35
 20
565.49
 10
368.63
 20
565.92
 10
368.35
 20
566.21
 10
368.06
 20
567.07
 10
368.06
 20
568.08
 10
368.35
 20
568.8
 10
368.78
 20
569.66
 10
369.64
 20
569.95
 10
370.65
 20
570.38
 10
371.08
 20
570.67
 10
371.37
 20
571.39
 10
371.37
 20
572.11
 10
371.08
 20
572.98
 10
370.36
 20
573.26
 10
369.35
 20
573.26
  0
LWPOLYLINE
  5
897
330
17
100
AcDbEntity
  8
POLYLINES
100
AcDbPolyline
 90
11
 70
0
 10
373.24
 20
565.49
 10
373.24
 20
573.26
 10
375.55
 20
573.26
 10
376.27
 20
572.98
 10
376.55
 20
572.54
 10
376.84
 20
571.82
 10
376.84
 20
570.67
 10
376.55
 20
569.95
 10
376.27
 20
569.66
 10
375.55
 20
569.23
 10
373.24
 20
569.23
  0
LWPOLYLINE
  5
898
330
17
100
AcDbEntity
  8
POLYLINES
100
AcDbPolyline
 90
14
 70
0
 10
385.77
 20
571.39
 10
385.77
 20
571.82
 10
385.91
 20
572.54
 10
386.2
 20
572.98
 10
386.78
 20
573.26
 10
387.79
 20
573.26
 10
388.36
 20
572.98
 10
388.51
 20
572.54
 10
388.79
 20
571.82
 10
388.79
 20
571.1
 10
388.51
 20
570.38
 10
388.07
 20
569.23
 10
385.48
 20
565.49
 10
389.08
 20
565.49
  0
LWPOLYLINE
  5
899
330
17
100
AcDbEntity
  8
POLYLINES
100
AcDbPolyline
 90
23
 70
0
 10
393.98
 20
570.67
 10
393.69
 20
569.66
 10
393.26
 20
568.8
 10
392.39
 20
568.51
 10
392.25
 20
568.51
 10
391.39
 20
568.8
 10
390.95
 20
569.66
 10
390.67
 20
570.67
 10
390.67
 20
571.1
 10
390.95
 20
572.11
 10
391.39
 20
572.98
 10
392.25
 20
573.26
 10
392.39
 20
573.26
 10
393.26
 20
572.98
 10
393.69
 20
572.11
 10
393.98
 20
570.67
 10
393.98
 20
568.8
 10
393.69
 20
567.07
 10
393.26
 20
565.92
 10
392.39
 20
565.49
 10
391.96
 20
565.49
 10
391.1
 20
565.92
 10
390.95
 20
566.64
  0
LWPOLYLINE
  5
89A
330
17
100
AcDbEntity
  8
POLYLINES
100
AcDbPolyline
 90
11
 70
0
 10
395.85
 20
565.49
 10
395.85
 20
573.26
 10
398.15
 20
573.26
 10
398.87
 20
572.98
 10
399.16
 20
572.54
 10
399.45
 20
571.82
 10
399.45
 20
570.67
 10
399.16
 20
569.95
 10
398.87
 20
569.66
 10
398.15
 20
569.23
 10
395.85
 20
569.23
  0
LWPOLYLINE
  5
89B
330
17
100
AcDbEntity
  8
POLYLINES
100
AcDbPolyline
 90
15
 70
0
 10
408.52
 20
573.26
 10
411.4
 20
573.26
 10
409.82
 20
570.38
 10
410.68
 20
570.38
 10
411.11
 20
569.95
 10
411.4
 20
569.66
 10
411.69
 20
568.51
 10
411.69
 20
567.79
 10
411.4
 20
566.64
 10
410.83
 20
565.92
 10
410.11
 20
565.49
 10
409.39
 20
565.49
 10
408.52
 20
565.92
 10
408.23
 20
566.21
 10
408.09
 20
567.07
  0
LWPOLYLINE
  5
89C
330
17
100
AcDbEntity
  8
POLYLINES
100
AcDbPolyline
 90
17
 70
0
 10
414.71
 20
573.26
 10
413.99
 20
572.98
 10
413.42
 20
571.82
 10
413.27
 20
569.95
 10
413.27
 20
568.8
 10
413.42
 20
567.07
 10
413.99
 20
565.92
 10
414.71
 20
565.49
 10
415.29
 20
565.49
 10
416.01
 20
565.92
 10
416.59
 20
567.07
 10
416.87
 20
568.8
 10
416.87
 20
569.95
 10
416.59
 20
571.82
 10
416.01
 20
572.98
 10
415.29
 20
573.26
 10
414.71
 20
573.26
  0
LWPOLYLINE
  5
89D
330
17
100
AcDbEntity
  8
POLYLINES
100
AcDbPolyline
 90
11
 70
0
 10
418.31
 20
565.49
 10
418.31
 20
573.26
 10
420.76
 20
573.26
 10
421.48
 20
572.98
 10
421.77
 20
572.54
 10
422.06
 20
571.82
 10
422.06
 20
570.67
 10
421.77
 20
569.95
 10
421.48
 20
569.66
 10
420.76
 20
569.23
 10
418.31
 20
569.23
  0
LWPOLYLINE
  5
89E
330
17
100
AcDbEntity
  8
POLYLINES
100
AcDbPolyline
 90
15
 70
0
 10
431.71
 20
573.26
 10
434.44
 20
573.26
 10
433.0
 20
570.38
 10
433.72
 20
570.38
 10
434.3
 20
569.95
 10
434.44
 20
569.66
 10
434.73
 20
568.51
 10
434.73
 20
567.79
 10
434.44
 20
566.64
 10
434.01
 20
565.92
 10
433.15
 20
565.49
 10
432.43
 20
565.49
 10
431.71
 20
565.92
 10
431.42
 20
566.21
 10
431.13
 20
567.07
  0
LWPOLYLINE
  5
89F
330
17
100
AcDbEntity
  8
POLYLINES
100
AcDbPolyline
 90
4
 70
0
 10
437.32
 20
571.82
 10
437.9
 20
572.11
 10
438.62
 20
573.26
 10
438.62
 20
565.49
  0
LWPOLYLINE
  5
8A0
330
17
100
AcDbEntity
  8
POLYLINES
100
AcDbPolyline
 90
11
 70
0
 10
441.5
 20
565.49
 10
441.5
 20
573.26
 10
443.8
 20
573.26
 10
444.52
 20
572.98
 10
444.81
 20
572.54
 10
445.1
 20
571.82
 10
445.1
 20
570.67
 10
444.81
 20
569.95
 10
444.52
 20
569.66
 10
443.8
 20
569.23
 10
441.5
 20
569.23
  0
LWPOLYLINE
  5
8A1
330
17
100
AcDbEntity
  8
POLYLINES
100
AcDbPolyline
 90
15
 70
0
 10
453.74
 20
573.26
 10
456.62
 20
573.26
 10
455.03
 20
570.38
 10
455.75
 20
570.38
 10
456.33
 20
569.95
 10
456.62
 20
569.66
 10
456.76
 20
568.51
 10
456.76
 20
567.79
 10
456.62
 20
566.64
 10
456.04
 20
565.92
 10
455.32
 20
565.49
 10
454.46
 20
565.49
 10
453.74
 20
565.92
 10
453.45
 20
566.21
 10
453.16
 20
567.07
  0
LWPOLYLINE
  5
8A2
330
17
100
AcDbEntity
  8
POLYLINES
100
AcDbPolyline
 90
14
 70
0
 10
458.63
 20
571.39
 10
458.63
 20
571.82
 10
458.92
 20
572.54
 10
459.07
 20
572.98
 10
459.64
 20
573.26
 10
460.65
 20
573.26
 10
461.23
 20
572.98
 10
461.51
 20
572.54
 10
461.66
 20
571.82
 10
461.66
 20
571.1
 10
461.51
 20
570.38
 10
460.94
 20
569.23
 10
458.35
 20
565.49
 10
461.95
 20
565.49
  0
LWPOLYLINE
  5
8A3
330
17
100
AcDbEntity
  8
POLYLINES
100
AcDbPolyline
 90
11
 70
0
 10
463.53
 20
565.49
 10
463.53
 20
573.26
 10
465.83
 20
573.26
 10
466.7
 20
572.98
 10
466.84
 20
572.54
 10
467.13
 20
571.82
 10
467.13
 20
570.67
 10
466.84
 20
569.95
 10
466.7
 20
569.66
 10
465.83
 20
569.23
 10
463.53
 20
569.23
  0
LWPOLYLINE
  5
8A4
330
17
100
AcDbEntity
  8
POLYLINES
100
AcDbPolyline
 90
4
 70
0
 10
432.86
 20
636.48
 10
433.43
 20
636.91
 10
434.15
 20
638.06
 10
434.15
 20
630.29
  0
LWPOLYLINE
  5
8A5
330
17
100
AcDbEntity
  8
POLYLINES
100
AcDbPolyline
 90
15
 70
0
 10
437.47
 20
638.06
 10
440.35
 20
638.06
 10
438.76
 20
635.04
 10
439.63
 20
635.04
 10
440.06
 20
634.61
 10
440.35
 20
634.32
 10
440.63
 20
633.17
 10
440.63
 20
632.45
 10
440.35
 20
631.3
 10
439.91
 20
630.58
 10
439.05
 20
630.29
 10
438.33
 20
630.29
 10
437.47
 20
630.58
 10
437.32
 20
631.01
 10
437.03
 20
631.73
  0
LWPOLYLINE
  5
8A6
330
17
100
AcDbEntity
  8
POLYLINES
100
AcDbPolyline
 90
11
 70
0
 10
442.22
 20
630.29
 10
442.22
 20
638.06
 10
444.52
 20
638.06
 10
445.24
 20
637.63
 10
445.53
 20
637.2
 10
445.82
 20
636.48
 10
445.82
 20
635.47
 10
445.53
 20
634.61
 10
445.24
 20
634.32
 10
444.52
 20
633.89
 10
442.22
 20
633.89
  0
LWPOLYLINE
  5
8A7
330
17
100
AcDbEntity
  8
POLYLINES
100
AcDbPolyline
 90
4
 70
0
 10
410.25
 20
636.48
 10
410.83
 20
636.91
 10
411.55
 20
638.06
 10
411.55
 20
630.29
  0
LWPOLYLINE
  5
8A8
330
17
100
AcDbEntity
  8
POLYLINES
100
AcDbPolyline
 90
3
 70
0
 10
417.02
 20
638.06
 10
414.43
 20
632.88
 10
418.31
 20
632.88
  0
LWPOLYLINE
  5
8A9
330
17
100
AcDbEntity
  8
POLYLINES
100
AcDbPolyline
 90
11
 70
0
 10
419.61
 20
630.29
 10
419.61
 20
638.06
 10
421.91
 20
638.06
 10
422.63
 20
637.63
 10
422.92
 20
637.2
 10
423.21
 20
636.48
 10
423.21
 20
635.47
 10
422.92
 20
634.61
 10
422.63
 20
634.32
 10
421.91
 20
633.89
 10
419.61
 20
633.89
  0
LWPOLYLINE
  5
8AA
330
17
100
AcDbEntity
  8
POLYLINES
100
AcDbPolyline
 90
4
 70
0
 10
387.79
 20
636.48
 10
388.22
 20
636.91
 10
389.08
 20
638.06
 10
389.08
 20
630.29
  0
LWPOLYLINE
  5
8AB
330
17
100
AcDbEntity
  8
POLYLINES
100
AcDbPolyline
 90
17
 70
0
 10
394.99
 20
638.06
 10
392.39
 20
638.06
 10
392.11
 20
634.61
 10
392.39
 20
635.04
 10
393.11
 20
635.47
 10
393.98
 20
635.47
 10
394.7
 20
635.04
 10
395.27
 20
634.32
 10
395.42
 20
633.17
 10
395.42
 20
632.45
 10
395.27
 20
631.3
 10
394.7
 20
630.58
 10
393.98
 20
630.29
 10
393.11
 20
630.29
 10
392.39
 20
630.58
 10
392.11
 20
631.01
 10
391.82
 20
631.73
  0
LWPOLYLINE
  5
8AC
330
17
100
AcDbEntity
  8
POLYLINES
100
AcDbPolyline
 90
11
 70
0
 10
397.0
 20
630.29
 10
397.0
 20
638.06
 10
399.31
 20
638.06
 10
400.17
 20
637.63
 10
400.31
 20
637.2
 10
400.6
 20
636.48
 10
400.6
 20
635.47
 10
400.31
 20
634.61
 10
400.17
 20
634.32
 10
399.31
 20
633.89
 10
397.0
 20
633.89
  0
LWPOLYLINE
  5
8AD
330
17
100
AcDbEntity
  8
POLYLINES
100
AcDbPolyline
 90
4
 70
0
 10
365.18
 20
636.48
 10
365.61
 20
636.91
 10
366.47
 20
638.06
 10
366.47
 20
630.29
  0
LWPOLYLINE
  5
8AE
330
17
100
AcDbEntity
  8
POLYLINES
100
AcDbPolyline
 90
23
 70
0
 10
372.38
 20
636.91
 10
372.09
 20
637.63
 10
371.37
 20
638.06
 10
370.79
 20
638.06
 10
370.07
 20
637.63
 10
369.5
 20
636.48
 10
369.21
 20
634.61
 10
369.21
 20
632.88
 10
369.5
 20
631.3
 10
370.07
 20
630.58
 10
370.79
 20
630.29
 10
371.08
 20
630.29
 10
371.8
 20
630.58
 10
372.38
 20
631.3
 10
372.67
 20
632.45
 10
372.67
 20
632.88
 10
372.38
 20
633.89
 10
371.8
 20
634.61
 10
371.08
 20
635.04
 10
370.79
 20
635.04
 10
370.07
 20
634.61
 10
369.5
 20
633.89
 10
369.21
 20
632.88
  0
LWPOLYLINE
  5
8AF
330
17
100
AcDbEntity
  8
POLYLINES
100
AcDbPolyline
 90
11
 70
0
 10
374.39
 20
630.29
 10
374.39
 20
638.06
 10
376.84
 20
638.06
 10
377.56
 20
637.63
 10
377.85
 20
637.2
 10
377.99
 20
636.48
 10
377.99
 20
635.47
 10
377.85
 20
634.61
 10
377.56
 20
634.32
 10
376.84
 20
633.89
 10
374.39
 20
633.89
  0
LWPOLYLINE
  5
8B0
330
17
100
AcDbEntity
  8
POLYLINES
100
AcDbPolyline
 90
4
 70
0
 10
296.63
 20
636.48
 10
297.21
 20
636.91
 10
297.93
 20
638.06
 10
297.93
 20
630.29
  0
LWPOLYLINE
  5
8B1
330
17
100
AcDbEntity
  8
POLYLINES
100
AcDbPolyline
 90
29
 70
0
 10
302.11
 20
638.06
 10
301.39
 20
637.63
 10
301.1
 20
636.91
 10
301.1
 20
636.19
 10
301.39
 20
635.47
 10
301.82
 20
635.04
 10
302.97
 20
634.61
 10
303.69
 20
634.32
 10
304.12
 20
633.6
 10
304.41
 20
632.88
 10
304.41
 20
631.73
 10
304.12
 20
631.01
 10
303.98
 20
630.58
 10
303.11
 20
630.29
 10
302.11
 20
630.29
 10
301.39
 20
630.58
 10
301.1
 20
631.01
 10
300.81
 20
631.73
 10
300.81
 20
632.88
 10
301.1
 20
633.6
 10
301.67
 20
634.32
 10
302.39
 20
634.61
 10
303.4
 20
635.04
 10
303.98
 20
635.47
 10
304.12
 20
636.19
 10
304.12
 20
636.91
 10
303.98
 20
637.63
 10
303.11
 20
638.06
 10
302.11
 20
638.06
  0
LWPOLYLINE
  5
8B2
330
17
100
AcDbEntity
  8
POLYLINES
100
AcDbPolyline
 90
11
 70
0
 10
305.99
 20
630.29
 10
305.99
 20
638.06
 10
308.3
 20
638.06
 10
309.16
 20
637.63
 10
309.31
 20
637.2
 10
309.59
 20
636.48
 10
309.59
 20
635.47
 10
309.31
 20
634.61
 10
309.16
 20
634.32
 10
308.3
 20
633.89
 10
305.99
 20
633.89
  0
LWPOLYLINE
  5
8B3
330
17
100
AcDbEntity
  8
POLYLINES
100
AcDbPolyline
 90
4
 70
0
 10
274.17
 20
636.48
 10
274.6
 20
636.91
 10
275.47
 20
638.06
 10
275.47
 20
630.29
  0
LWPOLYLINE
  5
8B4
330
17
100
AcDbEntity
  8
POLYLINES
100
AcDbPolyline
 90
23
 70
0
 10
281.66
 20
635.47
 10
281.37
 20
634.32
 10
280.79
 20
633.6
 10
280.07
 20
633.17
 10
279.79
 20
633.17
 10
279.07
 20
633.6
 10
278.49
 20
634.32
 10
278.2
 20
635.47
 10
278.2
 20
635.76
 10
278.49
 20
636.91
 10
279.07
 20
637.63
 10
279.79
 20
638.06
 10
280.07
 20
638.06
 10
280.79
 20
637.63
 10
281.37
 20
636.91
 10
281.66
 20
635.47
 10
281.66
 20
633.6
 10
281.37
 20
631.73
 10
280.79
 20
630.58
 10
280.07
 20
630.29
 10
279.5
 20
630.29
 10
278.78
 20
630.58
 10
278.49
 20
631.3
  0
LWPOLYLINE
  5
8B5
330
17
100
AcDbEntity
  8
POLYLINES
100
AcDbPolyline
 90
11
 70
0
 10
283.39
 20
630.29
 10
283.39
 20
638.06
 10
285.69
 20
638.06
 10
286.55
 20
637.63
 10
286.84
 20
637.2
 10
286.99
 20
636.48
 10
286.99
 20
635.47
 10
286.84
 20
634.61
 10
286.55
 20
634.32
 10
285.69
 20
633.89
 10
283.39
 20
633.89
  0
LWPOLYLINE
  5
8B6
330
17
100
AcDbEntity
  8
POLYLINES
100
AcDbPolyline
 90
14
 70
0
 10
250.27
 20
636.19
 10
250.27
 20
636.48
 10
250.55
 20
637.2
 10
250.7
 20
637.63
 10
251.27
 20
638.06
 10
252.28
 20
638.06
 10
252.86
 20
637.63
 10
253.15
 20
637.2
 10
253.29
 20
636.48
 10
253.29
 20
635.76
 10
253.15
 20
635.04
 10
252.57
 20
633.89
 10
249.98
 20
630.29
 10
253.58
 20
630.29
  0
LWPOLYLINE
  5
8B7
330
17
100
AcDbEntity
  8
POLYLINES
100
AcDbPolyline
 90
17
 70
0
 10
256.75
 20
638.06
 10
255.88
 20
637.63
 10
255.45
 20
636.48
 10
255.16
 20
634.61
 10
255.16
 20
633.6
 10
255.45
 20
631.73
 10
255.88
 20
630.58
 10
256.75
 20
630.29
 10
257.18
 20
630.29
 10
258.04
 20
630.58
 10
258.47
 20
631.73
 10
258.76
 20
633.6
 10
258.76
 20
634.61
 10
258.47
 20
636.48
 10
258.04
 20
637.63
 10
257.18
 20
638.06
 10
256.75
 20
638.06
  0
LWPOLYLINE
  5
8B8
330
17
100
AcDbEntity
  8
POLYLINES
100
AcDbPolyline
 90
11
 70
0
 10
260.35
 20
630.29
 10
260.35
 20
638.06
 10
262.65
 20
638.06
 10
263.37
 20
637.63
 10
263.66
 20
637.2
 10
263.95
 20
636.48
 10
263.95
 20
635.47
 10
263.66
 20
634.61
 10
263.37
 20
634.32
 10
262.65
 20
633.89
 10
260.35
 20
633.89
  0
LWPOLYLINE
  5
8B9
330
17
100
AcDbEntity
  8
POLYLINES
100
AcDbPolyline
 90
14
 70
0
 10
228.23
 20
636.19
 10
228.23
 20
636.48
 10
228.38
 20
637.2
 10
228.67
 20
637.63
 10
229.24
 20
638.06
 10
230.25
 20
638.06
 10
230.83
 20
637.63
 10
230.97
 20
637.2
 10
231.26
 20
636.48
 10
231.26
 20
635.76
 10
230.97
 20
635.04
 10
230.54
 20
633.89
 10
227.95
 20
630.29
 10
231.55
 20
630.29
  0
LWPOLYLINE
  5
8BA
330
17
100
AcDbEntity
  8
POLYLINES
100
AcDbPolyline
 90
4
 70
0
 10
234.14
 20
636.48
 10
234.71
 20
636.91
 10
235.43
 20
638.06
 10
235.43
 20
630.29
  0
LWPOLYLINE
  5
8BB
330
17
100
AcDbEntity
  8
POLYLINES
100
AcDbPolyline
 90
11
 70
0
 10
238.31
 20
630.29
 10
238.31
 20
638.06
 10
240.62
 20
638.06
 10
241.34
 20
637.63
 10
241.63
 20
637.2
 10
241.91
 20
636.48
 10
241.91
 20
635.47
 10
241.63
 20
634.61
 10
241.34
 20
634.32
 10
240.62
 20
633.89
 10
238.31
 20
633.89
  0
LWPOLYLINE
  5
8BC
330
17
100
AcDbEntity
  8
POLYLINES
100
AcDbPolyline
 90
15
 70
0
 10
431.27
 20
530.64
 10
434.15
 20
530.64
 10
432.57
 20
527.62
 10
433.43
 20
527.62
 10
433.87
 20
527.33
 10
434.15
 20
526.9
 10
434.44
 20
525.89
 10
434.44
 20
525.02
 10
434.15
 20
524.02
 10
433.58
 20
523.3
 10
432.86
 20
522.86
 10
432.14
 20
522.86
 10
431.27
 20
523.3
 10
430.99
 20
523.58
 10
430.84
 20
524.3
  0
LWPOLYLINE
  5
8BD
330
17
100
AcDbEntity
  8
POLYLINES
100
AcDbPolyline
 90
3
 70
0
 10
438.47
 20
530.64
 10
436.03
 20
525.46
 10
439.77
 20
525.46
  0
LWPOLYLINE
  5
8BE
330
17
100
AcDbEntity
  8
POLYLINES
100
AcDbPolyline
 90
11
 70
0
 10
441.07
 20
522.86
 10
441.07
 20
530.64
 10
443.51
 20
530.64
 10
444.23
 20
530.21
 10
444.52
 20
529.92
 10
444.81
 20
529.2
 10
444.81
 20
528.05
 10
444.52
 20
527.33
 10
444.23
 20
526.9
 10
443.51
 20
526.61
 10
441.07
 20
526.61
  0
LWPOLYLINE
  5
8BF
330
17
100
AcDbEntity
  8
POLYLINES
100
AcDbPolyline
 90
15
 70
0
 10
408.67
 20
530.64
 10
411.55
 20
530.64
 10
409.96
 20
527.62
 10
410.83
 20
527.62
 10
411.26
 20
527.33
 10
411.55
 20
526.9
 10
411.83
 20
525.89
 10
411.83
 20
525.02
 10
411.55
 20
524.02
 10
411.11
 20
523.3
 10
410.25
 20
522.86
 10
409.53
 20
522.86
 10
408.67
 20
523.3
 10
408.52
 20
523.58
 10
408.23
 20
524.3
  0
LWPOLYLINE
  5
8C0
330
17
100
AcDbEntity
  8
POLYLINES
100
AcDbPolyline
 90
17
 70
0
 10
416.44
 20
530.64
 10
413.85
 20
530.64
 10
413.71
 20
527.33
 10
413.85
 20
527.62
 10
414.71
 20
528.05
 10
415.43
 20
528.05
 10
416.3
 20
527.62
 10
416.73
 20
526.9
 10
417.02
 20
525.89
 10
417.02
 20
525.02
 10
416.73
 20
524.02
 10
416.3
 20
523.3
 10
415.43
 20
522.86
 10
414.71
 20
522.86
 10
413.85
 20
523.3
 10
413.71
 20
523.58
 10
413.42
 20
524.3
  0
LWPOLYLINE
  5
8C1
330
17
100
AcDbEntity
  8
POLYLINES
100
AcDbPolyline
 90
11
 70
0
 10
418.6
 20
522.86
 10
418.6
 20
530.64
 10
420.91
 20
530.64
 10
421.63
 20
530.21
 10
421.91
 20
529.92
 10
422.2
 20
529.2
 10
422.2
 20
528.05
 10
421.91
 20
527.33
 10
421.63
 20
526.9
 10
420.91
 20
526.61
 10
418.6
 20
526.61
  0
LWPOLYLINE
  5
8C2
330
17
100
AcDbEntity
  8
POLYLINES
100
AcDbPolyline
 90
15
 70
0
 10
386.2
 20
530.64
 10
388.94
 20
530.64
 10
387.5
 20
527.62
 10
388.22
 20
527.62
 10
388.79
 20
527.33
 10
388.94
 20
526.9
 10
389.23
 20
525.89
 10
389.23
 20
525.02
 10
388.94
 20
524.02
 10
388.51
 20
523.3
 10
387.64
 20
522.86
 10
386.92
 20
522.86
 10
386.2
 20
523.3
 10
385.91
 20
523.58
 10
385.63
 20
524.3
  0
LWPOLYLINE
  5
8C3
330
17
100
AcDbEntity
  8
POLYLINES
100
AcDbPolyline
 90
23
 70
0
 10
393.98
 20
529.49
 10
393.69
 20
530.21
 10
392.83
 20
530.64
 10
392.39
 20
530.64
 10
391.53
 20
530.21
 10
391.1
 20
529.2
 10
390.81
 20
527.33
 10
390.81
 20
525.46
 10
391.1
 20
524.02
 10
391.53
 20
523.3
 10
392.39
 20
522.86
 10
392.68
 20
522.86
 10
393.4
 20
523.3
 10
393.98
 20
524.02
 10
394.12
 20
525.02
 10
394.12
 20
525.46
 10
393.98
 20
526.61
 10
393.4
 20
527.33
 10
392.68
 20
527.62
 10
392.39
 20
527.62
 10
391.53
 20
527.33
 10
391.1
 20
526.61
 10
390.81
 20
525.46
  0
LWPOLYLINE
  5
8C4
330
17
100
AcDbEntity
  8
POLYLINES
100
AcDbPolyline
 90
11
 70
0
 10
395.99
 20
522.86
 10
395.99
 20
530.64
 10
398.3
 20
530.64
 10
399.02
 20
530.21
 10
399.31
 20
529.92
 10
399.59
 20
529.2
 10
399.59
 20
528.05
 10
399.31
 20
527.33
 10
399.02
 20
526.9
 10
398.3
 20
526.61
 10
395.99
 20
526.61
  0
LWPOLYLINE
  5
8C5
330
17
100
AcDbEntity
  8
POLYLINES
100
AcDbPolyline
 90
15
 70
0
 10
363.59
 20
530.64
 10
366.47
 20
530.64
 10
364.89
 20
527.62
 10
365.61
 20
527.62
 10
366.19
 20
527.33
 10
366.47
 20
526.9
 10
366.62
 20
525.89
 10
366.62
 20
525.02
 10
366.47
 20
524.02
 10
365.9
 20
523.3
 10
365.18
 20
522.86
 10
364.31
 20
522.86
 10
363.59
 20
523.3
 10
363.31
 20
523.58
 10
363.02
 20
524.3
  0
LWPOLYLINE
  5
8C6
330
17
100
AcDbEntity
  8
POLYLINES
100
AcDbPolyline
 90
3
 70
0
 10
368.2
 20
530.64
 10
371.8
 20
530.64
 10
369.21
 20
522.86
  0
LWPOLYLINE
  5
8C7
330
17
100
AcDbEntity
  8
POLYLINES
100
AcDbPolyline
 90
11
 70
0
 10
373.39
 20
522.86
 10
373.39
 20
530.64
 10
375.69
 20
530.64
 10
376.55
 20
530.21
 10
376.7
 20
529.92
 10
376.99
 20
529.2
 10
376.99
 20
528.05
 10
376.7
 20
527.33
 10
376.55
 20
526.9
 10
375.69
 20
526.61
 10
373.39
 20
526.61
  0
LWPOLYLINE
  5
8C8
330
17
100
AcDbEntity
  8
POLYLINES
100
AcDbPolyline
 90
15
 70
0
 10
340.99
 20
530.64
 10
343.87
 20
530.64
 10
342.28
 20
527.62
 10
343.0
 20
527.62
 10
343.58
 20
527.33
 10
343.87
 20
526.9
 10
344.15
 20
525.89
 10
344.15
 20
525.02
 10
343.87
 20
524.02
 10
343.29
 20
523.3
 10
342.57
 20
522.86
 10
341.71
 20
522.86
 10
340.99
 20
523.3
 10
340.7
 20
523.58
 10
340.41
 20
524.3
  0
LWPOLYLINE
  5
8C9
330
17
100
AcDbEntity
  8
POLYLINES
100
AcDbPolyline
 90
29
 70
0
 10
346.89
 20
530.64
 10
346.17
 20
530.21
 10
345.88
 20
529.49
 10
345.88
 20
528.77
 10
346.17
 20
528.05
 10
346.75
 20
527.62
 10
347.75
 20
527.33
 10
348.47
 20
526.9
 10
349.05
 20
526.18
 10
349.34
 20
525.46
 10
349.34
 20
524.3
 10
349.05
 20
523.58
 10
348.76
 20
523.3
 10
348.04
 20
522.86
 10
346.89
 20
522.86
 10
346.17
 20
523.3
 10
345.88
 20
523.58
 10
345.59
 20
524.3
 10
345.59
 20
525.46
 10
345.88
 20
526.18
 10
346.46
 20
526.9
 10
347.18
 20
527.33
 10
348.19
 20
527.62
 10
348.76
 20
528.05
 10
349.05
 20
528.77
 10
349.05
 20
529.49
 10
348.76
 20
530.21
 10
348.04
 20
530.64
 10
346.89
 20
530.64
  0
LWPOLYLINE
  5
8CA
330
17
100
AcDbEntity
  8
POLYLINES
100
AcDbPolyline
 90
11
 70
0
 10
350.78
 20
522.86
 10
350.78
 20
530.64
 10
353.08
 20
530.64
 10
353.95
 20
530.21
 10
354.23
 20
529.92
 10
354.38
 20
529.2
 10
354.38
 20
528.05
 10
354.23
 20
527.33
 10
353.95
 20
526.9
 10
353.08
 20
526.61
 10
350.78
 20
526.61
  0
LWPOLYLINE
  5
8CB
330
17
100
AcDbEntity
  8
POLYLINES
100
AcDbPolyline
 90
15
 70
0
 10
318.38
 20
530.64
 10
321.26
 20
530.64
 10
319.67
 20
527.62
 10
320.54
 20
527.62
 10
320.97
 20
527.33
 10
321.26
 20
526.9
 10
321.55
 20
525.89
 10
321.55
 20
525.02
 10
321.26
 20
524.02
 10
320.68
 20
523.3
 10
319.96
 20
522.86
 10
319.24
 20
522.86
 10
318.38
 20
523.3
 10
318.09
 20
523.58
 10
317.95
 20
524.3
  0
LWPOLYLINE
  5
8CC
330
17
100
AcDbEntity
  8
POLYLINES
100
AcDbPolyline
 90
23
 70
0
 10
326.44
 20
528.05
 10
326.15
 20
526.9
 10
325.72
 20
526.18
 10
324.86
 20
525.89
 10
324.57
 20
525.89
 10
323.85
 20
526.18
 10
323.27
 20
526.9
 10
323.13
 20
528.05
 10
323.13
 20
528.34
 10
323.27
 20
529.49
 10
323.85
 20
530.21
 10
324.57
 20
530.64
 10
324.86
 20
530.64
 10
325.72
 20
530.21
 10
326.15
 20
529.49
 10
326.44
 20
528.05
 10
326.44
 20
526.18
 10
326.15
 20
524.3
 10
325.72
 20
523.3
 10
324.86
 20
522.86
 10
324.43
 20
522.86
 10
323.56
 20
523.3
 10
323.27
 20
524.02
  0
LWPOLYLINE
  5
8CD
330
17
100
AcDbEntity
  8
POLYLINES
100
AcDbPolyline
 90
11
 70
0
 10
328.17
 20
522.86
 10
328.17
 20
530.64
 10
330.62
 20
530.64
 10
331.34
 20
530.21
 10
331.63
 20
529.92
 10
331.91
 20
529.2
 10
331.91
 20
528.05
 10
331.63
 20
527.33
 10
331.34
 20
526.9
 10
330.62
 20
526.61
 10
328.17
 20
526.61
  0
LWPOLYLINE
  5
8CE
330
17
100
AcDbEntity
  8
POLYLINES
100
AcDbPolyline
 90
3
 70
0
 10
297.93
 20
530.64
 10
295.34
 20
525.46
 10
299.23
 20
525.46
  0
LWPOLYLINE
  5
8CF
330
17
100
AcDbEntity
  8
POLYLINES
100
AcDbPolyline
 90
17
 70
0
 10
302.11
 20
530.64
 10
301.24
 20
530.21
 10
300.81
 20
529.2
 10
300.52
 20
527.33
 10
300.52
 20
526.18
 10
300.81
 20
524.3
 10
301.24
 20
523.3
 10
302.11
 20
522.86
 10
302.54
 20
522.86
 10
303.4
 20
523.3
 10
303.83
 20
524.3
 10
304.12
 20
526.18
 10
304.12
 20
527.33
 10
303.83
 20
529.2
 10
303.4
 20
530.21
 10
302.54
 20
530.64
 10
302.11
 20
530.64
  0
LWPOLYLINE
  5
8D0
330
17
100
AcDbEntity
  8
POLYLINES
100
AcDbPolyline
 90
11
 70
0
 10
305.71
 20
522.86
 10
305.71
 20
530.64
 10
308.01
 20
530.64
 10
308.73
 20
530.21
 10
309.02
 20
529.92
 10
309.31
 20
529.2
 10
309.31
 20
528.05
 10
309.02
 20
527.33
 10
308.73
 20
526.9
 10
308.01
 20
526.61
 10
305.71
 20
526.61
  0
LWPOLYLINE
  5
8D1
330
17
100
AcDbEntity
  8
POLYLINES
100
AcDbPolyline
 90
3
 70
0
 10
275.9
 20
530.64
 10
273.31
 20
525.46
 10
277.19
 20
525.46
  0
LWPOLYLINE
  5
8D2
330
17
100
AcDbEntity
  8
POLYLINES
100
AcDbPolyline
 90
4
 70
0
 10
279.5
 20
529.2
 10
279.93
 20
529.49
 10
280.79
 20
530.64
 10
280.79
 20
522.86
  0
LWPOLYLINE
  5
8D3
330
17
100
AcDbEntity
  8
POLYLINES
100
AcDbPolyline
 90
11
 70
0
 10
283.67
 20
522.86
 10
283.67
 20
530.64
 10
285.98
 20
530.64
 10
286.7
 20
530.21
 10
286.99
 20
529.92
 10
287.27
 20
529.2
 10
287.27
 20
528.05
 10
286.99
 20
527.33
 10
286.7
 20
526.9
 10
285.98
 20
526.61
 10
283.67
 20
526.61
  0
LWPOLYLINE
  5
8D4
330
17
100
AcDbEntity
  8
POLYLINES
100
AcDbPolyline
 90
3
 70
0
 10
252.71
 20
530.64
 10
250.12
 20
525.46
 10
254.01
 20
525.46
  0
LWPOLYLINE
  5
8D5
330
17
100
AcDbEntity
  8
POLYLINES
100
AcDbPolyline
 90
14
 70
0
 10
255.59
 20
528.77
 10
255.59
 20
529.2
 10
255.88
 20
529.92
 10
256.17
 20
530.21
 10
256.6
 20
530.64
 10
257.61
 20
530.64
 10
258.19
 20
530.21
 10
258.47
 20
529.92
 10
258.76
 20
529.2
 10
258.76
 20
528.34
 10
258.47
 20
527.62
 10
257.9
 20
526.61
 10
255.31
 20
522.86
 10
258.91
 20
522.86
  0
LWPOLYLINE
  5
8D6
330
17
100
AcDbEntity
  8
POLYLINES
100
AcDbPolyline
 90
11
 70
0
 10
260.49
 20
522.86
 10
260.49
 20
530.64
 10
262.79
 20
530.64
 10
263.66
 20
530.21
 10
263.8
 20
529.92
 10
264.09
 20
529.2
 10
264.09
 20
528.05
 10
263.8
 20
527.33
 10
263.66
 20
526.9
 10
262.79
 20
526.61
 10
260.49
 20
526.61
  0
LWPOLYLINE
  5
8D7
330
17
100
AcDbEntity
  8
POLYLINES
100
AcDbPolyline
 90
3
 70
0
 10
230.11
 20
530.64
 10
227.66
 20
525.46
 10
231.4
 20
525.46
  0
LWPOLYLINE
  5
8D8
330
17
100
AcDbEntity
  8
POLYLINES
100
AcDbPolyline
 90
15
 70
0
 10
233.27
 20
530.64
 10
236.15
 20
530.64
 10
234.57
 20
527.62
 10
235.29
 20
527.62
 10
235.87
 20
527.33
 10
236.15
 20
526.9
 10
236.44
 20
525.89
 10
236.44
 20
525.02
 10
236.15
 20
524.02
 10
235.58
 20
523.3
 10
234.86
 20
522.86
 10
233.99
 20
522.86
 10
233.27
 20
523.3
 10
232.99
 20
523.58
 10
232.7
 20
524.3
  0
LWPOLYLINE
  5
8D9
330
17
100
AcDbEntity
  8
POLYLINES
100
AcDbPolyline
 90
11
 70
0
 10
237.88
 20
522.86
 10
237.88
 20
530.64
 10
240.19
 20
530.64
 10
241.05
 20
530.21
 10
241.34
 20
529.92
 10
241.48
 20
529.2
 10
241.48
 20
528.05
 10
241.34
 20
527.33
 10
241.05
 20
526.9
 10
240.19
 20
526.61
 10
237.88
 20
526.61
  0
LWPOLYLINE
  5
8DA
330
17
100
AcDbEntity
  8
POLYLINES
100
AcDbPolyline
 90
3
 70
0
 10
252.57
 20
465.7
 10
249.98
 20
460.51
 10
253.87
 20
460.51
  0
LWPOLYLINE
  5
8DB
330
17
100
AcDbEntity
  8
POLYLINES
100
AcDbPolyline
 90
17
 70
0
 10
258.33
 20
465.7
 10
255.74
 20
465.7
 10
255.45
 20
462.38
 10
255.74
 20
462.82
 10
256.46
 20
463.1
 10
257.18
 20
463.1
 10
258.04
 20
462.82
 10
258.47
 20
462.1
 10
258.76
 20
460.94
 10
258.76
 20
460.22
 10
258.47
 20
459.07
 10
258.04
 20
458.35
 10
257.18
 20
457.92
 10
256.46
 20
457.92
 10
255.74
 20
458.35
 10
255.45
 20
458.78
 10
255.16
 20
459.5
  0
LWPOLYLINE
  5
8DC
330
17
100
AcDbEntity
  8
POLYLINES
100
AcDbPolyline
 90
11
 70
0
 10
260.35
 20
457.92
 10
260.35
 20
465.7
 10
262.65
 20
465.7
 10
263.37
 20
465.41
 10
263.66
 20
464.98
 10
263.95
 20
464.26
 10
263.95
 20
463.1
 10
263.66
 20
462.38
 10
263.37
 20
462.1
 10
262.65
 20
461.66
 10
260.35
 20
461.66
  0
LWPOLYLINE
  5
8DD
330
17
100
AcDbEntity
  8
POLYLINES
100
AcDbPolyline
 90
3
 70
0
 10
275.18
 20
465.7
 10
272.59
 20
460.51
 10
276.47
 20
460.51
  0
LWPOLYLINE
  5
8DE
330
17
100
AcDbEntity
  8
POLYLINES
100
AcDbPolyline
 90
23
 70
0
 10
280.79
 20
464.69
 10
280.65
 20
465.41
 10
279.79
 20
465.7
 10
279.35
 20
465.7
 10
278.49
 20
465.41
 10
278.06
 20
464.26
 10
277.77
 20
462.38
 10
277.77
 20
460.51
 10
278.06
 20
459.07
 10
278.49
 20
458.35
 10
279.35
 20
457.92
 10
279.5
 20
457.92
 10
280.36
 20
458.35
 10
280.79
 20
459.07
 10
281.08
 20
460.22
 10
281.08
 20
460.51
 10
280.79
 20
461.66
 10
280.36
 20
462.38
 10
279.5
 20
462.82
 10
279.35
 20
462.82
 10
278.49
 20
462.38
 10
278.06
 20
461.66
 10
277.77
 20
460.51
  0
LWPOLYLINE
  5
8DF
330
17
100
AcDbEntity
  8
POLYLINES
100
AcDbPolyline
 90
11
 70
0
 10
282.95
 20
457.92
 10
282.95
 20
465.7
 10
285.26
 20
465.7
 10
285.98
 20
465.41
 10
286.27
 20
464.98
 10
286.55
 20
464.26
 10
286.55
 20
463.1
 10
286.27
 20
462.38
 10
285.98
 20
462.1
 10
285.26
 20
461.66
 10
282.95
 20
461.66
  0
LWPOLYLINE
  5
8E0
330
17
100
AcDbEntity
  8
POLYLINES
100
AcDbPolyline
 90
3
 70
0
 10
297.79
 20
465.7
 10
295.19
 20
460.51
 10
299.08
 20
460.51
  0
LWPOLYLINE
  5
8E1
330
17
100
AcDbEntity
  8
POLYLINES
100
AcDbPolyline
 90
3
 70
0
 10
300.38
 20
465.7
 10
303.98
 20
465.7
 10
301.39
 20
457.92
  0
LWPOLYLINE
  5
8E2
330
17
100
AcDbEntity
  8
POLYLINES
100
AcDbPolyline
 90
11
 70
0
 10
305.42
 20
457.92
 10
305.42
 20
465.7
 10
307.87
 20
465.7
 10
308.59
 20
465.41
 10
308.87
 20
464.98
 10
309.16
 20
464.26
 10
309.16
 20
463.1
 10
308.87
 20
462.38
 10
308.59
 20
462.1
 10
307.87
 20
461.66
 10
305.42
 20
461.66
  0
LWPOLYLINE
  5
8E3
330
17
100
AcDbEntity
  8
POLYLINES
100
AcDbPolyline
 90
3
 70
0
 10
320.25
 20
465.7
 10
317.66
 20
460.51
 10
321.55
 20
460.51
  0
LWPOLYLINE
  5
8E4
330
17
100
AcDbEntity
  8
POLYLINES
100
AcDbPolyline
 90
29
 70
0
 10
324.14
 20
465.7
 10
323.42
 20
465.41
 10
323.13
 20
464.69
 10
323.13
 20
463.82
 10
323.42
 20
463.1
 10
323.99
 20
462.82
 10
325.0
 20
462.38
 10
325.72
 20
462.1
 10
326.3
 20
461.23
 10
326.44
 20
460.51
 10
326.44
 20
459.5
 10
326.3
 20
458.78
 10
326.01
 20
458.35
 10
325.29
 20
457.92
 10
324.14
 20
457.92
 10
323.42
 20
458.35
 10
323.13
 20
458.78
 10
322.84
 20
459.5
 10
322.84
 20
460.51
 10
323.13
 20
461.23
 10
323.71
 20
462.1
 10
324.43
 20
462.38
 10
325.43
 20
462.82
 10
326.01
 20
463.1
 10
326.3
 20
463.82
 10
326.3
 20
464.69
 10
326.01
 20
465.41
 10
325.29
 20
465.7
 10
324.14
 20
465.7
  0
LWPOLYLINE
  5
8E5
330
17
100
AcDbEntity
  8
POLYLINES
100
AcDbPolyline
 90
11
 70
0
 10
328.03
 20
457.92
 10
328.03
 20
465.7
 10
330.33
 20
465.7
 10
331.19
 20
465.41
 10
331.48
 20
464.98
 10
331.63
 20
464.26
 10
331.63
 20
463.1
 10
331.48
 20
462.38
 10
331.19
 20
462.1
 10
330.33
 20
461.66
 10
328.03
 20
461.66
  0
LWPOLYLINE
  5
8E6
330
17
100
AcDbEntity
  8
POLYLINES
100
AcDbPolyline
 90
17
 70
0
 10
388.79
 20
465.7
 10
386.2
 20
465.7
 10
385.91
 20
462.38
 10
386.2
 20
462.82
 10
386.92
 20
463.1
 10
387.64
 20
463.1
 10
388.51
 20
462.82
 10
388.94
 20
462.1
 10
389.23
 20
460.94
 10
389.23
 20
460.22
 10
388.94
 20
459.07
 10
388.51
 20
458.35
 10
387.64
 20
457.92
 10
386.92
 20
457.92
 10
386.2
 20
458.35
 10
385.91
 20
458.78
 10
385.63
 20
459.5
  0
LWPOLYLINE
  5
8E7
330
17
100
AcDbEntity
  8
POLYLINES
100
AcDbPolyline
 90
17
 70
0
 10
392.39
 20
465.7
 10
391.53
 20
465.41
 10
391.1
 20
464.26
 10
390.81
 20
462.38
 10
390.81
 20
461.23
 10
391.1
 20
459.5
 10
391.53
 20
458.35
 10
392.39
 20
457.92
 10
392.83
 20
457.92
 10
393.69
 20
458.35
 10
394.12
 20
459.5
 10
394.41
 20
461.23
 10
394.41
 20
462.38
 10
394.12
 20
464.26
 10
393.69
 20
465.41
 10
392.83
 20
465.7
 10
392.39
 20
465.7
  0
LWPOLYLINE
  5
8E8
330
17
100
AcDbEntity
  8
POLYLINES
100
AcDbPolyline
 90
11
 70
0
 10
395.99
 20
457.92
 10
395.99
 20
465.7
 10
398.3
 20
465.7
 10
399.02
 20
465.41
 10
399.31
 20
464.98
 10
399.59
 20
464.26
 10
399.59
 20
463.1
 10
399.31
 20
462.38
 10
399.02
 20
462.1
 10
398.3
 20
461.66
 10
395.99
 20
461.66
  0
LWPOLYLINE
  5
8E9
330
17
100
AcDbEntity
  8
POLYLINES
100
AcDbPolyline
 90
17
 70
0
 10
411.98
 20
465.7
 10
409.39
 20
465.7
 10
409.1
 20
462.38
 10
409.39
 20
462.82
 10
410.25
 20
463.1
 10
410.97
 20
463.1
 10
411.69
 20
462.82
 10
412.27
 20
462.1
 10
412.55
 20
460.94
 10
412.55
 20
460.22
 10
412.27
 20
459.07
 10
411.69
 20
458.35
 10
410.97
 20
457.92
 10
410.25
 20
457.92
 10
409.39
 20
458.35
 10
409.1
 20
458.78
 10
408.95
 20
459.5
  0
LWPOLYLINE
  5
8EA
330
17
100
AcDbEntity
  8
POLYLINES
100
AcDbPolyline
 90
4
 70
0
 10
415.15
 20
464.26
 10
415.58
 20
464.69
 10
416.44
 20
465.7
 10
416.44
 20
457.92
  0
LWPOLYLINE
  5
8EB
330
17
100
AcDbEntity
  8
POLYLINES
100
AcDbPolyline
 90
11
 70
0
 10
419.18
 20
457.92
 10
419.18
 20
465.7
 10
421.63
 20
465.7
 10
422.35
 20
465.41
 10
422.63
 20
464.98
 10
422.92
 20
464.26
 10
422.92
 20
463.1
 10
422.63
 20
462.38
 10
422.35
 20
462.1
 10
421.63
 20
461.66
 10
419.18
 20
461.66
  0
LWPOLYLINE
  5
8EC
330
17
100
AcDbEntity
  8
POLYLINES
100
AcDbPolyline
 90
17
 70
0
 10
434.3
 20
465.7
 10
431.71
 20
465.7
 10
431.42
 20
462.38
 10
431.71
 20
462.82
 10
432.43
 20
463.1
 10
433.15
 20
463.1
 10
434.01
 20
462.82
 10
434.44
 20
462.1
 10
434.73
 20
460.94
 10
434.73
 20
460.22
 10
434.44
 20
459.07
 10
434.01
 20
458.35
 10
433.15
 20
457.92
 10
432.43
 20
457.92
 10
431.71
 20
458.35
 10
431.42
 20
458.78
 10
431.13
 20
459.5
  0
LWPOLYLINE
  5
8ED
330
17
100
AcDbEntity
  8
POLYLINES
100
AcDbPolyline
 90
14
 70
0
 10
436.6
 20
463.82
 10
436.6
 20
464.26
 10
436.89
 20
464.98
 10
437.03
 20
465.41
 10
437.61
 20
465.7
 10
438.62
 20
465.7
 10
439.19
 20
465.41
 10
439.48
 20
464.98
 10
439.63
 20
464.26
 10
439.63
 20
463.54
 10
439.48
 20
462.82
 10
438.91
 20
461.66
 10
436.31
 20
457.92
 10
439.91
 20
457.92
  0
LWPOLYLINE
  5
8EE
330
17
100
AcDbEntity
  8
POLYLINES
100
AcDbPolyline
 90
11
 70
0
 10
441.5
 20
457.92
 10
441.5
 20
465.7
 10
443.8
 20
465.7
 10
444.52
 20
465.41
 10
444.81
 20
464.98
 10
445.1
 20
464.26
 10
445.1
 20
463.1
 10
444.81
 20
462.38
 10
444.52
 20
462.1
 10
443.8
 20
461.66
 10
441.5
 20
461.66
  0
LWPOLYLINE
  5
8EF
330
17
100
AcDbEntity
  8
POLYLINES
100
AcDbPolyline
 90
17
 70
0
 10
457.05
 20
465.7
 10
454.46
 20
465.7
 10
454.17
 20
462.38
 10
454.46
 20
462.82
 10
455.18
 20
463.1
 10
455.9
 20
463.1
 10
456.76
 20
462.82
 10
457.19
 20
462.1
 10
457.48
 20
460.94
 10
457.48
 20
460.22
 10
457.19
 20
459.07
 10
456.76
 20
458.35
 10
455.9
 20
457.92
 10
455.18
 20
457.92
 10
454.46
 20
458.35
 10
454.17
 20
458.78
 10
453.88
 20
459.5
  0
LWPOLYLINE
  5
8F0
330
17
100
AcDbEntity
  8
POLYLINES
100
AcDbPolyline
 90
15
 70
0
 10
459.64
 20
465.7
 10
462.38
 20
465.7
 10
460.94
 20
462.82
 10
461.66
 20
462.82
 10
462.23
 20
462.38
 10
462.38
 20
462.1
 10
462.67
 20
460.94
 10
462.67
 20
460.22
 10
462.38
 20
459.07
 10
461.95
 20
458.35
 10
461.08
 20
457.92
 10
460.36
 20
457.92
 10
459.64
 20
458.35
 10
459.35
 20
458.78
 10
459.07
 20
459.5
  0
LWPOLYLINE
  5
8F1
330
17
100
AcDbEntity
  8
POLYLINES
100
AcDbPolyline
 90
11
 70
0
 10
464.25
 20
457.92
 10
464.25
 20
465.7
 10
466.55
 20
465.7
 10
467.27
 20
465.41
 10
467.56
 20
464.98
 10
467.85
 20
464.26
 10
467.85
 20
463.1
 10
467.56
 20
462.38
 10
467.27
 20
462.1
 10
466.55
 20
461.66
 10
464.25
 20
461.66
  0
LWPOLYLINE
  5
8F2
330
17
100
AcDbEntity
  8
POLYLINES
100
AcDbPolyline
 90
17
 70
0
 10
433.87
 20
423.07
 10
431.27
 20
423.07
 10
430.99
 20
419.76
 10
431.27
 20
420.05
 10
432.14
 20
420.48
 10
432.86
 20
420.48
 10
433.58
 20
420.05
 10
434.15
 20
419.33
 10
434.44
 20
418.32
 10
434.44
 20
417.46
 10
434.15
 20
416.45
 10
433.58
 20
415.73
 10
432.86
 20
415.3
 10
432.14
 20
415.3
 10
431.27
 20
415.73
 10
430.99
 20
416.02
 10
430.84
 20
416.74
  0
LWPOLYLINE
  5
8F3
330
17
100
AcDbEntity
  8
POLYLINES
100
AcDbPolyline
 90
17
 70
0
 10
439.05
 20
423.07
 10
436.46
 20
423.07
 10
436.17
 20
419.76
 10
436.46
 20
420.05
 10
437.32
 20
420.48
 10
438.04
 20
420.48
 10
438.76
 20
420.05
 10
439.34
 20
419.33
 10
439.63
 20
418.32
 10
439.63
 20
417.46
 10
439.34
 20
416.45
 10
438.76
 20
415.73
 10
438.04
 20
415.3
 10
437.32
 20
415.3
 10
436.46
 20
415.73
 10
436.17
 20
416.02
 10
436.03
 20
416.74
  0
LWPOLYLINE
  5
8F4
330
17
100
AcDbEntity
  8
POLYLINES
100
AcDbPolyline
 90
11
 70
0
 10
441.07
 20
415.3
 10
441.07
 20
423.07
 10
443.51
 20
423.07
 10
444.23
 20
422.64
 10
444.52
 20
422.35
 10
444.81
 20
421.63
 10
444.81
 20
420.48
 10
444.52
 20
419.76
 10
444.23
 20
419.33
 10
443.51
 20
419.04
 10
441.07
 20
419.04
  0
LWPOLYLINE
  5
8F5
330
17
100
AcDbEntity
  8
POLYLINES
100
AcDbPolyline
 90
17
 70
0
 10
411.26
 20
423.07
 10
408.67
 20
423.07
 10
408.52
 20
419.76
 10
408.67
 20
420.05
 10
409.53
 20
420.48
 10
410.25
 20
420.48
 10
411.11
 20
420.05
 10
411.55
 20
419.33
 10
411.83
 20
418.32
 10
411.83
 20
417.46
 10
411.55
 20
416.45
 10
411.11
 20
415.73
 10
410.25
 20
415.3
 10
409.53
 20
415.3
 10
408.67
 20
415.73
 10
408.52
 20
416.02
 10
408.23
 20
416.74
  0
LWPOLYLINE
  5
8F6
330
17
100
AcDbEntity
  8
POLYLINES
100
AcDbPolyline
 90
23
 70
0
 10
416.44
 20
421.92
 10
416.3
 20
422.64
 10
415.43
 20
423.07
 10
415.0
 20
423.07
 10
414.14
 20
422.64
 10
413.71
 20
421.63
 10
413.42
 20
419.76
 10
413.42
 20
417.89
 10
413.71
 20
416.45
 10
414.14
 20
415.73
 10
415.0
 20
415.3
 10
415.15
 20
415.3
 10
416.01
 20
415.73
 10
416.44
 20
416.45
 10
416.73
 20
417.46
 10
416.73
 20
417.89
 10
416.44
 20
419.04
 10
416.01
 20
419.76
 10
415.15
 20
420.05
 10
415.0
 20
420.05
 10
414.14
 20
419.76
 10
413.71
 20
419.04
 10
413.42
 20
417.89
  0
LWPOLYLINE
  5
8F7
330
17
100
AcDbEntity
  8
POLYLINES
100
AcDbPolyline
 90
11
 70
0
 10
418.6
 20
415.3
 10
418.6
 20
423.07
 10
420.91
 20
423.07
 10
421.63
 20
422.64
 10
421.91
 20
422.35
 10
422.2
 20
421.63
 10
422.2
 20
420.48
 10
421.91
 20
419.76
 10
421.63
 20
419.33
 10
420.91
 20
419.04
 10
418.6
 20
419.04
  0
LWPOLYLINE
  5
8F8
330
17
100
AcDbEntity
  8
POLYLINES
100
AcDbPolyline
 90
17
 70
0
 10
388.79
 20
423.07
 10
386.2
 20
423.07
 10
385.91
 20
419.76
 10
386.2
 20
420.05
 10
386.92
 20
420.48
 10
387.64
 20
420.48
 10
388.51
 20
420.05
 10
388.94
 20
419.33
 10
389.23
 20
418.32
 10
389.23
 20
417.46
 10
388.94
 20
416.45
 10
388.51
 20
415.73
 10
387.64
 20
415.3
 10
386.92
 20
415.3
 10
386.2
 20
415.73
 10
385.91
 20
416.02
 10
385.63
 20
416.74
  0
LWPOLYLINE
  5
8F9
330
17
100
AcDbEntity
  8
POLYLINES
100
AcDbPolyline
 90
3
 70
0
 10
390.81
 20
423.07
 10
394.41
 20
423.07
 10
391.82
 20
415.3
  0
LWPOLYLINE
  5
8FA
330
17
100
AcDbEntity
  8
POLYLINES
100
AcDbPolyline
 90
11
 70
0
 10
395.99
 20
415.3
 10
395.99
 20
423.07
 10
398.3
 20
423.07
 10
399.02
 20
422.64
 10
399.31
 20
422.35
 10
399.59
 20
421.63
 10
399.59
 20
420.48
 10
399.31
 20
419.76
 10
399.02
 20
419.33
 10
398.3
 20
419.04
 10
395.99
 20
419.04
  0
LWPOLYLINE
  5
8FB
330
17
100
AcDbEntity
  8
POLYLINES
100
AcDbPolyline
 90
17
 70
0
 10
366.19
 20
423.07
 10
363.59
 20
423.07
 10
363.31
 20
419.76
 10
363.59
 20
420.05
 10
364.31
 20
420.48
 10
365.18
 20
420.48
 10
365.9
 20
420.05
 10
366.47
 20
419.33
 10
366.62
 20
418.32
 10
366.62
 20
417.46
 10
366.47
 20
416.45
 10
365.9
 20
415.73
 10
365.18
 20
415.3
 10
364.31
 20
415.3
 10
363.59
 20
415.73
 10
363.31
 20
416.02
 10
363.02
 20
416.74
  0
LWPOLYLINE
  5
8FC
330
17
100
AcDbEntity
  8
POLYLINES
100
AcDbPolyline
 90
29
 70
0
 10
369.5
 20
423.07
 10
368.78
 20
422.64
 10
368.49
 20
421.92
 10
368.49
 20
421.2
 10
368.78
 20
420.48
 10
369.21
 20
420.05
 10
370.36
 20
419.76
 10
371.08
 20
419.33
 10
371.66
 20
418.61
 10
371.8
 20
417.89
 10
371.8
 20
416.74
 10
371.66
 20
416.02
 10
371.37
 20
415.73
 10
370.51
 20
415.3
 10
369.5
 20
415.3
 10
368.78
 20
415.73
 10
368.49
 20
416.02
 10
368.2
 20
416.74
 10
368.2
 20
417.89
 10
368.49
 20
418.61
 10
369.07
 20
419.33
 10
369.79
 20
419.76
 10
370.79
 20
420.05
 10
371.37
 20
420.48
 10
371.66
 20
421.2
 10
371.66
 20
421.92
 10
371.37
 20
422.64
 10
370.51
 20
423.07
 10
369.5
 20
423.07
  0
LWPOLYLINE
  5
8FD
330
17
100
AcDbEntity
  8
POLYLINES
100
AcDbPolyline
 90
11
 70
0
 10
373.39
 20
415.3
 10
373.39
 20
423.07
 10
375.69
 20
423.07
 10
376.55
 20
422.64
 10
376.7
 20
422.35
 10
376.99
 20
421.63
 10
376.99
 20
420.48
 10
376.7
 20
419.76
 10
376.55
 20
419.33
 10
375.69
 20
419.04
 10
373.39
 20
419.04
  0
LWPOLYLINE
  5
8FE
330
17
100
AcDbEntity
  8
POLYLINES
100
AcDbPolyline
 90
17
 70
0
 10
343.58
 20
423.07
 10
340.99
 20
423.07
 10
340.7
 20
419.76
 10
340.99
 20
420.05
 10
341.71
 20
420.48
 10
342.57
 20
420.48
 10
343.29
 20
420.05
 10
343.87
 20
419.33
 10
344.15
 20
418.32
 10
344.15
 20
417.46
 10
343.87
 20
416.45
 10
343.29
 20
415.73
 10
342.57
 20
415.3
 10
341.71
 20
415.3
 10
340.99
 20
415.73
 10
340.7
 20
416.02
 10
340.41
 20
416.74
  0
LWPOLYLINE
  5
8FF
330
17
100
AcDbEntity
  8
POLYLINES
100
AcDbPolyline
 90
23
 70
0
 10
349.05
 20
420.48
 10
348.76
 20
419.33
 10
348.19
 20
418.61
 10
347.47
 20
418.32
 10
347.18
 20
418.32
 10
346.46
 20
418.61
 10
345.88
 20
419.33
 10
345.59
 20
420.48
 10
345.59
 20
420.91
 10
345.88
 20
421.92
 10
346.46
 20
422.64
 10
347.18
 20
423.07
 10
347.47
 20
423.07
 10
348.19
 20
422.64
 10
348.76
 20
421.92
 10
349.05
 20
420.48
 10
349.05
 20
418.61
 10
348.76
 20
416.74
 10
348.19
 20
415.73
 10
347.47
 20
415.3
 10
346.89
 20
415.3
 10
346.17
 20
415.73
 10
345.88
 20
416.45
  0
LWPOLYLINE
  5
900
330
17
100
AcDbEntity
  8
POLYLINES
100
AcDbPolyline
 90
11
 70
0
 10
350.78
 20
415.3
 10
350.78
 20
423.07
 10
353.08
 20
423.07
 10
353.95
 20
422.64
 10
354.23
 20
422.35
 10
354.38
 20
421.63
 10
354.38
 20
420.48
 10
354.23
 20
419.76
 10
353.95
 20
419.33
 10
353.08
 20
419.04
 10
350.78
 20
419.04
  0
LWPOLYLINE
  5
901
330
17
100
AcDbEntity
  8
POLYLINES
100
AcDbPolyline
 90
23
 70
0
 10
320.97
 20
421.92
 10
320.68
 20
422.64
 10
319.96
 20
423.07
 10
319.39
 20
423.07
 10
318.67
 20
422.64
 10
318.09
 20
421.63
 10
317.95
 20
419.76
 10
317.95
 20
417.89
 10
318.09
 20
416.45
 10
318.67
 20
415.73
 10
319.39
 20
415.3
 10
319.67
 20
415.3
 10
320.54
 20
415.73
 10
320.97
 20
416.45
 10
321.26
 20
417.46
 10
321.26
 20
417.89
 10
320.97
 20
419.04
 10
320.54
 20
419.76
 10
319.67
 20
420.05
 10
319.39
 20
420.05
 10
318.67
 20
419.76
 10
318.09
 20
419.04
 10
317.95
 20
417.89
  0
LWPOLYLINE
  5
902
330
17
100
AcDbEntity
  8
POLYLINES
100
AcDbPolyline
 90
17
 70
0
 10
324.57
 20
423.07
 10
323.85
 20
422.64
 10
323.27
 20
421.63
 10
323.13
 20
419.76
 10
323.13
 20
418.61
 10
323.27
 20
416.74
 10
323.85
 20
415.73
 10
324.57
 20
415.3
 10
325.15
 20
415.3
 10
325.87
 20
415.73
 10
326.44
 20
416.74
 10
326.73
 20
418.61
 10
326.73
 20
419.76
 10
326.44
 20
421.63
 10
325.87
 20
422.64
 10
325.15
 20
423.07
 10
324.57
 20
423.07
  0
LWPOLYLINE
  5
903
330
17
100
AcDbEntity
  8
POLYLINES
100
AcDbPolyline
 90
11
 70
0
 10
328.17
 20
415.3
 10
328.17
 20
423.07
 10
330.62
 20
423.07
 10
331.34
 20
422.64
 10
331.63
 20
422.35
 10
331.91
 20
421.63
 10
331.91
 20
420.48
 10
331.63
 20
419.76
 10
331.34
 20
419.33
 10
330.62
 20
419.04
 10
328.17
 20
419.04
  0
LWPOLYLINE
  5
904
330
17
100
AcDbEntity
  8
POLYLINES
100
AcDbPolyline
 90
23
 70
0
 10
298.94
 20
421.92
 10
298.65
 20
422.64
 10
297.93
 20
423.07
 10
297.35
 20
423.07
 10
296.63
 20
422.64
 10
296.06
 20
421.63
 10
295.77
 20
419.76
 10
295.77
 20
417.89
 10
296.06
 20
416.45
 10
296.63
 20
415.73
 10
297.35
 20
415.3
 10
297.64
 20
415.3
 10
298.36
 20
415.73
 10
298.94
 20
416.45
 10
299.23
 20
417.46
 10
299.23
 20
417.89
 10
298.94
 20
419.04
 10
298.36
 20
419.76
 10
297.64
 20
420.05
 10
297.35
 20
420.05
 10
296.63
 20
419.76
 10
296.06
 20
419.04
 10
295.77
 20
417.89
  0
LWPOLYLINE
  5
905
330
17
100
AcDbEntity
  8
POLYLINES
100
AcDbPolyline
 90
4
 70
0
 10
302.11
 20
421.63
 10
302.54
 20
421.92
 10
303.4
 20
423.07
 10
303.4
 20
415.3
  0
LWPOLYLINE
  5
906
330
17
100
AcDbEntity
  8
POLYLINES
100
AcDbPolyline
 90
11
 70
0
 10
306.14
 20
415.3
 10
306.14
 20
423.07
 10
308.44
 20
423.07
 10
309.31
 20
422.64
 10
309.59
 20
422.35
 10
309.74
 20
421.63
 10
309.74
 20
420.48
 10
309.59
 20
419.76
 10
309.31
 20
419.33
 10
308.44
 20
419.04
 10
306.14
 20
419.04
  0
LWPOLYLINE
  5
907
330
17
100
AcDbEntity
  8
POLYLINES
100
AcDbPolyline
 90
23
 70
0
 10
275.9
 20
421.92
 10
275.61
 20
422.64
 10
274.75
 20
423.07
 10
274.31
 20
423.07
 10
273.59
 20
422.64
 10
273.02
 20
421.63
 10
272.73
 20
419.76
 10
272.73
 20
417.89
 10
273.02
 20
416.45
 10
273.59
 20
415.73
 10
274.31
 20
415.3
 10
274.6
 20
415.3
 10
275.32
 20
415.73
 10
275.9
 20
416.45
 10
276.04
 20
417.46
 10
276.04
 20
417.89
 10
275.9
 20
419.04
 10
275.32
 20
419.76
 10
274.6
 20
420.05
 10
274.31
 20
420.05
 10
273.59
 20
419.76
 10
273.02
 20
419.04
 10
272.73
 20
417.89
  0
LWPOLYLINE
  5
908
330
17
100
AcDbEntity
  8
POLYLINES
100
AcDbPolyline
 90
14
 70
0
 10
278.2
 20
421.2
 10
278.2
 20
421.63
 10
278.49
 20
422.35
 10
278.63
 20
422.64
 10
279.21
 20
423.07
 10
280.22
 20
423.07
 10
280.79
 20
422.64
 10
281.08
 20
422.35
 10
281.23
 20
421.63
 10
281.23
 20
420.91
 10
281.08
 20
420.05
 10
280.51
 20
419.04
 10
277.91
 20
415.3
 10
281.51
 20
415.3
  0
LWPOLYLINE
  5
909
330
17
100
AcDbEntity
  8
POLYLINES
100
AcDbPolyline
 90
11
 70
0
 10
283.1
 20
415.3
 10
283.1
 20
423.07
 10
285.4
 20
423.07
 10
286.12
 20
422.64
 10
286.41
 20
422.35
 10
286.7
 20
421.63
 10
286.7
 20
420.48
 10
286.41
 20
419.76
 10
286.12
 20
419.33
 10
285.4
 20
419.04
 10
283.1
 20
419.04
  0
LWPOLYLINE
  5
90A
330
17
100
AcDbEntity
  8
POLYLINES
100
AcDbPolyline
 90
23
 70
0
 10
253.29
 20
421.92
 10
253.0
 20
422.64
 10
252.28
 20
423.07
 10
251.71
 20
423.07
 10
250.99
 20
422.64
 10
250.41
 20
421.63
 10
250.12
 20
419.76
 10
250.12
 20
417.89
 10
250.41
 20
416.45
 10
250.99
 20
415.73
 10
251.71
 20
415.3
 10
251.99
 20
415.3
 10
252.71
 20
415.73
 10
253.29
 20
416.45
 10
253.58
 20
417.46
 10
253.58
 20
417.89
 10
253.29
 20
419.04
 10
252.71
 20
419.76
 10
251.99
 20
420.05
 10
251.71
 20
420.05
 10
250.99
 20
419.76
 10
250.41
 20
419.04
 10
250.12
 20
417.89
  0
LWPOLYLINE
  5
90B
330
17
100
AcDbEntity
  8
POLYLINES
100
AcDbPolyline
 90
15
 70
0
 10
255.88
 20
423.07
 10
258.76
 20
423.07
 10
257.18
 20
420.05
 10
257.9
 20
420.05
 10
258.47
 20
419.76
 10
258.76
 20
419.33
 10
258.91
 20
418.32
 10
258.91
 20
417.46
 10
258.76
 20
416.45
 10
258.19
 20
415.73
 10
257.47
 20
415.3
 10
256.6
 20
415.3
 10
255.88
 20
415.73
 10
255.59
 20
416.02
 10
255.31
 20
416.74
  0
LWPOLYLINE
  5
90C
330
17
100
AcDbEntity
  8
POLYLINES
100
AcDbPolyline
 90
11
 70
0
 10
260.49
 20
415.3
 10
260.49
 20
423.07
 10
262.79
 20
423.07
 10
263.66
 20
422.64
 10
263.8
 20
422.35
 10
264.09
 20
421.63
 10
264.09
 20
420.48
 10
263.8
 20
419.76
 10
263.66
 20
419.33
 10
262.79
 20
419.04
 10
260.49
 20
419.04
  0
LWPOLYLINE
  5
90D
330
17
100
AcDbEntity
  8
POLYLINES
100
AcDbPolyline
 90
23
 70
0
 10
230.68
 20
421.92
 10
230.39
 20
422.64
 10
229.67
 20
423.07
 10
229.1
 20
423.07
 10
228.38
 20
422.64
 10
227.8
 20
421.63
 10
227.66
 20
419.76
 10
227.66
 20
417.89
 10
227.8
 20
416.45
 10
228.38
 20
415.73
 10
229.1
 20
415.3
 10
229.39
 20
415.3
 10
230.11
 20
415.73
 10
230.68
 20
416.45
 10
230.97
 20
417.46
 10
230.97
 20
417.89
 10
230.68
 20
419.04
 10
230.11
 20
419.76
 10
229.39
 20
420.05
 10
229.1
 20
420.05
 10
228.38
 20
419.76
 10
227.8
 20
419.04
 10
227.66
 20
417.89
  0
LWPOLYLINE
  5
90E
330
17
100
AcDbEntity
  8
POLYLINES
100
AcDbPolyline
 90
3
 70
0
 10
235.29
 20
423.07
 10
232.7
 20
417.89
 10
236.59
 20
417.89
  0
LWPOLYLINE
  5
90F
330
17
100
AcDbEntity
  8
POLYLINES
100
AcDbPolyline
 90
11
 70
0
 10
237.88
 20
415.3
 10
237.88
 20
423.07
 10
240.19
 20
423.07
 10
241.05
 20
422.64
 10
241.34
 20
422.35
 10
241.48
 20
421.63
 10
241.48
 20
420.48
 10
241.34
 20
419.76
 10
241.05
 20
419.33
 10
240.19
 20
419.04
 10
237.88
 20
419.04
  0
LWPOLYLINE
  5
910
330
17
100
AcDbEntity
  8
POLYLINES
100
AcDbPolyline
 90
23
 70
0
 10
253.15
 20
357.26
 10
252.86
 20
357.98
 10
251.99
 20
358.42
 10
251.56
 20
358.42
 10
250.7
 20
357.98
 10
250.27
 20
356.83
 10
249.98
 20
354.96
 10
249.98
 20
353.23
 10
250.27
 20
351.65
 10
250.7
 20
350.93
 10
251.56
 20
350.64
 10
251.85
 20
350.64
 10
252.57
 20
350.93
 10
253.15
 20
351.65
 10
253.29
 20
352.8
 10
253.29
 20
353.23
 10
253.15
 20
354.24
 10
252.57
 20
354.96
 10
251.85
 20
355.39
 10
251.56
 20
355.39
 10
250.7
 20
354.96
 10
250.27
 20
354.24
 10
249.98
 20
353.23
  0
LWPOLYLINE
  5
911
330
17
100
AcDbEntity
  8
POLYLINES
100
AcDbPolyline
 90
23
 70
0
 10
258.33
 20
357.26
 10
258.04
 20
357.98
 10
257.18
 20
358.42
 10
256.75
 20
358.42
 10
255.88
 20
357.98
 10
255.45
 20
356.83
 10
255.16
 20
354.96
 10
255.16
 20
353.23
 10
255.45
 20
351.65
 10
255.88
 20
350.93
 10
256.75
 20
350.64
 10
257.03
 20
350.64
 10
257.75
 20
350.93
 10
258.33
 20
351.65
 10
258.47
 20
352.8
 10
258.47
 20
353.23
 10
258.33
 20
354.24
 10
257.75
 20
354.96
 10
257.03
 20
355.39
 10
256.75
 20
355.39
 10
255.88
 20
354.96
 10
255.45
 20
354.24
 10
255.16
 20
353.23
  0
LWPOLYLINE
  5
912
330
17
100
AcDbEntity
  8
POLYLINES
100
AcDbPolyline
 90
11
 70
0
 10
260.35
 20
350.64
 10
260.35
 20
358.42
 10
262.65
 20
358.42
 10
263.37
 20
357.98
 10
263.66
 20
357.55
 10
263.95
 20
356.83
 10
263.95
 20
355.82
 10
263.66
 20
354.96
 10
263.37
 20
354.67
 10
262.65
 20
354.24
 10
260.35
 20
354.24
  0
LWPOLYLINE
  5
913
330
17
100
AcDbEntity
  8
POLYLINES
100
AcDbPolyline
 90
23
 70
0
 10
275.61
 20
357.26
 10
275.47
 20
357.98
 10
274.6
 20
358.42
 10
274.17
 20
358.42
 10
273.31
 20
357.98
 10
272.87
 20
356.83
 10
272.59
 20
354.96
 10
272.59
 20
353.23
 10
272.87
 20
351.65
 10
273.31
 20
350.93
 10
274.17
 20
350.64
 10
274.31
 20
350.64
 10
275.18
 20
350.93
 10
275.61
 20
351.65
 10
275.9
 20
352.8
 10
275.9
 20
353.23
 10
275.61
 20
354.24
 10
275.18
 20
354.96
 10
274.31
 20
355.39
 10
274.17
 20
355.39
 10
273.31
 20
354.96
 10
272.87
 20
354.24
 10
272.59
 20
353.23
  0
LWPOLYLINE
  5
914
330
17
100
AcDbEntity
  8
POLYLINES
100
AcDbPolyline
 90
3
 70
0
 10
277.77
 20
358.42
 10
281.37
 20
358.42
 10
278.78
 20
350.64
  0
LWPOLYLINE
  5
915
330
17
100
AcDbEntity
  8
POLYLINES
100
AcDbPolyline
 90
11
 70
0
 10
282.95
 20
350.64
 10
282.95
 20
358.42
 10
285.26
 20
358.42
 10
285.98
 20
357.98
 10
286.27
 20
357.55
 10
286.55
 20
356.83
 10
286.55
 20
355.82
 10
286.27
 20
354.96
 10
285.98
 20
354.67
 10
285.26
 20
354.24
 10
282.95
 20
354.24
  0
LWPOLYLINE
  5
916
330
17
100
AcDbEntity
  8
POLYLINES
100
AcDbPolyline
 90
23
 70
0
 10
298.22
 20
357.26
 10
297.93
 20
357.98
 10
297.21
 20
358.42
 10
296.63
 20
358.42
 10
295.91
 20
357.98
 10
295.34
 20
356.83
 10
295.19
 20
354.96
 10
295.19
 20
353.23
 10
295.34
 20
351.65
 10
295.91
 20
350.93
 10
296.63
 20
350.64
 10
296.92
 20
350.64
 10
297.79
 20
350.93
 10
298.22
 20
351.65
 10
298.51
 20
352.8
 10
298.51
 20
353.23
 10
298.22
 20
354.24
 10
297.79
 20
354.96
 10
296.92
 20
355.39
 10
296.63
 20
355.39
 10
295.91
 20
354.96
 10
295.34
 20
354.24
 10
295.19
 20
353.23
  0
LWPOLYLINE
  5
917
330
17
100
AcDbEntity
  8
POLYLINES
100
AcDbPolyline
 90
29
 70
0
 10
301.67
 20
358.42
 10
300.81
 20
357.98
 10
300.52
 20
357.26
 10
300.52
 20
356.54
 10
300.81
 20
355.82
 10
301.39
 20
355.39
 10
302.39
 20
354.96
 10
303.11
 20
354.67
 10
303.69
 20
353.95
 10
303.98
 20
353.23
 10
303.98
 20
352.08
 10
303.69
 20
351.36
 10
303.4
 20
350.93
 10
302.68
 20
350.64
 10
301.67
 20
350.64
 10
300.81
 20
350.93
 10
300.52
 20
351.36
 10
300.38
 20
352.08
 10
300.38
 20
353.23
 10
300.52
 20
353.95
 10
301.1
 20
354.67
 10
301.82
 20
354.96
 10
302.97
 20
355.39
 10
303.4
 20
355.82
 10
303.69
 20
356.54
 10
303.69
 20
357.26
 10
303.4
 20
357.98
 10
302.68
 20
358.42
 10
301.67
 20
358.42
  0
LWPOLYLINE
  5
918
330
17
100
AcDbEntity
  8
POLYLINES
100
AcDbPolyline
 90
11
 70
0
 10
305.42
 20
350.64
 10
305.42
 20
358.42
 10
307.87
 20
358.42
 10
308.59
 20
357.98
 10
308.87
 20
357.55
 10
309.16
 20
356.83
 10
309.16
 20
355.82
 10
308.87
 20
354.96
 10
308.59
 20
354.67
 10
307.87
 20
354.24
 10
305.42
 20
354.24
  0
LWPOLYLINE
  5
919
330
17
100
AcDbEntity
  8
POLYLINES
100
AcDbPolyline
 90
23
 70
0
 10
320.83
 20
357.26
 10
320.54
 20
357.98
 10
319.82
 20
358.42
 10
319.24
 20
358.42
 10
318.52
 20
357.98
 10
317.95
 20
356.83
 10
317.66
 20
354.96
 10
317.66
 20
353.23
 10
317.95
 20
351.65
 10
318.52
 20
350.93
 10
319.24
 20
350.64
 10
319.53
 20
350.64
 10
320.25
 20
350.93
 10
320.83
 20
351.65
 10
321.11
 20
352.8
 10
321.11
 20
353.23
 10
320.83
 20
354.24
 10
320.25
 20
354.96
 10
319.53
 20
355.39
 10
319.24
 20
355.39
 10
318.52
 20
354.96
 10
317.95
 20
354.24
 10
317.66
 20
353.23
  0
LWPOLYLINE
  5
91A
330
17
100
AcDbEntity
  8
POLYLINES
100
AcDbPolyline
 90
23
 70
0
 10
326.3
 20
355.82
 10
326.01
 20
354.67
 10
325.43
 20
353.95
 10
324.71
 20
353.52
 10
324.43
 20
353.52
 10
323.71
 20
353.95
 10
323.13
 20
354.67
 10
322.84
 20
355.82
 10
322.84
 20
356.11
 10
323.13
 20
357.26
 10
323.71
 20
357.98
 10
324.43
 20
358.42
 10
324.71
 20
358.42
 10
325.43
 20
357.98
 10
326.01
 20
357.26
 10
326.3
 20
355.82
 10
326.3
 20
353.95
 10
326.01
 20
352.08
 10
325.43
 20
350.93
 10
324.71
 20
350.64
 10
324.14
 20
350.64
 10
323.42
 20
350.93
 10
323.13
 20
351.65
  0
LWPOLYLINE
  5
91B
330
17
100
AcDbEntity
  8
POLYLINES
100
AcDbPolyline
 90
11
 70
0
 10
328.03
 20
350.64
 10
328.03
 20
358.42
 10
330.33
 20
358.42
 10
331.19
 20
357.98
 10
331.48
 20
357.55
 10
331.63
 20
356.83
 10
331.63
 20
355.82
 10
331.48
 20
354.96
 10
331.19
 20
354.67
 10
330.33
 20
354.24
 10
328.03
 20
354.24
  0
LWPOLYLINE
  5
91C
330
17
100
AcDbEntity
  8
POLYLINES
100
AcDbPolyline
 90
3
 70
0
 10
340.27
 20
358.42
 10
343.87
 20
358.42
 10
341.27
 20
350.64
  0
LWPOLYLINE
  5
91D
330
17
100
AcDbEntity
  8
POLYLINES
100
AcDbPolyline
 90
17
 70
0
 10
347.03
 20
358.42
 10
346.31
 20
357.98
 10
345.74
 20
356.83
 10
345.45
 20
354.96
 10
345.45
 20
353.95
 10
345.74
 20
352.08
 10
346.31
 20
350.93
 10
347.03
 20
350.64
 10
347.61
 20
350.64
 10
348.33
 20
350.93
 10
348.76
 20
352.08
 10
349.05
 20
353.95
 10
349.05
 20
354.96
 10
348.76
 20
356.83
 10
348.33
 20
357.98
 10
347.61
 20
358.42
 10
347.03
 20
358.42
  0
LWPOLYLINE
  5
91E
330
17
100
AcDbEntity
  8
POLYLINES
100
AcDbPolyline
 90
11
 70
0
 10
350.63
 20
350.64
 10
350.63
 20
358.42
 10
352.94
 20
358.42
 10
353.8
 20
357.98
 10
353.95
 20
357.55
 10
354.23
 20
356.83
 10
354.23
 20
355.82
 10
353.95
 20
354.96
 10
353.8
 20
354.67
 10
352.94
 20
354.24
 10
350.63
 20
354.24
  0
LWPOLYLINE
  5
91F
330
17
100
AcDbEntity
  8
POLYLINES
100
AcDbPolyline
 90
3
 70
0
 10
363.45
 20
358.42
 10
367.05
 20
358.42
 10
364.46
 20
350.64
  0
LWPOLYLINE
  5
920
330
17
100
AcDbEntity
  8
POLYLINES
100
AcDbPolyline
 90
4
 70
0
 10
369.64
 20
356.83
 10
370.07
 20
357.26
 10
370.94
 20
358.42
 10
370.94
 20
350.64
  0
LWPOLYLINE
  5
921
330
17
100
AcDbEntity
  8
POLYLINES
100
AcDbPolyline
 90
11
 70
0
 10
373.67
 20
350.64
 10
373.67
 20
358.42
 10
376.12
 20
358.42
 10
376.84
 20
357.98
 10
377.13
 20
357.55
 10
377.42
 20
356.83
 10
377.42
 20
355.82
 10
377.13
 20
354.96
 10
376.84
 20
354.67
 10
376.12
 20
354.24
 10
373.67
 20
354.24
  0
LWPOLYLINE
  5
922
330
17
100
AcDbEntity
  8
POLYLINES
100
AcDbPolyline
 90
3
 70
0
 10
385.48
 20
358.42
 10
389.08
 20
358.42
 10
386.49
 20
350.64
  0
LWPOLYLINE
  5
923
330
17
100
AcDbEntity
  8
POLYLINES
100
AcDbPolyline
 90
14
 70
0
 10
390.95
 20
356.54
 10
390.95
 20
356.83
 10
391.1
 20
357.55
 10
391.39
 20
357.98
 10
391.96
 20
358.42
 10
392.97
 20
358.42
 10
393.4
 20
357.98
 10
393.69
 20
357.55
 10
393.98
 20
356.83
 10
393.98
 20
356.11
 10
393.69
 20
355.39
 10
393.26
 20
354.24
 10
390.67
 20
350.64
 10
394.27
 20
350.64
  0
LWPOLYLINE
  5
924
330
17
100
AcDbEntity
  8
POLYLINES
100
AcDbPolyline
 90
11
 70
0
 10
395.85
 20
350.64
 10
395.85
 20
358.42
 10
398.15
 20
358.42
 10
398.87
 20
357.98
 10
399.16
 20
357.55
 10
399.45
 20
356.83
 10
399.45
 20
355.82
 10
399.16
 20
354.96
 10
398.87
 20
354.67
 10
398.15
 20
354.24
 10
395.85
 20
354.24
  0
LWPOLYLINE
  5
925
330
17
100
AcDbEntity
  8
POLYLINES
100
AcDbPolyline
 90
3
 70
0
 10
408.09
 20
358.42
 10
411.69
 20
358.42
 10
409.1
 20
350.64
  0
LWPOLYLINE
  5
926
330
17
100
AcDbEntity
  8
POLYLINES
100
AcDbPolyline
 90
15
 70
0
 10
413.71
 20
358.42
 10
416.59
 20
358.42
 10
415.0
 20
355.39
 10
415.72
 20
355.39
 10
416.3
 20
354.96
 10
416.59
 20
354.67
 10
416.87
 20
353.52
 10
416.87
 20
352.8
 10
416.59
 20
351.65
 10
416.01
 20
350.93
 10
415.29
 20
350.64
 10
414.43
 20
350.64
 10
413.71
 20
350.93
 10
413.42
 20
351.36
 10
413.27
 20
352.08
  0
LWPOLYLINE
  5
927
330
17
100
AcDbEntity
  8
POLYLINES
100
AcDbPolyline
 90
11
 70
0
 10
418.31
 20
350.64
 10
418.31
 20
358.42
 10
420.76
 20
358.42
 10
421.48
 20
357.98
 10
421.77
 20
357.55
 10
422.06
 20
356.83
 10
422.06
 20
355.82
 10
421.77
 20
354.96
 10
421.48
 20
354.67
 10
420.76
 20
354.24
 10
418.31
 20
354.24
  0
LWPOLYLINE
  5
928
330
17
100
AcDbEntity
  8
POLYLINES
100
AcDbPolyline
 90
3
 70
0
 10
430.55
 20
358.42
 10
434.3
 20
358.42
 10
431.71
 20
350.64
  0
LWPOLYLINE
  5
929
330
17
100
AcDbEntity
  8
POLYLINES
100
AcDbPolyline
 90
3
 70
0
 10
438.33
 20
358.42
 10
435.74
 20
353.23
 10
439.63
 20
353.23
  0
LWPOLYLINE
  5
92A
330
17
100
AcDbEntity
  8
POLYLINES
100
AcDbPolyline
 90
11
 70
0
 10
440.92
 20
350.64
 10
440.92
 20
358.42
 10
443.23
 20
358.42
 10
444.09
 20
357.98
 10
444.38
 20
357.55
 10
444.52
 20
356.83
 10
444.52
 20
355.82
 10
444.38
 20
354.96
 10
444.09
 20
354.67
 10
443.23
 20
354.24
 10
440.92
 20
354.24
  0
LWPOLYLINE
  5
92B
330
17
100
AcDbEntity
  8
POLYLINES
100
AcDbPolyline
 90
3
 70
0
 10
453.16
 20
358.42
 10
456.76
 20
358.42
 10
454.17
 20
350.64
  0
LWPOLYLINE
  5
92C
330
17
100
AcDbEntity
  8
POLYLINES
100
AcDbPolyline
 90
17
 70
0
 10
461.51
 20
358.42
 10
458.92
 20
358.42
 10
458.63
 20
354.96
 10
458.92
 20
355.39
 10
459.64
 20
355.82
 10
460.36
 20
355.82
 10
461.23
 20
355.39
 10
461.66
 20
354.67
 10
461.95
 20
353.52
 10
461.95
 20
352.8
 10
461.66
 20
351.65
 10
461.23
 20
350.93
 10
460.36
 20
350.64
 10
459.64
 20
350.64
 10
458.92
 20
350.93
 10
458.63
 20
351.36
 10
458.35
 20
352.08
  0
LWPOLYLINE
  5
92D
330
17
100
AcDbEntity
  8
POLYLINES
100
AcDbPolyline
 90
11
 70
0
 10
463.53
 20
350.64
 10
463.53
 20
358.42
 10
465.83
 20
358.42
 10
466.7
 20
357.98
 10
466.84
 20
357.55
 10
467.13
 20
356.83
 10
467.13
 20
355.82
 10
466.84
 20
354.96
 10
466.7
 20
354.67
 10
465.83
 20
354.24
 10
463.53
 20
354.24
  0
LWPOLYLINE
  5
92E
330
17
100
AcDbEntity
  8
POLYLINES
100
AcDbPolyline
 90
3
 70
0
 10
430.55
 20
315.65
 10
434.3
 20
315.65
 10
431.71
 20
307.87
  0
LWPOLYLINE
  5
92F
330
17
100
AcDbEntity
  8
POLYLINES
100
AcDbPolyline
 90
3
 70
0
 10
435.74
 20
315.65
 10
439.34
 20
315.65
 10
436.75
 20
307.87
  0
LWPOLYLINE
  5
930
330
17
100
AcDbEntity
  8
POLYLINES
100
AcDbPolyline
 90
11
 70
0
 10
440.92
 20
307.87
 10
440.92
 20
315.65
 10
443.23
 20
315.65
 10
444.09
 20
315.36
 10
444.38
 20
314.93
 10
444.52
 20
314.21
 10
444.52
 20
313.06
 10
444.38
 20
312.34
 10
444.09
 20
312.05
 10
443.23
 20
311.62
 10
440.92
 20
311.62
  0
LWPOLYLINE
  5
931
330
17
100
AcDbEntity
  8
POLYLINES
100
AcDbPolyline
 90
3
 70
0
 10
408.09
 20
315.65
 10
411.69
 20
315.65
 10
409.1
 20
307.87
  0
LWPOLYLINE
  5
932
330
17
100
AcDbEntity
  8
POLYLINES
100
AcDbPolyline
 90
29
 70
0
 10
414.43
 20
315.65
 10
413.71
 20
315.36
 10
413.42
 20
314.64
 10
413.42
 20
313.78
 10
413.71
 20
313.06
 10
414.28
 20
312.77
 10
415.29
 20
312.34
 10
416.01
 20
312.05
 10
416.59
 20
311.33
 10
416.87
 20
310.46
 10
416.87
 20
309.46
 10
416.59
 20
308.74
 10
416.3
 20
308.3
 10
415.58
 20
307.87
 10
414.43
 20
307.87
 10
413.71
 20
308.3
 10
413.42
 20
308.74
 10
413.27
 20
309.46
 10
413.27
 20
310.46
 10
413.42
 20
311.33
 10
413.99
 20
312.05
 10
414.71
 20
312.34
 10
415.72
 20
312.77
 10
416.3
 20
313.06
 10
416.59
 20
313.78
 10
416.59
 20
314.64
 10
416.3
 20
315.36
 10
415.58
 20
315.65
 10
414.43
 20
315.65
  0
LWPOLYLINE
  5
933
330
17
100
AcDbEntity
  8
POLYLINES
100
AcDbPolyline
 90
11
 70
0
 10
418.31
 20
307.87
 10
418.31
 20
315.65
 10
420.76
 20
315.65
 10
421.48
 20
315.36
 10
421.77
 20
314.93
 10
422.06
 20
314.21
 10
422.06
 20
313.06
 10
421.77
 20
312.34
 10
421.48
 20
312.05
 10
420.76
 20
311.62
 10
418.31
 20
311.62
  0
LWPOLYLINE
  5
934
330
17
100
AcDbEntity
  8
POLYLINES
100
AcDbPolyline
 90
3
 70
0
 10
385.48
 20
315.65
 10
389.08
 20
315.65
 10
386.49
 20
307.87
  0
LWPOLYLINE
  5
935
330
17
100
AcDbEntity
  8
POLYLINES
100
AcDbPolyline
 90
23
 70
0
 10
393.98
 20
313.06
 10
393.69
 20
312.05
 10
393.26
 20
311.33
 10
392.39
 20
310.9
 10
392.25
 20
310.9
 10
391.39
 20
311.33
 10
390.95
 20
312.05
 10
390.67
 20
313.06
 10
390.67
 20
313.49
 10
390.95
 20
314.64
 10
391.39
 20
315.36
 10
392.25
 20
315.65
 10
392.39
 20
315.65
 10
393.26
 20
315.36
 10
393.69
 20
314.64
 10
393.98
 20
313.06
 10
393.98
 20
311.33
 10
393.69
 20
309.46
 10
393.26
 20
308.3
 10
392.39
 20
307.87
 10
391.96
 20
307.87
 10
391.1
 20
308.3
 10
390.95
 20
309.02
  0
LWPOLYLINE
  5
936
330
17
100
AcDbEntity
  8
POLYLINES
100
AcDbPolyline
 90
11
 70
0
 10
395.85
 20
307.87
 10
395.85
 20
315.65
 10
398.15
 20
315.65
 10
398.87
 20
315.36
 10
399.16
 20
314.93
 10
399.45
 20
314.21
 10
399.45
 20
313.06
 10
399.16
 20
312.34
 10
398.87
 20
312.05
 10
398.15
 20
311.62
 10
395.85
 20
311.62
  0
LWPOLYLINE
  5
937
330
17
100
AcDbEntity
  8
POLYLINES
100
AcDbPolyline
 90
29
 70
0
 10
364.17
 20
315.65
 10
363.45
 20
315.36
 10
363.16
 20
314.64
 10
363.16
 20
313.78
 10
363.45
 20
313.06
 10
363.88
 20
312.77
 10
364.89
 20
312.34
 10
365.75
 20
312.05
 10
366.19
 20
311.33
 10
366.47
 20
310.46
 10
366.47
 20
309.46
 10
366.19
 20
308.74
 10
366.04
 20
308.3
 10
365.18
 20
307.87
 10
364.17
 20
307.87
 10
363.45
 20
308.3
 10
363.16
 20
308.74
 10
362.87
 20
309.46
 10
362.87
 20
310.46
 10
363.16
 20
311.33
 10
363.59
 20
312.05
 10
364.46
 20
312.34
 10
365.47
 20
312.77
 10
366.04
 20
313.06
 10
366.19
 20
313.78
 10
366.19
 20
314.64
 10
366.04
 20
315.36
 10
365.18
 20
315.65
 10
364.17
 20
315.65
  0
LWPOLYLINE
  5
938
330
17
100
AcDbEntity
  8
POLYLINES
100
AcDbPolyline
 90
17
 70
0
 10
369.64
 20
315.65
 10
368.78
 20
315.36
 10
368.35
 20
314.21
 10
368.06
 20
312.34
 10
368.06
 20
311.33
 10
368.35
 20
309.46
 10
368.78
 20
308.3
 10
369.64
 20
307.87
 10
370.07
 20
307.87
 10
370.94
 20
308.3
 10
371.37
 20
309.46
 10
371.66
 20
311.33
 10
371.66
 20
312.34
 10
371.37
 20
314.21
 10
370.94
 20
315.36
 10
370.07
 20
315.65
 10
369.64
 20
315.65
  0
LWPOLYLINE
  5
939
330
17
100
AcDbEntity
  8
POLYLINES
100
AcDbPolyline
 90
11
 70
0
 10
373.24
 20
307.87
 10
373.24
 20
315.65
 10
375.55
 20
315.65
 10
376.27
 20
315.36
 10
376.55
 20
314.93
 10
376.84
 20
314.21
 10
376.84
 20
313.06
 10
376.55
 20
312.34
 10
376.27
 20
312.05
 10
375.55
 20
311.62
 10
373.24
 20
311.62
  0
LWPOLYLINE
  5
93A
330
17
100
AcDbEntity
  8
POLYLINES
100
AcDbPolyline
 90
29
 70
0
 10
296.49
 20
315.65
 10
295.63
 20
315.36
 10
295.34
 20
314.64
 10
295.34
 20
313.78
 10
295.63
 20
313.06
 10
296.2
 20
312.77
 10
297.21
 20
312.34
 10
297.93
 20
312.05
 10
298.51
 20
311.33
 10
298.79
 20
310.46
 10
298.79
 20
309.46
 10
298.51
 20
308.74
 10
298.22
 20
308.3
 10
297.5
 20
307.87
 10
296.49
 20
307.87
 10
295.63
 20
308.3
 10
295.34
 20
308.74
 10
295.19
 20
309.46
 10
295.19
 20
310.46
 10
295.34
 20
311.33
 10
295.91
 20
312.05
 10
296.63
 20
312.34
 10
297.79
 20
312.77
 10
298.22
 20
313.06
 10
298.51
 20
313.78
 10
298.51
 20
314.64
 10
298.22
 20
315.36
 10
297.5
 20
315.65
 10
296.49
 20
315.65
  0
LWPOLYLINE
  5
93B
330
17
100
AcDbEntity
  8
POLYLINES
100
AcDbPolyline
 90
14
 70
0
 10
300.52
 20
313.78
 10
300.52
 20
314.21
 10
300.81
 20
314.93
 10
301.1
 20
315.36
 10
301.67
 20
315.65
 10
302.68
 20
315.65
 10
303.11
 20
315.36
 10
303.4
 20
314.93
 10
303.69
 20
314.21
 10
303.69
 20
313.49
 10
303.4
 20
312.77
 10
302.97
 20
311.62
 10
300.38
 20
307.87
 10
303.98
 20
307.87
  0
LWPOLYLINE
  5
93C
330
17
100
AcDbEntity
  8
POLYLINES
100
AcDbPolyline
 90
11
 70
0
 10
305.42
 20
307.87
 10
305.42
 20
315.65
 10
307.87
 20
315.65
 10
308.59
 20
315.36
 10
308.87
 20
314.93
 10
309.16
 20
314.21
 10
309.16
 20
313.06
 10
308.87
 20
312.34
 10
308.59
 20
312.05
 10
307.87
 20
311.62
 10
305.42
 20
311.62
  0
LWPOLYLINE
  5
93D
330
17
100
AcDbEntity
  8
POLYLINES
100
AcDbPolyline
 90
29
 70
0
 10
273.88
 20
315.65
 10
273.02
 20
315.36
 10
272.87
 20
314.64
 10
272.87
 20
313.78
 10
273.02
 20
313.06
 10
273.59
 20
312.77
 10
274.6
 20
312.34
 10
275.47
 20
312.05
 10
275.9
 20
311.33
 10
276.19
 20
310.46
 10
276.19
 20
309.46
 10
275.9
 20
308.74
 10
275.61
 20
308.3
 10
274.89
 20
307.87
 10
273.88
 20
307.87
 10
273.02
 20
308.3
 10
272.87
 20
308.74
 10
272.59
 20
309.46
 10
272.59
 20
310.46
 10
272.87
 20
311.33
 10
273.31
 20
312.05
 10
274.17
 20
312.34
 10
275.18
 20
312.77
 10
275.61
 20
313.06
 10
275.9
 20
313.78
 10
275.9
 20
314.64
 10
275.61
 20
315.36
 10
274.89
 20
315.65
 10
273.88
 20
315.65
  0
LWPOLYLINE
  5
93E
330
17
100
AcDbEntity
  8
POLYLINES
100
AcDbPolyline
 90
15
 70
0
 10
278.2
 20
315.65
 10
281.08
 20
315.65
 10
279.5
 20
312.77
 10
280.36
 20
312.77
 10
280.79
 20
312.34
 10
281.08
 20
312.05
 10
281.37
 20
310.9
 10
281.37
 20
310.18
 10
281.08
 20
309.02
 10
280.65
 20
308.3
 10
279.79
 20
307.87
 10
279.07
 20
307.87
 10
278.2
 20
308.3
 10
278.06
 20
308.74
 10
277.77
 20
309.46
  0
LWPOLYLINE
  5
93F
330
17
100
AcDbEntity
  8
POLYLINES
100
AcDbPolyline
 90
11
 70
0
 10
282.95
 20
307.87
 10
282.95
 20
315.65
 10
285.26
 20
315.65
 10
285.98
 20
315.36
 10
286.27
 20
314.93
 10
286.55
 20
314.21
 10
286.55
 20
313.06
 10
286.27
 20
312.34
 10
285.98
 20
312.05
 10
285.26
 20
311.62
 10
282.95
 20
311.62
  0
LWPOLYLINE
  5
940
330
17
100
AcDbEntity
  8
POLYLINES
100
AcDbPolyline
 90
29
 70
0
 10
251.27
 20
315.65
 10
250.55
 20
315.36
 10
250.27
 20
314.64
 10
250.27
 20
313.78
 10
250.55
 20
313.06
 10
250.99
 20
312.77
 10
251.99
 20
312.34
 10
252.86
 20
312.05
 10
253.29
 20
311.33
 10
253.58
 20
310.46
 10
253.58
 20
309.46
 10
253.29
 20
308.74
 10
253.15
 20
308.3
 10
252.28
 20
307.87
 10
251.27
 20
307.87
 10
250.55
 20
308.3
 10
250.27
 20
308.74
 10
249.98
 20
309.46
 10
249.98
 20
310.46
 10
250.27
 20
311.33
 10
250.7
 20
312.05
 10
251.56
 20
312.34
 10
252.57
 20
312.77
 10
253.15
 20
313.06
 10
253.29
 20
313.78
 10
253.29
 20
314.64
 10
253.15
 20
315.36
 10
252.28
 20
315.65
 10
251.27
 20
315.65
  0
LWPOLYLINE
  5
941
330
17
100
AcDbEntity
  8
POLYLINES
100
AcDbPolyline
 90
3
 70
0
 10
257.75
 20
315.65
 10
255.16
 20
310.46
 10
259.05
 20
310.46
  0
LWPOLYLINE
  5
942
330
17
100
AcDbEntity
  8
POLYLINES
100
AcDbPolyline
 90
11
 70
0
 10
260.35
 20
307.87
 10
260.35
 20
315.65
 10
262.65
 20
315.65
 10
263.37
 20
315.36
 10
263.66
 20
314.93
 10
263.95
 20
314.21
 10
263.95
 20
313.06
 10
263.66
 20
312.34
 10
263.37
 20
312.05
 10
262.65
 20
311.62
 10
260.35
 20
311.62
  0
LWPOLYLINE
  5
943
330
17
100
AcDbEntity
  8
POLYLINES
100
AcDbPolyline
 90
29
 70
0
 10
228.67
 20
315.65
 10
227.95
 20
315.36
 10
227.66
 20
314.64
 10
227.66
 20
313.78
 10
227.95
 20
313.06
 10
228.38
 20
312.77
 10
229.53
 20
312.34
 10
230.25
 20
312.05
 10
230.83
 20
311.33
 10
230.97
 20
310.46
 10
230.97
 20
309.46
 10
230.83
 20
308.74
 10
230.54
 20
308.3
 10
229.67
 20
307.87
 10
228.67
 20
307.87
 10
227.95
 20
308.3
 10
227.66
 20
308.74
 10
227.37
 20
309.46
 10
227.37
 20
310.46
 10
227.66
 20
311.33
 10
228.23
 20
312.05
 10
228.95
 20
312.34
 10
229.96
 20
312.77
 10
230.54
 20
313.06
 10
230.83
 20
313.78
 10
230.83
 20
314.64
 10
230.54
 20
315.36
 10
229.67
 20
315.65
 10
228.67
 20
315.65
  0
LWPOLYLINE
  5
944
330
17
100
AcDbEntity
  8
POLYLINES
100
AcDbPolyline
 90
17
 70
0
 10
235.72
 20
315.65
 10
233.13
 20
315.65
 10
232.84
 20
312.34
 10
233.13
 20
312.77
 10
233.85
 20
313.06
 10
234.71
 20
313.06
 10
235.43
 20
312.77
 10
236.01
 20
312.05
 10
236.15
 20
310.9
 10
236.15
 20
310.18
 10
236.01
 20
309.02
 10
235.43
 20
308.3
 10
234.71
 20
307.87
 10
233.85
 20
307.87
 10
233.13
 20
308.3
 10
232.84
 20
308.74
 10
232.55
 20
309.46
  0
LWPOLYLINE
  5
945
330
17
100
AcDbEntity
  8
POLYLINES
100
AcDbPolyline
 90
11
 70
0
 10
237.74
 20
307.87
 10
237.74
 20
315.65
 10
240.04
 20
315.65
 10
240.91
 20
315.36
 10
241.05
 20
314.93
 10
241.34
 20
314.21
 10
241.34
 20
313.06
 10
241.05
 20
312.34
 10
240.91
 20
312.05
 10
240.04
 20
311.62
 10
237.74
 20
311.62
  0
LWPOLYLINE
  5
946
330
17
100
AcDbEntity
  8
POLYLINES
100
AcDbPolyline
 90
23
 70
0
 10
442.51
 20
205.78
 10
442.22
 20
204.62
 10
441.64
 20
203.9
 10
440.92
 20
203.47
 10
440.63
 20
203.47
 10
439.91
 20
203.9
 10
439.34
 20
204.62
 10
439.05
 20
205.78
 10
439.05
 20
206.06
 10
439.34
 20
207.22
 10
439.91
 20
207.94
 10
440.63
 20
208.37
 10
440.92
 20
208.37
 10
441.64
 20
207.94
 10
442.22
 20
207.22
 10
442.51
 20
205.78
 10
442.51
 20
203.9
 10
442.22
 20
202.03
 10
441.64
 20
200.88
 10
440.92
 20
200.59
 10
440.35
 20
200.59
 10
439.63
 20
200.88
 10
439.34
 20
201.6
  0
LWPOLYLINE
  5
947
330
17
100
AcDbEntity
  8
POLYLINES
100
AcDbPolyline
 90
23
 70
0
 10
447.69
 20
205.78
 10
447.4
 20
204.62
 10
446.83
 20
203.9
 10
446.11
 20
203.47
 10
445.82
 20
203.47
 10
445.1
 20
203.9
 10
444.52
 20
204.62
 10
444.23
 20
205.78
 10
444.23
 20
206.06
 10
444.52
 20
207.22
 10
445.1
 20
207.94
 10
445.82
 20
208.37
 10
446.11
 20
208.37
 10
446.83
 20
207.94
 10
447.4
 20
207.22
 10
447.69
 20
205.78
 10
447.69
 20
203.9
 10
447.4
 20
202.03
 10
446.83
 20
200.88
 10
446.11
 20
200.59
 10
445.53
 20
200.59
 10
444.81
 20
200.88
 10
444.52
 20
201.6
  0
LWPOLYLINE
  5
948
330
17
100
AcDbEntity
  8
POLYLINES
100
AcDbPolyline
 90
11
 70
0
 10
449.42
 20
200.59
 10
449.42
 20
208.37
 10
451.72
 20
208.37
 10
452.59
 20
207.94
 10
452.87
 20
207.5
 10
453.02
 20
206.78
 10
453.02
 20
205.78
 10
452.87
 20
205.06
 10
452.59
 20
204.62
 10
451.72
 20
204.19
 10
449.42
 20
204.19
  0
LWPOLYLINE
  5
949
330
17
100
AcDbEntity
  8
POLYLINES
100
AcDbPolyline
 90
4
 70
0
 10
417.59
 20
206.78
 10
418.03
 20
207.22
 10
418.6
 20
208.37
 10
418.6
 20
200.59
  0
LWPOLYLINE
  5
94A
330
17
100
AcDbEntity
  8
POLYLINES
100
AcDbPolyline
 90
17
 70
0
 10
421.63
 20
208.37
 10
421.05
 20
207.94
 10
420.76
 20
206.78
 10
420.62
 20
205.06
 10
420.62
 20
203.9
 10
420.76
 20
202.03
 10
421.05
 20
200.88
 10
421.63
 20
200.59
 10
422.06
 20
200.59
 10
422.63
 20
200.88
 10
422.92
 20
202.03
 10
423.21
 20
203.9
 10
423.21
 20
205.06
 10
422.92
 20
206.78
 10
422.63
 20
207.94
 10
422.06
 20
208.37
 10
421.63
 20
208.37
  0
LWPOLYLINE
  5
94B
330
17
100
AcDbEntity
  8
POLYLINES
100
AcDbPolyline
 90
17
 70
0
 10
425.37
 20
208.37
 10
424.79
 20
207.94
 10
424.51
 20
206.78
 10
424.22
 20
205.06
 10
424.22
 20
203.9
 10
424.51
 20
202.03
 10
424.79
 20
200.88
 10
425.37
 20
200.59
 10
425.8
 20
200.59
 10
426.23
 20
200.88
 10
426.67
 20
202.03
 10
426.81
 20
203.9
 10
426.81
 20
205.06
 10
426.67
 20
206.78
 10
426.23
 20
207.94
 10
425.8
 20
208.37
 10
425.37
 20
208.37
  0
LWPOLYLINE
  5
94C
330
17
100
AcDbEntity
  8
POLYLINES
100
AcDbPolyline
 90
11
 70
0
 10
427.96
 20
200.59
 10
427.96
 20
208.37
 10
429.55
 20
208.37
 10
430.12
 20
207.94
 10
430.41
 20
207.5
 10
430.55
 20
206.78
 10
430.55
 20
205.78
 10
430.41
 20
205.06
 10
430.12
 20
204.62
 10
429.55
 20
204.19
 10
427.96
 20
204.19
  0
LWPOLYLINE
  5
94D
330
17
100
AcDbEntity
  8
POLYLINES
100
AcDbPolyline
 90
4
 70
0
 10
401.03
 20
206.78
 10
401.47
 20
207.22
 10
402.04
 20
208.37
 10
402.04
 20
200.59
  0
LWPOLYLINE
  5
94E
330
17
100
AcDbEntity
  8
POLYLINES
100
AcDbPolyline
 90
17
 70
0
 10
405.21
 20
208.37
 10
404.63
 20
207.94
 10
404.2
 20
206.78
 10
404.06
 20
205.06
 10
404.06
 20
203.9
 10
404.2
 20
202.03
 10
404.63
 20
200.88
 10
405.21
 20
200.59
 10
405.5
 20
200.59
 10
406.07
 20
200.88
 10
406.51
 20
202.03
 10
406.65
 20
203.9
 10
406.65
 20
205.06
 10
406.51
 20
206.78
 10
406.07
 20
207.94
 10
405.5
 20
208.37
 10
405.21
 20
208.37
  0
LWPOLYLINE
  5
94F
330
17
100
AcDbEntity
  8
POLYLINES
100
AcDbPolyline
 90
4
 70
0
 10
408.52
 20
206.78
 10
408.81
 20
207.22
 10
409.39
 20
208.37
 10
409.39
 20
200.59
  0
LWPOLYLINE
  5
950
330
17
100
AcDbEntity
  8
POLYLINES
100
AcDbPolyline
 90
11
 70
0
 10
411.4
 20
200.59
 10
411.4
 20
208.37
 10
413.13
 20
208.37
 10
413.71
 20
207.94
 10
413.85
 20
207.5
 10
413.99
 20
206.78
 10
413.99
 20
205.78
 10
413.85
 20
205.06
 10
413.71
 20
204.62
 10
413.13
 20
204.19
 10
411.4
 20
204.19
  0
LWPOLYLINE
  5
951
330
17
100
AcDbEntity
  8
POLYLINES
100
AcDbPolyline
 90
4
 70
0
 10
383.9
 20
206.78
 10
384.19
 20
207.22
 10
384.76
 20
208.37
 10
384.76
 20
200.59
  0
LWPOLYLINE
  5
952
330
17
100
AcDbEntity
  8
POLYLINES
100
AcDbPolyline
 90
17
 70
0
 10
387.93
 20
208.37
 10
387.35
 20
207.94
 10
386.92
 20
206.78
 10
386.78
 20
205.06
 10
386.78
 20
203.9
 10
386.92
 20
202.03
 10
387.35
 20
200.88
 10
387.93
 20
200.59
 10
388.22
 20
200.59
 10
388.79
 20
200.88
 10
389.23
 20
202.03
 10
389.37
 20
203.9
 10
389.37
 20
205.06
 10
389.23
 20
206.78
 10
388.79
 20
207.94
 10
388.22
 20
208.37
 10
387.93
 20
208.37
  0
LWPOLYLINE
  5
953
330
17
100
AcDbEntity
  8
POLYLINES
100
AcDbPolyline
 90
14
 70
0
 10
390.67
 20
206.5
 10
390.67
 20
206.78
 10
390.81
 20
207.5
 10
391.1
 20
207.94
 10
391.39
 20
208.37
 10
392.11
 20
208.37
 10
392.54
 20
207.94
 10
392.68
 20
207.5
 10
392.83
 20
206.78
 10
392.83
 20
206.06
 10
392.68
 20
205.34
 10
392.39
 20
204.19
 10
390.52
 20
200.59
 10
393.11
 20
200.59
  0
LWPOLYLINE
  5
954
330
17
100
AcDbEntity
  8
POLYLINES
100
AcDbPolyline
 90
11
 70
0
 10
394.12
 20
200.59
 10
394.12
 20
208.37
 10
395.85
 20
208.37
 10
396.43
 20
207.94
 10
396.57
 20
207.5
 10
396.71
 20
206.78
 10
396.71
 20
205.78
 10
396.57
 20
205.06
 10
396.43
 20
204.62
 10
395.85
 20
204.19
 10
394.12
 20
204.19
  0
LWPOLYLINE
  5
955
330
17
100
AcDbEntity
  8
POLYLINES
100
AcDbPolyline
 90
4
 70
0
 10
366.91
 20
206.78
 10
367.34
 20
207.22
 10
367.91
 20
208.37
 10
367.91
 20
200.59
  0
LWPOLYLINE
  5
956
330
17
100
AcDbEntity
  8
POLYLINES
100
AcDbPolyline
 90
17
 70
0
 10
370.94
 20
208.37
 10
370.51
 20
207.94
 10
370.07
 20
206.78
 10
369.93
 20
205.06
 10
369.93
 20
203.9
 10
370.07
 20
202.03
 10
370.51
 20
200.88
 10
370.94
 20
200.59
 10
371.37
 20
200.59
 10
371.95
 20
200.88
 10
372.23
 20
202.03
 10
372.52
 20
203.9
 10
372.52
 20
205.06
 10
372.23
 20
206.78
 10
371.95
 20
207.94
 10
371.37
 20
208.37
 10
370.94
 20
208.37
  0
LWPOLYLINE
  5
957
330
17
100
AcDbEntity
  8
POLYLINES
100
AcDbPolyline
 90
15
 70
0
 10
373.96
 20
208.37
 10
375.98
 20
208.37
 10
374.83
 20
205.34
 10
375.4
 20
205.34
 10
375.83
 20
205.06
 10
375.98
 20
204.62
 10
376.12
 20
203.47
 10
376.12
 20
202.75
 10
375.98
 20
201.6
 10
375.69
 20
200.88
 10
375.11
 20
200.59
 10
374.54
 20
200.59
 10
373.96
 20
200.88
 10
373.82
 20
201.31
 10
373.53
 20
202.03
  0
LWPOLYLINE
  5
958
330
17
100
AcDbEntity
  8
POLYLINES
100
AcDbPolyline
 90
11
 70
0
 10
377.27
 20
200.59
 10
377.27
 20
208.37
 10
379.0
 20
208.37
 10
379.43
 20
207.94
 10
379.72
 20
207.5
 10
379.87
 20
206.78
 10
379.87
 20
205.78
 10
379.72
 20
205.06
 10
379.43
 20
204.62
 10
379.0
 20
204.19
 10
377.27
 20
204.19
  0
LWPOLYLINE
  5
959
330
17
100
AcDbEntity
  8
POLYLINES
100
AcDbPolyline
 90
4
 70
0
 10
350.06
 20
206.78
 10
350.49
 20
207.22
 10
350.92
 20
208.37
 10
350.92
 20
200.59
  0
LWPOLYLINE
  5
95A
330
17
100
AcDbEntity
  8
POLYLINES
100
AcDbPolyline
 90
17
 70
0
 10
354.09
 20
208.37
 10
353.51
 20
207.94
 10
353.23
 20
206.78
 10
352.94
 20
205.06
 10
352.94
 20
203.9
 10
353.23
 20
202.03
 10
353.51
 20
200.88
 10
354.09
 20
200.59
 10
354.52
 20
200.59
 10
355.1
 20
200.88
 10
355.39
 20
202.03
 10
355.53
 20
203.9
 10
355.53
 20
205.06
 10
355.39
 20
206.78
 10
355.1
 20
207.94
 10
354.52
 20
208.37
 10
354.09
 20
208.37
  0
LWPOLYLINE
  5
95B
330
17
100
AcDbEntity
  8
POLYLINES
100
AcDbPolyline
 90
3
 70
0
 10
358.55
 20
208.37
 10
356.68
 20
203.18
 10
359.42
 20
203.18
  0
LWPOLYLINE
  5
95C
330
17
100
AcDbEntity
  8
POLYLINES
100
AcDbPolyline
 90
11
 70
0
 10
360.43
 20
200.59
 10
360.43
 20
208.37
 10
362.01
 20
208.37
 10
362.59
 20
207.94
 10
362.73
 20
207.5
 10
363.02
 20
206.78
 10
363.02
 20
205.78
 10
362.73
 20
205.06
 10
362.59
 20
204.62
 10
362.01
 20
204.19
 10
360.43
 20
204.19
  0
LWPOLYLINE
  5
95D
330
17
100
AcDbEntity
  8
POLYLINES
100
AcDbPolyline
 90
4
 70
0
 10
333.21
 20
206.78
 10
333.5
 20
207.22
 10
334.07
 20
208.37
 10
334.07
 20
200.59
  0
LWPOLYLINE
  5
95E
330
17
100
AcDbEntity
  8
POLYLINES
100
AcDbPolyline
 90
17
 70
0
 10
337.24
 20
208.37
 10
336.67
 20
207.94
 10
336.23
 20
206.78
 10
336.09
 20
205.06
 10
336.09
 20
203.9
 10
336.23
 20
202.03
 10
336.67
 20
200.88
 10
337.24
 20
200.59
 10
337.53
 20
200.59
 10
338.11
 20
200.88
 10
338.54
 20
202.03
 10
338.68
 20
203.9
 10
338.68
 20
205.06
 10
338.54
 20
206.78
 10
338.11
 20
207.94
 10
337.53
 20
208.37
 10
337.24
 20
208.37
  0
LWPOLYLINE
  5
95F
330
17
100
AcDbEntity
  8
POLYLINES
100
AcDbPolyline
 90
17
 70
0
 10
341.99
 20
208.37
 10
340.12
 20
208.37
 10
339.98
 20
205.06
 10
340.12
 20
205.34
 10
340.7
 20
205.78
 10
341.27
 20
205.78
 10
341.85
 20
205.34
 10
342.28
 20
204.62
 10
342.43
 20
203.47
 10
342.43
 20
202.75
 10
342.28
 20
201.6
 10
341.85
 20
200.88
 10
341.27
 20
200.59
 10
340.7
 20
200.59
 10
340.12
 20
200.88
 10
339.98
 20
201.31
 10
339.83
 20
202.03
  0
LWPOLYLINE
  5
960
330
17
100
AcDbEntity
  8
POLYLINES
100
AcDbPolyline
 90
11
 70
0
 10
343.43
 20
200.59
 10
343.43
 20
208.37
 10
345.16
 20
208.37
 10
345.74
 20
207.94
 10
345.88
 20
207.5
 10
346.03
 20
206.78
 10
346.03
 20
205.78
 10
345.88
 20
205.06
 10
345.74
 20
204.62
 10
345.16
 20
204.19
 10
343.43
 20
204.19
  0
LWPOLYLINE
  5
961
330
17
100
AcDbEntity
  8
POLYLINES
100
AcDbPolyline
 90
4
 70
0
 10
316.22
 20
206.78
 10
316.65
 20
207.22
 10
317.23
 20
208.37
 10
317.23
 20
200.59
  0
LWPOLYLINE
  5
962
330
17
100
AcDbEntity
  8
POLYLINES
100
AcDbPolyline
 90
17
 70
0
 10
320.39
 20
208.37
 10
319.82
 20
207.94
 10
319.39
 20
206.78
 10
319.24
 20
205.06
 10
319.24
 20
203.9
 10
319.39
 20
202.03
 10
319.82
 20
200.88
 10
320.39
 20
200.59
 10
320.68
 20
200.59
 10
321.26
 20
200.88
 10
321.69
 20
202.03
 10
321.83
 20
203.9
 10
321.83
 20
205.06
 10
321.69
 20
206.78
 10
321.26
 20
207.94
 10
320.68
 20
208.37
 10
320.39
 20
208.37
  0
LWPOLYLINE
  5
963
330
17
100
AcDbEntity
  8
POLYLINES
100
AcDbPolyline
 90
23
 70
0
 10
325.15
 20
207.22
 10
325.0
 20
207.94
 10
324.43
 20
208.37
 10
323.99
 20
208.37
 10
323.42
 20
207.94
 10
323.13
 20
206.78
 10
322.99
 20
205.06
 10
322.99
 20
203.18
 10
323.13
 20
201.6
 10
323.42
 20
200.88
 10
323.99
 20
200.59
 10
324.28
 20
200.59
 10
324.71
 20
200.88
 10
325.15
 20
201.6
 10
325.29
 20
202.75
 10
325.29
 20
203.18
 10
325.15
 20
204.19
 10
324.71
 20
205.06
 10
324.28
 20
205.34
 10
323.99
 20
205.34
 10
323.42
 20
205.06
 10
323.13
 20
204.19
 10
322.99
 20
203.18
  0
LWPOLYLINE
  5
964
330
17
100
AcDbEntity
  8
POLYLINES
100
AcDbPolyline
 90
11
 70
0
 10
326.59
 20
200.59
 10
326.59
 20
208.37
 10
328.31
 20
208.37
 10
328.89
 20
207.94
 10
329.03
 20
207.5
 10
329.18
 20
206.78
 10
329.18
 20
205.78
 10
329.03
 20
205.06
 10
328.89
 20
204.62
 10
328.31
 20
204.19
 10
326.59
 20
204.19
  0
LWPOLYLINE
  5
965
330
17
100
AcDbEntity
  8
POLYLINES
100
AcDbPolyline
 90
4
 70
0
 10
299.37
 20
206.78
 10
299.8
 20
207.22
 10
300.38
 20
208.37
 10
300.38
 20
200.59
  0
LWPOLYLINE
  5
966
330
17
100
AcDbEntity
  8
POLYLINES
100
AcDbPolyline
 90
17
 70
0
 10
303.4
 20
208.37
 10
302.83
 20
207.94
 10
302.54
 20
206.78
 10
302.39
 20
205.06
 10
302.39
 20
203.9
 10
302.54
 20
202.03
 10
302.83
 20
200.88
 10
303.4
 20
200.59
 10
303.83
 20
200.59
 10
304.41
 20
200.88
 10
304.7
 20
202.03
 10
304.99
 20
203.9
 10
304.99
 20
205.06
 10
304.7
 20
206.78
 10
304.41
 20
207.94
 10
303.83
 20
208.37
 10
303.4
 20
208.37
  0
LWPOLYLINE
  5
967
330
17
100
AcDbEntity
  8
POLYLINES
100
AcDbPolyline
 90
3
 70
0
 10
305.99
 20
208.37
 10
308.59
 20
208.37
 10
306.71
 20
200.59
  0
LWPOLYLINE
  5
968
330
17
100
AcDbEntity
  8
POLYLINES
100
AcDbPolyline
 90
11
 70
0
 10
309.74
 20
200.59
 10
309.74
 20
208.37
 10
311.32
 20
208.37
 10
311.9
 20
207.94
 10
312.19
 20
207.5
 10
312.33
 20
206.78
 10
312.33
 20
205.78
 10
312.19
 20
205.06
 10
311.9
 20
204.62
 10
311.32
 20
204.19
 10
309.74
 20
204.19
  0
LWPOLYLINE
  5
969
330
17
100
AcDbEntity
  8
POLYLINES
100
AcDbPolyline
 90
4
 70
0
 10
736.27
 20
734.11
 10
736.27
 20
732.24
 10
735.69
 20
730.37
 10
734.83
 20
729.07
  0
LWPOLYLINE
  5
96A
330
17
100
AcDbEntity
  8
POLYLINES
100
AcDbPolyline
 90
4
 70
0
 10
735.4
 20
737.86
 10
735.4
 20
735.98
 10
735.11
 20
732.82
 10
734.25
 20
729.22
  0
LWPOLYLINE
  5
96B
330
17
100
AcDbEntity
  8
POLYLINES
100
AcDbPolyline
 90
3
 70
0
 10
743.03
 20
732.82
 10
742.03
 20
728.64
 10
741.31
 20
730.22
  0
LWPOLYLINE
  5
96C
330
17
100
AcDbEntity
  8
POLYLINES
100
AcDbPolyline
 90
3
 70
0
 10
887.03
 20
736.42
 10
885.59
 20
733.82
 10
884.44
 20
732.38
  0
LWPOLYLINE
  5
96D
330
17
100
AcDbEntity
  8
POLYLINES
100
AcDbPolyline
 90
3
 70
0
 10
896.54
 20
734.54
 10
895.96
 20
732.67
 10
895.24
 20
730.94
  0
LWPOLYLINE
  5
96E
330
17
100
AcDbEntity
  8
POLYLINES
100
AcDbPolyline
 90
3
 70
0
 10
898.27
 20
738.0
 10
897.83
 20
735.26
 10
897.4
 20
733.54
  0
LWPOLYLINE
  5
96F
330
17
100
AcDbEntity
  8
POLYLINES
100
AcDbPolyline
 90
3
 70
0
 10
898.55
 20
734.54
 10
898.55
 20
728.78
 10
897.83
 20
730.22
  0
LWPOLYLINE
  5
970
330
17
100
AcDbEntity
  8
POLYLINES
100
AcDbPolyline
 90
3
 70
0
 10
1043.71
 20
735.26
 10
1042.7
 20
732.82
 10
1041.4
 20
730.37
  0
LWPOLYLINE
  5
971
330
17
100
AcDbEntity
  8
POLYLINES
100
AcDbPolyline
 90
3
 70
0
 10
1043.85
 20
735.26
 10
1045.43
 20
730.8
 10
1046.15
 20
730.8
  0
LWPOLYLINE
  5
972
330
17
100
AcDbEntity
  8
POLYLINES
100
AcDbPolyline
 90
3
 70
0
 10
1051.05
 20
737.28
 10
1051.05
 20
728.78
 10
1050.47
 20
729.65
  0
LWPOLYLINE
  5
973
330
17
100
AcDbEntity
  8
POLYLINES
100
AcDbPolyline
 90
3
 70
0
 10
1058.54
 20
734.54
 10
1057.96
 20
732.67
 10
1057.24
 20
730.94
  0
LWPOLYLINE
  5
974
330
17
100
AcDbEntity
  8
POLYLINES
100
AcDbPolyline
 90
29
 70
0
 10
730.79
 20
718.13
 10
729.64
 20
717.7
 10
729.21
 20
716.69
 10
729.21
 20
715.82
 10
729.64
 20
714.82
 10
730.36
 20
714.38
 10
731.95
 20
713.95
 10
732.95
 20
713.38
 10
733.82
 20
712.51
 10
734.11
 20
711.5
 10
734.11
 20
710.06
 10
733.82
 20
709.2
 10
733.39
 20
708.62
 10
732.23
 20
708.19
 10
730.79
 20
708.19
 10
729.64
 20
708.62
 10
729.21
 20
709.2
 10
728.92
 20
710.06
 10
728.92
 20
711.5
 10
729.21
 20
712.51
 10
729.93
 20
713.38
 10
731.08
 20
713.95
 10
732.67
 20
714.38
 10
733.39
 20
714.82
 10
733.82
 20
715.82
 10
733.82
 20
716.69
 10
733.39
 20
717.7
 10
732.23
 20
718.13
 10
730.79
 20
718.13
  0
LWPOLYLINE
  5
975
330
17
100
AcDbEntity
  8
POLYLINES
100
AcDbPolyline
 90
29
 70
0
 10
738.28
 20
718.13
 10
737.13
 20
717.7
 10
736.84
 20
716.69
 10
736.84
 20
715.82
 10
737.13
 20
714.82
 10
737.99
 20
714.38
 10
739.43
 20
713.95
 10
740.59
 20
713.38
 10
741.31
 20
712.51
 10
741.74
 20
711.5
 10
741.74
 20
710.06
 10
741.31
 20
709.2
 10
741.02
 20
708.62
 10
739.87
 20
708.19
 10
738.28
 20
708.19
 10
737.13
 20
708.62
 10
736.84
 20
709.2
 10
736.41
 20
710.06
 10
736.41
 20
711.5
 10
736.84
 20
712.51
 10
737.56
 20
713.38
 10
738.71
 20
713.95
 10
740.15
 20
714.38
 10
741.02
 20
714.82
 10
741.31
 20
715.82
 10
741.31
 20
716.69
 10
741.02
 20
717.7
 10
739.87
 20
718.13
 10
738.28
 20
718.13
  0
LWPOLYLINE
  5
976
330
17
100
AcDbEntity
  8
POLYLINES
100
AcDbPolyline
 90
11
 70
0
 10
744.04
 20
708.19
 10
744.04
 20
718.13
 10
747.35
 20
718.13
 10
748.51
 20
717.7
 10
748.94
 20
717.12
 10
749.23
 20
716.26
 10
749.23
 20
714.82
 10
748.94
 20
713.95
 10
748.51
 20
713.38
 10
747.35
 20
712.94
 10
744.04
 20
712.94
  0
LWPOLYLINE
  5
977
330
17
100
AcDbEntity
  8
POLYLINES
100
AcDbPolyline
 90
3
 70
0
 10
832.75
 20
715.39
 10
830.87
 20
712.8
 10
829.43
 20
711.65
  0
LWPOLYLINE
  5
978
330
17
100
AcDbEntity
  8
POLYLINES
100
AcDbPolyline
 90
3
 70
0
 10
838.65
 20
717.26
 10
838.65
 20
708.48
 10
837.93
 20
709.78
  0
LWPOLYLINE
  5
979
330
17
100
AcDbEntity
  8
POLYLINES
100
AcDbPolyline
 90
3
 70
0
 10
839.51
 20
708.19
 10
842.54
 20
718.13
 10
845.56
 20
708.19
  0
LWPOLYLINE
  5
97A
330
17
100
AcDbEntity
  8
POLYLINES
100
AcDbPolyline
 90
14
 70
0
 10
848.3
 20
715.82
 10
848.3
 20
716.26
 10
848.59
 20
717.12
 10
849.02
 20
717.7
 10
849.74
 20
718.13
 10
851.32
 20
718.13
 10
852.04
 20
717.7
 10
852.47
 20
717.12
 10
852.76
 20
716.26
 10
852.76
 20
715.25
 10
852.47
 20
714.38
 10
851.61
 20
712.94
 10
847.87
 20
708.19
 10
853.19
 20
708.19
  0
LWPOLYLINE
  5
97B
330
17
100
AcDbEntity
  8
POLYLINES
100
AcDbPolyline
 90
20
 70
0
 10
881.85
 20
716.69
 10
881.13
 20
717.7
 10
879.98
 20
718.13
 10
878.54
 20
718.13
 10
877.39
 20
717.7
 10
876.67
 20
716.69
 10
876.67
 20
715.82
 10
876.95
 20
714.82
 10
877.39
 20
714.38
 10
878.11
 20
713.95
 10
880.41
 20
712.94
 10
881.13
 20
712.51
 10
881.56
 20
711.94
 10
881.85
 20
711.07
 10
881.85
 20
709.63
 10
881.13
 20
708.62
 10
879.98
 20
708.19
 10
878.54
 20
708.19
 10
877.39
 20
708.62
 10
876.67
 20
709.63
  0
LWPOLYLINE
  5
97C
330
17
100
AcDbEntity
  8
POLYLINES
100
AcDbPolyline
 90
13
 70
0
 10
884.15
 20
708.19
 10
884.15
 20
718.13
 10
886.75
 20
718.13
 10
887.9
 20
717.7
 10
888.76
 20
716.69
 10
889.05
 20
715.82
 10
889.48
 20
714.38
 10
889.48
 20
711.94
 10
889.05
 20
710.64
 10
888.76
 20
709.63
 10
887.9
 20
708.62
 10
886.75
 20
708.19
 10
884.15
 20
708.19
  0
LWPOLYLINE
  5
97D
330
17
100
AcDbEntity
  8
POLYLINES
100
AcDbPolyline
 90
20
 70
0
 10
912.95
 20
716.69
 10
912.09
 20
717.7
 10
910.94
 20
718.13
 10
909.5
 20
718.13
 10
908.35
 20
717.7
 10
907.63
 20
716.69
 10
907.63
 20
715.82
 10
907.91
 20
714.82
 10
908.35
 20
714.38
 10
909.07
 20
713.95
 10
911.37
 20
712.94
 10
912.09
 20
712.51
 10
912.52
 20
711.94
 10
912.95
 20
711.07
 10
912.95
 20
709.63
 10
912.09
 20
708.62
 10
910.94
 20
708.19
 10
909.5
 20
708.19
 10
908.35
 20
708.62
 10
907.63
 20
709.63
  0
LWPOLYLINE
  5
97E
330
17
100
AcDbEntity
  8
POLYLINES
100
AcDbPolyline
 90
15
 70
0
 10
915.98
 20
718.13
 10
920.01
 20
718.13
 10
917.85
 20
714.38
 10
919.0
 20
714.38
 10
919.72
 20
713.95
 10
920.01
 20
713.38
 10
920.44
 20
711.94
 10
920.44
 20
711.07
 10
920.01
 20
709.63
 10
919.29
 20
708.62
 10
918.14
 20
708.19
 10
916.99
 20
708.19
 10
915.98
 20
708.62
 10
915.55
 20
709.2
 10
915.11
 20
710.06
  0
LWPOLYLINE
  5
97F
330
17
100
AcDbEntity
  8
POLYLINES
100
AcDbPolyline
 90
29
 70
0
 10
924.62
 20
718.13
 10
923.47
 20
717.7
 10
923.03
 20
716.69
 10
923.03
 20
715.82
 10
923.47
 20
714.82
 10
924.19
 20
714.38
 10
925.77
 20
713.95
 10
926.92
 20
713.38
 10
927.64
 20
712.51
 10
928.07
 20
711.5
 10
928.07
 20
710.06
 10
927.64
 20
709.2
 10
927.21
 20
708.62
 10
926.06
 20
708.19
 10
924.62
 20
708.19
 10
923.47
 20
708.62
 10
923.03
 20
709.2
 10
922.75
 20
710.06
 10
922.75
 20
711.5
 10
923.03
 20
712.51
 10
923.9
 20
713.38
 10
925.05
 20
713.95
 10
926.49
 20
714.38
 10
927.21
 20
714.82
 10
927.64
 20
715.82
 10
927.64
 20
716.69
 10
927.21
 20
717.7
 10
926.06
 20
718.13
 10
924.62
 20
718.13
  0
LWPOLYLINE
  5
980
330
17
100
AcDbEntity
  8
POLYLINES
100
AcDbPolyline
 90
17
 70
0
 10
934.84
 20
718.13
 10
931.1
 20
718.13
 10
930.67
 20
713.95
 10
931.1
 20
714.38
 10
932.11
 20
714.82
 10
933.26
 20
714.82
 10
934.41
 20
714.38
 10
935.13
 20
713.38
 10
935.56
 20
711.94
 10
935.56
 20
711.07
 10
935.13
 20
709.63
 10
934.41
 20
708.62
 10
933.26
 20
708.19
 10
932.11
 20
708.19
 10
931.1
 20
708.62
 10
930.67
 20
709.2
 10
930.23
 20
710.06
  0
LWPOLYLINE
  5
981
330
17
100
AcDbEntity
  8
POLYLINES
100
AcDbPolyline
 90
3
 70
0
 10
940.6
 20
715.25
 10
940.46
 20
713.95
 10
939.88
 20
712.8
  0
LWPOLYLINE
  5
982
330
17
100
AcDbEntity
  8
POLYLINES
100
AcDbPolyline
 90
3
 70
0
 10
939.59
 20
708.34
 10
940.75
 20
709.63
 10
941.47
 20
710.93
  0
LWPOLYLINE
  5
983
330
17
100
AcDbEntity
  8
POLYLINES
100
AcDbPolyline
 90
3
 70
0
 10
940.46
 20
712.08
 10
942.19
 20
708.48
 10
942.91
 20
708.48
  0
LWPOLYLINE
  5
984
330
17
100
AcDbEntity
  8
POLYLINES
100
AcDbPolyline
 90
5
 70
0
 10
941.61
 20
716.98
 10
941.61
 20
715.68
 10
941.75
 20
714.24
 10
942.04
 20
713.81
 10
942.76
 20
713.81
  0
LWPOLYLINE
  5
985
330
17
100
AcDbEntity
  8
POLYLINES
100
AcDbPolyline
 90
3
 70
0
 10
945.07
 20
715.1
 10
947.8
 20
712.08
 10
948.23
 20
712.08
  0
LWPOLYLINE
  5
986
330
17
100
AcDbEntity
  8
POLYLINES
100
AcDbPolyline
 90
4
 70
0
 10
947.08
 20
716.4
 10
945.93
 20
714.24
 10
944.63
 20
712.51
 10
943.48
 20
711.36
  0
LWPOLYLINE
  5
987
330
17
100
AcDbEntity
  8
POLYLINES
100
AcDbPolyline
 90
4
 70
0
 10
950.97
 20
713.38
 10
950.83
 20
711.5
 10
950.39
 20
709.63
 10
949.39
 20
708.48
  0
LWPOLYLINE
  5
988
330
17
100
AcDbEntity
  8
POLYLINES
100
AcDbPolyline
 90
4
 70
0
 10
949.96
 20
717.26
 10
949.96
 20
715.25
 10
949.67
 20
712.08
 10
948.81
 20
708.48
  0
LWPOLYLINE
  5
989
330
17
100
AcDbEntity
  8
POLYLINES
100
AcDbPolyline
 90
3
 70
0
 10
1035.5
 20
714.67
 10
1034.49
 20
712.22
 10
1033.34
 20
709.78
  0
LWPOLYLINE
  5
98A
330
17
100
AcDbEntity
  8
POLYLINES
100
AcDbPolyline
 90
3
 70
0
 10
1035.79
 20
714.67
 10
1037.37
 20
710.21
 10
1038.09
 20
710.21
  0
LWPOLYLINE
  5
98B
330
17
100
AcDbEntity
  8
POLYLINES
100
AcDbPolyline
 90
3
 70
0
 10
1042.99
 20
716.69
 10
1042.99
 20
708.19
 10
1042.27
 20
709.06
  0
LWPOLYLINE
  5
98C
330
17
100
AcDbEntity
  8
POLYLINES
100
AcDbPolyline
 90
3
 70
0
 10
1045.0
 20
717.55
 10
1045.0
 20
708.34
 10
1044.28
 20
709.49
  0
LWPOLYLINE
  5
98D
330
17
100
AcDbEntity
  8
POLYLINES
100
AcDbPolyline
 90
4
 70
0
 10
1046.44
 20
715.97
 10
1046.44
 20
712.8
 10
1046.15
 20
711.07
 10
1045.43
 20
708.05
  0
LWPOLYLINE
  5
98E
330
17
100
AcDbEntity
  8
POLYLINES
100
AcDbPolyline
 90
3
 70
0
 10
1051.48
 20
713.95
 10
1050.62
 20
712.08
 10
1049.32
 20
709.78
  0
LWPOLYLINE
  5
98F
330
17
100
AcDbEntity
  8
POLYLINES
100
AcDbPolyline
 90
3
 70
0
 10
1051.48
 20
713.52
 10
1053.35
 20
710.35
 10
1053.79
 20
710.35
  0
LWPOLYLINE
  5
990
330
17
100
AcDbEntity
  8
POLYLINES
100
AcDbPolyline
 90
4
 70
0
 10
1057.1
 20
713.52
 10
1057.1
 20
708.91
 10
1057.53
 20
708.48
 10
1058.83
 20
708.48
  0
LWPOLYLINE
  5
991
330
17
100
AcDbEntity
  8
POLYLINES
100
AcDbPolyline
 90
4
 70
0
 10
1054.51
 20
708.19
 10
1055.08
 20
709.06
 10
1055.95
 20
710.93
 10
1056.52
 20
713.38
  0
LWPOLYLINE
  5
992
330
17
100
AcDbEntity
  8
POLYLINES
100
AcDbPolyline
 90
3
 70
0
 10
1060.99
 20
717.41
 10
1060.99
 20
708.19
 10
1060.27
 20
709.49
  0
LWPOLYLINE
  5
993
330
17
100
AcDbEntity
  8
POLYLINES
100
AcDbPolyline
 90
3
 70
0
 10
1061.27
 20
708.19
 10
1062.43
 20
709.2
 10
1063.0
 20
709.92
  0
LWPOLYLINE
  5
994
330
17
100
AcDbEntity
  8
POLYLINES
100
AcDbPolyline
 90
3
 70
0
 10
1072.79
 20
716.69
 10
1072.79
 20
712.22
 10
1072.22
 20
709.06
  0
LWPOLYLINE
  5
995
330
17
100
AcDbEntity
  8
POLYLINES
100
AcDbPolyline
 90
4
 70
0
 10
1074.52
 20
714.67
 10
1073.95
 20
711.65
 10
1073.51
 20
710.35
 10
1072.51
 20
708.77
  0
LWPOLYLINE
  5
996
330
17
100
AcDbEntity
  8
POLYLINES
100
AcDbPolyline
 90
3
 70
0
 10
1073.37
 20
713.38
 10
1074.95
 20
709.34
 10
1075.24
 20
709.34
  0
LWPOLYLINE
  5
997
330
17
100
AcDbEntity
  8
POLYLINES
100
AcDbPolyline
 90
29
 70
0
 10
730.79
 20
694.51
 10
729.64
 20
694.08
 10
729.21
 20
693.07
 10
729.21
 20
692.21
 10
729.64
 20
691.2
 10
730.36
 20
690.77
 10
731.95
 20
690.19
 10
732.95
 20
689.76
 10
733.82
 20
688.9
 10
734.11
 20
687.89
 10
734.11
 20
686.45
 10
733.82
 20
685.58
 10
733.39
 20
685.01
 10
732.23
 20
684.58
 10
730.79
 20
684.58
 10
729.64
 20
685.01
 10
729.21
 20
685.58
 10
728.92
 20
686.45
 10
728.92
 20
687.89
 10
729.21
 20
688.9
 10
729.93
 20
689.76
 10
731.08
 20
690.19
 10
732.67
 20
690.77
 10
733.39
 20
691.2
 10
733.82
 20
692.21
 10
733.82
 20
693.07
 10
733.39
 20
694.08
 10
732.23
 20
694.51
 10
730.79
 20
694.51
  0
LWPOLYLINE
  5
998
330
17
100
AcDbEntity
  8
POLYLINES
100
AcDbPolyline
 90
23
 70
0
 10
741.31
 20
691.2
 10
741.02
 20
689.76
 10
740.15
 20
688.9
 10
739.0
 20
688.32
 10
738.71
 20
688.32
 10
737.56
 20
688.9
 10
736.84
 20
689.76
 10
736.41
 20
691.2
 10
736.41
 20
691.63
 10
736.84
 20
693.07
 10
737.56
 20
694.08
 10
738.71
 20
694.51
 10
739.0
 20
694.51
 10
740.15
 20
694.08
 10
741.02
 20
693.07
 10
741.31
 20
691.2
 10
741.31
 20
688.9
 10
741.02
 20
686.45
 10
740.15
 20
685.01
 10
739.0
 20
684.58
 10
738.28
 20
684.58
 10
737.13
 20
685.01
 10
736.84
 20
686.02
  0
LWPOLYLINE
  5
999
330
17
100
AcDbEntity
  8
POLYLINES
100
AcDbPolyline
 90
11
 70
0
 10
744.04
 20
684.58
 10
744.04
 20
694.51
 10
747.35
 20
694.51
 10
748.51
 20
694.08
 10
748.94
 20
693.5
 10
749.23
 20
692.64
 10
749.23
 20
691.2
 10
748.94
 20
690.19
 10
748.51
 20
689.76
 10
747.35
 20
689.33
 10
744.04
 20
689.33
  0
LWPOLYLINE
  5
99A
330
17
100
AcDbEntity
  8
POLYLINES
100
AcDbPolyline
 90
3
 70
0
 10
863.13
 20
691.78
 10
862.99
 20
686.16
 10
862.41
 20
687.17
  0
LWPOLYLINE
  5
99B
330
17
100
AcDbEntity
  8
POLYLINES
100
AcDbPolyline
 90
3
 70
0
 10
859.1
 20
686.59
 10
860.11
 20
686.45
 10
863.27
 20
684.86
  0
LWPOLYLINE
  5
99C
330
17
100
AcDbEntity
  8
POLYLINES
100
AcDbPolyline
 90
4
 70
0
 10
860.54
 20
690.34
 10
860.25
 20
688.61
 10
860.54
 20
687.74
 10
860.11
 20
686.45
  0
LWPOLYLINE
  5
99D
330
17
100
AcDbEntity
  8
POLYLINES
100
AcDbPolyline
 90
3
 70
0
 10
871.91
 20
691.63
 10
871.77
 20
690.34
 10
871.19
 20
689.18
  0
LWPOLYLINE
  5
99E
330
17
100
AcDbEntity
  8
POLYLINES
100
AcDbPolyline
 90
3
 70
0
 10
870.91
 20
684.72
 10
872.06
 20
686.02
 10
872.78
 20
687.31
  0
LWPOLYLINE
  5
99F
330
17
100
AcDbEntity
  8
POLYLINES
100
AcDbPolyline
 90
3
 70
0
 10
871.77
 20
688.46
 10
873.5
 20
684.86
 10
874.22
 20
684.86
  0
LWPOLYLINE
  5
9A0
330
17
100
AcDbEntity
  8
POLYLINES
100
AcDbPolyline
 90
5
 70
0
 10
872.92
 20
693.36
 10
872.92
 20
692.06
 10
873.07
 20
690.62
 10
873.35
 20
690.19
 10
874.07
 20
690.19
  0
LWPOLYLINE
  5
9A1
330
17
100
AcDbEntity
  8
POLYLINES
100
AcDbPolyline
 90
3
 70
0
 10
876.38
 20
691.49
 10
879.11
 20
688.46
 10
879.55
 20
688.46
  0
LWPOLYLINE
  5
9A2
330
17
100
AcDbEntity
  8
POLYLINES
100
AcDbPolyline
 90
4
 70
0
 10
878.39
 20
692.78
 10
877.24
 20
690.62
 10
875.95
 20
688.9
 10
874.79
 20
687.74
  0
LWPOLYLINE
  5
9A3
330
17
100
AcDbEntity
  8
POLYLINES
100
AcDbPolyline
 90
3
 70
0
 10
889.75
 20
692.96
 10
889.51
 20
686.12
 10
889.84
 20
685.73
  0
LWPOLYLINE
  5
9A4
330
17
100
AcDbEntity
  8
POLYLINES
100
AcDbPolyline
 90
4
 70
0
 10
893.08
 20
686.16
 10
893.37
 20
685.58
 10
895.24
 20
685.58
 10
895.1
 20
687.6
  0
LWPOLYLINE
  5
9A5
330
17
100
AcDbEntity
  8
POLYLINES
100
AcDbPolyline
 90
3
 70
0
 10
899.27
 20
686.74
 10
900.57
 20
684.86
 10
900.57
 20
686.88
  0
LWPOLYLINE
  5
9A6
330
17
100
AcDbEntity
  8
POLYLINES
100
AcDbPolyline
 90
3
 70
0
 10
898.55
 20
693.65
 10
898.7
 20
688.9
 10
899.27
 20
686.74
  0
LWPOLYLINE
  5
9A7
330
17
100
AcDbEntity
  8
POLYLINES
100
AcDbPolyline
 90
3
 70
0
 10
899.99
 20
688.9
 10
899.13
 20
687.31
 10
897.55
 20
685.3
  0
LWPOLYLINE
  5
9A8
330
17
100
AcDbEntity
  8
POLYLINES
100
AcDbPolyline
 90
3
 70
0
 10
904.75
 20
694.51
 10
900.86
 20
687.89
 10
906.62
 20
687.89
  0
LWPOLYLINE
  5
9A9
330
17
100
AcDbEntity
  8
POLYLINES
100
AcDbPolyline
 90
20
 70
0
 10
914.11
 20
692.21
 10
913.82
 20
693.07
 10
912.95
 20
694.08
 10
912.23
 20
694.51
 10
910.79
 20
694.51
 10
909.93
 20
694.08
 10
909.21
 20
693.07
 10
908.92
 20
692.21
 10
908.49
 20
690.77
 10
908.49
 20
688.32
 10
908.92
 20
687.02
 10
909.21
 20
686.02
 10
909.93
 20
685.01
 10
910.79
 20
684.58
 10
912.23
 20
684.58
 10
912.95
 20
685.01
 10
913.82
 20
686.02
 10
914.11
 20
687.02
 10
914.11
 20
688.32
 10
912.23
 20
688.32
  0
LWPOLYLINE
  5
9AA
330
17
100
AcDbEntity
  8
POLYLINES
100
AcDbPolyline
 90
3
 70
0
 10
920.73
 20
693.65
 10
920.73
 20
684.86
 10
920.01
 20
686.16
  0
LWPOLYLINE
  5
9AB
330
17
100
AcDbEntity
  8
POLYLINES
100
AcDbPolyline
 90
3
 70
0
 10
922.28
 20
685.73
 10
922.68
 20
692.56
 10
922.37
 20
692.96
  0
LWPOLYLINE
  5
9AC
330
17
100
AcDbEntity
  8
POLYLINES
100
AcDbPolyline
 90
23
 70
0
 10
733.82
 20
667.58
 10
733.39
 20
666.14
 10
732.67
 20
665.28
 10
731.51
 20
664.7
 10
731.08
 20
664.7
 10
729.93
 20
665.28
 10
729.21
 20
666.14
 10
728.92
 20
667.58
 10
728.92
 20
668.02
 10
729.21
 20
669.46
 10
729.93
 20
670.46
 10
731.08
 20
670.9
 10
731.51
 20
670.9
 10
732.67
 20
670.46
 10
733.39
 20
669.46
 10
733.82
 20
667.58
 10
733.82
 20
665.28
 10
733.39
 20
662.83
 10
732.67
 20
661.39
 10
731.51
 20
660.96
 10
730.79
 20
660.96
 10
729.64
 20
661.39
 10
729.21
 20
662.4
  0
LWPOLYLINE
  5
9AD
330
17
100
AcDbEntity
  8
POLYLINES
100
AcDbPolyline
 90
17
 70
0
 10
738.71
 20
670.9
 10
737.56
 20
670.46
 10
736.84
 20
669.02
 10
736.41
 20
666.58
 10
736.41
 20
665.28
 10
736.84
 20
662.83
 10
737.56
 20
661.39
 10
738.71
 20
660.96
 10
739.43
 20
660.96
 10
740.59
 20
661.39
 10
741.31
 20
662.83
 10
741.74
 20
665.28
 10
741.74
 20
666.58
 10
741.31
 20
669.02
 10
740.59
 20
670.46
 10
739.43
 20
670.9
 10
738.71
 20
670.9
  0
LWPOLYLINE
  5
9AE
330
17
100
AcDbEntity
  8
POLYLINES
100
AcDbPolyline
 90
11
 70
0
 10
744.04
 20
660.96
 10
744.04
 20
670.9
 10
747.35
 20
670.9
 10
748.51
 20
670.46
 10
748.94
 20
669.89
 10
749.23
 20
669.02
 10
749.23
 20
667.58
 10
748.94
 20
666.58
 10
748.51
 20
666.14
 10
747.35
 20
665.71
 10
744.04
 20
665.71
  0
LWPOLYLINE
  5
9AF
330
17
100
AcDbEntity
  8
POLYLINES
100
AcDbPolyline
 90
5
 70
0
 10
866.3
 20
668.02
 10
866.3
 20
661.82
 10
866.44
 20
661.25
 10
868.6
 20
661.39
 10
868.46
 20
663.26
  0
LWPOLYLINE
  5
9B0
330
17
100
AcDbEntity
  8
POLYLINES
100
AcDbPolyline
 90
3
 70
0
 10
868.31
 20
667.15
 10
867.74
 20
662.98
 10
867.45
 20
663.84
  0
LWPOLYLINE
  5
9B1
330
17
100
AcDbEntity
  8
POLYLINES
100
AcDbPolyline
 90
3
 70
0
 10
873.35
 20
670.03
 10
873.35
 20
661.25
 10
872.63
 20
662.54
  0
LWPOLYLINE
  5
9B2
330
17
100
AcDbEntity
  8
POLYLINES
100
AcDbPolyline
 90
4
 70
0
 10
874.22
 20
669.02
 10
875.08
 20
669.46
 10
876.09
 20
670.9
 10
876.09
 20
660.96
  0
LWPOLYLINE
  5
9B3
330
17
100
AcDbEntity
  8
POLYLINES
100
AcDbPolyline
 90
23
 70
0
 10
884.87
 20
669.46
 10
884.44
 20
670.46
 10
883.29
 20
670.9
 10
882.57
 20
670.9
 10
881.42
 20
670.46
 10
880.7
 20
669.02
 10
880.27
 20
666.58
 10
880.27
 20
664.27
 10
880.7
 20
662.4
 10
881.42
 20
661.39
 10
882.57
 20
660.96
 10
883.0
 20
660.96
 10
884.15
 20
661.39
 10
884.87
 20
662.4
 10
885.16
 20
663.84
 10
885.16
 20
664.27
 10
884.87
 20
665.71
 10
884.15
 20
666.58
 10
883.0
 20
667.15
 10
882.57
 20
667.15
 10
881.42
 20
666.58
 10
880.7
 20
665.71
 10
880.27
 20
664.27
  0
LWPOLYLINE
  5
9B4
330
17
100
AcDbEntity
  8
POLYLINES
100
AcDbPolyline
 90
23
 70
0
 10
892.36
 20
669.46
 10
892.07
 20
670.46
 10
890.92
 20
670.9
 10
890.2
 20
670.9
 10
889.05
 20
670.46
 10
888.19
 20
669.02
 10
887.9
 20
666.58
 10
887.9
 20
664.27
 10
888.19
 20
662.4
 10
889.05
 20
661.39
 10
890.2
 20
660.96
 10
890.49
 20
660.96
 10
891.64
 20
661.39
 10
892.36
 20
662.4
 10
892.79
 20
663.84
 10
892.79
 20
664.27
 10
892.36
 20
665.71
 10
891.64
 20
666.58
 10
890.49
 20
667.15
 10
890.2
 20
667.15
 10
889.05
 20
666.58
 10
888.19
 20
665.71
 10
887.9
 20
664.27
  0
LWPOLYLINE
  5
9B5
330
17
100
AcDbEntity
  8
POLYLINES
100
AcDbPolyline
 90
17
 70
0
 10
897.69
 20
670.9
 10
896.54
 20
670.46
 10
895.82
 20
669.02
 10
895.39
 20
666.58
 10
895.39
 20
665.28
 10
895.82
 20
662.83
 10
896.54
 20
661.39
 10
897.69
 20
660.96
 10
898.41
 20
660.96
 10
899.56
 20
661.39
 10
900.28
 20
662.83
 10
900.71
 20
665.28
 10
900.71
 20
666.58
 10
900.28
 20
669.02
 10
899.56
 20
670.46
 10
898.41
 20
670.9
 10
897.69
 20
670.9
  0
LWPOLYLINE
  5
9B6
330
17
100
AcDbEntity
  8
POLYLINES
100
AcDbPolyline
 90
3
 70
0
 10
905.75
 20
668.02
 10
905.61
 20
666.72
 10
905.03
 20
665.57
  0
LWPOLYLINE
  5
9B7
330
17
100
AcDbEntity
  8
POLYLINES
100
AcDbPolyline
 90
3
 70
0
 10
904.75
 20
661.1
 10
905.9
 20
662.4
 10
906.47
 20
663.7
  0
LWPOLYLINE
  5
9B8
330
17
100
AcDbEntity
  8
POLYLINES
100
AcDbPolyline
 90
3
 70
0
 10
905.61
 20
664.85
 10
907.34
 20
661.25
 10
908.06
 20
661.25
  0
LWPOLYLINE
  5
9B9
330
17
100
AcDbEntity
  8
POLYLINES
100
AcDbPolyline
 90
5
 70
0
 10
906.76
 20
669.74
 10
906.76
 20
668.45
 10
906.91
 20
667.01
 10
907.19
 20
666.58
 10
907.91
 20
666.58
  0
LWPOLYLINE
  5
9BA
330
17
100
AcDbEntity
  8
POLYLINES
100
AcDbPolyline
 90
3
 70
0
 10
910.22
 20
667.87
 10
912.95
 20
664.85
 10
913.39
 20
664.85
  0
LWPOLYLINE
  5
9BB
330
17
100
AcDbEntity
  8
POLYLINES
100
AcDbPolyline
 90
4
 70
0
 10
912.23
 20
669.17
 10
911.08
 20
667.01
 10
909.79
 20
665.14
 10
908.63
 20
664.13
  0
LWPOLYLINE
  5
9BC
330
17
100
AcDbEntity
  8
POLYLINES
100
AcDbPolyline
 90
4
 70
0
 10
915.98
 20
666.14
 10
915.98
 20
664.27
 10
915.4
 20
662.4
 10
914.54
 20
661.25
  0
LWPOLYLINE
  5
9BD
330
17
100
AcDbEntity
  8
POLYLINES
100
AcDbPolyline
 90
4
 70
0
 10
915.11
 20
670.03
 10
915.11
 20
668.02
 10
914.83
 20
664.85
 10
913.96
 20
661.25
  0
LWPOLYLINE
  5
9BE
330
17
100
AcDbEntity
  8
POLYLINES
100
AcDbPolyline
 90
3
 70
0
 10
1035.5
 20
667.44
 10
1034.49
 20
664.99
 10
1033.34
 20
662.54
  0
LWPOLYLINE
  5
9BF
330
17
100
AcDbEntity
  8
POLYLINES
100
AcDbPolyline
 90
3
 70
0
 10
1035.79
 20
667.44
 10
1037.37
 20
662.98
 10
1038.09
 20
662.98
  0
LWPOLYLINE
  5
9C0
330
17
100
AcDbEntity
  8
POLYLINES
100
AcDbPolyline
 90
3
 70
0
 10
1042.99
 20
669.46
 10
1042.99
 20
660.96
 10
1042.27
 20
661.82
  0
LWPOLYLINE
  5
9C1
330
17
100
AcDbEntity
  8
POLYLINES
100
AcDbPolyline
 90
3
 70
0
 10
1045.0
 20
670.32
 10
1045.0
 20
661.1
 10
1044.28
 20
662.26
  0
LWPOLYLINE
  5
9C2
330
17
100
AcDbEntity
  8
POLYLINES
100
AcDbPolyline
 90
4
 70
0
 10
1046.44
 20
668.74
 10
1046.44
 20
665.57
 10
1046.15
 20
663.7
 10
1045.43
 20
660.82
  0
LWPOLYLINE
  5
9C3
330
17
100
AcDbEntity
  8
POLYLINES
100
AcDbPolyline
 90
3
 70
0
 10
1051.48
 20
666.72
 10
1050.62
 20
664.85
 10
1049.32
 20
662.54
  0
LWPOLYLINE
  5
9C4
330
17
100
AcDbEntity
  8
POLYLINES
100
AcDbPolyline
 90
3
 70
0
 10
1051.48
 20
666.29
 10
1053.35
 20
663.12
 10
1053.79
 20
663.12
  0
LWPOLYLINE
  5
9C5
330
17
100
AcDbEntity
  8
POLYLINES
100
AcDbPolyline
 90
4
 70
0
 10
1057.1
 20
666.29
 10
1057.1
 20
661.68
 10
1057.53
 20
661.25
 10
1058.83
 20
661.25
  0
LWPOLYLINE
  5
9C6
330
17
100
AcDbEntity
  8
POLYLINES
100
AcDbPolyline
 90
4
 70
0
 10
1054.51
 20
660.96
 10
1055.08
 20
661.82
 10
1055.95
 20
663.7
 10
1056.52
 20
666.14
  0
LWPOLYLINE
  5
9C7
330
17
100
AcDbEntity
  8
POLYLINES
100
AcDbPolyline
 90
3
 70
0
 10
1060.99
 20
670.18
 10
1060.99
 20
660.96
 10
1060.27
 20
662.26
  0
LWPOLYLINE
  5
9C8
330
17
100
AcDbEntity
  8
POLYLINES
100
AcDbPolyline
 90
3
 70
0
 10
1061.27
 20
660.96
 10
1062.43
 20
661.97
 10
1063.0
 20
662.69
  0
LWPOLYLINE
  5
9C9
330
17
100
AcDbEntity
  8
POLYLINES
100
AcDbPolyline
 90
3
 70
0
 10
1072.79
 20
669.46
 10
1072.79
 20
664.99
 10
1072.22
 20
661.82
  0
LWPOLYLINE
  5
9CA
330
17
100
AcDbEntity
  8
POLYLINES
100
AcDbPolyline
 90
4
 70
0
 10
1074.52
 20
667.44
 10
1073.95
 20
664.42
 10
1073.51
 20
663.12
 10
1072.51
 20
661.54
  0
LWPOLYLINE
  5
9CB
330
17
100
AcDbEntity
  8
POLYLINES
100
AcDbPolyline
 90
3
 70
0
 10
1073.37
 20
666.14
 10
1074.95
 20
662.11
 10
1075.24
 20
662.11
  0
LWPOLYLINE
  5
9CC
330
17
100
AcDbEntity
  8
POLYLINES
100
AcDbPolyline
 90
23
 70
0
 10
734.54
 20
643.97
 10
734.11
 20
642.53
 10
733.39
 20
641.66
 10
732.23
 20
641.09
 10
731.95
 20
641.09
 10
730.79
 20
641.66
 10
729.93
 20
642.53
 10
729.64
 20
643.97
 10
729.64
 20
644.4
 10
729.93
 20
645.84
 10
730.79
 20
646.85
 10
731.95
 20
647.28
 10
732.23
 20
647.28
 10
733.39
 20
646.85
 10
734.11
 20
645.84
 10
734.54
 20
643.97
 10
734.54
 20
641.66
 10
734.11
 20
639.22
 10
733.39
 20
637.78
 10
732.23
 20
637.34
 10
731.51
 20
637.34
 10
730.36
 20
637.78
 10
729.93
 20
638.78
  0
LWPOLYLINE
  5
9CD
330
17
100
AcDbEntity
  8
POLYLINES
100
AcDbPolyline
 90
4
 70
0
 10
737.13
 20
645.41
 10
737.99
 20
645.84
 10
739.0
 20
647.28
 10
739.0
 20
637.34
  0
LWPOLYLINE
  5
9CE
330
17
100
AcDbEntity
  8
POLYLINES
100
AcDbPolyline
 90
11
 70
0
 10
743.18
 20
637.34
 10
743.18
 20
647.28
 10
746.63
 20
647.28
 10
747.79
 20
646.85
 10
748.07
 20
646.27
 10
748.51
 20
645.41
 10
748.51
 20
643.97
 10
748.07
 20
642.96
 10
747.79
 20
642.53
 10
746.63
 20
642.1
 10
743.18
 20
642.1
  0
LWPOLYLINE
  5
9CF
330
17
100
AcDbEntity
  8
POLYLINES
100
AcDbPolyline
 90
5
 70
0
 10
862.41
 20
644.4
 10
862.41
 20
638.21
 10
862.7
 20
637.63
 10
864.71
 20
637.78
 10
864.57
 20
639.65
  0
LWPOLYLINE
  5
9D0
330
17
100
AcDbEntity
  8
POLYLINES
100
AcDbPolyline
 90
3
 70
0
 10
864.43
 20
643.54
 10
863.85
 20
639.36
 10
863.56
 20
640.22
  0
LWPOLYLINE
  5
9D1
330
17
100
AcDbEntity
  8
POLYLINES
100
AcDbPolyline
 90
3
 70
0
 10
869.61
 20
646.27
 10
869.61
 20
637.49
 10
868.75
 20
638.93
  0
LWPOLYLINE
  5
9D2
330
17
100
AcDbEntity
  8
POLYLINES
100
AcDbPolyline
 90
21
 70
0
 10
872.78
 20
647.28
 10
871.91
 20
646.85
 10
871.19
 20
645.84
 10
870.76
 20
644.98
 10
870.47
 20
643.54
 10
870.47
 20
641.09
 10
870.76
 20
639.65
 10
871.19
 20
638.78
 10
871.91
 20
637.78
 10
872.78
 20
637.34
 10
874.22
 20
637.34
 10
874.94
 20
637.78
 10
875.8
 20
638.78
 10
876.09
 20
639.65
 10
876.52
 20
641.09
 10
876.52
 20
643.54
 10
876.09
 20
644.98
 10
875.8
 20
645.84
 10
874.94
 20
646.85
 10
874.22
 20
647.28
 10
872.78
 20
647.28
  0
LWPOLYLINE
  5
9D3
330
17
100
AcDbEntity
  8
POLYLINES
100
AcDbPolyline
 90
4
 70
0
 10
885.59
 20
637.34
 10
885.59
 20
647.28
 10
890.92
 20
637.34
 10
890.92
 20
647.28
  0
LWPOLYLINE
  5
9D4
330
17
100
AcDbEntity
  8
POLYLINES
100
AcDbPolyline
 90
3
 70
0
 10
896.68
 20
644.4
 10
896.39
 20
643.1
 10
895.96
 20
641.95
  0
LWPOLYLINE
  5
9D5
330
17
100
AcDbEntity
  8
POLYLINES
100
AcDbPolyline
 90
3
 70
0
 10
895.67
 20
637.49
 10
896.83
 20
638.78
 10
897.4
 20
640.08
  0
LWPOLYLINE
  5
9D6
330
17
100
AcDbEntity
  8
POLYLINES
100
AcDbPolyline
 90
3
 70
0
 10
896.54
 20
641.23
 10
898.27
 20
637.49
 10
898.99
 20
637.49
  0
LWPOLYLINE
  5
9D7
330
17
100
AcDbEntity
  8
POLYLINES
100
AcDbPolyline
 90
5
 70
0
 10
897.69
 20
646.13
 10
897.69
 20
644.83
 10
897.83
 20
643.39
 10
898.12
 20
642.96
 10
898.84
 20
642.96
  0
LWPOLYLINE
  5
9D8
330
17
100
AcDbEntity
  8
POLYLINES
100
AcDbPolyline
 90
3
 70
0
 10
901.15
 20
644.26
 10
903.74
 20
641.23
 10
904.31
 20
641.23
  0
LWPOLYLINE
  5
9D9
330
17
100
AcDbEntity
  8
POLYLINES
100
AcDbPolyline
 90
4
 70
0
 10
903.16
 20
645.55
 10
902.01
 20
643.39
 10
900.71
 20
641.52
 10
899.56
 20
640.51
  0
LWPOLYLINE
  5
9DA
330
17
100
AcDbEntity
  8
POLYLINES
100
AcDbPolyline
 90
4
 70
0
 10
906.91
 20
642.53
 10
906.91
 20
640.66
 10
906.33
 20
638.78
 10
905.47
 20
637.49
  0
LWPOLYLINE
  5
9DB
330
17
100
AcDbEntity
  8
POLYLINES
100
AcDbPolyline
 90
4
 70
0
 10
906.04
 20
646.27
 10
906.04
 20
644.4
 10
905.75
 20
641.23
 10
904.89
 20
637.63
  0
LWPOLYLINE
  5
9DC
330
17
100
AcDbEntity
  8
POLYLINES
100
AcDbPolyline
 90
3
 70
0
 10
914.47
 20
645.72
 10
914.23
 20
638.88
 10
914.55
 20
638.48
  0
LWPOLYLINE
  5
9DD
330
17
100
AcDbEntity
  8
POLYLINES
100
AcDbPolyline
 90
3
 70
0
 10
920.92
 20
638.48
 10
921.32
 20
645.31
 10
921.0
 20
645.72
  0
LWPOLYLINE
  5
9DE
330
17
100
AcDbEntity
  8
POLYLINES
100
AcDbPolyline
 90
23
 70
0
 10
733.82
 20
620.35
 10
733.39
 20
618.91
 10
732.67
 20
618.05
 10
731.51
 20
617.47
 10
731.08
 20
617.47
 10
729.93
 20
618.05
 10
729.21
 20
618.91
 10
728.92
 20
620.35
 10
728.92
 20
620.78
 10
729.21
 20
622.22
 10
729.93
 20
623.23
 10
731.08
 20
623.66
 10
731.51
 20
623.66
 10
732.67
 20
623.23
 10
733.39
 20
622.22
 10
733.82
 20
620.35
 10
733.82
 20
618.05
 10
733.39
 20
615.6
 10
732.67
 20
614.16
 10
731.51
 20
613.73
 10
730.79
 20
613.73
 10
729.64
 20
614.16
 10
729.21
 20
615.17
  0
LWPOLYLINE
  5
9DF
330
17
100
AcDbEntity
  8
POLYLINES
100
AcDbPolyline
 90
14
 70
0
 10
736.84
 20
621.22
 10
736.84
 20
621.79
 10
737.13
 20
622.66
 10
737.56
 20
623.23
 10
738.28
 20
623.66
 10
739.87
 20
623.66
 10
740.59
 20
623.23
 10
741.02
 20
622.66
 10
741.31
 20
621.79
 10
741.31
 20
620.78
 10
741.02
 20
619.92
 10
740.15
 20
618.48
 10
736.41
 20
613.73
 10
741.74
 20
613.73
  0
LWPOLYLINE
  5
9E0
330
17
100
AcDbEntity
  8
POLYLINES
100
AcDbPolyline
 90
11
 70
0
 10
744.04
 20
613.73
 10
744.04
 20
623.66
 10
747.35
 20
623.66
 10
748.51
 20
623.23
 10
748.94
 20
622.66
 10
749.23
 20
621.79
 10
749.23
 20
620.35
 10
748.94
 20
619.34
 10
748.51
 20
618.91
 10
747.35
 20
618.48
 10
744.04
 20
618.48
  0
LWPOLYLINE
  5
9E1
330
17
100
AcDbEntity
  8
POLYLINES
100
AcDbPolyline
 90
5
 70
0
 10
862.41
 20
620.78
 10
862.41
 20
614.59
 10
862.7
 20
614.02
 10
864.71
 20
614.16
 10
864.57
 20
616.03
  0
LWPOLYLINE
  5
9E2
330
17
100
AcDbEntity
  8
POLYLINES
100
AcDbPolyline
 90
3
 70
0
 10
864.43
 20
619.92
 10
863.85
 20
615.74
 10
863.56
 20
616.61
  0
LWPOLYLINE
  5
9E3
330
17
100
AcDbEntity
  8
POLYLINES
100
AcDbPolyline
 90
3
 70
0
 10
869.61
 20
622.66
 10
869.61
 20
613.87
 10
868.75
 20
615.31
  0
LWPOLYLINE
  5
9E4
330
17
100
AcDbEntity
  8
POLYLINES
100
AcDbPolyline
 90
21
 70
0
 10
872.78
 20
623.66
 10
871.91
 20
623.23
 10
871.19
 20
622.22
 10
870.76
 20
621.22
 10
870.47
 20
619.92
 10
870.47
 20
617.47
 10
870.76
 20
616.03
 10
871.19
 20
615.17
 10
871.91
 20
614.16
 10
872.78
 20
613.73
 10
874.22
 20
613.73
 10
874.94
 20
614.16
 10
875.8
 20
615.17
 10
876.09
 20
616.03
 10
876.52
 20
617.47
 10
876.52
 20
619.92
 10
876.09
 20
621.22
 10
875.8
 20
622.22
 10
874.94
 20
623.23
 10
874.22
 20
623.66
 10
872.78
 20
623.66
  0
LWPOLYLINE
  5
9E5
330
17
100
AcDbEntity
  8
POLYLINES
100
AcDbPolyline
 90
4
 70
0
 10
885.59
 20
613.73
 10
885.59
 20
623.66
 10
890.92
 20
613.73
 10
890.92
 20
623.66
  0
LWPOLYLINE
  5
9E6
330
17
100
AcDbEntity
  8
POLYLINES
100
AcDbPolyline
 90
3
 70
0
 10
896.68
 20
620.78
 10
896.39
 20
619.49
 10
895.96
 20
618.34
  0
LWPOLYLINE
  5
9E7
330
17
100
AcDbEntity
  8
POLYLINES
100
AcDbPolyline
 90
3
 70
0
 10
895.67
 20
613.87
 10
896.83
 20
615.17
 10
897.4
 20
616.46
  0
LWPOLYLINE
  5
9E8
330
17
100
AcDbEntity
  8
POLYLINES
100
AcDbPolyline
 90
3
 70
0
 10
896.54
 20
617.62
 10
898.27
 20
613.87
 10
898.99
 20
613.87
  0
LWPOLYLINE
  5
9E9
330
17
100
AcDbEntity
  8
POLYLINES
100
AcDbPolyline
 90
5
 70
0
 10
897.69
 20
622.51
 10
897.69
 20
621.22
 10
897.83
 20
619.78
 10
898.12
 20
619.34
 10
898.84
 20
619.34
  0
LWPOLYLINE
  5
9EA
330
17
100
AcDbEntity
  8
POLYLINES
100
AcDbPolyline
 90
3
 70
0
 10
901.15
 20
620.64
 10
903.74
 20
617.62
 10
904.31
 20
617.62
  0
LWPOLYLINE
  5
9EB
330
17
100
AcDbEntity
  8
POLYLINES
100
AcDbPolyline
 90
4
 70
0
 10
903.16
 20
621.94
 10
902.01
 20
619.78
 10
900.71
 20
617.9
 10
899.56
 20
616.9
  0
LWPOLYLINE
  5
9EC
330
17
100
AcDbEntity
  8
POLYLINES
100
AcDbPolyline
 90
4
 70
0
 10
906.91
 20
618.91
 10
906.91
 20
617.04
 10
906.33
 20
615.17
 10
905.47
 20
613.87
  0
LWPOLYLINE
  5
9ED
330
17
100
AcDbEntity
  8
POLYLINES
100
AcDbPolyline
 90
4
 70
0
 10
906.04
 20
622.66
 10
906.04
 20
620.78
 10
905.75
 20
617.62
 10
904.89
 20
614.02
  0
LWPOLYLINE
  5
9EE
330
17
100
AcDbEntity
  8
POLYLINES
100
AcDbPolyline
 90
3
 70
0
 10
914.47
 20
622.1
 10
914.23
 20
615.26
 10
914.55
 20
614.86
  0
LWPOLYLINE
  5
9EF
330
17
100
AcDbEntity
  8
POLYLINES
100
AcDbPolyline
 90
3
 70
0
 10
920.92
 20
614.86
 10
921.32
 20
621.69
 10
921.0
 20
622.1
  0
LWPOLYLINE
  5
9F0
330
17
100
AcDbEntity
  8
POLYLINES
100
AcDbPolyline
 90
23
 70
0
 10
733.82
 20
595.15
 10
733.39
 20
593.71
 10
732.67
 20
592.7
 10
731.51
 20
592.27
 10
731.08
 20
592.27
 10
729.93
 20
592.7
 10
729.21
 20
593.71
 10
728.92
 20
595.15
 10
728.92
 20
595.58
 10
729.21
 20
597.02
 10
729.93
 20
597.89
 10
731.08
 20
598.46
 10
731.51
 20
598.46
 10
732.67
 20
597.89
 10
733.39
 20
597.02
 10
733.82
 20
595.15
 10
733.82
 20
592.7
 10
733.39
 20
590.4
 10
732.67
 20
588.96
 10
731.51
 20
588.53
 10
730.79
 20
588.53
 10
729.64
 20
588.96
 10
729.21
 20
589.82
  0
LWPOLYLINE
  5
9F1
330
17
100
AcDbEntity
  8
POLYLINES
100
AcDbPolyline
 90
29
 70
0
 10
738.28
 20
598.46
 10
737.13
 20
597.89
 10
736.84
 20
597.02
 10
736.84
 20
596.02
 10
737.13
 20
595.15
 10
737.99
 20
594.58
 10
739.43
 20
594.14
 10
740.59
 20
593.71
 10
741.31
 20
592.7
 10
741.74
 20
591.84
 10
741.74
 20
590.4
 10
741.31
 20
589.39
 10
741.02
 20
588.96
 10
739.87
 20
588.53
 10
738.28
 20
588.53
 10
737.13
 20
588.96
 10
736.84
 20
589.39
 10
736.41
 20
590.4
 10
736.41
 20
591.84
 10
736.84
 20
592.7
 10
737.56
 20
593.71
 10
738.71
 20
594.14
 10
740.15
 20
594.58
 10
741.02
 20
595.15
 10
741.31
 20
596.02
 10
741.31
 20
597.02
 10
741.02
 20
597.89
 10
739.87
 20
598.46
 10
738.28
 20
598.46
  0
LWPOLYLINE
  5
9F2
330
17
100
AcDbEntity
  8
POLYLINES
100
AcDbPolyline
 90
11
 70
0
 10
744.04
 20
588.53
 10
744.04
 20
598.46
 10
747.35
 20
598.46
 10
748.51
 20
597.89
 10
748.94
 20
597.46
 10
749.23
 20
596.45
 10
749.23
 20
595.15
 10
748.94
 20
594.14
 10
748.51
 20
593.71
 10
747.35
 20
593.14
 10
744.04
 20
593.14
  0
LWPOLYLINE
  5
9F3
330
17
100
AcDbEntity
  8
POLYLINES
100
AcDbPolyline
 90
3
 70
0
 10
869.18
 20
597.74
 10
869.18
 20
593.71
 10
869.32
 20
593.42
  0
LWPOLYLINE
  5
9F4
330
17
100
AcDbEntity
  8
POLYLINES
100
AcDbPolyline
 90
3
 70
0
 10
869.32
 20
593.42
 10
871.05
 20
593.42
 10
871.05
 20
595.15
  0
LWPOLYLINE
  5
9F5
330
17
100
AcDbEntity
  8
POLYLINES
100
AcDbPolyline
 90
3
 70
0
 10
876.23
 20
595.15
 10
875.51
 20
588.53
 10
874.51
 20
590.4
  0
LWPOLYLINE
  5
9F6
330
17
100
AcDbEntity
  8
POLYLINES
100
AcDbPolyline
 90
20
 70
0
 10
882.14
 20
597.02
 10
881.27
 20
597.89
 10
880.27
 20
598.46
 10
878.68
 20
598.46
 10
877.53
 20
597.89
 10
876.81
 20
597.02
 10
876.81
 20
596.02
 10
877.24
 20
595.15
 10
877.53
 20
594.58
 10
878.25
 20
594.14
 10
880.55
 20
593.14
 10
881.27
 20
592.7
 10
881.71
 20
592.27
 10
882.14
 20
591.26
 10
882.14
 20
589.82
 10
881.27
 20
588.96
 10
880.27
 20
588.53
 10
878.68
 20
588.53
 10
877.53
 20
588.96
 10
876.81
 20
589.82
  0
LWPOLYLINE
  5
9F7
330
17
100
AcDbEntity
  8
POLYLINES
100
AcDbPolyline
 90
13
 70
0
 10
884.3
 20
588.53
 10
884.3
 20
598.46
 10
887.03
 20
598.46
 10
888.19
 20
597.89
 10
888.91
 20
597.02
 10
889.34
 20
596.02
 10
889.63
 20
594.58
 10
889.63
 20
592.27
 10
889.34
 20
590.83
 10
888.91
 20
589.82
 10
888.19
 20
588.96
 10
887.03
 20
588.53
 10
884.3
 20
588.53
  0
LWPOLYLINE
  5
9F8
330
17
100
AcDbEntity
  8
POLYLINES
100
AcDbPolyline
 90
3
 70
0
 10
903.45
 20
595.44
 10
903.16
 20
594.29
 10
902.73
 20
592.99
  0
LWPOLYLINE
  5
9F9
330
17
100
AcDbEntity
  8
POLYLINES
100
AcDbPolyline
 90
3
 70
0
 10
902.3
 20
588.53
 10
903.45
 20
589.97
 10
904.17
 20
591.12
  0
LWPOLYLINE
  5
9FA
330
17
100
AcDbEntity
  8
POLYLINES
100
AcDbPolyline
 90
3
 70
0
 10
903.31
 20
592.27
 10
905.03
 20
588.67
 10
905.61
 20
588.67
  0
LWPOLYLINE
  5
9FB
330
17
100
AcDbEntity
  8
POLYLINES
100
AcDbPolyline
 90
5
 70
0
 10
904.46
 20
597.31
 10
904.46
 20
595.87
 10
904.46
 20
594.58
 10
904.89
 20
594.0
 10
905.61
 20
594.0
  0
LWPOLYLINE
  5
9FC
330
17
100
AcDbEntity
  8
POLYLINES
100
AcDbPolyline
 90
3
 70
0
 10
907.91
 20
595.44
 10
910.51
 20
592.27
 10
911.08
 20
592.42
  0
LWPOLYLINE
  5
9FD
330
17
100
AcDbEntity
  8
POLYLINES
100
AcDbPolyline
 90
4
 70
0
 10
909.93
 20
596.59
 10
908.78
 20
594.58
 10
907.34
 20
592.7
 10
906.19
 20
591.55
  0
LWPOLYLINE
  5
9FE
330
17
100
AcDbEntity
  8
POLYLINES
100
AcDbPolyline
 90
4
 70
0
 10
913.67
 20
593.71
 10
913.53
 20
591.84
 10
913.1
 20
589.97
 10
912.23
 20
588.67
  0
LWPOLYLINE
  5
9FF
330
17
100
AcDbEntity
  8
POLYLINES
100
AcDbPolyline
 90
4
 70
0
 10
912.81
 20
597.46
 10
912.81
 20
595.44
 10
912.38
 20
592.42
 10
911.66
 20
588.82
  0
LWPOLYLINE
  5
A00
330
17
100
AcDbEntity
  8
POLYLINES
100
AcDbPolyline
 90
3
 70
0
 10
1035.5
 20
594.86
 10
1034.49
 20
592.56
 10
1033.34
 20
589.97
  0
LWPOLYLINE
  5
A01
330
17
100
AcDbEntity
  8
POLYLINES
100
AcDbPolyline
 90
3
 70
0
 10
1035.79
 20
594.86
 10
1037.37
 20
590.4
 10
1038.09
 20
590.4
  0
LWPOLYLINE
  5
A02
330
17
100
AcDbEntity
  8
POLYLINES
100
AcDbPolyline
 90
3
 70
0
 10
1042.99
 20
596.88
 10
1042.99
 20
588.53
 10
1042.27
 20
589.25
  0
LWPOLYLINE
  5
A03
330
17
100
AcDbEntity
  8
POLYLINES
100
AcDbPolyline
 90
3
 70
0
 10
1045.0
 20
597.74
 10
1045.0
 20
588.53
 10
1044.28
 20
589.82
  0
LWPOLYLINE
  5
A04
330
17
100
AcDbEntity
  8
POLYLINES
100
AcDbPolyline
 90
4
 70
0
 10
1046.44
 20
596.16
 10
1046.44
 20
593.14
 10
1046.15
 20
591.26
 10
1045.43
 20
588.38
  0
LWPOLYLINE
  5
A05
330
17
100
AcDbEntity
  8
POLYLINES
100
AcDbPolyline
 90
3
 70
0
 10
1051.48
 20
594.14
 10
1050.62
 20
592.27
 10
1049.32
 20
589.97
  0
LWPOLYLINE
  5
A06
330
17
100
AcDbEntity
  8
POLYLINES
100
AcDbPolyline
 90
3
 70
0
 10
1051.48
 20
593.86
 10
1053.35
 20
590.69
 10
1053.79
 20
590.69
  0
LWPOLYLINE
  5
A07
330
17
100
AcDbEntity
  8
POLYLINES
100
AcDbPolyline
 90
4
 70
0
 10
1057.1
 20
593.86
 10
1057.1
 20
589.25
 10
1057.53
 20
588.82
 10
1058.83
 20
588.82
  0
LINE
  5
A08
330
17
100
AcDbEntity
  8
LINES
100
AcDbLine
 10
1054.79
 20
588.89
 30
0.0
 11
1056.23
 21
592.42
 31
0.0
  0
LWPOLYLINE
  5
A09
330
17
100
AcDbEntity
  8
POLYLINES
100
AcDbPolyline
 90
3
 70
0
 10
1060.99
 20
597.74
 10
1060.99
 20
588.53
 10
1060.27
 20
589.82
  0
LWPOLYLINE
  5
A0A
330
17
100
AcDbEntity
  8
POLYLINES
100
AcDbPolyline
 90
3
 70
0
 10
1061.27
 20
588.53
 10
1062.43
 20
589.54
 10
1063.0
 20
590.11
  0
LWPOLYLINE
  5
A0B
330
17
100
AcDbEntity
  8
POLYLINES
100
AcDbPolyline
 90
3
 70
0
 10
1072.79
 20
596.88
 10
1072.79
 20
592.56
 10
1072.22
 20
589.25
  0
LWPOLYLINE
  5
A0C
330
17
100
AcDbEntity
  8
POLYLINES
100
AcDbPolyline
 90
4
 70
0
 10
1074.52
 20
595.01
 10
1073.95
 20
591.84
 10
1073.51
 20
590.69
 10
1072.51
 20
589.1
  0
LWPOLYLINE
  5
A0D
330
17
100
AcDbEntity
  8
POLYLINES
100
AcDbPolyline
 90
3
 70
0
 10
1073.37
 20
593.71
 10
1074.95
 20
589.68
 10
1075.24
 20
589.68
  0
LWPOLYLINE
  5
A0E
330
17
100
AcDbEntity
  8
POLYLINES
100
AcDbPolyline
 90
23
 70
0
 10
733.82
 20
571.54
 10
733.39
 20
570.1
 10
732.67
 20
569.09
 10
731.51
 20
568.66
 10
731.08
 20
568.66
 10
729.93
 20
569.09
 10
729.21
 20
570.1
 10
728.92
 20
571.54
 10
728.92
 20
571.97
 10
729.21
 20
573.41
 10
729.93
 20
574.27
 10
731.08
 20
574.7
 10
731.51
 20
574.7
 10
732.67
 20
574.27
 10
733.39
 20
573.41
 10
733.82
 20
571.54
 10
733.82
 20
569.09
 10
733.39
 20
566.78
 10
732.67
 20
565.34
 10
731.51
 20
564.91
 10
730.79
 20
564.91
 10
729.64
 20
565.34
 10
729.21
 20
566.21
  0
LWPOLYLINE
  5
A0F
330
17
100
AcDbEntity
  8
POLYLINES
100
AcDbPolyline
 90
23
 70
0
 10
741.31
 20
571.54
 10
741.02
 20
570.1
 10
740.15
 20
569.09
 10
739.0
 20
568.66
 10
738.71
 20
568.66
 10
737.56
 20
569.09
 10
736.84
 20
570.1
 10
736.41
 20
571.54
 10
736.41
 20
571.97
 10
736.84
 20
573.41
 10
737.56
 20
574.27
 10
738.71
 20
574.7
 10
739.0
 20
574.7
 10
740.15
 20
574.27
 10
741.02
 20
573.41
 10
741.31
 20
571.54
 10
741.31
 20
569.09
 10
741.02
 20
566.78
 10
740.15
 20
565.34
 10
739.0
 20
564.91
 10
738.28
 20
564.91
 10
737.13
 20
565.34
 10
736.84
 20
566.21
  0
LWPOLYLINE
  5
A10
330
17
100
AcDbEntity
  8
POLYLINES
100
AcDbPolyline
 90
11
 70
0
 10
744.04
 20
564.91
 10
744.04
 20
574.7
 10
747.35
 20
574.7
 10
748.51
 20
574.27
 10
748.94
 20
573.84
 10
749.23
 20
572.83
 10
749.23
 20
571.54
 10
748.94
 20
570.53
 10
748.51
 20
570.1
 10
747.35
 20
569.52
 10
744.04
 20
569.52
  0
LWPOLYLINE
  5
A11
330
17
100
AcDbEntity
  8
POLYLINES
100
AcDbPolyline
 90
4
 70
0
 10
881.13
 20
570.24
 10
881.13
 20
565.63
 10
881.56
 20
565.2
 10
882.86
 20
565.2
  0
LWPOLYLINE
  5
A12
330
17
100
AcDbEntity
  8
POLYLINES
100
AcDbPolyline
 90
4
 70
0
 10
878.54
 20
564.91
 10
879.26
 20
565.63
 10
879.98
 20
567.5
 10
880.55
 20
569.95
  0
LWPOLYLINE
  5
A13
330
17
100
AcDbEntity
  8
POLYLINES
100
AcDbPolyline
 90
3
 70
0
 10
892.36
 20
566.06
 10
893.8
 20
566.21
 10
893.51
 20
568.08
  0
LWPOLYLINE
  5
A14
330
17
100
AcDbEntity
  8
POLYLINES
100
AcDbPolyline
 90
3
 70
0
 10
891.79
 20
570.38
 10
891.79
 20
566.64
 10
892.36
 20
566.06
  0
LWPOLYLINE
  5
A15
330
17
100
AcDbEntity
  8
POLYLINES
100
AcDbPolyline
 90
3
 70
0
 10
890.06
 20
572.98
 10
890.06
 20
570.53
 10
889.77
 20
568.51
  0
LWPOLYLINE
  5
A16
330
17
100
AcDbEntity
  8
POLYLINES
100
AcDbPolyline
 90
3
 70
0
 10
897.69
 20
567.07
 10
898.84
 20
565.06
 10
898.84
 20
567.07
  0
LWPOLYLINE
  5
A17
330
17
100
AcDbEntity
  8
POLYLINES
100
AcDbPolyline
 90
3
 70
0
 10
896.83
 20
573.98
 10
897.11
 20
569.23
 10
897.69
 20
567.07
  0
LWPOLYLINE
  5
A18
330
17
100
AcDbEntity
  8
POLYLINES
100
AcDbPolyline
 90
3
 70
0
 10
898.27
 20
569.23
 10
897.55
 20
567.65
 10
895.96
 20
565.63
  0
LWPOLYLINE
  5
A19
330
17
100
AcDbEntity
  8
POLYLINES
100
AcDbPolyline
 90
4
 70
0
 10
901.72
 20
569.95
 10
901.72
 20
568.22
 10
901.15
 20
566.35
 10
900.28
 20
565.06
  0
LWPOLYLINE
  5
A1A
330
17
100
AcDbEntity
  8
POLYLINES
100
AcDbPolyline
 90
4
 70
0
 10
900.86
 20
573.84
 10
900.86
 20
571.82
 10
900.57
 20
568.8
 10
899.71
 20
565.2
  0
LWPOLYLINE
  5
A1B
330
17
100
AcDbEntity
  8
POLYLINES
100
AcDbPolyline
 90
3
 70
0
 10
1035.64
 20
571.25
 10
1034.63
 20
568.94
 10
1033.48
 20
566.35
  0
LWPOLYLINE
  5
A1C
330
17
100
AcDbEntity
  8
POLYLINES
100
AcDbPolyline
 90
3
 70
0
 10
1035.93
 20
571.25
 10
1037.51
 20
566.78
 10
1038.09
 20
566.78
  0
LWPOLYLINE
  5
A1D
330
17
100
AcDbEntity
  8
POLYLINES
100
AcDbPolyline
 90
3
 70
0
 10
1043.13
 20
573.26
 10
1043.13
 20
564.91
 10
1042.41
 20
565.63
  0
LWPOLYLINE
  5
A1E
330
17
100
AcDbEntity
  8
POLYLINES
100
AcDbPolyline
 90
3
 70
0
 10
1045.15
 20
574.13
 10
1045.15
 20
564.91
 10
1044.28
 20
566.21
  0
LWPOLYLINE
  5
A1F
330
17
100
AcDbEntity
  8
POLYLINES
100
AcDbPolyline
 90
4
 70
0
 10
1046.59
 20
572.54
 10
1046.44
 20
569.52
 10
1046.3
 20
567.65
 10
1045.58
 20
564.77
  0
LWPOLYLINE
  5
A20
330
17
100
AcDbEntity
  8
POLYLINES
100
AcDbPolyline
 90
3
 70
0
 10
1051.63
 20
570.53
 10
1050.76
 20
568.66
 10
1049.32
 20
566.35
  0
LWPOLYLINE
  5
A21
330
17
100
AcDbEntity
  8
POLYLINES
100
AcDbPolyline
 90
3
 70
0
 10
1051.48
 20
570.24
 10
1053.5
 20
567.07
 10
1053.93
 20
567.07
  0
LWPOLYLINE
  5
A22
330
17
100
AcDbEntity
  8
POLYLINES
100
AcDbPolyline
 90
4
 70
0
 10
1057.24
 20
570.24
 10
1057.24
 20
565.63
 10
1057.67
 20
565.2
 10
1058.97
 20
565.2
  0
LINE
  5
A23
330
17
100
AcDbEntity
  8
LINES
100
AcDbLine
 10
1054.94
 20
565.27
 30
0.0
 11
1056.31
 21
568.73
 31
0.0
  0
LWPOLYLINE
  5
A24
330
17
100
AcDbEntity
  8
POLYLINES
100
AcDbPolyline
 90
3
 70
0
 10
1063.15
 20
566.06
 10
1064.59
 20
566.21
 10
1064.3
 20
568.08
  0
LWPOLYLINE
  5
A25
330
17
100
AcDbEntity
  8
POLYLINES
100
AcDbPolyline
 90
3
 70
0
 10
1062.57
 20
570.38
 10
1062.57
 20
566.64
 10
1063.15
 20
566.06
  0
LWPOLYLINE
  5
A26
330
17
100
AcDbEntity
  8
POLYLINES
100
AcDbPolyline
 90
3
 70
0
 10
1060.84
 20
572.98
 10
1060.84
 20
570.53
 10
1060.55
 20
568.51
  0
LWPOLYLINE
  5
A27
330
17
100
AcDbEntity
  8
POLYLINES
100
AcDbPolyline
 90
3
 70
0
 10
1068.33
 20
569.23
 10
1068.19
 20
567.94
 10
1066.75
 20
564.91
  0
LWPOLYLINE
  5
A28
330
17
100
AcDbEntity
  8
POLYLINES
100
AcDbPolyline
 90
4
 70
0
 10
1073.37
 20
574.13
 10
1073.23
 20
569.09
 10
1072.65
 20
566.78
 10
1071.64
 20
564.91
  0
LWPOLYLINE
  5
A29
330
17
100
AcDbEntity
  8
POLYLINES
100
AcDbPolyline
 90
3
 70
0
 10
1073.37
 20
569.09
 10
1074.38
 20
565.2
 10
1075.1
 20
565.2
  0
LWPOLYLINE
  5
A2A
330
17
100
AcDbEntity
  8
POLYLINES
100
AcDbPolyline
 90
4
 70
0
 10
725.9
 20
549.22
 10
726.62
 20
549.79
 10
727.77
 20
551.09
 10
727.77
 20
541.3
  0
LWPOLYLINE
  5
A2B
330
17
100
AcDbEntity
  8
POLYLINES
100
AcDbPolyline
 90
17
 70
0
 10
734.11
 20
551.09
 10
732.95
 20
550.66
 10
732.23
 20
549.22
 10
731.95
 20
546.91
 10
731.95
 20
545.47
 10
732.23
 20
543.17
 10
732.95
 20
541.73
 10
734.11
 20
541.3
 10
734.97
 20
541.3
 10
735.98
 20
541.73
 10
736.84
 20
543.17
 10
737.13
 20
545.47
 10
737.13
 20
546.91
 10
736.84
 20
549.22
 10
735.98
 20
550.66
 10
734.97
 20
551.09
 10
734.11
 20
551.09
  0
LWPOLYLINE
  5
A2C
330
17
100
AcDbEntity
  8
POLYLINES
100
AcDbPolyline
 90
17
 70
0
 10
741.74
 20
551.09
 10
740.59
 20
550.66
 10
739.87
 20
549.22
 10
739.43
 20
546.91
 10
739.43
 20
545.47
 10
739.87
 20
543.17
 10
740.59
 20
541.73
 10
741.74
 20
541.3
 10
742.46
 20
541.3
 10
743.61
 20
541.73
 10
744.33
 20
543.17
 10
744.76
 20
545.47
 10
744.76
 20
546.91
 10
744.33
 20
549.22
 10
743.61
 20
550.66
 10
742.46
 20
551.09
 10
741.74
 20
551.09
  0
LWPOLYLINE
  5
A2D
330
17
100
AcDbEntity
  8
POLYLINES
100
AcDbPolyline
 90
11
 70
0
 10
747.07
 20
541.3
 10
747.07
 20
551.09
 10
750.38
 20
551.09
 10
751.53
 20
550.66
 10
751.96
 20
550.22
 10
752.25
 20
549.22
 10
752.25
 20
547.78
 10
751.96
 20
546.91
 10
751.53
 20
546.48
 10
750.38
 20
545.9
 10
747.07
 20
545.9
  0
LWPOLYLINE
  5
A2E
330
17
100
AcDbEntity
  8
POLYLINES
100
AcDbPolyline
 90
3
 70
0
 10
876.67
 20
548.5
 10
874.65
 20
545.9
 10
873.21
 20
544.61
  0
LWPOLYLINE
  5
A2F
330
17
100
AcDbEntity
  8
POLYLINES
100
AcDbPolyline
 90
3
 70
0
 10
882.57
 20
550.22
 10
882.57
 20
541.44
 10
881.71
 20
542.74
  0
LWPOLYLINE
  5
A30
330
17
100
AcDbEntity
  8
POLYLINES
100
AcDbPolyline
 90
4
 70
0
 10
886.46
 20
546.62
 10
886.46
 20
542.02
 10
886.89
 20
541.58
 10
888.19
 20
541.58
  0
LINE
  5
A31
330
17
100
AcDbEntity
  8
LINES
100
AcDbLine
 10
884.15
 20
541.66
 30
0.0
 11
885.59
 21
545.11
 31
0.0
  0
LWPOLYLINE
  5
A32
330
17
100
AcDbEntity
  8
POLYLINES
100
AcDbPolyline
 90
3
 70
0
 10
898.55
 20
548.35
 10
898.41
 20
542.74
 10
897.83
 20
543.74
  0
LWPOLYLINE
  5
A33
330
17
100
AcDbEntity
  8
POLYLINES
100
AcDbPolyline
 90
3
 70
0
 10
894.52
 20
543.17
 10
895.53
 20
543.02
 10
898.7
 20
541.44
  0
LWPOLYLINE
  5
A34
330
17
100
AcDbEntity
  8
POLYLINES
100
AcDbPolyline
 90
4
 70
0
 10
895.96
 20
547.06
 10
895.67
 20
545.33
 10
895.96
 20
544.46
 10
895.53
 20
543.02
  0
LWPOLYLINE
  5
A35
330
17
100
AcDbEntity
  8
POLYLINES
100
AcDbPolyline
 90
4
 70
0
 10
907.05
 20
546.34
 10
907.05
 20
544.61
 10
906.47
 20
542.74
 10
905.61
 20
541.44
  0
LWPOLYLINE
  5
A36
330
17
100
AcDbEntity
  8
POLYLINES
100
AcDbPolyline
 90
4
 70
0
 10
906.19
 20
550.22
 10
906.19
 20
548.21
 10
905.75
 20
545.18
 10
905.03
 20
541.58
  0
LWPOLYLINE
  5
A37
330
17
100
AcDbEntity
  8
POLYLINES
100
AcDbPolyline
 90
4
 70
0
 10
726.62
 20
527.47
 10
727.34
 20
528.05
 10
728.49
 20
529.49
 10
728.49
 20
519.55
  0
LWPOLYLINE
  5
A38
330
17
100
AcDbEntity
  8
POLYLINES
100
AcDbPolyline
 90
17
 70
0
 10
734.97
 20
529.49
 10
733.82
 20
528.91
 10
732.95
 20
527.47
 10
732.67
 20
525.17
 10
732.67
 20
523.73
 10
732.95
 20
521.42
 10
733.82
 20
519.98
 10
734.97
 20
519.55
 10
735.69
 20
519.55
 10
736.84
 20
519.98
 10
737.56
 20
521.42
 10
737.99
 20
523.73
 10
737.99
 20
525.17
 10
737.56
 20
527.47
 10
736.84
 20
528.91
 10
735.69
 20
529.49
 10
734.97
 20
529.49
  0
LWPOLYLINE
  5
A39
330
17
100
AcDbEntity
  8
POLYLINES
100
AcDbPolyline
 90
4
 70
0
 10
740.15
 20
527.47
 10
741.02
 20
528.05
 10
742.03
 20
529.49
 10
742.03
 20
519.55
  0
LWPOLYLINE
  5
A3A
330
17
100
AcDbEntity
  8
POLYLINES
100
AcDbPolyline
 90
11
 70
0
 10
746.2
 20
519.55
 10
746.2
 20
529.49
 10
749.66
 20
529.49
 10
750.81
 20
528.91
 10
751.1
 20
528.48
 10
751.53
 20
527.47
 10
751.53
 20
526.18
 10
751.1
 20
525.17
 10
750.81
 20
524.74
 10
749.66
 20
524.16
 10
746.2
 20
524.16
  0
LWPOLYLINE
  5
A3B
330
17
100
AcDbEntity
  8
POLYLINES
100
AcDbPolyline
 90
5
 70
0
 10
875.37
 20
526.46
 10
875.37
 20
520.27
 10
875.51
 20
519.84
 10
877.67
 20
519.84
 10
877.53
 20
521.71
  0
LWPOLYLINE
  5
A3C
330
17
100
AcDbEntity
  8
POLYLINES
100
AcDbPolyline
 90
3
 70
0
 10
877.39
 20
525.74
 10
876.81
 20
521.57
 10
876.52
 20
522.43
  0
LWPOLYLINE
  5
A3D
330
17
100
AcDbEntity
  8
POLYLINES
100
AcDbPolyline
 90
3
 70
0
 10
882.43
 20
528.48
 10
882.43
 20
519.7
 10
881.71
 20
520.99
  0
LWPOLYLINE
  5
A3E
330
17
100
AcDbEntity
  8
POLYLINES
100
AcDbPolyline
 90
4
 70
0
 10
886.46
 20
524.88
 10
886.46
 20
520.27
 10
886.75
 20
519.84
 10
888.19
 20
519.84
  0
LINE
  5
A3F
330
17
100
AcDbEntity
  8
LINES
100
AcDbLine
 10
884.08
 20
519.91
 30
0.0
 11
885.52
 21
523.44
 31
0.0
  0
LWPOLYLINE
  5
A40
330
17
100
AcDbEntity
  8
POLYLINES
100
AcDbPolyline
 90
3
 70
0
 10
898.41
 20
526.61
 10
898.27
 20
520.99
 10
897.69
 20
522.14
  0
LWPOLYLINE
  5
A41
330
17
100
AcDbEntity
  8
POLYLINES
100
AcDbPolyline
 90
3
 70
0
 10
894.52
 20
521.42
 10
895.53
 20
521.42
 10
898.55
 20
519.7
  0
LWPOLYLINE
  5
A42
330
17
100
AcDbEntity
  8
POLYLINES
100
AcDbPolyline
 90
4
 70
0
 10
895.96
 20
525.31
 10
895.53
 20
523.58
 10
895.82
 20
522.72
 10
895.53
 20
521.42
  0
LWPOLYLINE
  5
A43
330
17
100
AcDbEntity
  8
POLYLINES
100
AcDbPolyline
 90
4
 70
0
 10
907.05
 20
524.74
 10
906.91
 20
522.86
 10
906.33
 20
520.99
 10
905.47
 20
519.7
  0
LWPOLYLINE
  5
A44
330
17
100
AcDbEntity
  8
POLYLINES
100
AcDbPolyline
 90
4
 70
0
 10
906.04
 20
528.48
 10
906.04
 20
526.46
 10
905.75
 20
523.44
 10
904.89
 20
519.84
  0
LWPOLYLINE
  5
A45
330
17
100
AcDbEntity
  8
POLYLINES
100
AcDbPolyline
 90
4
 70
0
 10
725.9
 20
501.98
 10
726.62
 20
502.56
 10
727.77
 20
503.86
 10
727.77
 20
493.92
  0
LWPOLYLINE
  5
A46
330
17
100
AcDbEntity
  8
POLYLINES
100
AcDbPolyline
 90
17
 70
0
 10
734.11
 20
503.86
 10
732.95
 20
503.42
 10
732.23
 20
501.98
 10
731.95
 20
499.68
 10
731.95
 20
498.24
 10
732.23
 20
495.94
 10
732.95
 20
494.5
 10
734.11
 20
493.92
 10
734.97
 20
493.92
 10
735.98
 20
494.5
 10
736.84
 20
495.94
 10
737.13
 20
498.24
 10
737.13
 20
499.68
 10
736.84
 20
501.98
 10
735.98
 20
503.42
 10
734.97
 20
503.86
 10
734.11
 20
503.86
  0
LWPOLYLINE
  5
A47
330
17
100
AcDbEntity
  8
POLYLINES
100
AcDbPolyline
 90
14
 70
0
 10
739.87
 20
501.55
 10
739.87
 20
501.98
 10
740.15
 20
502.99
 10
740.59
 20
503.42
 10
741.31
 20
503.86
 10
742.89
 20
503.86
 10
743.61
 20
503.42
 10
744.04
 20
502.99
 10
744.33
 20
501.98
 10
744.33
 20
501.12
 10
744.04
 20
500.11
 10
743.18
 20
498.67
 10
739.43
 20
493.92
 10
744.76
 20
493.92
  0
LWPOLYLINE
  5
A48
330
17
100
AcDbEntity
  8
POLYLINES
100
AcDbPolyline
 90
11
 70
0
 10
747.07
 20
493.92
 10
747.07
 20
503.86
 10
750.38
 20
503.86
 10
751.53
 20
503.42
 10
751.96
 20
502.99
 10
752.25
 20
501.98
 10
752.25
 20
500.54
 10
751.96
 20
499.68
 10
751.53
 20
499.25
 10
750.38
 20
498.67
 10
747.07
 20
498.67
  0
LWPOLYLINE
  5
A49
330
17
100
AcDbEntity
  8
POLYLINES
100
AcDbPolyline
 90
3
 70
0
 10
879.83
 20
497.95
 10
879.26
 20
495.79
 10
880.7
 20
494.78
  0
LWPOLYLINE
  5
A4A
330
17
100
AcDbEntity
  8
POLYLINES
100
AcDbPolyline
 90
4
 70
0
 10
880.55
 20
497.95
 10
880.27
 20
496.08
 10
879.69
 20
494.78
 10
878.97
 20
493.92
  0
LWPOLYLINE
  5
A4B
330
17
100
AcDbEntity
  8
POLYLINES
100
AcDbPolyline
 90
4
 70
0
 10
881.71
 20
502.99
 10
881.56
 20
500.98
 10
881.27
 20
499.82
 10
880.84
 20
497.81
  0
LWPOLYLINE
  5
A4C
330
17
100
AcDbEntity
  8
POLYLINES
100
AcDbPolyline
 90
4
 70
0
 10
882.28
 20
499.97
 10
881.99
 20
497.23
 10
881.42
 20
495.5
 10
880.41
 20
493.78
  0
LWPOLYLINE
  5
A4D
330
17
100
AcDbEntity
  8
POLYLINES
100
AcDbPolyline
 90
3
 70
0
 10
881.13
 20
498.67
 10
882.43
 20
494.21
 10
883.15
 20
494.21
  0
LWPOLYLINE
  5
A4E
330
17
100
AcDbEntity
  8
POLYLINES
100
AcDbPolyline
 90
5
 70
0
 10
886.31
 20
498.96
 10
886.46
 20
497.23
 10
886.46
 20
495.5
 10
886.31
 20
493.92
 10
885.31
 20
495.07
  0
LWPOLYLINE
  5
A4F
330
17
100
AcDbEntity
  8
POLYLINES
100
AcDbPolyline
 90
3
 70
0
 10
892.36
 20
495.22
 10
893.8
 20
495.36
 10
893.66
 20
497.23
  0
LWPOLYLINE
  5
A50
330
17
100
AcDbEntity
  8
POLYLINES
100
AcDbPolyline
 90
3
 70
0
 10
891.93
 20
499.54
 10
891.93
 20
495.79
 10
892.36
 20
495.22
  0
LWPOLYLINE
  5
A51
330
17
100
AcDbEntity
  8
POLYLINES
100
AcDbPolyline
 90
3
 70
0
 10
890.06
 20
502.13
 10
890.06
 20
499.68
 10
889.77
 20
497.66
  0
LWPOLYLINE
  5
A52
330
17
100
AcDbEntity
  8
POLYLINES
100
AcDbPolyline
 90
3
 70
0
 10
897.69
 20
496.22
 10
898.99
 20
494.21
 10
898.99
 20
496.22
  0
LWPOLYLINE
  5
A53
330
17
100
AcDbEntity
  8
POLYLINES
100
AcDbPolyline
 90
3
 70
0
 10
896.97
 20
503.14
 10
897.11
 20
498.38
 10
897.69
 20
496.22
  0
LWPOLYLINE
  5
A54
330
17
100
AcDbEntity
  8
POLYLINES
100
AcDbPolyline
 90
3
 70
0
 10
898.41
 20
498.38
 10
897.55
 20
496.8
 10
895.96
 20
494.64
  0
LWPOLYLINE
  5
A55
330
17
100
AcDbEntity
  8
POLYLINES
100
AcDbPolyline
 90
4
 70
0
 10
901.87
 20
499.1
 10
901.72
 20
497.23
 10
901.29
 20
495.5
 10
900.28
 20
494.21
  0
LWPOLYLINE
  5
A56
330
17
100
AcDbEntity
  8
POLYLINES
100
AcDbPolyline
 90
4
 70
0
 10
900.86
 20
502.99
 10
900.86
 20
500.98
 10
900.57
 20
497.95
 10
899.71
 20
494.35
  0
LWPOLYLINE
  5
A57
330
17
100
AcDbEntity
  8
POLYLINES
100
AcDbPolyline
 90
4
 70
0
 10
725.9
 20
478.37
 10
726.62
 20
478.8
 10
727.77
 20
480.24
 10
727.77
 20
470.3
  0
LWPOLYLINE
  5
A58
330
17
100
AcDbEntity
  8
POLYLINES
100
AcDbPolyline
 90
17
 70
0
 10
734.11
 20
480.24
 10
732.95
 20
479.81
 10
732.23
 20
478.37
 10
731.95
 20
476.06
 10
731.95
 20
474.62
 10
732.23
 20
472.32
 10
732.95
 20
470.88
 10
734.11
 20
470.3
 10
734.97
 20
470.3
 10
735.98
 20
470.88
 10
736.84
 20
472.32
 10
737.13
 20
474.62
 10
737.13
 20
476.06
 10
736.84
 20
478.37
 10
735.98
 20
479.81
 10
734.97
 20
480.24
 10
734.11
 20
480.24
  0
LWPOLYLINE
  5
A59
330
17
100
AcDbEntity
  8
POLYLINES
100
AcDbPolyline
 90
15
 70
0
 10
740.15
 20
480.24
 10
744.33
 20
480.24
 10
742.03
 20
476.5
 10
743.18
 20
476.5
 10
744.04
 20
476.06
 10
744.33
 20
475.63
 10
744.76
 20
474.19
 10
744.76
 20
473.18
 10
744.33
 20
471.74
 10
743.61
 20
470.88
 10
742.46
 20
470.3
 10
741.31
 20
470.3
 10
740.15
 20
470.88
 10
739.87
 20
471.31
 10
739.43
 20
472.32
  0
LWPOLYLINE
  5
A5A
330
17
100
AcDbEntity
  8
POLYLINES
100
AcDbPolyline
 90
11
 70
0
 10
747.07
 20
470.3
 10
747.07
 20
480.24
 10
750.38
 20
480.24
 10
751.53
 20
479.81
 10
751.96
 20
479.38
 10
752.25
 20
478.37
 10
752.25
 20
476.93
 10
751.96
 20
476.06
 10
751.53
 20
475.63
 10
750.38
 20
475.06
 10
747.07
 20
475.06
  0
LWPOLYLINE
  5
A5B
330
17
100
AcDbEntity
  8
POLYLINES
100
AcDbPolyline
 90
5
 70
0
 10
868.17
 20
477.36
 10
868.17
 20
471.17
 10
868.31
 20
470.74
 10
870.47
 20
470.74
 10
870.33
 20
472.61
  0
LWPOLYLINE
  5
A5C
330
17
100
AcDbEntity
  8
POLYLINES
100
AcDbPolyline
 90
3
 70
0
 10
870.19
 20
476.5
 10
869.61
 20
472.46
 10
869.32
 20
473.33
  0
LWPOLYLINE
  5
A5D
330
17
100
AcDbEntity
  8
POLYLINES
100
AcDbPolyline
 90
3
 70
0
 10
875.23
 20
479.38
 10
875.23
 20
470.59
 10
874.51
 20
471.89
  0
LWPOLYLINE
  5
A5E
330
17
100
AcDbEntity
  8
POLYLINES
100
AcDbPolyline
 90
11
 70
0
 10
876.09
 20
470.3
 10
876.09
 20
480.24
 10
879.55
 20
480.24
 10
880.7
 20
479.81
 10
881.13
 20
479.38
 10
881.42
 20
478.37
 10
881.42
 20
476.93
 10
881.13
 20
476.06
 10
880.7
 20
475.63
 10
879.55
 20
475.06
 10
876.09
 20
475.06
  0
LWPOLYLINE
  5
A5F
330
17
100
AcDbEntity
  8
POLYLINES
100
AcDbPolyline
 90
18
 70
0
 10
889.77
 20
477.94
 10
889.34
 20
478.8
 10
888.62
 20
479.81
 10
887.9
 20
480.24
 10
886.31
 20
480.24
 10
885.59
 20
479.81
 10
884.87
 20
478.8
 10
884.44
 20
477.94
 10
884.15
 20
476.5
 10
884.15
 20
474.19
 10
884.44
 20
472.75
 10
884.87
 20
471.74
 10
885.59
 20
470.88
 10
886.31
 20
470.3
 10
887.9
 20
470.3
 10
888.62
 20
470.88
 10
889.34
 20
471.74
 10
889.77
 20
472.75
  0
LWPOLYLINE
  5
A60
330
17
100
AcDbEntity
  8
POLYLINES
100
AcDbPolyline
 90
5
 70
0
 10
892.07
 20
470.3
 10
892.07
 20
480.24
 10
895.1
 20
470.3
 10
898.12
 20
480.24
 10
898.12
 20
470.3
  0
LWPOLYLINE
  5
A61
330
17
100
AcDbEntity
  8
POLYLINES
100
AcDbPolyline
 90
3
 70
0
 10
903.88
 20
477.36
 10
903.59
 20
476.21
 10
903.16
 20
474.91
  0
LWPOLYLINE
  5
A62
330
17
100
AcDbEntity
  8
POLYLINES
100
AcDbPolyline
 90
3
 70
0
 10
902.87
 20
470.45
 10
904.03
 20
471.74
 10
904.6
 20
473.04
  0
LWPOLYLINE
  5
A63
330
17
100
AcDbEntity
  8
POLYLINES
100
AcDbPolyline
 90
3
 70
0
 10
903.74
 20
474.19
 10
905.47
 20
470.59
 10
906.19
 20
470.59
  0
LWPOLYLINE
  5
A64
330
17
100
AcDbEntity
  8
POLYLINES
100
AcDbPolyline
 90
5
 70
0
 10
904.89
 20
479.09
 10
904.89
 20
477.79
 10
905.03
 20
476.5
 10
905.32
 20
475.92
 10
906.04
 20
475.92
  0
LWPOLYLINE
  5
A65
330
17
100
AcDbEntity
  8
POLYLINES
100
AcDbPolyline
 90
3
 70
0
 10
908.35
 20
477.36
 10
911.08
 20
474.19
 10
911.51
 20
474.34
  0
LWPOLYLINE
  5
A66
330
17
100
AcDbEntity
  8
POLYLINES
100
AcDbPolyline
 90
4
 70
0
 10
910.36
 20
478.51
 10
909.21
 20
476.5
 10
907.91
 20
474.62
 10
906.76
 20
473.47
  0
LWPOLYLINE
  5
A67
330
17
100
AcDbEntity
  8
POLYLINES
100
AcDbPolyline
 90
4
 70
0
 10
914.11
 20
475.49
 10
914.11
 20
473.62
 10
913.53
 20
471.74
 10
912.67
 20
470.59
  0
LWPOLYLINE
  5
A68
330
17
100
AcDbEntity
  8
POLYLINES
100
AcDbPolyline
 90
4
 70
0
 10
913.24
 20
479.38
 10
913.24
 20
477.36
 10
912.95
 20
474.34
 10
912.09
 20
470.74
  0
LWPOLYLINE
  5
A69
330
17
100
AcDbEntity
  8
POLYLINES
100
AcDbPolyline
 90
4
 70
0
 10
725.9
 20
454.75
 10
726.62
 20
455.18
 10
727.77
 20
456.62
 10
727.77
 20
446.69
  0
LWPOLYLINE
  5
A6A
330
17
100
AcDbEntity
  8
POLYLINES
100
AcDbPolyline
 90
17
 70
0
 10
734.11
 20
456.62
 10
732.95
 20
456.19
 10
732.23
 20
454.75
 10
731.95
 20
452.45
 10
731.95
 20
451.01
 10
732.23
 20
448.7
 10
732.95
 20
447.26
 10
734.11
 20
446.69
 10
734.97
 20
446.69
 10
735.98
 20
447.26
 10
736.84
 20
448.7
 10
737.13
 20
451.01
 10
737.13
 20
452.45
 10
736.84
 20
454.75
 10
735.98
 20
456.19
 10
734.97
 20
456.62
 10
734.11
 20
456.62
  0
LWPOLYLINE
  5
A6B
330
17
100
AcDbEntity
  8
POLYLINES
100
AcDbPolyline
 90
3
 70
0
 10
743.18
 20
456.62
 10
739.43
 20
450.0
 10
745.05
 20
450.0
  0
LWPOLYLINE
  5
A6C
330
17
100
AcDbEntity
  8
POLYLINES
100
AcDbPolyline
 90
11
 70
0
 10
747.07
 20
446.69
 10
747.07
 20
456.62
 10
750.38
 20
456.62
 10
751.53
 20
456.19
 10
751.96
 20
455.76
 10
752.25
 20
454.75
 10
752.25
 20
453.31
 10
751.96
 20
452.45
 10
751.53
 20
451.87
 10
750.38
 20
451.44
 10
747.07
 20
451.44
  0
LWPOLYLINE
  5
A6D
330
17
100
AcDbEntity
  8
POLYLINES
100
AcDbPolyline
 90
3
 70
0
 10
869.47
 20
454.03
 10
867.45
 20
451.44
 10
866.01
 20
450.14
  0
LWPOLYLINE
  5
A6E
330
17
100
AcDbEntity
  8
POLYLINES
100
AcDbPolyline
 90
3
 70
0
 10
875.37
 20
455.76
 10
875.37
 20
446.98
 10
874.65
 20
448.27
  0
LWPOLYLINE
  5
A6F
330
17
100
AcDbEntity
  8
POLYLINES
100
AcDbPolyline
 90
11
 70
0
 10
876.23
 20
446.69
 10
876.23
 20
456.62
 10
879.69
 20
456.62
 10
880.7
 20
456.19
 10
881.13
 20
455.76
 10
881.56
 20
454.75
 10
881.56
 20
453.31
 10
881.13
 20
452.45
 10
880.7
 20
451.87
 10
879.69
 20
451.44
 10
876.23
 20
451.44
  0
LWPOLYLINE
  5
A70
330
17
100
AcDbEntity
  8
POLYLINES
100
AcDbPolyline
 90
18
 70
0
 10
889.77
 20
454.32
 10
889.48
 20
455.18
 10
888.76
 20
456.19
 10
887.9
 20
456.62
 10
886.46
 20
456.62
 10
885.74
 20
456.19
 10
884.87
 20
455.18
 10
884.59
 20
454.32
 10
884.15
 20
452.88
 10
884.15
 20
450.58
 10
884.59
 20
449.14
 10
884.87
 20
448.13
 10
885.74
 20
447.26
 10
886.46
 20
446.69
 10
887.9
 20
446.69
 10
888.76
 20
447.26
 10
889.48
 20
448.13
 10
889.77
 20
449.14
  0
LWPOLYLINE
  5
A71
330
17
100
AcDbEntity
  8
POLYLINES
100
AcDbPolyline
 90
5
 70
0
 10
892.07
 20
446.69
 10
892.07
 20
456.62
 10
895.1
 20
446.69
 10
898.12
 20
456.62
 10
898.12
 20
446.69
  0
LWPOLYLINE
  5
A72
330
17
100
AcDbEntity
  8
POLYLINES
100
AcDbPolyline
 90
3
 70
0
 10
904.03
 20
453.74
 10
903.74
 20
452.59
 10
903.31
 20
451.3
  0
LWPOLYLINE
  5
A73
330
17
100
AcDbEntity
  8
POLYLINES
100
AcDbPolyline
 90
3
 70
0
 10
902.87
 20
446.83
 10
904.03
 20
448.13
 10
904.75
 20
449.42
  0
LWPOLYLINE
  5
A74
330
17
100
AcDbEntity
  8
POLYLINES
100
AcDbPolyline
 90
3
 70
0
 10
903.88
 20
450.58
 10
905.61
 20
446.98
 10
906.19
 20
446.98
  0
LWPOLYLINE
  5
A75
330
17
100
AcDbEntity
  8
POLYLINES
100
AcDbPolyline
 90
5
 70
0
 10
905.03
 20
455.47
 10
905.03
 20
454.18
 10
905.03
 20
452.88
 10
905.47
 20
452.3
 10
906.19
 20
452.3
  0
LWPOLYLINE
  5
A76
330
17
100
AcDbEntity
  8
POLYLINES
100
AcDbPolyline
 90
3
 70
0
 10
908.49
 20
453.6
 10
911.08
 20
450.58
 10
911.66
 20
450.72
  0
LWPOLYLINE
  5
A77
330
17
100
AcDbEntity
  8
POLYLINES
100
AcDbPolyline
 90
4
 70
0
 10
910.51
 20
454.9
 10
909.21
 20
452.88
 10
907.91
 20
451.01
 10
906.76
 20
449.86
  0
LWPOLYLINE
  5
A78
330
17
100
AcDbEntity
  8
POLYLINES
100
AcDbPolyline
 90
4
 70
0
 10
914.25
 20
451.87
 10
914.11
 20
450.0
 10
913.67
 20
448.13
 10
912.81
 20
446.98
  0
LWPOLYLINE
  5
A79
330
17
100
AcDbEntity
  8
POLYLINES
100
AcDbPolyline
 90
4
 70
0
 10
913.39
 20
455.76
 10
913.39
 20
453.74
 10
912.95
 20
450.72
 10
912.23
 20
447.12
  0
LWPOLYLINE
  5
A7A
330
17
100
AcDbEntity
  8
POLYLINES
100
AcDbPolyline
 90
4
 70
0
 10
725.9
 20
429.26
 10
726.62
 20
429.7
 10
727.77
 20
431.14
 10
727.77
 20
421.2
  0
LWPOLYLINE
  5
A7B
330
17
100
AcDbEntity
  8
POLYLINES
100
AcDbPolyline
 90
17
 70
0
 10
734.11
 20
431.14
 10
732.95
 20
430.7
 10
732.23
 20
429.26
 10
731.95
 20
426.96
 10
731.95
 20
425.52
 10
732.23
 20
423.07
 10
732.95
 20
421.63
 10
734.11
 20
421.2
 10
734.97
 20
421.2
 10
735.98
 20
421.63
 10
736.84
 20
423.07
 10
737.13
 20
425.52
 10
737.13
 20
426.96
 10
736.84
 20
429.26
 10
735.98
 20
430.7
 10
734.97
 20
431.14
 10
734.11
 20
431.14
  0
LWPOLYLINE
  5
A7C
330
17
100
AcDbEntity
  8
POLYLINES
100
AcDbPolyline
 90
17
 70
0
 10
744.04
 20
431.14
 10
740.15
 20
431.14
 10
739.87
 20
426.96
 10
740.15
 20
427.39
 10
741.31
 20
427.82
 10
742.46
 20
427.82
 10
743.61
 20
427.39
 10
744.33
 20
426.38
 10
744.76
 20
424.94
 10
744.76
 20
424.08
 10
744.33
 20
422.64
 10
743.61
 20
421.63
 10
742.46
 20
421.2
 10
741.31
 20
421.2
 10
740.15
 20
421.63
 10
739.87
 20
422.21
 10
739.43
 20
423.07
  0
LWPOLYLINE
  5
A7D
330
17
100
AcDbEntity
  8
POLYLINES
100
AcDbPolyline
 90
11
 70
0
 10
747.07
 20
421.2
 10
747.07
 20
431.14
 10
750.38
 20
431.14
 10
751.53
 20
430.7
 10
751.96
 20
430.27
 10
752.25
 20
429.26
 10
752.25
 20
427.82
 10
751.96
 20
426.96
 10
751.53
 20
426.38
 10
750.38
 20
425.95
 10
747.07
 20
425.95
  0
LWPOLYLINE
  5
A7E
330
17
100
AcDbEntity
  8
POLYLINES
100
AcDbPolyline
 90
3
 70
0
 10
881.71
 20
424.37
 10
881.27
 20
422.78
 10
879.98
 20
421.2
  0
LWPOLYLINE
  5
A7F
330
17
100
AcDbEntity
  8
POLYLINES
100
AcDbPolyline
 90
3
 70
0
 10
880.7
 20
425.52
 10
879.83
 20
423.36
 10
878.68
 20
421.06
  0
LWPOLYLINE
  5
A80
330
17
100
AcDbEntity
  8
POLYLINES
100
AcDbPolyline
 90
3
 70
0
 10
887.03
 20
425.81
 10
888.04
 20
422.78
 10
888.47
 20
422.78
  0
LWPOLYLINE
  5
A81
330
17
100
AcDbEntity
  8
POLYLINES
100
AcDbPolyline
 90
3
 70
0
 10
891.5
 20
422.93
 10
890.78
 20
422.06
 10
889.34
 20
421.06
  0
LWPOLYLINE
  5
A82
330
17
100
AcDbEntity
  8
POLYLINES
100
AcDbPolyline
 90
3
 70
0
 10
892.36
 20
425.95
 10
892.07
 20
424.51
 10
891.5
 20
422.93
  0
LWPOLYLINE
  5
A83
330
17
100
AcDbEntity
  8
POLYLINES
100
AcDbPolyline
 90
3
 70
0
 10
897.55
 20
422.5
 10
898.99
 20
422.64
 10
898.84
 20
424.37
  0
LWPOLYLINE
  5
A84
330
17
100
AcDbEntity
  8
POLYLINES
100
AcDbPolyline
 90
3
 70
0
 10
897.11
 20
426.82
 10
897.11
 20
422.93
 10
897.55
 20
422.5
  0
LWPOLYLINE
  5
A85
330
17
100
AcDbEntity
  8
POLYLINES
100
AcDbPolyline
 90
3
 70
0
 10
895.24
 20
429.41
 10
895.24
 20
426.96
 10
895.1
 20
424.94
  0
LWPOLYLINE
  5
A86
330
17
100
AcDbEntity
  8
POLYLINES
100
AcDbPolyline
 90
3
 70
0
 10
903.02
 20
423.36
 10
904.17
 20
421.49
 10
904.17
 20
423.5
  0
LWPOLYLINE
  5
A87
330
17
100
AcDbEntity
  8
POLYLINES
100
AcDbPolyline
 90
3
 70
0
 10
902.15
 20
430.27
 10
902.44
 20
425.52
 10
903.02
 20
423.36
  0
LWPOLYLINE
  5
A88
330
17
100
AcDbEntity
  8
POLYLINES
100
AcDbPolyline
 90
3
 70
0
 10
903.59
 20
425.52
 10
902.87
 20
424.08
 10
901.29
 20
421.92
  0
LWPOLYLINE
  5
A89
330
17
100
AcDbEntity
  8
POLYLINES
100
AcDbPolyline
 90
4
 70
0
 10
907.05
 20
426.38
 10
906.91
 20
424.51
 10
906.47
 20
422.64
 10
905.47
 20
421.49
  0
LWPOLYLINE
  5
A8A
330
17
100
AcDbEntity
  8
POLYLINES
100
AcDbPolyline
 90
4
 70
0
 10
906.04
 20
430.27
 10
906.04
 20
428.26
 10
905.75
 20
425.09
 10
904.89
 20
421.49
  0
LWPOLYLINE
  5
A8B
330
17
100
AcDbEntity
  8
POLYLINES
100
AcDbPolyline
 90
4
 70
0
 10
725.9
 20
403.78
 10
726.62
 20
404.21
 10
727.77
 20
405.65
 10
727.77
 20
395.71
  0
LWPOLYLINE
  5
A8C
330
17
100
AcDbEntity
  8
POLYLINES
100
AcDbPolyline
 90
17
 70
0
 10
734.11
 20
405.65
 10
732.95
 20
405.22
 10
732.23
 20
403.78
 10
731.95
 20
401.33
 10
731.95
 20
400.03
 10
732.23
 20
397.58
 10
732.95
 20
396.14
 10
734.11
 20
395.71
 10
734.97
 20
395.71
 10
735.98
 20
396.14
 10
736.84
 20
397.58
 10
737.13
 20
400.03
 10
737.13
 20
401.33
 10
736.84
 20
403.78
 10
735.98
 20
405.22
 10
734.97
 20
405.65
 10
734.11
 20
405.65
  0
LWPOLYLINE
  5
A8D
330
17
100
AcDbEntity
  8
POLYLINES
100
AcDbPolyline
 90
23
 70
0
 10
744.04
 20
404.21
 10
743.61
 20
405.22
 10
742.46
 20
405.65
 10
741.74
 20
405.65
 10
740.59
 20
405.22
 10
739.87
 20
403.78
 10
739.43
 20
401.33
 10
739.43
 20
399.02
 10
739.87
 20
397.15
 10
740.59
 20
396.14
 10
741.74
 20
395.71
 10
742.03
 20
395.71
 10
743.18
 20
396.14
 10
744.04
 20
397.15
 10
744.33
 20
398.59
 10
744.33
 20
399.02
 10
744.04
 20
400.46
 10
743.18
 20
401.33
 10
742.03
 20
401.9
 10
741.74
 20
401.9
 10
740.59
 20
401.33
 10
739.87
 20
400.46
 10
739.43
 20
399.02
  0
LWPOLYLINE
  5
A8E
330
17
100
AcDbEntity
  8
POLYLINES
100
AcDbPolyline
 90
11
 70
0
 10
747.07
 20
395.71
 10
747.07
 20
405.65
 10
750.38
 20
405.65
 10
751.53
 20
405.22
 10
751.96
 20
404.64
 10
752.25
 20
403.78
 10
752.25
 20
402.34
 10
751.96
 20
401.33
 10
751.53
 20
400.9
 10
750.38
 20
400.46
 10
747.07
 20
400.46
  0
LWPOLYLINE
  5
A8F
330
17
100
AcDbEntity
  8
POLYLINES
100
AcDbPolyline
 90
3
 70
0
 10
870.91
 20
402.91
 10
870.76
 20
397.3
 10
870.19
 20
398.3
  0
LWPOLYLINE
  5
A90
330
17
100
AcDbEntity
  8
POLYLINES
100
AcDbPolyline
 90
3
 70
0
 10
866.87
 20
397.73
 10
867.88
 20
397.58
 10
870.91
 20
395.86
  0
LWPOLYLINE
  5
A91
330
17
100
AcDbEntity
  8
POLYLINES
100
AcDbPolyline
 90
4
 70
0
 10
868.31
 20
401.47
 10
868.03
 20
399.74
 10
868.17
 20
398.88
 10
867.88
 20
397.58
  0
LWPOLYLINE
  5
A92
330
17
100
AcDbEntity
  8
POLYLINES
100
AcDbPolyline
 90
3
 70
0
 10
876.52
 20
395.86
 10
875.95
 20
397.44
 10
875.8
 20
400.32
  0
LWPOLYLINE
  5
A93
330
17
100
AcDbEntity
  8
POLYLINES
100
AcDbPolyline
 90
3
 70
0
 10
884.01
 20
396.58
 10
884.59
 20
397.73
 10
884.73
 20
399.89
  0
LWPOLYLINE
  5
A94
330
17
100
AcDbEntity
  8
POLYLINES
100
AcDbPolyline
 90
5
 70
0
 10
887.18
 20
397.73
 10
887.32
 20
395.86
 10
886.17
 20
395.86
 10
886.03
 20
396.29
 10
886.03
 20
400.32
  0
LWPOLYLINE
  5
A95
330
17
100
AcDbEntity
  8
POLYLINES
100
AcDbPolyline
 90
3
 70
0
 10
884.01
 20
401.47
 10
883.0
 20
396.58
 10
882.57
 20
397.44
  0
LWPOLYLINE
  5
A96
330
17
100
AcDbEntity
  8
POLYLINES
100
AcDbPolyline
 90
7
 70
0
 10
890.06
 20
405.07
 10
890.06
 20
397.01
 10
890.2
 20
396.72
 10
890.35
 20
396.29
 10
890.78
 20
396.0
 10
892.51
 20
396.14
 10
892.36
 20
398.16
  0
LWPOLYLINE
  5
A97
330
17
100
AcDbEntity
  8
POLYLINES
100
AcDbPolyline
 90
3
 70
0
 10
896.68
 20
399.46
 10
896.68
 20
395.71
 10
895.96
 20
396.72
  0
LWPOLYLINE
  5
A98
330
17
100
AcDbEntity
  8
POLYLINES
100
AcDbPolyline
 90
3
 70
0
 10
895.39
 20
404.5
 10
895.24
 20
401.04
 10
894.81
 20
398.45
  0
LWPOLYLINE
  5
A99
330
17
100
AcDbEntity
  8
POLYLINES
100
AcDbPolyline
 90
4
 70
0
 10
900.57
 20
400.9
 10
900.43
 20
399.02
 10
899.99
 20
397.15
 10
899.13
 20
395.86
  0
LWPOLYLINE
  5
A9A
330
17
100
AcDbEntity
  8
POLYLINES
100
AcDbPolyline
 90
4
 70
0
 10
899.71
 20
404.64
 10
899.71
 20
402.77
 10
899.27
 20
399.6
 10
898.55
 20
396.0
  0
LWPOLYLINE
  5
A9B
330
17
100
AcDbEntity
  8
POLYLINES
100
AcDbPolyline
 90
3
 70
0
 10
908.09
 20
404.09
 10
907.84
 20
397.25
 10
908.17
 20
396.86
  0
LWPOLYLINE
  5
A9C
330
17
100
AcDbEntity
  8
POLYLINES
100
AcDbPolyline
 90
3
 70
0
 10
914.54
 20
396.86
 10
914.93
 20
403.68
 10
914.62
 20
404.09
  0
LWPOLYLINE
  5
A9D
330
17
100
AcDbEntity
  8
POLYLINES
100
AcDbPolyline
 90
4
 70
0
 10
725.9
 20
378.29
 10
726.62
 20
378.72
 10
727.77
 20
380.16
 10
727.77
 20
370.22
  0
LWPOLYLINE
  5
A9E
330
17
100
AcDbEntity
  8
POLYLINES
100
AcDbPolyline
 90
17
 70
0
 10
734.11
 20
380.16
 10
732.95
 20
379.58
 10
732.23
 20
378.29
 10
731.95
 20
375.84
 10
731.95
 20
374.4
 10
732.23
 20
372.1
 10
732.95
 20
370.66
 10
734.11
 20
370.22
 10
734.97
 20
370.22
 10
735.98
 20
370.66
 10
736.84
 20
372.1
 10
737.13
 20
374.4
 10
737.13
 20
375.84
 10
736.84
 20
378.29
 10
735.98
 20
379.58
 10
734.97
 20
380.16
 10
734.11
 20
380.16
  0
LWPOLYLINE
  5
A9F
330
17
100
AcDbEntity
  8
POLYLINES
100
AcDbPolyline
 90
3
 70
0
 10
739.43
 20
380.16
 10
744.76
 20
380.16
 10
741.02
 20
370.22
  0
LWPOLYLINE
  5
AA0
330
17
100
AcDbEntity
  8
POLYLINES
100
AcDbPolyline
 90
11
 70
0
 10
747.07
 20
370.22
 10
747.07
 20
380.16
 10
750.38
 20
380.16
 10
751.53
 20
379.58
 10
751.96
 20
379.15
 10
752.25
 20
378.29
 10
752.25
 20
376.85
 10
751.96
 20
375.84
 10
751.53
 20
375.41
 10
750.38
 20
374.98
 10
747.07
 20
374.98
  0
LWPOLYLINE
  5
AA1
330
17
100
AcDbEntity
  8
POLYLINES
100
AcDbPolyline
 90
3
 70
0
 10
870.91
 20
377.28
 10
870.76
 20
371.81
 10
870.19
 20
372.82
  0
LWPOLYLINE
  5
AA2
330
17
100
AcDbEntity
  8
POLYLINES
100
AcDbPolyline
 90
3
 70
0
 10
866.87
 20
372.24
 10
867.88
 20
372.1
 10
870.91
 20
370.37
  0
LWPOLYLINE
  5
AA3
330
17
100
AcDbEntity
  8
POLYLINES
100
AcDbPolyline
 90
4
 70
0
 10
868.31
 20
375.98
 10
868.03
 20
374.26
 10
868.17
 20
373.39
 10
867.88
 20
372.1
  0
LWPOLYLINE
  5
AA4
330
17
100
AcDbEntity
  8
POLYLINES
100
AcDbPolyline
 90
3
 70
0
 10
876.52
 20
370.37
 10
875.95
 20
371.95
 10
875.8
 20
374.83
  0
LWPOLYLINE
  5
AA5
330
17
100
AcDbEntity
  8
POLYLINES
100
AcDbPolyline
 90
3
 70
0
 10
884.01
 20
371.09
 10
884.59
 20
372.24
 10
884.73
 20
374.4
  0
LWPOLYLINE
  5
AA6
330
17
100
AcDbEntity
  8
POLYLINES
100
AcDbPolyline
 90
5
 70
0
 10
887.18
 20
372.24
 10
887.32
 20
370.37
 10
886.17
 20
370.37
 10
886.03
 20
370.8
 10
886.03
 20
374.69
  0
LWPOLYLINE
  5
AA7
330
17
100
AcDbEntity
  8
POLYLINES
100
AcDbPolyline
 90
3
 70
0
 10
884.01
 20
375.84
 10
883.0
 20
371.09
 10
882.57
 20
371.95
  0
LWPOLYLINE
  5
AA8
330
17
100
AcDbEntity
  8
POLYLINES
100
AcDbPolyline
 90
3
 70
0
 10
890.92
 20
373.68
 10
890.78
 20
371.81
 10
889.34
 20
369.94
  0
LWPOLYLINE
  5
AA9
330
17
100
AcDbEntity
  8
POLYLINES
100
AcDbPolyline
 90
3
 70
0
 10
896.54
 20
372.38
 10
897.69
 20
370.37
 10
897.69
 20
372.53
  0
LWPOLYLINE
  5
AAA
330
17
100
AcDbEntity
  8
POLYLINES
100
AcDbPolyline
 90
3
 70
0
 10
895.67
 20
379.3
 10
895.96
 20
374.54
 10
896.54
 20
372.38
  0
LWPOLYLINE
  5
AAB
330
17
100
AcDbEntity
  8
POLYLINES
100
AcDbPolyline
 90
3
 70
0
 10
897.11
 20
374.54
 10
896.39
 20
372.96
 10
894.81
 20
370.94
  0
LWPOLYLINE
  5
AAC
330
17
100
AcDbEntity
  8
POLYLINES
100
AcDbPolyline
 90
4
 70
0
 10
900.57
 20
375.41
 10
900.43
 20
373.54
 10
899.99
 20
371.66
 10
899.13
 20
370.37
  0
LWPOLYLINE
  5
AAD
330
17
100
AcDbEntity
  8
POLYLINES
100
AcDbPolyline
 90
4
 70
0
 10
899.71
 20
379.15
 10
899.71
 20
377.28
 10
899.27
 20
374.11
 10
898.55
 20
370.51
  0
LWPOLYLINE
  5
AAE
330
17
100
AcDbEntity
  8
POLYLINES
100
AcDbPolyline
 90
3
 70
0
 10
908.09
 20
378.58
 10
907.84
 20
371.74
 10
908.17
 20
371.34
  0
LWPOLYLINE
  5
AAF
330
17
100
AcDbEntity
  8
POLYLINES
100
AcDbPolyline
 90
3
 70
0
 10
914.54
 20
371.34
 10
914.93
 20
378.17
 10
914.62
 20
378.58
  0
LWPOLYLINE
  5
AB0
330
17
100
AcDbEntity
  8
POLYLINES
100
AcDbPolyline
 90
4
 70
0
 10
725.9
 20
352.66
 10
726.62
 20
353.23
 10
727.77
 20
354.67
 10
727.77
 20
344.74
  0
LWPOLYLINE
  5
AB1
330
17
100
AcDbEntity
  8
POLYLINES
100
AcDbPolyline
 90
17
 70
0
 10
734.11
 20
354.67
 10
732.95
 20
354.1
 10
732.23
 20
352.66
 10
731.95
 20
350.35
 10
731.95
 20
348.91
 10
732.23
 20
346.61
 10
732.95
 20
345.17
 10
734.11
 20
344.74
 10
734.97
 20
344.74
 10
735.98
 20
345.17
 10
736.84
 20
346.61
 10
737.13
 20
348.91
 10
737.13
 20
350.35
 10
736.84
 20
352.66
 10
735.98
 20
354.1
 10
734.97
 20
354.67
 10
734.11
 20
354.67
  0
LWPOLYLINE
  5
AB2
330
17
100
AcDbEntity
  8
POLYLINES
100
AcDbPolyline
 90
29
 70
0
 10
741.31
 20
354.67
 10
740.15
 20
354.1
 10
739.87
 20
353.23
 10
739.87
 20
352.22
 10
740.15
 20
351.36
 10
741.02
 20
350.78
 10
742.46
 20
350.35
 10
743.61
 20
349.92
 10
744.33
 20
348.91
 10
744.76
 20
348.05
 10
744.76
 20
346.61
 10
744.33
 20
345.6
 10
744.04
 20
345.17
 10
742.89
 20
344.74
 10
741.31
 20
344.74
 10
740.15
 20
345.17
 10
739.87
 20
345.6
 10
739.43
 20
346.61
 10
739.43
 20
348.05
 10
739.87
 20
348.91
 10
740.59
 20
349.92
 10
741.74
 20
350.35
 10
743.18
 20
350.78
 10
744.04
 20
351.36
 10
744.33
 20
352.22
 10
744.33
 20
353.23
 10
744.04
 20
354.1
 10
742.89
 20
354.67
 10
741.31
 20
354.67
  0
LWPOLYLINE
  5
AB3
330
17
100
AcDbEntity
  8
POLYLINES
100
AcDbPolyline
 90
11
 70
0
 10
747.07
 20
344.74
 10
747.07
 20
354.67
 10
750.38
 20
354.67
 10
751.53
 20
354.1
 10
751.96
 20
353.66
 10
752.25
 20
352.66
 10
752.25
 20
351.36
 10
751.96
 20
350.35
 10
751.53
 20
349.92
 10
750.38
 20
349.49
 10
747.07
 20
349.49
  0
LWPOLYLINE
  5
AB4
330
17
100
AcDbEntity
  8
POLYLINES
100
AcDbPolyline
 90
3
 70
0
 10
870.91
 20
351.79
 10
870.76
 20
346.18
 10
870.19
 20
347.33
  0
LWPOLYLINE
  5
AB5
330
17
100
AcDbEntity
  8
POLYLINES
100
AcDbPolyline
 90
3
 70
0
 10
866.87
 20
346.61
 10
867.88
 20
346.61
 10
870.91
 20
344.88
  0
LWPOLYLINE
  5
AB6
330
17
100
AcDbEntity
  8
POLYLINES
100
AcDbPolyline
 90
4
 70
0
 10
868.31
 20
350.5
 10
868.03
 20
348.77
 10
868.17
 20
347.9
 10
867.88
 20
346.61
  0
LWPOLYLINE
  5
AB7
330
17
100
AcDbEntity
  8
POLYLINES
100
AcDbPolyline
 90
3
 70
0
 10
876.52
 20
344.88
 10
875.95
 20
346.46
 10
875.8
 20
349.34
  0
LWPOLYLINE
  5
AB8
330
17
100
AcDbEntity
  8
POLYLINES
100
AcDbPolyline
 90
3
 70
0
 10
884.01
 20
345.46
 10
884.59
 20
346.75
 10
884.73
 20
348.77
  0
LWPOLYLINE
  5
AB9
330
17
100
AcDbEntity
  8
POLYLINES
100
AcDbPolyline
 90
5
 70
0
 10
887.18
 20
346.75
 10
887.32
 20
344.88
 10
886.17
 20
344.88
 10
886.03
 20
345.31
 10
886.03
 20
349.2
  0
LWPOLYLINE
  5
ABA
330
17
100
AcDbEntity
  8
POLYLINES
100
AcDbPolyline
 90
3
 70
0
 10
884.01
 20
350.35
 10
883.0
 20
345.46
 10
882.57
 20
346.46
  0
LWPOLYLINE
  5
ABB
330
17
100
AcDbEntity
  8
POLYLINES
100
AcDbPolyline
 90
3
 70
0
 10
890.92
 20
348.05
 10
890.78
 20
346.18
 10
889.34
 20
344.45
  0
LWPOLYLINE
  5
ABC
330
17
100
AcDbEntity
  8
POLYLINES
100
AcDbPolyline
 90
3
 70
0
 10
896.54
 20
346.9
 10
897.69
 20
344.88
 10
897.69
 20
347.04
  0
LWPOLYLINE
  5
ABD
330
17
100
AcDbEntity
  8
POLYLINES
100
AcDbPolyline
 90
3
 70
0
 10
895.67
 20
353.81
 10
895.96
 20
349.06
 10
896.54
 20
346.9
  0
LWPOLYLINE
  5
ABE
330
17
100
AcDbEntity
  8
POLYLINES
100
AcDbPolyline
 90
3
 70
0
 10
897.11
 20
349.06
 10
896.39
 20
347.47
 10
894.81
 20
345.46
  0
LWPOLYLINE
  5
ABF
330
17
100
AcDbEntity
  8
POLYLINES
100
AcDbPolyline
 90
4
 70
0
 10
900.57
 20
349.92
 10
900.43
 20
348.05
 10
899.99
 20
346.18
 10
899.13
 20
344.88
  0
LWPOLYLINE
  5
AC0
330
17
100
AcDbEntity
  8
POLYLINES
100
AcDbPolyline
 90
4
 70
0
 10
899.71
 20
353.66
 10
899.71
 20
351.79
 10
899.27
 20
348.62
 10
898.55
 20
345.02
  0
LWPOLYLINE
  5
AC1
330
17
100
AcDbEntity
  8
POLYLINES
100
AcDbPolyline
 90
3
 70
0
 10
908.09
 20
353.07
 10
907.84
 20
346.23
 10
908.17
 20
345.83
  0
LWPOLYLINE
  5
AC2
330
17
100
AcDbEntity
  8
POLYLINES
100
AcDbPolyline
 90
3
 70
0
 10
914.54
 20
345.83
 10
914.93
 20
352.66
 10
914.62
 20
353.07
  0
LWPOLYLINE
  5
AC3
330
17
100
AcDbEntity
  8
POLYLINES
100
AcDbPolyline
 90
4
 70
0
 10
725.9
 20
327.17
 10
726.62
 20
327.74
 10
727.77
 20
329.04
 10
727.77
 20
319.25
  0
LWPOLYLINE
  5
AC4
330
17
100
AcDbEntity
  8
POLYLINES
100
AcDbPolyline
 90
17
 70
0
 10
734.11
 20
329.04
 10
732.95
 20
328.61
 10
732.23
 20
327.17
 10
731.95
 20
324.86
 10
731.95
 20
323.42
 10
732.23
 20
321.12
 10
732.95
 20
319.68
 10
734.11
 20
319.25
 10
734.97
 20
319.25
 10
735.98
 20
319.68
 10
736.84
 20
321.12
 10
737.13
 20
323.42
 10
737.13
 20
324.86
 10
736.84
 20
327.17
 10
735.98
 20
328.61
 10
734.97
 20
329.04
 10
734.11
 20
329.04
  0
LWPOLYLINE
  5
AC5
330
17
100
AcDbEntity
  8
POLYLINES
100
AcDbPolyline
 90
23
 70
0
 10
744.33
 20
325.73
 10
744.04
 20
324.43
 10
743.18
 20
323.42
 10
742.03
 20
322.99
 10
741.74
 20
322.99
 10
740.59
 20
323.42
 10
739.87
 20
324.43
 10
739.43
 20
325.73
 10
739.43
 20
326.3
 10
739.87
 20
327.74
 10
740.59
 20
328.61
 10
741.74
 20
329.04
 10
742.03
 20
329.04
 10
743.18
 20
328.61
 10
744.04
 20
327.74
 10
744.33
 20
325.73
 10
744.33
 20
323.42
 10
744.04
 20
321.12
 10
743.18
 20
319.68
 10
742.03
 20
319.25
 10
741.31
 20
319.25
 10
740.15
 20
319.68
 10
739.87
 20
320.54
  0
LWPOLYLINE
  5
AC6
330
17
100
AcDbEntity
  8
POLYLINES
100
AcDbPolyline
 90
11
 70
0
 10
747.07
 20
319.25
 10
747.07
 20
329.04
 10
750.38
 20
329.04
 10
751.53
 20
328.61
 10
751.96
 20
328.18
 10
752.25
 20
327.17
 10
752.25
 20
325.73
 10
751.96
 20
324.86
 10
751.53
 20
324.43
 10
750.38
 20
323.86
 10
747.07
 20
323.86
  0
LWPOLYLINE
  5
AC7
330
17
100
AcDbEntity
  8
POLYLINES
100
AcDbPolyline
 90
3
 70
0
 10
870.91
 20
326.3
 10
870.76
 20
320.69
 10
870.19
 20
321.7
  0
LWPOLYLINE
  5
AC8
330
17
100
AcDbEntity
  8
POLYLINES
100
AcDbPolyline
 90
3
 70
0
 10
866.87
 20
321.12
 10
867.88
 20
320.98
 10
870.91
 20
319.39
  0
LWPOLYLINE
  5
AC9
330
17
100
AcDbEntity
  8
POLYLINES
100
AcDbPolyline
 90
4
 70
0
 10
868.31
 20
325.01
 10
868.03
 20
323.28
 10
868.17
 20
322.42
 10
867.88
 20
320.98
  0
LWPOLYLINE
  5
ACA
330
17
100
AcDbEntity
  8
POLYLINES
100
AcDbPolyline
 90
3
 70
0
 10
876.52
 20
319.39
 10
875.95
 20
320.98
 10
875.8
 20
323.86
  0
LWPOLYLINE
  5
ACB
330
17
100
AcDbEntity
  8
POLYLINES
100
AcDbPolyline
 90
3
 70
0
 10
884.01
 20
319.97
 10
884.59
 20
321.26
 10
884.73
 20
323.28
  0
LWPOLYLINE
  5
ACC
330
17
100
AcDbEntity
  8
POLYLINES
100
AcDbPolyline
 90
5
 70
0
 10
887.18
 20
321.26
 10
887.32
 20
319.39
 10
886.17
 20
319.39
 10
886.03
 20
319.82
 10
886.03
 20
323.71
  0
LWPOLYLINE
  5
ACD
330
17
100
AcDbEntity
  8
POLYLINES
100
AcDbPolyline
 90
3
 70
0
 10
884.01
 20
324.86
 10
883.0
 20
319.97
 10
882.57
 20
320.98
  0
LWPOLYLINE
  5
ACE
330
17
100
AcDbEntity
  8
POLYLINES
100
AcDbPolyline
 90
7
 70
0
 10
890.06
 20
328.46
 10
890.06
 20
320.54
 10
890.2
 20
320.11
 10
890.35
 20
319.82
 10
890.78
 20
319.54
 10
892.51
 20
319.54
 10
892.36
 20
321.7
  0
LWPOLYLINE
  5
ACF
330
17
100
AcDbEntity
  8
POLYLINES
100
AcDbPolyline
 90
3
 70
0
 10
896.68
 20
322.85
 10
896.68
 20
319.25
 10
895.96
 20
320.26
  0
LWPOLYLINE
  5
AD0
330
17
100
AcDbEntity
  8
POLYLINES
100
AcDbPolyline
 90
3
 70
0
 10
895.39
 20
328.03
 10
895.24
 20
324.43
 10
894.81
 20
321.98
  0
LWPOLYLINE
  5
AD1
330
17
100
AcDbEntity
  8
POLYLINES
100
AcDbPolyline
 90
4
 70
0
 10
900.57
 20
324.29
 10
900.43
 20
322.56
 10
899.99
 20
320.69
 10
899.13
 20
319.39
  0
LWPOLYLINE
  5
AD2
330
17
100
AcDbEntity
  8
POLYLINES
100
AcDbPolyline
 90
4
 70
0
 10
899.71
 20
328.18
 10
899.71
 20
326.16
 10
899.27
 20
323.14
 10
898.55
 20
319.54
  0
LWPOLYLINE
  5
AD3
330
17
100
AcDbEntity
  8
POLYLINES
100
AcDbPolyline
 90
3
 70
0
 10
908.09
 20
327.55
 10
907.84
 20
320.71
 10
908.17
 20
320.32
  0
LWPOLYLINE
  5
AD4
330
17
100
AcDbEntity
  8
POLYLINES
100
AcDbPolyline
 90
3
 70
0
 10
914.54
 20
320.32
 10
914.93
 20
327.15
 10
914.62
 20
327.55
  0
LWPOLYLINE
  5
AD5
330
17
100
AcDbEntity
  8
POLYLINES
100
AcDbPolyline
 90
4
 70
0
 10
727.34
 20
301.68
 10
728.06
 20
302.11
 10
729.21
 20
303.55
 10
729.21
 20
293.62
  0
LWPOLYLINE
  5
AD6
330
17
100
AcDbEntity
  8
POLYLINES
100
AcDbPolyline
 90
4
 70
0
 10
733.39
 20
301.68
 10
734.11
 20
302.11
 10
735.26
 20
303.55
 10
735.26
 20
293.62
  0
LWPOLYLINE
  5
AD7
330
17
100
AcDbEntity
  8
POLYLINES
100
AcDbPolyline
 90
4
 70
0
 10
739.43
 20
301.68
 10
740.15
 20
302.11
 10
741.31
 20
303.55
 10
741.31
 20
293.62
  0
LWPOLYLINE
  5
AD8
330
17
100
AcDbEntity
  8
POLYLINES
100
AcDbPolyline
 90
11
 70
0
 10
745.48
 20
293.62
 10
745.48
 20
303.55
 10
748.94
 20
303.55
 10
749.95
 20
303.12
 10
750.38
 20
302.69
 10
750.81
 20
301.68
 10
750.81
 20
300.24
 10
750.38
 20
299.38
 10
749.95
 20
298.8
 10
748.94
 20
298.37
 10
745.48
 20
298.37
  0
LWPOLYLINE
  5
AD9
330
17
100
AcDbEntity
  8
POLYLINES
100
AcDbPolyline
 90
3
 70
0
 10
881.56
 20
297.94
 10
881.56
 20
293.62
 10
880.99
 20
294.62
  0
LWPOLYLINE
  5
ADA
330
17
100
AcDbEntity
  8
POLYLINES
100
AcDbPolyline
 90
3
 70
0
 10
890.35
 20
297.65
 10
889.77
 20
295.49
 10
891.21
 20
294.48
  0
LWPOLYLINE
  5
ADB
330
17
100
AcDbEntity
  8
POLYLINES
100
AcDbPolyline
 90
4
 70
0
 10
891.07
 20
297.65
 10
890.63
 20
295.78
 10
890.2
 20
294.48
 10
889.48
 20
293.62
  0
LWPOLYLINE
  5
ADC
330
17
100
AcDbEntity
  8
POLYLINES
100
AcDbPolyline
 90
4
 70
0
 10
892.22
 20
302.69
 10
892.07
 20
300.67
 10
891.79
 20
299.52
 10
891.21
 20
297.5
  0
LWPOLYLINE
  5
ADD
330
17
100
AcDbEntity
  8
POLYLINES
100
AcDbPolyline
 90
4
 70
0
 10
892.65
 20
299.66
 10
892.36
 20
296.93
 10
891.93
 20
295.06
 10
890.92
 20
293.47
  0
LWPOLYLINE
  5
ADE
330
17
100
AcDbEntity
  8
POLYLINES
100
AcDbPolyline
 90
3
 70
0
 10
891.5
 20
298.37
 10
892.79
 20
293.9
 10
893.51
 20
293.9
  0
LWPOLYLINE
  5
ADF
330
17
100
AcDbEntity
  8
POLYLINES
100
AcDbPolyline
 90
4
 70
0
 10
896.68
 20
301.97
 10
896.68
 20
299.52
 10
896.54
 20
296.21
 10
895.96
 20
293.62
  0
LWPOLYLINE
  5
AE0
330
17
100
AcDbEntity
  8
POLYLINES
100
AcDbPolyline
 90
3
 70
0
 10
894.95
 20
295.06
 10
895.67
 20
293.62
 10
895.67
 20
302.69
  0
LWPOLYLINE
  5
AE1
330
17
100
AcDbEntity
  8
POLYLINES
100
AcDbPolyline
 90
4
 70
0
 10
901.72
 20
298.8
 10
901.58
 20
296.93
 10
901.15
 20
295.06
 10
900.14
 20
293.9
  0
LWPOLYLINE
  5
AE2
330
17
100
AcDbEntity
  8
POLYLINES
100
AcDbPolyline
 90
4
 70
0
 10
900.71
 20
302.69
 10
900.71
 20
300.67
 10
900.43
 20
297.65
 10
899.56
 20
294.05
  0
LINE
  5
AE3
330
17
100
AcDbEntity
  8
LINES
100
AcDbLine
 10
1179.07
 20
45.22
 30
0.0
 11
668.87
 21
45.22
 31
0.0
  0
LINE
  5
AE4
330
17
100
AcDbEntity
  8
LINES
100
AcDbLine
 10
1179.07
 20
158.69
 30
0.0
 11
1179.07
 21
45.22
 31
0.0
  0
LINE
  5
AE5
330
17
100
AcDbEntity
  8
LINES
100
AcDbLine
 10
668.87
 20
158.69
 30
0.0
 11
1179.07
 21
158.69
 31
0.0
  0
LINE
  5
AE6
330
17
100
AcDbEntity
  8
LINES
100
AcDbLine
 10
668.87
 20
45.22
 30
0.0
 11
668.87
 21
158.69
 31
0.0
  0
LWPOLYLINE
  5
AE7
330
17
100
AcDbEntity
  8
POLYLINES
100
AcDbPolyline
 90
193
 70
0
 10
696.81
 20
148.32
 10
696.81
 20
148.61
 10
696.67
 20
148.75
 10
696.67
 20
148.9
 10
696.52
 20
149.04
 10
696.52
 20
149.18
 10
696.23
 20
149.18
 10
695.8
 20
149.18
 10
694.36
 20
149.18
 10
692.92
 20
149.18
 10
692.35
 20
149.18
 10
692.2
 20
149.18
 10
693.79
 20
150.19
 10
694.94
 20
150.91
 10
695.8
 20
151.34
 10
695.95
 20
151.34
 10
696.09
 20
151.49
 10
695.95
 20
151.63
 10
695.95
 20
151.92
 10
695.95
 20
152.06
 10
695.8
 20
152.06
 10
695.8
 20
152.21
 10
695.66
 20
152.35
 10
695.51
 20
152.35
 10
695.08
 20
152.35
 10
693.64
 20
152.35
 10
692.2
 20
152.35
 10
691.77
 20
152.35
 10
691.63
 20
152.35
 10
693.07
 20
153.36
 10
694.22
 20
153.94
 10
694.94
 20
154.37
 10
695.23
 20
154.37
 10
695.23
 20
154.51
 10
695.08
 20
154.66
 10
695.08
 20
154.94
 10
694.94
 20
155.23
 10
694.79
 20
155.38
 10
694.65
 20
155.38
 10
693.93
 20
155.38
 10
692.92
 20
155.38
 10
691.63
 20
155.38
 10
690.19
 20
155.38
 10
688.46
 20
155.38
 10
684.71
 20
155.38
 10
680.97
 20
155.38
 10
679.24
 20
155.38
 10
677.66
 20
155.38
 10
676.36
 20
155.38
 10
675.35
 20
155.38
 10
674.78
 20
155.38
 10
674.49
 20
155.38
 10
674.49
 20
155.23
 10
674.35
 20
155.09
 10
674.35
 20
154.94
 10
674.2
 20
154.66
 10
674.06
 20
154.51
 10
674.2
 20
154.37
 10
674.35
 20
154.37
 10
675.21
 20
153.94
 10
676.36
 20
153.36
 10
677.8
 20
152.35
 10
677.66
 20
152.35
 10
677.08
 20
152.35
 10
675.64
 20
152.35
 10
674.2
 20
152.35
 10
673.77
 20
152.35
 10
673.63
 20
152.35
 10
673.48
 20
152.21
 10
673.48
 20
152.06
 10
673.48
 20
151.92
 10
673.34
 20
151.78
 10
673.19
 20
151.49
 10
673.34
 20
151.34
 10
673.48
 20
151.34
 10
674.35
 20
150.91
 10
675.64
 20
150.19
 10
677.08
 20
149.18
 10
676.94
 20
149.18
 10
676.51
 20
149.18
 10
674.92
 20
149.18
 10
673.48
 20
149.18
 10
673.05
 20
149.18
 10
672.91
 20
149.18
 10
672.76
 20
149.18
 10
672.76
 20
149.04
 10
672.76
 20
148.9
 10
672.76
 20
148.75
 10
672.62
 20
148.75
 10
672.62
 20
148.46
 10
672.47
 20
148.32
 10
672.76
 20
148.18
 10
673.34
 20
147.89
 10
674.2
 20
147.46
 10
675.21
 20
146.74
 10
676.51
 20
145.87
 10
677.95
 20
144.72
 10
679.39
 20
143.42
 10
680.83
 20
141.84
 10
679.39
 20
138.53
 10
678.23
 20
134.78
 10
677.95
 20
132.77
 10
677.51
 20
130.61
 10
677.37
 20
128.3
 10
677.37
 20
126.0
 10
677.51
 20
126.0
 10
677.95
 20
126.0
 10
678.23
 20
126.0
 10
678.38
 20
126.0
 10
678.52
 20
128.16
 10
678.67
 20
130.32
 10
679.24
 20
134.21
 10
680.25
 20
137.66
 10
681.55
 20
140.83
 10
682.12
 20
139.97
 10
682.55
 20
139.1
 10
681.55
 20
136.37
 10
680.68
 20
133.2
 10
680.25
 20
129.74
 10
680.11
 20
126.0
 10
680.25
 20
126.0
 10
680.68
 20
126.0
 10
680.97
 20
126.0
 10
681.11
 20
126.0
 10
681.26
 20
129.46
 10
681.69
 20
132.48
 10
682.27
 20
135.36
 10
683.27
 20
137.95
 10
683.71
 20
136.8
 10
684.14
 20
135.79
 10
683.56
 20
133.63
 10
682.99
 20
131.33
 10
682.84
 20
128.74
 10
682.84
 20
126.0
 10
682.99
 20
126.0
 10
683.27
 20
126.0
 10
683.71
 20
126.0
 10
683.85
 20
126.0
 10
683.85
 20
128.16
 10
683.99
 20
130.32
 10
684.28
 20
132.19
 10
684.71
 20
134.06
 10
685.15
 20
132.19
 10
685.43
 20
130.32
 10
685.58
 20
128.16
 10
685.58
 20
126.0
 10
685.72
 20
126.0
 10
686.01
 20
126.0
 10
686.44
 20
126.0
 10
686.59
 20
126.0
 10
686.59
 20
128.74
 10
686.3
 20
131.33
 10
685.87
 20
133.63
 10
685.29
 20
135.79
 10
685.58
 20
136.8
 10
686.15
 20
137.81
 10
687.02
 20
135.36
 10
687.59
 20
132.48
 10
688.03
 20
129.31
 10
688.17
 20
126.0
 10
688.31
 20
126.0
 10
688.75
 20
126.0
 10
689.03
 20
126.0
 10
689.18
 20
126.0
 10
689.03
 20
129.74
 10
688.6
 20
133.2
 10
687.74
 20
136.22
 10
686.73
 20
139.1
 10
687.31
 20
139.97
 10
687.88
 20
140.83
 10
689.18
 20
137.66
 10
690.04
 20
134.21
 10
690.76
 20
130.32
 10
690.91
 20
128.16
 10
690.91
 20
126.0
 10
691.05
 20
126.0
 10
691.48
 20
126.0
 10
691.77
 20
126.0
 10
691.91
 20
126.0
 10
691.91
 20
128.3
 10
691.77
 20
130.61
 10
691.48
 20
132.77
 10
691.05
 20
134.78
 10
689.9
 20
138.53
 10
688.6
 20
141.7
 10
689.9
 20
143.42
 10
691.34
 20
144.72
 10
692.78
 20
145.87
 10
694.07
 20
146.74
 10
695.23
 20
147.46
 10
696.09
 20
147.89
 10
696.67
 20
148.18
 10
696.81
 20
148.32
  0
LWPOLYLINE
  5
AE8
330
17
100
AcDbEntity
  8
POLYLINES
100
AcDbPolyline
 90
21
 70
0
 10
680.83
 20
151.34
 10
680.97
 20
151.34
 10
681.26
 20
151.34
 10
682.12
 20
151.34
 10
683.27
 20
151.34
 10
684.71
 20
151.34
 10
686.01
 20
151.34
 10
687.31
 20
151.34
 10
688.17
 20
151.34
 10
688.31
 20
151.34
 10
688.46
 20
151.34
 10
687.31
 20
150.34
 10
686.15
 20
149.18
 10
686.01
 20
149.18
 10
685.72
 20
149.18
 10
684.71
 20
149.18
 10
683.71
 20
149.18
 10
683.27
 20
149.18
 10
683.13
 20
149.18
 10
681.98
 20
150.34
 10
680.83
 20
151.34
  0
LWPOLYLINE
  5
AE9
330
17
100
AcDbEntity
  8
POLYLINES
100
AcDbPolyline
 90
15
 70
0
 10
674.92
 20
148.18
 10
675.07
 20
148.18
 10
675.5
 20
148.18
 10
676.65
 20
148.18
 10
677.95
 20
148.18
 10
678.38
 20
148.18
 10
678.52
 20
148.18
 10
680.39
 20
146.45
 10
682.27
 20
144.43
 10
681.83
 20
143.57
 10
681.26
 20
142.7
 10
679.67
 20
144.58
 10
677.95
 20
146.16
 10
676.36
 20
147.31
 10
674.92
 20
148.18
  0
LWPOLYLINE
  5
AEA
330
17
100
AcDbEntity
  8
POLYLINES
100
AcDbPolyline
 90
18
 70
0
 10
675.79
 20
151.34
 10
675.64
 20
151.34
 10
675.93
 20
151.34
 10
676.22
 20
151.34
 10
677.51
 20
151.34
 10
678.67
 20
151.34
 10
679.1
 20
151.34
 10
679.24
 20
151.34
 10
680.39
 20
150.34
 10
681.69
 20
149.18
 10
681.55
 20
149.18
 10
681.26
 20
149.18
 10
680.25
 20
149.18
 10
679.24
 20
149.18
 10
678.95
 20
149.18
 10
678.81
 20
149.18
 10
677.23
 20
150.48
 10
675.79
 20
151.34
  0
LWPOLYLINE
  5
AEB
330
17
100
AcDbEntity
  8
POLYLINES
100
AcDbPolyline
 90
9
 70
0
 10
684.71
 20
137.23
 10
684.28
 20
138.24
 10
683.71
 20
139.1
 10
684.14
 20
139.97
 10
684.71
 20
140.83
 10
685.15
 20
139.97
 10
685.58
 20
139.1
 10
685.15
 20
138.24
 10
684.71
 20
137.23
  0
LWPOLYLINE
  5
AEC
330
17
100
AcDbEntity
  8
POLYLINES
100
AcDbPolyline
 90
13
 70
0
 10
682.7
 20
148.18
 10
683.42
 20
147.46
 10
683.99
 20
146.74
 10
683.42
 20
146.02
 10
682.84
 20
145.3
 10
681.55
 20
146.88
 10
680.11
 20
148.18
 10
680.25
 20
148.18
 10
680.54
 20
148.18
 10
681.4
 20
148.18
 10
682.27
 20
148.18
 10
682.55
 20
148.18
 10
682.7
 20
148.18
  0
LWPOLYLINE
  5
AED
330
17
100
AcDbEntity
  8
POLYLINES
100
AcDbPolyline
 90
9
 70
0
 10
685.15
 20
148.18
 10
684.86
 20
147.89
 10
684.71
 20
147.6
 10
684.43
 20
147.89
 10
684.14
 20
148.18
 10
684.28
 20
148.18
 10
684.71
 20
148.18
 10
685.0
 20
148.18
 10
685.15
 20
148.18
  0
LWPOLYLINE
  5
AEE
330
17
100
AcDbEntity
  8
POLYLINES
100
AcDbPolyline
 90
9
 70
0
 10
681.98
 20
141.84
 10
682.55
 20
142.7
 10
682.99
 20
143.57
 10
683.56
 20
142.7
 10
683.99
 20
141.98
 10
683.56
 20
141.12
 10
683.13
 20
140.26
 10
682.55
 20
141.12
 10
681.98
 20
141.84
  0
LWPOLYLINE
  5
AEF
330
17
100
AcDbEntity
  8
POLYLINES
100
AcDbPolyline
 90
29
 70
0
 10
676.51
 20
154.37
 10
676.79
 20
154.37
 10
677.23
 20
154.37
 10
678.09
 20
154.37
 10
679.1
 20
154.37
 10
681.69
 20
154.37
 10
684.71
 20
154.37
 10
687.59
 20
154.37
 10
690.19
 20
154.37
 10
691.34
 20
154.37
 10
692.06
 20
154.37
 10
692.63
 20
154.37
 10
692.78
 20
154.37
 10
691.34
 20
153.5
 10
689.75
 20
152.35
 10
689.61
 20
152.35
 10
689.32
 20
152.35
 10
688.89
 20
152.35
 10
688.17
 20
152.35
 10
686.59
 20
152.35
 10
684.71
 20
152.35
 10
682.84
 20
152.35
 10
681.11
 20
152.35
 10
680.54
 20
152.35
 10
679.96
 20
152.35
 10
679.67
 20
152.35
 10
679.53
 20
152.35
 10
677.95
 20
153.5
 10
676.51
 20
154.37
  0
LWPOLYLINE
  5
AF0
330
17
100
AcDbEntity
  8
POLYLINES
100
AcDbPolyline
 90
9
 70
0
 10
684.71
 20
146.02
 10
685.15
 20
145.15
 10
685.72
 20
144.43
 10
685.15
 20
143.71
 10
684.71
 20
142.85
 10
684.14
 20
143.71
 10
683.56
 20
144.43
 10
684.14
 20
145.15
 10
684.71
 20
146.02
  0
LWPOLYLINE
  5
AF1
330
17
100
AcDbEntity
  8
POLYLINES
100
AcDbPolyline
 90
9
 70
0
 10
686.15
 20
140.26
 10
685.72
 20
141.12
 10
685.29
 20
141.98
 10
685.87
 20
142.7
 10
686.3
 20
143.57
 10
686.87
 20
142.7
 10
687.31
 20
141.84
 10
686.73
 20
141.12
 10
686.15
 20
140.26
  0
LWPOLYLINE
  5
AF2
330
17
100
AcDbEntity
  8
POLYLINES
100
AcDbPolyline
 90
12
 70
0
 10
685.29
 20
146.74
 10
686.01
 20
147.46
 10
686.59
 20
148.18
 10
686.73
 20
148.18
 10
687.02
 20
148.18
 10
687.88
 20
148.18
 10
688.89
 20
148.18
 10
689.18
 20
148.18
 10
687.88
 20
146.88
 10
686.44
 20
145.3
 10
685.87
 20
146.02
 10
685.29
 20
146.74
  0
LWPOLYLINE
  5
AF3
330
17
100
AcDbEntity
  8
POLYLINES
100
AcDbPolyline
 90
17
 70
0
 10
693.64
 20
151.34
 10
692.2
 20
150.48
 10
690.47
 20
149.18
 10
690.33
 20
149.18
 10
690.04
 20
149.18
 10
689.03
 20
149.18
 10
688.03
 20
149.18
 10
687.74
 20
149.18
 10
687.59
 20
149.18
 10
688.89
 20
150.34
 10
690.04
 20
151.34
 10
690.19
 20
151.34
 10
690.62
 20
151.34
 10
691.91
 20
151.34
 10
693.07
 20
151.34
 10
693.5
 20
151.34
 10
693.64
 20
151.34
  0
LWPOLYLINE
  5
AF4
330
17
100
AcDbEntity
  8
POLYLINES
100
AcDbPolyline
 90
16
 70
0
 10
694.51
 20
148.18
 10
694.36
 20
148.18
 10
693.07
 20
147.31
 10
691.48
 20
146.16
 10
689.75
 20
144.58
 10
688.03
 20
142.7
 10
687.59
 20
143.57
 10
687.02
 20
144.43
 10
688.89
 20
146.45
 10
690.91
 20
148.18
 10
691.05
 20
148.18
 10
691.34
 20
148.18
 10
692.63
 20
148.18
 10
693.93
 20
148.18
 10
694.22
 20
148.18
 10
694.51
 20
148.18
  0
LWPOLYLINE
  5
AF5
330
17
100
AcDbEntity
  8
POLYLINES
100
AcDbPolyline
 90
193
 70
0
 10
696.81
 20
148.32
 10
696.81
 20
148.61
 10
696.67
 20
148.75
 10
696.67
 20
148.9
 10
696.52
 20
149.04
 10
696.52
 20
149.18
 10
696.23
 20
149.18
 10
695.8
 20
149.18
 10
694.36
 20
149.18
 10
692.92
 20
149.18
 10
692.35
 20
149.18
 10
692.2
 20
149.18
 10
693.79
 20
150.19
 10
694.94
 20
150.91
 10
695.8
 20
151.34
 10
695.95
 20
151.34
 10
696.09
 20
151.49
 10
695.95
 20
151.63
 10
695.95
 20
151.92
 10
695.95
 20
152.06
 10
695.8
 20
152.06
 10
695.8
 20
152.21
 10
695.66
 20
152.35
 10
695.51
 20
152.35
 10
695.08
 20
152.35
 10
693.64
 20
152.35
 10
692.2
 20
152.35
 10
691.77
 20
152.35
 10
691.63
 20
152.35
 10
693.07
 20
153.36
 10
694.22
 20
153.94
 10
694.94
 20
154.37
 10
695.23
 20
154.37
 10
695.23
 20
154.51
 10
695.08
 20
154.66
 10
695.08
 20
154.94
 10
694.94
 20
155.23
 10
694.79
 20
155.38
 10
694.65
 20
155.38
 10
693.93
 20
155.38
 10
692.92
 20
155.38
 10
691.63
 20
155.38
 10
690.19
 20
155.38
 10
688.46
 20
155.38
 10
684.71
 20
155.38
 10
680.97
 20
155.38
 10
679.24
 20
155.38
 10
677.66
 20
155.38
 10
676.36
 20
155.38
 10
675.35
 20
155.38
 10
674.78
 20
155.38
 10
674.49
 20
155.38
 10
674.49
 20
155.23
 10
674.35
 20
155.09
 10
674.35
 20
154.94
 10
674.2
 20
154.66
 10
674.06
 20
154.51
 10
674.2
 20
154.37
 10
674.35
 20
154.37
 10
675.21
 20
153.94
 10
676.36
 20
153.36
 10
677.8
 20
152.35
 10
677.66
 20
152.35
 10
677.08
 20
152.35
 10
675.64
 20
152.35
 10
674.2
 20
152.35
 10
673.77
 20
152.35
 10
673.63
 20
152.35
 10
673.48
 20
152.21
 10
673.48
 20
152.06
 10
673.48
 20
151.92
 10
673.34
 20
151.78
 10
673.19
 20
151.49
 10
673.34
 20
151.34
 10
673.48
 20
151.34
 10
674.35
 20
150.91
 10
675.64
 20
150.19
 10
677.08
 20
149.18
 10
676.94
 20
149.18
 10
676.51
 20
149.18
 10
674.92
 20
149.18
 10
673.48
 20
149.18
 10
673.05
 20
149.18
 10
672.91
 20
149.18
 10
672.76
 20
149.18
 10
672.76
 20
149.04
 10
672.76
 20
148.9
 10
672.76
 20
148.75
 10
672.62
 20
148.75
 10
672.62
 20
148.46
 10
672.47
 20
148.32
 10
672.76
 20
148.18
 10
673.34
 20
147.89
 10
674.2
 20
147.46
 10
675.21
 20
146.74
 10
676.51
 20
145.87
 10
677.95
 20
144.72
 10
679.39
 20
143.42
 10
680.83
 20
141.84
 10
679.39
 20
138.53
 10
678.23
 20
134.78
 10
677.95
 20
132.77
 10
677.51
 20
130.61
 10
677.37
 20
128.3
 10
677.37
 20
126.0
 10
677.51
 20
126.0
 10
677.95
 20
126.0
 10
678.23
 20
126.0
 10
678.38
 20
126.0
 10
678.52
 20
128.16
 10
678.67
 20
130.32
 10
679.24
 20
134.21
 10
680.25
 20
137.66
 10
681.55
 20
140.83
 10
682.12
 20
139.97
 10
682.55
 20
139.1
 10
681.55
 20
136.37
 10
680.68
 20
133.2
 10
680.25
 20
129.74
 10
680.11
 20
126.0
 10
680.25
 20
126.0
 10
680.68
 20
126.0
 10
680.97
 20
126.0
 10
681.11
 20
126.0
 10
681.26
 20
129.46
 10
681.69
 20
132.48
 10
682.27
 20
135.36
 10
683.27
 20
137.95
 10
683.71
 20
136.8
 10
684.14
 20
135.79
 10
683.56
 20
133.63
 10
682.99
 20
131.33
 10
682.84
 20
128.74
 10
682.84
 20
126.0
 10
682.99
 20
126.0
 10
683.27
 20
126.0
 10
683.71
 20
126.0
 10
683.85
 20
126.0
 10
683.85
 20
128.16
 10
683.99
 20
130.32
 10
684.28
 20
132.19
 10
684.71
 20
134.06
 10
685.15
 20
132.19
 10
685.43
 20
130.32
 10
685.58
 20
128.16
 10
685.58
 20
126.0
 10
685.72
 20
126.0
 10
686.01
 20
126.0
 10
686.44
 20
126.0
 10
686.59
 20
126.0
 10
686.59
 20
128.74
 10
686.3
 20
131.33
 10
685.87
 20
133.63
 10
685.29
 20
135.79
 10
685.58
 20
136.8
 10
686.15
 20
137.81
 10
687.02
 20
135.36
 10
687.59
 20
132.48
 10
688.03
 20
129.31
 10
688.17
 20
126.0
 10
688.31
 20
126.0
 10
688.75
 20
126.0
 10
689.03
 20
126.0
 10
689.18
 20
126.0
 10
689.03
 20
129.74
 10
688.6
 20
133.2
 10
687.74
 20
136.22
 10
686.73
 20
139.1
 10
687.31
 20
139.97
 10
687.88
 20
140.83
 10
689.18
 20
137.66
 10
690.04
 20
134.21
 10
690.76
 20
130.32
 10
690.91
 20
128.16
 10
690.91
 20
126.0
 10
691.05
 20
126.0
 10
691.48
 20
126.0
 10
691.77
 20
126.0
 10
691.91
 20
126.0
 10
691.91
 20
128.3
 10
691.77
 20
130.61
 10
691.48
 20
132.77
 10
691.05
 20
134.78
 10
689.9
 20
138.53
 10
688.6
 20
141.7
 10
689.9
 20
143.42
 10
691.34
 20
144.72
 10
692.78
 20
145.87
 10
694.07
 20
146.74
 10
695.23
 20
147.46
 10
696.09
 20
147.89
 10
696.67
 20
148.18
 10
696.81
 20
148.32
  0
LWPOLYLINE
  5
AF6
330
17
100
AcDbEntity
  8
POLYLINES
100
AcDbPolyline
 90
21
 70
0
 10
680.83
 20
151.34
 10
680.97
 20
151.34
 10
681.26
 20
151.34
 10
682.12
 20
151.34
 10
683.27
 20
151.34
 10
684.71
 20
151.34
 10
686.01
 20
151.34
 10
687.31
 20
151.34
 10
688.17
 20
151.34
 10
688.31
 20
151.34
 10
688.46
 20
151.34
 10
687.31
 20
150.34
 10
686.15
 20
149.18
 10
686.01
 20
149.18
 10
685.72
 20
149.18
 10
684.71
 20
149.18
 10
683.71
 20
149.18
 10
683.27
 20
149.18
 10
683.13
 20
149.18
 10
681.98
 20
150.34
 10
680.83
 20
151.34
  0
LWPOLYLINE
  5
AF7
330
17
100
AcDbEntity
  8
POLYLINES
100
AcDbPolyline
 90
15
 70
0
 10
674.92
 20
148.18
 10
675.07
 20
148.18
 10
675.5
 20
148.18
 10
676.65
 20
148.18
 10
677.95
 20
148.18
 10
678.38
 20
148.18
 10
678.52
 20
148.18
 10
680.39
 20
146.45
 10
682.27
 20
144.43
 10
681.83
 20
143.57
 10
681.26
 20
142.7
 10
679.67
 20
144.58
 10
677.95
 20
146.16
 10
676.36
 20
147.31
 10
674.92
 20
148.18
  0
LWPOLYLINE
  5
AF8
330
17
100
AcDbEntity
  8
POLYLINES
100
AcDbPolyline
 90
18
 70
0
 10
675.79
 20
151.34
 10
675.64
 20
151.34
 10
675.93
 20
151.34
 10
676.22
 20
151.34
 10
677.51
 20
151.34
 10
678.67
 20
151.34
 10
679.1
 20
151.34
 10
679.24
 20
151.34
 10
680.39
 20
150.34
 10
681.69
 20
149.18
 10
681.55
 20
149.18
 10
681.26
 20
149.18
 10
680.25
 20
149.18
 10
679.24
 20
149.18
 10
678.95
 20
149.18
 10
678.81
 20
149.18
 10
677.23
 20
150.48
 10
675.79
 20
151.34
  0
LWPOLYLINE
  5
AF9
330
17
100
AcDbEntity
  8
POLYLINES
100
AcDbPolyline
 90
9
 70
0
 10
684.71
 20
137.23
 10
684.28
 20
138.24
 10
683.71
 20
139.1
 10
684.14
 20
139.97
 10
684.71
 20
140.83
 10
685.15
 20
139.97
 10
685.58
 20
139.1
 10
685.15
 20
138.24
 10
684.71
 20
137.23
  0
LWPOLYLINE
  5
AFA
330
17
100
AcDbEntity
  8
POLYLINES
100
AcDbPolyline
 90
13
 70
0
 10
682.7
 20
148.18
 10
683.42
 20
147.46
 10
683.99
 20
146.74
 10
683.42
 20
146.02
 10
682.84
 20
145.3
 10
681.55
 20
146.88
 10
680.11
 20
148.18
 10
680.25
 20
148.18
 10
680.54
 20
148.18
 10
681.4
 20
148.18
 10
682.27
 20
148.18
 10
682.55
 20
148.18
 10
682.7
 20
148.18
  0
LWPOLYLINE
  5
AFB
330
17
100
AcDbEntity
  8
POLYLINES
100
AcDbPolyline
 90
9
 70
0
 10
685.15
 20
148.18
 10
684.86
 20
147.89
 10
684.71
 20
147.6
 10
684.43
 20
147.89
 10
684.14
 20
148.18
 10
684.28
 20
148.18
 10
684.71
 20
148.18
 10
685.0
 20
148.18
 10
685.15
 20
148.18
  0
LWPOLYLINE
  5
AFC
330
17
100
AcDbEntity
  8
POLYLINES
100
AcDbPolyline
 90
9
 70
0
 10
681.98
 20
141.84
 10
682.55
 20
142.7
 10
682.99
 20
143.57
 10
683.56
 20
142.7
 10
683.99
 20
141.98
 10
683.56
 20
141.12
 10
683.13
 20
140.26
 10
682.55
 20
141.12
 10
681.98
 20
141.84
  0
LWPOLYLINE
  5
AFD
330
17
100
AcDbEntity
  8
POLYLINES
100
AcDbPolyline
 90
29
 70
0
 10
676.51
 20
154.37
 10
676.79
 20
154.37
 10
677.23
 20
154.37
 10
678.09
 20
154.37
 10
679.1
 20
154.37
 10
681.69
 20
154.37
 10
684.71
 20
154.37
 10
687.59
 20
154.37
 10
690.19
 20
154.37
 10
691.34
 20
154.37
 10
692.06
 20
154.37
 10
692.63
 20
154.37
 10
692.78
 20
154.37
 10
691.34
 20
153.5
 10
689.75
 20
152.35
 10
689.61
 20
152.35
 10
689.32
 20
152.35
 10
688.89
 20
152.35
 10
688.17
 20
152.35
 10
686.59
 20
152.35
 10
684.71
 20
152.35
 10
682.84
 20
152.35
 10
681.11
 20
152.35
 10
680.54
 20
152.35
 10
679.96
 20
152.35
 10
679.67
 20
152.35
 10
679.53
 20
152.35
 10
677.95
 20
153.5
 10
676.51
 20
154.37
  0
LWPOLYLINE
  5
AFE
330
17
100
AcDbEntity
  8
POLYLINES
100
AcDbPolyline
 90
9
 70
0
 10
684.71
 20
146.02
 10
685.15
 20
145.15
 10
685.72
 20
144.43
 10
685.15
 20
143.71
 10
684.71
 20
142.85
 10
684.14
 20
143.71
 10
683.56
 20
144.43
 10
684.14
 20
145.15
 10
684.71
 20
146.02
  0
LWPOLYLINE
  5
AFF
330
17
100
AcDbEntity
  8
POLYLINES
100
AcDbPolyline
 90
9
 70
0
 10
686.15
 20
140.26
 10
685.72
 20
141.12
 10
685.29
 20
141.98
 10
685.87
 20
142.7
 10
686.3
 20
143.57
 10
686.87
 20
142.7
 10
687.31
 20
141.84
 10
686.73
 20
141.12
 10
686.15
 20
140.26
  0
LWPOLYLINE
  5
B00
330
17
100
AcDbEntity
  8
POLYLINES
100
AcDbPolyline
 90
12
 70
0
 10
685.29
 20
146.74
 10
686.01
 20
147.46
 10
686.59
 20
148.18
 10
686.73
 20
148.18
 10
687.02
 20
148.18
 10
687.88
 20
148.18
 10
688.89
 20
148.18
 10
689.18
 20
148.18
 10
687.88
 20
146.88
 10
686.44
 20
145.3
 10
685.87
 20
146.02
 10
685.29
 20
146.74
  0
LWPOLYLINE
  5
B01
330
17
100
AcDbEntity
  8
POLYLINES
100
AcDbPolyline
 90
17
 70
0
 10
693.64
 20
151.34
 10
692.2
 20
150.48
 10
690.47
 20
149.18
 10
690.33
 20
149.18
 10
690.04
 20
149.18
 10
689.03
 20
149.18
 10
688.03
 20
149.18
 10
687.74
 20
149.18
 10
687.59
 20
149.18
 10
688.89
 20
150.34
 10
690.04
 20
151.34
 10
690.19
 20
151.34
 10
690.62
 20
151.34
 10
691.91
 20
151.34
 10
693.07
 20
151.34
 10
693.5
 20
151.34
 10
693.64
 20
151.34
  0
LWPOLYLINE
  5
B02
330
17
100
AcDbEntity
  8
POLYLINES
100
AcDbPolyline
 90
16
 70
0
 10
694.51
 20
148.18
 10
694.36
 20
148.18
 10
693.07
 20
147.31
 10
691.48
 20
146.16
 10
689.75
 20
144.58
 10
688.03
 20
142.7
 10
687.59
 20
143.57
 10
687.02
 20
144.43
 10
688.89
 20
146.45
 10
690.91
 20
148.18
 10
691.05
 20
148.18
 10
691.34
 20
148.18
 10
692.63
 20
148.18
 10
693.93
 20
148.18
 10
694.22
 20
148.18
 10
694.51
 20
148.18
  0
LINE
  5
B03
330
17
100
AcDbEntity
  8
LINES
100
AcDbLine
 10
87.76
 20
830.45
 30
0.0
 11
87.76
 21
45.22
 31
0.0
  0
LINE
  5
B04
330
17
100
AcDbEntity
  8
LINES
100
AcDbLine
 10
1179.14
 20
830.45
 30
0.0
 11
87.76
 21
830.45
 31
0.0
  0
LINE
  5
B05
330
17
100
AcDbEntity
  8
LINES
100
AcDbLine
 10
1179.14
 20
45.22
 30
0.0
 11
1179.14
 21
830.45
 31
0.0
  0
LINE
  5
B06
330
17
100
AcDbEntity
  8
LINES
100
AcDbLine
 10
87.76
 20
45.22
 30
0.0
 11
1179.14
 21
45.22
 31
0.0
  0
TEXT
  5
B07
330
17
100
AcDbEntity
  8
TEXTS
100
AcDbText
 10
733.82
 20
726.97
 30
0.0
 40
10.39
  1
屏号
 41
0.5090279999999983
100
AcDbText
  0
TEXT
  5
B08
330
17
100
AcDbEntity
  8
TEXTS
100
AcDbText
 10
882.43
 20
726.83
 30
0.0
 40
10.39
  1
名称
 41
0.853033241131682
100
AcDbText
  0
TEXT
  5
B09
330
17
100
AcDbEntity
  8
TEXTS
100
AcDbText
 10
1040.97
 20
726.83
 30
0.0
 40
10.39
  1
本期工程量
 41
0.5090280000000048
100
AcDbText
  0
TEXT
  5
B0A
330
17
100
AcDbEntity
  8
TEXTS
100
AcDbText
 10
829.0
 20
705.28
 30
0.0
 40
10.39
  1
省网A2平面中兴SDH S385设备屏
 41
0.8159353160402044
100
AcDbText
  0
TEXT
  5
B0B
330
17
100
AcDbEntity
  8
TEXTS
100
AcDbText
 10
1032.91
 20
706.24
 30
0.0
 40
10.39
  1
本期扩容光接口板
 41
0.5090280000000038
100
AcDbText
  0
TEXT
  5
B0C
330
17
100
AcDbEntity
  8
TEXTS
100
AcDbText
 10
728.92
 20
705.28
 30
0.0
 40
10.39
  1
88P
 41
1.2319654066666708
100
AcDbText
  0
TEXT
  5
B0D
330
17
100
AcDbEntity
  8
TEXTS
100
AcDbText
 10
858.52
 20
681.67
 30
0.0
 40
10.39
  1
通信设备柜（无线4G网）
 41
0.5885351790638861
100
AcDbText
  0
TEXT
  5
B0E
330
17
100
AcDbEntity
  8
TEXTS
100
AcDbText
 10
728.92
 20
681.67
 30
0.0
 40
10.39
  1
89P
 41
1.2319654066666708
100
AcDbText
  0
TEXT
  5
B0F
330
17
100
AcDbEntity
  8
TEXTS
100
AcDbText
 10
230.54
 20
669.38
 30
0.0
 40
10.06
  1
1P
 41
0.8778462988888952
100
AcDbText
  0
TEXT
  5
B10
330
17
100
AcDbEntity
  8
TEXTS
100
AcDbText
 10
252.57
 20
669.38
 30
0.0
 40
10.06
  1
2P
 41
0.8778462988888952
100
AcDbText
  0
TEXT
  5
B11
330
17
100
AcDbEntity
  8
TEXTS
100
AcDbText
 10
275.18
 20
669.38
 30
0.0
 40
10.06
  1
3P
 41
0.8778462988888952
100
AcDbText
  0
TEXT
  5
B12
330
17
100
AcDbEntity
  8
TEXTS
100
AcDbText
 10
297.79
 20
669.38
 30
0.0
 40
10.06
  1
4P
 41
0.8778462988888952
100
AcDbText
  0
TEXT
  5
B13
330
17
100
AcDbEntity
  8
TEXTS
100
AcDbText
 10
320.25
 20
669.38
 30
0.0
 40
10.06
  1
5P
 41
0.8778462988888952
100
AcDbText
  0
TEXT
  5
B14
330
17
100
AcDbEntity
  8
TEXTS
100
AcDbText
 10
342.86
 20
669.38
 30
0.0
 40
10.06
  1
6P
 41
0.8778462988888952
100
AcDbText
  0
TEXT
  5
B15
330
17
100
AcDbEntity
  8
TEXTS
100
AcDbText
 10
365.47
 20
669.38
 30
0.0
 40
10.06
  1
7P
 41
0.8778462988888952
100
AcDbText
  0
TEXT
  5
B16
330
17
100
AcDbEntity
  8
TEXTS
100
AcDbText
 10
388.07
 20
669.38
 30
0.0
 40
10.06
  1
8P
 41
0.8778462988888952
100
AcDbText
  0
TEXT
  5
B17
330
17
100
AcDbEntity
  8
TEXTS
100
AcDbText
 10
410.68
 20
669.38
 30
0.0
 40
10.06
  1
9P 10P 11P
 41
1.0908304671380515
100
AcDbText
  0
TEXT
  5
B18
330
17
100
AcDbEntity
  8
TEXTS
100
AcDbText
 10
863.71
 20
658.05
 30
0.0
 40
10.39
  1
地网1660设备屏
 41
0.7172088549947656
100
AcDbText
  0
TEXT
  5
B19
330
17
100
AcDbEntity
  8
TEXTS
100
AcDbText
 10
1032.91
 20
659.01
 30
0.0
 40
10.39
  1
本期扩容光接口板
 41
0.5090280000000038
100
AcDbText
  0
TEXT
  5
B1A
330
17
100
AcDbEntity
  8
TEXTS
100
AcDbText
 10
728.92
 20
658.05
 30
0.0
 40
10.39
  1
90P
 41
1.2319654066666708
100
AcDbText
  0
TEXT
  5
B1B
330
17
100
AcDbEntity
  8
TEXTS
100
AcDbText
 10
859.82
 20
634.43
 30
0.0
 40
10.39
  1
地网OTN设备屏（二）
 41
0.6460108217997431
100
AcDbText
  0
TEXT
  5
B1C
330
17
100
AcDbEntity
  8
TEXTS
100
AcDbText
 10
729.64
 20
634.43
 30
0.0
 40
10.39
  1
91P
 41
1.151180357777784
100
AcDbText
  0
TEXT
  5
B1D
330
17
100
AcDbEntity
  8
TEXTS
100
AcDbText
 10
227.95
 20
626.75
 30
0.0
 40
10.06
  1
21P 20P 19P 18P 17P
 41
1.0336297972782804
100
AcDbText
  0
TEXT
  5
B1E
330
17
100
AcDbEntity
  8
TEXTS
100
AcDbText
 10
364.17
 20
626.75
 30
0.0
 40
10.06
  1
16P 15P 14P 13P 12P
 41
1.0336297972782804
100
AcDbText
  0
TEXT
  5
B1F
330
17
100
AcDbEntity
  8
TEXTS
100
AcDbText
 10
859.82
 20
610.82
 30
0.0
 40
10.39
  1
地网OTN设备屏（一）
 41
0.6460108217997431
100
AcDbText
  0
TEXT
  5
B20
330
17
100
AcDbEntity
  8
TEXTS
100
AcDbText
 10
728.92
 20
610.82
 30
0.0
 40
10.39
  1
92P
 41
1.2319654066666708
100
AcDbText
  0
TEXT
  5
B21
330
17
100
AcDbEntity
  8
TEXTS
100
AcDbText
 10
866.15
 20
585.62
 30
0.0
 40
10.39
  1
华为SDH设备屏
 41
0.7115140155240104
100
AcDbText
  0
TEXT
  5
B22
330
17
100
AcDbEntity
  8
TEXTS
100
AcDbText
 10
1032.91
 20
586.57
 30
0.0
 40
10.39
  1
本期扩容光接口板
 41
0.5090280000000038
100
AcDbText
  0
TEXT
  5
B23
330
17
100
AcDbEntity
  8
TEXTS
100
AcDbText
 10
728.92
 20
585.62
 30
0.0
 40
10.39
  1
98P
 41
1.2319654066666708
100
AcDbText
  0
TEXT
  5
B24
330
17
100
AcDbEntity
  8
TEXTS
100
AcDbText
 10
878.11
 20
562.96
 30
0.0
 40
10.39
  1
光纤配线屏
 41
0.5090280000000005
100
AcDbText
  0
TEXT
  5
B25
330
17
100
AcDbEntity
  8
TEXTS
100
AcDbText
 10
1033.05
 20
562.96
 30
0.0
 40
10.39
  1
本期扩容光配模块
 41
0.5090280000000038
100
AcDbText
  0
TEXT
  5
B26
330
17
100
AcDbEntity
  8
TEXTS
100
AcDbText
 10
728.92
 20
562.0
 30
0.0
 40
10.39
  1
99P
 41
1.2319654066666708
100
AcDbText
  0
TEXT
  5
B27
330
17
100
AcDbEntity
  8
TEXTS
100
AcDbText
 10
227.37
 20
561.95
 30
0.0
 40
10.06
  1
22P 23P 24P 25P 26P 27P 28P 29P 30P 31P 32P
 41
1.0532418842778126
100
AcDbText
  0
TEXT
  5
B28
330
17
100
AcDbEntity
  8
TEXTS
100
AcDbText
 10
872.78
 20
539.34
 30
0.0
 40
10.39
  1
省网光纤通信屏
 41
0.5090280000000014
100
AcDbText
  0
TEXT
  5
B29
330
17
100
AcDbEntity
  8
TEXTS
100
AcDbText
 10
725.9
 20
538.39
 30
0.0
 40
10.39
  1
100P
 41
1.1662974750000041
100
AcDbText
  0
TEXT
  5
B2A
330
17
100
AcDbEntity
  8
TEXTS
100
AcDbText
 10
227.66
 20
519.33
 30
0.0
 40
10.06
  1
43P 42P 41P 40P 39P 38P 37P 36P 35P 34P 33P
 41
1.0526140112130766
100
AcDbText
  0
TEXT
  5
B2B
330
17
100
AcDbEntity
  8
TEXTS
100
AcDbText
 10
872.78
 20
517.6
 30
0.0
 40
10.39
  1
地网光纤通信屏
 41
0.5090280000000014
100
AcDbText
  0
TEXT
  5
B2C
330
17
100
AcDbEntity
  8
TEXTS
100
AcDbText
 10
726.62
 20
516.64
 30
0.0
 40
10.39
  1
101P
 41
1.1057107111111164
100
AcDbText
  0
TEXT
  5
B2D
330
17
100
AcDbEntity
  8
TEXTS
100
AcDbText
 10
878.11
 20
491.97
 30
0.0
 40
10.39
  1
数字配线屏
 41
0.5090279999999984
100
AcDbText
  0
TEXT
  5
B2E
330
17
100
AcDbEntity
  8
TEXTS
100
AcDbText
 10
725.9
 20
491.01
 30
0.0
 40
10.39
  1
102P
 41
1.1662974749999995
100
AcDbText
  0
TEXT
  5
B2F
330
17
100
AcDbEntity
  8
TEXTS
100
AcDbText
 10
865.58
 20
467.39
 30
0.0
 40
10.39
  1
地网PCM设备屏
 41
0.727833691658941
100
AcDbText
  0
TEXT
  5
B30
330
17
100
AcDbEntity
  8
TEXTS
100
AcDbText
 10
725.9
 20
467.39
 30
0.0
 40
10.39
  1
103P
 41
1.1662974749999995
100
AcDbText
  0
TEXT
  5
B31
330
17
100
AcDbEntity
  8
TEXTS
100
AcDbText
 10
227.37
 20
454.38
 30
0.0
 40
10.06
  1
44P 45P 46P 47P 48P
 41
1.0336297972782766
100
AcDbText
  0
TEXT
  5
B32
330
17
100
AcDbEntity
  8
TEXTS
100
AcDbText
 10
362.87
 20
454.38
 30
0.0
 40
10.06
  1
49P 50P 51P 52P 53P
 41
1.0406472021194417
100
AcDbText
  0
TEXT
  5
B33
330
17
100
AcDbEntity
  8
TEXTS
100
AcDbText
 10
865.72
 20
443.78
 30
0.0
 40
10.39
  1
省网PCM设备屏
 41
0.7257965110346228
100
AcDbText
  0
TEXT
  5
B34
330
17
100
AcDbEntity
  8
TEXTS
100
AcDbText
 10
725.9
 20
443.78
 30
0.0
 40
10.39
  1
104P
 41
1.1662974749999995
100
AcDbText
  0
TEXT
  5
B35
330
17
100
AcDbEntity
  8
TEXTS
100
AcDbText
 10
872.78
 20
419.25
 30
0.0
 40
10.39
  1
音频保安配线屏
 41
0.5090279999999994
100
AcDbText
  0
TEXT
  5
B36
330
17
100
AcDbEntity
  8
TEXTS
100
AcDbText
 10
725.9
 20
418.29
 30
0.0
 40
10.39
  1
105P
 41
1.1662974749999995
100
AcDbText
  0
TEXT
  5
B37
330
17
100
AcDbEntity
  8
TEXTS
100
AcDbText
 10
227.66
 20
411.76
 30
0.0
 40
10.06
  1
64P 63P 62P 61P 60P 59P 58P 57P 56P 55P 54P
 41
1.0526140112130726
100
AcDbText
  0
TEXT
  5
B38
330
17
100
AcDbEntity
  8
TEXTS
100
AcDbText
 10
866.3
 20
393.76
 30
0.0
 40
10.39
  1
通讯直流电源屏（一）
 41
0.5090279999999995
100
AcDbText
  0
TEXT
  5
B39
330
17
100
AcDbEntity
  8
TEXTS
100
AcDbText
 10
725.9
 20
392.8
 30
0.0
 40
10.39
  1
106P
 41
1.1662974749999995
100
AcDbText
  0
TEXT
  5
B3A
330
17
100
AcDbEntity
  8
TEXTS
100
AcDbText
 10
866.3
 20
368.27
 30
0.0
 40
10.39
  1
通讯直流馈线屏（一）
 41
0.5090279999999995
100
AcDbText
  0
TEXT
  5
B3B
330
17
100
AcDbEntity
  8
TEXTS
100
AcDbText
 10
725.9
 20
367.31
 30
0.0
 40
10.39
  1
107P
 41
1.1662974749999995
100
AcDbText
  0
TEXT
  5
B3C
330
17
100
AcDbEntity
  8
TEXTS
100
AcDbText
 10
227.37
 20
347.1
 30
0.0
 40
10.06
  1
65P 66P 67P 68P 69P 70P 71P 72P 73P 74P 75P
 41
1.0532418842778086
100
AcDbText
  0
TEXT
  5
B3D
330
17
100
AcDbEntity
  8
TEXTS
100
AcDbText
 10
866.3
 20
342.78
 30
0.0
 40
10.39
  1
通讯直流馈线屏（二）
 41
0.5090279999999995
100
AcDbText
  0
TEXT
  5
B3E
330
17
100
AcDbEntity
  8
TEXTS
100
AcDbText
 10
725.9
 20
341.83
 30
0.0
 40
10.39
  1
108P
 41
1.1662974749999995
100
AcDbText
  0
TEXT
  5
B3F
330
17
100
AcDbEntity
  8
TEXTS
100
AcDbText
 10
866.3
 20
317.29
 30
0.0
 40
10.39
  1
通讯直流电源屏（二）
 41
0.5090279999999995
100
AcDbText
  0
TEXT
  5
B40
330
17
100
AcDbEntity
  8
TEXTS
100
AcDbText
 10
725.9
 20
316.34
 30
0.0
 40
10.39
  1
109P
 41
1.1662974749999995
100
AcDbText
  0
TEXT
  5
B41
330
17
100
AcDbEntity
  8
TEXTS
100
AcDbText
 10
227.37
 20
304.34
 30
0.0
 40
10.06
  1
85P 84P 83P 82P 81P
 41
1.0392437211512096
100
AcDbText
  0
TEXT
  5
B42
330
17
100
AcDbEntity
  8
TEXTS
100
AcDbText
 10
362.87
 20
304.34
 30
0.0
 40
10.06
  1
80P 79P 78P 77P 76P
 41
1.0336297972782766
100
AcDbText
  0
TEXT
  5
B43
330
17
100
AcDbEntity
  8
TEXTS
100
AcDbText
 10
878.11
 20
291.66
 30
0.0
 40
10.39
  1
综合数据屏
 41
0.5090279999999984
100
AcDbText
  0
TEXT
  5
B44
330
17
100
AcDbEntity
  8
TEXTS
100
AcDbText
 10
727.34
 20
290.71
 30
0.0
 40
10.39
  1
111P
 41
1.04512394722222
100
AcDbText
  0
TEXT
  5
B45
330
17
100
AcDbEntity
  8
TEXTS
100
AcDbText
 10
219.02
 20
239.68
 30
0.0
 40
10.06
  1
86-18P6-28P6-3P87P 88P 89P90P91P92P 93P 94P 95P 96P
 41
0.8581727343561447
100
AcDbText
  0
TEXT
  5
B46
330
17
100
AcDbEntity
  8
TEXTS
100
AcDbText
 10
229.24
 20
197.06
 30
0.0
 40
10.06
  1
111P 110P109P108P 107P106P105P104P103P102P101P100P 99P 98P
 41
0.7192676869144364
100
AcDbText
  0
TEXT
  5
B47
330
17
100
AcDbEntity
  8
TEXTS
100
AcDbText
 10
236.01
 20
173.39
 30
0.0
 40
7.6
  1
通信屏柜
 41
1.3333333333333353
100
AcDbText
  0
TEXT
  5
B48
330
17
100
AcDbEntity
  8
TEXTS
100
AcDbText
 10
699.83
 20
127.55
 30
0.0
 40
17.78
  1
湖南经研电力设计有限公司
 41
1.0363698430438792
100
AcDbText
  0
TEXT
  5
B49
330
17
100
AcDbEntity
  8
TEXTS
100
AcDbText
 10
1013.47
 20
134.81
 30
0.0
 40
8.3
  1
/工程
 41
0.8974358974358928
100
AcDbText
  0
TEXT
  5
B4A
330
17
100
AcDbEntity
  8
TEXTS
100
AcDbText
 10
1123.63
 20
134.81
 30
0.0
 40
8.3
  1
施工图设计阶段
 41
0.9333333333333325
100
AcDbText
  0
TEXT
  5
B4B
330
17
100
AcDbEntity
  8
TEXTS
100
AcDbText
 10
688.03
 20
103.42
 30
0.0
 40
8.3
  1
批准
 41
0.9333333333333261
100
AcDbText
  0
TEXT
  5
B4C
330
17
100
AcDbEntity
  8
TEXTS
100
AcDbText
 10
806.11
 20
103.42
 30
0.0
 40
8.3
  1
设计/勘测
 41
0.9130434782608684
100
AcDbText
  0
TEXT
  5
B4D
330
17
100
AcDbEntity
  8
TEXTS
100
AcDbText
 10
989.56
 20
90.89
 30
0.0
 40
8.3
  1
二次设备室屏位布置图（刘家湾变）
 41
0.9333333333333327
100
AcDbText
  0
TEXT
  5
B4E
330
17
100
AcDbEntity
  8
TEXTS
100
AcDbText
 10
687.59
 20
77.93
 30
0.0
 40
8.3
  1
审核
 41
0.9333333333333261
100
AcDbText
  0
TEXT
  5
B4F
330
17
100
AcDbEntity
  8
TEXTS
100
AcDbText
 10
815.47
 20
77.93
 30
0.0
 40
8.3
  1
比例
 41
0.9333333333333261
100
AcDbText
  0
TEXT
  5
B50
330
17
100
AcDbEntity
  8
TEXTS
100
AcDbText
 10
1033.34
 20
52.73
 30
0.0
 40
8.3
  1
BA22015S-U0101-36
 41
0.7777777777777779
100
AcDbText
  0
TEXT
  5
B51
330
17
100
AcDbEntity
  8
TEXTS
100
AcDbText
 10
814.89
 20
52.3
 30
0.0
 40
8.3
  1
日期
 41
0.9333333333333267
100
AcDbText
  0
TEXT
  5
B52
330
17
100
AcDbEntity
  8
TEXTS
100
AcDbText
 10
688.03
 20
52.01
 30
0.0
 40
8.3
  1
校核
 41
0.9333333333333267
100
AcDbText
  0
TEXT
  5
B53
330
17
100
AcDbEntity
  8
TEXTS
100
AcDbText
 10
937.43
 20
52.01
 30
0.0
 40
8.3
  1
图号
 41
0.9333333333333267
100
AcDbText
  0
TEXT
  5
B54
330
17
100
AcDbEntity
  8
TEXTS
100
AcDbText
 10
811.15
 20
25.94
 30
0.0
 40
8.3
  1
服务承诺：接到您通知1小时内予以答复并及时提供工代服务。投诉电话：0731-85948331，0731-85948342。
 41
0.8831341301460816
100
AcDbText
  0
ENDSEC
  0
SECTION
  2
OBJECTS
  0
DICTIONARY
  5
A
330
0
100
AcDbDictionary
281
1
  3
ACAD_COLOR
350
B
  3
ACAD_GROUP
350
C
  3
ACAD_LAYOUT
350
D
  3
ACAD_MATERIAL
350
E
  3
ACAD_MLEADERSTYLE
350
F
  3
ACAD_MLINESTYLE
350
10
  3
ACAD_PLOTSETTINGS
350
11
  3
ACAD_PLOTSTYLENAME
350
12
  3
ACAD_SCALELIST
350
14
  3
ACAD_TABLESTYLE
350
15
  3
ACAD_VISUALSTYLE
350
16
  3
EZDXF_META
350
2D
  0
DICTIONARY
  5
B
330
A
100
AcDbDictionary
281
1
  0
DICTIONARY
  5
C
330
A
100
AcDbDictionary
281
1
  0
DICTIONARY
  5
D
330
A
100
AcDbDictionary
281
1
  3
Model
350
1A
  3
Layout1
350
1E
  0
DICTIONARY
  5
E
330
A
100
AcDbDictionary
281
1
  3
ByBlock
350
1F
  3
ByLayer
350
20
  3
Global
350
21
  0
DICTIONARY
  5
F
330
A
100
AcDbDictionary
281
1
  3
Standard
350
2C
  0
DICTIONARY
  5
10
330
A
100
AcDbDictionary
281
1
  3
Standard
350
22
  0
DICTIONARY
  5
11
330
A
100
AcDbDictionary
281
1
  0
ACDBDICTIONARYWDFLT
  5
12
330
A
100
AcDbDictionary
281
1
  3
Normal
350
13
100
AcDbDictionaryWithDefault
340
13
  0
ACDBPLACEHOLDER
  5
13
330
12
  0
DICTIONARY
  5
14
330
A
100
AcDbDictionary
281
1
  0
DICTIONARY
  5
15
330
A
100
AcDbDictionary
281
1
  0
DICTIONARY
  5
16
330
A
100
AcDbDictionary
281
1
  0
LAYOUT
  5
1A
330
D
100
AcDbPlotSettings
  1

  4
A3
  6

 40
7.5
 41
20.0
 42
7.5
 43
20.0
 44
420.0
 45
297.0
 46
0.0
 47
0.0
 48
0.0
 49
0.0
140
0.0
141
0.0
142
1.0
143
1.0
 70
1024
 72
1
 73
0
 74
5
  7

 75
16
 76
0
 77
2
 78
300
147
1.0
148
0.0
149
0.0
100
AcDbLayout
  1
Model
 70
1
 71
0
 10
0.0
 20
0.0
 11
420.0
 21
297.0
 12
0.0
 22
0.0
 32
0.0
 14
1e+20
 24
1e+20
 34
1e+20
 15
-1e+20
 25
-1e+20
 35
-1e+20
146
0.0
 13
0.0
 23
0.0
 33
0.0
 16
1.0
 26
0.0
 36
0.0
 17
0.0
 27
1.0
 37
0.0
 76
1
330
17
  0
LAYOUT
  5
1E
330
D
100
AcDbPlotSettings
  1

  4
A3
  6

 40
7.5
 41
20.0
 42
7.5
 43
20.0
 44
420.0
 45
297.0
 46
0.0
 47
0.0
 48
0.0
 49
0.0
140
0.0
141
0.0
142
1.0
143
1.0
 70
0
 72
1
 73
0
 74
5
  7

 75
16
 76
0
 77
2
 78
300
147
1.0
148
0.0
149
0.0
100
AcDbLayout
  1
Layout1
 70
1
 71
1
 10
0.0
 20
0.0
 11
420.0
 21
297.0
 12
0.0
 22
0.0
 32
0.0
 14
1e+20
 24
1e+20
 34
1e+20
 15
-1e+20
 25
-1e+20
 35
-1e+20
146
0.0
 13
0.0
 23
0.0
 33
0.0
 16
1.0
 26
0.0
 36
0.0
 17
0.0
 27
1.0
 37
0.0
 76
1
330
1B
  0
MATERIAL
  5
1F
102
{ACAD_REACTORS
330
E
102
}
330
E
100
AcDbMaterial
  1
ByBlock
  2

 70
0
 40
1.0
 71
1
 41
1.0
 91
-1023410177
 42
1.0
 72
1
  3

 73
1
 74
1
 75
1
 44
0.5
 73
0
 45
1.0
 46
1.0
 77
1
  4

 78
1
 79
1
170
1
 48
1.0
171
1
  6

172
1
173
1
174
1
140
1.0
141
1.0
175
1
  7

176
1
177
1
178
1
143
1.0
179
1
  8

270
1
271
1
272
1
145
1.0
146
1.0
273
1
  9

274
1
275
1
276
1
 42
1.0
 72
1
  3

 73
1
 74
1
 75
1
 94
63
  0
MATERIAL
  5
20
102
{ACAD_REACTORS
330
E
102
}
330
E
100
AcDbMaterial
  1
ByLayer
  2

 70
0
 40
1.0
 71
1
 41
1.0
 91
-1023410177
 42
1.0
 72
1
  3

 73
1
 74
1
 75
1
 44
0.5
 73
0
 45
1.0
 46
1.0
 77
1
  4

 78
1
 79
1
170
1
 48
1.0
171
1
  6

172
1
173
1
174
1
140
1.0
141
1.0
175
1
  7

176
1
177
1
178
1
143
1.0
179
1
  8

270
1
271
1
272
1
145
1.0
146
1.0
273
1
  9

274
1
275
1
276
1
 42
1.0
 72
1
  3

 73
1
 74
1
 75
1
 94
63
  0
MATERIAL
  5
21
102
{ACAD_REACTORS
330
E
102
}
330
E
100
AcDbMaterial
  1
Global
  2

 70
0
 40
1.0
 71
1
 41
1.0
 91
-1023410177
 42
1.0
 72
1
  3

 73
1
 74
1
 75
1
 44
0.5
 73
0
 45
1.0
 46
1.0
 77
1
  4

 78
1
 79
1
170
1
 48
1.0
171
1
  6

172
1
173
1
174
1
140
1.0
141
1.0
175
1
  7

176
1
177
1
178
1
143
1.0
179
1
  8

270
1
271
1
272
1
145
1.0
146
1.0
273
1
  9

274
1
275
1
276
1
 42
1.0
 72
1
  3

 73
1
 74
1
 75
1
 94
63
  0
MLINESTYLE
  5
22
102
{ACAD_REACTORS
330
10
102
}
330
10
100
AcDbMlineStyle
  2
Standard
 70
0
  3

 62
256
 51
90.0
 52
90.0
 71
2
 49
0.5
 62
256
  6
BYLAYER
 49
-0.5
 62
256
  6
BYLAYER
  0
MLEADERSTYLE
  5
2C
102
{ACAD_REACTORS
330
F
102
}
330
F
100
AcDbMLeaderStyle
179
2
170
2
171
1
172
0
 90
2
 40
0.0
 41
0.0
173
1
 91
-1056964608
 92
-2
290
1
 42
2.0
291
1
 43
8.0
  3
Standard
 44
4.0
300

342
29
174
1
175
1
176
0
178
1
 93
-1056964608
 45
4.0
292
0
297
0
 46
4.0
 94
-1056964608
 47
1.0
 49
1.0
140
1.0
294
1
141
0.0
177
0
142
1.0
295
0
296
0
143
3.75
271
0
272
9
273
9
  0
DICTIONARY
  5
2D
330
A
100
AcDbDictionary
280
1
281
1
  3
CREATED_BY_EZDXF
350
2E
  3
WRITTEN_BY_EZDXF
350
B57
  0
DICTIONARYVAR
  5
2E
330
2D
100
DictionaryVariables
280
0
  1
1.4.4 @ 2026-09-03T14:14:24.997496+00:00
  0
DICTIONARYVAR
  5
B57
330
2D
100
DictionaryVariables
280
0
  1
1.4.4 @ 2026-09-03T14:14:25.723492+00:00
  0
ENDSEC
  0
EOF
