  0
SECTION
  2
HEADER
  9
$ACADVER
  1
AC1024
  9
$ACADMAINTVER
 70
6
  9
$DWGCODEPAGE
  3
ANSI_1252
  9
$LASTSAVEDBY
  1
ezdxf
  9
$INSBASE
 10
0.0
 20
0.0
 30
0.0
  9
$EXTMIN
 10
1e+20
 20
1e+20
 30
1e+20
  9
$EXTMAX
 10
-1e+20
 20
-1e+20
 30
-1e+20
  9
$LIMMIN
 10
0.0
 20
0.0
  9
$LIMMAX
 10
420.0
 20
297.0
  9
$ORTHOMODE
 70
0
  9
$REGENMODE
 70
1
  9
$FILLMODE
 70
1
  9
$QTEXTMODE
 70
0
  9
$MIRRTEXT
 70
1
  9
$LTSCALE
 40
1.0
  9
$ATTMODE
 70
1
  9
$TEXTSIZE
 40
2.5
  9
$TRACEWID
 40
1.0
  9
$TEXTSTYLE
  7
Standard
  9
$CLAYER
  8
0
  9
$CELTYPE
  6
ByLayer
  9
$CECOLOR
 62
256
  9
$CELTSCALE
 40
1.0
  9
$DISPSILH
 70
0
  9
$DIMSCALE
 40
1.0
  9
$DIMASZ
 40
2.5
  9
$DIMEXO
 40
0.625
  9
$DIMDLI
 40
3.75
  9
$DIMRND
 40
0.0
  9
$DIMDLE
 40
0.0
  9
$DIMEXE
 40
1.25
  9
$DIMTP
 40
0.0
  9
$DIMTM
 40
0.0
  9
$DIMTXT
 40
2.5
  9
$DIMCEN
 40
2.5
  9
$DIMTSZ
 40
0.0
  9
$DIMTOL
 70
0
  9
$DIMLIM
 70
0
  9
$DIMTIH
 70
0
  9
$DIMTOH
 70
0
  9
$DIMSE1
 70
0
  9
$DIMSE2
 70
0
  9
$DIMTAD
 70
1
  9
$DIMZIN
 70
8
  9
$DIMBLK
  1

  9
$DIMASO
 70
1
  9
$DIMSHO
 70
1
  9
$DIMPOST
  1

  9
$DIMAPOST
  1

  9
$DIMALT
 70
0
  9
$DIMALTD
 70
3
  9
$DIMALTF
 40
0.03937007874
  9
$DIMLFAC
 40
1.0
  9
$DIMTOFL
 70
1
  9
$DIMTVP
 40
0.0
  9
$DIMTIX
 70
0
  9
$DIMSOXD
 70
0
  9
$DIMSAH
 70
0
  9
$DIMBLK1
  1

  9
$DIMBLK2
  1

  9
$DIMSTYLE
  2
ISO-25
  9
$DIMCLRD
 70
0
  9
$DIMCLRE
 70
0
  9
$DIMCLRT
 70
0
  9
$DIMTFAC
 40
1.0
  9
$DIMGAP
 40
0.625
  9
$DIMJUST
 70
0
  9
$DIMSD1
 70
0
  9
$DIMSD2
 70
0
  9
$DIMTOLJ
 70
0
  9
$DIMTZIN
 70
8
  9
$DIMALTZ
 70
0
  9
$DIMALTTZ
 70
0
  9
$DIMUPT
 70
0
  9
$DIMDEC
 70
2
  9
$DIMTDEC
 70
2
  9
$DIMALTU
 70
2
  9
$DIMALTTD
 70
3
  9
$DIMTXSTY
  7
Standard
  9
$DIMAUNIT
 70
0
  9
$DIMADEC
 70
0
  9
$DIMALTRND
 40
0.0
  9
$DIMAZIN
 70
0
  9
$DIMDSEP
 70
44
  9
$DIMATFIT
 70
3
  9
$DIMFRAC
 70
0
  9
$DIMLDRBLK
  1

  9
$DIMLUNIT
 70
2
  9
$DIMLWD
 70
-2
  9
$DIMLWE
 70
-2
  9
$DIMTMOVE
 70
0
  9
$DIMFXL
 40
1.0
  9
$DIMFXLON
 70
0
  9
$DIMJOGANG
 40
0.785398163397
  9
$DIMTFILL
 70
0
  9
$DIMTFILLCLR
 70
0
  9
$DIMARCSYM
 70
0
  9
$DIMLTYPE
  6

  9
$DIMLTEX1
  6

  9
$DIMLTEX2
  6

  9
$DIMTXTDIRECTION
 70
0
  9
$LUNITS
 70
2
  9
$LUPREC
 70
4
  9
$SKETCHINC
 40
1.0
  9
$FILLETRAD
 40
10.0
  9
$AUNITS
 70
0
  9
$AUPREC
 70
2
  9
$MENU
  1
.
  9
$ELEVATION
 40
0.0
  9
$PELEVATION
 40
0.0
  9
$THICKNESS
 40
0.0
  9
$LIMCHECK
 70
0
  9
$CHAMFERA
 40
0.0
  9
$CHAMFERB
 40
0.0
  9
$CHAMFERC
 40
0.0
  9
$CHAMFERD
 40
0.0
  9
$SKPOLY
 70
0
  9
$TDCREATE
 40
2461287.926238426
  9
$TDUCREATE
 40
2458532.153996898
  9
$TDUPDATE
 40
2461287.926261574
  9
$TDUUPDATE
 40
2458532.1544311
  9
$TDINDWG
 40
0.0
  9
$TDUSRTIMER
 40
0.0
  9
$USRTIMER
 70
1
  9
$ANGBASE
 50
0.0
  9
$ANGDIR
 70
0
  9
$PDMODE
 70
0
  9
$PDSIZE
 40
0.0
  9
$PLINEWID
 40
0.0
  9
$SPLFRAME
 70
0
  9
$SPLINETYPE
 70
6
  9
$SPLINESEGS
 70
8
  9
$HANDSEED
  5
1904
  9
$SURFTAB1
 70
6
  9
$SURFTAB2
 70
6
  9
$SURFTYPE
 70
6
  9
$SURFU
 70
6
  9
$SURFV
 70
6
  9
$UCSBASE
  2

  9
$UCSNAME
  2

  9
$UCSORG
 10
0.0
 20
0.0
 30
0.0
  9
$UCSXDIR
 10
1.0
 20
0.0
 30
0.0
  9
$UCSYDIR
 10
0.0
 20
1.0
 30
0.0
  9
$UCSORTHOREF
  2

  9
$UCSORTHOVIEW
 70
0
  9
$UCSORGTOP
 10
0.0
 20
0.0
 30
0.0
  9
$UCSORGBOTTOM
 10
0.0
 20
0.0
 30
0.0
  9
$UCSORGLEFT
 10
0.0
 20
0.0
 30
0.0
  9
$UCSORGRIGHT
 10
0.0
 20
0.0
 30
0.0
  9
$UCSORGFRONT
 10
0.0
 20
0.0
 30
0.0
  9
$UCSORGBACK
 10
0.0
 20
0.0
 30
0.0
  9
$PUCSBASE
  2

  9
$PUCSNAME
  2

  9
$PUCSORG
 10
0.0
 20
0.0
 30
0.0
  9
$PUCSXDIR
 10
1.0
 20
0.0
 30
0.0
  9
$PUCSYDIR
 10
0.0
 20
1.0
 30
0.0
  9
$PUCSORTHOREF
  2

  9
$PUCSORTHOVIEW
 70
0
  9
$PUCSORGTOP
 10
0.0
 20
0.0
 30
0.0
  9
$PUCSORGBOTTOM
 10
0.0
 20
0.0
 30
0.0
  9
$PUCSORGLEFT
 10
0.0
 20
0.0
 30
0.0
  9
$PUCSORGRIGHT
 10
0.0
 20
0.0
 30
0.0
  9
$PUCSORGFRONT
 10
0.0
 20
0.0
 30
0.0
  9
$PUCSORGBACK
 10
0.0
 20
0.0
 30
0.0
  9
$USERI1
 70
0
  9
$USERI2
 70
0
  9
$USERI3
 70
0
  9
$USERI4
 70
0
  9
$USERI5
 70
0
  9
$USERR1
 40
0.0
  9
$USERR2
 40
0.0
  9
$USERR3
 40
0.0
  9
$USERR4
 40
0.0
  9
$USERR5
 40
0.0
  9
$WORLDVIEW
 70
1
  9
$SHADEDGE
 70
3
  9
$SHADEDIF
 70
70
  9
$TILEMODE
 70
1
  9
$MAXACTVP
 70
64
  9
$PINSBASE
 10
0.0
 20
0.0
 30
0.0
  9
$PLIMCHECK
 70
0
  9
$PEXTMIN
 10
1e+20
 20
1e+20
 30
1e+20
  9
$PEXTMAX
 10
-1e+20
 20
-1e+20
 30
-1e+20
  9
$PLIMMIN
 10
0.0
 20
0.0
  9
$PLIMMAX
 10
420.0
 20
297.0
  9
$UNITMODE
 70
0
  9
$VISRETAIN
 70
1
  9
$PLINEGEN
 70
0
  9
$PSLTSCALE
 70
1
  9
$TREEDEPTH
 70
3020
  9
$CMLSTYLE
  2
Standard
  9
$CMLJUST
 70
0
  9
$CMLSCALE
 40
20.0
  9
$PROXYGRAPHICS
 70
1
  9
$MEASUREMENT
 70
1
  9
$CELWEIGHT
370
-1
  9
$ENDCAPS
280
0
  9
$JOINSTYLE
280
0
  9
$LWDISPLAY
290
0
  9
$INSUNITS
 70
6
  9
$HYPERLINKBASE
  1

  9
$STYLESHEET
  1

  9
$XEDIT
290
1
  9
$CEPSNTYPE
380
0
  9
$PSTYLEMODE
290
1
  9
$FINGERPRINTGUID
  2
{017417CD-9443-44C9-B91F-E50E9107C0B2}
  9
$VERSIONGUID
  2
{E909DB85-23BF-4A22-B906-977817B68E21}
  9
$EXTNAMES
290
1
  9
$PSVPSCALE
 40
0.0
  9
$OLESTARTUP
290
0
  9
$SORTENTS
280
127
  9
$INDEXCTL
280
0
  9
$HIDETEXT
280
1
  9
$XCLIPFRAME
280
1
  9
$HALOGAP
280
0
  9
$OBSCOLOR
 70
257
  9
$OBSLTYPE
280
0
  9
$INTERSECTIONDISPLAY
280
0
  9
$INTERSECTIONCOLOR
 70
257
  9
$DIMASSOC
280
2
  9
$PROJECTNAME
  1

  9
$CAMERADISPLAY
290
0
  9
$LENSLENGTH
 40
50.0
  9
$CAMERAHEIGHT
 40
0.0
  9
$STEPSPERSEC
 40
24.0
  9
$STEPSIZE
 40
100.0
  9
$3DDWFPREC
 40
2.0
  9
$PSOLWIDTH
 40
0.005
  9
$PSOLHEIGHT
 40
0.08
  9
$LOFTANG1
 40
1.570796326795
  9
$LOFTANG2
 40
1.570796326795
  9
$LOFTMAG1
 40
0.0
  9
$LOFTMAG2
 40
0.0
  9
$LOFTPARAM
 70
7
  9
$LOFTNORMALS
280
1
  9
$LATITUDE
 40
37.795
  9
$LONGITUDE
 40
-122.394
  9
$NORTHDIRECTION
 40
0.0
  9
$TIMEZONE
 70
-8000
  9
$LIGHTGLYPHDISPLAY
280
1
  9
$TILEMODELIGHTSYNCH
280
1
  9
$CMATERIAL
347
20
  9
$SOLIDHIST
280
0
  9
$SHOWHIST
280
1
  9
$DWFFRAME
280
2
  9
$DGNFRAME
280
2
  9
$REALWORLDSCALE
290
1
  9
$INTERFERECOLOR
 62
256
  9
$CSHADOW
280
0
  9
$SHADOWPLANELOCATION
 40
0.0
  0
ENDSEC
  0
SECTION
  2
CLASSES
  0
CLASS
  1
ACDBDICTIONARYWDFLT
  2
AcDbDictionaryWithDefault
  3
ObjectDBX Classes
 90
0
 91
0
280
0
281
0
  0
CLASS
  1
SUN
  2
AcDbSun
  3
SCENEOE
 90
1153
 91
0
280
0
281
0
  0
CLASS
  1
VISUALSTYLE
  2
AcDbVisualStyle
  3
ObjectDBX Classes
 90
4095
 91
0
280
0
281
0
  0
CLASS
  1
MATERIAL
  2
AcDbMaterial
  3
ObjectDBX Classes
 90
1153
 91
0
280
0
281
0
  0
CLASS
  1
SCALE
  2
AcDbScale
  3
ObjectDBX Classes
 90
1153
 91
0
280
0
281
0
  0
CLASS
  1
TABLESTYLE
  2
AcDbTableStyle
  3
ObjectDBX Classes
 90
4095
 91
0
280
0
281
0
  0
CLASS
  1
MLEADERSTYLE
  2
AcDbMLeaderStyle
  3
ACDB_MLEADERSTYLE_CLASS
 90
4095
 91
0
280
0
281
0
  0
CLASS
  1
DICTIONARYVAR
  2
AcDbDictionaryVar
  3
ObjectDBX Classes
 90
0
 91
0
280
0
281
0
  0
CLASS
  1
CELLSTYLEMAP
  2
AcDbCellStyleMap
  3
ObjectDBX Classes
 90
1152
 91
0
280
0
281
0
  0
CLASS
  1
MENTALRAYRENDERSETTINGS
  2
AcDbMentalRayRenderSettings
  3
SCENEOE
 90
1024
 91
0
280
0
281
0
  0
CLASS
  1
ACDBDETAILVIEWSTYLE
  2
AcDbDetailViewStyle
  3
ObjectDBX Classes
 90
1025
 91
0
280
0
281
0
  0
CLASS
  1
ACDBSECTIONVIEWSTYLE
  2
AcDbSectionViewStyle
  3
ObjectDBX Classes
 90
1025
 91
0
280
0
281
0
  0
CLASS
  1
RASTERVARIABLES
  2
AcDbRasterVariables
  3
ISM
 90
0
 91
0
280
0
281
0
  0
CLASS
  1
LAYOUT
  2
AcDbLayout
  3
ObjectDBX Classes
 90
0
 91
0
280
0
281
0
  0
CLASS
  1
ACDBPLACEHOLDER
  2
AcDbPlaceHolder
  3
ObjectDBX Classes
 90
0
 91
0
280
0
281
0
  0
ENDSEC
  0
SECTION
  2
TABLES
  0
TABLE
  2
VPORT
  5
8
330
0
100
AcDbSymbolTable
 70
1
  0
VPORT
  5
23
330
8
100
AcDbSymbolTableRecord
100
AcDbViewportTableRecord
  2
*Active
 70
0
 10
0.0
 20
0.0
 11
1.0
 21
1.0
 12
0.0
 22
0.0
 13
0.0
 23
0.0
 14
0.5
 24
0.5
 15
0.5
 25
0.5
 16
0.0
 26
0.0
 36
1.0
 17
0.0
 27
0.0
 37
0.0
 40
1000.0
 41
1.34
 42
50.0
 43
0.0
 44
0.0
 50
0.0
 51
0.0
 71
0
 72
1000
 73
1
 74
3
 75
0
 76
0
 77
0
 78
0
281
0
 65
0
146
0.0
  0
ENDTAB
  0
TABLE
  2
LTYPE
  5
2
330
0
100
AcDbSymbolTable
 70
3
  0
LTYPE
  5
24
330
2
100
AcDbSymbolTableRecord
100
AcDbLinetypeTableRecord
  2
ByBlock
 70
0
  3

 72
65
 73
0
 40
0.0
  0
LTYPE
  5
25
330
2
100
AcDbSymbolTableRecord
100
AcDbLinetypeTableRecord
  2
ByLayer
 70
0
  3

 72
65
 73
0
 40
0.0
  0
LTYPE
  5
26
330
2
100
AcDbSymbolTableRecord
100
AcDbLinetypeTableRecord
  2
Continuous
 70
0
  3

 72
65
 73
0
 40
0.0
  0
ENDTAB
  0
TABLE
  2
LAYER
  5
1
330
0
100
AcDbSymbolTable
 70
6
  0
LAYER
  5
27
330
1
100
AcDbSymbolTableRecord
100
AcDbLayerTableRecord
  2
0
 70
0
 62
7
  6
Continuous
370
-3
390
13
347
21
  0
LAYER
  5
28
330
1
100
AcDbSymbolTableRecord
100
AcDbLayerTableRecord
  2
Defpoints
 70
0
 62
7
  6
Continuous
290
0
370
-3
390
13
347
21
  0
LAYER
  5
2F
330
1
100
AcDbSymbolTableRecord
100
AcDbLayerTableRecord
  2
LINES
 70
0
 62
7
  6
Continuous
370
-3
390
13
347
21
  0
LAYER
  5
30
330
1
100
AcDbSymbolTableRecord
100
AcDbLayerTableRecord
  2
RECTS
 70
0
 62
7
  6
Continuous
370
-3
390
13
347
21
  0
LAYER
  5
31
330
1
100
AcDbSymbolTableRecord
100
AcDbLayerTableRecord
  2
TEXTS
 70
0
 62
3
  6
Continuous
370
-3
390
13
347
21
  0
LAYER
  5
32
330
1
100
AcDbSymbolTableRecord
100
AcDbLayerTableRecord
  2
POLYLINES
 70
0
 62
4
  6
Continuous
370
-3
390
13
347
21
  0
ENDTAB
  0
TABLE
  2
STYLE
  5
5
330
0
100
AcDbSymbolTable
 70
1
  0
STYLE
  5
29
330
5
100
AcDbSymbolTableRecord
100
AcDbTextStyleTableRecord
  2
Standard
 70
0
 40
0.0
 41
1.0
 50
0.0
 71
0
 42
2.5
  3
txt
  4

  0
ENDTAB
  0
TABLE
  2
VIEW
  5
7
330
0
100
AcDbSymbolTable
 70
0
  0
ENDTAB
  0
TABLE
  2
UCS
  5
6
330
0
100
AcDbSymbolTable
 70
0
  0
ENDTAB
  0
TABLE
  2
APPID
  5
3
330
0
100
AcDbSymbolTable
 70
3
  0
APPID
  5
2A
330
3
100
AcDbSymbolTableRecord
100
AcDbRegAppTableRecord
  2
ACAD
 70
0
  0
APPID
  5
1901
330
3
100
AcDbSymbolTableRecord
100
AcDbRegAppTableRecord
  2
HATCHBACKGROUNDCOLOR
 70
0
  0
APPID
  5
1902
330
3
100
AcDbSymbolTableRecord
100
AcDbRegAppTableRecord
  2
EZDXF
 70
0
  0
ENDTAB
  0
TABLE
  2
DIMSTYLE
  5
4
330
0
100
AcDbSymbolTable
 70
1
100
AcDbDimStyleTable
  0
DIMSTYLE
105
2B
330
4
100
AcDbSymbolTableRecord
100
AcDbDimStyleTableRecord
  2
Standard
 70
0
 40
1.0
 41
2.5
 42
0.625
 43
3.75
 44
1.25
 45
0.0
 46
0.0
 47
0.0
 48
0.0
 49
2.5
140
2.5
141
2.5
142
0.0
143
0.03937007874
144
1.0
145
0.0
146
1.0
147
0.625
148
0.0
 69
0
 70
0
 71
0
 72
0
 73
0
 74
0
 75
0
 76
0
 77
1
 78
8
 79
3
170
0
171
3
172
1
173
0
174
0
175
0
176
0
177
0
178
0
179
2
271
2
272
2
273
2
274
3
275
0
276
0
277
2
278
44
279
0
280
0
281
0
282
0
283
0
284
8
285
0
286
0
288
0
289
3
290
0
371
-2
372
-2
  0
ENDTAB
  0
TABLE
  2
BLOCK_RECORD
  5
9
330
0
100
AcDbSymbolTable
 70
2
  0
BLOCK_RECORD
  5
17
330
9
100
AcDbSymbolTableRecord
100
AcDbBlockTableRecord
  2
*Model_Space
340
1A
 70
0
280
1
281
0
  0
BLOCK_RECORD
  5
1B
330
9
100
AcDbSymbolTableRecord
100
AcDbBlockTableRecord
  2
*Paper_Space
340
1E
 70
0
280
1
281
0
  0
ENDTAB
  0
ENDSEC
  0
SECTION
  2
BLOCKS
  0
BLOCK
  5
18
330
17
100
AcDbEntity
  8
0
100
AcDbBlockBegin
  2
*Model_Space
 70
0
 10
0.0
 20
0.0
 30
0.0
  3
*Model_Space
  1

  0
ENDBLK
  5
19
330
17
100
AcDbEntity
  8
0
100
AcDbBlockEnd
  0
BLOCK
  5
1C
330
1B
100
AcDbEntity
  8
0
100
AcDbBlockBegin
  2
*Paper_Space
 70
0
 10
0.0
 20
0.0
 30
0.0
  3
*Paper_Space
  1

  0
ENDBLK
  5
1D
330
1B
100
AcDbEntity
  8
0
100
AcDbBlockEnd
  0
ENDSEC
  0
SECTION
  2
ENTITIES
  0
LINE
  5
33
330
17
100
AcDbEntity
  8
LINES
100
AcDbLine
 10
847.0
 20
780.34
 30
0.0
 11
850.31
 21
781.06
 31
0.0
  0
LINE
  5
34
330
17
100
AcDbEntity
  8
LINES
100
AcDbLine
 10
951.55
 20
783.07
 30
0.0
 11
955.72
 21
783.65
 31
0.0
  0
LINE
  5
35
330
17
100
AcDbEntity
  8
LINES
100
AcDbLine
 10
951.11
 20
780.34
 30
0.0
 11
955.87
 21
781.2
 31
0.0
  0
LINE
  5
36
330
17
100
AcDbEntity
  8
LINES
100
AcDbLine
 10
954.43
 20
783.5
 30
0.0
 11
954.43
 21
778.03
 31
0.0
  0
LINE
  5
37
330
17
100
AcDbEntity
  8
LINES
100
AcDbLine
 10
956.3
 20
783.36
 30
0.0
 11
956.3
 21
779.62
 31
0.0
  0
LINE
  5
38
330
17
100
AcDbEntity
  8
LINES
100
AcDbLine
 10
952.84
 20
776.02
 30
0.0
 11
957.59
 21
776.74
 31
0.0
  0
LINE
  5
39
330
17
100
AcDbEntity
  8
LINES
100
AcDbLine
 10
967.67
 20
774.43
 30
0.0
 11
972.14
 21
777.02
 31
0.0
  0
LINE
  5
3A
330
17
100
AcDbEntity
  8
LINES
100
AcDbLine
 10
1029.02
 20
781.06
 30
0.0
 11
1033.05
 21
781.92
 31
0.0
  0
LINE
  5
3B
330
17
100
AcDbEntity
  8
LINES
100
AcDbLine
 10
1033.63
 20
780.91
 30
0.0
 11
1036.36
 21
781.34
 31
0.0
  0
LINE
  5
3C
330
17
100
AcDbEntity
  8
LINES
100
AcDbLine
 10
1039.53
 20
782.78
 30
0.0
 11
1042.55
 21
783.22
 31
0.0
  0
LINE
  5
3D
330
17
100
AcDbEntity
  8
LINES
100
AcDbLine
 10
1040.11
 20
777.89
 30
0.0
 11
1042.7
 21
778.18
 31
0.0
  0
LINE
  5
3E
330
17
100
AcDbEntity
  8
LINES
100
AcDbLine
 10
1041.4
 20
779.33
 30
0.0
 11
1041.4
 21
774.0
 31
0.0
  0
LINE
  5
3F
330
17
100
AcDbEntity
  8
LINES
100
AcDbLine
 10
1039.1
 20
775.3
 30
0.0
 11
1043.85
 21
775.73
 31
0.0
  0
LINE
  5
40
330
17
100
AcDbEntity
  8
LINES
100
AcDbLine
 10
1099.72
 20
778.46
 30
0.0
 11
1099.72
 21
774.58
 31
0.0
  0
LINE
  5
41
330
17
100
AcDbEntity
  8
LINES
100
AcDbLine
 10
1098.28
 20
776.45
 30
0.0
 11
1101.02
 21
776.59
 31
0.0
  0
LINE
  5
42
330
17
100
AcDbEntity
  8
LINES
100
AcDbLine
 10
1133.42
 20
781.49
 30
0.0
 11
1133.42
 21
774.43
 31
0.0
  0
LINE
  5
43
330
17
100
AcDbEntity
  8
LINES
100
AcDbLine
 10
702.14
 20
754.13
 30
0.0
 11
705.45
 21
754.13
 31
0.0
  0
LINE
  5
44
330
17
100
AcDbEntity
  8
LINES
100
AcDbLine
 10
718.7
 20
754.13
 30
0.0
 11
722.01
 21
754.13
 31
0.0
  0
LINE
  5
45
330
17
100
AcDbEntity
  8
LINES
100
AcDbLine
 10
725.32
 20
754.13
 30
0.0
 11
728.63
 21
754.13
 31
0.0
  0
LINE
  5
46
330
17
100
AcDbEntity
  8
LINES
100
AcDbLine
 10
817.91
 20
758.59
 30
0.0
 11
820.65
 21
759.02
 31
0.0
  0
LINE
  5
47
330
17
100
AcDbEntity
  8
LINES
100
AcDbLine
 10
833.61
 20
754.7
 30
0.0
 11
841.53
 21
755.14
 31
0.0
  0
LINE
  5
48
330
17
100
AcDbEntity
  8
LINES
100
AcDbLine
 10
862.84
 20
760.32
 30
0.0
 11
867.59
 21
761.04
 31
0.0
  0
LINE
  5
49
330
17
100
AcDbEntity
  8
LINES
100
AcDbLine
 10
1043.85
 20
764.06
 30
0.0
 11
1043.85
 21
754.13
 31
0.0
  0
LINE
  5
4A
330
17
100
AcDbEntity
  8
LINES
100
AcDbLine
 10
1068.04
 20
754.7
 30
0.0
 11
1075.96
 21
755.14
 31
0.0
  0
LINE
  5
4B
330
17
100
AcDbEntity
  8
LINES
100
AcDbLine
 10
1113.83
 20
758.59
 30
0.0
 11
1116.57
 21
759.02
 31
0.0
  0
LINE
  5
4C
330
17
100
AcDbEntity
  8
LINES
100
AcDbLine
 10
1129.67
 20
754.7
 30
0.0
 11
1137.45
 21
755.14
 31
0.0
  0
LINE
  5
4D
330
17
100
AcDbEntity
  8
LINES
100
AcDbLine
 10
829.15
 20
740.3
 30
0.0
 11
829.15
 21
737.86
 31
0.0
  0
LINE
  5
4E
330
17
100
AcDbEntity
  8
LINES
100
AcDbLine
 10
829.72
 20
736.56
 30
0.0
 11
829.72
 21
734.98
 31
0.0
  0
LINE
  5
4F
330
17
100
AcDbEntity
  8
LINES
100
AcDbLine
 10
826.7
 20
733.54
 30
0.0
 11
827.56
 21
735.41
 31
0.0
  0
LINE
  5
50
330
17
100
AcDbEntity
  8
LINES
100
AcDbLine
 10
828.57
 20
734.69
 30
0.0
 11
829.87
 21
734.98
 31
0.0
  0
LINE
  5
51
330
17
100
AcDbEntity
  8
LINES
100
AcDbLine
 10
828.57
 20
736.13
 30
0.0
 11
829.72
 21
736.42
 31
0.0
  0
LINE
  5
52
330
17
100
AcDbEntity
  8
LINES
100
AcDbLine
 10
828.57
 20
736.7
 30
0.0
 11
828.57
 21
734.26
 31
0.0
  0
LINE
  5
53
330
17
100
AcDbEntity
  8
LINES
100
AcDbLine
 10
828.28
 20
737.57
 30
0.0
 11
830.01
 21
737.86
 31
0.0
  0
LINE
  5
54
330
17
100
AcDbEntity
  8
LINES
100
AcDbLine
 10
828.43
 20
738.86
 30
0.0
 11
829.87
 21
739.01
 31
0.0
  0
LINE
  5
55
330
17
100
AcDbEntity
  8
LINES
100
AcDbLine
 10
827.99
 20
740.74
 30
0.0
 11
830.44
 21
740.88
 31
0.0
  0
LINE
  5
56
330
17
100
AcDbEntity
  8
LINES
100
AcDbLine
 10
826.55
 20
741.17
 30
0.0
 11
827.13
 21
739.44
 31
0.0
  0
LINE
  5
57
330
17
100
AcDbEntity
  8
LINES
100
AcDbLine
 10
826.99
 20
738.43
 30
0.0
 11
826.84
 21
733.54
 31
0.0
  0
LINE
  5
58
330
17
100
AcDbEntity
  8
LINES
100
AcDbLine
 10
825.83
 20
737.86
 30
0.0
 11
826.99
 21
738.14
 31
0.0
  0
LINE
  5
59
330
17
100
AcDbEntity
  8
LINES
100
AcDbLine
 10
833.75
 20
741.6
 30
0.0
 11
834.19
 21
740.02
 31
0.0
  0
LINE
  5
5A
330
17
100
AcDbEntity
  8
LINES
100
AcDbLine
 10
832.6
 20
739.44
 30
0.0
 11
835.91
 21
739.87
 31
0.0
  0
LINE
  5
5B
330
17
100
AcDbEntity
  8
LINES
100
AcDbLine
 10
833.47
 20
739.44
 30
0.0
 11
833.47
 21
736.27
 31
0.0
  0
LINE
  5
5C
330
17
100
AcDbEntity
  8
LINES
100
AcDbLine
 10
833.47
 20
736.56
 30
0.0
 11
834.76
 21
736.85
 31
0.0
  0
LINE
  5
5D
330
17
100
AcDbEntity
  8
LINES
100
AcDbLine
 10
834.62
 20
736.85
 30
0.0
 11
834.76
 21
739.44
 31
0.0
  0
LINE
  5
5E
330
17
100
AcDbEntity
  8
LINES
100
AcDbLine
 10
833.18
 20
735.55
 30
0.0
 11
834.91
 21
735.84
 31
0.0
  0
LINE
  5
5F
330
17
100
AcDbEntity
  8
LINES
100
AcDbLine
 10
834.04
 20
733.82
 30
0.0
 11
832.03
 21
732.1
 31
0.0
  0
LINE
  5
60
330
17
100
AcDbEntity
  8
LINES
100
AcDbLine
 10
832.6
 20
737.71
 30
0.0
 11
835.91
 21
738.14
 31
0.0
  0
LINE
  5
61
330
17
100
AcDbEntity
  8
LINES
100
AcDbLine
 10
837.93
 20
741.46
 30
0.0
 11
837.93
 21
736.7
 31
0.0
  0
LINE
  5
62
330
17
100
AcDbEntity
  8
LINES
100
AcDbLine
 10
836.63
 20
738.58
 30
0.0
 11
839.08
 21
739.01
 31
0.0
  0
LINE
  5
63
330
17
100
AcDbEntity
  8
LINES
100
AcDbLine
 10
838.65
 20
740.88
 30
0.0
 11
838.36
 21
738.86
 31
0.0
  0
LINE
  5
64
330
17
100
AcDbEntity
  8
LINES
100
AcDbLine
 10
837.07
 20
740.59
 30
0.0
 11
837.5
 21
739.15
 31
0.0
  0
LINE
  5
65
330
17
100
AcDbEntity
  8
LINES
100
AcDbLine
 10
837.93
 20
738.72
 30
0.0
 11
836.49
 21
735.84
 31
0.0
  0
LINE
  5
66
330
17
100
AcDbEntity
  8
LINES
100
AcDbLine
 10
837.93
 20
738.43
 30
0.0
 11
838.79
 21
737.14
 31
0.0
  0
LINE
  5
67
330
17
100
AcDbEntity
  8
LINES
100
AcDbLine
 10
836.63
 20
735.26
 30
0.0
 11
838.51
 21
735.84
 31
0.0
  0
LINE
  5
68
330
17
100
AcDbEntity
  8
LINES
100
AcDbLine
 10
839.23
 20
738.29
 30
0.0
 11
840.81
 21
738.58
 31
0.0
  0
LINE
  5
69
330
17
100
AcDbEntity
  8
LINES
100
AcDbLine
 10
845.85
 20
735.41
 30
0.0
 11
844.41
 21
734.98
 31
0.0
  0
LINE
  5
6A
330
17
100
AcDbEntity
  8
LINES
100
AcDbLine
 10
844.99
 20
738.72
 30
0.0
 11
844.99
 21
735.12
 31
0.0
  0
LINE
  5
6B
330
17
100
AcDbEntity
  8
LINES
100
AcDbLine
 10
845.71
 20
740.59
 30
0.0
 11
844.12
 21
740.16
 31
0.0
  0
LINE
  5
6C
330
17
100
AcDbEntity
  8
LINES
100
AcDbLine
 10
845.56
 20
738.86
 30
0.0
 11
845.71
 21
740.88
 31
0.0
  0
LINE
  5
6D
330
17
100
AcDbEntity
  8
LINES
100
AcDbLine
 10
845.85
 20
738.86
 30
0.0
 11
844.12
 21
738.43
 31
0.0
  0
LINE
  5
6E
330
17
100
AcDbEntity
  8
LINES
100
AcDbLine
 10
844.12
 20
736.7
 30
0.0
 11
846.28
 21
737.28
 31
0.0
  0
LINE
  5
6F
330
17
100
AcDbEntity
  8
LINES
100
AcDbLine
 10
845.85
 20
733.25
 30
0.0
 11
845.85
 21
735.55
 31
0.0
  0
LINE
  5
70
330
17
100
AcDbEntity
  8
LINES
100
AcDbLine
 10
844.41
 20
733.1
 30
0.0
 11
845.99
 21
733.25
 31
0.0
  0
LINE
  5
71
330
17
100
AcDbEntity
  8
LINES
100
AcDbLine
 10
844.41
 20
735.41
 30
0.0
 11
844.41
 21
732.53
 31
0.0
  0
LINE
  5
72
330
17
100
AcDbEntity
  8
LINES
100
AcDbLine
 10
843.83
 20
737.57
 30
0.0
 11
842.25
 21
735.98
 31
0.0
  0
LINE
  5
73
330
17
100
AcDbEntity
  8
LINES
100
AcDbLine
 10
842.39
 20
738.43
 30
0.0
 11
843.83
 21
739.01
 31
0.0
  0
LINE
  5
74
330
17
100
AcDbEntity
  8
LINES
100
AcDbLine
 10
847.72
 20
741.31
 30
0.0
 11
847.72
 21
733.25
 31
0.0
  0
LINE
  5
75
330
17
100
AcDbEntity
  8
LINES
100
AcDbLine
 10
847.72
 20
740.59
 30
0.0
 11
851.03
 21
741.02
 31
0.0
  0
LINE
  5
76
330
17
100
AcDbEntity
  8
LINES
100
AcDbLine
 10
849.16
 20
739.58
 30
0.0
 11
848.01
 21
735.26
 31
0.0
  0
LINE
  5
77
330
17
100
AcDbEntity
  8
LINES
100
AcDbLine
 10
848.3
 20
739.01
 30
0.0
 11
849.31
 21
736.42
 31
0.0
  0
LINE
  5
78
330
17
100
AcDbEntity
  8
LINES
100
AcDbLine
 10
850.46
 20
739.87
 30
0.0
 11
849.16
 21
734.98
 31
0.0
  0
LINE
  5
79
330
17
100
AcDbEntity
  8
LINES
100
AcDbLine
 10
849.59
 20
739.01
 30
0.0
 11
850.6
 21
735.84
 31
0.0
  0
LINE
  5
7A
330
17
100
AcDbEntity
  8
LINES
100
AcDbLine
 10
855.5
 20
739.44
 30
0.0
 11
855.35
 21
737.86
 31
0.0
  0
LINE
  5
7B
330
17
100
AcDbEntity
  8
LINES
100
AcDbLine
 10
854.2
 20
739.3
 30
0.0
 11
854.49
 21
738.0
 31
0.0
  0
LINE
  5
7C
330
17
100
AcDbEntity
  8
LINES
100
AcDbLine
 10
855.5
 20
737.86
 30
0.0
 11
855.5
 21
732.67
 31
0.0
  0
LINE
  5
7D
330
17
100
AcDbEntity
  8
LINES
100
AcDbLine
 10
853.48
 20
735.84
 30
0.0
 11
856.94
 21
736.27
 31
0.0
  0
LINE
  5
7E
330
17
100
AcDbEntity
  8
LINES
100
AcDbLine
 10
853.77
 20
737.57
 30
0.0
 11
856.36
 21
738.0
 31
0.0
  0
LINE
  5
7F
330
17
100
AcDbEntity
  8
LINES
100
AcDbLine
 10
855.93
 20
739.87
 30
0.0
 11
856.07
 21
741.46
 31
0.0
  0
LINE
  5
80
330
17
100
AcDbEntity
  8
LINES
100
AcDbLine
 10
853.63
 20
739.44
 30
0.0
 11
856.07
 21
739.87
 31
0.0
  0
LINE
  5
81
330
17
100
AcDbEntity
  8
LINES
100
AcDbLine
 10
853.63
 20
740.74
 30
0.0
 11
855.93
 21
741.17
 31
0.0
  0
LINE
  5
82
330
17
100
AcDbEntity
  8
LINES
100
AcDbLine
 10
1035.5
 20
732.53
 30
0.0
 11
1038.23
 21
732.53
 31
0.0
  0
LINE
  5
83
330
17
100
AcDbEntity
  8
LINES
100
AcDbLine
 10
1068.04
 20
732.96
 30
0.0
 11
1075.96
 21
733.39
 31
0.0
  0
LINE
  5
84
330
17
100
AcDbEntity
  8
LINES
100
AcDbLine
 10
1113.83
 20
736.85
 30
0.0
 11
1116.57
 21
737.28
 31
0.0
  0
LINE
  5
85
330
17
100
AcDbEntity
  8
LINES
100
AcDbLine
 10
1129.67
 20
732.96
 30
0.0
 11
1137.45
 21
733.39
 31
0.0
  0
LINE
  5
86
330
17
100
AcDbEntity
  8
LINES
100
AcDbLine
 10
827.42
 20
718.56
 30
0.0
 11
827.42
 21
716.11
 31
0.0
  0
LINE
  5
87
330
17
100
AcDbEntity
  8
LINES
100
AcDbLine
 10
827.99
 20
714.82
 30
0.0
 11
827.99
 21
713.38
 31
0.0
  0
LINE
  5
88
330
17
100
AcDbEntity
  8
LINES
100
AcDbLine
 10
824.97
 20
711.79
 30
0.0
 11
825.98
 21
713.66
 31
0.0
  0
LINE
  5
89
330
17
100
AcDbEntity
  8
LINES
100
AcDbLine
 10
826.84
 20
712.94
 30
0.0
 11
828.14
 21
713.23
 31
0.0
  0
LINE
  5
8A
330
17
100
AcDbEntity
  8
LINES
100
AcDbLine
 10
826.84
 20
714.38
 30
0.0
 11
827.99
 21
714.67
 31
0.0
  0
LINE
  5
8B
330
17
100
AcDbEntity
  8
LINES
100
AcDbLine
 10
826.84
 20
714.96
 30
0.0
 11
826.84
 21
712.51
 31
0.0
  0
LINE
  5
8C
330
17
100
AcDbEntity
  8
LINES
100
AcDbLine
 10
826.7
 20
715.97
 30
0.0
 11
828.28
 21
716.11
 31
0.0
  0
LINE
  5
8D
330
17
100
AcDbEntity
  8
LINES
100
AcDbLine
 10
826.7
 20
717.12
 30
0.0
 11
828.28
 21
717.41
 31
0.0
  0
LINE
  5
8E
330
17
100
AcDbEntity
  8
LINES
100
AcDbLine
 10
826.27
 20
718.99
 30
0.0
 11
828.71
 21
719.14
 31
0.0
  0
LINE
  5
8F
330
17
100
AcDbEntity
  8
LINES
100
AcDbLine
 10
824.83
 20
719.42
 30
0.0
 11
825.55
 21
717.7
 31
0.0
  0
LINE
  5
90
330
17
100
AcDbEntity
  8
LINES
100
AcDbLine
 10
825.26
 20
716.69
 30
0.0
 11
825.11
 21
711.94
 31
0.0
  0
LINE
  5
91
330
17
100
AcDbEntity
  8
LINES
100
AcDbLine
 10
824.11
 20
716.11
 30
0.0
 11
825.26
 21
716.4
 31
0.0
  0
LINE
  5
92
330
17
100
AcDbEntity
  8
LINES
100
AcDbLine
 10
832.03
 20
720.0
 30
0.0
 11
832.46
 21
718.27
 31
0.0
  0
LINE
  5
93
330
17
100
AcDbEntity
  8
LINES
100
AcDbLine
 10
830.87
 20
717.7
 30
0.0
 11
834.19
 21
718.13
 31
0.0
  0
LINE
  5
94
330
17
100
AcDbEntity
  8
LINES
100
AcDbLine
 10
831.74
 20
717.7
 30
0.0
 11
831.74
 21
714.53
 31
0.0
  0
LINE
  5
95
330
17
100
AcDbEntity
  8
LINES
100
AcDbLine
 10
831.74
 20
714.82
 30
0.0
 11
833.03
 21
715.1
 31
0.0
  0
LINE
  5
96
330
17
100
AcDbEntity
  8
LINES
100
AcDbLine
 10
832.89
 20
715.1
 30
0.0
 11
833.03
 21
717.7
 31
0.0
  0
LINE
  5
97
330
17
100
AcDbEntity
  8
LINES
100
AcDbLine
 10
831.59
 20
713.81
 30
0.0
 11
833.18
 21
714.1
 31
0.0
  0
LINE
  5
98
330
17
100
AcDbEntity
  8
LINES
100
AcDbLine
 10
832.31
 20
712.08
 30
0.0
 11
830.3
 21
710.35
 31
0.0
  0
LINE
  5
99
330
17
100
AcDbEntity
  8
LINES
100
AcDbLine
 10
831.02
 20
715.97
 30
0.0
 11
834.19
 21
716.4
 31
0.0
  0
LINE
  5
9A
330
17
100
AcDbEntity
  8
LINES
100
AcDbLine
 10
836.2
 20
719.71
 30
0.0
 11
836.2
 21
714.96
 31
0.0
  0
LINE
  5
9B
330
17
100
AcDbEntity
  8
LINES
100
AcDbLine
 10
835.05
 20
716.83
 30
0.0
 11
837.35
 21
717.26
 31
0.0
  0
LINE
  5
9C
330
17
100
AcDbEntity
  8
LINES
100
AcDbLine
 10
836.92
 20
719.14
 30
0.0
 11
836.63
 21
717.12
 31
0.0
  0
LINE
  5
9D
330
17
100
AcDbEntity
  8
LINES
100
AcDbLine
 10
835.34
 20
718.85
 30
0.0
 11
835.77
 21
717.41
 31
0.0
  0
LINE
  5
9E
330
17
100
AcDbEntity
  8
LINES
100
AcDbLine
 10
836.2
 20
716.98
 30
0.0
 11
834.76
 21
714.1
 31
0.0
  0
LINE
  5
9F
330
17
100
AcDbEntity
  8
LINES
100
AcDbLine
 10
836.2
 20
716.69
 30
0.0
 11
837.07
 21
715.39
 31
0.0
  0
LINE
  5
A0
330
17
100
AcDbEntity
  8
LINES
100
AcDbLine
 10
835.05
 20
713.52
 30
0.0
 11
836.78
 21
714.1
 31
0.0
  0
LINE
  5
A1
330
17
100
AcDbEntity
  8
LINES
100
AcDbLine
 10
837.5
 20
716.54
 30
0.0
 11
839.08
 21
716.83
 31
0.0
  0
LINE
  5
A2
330
17
100
AcDbEntity
  8
LINES
100
AcDbLine
 10
844.12
 20
713.66
 30
0.0
 11
842.83
 21
713.38
 31
0.0
  0
LINE
  5
A3
330
17
100
AcDbEntity
  8
LINES
100
AcDbLine
 10
843.4
 20
716.98
 30
0.0
 11
843.4
 21
713.38
 31
0.0
  0
LINE
  5
A4
330
17
100
AcDbEntity
  8
LINES
100
AcDbLine
 10
843.98
 20
718.85
 30
0.0
 11
842.39
 21
718.42
 31
0.0
  0
LINE
  5
A5
330
17
100
AcDbEntity
  8
LINES
100
AcDbLine
 10
843.98
 20
717.12
 30
0.0
 11
843.98
 21
719.14
 31
0.0
  0
LINE
  5
A6
330
17
100
AcDbEntity
  8
LINES
100
AcDbLine
 10
844.12
 20
717.12
 30
0.0
 11
842.39
 21
716.69
 31
0.0
  0
LINE
  5
A7
330
17
100
AcDbEntity
  8
LINES
100
AcDbLine
 10
842.39
 20
714.96
 30
0.0
 11
844.55
 21
715.54
 31
0.0
  0
LINE
  5
A8
330
17
100
AcDbEntity
  8
LINES
100
AcDbLine
 10
844.12
 20
711.5
 30
0.0
 11
844.12
 21
713.81
 31
0.0
  0
LINE
  5
A9
330
17
100
AcDbEntity
  8
LINES
100
AcDbLine
 10
842.83
 20
711.36
 30
0.0
 11
844.27
 21
711.5
 31
0.0
  0
LINE
  5
AA
330
17
100
AcDbEntity
  8
LINES
100
AcDbLine
 10
842.83
 20
713.66
 30
0.0
 11
842.83
 21
710.78
 31
0.0
  0
LINE
  5
AB
330
17
100
AcDbEntity
  8
LINES
100
AcDbLine
 10
842.11
 20
715.82
 30
0.0
 11
840.52
 21
714.24
 31
0.0
  0
LINE
  5
AC
330
17
100
AcDbEntity
  8
LINES
100
AcDbLine
 10
840.67
 20
716.69
 30
0.0
 11
842.25
 21
717.26
 31
0.0
  0
LINE
  5
AD
330
17
100
AcDbEntity
  8
LINES
100
AcDbLine
 10
846.14
 20
719.57
 30
0.0
 11
846.14
 21
711.5
 31
0.0
  0
LINE
  5
AE
330
17
100
AcDbEntity
  8
LINES
100
AcDbLine
 10
846.14
 20
718.85
 30
0.0
 11
849.45
 21
719.28
 31
0.0
  0
LINE
  5
AF
330
17
100
AcDbEntity
  8
LINES
100
AcDbLine
 10
847.43
 20
717.84
 30
0.0
 11
846.28
 21
713.52
 31
0.0
  0
LINE
  5
B0
330
17
100
AcDbEntity
  8
LINES
100
AcDbLine
 10
846.57
 20
717.26
 30
0.0
 11
847.58
 21
714.67
 31
0.0
  0
LINE
  5
B1
330
17
100
AcDbEntity
  8
LINES
100
AcDbLine
 10
848.73
 20
718.13
 30
0.0
 11
847.43
 21
713.23
 31
0.0
  0
LINE
  5
B2
330
17
100
AcDbEntity
  8
LINES
100
AcDbLine
 10
847.87
 20
717.26
 30
0.0
 11
848.87
 21
714.1
 31
0.0
  0
LINE
  5
B3
330
17
100
AcDbEntity
  8
LINES
100
AcDbLine
 10
853.91
 20
717.7
 30
0.0
 11
853.63
 21
716.11
 31
0.0
  0
LINE
  5
B4
330
17
100
AcDbEntity
  8
LINES
100
AcDbLine
 10
852.47
 20
717.55
 30
0.0
 11
852.76
 21
716.26
 31
0.0
  0
LINE
  5
B5
330
17
100
AcDbEntity
  8
LINES
100
AcDbLine
 10
853.91
 20
716.11
 30
0.0
 11
853.91
 21
710.93
 31
0.0
  0
LINE
  5
B6
330
17
100
AcDbEntity
  8
LINES
100
AcDbLine
 10
851.75
 20
714.1
 30
0.0
 11
855.21
 21
714.53
 31
0.0
  0
LINE
  5
B7
330
17
100
AcDbEntity
  8
LINES
100
AcDbLine
 10
852.04
 20
715.82
 30
0.0
 11
854.63
 21
716.26
 31
0.0
  0
LINE
  5
B8
330
17
100
AcDbEntity
  8
LINES
100
AcDbLine
 10
854.2
 20
718.13
 30
0.0
 11
854.35
 21
719.71
 31
0.0
  0
LINE
  5
B9
330
17
100
AcDbEntity
  8
LINES
100
AcDbLine
 10
851.9
 20
717.7
 30
0.0
 11
854.49
 21
718.13
 31
0.0
  0
LINE
  5
BA
330
17
100
AcDbEntity
  8
LINES
100
AcDbLine
 10
851.9
 20
718.99
 30
0.0
 11
854.2
 21
719.42
 31
0.0
  0
LINE
  5
BB
330
17
100
AcDbEntity
  8
LINES
100
AcDbLine
 10
1035.5
 20
710.78
 30
0.0
 11
1038.23
 21
710.78
 31
0.0
  0
LINE
  5
BC
330
17
100
AcDbEntity
  8
LINES
100
AcDbLine
 10
1068.04
 20
711.22
 30
0.0
 11
1075.96
 21
711.65
 31
0.0
  0
LINE
  5
BD
330
17
100
AcDbEntity
  8
LINES
100
AcDbLine
 10
1113.83
 20
715.1
 30
0.0
 11
1116.57
 21
715.54
 31
0.0
  0
LINE
  5
BE
330
17
100
AcDbEntity
  8
LINES
100
AcDbLine
 10
1129.67
 20
711.22
 30
0.0
 11
1137.45
 21
711.65
 31
0.0
  0
LINE
  5
BF
330
17
100
AcDbEntity
  8
LINES
100
AcDbLine
 10
841.39
 20
696.67
 30
0.0
 11
841.39
 21
691.2
 31
0.0
  0
LINE
  5
C0
330
17
100
AcDbEntity
  8
LINES
100
AcDbLine
 10
841.39
 20
695.66
 30
0.0
 11
844.41
 21
696.1
 31
0.0
  0
LINE
  5
C1
330
17
100
AcDbEntity
  8
LINES
100
AcDbLine
 10
844.55
 20
696.38
 30
0.0
 11
844.12
 21
692.5
 31
0.0
  0
LINE
  5
C2
330
17
100
AcDbEntity
  8
LINES
100
AcDbLine
 10
844.27
 20
692.5
 30
0.0
 11
841.39
 21
692.06
 31
0.0
  0
LINE
  5
C3
330
17
100
AcDbEntity
  8
LINES
100
AcDbLine
 10
841.82
 20
694.08
 30
0.0
 11
843.69
 21
694.37
 31
0.0
  0
LINE
  5
C4
330
17
100
AcDbEntity
  8
LINES
100
AcDbLine
 10
850.75
 20
690.34
 30
0.0
 11
850.03
 21
691.63
 31
0.0
  0
LINE
  5
C5
330
17
100
AcDbEntity
  8
LINES
100
AcDbLine
 10
848.73
 20
691.63
 30
0.0
 11
847.72
 21
689.33
 31
0.0
  0
LINE
  5
C6
330
17
100
AcDbEntity
  8
LINES
100
AcDbLine
 10
849.31
 20
696.82
 30
0.0
 11
849.16
 21
695.23
 31
0.0
  0
LINE
  5
C7
330
17
100
AcDbEntity
  8
LINES
100
AcDbLine
 10
848.73
 20
693.94
 30
0.0
 11
849.88
 21
694.22
 31
0.0
  0
LINE
  5
C8
330
17
100
AcDbEntity
  8
LINES
100
AcDbLine
 10
850.17
 20
693.07
 30
0.0
 11
848.73
 21
692.78
 31
0.0
  0
LINE
  5
C9
330
17
100
AcDbEntity
  8
LINES
100
AcDbLine
 10
850.31
 20
695.66
 30
0.0
 11
850.03
 21
693.07
 31
0.0
  0
LINE
  5
CA
330
17
100
AcDbEntity
  8
LINES
100
AcDbLine
 10
848.73
 20
695.09
 30
0.0
 11
850.17
 21
695.38
 31
0.0
  0
LINE
  5
CB
330
17
100
AcDbEntity
  8
LINES
100
AcDbLine
 10
848.73
 20
695.66
 30
0.0
 11
848.73
 21
692.35
 31
0.0
  0
LINE
  5
CC
330
17
100
AcDbEntity
  8
LINES
100
AcDbLine
 10
848.15
 20
696.82
 30
0.0
 11
850.6
 21
697.25
 31
0.0
  0
LINE
  5
CD
330
17
100
AcDbEntity
  8
LINES
100
AcDbLine
 10
846.57
 20
697.25
 30
0.0
 11
847.29
 21
696.1
 31
0.0
  0
LINE
  5
CE
330
17
100
AcDbEntity
  8
LINES
100
AcDbLine
 10
846.57
 20
690.05
 30
0.0
 11
847.43
 21
695.09
 31
0.0
  0
LINE
  5
CF
330
17
100
AcDbEntity
  8
LINES
100
AcDbLine
 10
845.85
 20
695.23
 30
0.0
 11
846.57
 21
693.94
 31
0.0
  0
LINE
  5
D0
330
17
100
AcDbEntity
  8
LINES
100
AcDbLine
 10
845.99
 20
691.06
 30
0.0
 11
846.57
 21
690.34
 31
0.0
  0
LINE
  5
D1
330
17
100
AcDbEntity
  8
LINES
100
AcDbLine
 10
846.57
 20
690.05
 30
0.0
 11
847.43
 21
694.51
 31
0.0
  0
LINE
  5
D2
330
17
100
AcDbEntity
  8
LINES
100
AcDbLine
 10
847.0
 20
689.33
 30
0.0
 11
847.58
 21
691.78
 31
0.0
  0
LINE
  5
D3
330
17
100
AcDbEntity
  8
LINES
100
AcDbLine
 10
851.9
 20
697.1
 30
0.0
 11
853.91
 21
697.54
 31
0.0
  0
LINE
  5
D4
330
17
100
AcDbEntity
  8
LINES
100
AcDbLine
 10
854.49
 20
692.35
 30
0.0
 11
855.79
 21
690.19
 31
0.0
  0
LINE
  5
D5
330
17
100
AcDbEntity
  8
LINES
100
AcDbLine
 10
853.19
 20
692.5
 30
0.0
 11
851.61
 21
689.76
 31
0.0
  0
LINE
  5
D6
330
17
100
AcDbEntity
  8
LINES
100
AcDbLine
 10
854.35
 20
694.66
 30
0.0
 11
855.5
 21
692.64
 31
0.0
  0
LINE
  5
D7
330
17
100
AcDbEntity
  8
LINES
100
AcDbLine
 10
852.33
 20
693.07
 30
0.0
 11
854.92
 21
693.5
 31
0.0
  0
LINE
  5
D8
330
17
100
AcDbEntity
  8
LINES
100
AcDbLine
 10
853.91
 20
697.54
 30
0.0
 11
855.07
 21
698.26
 31
0.0
  0
LINE
  5
D9
330
17
100
AcDbEntity
  8
LINES
100
AcDbLine
 10
854.78
 20
696.67
 30
0.0
 11
852.62
 21
693.07
 31
0.0
  0
LINE
  5
DA
330
17
100
AcDbEntity
  8
LINES
100
AcDbLine
 10
853.91
 20
697.54
 30
0.0
 11
852.47
 21
695.09
 31
0.0
  0
LINE
  5
DB
330
17
100
AcDbEntity
  8
LINES
100
AcDbLine
 10
852.33
 20
694.94
 30
0.0
 11
853.91
 21
695.38
 31
0.0
  0
LINE
  5
DC
330
17
100
AcDbEntity
  8
LINES
100
AcDbLine
 10
857.66
 20
697.82
 30
0.0
 11
856.65
 21
694.8
 31
0.0
  0
LINE
  5
DD
330
17
100
AcDbEntity
  8
LINES
100
AcDbLine
 10
858.09
 20
695.66
 30
0.0
 11
856.65
 21
692.35
 31
0.0
  0
LINE
  5
DE
330
17
100
AcDbEntity
  8
LINES
100
AcDbLine
 10
856.65
 20
692.21
 30
0.0
 11
858.09
 21
693.07
 31
0.0
  0
LINE
  5
DF
330
17
100
AcDbEntity
  8
LINES
100
AcDbLine
 10
858.09
 20
691.49
 30
0.0
 11
856.51
 21
690.19
 31
0.0
  0
LINE
  5
E0
330
17
100
AcDbEntity
  8
LINES
100
AcDbLine
 10
857.66
 20
694.94
 30
0.0
 11
856.51
 21
694.66
 31
0.0
  0
LINE
  5
E1
330
17
100
AcDbEntity
  8
LINES
100
AcDbLine
 10
859.24
 20
698.11
 30
0.0
 11
859.82
 21
696.82
 31
0.0
  0
LINE
  5
E2
330
17
100
AcDbEntity
  8
LINES
100
AcDbLine
 10
858.52
 20
695.95
 30
0.0
 11
861.11
 21
696.38
 31
0.0
  0
LINE
  5
E3
330
17
100
AcDbEntity
  8
LINES
100
AcDbLine
 10
859.67
 20
695.66
 30
0.0
 11
858.67
 21
693.65
 31
0.0
  0
LINE
  5
E4
330
17
100
AcDbEntity
  8
LINES
100
AcDbLine
 10
858.52
 20
693.5
 30
0.0
 11
860.39
 21
694.08
 31
0.0
  0
LINE
  5
E5
330
17
100
AcDbEntity
  8
LINES
100
AcDbLine
 10
860.68
 20
693.5
 30
0.0
 11
860.11
 21
695.09
 31
0.0
  0
LINE
  5
E6
330
17
100
AcDbEntity
  8
LINES
100
AcDbLine
 10
865.0
 20
696.1
 30
0.0
 11
864.71
 21
694.37
 31
0.0
  0
LINE
  5
E7
330
17
100
AcDbEntity
  8
LINES
100
AcDbLine
 10
863.56
 20
695.81
 30
0.0
 11
863.85
 21
694.51
 31
0.0
  0
LINE
  5
E8
330
17
100
AcDbEntity
  8
LINES
100
AcDbLine
 10
865.0
 20
694.37
 30
0.0
 11
865.0
 21
689.18
 31
0.0
  0
LINE
  5
E9
330
17
100
AcDbEntity
  8
LINES
100
AcDbLine
 10
862.84
 20
692.35
 30
0.0
 11
866.3
 21
692.78
 31
0.0
  0
LINE
  5
EA
330
17
100
AcDbEntity
  8
LINES
100
AcDbLine
 10
863.13
 20
694.08
 30
0.0
 11
865.87
 21
694.51
 31
0.0
  0
LINE
  5
EB
330
17
100
AcDbEntity
  8
LINES
100
AcDbLine
 10
865.29
 20
696.38
 30
0.0
 11
865.43
 21
697.97
 31
0.0
  0
LINE
  5
EC
330
17
100
AcDbEntity
  8
LINES
100
AcDbLine
 10
862.99
 20
696.1
 30
0.0
 11
865.58
 21
696.38
 31
0.0
  0
LINE
  5
ED
330
17
100
AcDbEntity
  8
LINES
100
AcDbLine
 10
862.99
 20
697.25
 30
0.0
 11
865.43
 21
697.68
 31
0.0
  0
LINE
  5
EE
330
17
100
AcDbEntity
  8
LINES
100
AcDbLine
 10
1035.5
 20
689.04
 30
0.0
 11
1038.23
 21
689.04
 31
0.0
  0
LINE
  5
EF
330
17
100
AcDbEntity
  8
LINES
100
AcDbLine
 10
1068.04
 20
689.62
 30
0.0
 11
1075.96
 21
689.9
 31
0.0
  0
LINE
  5
F0
330
17
100
AcDbEntity
  8
LINES
100
AcDbLine
 10
1113.83
 20
693.36
 30
0.0
 11
1116.57
 21
693.79
 31
0.0
  0
LINE
  5
F1
330
17
100
AcDbEntity
  8
LINES
100
AcDbLine
 10
1129.67
 20
689.62
 30
0.0
 11
1137.45
 21
689.9
 31
0.0
  0
LINE
  5
F2
330
17
100
AcDbEntity
  8
LINES
100
AcDbLine
 10
839.66
 20
674.93
 30
0.0
 11
839.66
 21
669.6
 31
0.0
  0
LINE
  5
F3
330
17
100
AcDbEntity
  8
LINES
100
AcDbLine
 10
839.66
 20
673.92
 30
0.0
 11
842.83
 21
674.35
 31
0.0
  0
LINE
  5
F4
330
17
100
AcDbEntity
  8
LINES
100
AcDbLine
 10
842.83
 20
674.64
 30
0.0
 11
842.39
 21
670.75
 31
0.0
  0
LINE
  5
F5
330
17
100
AcDbEntity
  8
LINES
100
AcDbLine
 10
842.54
 20
670.75
 30
0.0
 11
839.66
 21
670.32
 31
0.0
  0
LINE
  5
F6
330
17
100
AcDbEntity
  8
LINES
100
AcDbLine
 10
840.09
 20
672.34
 30
0.0
 11
841.96
 21
672.62
 31
0.0
  0
LINE
  5
F7
330
17
100
AcDbEntity
  8
LINES
100
AcDbLine
 10
849.02
 20
668.59
 30
0.0
 11
848.3
 21
669.89
 31
0.0
  0
LINE
  5
F8
330
17
100
AcDbEntity
  8
LINES
100
AcDbLine
 10
847.0
 20
669.89
 30
0.0
 11
846.14
 21
667.58
 31
0.0
  0
LINE
  5
F9
330
17
100
AcDbEntity
  8
LINES
100
AcDbLine
 10
847.72
 20
675.07
 30
0.0
 11
847.43
 21
673.63
 31
0.0
  0
LINE
  5
FA
330
17
100
AcDbEntity
  8
LINES
100
AcDbLine
 10
847.0
 20
672.19
 30
0.0
 11
848.15
 21
672.48
 31
0.0
  0
LINE
  5
FB
330
17
100
AcDbEntity
  8
LINES
100
AcDbLine
 10
848.44
 20
671.33
 30
0.0
 11
847.0
 21
671.04
 31
0.0
  0
LINE
  5
FC
330
17
100
AcDbEntity
  8
LINES
100
AcDbLine
 10
848.59
 20
673.92
 30
0.0
 11
848.44
 21
671.33
 31
0.0
  0
LINE
  5
FD
330
17
100
AcDbEntity
  8
LINES
100
AcDbLine
 10
847.0
 20
673.34
 30
0.0
 11
848.44
 21
673.63
 31
0.0
  0
LINE
  5
FE
330
17
100
AcDbEntity
  8
LINES
100
AcDbLine
 10
847.0
 20
673.92
 30
0.0
 11
847.0
 21
670.61
 31
0.0
  0
LINE
  5
FF
330
17
100
AcDbEntity
  8
LINES
100
AcDbLine
 10
846.43
 20
675.07
 30
0.0
 11
848.87
 21
675.5
 31
0.0
  0
LINE
  5
100
330
17
100
AcDbEntity
  8
LINES
100
AcDbLine
 10
844.99
 20
675.5
 30
0.0
 11
845.56
 21
674.35
 31
0.0
  0
LINE
  5
101
330
17
100
AcDbEntity
  8
LINES
100
AcDbLine
 10
844.84
 20
668.3
 30
0.0
 11
845.71
 21
673.34
 31
0.0
  0
LINE
  5
102
330
17
100
AcDbEntity
  8
LINES
100
AcDbLine
 10
844.12
 20
673.49
 30
0.0
 11
844.99
 21
672.19
 31
0.0
  0
LINE
  5
103
330
17
100
AcDbEntity
  8
LINES
100
AcDbLine
 10
844.41
 20
669.31
 30
0.0
 11
844.84
 21
668.59
 31
0.0
  0
LINE
  5
104
330
17
100
AcDbEntity
  8
LINES
100
AcDbLine
 10
844.84
 20
668.3
 30
0.0
 11
845.71
 21
672.91
 31
0.0
  0
LINE
  5
105
330
17
100
AcDbEntity
  8
LINES
100
AcDbLine
 10
845.27
 20
667.58
 30
0.0
 11
845.85
 21
670.03
 31
0.0
  0
LINE
  5
106
330
17
100
AcDbEntity
  8
LINES
100
AcDbLine
 10
850.17
 20
675.36
 30
0.0
 11
852.19
 21
675.79
 31
0.0
  0
LINE
  5
107
330
17
100
AcDbEntity
  8
LINES
100
AcDbLine
 10
852.76
 20
670.61
 30
0.0
 11
854.06
 21
668.45
 31
0.0
  0
LINE
  5
108
330
17
100
AcDbEntity
  8
LINES
100
AcDbLine
 10
851.47
 20
670.75
 30
0.0
 11
849.88
 21
668.16
 31
0.0
  0
LINE
  5
109
330
17
100
AcDbEntity
  8
LINES
100
AcDbLine
 10
852.76
 20
672.91
 30
0.0
 11
853.77
 21
670.9
 31
0.0
  0
LINE
  5
10A
330
17
100
AcDbEntity
  8
LINES
100
AcDbLine
 10
850.6
 20
671.33
 30
0.0
 11
853.19
 21
671.76
 31
0.0
  0
LINE
  5
10B
330
17
100
AcDbEntity
  8
LINES
100
AcDbLine
 10
852.19
 20
675.79
 30
0.0
 11
853.34
 21
676.51
 31
0.0
  0
LINE
  5
10C
330
17
100
AcDbEntity
  8
LINES
100
AcDbLine
 10
853.05
 20
674.93
 30
0.0
 11
850.89
 21
671.33
 31
0.0
  0
LINE
  5
10D
330
17
100
AcDbEntity
  8
LINES
100
AcDbLine
 10
852.33
 20
675.79
 30
0.0
 11
850.75
 21
673.34
 31
0.0
  0
LINE
  5
10E
330
17
100
AcDbEntity
  8
LINES
100
AcDbLine
 10
850.6
 20
673.2
 30
0.0
 11
852.33
 21
673.63
 31
0.0
  0
LINE
  5
10F
330
17
100
AcDbEntity
  8
LINES
100
AcDbLine
 10
855.93
 20
676.08
 30
0.0
 11
855.07
 21
673.06
 31
0.0
  0
LINE
  5
110
330
17
100
AcDbEntity
  8
LINES
100
AcDbLine
 10
856.36
 20
673.92
 30
0.0
 11
855.07
 21
670.61
 31
0.0
  0
LINE
  5
111
330
17
100
AcDbEntity
  8
LINES
100
AcDbLine
 10
854.92
 20
670.46
 30
0.0
 11
856.36
 21
671.33
 31
0.0
  0
LINE
  5
112
330
17
100
AcDbEntity
  8
LINES
100
AcDbLine
 10
856.36
 20
669.74
 30
0.0
 11
854.78
 21
668.45
 31
0.0
  0
LINE
  5
113
330
17
100
AcDbEntity
  8
LINES
100
AcDbLine
 10
855.93
 20
673.2
 30
0.0
 11
854.78
 21
672.91
 31
0.0
  0
LINE
  5
114
330
17
100
AcDbEntity
  8
LINES
100
AcDbLine
 10
857.51
 20
676.37
 30
0.0
 11
858.09
 21
675.07
 31
0.0
  0
LINE
  5
115
330
17
100
AcDbEntity
  8
LINES
100
AcDbLine
 10
856.79
 20
674.21
 30
0.0
 11
859.53
 21
674.64
 31
0.0
  0
LINE
  5
116
330
17
100
AcDbEntity
  8
LINES
100
AcDbLine
 10
857.95
 20
673.92
 30
0.0
 11
856.94
 21
671.9
 31
0.0
  0
LINE
  5
117
330
17
100
AcDbEntity
  8
LINES
100
AcDbLine
 10
856.79
 20
671.76
 30
0.0
 11
858.67
 21
672.34
 31
0.0
  0
LINE
  5
118
330
17
100
AcDbEntity
  8
LINES
100
AcDbLine
 10
858.95
 20
671.76
 30
0.0
 11
858.38
 21
673.34
 31
0.0
  0
LINE
  5
119
330
17
100
AcDbEntity
  8
LINES
100
AcDbLine
 10
863.27
 20
674.35
 30
0.0
 11
862.99
 21
672.62
 31
0.0
  0
LINE
  5
11A
330
17
100
AcDbEntity
  8
LINES
100
AcDbLine
 10
861.83
 20
674.06
 30
0.0
 11
862.27
 21
672.77
 31
0.0
  0
LINE
  5
11B
330
17
100
AcDbEntity
  8
LINES
100
AcDbLine
 10
863.27
 20
672.62
 30
0.0
 11
863.27
 21
667.44
 31
0.0
  0
LINE
  5
11C
330
17
100
AcDbEntity
  8
LINES
100
AcDbLine
 10
861.26
 20
670.61
 30
0.0
 11
864.57
 21
671.04
 31
0.0
  0
LINE
  5
11D
330
17
100
AcDbEntity
  8
LINES
100
AcDbLine
 10
861.4
 20
672.34
 30
0.0
 11
864.14
 21
672.91
 31
0.0
  0
LINE
  5
11E
330
17
100
AcDbEntity
  8
LINES
100
AcDbLine
 10
863.56
 20
674.64
 30
0.0
 11
863.71
 21
676.22
 31
0.0
  0
LINE
  5
11F
330
17
100
AcDbEntity
  8
LINES
100
AcDbLine
 10
861.26
 20
674.35
 30
0.0
 11
863.85
 21
674.64
 31
0.0
  0
LINE
  5
120
330
17
100
AcDbEntity
  8
LINES
100
AcDbLine
 10
861.26
 20
675.5
 30
0.0
 11
863.71
 21
675.94
 31
0.0
  0
LINE
  5
121
330
17
100
AcDbEntity
  8
LINES
100
AcDbLine
 10
1035.5
 20
667.3
 30
0.0
 11
1038.23
 21
667.3
 31
0.0
  0
LINE
  5
122
330
17
100
AcDbEntity
  8
LINES
100
AcDbLine
 10
1068.04
 20
667.87
 30
0.0
 11
1075.96
 21
668.16
 31
0.0
  0
LINE
  5
123
330
17
100
AcDbEntity
  8
LINES
100
AcDbLine
 10
1113.83
 20
671.62
 30
0.0
 11
1116.57
 21
672.05
 31
0.0
  0
LINE
  5
124
330
17
100
AcDbEntity
  8
LINES
100
AcDbLine
 10
1129.67
 20
667.87
 30
0.0
 11
1137.45
 21
668.16
 31
0.0
  0
LINE
  5
125
330
17
100
AcDbEntity
  8
LINES
100
AcDbLine
 10
709.63
 20
645.55
 30
0.0
 11
712.94
 21
645.55
 31
0.0
  0
LINE
  5
126
330
17
100
AcDbEntity
  8
LINES
100
AcDbLine
 10
827.42
 20
645.55
 30
0.0
 11
827.42
 21
655.49
 31
0.0
  0
LINE
  5
127
330
17
100
AcDbEntity
  8
LINES
100
AcDbLine
 10
831.16
 20
652.18
 30
0.0
 11
827.42
 21
647.42
 31
0.0
  0
LINE
  5
128
330
17
100
AcDbEntity
  8
LINES
100
AcDbLine
 10
828.86
 20
649.3
 30
0.0
 11
831.59
 21
645.55
 31
0.0
  0
LINE
  5
129
330
17
100
AcDbEntity
  8
LINES
100
AcDbLine
 10
844.12
 20
654.77
 30
0.0
 11
844.12
 21
650.74
 31
0.0
  0
LINE
  5
12A
330
17
100
AcDbEntity
  8
LINES
100
AcDbLine
 10
846.14
 20
651.02
 30
0.0
 11
842.11
 21
650.45
 31
0.0
  0
LINE
  5
12B
330
17
100
AcDbEntity
  8
LINES
100
AcDbLine
 10
846.14
 20
645.7
 30
0.0
 11
845.99
 21
647.86
 31
0.0
  0
LINE
  5
12C
330
17
100
AcDbEntity
  8
LINES
100
AcDbLine
 10
843.26
 20
651.74
 30
0.0
 11
842.83
 21
653.33
 31
0.0
  0
LINE
  5
12D
330
17
100
AcDbEntity
  8
LINES
100
AcDbLine
 10
844.55
 20
651.17
 30
0.0
 11
845.42
 21
653.47
 31
0.0
  0
LINE
  5
12E
330
17
100
AcDbEntity
  8
LINES
100
AcDbLine
 10
848.3
 20
654.34
 30
0.0
 11
847.29
 21
651.02
 31
0.0
  0
LINE
  5
12F
330
17
100
AcDbEntity
  8
LINES
100
AcDbLine
 10
847.15
 20
646.42
 30
0.0
 11
848.87
 21
647.86
 31
0.0
  0
LINE
  5
130
330
17
100
AcDbEntity
  8
LINES
100
AcDbLine
 10
847.43
 20
648.58
 30
0.0
 11
848.87
 21
649.3
 31
0.0
  0
LINE
  5
131
330
17
100
AcDbEntity
  8
LINES
100
AcDbLine
 10
848.87
 20
652.18
 30
0.0
 11
847.58
 21
648.72
 31
0.0
  0
LINE
  5
132
330
17
100
AcDbEntity
  8
LINES
100
AcDbLine
 10
847.15
 20
650.74
 30
0.0
 11
848.59
 21
651.46
 31
0.0
  0
LINE
  5
133
330
17
100
AcDbEntity
  8
LINES
100
AcDbLine
 10
851.32
 20
653.9
 30
0.0
 11
849.31
 21
652.61
 31
0.0
  0
LINE
  5
134
330
17
100
AcDbEntity
  8
LINES
100
AcDbLine
 10
849.02
 20
650.02
 30
0.0
 11
851.75
 21
650.45
 31
0.0
  0
LINE
  5
135
330
17
100
AcDbEntity
  8
LINES
100
AcDbLine
 10
850.46
 20
653.33
 30
0.0
 11
850.46
 21
645.7
 31
0.0
  0
LINE
  5
136
330
17
100
AcDbEntity
  8
LINES
100
AcDbLine
 10
853.91
 20
649.01
 30
0.0
 11
855.93
 21
649.3
 31
0.0
  0
LINE
  5
137
330
17
100
AcDbEntity
  8
LINES
100
AcDbLine
 10
853.77
 20
653.33
 30
0.0
 11
856.51
 21
653.76
 31
0.0
  0
LINE
  5
138
330
17
100
AcDbEntity
  8
LINES
100
AcDbLine
 10
853.91
 20
652.9
 30
0.0
 11
853.91
 21
649.87
 31
0.0
  0
LINE
  5
139
330
17
100
AcDbEntity
  8
LINES
100
AcDbLine
 10
853.91
 20
652.46
 30
0.0
 11
855.79
 21
652.75
 31
0.0
  0
LINE
  5
13A
330
17
100
AcDbEntity
  8
LINES
100
AcDbLine
 10
855.93
 20
653.04
 30
0.0
 11
855.64
 21
650.45
 31
0.0
  0
LINE
  5
13B
330
17
100
AcDbEntity
  8
LINES
100
AcDbLine
 10
855.93
 20
650.45
 30
0.0
 11
853.91
 21
650.02
 31
0.0
  0
LINE
  5
13C
330
17
100
AcDbEntity
  8
LINES
100
AcDbLine
 10
853.91
 20
651.31
 30
0.0
 11
855.35
 21
651.46
 31
0.0
  0
LINE
  5
13D
330
17
100
AcDbEntity
  8
LINES
100
AcDbLine
 10
859.24
 20
651.46
 30
0.0
 11
861.55
 21
651.89
 31
0.0
  0
LINE
  5
13E
330
17
100
AcDbEntity
  8
LINES
100
AcDbLine
 10
861.55
 20
649.87
 30
0.0
 11
859.1
 21
649.58
 31
0.0
  0
LINE
  5
13F
330
17
100
AcDbEntity
  8
LINES
100
AcDbLine
 10
860.25
 20
646.42
 30
0.0
 11
860.25
 21
653.76
 31
0.0
  0
LINE
  5
140
330
17
100
AcDbEntity
  8
LINES
100
AcDbLine
 10
858.95
 20
653.62
 30
0.0
 11
861.83
 21
654.05
 31
0.0
  0
LINE
  5
141
330
17
100
AcDbEntity
  8
LINES
100
AcDbLine
 10
864.57
 20
652.32
 30
0.0
 11
862.99
 21
651.89
 31
0.0
  0
LINE
  5
142
330
17
100
AcDbEntity
  8
LINES
100
AcDbLine
 10
862.99
 20
649.01
 30
0.0
 11
864.57
 21
650.74
 31
0.0
  0
LINE
  5
143
330
17
100
AcDbEntity
  8
LINES
100
AcDbLine
 10
865.58
 20
654.77
 30
0.0
 11
866.3
 21
653.33
 31
0.0
  0
LINE
  5
144
330
17
100
AcDbEntity
  8
LINES
100
AcDbLine
 10
865.0
 20
652.61
 30
0.0
 11
867.31
 21
653.33
 31
0.0
  0
LINE
  5
145
330
17
100
AcDbEntity
  8
LINES
100
AcDbLine
 10
867.45
 20
651.02
 30
0.0
 11
864.86
 21
650.45
 31
0.0
  0
LINE
  5
146
330
17
100
AcDbEntity
  8
LINES
100
AcDbLine
 10
864.57
 20
648.72
 30
0.0
 11
867.59
 21
649.3
 31
0.0
  0
LINE
  5
147
330
17
100
AcDbEntity
  8
LINES
100
AcDbLine
 10
866.15
 20
647.28
 30
0.0
 11
865.43
 21
647.86
 31
0.0
  0
LINE
  5
148
330
17
100
AcDbEntity
  8
LINES
100
AcDbLine
 10
865.72
 20
651.17
 30
0.0
 11
865.43
 21
652.32
 31
0.0
  0
LINE
  5
149
330
17
100
AcDbEntity
  8
LINES
100
AcDbLine
 10
866.59
 20
653.04
 30
0.0
 11
866.3
 21
650.74
 31
0.0
  0
LINE
  5
14A
330
17
100
AcDbEntity
  8
LINES
100
AcDbLine
 10
866.15
 20
647.28
 30
0.0
 11
867.45
 21
645.84
 31
0.0
  0
LINE
  5
14B
330
17
100
AcDbEntity
  8
LINES
100
AcDbLine
 10
865.87
 20
650.59
 30
0.0
 11
865.43
 21
647.86
 31
0.0
  0
LINE
  5
14C
330
17
100
AcDbEntity
  8
LINES
100
AcDbLine
 10
866.59
 20
649.15
 30
0.0
 11
866.15
 21
647.14
 31
0.0
  0
LINE
  5
14D
330
17
100
AcDbEntity
  8
LINES
100
AcDbLine
 10
869.32
 20
652.9
 30
0.0
 11
869.47
 21
647.42
 31
0.0
  0
LINE
  5
14E
330
17
100
AcDbEntity
  8
LINES
100
AcDbLine
 10
869.32
 20
652.32
 30
0.0
 11
871.91
 21
652.61
 31
0.0
  0
LINE
  5
14F
330
17
100
AcDbEntity
  8
LINES
100
AcDbLine
 10
871.63
 20
648.43
 30
0.0
 11
871.91
 21
653.04
 31
0.0
  0
LINE
  5
150
330
17
100
AcDbEntity
  8
LINES
100
AcDbLine
 10
869.47
 20
648.14
 30
0.0
 11
871.91
 21
648.43
 31
0.0
  0
LINE
  5
151
330
17
100
AcDbEntity
  8
LINES
100
AcDbLine
 10
876.67
 20
652.61
 30
0.0
 11
876.38
 21
650.88
 31
0.0
  0
LINE
  5
152
330
17
100
AcDbEntity
  8
LINES
100
AcDbLine
 10
875.23
 20
652.32
 30
0.0
 11
875.66
 21
651.02
 31
0.0
  0
LINE
  5
153
330
17
100
AcDbEntity
  8
LINES
100
AcDbLine
 10
876.67
 20
650.88
 30
0.0
 11
876.67
 21
645.7
 31
0.0
  0
LINE
  5
154
330
17
100
AcDbEntity
  8
LINES
100
AcDbLine
 10
874.65
 20
648.86
 30
0.0
 11
877.96
 21
649.3
 31
0.0
  0
LINE
  5
155
330
17
100
AcDbEntity
  8
LINES
100
AcDbLine
 10
874.94
 20
650.59
 30
0.0
 11
877.53
 21
651.17
 31
0.0
  0
LINE
  5
156
330
17
100
AcDbEntity
  8
LINES
100
AcDbLine
 10
876.95
 20
653.04
 30
0.0
 11
877.24
 21
654.48
 31
0.0
  0
LINE
  5
157
330
17
100
AcDbEntity
  8
LINES
100
AcDbLine
 10
874.65
 20
652.61
 30
0.0
 11
877.24
 21
653.04
 31
0.0
  0
LINE
  5
158
330
17
100
AcDbEntity
  8
LINES
100
AcDbLine
 10
874.65
 20
653.76
 30
0.0
 11
877.1
 21
654.19
 31
0.0
  0
LINE
  5
159
330
17
100
AcDbEntity
  8
LINES
100
AcDbLine
 10
1035.5
 20
645.55
 30
0.0
 11
1038.23
 21
645.55
 31
0.0
  0
LINE
  5
15A
330
17
100
AcDbEntity
  8
LINES
100
AcDbLine
 10
1068.04
 20
646.13
 30
0.0
 11
1075.96
 21
646.42
 31
0.0
  0
LINE
  5
15B
330
17
100
AcDbEntity
  8
LINES
100
AcDbLine
 10
1113.83
 20
649.87
 30
0.0
 11
1116.57
 21
650.3
 31
0.0
  0
LINE
  5
15C
330
17
100
AcDbEntity
  8
LINES
100
AcDbLine
 10
1129.67
 20
646.13
 30
0.0
 11
1137.45
 21
646.42
 31
0.0
  0
LINE
  5
15D
330
17
100
AcDbEntity
  8
LINES
100
AcDbLine
 10
709.63
 20
623.81
 30
0.0
 11
712.94
 21
623.81
 31
0.0
  0
LINE
  5
15E
330
17
100
AcDbEntity
  8
LINES
100
AcDbLine
 10
825.69
 20
623.81
 30
0.0
 11
825.69
 21
633.74
 31
0.0
  0
LINE
  5
15F
330
17
100
AcDbEntity
  8
LINES
100
AcDbLine
 10
829.43
 20
630.43
 30
0.0
 11
825.69
 21
625.68
 31
0.0
  0
LINE
  5
160
330
17
100
AcDbEntity
  8
LINES
100
AcDbLine
 10
827.27
 20
627.55
 30
0.0
 11
829.87
 21
623.81
 31
0.0
  0
LINE
  5
161
330
17
100
AcDbEntity
  8
LINES
100
AcDbLine
 10
842.39
 20
633.02
 30
0.0
 11
842.39
 21
629.14
 31
0.0
  0
LINE
  5
162
330
17
100
AcDbEntity
  8
LINES
100
AcDbLine
 10
844.41
 20
629.28
 30
0.0
 11
840.38
 21
628.7
 31
0.0
  0
LINE
  5
163
330
17
100
AcDbEntity
  8
LINES
100
AcDbLine
 10
844.55
 20
623.95
 30
0.0
 11
844.27
 21
626.11
 31
0.0
  0
LINE
  5
164
330
17
100
AcDbEntity
  8
LINES
100
AcDbLine
 10
841.53
 20
630.0
 30
0.0
 11
841.24
 21
631.58
 31
0.0
  0
LINE
  5
165
330
17
100
AcDbEntity
  8
LINES
100
AcDbLine
 10
842.97
 20
629.42
 30
0.0
 11
843.69
 21
631.73
 31
0.0
  0
LINE
  5
166
330
17
100
AcDbEntity
  8
LINES
100
AcDbLine
 10
846.57
 20
632.59
 30
0.0
 11
845.71
 21
629.28
 31
0.0
  0
LINE
  5
167
330
17
100
AcDbEntity
  8
LINES
100
AcDbLine
 10
845.42
 20
624.67
 30
0.0
 11
847.15
 21
626.11
 31
0.0
  0
LINE
  5
168
330
17
100
AcDbEntity
  8
LINES
100
AcDbLine
 10
845.71
 20
626.83
 30
0.0
 11
847.15
 21
627.7
 31
0.0
  0
LINE
  5
169
330
17
100
AcDbEntity
  8
LINES
100
AcDbLine
 10
847.15
 20
630.43
 30
0.0
 11
845.85
 21
626.98
 31
0.0
  0
LINE
  5
16A
330
17
100
AcDbEntity
  8
LINES
100
AcDbLine
 10
845.42
 20
629.14
 30
0.0
 11
846.86
 21
629.86
 31
0.0
  0
LINE
  5
16B
330
17
100
AcDbEntity
  8
LINES
100
AcDbLine
 10
849.59
 20
632.16
 30
0.0
 11
847.58
 21
630.86
 31
0.0
  0
LINE
  5
16C
330
17
100
AcDbEntity
  8
LINES
100
AcDbLine
 10
847.29
 20
628.42
 30
0.0
 11
850.03
 21
628.7
 31
0.0
  0
LINE
  5
16D
330
17
100
AcDbEntity
  8
LINES
100
AcDbLine
 10
848.73
 20
631.58
 30
0.0
 11
848.73
 21
623.95
 31
0.0
  0
LINE
  5
16E
330
17
100
AcDbEntity
  8
LINES
100
AcDbLine
 10
852.19
 20
627.26
 30
0.0
 11
854.2
 21
627.7
 31
0.0
  0
LINE
  5
16F
330
17
100
AcDbEntity
  8
LINES
100
AcDbLine
 10
852.04
 20
631.58
 30
0.0
 11
854.78
 21
632.02
 31
0.0
  0
LINE
  5
170
330
17
100
AcDbEntity
  8
LINES
100
AcDbLine
 10
852.19
 20
631.15
 30
0.0
 11
852.19
 21
628.13
 31
0.0
  0
LINE
  5
171
330
17
100
AcDbEntity
  8
LINES
100
AcDbLine
 10
852.19
 20
630.72
 30
0.0
 11
854.06
 21
631.01
 31
0.0
  0
LINE
  5
172
330
17
100
AcDbEntity
  8
LINES
100
AcDbLine
 10
854.2
 20
631.3
 30
0.0
 11
854.06
 21
628.7
 31
0.0
  0
LINE
  5
173
330
17
100
AcDbEntity
  8
LINES
100
AcDbLine
 10
854.2
 20
628.7
 30
0.0
 11
852.19
 21
628.42
 31
0.0
  0
LINE
  5
174
330
17
100
AcDbEntity
  8
LINES
100
AcDbLine
 10
852.19
 20
629.57
 30
0.0
 11
853.63
 21
629.86
 31
0.0
  0
LINE
  5
175
330
17
100
AcDbEntity
  8
LINES
100
AcDbLine
 10
857.51
 20
629.71
 30
0.0
 11
859.82
 21
630.14
 31
0.0
  0
LINE
  5
176
330
17
100
AcDbEntity
  8
LINES
100
AcDbLine
 10
859.82
 20
628.13
 30
0.0
 11
857.51
 21
627.84
 31
0.0
  0
LINE
  5
177
330
17
100
AcDbEntity
  8
LINES
100
AcDbLine
 10
858.52
 20
624.67
 30
0.0
 11
858.52
 21
632.02
 31
0.0
  0
LINE
  5
178
330
17
100
AcDbEntity
  8
LINES
100
AcDbLine
 10
857.23
 20
631.87
 30
0.0
 11
860.25
 21
632.45
 31
0.0
  0
LINE
  5
179
330
17
100
AcDbEntity
  8
LINES
100
AcDbLine
 10
862.99
 20
630.58
 30
0.0
 11
861.4
 21
630.14
 31
0.0
  0
LINE
  5
17A
330
17
100
AcDbEntity
  8
LINES
100
AcDbLine
 10
861.26
 20
627.26
 30
0.0
 11
862.99
 21
629.14
 31
0.0
  0
LINE
  5
17B
330
17
100
AcDbEntity
  8
LINES
100
AcDbLine
 10
863.85
 20
633.17
 30
0.0
 11
864.57
 21
631.58
 31
0.0
  0
LINE
  5
17C
330
17
100
AcDbEntity
  8
LINES
100
AcDbLine
 10
863.27
 20
630.86
 30
0.0
 11
865.58
 21
631.58
 31
0.0
  0
LINE
  5
17D
330
17
100
AcDbEntity
  8
LINES
100
AcDbLine
 10
865.72
 20
629.28
 30
0.0
 11
863.13
 21
628.7
 31
0.0
  0
LINE
  5
17E
330
17
100
AcDbEntity
  8
LINES
100
AcDbLine
 10
862.84
 20
626.98
 30
0.0
 11
865.87
 21
627.7
 31
0.0
  0
LINE
  5
17F
330
17
100
AcDbEntity
  8
LINES
100
AcDbLine
 10
864.43
 20
625.54
 30
0.0
 11
863.71
 21
626.11
 31
0.0
  0
LINE
  5
180
330
17
100
AcDbEntity
  8
LINES
100
AcDbLine
 10
864.14
 20
629.42
 30
0.0
 11
863.71
 21
630.58
 31
0.0
  0
LINE
  5
181
330
17
100
AcDbEntity
  8
LINES
100
AcDbLine
 10
864.86
 20
631.3
 30
0.0
 11
864.71
 21
629.14
 31
0.0
  0
LINE
  5
182
330
17
100
AcDbEntity
  8
LINES
100
AcDbLine
 10
864.43
 20
625.54
 30
0.0
 11
865.72
 21
624.1
 31
0.0
  0
LINE
  5
183
330
17
100
AcDbEntity
  8
LINES
100
AcDbLine
 10
864.14
 20
628.85
 30
0.0
 11
863.71
 21
626.11
 31
0.0
  0
LINE
  5
184
330
17
100
AcDbEntity
  8
LINES
100
AcDbLine
 10
864.86
 20
627.41
 30
0.0
 11
864.43
 21
625.39
 31
0.0
  0
LINE
  5
185
330
17
100
AcDbEntity
  8
LINES
100
AcDbLine
 10
867.59
 20
631.15
 30
0.0
 11
867.74
 21
625.68
 31
0.0
  0
LINE
  5
186
330
17
100
AcDbEntity
  8
LINES
100
AcDbLine
 10
867.59
 20
630.58
 30
0.0
 11
870.19
 21
630.86
 31
0.0
  0
LINE
  5
187
330
17
100
AcDbEntity
  8
LINES
100
AcDbLine
 10
869.9
 20
626.69
 30
0.0
 11
870.33
 21
631.3
 31
0.0
  0
LINE
  5
188
330
17
100
AcDbEntity
  8
LINES
100
AcDbLine
 10
867.74
 20
626.4
 30
0.0
 11
870.19
 21
626.69
 31
0.0
  0
LINE
  5
189
330
17
100
AcDbEntity
  8
LINES
100
AcDbLine
 10
874.94
 20
630.86
 30
0.0
 11
874.79
 21
629.14
 31
0.0
  0
LINE
  5
18A
330
17
100
AcDbEntity
  8
LINES
100
AcDbLine
 10
873.64
 20
630.58
 30
0.0
 11
873.93
 21
629.28
 31
0.0
  0
LINE
  5
18B
330
17
100
AcDbEntity
  8
LINES
100
AcDbLine
 10
874.94
 20
629.14
 30
0.0
 11
874.94
 21
623.95
 31
0.0
  0
LINE
  5
18C
330
17
100
AcDbEntity
  8
LINES
100
AcDbLine
 10
872.92
 20
627.12
 30
0.0
 11
876.38
 21
627.7
 31
0.0
  0
LINE
  5
18D
330
17
100
AcDbEntity
  8
LINES
100
AcDbLine
 10
873.21
 20
628.85
 30
0.0
 11
875.8
 21
629.42
 31
0.0
  0
LINE
  5
18E
330
17
100
AcDbEntity
  8
LINES
100
AcDbLine
 10
875.37
 20
631.3
 30
0.0
 11
875.51
 21
632.74
 31
0.0
  0
LINE
  5
18F
330
17
100
AcDbEntity
  8
LINES
100
AcDbLine
 10
873.07
 20
630.86
 30
0.0
 11
875.51
 21
631.3
 31
0.0
  0
LINE
  5
190
330
17
100
AcDbEntity
  8
LINES
100
AcDbLine
 10
873.07
 20
632.02
 30
0.0
 11
875.37
 21
632.45
 31
0.0
  0
LINE
  5
191
330
17
100
AcDbEntity
  8
LINES
100
AcDbLine
 10
1035.5
 20
623.81
 30
0.0
 11
1038.23
 21
623.81
 31
0.0
  0
LINE
  5
192
330
17
100
AcDbEntity
  8
LINES
100
AcDbLine
 10
1068.04
 20
624.38
 30
0.0
 11
1075.96
 21
624.67
 31
0.0
  0
LINE
  5
193
330
17
100
AcDbEntity
  8
LINES
100
AcDbLine
 10
1113.83
 20
628.27
 30
0.0
 11
1116.57
 21
628.56
 31
0.0
  0
LINE
  5
194
330
17
100
AcDbEntity
  8
LINES
100
AcDbLine
 10
1129.67
 20
624.38
 30
0.0
 11
1137.45
 21
624.67
 31
0.0
  0
LINE
  5
195
330
17
100
AcDbEntity
  8
LINES
100
AcDbLine
 10
711.21
 20
602.06
 30
0.0
 11
714.52
 21
602.06
 31
0.0
  0
LINE
  5
196
330
17
100
AcDbEntity
  8
LINES
100
AcDbLine
 10
717.83
 20
602.06
 30
0.0
 11
721.15
 21
602.06
 31
0.0
  0
LINE
  5
197
330
17
100
AcDbEntity
  8
LINES
100
AcDbLine
 10
826.99
 20
602.06
 30
0.0
 11
826.99
 21
612.0
 31
0.0
  0
LINE
  5
198
330
17
100
AcDbEntity
  8
LINES
100
AcDbLine
 10
830.87
 20
608.69
 30
0.0
 11
826.99
 21
603.94
 31
0.0
  0
LINE
  5
199
330
17
100
AcDbEntity
  8
LINES
100
AcDbLine
 10
828.57
 20
605.81
 30
0.0
 11
831.16
 21
602.06
 31
0.0
  0
LINE
  5
19A
330
17
100
AcDbEntity
  8
LINES
100
AcDbLine
 10
843.69
 20
611.28
 30
0.0
 11
843.69
 21
607.39
 31
0.0
  0
LINE
  5
19B
330
17
100
AcDbEntity
  8
LINES
100
AcDbLine
 10
845.71
 20
607.54
 30
0.0
 11
841.82
 21
606.96
 31
0.0
  0
LINE
  5
19C
330
17
100
AcDbEntity
  8
LINES
100
AcDbLine
 10
845.85
 20
602.21
 30
0.0
 11
845.71
 21
604.37
 31
0.0
  0
LINE
  5
19D
330
17
100
AcDbEntity
  8
LINES
100
AcDbLine
 10
842.97
 20
608.26
 30
0.0
 11
842.54
 21
609.98
 31
0.0
  0
LINE
  5
19E
330
17
100
AcDbEntity
  8
LINES
100
AcDbLine
 10
844.27
 20
607.82
 30
0.0
 11
845.13
 21
609.98
 31
0.0
  0
LINE
  5
19F
330
17
100
AcDbEntity
  8
LINES
100
AcDbLine
 10
848.01
 20
610.85
 30
0.0
 11
847.0
 21
607.54
 31
0.0
  0
LINE
  5
1A0
330
17
100
AcDbEntity
  8
LINES
100
AcDbLine
 10
846.86
 20
602.93
 30
0.0
 11
848.59
 21
604.37
 31
0.0
  0
LINE
  5
1A1
330
17
100
AcDbEntity
  8
LINES
100
AcDbLine
 10
847.0
 20
605.23
 30
0.0
 11
848.59
 21
605.95
 31
0.0
  0
LINE
  5
1A2
330
17
100
AcDbEntity
  8
LINES
100
AcDbLine
 10
848.59
 20
608.69
 30
0.0
 11
847.29
 21
605.23
 31
0.0
  0
LINE
  5
1A3
330
17
100
AcDbEntity
  8
LINES
100
AcDbLine
 10
846.86
 20
607.39
 30
0.0
 11
848.15
 21
608.11
 31
0.0
  0
LINE
  5
1A4
330
17
100
AcDbEntity
  8
LINES
100
AcDbLine
 10
850.89
 20
610.42
 30
0.0
 11
848.87
 21
609.26
 31
0.0
  0
LINE
  5
1A5
330
17
100
AcDbEntity
  8
LINES
100
AcDbLine
 10
848.59
 20
606.67
 30
0.0
 11
851.32
 21
606.96
 31
0.0
  0
LINE
  5
1A6
330
17
100
AcDbEntity
  8
LINES
100
AcDbLine
 10
850.03
 20
609.84
 30
0.0
 11
850.03
 21
602.21
 31
0.0
  0
LINE
  5
1A7
330
17
100
AcDbEntity
  8
LINES
100
AcDbLine
 10
853.48
 20
605.52
 30
0.0
 11
855.64
 21
605.95
 31
0.0
  0
LINE
  5
1A8
330
17
100
AcDbEntity
  8
LINES
100
AcDbLine
 10
853.48
 20
609.84
 30
0.0
 11
856.22
 21
610.27
 31
0.0
  0
LINE
  5
1A9
330
17
100
AcDbEntity
  8
LINES
100
AcDbLine
 10
853.63
 20
609.41
 30
0.0
 11
853.63
 21
606.38
 31
0.0
  0
LINE
  5
1AA
330
17
100
AcDbEntity
  8
LINES
100
AcDbLine
 10
853.63
 20
608.98
 30
0.0
 11
855.35
 21
609.26
 31
0.0
  0
LINE
  5
1AB
330
17
100
AcDbEntity
  8
LINES
100
AcDbLine
 10
855.5
 20
609.55
 30
0.0
 11
855.35
 21
606.96
 31
0.0
  0
LINE
  5
1AC
330
17
100
AcDbEntity
  8
LINES
100
AcDbLine
 10
855.5
 20
606.96
 30
0.0
 11
853.63
 21
606.67
 31
0.0
  0
LINE
  5
1AD
330
17
100
AcDbEntity
  8
LINES
100
AcDbLine
 10
853.63
 20
607.82
 30
0.0
 11
855.07
 21
608.11
 31
0.0
  0
LINE
  5
1AE
330
17
100
AcDbEntity
  8
LINES
100
AcDbLine
 10
858.95
 20
607.97
 30
0.0
 11
861.11
 21
608.4
 31
0.0
  0
LINE
  5
1AF
330
17
100
AcDbEntity
  8
LINES
100
AcDbLine
 10
861.11
 20
606.38
 30
0.0
 11
858.81
 21
606.1
 31
0.0
  0
LINE
  5
1B0
330
17
100
AcDbEntity
  8
LINES
100
AcDbLine
 10
859.82
 20
602.93
 30
0.0
 11
859.82
 21
610.27
 31
0.0
  0
LINE
  5
1B1
330
17
100
AcDbEntity
  8
LINES
100
AcDbLine
 10
858.52
 20
610.13
 30
0.0
 11
861.55
 21
610.7
 31
0.0
  0
LINE
  5
1B2
330
17
100
AcDbEntity
  8
LINES
100
AcDbLine
 10
864.28
 20
608.83
 30
0.0
 11
862.7
 21
608.4
 31
0.0
  0
LINE
  5
1B3
330
17
100
AcDbEntity
  8
LINES
100
AcDbLine
 10
862.55
 20
605.52
 30
0.0
 11
864.28
 21
607.39
 31
0.0
  0
LINE
  5
1B4
330
17
100
AcDbEntity
  8
LINES
100
AcDbLine
 10
865.29
 20
611.42
 30
0.0
 11
865.87
 21
609.84
 31
0.0
  0
LINE
  5
1B5
330
17
100
AcDbEntity
  8
LINES
100
AcDbLine
 10
864.57
 20
609.26
 30
0.0
 11
866.87
 21
609.84
 31
0.0
  0
LINE
  5
1B6
330
17
100
AcDbEntity
  8
LINES
100
AcDbLine
 10
867.02
 20
607.54
 30
0.0
 11
864.57
 21
606.96
 31
0.0
  0
LINE
  5
1B7
330
17
100
AcDbEntity
  8
LINES
100
AcDbLine
 10
864.14
 20
605.23
 30
0.0
 11
867.31
 21
605.95
 31
0.0
  0
LINE
  5
1B8
330
17
100
AcDbEntity
  8
LINES
100
AcDbLine
 10
865.72
 20
603.79
 30
0.0
 11
865.0
 21
604.37
 31
0.0
  0
LINE
  5
1B9
330
17
100
AcDbEntity
  8
LINES
100
AcDbLine
 10
865.43
 20
607.68
 30
0.0
 11
865.15
 21
608.83
 31
0.0
  0
LINE
  5
1BA
330
17
100
AcDbEntity
  8
LINES
100
AcDbLine
 10
866.3
 20
609.55
 30
0.0
 11
866.01
 21
607.39
 31
0.0
  0
LINE
  5
1BB
330
17
100
AcDbEntity
  8
LINES
100
AcDbLine
 10
865.72
 20
603.79
 30
0.0
 11
867.02
 21
602.35
 31
0.0
  0
LINE
  5
1BC
330
17
100
AcDbEntity
  8
LINES
100
AcDbLine
 10
865.43
 20
607.1
 30
0.0
 11
865.0
 21
604.37
 31
0.0
  0
LINE
  5
1BD
330
17
100
AcDbEntity
  8
LINES
100
AcDbLine
 10
866.3
 20
605.66
 30
0.0
 11
865.87
 21
603.79
 31
0.0
  0
LINE
  5
1BE
330
17
100
AcDbEntity
  8
LINES
100
AcDbLine
 10
868.89
 20
609.41
 30
0.0
 11
869.03
 21
603.94
 31
0.0
  0
LINE
  5
1BF
330
17
100
AcDbEntity
  8
LINES
100
AcDbLine
 10
868.89
 20
608.83
 30
0.0
 11
871.48
 21
609.12
 31
0.0
  0
LINE
  5
1C0
330
17
100
AcDbEntity
  8
LINES
100
AcDbLine
 10
871.34
 20
604.94
 30
0.0
 11
871.63
 21
609.55
 31
0.0
  0
LINE
  5
1C1
330
17
100
AcDbEntity
  8
LINES
100
AcDbLine
 10
869.03
 20
604.66
 30
0.0
 11
871.48
 21
604.94
 31
0.0
  0
LINE
  5
1C2
330
17
100
AcDbEntity
  8
LINES
100
AcDbLine
 10
869.03
 20
608.83
 30
0.0
 11
871.48
 21
609.12
 31
0.0
  0
LINE
  5
1C3
330
17
100
AcDbEntity
  8
LINES
100
AcDbLine
 10
876.38
 20
609.12
 30
0.0
 11
876.09
 21
607.39
 31
0.0
  0
LINE
  5
1C4
330
17
100
AcDbEntity
  8
LINES
100
AcDbLine
 10
874.94
 20
608.83
 30
0.0
 11
875.23
 21
607.54
 31
0.0
  0
LINE
  5
1C5
330
17
100
AcDbEntity
  8
LINES
100
AcDbLine
 10
876.38
 20
607.39
 30
0.0
 11
876.38
 21
602.21
 31
0.0
  0
LINE
  5
1C6
330
17
100
AcDbEntity
  8
LINES
100
AcDbLine
 10
874.22
 20
605.38
 30
0.0
 11
877.67
 21
605.95
 31
0.0
  0
LINE
  5
1C7
330
17
100
AcDbEntity
  8
LINES
100
AcDbLine
 10
874.51
 20
607.1
 30
0.0
 11
877.1
 21
607.68
 31
0.0
  0
LINE
  5
1C8
330
17
100
AcDbEntity
  8
LINES
100
AcDbLine
 10
876.67
 20
609.55
 30
0.0
 11
876.81
 21
610.99
 31
0.0
  0
LINE
  5
1C9
330
17
100
AcDbEntity
  8
LINES
100
AcDbLine
 10
874.36
 20
609.12
 30
0.0
 11
876.95
 21
609.55
 31
0.0
  0
LINE
  5
1CA
330
17
100
AcDbEntity
  8
LINES
100
AcDbLine
 10
874.36
 20
610.27
 30
0.0
 11
876.81
 21
610.7
 31
0.0
  0
LINE
  5
1CB
330
17
100
AcDbEntity
  8
LINES
100
AcDbLine
 10
1035.5
 20
602.06
 30
0.0
 11
1038.23
 21
602.06
 31
0.0
  0
LINE
  5
1CC
330
17
100
AcDbEntity
  8
LINES
100
AcDbLine
 10
1068.04
 20
602.64
 30
0.0
 11
1075.96
 21
602.93
 31
0.0
  0
LINE
  5
1CD
330
17
100
AcDbEntity
  8
LINES
100
AcDbLine
 10
1113.83
 20
606.53
 30
0.0
 11
1116.57
 21
606.82
 31
0.0
  0
LINE
  5
1CE
330
17
100
AcDbEntity
  8
LINES
100
AcDbLine
 10
1129.67
 20
602.64
 30
0.0
 11
1137.45
 21
602.93
 31
0.0
  0
LINE
  5
1CF
330
17
100
AcDbEntity
  8
LINES
100
AcDbLine
 10
712.07
 20
580.32
 30
0.0
 11
715.39
 21
580.32
 31
0.0
  0
LINE
  5
1D0
330
17
100
AcDbEntity
  8
LINES
100
AcDbLine
 10
718.7
 20
580.32
 30
0.0
 11
722.01
 21
580.32
 31
0.0
  0
LINE
  5
1D1
330
17
100
AcDbEntity
  8
LINES
100
AcDbLine
 10
725.32
 20
580.32
 30
0.0
 11
728.63
 21
580.32
 31
0.0
  0
LINE
  5
1D2
330
17
100
AcDbEntity
  8
LINES
100
AcDbLine
 10
831.59
 20
587.09
 30
0.0
 11
831.59
 21
582.34
 31
0.0
  0
LINE
  5
1D3
330
17
100
AcDbEntity
  8
LINES
100
AcDbLine
 10
831.02
 20
584.21
 30
0.0
 11
832.17
 21
584.35
 31
0.0
  0
LINE
  5
1D4
330
17
100
AcDbEntity
  8
LINES
100
AcDbLine
 10
831.02
 20
585.5
 30
0.0
 11
832.03
 21
585.65
 31
0.0
  0
LINE
  5
1D5
330
17
100
AcDbEntity
  8
LINES
100
AcDbLine
 10
831.16
 20
588.1
 30
0.0
 11
831.74
 21
587.09
 31
0.0
  0
LINE
  5
1D6
330
17
100
AcDbEntity
  8
LINES
100
AcDbLine
 10
830.59
 20
586.8
 30
0.0
 11
832.6
 21
587.23
 31
0.0
  0
LINE
  5
1D7
330
17
100
AcDbEntity
  8
LINES
100
AcDbLine
 10
830.59
 20
587.38
 30
0.0
 11
830.59
 21
582.48
 31
0.0
  0
LINE
  5
1D8
330
17
100
AcDbEntity
  8
LINES
100
AcDbLine
 10
828.57
 20
585.36
 30
0.0
 11
830.01
 21
585.79
 31
0.0
  0
LINE
  5
1D9
330
17
100
AcDbEntity
  8
LINES
100
AcDbLine
 10
829.29
 20
588.67
 30
0.0
 11
829.87
 21
587.38
 31
0.0
  0
LINE
  5
1DA
330
17
100
AcDbEntity
  8
LINES
100
AcDbLine
 10
832.46
 20
589.39
 30
0.0
 11
831.45
 21
587.66
 31
0.0
  0
LINE
  5
1DB
330
17
100
AcDbEntity
  8
LINES
100
AcDbLine
 10
830.59
 20
588.82
 30
0.0
 11
832.17
 21
589.1
 31
0.0
  0
LINE
  5
1DC
330
17
100
AcDbEntity
  8
LINES
100
AcDbLine
 10
832.75
 20
580.61
 30
0.0
 11
833.18
 21
580.9
 31
0.0
  0
LINE
  5
1DD
330
17
100
AcDbEntity
  8
LINES
100
AcDbLine
 10
835.91
 20
581.04
 30
0.0
 11
837.5
 21
581.33
 31
0.0
  0
LINE
  5
1DE
330
17
100
AcDbEntity
  8
LINES
100
AcDbLine
 10
837.64
 20
583.78
 30
0.0
 11
837.35
 21
581.33
 31
0.0
  0
LINE
  5
1DF
330
17
100
AcDbEntity
  8
LINES
100
AcDbLine
 10
835.91
 20
583.63
 30
0.0
 11
835.91
 21
580.46
 31
0.0
  0
LINE
  5
1E0
330
17
100
AcDbEntity
  8
LINES
100
AcDbLine
 10
835.19
 20
587.09
 30
0.0
 11
838.36
 21
587.52
 31
0.0
  0
LINE
  5
1E1
330
17
100
AcDbEntity
  8
LINES
100
AcDbLine
 10
836.49
 20
589.68
 30
0.0
 11
837.07
 21
587.95
 31
0.0
  0
LINE
  5
1E2
330
17
100
AcDbEntity
  8
LINES
100
AcDbLine
 10
835.34
 20
589.68
 30
0.0
 11
833.61
 21
584.93
 31
0.0
  0
LINE
  5
1E3
330
17
100
AcDbEntity
  8
LINES
100
AcDbLine
 10
834.76
 20
587.66
 30
0.0
 11
834.76
 21
580.46
 31
0.0
  0
LINE
  5
1E4
330
17
100
AcDbEntity
  8
LINES
100
AcDbLine
 10
835.77
 20
585.94
 30
0.0
 11
837.64
 21
586.22
 31
0.0
  0
LINE
  5
1E5
330
17
100
AcDbEntity
  8
LINES
100
AcDbLine
 10
837.79
 20
584.78
 30
0.0
 11
835.77
 21
584.5
 31
0.0
  0
LINE
  5
1E6
330
17
100
AcDbEntity
  8
LINES
100
AcDbLine
 10
835.91
 20
583.06
 30
0.0
 11
837.5
 21
583.49
 31
0.0
  0
LINE
  5
1E7
330
17
100
AcDbEntity
  8
LINES
100
AcDbLine
 10
839.8
 20
587.95
 30
0.0
 11
839.8
 21
582.62
 31
0.0
  0
LINE
  5
1E8
330
17
100
AcDbEntity
  8
LINES
100
AcDbLine
 10
839.8
 20
587.09
 30
0.0
 11
842.97
 21
587.52
 31
0.0
  0
LINE
  5
1E9
330
17
100
AcDbEntity
  8
LINES
100
AcDbLine
 10
842.97
 20
587.81
 30
0.0
 11
842.54
 21
583.92
 31
0.0
  0
LINE
  5
1EA
330
17
100
AcDbEntity
  8
LINES
100
AcDbLine
 10
842.68
 20
583.92
 30
0.0
 11
839.8
 21
583.49
 31
0.0
  0
LINE
  5
1EB
330
17
100
AcDbEntity
  8
LINES
100
AcDbLine
 10
840.23
 20
585.36
 30
0.0
 11
842.11
 21
585.65
 31
0.0
  0
LINE
  5
1EC
330
17
100
AcDbEntity
  8
LINES
100
AcDbLine
 10
849.16
 20
581.62
 30
0.0
 11
848.44
 21
582.91
 31
0.0
  0
LINE
  5
1ED
330
17
100
AcDbEntity
  8
LINES
100
AcDbLine
 10
847.15
 20
582.91
 30
0.0
 11
846.28
 21
580.61
 31
0.0
  0
LINE
  5
1EE
330
17
100
AcDbEntity
  8
LINES
100
AcDbLine
 10
847.72
 20
588.1
 30
0.0
 11
847.58
 21
586.66
 31
0.0
  0
LINE
  5
1EF
330
17
100
AcDbEntity
  8
LINES
100
AcDbLine
 10
847.15
 20
585.36
 30
0.0
 11
848.3
 21
585.5
 31
0.0
  0
LINE
  5
1F0
330
17
100
AcDbEntity
  8
LINES
100
AcDbLine
 10
848.59
 20
584.35
 30
0.0
 11
847.15
 21
584.06
 31
0.0
  0
LINE
  5
1F1
330
17
100
AcDbEntity
  8
LINES
100
AcDbLine
 10
848.73
 20
586.94
 30
0.0
 11
848.59
 21
584.35
 31
0.0
  0
LINE
  5
1F2
330
17
100
AcDbEntity
  8
LINES
100
AcDbLine
 10
847.15
 20
586.37
 30
0.0
 11
848.59
 21
586.8
 31
0.0
  0
LINE
  5
1F3
330
17
100
AcDbEntity
  8
LINES
100
AcDbLine
 10
847.15
 20
587.09
 30
0.0
 11
847.15
 21
583.78
 31
0.0
  0
LINE
  5
1F4
330
17
100
AcDbEntity
  8
LINES
100
AcDbLine
 10
846.57
 20
588.24
 30
0.0
 11
849.02
 21
588.67
 31
0.0
  0
LINE
  5
1F5
330
17
100
AcDbEntity
  8
LINES
100
AcDbLine
 10
844.99
 20
588.67
 30
0.0
 11
845.71
 21
587.52
 31
0.0
  0
LINE
  5
1F6
330
17
100
AcDbEntity
  8
LINES
100
AcDbLine
 10
844.99
 20
581.33
 30
0.0
 11
845.85
 21
586.37
 31
0.0
  0
LINE
  5
1F7
330
17
100
AcDbEntity
  8
LINES
100
AcDbLine
 10
844.27
 20
586.51
 30
0.0
 11
844.99
 21
585.36
 31
0.0
  0
LINE
  5
1F8
330
17
100
AcDbEntity
  8
LINES
100
AcDbLine
 10
844.41
 20
582.34
 30
0.0
 11
844.99
 21
581.62
 31
0.0
  0
LINE
  5
1F9
330
17
100
AcDbEntity
  8
LINES
100
AcDbLine
 10
844.99
 20
581.33
 30
0.0
 11
845.85
 21
585.94
 31
0.0
  0
LINE
  5
1FA
330
17
100
AcDbEntity
  8
LINES
100
AcDbLine
 10
845.42
 20
580.61
 30
0.0
 11
845.99
 21
583.06
 31
0.0
  0
LINE
  5
1FB
330
17
100
AcDbEntity
  8
LINES
100
AcDbLine
 10
852.76
 20
587.38
 30
0.0
 11
852.62
 21
585.65
 31
0.0
  0
LINE
  5
1FC
330
17
100
AcDbEntity
  8
LINES
100
AcDbLine
 10
851.47
 20
587.09
 30
0.0
 11
851.75
 21
585.79
 31
0.0
  0
LINE
  5
1FD
330
17
100
AcDbEntity
  8
LINES
100
AcDbLine
 10
852.76
 20
585.65
 30
0.0
 11
852.76
 21
580.61
 31
0.0
  0
LINE
  5
1FE
330
17
100
AcDbEntity
  8
LINES
100
AcDbLine
 10
850.75
 20
583.63
 30
0.0
 11
854.2
 21
584.21
 31
0.0
  0
LINE
  5
1FF
330
17
100
AcDbEntity
  8
LINES
100
AcDbLine
 10
851.03
 20
585.36
 30
0.0
 11
853.63
 21
585.94
 31
0.0
  0
LINE
  5
200
330
17
100
AcDbEntity
  8
LINES
100
AcDbLine
 10
853.19
 20
587.81
 30
0.0
 11
853.34
 21
589.39
 31
0.0
  0
LINE
  5
201
330
17
100
AcDbEntity
  8
LINES
100
AcDbLine
 10
850.89
 20
587.38
 30
0.0
 11
853.34
 21
587.81
 31
0.0
  0
LINE
  5
202
330
17
100
AcDbEntity
  8
LINES
100
AcDbLine
 10
850.89
 20
588.67
 30
0.0
 11
853.19
 21
588.96
 31
0.0
  0
LINE
  5
203
330
17
100
AcDbEntity
  8
LINES
100
AcDbLine
 10
1035.5
 20
580.32
 30
0.0
 11
1038.23
 21
580.32
 31
0.0
  0
LINE
  5
204
330
17
100
AcDbEntity
  8
LINES
100
AcDbLine
 10
1100.01
 20
589.54
 30
0.0
 11
1099.87
 21
581.33
 31
0.0
  0
LINE
  5
205
330
17
100
AcDbEntity
  8
LINES
100
AcDbLine
 10
1098.86
 20
583.92
 30
0.0
 11
1100.87
 21
584.21
 31
0.0
  0
LINE
  5
206
330
17
100
AcDbEntity
  8
LINES
100
AcDbLine
 10
1101.45
 20
581.47
 30
0.0
 11
1098.28
 21
581.18
 31
0.0
  0
LINE
  5
207
330
17
100
AcDbEntity
  8
LINES
100
AcDbLine
 10
1101.74
 20
586.8
 30
0.0
 11
1101.31
 21
580.46
 31
0.0
  0
LINE
  5
208
330
17
100
AcDbEntity
  8
LINES
100
AcDbLine
 10
1098.28
 20
586.22
 30
0.0
 11
1101.59
 21
586.51
 31
0.0
  0
LINE
  5
209
330
17
100
AcDbEntity
  8
LINES
100
AcDbLine
 10
1098.28
 20
586.94
 30
0.0
 11
1098.28
 21
580.61
 31
0.0
  0
LINE
  5
20A
330
17
100
AcDbEntity
  8
LINES
100
AcDbLine
 10
1103.61
 20
587.95
 30
0.0
 11
1103.61
 21
582.62
 31
0.0
  0
LINE
  5
20B
330
17
100
AcDbEntity
  8
LINES
100
AcDbLine
 10
1103.61
 20
587.09
 30
0.0
 11
1106.78
 21
587.52
 31
0.0
  0
LINE
  5
20C
330
17
100
AcDbEntity
  8
LINES
100
AcDbLine
 10
1106.92
 20
587.81
 30
0.0
 11
1106.49
 21
583.92
 31
0.0
  0
LINE
  5
20D
330
17
100
AcDbEntity
  8
LINES
100
AcDbLine
 10
1106.63
 20
583.92
 30
0.0
 11
1103.61
 21
583.49
 31
0.0
  0
LINE
  5
20E
330
17
100
AcDbEntity
  8
LINES
100
AcDbLine
 10
1104.19
 20
585.36
 30
0.0
 11
1106.06
 21
585.65
 31
0.0
  0
LINE
  5
20F
330
17
100
AcDbEntity
  8
LINES
100
AcDbLine
 10
1110.23
 20
589.68
 30
0.0
 11
1108.22
 21
585.65
 31
0.0
  0
LINE
  5
210
330
17
100
AcDbEntity
  8
LINES
100
AcDbLine
 10
1109.51
 20
587.95
 30
0.0
 11
1112.39
 21
588.24
 31
0.0
  0
LINE
  5
211
330
17
100
AcDbEntity
  8
LINES
100
AcDbLine
 10
1109.51
 20
586.51
 30
0.0
 11
1111.67
 21
586.8
 31
0.0
  0
LINE
  5
212
330
17
100
AcDbEntity
  8
LINES
100
AcDbLine
 10
1108.79
 20
584.93
 30
0.0
 11
1111.53
 21
585.36
 31
0.0
  0
LINE
  5
213
330
17
100
AcDbEntity
  8
LINES
100
AcDbLine
 10
1114.41
 20
587.09
 30
0.0
 11
1117.29
 21
587.52
 31
0.0
  0
LINE
  5
214
330
17
100
AcDbEntity
  8
LINES
100
AcDbLine
 10
1113.55
 20
582.19
 30
0.0
 11
1118.15
 21
582.48
 31
0.0
  0
LINE
  5
215
330
17
100
AcDbEntity
  8
LINES
100
AcDbLine
 10
1119.45
 20
587.81
 30
0.0
 11
1119.88
 21
586.08
 31
0.0
  0
LINE
  5
216
330
17
100
AcDbEntity
  8
LINES
100
AcDbLine
 10
1121.75
 20
589.39
 30
0.0
 11
1120.6
 21
584.93
 31
0.0
  0
LINE
  5
217
330
17
100
AcDbEntity
  8
LINES
100
AcDbLine
 10
1123.19
 20
587.09
 30
0.0
 11
1122.47
 21
585.22
 31
0.0
  0
LINE
  5
218
330
17
100
AcDbEntity
  8
LINES
100
AcDbLine
 10
1122.76
 20
580.46
 30
0.0
 11
1123.48
 21
580.46
 31
0.0
  0
LINE
  5
219
330
17
100
AcDbEntity
  8
LINES
100
AcDbLine
 10
1121.75
 20
585.5
 30
0.0
 11
1121.61
 21
584.21
 31
0.0
  0
LINE
  5
21A
330
17
100
AcDbEntity
  8
LINES
100
AcDbLine
 10
1121.61
 20
584.21
 30
0.0
 11
1122.76
 21
580.46
 31
0.0
  0
LINE
  5
21B
330
17
100
AcDbEntity
  8
LINES
100
AcDbLine
 10
1120.89
 20
581.76
 30
0.0
 11
1119.45
 21
580.18
 31
0.0
  0
LINE
  5
21C
330
17
100
AcDbEntity
  8
LINES
100
AcDbLine
 10
1120.89
 20
581.76
 30
0.0
 11
1121.61
 21
584.21
 31
0.0
  0
LINE
  5
21D
330
17
100
AcDbEntity
  8
LINES
100
AcDbLine
 10
1121.03
 20
586.22
 30
0.0
 11
1123.05
 21
586.8
 31
0.0
  0
LINE
  5
21E
330
17
100
AcDbEntity
  8
LINES
100
AcDbLine
 10
1124.78
 20
588.67
 30
0.0
 11
1128.23
 21
588.96
 31
0.0
  0
LINE
  5
21F
330
17
100
AcDbEntity
  8
LINES
100
AcDbLine
 10
1124.35
 20
585.36
 30
0.0
 11
1128.67
 21
585.94
 31
0.0
  0
LINE
  5
220
330
17
100
AcDbEntity
  8
LINES
100
AcDbLine
 10
1127.51
 20
588.82
 30
0.0
 11
1127.51
 21
580.46
 31
0.0
  0
LINE
  5
221
330
17
100
AcDbEntity
  8
LINES
100
AcDbLine
 10
1130.11
 20
588.1
 30
0.0
 11
1132.41
 21
588.38
 31
0.0
  0
LINE
  5
222
330
17
100
AcDbEntity
  8
LINES
100
AcDbLine
 10
1130.68
 20
586.08
 30
0.0
 11
1131.98
 21
586.37
 31
0.0
  0
LINE
  5
223
330
17
100
AcDbEntity
  8
LINES
100
AcDbLine
 10
1131.4
 20
584.21
 30
0.0
 11
1130.68
 21
582.34
 31
0.0
  0
LINE
  5
224
330
17
100
AcDbEntity
  8
LINES
100
AcDbLine
 10
1129.82
 20
583.78
 30
0.0
 11
1131.26
 21
588.24
 31
0.0
  0
LINE
  5
225
330
17
100
AcDbEntity
  8
LINES
100
AcDbLine
 10
1130.39
 20
585.22
 30
0.0
 11
1130.97
 21
584.06
 31
0.0
  0
LINE
  5
226
330
17
100
AcDbEntity
  8
LINES
100
AcDbLine
 10
1132.84
 20
583.63
 30
0.0
 11
1132.84
 21
587.38
 31
0.0
  0
LINE
  5
227
330
17
100
AcDbEntity
  8
LINES
100
AcDbLine
 10
1131.4
 20
584.35
 30
0.0
 11
1132.12
 21
586.8
 31
0.0
  0
LINE
  5
228
330
17
100
AcDbEntity
  8
LINES
100
AcDbLine
 10
1129.82
 20
580.75
 30
0.0
 11
1130.68
 21
582.48
 31
0.0
  0
LINE
  5
229
330
17
100
AcDbEntity
  8
LINES
100
AcDbLine
 10
710.49
 20
558.58
 30
0.0
 11
713.8
 21
558.58
 31
0.0
  0
LINE
  5
22A
330
17
100
AcDbEntity
  8
LINES
100
AcDbLine
 10
717.11
 20
558.58
 30
0.0
 11
720.28
 21
558.58
 31
0.0
  0
LINE
  5
22B
330
17
100
AcDbEntity
  8
LINES
100
AcDbLine
 10
831.59
 20
565.34
 30
0.0
 11
831.59
 21
560.74
 31
0.0
  0
LINE
  5
22C
330
17
100
AcDbEntity
  8
LINES
100
AcDbLine
 10
831.02
 20
562.46
 30
0.0
 11
832.17
 21
562.61
 31
0.0
  0
LINE
  5
22D
330
17
100
AcDbEntity
  8
LINES
100
AcDbLine
 10
831.02
 20
563.76
 30
0.0
 11
832.03
 21
564.05
 31
0.0
  0
LINE
  5
22E
330
17
100
AcDbEntity
  8
LINES
100
AcDbLine
 10
831.16
 20
566.35
 30
0.0
 11
831.74
 21
565.49
 31
0.0
  0
LINE
  5
22F
330
17
100
AcDbEntity
  8
LINES
100
AcDbLine
 10
830.59
 20
565.06
 30
0.0
 11
832.6
 21
565.49
 31
0.0
  0
LINE
  5
230
330
17
100
AcDbEntity
  8
LINES
100
AcDbLine
 10
830.59
 20
565.63
 30
0.0
 11
830.59
 21
560.74
 31
0.0
  0
LINE
  5
231
330
17
100
AcDbEntity
  8
LINES
100
AcDbLine
 10
828.57
 20
563.62
 30
0.0
 11
830.01
 21
564.05
 31
0.0
  0
LINE
  5
232
330
17
100
AcDbEntity
  8
LINES
100
AcDbLine
 10
829.29
 20
566.93
 30
0.0
 11
829.87
 21
565.63
 31
0.0
  0
LINE
  5
233
330
17
100
AcDbEntity
  8
LINES
100
AcDbLine
 10
832.46
 20
567.65
 30
0.0
 11
831.45
 21
565.92
 31
0.0
  0
LINE
  5
234
330
17
100
AcDbEntity
  8
LINES
100
AcDbLine
 10
830.59
 20
567.07
 30
0.0
 11
832.17
 21
567.36
 31
0.0
  0
LINE
  5
235
330
17
100
AcDbEntity
  8
LINES
100
AcDbLine
 10
832.75
 20
558.86
 30
0.0
 11
833.18
 21
559.3
 31
0.0
  0
LINE
  5
236
330
17
100
AcDbEntity
  8
LINES
100
AcDbLine
 10
835.91
 20
559.3
 30
0.0
 11
837.5
 21
559.58
 31
0.0
  0
LINE
  5
237
330
17
100
AcDbEntity
  8
LINES
100
AcDbLine
 10
837.64
 20
562.03
 30
0.0
 11
837.35
 21
559.58
 31
0.0
  0
LINE
  5
238
330
17
100
AcDbEntity
  8
LINES
100
AcDbLine
 10
835.91
 20
561.89
 30
0.0
 11
835.91
 21
558.72
 31
0.0
  0
LINE
  5
239
330
17
100
AcDbEntity
  8
LINES
100
AcDbLine
 10
835.19
 20
565.49
 30
0.0
 11
838.36
 21
565.78
 31
0.0
  0
LINE
  5
23A
330
17
100
AcDbEntity
  8
LINES
100
AcDbLine
 10
836.49
 20
567.94
 30
0.0
 11
837.07
 21
566.21
 31
0.0
  0
LINE
  5
23B
330
17
100
AcDbEntity
  8
LINES
100
AcDbLine
 10
835.34
 20
567.94
 30
0.0
 11
833.61
 21
563.18
 31
0.0
  0
LINE
  5
23C
330
17
100
AcDbEntity
  8
LINES
100
AcDbLine
 10
834.76
 20
565.92
 30
0.0
 11
834.76
 21
558.72
 31
0.0
  0
LINE
  5
23D
330
17
100
AcDbEntity
  8
LINES
100
AcDbLine
 10
835.77
 20
564.19
 30
0.0
 11
837.64
 21
564.48
 31
0.0
  0
LINE
  5
23E
330
17
100
AcDbEntity
  8
LINES
100
AcDbLine
 10
837.79
 20
563.04
 30
0.0
 11
835.77
 21
562.75
 31
0.0
  0
LINE
  5
23F
330
17
100
AcDbEntity
  8
LINES
100
AcDbLine
 10
835.91
 20
561.46
 30
0.0
 11
837.5
 21
561.74
 31
0.0
  0
LINE
  5
240
330
17
100
AcDbEntity
  8
LINES
100
AcDbLine
 10
838.94
 20
563.04
 30
0.0
 11
840.23
 21
567.5
 31
0.0
  0
LINE
  5
241
330
17
100
AcDbEntity
  8
LINES
100
AcDbLine
 10
839.66
 20
565.2
 30
0.0
 11
840.52
 21
565.49
 31
0.0
  0
LINE
  5
242
330
17
100
AcDbEntity
  8
LINES
100
AcDbLine
 10
840.67
 20
565.63
 30
0.0
 11
840.23
 21
564.05
 31
0.0
  0
LINE
  5
243
330
17
100
AcDbEntity
  8
LINES
100
AcDbLine
 10
839.8
 20
563.62
 30
0.0
 11
839.8
 21
559.73
 31
0.0
  0
LINE
  5
244
330
17
100
AcDbEntity
  8
LINES
100
AcDbLine
 10
839.66
 20
559.58
 30
0.0
 11
840.81
 21
561.17
 31
0.0
  0
LINE
  5
245
330
17
100
AcDbEntity
  8
LINES
100
AcDbLine
 10
841.1
 20
566.93
 30
0.0
 11
841.1
 21
564.48
 31
0.0
  0
LINE
  5
246
330
17
100
AcDbEntity
  8
LINES
100
AcDbLine
 10
841.1
 20
566.21
 30
0.0
 11
842.97
 21
566.5
 31
0.0
  0
LINE
  5
247
330
17
100
AcDbEntity
  8
LINES
100
AcDbLine
 10
843.11
 20
566.64
 30
0.0
 11
842.97
 21
565.06
 31
0.0
  0
LINE
  5
248
330
17
100
AcDbEntity
  8
LINES
100
AcDbLine
 10
843.11
 20
565.06
 30
0.0
 11
841.1
 21
564.91
 31
0.0
  0
LINE
  5
249
330
17
100
AcDbEntity
  8
LINES
100
AcDbLine
 10
841.24
 20
563.18
 30
0.0
 11
841.24
 21
560.16
 31
0.0
  0
LINE
  5
24A
330
17
100
AcDbEntity
  8
LINES
100
AcDbLine
 10
841.24
 20
562.75
 30
0.0
 11
842.97
 21
562.9
 31
0.0
  0
LINE
  5
24B
330
17
100
AcDbEntity
  8
LINES
100
AcDbLine
 10
843.11
 20
563.18
 30
0.0
 11
842.97
 21
560.02
 31
0.0
  0
LINE
  5
24C
330
17
100
AcDbEntity
  8
LINES
100
AcDbLine
 10
842.25
 20
560.16
 30
0.0
 11
843.26
 21
558.58
 31
0.0
  0
LINE
  5
24D
330
17
100
AcDbEntity
  8
LINES
100
AcDbLine
 10
842.11
 20
567.94
 30
0.0
 11
842.11
 21
564.05
 31
0.0
  0
LINE
  5
24E
330
17
100
AcDbEntity
  8
LINES
100
AcDbLine
 10
840.67
 20
563.62
 30
0.0
 11
843.69
 21
564.05
 31
0.0
  0
LINE
  5
24F
330
17
100
AcDbEntity
  8
LINES
100
AcDbLine
 10
845.99
 20
562.61
 30
0.0
 11
844.41
 21
561.89
 31
0.0
  0
LINE
  5
250
330
17
100
AcDbEntity
  8
LINES
100
AcDbLine
 10
845.85
 20
565.49
 30
0.0
 11
844.7
 21
562.03
 31
0.0
  0
LINE
  5
251
330
17
100
AcDbEntity
  8
LINES
100
AcDbLine
 10
844.27
 20
564.05
 30
0.0
 11
845.56
 21
564.77
 31
0.0
  0
LINE
  5
252
330
17
100
AcDbEntity
  8
LINES
100
AcDbLine
 10
844.41
 20
560.02
 30
0.0
 11
846.14
 21
561.17
 31
0.0
  0
LINE
  5
253
330
17
100
AcDbEntity
  8
LINES
100
AcDbLine
 10
845.42
 20
567.22
 30
0.0
 11
844.41
 21
564.19
 31
0.0
  0
LINE
  5
254
330
17
100
AcDbEntity
  8
LINES
100
AcDbLine
 10
846.43
 20
564.62
 30
0.0
 11
848.15
 21
565.63
 31
0.0
  0
LINE
  5
255
330
17
100
AcDbEntity
  8
LINES
100
AcDbLine
 10
846.28
 20
562.9
 30
0.0
 11
848.3
 21
563.9
 31
0.0
  0
LINE
  5
256
330
17
100
AcDbEntity
  8
LINES
100
AcDbLine
 10
847.58
 20
567.22
 30
0.0
 11
848.15
 21
566.5
 31
0.0
  0
LINE
  5
257
330
17
100
AcDbEntity
  8
LINES
100
AcDbLine
 10
852.76
 20
565.63
 30
0.0
 11
852.62
 21
564.05
 31
0.0
  0
LINE
  5
258
330
17
100
AcDbEntity
  8
LINES
100
AcDbLine
 10
851.47
 20
565.49
 30
0.0
 11
851.75
 21
564.05
 31
0.0
  0
LINE
  5
259
330
17
100
AcDbEntity
  8
LINES
100
AcDbLine
 10
852.76
 20
564.05
 30
0.0
 11
852.76
 21
558.86
 31
0.0
  0
LINE
  5
25A
330
17
100
AcDbEntity
  8
LINES
100
AcDbLine
 10
850.75
 20
561.89
 30
0.0
 11
854.2
 21
562.46
 31
0.0
  0
LINE
  5
25B
330
17
100
AcDbEntity
  8
LINES
100
AcDbLine
 10
851.03
 20
563.62
 30
0.0
 11
853.63
 21
564.19
 31
0.0
  0
LINE
  5
25C
330
17
100
AcDbEntity
  8
LINES
100
AcDbLine
 10
853.19
 20
566.06
 30
0.0
 11
853.34
 21
567.65
 31
0.0
  0
LINE
  5
25D
330
17
100
AcDbEntity
  8
LINES
100
AcDbLine
 10
850.89
 20
565.63
 30
0.0
 11
853.34
 21
566.06
 31
0.0
  0
LINE
  5
25E
330
17
100
AcDbEntity
  8
LINES
100
AcDbLine
 10
850.89
 20
566.93
 30
0.0
 11
853.19
 21
567.22
 31
0.0
  0
LINE
  5
25F
330
17
100
AcDbEntity
  8
LINES
100
AcDbLine
 10
1035.5
 20
558.58
 30
0.0
 11
1038.23
 21
558.58
 31
0.0
  0
LINE
  5
260
330
17
100
AcDbEntity
  8
LINES
100
AcDbLine
 10
1100.01
 20
567.79
 30
0.0
 11
1099.87
 21
559.58
 31
0.0
  0
LINE
  5
261
330
17
100
AcDbEntity
  8
LINES
100
AcDbLine
 10
1098.86
 20
562.18
 30
0.0
 11
1100.87
 21
562.46
 31
0.0
  0
LINE
  5
262
330
17
100
AcDbEntity
  8
LINES
100
AcDbLine
 10
1101.45
 20
559.73
 30
0.0
 11
1098.28
 21
559.44
 31
0.0
  0
LINE
  5
263
330
17
100
AcDbEntity
  8
LINES
100
AcDbLine
 10
1101.74
 20
565.06
 30
0.0
 11
1101.31
 21
558.72
 31
0.0
  0
LINE
  5
264
330
17
100
AcDbEntity
  8
LINES
100
AcDbLine
 10
1098.28
 20
564.48
 30
0.0
 11
1101.59
 21
564.77
 31
0.0
  0
LINE
  5
265
330
17
100
AcDbEntity
  8
LINES
100
AcDbLine
 10
1098.28
 20
565.2
 30
0.0
 11
1098.28
 21
558.86
 31
0.0
  0
LINE
  5
266
330
17
100
AcDbEntity
  8
LINES
100
AcDbLine
 10
1103.61
 20
566.21
 30
0.0
 11
1103.61
 21
560.88
 31
0.0
  0
LINE
  5
267
330
17
100
AcDbEntity
  8
LINES
100
AcDbLine
 10
1103.61
 20
565.34
 30
0.0
 11
1106.78
 21
565.78
 31
0.0
  0
LINE
  5
268
330
17
100
AcDbEntity
  8
LINES
100
AcDbLine
 10
1106.92
 20
566.06
 30
0.0
 11
1106.49
 21
562.18
 31
0.0
  0
LINE
  5
269
330
17
100
AcDbEntity
  8
LINES
100
AcDbLine
 10
1106.63
 20
562.18
 30
0.0
 11
1103.61
 21
561.74
 31
0.0
  0
LINE
  5
26A
330
17
100
AcDbEntity
  8
LINES
100
AcDbLine
 10
1104.19
 20
563.62
 30
0.0
 11
1106.06
 21
564.05
 31
0.0
  0
LINE
  5
26B
330
17
100
AcDbEntity
  8
LINES
100
AcDbLine
 10
1110.23
 20
567.94
 30
0.0
 11
1108.22
 21
564.05
 31
0.0
  0
LINE
  5
26C
330
17
100
AcDbEntity
  8
LINES
100
AcDbLine
 10
1109.51
 20
566.21
 30
0.0
 11
1112.39
 21
566.5
 31
0.0
  0
LINE
  5
26D
330
17
100
AcDbEntity
  8
LINES
100
AcDbLine
 10
1109.51
 20
564.77
 30
0.0
 11
1111.67
 21
565.06
 31
0.0
  0
LINE
  5
26E
330
17
100
AcDbEntity
  8
LINES
100
AcDbLine
 10
1108.79
 20
563.18
 30
0.0
 11
1111.53
 21
563.62
 31
0.0
  0
LINE
  5
26F
330
17
100
AcDbEntity
  8
LINES
100
AcDbLine
 10
1114.41
 20
565.49
 30
0.0
 11
1117.29
 21
565.78
 31
0.0
  0
LINE
  5
270
330
17
100
AcDbEntity
  8
LINES
100
AcDbLine
 10
1113.55
 20
560.45
 30
0.0
 11
1118.15
 21
560.74
 31
0.0
  0
LINE
  5
271
330
17
100
AcDbEntity
  8
LINES
100
AcDbLine
 10
1119.45
 20
566.06
 30
0.0
 11
1119.88
 21
564.34
 31
0.0
  0
LINE
  5
272
330
17
100
AcDbEntity
  8
LINES
100
AcDbLine
 10
1121.75
 20
567.65
 30
0.0
 11
1120.6
 21
563.18
 31
0.0
  0
LINE
  5
273
330
17
100
AcDbEntity
  8
LINES
100
AcDbLine
 10
1123.19
 20
565.34
 30
0.0
 11
1122.47
 21
563.47
 31
0.0
  0
LINE
  5
274
330
17
100
AcDbEntity
  8
LINES
100
AcDbLine
 10
1122.76
 20
558.72
 30
0.0
 11
1123.48
 21
558.72
 31
0.0
  0
LINE
  5
275
330
17
100
AcDbEntity
  8
LINES
100
AcDbLine
 10
1121.75
 20
563.76
 30
0.0
 11
1121.61
 21
562.46
 31
0.0
  0
LINE
  5
276
330
17
100
AcDbEntity
  8
LINES
100
AcDbLine
 10
1121.61
 20
562.46
 30
0.0
 11
1122.76
 21
558.72
 31
0.0
  0
LINE
  5
277
330
17
100
AcDbEntity
  8
LINES
100
AcDbLine
 10
1120.89
 20
560.02
 30
0.0
 11
1119.45
 21
558.43
 31
0.0
  0
LINE
  5
278
330
17
100
AcDbEntity
  8
LINES
100
AcDbLine
 10
1120.89
 20
560.02
 30
0.0
 11
1121.61
 21
562.46
 31
0.0
  0
LINE
  5
279
330
17
100
AcDbEntity
  8
LINES
100
AcDbLine
 10
1121.03
 20
564.48
 30
0.0
 11
1123.05
 21
565.06
 31
0.0
  0
LINE
  5
27A
330
17
100
AcDbEntity
  8
LINES
100
AcDbLine
 10
1124.78
 20
566.93
 30
0.0
 11
1128.23
 21
567.22
 31
0.0
  0
LINE
  5
27B
330
17
100
AcDbEntity
  8
LINES
100
AcDbLine
 10
1124.35
 20
563.62
 30
0.0
 11
1128.67
 21
564.19
 31
0.0
  0
LINE
  5
27C
330
17
100
AcDbEntity
  8
LINES
100
AcDbLine
 10
1127.51
 20
567.07
 30
0.0
 11
1127.51
 21
558.72
 31
0.0
  0
LINE
  5
27D
330
17
100
AcDbEntity
  8
LINES
100
AcDbLine
 10
1130.11
 20
566.35
 30
0.0
 11
1132.41
 21
566.64
 31
0.0
  0
LINE
  5
27E
330
17
100
AcDbEntity
  8
LINES
100
AcDbLine
 10
1130.68
 20
564.34
 30
0.0
 11
1131.98
 21
564.77
 31
0.0
  0
LINE
  5
27F
330
17
100
AcDbEntity
  8
LINES
100
AcDbLine
 10
1131.4
 20
562.46
 30
0.0
 11
1130.68
 21
560.74
 31
0.0
  0
LINE
  5
280
330
17
100
AcDbEntity
  8
LINES
100
AcDbLine
 10
1129.82
 20
562.03
 30
0.0
 11
1131.26
 21
566.5
 31
0.0
  0
LINE
  5
281
330
17
100
AcDbEntity
  8
LINES
100
AcDbLine
 10
1130.39
 20
563.47
 30
0.0
 11
1130.97
 21
562.32
 31
0.0
  0
LINE
  5
282
330
17
100
AcDbEntity
  8
LINES
100
AcDbLine
 10
1132.84
 20
561.89
 30
0.0
 11
1132.84
 21
565.63
 31
0.0
  0
LINE
  5
283
330
17
100
AcDbEntity
  8
LINES
100
AcDbLine
 10
1131.4
 20
562.61
 30
0.0
 11
1132.12
 21
565.06
 31
0.0
  0
LINE
  5
284
330
17
100
AcDbEntity
  8
LINES
100
AcDbLine
 10
1129.82
 20
559.01
 30
0.0
 11
1130.68
 21
560.74
 31
0.0
  0
LINE
  5
285
330
17
100
AcDbEntity
  8
LINES
100
AcDbLine
 10
710.49
 20
536.83
 30
0.0
 11
713.8
 21
536.83
 31
0.0
  0
LINE
  5
286
330
17
100
AcDbEntity
  8
LINES
100
AcDbLine
 10
717.11
 20
536.83
 30
0.0
 11
720.28
 21
536.83
 31
0.0
  0
LINE
  5
287
330
17
100
AcDbEntity
  8
LINES
100
AcDbLine
 10
829.87
 20
543.6
 30
0.0
 11
829.87
 21
538.99
 31
0.0
  0
LINE
  5
288
330
17
100
AcDbEntity
  8
LINES
100
AcDbLine
 10
829.29
 20
540.72
 30
0.0
 11
830.59
 21
540.86
 31
0.0
  0
LINE
  5
289
330
17
100
AcDbEntity
  8
LINES
100
AcDbLine
 10
829.29
 20
542.02
 30
0.0
 11
830.44
 21
542.3
 31
0.0
  0
LINE
  5
28A
330
17
100
AcDbEntity
  8
LINES
100
AcDbLine
 10
829.43
 20
544.61
 30
0.0
 11
830.01
 21
543.74
 31
0.0
  0
LINE
  5
28B
330
17
100
AcDbEntity
  8
LINES
100
AcDbLine
 10
828.86
 20
543.31
 30
0.0
 11
831.02
 21
543.74
 31
0.0
  0
LINE
  5
28C
330
17
100
AcDbEntity
  8
LINES
100
AcDbLine
 10
828.86
 20
543.89
 30
0.0
 11
828.86
 21
538.99
 31
0.0
  0
LINE
  5
28D
330
17
100
AcDbEntity
  8
LINES
100
AcDbLine
 10
826.84
 20
541.87
 30
0.0
 11
828.28
 21
542.3
 31
0.0
  0
LINE
  5
28E
330
17
100
AcDbEntity
  8
LINES
100
AcDbLine
 10
827.56
 20
545.18
 30
0.0
 11
828.14
 21
543.89
 31
0.0
  0
LINE
  5
28F
330
17
100
AcDbEntity
  8
LINES
100
AcDbLine
 10
830.73
 20
545.9
 30
0.0
 11
829.72
 21
544.18
 31
0.0
  0
LINE
  5
290
330
17
100
AcDbEntity
  8
LINES
100
AcDbLine
 10
828.86
 20
545.33
 30
0.0
 11
830.59
 21
545.62
 31
0.0
  0
LINE
  5
291
330
17
100
AcDbEntity
  8
LINES
100
AcDbLine
 10
831.02
 20
537.12
 30
0.0
 11
831.59
 21
537.55
 31
0.0
  0
LINE
  5
292
330
17
100
AcDbEntity
  8
LINES
100
AcDbLine
 10
834.19
 20
537.55
 30
0.0
 11
835.77
 21
537.84
 31
0.0
  0
LINE
  5
293
330
17
100
AcDbEntity
  8
LINES
100
AcDbLine
 10
835.91
 20
540.29
 30
0.0
 11
835.63
 21
537.84
 31
0.0
  0
LINE
  5
294
330
17
100
AcDbEntity
  8
LINES
100
AcDbLine
 10
834.19
 20
540.14
 30
0.0
 11
834.19
 21
536.98
 31
0.0
  0
LINE
  5
295
330
17
100
AcDbEntity
  8
LINES
100
AcDbLine
 10
833.47
 20
543.74
 30
0.0
 11
836.63
 21
544.18
 31
0.0
  0
LINE
  5
296
330
17
100
AcDbEntity
  8
LINES
100
AcDbLine
 10
834.76
 20
546.19
 30
0.0
 11
835.48
 21
544.46
 31
0.0
  0
LINE
  5
297
330
17
100
AcDbEntity
  8
LINES
100
AcDbLine
 10
833.61
 20
546.19
 30
0.0
 11
831.88
 21
541.44
 31
0.0
  0
LINE
  5
298
330
17
100
AcDbEntity
  8
LINES
100
AcDbLine
 10
833.03
 20
544.18
 30
0.0
 11
833.03
 21
536.98
 31
0.0
  0
LINE
  5
299
330
17
100
AcDbEntity
  8
LINES
100
AcDbLine
 10
834.04
 20
542.45
 30
0.0
 11
836.06
 21
542.74
 31
0.0
  0
LINE
  5
29A
330
17
100
AcDbEntity
  8
LINES
100
AcDbLine
 10
836.06
 20
541.3
 30
0.0
 11
834.04
 21
541.01
 31
0.0
  0
LINE
  5
29B
330
17
100
AcDbEntity
  8
LINES
100
AcDbLine
 10
834.19
 20
539.71
 30
0.0
 11
835.77
 21
540.0
 31
0.0
  0
LINE
  5
29C
330
17
100
AcDbEntity
  8
LINES
100
AcDbLine
 10
837.21
 20
541.3
 30
0.0
 11
838.51
 21
545.76
 31
0.0
  0
LINE
  5
29D
330
17
100
AcDbEntity
  8
LINES
100
AcDbLine
 10
837.93
 20
543.46
 30
0.0
 11
838.94
 21
543.74
 31
0.0
  0
LINE
  5
29E
330
17
100
AcDbEntity
  8
LINES
100
AcDbLine
 10
838.94
 20
543.89
 30
0.0
 11
838.51
 21
542.3
 31
0.0
  0
LINE
  5
29F
330
17
100
AcDbEntity
  8
LINES
100
AcDbLine
 10
838.07
 20
541.87
 30
0.0
 11
838.07
 21
537.98
 31
0.0
  0
LINE
  5
2A0
330
17
100
AcDbEntity
  8
LINES
100
AcDbLine
 10
837.93
 20
537.84
 30
0.0
 11
839.08
 21
539.42
 31
0.0
  0
LINE
  5
2A1
330
17
100
AcDbEntity
  8
LINES
100
AcDbLine
 10
839.51
 20
545.18
 30
0.0
 11
839.51
 21
542.74
 31
0.0
  0
LINE
  5
2A2
330
17
100
AcDbEntity
  8
LINES
100
AcDbLine
 10
839.51
 20
544.46
 30
0.0
 11
841.24
 21
544.75
 31
0.0
  0
LINE
  5
2A3
330
17
100
AcDbEntity
  8
LINES
100
AcDbLine
 10
841.39
 20
544.9
 30
0.0
 11
841.24
 21
543.31
 31
0.0
  0
LINE
  5
2A4
330
17
100
AcDbEntity
  8
LINES
100
AcDbLine
 10
841.39
 20
543.31
 30
0.0
 11
839.51
 21
543.17
 31
0.0
  0
LINE
  5
2A5
330
17
100
AcDbEntity
  8
LINES
100
AcDbLine
 10
839.51
 20
541.58
 30
0.0
 11
839.51
 21
538.42
 31
0.0
  0
LINE
  5
2A6
330
17
100
AcDbEntity
  8
LINES
100
AcDbLine
 10
839.51
 20
541.01
 30
0.0
 11
841.24
 21
541.15
 31
0.0
  0
LINE
  5
2A7
330
17
100
AcDbEntity
  8
LINES
100
AcDbLine
 10
841.39
 20
541.44
 30
0.0
 11
841.24
 21
538.27
 31
0.0
  0
LINE
  5
2A8
330
17
100
AcDbEntity
  8
LINES
100
AcDbLine
 10
840.52
 20
538.42
 30
0.0
 11
841.53
 21
536.83
 31
0.0
  0
LINE
  5
2A9
330
17
100
AcDbEntity
  8
LINES
100
AcDbLine
 10
840.38
 20
546.19
 30
0.0
 11
840.38
 21
542.3
 31
0.0
  0
LINE
  5
2AA
330
17
100
AcDbEntity
  8
LINES
100
AcDbLine
 10
838.94
 20
541.87
 30
0.0
 11
841.96
 21
542.3
 31
0.0
  0
LINE
  5
2AB
330
17
100
AcDbEntity
  8
LINES
100
AcDbLine
 10
844.41
 20
540.86
 30
0.0
 11
842.83
 21
540.14
 31
0.0
  0
LINE
  5
2AC
330
17
100
AcDbEntity
  8
LINES
100
AcDbLine
 10
844.12
 20
543.74
 30
0.0
 11
842.97
 21
540.29
 31
0.0
  0
LINE
  5
2AD
330
17
100
AcDbEntity
  8
LINES
100
AcDbLine
 10
842.54
 20
542.3
 30
0.0
 11
843.83
 21
543.02
 31
0.0
  0
LINE
  5
2AE
330
17
100
AcDbEntity
  8
LINES
100
AcDbLine
 10
842.83
 20
538.27
 30
0.0
 11
844.41
 21
539.42
 31
0.0
  0
LINE
  5
2AF
330
17
100
AcDbEntity
  8
LINES
100
AcDbLine
 10
843.83
 20
545.62
 30
0.0
 11
842.83
 21
542.45
 31
0.0
  0
LINE
  5
2B0
330
17
100
AcDbEntity
  8
LINES
100
AcDbLine
 10
844.7
 20
542.88
 30
0.0
 11
846.43
 21
543.89
 31
0.0
  0
LINE
  5
2B1
330
17
100
AcDbEntity
  8
LINES
100
AcDbLine
 10
844.55
 20
541.15
 30
0.0
 11
846.71
 21
542.16
 31
0.0
  0
LINE
  5
2B2
330
17
100
AcDbEntity
  8
LINES
100
AcDbLine
 10
845.85
 20
545.47
 30
0.0
 11
846.43
 21
544.75
 31
0.0
  0
LINE
  5
2B3
330
17
100
AcDbEntity
  8
LINES
100
AcDbLine
 10
851.18
 20
543.89
 30
0.0
 11
850.89
 21
542.3
 31
0.0
  0
LINE
  5
2B4
330
17
100
AcDbEntity
  8
LINES
100
AcDbLine
 10
849.74
 20
543.74
 30
0.0
 11
850.03
 21
542.3
 31
0.0
  0
LINE
  5
2B5
330
17
100
AcDbEntity
  8
LINES
100
AcDbLine
 10
851.18
 20
542.3
 30
0.0
 11
851.18
 21
537.12
 31
0.0
  0
LINE
  5
2B6
330
17
100
AcDbEntity
  8
LINES
100
AcDbLine
 10
849.02
 20
540.14
 30
0.0
 11
852.47
 21
540.72
 31
0.0
  0
LINE
  5
2B7
330
17
100
AcDbEntity
  8
LINES
100
AcDbLine
 10
849.31
 20
541.87
 30
0.0
 11
851.9
 21
542.45
 31
0.0
  0
LINE
  5
2B8
330
17
100
AcDbEntity
  8
LINES
100
AcDbLine
 10
851.47
 20
544.32
 30
0.0
 11
851.61
 21
545.9
 31
0.0
  0
LINE
  5
2B9
330
17
100
AcDbEntity
  8
LINES
100
AcDbLine
 10
849.16
 20
543.89
 30
0.0
 11
851.75
 21
544.32
 31
0.0
  0
LINE
  5
2BA
330
17
100
AcDbEntity
  8
LINES
100
AcDbLine
 10
849.16
 20
545.18
 30
0.0
 11
851.47
 21
545.62
 31
0.0
  0
LINE
  5
2BB
330
17
100
AcDbEntity
  8
LINES
100
AcDbLine
 10
1035.5
 20
536.83
 30
0.0
 11
1038.23
 21
536.83
 31
0.0
  0
LINE
  5
2BC
330
17
100
AcDbEntity
  8
LINES
100
AcDbLine
 10
1100.01
 20
546.05
 30
0.0
 11
1099.87
 21
537.84
 31
0.0
  0
LINE
  5
2BD
330
17
100
AcDbEntity
  8
LINES
100
AcDbLine
 10
1098.86
 20
540.43
 30
0.0
 11
1100.87
 21
540.72
 31
0.0
  0
LINE
  5
2BE
330
17
100
AcDbEntity
  8
LINES
100
AcDbLine
 10
1101.45
 20
537.98
 30
0.0
 11
1098.28
 21
537.7
 31
0.0
  0
LINE
  5
2BF
330
17
100
AcDbEntity
  8
LINES
100
AcDbLine
 10
1101.74
 20
543.31
 30
0.0
 11
1101.31
 21
536.98
 31
0.0
  0
LINE
  5
2C0
330
17
100
AcDbEntity
  8
LINES
100
AcDbLine
 10
1098.28
 20
542.74
 30
0.0
 11
1101.59
 21
543.02
 31
0.0
  0
LINE
  5
2C1
330
17
100
AcDbEntity
  8
LINES
100
AcDbLine
 10
1098.28
 20
543.46
 30
0.0
 11
1098.28
 21
537.12
 31
0.0
  0
LINE
  5
2C2
330
17
100
AcDbEntity
  8
LINES
100
AcDbLine
 10
1103.61
 20
544.46
 30
0.0
 11
1103.61
 21
539.14
 31
0.0
  0
LINE
  5
2C3
330
17
100
AcDbEntity
  8
LINES
100
AcDbLine
 10
1103.61
 20
543.6
 30
0.0
 11
1106.78
 21
544.03
 31
0.0
  0
LINE
  5
2C4
330
17
100
AcDbEntity
  8
LINES
100
AcDbLine
 10
1106.92
 20
544.32
 30
0.0
 11
1106.49
 21
540.43
 31
0.0
  0
LINE
  5
2C5
330
17
100
AcDbEntity
  8
LINES
100
AcDbLine
 10
1106.63
 20
540.43
 30
0.0
 11
1103.61
 21
540.0
 31
0.0
  0
LINE
  5
2C6
330
17
100
AcDbEntity
  8
LINES
100
AcDbLine
 10
1104.19
 20
541.87
 30
0.0
 11
1106.06
 21
542.3
 31
0.0
  0
LINE
  5
2C7
330
17
100
AcDbEntity
  8
LINES
100
AcDbLine
 10
1110.23
 20
546.19
 30
0.0
 11
1108.22
 21
542.3
 31
0.0
  0
LINE
  5
2C8
330
17
100
AcDbEntity
  8
LINES
100
AcDbLine
 10
1109.51
 20
544.46
 30
0.0
 11
1112.39
 21
544.75
 31
0.0
  0
LINE
  5
2C9
330
17
100
AcDbEntity
  8
LINES
100
AcDbLine
 10
1109.51
 20
543.02
 30
0.0
 11
1111.67
 21
543.31
 31
0.0
  0
LINE
  5
2CA
330
17
100
AcDbEntity
  8
LINES
100
AcDbLine
 10
1108.79
 20
541.44
 30
0.0
 11
1111.53
 21
541.87
 31
0.0
  0
LINE
  5
2CB
330
17
100
AcDbEntity
  8
LINES
100
AcDbLine
 10
1114.41
 20
543.74
 30
0.0
 11
1117.29
 21
544.03
 31
0.0
  0
LINE
  5
2CC
330
17
100
AcDbEntity
  8
LINES
100
AcDbLine
 10
1113.55
 20
538.7
 30
0.0
 11
1118.15
 21
538.99
 31
0.0
  0
LINE
  5
2CD
330
17
100
AcDbEntity
  8
LINES
100
AcDbLine
 10
1119.45
 20
544.32
 30
0.0
 11
1119.88
 21
542.59
 31
0.0
  0
LINE
  5
2CE
330
17
100
AcDbEntity
  8
LINES
100
AcDbLine
 10
1121.75
 20
545.9
 30
0.0
 11
1120.6
 21
541.44
 31
0.0
  0
LINE
  5
2CF
330
17
100
AcDbEntity
  8
LINES
100
AcDbLine
 10
1123.19
 20
543.6
 30
0.0
 11
1122.47
 21
541.73
 31
0.0
  0
LINE
  5
2D0
330
17
100
AcDbEntity
  8
LINES
100
AcDbLine
 10
1122.76
 20
536.98
 30
0.0
 11
1123.48
 21
536.98
 31
0.0
  0
LINE
  5
2D1
330
17
100
AcDbEntity
  8
LINES
100
AcDbLine
 10
1121.75
 20
542.02
 30
0.0
 11
1121.61
 21
540.86
 31
0.0
  0
LINE
  5
2D2
330
17
100
AcDbEntity
  8
LINES
100
AcDbLine
 10
1121.61
 20
540.72
 30
0.0
 11
1122.76
 21
536.98
 31
0.0
  0
LINE
  5
2D3
330
17
100
AcDbEntity
  8
LINES
100
AcDbLine
 10
1120.89
 20
538.27
 30
0.0
 11
1119.45
 21
536.83
 31
0.0
  0
LINE
  5
2D4
330
17
100
AcDbEntity
  8
LINES
100
AcDbLine
 10
1120.89
 20
538.27
 30
0.0
 11
1121.61
 21
540.86
 31
0.0
  0
LINE
  5
2D5
330
17
100
AcDbEntity
  8
LINES
100
AcDbLine
 10
1121.03
 20
542.74
 30
0.0
 11
1123.05
 21
543.31
 31
0.0
  0
LINE
  5
2D6
330
17
100
AcDbEntity
  8
LINES
100
AcDbLine
 10
1124.78
 20
545.18
 30
0.0
 11
1128.23
 21
545.62
 31
0.0
  0
LINE
  5
2D7
330
17
100
AcDbEntity
  8
LINES
100
AcDbLine
 10
1124.35
 20
541.87
 30
0.0
 11
1128.67
 21
542.45
 31
0.0
  0
LINE
  5
2D8
330
17
100
AcDbEntity
  8
LINES
100
AcDbLine
 10
1127.51
 20
545.33
 30
0.0
 11
1127.51
 21
536.98
 31
0.0
  0
LINE
  5
2D9
330
17
100
AcDbEntity
  8
LINES
100
AcDbLine
 10
1130.11
 20
544.61
 30
0.0
 11
1132.41
 21
544.9
 31
0.0
  0
LINE
  5
2DA
330
17
100
AcDbEntity
  8
LINES
100
AcDbLine
 10
1130.68
 20
542.59
 30
0.0
 11
1131.98
 21
543.02
 31
0.0
  0
LINE
  5
2DB
330
17
100
AcDbEntity
  8
LINES
100
AcDbLine
 10
1131.4
 20
540.86
 30
0.0
 11
1130.68
 21
538.99
 31
0.0
  0
LINE
  5
2DC
330
17
100
AcDbEntity
  8
LINES
100
AcDbLine
 10
1129.82
 20
540.29
 30
0.0
 11
1131.26
 21
544.75
 31
0.0
  0
LINE
  5
2DD
330
17
100
AcDbEntity
  8
LINES
100
AcDbLine
 10
1130.39
 20
541.73
 30
0.0
 11
1130.97
 21
540.58
 31
0.0
  0
LINE
  5
2DE
330
17
100
AcDbEntity
  8
LINES
100
AcDbLine
 10
1132.84
 20
540.14
 30
0.0
 11
1132.84
 21
543.89
 31
0.0
  0
LINE
  5
2DF
330
17
100
AcDbEntity
  8
LINES
100
AcDbLine
 10
1131.4
 20
540.86
 30
0.0
 11
1132.12
 21
543.31
 31
0.0
  0
LINE
  5
2E0
330
17
100
AcDbEntity
  8
LINES
100
AcDbLine
 10
1129.82
 20
537.26
 30
0.0
 11
1130.68
 21
538.99
 31
0.0
  0
LINE
  5
2E1
330
17
100
AcDbEntity
  8
LINES
100
AcDbLine
 10
710.49
 20
515.09
 30
0.0
 11
713.8
 21
515.09
 31
0.0
  0
LINE
  5
2E2
330
17
100
AcDbEntity
  8
LINES
100
AcDbLine
 10
717.11
 20
515.09
 30
0.0
 11
720.28
 21
515.09
 31
0.0
  0
LINE
  5
2E3
330
17
100
AcDbEntity
  8
LINES
100
AcDbLine
 10
829.87
 20
521.86
 30
0.0
 11
829.87
 21
517.25
 31
0.0
  0
LINE
  5
2E4
330
17
100
AcDbEntity
  8
LINES
100
AcDbLine
 10
829.29
 20
518.98
 30
0.0
 11
830.59
 21
519.12
 31
0.0
  0
LINE
  5
2E5
330
17
100
AcDbEntity
  8
LINES
100
AcDbLine
 10
829.29
 20
520.27
 30
0.0
 11
830.44
 21
520.56
 31
0.0
  0
LINE
  5
2E6
330
17
100
AcDbEntity
  8
LINES
100
AcDbLine
 10
829.43
 20
522.86
 30
0.0
 11
830.01
 21
522.0
 31
0.0
  0
LINE
  5
2E7
330
17
100
AcDbEntity
  8
LINES
100
AcDbLine
 10
828.86
 20
521.71
 30
0.0
 11
831.02
 21
522.0
 31
0.0
  0
LINE
  5
2E8
330
17
100
AcDbEntity
  8
LINES
100
AcDbLine
 10
828.86
 20
522.14
 30
0.0
 11
828.86
 21
517.25
 31
0.0
  0
LINE
  5
2E9
330
17
100
AcDbEntity
  8
LINES
100
AcDbLine
 10
826.84
 20
520.27
 30
0.0
 11
828.28
 21
520.56
 31
0.0
  0
LINE
  5
2EA
330
17
100
AcDbEntity
  8
LINES
100
AcDbLine
 10
827.56
 20
523.44
 30
0.0
 11
828.14
 21
522.14
 31
0.0
  0
LINE
  5
2EB
330
17
100
AcDbEntity
  8
LINES
100
AcDbLine
 10
830.73
 20
524.3
 30
0.0
 11
829.72
 21
522.43
 31
0.0
  0
LINE
  5
2EC
330
17
100
AcDbEntity
  8
LINES
100
AcDbLine
 10
828.86
 20
523.58
 30
0.0
 11
830.59
 21
523.87
 31
0.0
  0
LINE
  5
2ED
330
17
100
AcDbEntity
  8
LINES
100
AcDbLine
 10
831.02
 20
515.52
 30
0.0
 11
831.59
 21
515.81
 31
0.0
  0
LINE
  5
2EE
330
17
100
AcDbEntity
  8
LINES
100
AcDbLine
 10
834.19
 20
515.81
 30
0.0
 11
835.77
 21
516.1
 31
0.0
  0
LINE
  5
2EF
330
17
100
AcDbEntity
  8
LINES
100
AcDbLine
 10
835.91
 20
518.54
 30
0.0
 11
835.63
 21
516.1
 31
0.0
  0
LINE
  5
2F0
330
17
100
AcDbEntity
  8
LINES
100
AcDbLine
 10
834.19
 20
518.4
 30
0.0
 11
834.19
 21
515.23
 31
0.0
  0
LINE
  5
2F1
330
17
100
AcDbEntity
  8
LINES
100
AcDbLine
 10
833.47
 20
522.0
 30
0.0
 11
836.63
 21
522.43
 31
0.0
  0
LINE
  5
2F2
330
17
100
AcDbEntity
  8
LINES
100
AcDbLine
 10
834.76
 20
524.45
 30
0.0
 11
835.48
 21
522.72
 31
0.0
  0
LINE
  5
2F3
330
17
100
AcDbEntity
  8
LINES
100
AcDbLine
 10
833.61
 20
524.45
 30
0.0
 11
831.88
 21
519.7
 31
0.0
  0
LINE
  5
2F4
330
17
100
AcDbEntity
  8
LINES
100
AcDbLine
 10
833.03
 20
522.43
 30
0.0
 11
833.03
 21
515.23
 31
0.0
  0
LINE
  5
2F5
330
17
100
AcDbEntity
  8
LINES
100
AcDbLine
 10
834.04
 20
520.7
 30
0.0
 11
836.06
 21
520.99
 31
0.0
  0
LINE
  5
2F6
330
17
100
AcDbEntity
  8
LINES
100
AcDbLine
 10
836.06
 20
519.55
 30
0.0
 11
834.04
 21
519.26
 31
0.0
  0
LINE
  5
2F7
330
17
100
AcDbEntity
  8
LINES
100
AcDbLine
 10
834.19
 20
517.97
 30
0.0
 11
835.77
 21
518.26
 31
0.0
  0
LINE
  5
2F8
330
17
100
AcDbEntity
  8
LINES
100
AcDbLine
 10
838.07
 20
522.72
 30
0.0
 11
838.07
 21
517.39
 31
0.0
  0
LINE
  5
2F9
330
17
100
AcDbEntity
  8
LINES
100
AcDbLine
 10
838.07
 20
521.86
 30
0.0
 11
841.24
 21
522.29
 31
0.0
  0
LINE
  5
2FA
330
17
100
AcDbEntity
  8
LINES
100
AcDbLine
 10
841.24
 20
522.58
 30
0.0
 11
840.81
 21
518.69
 31
0.0
  0
LINE
  5
2FB
330
17
100
AcDbEntity
  8
LINES
100
AcDbLine
 10
841.1
 20
518.69
 30
0.0
 11
838.07
 21
518.26
 31
0.0
  0
LINE
  5
2FC
330
17
100
AcDbEntity
  8
LINES
100
AcDbLine
 10
838.51
 20
520.27
 30
0.0
 11
840.52
 21
520.56
 31
0.0
  0
LINE
  5
2FD
330
17
100
AcDbEntity
  8
LINES
100
AcDbLine
 10
847.43
 20
516.53
 30
0.0
 11
846.71
 21
517.68
 31
0.0
  0
LINE
  5
2FE
330
17
100
AcDbEntity
  8
LINES
100
AcDbLine
 10
845.42
 20
517.68
 30
0.0
 11
844.55
 21
515.52
 31
0.0
  0
LINE
  5
2FF
330
17
100
AcDbEntity
  8
LINES
100
AcDbLine
 10
846.14
 20
522.86
 30
0.0
 11
845.85
 21
521.42
 31
0.0
  0
LINE
  5
300
330
17
100
AcDbEntity
  8
LINES
100
AcDbLine
 10
845.42
 20
520.13
 30
0.0
 11
846.57
 21
520.27
 31
0.0
  0
LINE
  5
301
330
17
100
AcDbEntity
  8
LINES
100
AcDbLine
 10
846.86
 20
519.12
 30
0.0
 11
845.42
 21
518.83
 31
0.0
  0
LINE
  5
302
330
17
100
AcDbEntity
  8
LINES
100
AcDbLine
 10
847.0
 20
521.71
 30
0.0
 11
846.86
 21
519.12
 31
0.0
  0
LINE
  5
303
330
17
100
AcDbEntity
  8
LINES
100
AcDbLine
 10
845.42
 20
521.28
 30
0.0
 11
846.86
 21
521.57
 31
0.0
  0
LINE
  5
304
330
17
100
AcDbEntity
  8
LINES
100
AcDbLine
 10
845.42
 20
521.86
 30
0.0
 11
845.42
 21
518.54
 31
0.0
  0
LINE
  5
305
330
17
100
AcDbEntity
  8
LINES
100
AcDbLine
 10
844.84
 20
523.01
 30
0.0
 11
847.29
 21
523.44
 31
0.0
  0
LINE
  5
306
330
17
100
AcDbEntity
  8
LINES
100
AcDbLine
 10
843.4
 20
523.44
 30
0.0
 11
843.98
 21
522.29
 31
0.0
  0
LINE
  5
307
330
17
100
AcDbEntity
  8
LINES
100
AcDbLine
 10
843.26
 20
516.24
 30
0.0
 11
844.12
 21
521.28
 31
0.0
  0
LINE
  5
308
330
17
100
AcDbEntity
  8
LINES
100
AcDbLine
 10
842.54
 20
521.28
 30
0.0
 11
843.4
 21
520.13
 31
0.0
  0
LINE
  5
309
330
17
100
AcDbEntity
  8
LINES
100
AcDbLine
 10
842.83
 20
517.25
 30
0.0
 11
843.26
 21
516.53
 31
0.0
  0
LINE
  5
30A
330
17
100
AcDbEntity
  8
LINES
100
AcDbLine
 10
843.26
 20
516.24
 30
0.0
 11
844.12
 21
520.7
 31
0.0
  0
LINE
  5
30B
330
17
100
AcDbEntity
  8
LINES
100
AcDbLine
 10
843.69
 20
515.52
 30
0.0
 11
844.41
 21
517.97
 31
0.0
  0
LINE
  5
30C
330
17
100
AcDbEntity
  8
LINES
100
AcDbLine
 10
851.18
 20
522.14
 30
0.0
 11
850.89
 21
520.56
 31
0.0
  0
LINE
  5
30D
330
17
100
AcDbEntity
  8
LINES
100
AcDbLine
 10
849.74
 20
522.0
 30
0.0
 11
850.03
 21
520.56
 31
0.0
  0
LINE
  5
30E
330
17
100
AcDbEntity
  8
LINES
100
AcDbLine
 10
851.18
 20
520.56
 30
0.0
 11
851.18
 21
515.38
 31
0.0
  0
LINE
  5
30F
330
17
100
AcDbEntity
  8
LINES
100
AcDbLine
 10
849.02
 20
518.4
 30
0.0
 11
852.47
 21
518.98
 31
0.0
  0
LINE
  5
310
330
17
100
AcDbEntity
  8
LINES
100
AcDbLine
 10
849.31
 20
520.27
 30
0.0
 11
851.9
 21
520.7
 31
0.0
  0
LINE
  5
311
330
17
100
AcDbEntity
  8
LINES
100
AcDbLine
 10
851.47
 20
522.58
 30
0.0
 11
851.61
 21
524.16
 31
0.0
  0
LINE
  5
312
330
17
100
AcDbEntity
  8
LINES
100
AcDbLine
 10
849.16
 20
522.14
 30
0.0
 11
851.75
 21
522.58
 31
0.0
  0
LINE
  5
313
330
17
100
AcDbEntity
  8
LINES
100
AcDbLine
 10
849.16
 20
523.44
 30
0.0
 11
851.47
 21
523.87
 31
0.0
  0
LINE
  5
314
330
17
100
AcDbEntity
  8
LINES
100
AcDbLine
 10
1035.5
 20
515.09
 30
0.0
 11
1038.23
 21
515.09
 31
0.0
  0
LINE
  5
315
330
17
100
AcDbEntity
  8
LINES
100
AcDbLine
 10
1100.01
 20
524.3
 30
0.0
 11
1099.87
 21
516.24
 31
0.0
  0
LINE
  5
316
330
17
100
AcDbEntity
  8
LINES
100
AcDbLine
 10
1098.86
 20
518.69
 30
0.0
 11
1100.87
 21
518.98
 31
0.0
  0
LINE
  5
317
330
17
100
AcDbEntity
  8
LINES
100
AcDbLine
 10
1101.45
 20
516.24
 30
0.0
 11
1098.28
 21
515.95
 31
0.0
  0
LINE
  5
318
330
17
100
AcDbEntity
  8
LINES
100
AcDbLine
 10
1101.74
 20
521.57
 30
0.0
 11
1101.31
 21
515.23
 31
0.0
  0
LINE
  5
319
330
17
100
AcDbEntity
  8
LINES
100
AcDbLine
 10
1098.28
 20
520.99
 30
0.0
 11
1101.59
 21
521.28
 31
0.0
  0
LINE
  5
31A
330
17
100
AcDbEntity
  8
LINES
100
AcDbLine
 10
1098.28
 20
521.71
 30
0.0
 11
1098.28
 21
515.38
 31
0.0
  0
LINE
  5
31B
330
17
100
AcDbEntity
  8
LINES
100
AcDbLine
 10
1103.61
 20
522.72
 30
0.0
 11
1103.61
 21
517.39
 31
0.0
  0
LINE
  5
31C
330
17
100
AcDbEntity
  8
LINES
100
AcDbLine
 10
1103.61
 20
521.86
 30
0.0
 11
1106.78
 21
522.29
 31
0.0
  0
LINE
  5
31D
330
17
100
AcDbEntity
  8
LINES
100
AcDbLine
 10
1106.92
 20
522.58
 30
0.0
 11
1106.49
 21
518.69
 31
0.0
  0
LINE
  5
31E
330
17
100
AcDbEntity
  8
LINES
100
AcDbLine
 10
1106.63
 20
518.69
 30
0.0
 11
1103.61
 21
518.26
 31
0.0
  0
LINE
  5
31F
330
17
100
AcDbEntity
  8
LINES
100
AcDbLine
 10
1104.19
 20
520.27
 30
0.0
 11
1106.06
 21
520.56
 31
0.0
  0
LINE
  5
320
330
17
100
AcDbEntity
  8
LINES
100
AcDbLine
 10
1110.23
 20
524.45
 30
0.0
 11
1108.22
 21
520.56
 31
0.0
  0
LINE
  5
321
330
17
100
AcDbEntity
  8
LINES
100
AcDbLine
 10
1109.51
 20
522.72
 30
0.0
 11
1112.39
 21
523.01
 31
0.0
  0
LINE
  5
322
330
17
100
AcDbEntity
  8
LINES
100
AcDbLine
 10
1109.51
 20
521.28
 30
0.0
 11
1111.67
 21
521.71
 31
0.0
  0
LINE
  5
323
330
17
100
AcDbEntity
  8
LINES
100
AcDbLine
 10
1108.79
 20
519.7
 30
0.0
 11
1111.53
 21
520.13
 31
0.0
  0
LINE
  5
324
330
17
100
AcDbEntity
  8
LINES
100
AcDbLine
 10
1114.41
 20
522.0
 30
0.0
 11
1117.29
 21
522.29
 31
0.0
  0
LINE
  5
325
330
17
100
AcDbEntity
  8
LINES
100
AcDbLine
 10
1113.55
 20
516.96
 30
0.0
 11
1118.15
 21
517.25
 31
0.0
  0
LINE
  5
326
330
17
100
AcDbEntity
  8
LINES
100
AcDbLine
 10
1119.45
 20
522.58
 30
0.0
 11
1119.88
 21
520.99
 31
0.0
  0
LINE
  5
327
330
17
100
AcDbEntity
  8
LINES
100
AcDbLine
 10
1121.75
 20
524.16
 30
0.0
 11
1120.6
 21
519.7
 31
0.0
  0
LINE
  5
328
330
17
100
AcDbEntity
  8
LINES
100
AcDbLine
 10
1123.19
 20
521.86
 30
0.0
 11
1122.47
 21
519.98
 31
0.0
  0
LINE
  5
329
330
17
100
AcDbEntity
  8
LINES
100
AcDbLine
 10
1122.76
 20
515.23
 30
0.0
 11
1123.48
 21
515.23
 31
0.0
  0
LINE
  5
32A
330
17
100
AcDbEntity
  8
LINES
100
AcDbLine
 10
1121.75
 20
520.27
 30
0.0
 11
1121.61
 21
519.12
 31
0.0
  0
LINE
  5
32B
330
17
100
AcDbEntity
  8
LINES
100
AcDbLine
 10
1121.61
 20
518.98
 30
0.0
 11
1122.76
 21
515.23
 31
0.0
  0
LINE
  5
32C
330
17
100
AcDbEntity
  8
LINES
100
AcDbLine
 10
1120.89
 20
516.53
 30
0.0
 11
1119.45
 21
515.09
 31
0.0
  0
LINE
  5
32D
330
17
100
AcDbEntity
  8
LINES
100
AcDbLine
 10
1120.89
 20
516.53
 30
0.0
 11
1121.61
 21
519.12
 31
0.0
  0
LINE
  5
32E
330
17
100
AcDbEntity
  8
LINES
100
AcDbLine
 10
1121.03
 20
520.99
 30
0.0
 11
1123.05
 21
521.57
 31
0.0
  0
LINE
  5
32F
330
17
100
AcDbEntity
  8
LINES
100
AcDbLine
 10
1124.78
 20
523.44
 30
0.0
 11
1128.23
 21
523.87
 31
0.0
  0
LINE
  5
330
330
17
100
AcDbEntity
  8
LINES
100
AcDbLine
 10
1124.35
 20
520.27
 30
0.0
 11
1128.67
 21
520.7
 31
0.0
  0
LINE
  5
331
330
17
100
AcDbEntity
  8
LINES
100
AcDbLine
 10
1127.51
 20
523.58
 30
0.0
 11
1127.51
 21
515.23
 31
0.0
  0
LINE
  5
332
330
17
100
AcDbEntity
  8
LINES
100
AcDbLine
 10
1130.11
 20
522.86
 30
0.0
 11
1132.41
 21
523.15
 31
0.0
  0
LINE
  5
333
330
17
100
AcDbEntity
  8
LINES
100
AcDbLine
 10
1130.68
 20
520.99
 30
0.0
 11
1131.98
 21
521.28
 31
0.0
  0
LINE
  5
334
330
17
100
AcDbEntity
  8
LINES
100
AcDbLine
 10
1131.4
 20
519.12
 30
0.0
 11
1130.68
 21
517.25
 31
0.0
  0
LINE
  5
335
330
17
100
AcDbEntity
  8
LINES
100
AcDbLine
 10
1129.82
 20
518.54
 30
0.0
 11
1131.26
 21
523.01
 31
0.0
  0
LINE
  5
336
330
17
100
AcDbEntity
  8
LINES
100
AcDbLine
 10
1130.39
 20
519.98
 30
0.0
 11
1130.97
 21
518.83
 31
0.0
  0
LINE
  5
337
330
17
100
AcDbEntity
  8
LINES
100
AcDbLine
 10
1132.84
 20
518.4
 30
0.0
 11
1132.84
 21
522.14
 31
0.0
  0
LINE
  5
338
330
17
100
AcDbEntity
  8
LINES
100
AcDbLine
 10
1131.4
 20
519.12
 30
0.0
 11
1132.12
 21
521.71
 31
0.0
  0
LINE
  5
339
330
17
100
AcDbEntity
  8
LINES
100
AcDbLine
 10
1129.82
 20
515.52
 30
0.0
 11
1130.68
 21
517.25
 31
0.0
  0
LINE
  5
33A
330
17
100
AcDbEntity
  8
LINES
100
AcDbLine
 10
710.49
 20
493.34
 30
0.0
 11
713.8
 21
493.34
 31
0.0
  0
LINE
  5
33B
330
17
100
AcDbEntity
  8
LINES
100
AcDbLine
 10
717.11
 20
493.34
 30
0.0
 11
720.28
 21
493.34
 31
0.0
  0
LINE
  5
33C
330
17
100
AcDbEntity
  8
LINES
100
AcDbLine
 10
832.75
 20
500.11
 30
0.0
 11
832.75
 21
495.5
 31
0.0
  0
LINE
  5
33D
330
17
100
AcDbEntity
  8
LINES
100
AcDbLine
 10
832.17
 20
497.23
 30
0.0
 11
833.32
 21
497.38
 31
0.0
  0
LINE
  5
33E
330
17
100
AcDbEntity
  8
LINES
100
AcDbLine
 10
832.17
 20
498.53
 30
0.0
 11
833.18
 21
498.82
 31
0.0
  0
LINE
  5
33F
330
17
100
AcDbEntity
  8
LINES
100
AcDbLine
 10
832.31
 20
501.12
 30
0.0
 11
832.89
 21
500.26
 31
0.0
  0
LINE
  5
340
330
17
100
AcDbEntity
  8
LINES
100
AcDbLine
 10
831.74
 20
499.97
 30
0.0
 11
833.75
 21
500.4
 31
0.0
  0
LINE
  5
341
330
17
100
AcDbEntity
  8
LINES
100
AcDbLine
 10
831.74
 20
500.4
 30
0.0
 11
831.74
 21
495.65
 31
0.0
  0
LINE
  5
342
330
17
100
AcDbEntity
  8
LINES
100
AcDbLine
 10
829.72
 20
498.53
 30
0.0
 11
831.16
 21
498.82
 31
0.0
  0
LINE
  5
343
330
17
100
AcDbEntity
  8
LINES
100
AcDbLine
 10
830.44
 20
501.84
 30
0.0
 11
831.02
 21
500.4
 31
0.0
  0
LINE
  5
344
330
17
100
AcDbEntity
  8
LINES
100
AcDbLine
 10
833.61
 20
502.56
 30
0.0
 11
832.6
 21
500.69
 31
0.0
  0
LINE
  5
345
330
17
100
AcDbEntity
  8
LINES
100
AcDbLine
 10
831.74
 20
501.84
 30
0.0
 11
833.32
 21
502.13
 31
0.0
  0
LINE
  5
346
330
17
100
AcDbEntity
  8
LINES
100
AcDbLine
 10
833.9
 20
493.78
 30
0.0
 11
834.33
 21
494.06
 31
0.0
  0
LINE
  5
347
330
17
100
AcDbEntity
  8
LINES
100
AcDbLine
 10
837.07
 20
494.06
 30
0.0
 11
838.65
 21
494.35
 31
0.0
  0
LINE
  5
348
330
17
100
AcDbEntity
  8
LINES
100
AcDbLine
 10
838.79
 20
496.8
 30
0.0
 11
838.51
 21
494.35
 31
0.0
  0
LINE
  5
349
330
17
100
AcDbEntity
  8
LINES
100
AcDbLine
 10
837.07
 20
496.66
 30
0.0
 11
837.07
 21
493.49
 31
0.0
  0
LINE
  5
34A
330
17
100
AcDbEntity
  8
LINES
100
AcDbLine
 10
836.35
 20
500.26
 30
0.0
 11
839.51
 21
500.69
 31
0.0
  0
LINE
  5
34B
330
17
100
AcDbEntity
  8
LINES
100
AcDbLine
 10
837.64
 20
502.7
 30
0.0
 11
838.22
 21
500.98
 31
0.0
  0
LINE
  5
34C
330
17
100
AcDbEntity
  8
LINES
100
AcDbLine
 10
836.49
 20
502.7
 30
0.0
 11
834.76
 21
497.95
 31
0.0
  0
LINE
  5
34D
330
17
100
AcDbEntity
  8
LINES
100
AcDbLine
 10
835.91
 20
500.69
 30
0.0
 11
835.91
 21
493.49
 31
0.0
  0
LINE
  5
34E
330
17
100
AcDbEntity
  8
LINES
100
AcDbLine
 10
836.92
 20
498.96
 30
0.0
 11
838.79
 21
499.25
 31
0.0
  0
LINE
  5
34F
330
17
100
AcDbEntity
  8
LINES
100
AcDbLine
 10
838.94
 20
497.81
 30
0.0
 11
836.92
 21
497.52
 31
0.0
  0
LINE
  5
350
330
17
100
AcDbEntity
  8
LINES
100
AcDbLine
 10
837.07
 20
496.22
 30
0.0
 11
838.65
 21
496.51
 31
0.0
  0
LINE
  5
351
330
17
100
AcDbEntity
  8
LINES
100
AcDbLine
 10
842.25
 20
502.42
 30
0.0
 11
841.53
 21
500.69
 31
0.0
  0
LINE
  5
352
330
17
100
AcDbEntity
  8
LINES
100
AcDbLine
 10
842.68
 20
497.38
 30
0.0
 11
842.68
 21
494.35
 31
0.0
  0
LINE
  5
353
330
17
100
AcDbEntity
  8
LINES
100
AcDbLine
 10
841.82
 20
495.65
 30
0.0
 11
843.4
 21
495.94
 31
0.0
  0
LINE
  5
354
330
17
100
AcDbEntity
  8
LINES
100
AcDbLine
 10
843.69
 20
494.35
 30
0.0
 11
841.53
 21
494.06
 31
0.0
  0
LINE
  5
355
330
17
100
AcDbEntity
  8
LINES
100
AcDbLine
 10
843.83
 20
497.81
 30
0.0
 11
843.69
 21
493.63
 31
0.0
  0
LINE
  5
356
330
17
100
AcDbEntity
  8
LINES
100
AcDbLine
 10
841.53
 20
497.23
 30
0.0
 11
843.69
 21
497.52
 31
0.0
  0
LINE
  5
357
330
17
100
AcDbEntity
  8
LINES
100
AcDbLine
 10
841.53
 20
497.66
 30
0.0
 11
841.53
 21
493.63
 31
0.0
  0
LINE
  5
358
330
17
100
AcDbEntity
  8
LINES
100
AcDbLine
 10
841.67
 20
501.12
 30
0.0
 11
843.69
 21
501.41
 31
0.0
  0
LINE
  5
359
330
17
100
AcDbEntity
  8
LINES
100
AcDbLine
 10
841.53
 20
500.69
 30
0.0
 11
840.52
 21
498.82
 31
0.0
  0
LINE
  5
35A
330
17
100
AcDbEntity
  8
LINES
100
AcDbLine
 10
847.15
 20
499.25
 30
0.0
 11
849.31
 21
499.68
 31
0.0
  0
LINE
  5
35B
330
17
100
AcDbEntity
  8
LINES
100
AcDbLine
 10
849.31
 20
497.81
 30
0.0
 11
847.0
 21
497.38
 31
0.0
  0
LINE
  5
35C
330
17
100
AcDbEntity
  8
LINES
100
AcDbLine
 10
848.15
 20
494.35
 30
0.0
 11
848.15
 21
501.55
 31
0.0
  0
LINE
  5
35D
330
17
100
AcDbEntity
  8
LINES
100
AcDbLine
 10
846.71
 20
501.41
 30
0.0
 11
849.74
 21
501.98
 31
0.0
  0
LINE
  5
35E
330
17
100
AcDbEntity
  8
LINES
100
AcDbLine
 10
853.91
 20
500.4
 30
0.0
 11
853.77
 21
498.82
 31
0.0
  0
LINE
  5
35F
330
17
100
AcDbEntity
  8
LINES
100
AcDbLine
 10
852.62
 20
500.26
 30
0.0
 11
852.91
 21
498.82
 31
0.0
  0
LINE
  5
360
330
17
100
AcDbEntity
  8
LINES
100
AcDbLine
 10
853.91
 20
498.82
 30
0.0
 11
853.91
 21
493.63
 31
0.0
  0
LINE
  5
361
330
17
100
AcDbEntity
  8
LINES
100
AcDbLine
 10
851.9
 20
496.66
 30
0.0
 11
855.35
 21
497.23
 31
0.0
  0
LINE
  5
362
330
17
100
AcDbEntity
  8
LINES
100
AcDbLine
 10
852.19
 20
498.53
 30
0.0
 11
854.78
 21
498.96
 31
0.0
  0
LINE
  5
363
330
17
100
AcDbEntity
  8
LINES
100
AcDbLine
 10
854.35
 20
500.83
 30
0.0
 11
854.49
 21
502.42
 31
0.0
  0
LINE
  5
364
330
17
100
AcDbEntity
  8
LINES
100
AcDbLine
 10
852.04
 20
500.4
 30
0.0
 11
854.49
 21
500.83
 31
0.0
  0
LINE
  5
365
330
17
100
AcDbEntity
  8
LINES
100
AcDbLine
 10
852.04
 20
501.7
 30
0.0
 11
854.35
 21
502.13
 31
0.0
  0
LINE
  5
366
330
17
100
AcDbEntity
  8
LINES
100
AcDbLine
 10
1035.21
 20
493.34
 30
0.0
 11
1038.52
 21
493.34
 31
0.0
  0
LINE
  5
367
330
17
100
AcDbEntity
  8
LINES
100
AcDbLine
 10
1112.97
 20
500.98
 30
0.0
 11
1116.43
 21
501.41
 31
0.0
  0
LINE
  5
368
330
17
100
AcDbEntity
  8
LINES
100
AcDbLine
 10
1112.97
 20
501.55
 30
0.0
 11
1112.83
 21
499.54
 31
0.0
  0
LINE
  5
369
330
17
100
AcDbEntity
  8
LINES
100
AcDbLine
 10
1116.57
 20
501.84
 30
0.0
 11
1116.14
 21
500.11
 31
0.0
  0
LINE
  5
36A
330
17
100
AcDbEntity
  8
LINES
100
AcDbLine
 10
1114.27
 20
502.56
 30
0.0
 11
1114.84
 21
501.7
 31
0.0
  0
LINE
  5
36B
330
17
100
AcDbEntity
  8
LINES
100
AcDbLine
 10
1113.98
 20
500.69
 30
0.0
 11
1114.12
 21
498.53
 31
0.0
  0
LINE
  5
36C
330
17
100
AcDbEntity
  8
LINES
100
AcDbLine
 10
1115.13
 20
500.83
 30
0.0
 11
1114.99
 21
498.53
 31
0.0
  0
LINE
  5
36D
330
17
100
AcDbEntity
  8
LINES
100
AcDbLine
 10
1112.97
 20
499.39
 30
0.0
 11
1116.14
 21
499.82
 31
0.0
  0
LINE
  5
36E
330
17
100
AcDbEntity
  8
LINES
100
AcDbLine
 10
1113.55
 20
498.53
 30
0.0
 11
1113.55
 21
495.36
 31
0.0
  0
LINE
  5
36F
330
17
100
AcDbEntity
  8
LINES
100
AcDbLine
 10
1113.55
 20
497.81
 30
0.0
 11
1115.56
 21
498.1
 31
0.0
  0
LINE
  5
370
330
17
100
AcDbEntity
  8
LINES
100
AcDbLine
 10
1115.56
 20
498.24
 30
0.0
 11
1115.56
 21
494.93
 31
0.0
  0
LINE
  5
371
330
17
100
AcDbEntity
  8
LINES
100
AcDbLine
 10
1118.3
 20
496.22
 30
0.0
 11
1118.01
 21
496.22
 31
0.0
  0
LINE
  5
372
330
17
100
AcDbEntity
  8
LINES
100
AcDbLine
 10
1126.79
 20
493.92
 30
0.0
 11
1127.37
 21
494.06
 31
0.0
  0
LINE
  5
373
330
17
100
AcDbEntity
  8
LINES
100
AcDbLine
 10
1122.76
 20
498.82
 30
0.0
 11
1124.06
 21
499.25
 31
0.0
  0
LINE
  5
374
330
17
100
AcDbEntity
  8
LINES
100
AcDbLine
 10
1123.34
 20
502.13
 30
0.0
 11
1123.91
 21
500.69
 31
0.0
  0
LINE
  5
375
330
17
100
AcDbEntity
  8
LINES
100
AcDbLine
 10
1125.07
 20
501.84
 30
0.0
 11
1126.65
 21
502.13
 31
0.0
  0
LINE
  5
376
330
17
100
AcDbEntity
  8
LINES
100
AcDbLine
 10
1124.63
 20
499.68
 30
0.0
 11
1127.08
 21
500.26
 31
0.0
  0
LINE
  5
377
330
17
100
AcDbEntity
  8
LINES
100
AcDbLine
 10
1125.21
 20
497.81
 30
0.0
 11
1124.49
 21
495.94
 31
0.0
  0
LINE
  5
378
330
17
100
AcDbEntity
  8
LINES
100
AcDbLine
 10
1126.07
 20
499.97
 30
0.0
 11
1126.07
 21
496.51
 31
0.0
  0
LINE
  5
379
330
17
100
AcDbEntity
  8
LINES
100
AcDbLine
 10
1125.5
 20
499.82
 30
0.0
 11
1125.21
 21
497.81
 31
0.0
  0
LINE
  5
37A
330
17
100
AcDbEntity
  8
LINES
100
AcDbLine
 10
1131.4
 20
497.23
 30
0.0
 11
1130.83
 21
493.34
 31
0.0
  0
LINE
  5
37B
330
17
100
AcDbEntity
  8
LINES
100
AcDbLine
 10
1131.4
 20
499.39
 30
0.0
 11
1132.27
 21
499.68
 31
0.0
  0
LINE
  5
37C
330
17
100
AcDbEntity
  8
LINES
100
AcDbLine
 10
1131.4
 20
497.38
 30
0.0
 11
1132.27
 21
497.52
 31
0.0
  0
LINE
  5
37D
330
17
100
AcDbEntity
  8
LINES
100
AcDbLine
 10
1128.38
 20
500.4
 30
0.0
 11
1130.83
 21
500.98
 31
0.0
  0
LINE
  5
37E
330
17
100
AcDbEntity
  8
LINES
100
AcDbLine
 10
1129.1
 20
502.42
 30
0.0
 11
1129.1
 21
496.66
 31
0.0
  0
LINE
  5
37F
330
17
100
AcDbEntity
  8
LINES
100
AcDbLine
 10
1128.09
 20
496.37
 30
0.0
 11
1130.83
 21
496.94
 31
0.0
  0
LINE
  5
380
330
17
100
AcDbEntity
  8
LINES
100
AcDbLine
 10
1130.39
 20
502.56
 30
0.0
 11
1130.11
 21
496.8
 31
0.0
  0
LINE
  5
381
330
17
100
AcDbEntity
  8
LINES
100
AcDbLine
 10
1129.1
 20
499.25
 30
0.0
 11
1130.11
 21
499.54
 31
0.0
  0
LINE
  5
382
330
17
100
AcDbEntity
  8
LINES
100
AcDbLine
 10
1129.1
 20
497.95
 30
0.0
 11
1130.11
 21
498.24
 31
0.0
  0
LINE
  5
383
330
17
100
AcDbEntity
  8
LINES
100
AcDbLine
 10
1129.1
 20
495.94
 30
0.0
 11
1128.09
 21
493.78
 31
0.0
  0
LINE
  5
384
330
17
100
AcDbEntity
  8
LINES
100
AcDbLine
 10
1129.82
 20
496.08
 30
0.0
 11
1130.25
 21
494.5
 31
0.0
  0
LINE
  5
385
330
17
100
AcDbEntity
  8
LINES
100
AcDbLine
 10
1131.4
 20
501.41
 30
0.0
 11
1132.41
 21
501.55
 31
0.0
  0
LINE
  5
386
330
17
100
AcDbEntity
  8
LINES
100
AcDbLine
 10
1131.4
 20
501.84
 30
0.0
 11
1131.4
 21
497.09
 31
0.0
  0
LINE
  5
387
330
17
100
AcDbEntity
  8
LINES
100
AcDbLine
 10
1137.45
 20
500.54
 30
0.0
 11
1137.31
 21
495.94
 31
0.0
  0
LINE
  5
388
330
17
100
AcDbEntity
  8
LINES
100
AcDbLine
 10
1136.73
 20
495.79
 30
0.0
 11
1137.88
 21
493.78
 31
0.0
  0
LINE
  5
389
330
17
100
AcDbEntity
  8
LINES
100
AcDbLine
 10
1135.87
 20
499.97
 30
0.0
 11
1137.45
 21
500.26
 31
0.0
  0
LINE
  5
38A
330
17
100
AcDbEntity
  8
LINES
100
AcDbLine
 10
1135.87
 20
500.4
 30
0.0
 11
1135.87
 21
495.79
 31
0.0
  0
LINE
  5
38B
330
17
100
AcDbEntity
  8
LINES
100
AcDbLine
 10
1136.59
 20
501.84
 30
0.0
 11
1136.44
 21
499.97
 31
0.0
  0
LINE
  5
38C
330
17
100
AcDbEntity
  8
LINES
100
AcDbLine
 10
1135.58
 20
501.7
 30
0.0
 11
1137.88
 21
502.13
 31
0.0
  0
LINE
  5
38D
330
17
100
AcDbEntity
  8
LINES
100
AcDbLine
 10
1135.43
 20
499.54
 30
0.0
 11
1135.0
 21
498.1
 31
0.0
  0
LINE
  5
38E
330
17
100
AcDbEntity
  8
LINES
100
AcDbLine
 10
1133.42
 20
498.82
 30
0.0
 11
1135.29
 21
499.25
 31
0.0
  0
LINE
  5
38F
330
17
100
AcDbEntity
  8
LINES
100
AcDbLine
 10
1133.99
 20
500.54
 30
0.0
 11
1134.71
 21
499.25
 31
0.0
  0
LINE
  5
390
330
17
100
AcDbEntity
  8
LINES
100
AcDbLine
 10
1133.56
 20
501.41
 30
0.0
 11
1135.0
 21
501.7
 31
0.0
  0
LINE
  5
391
330
17
100
AcDbEntity
  8
LINES
100
AcDbLine
 10
1135.15
 20
501.98
 30
0.0
 11
1134.43
 21
500.11
 31
0.0
  0
LINE
  5
392
330
17
100
AcDbEntity
  8
LINES
100
AcDbLine
 10
1140.62
 20
501.98
 30
0.0
 11
1139.32
 21
500.83
 31
0.0
  0
LINE
  5
393
330
17
100
AcDbEntity
  8
LINES
100
AcDbLine
 10
1139.18
 20
501.55
 30
0.0
 11
1139.32
 21
498.53
 31
0.0
  0
LINE
  5
394
330
17
100
AcDbEntity
  8
LINES
100
AcDbLine
 10
1139.18
 20
498.38
 30
0.0
 11
1140.47
 21
499.68
 31
0.0
  0
LINE
  5
395
330
17
100
AcDbEntity
  8
LINES
100
AcDbLine
 10
1140.19
 20
500.4
 30
0.0
 11
1140.76
 21
498.82
 31
0.0
  0
LINE
  5
396
330
17
100
AcDbEntity
  8
LINES
100
AcDbLine
 10
1140.91
 20
501.12
 30
0.0
 11
1142.78
 21
501.41
 31
0.0
  0
LINE
  5
397
330
17
100
AcDbEntity
  8
LINES
100
AcDbLine
 10
1139.61
 20
497.52
 30
0.0
 11
1139.61
 21
493.34
 31
0.0
  0
LINE
  5
398
330
17
100
AcDbEntity
  8
LINES
100
AcDbLine
 10
1139.61
 20
493.92
 30
0.0
 11
1141.91
 21
494.35
 31
0.0
  0
LINE
  5
399
330
17
100
AcDbEntity
  8
LINES
100
AcDbLine
 10
1140.91
 20
497.09
 30
0.0
 11
1140.91
 21
494.21
 31
0.0
  0
LINE
  5
39A
330
17
100
AcDbEntity
  8
LINES
100
AcDbLine
 10
1142.2
 20
497.38
 30
0.0
 11
1139.61
 21
496.8
 31
0.0
  0
LINE
  5
39B
330
17
100
AcDbEntity
  8
LINES
100
AcDbLine
 10
1140.04
 20
495.5
 30
0.0
 11
1141.77
 21
495.79
 31
0.0
  0
LINE
  5
39C
330
17
100
AcDbEntity
  8
LINES
100
AcDbLine
 10
1142.2
 20
497.52
 30
0.0
 11
1142.06
 21
493.49
 31
0.0
  0
LINE
  5
39D
330
17
100
AcDbEntity
  8
LINES
100
AcDbLine
 10
710.49
 20
471.74
 30
0.0
 11
713.8
 21
471.74
 31
0.0
  0
LINE
  5
39E
330
17
100
AcDbEntity
  8
LINES
100
AcDbLine
 10
717.11
 20
471.74
 30
0.0
 11
720.28
 21
471.74
 31
0.0
  0
LINE
  5
39F
330
17
100
AcDbEntity
  8
LINES
100
AcDbLine
 10
832.75
 20
478.37
 30
0.0
 11
832.75
 21
473.76
 31
0.0
  0
LINE
  5
3A0
330
17
100
AcDbEntity
  8
LINES
100
AcDbLine
 10
832.17
 20
475.49
 30
0.0
 11
833.32
 21
475.78
 31
0.0
  0
LINE
  5
3A1
330
17
100
AcDbEntity
  8
LINES
100
AcDbLine
 10
832.17
 20
476.78
 30
0.0
 11
833.18
 21
477.07
 31
0.0
  0
LINE
  5
3A2
330
17
100
AcDbEntity
  8
LINES
100
AcDbLine
 10
832.31
 20
479.38
 30
0.0
 11
832.89
 21
478.51
 31
0.0
  0
LINE
  5
3A3
330
17
100
AcDbEntity
  8
LINES
100
AcDbLine
 10
831.74
 20
478.22
 30
0.0
 11
833.75
 21
478.66
 31
0.0
  0
LINE
  5
3A4
330
17
100
AcDbEntity
  8
LINES
100
AcDbLine
 10
831.74
 20
478.66
 30
0.0
 11
831.74
 21
473.9
 31
0.0
  0
LINE
  5
3A5
330
17
100
AcDbEntity
  8
LINES
100
AcDbLine
 10
829.72
 20
476.78
 30
0.0
 11
831.16
 21
477.22
 31
0.0
  0
LINE
  5
3A6
330
17
100
AcDbEntity
  8
LINES
100
AcDbLine
 10
830.44
 20
480.1
 30
0.0
 11
831.02
 21
478.66
 31
0.0
  0
LINE
  5
3A7
330
17
100
AcDbEntity
  8
LINES
100
AcDbLine
 10
833.61
 20
480.82
 30
0.0
 11
832.6
 21
478.94
 31
0.0
  0
LINE
  5
3A8
330
17
100
AcDbEntity
  8
LINES
100
AcDbLine
 10
831.74
 20
480.1
 30
0.0
 11
833.32
 21
480.53
 31
0.0
  0
LINE
  5
3A9
330
17
100
AcDbEntity
  8
LINES
100
AcDbLine
 10
833.9
 20
472.03
 30
0.0
 11
834.33
 21
472.32
 31
0.0
  0
LINE
  5
3AA
330
17
100
AcDbEntity
  8
LINES
100
AcDbLine
 10
837.07
 20
472.46
 30
0.0
 11
838.65
 21
472.61
 31
0.0
  0
LINE
  5
3AB
330
17
100
AcDbEntity
  8
LINES
100
AcDbLine
 10
838.79
 20
475.06
 30
0.0
 11
838.51
 21
472.61
 31
0.0
  0
LINE
  5
3AC
330
17
100
AcDbEntity
  8
LINES
100
AcDbLine
 10
837.07
 20
474.91
 30
0.0
 11
837.07
 21
471.74
 31
0.0
  0
LINE
  5
3AD
330
17
100
AcDbEntity
  8
LINES
100
AcDbLine
 10
836.35
 20
478.51
 30
0.0
 11
839.51
 21
478.94
 31
0.0
  0
LINE
  5
3AE
330
17
100
AcDbEntity
  8
LINES
100
AcDbLine
 10
837.64
 20
480.96
 30
0.0
 11
838.22
 21
479.23
 31
0.0
  0
LINE
  5
3AF
330
17
100
AcDbEntity
  8
LINES
100
AcDbLine
 10
836.49
 20
480.96
 30
0.0
 11
834.76
 21
476.21
 31
0.0
  0
LINE
  5
3B0
330
17
100
AcDbEntity
  8
LINES
100
AcDbLine
 10
835.91
 20
478.94
 30
0.0
 11
835.91
 21
471.74
 31
0.0
  0
LINE
  5
3B1
330
17
100
AcDbEntity
  8
LINES
100
AcDbLine
 10
836.92
 20
477.22
 30
0.0
 11
838.79
 21
477.5
 31
0.0
  0
LINE
  5
3B2
330
17
100
AcDbEntity
  8
LINES
100
AcDbLine
 10
838.94
 20
476.06
 30
0.0
 11
836.92
 21
475.78
 31
0.0
  0
LINE
  5
3B3
330
17
100
AcDbEntity
  8
LINES
100
AcDbLine
 10
837.07
 20
474.48
 30
0.0
 11
838.65
 21
474.77
 31
0.0
  0
LINE
  5
3B4
330
17
100
AcDbEntity
  8
LINES
100
AcDbLine
 10
842.25
 20
480.67
 30
0.0
 11
841.53
 21
478.94
 31
0.0
  0
LINE
  5
3B5
330
17
100
AcDbEntity
  8
LINES
100
AcDbLine
 10
842.68
 20
475.63
 30
0.0
 11
842.68
 21
472.61
 31
0.0
  0
LINE
  5
3B6
330
17
100
AcDbEntity
  8
LINES
100
AcDbLine
 10
841.82
 20
473.9
 30
0.0
 11
843.4
 21
474.19
 31
0.0
  0
LINE
  5
3B7
330
17
100
AcDbEntity
  8
LINES
100
AcDbLine
 10
843.69
 20
472.61
 30
0.0
 11
841.53
 21
472.32
 31
0.0
  0
LINE
  5
3B8
330
17
100
AcDbEntity
  8
LINES
100
AcDbLine
 10
843.83
 20
476.06
 30
0.0
 11
843.69
 21
471.89
 31
0.0
  0
LINE
  5
3B9
330
17
100
AcDbEntity
  8
LINES
100
AcDbLine
 10
841.53
 20
475.49
 30
0.0
 11
843.69
 21
475.78
 31
0.0
  0
LINE
  5
3BA
330
17
100
AcDbEntity
  8
LINES
100
AcDbLine
 10
841.53
 20
475.92
 30
0.0
 11
841.53
 21
471.89
 31
0.0
  0
LINE
  5
3BB
330
17
100
AcDbEntity
  8
LINES
100
AcDbLine
 10
841.67
 20
479.38
 30
0.0
 11
843.69
 21
479.66
 31
0.0
  0
LINE
  5
3BC
330
17
100
AcDbEntity
  8
LINES
100
AcDbLine
 10
841.53
 20
478.94
 30
0.0
 11
840.52
 21
477.22
 31
0.0
  0
LINE
  5
3BD
330
17
100
AcDbEntity
  8
LINES
100
AcDbLine
 10
847.15
 20
477.5
 30
0.0
 11
849.31
 21
477.94
 31
0.0
  0
LINE
  5
3BE
330
17
100
AcDbEntity
  8
LINES
100
AcDbLine
 10
849.31
 20
476.06
 30
0.0
 11
847.0
 21
475.78
 31
0.0
  0
LINE
  5
3BF
330
17
100
AcDbEntity
  8
LINES
100
AcDbLine
 10
848.15
 20
472.61
 30
0.0
 11
848.15
 21
479.81
 31
0.0
  0
LINE
  5
3C0
330
17
100
AcDbEntity
  8
LINES
100
AcDbLine
 10
846.71
 20
479.81
 30
0.0
 11
849.74
 21
480.24
 31
0.0
  0
LINE
  5
3C1
330
17
100
AcDbEntity
  8
LINES
100
AcDbLine
 10
853.91
 20
478.66
 30
0.0
 11
853.77
 21
477.07
 31
0.0
  0
LINE
  5
3C2
330
17
100
AcDbEntity
  8
LINES
100
AcDbLine
 10
852.62
 20
478.51
 30
0.0
 11
852.91
 21
477.22
 31
0.0
  0
LINE
  5
3C3
330
17
100
AcDbEntity
  8
LINES
100
AcDbLine
 10
853.91
 20
477.07
 30
0.0
 11
853.91
 21
471.89
 31
0.0
  0
LINE
  5
3C4
330
17
100
AcDbEntity
  8
LINES
100
AcDbLine
 10
851.9
 20
474.91
 30
0.0
 11
855.35
 21
475.49
 31
0.0
  0
LINE
  5
3C5
330
17
100
AcDbEntity
  8
LINES
100
AcDbLine
 10
852.19
 20
476.78
 30
0.0
 11
854.78
 21
477.22
 31
0.0
  0
LINE
  5
3C6
330
17
100
AcDbEntity
  8
LINES
100
AcDbLine
 10
854.35
 20
479.09
 30
0.0
 11
854.49
 21
480.67
 31
0.0
  0
LINE
  5
3C7
330
17
100
AcDbEntity
  8
LINES
100
AcDbLine
 10
852.04
 20
478.66
 30
0.0
 11
854.49
 21
479.09
 31
0.0
  0
LINE
  5
3C8
330
17
100
AcDbEntity
  8
LINES
100
AcDbLine
 10
852.04
 20
479.95
 30
0.0
 11
854.35
 21
480.38
 31
0.0
  0
LINE
  5
3C9
330
17
100
AcDbEntity
  8
LINES
100
AcDbLine
 10
1035.21
 20
471.74
 30
0.0
 11
1038.52
 21
471.74
 31
0.0
  0
LINE
  5
3CA
330
17
100
AcDbEntity
  8
LINES
100
AcDbLine
 10
1112.97
 20
479.23
 30
0.0
 11
1116.43
 21
479.81
 31
0.0
  0
LINE
  5
3CB
330
17
100
AcDbEntity
  8
LINES
100
AcDbLine
 10
1112.97
 20
479.81
 30
0.0
 11
1112.83
 21
477.79
 31
0.0
  0
LINE
  5
3CC
330
17
100
AcDbEntity
  8
LINES
100
AcDbLine
 10
1116.57
 20
480.1
 30
0.0
 11
1116.14
 21
478.37
 31
0.0
  0
LINE
  5
3CD
330
17
100
AcDbEntity
  8
LINES
100
AcDbLine
 10
1114.27
 20
480.82
 30
0.0
 11
1114.84
 21
479.95
 31
0.0
  0
LINE
  5
3CE
330
17
100
AcDbEntity
  8
LINES
100
AcDbLine
 10
1113.98
 20
478.94
 30
0.0
 11
1114.12
 21
476.78
 31
0.0
  0
LINE
  5
3CF
330
17
100
AcDbEntity
  8
LINES
100
AcDbLine
 10
1115.13
 20
479.09
 30
0.0
 11
1114.99
 21
476.78
 31
0.0
  0
LINE
  5
3D0
330
17
100
AcDbEntity
  8
LINES
100
AcDbLine
 10
1112.97
 20
477.65
 30
0.0
 11
1116.14
 21
478.08
 31
0.0
  0
LINE
  5
3D1
330
17
100
AcDbEntity
  8
LINES
100
AcDbLine
 10
1113.55
 20
476.78
 30
0.0
 11
1113.55
 21
473.62
 31
0.0
  0
LINE
  5
3D2
330
17
100
AcDbEntity
  8
LINES
100
AcDbLine
 10
1113.55
 20
476.06
 30
0.0
 11
1115.56
 21
476.35
 31
0.0
  0
LINE
  5
3D3
330
17
100
AcDbEntity
  8
LINES
100
AcDbLine
 10
1115.56
 20
476.5
 30
0.0
 11
1115.56
 21
473.18
 31
0.0
  0
LINE
  5
3D4
330
17
100
AcDbEntity
  8
LINES
100
AcDbLine
 10
1118.3
 20
474.48
 30
0.0
 11
1118.01
 21
474.48
 31
0.0
  0
LINE
  5
3D5
330
17
100
AcDbEntity
  8
LINES
100
AcDbLine
 10
1126.79
 20
472.18
 30
0.0
 11
1127.37
 21
472.46
 31
0.0
  0
LINE
  5
3D6
330
17
100
AcDbEntity
  8
LINES
100
AcDbLine
 10
1122.76
 20
477.07
 30
0.0
 11
1124.06
 21
477.5
 31
0.0
  0
LINE
  5
3D7
330
17
100
AcDbEntity
  8
LINES
100
AcDbLine
 10
1123.34
 20
480.38
 30
0.0
 11
1123.91
 21
478.94
 31
0.0
  0
LINE
  5
3D8
330
17
100
AcDbEntity
  8
LINES
100
AcDbLine
 10
1125.07
 20
480.1
 30
0.0
 11
1126.65
 21
480.38
 31
0.0
  0
LINE
  5
3D9
330
17
100
AcDbEntity
  8
LINES
100
AcDbLine
 10
1124.63
 20
477.94
 30
0.0
 11
1127.08
 21
478.51
 31
0.0
  0
LINE
  5
3DA
330
17
100
AcDbEntity
  8
LINES
100
AcDbLine
 10
1125.21
 20
476.06
 30
0.0
 11
1124.49
 21
474.19
 31
0.0
  0
LINE
  5
3DB
330
17
100
AcDbEntity
  8
LINES
100
AcDbLine
 10
1126.07
 20
478.22
 30
0.0
 11
1126.07
 21
474.77
 31
0.0
  0
LINE
  5
3DC
330
17
100
AcDbEntity
  8
LINES
100
AcDbLine
 10
1125.5
 20
478.08
 30
0.0
 11
1125.21
 21
476.06
 31
0.0
  0
LINE
  5
3DD
330
17
100
AcDbEntity
  8
LINES
100
AcDbLine
 10
1131.4
 20
475.49
 30
0.0
 11
1130.83
 21
471.74
 31
0.0
  0
LINE
  5
3DE
330
17
100
AcDbEntity
  8
LINES
100
AcDbLine
 10
1131.4
 20
477.65
 30
0.0
 11
1132.27
 21
477.94
 31
0.0
  0
LINE
  5
3DF
330
17
100
AcDbEntity
  8
LINES
100
AcDbLine
 10
1131.4
 20
475.63
 30
0.0
 11
1132.27
 21
475.78
 31
0.0
  0
LINE
  5
3E0
330
17
100
AcDbEntity
  8
LINES
100
AcDbLine
 10
1128.38
 20
478.66
 30
0.0
 11
1130.83
 21
479.23
 31
0.0
  0
LINE
  5
3E1
330
17
100
AcDbEntity
  8
LINES
100
AcDbLine
 10
1129.1
 20
480.67
 30
0.0
 11
1129.1
 21
474.91
 31
0.0
  0
LINE
  5
3E2
330
17
100
AcDbEntity
  8
LINES
100
AcDbLine
 10
1128.09
 20
474.62
 30
0.0
 11
1130.83
 21
475.2
 31
0.0
  0
LINE
  5
3E3
330
17
100
AcDbEntity
  8
LINES
100
AcDbLine
 10
1130.39
 20
480.82
 30
0.0
 11
1130.11
 21
475.06
 31
0.0
  0
LINE
  5
3E4
330
17
100
AcDbEntity
  8
LINES
100
AcDbLine
 10
1129.1
 20
477.5
 30
0.0
 11
1130.11
 21
477.79
 31
0.0
  0
LINE
  5
3E5
330
17
100
AcDbEntity
  8
LINES
100
AcDbLine
 10
1129.1
 20
476.21
 30
0.0
 11
1130.11
 21
476.5
 31
0.0
  0
LINE
  5
3E6
330
17
100
AcDbEntity
  8
LINES
100
AcDbLine
 10
1129.1
 20
474.19
 30
0.0
 11
1128.09
 21
472.03
 31
0.0
  0
LINE
  5
3E7
330
17
100
AcDbEntity
  8
LINES
100
AcDbLine
 10
1129.82
 20
474.34
 30
0.0
 11
1130.25
 21
472.75
 31
0.0
  0
LINE
  5
3E8
330
17
100
AcDbEntity
  8
LINES
100
AcDbLine
 10
1131.4
 20
479.66
 30
0.0
 11
1132.41
 21
479.81
 31
0.0
  0
LINE
  5
3E9
330
17
100
AcDbEntity
  8
LINES
100
AcDbLine
 10
1131.4
 20
480.1
 30
0.0
 11
1131.4
 21
475.34
 31
0.0
  0
LINE
  5
3EA
330
17
100
AcDbEntity
  8
LINES
100
AcDbLine
 10
1137.45
 20
478.8
 30
0.0
 11
1137.31
 21
474.19
 31
0.0
  0
LINE
  5
3EB
330
17
100
AcDbEntity
  8
LINES
100
AcDbLine
 10
1136.73
 20
474.05
 30
0.0
 11
1137.88
 21
472.03
 31
0.0
  0
LINE
  5
3EC
330
17
100
AcDbEntity
  8
LINES
100
AcDbLine
 10
1135.87
 20
478.22
 30
0.0
 11
1137.45
 21
478.51
 31
0.0
  0
LINE
  5
3ED
330
17
100
AcDbEntity
  8
LINES
100
AcDbLine
 10
1135.87
 20
478.66
 30
0.0
 11
1135.87
 21
474.05
 31
0.0
  0
LINE
  5
3EE
330
17
100
AcDbEntity
  8
LINES
100
AcDbLine
 10
1136.59
 20
480.1
 30
0.0
 11
1136.44
 21
478.22
 31
0.0
  0
LINE
  5
3EF
330
17
100
AcDbEntity
  8
LINES
100
AcDbLine
 10
1135.58
 20
479.95
 30
0.0
 11
1137.88
 21
480.38
 31
0.0
  0
LINE
  5
3F0
330
17
100
AcDbEntity
  8
LINES
100
AcDbLine
 10
1135.43
 20
477.79
 30
0.0
 11
1135.0
 21
476.5
 31
0.0
  0
LINE
  5
3F1
330
17
100
AcDbEntity
  8
LINES
100
AcDbLine
 10
1133.42
 20
477.07
 30
0.0
 11
1135.29
 21
477.5
 31
0.0
  0
LINE
  5
3F2
330
17
100
AcDbEntity
  8
LINES
100
AcDbLine
 10
1133.99
 20
478.8
 30
0.0
 11
1134.71
 21
477.5
 31
0.0
  0
LINE
  5
3F3
330
17
100
AcDbEntity
  8
LINES
100
AcDbLine
 10
1133.56
 20
479.81
 30
0.0
 11
1135.0
 21
479.95
 31
0.0
  0
LINE
  5
3F4
330
17
100
AcDbEntity
  8
LINES
100
AcDbLine
 10
1135.15
 20
480.24
 30
0.0
 11
1134.43
 21
478.37
 31
0.0
  0
LINE
  5
3F5
330
17
100
AcDbEntity
  8
LINES
100
AcDbLine
 10
1140.62
 20
480.24
 30
0.0
 11
1139.32
 21
479.09
 31
0.0
  0
LINE
  5
3F6
330
17
100
AcDbEntity
  8
LINES
100
AcDbLine
 10
1139.18
 20
479.81
 30
0.0
 11
1139.32
 21
476.78
 31
0.0
  0
LINE
  5
3F7
330
17
100
AcDbEntity
  8
LINES
100
AcDbLine
 10
1139.18
 20
476.64
 30
0.0
 11
1140.47
 21
477.94
 31
0.0
  0
LINE
  5
3F8
330
17
100
AcDbEntity
  8
LINES
100
AcDbLine
 10
1140.19
 20
478.66
 30
0.0
 11
1140.76
 21
477.22
 31
0.0
  0
LINE
  5
3F9
330
17
100
AcDbEntity
  8
LINES
100
AcDbLine
 10
1140.91
 20
479.38
 30
0.0
 11
1142.78
 21
479.81
 31
0.0
  0
LINE
  5
3FA
330
17
100
AcDbEntity
  8
LINES
100
AcDbLine
 10
1139.61
 20
475.78
 30
0.0
 11
1139.61
 21
471.74
 31
0.0
  0
LINE
  5
3FB
330
17
100
AcDbEntity
  8
LINES
100
AcDbLine
 10
1139.61
 20
472.18
 30
0.0
 11
1141.91
 21
472.61
 31
0.0
  0
LINE
  5
3FC
330
17
100
AcDbEntity
  8
LINES
100
AcDbLine
 10
1140.91
 20
475.34
 30
0.0
 11
1140.91
 21
472.46
 31
0.0
  0
LINE
  5
3FD
330
17
100
AcDbEntity
  8
LINES
100
AcDbLine
 10
1142.2
 20
475.63
 30
0.0
 11
1139.61
 21
475.06
 31
0.0
  0
LINE
  5
3FE
330
17
100
AcDbEntity
  8
LINES
100
AcDbLine
 10
1140.04
 20
473.76
 30
0.0
 11
1141.77
 21
474.05
 31
0.0
  0
LINE
  5
3FF
330
17
100
AcDbEntity
  8
LINES
100
AcDbLine
 10
1142.2
 20
475.78
 30
0.0
 11
1142.06
 21
471.74
 31
0.0
  0
LINE
  5
400
330
17
100
AcDbEntity
  8
LINES
100
AcDbLine
 10
710.49
 20
450.0
 30
0.0
 11
713.8
 21
450.0
 31
0.0
  0
LINE
  5
401
330
17
100
AcDbEntity
  8
LINES
100
AcDbLine
 10
717.11
 20
450.0
 30
0.0
 11
720.28
 21
450.0
 31
0.0
  0
LINE
  5
402
330
17
100
AcDbEntity
  8
LINES
100
AcDbLine
 10
833.47
 20
455.18
 30
0.0
 11
836.49
 21
455.18
 31
0.0
  0
LINE
  5
403
330
17
100
AcDbEntity
  8
LINES
100
AcDbLine
 10
840.81
 20
458.06
 30
0.0
 11
843.26
 21
458.64
 31
0.0
  0
LINE
  5
404
330
17
100
AcDbEntity
  8
LINES
100
AcDbLine
 10
844.7
 20
455.33
 30
0.0
 11
843.4
 21
455.04
 31
0.0
  0
LINE
  5
405
330
17
100
AcDbEntity
  8
LINES
100
AcDbLine
 10
844.7
 20
458.06
 30
0.0
 11
844.55
 21
455.33
 31
0.0
  0
LINE
  5
406
330
17
100
AcDbEntity
  8
LINES
100
AcDbLine
 10
843.26
 20
457.49
 30
0.0
 11
844.7
 21
457.78
 31
0.0
  0
LINE
  5
407
330
17
100
AcDbEntity
  8
LINES
100
AcDbLine
 10
842.11
 20
458.21
 30
0.0
 11
842.11
 21
454.18
 31
0.0
  0
LINE
  5
408
330
17
100
AcDbEntity
  8
LINES
100
AcDbLine
 10
841.39
 20
452.88
 30
0.0
 11
842.11
 21
453.17
 31
0.0
  0
LINE
  5
409
330
17
100
AcDbEntity
  8
LINES
100
AcDbLine
 10
840.95
 20
451.87
 30
0.0
 11
842.39
 21
452.16
 31
0.0
  0
LINE
  5
40A
330
17
100
AcDbEntity
  8
LINES
100
AcDbLine
 10
842.68
 20
456.91
 30
0.0
 11
842.54
 21
450.86
 31
0.0
  0
LINE
  5
40B
330
17
100
AcDbEntity
  8
LINES
100
AcDbLine
 10
840.95
 20
456.48
 30
0.0
 11
842.68
 21
456.77
 31
0.0
  0
LINE
  5
40C
330
17
100
AcDbEntity
  8
LINES
100
AcDbLine
 10
840.95
 20
456.91
 30
0.0
 11
840.95
 21
451.01
 31
0.0
  0
LINE
  5
40D
330
17
100
AcDbEntity
  8
LINES
100
AcDbLine
 10
842.11
 20
454.18
 30
0.0
 11
842.54
 21
454.18
 31
0.0
  0
LINE
  5
40E
330
17
100
AcDbEntity
  8
LINES
100
AcDbLine
 10
847.58
 20
454.03
 30
0.0
 11
845.99
 21
453.31
 31
0.0
  0
LINE
  5
40F
330
17
100
AcDbEntity
  8
LINES
100
AcDbLine
 10
847.43
 20
456.91
 30
0.0
 11
846.28
 21
453.31
 31
0.0
  0
LINE
  5
410
330
17
100
AcDbEntity
  8
LINES
100
AcDbLine
 10
845.85
 20
455.47
 30
0.0
 11
847.15
 21
456.05
 31
0.0
  0
LINE
  5
411
330
17
100
AcDbEntity
  8
LINES
100
AcDbLine
 10
845.99
 20
451.44
 30
0.0
 11
847.72
 21
452.59
 31
0.0
  0
LINE
  5
412
330
17
100
AcDbEntity
  8
LINES
100
AcDbLine
 10
847.0
 20
458.64
 30
0.0
 11
845.99
 21
455.47
 31
0.0
  0
LINE
  5
413
330
17
100
AcDbEntity
  8
LINES
100
AcDbLine
 10
848.01
 20
455.9
 30
0.0
 11
849.74
 21
456.91
 31
0.0
  0
LINE
  5
414
330
17
100
AcDbEntity
  8
LINES
100
AcDbLine
 10
847.87
 20
454.32
 30
0.0
 11
849.88
 21
455.18
 31
0.0
  0
LINE
  5
415
330
17
100
AcDbEntity
  8
LINES
100
AcDbLine
 10
849.16
 20
458.5
 30
0.0
 11
849.74
 21
457.78
 31
0.0
  0
LINE
  5
416
330
17
100
AcDbEntity
  8
LINES
100
AcDbLine
 10
852.76
 20
459.07
 30
0.0
 11
852.47
 21
457.06
 31
0.0
  0
LINE
  5
417
330
17
100
AcDbEntity
  8
LINES
100
AcDbLine
 10
853.91
 20
457.78
 30
0.0
 11
853.91
 21
454.75
 31
0.0
  0
LINE
  5
418
330
17
100
AcDbEntity
  8
LINES
100
AcDbLine
 10
853.91
 20
457.2
 30
0.0
 11
855.21
 21
457.34
 31
0.0
  0
LINE
  5
419
330
17
100
AcDbEntity
  8
LINES
100
AcDbLine
 10
855.35
 20
457.63
 30
0.0
 11
855.21
 21
455.47
 31
0.0
  0
LINE
  5
41A
330
17
100
AcDbEntity
  8
LINES
100
AcDbLine
 10
855.35
 20
455.47
 30
0.0
 11
853.91
 21
455.33
 31
0.0
  0
LINE
  5
41B
330
17
100
AcDbEntity
  8
LINES
100
AcDbLine
 10
851.75
 20
453.17
 30
0.0
 11
855.35
 21
453.6
 31
0.0
  0
LINE
  5
41C
330
17
100
AcDbEntity
  8
LINES
100
AcDbLine
 10
853.63
 20
454.75
 30
0.0
 11
853.63
 21
449.86
 31
0.0
  0
LINE
  5
41D
330
17
100
AcDbEntity
  8
LINES
100
AcDbLine
 10
853.63
 20
453.31
 30
0.0
 11
851.32
 21
450.29
 31
0.0
  0
LINE
  5
41E
330
17
100
AcDbEntity
  8
LINES
100
AcDbLine
 10
851.61
 20
456.91
 30
0.0
 11
853.34
 21
457.34
 31
0.0
  0
LINE
  5
41F
330
17
100
AcDbEntity
  8
LINES
100
AcDbLine
 10
856.07
 20
454.18
 30
0.0
 11
862.99
 21
454.18
 31
0.0
  0
LINE
  5
420
330
17
100
AcDbEntity
  8
LINES
100
AcDbLine
 10
950.54
 20
455.18
 30
0.0
 11
953.56
 21
455.18
 31
0.0
  0
LINE
  5
421
330
17
100
AcDbEntity
  8
LINES
100
AcDbLine
 10
966.38
 20
459.94
 30
0.0
 11
966.38
 21
450.0
 31
0.0
  0
LINE
  5
422
330
17
100
AcDbEntity
  8
LINES
100
AcDbLine
 10
988.84
 20
458.78
 30
0.0
 11
988.7
 21
455.33
 31
0.0
  0
LINE
  5
423
330
17
100
AcDbEntity
  8
LINES
100
AcDbLine
 10
987.26
 20
458.78
 30
0.0
 11
987.4
 21
455.04
 31
0.0
  0
LINE
  5
424
330
17
100
AcDbEntity
  8
LINES
100
AcDbLine
 10
986.11
 20
456.34
 30
0.0
 11
990.14
 21
456.91
 31
0.0
  0
LINE
  5
425
330
17
100
AcDbEntity
  8
LINES
100
AcDbLine
 10
986.25
 20
453.6
 30
0.0
 11
985.82
 21
451.44
 31
0.0
  0
LINE
  5
426
330
17
100
AcDbEntity
  8
LINES
100
AcDbLine
 10
987.69
 20
454.32
 30
0.0
 11
988.12
 21
452.88
 31
0.0
  0
LINE
  5
427
330
17
100
AcDbEntity
  8
LINES
100
AcDbLine
 10
988.99
 20
453.89
 30
0.0
 11
989.71
 21
452.16
 31
0.0
  0
LINE
  5
428
330
17
100
AcDbEntity
  8
LINES
100
AcDbLine
 10
1035.5
 20
450.0
 30
0.0
 11
1038.23
 21
450.0
 31
0.0
  0
LINE
  5
429
330
17
100
AcDbEntity
  8
LINES
100
AcDbLine
 10
1125.93
 20
457.49
 30
0.0
 11
1129.39
 21
458.06
 31
0.0
  0
LINE
  5
42A
330
17
100
AcDbEntity
  8
LINES
100
AcDbLine
 10
1125.93
 20
458.06
 30
0.0
 11
1125.79
 21
456.05
 31
0.0
  0
LINE
  5
42B
330
17
100
AcDbEntity
  8
LINES
100
AcDbLine
 10
1129.67
 20
458.35
 30
0.0
 11
1129.1
 21
456.62
 31
0.0
  0
LINE
  5
42C
330
17
100
AcDbEntity
  8
LINES
100
AcDbLine
 10
1127.23
 20
459.07
 30
0.0
 11
1127.8
 21
458.21
 31
0.0
  0
LINE
  5
42D
330
17
100
AcDbEntity
  8
LINES
100
AcDbLine
 10
1127.08
 20
457.2
 30
0.0
 11
1127.08
 21
455.04
 31
0.0
  0
LINE
  5
42E
330
17
100
AcDbEntity
  8
LINES
100
AcDbLine
 10
1128.23
 20
457.34
 30
0.0
 11
1128.09
 21
455.04
 31
0.0
  0
LINE
  5
42F
330
17
100
AcDbEntity
  8
LINES
100
AcDbLine
 10
1126.07
 20
455.9
 30
0.0
 11
1129.24
 21
456.34
 31
0.0
  0
LINE
  5
430
330
17
100
AcDbEntity
  8
LINES
100
AcDbLine
 10
1126.51
 20
455.04
 30
0.0
 11
1126.51
 21
451.87
 31
0.0
  0
LINE
  5
431
330
17
100
AcDbEntity
  8
LINES
100
AcDbLine
 10
1126.51
 20
454.32
 30
0.0
 11
1128.52
 21
454.61
 31
0.0
  0
LINE
  5
432
330
17
100
AcDbEntity
  8
LINES
100
AcDbLine
 10
1128.67
 20
454.75
 30
0.0
 11
1128.52
 21
451.44
 31
0.0
  0
LINE
  5
433
330
17
100
AcDbEntity
  8
LINES
100
AcDbLine
 10
710.49
 20
428.26
 30
0.0
 11
713.8
 21
428.26
 31
0.0
  0
LINE
  5
434
330
17
100
AcDbEntity
  8
LINES
100
AcDbLine
 10
717.11
 20
428.26
 30
0.0
 11
720.28
 21
428.26
 31
0.0
  0
LINE
  5
435
330
17
100
AcDbEntity
  8
LINES
100
AcDbLine
 10
831.74
 20
433.44
 30
0.0
 11
834.76
 21
433.44
 31
0.0
  0
LINE
  5
436
330
17
100
AcDbEntity
  8
LINES
100
AcDbLine
 10
839.08
 20
436.32
 30
0.0
 11
841.67
 21
436.9
 31
0.0
  0
LINE
  5
437
330
17
100
AcDbEntity
  8
LINES
100
AcDbLine
 10
842.97
 20
433.58
 30
0.0
 11
841.67
 21
433.3
 31
0.0
  0
LINE
  5
438
330
17
100
AcDbEntity
  8
LINES
100
AcDbLine
 10
842.97
 20
436.32
 30
0.0
 11
842.83
 21
433.58
 31
0.0
  0
LINE
  5
439
330
17
100
AcDbEntity
  8
LINES
100
AcDbLine
 10
841.67
 20
435.74
 30
0.0
 11
842.97
 21
436.03
 31
0.0
  0
LINE
  5
43A
330
17
100
AcDbEntity
  8
LINES
100
AcDbLine
 10
840.38
 20
436.46
 30
0.0
 11
840.38
 21
432.43
 31
0.0
  0
LINE
  5
43B
330
17
100
AcDbEntity
  8
LINES
100
AcDbLine
 10
839.66
 20
431.14
 30
0.0
 11
840.52
 21
431.42
 31
0.0
  0
LINE
  5
43C
330
17
100
AcDbEntity
  8
LINES
100
AcDbLine
 10
839.37
 20
430.13
 30
0.0
 11
840.67
 21
430.42
 31
0.0
  0
LINE
  5
43D
330
17
100
AcDbEntity
  8
LINES
100
AcDbLine
 10
841.1
 20
435.17
 30
0.0
 11
840.81
 21
429.12
 31
0.0
  0
LINE
  5
43E
330
17
100
AcDbEntity
  8
LINES
100
AcDbLine
 10
839.37
 20
434.74
 30
0.0
 11
840.95
 21
435.02
 31
0.0
  0
LINE
  5
43F
330
17
100
AcDbEntity
  8
LINES
100
AcDbLine
 10
839.37
 20
435.17
 30
0.0
 11
839.37
 21
429.26
 31
0.0
  0
LINE
  5
440
330
17
100
AcDbEntity
  8
LINES
100
AcDbLine
 10
840.38
 20
432.43
 30
0.0
 11
840.81
 21
432.43
 31
0.0
  0
LINE
  5
441
330
17
100
AcDbEntity
  8
LINES
100
AcDbLine
 10
845.85
 20
432.29
 30
0.0
 11
844.41
 21
431.57
 31
0.0
  0
LINE
  5
442
330
17
100
AcDbEntity
  8
LINES
100
AcDbLine
 10
845.71
 20
435.17
 30
0.0
 11
844.55
 21
431.57
 31
0.0
  0
LINE
  5
443
330
17
100
AcDbEntity
  8
LINES
100
AcDbLine
 10
844.12
 20
433.73
 30
0.0
 11
845.42
 21
434.3
 31
0.0
  0
LINE
  5
444
330
17
100
AcDbEntity
  8
LINES
100
AcDbLine
 10
844.41
 20
429.7
 30
0.0
 11
845.99
 21
430.85
 31
0.0
  0
LINE
  5
445
330
17
100
AcDbEntity
  8
LINES
100
AcDbLine
 10
845.27
 20
436.9
 30
0.0
 11
844.41
 21
433.73
 31
0.0
  0
LINE
  5
446
330
17
100
AcDbEntity
  8
LINES
100
AcDbLine
 10
846.28
 20
434.16
 30
0.0
 11
848.01
 21
435.17
 31
0.0
  0
LINE
  5
447
330
17
100
AcDbEntity
  8
LINES
100
AcDbLine
 10
846.14
 20
432.58
 30
0.0
 11
848.3
 21
433.44
 31
0.0
  0
LINE
  5
448
330
17
100
AcDbEntity
  8
LINES
100
AcDbLine
 10
847.43
 20
436.75
 30
0.0
 11
848.01
 21
436.03
 31
0.0
  0
LINE
  5
449
330
17
100
AcDbEntity
  8
LINES
100
AcDbLine
 10
851.03
 20
437.47
 30
0.0
 11
850.75
 21
435.31
 31
0.0
  0
LINE
  5
44A
330
17
100
AcDbEntity
  8
LINES
100
AcDbLine
 10
852.33
 20
436.03
 30
0.0
 11
852.33
 21
433.01
 31
0.0
  0
LINE
  5
44B
330
17
100
AcDbEntity
  8
LINES
100
AcDbLine
 10
852.33
 20
435.46
 30
0.0
 11
853.48
 21
435.6
 31
0.0
  0
LINE
  5
44C
330
17
100
AcDbEntity
  8
LINES
100
AcDbLine
 10
853.63
 20
436.03
 30
0.0
 11
853.48
 21
433.73
 31
0.0
  0
LINE
  5
44D
330
17
100
AcDbEntity
  8
LINES
100
AcDbLine
 10
853.63
 20
433.73
 30
0.0
 11
852.33
 21
433.58
 31
0.0
  0
LINE
  5
44E
330
17
100
AcDbEntity
  8
LINES
100
AcDbLine
 10
850.03
 20
431.42
 30
0.0
 11
853.63
 21
432.0
 31
0.0
  0
LINE
  5
44F
330
17
100
AcDbEntity
  8
LINES
100
AcDbLine
 10
851.9
 20
433.01
 30
0.0
 11
851.9
 21
428.11
 31
0.0
  0
LINE
  5
450
330
17
100
AcDbEntity
  8
LINES
100
AcDbLine
 10
851.9
 20
431.57
 30
0.0
 11
849.59
 21
428.54
 31
0.0
  0
LINE
  5
451
330
17
100
AcDbEntity
  8
LINES
100
AcDbLine
 10
849.88
 20
435.17
 30
0.0
 11
851.75
 21
435.6
 31
0.0
  0
LINE
  5
452
330
17
100
AcDbEntity
  8
LINES
100
AcDbLine
 10
854.49
 20
432.43
 30
0.0
 11
861.26
 21
432.43
 31
0.0
  0
LINE
  5
453
330
17
100
AcDbEntity
  8
LINES
100
AcDbLine
 10
950.54
 20
433.44
 30
0.0
 11
953.56
 21
433.44
 31
0.0
  0
LINE
  5
454
330
17
100
AcDbEntity
  8
LINES
100
AcDbLine
 10
966.38
 20
438.19
 30
0.0
 11
966.38
 21
428.26
 31
0.0
  0
LINE
  5
455
330
17
100
AcDbEntity
  8
LINES
100
AcDbLine
 10
988.84
 20
437.04
 30
0.0
 11
988.7
 21
433.58
 31
0.0
  0
LINE
  5
456
330
17
100
AcDbEntity
  8
LINES
100
AcDbLine
 10
987.26
 20
437.04
 30
0.0
 11
987.4
 21
433.44
 31
0.0
  0
LINE
  5
457
330
17
100
AcDbEntity
  8
LINES
100
AcDbLine
 10
986.11
 20
434.59
 30
0.0
 11
990.14
 21
435.17
 31
0.0
  0
LINE
  5
458
330
17
100
AcDbEntity
  8
LINES
100
AcDbLine
 10
986.25
 20
431.86
 30
0.0
 11
985.82
 21
429.7
 31
0.0
  0
LINE
  5
459
330
17
100
AcDbEntity
  8
LINES
100
AcDbLine
 10
987.69
 20
432.72
 30
0.0
 11
988.12
 21
431.14
 31
0.0
  0
LINE
  5
45A
330
17
100
AcDbEntity
  8
LINES
100
AcDbLine
 10
988.99
 20
432.14
 30
0.0
 11
989.71
 21
430.42
 31
0.0
  0
LINE
  5
45B
330
17
100
AcDbEntity
  8
LINES
100
AcDbLine
 10
1035.5
 20
428.26
 30
0.0
 11
1038.23
 21
428.26
 31
0.0
  0
LINE
  5
45C
330
17
100
AcDbEntity
  8
LINES
100
AcDbLine
 10
1125.93
 20
435.74
 30
0.0
 11
1129.39
 21
436.32
 31
0.0
  0
LINE
  5
45D
330
17
100
AcDbEntity
  8
LINES
100
AcDbLine
 10
1125.93
 20
436.32
 30
0.0
 11
1125.79
 21
434.3
 31
0.0
  0
LINE
  5
45E
330
17
100
AcDbEntity
  8
LINES
100
AcDbLine
 10
1129.67
 20
436.61
 30
0.0
 11
1129.1
 21
434.88
 31
0.0
  0
LINE
  5
45F
330
17
100
AcDbEntity
  8
LINES
100
AcDbLine
 10
1127.23
 20
437.47
 30
0.0
 11
1127.8
 21
436.46
 31
0.0
  0
LINE
  5
460
330
17
100
AcDbEntity
  8
LINES
100
AcDbLine
 10
1127.08
 20
435.46
 30
0.0
 11
1127.08
 21
433.44
 31
0.0
  0
LINE
  5
461
330
17
100
AcDbEntity
  8
LINES
100
AcDbLine
 10
1128.23
 20
435.6
 30
0.0
 11
1128.09
 21
433.44
 31
0.0
  0
LINE
  5
462
330
17
100
AcDbEntity
  8
LINES
100
AcDbLine
 10
1126.07
 20
434.16
 30
0.0
 11
1129.24
 21
434.59
 31
0.0
  0
LINE
  5
463
330
17
100
AcDbEntity
  8
LINES
100
AcDbLine
 10
1126.51
 20
433.3
 30
0.0
 11
1126.51
 21
430.13
 31
0.0
  0
LINE
  5
464
330
17
100
AcDbEntity
  8
LINES
100
AcDbLine
 10
1126.51
 20
432.72
 30
0.0
 11
1128.52
 21
432.86
 31
0.0
  0
LINE
  5
465
330
17
100
AcDbEntity
  8
LINES
100
AcDbLine
 10
1128.67
 20
433.01
 30
0.0
 11
1128.52
 21
429.7
 31
0.0
  0
LINE
  5
466
330
17
100
AcDbEntity
  8
LINES
100
AcDbLine
 10
710.49
 20
406.51
 30
0.0
 11
713.8
 21
406.51
 31
0.0
  0
LINE
  5
467
330
17
100
AcDbEntity
  8
LINES
100
AcDbLine
 10
717.11
 20
406.51
 30
0.0
 11
720.28
 21
406.51
 31
0.0
  0
LINE
  5
468
330
17
100
AcDbEntity
  8
LINES
100
AcDbLine
 10
805.53
 20
415.44
 30
0.0
 11
805.53
 21
410.69
 31
0.0
  0
LINE
  5
469
330
17
100
AcDbEntity
  8
LINES
100
AcDbLine
 10
804.38
 20
412.56
 30
0.0
 11
806.83
 21
412.99
 31
0.0
  0
LINE
  5
46A
330
17
100
AcDbEntity
  8
LINES
100
AcDbLine
 10
806.39
 20
415.01
 30
0.0
 11
806.11
 21
412.85
 31
0.0
  0
LINE
  5
46B
330
17
100
AcDbEntity
  8
LINES
100
AcDbLine
 10
804.67
 20
414.58
 30
0.0
 11
805.1
 21
413.14
 31
0.0
  0
LINE
  5
46C
330
17
100
AcDbEntity
  8
LINES
100
AcDbLine
 10
805.53
 20
412.7
 30
0.0
 11
804.09
 21
409.82
 31
0.0
  0
LINE
  5
46D
330
17
100
AcDbEntity
  8
LINES
100
AcDbLine
 10
805.53
 20
412.42
 30
0.0
 11
806.54
 21
411.12
 31
0.0
  0
LINE
  5
46E
330
17
100
AcDbEntity
  8
LINES
100
AcDbLine
 10
804.38
 20
409.25
 30
0.0
 11
806.11
 21
409.82
 31
0.0
  0
LINE
  5
46F
330
17
100
AcDbEntity
  8
LINES
100
AcDbLine
 10
806.97
 20
412.27
 30
0.0
 11
808.55
 21
412.56
 31
0.0
  0
LINE
  5
470
330
17
100
AcDbEntity
  8
LINES
100
AcDbLine
 10
813.59
 20
409.39
 30
0.0
 11
812.15
 21
409.1
 31
0.0
  0
LINE
  5
471
330
17
100
AcDbEntity
  8
LINES
100
AcDbLine
 10
812.73
 20
412.7
 30
0.0
 11
812.73
 21
409.1
 31
0.0
  0
LINE
  5
472
330
17
100
AcDbEntity
  8
LINES
100
AcDbLine
 10
813.45
 20
414.58
 30
0.0
 11
811.87
 21
414.14
 31
0.0
  0
LINE
  5
473
330
17
100
AcDbEntity
  8
LINES
100
AcDbLine
 10
813.31
 20
412.85
 30
0.0
 11
813.45
 21
414.86
 31
0.0
  0
LINE
  5
474
330
17
100
AcDbEntity
  8
LINES
100
AcDbLine
 10
813.45
 20
412.85
 30
0.0
 11
811.87
 21
412.42
 31
0.0
  0
LINE
  5
475
330
17
100
AcDbEntity
  8
LINES
100
AcDbLine
 10
811.72
 20
410.69
 30
0.0
 11
814.03
 21
411.26
 31
0.0
  0
LINE
  5
476
330
17
100
AcDbEntity
  8
LINES
100
AcDbLine
 10
813.45
 20
407.38
 30
0.0
 11
813.59
 21
409.54
 31
0.0
  0
LINE
  5
477
330
17
100
AcDbEntity
  8
LINES
100
AcDbLine
 10
812.15
 20
407.09
 30
0.0
 11
813.59
 21
407.38
 31
0.0
  0
LINE
  5
478
330
17
100
AcDbEntity
  8
LINES
100
AcDbLine
 10
812.15
 20
409.54
 30
0.0
 11
812.15
 21
406.51
 31
0.0
  0
LINE
  5
479
330
17
100
AcDbEntity
  8
LINES
100
AcDbLine
 10
811.58
 20
411.55
 30
0.0
 11
809.99
 21
409.97
 31
0.0
  0
LINE
  5
47A
330
17
100
AcDbEntity
  8
LINES
100
AcDbLine
 10
809.99
 20
412.42
 30
0.0
 11
811.58
 21
412.99
 31
0.0
  0
LINE
  5
47B
330
17
100
AcDbEntity
  8
LINES
100
AcDbLine
 10
817.91
 20
413.14
 30
0.0
 11
817.91
 21
408.53
 31
0.0
  0
LINE
  5
47C
330
17
100
AcDbEntity
  8
LINES
100
AcDbLine
 10
817.34
 20
410.26
 30
0.0
 11
818.49
 21
410.54
 31
0.0
  0
LINE
  5
47D
330
17
100
AcDbEntity
  8
LINES
100
AcDbLine
 10
817.34
 20
411.7
 30
0.0
 11
818.35
 21
411.84
 31
0.0
  0
LINE
  5
47E
330
17
100
AcDbEntity
  8
LINES
100
AcDbLine
 10
817.48
 20
414.29
 30
0.0
 11
818.06
 21
413.28
 31
0.0
  0
LINE
  5
47F
330
17
100
AcDbEntity
  8
LINES
100
AcDbLine
 10
816.91
 20
412.99
 30
0.0
 11
818.92
 21
413.42
 31
0.0
  0
LINE
  5
480
330
17
100
AcDbEntity
  8
LINES
100
AcDbLine
 10
816.91
 20
413.57
 30
0.0
 11
816.91
 21
408.67
 31
0.0
  0
LINE
  5
481
330
17
100
AcDbEntity
  8
LINES
100
AcDbLine
 10
814.89
 20
411.55
 30
0.0
 11
816.33
 21
411.98
 31
0.0
  0
LINE
  5
482
330
17
100
AcDbEntity
  8
LINES
100
AcDbLine
 10
815.61
 20
414.86
 30
0.0
 11
816.19
 21
413.57
 31
0.0
  0
LINE
  5
483
330
17
100
AcDbEntity
  8
LINES
100
AcDbLine
 10
818.78
 20
415.58
 30
0.0
 11
817.77
 21
413.86
 31
0.0
  0
LINE
  5
484
330
17
100
AcDbEntity
  8
LINES
100
AcDbLine
 10
816.91
 20
415.01
 30
0.0
 11
818.49
 21
415.3
 31
0.0
  0
LINE
  5
485
330
17
100
AcDbEntity
  8
LINES
100
AcDbLine
 10
819.07
 20
406.8
 30
0.0
 11
819.5
 21
407.09
 31
0.0
  0
LINE
  5
486
330
17
100
AcDbEntity
  8
LINES
100
AcDbLine
 10
822.23
 20
407.23
 30
0.0
 11
823.82
 21
407.38
 31
0.0
  0
LINE
  5
487
330
17
100
AcDbEntity
  8
LINES
100
AcDbLine
 10
823.96
 20
409.82
 30
0.0
 11
823.67
 21
407.38
 31
0.0
  0
LINE
  5
488
330
17
100
AcDbEntity
  8
LINES
100
AcDbLine
 10
822.23
 20
409.82
 30
0.0
 11
822.23
 21
406.51
 31
0.0
  0
LINE
  5
489
330
17
100
AcDbEntity
  8
LINES
100
AcDbLine
 10
821.37
 20
413.28
 30
0.0
 11
824.68
 21
413.71
 31
0.0
  0
LINE
  5
48A
330
17
100
AcDbEntity
  8
LINES
100
AcDbLine
 10
822.81
 20
415.73
 30
0.0
 11
823.39
 21
414.0
 31
0.0
  0
LINE
  5
48B
330
17
100
AcDbEntity
  8
LINES
100
AcDbLine
 10
821.66
 20
415.73
 30
0.0
 11
819.93
 21
410.98
 31
0.0
  0
LINE
  5
48C
330
17
100
AcDbEntity
  8
LINES
100
AcDbLine
 10
821.08
 20
413.86
 30
0.0
 11
821.08
 21
406.51
 31
0.0
  0
LINE
  5
48D
330
17
100
AcDbEntity
  8
LINES
100
AcDbLine
 10
822.09
 20
412.13
 30
0.0
 11
823.96
 21
412.42
 31
0.0
  0
LINE
  5
48E
330
17
100
AcDbEntity
  8
LINES
100
AcDbLine
 10
824.11
 20
410.98
 30
0.0
 11
821.95
 21
410.54
 31
0.0
  0
LINE
  5
48F
330
17
100
AcDbEntity
  8
LINES
100
AcDbLine
 10
822.23
 20
409.25
 30
0.0
 11
823.82
 21
409.54
 31
0.0
  0
LINE
  5
490
330
17
100
AcDbEntity
  8
LINES
100
AcDbLine
 10
826.12
 20
415.3
 30
0.0
 11
826.12
 21
407.23
 31
0.0
  0
LINE
  5
491
330
17
100
AcDbEntity
  8
LINES
100
AcDbLine
 10
826.12
 20
414.58
 30
0.0
 11
829.43
 21
415.01
 31
0.0
  0
LINE
  5
492
330
17
100
AcDbEntity
  8
LINES
100
AcDbLine
 10
827.42
 20
413.57
 30
0.0
 11
826.27
 21
409.25
 31
0.0
  0
LINE
  5
493
330
17
100
AcDbEntity
  8
LINES
100
AcDbLine
 10
826.55
 20
412.99
 30
0.0
 11
827.56
 21
410.4
 31
0.0
  0
LINE
  5
494
330
17
100
AcDbEntity
  8
LINES
100
AcDbLine
 10
828.71
 20
413.86
 30
0.0
 11
827.42
 21
408.96
 31
0.0
  0
LINE
  5
495
330
17
100
AcDbEntity
  8
LINES
100
AcDbLine
 10
827.85
 20
412.99
 30
0.0
 11
828.86
 21
409.82
 31
0.0
  0
LINE
  5
496
330
17
100
AcDbEntity
  8
LINES
100
AcDbLine
 10
831.88
 20
412.13
 30
0.0
 11
830.73
 21
411.84
 31
0.0
  0
LINE
  5
497
330
17
100
AcDbEntity
  8
LINES
100
AcDbLine
 10
831.88
 20
408.1
 30
0.0
 11
831.88
 21
412.42
 31
0.0
  0
LINE
  5
498
330
17
100
AcDbEntity
  8
LINES
100
AcDbLine
 10
832.6
 20
409.39
 30
0.0
 11
831.45
 21
407.38
 31
0.0
  0
LINE
  5
499
330
17
100
AcDbEntity
  8
LINES
100
AcDbLine
 10
831.31
 20
415.01
 30
0.0
 11
832.03
 21
413.57
 31
0.0
  0
LINE
  5
49A
330
17
100
AcDbEntity
  8
LINES
100
AcDbLine
 10
832.75
 20
410.98
 30
0.0
 11
834.47
 21
411.26
 31
0.0
  0
LINE
  5
49B
330
17
100
AcDbEntity
  8
LINES
100
AcDbLine
 10
834.62
 20
411.55
 30
0.0
 11
833.9
 21
409.1
 31
0.0
  0
LINE
  5
49C
330
17
100
AcDbEntity
  8
LINES
100
AcDbLine
 10
833.03
 20
415.3
 30
0.0
 11
833.03
 21
413.42
 31
0.0
  0
LINE
  5
49D
330
17
100
AcDbEntity
  8
LINES
100
AcDbLine
 10
833.03
 20
414.72
 30
0.0
 11
834.04
 21
415.01
 31
0.0
  0
LINE
  5
49E
330
17
100
AcDbEntity
  8
LINES
100
AcDbLine
 10
837.93
 20
415.44
 30
0.0
 11
837.21
 21
413.86
 31
0.0
  0
LINE
  5
49F
330
17
100
AcDbEntity
  8
LINES
100
AcDbLine
 10
838.36
 20
410.4
 30
0.0
 11
838.36
 21
407.38
 31
0.0
  0
LINE
  5
4A0
330
17
100
AcDbEntity
  8
LINES
100
AcDbLine
 10
837.5
 20
408.82
 30
0.0
 11
839.08
 21
408.96
 31
0.0
  0
LINE
  5
4A1
330
17
100
AcDbEntity
  8
LINES
100
AcDbLine
 10
839.37
 20
407.38
 30
0.0
 11
837.35
 21
407.09
 31
0.0
  0
LINE
  5
4A2
330
17
100
AcDbEntity
  8
LINES
100
AcDbLine
 10
839.51
 20
410.83
 30
0.0
 11
839.37
 21
406.66
 31
0.0
  0
LINE
  5
4A3
330
17
100
AcDbEntity
  8
LINES
100
AcDbLine
 10
837.35
 20
410.26
 30
0.0
 11
839.51
 21
410.54
 31
0.0
  0
LINE
  5
4A4
330
17
100
AcDbEntity
  8
LINES
100
AcDbLine
 10
837.35
 20
410.69
 30
0.0
 11
837.35
 21
406.66
 31
0.0
  0
LINE
  5
4A5
330
17
100
AcDbEntity
  8
LINES
100
AcDbLine
 10
837.35
 20
414.14
 30
0.0
 11
839.37
 21
414.43
 31
0.0
  0
LINE
  5
4A6
330
17
100
AcDbEntity
  8
LINES
100
AcDbLine
 10
837.21
 20
413.86
 30
0.0
 11
836.35
 21
411.98
 31
0.0
  0
LINE
  5
4A7
330
17
100
AcDbEntity
  8
LINES
100
AcDbLine
 10
845.13
 20
412.56
 30
0.0
 11
843.98
 21
412.27
 31
0.0
  0
LINE
  5
4A8
330
17
100
AcDbEntity
  8
LINES
100
AcDbLine
 10
844.12
 20
412.42
 30
0.0
 11
845.13
 21
415.3
 31
0.0
  0
LINE
  5
4A9
330
17
100
AcDbEntity
  8
LINES
100
AcDbLine
 10
845.13
 20
415.15
 30
0.0
 11
842.25
 21
414.58
 31
0.0
  0
LINE
  5
4AA
330
17
100
AcDbEntity
  8
LINES
100
AcDbLine
 10
841.96
 20
408.67
 30
0.0
 11
841.24
 21
407.09
 31
0.0
  0
LINE
  5
4AB
330
17
100
AcDbEntity
  8
LINES
100
AcDbLine
 10
846.14
 20
406.51
 30
0.0
 11
846.14
 21
416.45
 31
0.0
  0
LINE
  5
4AC
330
17
100
AcDbEntity
  8
LINES
100
AcDbLine
 10
850.31
 20
409.82
 30
0.0
 11
854.06
 21
409.82
 31
0.0
  0
LINE
  5
4AD
330
17
100
AcDbEntity
  8
LINES
100
AcDbLine
 10
867.02
 20
412.13
 30
0.0
 11
865.87
 21
411.84
 31
0.0
  0
LINE
  5
4AE
330
17
100
AcDbEntity
  8
LINES
100
AcDbLine
 10
867.02
 20
408.1
 30
0.0
 11
867.02
 21
412.42
 31
0.0
  0
LINE
  5
4AF
330
17
100
AcDbEntity
  8
LINES
100
AcDbLine
 10
867.74
 20
409.39
 30
0.0
 11
866.59
 21
407.38
 31
0.0
  0
LINE
  5
4B0
330
17
100
AcDbEntity
  8
LINES
100
AcDbLine
 10
866.44
 20
415.01
 30
0.0
 11
867.16
 21
413.57
 31
0.0
  0
LINE
  5
4B1
330
17
100
AcDbEntity
  8
LINES
100
AcDbLine
 10
867.88
 20
410.98
 30
0.0
 11
869.61
 21
411.26
 31
0.0
  0
LINE
  5
4B2
330
17
100
AcDbEntity
  8
LINES
100
AcDbLine
 10
869.75
 20
411.55
 30
0.0
 11
869.03
 21
409.1
 31
0.0
  0
LINE
  5
4B3
330
17
100
AcDbEntity
  8
LINES
100
AcDbLine
 10
868.31
 20
415.3
 30
0.0
 11
868.31
 21
413.42
 31
0.0
  0
LINE
  5
4B4
330
17
100
AcDbEntity
  8
LINES
100
AcDbLine
 10
868.31
 20
414.72
 30
0.0
 11
869.18
 21
415.01
 31
0.0
  0
LINE
  5
4B5
330
17
100
AcDbEntity
  8
LINES
100
AcDbLine
 10
873.07
 20
415.44
 30
0.0
 11
872.35
 21
413.86
 31
0.0
  0
LINE
  5
4B6
330
17
100
AcDbEntity
  8
LINES
100
AcDbLine
 10
873.5
 20
410.4
 30
0.0
 11
873.5
 21
407.38
 31
0.0
  0
LINE
  5
4B7
330
17
100
AcDbEntity
  8
LINES
100
AcDbLine
 10
872.78
 20
408.82
 30
0.0
 11
874.22
 21
408.96
 31
0.0
  0
LINE
  5
4B8
330
17
100
AcDbEntity
  8
LINES
100
AcDbLine
 10
874.51
 20
407.38
 30
0.0
 11
872.49
 21
407.09
 31
0.0
  0
LINE
  5
4B9
330
17
100
AcDbEntity
  8
LINES
100
AcDbLine
 10
874.65
 20
410.83
 30
0.0
 11
874.51
 21
406.66
 31
0.0
  0
LINE
  5
4BA
330
17
100
AcDbEntity
  8
LINES
100
AcDbLine
 10
872.49
 20
410.26
 30
0.0
 11
874.65
 21
410.54
 31
0.0
  0
LINE
  5
4BB
330
17
100
AcDbEntity
  8
LINES
100
AcDbLine
 10
872.49
 20
410.69
 30
0.0
 11
872.49
 21
406.66
 31
0.0
  0
LINE
  5
4BC
330
17
100
AcDbEntity
  8
LINES
100
AcDbLine
 10
872.49
 20
414.14
 30
0.0
 11
874.51
 21
414.43
 31
0.0
  0
LINE
  5
4BD
330
17
100
AcDbEntity
  8
LINES
100
AcDbLine
 10
872.35
 20
413.86
 30
0.0
 11
871.48
 21
411.98
 31
0.0
  0
LINE
  5
4BE
330
17
100
AcDbEntity
  8
LINES
100
AcDbLine
 10
879.55
 20
413.57
 30
0.0
 11
879.26
 21
411.84
 31
0.0
  0
LINE
  5
4BF
330
17
100
AcDbEntity
  8
LINES
100
AcDbLine
 10
878.11
 20
413.28
 30
0.0
 11
878.54
 21
411.98
 31
0.0
  0
LINE
  5
4C0
330
17
100
AcDbEntity
  8
LINES
100
AcDbLine
 10
879.55
 20
411.84
 30
0.0
 11
879.55
 21
406.66
 31
0.0
  0
LINE
  5
4C1
330
17
100
AcDbEntity
  8
LINES
100
AcDbLine
 10
877.53
 20
409.82
 30
0.0
 11
880.84
 21
410.26
 31
0.0
  0
LINE
  5
4C2
330
17
100
AcDbEntity
  8
LINES
100
AcDbLine
 10
877.82
 20
411.55
 30
0.0
 11
880.41
 21
412.13
 31
0.0
  0
LINE
  5
4C3
330
17
100
AcDbEntity
  8
LINES
100
AcDbLine
 10
879.83
 20
413.86
 30
0.0
 11
880.12
 21
415.44
 31
0.0
  0
LINE
  5
4C4
330
17
100
AcDbEntity
  8
LINES
100
AcDbLine
 10
877.53
 20
413.57
 30
0.0
 11
880.12
 21
413.86
 31
0.0
  0
LINE
  5
4C5
330
17
100
AcDbEntity
  8
LINES
100
AcDbLine
 10
877.53
 20
414.72
 30
0.0
 11
879.98
 21
415.15
 31
0.0
  0
LINE
  5
4C6
330
17
100
AcDbEntity
  8
LINES
100
AcDbLine
 10
1035.5
 20
406.51
 30
0.0
 11
1038.23
 21
406.51
 31
0.0
  0
LINE
  5
4C7
330
17
100
AcDbEntity
  8
LINES
100
AcDbLine
 10
1093.24
 20
415.73
 30
0.0
 11
1093.82
 21
414.29
 31
0.0
  0
LINE
  5
4C8
330
17
100
AcDbEntity
  8
LINES
100
AcDbLine
 10
1091.51
 20
413.28
 30
0.0
 11
1095.55
 21
414.14
 31
0.0
  0
LINE
  5
4C9
330
17
100
AcDbEntity
  8
LINES
100
AcDbLine
 10
1092.95
 20
413.14
 30
0.0
 11
1091.66
 21
409.82
 31
0.0
  0
LINE
  5
4CA
330
17
100
AcDbEntity
  8
LINES
100
AcDbLine
 10
1094.11
 20
413.14
 30
0.0
 11
1095.4
 21
411.12
 31
0.0
  0
LINE
  5
4CB
330
17
100
AcDbEntity
  8
LINES
100
AcDbLine
 10
1097.13
 20
414.72
 30
0.0
 11
1097.71
 21
413.42
 31
0.0
  0
LINE
  5
4CC
330
17
100
AcDbEntity
  8
LINES
100
AcDbLine
 10
1097.27
 20
411.26
 30
0.0
 11
1096.55
 21
412.56
 31
0.0
  0
LINE
  5
4CD
330
17
100
AcDbEntity
  8
LINES
100
AcDbLine
 10
1099.29
 20
415.73
 30
0.0
 11
1099.58
 21
414.14
 31
0.0
  0
LINE
  5
4CE
330
17
100
AcDbEntity
  8
LINES
100
AcDbLine
 10
1101.02
 20
413.71
 30
0.0
 11
1098.14
 21
413.14
 31
0.0
  0
LINE
  5
4CF
330
17
100
AcDbEntity
  8
LINES
100
AcDbLine
 10
1100.59
 20
410.98
 30
0.0
 11
1100.01
 21
412.7
 31
0.0
  0
LINE
  5
4D0
330
17
100
AcDbEntity
  8
LINES
100
AcDbLine
 10
1100.3
 20
411.84
 30
0.0
 11
1098.43
 21
411.41
 31
0.0
  0
LINE
  5
4D1
330
17
100
AcDbEntity
  8
LINES
100
AcDbLine
 10
1098.57
 20
411.55
 30
0.0
 11
1099.43
 21
413.42
 31
0.0
  0
LINE
  5
4D2
330
17
100
AcDbEntity
  8
LINES
100
AcDbLine
 10
1097.85
 20
407.38
 30
0.0
 11
1097.27
 21
406.37
 31
0.0
  0
LINE
  5
4D3
330
17
100
AcDbEntity
  8
LINES
100
AcDbLine
 10
1099.29
 20
410.83
 30
0.0
 11
1099.29
 21
406.66
 31
0.0
  0
LINE
  5
4D4
330
17
100
AcDbEntity
  8
LINES
100
AcDbLine
 10
1102.6
 20
409.25
 30
0.0
 11
1102.46
 21
409.25
 31
0.0
  0
LINE
  5
4D5
330
17
100
AcDbEntity
  8
LINES
100
AcDbLine
 10
1137.59
 20
414.58
 30
0.0
 11
1139.9
 21
415.01
 31
0.0
  0
LINE
  5
4D6
330
17
100
AcDbEntity
  8
LINES
100
AcDbLine
 10
1140.04
 20
410.69
 30
0.0
 11
1137.31
 21
410.4
 31
0.0
  0
LINE
  5
4D7
330
17
100
AcDbEntity
  8
LINES
100
AcDbLine
 10
1136.44
 20
407.38
 30
0.0
 11
1137.02
 21
412.27
 31
0.0
  0
LINE
  5
4D8
330
17
100
AcDbEntity
  8
LINES
100
AcDbLine
 10
1135.87
 20
412.56
 30
0.0
 11
1136.73
 21
411.26
 31
0.0
  0
LINE
  5
4D9
330
17
100
AcDbEntity
  8
LINES
100
AcDbLine
 10
1136.59
 20
415.15
 30
0.0
 11
1137.16
 21
413.86
 31
0.0
  0
LINE
  5
4DA
330
17
100
AcDbEntity
  8
LINES
100
AcDbLine
 10
1136.15
 20
408.38
 30
0.0
 11
1136.44
 21
407.66
 31
0.0
  0
LINE
  5
4DB
330
17
100
AcDbEntity
  8
LINES
100
AcDbLine
 10
1137.74
 20
415.3
 30
0.0
 11
1137.45
 21
413.14
 31
0.0
  0
LINE
  5
4DC
330
17
100
AcDbEntity
  8
LINES
100
AcDbLine
 10
1140.04
 20
415.01
 30
0.0
 11
1139.75
 21
413.57
 31
0.0
  0
LINE
  5
4DD
330
17
100
AcDbEntity
  8
LINES
100
AcDbLine
 10
1139.18
 20
413.57
 30
0.0
 11
1139.9
 21
411.84
 31
0.0
  0
LINE
  5
4DE
330
17
100
AcDbEntity
  8
LINES
100
AcDbLine
 10
1138.75
 20
412.42
 30
0.0
 11
1138.75
 21
406.22
 31
0.0
  0
LINE
  5
4DF
330
17
100
AcDbEntity
  8
LINES
100
AcDbLine
 10
1138.89
 20
410.4
 30
0.0
 11
1139.9
 21
407.38
 31
0.0
  0
LINE
  5
4E0
330
17
100
AcDbEntity
  8
LINES
100
AcDbLine
 10
1140.47
 20
407.38
 30
0.0
 11
1139.9
 21
407.38
 31
0.0
  0
LINE
  5
4E1
330
17
100
AcDbEntity
  8
LINES
100
AcDbLine
 10
709.63
 20
384.77
 30
0.0
 11
712.94
 21
384.77
 31
0.0
  0
LINE
  5
4E2
330
17
100
AcDbEntity
  8
LINES
100
AcDbLine
 10
809.71
 20
391.1
 30
0.0
 11
808.7
 21
392.98
 31
0.0
  0
LINE
  5
4E3
330
17
100
AcDbEntity
  8
LINES
100
AcDbLine
 10
805.96
 20
390.24
 30
0.0
 11
807.11
 21
392.98
 31
0.0
  0
LINE
  5
4E4
330
17
100
AcDbEntity
  8
LINES
100
AcDbLine
 10
807.83
 20
393.98
 30
0.0
 11
807.83
 21
391.1
 31
0.0
  0
LINE
  5
4E5
330
17
100
AcDbEntity
  8
LINES
100
AcDbLine
 10
806.68
 20
389.38
 30
0.0
 11
806.68
 21
384.91
 31
0.0
  0
LINE
  5
4E6
330
17
100
AcDbEntity
  8
LINES
100
AcDbLine
 10
808.84
 20
384.91
 30
0.0
 11
808.99
 21
389.81
 31
0.0
  0
LINE
  5
4E7
330
17
100
AcDbEntity
  8
LINES
100
AcDbLine
 10
808.99
 20
389.66
 30
0.0
 11
806.68
 21
389.23
 31
0.0
  0
LINE
  5
4E8
330
17
100
AcDbEntity
  8
LINES
100
AcDbLine
 10
806.68
 20
387.79
 30
0.0
 11
808.7
 21
388.22
 31
0.0
  0
LINE
  5
4E9
330
17
100
AcDbEntity
  8
LINES
100
AcDbLine
 10
806.68
 20
386.64
 30
0.0
 11
808.7
 21
386.93
 31
0.0
  0
LINE
  5
4EA
330
17
100
AcDbEntity
  8
LINES
100
AcDbLine
 10
806.68
 20
385.34
 30
0.0
 11
808.84
 21
385.63
 31
0.0
  0
LINE
  5
4EB
330
17
100
AcDbEntity
  8
LINES
100
AcDbLine
 10
811.29
 20
393.7
 30
0.0
 11
811.29
 21
385.49
 31
0.0
  0
LINE
  5
4EC
330
17
100
AcDbEntity
  8
LINES
100
AcDbLine
 10
811.29
 20
392.98
 30
0.0
 11
814.6
 21
393.26
 31
0.0
  0
LINE
  5
4ED
330
17
100
AcDbEntity
  8
LINES
100
AcDbLine
 10
812.59
 20
391.82
 30
0.0
 11
811.58
 21
387.5
 31
0.0
  0
LINE
  5
4EE
330
17
100
AcDbEntity
  8
LINES
100
AcDbLine
 10
811.72
 20
391.25
 30
0.0
 11
812.73
 21
388.66
 31
0.0
  0
LINE
  5
4EF
330
17
100
AcDbEntity
  8
LINES
100
AcDbLine
 10
813.88
 20
392.26
 30
0.0
 11
812.59
 21
387.22
 31
0.0
  0
LINE
  5
4F0
330
17
100
AcDbEntity
  8
LINES
100
AcDbLine
 10
813.16
 20
391.25
 30
0.0
 11
814.03
 21
388.08
 31
0.0
  0
LINE
  5
4F1
330
17
100
AcDbEntity
  8
LINES
100
AcDbLine
 10
816.62
 20
388.08
 30
0.0
 11
820.36
 21
388.08
 31
0.0
  0
LINE
  5
4F2
330
17
100
AcDbEntity
  8
LINES
100
AcDbLine
 10
830.87
 20
392.98
 30
0.0
 11
834.19
 21
393.55
 31
0.0
  0
LINE
  5
4F3
330
17
100
AcDbEntity
  8
LINES
100
AcDbLine
 10
834.91
 20
389.95
 30
0.0
 11
830.3
 21
389.23
 31
0.0
  0
LINE
  5
4F4
330
17
100
AcDbEntity
  8
LINES
100
AcDbLine
 10
831.31
 20
391.97
 30
0.0
 11
831.74
 21
390.24
 31
0.0
  0
LINE
  5
4F5
330
17
100
AcDbEntity
  8
LINES
100
AcDbLine
 10
833.32
 20
389.95
 30
0.0
 11
834.04
 21
392.4
 31
0.0
  0
LINE
  5
4F6
330
17
100
AcDbEntity
  8
LINES
100
AcDbLine
 10
832.75
 20
393.26
 30
0.0
 11
832.75
 21
384.91
 31
0.0
  0
LINE
  5
4F7
330
17
100
AcDbEntity
  8
LINES
100
AcDbLine
 10
837.5
 20
390.82
 30
0.0
 11
837.93
 21
393.12
 31
0.0
  0
LINE
  5
4F8
330
17
100
AcDbEntity
  8
LINES
100
AcDbLine
 10
839.51
 20
391.1
 30
0.0
 11
836.35
 21
390.67
 31
0.0
  0
LINE
  5
4F9
330
17
100
AcDbEntity
  8
LINES
100
AcDbLine
 10
838.07
 20
389.66
 30
0.0
 11
837.35
 21
389.38
 31
0.0
  0
LINE
  5
4FA
330
17
100
AcDbEntity
  8
LINES
100
AcDbLine
 10
837.35
 20
387.94
 30
0.0
 11
838.07
 21
388.22
 31
0.0
  0
LINE
  5
4FB
330
17
100
AcDbEntity
  8
LINES
100
AcDbLine
 10
838.51
 20
390.82
 30
0.0
 11
838.36
 21
386.21
 31
0.0
  0
LINE
  5
4FC
330
17
100
AcDbEntity
  8
LINES
100
AcDbLine
 10
837.35
 20
390.67
 30
0.0
 11
837.35
 21
386.06
 31
0.0
  0
LINE
  5
4FD
330
17
100
AcDbEntity
  8
LINES
100
AcDbLine
 10
839.23
 20
385.2
 30
0.0
 11
839.51
 21
391.54
 31
0.0
  0
LINE
  5
4FE
330
17
100
AcDbEntity
  8
LINES
100
AcDbLine
 10
836.35
 20
385.92
 30
0.0
 11
839.23
 21
386.35
 31
0.0
  0
LINE
  5
4FF
330
17
100
AcDbEntity
  8
LINES
100
AcDbLine
 10
836.35
 20
391.39
 30
0.0
 11
836.35
 21
385.2
 31
0.0
  0
LINE
  5
500
330
17
100
AcDbEntity
  8
LINES
100
AcDbLine
 10
840.09
 20
393.26
 30
0.0
 11
835.77
 21
392.83
 31
0.0
  0
LINE
  5
501
330
17
100
AcDbEntity
  8
LINES
100
AcDbLine
 10
855.93
 20
384.77
 30
0.0
 11
855.93
 21
394.7
 31
0.0
  0
LINE
  5
502
330
17
100
AcDbEntity
  8
LINES
100
AcDbLine
 10
861.26
 20
394.7
 30
0.0
 11
861.26
 21
384.77
 31
0.0
  0
LINE
  5
503
330
17
100
AcDbEntity
  8
LINES
100
AcDbLine
 10
855.93
 20
389.95
 30
0.0
 11
861.26
 21
389.95
 31
0.0
  0
LINE
  5
504
330
17
100
AcDbEntity
  8
LINES
100
AcDbLine
 10
865.87
 20
390.38
 30
0.0
 11
864.71
 21
390.1
 31
0.0
  0
LINE
  5
505
330
17
100
AcDbEntity
  8
LINES
100
AcDbLine
 10
865.87
 20
386.35
 30
0.0
 11
865.87
 21
390.67
 31
0.0
  0
LINE
  5
506
330
17
100
AcDbEntity
  8
LINES
100
AcDbLine
 10
866.59
 20
387.65
 30
0.0
 11
865.43
 21
385.63
 31
0.0
  0
LINE
  5
507
330
17
100
AcDbEntity
  8
LINES
100
AcDbLine
 10
865.29
 20
393.26
 30
0.0
 11
866.01
 21
391.82
 31
0.0
  0
LINE
  5
508
330
17
100
AcDbEntity
  8
LINES
100
AcDbLine
 10
866.73
 20
389.23
 30
0.0
 11
868.46
 21
389.52
 31
0.0
  0
LINE
  5
509
330
17
100
AcDbEntity
  8
LINES
100
AcDbLine
 10
868.6
 20
389.81
 30
0.0
 11
867.88
 21
387.5
 31
0.0
  0
LINE
  5
50A
330
17
100
AcDbEntity
  8
LINES
100
AcDbLine
 10
867.02
 20
393.55
 30
0.0
 11
867.02
 21
391.68
 31
0.0
  0
LINE
  5
50B
330
17
100
AcDbEntity
  8
LINES
100
AcDbLine
 10
867.02
 20
392.98
 30
0.0
 11
868.03
 21
393.26
 31
0.0
  0
LINE
  5
50C
330
17
100
AcDbEntity
  8
LINES
100
AcDbLine
 10
871.91
 20
393.7
 30
0.0
 11
871.19
 21
392.11
 31
0.0
  0
LINE
  5
50D
330
17
100
AcDbEntity
  8
LINES
100
AcDbLine
 10
872.35
 20
388.66
 30
0.0
 11
872.35
 21
385.63
 31
0.0
  0
LINE
  5
50E
330
17
100
AcDbEntity
  8
LINES
100
AcDbLine
 10
871.48
 20
387.07
 30
0.0
 11
873.07
 21
387.22
 31
0.0
  0
LINE
  5
50F
330
17
100
AcDbEntity
  8
LINES
100
AcDbLine
 10
873.35
 20
385.63
 30
0.0
 11
871.34
 21
385.34
 31
0.0
  0
LINE
  5
510
330
17
100
AcDbEntity
  8
LINES
100
AcDbLine
 10
873.5
 20
389.09
 30
0.0
 11
873.35
 21
384.91
 31
0.0
  0
LINE
  5
511
330
17
100
AcDbEntity
  8
LINES
100
AcDbLine
 10
871.34
 20
388.51
 30
0.0
 11
873.5
 21
388.94
 31
0.0
  0
LINE
  5
512
330
17
100
AcDbEntity
  8
LINES
100
AcDbLine
 10
871.34
 20
388.94
 30
0.0
 11
871.34
 21
384.91
 31
0.0
  0
LINE
  5
513
330
17
100
AcDbEntity
  8
LINES
100
AcDbLine
 10
871.34
 20
392.4
 30
0.0
 11
873.35
 21
392.69
 31
0.0
  0
LINE
  5
514
330
17
100
AcDbEntity
  8
LINES
100
AcDbLine
 10
871.19
 20
392.11
 30
0.0
 11
870.33
 21
390.24
 31
0.0
  0
LINE
  5
515
330
17
100
AcDbEntity
  8
LINES
100
AcDbLine
 10
878.39
 20
391.82
 30
0.0
 11
878.11
 21
390.1
 31
0.0
  0
LINE
  5
516
330
17
100
AcDbEntity
  8
LINES
100
AcDbLine
 10
876.95
 20
391.54
 30
0.0
 11
877.39
 21
390.24
 31
0.0
  0
LINE
  5
517
330
17
100
AcDbEntity
  8
LINES
100
AcDbLine
 10
878.39
 20
390.1
 30
0.0
 11
878.39
 21
384.91
 31
0.0
  0
LINE
  5
518
330
17
100
AcDbEntity
  8
LINES
100
AcDbLine
 10
876.38
 20
388.08
 30
0.0
 11
879.69
 21
388.51
 31
0.0
  0
LINE
  5
519
330
17
100
AcDbEntity
  8
LINES
100
AcDbLine
 10
876.52
 20
389.81
 30
0.0
 11
879.26
 21
390.38
 31
0.0
  0
LINE
  5
51A
330
17
100
AcDbEntity
  8
LINES
100
AcDbLine
 10
878.68
 20
392.26
 30
0.0
 11
878.83
 21
393.7
 31
0.0
  0
LINE
  5
51B
330
17
100
AcDbEntity
  8
LINES
100
AcDbLine
 10
876.38
 20
391.82
 30
0.0
 11
878.97
 21
392.26
 31
0.0
  0
LINE
  5
51C
330
17
100
AcDbEntity
  8
LINES
100
AcDbLine
 10
876.38
 20
392.98
 30
0.0
 11
878.83
 21
393.41
 31
0.0
  0
LINE
  5
51D
330
17
100
AcDbEntity
  8
LINES
100
AcDbLine
 10
938.59
 20
393.98
 30
0.0
 11
936.86
 21
390.24
 31
0.0
  0
LINE
  5
51E
330
17
100
AcDbEntity
  8
LINES
100
AcDbLine
 10
938.15
 20
392.98
 30
0.0
 11
938.15
 21
388.51
 31
0.0
  0
LINE
  5
51F
330
17
100
AcDbEntity
  8
LINES
100
AcDbLine
 10
940.75
 20
393.26
 30
0.0
 11
938.87
 21
390.82
 31
0.0
  0
LINE
  5
520
330
17
100
AcDbEntity
  8
LINES
100
AcDbLine
 10
936.86
 20
387.5
 30
0.0
 11
941.47
 21
388.08
 31
0.0
  0
LINE
  5
521
330
17
100
AcDbEntity
  8
LINES
100
AcDbLine
 10
939.16
 20
389.23
 30
0.0
 11
939.16
 21
384.48
 31
0.0
  0
LINE
  5
522
330
17
100
AcDbEntity
  8
LINES
100
AcDbLine
 10
944.63
 20
390.53
 30
0.0
 11
944.06
 21
388.22
 31
0.0
  0
LINE
  5
523
330
17
100
AcDbEntity
  8
LINES
100
AcDbLine
 10
942.76
 20
390.1
 30
0.0
 11
946.51
 21
390.96
 31
0.0
  0
LINE
  5
524
330
17
100
AcDbEntity
  8
LINES
100
AcDbLine
 10
944.78
 20
389.23
 30
0.0
 11
945.35
 21
387.5
 31
0.0
  0
LINE
  5
525
330
17
100
AcDbEntity
  8
LINES
100
AcDbLine
 10
943.34
 20
393.26
 30
0.0
 11
944.06
 21
391.39
 31
0.0
  0
LINE
  5
526
330
17
100
AcDbEntity
  8
LINES
100
AcDbLine
 10
942.47
 20
384.91
 30
0.0
 11
944.06
 21
388.22
 31
0.0
  0
LINE
  5
527
330
17
100
AcDbEntity
  8
LINES
100
AcDbLine
 10
944.63
 20
390.53
 30
0.0
 11
945.07
 21
393.98
 31
0.0
  0
LINE
  5
528
330
17
100
AcDbEntity
  8
LINES
100
AcDbLine
 10
947.08
 20
389.95
 30
0.0
 11
950.11
 21
389.95
 31
0.0
  0
LINE
  5
529
330
17
100
AcDbEntity
  8
LINES
100
AcDbLine
 10
947.08
 20
384.77
 30
0.0
 11
951.98
 21
384.77
 31
0.0
  0
LINE
  5
52A
330
17
100
AcDbEntity
  8
LINES
100
AcDbLine
 10
980.63
 20
394.7
 30
0.0
 11
980.63
 21
384.77
 31
0.0
  0
LINE
  5
52B
330
17
100
AcDbEntity
  8
LINES
100
AcDbLine
 10
984.52
 20
384.77
 30
0.0
 11
989.71
 21
394.7
 31
0.0
  0
LINE
  5
52C
330
17
100
AcDbEntity
  8
LINES
100
AcDbLine
 10
984.52
 20
394.7
 30
0.0
 11
989.71
 21
384.77
 31
0.0
  0
LINE
  5
52D
330
17
100
AcDbEntity
  8
LINES
100
AcDbLine
 10
1035.5
 20
384.77
 30
0.0
 11
1038.23
 21
384.77
 31
0.0
  0
LINE
  5
52E
330
17
100
AcDbEntity
  8
LINES
100
AcDbLine
 10
710.49
 20
359.28
 30
0.0
 11
713.8
 21
359.28
 31
0.0
  0
LINE
  5
52F
330
17
100
AcDbEntity
  8
LINES
100
AcDbLine
 10
726.91
 20
359.28
 30
0.0
 11
730.22
 21
359.28
 31
0.0
  0
LINE
  5
530
330
17
100
AcDbEntity
  8
LINES
100
AcDbLine
 10
808.99
 20
365.62
 30
0.0
 11
807.98
 21
367.34
 31
0.0
  0
LINE
  5
531
330
17
100
AcDbEntity
  8
LINES
100
AcDbLine
 10
805.1
 20
364.75
 30
0.0
 11
806.39
 21
367.34
 31
0.0
  0
LINE
  5
532
330
17
100
AcDbEntity
  8
LINES
100
AcDbLine
 10
807.11
 20
368.5
 30
0.0
 11
807.11
 21
365.47
 31
0.0
  0
LINE
  5
533
330
17
100
AcDbEntity
  8
LINES
100
AcDbLine
 10
805.96
 20
363.89
 30
0.0
 11
805.96
 21
359.28
 31
0.0
  0
LINE
  5
534
330
17
100
AcDbEntity
  8
LINES
100
AcDbLine
 10
808.12
 20
359.28
 30
0.0
 11
808.27
 21
364.32
 31
0.0
  0
LINE
  5
535
330
17
100
AcDbEntity
  8
LINES
100
AcDbLine
 10
808.27
 20
364.03
 30
0.0
 11
805.96
 21
363.74
 31
0.0
  0
LINE
  5
536
330
17
100
AcDbEntity
  8
LINES
100
AcDbLine
 10
805.96
 20
362.3
 30
0.0
 11
807.83
 21
362.59
 31
0.0
  0
LINE
  5
537
330
17
100
AcDbEntity
  8
LINES
100
AcDbLine
 10
805.96
 20
361.15
 30
0.0
 11
807.83
 21
361.44
 31
0.0
  0
LINE
  5
538
330
17
100
AcDbEntity
  8
LINES
100
AcDbLine
 10
805.96
 20
359.86
 30
0.0
 11
808.12
 21
360.0
 31
0.0
  0
LINE
  5
539
330
17
100
AcDbEntity
  8
LINES
100
AcDbLine
 10
810.57
 20
368.06
 30
0.0
 11
810.57
 21
360.0
 31
0.0
  0
LINE
  5
53A
330
17
100
AcDbEntity
  8
LINES
100
AcDbLine
 10
810.57
 20
367.34
 30
0.0
 11
813.88
 21
367.78
 31
0.0
  0
LINE
  5
53B
330
17
100
AcDbEntity
  8
LINES
100
AcDbLine
 10
811.87
 20
366.34
 30
0.0
 11
810.71
 21
362.02
 31
0.0
  0
LINE
  5
53C
330
17
100
AcDbEntity
  8
LINES
100
AcDbLine
 10
811.0
 20
365.76
 30
0.0
 11
812.01
 21
363.17
 31
0.0
  0
LINE
  5
53D
330
17
100
AcDbEntity
  8
LINES
100
AcDbLine
 10
813.16
 20
366.62
 30
0.0
 11
811.87
 21
361.73
 31
0.0
  0
LINE
  5
53E
330
17
100
AcDbEntity
  8
LINES
100
AcDbLine
 10
812.3
 20
365.76
 30
0.0
 11
813.31
 21
362.59
 31
0.0
  0
LINE
  5
53F
330
17
100
AcDbEntity
  8
LINES
100
AcDbLine
 10
815.9
 20
362.59
 30
0.0
 11
819.64
 21
362.59
 31
0.0
  0
LINE
  5
540
330
17
100
AcDbEntity
  8
LINES
100
AcDbLine
 10
831.74
 20
367.49
 30
0.0
 11
835.05
 21
368.06
 31
0.0
  0
LINE
  5
541
330
17
100
AcDbEntity
  8
LINES
100
AcDbLine
 10
835.63
 20
364.46
 30
0.0
 11
831.02
 21
363.74
 31
0.0
  0
LINE
  5
542
330
17
100
AcDbEntity
  8
LINES
100
AcDbLine
 10
832.17
 20
366.48
 30
0.0
 11
832.46
 21
364.75
 31
0.0
  0
LINE
  5
543
330
17
100
AcDbEntity
  8
LINES
100
AcDbLine
 10
834.04
 20
364.46
 30
0.0
 11
834.76
 21
366.91
 31
0.0
  0
LINE
  5
544
330
17
100
AcDbEntity
  8
LINES
100
AcDbLine
 10
833.47
 20
367.78
 30
0.0
 11
833.47
 21
359.28
 31
0.0
  0
LINE
  5
545
330
17
100
AcDbEntity
  8
LINES
100
AcDbLine
 10
838.36
 20
365.33
 30
0.0
 11
838.65
 21
367.63
 31
0.0
  0
LINE
  5
546
330
17
100
AcDbEntity
  8
LINES
100
AcDbLine
 10
840.23
 20
365.47
 30
0.0
 11
837.07
 21
365.18
 31
0.0
  0
LINE
  5
547
330
17
100
AcDbEntity
  8
LINES
100
AcDbLine
 10
838.94
 20
364.03
 30
0.0
 11
838.07
 21
363.89
 31
0.0
  0
LINE
  5
548
330
17
100
AcDbEntity
  8
LINES
100
AcDbLine
 10
838.07
 20
362.45
 30
0.0
 11
838.94
 21
362.59
 31
0.0
  0
LINE
  5
549
330
17
100
AcDbEntity
  8
LINES
100
AcDbLine
 10
839.23
 20
365.33
 30
0.0
 11
839.08
 21
360.72
 31
0.0
  0
LINE
  5
54A
330
17
100
AcDbEntity
  8
LINES
100
AcDbLine
 10
838.07
 20
365.18
 30
0.0
 11
838.07
 21
360.58
 31
0.0
  0
LINE
  5
54B
330
17
100
AcDbEntity
  8
LINES
100
AcDbLine
 10
840.09
 20
359.71
 30
0.0
 11
840.23
 21
366.05
 31
0.0
  0
LINE
  5
54C
330
17
100
AcDbEntity
  8
LINES
100
AcDbLine
 10
837.21
 20
360.43
 30
0.0
 11
840.09
 21
360.72
 31
0.0
  0
LINE
  5
54D
330
17
100
AcDbEntity
  8
LINES
100
AcDbLine
 10
837.07
 20
365.9
 30
0.0
 11
837.21
 21
359.71
 31
0.0
  0
LINE
  5
54E
330
17
100
AcDbEntity
  8
LINES
100
AcDbLine
 10
840.81
 20
367.78
 30
0.0
 11
836.49
 21
367.34
 31
0.0
  0
LINE
  5
54F
330
17
100
AcDbEntity
  8
LINES
100
AcDbLine
 10
856.65
 20
359.28
 30
0.0
 11
856.65
 21
369.22
 31
0.0
  0
LINE
  5
550
330
17
100
AcDbEntity
  8
LINES
100
AcDbLine
 10
861.98
 20
369.22
 30
0.0
 11
861.98
 21
359.28
 31
0.0
  0
LINE
  5
551
330
17
100
AcDbEntity
  8
LINES
100
AcDbLine
 10
856.65
 20
364.46
 30
0.0
 11
861.98
 21
364.46
 31
0.0
  0
LINE
  5
552
330
17
100
AcDbEntity
  8
LINES
100
AcDbLine
 10
866.59
 20
364.75
 30
0.0
 11
865.43
 21
364.61
 31
0.0
  0
LINE
  5
553
330
17
100
AcDbEntity
  8
LINES
100
AcDbLine
 10
866.59
 20
360.86
 30
0.0
 11
866.59
 21
365.18
 31
0.0
  0
LINE
  5
554
330
17
100
AcDbEntity
  8
LINES
100
AcDbLine
 10
867.31
 20
362.16
 30
0.0
 11
866.15
 21
360.0
 31
0.0
  0
LINE
  5
555
330
17
100
AcDbEntity
  8
LINES
100
AcDbLine
 10
866.15
 20
367.78
 30
0.0
 11
866.73
 21
366.19
 31
0.0
  0
LINE
  5
556
330
17
100
AcDbEntity
  8
LINES
100
AcDbLine
 10
867.45
 20
363.74
 30
0.0
 11
869.18
 21
364.03
 31
0.0
  0
LINE
  5
557
330
17
100
AcDbEntity
  8
LINES
100
AcDbLine
 10
869.32
 20
364.32
 30
0.0
 11
868.6
 21
361.87
 31
0.0
  0
LINE
  5
558
330
17
100
AcDbEntity
  8
LINES
100
AcDbLine
 10
867.88
 20
368.06
 30
0.0
 11
867.88
 21
366.19
 31
0.0
  0
LINE
  5
559
330
17
100
AcDbEntity
  8
LINES
100
AcDbLine
 10
867.88
 20
367.49
 30
0.0
 11
868.75
 21
367.78
 31
0.0
  0
LINE
  5
55A
330
17
100
AcDbEntity
  8
LINES
100
AcDbLine
 10
872.63
 20
368.21
 30
0.0
 11
871.91
 21
366.62
 31
0.0
  0
LINE
  5
55B
330
17
100
AcDbEntity
  8
LINES
100
AcDbLine
 10
873.07
 20
363.17
 30
0.0
 11
873.07
 21
360.14
 31
0.0
  0
LINE
  5
55C
330
17
100
AcDbEntity
  8
LINES
100
AcDbLine
 10
872.35
 20
361.44
 30
0.0
 11
873.93
 21
361.73
 31
0.0
  0
LINE
  5
55D
330
17
100
AcDbEntity
  8
LINES
100
AcDbLine
 10
874.07
 20
360.14
 30
0.0
 11
872.06
 21
359.86
 31
0.0
  0
LINE
  5
55E
330
17
100
AcDbEntity
  8
LINES
100
AcDbLine
 10
874.22
 20
363.6
 30
0.0
 11
874.07
 21
359.42
 31
0.0
  0
LINE
  5
55F
330
17
100
AcDbEntity
  8
LINES
100
AcDbLine
 10
872.06
 20
363.02
 30
0.0
 11
874.22
 21
363.31
 31
0.0
  0
LINE
  5
560
330
17
100
AcDbEntity
  8
LINES
100
AcDbLine
 10
872.06
 20
363.46
 30
0.0
 11
872.06
 21
359.42
 31
0.0
  0
LINE
  5
561
330
17
100
AcDbEntity
  8
LINES
100
AcDbLine
 10
872.06
 20
366.91
 30
0.0
 11
874.07
 21
367.2
 31
0.0
  0
LINE
  5
562
330
17
100
AcDbEntity
  8
LINES
100
AcDbLine
 10
871.91
 20
366.62
 30
0.0
 11
871.05
 21
364.75
 31
0.0
  0
LINE
  5
563
330
17
100
AcDbEntity
  8
LINES
100
AcDbLine
 10
879.11
 20
366.19
 30
0.0
 11
878.97
 21
364.61
 31
0.0
  0
LINE
  5
564
330
17
100
AcDbEntity
  8
LINES
100
AcDbLine
 10
877.67
 20
366.05
 30
0.0
 11
878.11
 21
364.75
 31
0.0
  0
LINE
  5
565
330
17
100
AcDbEntity
  8
LINES
100
AcDbLine
 10
879.11
 20
364.61
 30
0.0
 11
879.11
 21
359.42
 31
0.0
  0
LINE
  5
566
330
17
100
AcDbEntity
  8
LINES
100
AcDbLine
 10
877.1
 20
362.59
 30
0.0
 11
880.41
 21
363.02
 31
0.0
  0
LINE
  5
567
330
17
100
AcDbEntity
  8
LINES
100
AcDbLine
 10
877.39
 20
364.32
 30
0.0
 11
879.98
 21
364.75
 31
0.0
  0
LINE
  5
568
330
17
100
AcDbEntity
  8
LINES
100
AcDbLine
 10
879.55
 20
366.62
 30
0.0
 11
879.69
 21
368.21
 31
0.0
  0
LINE
  5
569
330
17
100
AcDbEntity
  8
LINES
100
AcDbLine
 10
877.1
 20
366.19
 30
0.0
 11
879.69
 21
366.62
 31
0.0
  0
LINE
  5
56A
330
17
100
AcDbEntity
  8
LINES
100
AcDbLine
 10
877.1
 20
367.49
 30
0.0
 11
879.55
 21
367.92
 31
0.0
  0
LINE
  5
56B
330
17
100
AcDbEntity
  8
LINES
100
AcDbLine
 10
944.49
 20
365.62
 30
0.0
 11
948.09
 21
366.19
 31
0.0
  0
LINE
  5
56C
330
17
100
AcDbEntity
  8
LINES
100
AcDbLine
 10
944.49
 20
366.62
 30
0.0
 11
944.49
 21
362.16
 31
0.0
  0
LINE
  5
56D
330
17
100
AcDbEntity
  8
LINES
100
AcDbLine
 10
946.36
 20
368.5
 30
0.0
 11
946.36
 21
359.28
 31
0.0
  0
LINE
  5
56E
330
17
100
AcDbEntity
  8
LINES
100
AcDbLine
 10
948.09
 20
366.34
 30
0.0
 11
947.8
 21
363.31
 31
0.0
  0
LINE
  5
56F
330
17
100
AcDbEntity
  8
LINES
100
AcDbLine
 10
948.09
 20
363.31
 30
0.0
 11
944.49
 21
362.74
 31
0.0
  0
LINE
  5
570
330
17
100
AcDbEntity
  8
LINES
100
AcDbLine
 10
953.85
 20
364.03
 30
0.0
 11
949.39
 21
363.46
 31
0.0
  0
LINE
  5
571
330
17
100
AcDbEntity
  8
LINES
100
AcDbLine
 10
949.53
 20
359.57
 30
0.0
 11
950.97
 21
362.59
 31
0.0
  0
LINE
  5
572
330
17
100
AcDbEntity
  8
LINES
100
AcDbLine
 10
952.12
 20
362.59
 30
0.0
 11
953.42
 21
359.86
 31
0.0
  0
LINE
  5
573
330
17
100
AcDbEntity
  8
LINES
100
AcDbLine
 10
952.12
 20
363.74
 30
0.0
 11
952.99
 21
368.21
 31
0.0
  0
LINE
  5
574
330
17
100
AcDbEntity
  8
LINES
100
AcDbLine
 10
951.11
 20
367.92
 30
0.0
 11
951.55
 21
365.18
 31
0.0
  0
LINE
  5
575
330
17
100
AcDbEntity
  8
LINES
100
AcDbLine
 10
950.68
 20
364.46
 30
0.0
 11
949.96
 21
367.06
 31
0.0
  0
LINE
  5
576
330
17
100
AcDbEntity
  8
LINES
100
AcDbLine
 10
1035.5
 20
359.28
 30
0.0
 11
1038.23
 21
359.28
 31
0.0
  0
LINE
  5
577
330
17
100
AcDbEntity
  8
LINES
100
AcDbLine
 10
708.76
 20
333.79
 30
0.0
 11
712.07
 21
333.79
 31
0.0
  0
LINE
  5
578
330
17
100
AcDbEntity
  8
LINES
100
AcDbLine
 10
824.97
 20
342.72
 30
0.0
 11
824.97
 21
337.97
 31
0.0
  0
LINE
  5
579
330
17
100
AcDbEntity
  8
LINES
100
AcDbLine
 10
823.82
 20
339.84
 30
0.0
 11
826.27
 21
340.27
 31
0.0
  0
LINE
  5
57A
330
17
100
AcDbEntity
  8
LINES
100
AcDbLine
 10
825.83
 20
342.14
 30
0.0
 11
825.55
 21
340.13
 31
0.0
  0
LINE
  5
57B
330
17
100
AcDbEntity
  8
LINES
100
AcDbLine
 10
824.25
 20
341.86
 30
0.0
 11
824.54
 21
340.42
 31
0.0
  0
LINE
  5
57C
330
17
100
AcDbEntity
  8
LINES
100
AcDbLine
 10
824.97
 20
339.98
 30
0.0
 11
823.67
 21
337.1
 31
0.0
  0
LINE
  5
57D
330
17
100
AcDbEntity
  8
LINES
100
AcDbLine
 10
824.97
 20
339.7
 30
0.0
 11
825.98
 21
338.4
 31
0.0
  0
LINE
  5
57E
330
17
100
AcDbEntity
  8
LINES
100
AcDbLine
 10
823.82
 20
336.53
 30
0.0
 11
825.55
 21
336.96
 31
0.0
  0
LINE
  5
57F
330
17
100
AcDbEntity
  8
LINES
100
AcDbLine
 10
826.41
 20
339.55
 30
0.0
 11
827.99
 21
339.84
 31
0.0
  0
LINE
  5
580
330
17
100
AcDbEntity
  8
LINES
100
AcDbLine
 10
831.16
 20
342.86
 30
0.0
 11
831.59
 21
341.42
 31
0.0
  0
LINE
  5
581
330
17
100
AcDbEntity
  8
LINES
100
AcDbLine
 10
833.47
 20
341.42
 30
0.0
 11
832.89
 21
339.84
 31
0.0
  0
LINE
  5
582
330
17
100
AcDbEntity
  8
LINES
100
AcDbLine
 10
829.87
 20
341.42
 30
0.0
 11
829.58
 21
339.41
 31
0.0
  0
LINE
  5
583
330
17
100
AcDbEntity
  8
LINES
100
AcDbLine
 10
829.87
 20
340.85
 30
0.0
 11
833.32
 21
341.28
 31
0.0
  0
LINE
  5
584
330
17
100
AcDbEntity
  8
LINES
100
AcDbLine
 10
829.15
 20
336.96
 30
0.0
 11
833.47
 21
337.39
 31
0.0
  0
LINE
  5
585
330
17
100
AcDbEntity
  8
LINES
100
AcDbLine
 10
832.46
 20
340.13
 30
0.0
 11
831.59
 21
338.26
 31
0.0
  0
LINE
  5
586
330
17
100
AcDbEntity
  8
LINES
100
AcDbLine
 10
830.15
 20
339.41
 30
0.0
 11
832.31
 21
339.84
 31
0.0
  0
LINE
  5
587
330
17
100
AcDbEntity
  8
LINES
100
AcDbLine
 10
834.33
 20
341.86
 30
0.0
 11
836.92
 21
342.43
 31
0.0
  0
LINE
  5
588
330
17
100
AcDbEntity
  8
LINES
100
AcDbLine
 10
838.36
 20
339.12
 30
0.0
 11
837.07
 21
338.83
 31
0.0
  0
LINE
  5
589
330
17
100
AcDbEntity
  8
LINES
100
AcDbLine
 10
838.36
 20
341.71
 30
0.0
 11
838.22
 21
339.12
 31
0.0
  0
LINE
  5
58A
330
17
100
AcDbEntity
  8
LINES
100
AcDbLine
 10
836.92
 20
341.28
 30
0.0
 11
838.22
 21
341.57
 31
0.0
  0
LINE
  5
58B
330
17
100
AcDbEntity
  8
LINES
100
AcDbLine
 10
835.63
 20
342.0
 30
0.0
 11
835.63
 21
337.97
 31
0.0
  0
LINE
  5
58C
330
17
100
AcDbEntity
  8
LINES
100
AcDbLine
 10
834.91
 20
336.67
 30
0.0
 11
835.77
 21
336.96
 31
0.0
  0
LINE
  5
58D
330
17
100
AcDbEntity
  8
LINES
100
AcDbLine
 10
834.62
 20
335.52
 30
0.0
 11
836.06
 21
335.95
 31
0.0
  0
LINE
  5
58E
330
17
100
AcDbEntity
  8
LINES
100
AcDbLine
 10
836.35
 20
340.7
 30
0.0
 11
836.2
 21
334.66
 31
0.0
  0
LINE
  5
58F
330
17
100
AcDbEntity
  8
LINES
100
AcDbLine
 10
834.62
 20
340.27
 30
0.0
 11
836.2
 21
340.56
 31
0.0
  0
LINE
  5
590
330
17
100
AcDbEntity
  8
LINES
100
AcDbLine
 10
834.62
 20
340.7
 30
0.0
 11
834.62
 21
334.8
 31
0.0
  0
LINE
  5
591
330
17
100
AcDbEntity
  8
LINES
100
AcDbLine
 10
835.63
 20
337.97
 30
0.0
 11
836.06
 21
337.97
 31
0.0
  0
LINE
  5
592
330
17
100
AcDbEntity
  8
LINES
100
AcDbLine
 10
841.24
 20
337.82
 30
0.0
 11
839.66
 21
336.96
 31
0.0
  0
LINE
  5
593
330
17
100
AcDbEntity
  8
LINES
100
AcDbLine
 10
841.1
 20
340.7
 30
0.0
 11
839.8
 21
337.1
 31
0.0
  0
LINE
  5
594
330
17
100
AcDbEntity
  8
LINES
100
AcDbLine
 10
839.51
 20
339.26
 30
0.0
 11
840.67
 21
339.84
 31
0.0
  0
LINE
  5
595
330
17
100
AcDbEntity
  8
LINES
100
AcDbLine
 10
839.66
 20
335.23
 30
0.0
 11
841.24
 21
336.24
 31
0.0
  0
LINE
  5
596
330
17
100
AcDbEntity
  8
LINES
100
AcDbLine
 10
840.67
 20
342.43
 30
0.0
 11
839.66
 21
339.26
 31
0.0
  0
LINE
  5
597
330
17
100
AcDbEntity
  8
LINES
100
AcDbLine
 10
841.53
 20
339.7
 30
0.0
 11
843.4
 21
340.7
 31
0.0
  0
LINE
  5
598
330
17
100
AcDbEntity
  8
LINES
100
AcDbLine
 10
841.53
 20
338.11
 30
0.0
 11
843.55
 21
338.98
 31
0.0
  0
LINE
  5
599
330
17
100
AcDbEntity
  8
LINES
100
AcDbLine
 10
842.83
 20
342.29
 30
0.0
 11
843.4
 21
341.57
 31
0.0
  0
LINE
  5
59A
330
17
100
AcDbEntity
  8
LINES
100
AcDbLine
 10
846.28
 20
342.86
 30
0.0
 11
845.99
 21
340.85
 31
0.0
  0
LINE
  5
59B
330
17
100
AcDbEntity
  8
LINES
100
AcDbLine
 10
847.58
 20
341.57
 30
0.0
 11
847.58
 21
338.54
 31
0.0
  0
LINE
  5
59C
330
17
100
AcDbEntity
  8
LINES
100
AcDbLine
 10
847.58
 20
340.99
 30
0.0
 11
848.87
 21
341.14
 31
0.0
  0
LINE
  5
59D
330
17
100
AcDbEntity
  8
LINES
100
AcDbLine
 10
848.87
 20
341.42
 30
0.0
 11
848.73
 21
339.26
 31
0.0
  0
LINE
  5
59E
330
17
100
AcDbEntity
  8
LINES
100
AcDbLine
 10
848.87
 20
339.26
 30
0.0
 11
847.58
 21
339.12
 31
0.0
  0
LINE
  5
59F
330
17
100
AcDbEntity
  8
LINES
100
AcDbLine
 10
845.42
 20
336.96
 30
0.0
 11
849.02
 21
337.39
 31
0.0
  0
LINE
  5
5A0
330
17
100
AcDbEntity
  8
LINES
100
AcDbLine
 10
847.15
 20
338.54
 30
0.0
 11
847.15
 21
333.65
 31
0.0
  0
LINE
  5
5A1
330
17
100
AcDbEntity
  8
LINES
100
AcDbLine
 10
847.15
 20
337.1
 30
0.0
 11
844.99
 21
334.08
 31
0.0
  0
LINE
  5
5A2
330
17
100
AcDbEntity
  8
LINES
100
AcDbLine
 10
845.13
 20
340.7
 30
0.0
 11
847.0
 21
340.99
 31
0.0
  0
LINE
  5
5A3
330
17
100
AcDbEntity
  8
LINES
100
AcDbLine
 10
849.74
 20
337.97
 30
0.0
 11
856.51
 21
337.97
 31
0.0
  0
LINE
  5
5A4
330
17
100
AcDbEntity
  8
LINES
100
AcDbLine
 10
948.38
 20
338.98
 30
0.0
 11
951.4
 21
338.98
 31
0.0
  0
LINE
  5
5A5
330
17
100
AcDbEntity
  8
LINES
100
AcDbLine
 10
982.79
 20
341.86
 30
0.0
 11
984.67
 21
342.29
 31
0.0
  0
LINE
  5
5A6
330
17
100
AcDbEntity
  8
LINES
100
AcDbLine
 10
985.24
 20
337.1
 30
0.0
 11
986.54
 21
334.8
 31
0.0
  0
LINE
  5
5A7
330
17
100
AcDbEntity
  8
LINES
100
AcDbLine
 10
984.09
 20
337.25
 30
0.0
 11
982.36
 21
334.51
 31
0.0
  0
LINE
  5
5A8
330
17
100
AcDbEntity
  8
LINES
100
AcDbLine
 10
985.24
 20
339.41
 30
0.0
 11
986.25
 21
337.39
 31
0.0
  0
LINE
  5
5A9
330
17
100
AcDbEntity
  8
LINES
100
AcDbLine
 10
983.08
 20
337.82
 30
0.0
 11
985.67
 21
338.26
 31
0.0
  0
LINE
  5
5AA
330
17
100
AcDbEntity
  8
LINES
100
AcDbLine
 10
984.67
 20
342.29
 30
0.0
 11
985.82
 21
342.86
 31
0.0
  0
LINE
  5
5AB
330
17
100
AcDbEntity
  8
LINES
100
AcDbLine
 10
985.67
 20
341.42
 30
0.0
 11
983.51
 21
337.82
 31
0.0
  0
LINE
  5
5AC
330
17
100
AcDbEntity
  8
LINES
100
AcDbLine
 10
984.81
 20
342.29
 30
0.0
 11
983.37
 21
339.84
 31
0.0
  0
LINE
  5
5AD
330
17
100
AcDbEntity
  8
LINES
100
AcDbLine
 10
983.08
 20
339.7
 30
0.0
 11
984.81
 21
340.13
 31
0.0
  0
LINE
  5
5AE
330
17
100
AcDbEntity
  8
LINES
100
AcDbLine
 10
988.41
 20
342.58
 30
0.0
 11
987.55
 21
339.55
 31
0.0
  0
LINE
  5
5AF
330
17
100
AcDbEntity
  8
LINES
100
AcDbLine
 10
988.84
 20
340.42
 30
0.0
 11
987.55
 21
336.96
 31
0.0
  0
LINE
  5
5B0
330
17
100
AcDbEntity
  8
LINES
100
AcDbLine
 10
987.4
 20
336.96
 30
0.0
 11
988.84
 21
337.82
 31
0.0
  0
LINE
  5
5B1
330
17
100
AcDbEntity
  8
LINES
100
AcDbLine
 10
988.84
 20
336.24
 30
0.0
 11
987.4
 21
334.94
 31
0.0
  0
LINE
  5
5B2
330
17
100
AcDbEntity
  8
LINES
100
AcDbLine
 10
988.55
 20
339.7
 30
0.0
 11
987.4
 21
339.41
 31
0.0
  0
LINE
  5
5B3
330
17
100
AcDbEntity
  8
LINES
100
AcDbLine
 10
989.99
 20
342.86
 30
0.0
 11
990.57
 21
341.57
 31
0.0
  0
LINE
  5
5B4
330
17
100
AcDbEntity
  8
LINES
100
AcDbLine
 10
989.27
 20
340.7
 30
0.0
 11
992.01
 21
341.14
 31
0.0
  0
LINE
  5
5B5
330
17
100
AcDbEntity
  8
LINES
100
AcDbLine
 10
990.43
 20
340.27
 30
0.0
 11
989.56
 21
338.4
 31
0.0
  0
LINE
  5
5B6
330
17
100
AcDbEntity
  8
LINES
100
AcDbLine
 10
989.27
 20
338.26
 30
0.0
 11
991.29
 21
338.83
 31
0.0
  0
LINE
  5
5B7
330
17
100
AcDbEntity
  8
LINES
100
AcDbLine
 10
991.43
 20
338.26
 30
0.0
 11
990.86
 21
339.84
 31
0.0
  0
LINE
  5
5B8
330
17
100
AcDbEntity
  8
LINES
100
AcDbLine
 10
1035.5
 20
333.79
 30
0.0
 11
1038.23
 21
333.79
 31
0.0
  0
LINE
  5
5B9
330
17
100
AcDbEntity
  8
LINES
100
AcDbLine
 10
1109.23
 20
336.1
 30
0.0
 11
1112.39
 21
336.53
 31
0.0
  0
LINE
  5
5BA
330
17
100
AcDbEntity
  8
LINES
100
AcDbLine
 10
1112.39
 20
334.94
 30
0.0
 11
1109.23
 21
334.66
 31
0.0
  0
LINE
  5
5BB
330
17
100
AcDbEntity
  8
LINES
100
AcDbLine
 10
708.76
 20
308.16
 30
0.0
 11
712.07
 21
308.16
 31
0.0
  0
LINE
  5
5BC
330
17
100
AcDbEntity
  8
LINES
100
AcDbLine
 10
823.53
 20
314.64
 30
0.0
 11
822.52
 21
316.37
 31
0.0
  0
LINE
  5
5BD
330
17
100
AcDbEntity
  8
LINES
100
AcDbLine
 10
819.64
 20
313.63
 30
0.0
 11
820.94
 21
316.37
 31
0.0
  0
LINE
  5
5BE
330
17
100
AcDbEntity
  8
LINES
100
AcDbLine
 10
821.66
 20
317.52
 30
0.0
 11
821.66
 21
314.5
 31
0.0
  0
LINE
  5
5BF
330
17
100
AcDbEntity
  8
LINES
100
AcDbLine
 10
820.51
 20
312.91
 30
0.0
 11
820.51
 21
308.3
 31
0.0
  0
LINE
  5
5C0
330
17
100
AcDbEntity
  8
LINES
100
AcDbLine
 10
822.67
 20
308.3
 30
0.0
 11
822.81
 21
313.34
 31
0.0
  0
LINE
  5
5C1
330
17
100
AcDbEntity
  8
LINES
100
AcDbLine
 10
822.81
 20
313.06
 30
0.0
 11
820.51
 21
312.62
 31
0.0
  0
LINE
  5
5C2
330
17
100
AcDbEntity
  8
LINES
100
AcDbLine
 10
820.51
 20
311.33
 30
0.0
 11
822.38
 21
311.62
 31
0.0
  0
LINE
  5
5C3
330
17
100
AcDbEntity
  8
LINES
100
AcDbLine
 10
820.51
 20
310.03
 30
0.0
 11
822.38
 21
310.32
 31
0.0
  0
LINE
  5
5C4
330
17
100
AcDbEntity
  8
LINES
100
AcDbLine
 10
820.51
 20
308.88
 30
0.0
 11
822.67
 21
309.02
 31
0.0
  0
LINE
  5
5C5
330
17
100
AcDbEntity
  8
LINES
100
AcDbLine
 10
825.11
 20
317.09
 30
0.0
 11
825.11
 21
308.88
 31
0.0
  0
LINE
  5
5C6
330
17
100
AcDbEntity
  8
LINES
100
AcDbLine
 10
825.11
 20
316.37
 30
0.0
 11
828.43
 21
316.8
 31
0.0
  0
LINE
  5
5C7
330
17
100
AcDbEntity
  8
LINES
100
AcDbLine
 10
826.41
 20
315.36
 30
0.0
 11
825.26
 21
311.04
 31
0.0
  0
LINE
  5
5C8
330
17
100
AcDbEntity
  8
LINES
100
AcDbLine
 10
825.55
 20
314.78
 30
0.0
 11
826.55
 21
312.19
 31
0.0
  0
LINE
  5
5C9
330
17
100
AcDbEntity
  8
LINES
100
AcDbLine
 10
827.71
 20
315.65
 30
0.0
 11
826.41
 21
310.75
 31
0.0
  0
LINE
  5
5CA
330
17
100
AcDbEntity
  8
LINES
100
AcDbLine
 10
826.84
 20
314.78
 30
0.0
 11
827.85
 21
311.47
 31
0.0
  0
LINE
  5
5CB
330
17
100
AcDbEntity
  8
LINES
100
AcDbLine
 10
832.03
 20
317.38
 30
0.0
 11
832.03
 21
313.49
 31
0.0
  0
LINE
  5
5CC
330
17
100
AcDbEntity
  8
LINES
100
AcDbLine
 10
834.04
 20
313.63
 30
0.0
 11
830.01
 21
313.2
 31
0.0
  0
LINE
  5
5CD
330
17
100
AcDbEntity
  8
LINES
100
AcDbLine
 10
834.04
 20
308.45
 30
0.0
 11
833.9
 21
310.46
 31
0.0
  0
LINE
  5
5CE
330
17
100
AcDbEntity
  8
LINES
100
AcDbLine
 10
831.16
 20
314.35
 30
0.0
 11
830.73
 21
316.08
 31
0.0
  0
LINE
  5
5CF
330
17
100
AcDbEntity
  8
LINES
100
AcDbLine
 10
832.46
 20
313.92
 30
0.0
 11
833.32
 21
316.22
 31
0.0
  0
LINE
  5
5D0
330
17
100
AcDbEntity
  8
LINES
100
AcDbLine
 10
835.63
 20
315.79
 30
0.0
 11
835.63
 21
310.46
 31
0.0
  0
LINE
  5
5D1
330
17
100
AcDbEntity
  8
LINES
100
AcDbLine
 10
835.63
 20
314.93
 30
0.0
 11
838.79
 21
315.36
 31
0.0
  0
LINE
  5
5D2
330
17
100
AcDbEntity
  8
LINES
100
AcDbLine
 10
838.94
 20
315.65
 30
0.0
 11
838.51
 21
311.76
 31
0.0
  0
LINE
  5
5D3
330
17
100
AcDbEntity
  8
LINES
100
AcDbLine
 10
838.65
 20
311.76
 30
0.0
 11
835.63
 21
311.33
 31
0.0
  0
LINE
  5
5D4
330
17
100
AcDbEntity
  8
LINES
100
AcDbLine
 10
836.2
 20
313.34
 30
0.0
 11
838.07
 21
313.63
 31
0.0
  0
LINE
  5
5D5
330
17
100
AcDbEntity
  8
LINES
100
AcDbLine
 10
840.23
 20
312.19
 30
0.0
 11
844.99
 21
312.48
 31
0.0
  0
LINE
  5
5D6
330
17
100
AcDbEntity
  8
LINES
100
AcDbLine
 10
847.15
 20
317.23
 30
0.0
 11
845.56
 21
312.62
 31
0.0
  0
LINE
  5
5D7
330
17
100
AcDbEntity
  8
LINES
100
AcDbLine
 10
848.59
 20
317.38
 30
0.0
 11
848.59
 21
308.16
 31
0.0
  0
LINE
  5
5D8
330
17
100
AcDbEntity
  8
LINES
100
AcDbLine
 10
847.58
 20
310.75
 30
0.0
 11
849.45
 21
311.04
 31
0.0
  0
LINE
  5
5D9
330
17
100
AcDbEntity
  8
LINES
100
AcDbLine
 10
846.43
 20
308.16
 30
0.0
 11
846.43
 21
315.36
 31
0.0
  0
LINE
  5
5DA
330
17
100
AcDbEntity
  8
LINES
100
AcDbLine
 10
847.0
 20
314.64
 30
0.0
 11
850.17
 21
315.07
 31
0.0
  0
LINE
  5
5DB
330
17
100
AcDbEntity
  8
LINES
100
AcDbLine
 10
852.04
 20
313.78
 30
0.0
 11
850.89
 21
313.63
 31
0.0
  0
LINE
  5
5DC
330
17
100
AcDbEntity
  8
LINES
100
AcDbLine
 10
852.04
 20
309.89
 30
0.0
 11
852.04
 21
314.21
 31
0.0
  0
LINE
  5
5DD
330
17
100
AcDbEntity
  8
LINES
100
AcDbLine
 10
852.76
 20
311.04
 30
0.0
 11
851.61
 21
309.02
 31
0.0
  0
LINE
  5
5DE
330
17
100
AcDbEntity
  8
LINES
100
AcDbLine
 10
851.47
 20
316.66
 30
0.0
 11
852.19
 21
315.22
 31
0.0
  0
LINE
  5
5DF
330
17
100
AcDbEntity
  8
LINES
100
AcDbLine
 10
852.91
 20
312.77
 30
0.0
 11
854.63
 21
312.91
 31
0.0
  0
LINE
  5
5E0
330
17
100
AcDbEntity
  8
LINES
100
AcDbLine
 10
854.78
 20
313.34
 30
0.0
 11
854.06
 21
310.9
 31
0.0
  0
LINE
  5
5E1
330
17
100
AcDbEntity
  8
LINES
100
AcDbLine
 10
853.34
 20
316.94
 30
0.0
 11
853.34
 21
315.07
 31
0.0
  0
LINE
  5
5E2
330
17
100
AcDbEntity
  8
LINES
100
AcDbLine
 10
853.34
 20
316.51
 30
0.0
 11
854.2
 21
316.66
 31
0.0
  0
LINE
  5
5E3
330
17
100
AcDbEntity
  8
LINES
100
AcDbLine
 10
858.09
 20
317.23
 30
0.0
 11
857.37
 21
315.5
 31
0.0
  0
LINE
  5
5E4
330
17
100
AcDbEntity
  8
LINES
100
AcDbLine
 10
858.52
 20
312.19
 30
0.0
 11
858.52
 21
309.17
 31
0.0
  0
LINE
  5
5E5
330
17
100
AcDbEntity
  8
LINES
100
AcDbLine
 10
857.8
 20
310.46
 30
0.0
 11
859.24
 21
310.75
 31
0.0
  0
LINE
  5
5E6
330
17
100
AcDbEntity
  8
LINES
100
AcDbLine
 10
859.53
 20
309.17
 30
0.0
 11
857.51
 21
308.88
 31
0.0
  0
LINE
  5
5E7
330
17
100
AcDbEntity
  8
LINES
100
AcDbLine
 10
859.67
 20
312.48
 30
0.0
 11
859.53
 21
308.45
 31
0.0
  0
LINE
  5
5E8
330
17
100
AcDbEntity
  8
LINES
100
AcDbLine
 10
857.51
 20
312.05
 30
0.0
 11
859.67
 21
312.34
 31
0.0
  0
LINE
  5
5E9
330
17
100
AcDbEntity
  8
LINES
100
AcDbLine
 10
857.51
 20
312.48
 30
0.0
 11
857.51
 21
308.45
 31
0.0
  0
LINE
  5
5EA
330
17
100
AcDbEntity
  8
LINES
100
AcDbLine
 10
857.51
 20
315.79
 30
0.0
 11
859.53
 21
316.22
 31
0.0
  0
LINE
  5
5EB
330
17
100
AcDbEntity
  8
LINES
100
AcDbLine
 10
857.37
 20
315.5
 30
0.0
 11
856.51
 21
313.63
 31
0.0
  0
LINE
  5
5EC
330
17
100
AcDbEntity
  8
LINES
100
AcDbLine
 10
864.57
 20
315.22
 30
0.0
 11
864.28
 21
313.63
 31
0.0
  0
LINE
  5
5ED
330
17
100
AcDbEntity
  8
LINES
100
AcDbLine
 10
863.13
 20
315.07
 30
0.0
 11
863.56
 21
313.63
 31
0.0
  0
LINE
  5
5EE
330
17
100
AcDbEntity
  8
LINES
100
AcDbLine
 10
864.57
 20
313.63
 30
0.0
 11
864.57
 21
308.45
 31
0.0
  0
LINE
  5
5EF
330
17
100
AcDbEntity
  8
LINES
100
AcDbLine
 10
862.55
 20
311.47
 30
0.0
 11
865.87
 21
312.05
 31
0.0
  0
LINE
  5
5F0
330
17
100
AcDbEntity
  8
LINES
100
AcDbLine
 10
862.84
 20
313.34
 30
0.0
 11
865.43
 21
313.78
 31
0.0
  0
LINE
  5
5F1
330
17
100
AcDbEntity
  8
LINES
100
AcDbLine
 10
865.0
 20
315.65
 30
0.0
 11
865.15
 21
317.23
 31
0.0
  0
LINE
  5
5F2
330
17
100
AcDbEntity
  8
LINES
100
AcDbLine
 10
862.55
 20
315.22
 30
0.0
 11
865.15
 21
315.65
 31
0.0
  0
LINE
  5
5F3
330
17
100
AcDbEntity
  8
LINES
100
AcDbLine
 10
862.55
 20
316.51
 30
0.0
 11
865.0
 21
316.94
 31
0.0
  0
LINE
  5
5F4
330
17
100
AcDbEntity
  8
LINES
100
AcDbLine
 10
953.13
 20
312.48
 30
0.0
 11
959.9
 21
312.48
 31
0.0
  0
LINE
  5
5F5
330
17
100
AcDbEntity
  8
LINES
100
AcDbLine
 10
1035.5
 20
308.16
 30
0.0
 11
1038.23
 21
308.16
 31
0.0
  0
LINE
  5
5F6
330
17
100
AcDbEntity
  8
LINES
100
AcDbLine
 10
708.76
 20
286.42
 30
0.0
 11
712.07
 21
286.42
 31
0.0
  0
LINE
  5
5F7
330
17
100
AcDbEntity
  8
LINES
100
AcDbLine
 10
831.59
 20
292.03
 30
0.0
 11
831.31
 21
293.33
 31
0.0
  0
LINE
  5
5F8
330
17
100
AcDbEntity
  8
LINES
100
AcDbLine
 10
830.44
 20
293.62
 30
0.0
 11
833.61
 21
294.19
 31
0.0
  0
LINE
  5
5F9
330
17
100
AcDbEntity
  8
LINES
100
AcDbLine
 10
834.33
 20
292.32
 30
0.0
 11
829.72
 21
291.31
 31
0.0
  0
LINE
  5
5FA
330
17
100
AcDbEntity
  8
LINES
100
AcDbLine
 10
831.02
 20
290.45
 30
0.0
 11
831.02
 21
286.42
 31
0.0
  0
LINE
  5
5FB
330
17
100
AcDbEntity
  8
LINES
100
AcDbLine
 10
831.02
 20
290.16
 30
0.0
 11
832.89
 21
290.59
 31
0.0
  0
LINE
  5
5FC
330
17
100
AcDbEntity
  8
LINES
100
AcDbLine
 10
833.03
 20
290.88
 30
0.0
 11
832.75
 21
286.56
 31
0.0
  0
LINE
  5
5FD
330
17
100
AcDbEntity
  8
LINES
100
AcDbLine
 10
831.02
 20
286.85
 30
0.0
 11
832.75
 21
287.14
 31
0.0
  0
LINE
  5
5FE
330
17
100
AcDbEntity
  8
LINES
100
AcDbLine
 10
831.02
 20
288.58
 30
0.0
 11
832.6
 21
288.86
 31
0.0
  0
LINE
  5
5FF
330
17
100
AcDbEntity
  8
LINES
100
AcDbLine
 10
832.03
 20
294.34
 30
0.0
 11
831.59
 21
295.63
 31
0.0
  0
LINE
  5
600
330
17
100
AcDbEntity
  8
LINES
100
AcDbLine
 10
832.6
 20
293.76
 30
0.0
 11
832.17
 21
291.89
 31
0.0
  0
LINE
  5
601
330
17
100
AcDbEntity
  8
LINES
100
AcDbLine
 10
835.05
 20
294.62
 30
0.0
 11
837.64
 21
295.2
 31
0.0
  0
LINE
  5
602
330
17
100
AcDbEntity
  8
LINES
100
AcDbLine
 10
839.08
 20
291.89
 30
0.0
 11
837.64
 21
291.6
 31
0.0
  0
LINE
  5
603
330
17
100
AcDbEntity
  8
LINES
100
AcDbLine
 10
839.08
 20
294.48
 30
0.0
 11
838.79
 21
291.89
 31
0.0
  0
LINE
  5
604
330
17
100
AcDbEntity
  8
LINES
100
AcDbLine
 10
837.64
 20
294.05
 30
0.0
 11
838.94
 21
294.34
 31
0.0
  0
LINE
  5
605
330
17
100
AcDbEntity
  8
LINES
100
AcDbLine
 10
836.35
 20
294.77
 30
0.0
 11
836.35
 21
290.74
 31
0.0
  0
LINE
  5
606
330
17
100
AcDbEntity
  8
LINES
100
AcDbLine
 10
835.63
 20
289.44
 30
0.0
 11
836.49
 21
289.73
 31
0.0
  0
LINE
  5
607
330
17
100
AcDbEntity
  8
LINES
100
AcDbLine
 10
835.34
 20
288.29
 30
0.0
 11
836.63
 21
288.72
 31
0.0
  0
LINE
  5
608
330
17
100
AcDbEntity
  8
LINES
100
AcDbLine
 10
837.07
 20
293.47
 30
0.0
 11
836.92
 21
287.42
 31
0.0
  0
LINE
  5
609
330
17
100
AcDbEntity
  8
LINES
100
AcDbLine
 10
835.34
 20
293.04
 30
0.0
 11
836.92
 21
293.33
 31
0.0
  0
LINE
  5
60A
330
17
100
AcDbEntity
  8
LINES
100
AcDbLine
 10
835.34
 20
293.47
 30
0.0
 11
835.34
 21
287.57
 31
0.0
  0
LINE
  5
60B
330
17
100
AcDbEntity
  8
LINES
100
AcDbLine
 10
836.35
 20
290.74
 30
0.0
 11
836.78
 21
290.74
 31
0.0
  0
LINE
  5
60C
330
17
100
AcDbEntity
  8
LINES
100
AcDbLine
 10
840.38
 20
294.62
 30
0.0
 11
842.83
 21
295.2
 31
0.0
  0
LINE
  5
60D
330
17
100
AcDbEntity
  8
LINES
100
AcDbLine
 10
844.27
 20
291.89
 30
0.0
 11
842.97
 21
291.6
 31
0.0
  0
LINE
  5
60E
330
17
100
AcDbEntity
  8
LINES
100
AcDbLine
 10
844.27
 20
294.48
 30
0.0
 11
844.12
 21
291.89
 31
0.0
  0
LINE
  5
60F
330
17
100
AcDbEntity
  8
LINES
100
AcDbLine
 10
842.83
 20
294.05
 30
0.0
 11
844.27
 21
294.34
 31
0.0
  0
LINE
  5
610
330
17
100
AcDbEntity
  8
LINES
100
AcDbLine
 10
841.67
 20
294.77
 30
0.0
 11
841.67
 21
290.74
 31
0.0
  0
LINE
  5
611
330
17
100
AcDbEntity
  8
LINES
100
AcDbLine
 10
840.95
 20
289.44
 30
0.0
 11
841.67
 21
289.73
 31
0.0
  0
LINE
  5
612
330
17
100
AcDbEntity
  8
LINES
100
AcDbLine
 10
840.52
 20
288.29
 30
0.0
 11
841.96
 21
288.72
 31
0.0
  0
LINE
  5
613
330
17
100
AcDbEntity
  8
LINES
100
AcDbLine
 10
842.25
 20
293.47
 30
0.0
 11
842.11
 21
287.42
 31
0.0
  0
LINE
  5
614
330
17
100
AcDbEntity
  8
LINES
100
AcDbLine
 10
840.52
 20
293.04
 30
0.0
 11
842.25
 21
293.33
 31
0.0
  0
LINE
  5
615
330
17
100
AcDbEntity
  8
LINES
100
AcDbLine
 10
840.52
 20
293.47
 30
0.0
 11
840.52
 21
287.57
 31
0.0
  0
LINE
  5
616
330
17
100
AcDbEntity
  8
LINES
100
AcDbLine
 10
841.67
 20
290.74
 30
0.0
 11
842.11
 21
290.74
 31
0.0
  0
LINE
  5
617
330
17
100
AcDbEntity
  8
LINES
100
AcDbLine
 10
847.15
 20
290.45
 30
0.0
 11
845.56
 21
289.73
 31
0.0
  0
LINE
  5
618
330
17
100
AcDbEntity
  8
LINES
100
AcDbLine
 10
847.0
 20
293.47
 30
0.0
 11
845.85
 21
289.87
 31
0.0
  0
LINE
  5
619
330
17
100
AcDbEntity
  8
LINES
100
AcDbLine
 10
845.42
 20
291.89
 30
0.0
 11
846.71
 21
292.61
 31
0.0
  0
LINE
  5
61A
330
17
100
AcDbEntity
  8
LINES
100
AcDbLine
 10
845.56
 20
287.86
 30
0.0
 11
847.29
 21
289.01
 31
0.0
  0
LINE
  5
61B
330
17
100
AcDbEntity
  8
LINES
100
AcDbLine
 10
846.57
 20
295.2
 30
0.0
 11
845.56
 21
292.03
 31
0.0
  0
LINE
  5
61C
330
17
100
AcDbEntity
  8
LINES
100
AcDbLine
 10
847.58
 20
292.46
 30
0.0
 11
849.31
 21
293.47
 31
0.0
  0
LINE
  5
61D
330
17
100
AcDbEntity
  8
LINES
100
AcDbLine
 10
847.43
 20
290.88
 30
0.0
 11
849.45
 21
291.74
 31
0.0
  0
LINE
  5
61E
330
17
100
AcDbEntity
  8
LINES
100
AcDbLine
 10
848.73
 20
295.06
 30
0.0
 11
849.31
 21
294.34
 31
0.0
  0
LINE
  5
61F
330
17
100
AcDbEntity
  8
LINES
100
AcDbLine
 10
852.33
 20
295.63
 30
0.0
 11
852.04
 21
293.62
 31
0.0
  0
LINE
  5
620
330
17
100
AcDbEntity
  8
LINES
100
AcDbLine
 10
853.63
 20
294.34
 30
0.0
 11
853.63
 21
291.31
 31
0.0
  0
LINE
  5
621
330
17
100
AcDbEntity
  8
LINES
100
AcDbLine
 10
853.63
 20
293.76
 30
0.0
 11
854.78
 21
293.9
 31
0.0
  0
LINE
  5
622
330
17
100
AcDbEntity
  8
LINES
100
AcDbLine
 10
854.92
 20
294.19
 30
0.0
 11
854.78
 21
292.03
 31
0.0
  0
LINE
  5
623
330
17
100
AcDbEntity
  8
LINES
100
AcDbLine
 10
854.92
 20
292.03
 30
0.0
 11
853.63
 21
291.89
 31
0.0
  0
LINE
  5
624
330
17
100
AcDbEntity
  8
LINES
100
AcDbLine
 10
851.32
 20
289.73
 30
0.0
 11
854.92
 21
290.16
 31
0.0
  0
LINE
  5
625
330
17
100
AcDbEntity
  8
LINES
100
AcDbLine
 10
853.19
 20
291.31
 30
0.0
 11
853.19
 21
286.42
 31
0.0
  0
LINE
  5
626
330
17
100
AcDbEntity
  8
LINES
100
AcDbLine
 10
853.19
 20
289.87
 30
0.0
 11
850.89
 21
286.85
 31
0.0
  0
LINE
  5
627
330
17
100
AcDbEntity
  8
LINES
100
AcDbLine
 10
851.18
 20
293.47
 30
0.0
 11
853.05
 21
293.76
 31
0.0
  0
LINE
  5
628
330
17
100
AcDbEntity
  8
LINES
100
AcDbLine
 10
950.11
 20
291.74
 30
0.0
 11
953.13
 21
291.74
 31
0.0
  0
LINE
  5
629
330
17
100
AcDbEntity
  8
LINES
100
AcDbLine
 10
986.97
 20
290.16
 30
0.0
 11
988.27
 21
290.45
 31
0.0
  0
LINE
  5
62A
330
17
100
AcDbEntity
  8
LINES
100
AcDbLine
 10
988.27
 20
293.04
 30
0.0
 11
988.12
 21
290.45
 31
0.0
  0
LINE
  5
62B
330
17
100
AcDbEntity
  8
LINES
100
AcDbLine
 10
986.97
 20
292.32
 30
0.0
 11
988.27
 21
292.61
 31
0.0
  0
LINE
  5
62C
330
17
100
AcDbEntity
  8
LINES
100
AcDbLine
 10
986.97
 20
293.04
 30
0.0
 11
986.97
 21
289.44
 31
0.0
  0
LINE
  5
62D
330
17
100
AcDbEntity
  8
LINES
100
AcDbLine
 10
989.27
 20
294.48
 30
0.0
 11
985.96
 21
294.19
 31
0.0
  0
LINE
  5
62E
330
17
100
AcDbEntity
  8
LINES
100
AcDbLine
 10
989.13
 20
287.14
 30
0.0
 11
989.42
 21
294.91
 31
0.0
  0
LINE
  5
62F
330
17
100
AcDbEntity
  8
LINES
100
AcDbLine
 10
985.96
 20
294.91
 30
0.0
 11
985.96
 21
286.7
 31
0.0
  0
LINE
  5
630
330
17
100
AcDbEntity
  8
LINES
100
AcDbLine
 10
1035.5
 20
286.42
 30
0.0
 11
1038.23
 21
286.42
 31
0.0
  0
LINE
  5
631
330
17
100
AcDbEntity
  8
LINES
100
AcDbLine
 10
708.76
 20
256.46
 30
0.0
 11
712.07
 21
256.46
 31
0.0
  0
LINE
  5
632
330
17
100
AcDbEntity
  8
LINES
100
AcDbLine
 10
818.06
 20
260.93
 30
0.0
 11
819.5
 21
261.5
 31
0.0
  0
LINE
  5
633
330
17
100
AcDbEntity
  8
LINES
100
AcDbLine
 10
818.92
 20
264.82
 30
0.0
 11
818.92
 21
258.62
 31
0.0
  0
LINE
  5
634
330
17
100
AcDbEntity
  8
LINES
100
AcDbLine
 10
817.91
 20
257.76
 30
0.0
 11
819.64
 21
259.34
 31
0.0
  0
LINE
  5
635
330
17
100
AcDbEntity
  8
LINES
100
AcDbLine
 10
820.65
 20
265.68
 30
0.0
 11
820.65
 21
258.19
 31
0.0
  0
LINE
  5
636
330
17
100
AcDbEntity
  8
LINES
100
AcDbLine
 10
819.5
 20
260.35
 30
0.0
 11
821.8
 21
262.51
 31
0.0
  0
LINE
  5
637
330
17
100
AcDbEntity
  8
LINES
100
AcDbLine
 10
823.67
 20
265.39
 30
0.0
 11
823.67
 21
257.18
 31
0.0
  0
LINE
  5
638
330
17
100
AcDbEntity
  8
LINES
100
AcDbLine
 10
823.67
 20
264.67
 30
0.0
 11
826.99
 21
265.1
 31
0.0
  0
LINE
  5
639
330
17
100
AcDbEntity
  8
LINES
100
AcDbLine
 10
824.97
 20
263.66
 30
0.0
 11
823.96
 21
259.2
 31
0.0
  0
LINE
  5
63A
330
17
100
AcDbEntity
  8
LINES
100
AcDbLine
 10
824.11
 20
262.94
 30
0.0
 11
825.11
 21
260.35
 31
0.0
  0
LINE
  5
63B
330
17
100
AcDbEntity
  8
LINES
100
AcDbLine
 10
826.27
 20
263.95
 30
0.0
 11
824.97
 21
258.91
 31
0.0
  0
LINE
  5
63C
330
17
100
AcDbEntity
  8
LINES
100
AcDbLine
 10
825.55
 20
262.94
 30
0.0
 11
826.55
 21
259.78
 31
0.0
  0
LINE
  5
63D
330
17
100
AcDbEntity
  8
LINES
100
AcDbLine
 10
843.4
 20
256.46
 30
0.0
 11
843.4
 21
266.4
 31
0.0
  0
LINE
  5
63E
330
17
100
AcDbEntity
  8
LINES
100
AcDbLine
 10
848.73
 20
266.4
 30
0.0
 11
848.73
 21
256.46
 31
0.0
  0
LINE
  5
63F
330
17
100
AcDbEntity
  8
LINES
100
AcDbLine
 10
843.4
 20
261.65
 30
0.0
 11
848.73
 21
261.65
 31
0.0
  0
LINE
  5
640
330
17
100
AcDbEntity
  8
LINES
100
AcDbLine
 10
853.34
 20
262.08
 30
0.0
 11
852.19
 21
261.79
 31
0.0
  0
LINE
  5
641
330
17
100
AcDbEntity
  8
LINES
100
AcDbLine
 10
853.34
 20
258.19
 30
0.0
 11
853.34
 21
262.51
 31
0.0
  0
LINE
  5
642
330
17
100
AcDbEntity
  8
LINES
100
AcDbLine
 10
854.06
 20
259.34
 30
0.0
 11
852.91
 21
257.33
 31
0.0
  0
LINE
  5
643
330
17
100
AcDbEntity
  8
LINES
100
AcDbLine
 10
852.76
 20
264.96
 30
0.0
 11
853.48
 21
263.52
 31
0.0
  0
LINE
  5
644
330
17
100
AcDbEntity
  8
LINES
100
AcDbLine
 10
854.2
 20
261.07
 30
0.0
 11
855.79
 21
261.22
 31
0.0
  0
LINE
  5
645
330
17
100
AcDbEntity
  8
LINES
100
AcDbLine
 10
855.93
 20
261.5
 30
0.0
 11
855.21
 21
259.2
 31
0.0
  0
LINE
  5
646
330
17
100
AcDbEntity
  8
LINES
100
AcDbLine
 10
854.49
 20
265.25
 30
0.0
 11
854.49
 21
263.38
 31
0.0
  0
LINE
  5
647
330
17
100
AcDbEntity
  8
LINES
100
AcDbLine
 10
854.49
 20
264.82
 30
0.0
 11
855.5
 21
264.96
 31
0.0
  0
LINE
  5
648
330
17
100
AcDbEntity
  8
LINES
100
AcDbLine
 10
859.39
 20
265.54
 30
0.0
 11
858.67
 21
263.81
 31
0.0
  0
LINE
  5
649
330
17
100
AcDbEntity
  8
LINES
100
AcDbLine
 10
859.82
 20
260.35
 30
0.0
 11
859.82
 21
257.47
 31
0.0
  0
LINE
  5
64A
330
17
100
AcDbEntity
  8
LINES
100
AcDbLine
 10
858.95
 20
258.77
 30
0.0
 11
860.54
 21
258.91
 31
0.0
  0
LINE
  5
64B
330
17
100
AcDbEntity
  8
LINES
100
AcDbLine
 10
860.83
 20
257.47
 30
0.0
 11
858.67
 21
257.04
 31
0.0
  0
LINE
  5
64C
330
17
100
AcDbEntity
  8
LINES
100
AcDbLine
 10
860.97
 20
260.78
 30
0.0
 11
860.83
 21
256.75
 31
0.0
  0
LINE
  5
64D
330
17
100
AcDbEntity
  8
LINES
100
AcDbLine
 10
858.67
 20
260.35
 30
0.0
 11
860.83
 21
260.64
 31
0.0
  0
LINE
  5
64E
330
17
100
AcDbEntity
  8
LINES
100
AcDbLine
 10
858.67
 20
260.78
 30
0.0
 11
858.67
 21
256.75
 31
0.0
  0
LINE
  5
64F
330
17
100
AcDbEntity
  8
LINES
100
AcDbLine
 10
858.81
 20
264.1
 30
0.0
 11
860.83
 21
264.38
 31
0.0
  0
LINE
  5
650
330
17
100
AcDbEntity
  8
LINES
100
AcDbLine
 10
858.67
 20
263.81
 30
0.0
 11
857.8
 21
261.94
 31
0.0
  0
LINE
  5
651
330
17
100
AcDbEntity
  8
LINES
100
AcDbLine
 10
865.87
 20
263.52
 30
0.0
 11
865.58
 21
261.79
 31
0.0
  0
LINE
  5
652
330
17
100
AcDbEntity
  8
LINES
100
AcDbLine
 10
864.43
 20
263.23
 30
0.0
 11
864.71
 21
261.94
 31
0.0
  0
LINE
  5
653
330
17
100
AcDbEntity
  8
LINES
100
AcDbLine
 10
865.87
 20
261.79
 30
0.0
 11
865.87
 21
256.75
 31
0.0
  0
LINE
  5
654
330
17
100
AcDbEntity
  8
LINES
100
AcDbLine
 10
863.71
 20
259.78
 30
0.0
 11
867.16
 21
260.35
 31
0.0
  0
LINE
  5
655
330
17
100
AcDbEntity
  8
LINES
100
AcDbLine
 10
863.99
 20
261.5
 30
0.0
 11
866.73
 21
262.08
 31
0.0
  0
LINE
  5
656
330
17
100
AcDbEntity
  8
LINES
100
AcDbLine
 10
866.15
 20
263.95
 30
0.0
 11
866.3
 21
265.54
 31
0.0
  0
LINE
  5
657
330
17
100
AcDbEntity
  8
LINES
100
AcDbLine
 10
863.85
 20
263.52
 30
0.0
 11
866.44
 21
263.95
 31
0.0
  0
LINE
  5
658
330
17
100
AcDbEntity
  8
LINES
100
AcDbLine
 10
863.85
 20
264.82
 30
0.0
 11
866.3
 21
265.1
 31
0.0
  0
LINE
  5
659
330
17
100
AcDbEntity
  8
LINES
100
AcDbLine
 10
941.61
 20
270.58
 30
0.0
 11
942.47
 21
270.86
 31
0.0
  0
LINE
  5
65A
330
17
100
AcDbEntity
  8
LINES
100
AcDbLine
 10
941.61
 20
268.85
 30
0.0
 11
942.47
 21
269.14
 31
0.0
  0
LINE
  5
65B
330
17
100
AcDbEntity
  8
LINES
100
AcDbLine
 10
942.47
 20
271.3
 30
0.0
 11
942.33
 21
269.14
 31
0.0
  0
LINE
  5
65C
330
17
100
AcDbEntity
  8
LINES
100
AcDbLine
 10
941.61
 20
271.3
 30
0.0
 11
941.61
 21
268.13
 31
0.0
  0
LINE
  5
65D
330
17
100
AcDbEntity
  8
LINES
100
AcDbLine
 10
941.18
 20
272.45
 30
0.0
 11
943.77
 21
273.17
 31
0.0
  0
LINE
  5
65E
330
17
100
AcDbEntity
  8
LINES
100
AcDbLine
 10
940.03
 20
273.89
 30
0.0
 11
940.03
 21
265.25
 31
0.0
  0
LINE
  5
65F
330
17
100
AcDbEntity
  8
LINES
100
AcDbLine
 10
940.6
 20
267.98
 30
0.0
 11
940.31
 21
268.85
 31
0.0
  0
LINE
  5
660
330
17
100
AcDbEntity
  8
LINES
100
AcDbLine
 10
940.03
 20
273.17
 30
0.0
 11
941.03
 21
273.46
 31
0.0
  0
LINE
  5
661
330
17
100
AcDbEntity
  8
LINES
100
AcDbLine
 10
946.65
 20
273.89
 30
0.0
 11
945.21
 21
269.28
 31
0.0
  0
LINE
  5
662
330
17
100
AcDbEntity
  8
LINES
100
AcDbLine
 10
945.93
 20
271.3
 30
0.0
 11
948.52
 21
271.73
 31
0.0
  0
LINE
  5
663
330
17
100
AcDbEntity
  8
LINES
100
AcDbLine
 10
948.81
 20
272.02
 30
0.0
 11
948.09
 21
270.29
 31
0.0
  0
LINE
  5
664
330
17
100
AcDbEntity
  8
LINES
100
AcDbLine
 10
946.36
 20
269.57
 30
0.0
 11
945.07
 21
266.26
 31
0.0
  0
LINE
  5
665
330
17
100
AcDbEntity
  8
LINES
100
AcDbLine
 10
947.51
 20
269.28
 30
0.0
 11
948.81
 21
266.83
 31
0.0
  0
LINE
  5
666
330
17
100
AcDbEntity
  8
LINES
100
AcDbLine
 10
952.99
 20
268.85
 30
0.0
 11
954.28
 21
266.98
 31
0.0
  0
LINE
  5
667
330
17
100
AcDbEntity
  8
LINES
100
AcDbLine
 10
952.41
 20
269.71
 30
0.0
 11
952.41
 21
264.82
 31
0.0
  0
LINE
  5
668
330
17
100
AcDbEntity
  8
LINES
100
AcDbLine
 10
950.11
 20
269.42
 30
0.0
 11
954.71
 21
270.14
 31
0.0
  0
LINE
  5
669
330
17
100
AcDbEntity
  8
LINES
100
AcDbLine
 10
952.41
 20
271.87
 30
0.0
 11
953.99
 21
272.16
 31
0.0
  0
LINE
  5
66A
330
17
100
AcDbEntity
  8
LINES
100
AcDbLine
 10
952.41
 20
274.03
 30
0.0
 11
952.41
 21
269.86
 31
0.0
  0
LINE
  5
66B
330
17
100
AcDbEntity
  8
LINES
100
AcDbLine
 10
958.46
 20
273.89
 30
0.0
 11
958.46
 21
270.43
 31
0.0
  0
LINE
  5
66C
330
17
100
AcDbEntity
  8
LINES
100
AcDbLine
 10
956.15
 20
272.45
 30
0.0
 11
955.58
 21
269.71
 31
0.0
  0
LINE
  5
66D
330
17
100
AcDbEntity
  8
LINES
100
AcDbLine
 10
955.87
 20
271.01
 30
0.0
 11
957.31
 21
271.3
 31
0.0
  0
LINE
  5
66E
330
17
100
AcDbEntity
  8
LINES
100
AcDbLine
 10
955.29
 20
267.7
 30
0.0
 11
957.31
 21
269.71
 31
0.0
  0
LINE
  5
66F
330
17
100
AcDbEntity
  8
LINES
100
AcDbLine
 10
956.73
 20
273.89
 30
0.0
 11
956.73
 21
264.82
 31
0.0
  0
LINE
  5
670
330
17
100
AcDbEntity
  8
LINES
100
AcDbLine
 10
957.59
 20
272.02
 30
0.0
 11
959.47
 21
272.3
 31
0.0
  0
LINE
  5
671
330
17
100
AcDbEntity
  8
LINES
100
AcDbLine
 10
957.45
 20
270.29
 30
0.0
 11
959.75
 21
270.58
 31
0.0
  0
LINE
  5
672
330
17
100
AcDbEntity
  8
LINES
100
AcDbLine
 10
957.16
 20
268.42
 30
0.0
 11
960.04
 21
268.85
 31
0.0
  0
LINE
  5
673
330
17
100
AcDbEntity
  8
LINES
100
AcDbLine
 10
957.74
 20
267.98
 30
0.0
 11
958.03
 21
266.98
 31
0.0
  0
LINE
  5
674
330
17
100
AcDbEntity
  8
LINES
100
AcDbLine
 10
964.51
 20
252.43
 30
0.0
 11
971.27
 21
252.43
 31
0.0
  0
LINE
  5
675
330
17
100
AcDbEntity
  8
LINES
100
AcDbLine
 10
1035.5
 20
256.46
 30
0.0
 11
1038.23
 21
256.46
 31
0.0
  0
LINE
  5
676
330
17
100
AcDbEntity
  8
LINES
100
AcDbLine
 10
708.76
 20
229.82
 30
0.0
 11
712.07
 21
229.82
 31
0.0
  0
LINE
  5
677
330
17
100
AcDbEntity
  8
LINES
100
AcDbLine
 10
823.24
 20
238.75
 30
0.0
 11
823.24
 21
234.0
 31
0.0
  0
LINE
  5
678
330
17
100
AcDbEntity
  8
LINES
100
AcDbLine
 10
822.09
 20
235.87
 30
0.0
 11
824.54
 21
236.3
 31
0.0
  0
LINE
  5
679
330
17
100
AcDbEntity
  8
LINES
100
AcDbLine
 10
824.11
 20
238.32
 30
0.0
 11
823.82
 21
236.16
 31
0.0
  0
LINE
  5
67A
330
17
100
AcDbEntity
  8
LINES
100
AcDbLine
 10
822.52
 20
237.89
 30
0.0
 11
822.95
 21
236.45
 31
0.0
  0
LINE
  5
67B
330
17
100
AcDbEntity
  8
LINES
100
AcDbLine
 10
823.24
 20
236.02
 30
0.0
 11
821.95
 21
233.14
 31
0.0
  0
LINE
  5
67C
330
17
100
AcDbEntity
  8
LINES
100
AcDbLine
 10
823.24
 20
235.73
 30
0.0
 11
824.25
 21
234.43
 31
0.0
  0
LINE
  5
67D
330
17
100
AcDbEntity
  8
LINES
100
AcDbLine
 10
822.09
 20
232.56
 30
0.0
 11
823.82
 21
233.14
 31
0.0
  0
LINE
  5
67E
330
17
100
AcDbEntity
  8
LINES
100
AcDbLine
 10
824.68
 20
235.58
 30
0.0
 11
826.27
 21
235.87
 31
0.0
  0
LINE
  5
67F
330
17
100
AcDbEntity
  8
LINES
100
AcDbLine
 10
829.43
 20
239.04
 30
0.0
 11
829.87
 21
237.6
 31
0.0
  0
LINE
  5
680
330
17
100
AcDbEntity
  8
LINES
100
AcDbLine
 10
831.74
 20
237.6
 30
0.0
 11
831.31
 21
235.87
 31
0.0
  0
LINE
  5
681
330
17
100
AcDbEntity
  8
LINES
100
AcDbLine
 10
828.14
 20
237.6
 30
0.0
 11
827.99
 21
235.44
 31
0.0
  0
LINE
  5
682
330
17
100
AcDbEntity
  8
LINES
100
AcDbLine
 10
828.14
 20
236.88
 30
0.0
 11
831.59
 21
237.31
 31
0.0
  0
LINE
  5
683
330
17
100
AcDbEntity
  8
LINES
100
AcDbLine
 10
827.42
 20
232.99
 30
0.0
 11
831.74
 21
233.57
 31
0.0
  0
LINE
  5
684
330
17
100
AcDbEntity
  8
LINES
100
AcDbLine
 10
830.73
 20
236.16
 30
0.0
 11
829.87
 21
234.29
 31
0.0
  0
LINE
  5
685
330
17
100
AcDbEntity
  8
LINES
100
AcDbLine
 10
828.43
 20
235.44
 30
0.0
 11
830.59
 21
235.87
 31
0.0
  0
LINE
  5
686
330
17
100
AcDbEntity
  8
LINES
100
AcDbLine
 10
832.6
 20
237.89
 30
0.0
 11
835.19
 21
238.46
 31
0.0
  0
LINE
  5
687
330
17
100
AcDbEntity
  8
LINES
100
AcDbLine
 10
836.63
 20
235.15
 30
0.0
 11
835.34
 21
234.86
 31
0.0
  0
LINE
  5
688
330
17
100
AcDbEntity
  8
LINES
100
AcDbLine
 10
836.63
 20
237.89
 30
0.0
 11
836.49
 21
235.15
 31
0.0
  0
LINE
  5
689
330
17
100
AcDbEntity
  8
LINES
100
AcDbLine
 10
835.19
 20
237.31
 30
0.0
 11
836.49
 21
237.6
 31
0.0
  0
LINE
  5
68A
330
17
100
AcDbEntity
  8
LINES
100
AcDbLine
 10
834.04
 20
238.03
 30
0.0
 11
834.04
 21
234.0
 31
0.0
  0
LINE
  5
68B
330
17
100
AcDbEntity
  8
LINES
100
AcDbLine
 10
833.18
 20
232.85
 30
0.0
 11
834.04
 21
232.99
 31
0.0
  0
LINE
  5
68C
330
17
100
AcDbEntity
  8
LINES
100
AcDbLine
 10
832.89
 20
231.7
 30
0.0
 11
834.33
 21
231.98
 31
0.0
  0
LINE
  5
68D
330
17
100
AcDbEntity
  8
LINES
100
AcDbLine
 10
834.62
 20
236.88
 30
0.0
 11
834.47
 21
230.69
 31
0.0
  0
LINE
  5
68E
330
17
100
AcDbEntity
  8
LINES
100
AcDbLine
 10
832.89
 20
236.3
 30
0.0
 11
834.62
 21
236.59
 31
0.0
  0
LINE
  5
68F
330
17
100
AcDbEntity
  8
LINES
100
AcDbLine
 10
832.89
 20
236.88
 30
0.0
 11
832.89
 21
230.83
 31
0.0
  0
LINE
  5
690
330
17
100
AcDbEntity
  8
LINES
100
AcDbLine
 10
834.04
 20
234.0
 30
0.0
 11
834.33
 21
234.0
 31
0.0
  0
LINE
  5
691
330
17
100
AcDbEntity
  8
LINES
100
AcDbLine
 10
839.51
 20
233.86
 30
0.0
 11
837.93
 21
233.14
 31
0.0
  0
LINE
  5
692
330
17
100
AcDbEntity
  8
LINES
100
AcDbLine
 10
839.37
 20
236.74
 30
0.0
 11
838.07
 21
233.14
 31
0.0
  0
LINE
  5
693
330
17
100
AcDbEntity
  8
LINES
100
AcDbLine
 10
837.79
 20
235.3
 30
0.0
 11
839.08
 21
235.87
 31
0.0
  0
LINE
  5
694
330
17
100
AcDbEntity
  8
LINES
100
AcDbLine
 10
837.93
 20
231.26
 30
0.0
 11
839.66
 21
232.42
 31
0.0
  0
LINE
  5
695
330
17
100
AcDbEntity
  8
LINES
100
AcDbLine
 10
838.94
 20
238.46
 30
0.0
 11
837.93
 21
235.3
 31
0.0
  0
LINE
  5
696
330
17
100
AcDbEntity
  8
LINES
100
AcDbLine
 10
839.8
 20
235.73
 30
0.0
 11
841.67
 21
236.88
 31
0.0
  0
LINE
  5
697
330
17
100
AcDbEntity
  8
LINES
100
AcDbLine
 10
839.8
 20
234.14
 30
0.0
 11
841.82
 21
235.01
 31
0.0
  0
LINE
  5
698
330
17
100
AcDbEntity
  8
LINES
100
AcDbLine
 10
841.1
 20
238.32
 30
0.0
 11
841.67
 21
237.6
 31
0.0
  0
LINE
  5
699
330
17
100
AcDbEntity
  8
LINES
100
AcDbLine
 10
844.7
 20
239.04
 30
0.0
 11
844.27
 21
236.88
 31
0.0
  0
LINE
  5
69A
330
17
100
AcDbEntity
  8
LINES
100
AcDbLine
 10
845.85
 20
237.6
 30
0.0
 11
845.85
 21
234.58
 31
0.0
  0
LINE
  5
69B
330
17
100
AcDbEntity
  8
LINES
100
AcDbLine
 10
845.85
 20
237.02
 30
0.0
 11
847.15
 21
237.17
 31
0.0
  0
LINE
  5
69C
330
17
100
AcDbEntity
  8
LINES
100
AcDbLine
 10
847.15
 20
237.6
 30
0.0
 11
847.0
 21
235.3
 31
0.0
  0
LINE
  5
69D
330
17
100
AcDbEntity
  8
LINES
100
AcDbLine
 10
847.15
 20
235.3
 30
0.0
 11
845.85
 21
235.15
 31
0.0
  0
LINE
  5
69E
330
17
100
AcDbEntity
  8
LINES
100
AcDbLine
 10
843.69
 20
232.99
 30
0.0
 11
847.29
 21
233.57
 31
0.0
  0
LINE
  5
69F
330
17
100
AcDbEntity
  8
LINES
100
AcDbLine
 10
845.42
 20
234.58
 30
0.0
 11
845.42
 21
229.68
 31
0.0
  0
LINE
  5
6A0
330
17
100
AcDbEntity
  8
LINES
100
AcDbLine
 10
845.42
 20
233.14
 30
0.0
 11
843.26
 21
230.11
 31
0.0
  0
LINE
  5
6A1
330
17
100
AcDbEntity
  8
LINES
100
AcDbLine
 10
843.55
 20
236.88
 30
0.0
 11
845.27
 21
237.17
 31
0.0
  0
LINE
  5
6A2
330
17
100
AcDbEntity
  8
LINES
100
AcDbLine
 10
848.01
 20
234.0
 30
0.0
 11
854.78
 21
234.0
 31
0.0
  0
LINE
  5
6A3
330
17
100
AcDbEntity
  8
LINES
100
AcDbLine
 10
951.4
 20
235.01
 30
0.0
 11
954.43
 21
235.01
 31
0.0
  0
LINE
  5
6A4
330
17
100
AcDbEntity
  8
LINES
100
AcDbLine
 10
974.87
 20
239.76
 30
0.0
 11
974.87
 21
229.82
 31
0.0
  0
LINE
  5
6A5
330
17
100
AcDbEntity
  8
LINES
100
AcDbLine
 10
979.77
 20
237.89
 30
0.0
 11
981.64
 21
238.32
 31
0.0
  0
LINE
  5
6A6
330
17
100
AcDbEntity
  8
LINES
100
AcDbLine
 10
982.22
 20
233.14
 30
0.0
 11
983.51
 21
230.98
 31
0.0
  0
LINE
  5
6A7
330
17
100
AcDbEntity
  8
LINES
100
AcDbLine
 10
981.07
 20
233.28
 30
0.0
 11
979.34
 21
230.54
 31
0.0
  0
LINE
  5
6A8
330
17
100
AcDbEntity
  8
LINES
100
AcDbLine
 10
982.22
 20
235.44
 30
0.0
 11
983.23
 21
233.42
 31
0.0
  0
LINE
  5
6A9
330
17
100
AcDbEntity
  8
LINES
100
AcDbLine
 10
980.06
 20
233.86
 30
0.0
 11
982.65
 21
234.29
 31
0.0
  0
LINE
  5
6AA
330
17
100
AcDbEntity
  8
LINES
100
AcDbLine
 10
981.64
 20
238.32
 30
0.0
 11
982.79
 21
239.04
 31
0.0
  0
LINE
  5
6AB
330
17
100
AcDbEntity
  8
LINES
100
AcDbLine
 10
982.65
 20
237.46
 30
0.0
 11
980.49
 21
233.86
 31
0.0
  0
LINE
  5
6AC
330
17
100
AcDbEntity
  8
LINES
100
AcDbLine
 10
981.79
 20
238.32
 30
0.0
 11
980.35
 21
235.87
 31
0.0
  0
LINE
  5
6AD
330
17
100
AcDbEntity
  8
LINES
100
AcDbLine
 10
980.06
 20
235.73
 30
0.0
 11
981.79
 21
236.16
 31
0.0
  0
LINE
  5
6AE
330
17
100
AcDbEntity
  8
LINES
100
AcDbLine
 10
985.39
 20
238.61
 30
0.0
 11
984.52
 21
235.58
 31
0.0
  0
LINE
  5
6AF
330
17
100
AcDbEntity
  8
LINES
100
AcDbLine
 10
985.82
 20
236.45
 30
0.0
 11
984.52
 21
233.14
 31
0.0
  0
LINE
  5
6B0
330
17
100
AcDbEntity
  8
LINES
100
AcDbLine
 10
984.38
 20
232.99
 30
0.0
 11
985.82
 21
233.86
 31
0.0
  0
LINE
  5
6B1
330
17
100
AcDbEntity
  8
LINES
100
AcDbLine
 10
985.82
 20
232.27
 30
0.0
 11
984.38
 21
230.98
 31
0.0
  0
LINE
  5
6B2
330
17
100
AcDbEntity
  8
LINES
100
AcDbLine
 10
985.53
 20
235.73
 30
0.0
 11
984.38
 21
235.44
 31
0.0
  0
LINE
  5
6B3
330
17
100
AcDbEntity
  8
LINES
100
AcDbLine
 10
986.97
 20
238.9
 30
0.0
 11
987.55
 21
237.6
 31
0.0
  0
LINE
  5
6B4
330
17
100
AcDbEntity
  8
LINES
100
AcDbLine
 10
986.25
 20
236.74
 30
0.0
 11
988.99
 21
237.17
 31
0.0
  0
LINE
  5
6B5
330
17
100
AcDbEntity
  8
LINES
100
AcDbLine
 10
987.4
 20
236.45
 30
0.0
 11
986.54
 21
234.43
 31
0.0
  0
LINE
  5
6B6
330
17
100
AcDbEntity
  8
LINES
100
AcDbLine
 10
986.25
 20
234.29
 30
0.0
 11
988.27
 21
234.86
 31
0.0
  0
LINE
  5
6B7
330
17
100
AcDbEntity
  8
LINES
100
AcDbLine
 10
988.41
 20
234.29
 30
0.0
 11
987.83
 21
235.87
 31
0.0
  0
LINE
  5
6B8
330
17
100
AcDbEntity
  8
LINES
100
AcDbLine
 10
1106.2
 20
234.14
 30
0.0
 11
1110.09
 21
234.86
 31
0.0
  0
LINE
  5
6B9
330
17
100
AcDbEntity
  8
LINES
100
AcDbLine
 10
708.76
 20
208.08
 30
0.0
 11
712.07
 21
208.08
 31
0.0
  0
LINE
  5
6BA
330
17
100
AcDbEntity
  8
LINES
100
AcDbLine
 10
819.35
 20
212.54
 30
0.0
 11
820.79
 21
212.98
 31
0.0
  0
LINE
  5
6BB
330
17
100
AcDbEntity
  8
LINES
100
AcDbLine
 10
820.22
 20
216.43
 30
0.0
 11
820.22
 21
210.24
 31
0.0
  0
LINE
  5
6BC
330
17
100
AcDbEntity
  8
LINES
100
AcDbLine
 10
819.21
 20
209.23
 30
0.0
 11
821.08
 21
210.96
 31
0.0
  0
LINE
  5
6BD
330
17
100
AcDbEntity
  8
LINES
100
AcDbLine
 10
822.09
 20
217.3
 30
0.0
 11
822.09
 21
209.66
 31
0.0
  0
LINE
  5
6BE
330
17
100
AcDbEntity
  8
LINES
100
AcDbLine
 10
820.79
 20
211.82
 30
0.0
 11
823.24
 21
213.98
 31
0.0
  0
LINE
  5
6BF
330
17
100
AcDbEntity
  8
LINES
100
AcDbLine
 10
824.97
 20
217.01
 30
0.0
 11
824.97
 21
208.8
 31
0.0
  0
LINE
  5
6C0
330
17
100
AcDbEntity
  8
LINES
100
AcDbLine
 10
824.97
 20
216.29
 30
0.0
 11
828.28
 21
216.58
 31
0.0
  0
LINE
  5
6C1
330
17
100
AcDbEntity
  8
LINES
100
AcDbLine
 10
826.27
 20
215.14
 30
0.0
 11
825.26
 21
210.82
 31
0.0
  0
LINE
  5
6C2
330
17
100
AcDbEntity
  8
LINES
100
AcDbLine
 10
825.55
 20
214.56
 30
0.0
 11
826.55
 21
211.97
 31
0.0
  0
LINE
  5
6C3
330
17
100
AcDbEntity
  8
LINES
100
AcDbLine
 10
827.71
 20
215.42
 30
0.0
 11
826.27
 21
210.53
 31
0.0
  0
LINE
  5
6C4
330
17
100
AcDbEntity
  8
LINES
100
AcDbLine
 10
826.84
 20
214.56
 30
0.0
 11
827.85
 21
211.39
 31
0.0
  0
LINE
  5
6C5
330
17
100
AcDbEntity
  8
LINES
100
AcDbLine
 10
831.88
 20
217.3
 30
0.0
 11
831.88
 21
213.26
 31
0.0
  0
LINE
  5
6C6
330
17
100
AcDbEntity
  8
LINES
100
AcDbLine
 10
833.9
 20
213.55
 30
0.0
 11
830.01
 21
212.98
 31
0.0
  0
LINE
  5
6C7
330
17
100
AcDbEntity
  8
LINES
100
AcDbLine
 10
834.04
 20
208.22
 30
0.0
 11
833.9
 21
210.38
 31
0.0
  0
LINE
  5
6C8
330
17
100
AcDbEntity
  8
LINES
100
AcDbLine
 10
831.16
 20
214.27
 30
0.0
 11
830.73
 21
215.86
 31
0.0
  0
LINE
  5
6C9
330
17
100
AcDbEntity
  8
LINES
100
AcDbLine
 10
832.46
 20
213.7
 30
0.0
 11
833.32
 21
216.0
 31
0.0
  0
LINE
  5
6CA
330
17
100
AcDbEntity
  8
LINES
100
AcDbLine
 10
835.63
 20
215.71
 30
0.0
 11
835.63
 21
210.38
 31
0.0
  0
LINE
  5
6CB
330
17
100
AcDbEntity
  8
LINES
100
AcDbLine
 10
835.63
 20
214.7
 30
0.0
 11
838.79
 21
215.14
 31
0.0
  0
LINE
  5
6CC
330
17
100
AcDbEntity
  8
LINES
100
AcDbLine
 10
838.79
 20
215.42
 30
0.0
 11
838.36
 21
211.54
 31
0.0
  0
LINE
  5
6CD
330
17
100
AcDbEntity
  8
LINES
100
AcDbLine
 10
838.51
 20
211.54
 30
0.0
 11
835.63
 21
211.1
 31
0.0
  0
LINE
  5
6CE
330
17
100
AcDbEntity
  8
LINES
100
AcDbLine
 10
836.06
 20
213.12
 30
0.0
 11
837.93
 21
213.41
 31
0.0
  0
LINE
  5
6CF
330
17
100
AcDbEntity
  8
LINES
100
AcDbLine
 10
840.23
 20
211.97
 30
0.0
 11
844.84
 21
212.4
 31
0.0
  0
LINE
  5
6D0
330
17
100
AcDbEntity
  8
LINES
100
AcDbLine
 10
847.0
 20
217.01
 30
0.0
 11
845.42
 21
212.54
 31
0.0
  0
LINE
  5
6D1
330
17
100
AcDbEntity
  8
LINES
100
AcDbLine
 10
848.44
 20
217.3
 30
0.0
 11
848.44
 21
207.94
 31
0.0
  0
LINE
  5
6D2
330
17
100
AcDbEntity
  8
LINES
100
AcDbLine
 10
847.43
 20
210.53
 30
0.0
 11
849.31
 21
210.82
 31
0.0
  0
LINE
  5
6D3
330
17
100
AcDbEntity
  8
LINES
100
AcDbLine
 10
846.43
 20
208.08
 30
0.0
 11
846.43
 21
215.14
 31
0.0
  0
LINE
  5
6D4
330
17
100
AcDbEntity
  8
LINES
100
AcDbLine
 10
846.86
 20
214.42
 30
0.0
 11
850.03
 21
214.99
 31
0.0
  0
LINE
  5
6D5
330
17
100
AcDbEntity
  8
LINES
100
AcDbLine
 10
851.9
 20
213.7
 30
0.0
 11
850.75
 21
213.41
 31
0.0
  0
LINE
  5
6D6
330
17
100
AcDbEntity
  8
LINES
100
AcDbLine
 10
851.9
 20
209.66
 30
0.0
 11
851.9
 21
213.98
 31
0.0
  0
LINE
  5
6D7
330
17
100
AcDbEntity
  8
LINES
100
AcDbLine
 10
852.76
 20
210.96
 30
0.0
 11
851.47
 21
208.94
 31
0.0
  0
LINE
  5
6D8
330
17
100
AcDbEntity
  8
LINES
100
AcDbLine
 10
851.47
 20
216.58
 30
0.0
 11
852.19
 21
215.14
 31
0.0
  0
LINE
  5
6D9
330
17
100
AcDbEntity
  8
LINES
100
AcDbLine
 10
852.91
 20
212.54
 30
0.0
 11
854.49
 21
212.83
 31
0.0
  0
LINE
  5
6DA
330
17
100
AcDbEntity
  8
LINES
100
AcDbLine
 10
854.63
 20
213.12
 30
0.0
 11
853.91
 21
210.67
 31
0.0
  0
LINE
  5
6DB
330
17
100
AcDbEntity
  8
LINES
100
AcDbLine
 10
853.19
 20
216.86
 30
0.0
 11
853.19
 21
214.99
 31
0.0
  0
LINE
  5
6DC
330
17
100
AcDbEntity
  8
LINES
100
AcDbLine
 10
853.19
 20
216.29
 30
0.0
 11
854.2
 21
216.58
 31
0.0
  0
LINE
  5
6DD
330
17
100
AcDbEntity
  8
LINES
100
AcDbLine
 10
858.09
 20
217.01
 30
0.0
 11
857.37
 21
215.42
 31
0.0
  0
LINE
  5
6DE
330
17
100
AcDbEntity
  8
LINES
100
AcDbLine
 10
858.52
 20
211.97
 30
0.0
 11
858.52
 21
208.94
 31
0.0
  0
LINE
  5
6DF
330
17
100
AcDbEntity
  8
LINES
100
AcDbLine
 10
857.66
 20
210.38
 30
0.0
 11
859.24
 21
210.53
 31
0.0
  0
LINE
  5
6E0
330
17
100
AcDbEntity
  8
LINES
100
AcDbLine
 10
859.53
 20
208.94
 30
0.0
 11
857.37
 21
208.66
 31
0.0
  0
LINE
  5
6E1
330
17
100
AcDbEntity
  8
LINES
100
AcDbLine
 10
859.67
 20
212.4
 30
0.0
 11
859.53
 21
208.22
 31
0.0
  0
LINE
  5
6E2
330
17
100
AcDbEntity
  8
LINES
100
AcDbLine
 10
857.37
 20
211.82
 30
0.0
 11
859.53
 21
212.26
 31
0.0
  0
LINE
  5
6E3
330
17
100
AcDbEntity
  8
LINES
100
AcDbLine
 10
857.37
 20
212.26
 30
0.0
 11
857.37
 21
208.22
 31
0.0
  0
LINE
  5
6E4
330
17
100
AcDbEntity
  8
LINES
100
AcDbLine
 10
857.51
 20
215.71
 30
0.0
 11
859.53
 21
216.0
 31
0.0
  0
LINE
  5
6E5
330
17
100
AcDbEntity
  8
LINES
100
AcDbLine
 10
857.37
 20
215.42
 30
0.0
 11
856.36
 21
213.55
 31
0.0
  0
LINE
  5
6E6
330
17
100
AcDbEntity
  8
LINES
100
AcDbLine
 10
864.57
 20
215.14
 30
0.0
 11
864.28
 21
213.41
 31
0.0
  0
LINE
  5
6E7
330
17
100
AcDbEntity
  8
LINES
100
AcDbLine
 10
863.13
 20
214.85
 30
0.0
 11
863.42
 21
213.55
 31
0.0
  0
LINE
  5
6E8
330
17
100
AcDbEntity
  8
LINES
100
AcDbLine
 10
864.57
 20
213.41
 30
0.0
 11
864.57
 21
208.22
 31
0.0
  0
LINE
  5
6E9
330
17
100
AcDbEntity
  8
LINES
100
AcDbLine
 10
862.41
 20
211.39
 30
0.0
 11
865.87
 21
211.82
 31
0.0
  0
LINE
  5
6EA
330
17
100
AcDbEntity
  8
LINES
100
AcDbLine
 10
862.7
 20
213.12
 30
0.0
 11
865.29
 21
213.7
 31
0.0
  0
LINE
  5
6EB
330
17
100
AcDbEntity
  8
LINES
100
AcDbLine
 10
864.86
 20
215.42
 30
0.0
 11
865.0
 21
217.01
 31
0.0
  0
LINE
  5
6EC
330
17
100
AcDbEntity
  8
LINES
100
AcDbLine
 10
862.55
 20
215.14
 30
0.0
 11
865.15
 21
215.42
 31
0.0
  0
LINE
  5
6ED
330
17
100
AcDbEntity
  8
LINES
100
AcDbLine
 10
862.55
 20
216.29
 30
0.0
 11
865.0
 21
216.72
 31
0.0
  0
LINE
  5
6EE
330
17
100
AcDbEntity
  8
LINES
100
AcDbLine
 10
953.13
 20
212.26
 30
0.0
 11
959.9
 21
212.26
 31
0.0
  0
LINE
  5
6EF
330
17
100
AcDbEntity
  8
LINES
100
AcDbLine
 10
1035.5
 20
208.08
 30
0.0
 11
1038.23
 21
208.08
 31
0.0
  0
LINE
  5
6F0
330
17
100
AcDbEntity
  8
LINES
100
AcDbLine
 10
685.58
 20
186.34
 30
0.0
 11
688.89
 21
186.34
 31
0.0
  0
LINE
  5
6F1
330
17
100
AcDbEntity
  8
LINES
100
AcDbLine
 10
731.95
 20
186.34
 30
0.0
 11
735.26
 21
186.34
 31
0.0
  0
LINE
  5
6F2
330
17
100
AcDbEntity
  8
LINES
100
AcDbLine
 10
832.75
 20
193.1
 30
0.0
 11
832.75
 21
188.35
 31
0.0
  0
LINE
  5
6F3
330
17
100
AcDbEntity
  8
LINES
100
AcDbLine
 10
832.17
 20
190.08
 30
0.0
 11
833.32
 21
190.37
 31
0.0
  0
LINE
  5
6F4
330
17
100
AcDbEntity
  8
LINES
100
AcDbLine
 10
832.17
 20
191.52
 30
0.0
 11
833.18
 21
191.66
 31
0.0
  0
LINE
  5
6F5
330
17
100
AcDbEntity
  8
LINES
100
AcDbLine
 10
832.31
 20
194.11
 30
0.0
 11
832.89
 21
193.1
 31
0.0
  0
LINE
  5
6F6
330
17
100
AcDbEntity
  8
LINES
100
AcDbLine
 10
831.74
 20
192.82
 30
0.0
 11
833.75
 21
193.25
 31
0.0
  0
LINE
  5
6F7
330
17
100
AcDbEntity
  8
LINES
100
AcDbLine
 10
831.74
 20
193.39
 30
0.0
 11
831.74
 21
188.5
 31
0.0
  0
LINE
  5
6F8
330
17
100
AcDbEntity
  8
LINES
100
AcDbLine
 10
829.72
 20
191.38
 30
0.0
 11
831.16
 21
191.81
 31
0.0
  0
LINE
  5
6F9
330
17
100
AcDbEntity
  8
LINES
100
AcDbLine
 10
830.44
 20
194.69
 30
0.0
 11
831.02
 21
193.39
 31
0.0
  0
LINE
  5
6FA
330
17
100
AcDbEntity
  8
LINES
100
AcDbLine
 10
833.61
 20
195.41
 30
0.0
 11
832.6
 21
193.68
 31
0.0
  0
LINE
  5
6FB
330
17
100
AcDbEntity
  8
LINES
100
AcDbLine
 10
831.74
 20
194.83
 30
0.0
 11
833.32
 21
195.12
 31
0.0
  0
LINE
  5
6FC
330
17
100
AcDbEntity
  8
LINES
100
AcDbLine
 10
833.9
 20
186.62
 30
0.0
 11
834.33
 21
186.91
 31
0.0
  0
LINE
  5
6FD
330
17
100
AcDbEntity
  8
LINES
100
AcDbLine
 10
837.07
 20
187.06
 30
0.0
 11
838.65
 21
187.2
 31
0.0
  0
LINE
  5
6FE
330
17
100
AcDbEntity
  8
LINES
100
AcDbLine
 10
838.79
 20
189.79
 30
0.0
 11
838.51
 21
187.2
 31
0.0
  0
LINE
  5
6FF
330
17
100
AcDbEntity
  8
LINES
100
AcDbLine
 10
837.07
 20
189.65
 30
0.0
 11
837.07
 21
186.48
 31
0.0
  0
LINE
  5
700
330
17
100
AcDbEntity
  8
LINES
100
AcDbLine
 10
836.35
 20
193.1
 30
0.0
 11
839.51
 21
193.54
 31
0.0
  0
LINE
  5
701
330
17
100
AcDbEntity
  8
LINES
100
AcDbLine
 10
837.64
 20
195.55
 30
0.0
 11
838.22
 21
193.82
 31
0.0
  0
LINE
  5
702
330
17
100
AcDbEntity
  8
LINES
100
AcDbLine
 10
836.49
 20
195.55
 30
0.0
 11
834.76
 21
190.8
 31
0.0
  0
LINE
  5
703
330
17
100
AcDbEntity
  8
LINES
100
AcDbLine
 10
835.91
 20
193.68
 30
0.0
 11
835.91
 21
186.48
 31
0.0
  0
LINE
  5
704
330
17
100
AcDbEntity
  8
LINES
100
AcDbLine
 10
836.92
 20
191.95
 30
0.0
 11
838.79
 21
192.24
 31
0.0
  0
LINE
  5
705
330
17
100
AcDbEntity
  8
LINES
100
AcDbLine
 10
838.94
 20
190.8
 30
0.0
 11
836.92
 21
190.51
 31
0.0
  0
LINE
  5
706
330
17
100
AcDbEntity
  8
LINES
100
AcDbLine
 10
837.07
 20
189.07
 30
0.0
 11
838.65
 21
189.36
 31
0.0
  0
LINE
  5
707
330
17
100
AcDbEntity
  8
LINES
100
AcDbLine
 10
842.25
 20
195.26
 30
0.0
 11
841.53
 21
193.68
 31
0.0
  0
LINE
  5
708
330
17
100
AcDbEntity
  8
LINES
100
AcDbLine
 10
842.68
 20
190.22
 30
0.0
 11
842.68
 21
187.2
 31
0.0
  0
LINE
  5
709
330
17
100
AcDbEntity
  8
LINES
100
AcDbLine
 10
841.82
 20
188.64
 30
0.0
 11
843.4
 21
188.78
 31
0.0
  0
LINE
  5
70A
330
17
100
AcDbEntity
  8
LINES
100
AcDbLine
 10
843.69
 20
187.2
 30
0.0
 11
841.53
 21
186.91
 31
0.0
  0
LINE
  5
70B
330
17
100
AcDbEntity
  8
LINES
100
AcDbLine
 10
843.83
 20
190.66
 30
0.0
 11
843.69
 21
186.48
 31
0.0
  0
LINE
  5
70C
330
17
100
AcDbEntity
  8
LINES
100
AcDbLine
 10
841.53
 20
190.08
 30
0.0
 11
843.69
 21
190.51
 31
0.0
  0
LINE
  5
70D
330
17
100
AcDbEntity
  8
LINES
100
AcDbLine
 10
841.53
 20
190.51
 30
0.0
 11
841.53
 21
186.48
 31
0.0
  0
LINE
  5
70E
330
17
100
AcDbEntity
  8
LINES
100
AcDbLine
 10
841.67
 20
193.97
 30
0.0
 11
843.69
 21
194.26
 31
0.0
  0
LINE
  5
70F
330
17
100
AcDbEntity
  8
LINES
100
AcDbLine
 10
841.53
 20
193.68
 30
0.0
 11
840.52
 21
191.81
 31
0.0
  0
LINE
  5
710
330
17
100
AcDbEntity
  8
LINES
100
AcDbLine
 10
847.15
 20
192.24
 30
0.0
 11
849.31
 21
192.67
 31
0.0
  0
LINE
  5
711
330
17
100
AcDbEntity
  8
LINES
100
AcDbLine
 10
849.31
 20
190.66
 30
0.0
 11
847.0
 21
190.37
 31
0.0
  0
LINE
  5
712
330
17
100
AcDbEntity
  8
LINES
100
AcDbLine
 10
848.15
 20
187.2
 30
0.0
 11
848.15
 21
194.54
 31
0.0
  0
LINE
  5
713
330
17
100
AcDbEntity
  8
LINES
100
AcDbLine
 10
846.71
 20
194.4
 30
0.0
 11
849.74
 21
194.83
 31
0.0
  0
LINE
  5
714
330
17
100
AcDbEntity
  8
LINES
100
AcDbLine
 10
853.91
 20
193.39
 30
0.0
 11
853.77
 21
191.66
 31
0.0
  0
LINE
  5
715
330
17
100
AcDbEntity
  8
LINES
100
AcDbLine
 10
852.62
 20
193.1
 30
0.0
 11
852.91
 21
191.81
 31
0.0
  0
LINE
  5
716
330
17
100
AcDbEntity
  8
LINES
100
AcDbLine
 10
853.91
 20
191.66
 30
0.0
 11
853.91
 21
186.48
 31
0.0
  0
LINE
  5
717
330
17
100
AcDbEntity
  8
LINES
100
AcDbLine
 10
851.9
 20
189.65
 30
0.0
 11
855.35
 21
190.08
 31
0.0
  0
LINE
  5
718
330
17
100
AcDbEntity
  8
LINES
100
AcDbLine
 10
852.19
 20
191.38
 30
0.0
 11
854.78
 21
191.95
 31
0.0
  0
LINE
  5
719
330
17
100
AcDbEntity
  8
LINES
100
AcDbLine
 10
854.35
 20
193.82
 30
0.0
 11
854.49
 21
195.26
 31
0.0
  0
LINE
  5
71A
330
17
100
AcDbEntity
  8
LINES
100
AcDbLine
 10
852.04
 20
193.39
 30
0.0
 11
854.49
 21
193.82
 31
0.0
  0
LINE
  5
71B
330
17
100
AcDbEntity
  8
LINES
100
AcDbLine
 10
852.04
 20
194.54
 30
0.0
 11
854.35
 21
194.98
 31
0.0
  0
LINE
  5
71C
330
17
100
AcDbEntity
  8
LINES
100
AcDbLine
 10
1031.03
 20
186.34
 30
0.0
 11
1034.35
 21
186.34
 31
0.0
  0
LINE
  5
71D
330
17
100
AcDbEntity
  8
LINES
100
AcDbLine
 10
1110.09
 20
186.77
 30
0.0
 11
1110.67
 21
187.06
 31
0.0
  0
LINE
  5
71E
330
17
100
AcDbEntity
  8
LINES
100
AcDbLine
 10
1105.91
 20
191.66
 30
0.0
 11
1107.35
 21
192.1
 31
0.0
  0
LINE
  5
71F
330
17
100
AcDbEntity
  8
LINES
100
AcDbLine
 10
1106.63
 20
194.98
 30
0.0
 11
1107.21
 21
193.68
 31
0.0
  0
LINE
  5
720
330
17
100
AcDbEntity
  8
LINES
100
AcDbLine
 10
1108.22
 20
194.69
 30
0.0
 11
1109.95
 21
194.98
 31
0.0
  0
LINE
  5
721
330
17
100
AcDbEntity
  8
LINES
100
AcDbLine
 10
1107.79
 20
192.67
 30
0.0
 11
1110.23
 21
193.1
 31
0.0
  0
LINE
  5
722
330
17
100
AcDbEntity
  8
LINES
100
AcDbLine
 10
1108.36
 20
190.66
 30
0.0
 11
1107.79
 21
188.78
 31
0.0
  0
LINE
  5
723
330
17
100
AcDbEntity
  8
LINES
100
AcDbLine
 10
1109.23
 20
192.82
 30
0.0
 11
1109.23
 21
189.36
 31
0.0
  0
LINE
  5
724
330
17
100
AcDbEntity
  8
LINES
100
AcDbLine
 10
1108.65
 20
192.67
 30
0.0
 11
1108.36
 21
190.66
 31
0.0
  0
LINE
  5
725
330
17
100
AcDbEntity
  8
LINES
100
AcDbLine
 10
1114.55
 20
190.08
 30
0.0
 11
1113.98
 21
186.34
 31
0.0
  0
LINE
  5
726
330
17
100
AcDbEntity
  8
LINES
100
AcDbLine
 10
1114.7
 20
192.38
 30
0.0
 11
1115.56
 21
192.53
 31
0.0
  0
LINE
  5
727
330
17
100
AcDbEntity
  8
LINES
100
AcDbLine
 10
1114.55
 20
190.22
 30
0.0
 11
1115.56
 21
190.51
 31
0.0
  0
LINE
  5
728
330
17
100
AcDbEntity
  8
LINES
100
AcDbLine
 10
1111.53
 20
193.39
 30
0.0
 11
1114.12
 21
193.82
 31
0.0
  0
LINE
  5
729
330
17
100
AcDbEntity
  8
LINES
100
AcDbLine
 10
1112.25
 20
195.26
 30
0.0
 11
1112.25
 21
189.65
 31
0.0
  0
LINE
  5
72A
330
17
100
AcDbEntity
  8
LINES
100
AcDbLine
 10
1111.39
 20
189.36
 30
0.0
 11
1114.12
 21
189.79
 31
0.0
  0
LINE
  5
72B
330
17
100
AcDbEntity
  8
LINES
100
AcDbLine
 10
1113.55
 20
195.55
 30
0.0
 11
1113.4
 21
189.79
 31
0.0
  0
LINE
  5
72C
330
17
100
AcDbEntity
  8
LINES
100
AcDbLine
 10
1112.25
 20
192.24
 30
0.0
 11
1113.26
 21
192.38
 31
0.0
  0
LINE
  5
72D
330
17
100
AcDbEntity
  8
LINES
100
AcDbLine
 10
1112.25
 20
190.8
 30
0.0
 11
1113.26
 21
191.23
 31
0.0
  0
LINE
  5
72E
330
17
100
AcDbEntity
  8
LINES
100
AcDbLine
 10
1112.25
 20
188.93
 30
0.0
 11
1111.24
 21
186.62
 31
0.0
  0
LINE
  5
72F
330
17
100
AcDbEntity
  8
LINES
100
AcDbLine
 10
1112.97
 20
189.07
 30
0.0
 11
1113.55
 21
187.49
 31
0.0
  0
LINE
  5
730
330
17
100
AcDbEntity
  8
LINES
100
AcDbLine
 10
1114.7
 20
194.26
 30
0.0
 11
1115.71
 21
194.54
 31
0.0
  0
LINE
  5
731
330
17
100
AcDbEntity
  8
LINES
100
AcDbLine
 10
1114.7
 20
194.69
 30
0.0
 11
1114.55
 21
190.08
 31
0.0
  0
LINE
  5
732
330
17
100
AcDbEntity
  8
LINES
100
AcDbLine
 10
1120.6
 20
193.39
 30
0.0
 11
1120.6
 21
188.93
 31
0.0
  0
LINE
  5
733
330
17
100
AcDbEntity
  8
LINES
100
AcDbLine
 10
1120.03
 20
188.64
 30
0.0
 11
1121.18
 21
186.62
 31
0.0
  0
LINE
  5
734
330
17
100
AcDbEntity
  8
LINES
100
AcDbLine
 10
1119.02
 20
192.82
 30
0.0
 11
1120.6
 21
193.1
 31
0.0
  0
LINE
  5
735
330
17
100
AcDbEntity
  8
LINES
100
AcDbLine
 10
1119.02
 20
193.39
 30
0.0
 11
1119.02
 21
188.64
 31
0.0
  0
LINE
  5
736
330
17
100
AcDbEntity
  8
LINES
100
AcDbLine
 10
1119.74
 20
194.69
 30
0.0
 11
1119.59
 21
192.96
 31
0.0
  0
LINE
  5
737
330
17
100
AcDbEntity
  8
LINES
100
AcDbLine
 10
1118.73
 20
194.54
 30
0.0
 11
1121.03
 21
194.98
 31
0.0
  0
LINE
  5
738
330
17
100
AcDbEntity
  8
LINES
100
AcDbLine
 10
1118.59
 20
192.38
 30
0.0
 11
1118.3
 21
191.09
 31
0.0
  0
LINE
  5
739
330
17
100
AcDbEntity
  8
LINES
100
AcDbLine
 10
1116.57
 20
191.66
 30
0.0
 11
1118.59
 21
192.1
 31
0.0
  0
LINE
  5
73A
330
17
100
AcDbEntity
  8
LINES
100
AcDbLine
 10
1117.29
 20
193.39
 30
0.0
 11
1117.87
 21
192.24
 31
0.0
  0
LINE
  5
73B
330
17
100
AcDbEntity
  8
LINES
100
AcDbLine
 10
1116.71
 20
194.4
 30
0.0
 11
1118.15
 21
194.54
 31
0.0
  0
LINE
  5
73C
330
17
100
AcDbEntity
  8
LINES
100
AcDbLine
 10
1118.3
 20
194.83
 30
0.0
 11
1117.58
 21
193.1
 31
0.0
  0
LINE
  5
73D
330
17
100
AcDbEntity
  8
LINES
100
AcDbLine
 10
1123.91
 20
194.83
 30
0.0
 11
1122.47
 21
193.82
 31
0.0
  0
LINE
  5
73E
330
17
100
AcDbEntity
  8
LINES
100
AcDbLine
 10
1122.47
 20
194.54
 30
0.0
 11
1122.47
 21
191.52
 31
0.0
  0
LINE
  5
73F
330
17
100
AcDbEntity
  8
LINES
100
AcDbLine
 10
1122.33
 20
191.23
 30
0.0
 11
1123.63
 21
192.53
 31
0.0
  0
LINE
  5
740
330
17
100
AcDbEntity
  8
LINES
100
AcDbLine
 10
1123.34
 20
193.39
 30
0.0
 11
1124.06
 21
191.81
 31
0.0
  0
LINE
  5
741
330
17
100
AcDbEntity
  8
LINES
100
AcDbLine
 10
1124.06
 20
193.97
 30
0.0
 11
1125.93
 21
194.4
 31
0.0
  0
LINE
  5
742
330
17
100
AcDbEntity
  8
LINES
100
AcDbLine
 10
1122.76
 20
190.51
 30
0.0
 11
1122.91
 21
186.34
 31
0.0
  0
LINE
  5
743
330
17
100
AcDbEntity
  8
LINES
100
AcDbLine
 10
1122.91
 20
186.77
 30
0.0
 11
1125.07
 21
187.2
 31
0.0
  0
LINE
  5
744
330
17
100
AcDbEntity
  8
LINES
100
AcDbLine
 10
1124.2
 20
190.08
 30
0.0
 11
1124.06
 21
187.2
 31
0.0
  0
LINE
  5
745
330
17
100
AcDbEntity
  8
LINES
100
AcDbLine
 10
1125.35
 20
190.22
 30
0.0
 11
1122.91
 21
189.79
 31
0.0
  0
LINE
  5
746
330
17
100
AcDbEntity
  8
LINES
100
AcDbLine
 10
1123.34
 20
188.35
 30
0.0
 11
1125.07
 21
188.64
 31
0.0
  0
LINE
  5
747
330
17
100
AcDbEntity
  8
LINES
100
AcDbLine
 10
1125.35
 20
190.51
 30
0.0
 11
1125.21
 21
186.48
 31
0.0
  0
LINE
  5
748
330
17
100
AcDbEntity
  8
LINES
100
AcDbLine
 10
677.8
 20
790.13
 30
0.0
 11
1172.59
 21
790.13
 31
0.0
  0
LINE
  5
749
330
17
100
AcDbEntity
  8
LINES
100
AcDbLine
 10
677.8
 20
768.38
 30
0.0
 11
1172.59
 21
768.38
 31
0.0
  0
LINE
  5
74A
330
17
100
AcDbEntity
  8
LINES
100
AcDbLine
 10
677.8
 20
746.64
 30
0.0
 11
1172.59
 21
746.64
 31
0.0
  0
LINE
  5
74B
330
17
100
AcDbEntity
  8
LINES
100
AcDbLine
 10
677.8
 20
724.9
 30
0.0
 11
1172.59
 21
724.9
 31
0.0
  0
LINE
  5
74C
330
17
100
AcDbEntity
  8
LINES
100
AcDbLine
 10
677.8
 20
703.15
 30
0.0
 11
1172.59
 21
703.15
 31
0.0
  0
LINE
  5
74D
330
17
100
AcDbEntity
  8
LINES
100
AcDbLine
 10
677.8
 20
681.41
 30
0.0
 11
1172.59
 21
681.41
 31
0.0
  0
LINE
  5
74E
330
17
100
AcDbEntity
  8
LINES
100
AcDbLine
 10
677.8
 20
659.66
 30
0.0
 11
1172.59
 21
659.66
 31
0.0
  0
LINE
  5
74F
330
17
100
AcDbEntity
  8
LINES
100
AcDbLine
 10
677.8
 20
637.92
 30
0.0
 11
1172.59
 21
637.92
 31
0.0
  0
LINE
  5
750
330
17
100
AcDbEntity
  8
LINES
100
AcDbLine
 10
677.8
 20
616.18
 30
0.0
 11
1172.59
 21
616.18
 31
0.0
  0
LINE
  5
751
330
17
100
AcDbEntity
  8
LINES
100
AcDbLine
 10
677.8
 20
594.58
 30
0.0
 11
1172.59
 21
594.58
 31
0.0
  0
LINE
  5
752
330
17
100
AcDbEntity
  8
LINES
100
AcDbLine
 10
677.8
 20
572.83
 30
0.0
 11
1172.59
 21
572.83
 31
0.0
  0
LINE
  5
753
330
17
100
AcDbEntity
  8
LINES
100
AcDbLine
 10
677.8
 20
551.09
 30
0.0
 11
1172.59
 21
551.09
 31
0.0
  0
LINE
  5
754
330
17
100
AcDbEntity
  8
LINES
100
AcDbLine
 10
677.8
 20
529.34
 30
0.0
 11
1172.59
 21
529.34
 31
0.0
  0
LINE
  5
755
330
17
100
AcDbEntity
  8
LINES
100
AcDbLine
 10
677.8
 20
507.6
 30
0.0
 11
1172.59
 21
507.6
 31
0.0
  0
LINE
  5
756
330
17
100
AcDbEntity
  8
LINES
100
AcDbLine
 10
677.8
 20
485.86
 30
0.0
 11
1172.59
 21
485.86
 31
0.0
  0
LINE
  5
757
330
17
100
AcDbEntity
  8
LINES
100
AcDbLine
 10
677.8
 20
464.11
 30
0.0
 11
1172.59
 21
464.11
 31
0.0
  0
LINE
  5
758
330
17
100
AcDbEntity
  8
LINES
100
AcDbLine
 10
677.8
 20
442.37
 30
0.0
 11
1172.59
 21
442.37
 31
0.0
  0
LINE
  5
759
330
17
100
AcDbEntity
  8
LINES
100
AcDbLine
 10
677.8
 20
420.62
 30
0.0
 11
1172.59
 21
420.62
 31
0.0
  0
LINE
  5
75A
330
17
100
AcDbEntity
  8
LINES
100
AcDbLine
 10
677.8
 20
398.88
 30
0.0
 11
1172.59
 21
398.88
 31
0.0
  0
LINE
  5
75B
330
17
100
AcDbEntity
  8
LINES
100
AcDbLine
 10
677.8
 20
373.39
 30
0.0
 11
1172.59
 21
373.39
 31
0.0
  0
LINE
  5
75C
330
17
100
AcDbEntity
  8
LINES
100
AcDbLine
 10
677.8
 20
347.9
 30
0.0
 11
1172.59
 21
347.9
 31
0.0
  0
LINE
  5
75D
330
17
100
AcDbEntity
  8
LINES
100
AcDbLine
 10
677.8
 20
322.42
 30
0.0
 11
1172.59
 21
322.42
 31
0.0
  0
LINE
  5
75E
330
17
100
AcDbEntity
  8
LINES
100
AcDbLine
 10
677.8
 20
300.67
 30
0.0
 11
1172.59
 21
300.67
 31
0.0
  0
LINE
  5
75F
330
17
100
AcDbEntity
  8
LINES
100
AcDbLine
 10
677.8
 20
278.93
 30
0.0
 11
1172.59
 21
278.93
 31
0.0
  0
LINE
  5
760
330
17
100
AcDbEntity
  8
LINES
100
AcDbLine
 10
677.8
 20
243.94
 30
0.0
 11
1172.59
 21
243.94
 31
0.0
  0
LINE
  5
761
330
17
100
AcDbEntity
  8
LINES
100
AcDbLine
 10
677.8
 20
222.19
 30
0.0
 11
1172.59
 21
222.19
 31
0.0
  0
LINE
  5
762
330
17
100
AcDbEntity
  8
LINES
100
AcDbLine
 10
677.8
 20
200.45
 30
0.0
 11
1172.59
 21
200.45
 31
0.0
  0
LINE
  5
763
330
17
100
AcDbEntity
  8
LINES
100
AcDbLine
 10
677.8
 20
178.7
 30
0.0
 11
1172.59
 21
178.7
 31
0.0
  0
LINE
  5
764
330
17
100
AcDbEntity
  8
LINES
100
AcDbLine
 10
677.8
 20
790.13
 30
0.0
 11
677.8
 21
178.7
 31
0.0
  0
LINE
  5
765
330
17
100
AcDbEntity
  8
LINES
100
AcDbLine
 10
772.7
 20
790.13
 30
0.0
 11
772.7
 21
178.7
 31
0.0
  0
LINE
  5
766
330
17
100
AcDbEntity
  8
LINES
100
AcDbLine
 10
912.23
 20
790.13
 30
0.0
 11
912.23
 21
178.7
 31
0.0
  0
LINE
  5
767
330
17
100
AcDbEntity
  8
LINES
100
AcDbLine
 10
1014.33
 20
790.13
 30
0.0
 11
1014.33
 21
178.7
 31
0.0
  0
LINE
  5
768
330
17
100
AcDbEntity
  8
LINES
100
AcDbLine
 10
1059.4
 20
790.13
 30
0.0
 11
1059.4
 21
178.7
 31
0.0
  0
LINE
  5
769
330
17
100
AcDbEntity
  8
LINES
100
AcDbLine
 10
1172.59
 20
790.13
 30
0.0
 11
1172.59
 21
178.7
 31
0.0
  0
LINE
  5
76A
330
17
100
AcDbEntity
  8
LINES
100
AcDbLine
 10
872.35
 20
818.06
 30
0.0
 11
872.35
 21
811.44
 31
0.0
  0
LINE
  5
76B
330
17
100
AcDbEntity
  8
LINES
100
AcDbLine
 10
871.77
 20
813.89
 30
0.0
 11
873.07
 21
814.18
 31
0.0
  0
LINE
  5
76C
330
17
100
AcDbEntity
  8
LINES
100
AcDbLine
 10
871.77
 20
815.9
 30
0.0
 11
872.92
 21
816.19
 31
0.0
  0
LINE
  5
76D
330
17
100
AcDbEntity
  8
LINES
100
AcDbLine
 10
871.91
 20
819.5
 30
0.0
 11
872.63
 21
818.21
 31
0.0
  0
LINE
  5
76E
330
17
100
AcDbEntity
  8
LINES
100
AcDbLine
 10
871.34
 20
817.78
 30
0.0
 11
873.5
 21
818.35
 31
0.0
  0
LINE
  5
76F
330
17
100
AcDbEntity
  8
LINES
100
AcDbLine
 10
871.34
 20
818.5
 30
0.0
 11
871.34
 21
811.58
 31
0.0
  0
LINE
  5
770
330
17
100
AcDbEntity
  8
LINES
100
AcDbLine
 10
869.18
 20
815.62
 30
0.0
 11
870.76
 21
816.34
 31
0.0
  0
LINE
  5
771
330
17
100
AcDbEntity
  8
LINES
100
AcDbLine
 10
869.9
 20
820.37
 30
0.0
 11
870.62
 21
818.5
 31
0.0
  0
LINE
  5
772
330
17
100
AcDbEntity
  8
LINES
100
AcDbLine
 10
873.35
 20
821.38
 30
0.0
 11
872.35
 21
818.93
 31
0.0
  0
LINE
  5
773
330
17
100
AcDbEntity
  8
LINES
100
AcDbLine
 10
871.34
 20
820.51
 30
0.0
 11
873.07
 21
820.94
 31
0.0
  0
LINE
  5
774
330
17
100
AcDbEntity
  8
LINES
100
AcDbLine
 10
873.64
 20
808.85
 30
0.0
 11
874.22
 21
809.28
 31
0.0
  0
LINE
  5
775
330
17
100
AcDbEntity
  8
LINES
100
AcDbLine
 10
876.95
 20
809.42
 30
0.0
 11
878.83
 21
809.71
 31
0.0
  0
LINE
  5
776
330
17
100
AcDbEntity
  8
LINES
100
AcDbLine
 10
878.83
 20
813.31
 30
0.0
 11
878.68
 21
809.71
 31
0.0
  0
LINE
  5
777
330
17
100
AcDbEntity
  8
LINES
100
AcDbLine
 10
876.95
 20
813.17
 30
0.0
 11
876.95
 21
808.56
 31
0.0
  0
LINE
  5
778
330
17
100
AcDbEntity
  8
LINES
100
AcDbLine
 10
876.23
 20
818.21
 30
0.0
 11
879.69
 21
818.78
 31
0.0
  0
LINE
  5
779
330
17
100
AcDbEntity
  8
LINES
100
AcDbLine
 10
877.67
 20
821.81
 30
0.0
 11
878.39
 21
819.22
 31
0.0
  0
LINE
  5
77A
330
17
100
AcDbEntity
  8
LINES
100
AcDbLine
 10
876.38
 20
821.81
 30
0.0
 11
874.65
 21
814.9
 31
0.0
  0
LINE
  5
77B
330
17
100
AcDbEntity
  8
LINES
100
AcDbLine
 10
875.8
 20
818.93
 30
0.0
 11
875.8
 21
808.56
 31
0.0
  0
LINE
  5
77C
330
17
100
AcDbEntity
  8
LINES
100
AcDbLine
 10
876.95
 20
816.48
 30
0.0
 11
878.97
 21
816.91
 31
0.0
  0
LINE
  5
77D
330
17
100
AcDbEntity
  8
LINES
100
AcDbLine
 10
879.11
 20
814.75
 30
0.0
 11
876.81
 21
814.32
 31
0.0
  0
LINE
  5
77E
330
17
100
AcDbEntity
  8
LINES
100
AcDbLine
 10
876.95
 20
812.45
 30
0.0
 11
878.83
 21
812.88
 31
0.0
  0
LINE
  5
77F
330
17
100
AcDbEntity
  8
LINES
100
AcDbLine
 10
883.87
 20
818.5
 30
0.0
 11
883.58
 21
816.19
 31
0.0
  0
LINE
  5
780
330
17
100
AcDbEntity
  8
LINES
100
AcDbLine
 10
882.28
 20
818.21
 30
0.0
 11
882.71
 21
816.34
 31
0.0
  0
LINE
  5
781
330
17
100
AcDbEntity
  8
LINES
100
AcDbLine
 10
883.87
 20
816.19
 30
0.0
 11
883.87
 21
808.7
 31
0.0
  0
LINE
  5
782
330
17
100
AcDbEntity
  8
LINES
100
AcDbLine
 10
881.56
 20
813.17
 30
0.0
 11
885.31
 21
813.89
 31
0.0
  0
LINE
  5
783
330
17
100
AcDbEntity
  8
LINES
100
AcDbLine
 10
881.85
 20
815.62
 30
0.0
 11
884.73
 21
816.48
 31
0.0
  0
LINE
  5
784
330
17
100
AcDbEntity
  8
LINES
100
AcDbLine
 10
884.15
 20
819.07
 30
0.0
 11
884.3
 21
821.23
 31
0.0
  0
LINE
  5
785
330
17
100
AcDbEntity
  8
LINES
100
AcDbLine
 10
881.71
 20
818.5
 30
0.0
 11
884.44
 21
819.07
 31
0.0
  0
LINE
  5
786
330
17
100
AcDbEntity
  8
LINES
100
AcDbLine
 10
881.71
 20
820.22
 30
0.0
 11
884.3
 21
820.8
 31
0.0
  0
LINE
  5
787
330
17
100
AcDbEntity
  8
LINES
100
AcDbLine
 10
890.49
 20
816.62
 30
0.0
 11
888.91
 21
816.34
 31
0.0
  0
LINE
  5
788
330
17
100
AcDbEntity
  8
LINES
100
AcDbLine
 10
890.49
 20
813.02
 30
0.0
 11
890.49
 21
817.06
 31
0.0
  0
LINE
  5
789
330
17
100
AcDbEntity
  8
LINES
100
AcDbLine
 10
888.91
 20
812.74
 30
0.0
 11
890.63
 21
813.02
 31
0.0
  0
LINE
  5
78A
330
17
100
AcDbEntity
  8
LINES
100
AcDbLine
 10
888.76
 20
809.14
 30
0.0
 11
891.07
 21
809.42
 31
0.0
  0
LINE
  5
78B
330
17
100
AcDbEntity
  8
LINES
100
AcDbLine
 10
888.91
 20
820.51
 30
0.0
 11
888.91
 21
809.14
 31
0.0
  0
LINE
  5
78C
330
17
100
AcDbEntity
  8
LINES
100
AcDbLine
 10
890.92
 20
819.79
 30
0.0
 11
888.91
 21
819.22
 31
0.0
  0
LINE
  5
78D
330
17
100
AcDbEntity
  8
LINES
100
AcDbLine
 10
887.61
 20
816.77
 30
0.0
 11
888.33
 21
814.9
 31
0.0
  0
LINE
  5
78E
330
17
100
AcDbEntity
  8
LINES
100
AcDbLine
 10
888.33
 20
818.21
 30
0.0
 11
886.46
 21
817.63
 31
0.0
  0
LINE
  5
78F
330
17
100
AcDbEntity
  8
LINES
100
AcDbLine
 10
886.17
 20
812.16
 30
0.0
 11
887.61
 21
817.78
 31
0.0
  0
LINE
  5
790
330
17
100
AcDbEntity
  8
LINES
100
AcDbLine
 10
887.61
 20
821.81
 30
0.0
 11
887.61
 21
808.27
 31
0.0
  0
LINE
  5
791
330
17
100
AcDbEntity
  8
LINES
100
AcDbLine
 10
893.51
 20
816.91
 30
0.0
 11
895.82
 21
817.49
 31
0.0
  0
LINE
  5
792
330
17
100
AcDbEntity
  8
LINES
100
AcDbLine
 10
895.82
 20
814.61
 30
0.0
 11
893.37
 21
814.18
 31
0.0
  0
LINE
  5
793
330
17
100
AcDbEntity
  8
LINES
100
AcDbLine
 10
894.52
 20
809.71
 30
0.0
 11
894.52
 21
820.08
 31
0.0
  0
LINE
  5
794
330
17
100
AcDbEntity
  8
LINES
100
AcDbLine
 10
893.08
 20
819.94
 30
0.0
 11
896.39
 21
820.66
 31
0.0
  0
LINE
  5
795
330
17
100
AcDbEntity
  8
LINES
100
AcDbLine
 10
897.55
 20
815.04
 30
0.0
 11
898.7
 21
815.62
 31
0.0
  0
LINE
  5
796
330
17
100
AcDbEntity
  8
LINES
100
AcDbLine
 10
898.12
 20
819.65
 30
0.0
 11
898.7
 21
818.06
 31
0.0
  0
LINE
  5
797
330
17
100
AcDbEntity
  8
LINES
100
AcDbLine
 10
899.99
 20
816.48
 30
0.0
 11
901.43
 21
816.77
 31
0.0
  0
LINE
  5
798
330
17
100
AcDbEntity
  8
LINES
100
AcDbLine
 10
899.42
 20
814.32
 30
0.0
 11
902.01
 21
814.75
 31
0.0
  0
LINE
  5
799
330
17
100
AcDbEntity
  8
LINES
100
AcDbLine
 10
900.14
 20
813.6
 30
0.0
 11
899.13
 21
811.3
 31
0.0
  0
LINE
  5
79A
330
17
100
AcDbEntity
  8
LINES
100
AcDbLine
 10
901.15
 20
813.31
 30
0.0
 11
901.87
 21
811.73
 31
0.0
  0
LINE
  5
79B
330
17
100
AcDbEntity
  8
LINES
100
AcDbLine
 10
903.16
 20
814.03
 30
0.0
 11
908.06
 21
814.61
 31
0.0
  0
LINE
  5
79C
330
17
100
AcDbEntity
  8
LINES
100
AcDbLine
 10
910.07
 20
820.22
 30
0.0
 11
910.07
 21
816.19
 31
0.0
  0
LINE
  5
79D
330
17
100
AcDbEntity
  8
LINES
100
AcDbLine
 10
911.95
 20
818.78
 30
0.0
 11
913.82
 21
819.22
 31
0.0
  0
LINE
  5
79E
330
17
100
AcDbEntity
  8
LINES
100
AcDbLine
 10
910.36
 20
815.9
 30
0.0
 11
910.36
 21
810.58
 31
0.0
  0
LINE
  5
79F
330
17
100
AcDbEntity
  8
LINES
100
AcDbLine
 10
910.36
 20
815.04
 30
0.0
 11
912.52
 21
815.33
 31
0.0
  0
LINE
  5
7A0
330
17
100
AcDbEntity
  8
LINES
100
AcDbLine
 10
912.67
 20
815.9
 30
0.0
 11
912.52
 21
810.58
 31
0.0
  0
LINE
  5
7A1
330
17
100
AcDbEntity
  8
LINES
100
AcDbLine
 10
910.79
 20
810.58
 30
0.0
 11
911.51
 21
813.74
 31
0.0
  0
LINE
  5
7A2
330
17
100
AcDbEntity
  8
LINES
100
AcDbLine
 10
910.22
 20
809.14
 30
0.0
 11
908.78
 21
808.13
 31
0.0
  0
LINE
  5
7A3
330
17
100
AcDbEntity
  8
LINES
100
AcDbLine
 10
910.94
 20
815.9
 30
0.0
 11
910.94
 21
820.94
 31
0.0
  0
LINE
  5
7A4
330
17
100
AcDbEntity
  8
LINES
100
AcDbLine
 10
910.79
 20
810.72
 30
0.0
 11
910.22
 21
809.28
 31
0.0
  0
LINE
  5
7A5
330
17
100
AcDbEntity
  8
LINES
100
AcDbLine
 10
912.38
 20
818.93
 30
0.0
 11
912.81
 21
816.77
 31
0.0
  0
LINE
  5
7A6
330
17
100
AcDbEntity
  8
LINES
100
AcDbLine
 10
916.84
 20
821.52
 30
0.0
 11
916.84
 21
815.47
 31
0.0
  0
LINE
  5
7A7
330
17
100
AcDbEntity
  8
LINES
100
AcDbLine
 10
915.69
 20
817.2
 30
0.0
 11
918.14
 21
817.63
 31
0.0
  0
LINE
  5
7A8
330
17
100
AcDbEntity
  8
LINES
100
AcDbLine
 10
916.12
 20
813.6
 30
0.0
 11
916.12
 21
808.56
 31
0.0
  0
LINE
  5
7A9
330
17
100
AcDbEntity
  8
LINES
100
AcDbLine
 10
915.98
 20
808.27
 30
0.0
 11
917.27
 21
810.86
 31
0.0
  0
LINE
  5
7AA
330
17
100
AcDbEntity
  8
LINES
100
AcDbLine
 10
918.43
 20
814.61
 30
0.0
 11
917.56
 21
812.45
 31
0.0
  0
LINE
  5
7AB
330
17
100
AcDbEntity
  8
LINES
100
AcDbLine
 10
919.29
 20
815.9
 30
0.0
 11
914.54
 21
815.04
 31
0.0
  0
LINE
  5
7AC
330
17
100
AcDbEntity
  8
LINES
100
AcDbLine
 10
915.26
 20
819.07
 30
0.0
 11
918.71
 21
819.65
 31
0.0
  0
LINE
  5
7AD
330
17
100
AcDbEntity
  8
LINES
100
AcDbLine
 10
856.51
 20
801.07
 30
0.0
 11
932.54
 21
801.07
 31
0.0
  0
LINE
  5
7AE
330
17
100
AcDbEntity
  8
LINES
100
AcDbLine
 10
856.51
 20
798.34
 30
0.0
 11
932.68
 21
798.34
 31
0.0
  0
LINE
  5
7AF
330
17
100
AcDbEntity
  8
LINES
100
AcDbLine
 10
101.23
 20
120.1
 30
0.0
 11
101.95
 21
121.68
 31
0.0
  0
LINE
  5
7B0
330
17
100
AcDbEntity
  8
LINES
100
AcDbLine
 10
101.08
 20
126.43
 30
0.0
 11
101.51
 21
125.14
 31
0.0
  0
LINE
  5
7B1
330
17
100
AcDbEntity
  8
LINES
100
AcDbLine
 10
101.37
 20
124.27
 30
0.0
 11
101.23
 21
120.24
 31
0.0
  0
LINE
  5
7B2
330
17
100
AcDbEntity
  8
LINES
100
AcDbLine
 10
100.51
 20
123.84
 30
0.0
 11
101.37
 21
123.98
 31
0.0
  0
LINE
  5
7B3
330
17
100
AcDbEntity
  8
LINES
100
AcDbLine
 10
102.38
 20
126.86
 30
0.0
 11
102.67
 21
125.28
 31
0.0
  0
LINE
  5
7B4
330
17
100
AcDbEntity
  8
LINES
100
AcDbLine
 10
103.67
 20
127.15
 30
0.0
 11
103.24
 21
124.99
 31
0.0
  0
LINE
  5
7B5
330
17
100
AcDbEntity
  8
LINES
100
AcDbLine
 10
102.38
 20
125.42
 30
0.0
 11
102.38
 21
122.69
 31
0.0
  0
LINE
  5
7B6
330
17
100
AcDbEntity
  8
LINES
100
AcDbLine
 10
102.38
 20
124.85
 30
0.0
 11
103.82
 21
124.99
 31
0.0
  0
LINE
  5
7B7
330
17
100
AcDbEntity
  8
LINES
100
AcDbLine
 10
102.38
 20
123.12
 30
0.0
 11
103.67
 21
123.41
 31
0.0
  0
LINE
  5
7B8
330
17
100
AcDbEntity
  8
LINES
100
AcDbLine
 10
103.24
 20
123.26
 30
0.0
 11
103.24
 21
120.53
 31
0.0
  0
LINE
  5
7B9
330
17
100
AcDbEntity
  8
LINES
100
AcDbLine
 10
103.53
 20
119.81
 30
0.0
 11
104.54
 21
119.81
 31
0.0
  0
LINE
  5
7BA
330
17
100
AcDbEntity
  8
LINES
100
AcDbLine
 10
102.67
 20
123.26
 30
0.0
 11
102.52
 21
121.82
 31
0.0
  0
LINE
  5
7BB
330
17
100
AcDbEntity
  8
LINES
100
AcDbLine
 10
102.67
 20
123.26
 30
0.0
 11
102.52
 21
121.25
 31
0.0
  0
LINE
  5
7BC
330
17
100
AcDbEntity
  8
LINES
100
AcDbLine
 10
103.82
 20
125.28
 30
0.0
 11
103.67
 21
123.41
 31
0.0
  0
LINE
  5
7BD
330
17
100
AcDbEntity
  8
LINES
100
AcDbLine
 10
102.52
 20
121.25
 30
0.0
 11
101.51
 21
119.52
 31
0.0
  0
LINE
  5
7BE
330
17
100
AcDbEntity
  8
LINES
100
AcDbLine
 10
105.26
 20
126.43
 30
0.0
 11
105.26
 21
121.39
 31
0.0
  0
LINE
  5
7BF
330
17
100
AcDbEntity
  8
LINES
100
AcDbLine
 10
106.99
 20
126.43
 30
0.0
 11
108.14
 21
126.72
 31
0.0
  0
LINE
  5
7C0
330
17
100
AcDbEntity
  8
LINES
100
AcDbLine
 10
106.84
 20
122.98
 30
0.0
 11
107.99
 21
123.12
 31
0.0
  0
LINE
  5
7C1
330
17
100
AcDbEntity
  8
LINES
100
AcDbLine
 10
106.99
 20
124.7
 30
0.0
 11
107.99
 21
124.85
 31
0.0
  0
LINE
  5
7C2
330
17
100
AcDbEntity
  8
LINES
100
AcDbLine
 10
105.26
 20
125.86
 30
0.0
 11
106.27
 21
126.0
 31
0.0
  0
LINE
  5
7C3
330
17
100
AcDbEntity
  8
LINES
100
AcDbLine
 10
106.27
 20
126.29
 30
0.0
 11
106.12
 21
121.68
 31
0.0
  0
LINE
  5
7C4
330
17
100
AcDbEntity
  8
LINES
100
AcDbLine
 10
105.26
 20
124.13
 30
0.0
 11
106.12
 21
124.42
 31
0.0
  0
LINE
  5
7C5
330
17
100
AcDbEntity
  8
LINES
100
AcDbLine
 10
105.26
 20
122.26
 30
0.0
 11
106.12
 21
122.4
 31
0.0
  0
LINE
  5
7C6
330
17
100
AcDbEntity
  8
LINES
100
AcDbLine
 10
141.69
 20
127.15
 30
0.0
 11
141.69
 21
119.52
 31
0.0
  0
LINE
  5
7C7
330
17
100
AcDbEntity
  8
LINES
100
AcDbLine
 10
139.82
 20
124.7
 30
0.0
 11
143.42
 21
125.28
 31
0.0
  0
LINE
  5
7C8
330
17
100
AcDbEntity
  8
LINES
100
AcDbLine
 10
140.68
 20
121.54
 30
0.0
 11
142.55
 21
121.82
 31
0.0
  0
LINE
  5
7C9
330
17
100
AcDbEntity
  8
LINES
100
AcDbLine
 10
146.15
 20
120.24
 30
0.0
 11
147.59
 21
120.53
 31
0.0
  0
LINE
  5
7CA
330
17
100
AcDbEntity
  8
LINES
100
AcDbLine
 10
146.15
 20
122.4
 30
0.0
 11
147.59
 21
122.69
 31
0.0
  0
LINE
  5
7CB
330
17
100
AcDbEntity
  8
LINES
100
AcDbLine
 10
146.15
 20
122.98
 30
0.0
 11
146.15
 21
119.81
 31
0.0
  0
LINE
  5
7CC
330
17
100
AcDbEntity
  8
LINES
100
AcDbLine
 10
146.87
 20
124.56
 30
0.0
 11
147.88
 21
124.99
 31
0.0
  0
LINE
  5
7CD
330
17
100
AcDbEntity
  8
LINES
100
AcDbLine
 10
144.14
 20
120.67
 30
0.0
 11
146.01
 21
121.82
 31
0.0
  0
LINE
  5
7CE
330
17
100
AcDbEntity
  8
LINES
100
AcDbLine
 10
144.57
 20
123.41
 30
0.0
 11
144.86
 21
121.68
 31
0.0
  0
LINE
  5
7CF
330
17
100
AcDbEntity
  8
LINES
100
AcDbLine
 10
144.28
 20
123.98
 30
0.0
 11
145.87
 21
124.56
 31
0.0
  0
LINE
  5
7D0
330
17
100
AcDbEntity
  8
LINES
100
AcDbLine
 10
144.86
 20
126.29
 30
0.0
 11
145.29
 21
125.28
 31
0.0
  0
LINE
  5
7D1
330
17
100
AcDbEntity
  8
LINES
100
AcDbLine
 10
146.87
 20
122.54
 30
0.0
 11
146.87
 21
127.15
 31
0.0
  0
LINE
  5
7D2
330
17
100
AcDbEntity
  8
LINES
100
AcDbLine
 10
145.29
 20
121.39
 30
0.0
 11
145.43
 21
124.27
 31
0.0
  0
LINE
  5
7D3
330
17
100
AcDbEntity
  8
LINES
100
AcDbLine
 10
147.74
 20
122.98
 30
0.0
 11
147.45
 21
120.53
 31
0.0
  0
LINE
  5
7D4
330
17
100
AcDbEntity
  8
LINES
100
AcDbLine
 10
151.05
 20
124.42
 30
0.0
 11
152.2
 21
122.4
 31
0.0
  0
LINE
  5
7D5
330
17
100
AcDbEntity
  8
LINES
100
AcDbLine
 10
150.47
 20
125.14
 30
0.0
 11
150.47
 21
119.81
 31
0.0
  0
LINE
  5
7D6
330
17
100
AcDbEntity
  8
LINES
100
AcDbLine
 10
148.6
 20
126.43
 30
0.0
 11
152.2
 21
126.86
 31
0.0
  0
LINE
  5
7D7
330
17
100
AcDbEntity
  8
LINES
100
AcDbLine
 10
153.79
 20
124.13
 30
0.0
 11
152.78
 21
123.98
 31
0.0
  0
LINE
  5
7D8
330
17
100
AcDbEntity
  8
LINES
100
AcDbLine
 10
153.79
 20
120.96
 30
0.0
 11
153.79
 21
124.56
 31
0.0
  0
LINE
  5
7D9
330
17
100
AcDbEntity
  8
LINES
100
AcDbLine
 10
154.36
 20
121.97
 30
0.0
 11
153.35
 21
120.24
 31
0.0
  0
LINE
  5
7DA
330
17
100
AcDbEntity
  8
LINES
100
AcDbLine
 10
153.35
 20
126.58
 30
0.0
 11
153.93
 21
125.42
 31
0.0
  0
LINE
  5
7DB
330
17
100
AcDbEntity
  8
LINES
100
AcDbLine
 10
154.51
 20
123.41
 30
0.0
 11
155.8
 21
123.55
 31
0.0
  0
LINE
  5
7DC
330
17
100
AcDbEntity
  8
LINES
100
AcDbLine
 10
155.95
 20
123.84
 30
0.0
 11
155.37
 21
121.82
 31
0.0
  0
LINE
  5
7DD
330
17
100
AcDbEntity
  8
LINES
100
AcDbLine
 10
154.79
 20
126.86
 30
0.0
 11
154.79
 21
125.28
 31
0.0
  0
LINE
  5
7DE
330
17
100
AcDbEntity
  8
LINES
100
AcDbLine
 10
154.79
 20
126.43
 30
0.0
 11
155.51
 21
126.58
 31
0.0
  0
LINE
  5
7DF
330
17
100
AcDbEntity
  8
LINES
100
AcDbLine
 10
158.25
 20
127.15
 30
0.0
 11
158.83
 21
125.71
 31
0.0
  0
LINE
  5
7E0
330
17
100
AcDbEntity
  8
LINES
100
AcDbLine
 10
159.83
 20
127.15
 30
0.0
 11
159.26
 21
125.42
 31
0.0
  0
LINE
  5
7E1
330
17
100
AcDbEntity
  8
LINES
100
AcDbLine
 10
158.11
 20
125.57
 30
0.0
 11
158.11
 21
122.54
 31
0.0
  0
LINE
  5
7E2
330
17
100
AcDbEntity
  8
LINES
100
AcDbLine
 10
158.11
 20
122.83
 30
0.0
 11
160.27
 21
123.12
 31
0.0
  0
LINE
  5
7E3
330
17
100
AcDbEntity
  8
LINES
100
AcDbLine
 10
160.12
 20
125.42
 30
0.0
 11
158.11
 21
125.14
 31
0.0
  0
LINE
  5
7E4
330
17
100
AcDbEntity
  8
LINES
100
AcDbLine
 10
158.39
 20
124.13
 30
0.0
 11
159.83
 21
124.27
 31
0.0
  0
LINE
  5
7E5
330
17
100
AcDbEntity
  8
LINES
100
AcDbLine
 10
157.1
 20
121.82
 30
0.0
 11
160.99
 21
122.26
 31
0.0
  0
LINE
  5
7E6
330
17
100
AcDbEntity
  8
LINES
100
AcDbLine
 10
160.27
 20
125.57
 30
0.0
 11
160.12
 21
123.12
 31
0.0
  0
LINE
  5
7E7
330
17
100
AcDbEntity
  8
LINES
100
AcDbLine
 10
159.11
 20
119.66
 30
0.0
 11
159.11
 21
125.28
 31
0.0
  0
LINE
  5
7E8
330
17
100
AcDbEntity
  8
LINES
100
AcDbLine
 10
162.43
 20
125.42
 30
0.0
 11
161.56
 21
123.84
 31
0.0
  0
LINE
  5
7E9
330
17
100
AcDbEntity
  8
LINES
100
AcDbLine
 10
163.0
 20
127.01
 30
0.0
 11
162.43
 21
125.42
 31
0.0
  0
LINE
  5
7EA
330
17
100
AcDbEntity
  8
LINES
100
AcDbLine
 10
163.29
 20
125.14
 30
0.0
 11
163.29
 21
122.11
 31
0.0
  0
LINE
  5
7EB
330
17
100
AcDbEntity
  8
LINES
100
AcDbLine
 10
163.43
 20
122.54
 30
0.0
 11
164.73
 21
122.69
 31
0.0
  0
LINE
  5
7EC
330
17
100
AcDbEntity
  8
LINES
100
AcDbLine
 10
164.59
 20
122.69
 30
0.0
 11
164.73
 21
125.14
 31
0.0
  0
LINE
  5
7ED
330
17
100
AcDbEntity
  8
LINES
100
AcDbLine
 10
164.73
 20
124.85
 30
0.0
 11
163.29
 21
124.56
 31
0.0
  0
LINE
  5
7EE
330
17
100
AcDbEntity
  8
LINES
100
AcDbLine
 10
163.15
 20
120.24
 30
0.0
 11
164.87
 21
120.82
 31
0.0
  0
LINE
  5
7EF
330
17
100
AcDbEntity
  8
LINES
100
AcDbLine
 10
164.73
 20
121.68
 30
0.0
 11
165.02
 21
119.95
 31
0.0
  0
LINE
  5
7F0
330
17
100
AcDbEntity
  8
LINES
100
AcDbLine
 10
164.15
 20
127.01
 30
0.0
 11
164.01
 21
120.67
 31
0.0
  0
LINE
  5
7F1
330
17
100
AcDbEntity
  8
LINES
100
AcDbLine
 10
168.33
 20
125.14
 30
0.0
 11
168.33
 21
121.25
 31
0.0
  0
LINE
  5
7F2
330
17
100
AcDbEntity
  8
LINES
100
AcDbLine
 10
167.9
 20
122.69
 30
0.0
 11
168.91
 21
122.98
 31
0.0
  0
LINE
  5
7F3
330
17
100
AcDbEntity
  8
LINES
100
AcDbLine
 10
167.9
 20
123.84
 30
0.0
 11
168.76
 21
123.98
 31
0.0
  0
LINE
  5
7F4
330
17
100
AcDbEntity
  8
LINES
100
AcDbLine
 10
168.04
 20
126.0
 30
0.0
 11
168.47
 21
125.28
 31
0.0
  0
LINE
  5
7F5
330
17
100
AcDbEntity
  8
LINES
100
AcDbLine
 10
167.61
 20
124.99
 30
0.0
 11
169.19
 21
125.28
 31
0.0
  0
LINE
  5
7F6
330
17
100
AcDbEntity
  8
LINES
100
AcDbLine
 10
167.61
 20
125.42
 30
0.0
 11
167.61
 21
121.39
 31
0.0
  0
LINE
  5
7F7
330
17
100
AcDbEntity
  8
LINES
100
AcDbLine
 10
165.88
 20
123.84
 30
0.0
 11
167.03
 21
124.13
 31
0.0
  0
LINE
  5
7F8
330
17
100
AcDbEntity
  8
LINES
100
AcDbLine
 10
166.46
 20
126.43
 30
0.0
 11
166.89
 21
125.42
 31
0.0
  0
LINE
  5
7F9
330
17
100
AcDbEntity
  8
LINES
100
AcDbLine
 10
169.05
 20
127.15
 30
0.0
 11
168.33
 21
125.71
 31
0.0
  0
LINE
  5
7FA
330
17
100
AcDbEntity
  8
LINES
100
AcDbLine
 10
167.61
 20
126.58
 30
0.0
 11
168.91
 21
126.86
 31
0.0
  0
LINE
  5
7FB
330
17
100
AcDbEntity
  8
LINES
100
AcDbLine
 10
169.34
 20
119.81
 30
0.0
 11
169.77
 21
120.1
 31
0.0
  0
LINE
  5
7FC
330
17
100
AcDbEntity
  8
LINES
100
AcDbLine
 10
171.93
 20
120.24
 30
0.0
 11
173.23
 21
120.38
 31
0.0
  0
LINE
  5
7FD
330
17
100
AcDbEntity
  8
LINES
100
AcDbLine
 10
173.37
 20
122.4
 30
0.0
 11
173.08
 21
120.38
 31
0.0
  0
LINE
  5
7FE
330
17
100
AcDbEntity
  8
LINES
100
AcDbLine
 10
171.93
 20
122.4
 30
0.0
 11
171.93
 21
119.66
 31
0.0
  0
LINE
  5
7FF
330
17
100
AcDbEntity
  8
LINES
100
AcDbLine
 10
171.35
 20
125.28
 30
0.0
 11
173.95
 21
125.57
 31
0.0
  0
LINE
  5
800
330
17
100
AcDbEntity
  8
LINES
100
AcDbLine
 10
172.36
 20
127.3
 30
0.0
 11
172.94
 21
125.86
 31
0.0
  0
LINE
  5
801
330
17
100
AcDbEntity
  8
LINES
100
AcDbLine
 10
171.5
 20
127.3
 30
0.0
 11
170.06
 21
123.41
 31
0.0
  0
LINE
  5
802
330
17
100
AcDbEntity
  8
LINES
100
AcDbLine
 10
170.92
 20
125.71
 30
0.0
 11
170.92
 21
119.66
 31
0.0
  0
LINE
  5
803
330
17
100
AcDbEntity
  8
LINES
100
AcDbLine
 10
171.79
 20
124.13
 30
0.0
 11
173.37
 21
124.42
 31
0.0
  0
LINE
  5
804
330
17
100
AcDbEntity
  8
LINES
100
AcDbLine
 10
173.51
 20
123.26
 30
0.0
 11
171.79
 21
122.98
 31
0.0
  0
LINE
  5
805
330
17
100
AcDbEntity
  8
LINES
100
AcDbLine
 10
171.93
 20
121.97
 30
0.0
 11
173.23
 21
122.11
 31
0.0
  0
LINE
  5
806
330
17
100
AcDbEntity
  8
LINES
100
AcDbLine
 10
174.52
 20
121.39
 30
0.0
 11
175.67
 21
124.56
 31
0.0
  0
LINE
  5
807
330
17
100
AcDbEntity
  8
LINES
100
AcDbLine
 10
176.39
 20
124.99
 30
0.0
 11
174.67
 21
124.56
 31
0.0
  0
LINE
  5
808
330
17
100
AcDbEntity
  8
LINES
100
AcDbLine
 10
176.25
 20
122.98
 30
0.0
 11
175.67
 21
124.13
 31
0.0
  0
LINE
  5
809
330
17
100
AcDbEntity
  8
LINES
100
AcDbLine
 10
175.67
 20
119.81
 30
0.0
 11
175.67
 21
127.15
 31
0.0
  0
LINE
  5
80A
330
17
100
AcDbEntity
  8
LINES
100
AcDbLine
 10
177.55
 20
126.0
 30
0.0
 11
176.68
 21
125.86
 31
0.0
  0
LINE
  5
80B
330
17
100
AcDbEntity
  8
LINES
100
AcDbLine
 10
179.85
 20
124.42
 30
0.0
 11
182.15
 21
124.7
 31
0.0
  0
LINE
  5
80C
330
17
100
AcDbEntity
  8
LINES
100
AcDbLine
 10
182.15
 20
126.43
 30
0.0
 11
182.01
 21
124.7
 31
0.0
  0
LINE
  5
80D
330
17
100
AcDbEntity
  8
LINES
100
AcDbLine
 10
179.85
 20
123.12
 30
0.0
 11
182.73
 21
123.55
 31
0.0
  0
LINE
  5
80E
330
17
100
AcDbEntity
  8
LINES
100
AcDbLine
 10
180.71
 20
124.42
 30
0.0
 11
181.0
 21
123.41
 31
0.0
  0
LINE
  5
80F
330
17
100
AcDbEntity
  8
LINES
100
AcDbLine
 10
179.99
 20
126.0
 30
0.0
 11
182.15
 21
126.29
 31
0.0
  0
LINE
  5
810
330
17
100
AcDbEntity
  8
LINES
100
AcDbLine
 10
180.86
 20
127.15
 30
0.0
 11
181.15
 21
126.14
 31
0.0
  0
LINE
  5
811
330
17
100
AcDbEntity
  8
LINES
100
AcDbLine
 10
183.88
 20
121.97
 30
0.0
 11
183.88
 21
122.11
 31
0.0
  0
LINE
  5
812
330
17
100
AcDbEntity
  8
LINES
100
AcDbLine
 10
183.88
 20
121.97
 30
0.0
 11
183.88
 21
121.68
 31
0.0
  0
LINE
  5
813
330
17
100
AcDbEntity
  8
LINES
100
AcDbLine
 10
183.88
 20
121.97
 30
0.0
 11
183.74
 21
121.97
 31
0.0
  0
LINE
  5
814
330
17
100
AcDbEntity
  8
LINES
100
AcDbLine
 10
190.07
 20
125.14
 30
0.0
 11
190.07
 21
121.25
 31
0.0
  0
LINE
  5
815
330
17
100
AcDbEntity
  8
LINES
100
AcDbLine
 10
189.64
 20
122.69
 30
0.0
 11
190.65
 21
122.98
 31
0.0
  0
LINE
  5
816
330
17
100
AcDbEntity
  8
LINES
100
AcDbLine
 10
189.64
 20
123.84
 30
0.0
 11
190.51
 21
123.98
 31
0.0
  0
LINE
  5
817
330
17
100
AcDbEntity
  8
LINES
100
AcDbLine
 10
189.79
 20
126.0
 30
0.0
 11
190.22
 21
125.28
 31
0.0
  0
LINE
  5
818
330
17
100
AcDbEntity
  8
LINES
100
AcDbLine
 10
189.35
 20
124.99
 30
0.0
 11
191.08
 21
125.28
 31
0.0
  0
LINE
  5
819
330
17
100
AcDbEntity
  8
LINES
100
AcDbLine
 10
189.35
 20
125.42
 30
0.0
 11
189.35
 21
121.39
 31
0.0
  0
LINE
  5
81A
330
17
100
AcDbEntity
  8
LINES
100
AcDbLine
 10
187.63
 20
123.84
 30
0.0
 11
188.92
 21
124.13
 31
0.0
  0
LINE
  5
81B
330
17
100
AcDbEntity
  8
LINES
100
AcDbLine
 10
188.2
 20
126.43
 30
0.0
 11
188.78
 21
125.42
 31
0.0
  0
LINE
  5
81C
330
17
100
AcDbEntity
  8
LINES
100
AcDbLine
 10
190.94
 20
127.15
 30
0.0
 11
190.07
 21
125.71
 31
0.0
  0
LINE
  5
81D
330
17
100
AcDbEntity
  8
LINES
100
AcDbLine
 10
189.35
 20
126.58
 30
0.0
 11
190.65
 21
126.86
 31
0.0
  0
LINE
  5
81E
330
17
100
AcDbEntity
  8
LINES
100
AcDbLine
 10
191.08
 20
119.81
 30
0.0
 11
191.51
 21
120.1
 31
0.0
  0
LINE
  5
81F
330
17
100
AcDbEntity
  8
LINES
100
AcDbLine
 10
193.67
 20
120.24
 30
0.0
 11
194.97
 21
120.38
 31
0.0
  0
LINE
  5
820
330
17
100
AcDbEntity
  8
LINES
100
AcDbLine
 10
195.11
 20
122.4
 30
0.0
 11
194.97
 21
120.38
 31
0.0
  0
LINE
  5
821
330
17
100
AcDbEntity
  8
LINES
100
AcDbLine
 10
193.67
 20
122.4
 30
0.0
 11
193.67
 21
119.66
 31
0.0
  0
LINE
  5
822
330
17
100
AcDbEntity
  8
LINES
100
AcDbLine
 10
193.1
 20
125.28
 30
0.0
 11
195.69
 21
125.57
 31
0.0
  0
LINE
  5
823
330
17
100
AcDbEntity
  8
LINES
100
AcDbLine
 10
194.11
 20
127.3
 30
0.0
 11
194.68
 21
125.86
 31
0.0
  0
LINE
  5
824
330
17
100
AcDbEntity
  8
LINES
100
AcDbLine
 10
193.24
 20
127.3
 30
0.0
 11
191.8
 21
123.41
 31
0.0
  0
LINE
  5
825
330
17
100
AcDbEntity
  8
LINES
100
AcDbLine
 10
192.67
 20
125.71
 30
0.0
 11
192.67
 21
119.66
 31
0.0
  0
LINE
  5
826
330
17
100
AcDbEntity
  8
LINES
100
AcDbLine
 10
193.67
 20
124.13
 30
0.0
 11
195.11
 21
124.42
 31
0.0
  0
LINE
  5
827
330
17
100
AcDbEntity
  8
LINES
100
AcDbLine
 10
195.26
 20
123.26
 30
0.0
 11
193.53
 21
122.98
 31
0.0
  0
LINE
  5
828
330
17
100
AcDbEntity
  8
LINES
100
AcDbLine
 10
193.67
 20
121.97
 30
0.0
 11
194.97
 21
122.11
 31
0.0
  0
LINE
  5
829
330
17
100
AcDbEntity
  8
LINES
100
AcDbLine
 10
197.27
 20
124.13
 30
0.0
 11
196.27
 21
123.98
 31
0.0
  0
LINE
  5
82A
330
17
100
AcDbEntity
  8
LINES
100
AcDbLine
 10
197.27
 20
120.96
 30
0.0
 11
197.27
 21
124.56
 31
0.0
  0
LINE
  5
82B
330
17
100
AcDbEntity
  8
LINES
100
AcDbLine
 10
197.85
 20
121.97
 30
0.0
 11
196.99
 21
120.24
 31
0.0
  0
LINE
  5
82C
330
17
100
AcDbEntity
  8
LINES
100
AcDbLine
 10
196.84
 20
126.58
 30
0.0
 11
197.42
 21
125.42
 31
0.0
  0
LINE
  5
82D
330
17
100
AcDbEntity
  8
LINES
100
AcDbLine
 10
197.99
 20
123.41
 30
0.0
 11
199.43
 21
123.55
 31
0.0
  0
LINE
  5
82E
330
17
100
AcDbEntity
  8
LINES
100
AcDbLine
 10
199.58
 20
123.84
 30
0.0
 11
198.86
 21
121.82
 31
0.0
  0
LINE
  5
82F
330
17
100
AcDbEntity
  8
LINES
100
AcDbLine
 10
198.28
 20
126.86
 30
0.0
 11
198.28
 21
125.28
 31
0.0
  0
LINE
  5
830
330
17
100
AcDbEntity
  8
LINES
100
AcDbLine
 10
198.28
 20
126.43
 30
0.0
 11
199.15
 21
126.58
 31
0.0
  0
LINE
  5
831
330
17
100
AcDbEntity
  8
LINES
100
AcDbLine
 10
202.31
 20
127.01
 30
0.0
 11
201.74
 21
125.71
 31
0.0
  0
LINE
  5
832
330
17
100
AcDbEntity
  8
LINES
100
AcDbLine
 10
202.6
 20
122.83
 30
0.0
 11
202.6
 21
120.38
 31
0.0
  0
LINE
  5
833
330
17
100
AcDbEntity
  8
LINES
100
AcDbLine
 10
202.03
 20
121.54
 30
0.0
 11
203.32
 21
121.68
 31
0.0
  0
LINE
  5
834
330
17
100
AcDbEntity
  8
LINES
100
AcDbLine
 10
203.47
 20
120.38
 30
0.0
 11
201.74
 21
120.1
 31
0.0
  0
LINE
  5
835
330
17
100
AcDbEntity
  8
LINES
100
AcDbLine
 10
203.61
 20
123.12
 30
0.0
 11
203.47
 21
119.81
 31
0.0
  0
LINE
  5
836
330
17
100
AcDbEntity
  8
LINES
100
AcDbLine
 10
201.74
 20
122.69
 30
0.0
 11
203.61
 21
122.98
 31
0.0
  0
LINE
  5
837
330
17
100
AcDbEntity
  8
LINES
100
AcDbLine
 10
201.74
 20
123.12
 30
0.0
 11
201.74
 21
119.81
 31
0.0
  0
LINE
  5
838
330
17
100
AcDbEntity
  8
LINES
100
AcDbLine
 10
201.88
 20
125.86
 30
0.0
 11
203.47
 21
126.14
 31
0.0
  0
LINE
  5
839
330
17
100
AcDbEntity
  8
LINES
100
AcDbLine
 10
201.74
 20
125.71
 30
0.0
 11
201.02
 21
124.13
 31
0.0
  0
LINE
  5
83A
330
17
100
AcDbEntity
  8
LINES
100
AcDbLine
 10
206.78
 20
127.15
 30
0.0
 11
207.21
 21
126.0
 31
0.0
  0
LINE
  5
83B
330
17
100
AcDbEntity
  8
LINES
100
AcDbLine
 10
208.65
 20
126.0
 30
0.0
 11
208.36
 21
124.56
 31
0.0
  0
LINE
  5
83C
330
17
100
AcDbEntity
  8
LINES
100
AcDbLine
 10
205.77
 20
126.0
 30
0.0
 11
205.63
 21
124.27
 31
0.0
  0
LINE
  5
83D
330
17
100
AcDbEntity
  8
LINES
100
AcDbLine
 10
205.77
 20
125.42
 30
0.0
 11
208.65
 21
125.86
 31
0.0
  0
LINE
  5
83E
330
17
100
AcDbEntity
  8
LINES
100
AcDbLine
 10
206.92
 20
125.14
 30
0.0
 11
206.2
 21
121.68
 31
0.0
  0
LINE
  5
83F
330
17
100
AcDbEntity
  8
LINES
100
AcDbLine
 10
206.2
 20
121.97
 30
0.0
 11
208.36
 21
119.81
 31
0.0
  0
LINE
  5
840
330
17
100
AcDbEntity
  8
LINES
100
AcDbLine
 10
208.79
 20
123.55
 30
0.0
 11
205.05
 21
123.12
 31
0.0
  0
LINE
  5
841
330
17
100
AcDbEntity
  8
LINES
100
AcDbLine
 10
209.51
 20
126.0
 30
0.0
 11
210.09
 21
125.28
 31
0.0
  0
LINE
  5
842
330
17
100
AcDbEntity
  8
LINES
100
AcDbLine
 10
209.37
 20
123.84
 30
0.0
 11
210.67
 21
124.7
 31
0.0
  0
LINE
  5
843
330
17
100
AcDbEntity
  8
LINES
100
AcDbLine
 10
210.67
 20
127.15
 30
0.0
 11
210.67
 21
123.12
 31
0.0
  0
LINE
  5
844
330
17
100
AcDbEntity
  8
LINES
100
AcDbLine
 10
210.95
 20
125.42
 30
0.0
 11
212.97
 21
125.71
 31
0.0
  0
LINE
  5
845
330
17
100
AcDbEntity
  8
LINES
100
AcDbLine
 10
211.82
 20
127.3
 30
0.0
 11
211.82
 21
124.13
 31
0.0
  0
LINE
  5
846
330
17
100
AcDbEntity
  8
LINES
100
AcDbLine
 10
211.1
 20
123.98
 30
0.0
 11
212.68
 21
124.13
 31
0.0
  0
LINE
  5
847
330
17
100
AcDbEntity
  8
LINES
100
AcDbLine
 10
211.1
 20
123.55
 30
0.0
 11
211.39
 21
122.98
 31
0.0
  0
LINE
  5
848
330
17
100
AcDbEntity
  8
LINES
100
AcDbLine
 10
209.66
 20
122.54
 30
0.0
 11
212.97
 21
122.98
 31
0.0
  0
LINE
  5
849
330
17
100
AcDbEntity
  8
LINES
100
AcDbLine
 10
210.81
 20
121.68
 30
0.0
 11
210.81
 21
119.81
 31
0.0
  0
LINE
  5
84A
330
17
100
AcDbEntity
  8
LINES
100
AcDbLine
 10
210.52
 20
119.52
 30
0.0
 11
211.53
 21
120.67
 31
0.0
  0
LINE
  5
84B
330
17
100
AcDbEntity
  8
LINES
100
AcDbLine
 10
212.39
 20
122.26
 30
0.0
 11
211.82
 21
121.39
 31
0.0
  0
LINE
  5
84C
330
17
100
AcDbEntity
  8
LINES
100
AcDbLine
 10
217.43
 20
125.57
 30
0.0
 11
213.98
 21
124.99
 31
0.0
  0
LINE
  5
84D
330
17
100
AcDbEntity
  8
LINES
100
AcDbLine
 10
214.84
 20
123.84
 30
0.0
 11
213.69
 21
121.82
 31
0.0
  0
LINE
  5
84E
330
17
100
AcDbEntity
  8
LINES
100
AcDbLine
 10
214.84
 20
123.7
 30
0.0
 11
214.84
 21
119.52
 31
0.0
  0
LINE
  5
84F
330
17
100
AcDbEntity
  8
LINES
100
AcDbLine
 10
217.15
 20
122.83
 30
0.0
 11
215.27
 21
122.54
 31
0.0
  0
LINE
  5
850
330
17
100
AcDbEntity
  8
LINES
100
AcDbLine
 10
214.84
 20
120.24
 30
0.0
 11
217.58
 21
120.67
 31
0.0
  0
LINE
  5
851
330
17
100
AcDbEntity
  8
LINES
100
AcDbLine
 10
216.14
 20
120.38
 30
0.0
 11
216.14
 21
124.85
 31
0.0
  0
LINE
  5
852
330
17
100
AcDbEntity
  8
LINES
100
AcDbLine
 10
214.84
 20
123.84
 30
0.0
 11
215.85
 21
127.15
 31
0.0
  0
LINE
  5
853
330
17
100
AcDbEntity
  8
LINES
100
AcDbLine
 10
218.73
 20
125.28
 30
0.0
 11
221.18
 21
125.42
 31
0.0
  0
LINE
  5
854
330
17
100
AcDbEntity
  8
LINES
100
AcDbLine
 10
218.15
 20
121.1
 30
0.0
 11
221.9
 21
121.39
 31
0.0
  0
LINE
  5
855
330
17
100
AcDbEntity
  8
LINES
100
AcDbLine
 10
222.91
 20
125.71
 30
0.0
 11
223.34
 21
124.42
 31
0.0
  0
LINE
  5
856
330
17
100
AcDbEntity
  8
LINES
100
AcDbLine
 10
224.92
 20
127.01
 30
0.0
 11
223.91
 21
123.41
 31
0.0
  0
LINE
  5
857
330
17
100
AcDbEntity
  8
LINES
100
AcDbLine
 10
226.07
 20
125.14
 30
0.0
 11
225.5
 21
123.55
 31
0.0
  0
LINE
  5
858
330
17
100
AcDbEntity
  8
LINES
100
AcDbLine
 10
225.79
 20
119.66
 30
0.0
 11
226.22
 21
119.66
 31
0.0
  0
LINE
  5
859
330
17
100
AcDbEntity
  8
LINES
100
AcDbLine
 10
224.78
 20
123.84
 30
0.0
 11
224.63
 21
122.83
 31
0.0
  0
LINE
  5
85A
330
17
100
AcDbEntity
  8
LINES
100
AcDbLine
 10
224.63
 20
122.69
 30
0.0
 11
225.79
 21
119.66
 31
0.0
  0
LINE
  5
85B
330
17
100
AcDbEntity
  8
LINES
100
AcDbLine
 10
224.06
 20
120.82
 30
0.0
 11
223.05
 21
119.52
 31
0.0
  0
LINE
  5
85C
330
17
100
AcDbEntity
  8
LINES
100
AcDbLine
 10
224.06
 20
120.82
 30
0.0
 11
224.63
 21
122.83
 31
0.0
  0
LINE
  5
85D
330
17
100
AcDbEntity
  8
LINES
100
AcDbLine
 10
224.35
 20
124.42
 30
0.0
 11
225.93
 21
124.85
 31
0.0
  0
LINE
  5
85E
330
17
100
AcDbEntity
  8
LINES
100
AcDbLine
 10
227.8
 20
124.13
 30
0.0
 11
226.79
 21
123.98
 31
0.0
  0
LINE
  5
85F
330
17
100
AcDbEntity
  8
LINES
100
AcDbLine
 10
227.8
 20
120.96
 30
0.0
 11
227.8
 21
124.56
 31
0.0
  0
LINE
  5
860
330
17
100
AcDbEntity
  8
LINES
100
AcDbLine
 10
228.38
 20
121.97
 30
0.0
 11
227.37
 21
120.24
 31
0.0
  0
LINE
  5
861
330
17
100
AcDbEntity
  8
LINES
100
AcDbLine
 10
227.37
 20
126.58
 30
0.0
 11
227.95
 21
125.42
 31
0.0
  0
LINE
  5
862
330
17
100
AcDbEntity
  8
LINES
100
AcDbLine
 10
228.52
 20
123.41
 30
0.0
 11
229.82
 21
123.55
 31
0.0
  0
LINE
  5
863
330
17
100
AcDbEntity
  8
LINES
100
AcDbLine
 10
229.96
 20
123.84
 30
0.0
 11
229.39
 21
121.82
 31
0.0
  0
LINE
  5
864
330
17
100
AcDbEntity
  8
LINES
100
AcDbLine
 10
228.81
 20
126.86
 30
0.0
 11
228.81
 21
125.28
 31
0.0
  0
LINE
  5
865
330
17
100
AcDbEntity
  8
LINES
100
AcDbLine
 10
228.81
 20
126.43
 30
0.0
 11
229.53
 21
126.58
 31
0.0
  0
LINE
  5
866
330
17
100
AcDbEntity
  8
LINES
100
AcDbLine
 10
232.84
 20
127.01
 30
0.0
 11
232.12
 21
125.71
 31
0.0
  0
LINE
  5
867
330
17
100
AcDbEntity
  8
LINES
100
AcDbLine
 10
233.13
 20
122.83
 30
0.0
 11
233.13
 21
120.38
 31
0.0
  0
LINE
  5
868
330
17
100
AcDbEntity
  8
LINES
100
AcDbLine
 10
232.41
 20
121.54
 30
0.0
 11
233.71
 21
121.68
 31
0.0
  0
LINE
  5
869
330
17
100
AcDbEntity
  8
LINES
100
AcDbLine
 10
233.99
 20
120.38
 30
0.0
 11
232.27
 21
120.1
 31
0.0
  0
LINE
  5
86A
330
17
100
AcDbEntity
  8
LINES
100
AcDbLine
 10
234.14
 20
123.12
 30
0.0
 11
233.99
 21
119.81
 31
0.0
  0
LINE
  5
86B
330
17
100
AcDbEntity
  8
LINES
100
AcDbLine
 10
232.27
 20
122.69
 30
0.0
 11
233.99
 21
122.98
 31
0.0
  0
LINE
  5
86C
330
17
100
AcDbEntity
  8
LINES
100
AcDbLine
 10
232.27
 20
123.12
 30
0.0
 11
232.27
 21
119.81
 31
0.0
  0
LINE
  5
86D
330
17
100
AcDbEntity
  8
LINES
100
AcDbLine
 10
232.27
 20
125.86
 30
0.0
 11
233.99
 21
126.14
 31
0.0
  0
LINE
  5
86E
330
17
100
AcDbEntity
  8
LINES
100
AcDbLine
 10
232.12
 20
125.71
 30
0.0
 11
231.4
 21
124.13
 31
0.0
  0
LINE
  5
86F
330
17
100
AcDbEntity
  8
LINES
100
AcDbLine
 10
237.16
 20
127.15
 30
0.0
 11
237.59
 21
126.43
 31
0.0
  0
LINE
  5
870
330
17
100
AcDbEntity
  8
LINES
100
AcDbLine
 10
236.15
 20
125.71
 30
0.0
 11
239.18
 21
126.0
 31
0.0
  0
LINE
  5
871
330
17
100
AcDbEntity
  8
LINES
100
AcDbLine
 10
236.15
 20
126.29
 30
0.0
 11
236.01
 21
124.56
 31
0.0
  0
LINE
  5
872
330
17
100
AcDbEntity
  8
LINES
100
AcDbLine
 10
239.18
 20
126.29
 30
0.0
 11
238.75
 21
124.85
 31
0.0
  0
LINE
  5
873
330
17
100
AcDbEntity
  8
LINES
100
AcDbLine
 10
236.44
 20
124.27
 30
0.0
 11
238.46
 21
124.56
 31
0.0
  0
LINE
  5
874
330
17
100
AcDbEntity
  8
LINES
100
AcDbLine
 10
237.74
 20
123.84
 30
0.0
 11
238.75
 21
122.54
 31
0.0
  0
LINE
  5
875
330
17
100
AcDbEntity
  8
LINES
100
AcDbLine
 10
236.44
 20
122.69
 30
0.0
 11
238.46
 21
122.98
 31
0.0
  0
LINE
  5
876
330
17
100
AcDbEntity
  8
LINES
100
AcDbLine
 10
235.72
 20
119.81
 30
0.0
 11
239.03
 21
120.1
 31
0.0
  0
LINE
  5
877
330
17
100
AcDbEntity
  8
LINES
100
AcDbLine
 10
237.31
 20
124.13
 30
0.0
 11
236.59
 21
122.69
 31
0.0
  0
LINE
  5
878
330
17
100
AcDbEntity
  8
LINES
100
AcDbLine
 10
237.45
 20
122.4
 30
0.0
 11
237.45
 21
119.95
 31
0.0
  0
LINE
  5
879
330
17
100
AcDbEntity
  8
LINES
100
AcDbLine
 10
236.3
 20
121.25
 30
0.0
 11
238.6
 21
121.54
 31
0.0
  0
LINE
  5
87A
330
17
100
AcDbEntity
  8
LINES
100
AcDbLine
 10
240.47
 20
125.42
 30
0.0
 11
240.47
 21
119.66
 31
0.0
  0
LINE
  5
87B
330
17
100
AcDbEntity
  8
LINES
100
AcDbLine
 10
241.63
 20
123.55
 30
0.0
 11
242.63
 21
121.82
 31
0.0
  0
LINE
  5
87C
330
17
100
AcDbEntity
  8
LINES
100
AcDbLine
 10
240.47
 20
124.7
 30
0.0
 11
243.21
 21
124.99
 31
0.0
  0
LINE
  5
87D
330
17
100
AcDbEntity
  8
LINES
100
AcDbLine
 10
241.77
 20
127.3
 30
0.0
 11
241.77
 21
124.85
 31
0.0
  0
LINE
  5
87E
330
17
100
AcDbEntity
  8
LINES
100
AcDbLine
 10
244.79
 20
121.97
 30
0.0
 11
244.79
 21
122.11
 31
0.0
  0
LINE
  5
87F
330
17
100
AcDbEntity
  8
LINES
100
AcDbLine
 10
244.79
 20
121.97
 30
0.0
 11
244.79
 21
121.68
 31
0.0
  0
LINE
  5
880
330
17
100
AcDbEntity
  8
LINES
100
AcDbLine
 10
244.79
 20
121.97
 30
0.0
 11
244.65
 21
121.97
 31
0.0
  0
LINE
  5
881
330
17
100
AcDbEntity
  8
LINES
100
AcDbLine
 10
250.55
 20
127.15
 30
0.0
 11
250.55
 21
123.98
 31
0.0
  0
LINE
  5
882
330
17
100
AcDbEntity
  8
LINES
100
AcDbLine
 10
252.14
 20
124.13
 30
0.0
 11
248.83
 21
123.7
 31
0.0
  0
LINE
  5
883
330
17
100
AcDbEntity
  8
LINES
100
AcDbLine
 10
252.14
 20
119.81
 30
0.0
 11
251.99
 21
121.54
 31
0.0
  0
LINE
  5
884
330
17
100
AcDbEntity
  8
LINES
100
AcDbLine
 10
249.83
 20
124.7
 30
0.0
 11
249.4
 21
126.0
 31
0.0
  0
LINE
  5
885
330
17
100
AcDbEntity
  8
LINES
100
AcDbLine
 10
250.84
 20
124.27
 30
0.0
 11
251.56
 21
126.14
 31
0.0
  0
LINE
  5
886
330
17
100
AcDbEntity
  8
LINES
100
AcDbLine
 10
254.01
 20
126.86
 30
0.0
 11
253.15
 21
124.13
 31
0.0
  0
LINE
  5
887
330
17
100
AcDbEntity
  8
LINES
100
AcDbLine
 10
253.0
 20
120.38
 30
0.0
 11
254.44
 21
121.54
 31
0.0
  0
LINE
  5
888
330
17
100
AcDbEntity
  8
LINES
100
AcDbLine
 10
253.15
 20
122.11
 30
0.0
 11
254.44
 21
122.69
 31
0.0
  0
LINE
  5
889
330
17
100
AcDbEntity
  8
LINES
100
AcDbLine
 10
254.44
 20
124.99
 30
0.0
 11
253.29
 21
122.26
 31
0.0
  0
LINE
  5
88A
330
17
100
AcDbEntity
  8
LINES
100
AcDbLine
 10
253.0
 20
123.98
 30
0.0
 11
254.15
 21
124.56
 31
0.0
  0
LINE
  5
88B
330
17
100
AcDbEntity
  8
LINES
100
AcDbLine
 10
256.46
 20
126.43
 30
0.0
 11
254.73
 21
125.42
 31
0.0
  0
LINE
  5
88C
330
17
100
AcDbEntity
  8
LINES
100
AcDbLine
 10
254.44
 20
123.41
 30
0.0
 11
256.75
 21
123.7
 31
0.0
  0
LINE
  5
88D
330
17
100
AcDbEntity
  8
LINES
100
AcDbLine
 10
255.59
 20
126.0
 30
0.0
 11
255.59
 21
119.66
 31
0.0
  0
LINE
  5
88E
330
17
100
AcDbEntity
  8
LINES
100
AcDbLine
 10
257.32
 20
126.29
 30
0.0
 11
259.48
 21
126.72
 31
0.0
  0
LINE
  5
88F
330
17
100
AcDbEntity
  8
LINES
100
AcDbLine
 10
260.63
 20
123.98
 30
0.0
 11
259.48
 21
123.84
 31
0.0
  0
LINE
  5
890
330
17
100
AcDbEntity
  8
LINES
100
AcDbLine
 10
260.63
 20
126.29
 30
0.0
 11
260.49
 21
123.98
 31
0.0
  0
LINE
  5
891
330
17
100
AcDbEntity
  8
LINES
100
AcDbLine
 10
259.48
 20
125.86
 30
0.0
 11
260.49
 21
126.0
 31
0.0
  0
LINE
  5
892
330
17
100
AcDbEntity
  8
LINES
100
AcDbLine
 10
258.47
 20
126.43
 30
0.0
 11
258.47
 21
123.12
 31
0.0
  0
LINE
  5
893
330
17
100
AcDbEntity
  8
LINES
100
AcDbLine
 10
257.9
 20
122.11
 30
0.0
 11
258.47
 21
122.26
 31
0.0
  0
LINE
  5
894
330
17
100
AcDbEntity
  8
LINES
100
AcDbLine
 10
257.61
 20
121.1
 30
0.0
 11
258.76
 21
121.39
 31
0.0
  0
LINE
  5
895
330
17
100
AcDbEntity
  8
LINES
100
AcDbLine
 10
259.05
 20
125.42
 30
0.0
 11
258.91
 21
120.38
 31
0.0
  0
LINE
  5
896
330
17
100
AcDbEntity
  8
LINES
100
AcDbLine
 10
257.61
 20
124.99
 30
0.0
 11
258.91
 21
125.28
 31
0.0
  0
LINE
  5
897
330
17
100
AcDbEntity
  8
LINES
100
AcDbLine
 10
257.61
 20
125.42
 30
0.0
 11
257.61
 21
120.53
 31
0.0
  0
LINE
  5
898
330
17
100
AcDbEntity
  8
LINES
100
AcDbLine
 10
258.47
 20
123.12
 30
0.0
 11
258.76
 21
123.12
 31
0.0
  0
LINE
  5
899
330
17
100
AcDbEntity
  8
LINES
100
AcDbLine
 10
262.94
 20
122.98
 30
0.0
 11
261.64
 21
122.4
 31
0.0
  0
LINE
  5
89A
330
17
100
AcDbEntity
  8
LINES
100
AcDbLine
 10
262.94
 20
125.28
 30
0.0
 11
261.79
 21
122.4
 31
0.0
  0
LINE
  5
89B
330
17
100
AcDbEntity
  8
LINES
100
AcDbLine
 10
261.64
 20
124.13
 30
0.0
 11
262.65
 21
124.56
 31
0.0
  0
LINE
  5
89C
330
17
100
AcDbEntity
  8
LINES
100
AcDbLine
 10
261.64
 20
120.82
 30
0.0
 11
263.08
 21
121.68
 31
0.0
  0
LINE
  5
89D
330
17
100
AcDbEntity
  8
LINES
100
AcDbLine
 10
262.51
 20
126.72
 30
0.0
 11
261.64
 21
124.13
 31
0.0
  0
LINE
  5
89E
330
17
100
AcDbEntity
  8
LINES
100
AcDbLine
 10
263.23
 20
124.56
 30
0.0
 11
264.81
 21
125.42
 31
0.0
  0
LINE
  5
89F
330
17
100
AcDbEntity
  8
LINES
100
AcDbLine
 10
263.23
 20
123.12
 30
0.0
 11
264.95
 21
123.98
 31
0.0
  0
LINE
  5
8A0
330
17
100
AcDbEntity
  8
LINES
100
AcDbLine
 10
264.23
 20
126.72
 30
0.0
 11
264.81
 21
126.0
 31
0.0
  0
LINE
  5
8A1
330
17
100
AcDbEntity
  8
LINES
100
AcDbLine
 10
267.26
 20
127.15
 30
0.0
 11
266.97
 21
125.42
 31
0.0
  0
LINE
  5
8A2
330
17
100
AcDbEntity
  8
LINES
100
AcDbLine
 10
268.27
 20
126.0
 30
0.0
 11
268.27
 21
123.55
 31
0.0
  0
LINE
  5
8A3
330
17
100
AcDbEntity
  8
LINES
100
AcDbLine
 10
268.27
 20
125.57
 30
0.0
 11
269.27
 21
125.71
 31
0.0
  0
LINE
  5
8A4
330
17
100
AcDbEntity
  8
LINES
100
AcDbLine
 10
269.27
 20
126.0
 30
0.0
 11
269.13
 21
124.13
 31
0.0
  0
LINE
  5
8A5
330
17
100
AcDbEntity
  8
LINES
100
AcDbLine
 10
269.27
 20
124.13
 30
0.0
 11
268.27
 21
123.98
 31
0.0
  0
LINE
  5
8A6
330
17
100
AcDbEntity
  8
LINES
100
AcDbLine
 10
266.39
 20
122.26
 30
0.0
 11
269.42
 21
122.69
 31
0.0
  0
LINE
  5
8A7
330
17
100
AcDbEntity
  8
LINES
100
AcDbLine
 10
267.83
 20
123.55
 30
0.0
 11
267.83
 21
119.52
 31
0.0
  0
LINE
  5
8A8
330
17
100
AcDbEntity
  8
LINES
100
AcDbLine
 10
267.83
 20
122.4
 30
0.0
 11
266.11
 21
119.81
 31
0.0
  0
LINE
  5
8A9
330
17
100
AcDbEntity
  8
LINES
100
AcDbLine
 10
266.25
 20
125.42
 30
0.0
 11
267.83
 21
125.71
 31
0.0
  0
LINE
  5
8AA
330
17
100
AcDbEntity
  8
LINES
100
AcDbLine
 10
272.87
 20
125.42
 30
0.0
 11
272.73
 21
123.98
 31
0.0
  0
LINE
  5
8AB
330
17
100
AcDbEntity
  8
LINES
100
AcDbLine
 10
271.72
 20
125.28
 30
0.0
 11
272.01
 21
124.13
 31
0.0
  0
LINE
  5
8AC
330
17
100
AcDbEntity
  8
LINES
100
AcDbLine
 10
272.87
 20
123.98
 30
0.0
 11
272.87
 21
119.81
 31
0.0
  0
LINE
  5
8AD
330
17
100
AcDbEntity
  8
LINES
100
AcDbLine
 10
271.29
 20
122.4
 30
0.0
 11
274.03
 21
122.69
 31
0.0
  0
LINE
  5
8AE
330
17
100
AcDbEntity
  8
LINES
100
AcDbLine
 10
271.43
 20
123.84
 30
0.0
 11
273.59
 21
124.13
 31
0.0
  0
LINE
  5
8AF
330
17
100
AcDbEntity
  8
LINES
100
AcDbLine
 10
273.16
 20
125.71
 30
0.0
 11
273.31
 21
127.01
 31
0.0
  0
LINE
  5
8B0
330
17
100
AcDbEntity
  8
LINES
100
AcDbLine
 10
271.29
 20
125.42
 30
0.0
 11
273.45
 21
125.71
 31
0.0
  0
LINE
  5
8B1
330
17
100
AcDbEntity
  8
LINES
100
AcDbLine
 10
271.29
 20
126.43
 30
0.0
 11
273.31
 21
126.72
 31
0.0
  0
LINE
  5
8B2
330
17
100
AcDbEntity
  8
LINES
100
AcDbLine
 10
278.06
 20
124.27
 30
0.0
 11
276.76
 21
124.13
 31
0.0
  0
LINE
  5
8B3
330
17
100
AcDbEntity
  8
LINES
100
AcDbLine
 10
278.06
 20
122.26
 30
0.0
 11
278.06
 21
124.56
 31
0.0
  0
LINE
  5
8B4
330
17
100
AcDbEntity
  8
LINES
100
AcDbLine
 10
276.76
 20
122.11
 30
0.0
 11
278.06
 21
122.26
 31
0.0
  0
LINE
  5
8B5
330
17
100
AcDbEntity
  8
LINES
100
AcDbLine
 10
276.62
 20
120.1
 30
0.0
 11
278.49
 21
120.24
 31
0.0
  0
LINE
  5
8B6
330
17
100
AcDbEntity
  8
LINES
100
AcDbLine
 10
276.76
 20
126.58
 30
0.0
 11
276.76
 21
120.1
 31
0.0
  0
LINE
  5
8B7
330
17
100
AcDbEntity
  8
LINES
100
AcDbLine
 10
278.35
 20
126.14
 30
0.0
 11
276.76
 21
125.86
 31
0.0
  0
LINE
  5
8B8
330
17
100
AcDbEntity
  8
LINES
100
AcDbLine
 10
275.75
 20
124.42
 30
0.0
 11
276.47
 21
123.41
 31
0.0
  0
LINE
  5
8B9
330
17
100
AcDbEntity
  8
LINES
100
AcDbLine
 10
276.47
 20
125.28
 30
0.0
 11
274.89
 21
124.85
 31
0.0
  0
LINE
  5
8BA
330
17
100
AcDbEntity
  8
LINES
100
AcDbLine
 10
274.75
 20
121.68
 30
0.0
 11
275.75
 21
124.99
 31
0.0
  0
LINE
  5
8BB
330
17
100
AcDbEntity
  8
LINES
100
AcDbLine
 10
275.75
 20
127.3
 30
0.0
 11
275.75
 21
119.52
 31
0.0
  0
LINE
  5
8BC
330
17
100
AcDbEntity
  8
LINES
100
AcDbLine
 10
280.22
 20
123.7
 30
0.0
 11
282.09
 21
123.98
 31
0.0
  0
LINE
  5
8BD
330
17
100
AcDbEntity
  8
LINES
100
AcDbLine
 10
281.95
 20
123.98
 30
0.0
 11
282.23
 21
126.86
 31
0.0
  0
LINE
  5
8BE
330
17
100
AcDbEntity
  8
LINES
100
AcDbLine
 10
282.09
 20
126.58
 30
0.0
 11
280.22
 21
126.29
 31
0.0
  0
LINE
  5
8BF
330
17
100
AcDbEntity
  8
LINES
100
AcDbLine
 10
284.97
 20
122.26
 30
0.0
 11
284.54
 21
123.98
 31
0.0
  0
LINE
  5
8C0
330
17
100
AcDbEntity
  8
LINES
100
AcDbLine
 10
283.39
 20
124.42
 30
0.0
 11
287.27
 21
124.99
 31
0.0
  0
LINE
  5
8C1
330
17
100
AcDbEntity
  8
LINES
100
AcDbLine
 10
289.58
 20
123.12
 30
0.0
 11
291.16
 21
123.41
 31
0.0
  0
LINE
  5
8C2
330
17
100
AcDbEntity
  8
LINES
100
AcDbLine
 10
290.44
 20
127.3
 30
0.0
 11
290.44
 21
120.82
 31
0.0
  0
LINE
  5
8C3
330
17
100
AcDbEntity
  8
LINES
100
AcDbLine
 10
289.29
 20
124.99
 30
0.0
 11
291.59
 21
125.42
 31
0.0
  0
LINE
  5
8C4
330
17
100
AcDbEntity
  8
LINES
100
AcDbLine
 10
291.16
 20
126.29
 30
0.0
 11
289.58
 21
126.0
 31
0.0
  0
LINE
  5
8C5
330
17
100
AcDbEntity
  8
LINES
100
AcDbLine
 10
291.02
 20
124.27
 30
0.0
 11
291.16
 21
126.58
 31
0.0
  0
LINE
  5
8C6
330
17
100
AcDbEntity
  8
LINES
100
AcDbLine
 10
287.99
 20
122.54
 30
0.0
 11
291.02
 21
119.66
 31
0.0
  0
LINE
  5
8C7
330
17
100
AcDbEntity
  8
LINES
100
AcDbLine
 10
288.14
 20
126.0
 30
0.0
 11
289.15
 21
126.29
 31
0.0
  0
LINE
  5
8C8
330
17
100
AcDbEntity
  8
LINES
100
AcDbLine
 10
288.57
 20
123.84
 30
0.0
 11
289.15
 21
126.43
 31
0.0
  0
LINE
  5
8C9
330
17
100
AcDbEntity
  8
LINES
100
AcDbLine
 10
288.28
 20
123.84
 30
0.0
 11
289.29
 21
124.13
 31
0.0
  0
LINE
  5
8CA
330
17
100
AcDbEntity
  8
LINES
100
AcDbLine
 10
291.02
 20
119.66
 30
0.0
 11
291.59
 21
119.81
 31
0.0
  0
LINE
  5
8CB
330
17
100
AcDbEntity
  8
LINES
100
AcDbLine
 10
289.72
 20
123.98
 30
0.0
 11
291.16
 21
124.13
 31
0.0
  0
LINE
  5
8CC
330
17
100
AcDbEntity
  8
LINES
100
AcDbLine
 10
291.45
 20
122.54
 30
0.0
 11
289.43
 21
122.26
 31
0.0
  0
LINE
  5
8CD
330
17
100
AcDbEntity
  8
LINES
100
AcDbLine
 10
295.05
 20
120.38
 30
0.0
 11
293.75
 21
125.71
 31
0.0
  0
LINE
  5
8CE
330
17
100
AcDbEntity
  8
LINES
100
AcDbLine
 10
295.05
 20
120.38
 30
0.0
 11
295.91
 21
120.38
 31
0.0
  0
LINE
  5
8CF
330
17
100
AcDbEntity
  8
LINES
100
AcDbLine
 10
294.19
 20
127.15
 30
0.0
 11
294.47
 21
125.57
 31
0.0
  0
LINE
  5
8D0
330
17
100
AcDbEntity
  8
LINES
100
AcDbLine
 10
292.75
 20
120.38
 30
0.0
 11
293.75
 21
121.97
 31
0.0
  0
LINE
  5
8D1
330
17
100
AcDbEntity
  8
LINES
100
AcDbLine
 10
292.6
 20
126.72
 30
0.0
 11
293.18
 21
125.42
 31
0.0
  0
LINE
  5
8D2
330
17
100
AcDbEntity
  8
LINES
100
AcDbLine
 10
293.03
 20
124.42
 30
0.0
 11
293.03
 21
120.82
 31
0.0
  0
LINE
  5
8D3
330
17
100
AcDbEntity
  8
LINES
100
AcDbLine
 10
293.03
 20
124.13
 30
0.0
 11
292.17
 21
123.98
 31
0.0
  0
LINE
  5
8D4
330
17
100
AcDbEntity
  8
LINES
100
AcDbLine
 10
294.33
 20
121.97
 30
0.0
 11
293.32
 21
119.81
 31
0.0
  0
LINE
  5
8D5
330
17
100
AcDbEntity
  8
LINES
100
AcDbLine
 10
298.36
 20
123.55
 30
0.0
 11
296.49
 21
120.53
 31
0.0
  0
LINE
  5
8D6
330
17
100
AcDbEntity
  8
LINES
100
AcDbLine
 10
298.36
 20
124.56
 30
0.0
 11
298.36
 21
119.66
 31
0.0
  0
LINE
  5
8D7
330
17
100
AcDbEntity
  8
LINES
100
AcDbLine
 10
296.49
 20
123.26
 30
0.0
 11
300.23
 21
123.84
 31
0.0
  0
LINE
  5
8D8
330
17
100
AcDbEntity
  8
LINES
100
AcDbLine
 10
299.51
 20
126.29
 30
0.0
 11
298.94
 21
124.42
 31
0.0
  0
LINE
  5
8D9
330
17
100
AcDbEntity
  8
LINES
100
AcDbLine
 10
298.22
 20
126.0
 30
0.0
 11
298.51
 21
124.85
 31
0.0
  0
LINE
  5
8DA
330
17
100
AcDbEntity
  8
LINES
100
AcDbLine
 10
297.5
 20
125.71
 30
0.0
 11
297.64
 21
124.56
 31
0.0
  0
LINE
  5
8DB
330
17
100
AcDbEntity
  8
LINES
100
AcDbLine
 10
299.51
 20
127.15
 30
0.0
 11
297.07
 21
125.86
 31
0.0
  0
LINE
  5
8DC
330
17
100
AcDbEntity
  8
LINES
100
AcDbLine
 10
302.11
 20
124.42
 30
0.0
 11
303.98
 21
124.85
 31
0.0
  0
LINE
  5
8DD
330
17
100
AcDbEntity
  8
LINES
100
AcDbLine
 10
303.98
 20
123.12
 30
0.0
 11
302.11
 21
122.98
 31
0.0
  0
LINE
  5
8DE
330
17
100
AcDbEntity
  8
LINES
100
AcDbLine
 10
302.97
 20
120.38
 30
0.0
 11
302.97
 21
126.29
 31
0.0
  0
LINE
  5
8DF
330
17
100
AcDbEntity
  8
LINES
100
AcDbLine
 10
301.82
 20
126.29
 30
0.0
 11
304.27
 21
126.72
 31
0.0
  0
LINE
  5
8E0
330
17
100
AcDbEntity
  8
LINES
100
AcDbLine
 10
329.75
 20
119.66
 30
0.0
 11
329.75
 21
124.99
 31
0.0
  0
LINE
  5
8E1
330
17
100
AcDbEntity
  8
LINES
100
AcDbLine
 10
339.11
 20
119.66
 30
0.0
 11
339.11
 21
124.99
 31
0.0
  0
LINE
  5
8E2
330
17
100
AcDbEntity
  8
LINES
100
AcDbLine
 10
349.05
 20
120.67
 30
0.0
 11
351.79
 21
126.43
 31
0.0
  0
LINE
  5
8E3
330
17
100
AcDbEntity
  8
LINES
100
AcDbLine
 10
349.05
 20
126.14
 30
0.0
 11
351.79
 21
120.53
 31
0.0
  0
LINE
  5
8E4
330
17
100
AcDbEntity
  8
LINES
100
AcDbLine
 10
371.37
 20
119.66
 30
0.0
 11
371.37
 21
124.99
 31
0.0
  0
LINE
  5
8E5
330
17
100
AcDbEntity
  8
LINES
100
AcDbLine
 10
380.73
 20
119.66
 30
0.0
 11
380.73
 21
124.99
 31
0.0
  0
LINE
  5
8E6
330
17
100
AcDbEntity
  8
LINES
100
AcDbLine
 10
395.42
 20
125.86
 30
0.0
 11
398.15
 21
126.29
 31
0.0
  0
LINE
  5
8E7
330
17
100
AcDbEntity
  8
LINES
100
AcDbLine
 10
395.42
 20
126.29
 30
0.0
 11
395.27
 21
124.56
 31
0.0
  0
LINE
  5
8E8
330
17
100
AcDbEntity
  8
LINES
100
AcDbLine
 10
398.3
 20
126.43
 30
0.0
 11
398.01
 21
125.14
 31
0.0
  0
LINE
  5
8E9
330
17
100
AcDbEntity
  8
LINES
100
AcDbLine
 10
396.43
 20
127.15
 30
0.0
 11
397.0
 21
126.43
 31
0.0
  0
LINE
  5
8EA
330
17
100
AcDbEntity
  8
LINES
100
AcDbLine
 10
396.28
 20
125.57
 30
0.0
 11
396.28
 21
123.84
 31
0.0
  0
LINE
  5
8EB
330
17
100
AcDbEntity
  8
LINES
100
AcDbLine
 10
397.15
 20
125.71
 30
0.0
 11
397.0
 21
123.84
 31
0.0
  0
LINE
  5
8EC
330
17
100
AcDbEntity
  8
LINES
100
AcDbLine
 10
395.42
 20
124.56
 30
0.0
 11
398.01
 21
124.85
 31
0.0
  0
LINE
  5
8ED
330
17
100
AcDbEntity
  8
LINES
100
AcDbLine
 10
395.85
 20
123.84
 30
0.0
 11
395.85
 21
121.25
 31
0.0
  0
LINE
  5
8EE
330
17
100
AcDbEntity
  8
LINES
100
AcDbLine
 10
395.85
 20
123.26
 30
0.0
 11
397.43
 21
123.41
 31
0.0
  0
LINE
  5
8EF
330
17
100
AcDbEntity
  8
LINES
100
AcDbLine
 10
397.58
 20
123.55
 30
0.0
 11
397.43
 21
120.82
 31
0.0
  0
LINE
  5
8F0
330
17
100
AcDbEntity
  8
LINES
100
AcDbLine
 10
403.77
 20
120.67
 30
0.0
 11
406.65
 21
126.43
 31
0.0
  0
LINE
  5
8F1
330
17
100
AcDbEntity
  8
LINES
100
AcDbLine
 10
403.77
 20
126.14
 30
0.0
 11
406.65
 21
120.53
 31
0.0
  0
LINE
  5
8F2
330
17
100
AcDbEntity
  8
LINES
100
AcDbLine
 10
426.09
 20
119.66
 30
0.0
 11
426.09
 21
124.99
 31
0.0
  0
LINE
  5
8F3
330
17
100
AcDbEntity
  8
LINES
100
AcDbLine
 10
435.45
 20
119.66
 30
0.0
 11
435.45
 21
124.99
 31
0.0
  0
LINE
  5
8F4
330
17
100
AcDbEntity
  8
LINES
100
AcDbLine
 10
445.67
 20
121.97
 30
0.0
 11
445.67
 21
122.11
 31
0.0
  0
LINE
  5
8F5
330
17
100
AcDbEntity
  8
LINES
100
AcDbLine
 10
445.67
 20
121.97
 30
0.0
 11
445.67
 21
121.68
 31
0.0
  0
LINE
  5
8F6
330
17
100
AcDbEntity
  8
LINES
100
AcDbLine
 10
445.82
 20
121.97
 30
0.0
 11
445.67
 21
121.97
 31
0.0
  0
LINE
  5
8F7
330
17
100
AcDbEntity
  8
LINES
100
AcDbLine
 10
450.57
 20
127.01
 30
0.0
 11
450.57
 21
123.12
 31
0.0
  0
LINE
  5
8F8
330
17
100
AcDbEntity
  8
LINES
100
AcDbLine
 10
449.56
 20
124.56
 30
0.0
 11
451.58
 21
124.99
 31
0.0
  0
LINE
  5
8F9
330
17
100
AcDbEntity
  8
LINES
100
AcDbLine
 10
451.29
 20
126.58
 30
0.0
 11
451.0
 21
124.85
 31
0.0
  0
LINE
  5
8FA
330
17
100
AcDbEntity
  8
LINES
100
AcDbLine
 10
449.85
 20
126.29
 30
0.0
 11
450.28
 21
125.14
 31
0.0
  0
LINE
  5
8FB
330
17
100
AcDbEntity
  8
LINES
100
AcDbLine
 10
450.57
 20
124.7
 30
0.0
 11
449.42
 21
122.4
 31
0.0
  0
LINE
  5
8FC
330
17
100
AcDbEntity
  8
LINES
100
AcDbLine
 10
450.57
 20
124.56
 30
0.0
 11
451.29
 21
123.41
 31
0.0
  0
LINE
  5
8FD
330
17
100
AcDbEntity
  8
LINES
100
AcDbLine
 10
449.56
 20
121.97
 30
0.0
 11
451.0
 21
122.4
 31
0.0
  0
LINE
  5
8FE
330
17
100
AcDbEntity
  8
LINES
100
AcDbLine
 10
451.72
 20
124.42
 30
0.0
 11
453.02
 21
124.56
 31
0.0
  0
LINE
  5
8FF
330
17
100
AcDbEntity
  8
LINES
100
AcDbLine
 10
457.19
 20
121.97
 30
0.0
 11
456.04
 21
121.68
 31
0.0
  0
LINE
  5
900
330
17
100
AcDbEntity
  8
LINES
100
AcDbLine
 10
456.47
 20
124.7
 30
0.0
 11
456.47
 21
121.82
 31
0.0
  0
LINE
  5
901
330
17
100
AcDbEntity
  8
LINES
100
AcDbLine
 10
457.05
 20
126.29
 30
0.0
 11
455.75
 21
125.86
 31
0.0
  0
LINE
  5
902
330
17
100
AcDbEntity
  8
LINES
100
AcDbLine
 10
456.91
 20
124.85
 30
0.0
 11
457.05
 21
126.43
 31
0.0
  0
LINE
  5
903
330
17
100
AcDbEntity
  8
LINES
100
AcDbLine
 10
457.05
 20
124.85
 30
0.0
 11
455.75
 21
124.56
 31
0.0
  0
LINE
  5
904
330
17
100
AcDbEntity
  8
LINES
100
AcDbLine
 10
455.61
 20
123.12
 30
0.0
 11
457.48
 21
123.55
 31
0.0
  0
LINE
  5
905
330
17
100
AcDbEntity
  8
LINES
100
AcDbLine
 10
457.05
 20
120.24
 30
0.0
 11
457.19
 21
122.11
 31
0.0
  0
LINE
  5
906
330
17
100
AcDbEntity
  8
LINES
100
AcDbLine
 10
456.04
 20
120.1
 30
0.0
 11
457.19
 21
120.24
 31
0.0
  0
LINE
  5
907
330
17
100
AcDbEntity
  8
LINES
100
AcDbLine
 10
456.04
 20
122.11
 30
0.0
 11
456.04
 21
119.66
 31
0.0
  0
LINE
  5
908
330
17
100
AcDbEntity
  8
LINES
100
AcDbLine
 10
455.47
 20
123.84
 30
0.0
 11
454.17
 21
122.54
 31
0.0
  0
LINE
  5
909
330
17
100
AcDbEntity
  8
LINES
100
AcDbLine
 10
454.31
 20
124.56
 30
0.0
 11
455.61
 21
124.99
 31
0.0
  0
LINE
  5
90A
330
17
100
AcDbEntity
  8
LINES
100
AcDbLine
 10
460.65
 20
125.14
 30
0.0
 11
460.65
 21
121.25
 31
0.0
  0
LINE
  5
90B
330
17
100
AcDbEntity
  8
LINES
100
AcDbLine
 10
460.22
 20
122.69
 30
0.0
 11
461.23
 21
122.98
 31
0.0
  0
LINE
  5
90C
330
17
100
AcDbEntity
  8
LINES
100
AcDbLine
 10
460.22
 20
123.84
 30
0.0
 11
461.08
 21
123.98
 31
0.0
  0
LINE
  5
90D
330
17
100
AcDbEntity
  8
LINES
100
AcDbLine
 10
460.36
 20
126.0
 30
0.0
 11
460.79
 21
125.28
 31
0.0
  0
LINE
  5
90E
330
17
100
AcDbEntity
  8
LINES
100
AcDbLine
 10
459.93
 20
124.99
 30
0.0
 11
461.66
 21
125.28
 31
0.0
  0
LINE
  5
90F
330
17
100
AcDbEntity
  8
LINES
100
AcDbLine
 10
459.93
 20
125.42
 30
0.0
 11
459.93
 21
121.39
 31
0.0
  0
LINE
  5
910
330
17
100
AcDbEntity
  8
LINES
100
AcDbLine
 10
458.2
 20
123.84
 30
0.0
 11
459.35
 21
124.13
 31
0.0
  0
LINE
  5
911
330
17
100
AcDbEntity
  8
LINES
100
AcDbLine
 10
458.78
 20
126.43
 30
0.0
 11
459.35
 21
125.42
 31
0.0
  0
LINE
  5
912
330
17
100
AcDbEntity
  8
LINES
100
AcDbLine
 10
461.51
 20
127.15
 30
0.0
 11
460.65
 21
125.71
 31
0.0
  0
LINE
  5
913
330
17
100
AcDbEntity
  8
LINES
100
AcDbLine
 10
459.93
 20
126.58
 30
0.0
 11
461.23
 21
126.86
 31
0.0
  0
LINE
  5
914
330
17
100
AcDbEntity
  8
LINES
100
AcDbLine
 10
461.66
 20
119.81
 30
0.0
 11
462.09
 21
120.1
 31
0.0
  0
LINE
  5
915
330
17
100
AcDbEntity
  8
LINES
100
AcDbLine
 10
464.25
 20
120.24
 30
0.0
 11
465.55
 21
120.38
 31
0.0
  0
LINE
  5
916
330
17
100
AcDbEntity
  8
LINES
100
AcDbLine
 10
465.69
 20
122.4
 30
0.0
 11
465.55
 21
120.38
 31
0.0
  0
LINE
  5
917
330
17
100
AcDbEntity
  8
LINES
100
AcDbLine
 10
464.25
 20
122.4
 30
0.0
 11
464.25
 21
119.66
 31
0.0
  0
LINE
  5
918
330
17
100
AcDbEntity
  8
LINES
100
AcDbLine
 10
463.67
 20
125.28
 30
0.0
 11
466.27
 21
125.57
 31
0.0
  0
LINE
  5
919
330
17
100
AcDbEntity
  8
LINES
100
AcDbLine
 10
464.68
 20
127.3
 30
0.0
 11
465.26
 21
125.86
 31
0.0
  0
LINE
  5
91A
330
17
100
AcDbEntity
  8
LINES
100
AcDbLine
 10
463.82
 20
127.3
 30
0.0
 11
462.38
 21
123.41
 31
0.0
  0
LINE
  5
91B
330
17
100
AcDbEntity
  8
LINES
100
AcDbLine
 10
463.24
 20
125.71
 30
0.0
 11
463.24
 21
119.66
 31
0.0
  0
LINE
  5
91C
330
17
100
AcDbEntity
  8
LINES
100
AcDbLine
 10
464.25
 20
124.13
 30
0.0
 11
465.69
 21
124.42
 31
0.0
  0
LINE
  5
91D
330
17
100
AcDbEntity
  8
LINES
100
AcDbLine
 10
465.83
 20
123.26
 30
0.0
 11
464.11
 21
122.98
 31
0.0
  0
LINE
  5
91E
330
17
100
AcDbEntity
  8
LINES
100
AcDbLine
 10
464.25
 20
121.97
 30
0.0
 11
465.55
 21
122.11
 31
0.0
  0
LINE
  5
91F
330
17
100
AcDbEntity
  8
LINES
100
AcDbLine
 10
467.42
 20
126.86
 30
0.0
 11
467.42
 21
120.24
 31
0.0
  0
LINE
  5
920
330
17
100
AcDbEntity
  8
LINES
100
AcDbLine
 10
467.42
 20
126.29
 30
0.0
 11
470.15
 21
126.72
 31
0.0
  0
LINE
  5
921
330
17
100
AcDbEntity
  8
LINES
100
AcDbLine
 10
468.57
 20
125.42
 30
0.0
 11
467.71
 21
121.97
 31
0.0
  0
LINE
  5
922
330
17
100
AcDbEntity
  8
LINES
100
AcDbLine
 10
467.85
 20
124.99
 30
0.0
 11
468.71
 21
122.83
 31
0.0
  0
LINE
  5
923
330
17
100
AcDbEntity
  8
LINES
100
AcDbLine
 10
469.58
 20
125.71
 30
0.0
 11
468.57
 21
121.68
 31
0.0
  0
LINE
  5
924
330
17
100
AcDbEntity
  8
LINES
100
AcDbLine
 10
469.0
 20
124.99
 30
0.0
 11
469.72
 21
122.4
 31
0.0
  0
LINE
  5
925
330
17
100
AcDbEntity
  8
LINES
100
AcDbLine
 10
473.9
 20
125.42
 30
0.0
 11
473.61
 21
123.98
 31
0.0
  0
LINE
  5
926
330
17
100
AcDbEntity
  8
LINES
100
AcDbLine
 10
472.75
 20
125.28
 30
0.0
 11
472.89
 21
124.13
 31
0.0
  0
LINE
  5
927
330
17
100
AcDbEntity
  8
LINES
100
AcDbLine
 10
473.9
 20
123.98
 30
0.0
 11
473.9
 21
119.81
 31
0.0
  0
LINE
  5
928
330
17
100
AcDbEntity
  8
LINES
100
AcDbLine
 10
472.17
 20
122.4
 30
0.0
 11
474.91
 21
122.69
 31
0.0
  0
LINE
  5
929
330
17
100
AcDbEntity
  8
LINES
100
AcDbLine
 10
472.31
 20
123.84
 30
0.0
 11
474.47
 21
124.13
 31
0.0
  0
LINE
  5
92A
330
17
100
AcDbEntity
  8
LINES
100
AcDbLine
 10
474.19
 20
125.71
 30
0.0
 11
474.19
 21
127.01
 31
0.0
  0
LINE
  5
92B
330
17
100
AcDbEntity
  8
LINES
100
AcDbLine
 10
472.17
 20
125.42
 30
0.0
 11
474.33
 21
125.71
 31
0.0
  0
LINE
  5
92C
330
17
100
AcDbEntity
  8
LINES
100
AcDbLine
 10
472.17
 20
126.43
 30
0.0
 11
474.19
 21
126.72
 31
0.0
  0
LINE
  5
92D
330
17
100
AcDbEntity
  8
LINES
100
AcDbLine
 10
478.94
 20
124.27
 30
0.0
 11
477.79
 21
124.13
 31
0.0
  0
LINE
  5
92E
330
17
100
AcDbEntity
  8
LINES
100
AcDbLine
 10
478.94
 20
122.26
 30
0.0
 11
478.94
 21
124.56
 31
0.0
  0
LINE
  5
92F
330
17
100
AcDbEntity
  8
LINES
100
AcDbLine
 10
477.79
 20
122.11
 30
0.0
 11
479.08
 21
122.26
 31
0.0
  0
LINE
  5
930
330
17
100
AcDbEntity
  8
LINES
100
AcDbLine
 10
477.64
 20
120.1
 30
0.0
 11
479.37
 21
120.24
 31
0.0
  0
LINE
  5
931
330
17
100
AcDbEntity
  8
LINES
100
AcDbLine
 10
477.79
 20
126.58
 30
0.0
 11
477.79
 21
120.1
 31
0.0
  0
LINE
  5
932
330
17
100
AcDbEntity
  8
LINES
100
AcDbLine
 10
479.23
 20
126.14
 30
0.0
 11
477.79
 21
125.86
 31
0.0
  0
LINE
  5
933
330
17
100
AcDbEntity
  8
LINES
100
AcDbLine
 10
476.63
 20
124.42
 30
0.0
 11
477.35
 21
123.41
 31
0.0
  0
LINE
  5
934
330
17
100
AcDbEntity
  8
LINES
100
AcDbLine
 10
477.35
 20
125.28
 30
0.0
 11
475.77
 21
124.85
 31
0.0
  0
LINE
  5
935
330
17
100
AcDbEntity
  8
LINES
100
AcDbLine
 10
475.63
 20
121.68
 30
0.0
 11
476.63
 21
124.99
 31
0.0
  0
LINE
  5
936
330
17
100
AcDbEntity
  8
LINES
100
AcDbLine
 10
476.63
 20
127.3
 30
0.0
 11
476.63
 21
119.52
 31
0.0
  0
LINE
  5
937
330
17
100
AcDbEntity
  8
LINES
100
AcDbLine
 10
481.1
 20
123.7
 30
0.0
 11
482.97
 21
123.98
 31
0.0
  0
LINE
  5
938
330
17
100
AcDbEntity
  8
LINES
100
AcDbLine
 10
482.83
 20
123.98
 30
0.0
 11
483.11
 21
126.86
 31
0.0
  0
LINE
  5
939
330
17
100
AcDbEntity
  8
LINES
100
AcDbLine
 10
482.97
 20
126.58
 30
0.0
 11
481.1
 21
126.29
 31
0.0
  0
LINE
  5
93A
330
17
100
AcDbEntity
  8
LINES
100
AcDbLine
 10
485.85
 20
122.26
 30
0.0
 11
485.42
 21
123.98
 31
0.0
  0
LINE
  5
93B
330
17
100
AcDbEntity
  8
LINES
100
AcDbLine
 10
484.27
 20
124.42
 30
0.0
 11
488.15
 21
124.99
 31
0.0
  0
LINE
  5
93C
330
17
100
AcDbEntity
  8
LINES
100
AcDbLine
 10
490.46
 20
123.12
 30
0.0
 11
492.04
 21
123.41
 31
0.0
  0
LINE
  5
93D
330
17
100
AcDbEntity
  8
LINES
100
AcDbLine
 10
491.32
 20
127.3
 30
0.0
 11
491.32
 21
120.82
 31
0.0
  0
LINE
  5
93E
330
17
100
AcDbEntity
  8
LINES
100
AcDbLine
 10
490.17
 20
124.99
 30
0.0
 11
492.47
 21
125.42
 31
0.0
  0
LINE
  5
93F
330
17
100
AcDbEntity
  8
LINES
100
AcDbLine
 10
492.04
 20
126.29
 30
0.0
 11
490.46
 21
126.0
 31
0.0
  0
LINE
  5
940
330
17
100
AcDbEntity
  8
LINES
100
AcDbLine
 10
491.9
 20
124.27
 30
0.0
 11
492.04
 21
126.58
 31
0.0
  0
LINE
  5
941
330
17
100
AcDbEntity
  8
LINES
100
AcDbLine
 10
489.02
 20
122.54
 30
0.0
 11
491.9
 21
119.66
 31
0.0
  0
LINE
  5
942
330
17
100
AcDbEntity
  8
LINES
100
AcDbLine
 10
489.02
 20
126.0
 30
0.0
 11
490.03
 21
126.29
 31
0.0
  0
LINE
  5
943
330
17
100
AcDbEntity
  8
LINES
100
AcDbLine
 10
489.45
 20
123.84
 30
0.0
 11
490.17
 21
126.43
 31
0.0
  0
LINE
  5
944
330
17
100
AcDbEntity
  8
LINES
100
AcDbLine
 10
489.16
 20
123.84
 30
0.0
 11
490.17
 21
124.13
 31
0.0
  0
LINE
  5
945
330
17
100
AcDbEntity
  8
LINES
100
AcDbLine
 10
491.9
 20
119.66
 30
0.0
 11
492.47
 21
119.81
 31
0.0
  0
LINE
  5
946
330
17
100
AcDbEntity
  8
LINES
100
AcDbLine
 10
490.6
 20
123.98
 30
0.0
 11
492.04
 21
124.13
 31
0.0
  0
LINE
  5
947
330
17
100
AcDbEntity
  8
LINES
100
AcDbLine
 10
492.33
 20
122.54
 30
0.0
 11
490.31
 21
122.26
 31
0.0
  0
LINE
  5
948
330
17
100
AcDbEntity
  8
LINES
100
AcDbLine
 10
496.07
 20
120.38
 30
0.0
 11
494.63
 21
125.71
 31
0.0
  0
LINE
  5
949
330
17
100
AcDbEntity
  8
LINES
100
AcDbLine
 10
496.07
 20
120.38
 30
0.0
 11
496.79
 21
120.38
 31
0.0
  0
LINE
  5
94A
330
17
100
AcDbEntity
  8
LINES
100
AcDbLine
 10
495.07
 20
127.15
 30
0.0
 11
495.35
 21
125.57
 31
0.0
  0
LINE
  5
94B
330
17
100
AcDbEntity
  8
LINES
100
AcDbLine
 10
493.77
 20
120.38
 30
0.0
 11
494.63
 21
121.97
 31
0.0
  0
LINE
  5
94C
330
17
100
AcDbEntity
  8
LINES
100
AcDbLine
 10
493.63
 20
126.72
 30
0.0
 11
494.06
 21
125.42
 31
0.0
  0
LINE
  5
94D
330
17
100
AcDbEntity
  8
LINES
100
AcDbLine
 10
493.91
 20
124.42
 30
0.0
 11
493.91
 21
120.82
 31
0.0
  0
LINE
  5
94E
330
17
100
AcDbEntity
  8
LINES
100
AcDbLine
 10
493.91
 20
124.13
 30
0.0
 11
493.05
 21
123.98
 31
0.0
  0
LINE
  5
94F
330
17
100
AcDbEntity
  8
LINES
100
AcDbLine
 10
495.21
 20
121.97
 30
0.0
 11
494.2
 21
119.81
 31
0.0
  0
LINE
  5
950
330
17
100
AcDbEntity
  8
LINES
100
AcDbLine
 10
499.24
 20
123.55
 30
0.0
 11
497.37
 21
120.53
 31
0.0
  0
LINE
  5
951
330
17
100
AcDbEntity
  8
LINES
100
AcDbLine
 10
499.24
 20
124.56
 30
0.0
 11
499.24
 21
119.66
 31
0.0
  0
LINE
  5
952
330
17
100
AcDbEntity
  8
LINES
100
AcDbLine
 10
497.51
 20
123.26
 30
0.0
 11
501.11
 21
123.84
 31
0.0
  0
LINE
  5
953
330
17
100
AcDbEntity
  8
LINES
100
AcDbLine
 10
500.39
 20
126.29
 30
0.0
 11
499.82
 21
124.42
 31
0.0
  0
LINE
  5
954
330
17
100
AcDbEntity
  8
LINES
100
AcDbLine
 10
499.1
 20
126.0
 30
0.0
 11
499.39
 21
124.85
 31
0.0
  0
LINE
  5
955
330
17
100
AcDbEntity
  8
LINES
100
AcDbLine
 10
498.38
 20
125.71
 30
0.0
 11
498.67
 21
124.56
 31
0.0
  0
LINE
  5
956
330
17
100
AcDbEntity
  8
LINES
100
AcDbLine
 10
500.39
 20
127.15
 30
0.0
 11
497.95
 21
125.86
 31
0.0
  0
LINE
  5
957
330
17
100
AcDbEntity
  8
LINES
100
AcDbLine
 10
125.99
 20
110.88
 30
0.0
 11
127.87
 21
111.17
 31
0.0
  0
LINE
  5
958
330
17
100
AcDbEntity
  8
LINES
100
AcDbLine
 10
127.87
 20
109.58
 30
0.0
 11
125.85
 21
109.3
 31
0.0
  0
LINE
  5
959
330
17
100
AcDbEntity
  8
LINES
100
AcDbLine
 10
126.86
 20
106.7
 30
0.0
 11
126.86
 21
112.75
 31
0.0
  0
LINE
  5
95A
330
17
100
AcDbEntity
  8
LINES
100
AcDbLine
 10
125.71
 20
112.61
 30
0.0
 11
128.15
 21
113.04
 31
0.0
  0
LINE
  5
95B
330
17
100
AcDbEntity
  8
LINES
100
AcDbLine
 10
153.64
 20
105.98
 30
0.0
 11
153.64
 21
111.46
 31
0.0
  0
LINE
  5
95C
330
17
100
AcDbEntity
  8
LINES
100
AcDbLine
 10
162.86
 20
105.98
 30
0.0
 11
162.86
 21
111.46
 31
0.0
  0
LINE
  5
95D
330
17
100
AcDbEntity
  8
LINES
100
AcDbLine
 10
172.94
 20
107.14
 30
0.0
 11
175.67
 21
112.75
 31
0.0
  0
LINE
  5
95E
330
17
100
AcDbEntity
  8
LINES
100
AcDbLine
 10
172.94
 20
112.61
 30
0.0
 11
175.67
 21
106.85
 31
0.0
  0
LINE
  5
95F
330
17
100
AcDbEntity
  8
LINES
100
AcDbLine
 10
195.26
 20
105.98
 30
0.0
 11
195.26
 21
111.46
 31
0.0
  0
LINE
  5
960
330
17
100
AcDbEntity
  8
LINES
100
AcDbLine
 10
204.62
 20
105.98
 30
0.0
 11
204.62
 21
111.46
 31
0.0
  0
LINE
  5
961
330
17
100
AcDbEntity
  8
LINES
100
AcDbLine
 10
214.55
 20
107.14
 30
0.0
 11
217.43
 21
112.75
 31
0.0
  0
LINE
  5
962
330
17
100
AcDbEntity
  8
LINES
100
AcDbLine
 10
214.55
 20
112.61
 30
0.0
 11
217.43
 21
106.85
 31
0.0
  0
LINE
  5
963
330
17
100
AcDbEntity
  8
LINES
100
AcDbLine
 10
241.91
 20
105.98
 30
0.0
 11
241.91
 21
111.46
 31
0.0
  0
LINE
  5
964
330
17
100
AcDbEntity
  8
LINES
100
AcDbLine
 10
251.27
 20
105.98
 30
0.0
 11
251.27
 21
111.46
 31
0.0
  0
LINE
  5
965
330
17
100
AcDbEntity
  8
LINES
100
AcDbLine
 10
266.68
 20
112.75
 30
0.0
 11
268.55
 21
113.04
 31
0.0
  0
LINE
  5
966
330
17
100
AcDbEntity
  8
LINES
100
AcDbLine
 10
268.7
 20
109.44
 30
0.0
 11
266.39
 21
109.3
 31
0.0
  0
LINE
  5
967
330
17
100
AcDbEntity
  8
LINES
100
AcDbLine
 10
265.67
 20
106.7
 30
0.0
 11
266.25
 21
110.74
 31
0.0
  0
LINE
  5
968
330
17
100
AcDbEntity
  8
LINES
100
AcDbLine
 10
265.24
 20
111.02
 30
0.0
 11
265.96
 21
110.02
 31
0.0
  0
LINE
  5
969
330
17
100
AcDbEntity
  8
LINES
100
AcDbLine
 10
265.82
 20
113.18
 30
0.0
 11
266.39
 21
112.18
 31
0.0
  0
LINE
  5
96A
330
17
100
AcDbEntity
  8
LINES
100
AcDbLine
 10
265.53
 20
107.57
 30
0.0
 11
265.67
 21
106.99
 31
0.0
  0
LINE
  5
96B
330
17
100
AcDbEntity
  8
LINES
100
AcDbLine
 10
266.83
 20
113.18
 30
0.0
 11
266.54
 21
111.46
 31
0.0
  0
LINE
  5
96C
330
17
100
AcDbEntity
  8
LINES
100
AcDbLine
 10
268.7
 20
113.04
 30
0.0
 11
268.41
 21
111.74
 31
0.0
  0
LINE
  5
96D
330
17
100
AcDbEntity
  8
LINES
100
AcDbLine
 10
267.98
 20
111.89
 30
0.0
 11
268.55
 21
110.45
 31
0.0
  0
LINE
  5
96E
330
17
100
AcDbEntity
  8
LINES
100
AcDbLine
 10
267.55
 20
110.88
 30
0.0
 11
267.55
 21
105.84
 31
0.0
  0
LINE
  5
96F
330
17
100
AcDbEntity
  8
LINES
100
AcDbLine
 10
267.69
 20
109.3
 30
0.0
 11
268.55
 21
106.7
 31
0.0
  0
LINE
  5
970
330
17
100
AcDbEntity
  8
LINES
100
AcDbLine
 10
269.13
 20
106.7
 30
0.0
 11
268.55
 21
106.7
 31
0.0
  0
LINE
  5
971
330
17
100
AcDbEntity
  8
LINES
100
AcDbLine
 10
274.46
 20
108.29
 30
0.0
 11
274.46
 21
108.43
 31
0.0
  0
LINE
  5
972
330
17
100
AcDbEntity
  8
LINES
100
AcDbLine
 10
274.46
 20
108.29
 30
0.0
 11
274.46
 21
108.14
 31
0.0
  0
LINE
  5
973
330
17
100
AcDbEntity
  8
LINES
100
AcDbLine
 10
274.6
 20
108.29
 30
0.0
 11
274.46
 21
108.29
 31
0.0
  0
LINE
  5
974
330
17
100
AcDbEntity
  8
LINES
100
AcDbLine
 10
280.65
 20
107.71
 30
0.0
 11
281.66
 21
106.27
 31
0.0
  0
LINE
  5
975
330
17
100
AcDbEntity
  8
LINES
100
AcDbLine
 10
278.49
 20
106.13
 30
0.0
 11
279.79
 21
107.86
 31
0.0
  0
LINE
  5
976
330
17
100
AcDbEntity
  8
LINES
100
AcDbLine
 10
279.5
 20
110.74
 30
0.0
 11
280.51
 21
110.88
 31
0.0
  0
LINE
  5
977
330
17
100
AcDbEntity
  8
LINES
100
AcDbLine
 10
279.5
 20
109.58
 30
0.0
 11
280.51
 21
109.73
 31
0.0
  0
LINE
  5
978
330
17
100
AcDbEntity
  8
LINES
100
AcDbLine
 10
278.78
 20
111.74
 30
0.0
 11
281.66
 21
112.18
 31
0.0
  0
LINE
  5
979
330
17
100
AcDbEntity
  8
LINES
100
AcDbLine
 10
280.79
 20
113.62
 30
0.0
 11
280.79
 21
108.43
 31
0.0
  0
LINE
  5
97A
330
17
100
AcDbEntity
  8
LINES
100
AcDbLine
 10
278.35
 20
108.0
 30
0.0
 11
281.95
 21
108.43
 31
0.0
  0
LINE
  5
97B
330
17
100
AcDbEntity
  8
LINES
100
AcDbLine
 10
279.5
 20
113.33
 30
0.0
 11
279.5
 21
108.14
 31
0.0
  0
LINE
  5
97C
330
17
100
AcDbEntity
  8
LINES
100
AcDbLine
 10
283.96
 20
113.04
 30
0.0
 11
282.67
 21
109.73
 31
0.0
  0
LINE
  5
97D
330
17
100
AcDbEntity
  8
LINES
100
AcDbLine
 10
283.53
 20
111.6
 30
0.0
 11
283.53
 21
105.98
 31
0.0
  0
LINE
  5
97E
330
17
100
AcDbEntity
  8
LINES
100
AcDbLine
 10
285.11
 20
113.33
 30
0.0
 11
285.11
 21
107.71
 31
0.0
  0
LINE
  5
97F
330
17
100
AcDbEntity
  8
LINES
100
AcDbLine
 10
285.83
 20
111.46
 30
0.0
 11
283.96
 21
109.87
 31
0.0
  0
LINE
  5
980
330
17
100
AcDbEntity
  8
LINES
100
AcDbLine
 10
289.58
 20
111.74
 30
0.0
 11
289.43
 21
110.45
 31
0.0
  0
LINE
  5
981
330
17
100
AcDbEntity
  8
LINES
100
AcDbLine
 10
288.43
 20
111.6
 30
0.0
 11
288.71
 21
110.45
 31
0.0
  0
LINE
  5
982
330
17
100
AcDbEntity
  8
LINES
100
AcDbLine
 10
289.58
 20
110.45
 30
0.0
 11
289.58
 21
106.13
 31
0.0
  0
LINE
  5
983
330
17
100
AcDbEntity
  8
LINES
100
AcDbLine
 10
287.99
 20
108.72
 30
0.0
 11
290.73
 21
109.15
 31
0.0
  0
LINE
  5
984
330
17
100
AcDbEntity
  8
LINES
100
AcDbLine
 10
288.14
 20
110.16
 30
0.0
 11
290.3
 21
110.59
 31
0.0
  0
LINE
  5
985
330
17
100
AcDbEntity
  8
LINES
100
AcDbLine
 10
289.87
 20
112.18
 30
0.0
 11
290.01
 21
113.33
 31
0.0
  0
LINE
  5
986
330
17
100
AcDbEntity
  8
LINES
100
AcDbLine
 10
287.99
 20
111.74
 30
0.0
 11
290.15
 21
112.18
 31
0.0
  0
LINE
  5
987
330
17
100
AcDbEntity
  8
LINES
100
AcDbLine
 10
287.99
 20
112.75
 30
0.0
 11
290.01
 21
113.18
 31
0.0
  0
LINE
  5
988
330
17
100
AcDbEntity
  8
LINES
100
AcDbLine
 10
294.76
 20
110.74
 30
0.0
 11
293.47
 21
110.45
 31
0.0
  0
LINE
  5
989
330
17
100
AcDbEntity
  8
LINES
100
AcDbLine
 10
294.76
 20
108.58
 30
0.0
 11
294.76
 21
110.88
 31
0.0
  0
LINE
  5
98A
330
17
100
AcDbEntity
  8
LINES
100
AcDbLine
 10
293.47
 20
108.43
 30
0.0
 11
294.76
 21
108.58
 31
0.0
  0
LINE
  5
98B
330
17
100
AcDbEntity
  8
LINES
100
AcDbLine
 10
293.32
 20
106.42
 30
0.0
 11
295.19
 21
106.56
 31
0.0
  0
LINE
  5
98C
330
17
100
AcDbEntity
  8
LINES
100
AcDbLine
 10
293.47
 20
113.04
 30
0.0
 11
293.47
 21
106.42
 31
0.0
  0
LINE
  5
98D
330
17
100
AcDbEntity
  8
LINES
100
AcDbLine
 10
295.05
 20
112.61
 30
0.0
 11
293.47
 21
112.18
 31
0.0
  0
LINE
  5
98E
330
17
100
AcDbEntity
  8
LINES
100
AcDbLine
 10
292.46
 20
110.74
 30
0.0
 11
293.03
 21
109.73
 31
0.0
  0
LINE
  5
98F
330
17
100
AcDbEntity
  8
LINES
100
AcDbLine
 10
293.03
 20
111.6
 30
0.0
 11
291.59
 21
111.31
 31
0.0
  0
LINE
  5
990
330
17
100
AcDbEntity
  8
LINES
100
AcDbLine
 10
291.45
 20
108.14
 30
0.0
 11
292.46
 21
111.31
 31
0.0
  0
LINE
  5
991
330
17
100
AcDbEntity
  8
LINES
100
AcDbLine
 10
292.46
 20
113.62
 30
0.0
 11
292.46
 21
105.98
 31
0.0
  0
LINE
  5
992
330
17
100
AcDbEntity
  8
LINES
100
AcDbLine
 10
296.78
 20
110.02
 30
0.0
 11
298.79
 21
110.45
 31
0.0
  0
LINE
  5
993
330
17
100
AcDbEntity
  8
LINES
100
AcDbLine
 10
298.65
 20
110.45
 30
0.0
 11
298.94
 21
113.33
 31
0.0
  0
LINE
  5
994
330
17
100
AcDbEntity
  8
LINES
100
AcDbLine
 10
298.79
 20
113.04
 30
0.0
 11
296.92
 21
112.75
 31
0.0
  0
LINE
  5
995
330
17
100
AcDbEntity
  8
LINES
100
AcDbLine
 10
301.53
 20
108.58
 30
0.0
 11
301.24
 21
110.3
 31
0.0
  0
LINE
  5
996
330
17
100
AcDbEntity
  8
LINES
100
AcDbLine
 10
300.09
 20
110.88
 30
0.0
 11
303.98
 21
111.31
 31
0.0
  0
LINE
  5
997
330
17
100
AcDbEntity
  8
LINES
100
AcDbLine
 10
306.28
 20
109.44
 30
0.0
 11
307.87
 21
109.73
 31
0.0
  0
LINE
  5
998
330
17
100
AcDbEntity
  8
LINES
100
AcDbLine
 10
307.15
 20
113.62
 30
0.0
 11
307.15
 21
107.28
 31
0.0
  0
LINE
  5
999
330
17
100
AcDbEntity
  8
LINES
100
AcDbLine
 10
305.99
 20
111.46
 30
0.0
 11
308.3
 21
111.74
 31
0.0
  0
LINE
  5
99A
330
17
100
AcDbEntity
  8
LINES
100
AcDbLine
 10
307.72
 20
112.75
 30
0.0
 11
306.28
 21
112.46
 31
0.0
  0
LINE
  5
99B
330
17
100
AcDbEntity
  8
LINES
100
AcDbLine
 10
307.72
 20
110.74
 30
0.0
 11
307.87
 21
113.04
 31
0.0
  0
LINE
  5
99C
330
17
100
AcDbEntity
  8
LINES
100
AcDbLine
 10
304.7
 20
109.01
 30
0.0
 11
307.72
 21
106.13
 31
0.0
  0
LINE
  5
99D
330
17
100
AcDbEntity
  8
LINES
100
AcDbLine
 10
304.84
 20
112.32
 30
0.0
 11
305.85
 21
112.61
 31
0.0
  0
LINE
  5
99E
330
17
100
AcDbEntity
  8
LINES
100
AcDbLine
 10
305.27
 20
110.3
 30
0.0
 11
305.85
 21
112.9
 31
0.0
  0
LINE
  5
99F
330
17
100
AcDbEntity
  8
LINES
100
AcDbLine
 10
304.99
 20
110.16
 30
0.0
 11
305.99
 21
110.45
 31
0.0
  0
LINE
  5
9A0
330
17
100
AcDbEntity
  8
LINES
100
AcDbLine
 10
307.72
 20
105.98
 30
0.0
 11
308.3
 21
106.13
 31
0.0
  0
LINE
  5
9A1
330
17
100
AcDbEntity
  8
LINES
100
AcDbLine
 10
306.43
 20
110.3
 30
0.0
 11
307.72
 21
110.59
 31
0.0
  0
LINE
  5
9A2
330
17
100
AcDbEntity
  8
LINES
100
AcDbLine
 10
308.15
 20
108.86
 30
0.0
 11
306.14
 21
108.58
 31
0.0
  0
LINE
  5
9A3
330
17
100
AcDbEntity
  8
LINES
100
AcDbLine
 10
311.75
 20
106.7
 30
0.0
 11
310.46
 21
112.03
 31
0.0
  0
LINE
  5
9A4
330
17
100
AcDbEntity
  8
LINES
100
AcDbLine
 10
311.75
 20
106.7
 30
0.0
 11
312.62
 21
106.7
 31
0.0
  0
LINE
  5
9A5
330
17
100
AcDbEntity
  8
LINES
100
AcDbLine
 10
310.89
 20
113.62
 30
0.0
 11
311.18
 21
111.89
 31
0.0
  0
LINE
  5
9A6
330
17
100
AcDbEntity
  8
LINES
100
AcDbLine
 10
309.45
 20
106.7
 30
0.0
 11
310.46
 21
108.43
 31
0.0
  0
LINE
  5
9A7
330
17
100
AcDbEntity
  8
LINES
100
AcDbLine
 10
309.31
 20
113.04
 30
0.0
 11
309.88
 21
111.89
 31
0.0
  0
LINE
  5
9A8
330
17
100
AcDbEntity
  8
LINES
100
AcDbLine
 10
309.74
 20
110.88
 30
0.0
 11
309.74
 21
107.28
 31
0.0
  0
LINE
  5
9A9
330
17
100
AcDbEntity
  8
LINES
100
AcDbLine
 10
309.74
 20
110.59
 30
0.0
 11
308.87
 21
110.45
 31
0.0
  0
LINE
  5
9AA
330
17
100
AcDbEntity
  8
LINES
100
AcDbLine
 10
311.03
 20
108.29
 30
0.0
 11
310.03
 21
106.27
 31
0.0
  0
LINE
  5
9AB
330
17
100
AcDbEntity
  8
LINES
100
AcDbLine
 10
315.07
 20
109.87
 30
0.0
 11
313.19
 21
106.85
 31
0.0
  0
LINE
  5
9AC
330
17
100
AcDbEntity
  8
LINES
100
AcDbLine
 10
315.07
 20
110.88
 30
0.0
 11
315.07
 21
106.13
 31
0.0
  0
LINE
  5
9AD
330
17
100
AcDbEntity
  8
LINES
100
AcDbLine
 10
313.19
 20
109.73
 30
0.0
 11
316.94
 21
110.16
 31
0.0
  0
LINE
  5
9AE
330
17
100
AcDbEntity
  8
LINES
100
AcDbLine
 10
316.22
 20
112.61
 30
0.0
 11
315.64
 21
110.88
 31
0.0
  0
LINE
  5
9AF
330
17
100
AcDbEntity
  8
LINES
100
AcDbLine
 10
314.92
 20
112.46
 30
0.0
 11
315.21
 21
111.17
 31
0.0
  0
LINE
  5
9B0
330
17
100
AcDbEntity
  8
LINES
100
AcDbLine
 10
314.2
 20
112.03
 30
0.0
 11
314.35
 21
110.88
 31
0.0
  0
LINE
  5
9B1
330
17
100
AcDbEntity
  8
LINES
100
AcDbLine
 10
316.22
 20
113.62
 30
0.0
 11
313.77
 21
112.18
 31
0.0
  0
LINE
  5
9B2
330
17
100
AcDbEntity
  8
LINES
100
AcDbLine
 10
318.81
 20
110.88
 30
0.0
 11
320.68
 21
111.17
 31
0.0
  0
LINE
  5
9B3
330
17
100
AcDbEntity
  8
LINES
100
AcDbLine
 10
320.68
 20
109.58
 30
0.0
 11
318.81
 21
109.3
 31
0.0
  0
LINE
  5
9B4
330
17
100
AcDbEntity
  8
LINES
100
AcDbLine
 10
319.67
 20
106.7
 30
0.0
 11
319.67
 21
112.75
 31
0.0
  0
LINE
  5
9B5
330
17
100
AcDbEntity
  8
LINES
100
AcDbLine
 10
318.52
 20
112.61
 30
0.0
 11
320.97
 21
113.04
 31
0.0
  0
LINE
  5
9B6
330
17
100
AcDbEntity
  8
LINES
100
AcDbLine
 10
346.46
 20
105.98
 30
0.0
 11
346.46
 21
111.46
 31
0.0
  0
LINE
  5
9B7
330
17
100
AcDbEntity
  8
LINES
100
AcDbLine
 10
355.67
 20
105.98
 30
0.0
 11
355.67
 21
111.46
 31
0.0
  0
LINE
  5
9B8
330
17
100
AcDbEntity
  8
LINES
100
AcDbLine
 10
365.75
 20
107.14
 30
0.0
 11
368.49
 21
112.75
 31
0.0
  0
LINE
  5
9B9
330
17
100
AcDbEntity
  8
LINES
100
AcDbLine
 10
365.75
 20
112.61
 30
0.0
 11
368.49
 21
106.85
 31
0.0
  0
LINE
  5
9BA
330
17
100
AcDbEntity
  8
LINES
100
AcDbLine
 10
388.07
 20
105.98
 30
0.0
 11
388.07
 21
111.46
 31
0.0
  0
LINE
  5
9BB
330
17
100
AcDbEntity
  8
LINES
100
AcDbLine
 10
397.43
 20
105.98
 30
0.0
 11
397.43
 21
111.46
 31
0.0
  0
LINE
  5
9BC
330
17
100
AcDbEntity
  8
LINES
100
AcDbLine
 10
407.37
 20
107.14
 30
0.0
 11
410.25
 21
112.75
 31
0.0
  0
LINE
  5
9BD
330
17
100
AcDbEntity
  8
LINES
100
AcDbLine
 10
407.37
 20
112.61
 30
0.0
 11
410.25
 21
106.85
 31
0.0
  0
LINE
  5
9BE
330
17
100
AcDbEntity
  8
LINES
100
AcDbLine
 10
429.69
 20
105.98
 30
0.0
 11
429.69
 21
111.46
 31
0.0
  0
LINE
  5
9BF
330
17
100
AcDbEntity
  8
LINES
100
AcDbLine
 10
439.05
 20
105.98
 30
0.0
 11
439.05
 21
111.46
 31
0.0
  0
LINE
  5
9C0
330
17
100
AcDbEntity
  8
LINES
100
AcDbLine
 10
208.07
 20
100.51
 30
0.0
 11
208.07
 21
92.45
 31
0.0
  0
LINE
  5
9C1
330
17
100
AcDbEntity
  8
LINES
100
AcDbLine
 10
220.17
 20
97.2
 30
0.0
 11
219.59
 21
95.33
 31
0.0
  0
LINE
  5
9C2
330
17
100
AcDbEntity
  8
LINES
100
AcDbLine
 10
218.59
 20
96.77
 30
0.0
 11
221.61
 21
97.49
 31
0.0
  0
LINE
  5
9C3
330
17
100
AcDbEntity
  8
LINES
100
AcDbLine
 10
220.17
 20
96.05
 30
0.0
 11
220.75
 21
94.75
 31
0.0
  0
LINE
  5
9C4
330
17
100
AcDbEntity
  8
LINES
100
AcDbLine
 10
219.02
 20
99.36
 30
0.0
 11
219.59
 21
97.78
 31
0.0
  0
LINE
  5
9C5
330
17
100
AcDbEntity
  8
LINES
100
AcDbLine
 10
218.3
 20
92.59
 30
0.0
 11
219.59
 21
95.33
 31
0.0
  0
LINE
  5
9C6
330
17
100
AcDbEntity
  8
LINES
100
AcDbLine
 10
220.17
 20
97.2
 30
0.0
 11
220.31
 21
100.08
 31
0.0
  0
LINE
  5
9C7
330
17
100
AcDbEntity
  8
LINES
100
AcDbLine
 10
224.92
 20
97.92
 30
0.0
 11
224.92
 21
94.03
 31
0.0
  0
LINE
  5
9C8
330
17
100
AcDbEntity
  8
LINES
100
AcDbLine
 10
224.49
 20
95.47
 30
0.0
 11
225.5
 21
95.76
 31
0.0
  0
LINE
  5
9C9
330
17
100
AcDbEntity
  8
LINES
100
AcDbLine
 10
224.49
 20
96.62
 30
0.0
 11
225.35
 21
96.77
 31
0.0
  0
LINE
  5
9CA
330
17
100
AcDbEntity
  8
LINES
100
AcDbLine
 10
224.63
 20
98.78
 30
0.0
 11
225.07
 21
98.06
 31
0.0
  0
LINE
  5
9CB
330
17
100
AcDbEntity
  8
LINES
100
AcDbLine
 10
224.06
 20
97.78
 30
0.0
 11
225.79
 21
98.06
 31
0.0
  0
LINE
  5
9CC
330
17
100
AcDbEntity
  8
LINES
100
AcDbLine
 10
224.06
 20
98.21
 30
0.0
 11
224.06
 21
94.18
 31
0.0
  0
LINE
  5
9CD
330
17
100
AcDbEntity
  8
LINES
100
AcDbLine
 10
222.47
 20
96.62
 30
0.0
 11
223.63
 21
96.91
 31
0.0
  0
LINE
  5
9CE
330
17
100
AcDbEntity
  8
LINES
100
AcDbLine
 10
223.05
 20
99.22
 30
0.0
 11
223.48
 21
98.21
 31
0.0
  0
LINE
  5
9CF
330
17
100
AcDbEntity
  8
LINES
100
AcDbLine
 10
225.64
 20
99.94
 30
0.0
 11
224.92
 21
98.5
 31
0.0
  0
LINE
  5
9D0
330
17
100
AcDbEntity
  8
LINES
100
AcDbLine
 10
224.06
 20
99.36
 30
0.0
 11
225.5
 21
99.65
 31
0.0
  0
LINE
  5
9D1
330
17
100
AcDbEntity
  8
LINES
100
AcDbLine
 10
225.93
 20
92.59
 30
0.0
 11
226.36
 21
92.88
 31
0.0
  0
LINE
  5
9D2
330
17
100
AcDbEntity
  8
LINES
100
AcDbLine
 10
228.52
 20
93.02
 30
0.0
 11
229.82
 21
93.17
 31
0.0
  0
LINE
  5
9D3
330
17
100
AcDbEntity
  8
LINES
100
AcDbLine
 10
229.96
 20
95.18
 30
0.0
 11
229.67
 21
93.17
 31
0.0
  0
LINE
  5
9D4
330
17
100
AcDbEntity
  8
LINES
100
AcDbLine
 10
228.52
 20
95.18
 30
0.0
 11
228.52
 21
92.45
 31
0.0
  0
LINE
  5
9D5
330
17
100
AcDbEntity
  8
LINES
100
AcDbLine
 10
227.8
 20
98.06
 30
0.0
 11
230.54
 21
98.35
 31
0.0
  0
LINE
  5
9D6
330
17
100
AcDbEntity
  8
LINES
100
AcDbLine
 10
228.95
 20
100.08
 30
0.0
 11
229.53
 21
98.64
 31
0.0
  0
LINE
  5
9D7
330
17
100
AcDbEntity
  8
LINES
100
AcDbLine
 10
227.95
 20
100.08
 30
0.0
 11
226.65
 21
96.19
 31
0.0
  0
LINE
  5
9D8
330
17
100
AcDbEntity
  8
LINES
100
AcDbLine
 10
227.51
 20
98.5
 30
0.0
 11
227.51
 21
92.45
 31
0.0
  0
LINE
  5
9D9
330
17
100
AcDbEntity
  8
LINES
100
AcDbLine
 10
228.38
 20
97.06
 30
0.0
 11
229.96
 21
97.2
 31
0.0
  0
LINE
  5
9DA
330
17
100
AcDbEntity
  8
LINES
100
AcDbLine
 10
230.11
 20
96.05
 30
0.0
 11
228.38
 21
95.76
 31
0.0
  0
LINE
  5
9DB
330
17
100
AcDbEntity
  8
LINES
100
AcDbLine
 10
228.52
 20
94.75
 30
0.0
 11
229.82
 21
94.9
 31
0.0
  0
LINE
  5
9DC
330
17
100
AcDbEntity
  8
LINES
100
AcDbLine
 10
233.71
 20
98.21
 30
0.0
 11
233.56
 21
96.77
 31
0.0
  0
LINE
  5
9DD
330
17
100
AcDbEntity
  8
LINES
100
AcDbLine
 10
232.55
 20
98.06
 30
0.0
 11
232.84
 21
96.91
 31
0.0
  0
LINE
  5
9DE
330
17
100
AcDbEntity
  8
LINES
100
AcDbLine
 10
233.71
 20
96.77
 30
0.0
 11
233.71
 21
92.59
 31
0.0
  0
LINE
  5
9DF
330
17
100
AcDbEntity
  8
LINES
100
AcDbLine
 10
231.98
 20
95.18
 30
0.0
 11
234.86
 21
95.47
 31
0.0
  0
LINE
  5
9E0
330
17
100
AcDbEntity
  8
LINES
100
AcDbLine
 10
232.27
 20
96.62
 30
0.0
 11
234.43
 21
97.06
 31
0.0
  0
LINE
  5
9E1
330
17
100
AcDbEntity
  8
LINES
100
AcDbLine
 10
233.99
 20
98.5
 30
0.0
 11
234.14
 21
99.79
 31
0.0
  0
LINE
  5
9E2
330
17
100
AcDbEntity
  8
LINES
100
AcDbLine
 10
232.12
 20
98.21
 30
0.0
 11
234.14
 21
98.5
 31
0.0
  0
LINE
  5
9E3
330
17
100
AcDbEntity
  8
LINES
100
AcDbLine
 10
232.12
 20
99.22
 30
0.0
 11
233.99
 21
99.5
 31
0.0
  0
LINE
  5
9E4
330
17
100
AcDbEntity
  8
LINES
100
AcDbLine
 10
238.75
 20
97.06
 30
0.0
 11
237.59
 21
96.91
 31
0.0
  0
LINE
  5
9E5
330
17
100
AcDbEntity
  8
LINES
100
AcDbLine
 10
238.75
 20
95.04
 30
0.0
 11
238.75
 21
97.34
 31
0.0
  0
LINE
  5
9E6
330
17
100
AcDbEntity
  8
LINES
100
AcDbLine
 10
237.59
 20
94.9
 30
0.0
 11
238.89
 21
95.04
 31
0.0
  0
LINE
  5
9E7
330
17
100
AcDbEntity
  8
LINES
100
AcDbLine
 10
237.45
 20
92.88
 30
0.0
 11
239.32
 21
93.02
 31
0.0
  0
LINE
  5
9E8
330
17
100
AcDbEntity
  8
LINES
100
AcDbLine
 10
237.59
 20
99.36
 30
0.0
 11
237.59
 21
92.88
 31
0.0
  0
LINE
  5
9E9
330
17
100
AcDbEntity
  8
LINES
100
AcDbLine
 10
239.18
 20
98.93
 30
0.0
 11
237.59
 21
98.64
 31
0.0
  0
LINE
  5
9EA
330
17
100
AcDbEntity
  8
LINES
100
AcDbLine
 10
236.59
 20
97.2
 30
0.0
 11
237.16
 21
96.19
 31
0.0
  0
LINE
  5
9EB
330
17
100
AcDbEntity
  8
LINES
100
AcDbLine
 10
237.16
 20
98.06
 30
0.0
 11
235.72
 21
97.63
 31
0.0
  0
LINE
  5
9EC
330
17
100
AcDbEntity
  8
LINES
100
AcDbLine
 10
235.43
 20
94.46
 30
0.0
 11
236.59
 21
97.78
 31
0.0
  0
LINE
  5
9ED
330
17
100
AcDbEntity
  8
LINES
100
AcDbLine
 10
236.59
 20
100.08
 30
0.0
 11
236.59
 21
92.3
 31
0.0
  0
LINE
  5
9EE
330
17
100
AcDbEntity
  8
LINES
100
AcDbLine
 10
240.33
 20
94.75
 30
0.0
 11
240.33
 21
94.9
 31
0.0
  0
LINE
  5
9EF
330
17
100
AcDbEntity
  8
LINES
100
AcDbLine
 10
240.33
 20
94.75
 30
0.0
 11
240.33
 21
94.46
 31
0.0
  0
LINE
  5
9F0
330
17
100
AcDbEntity
  8
LINES
100
AcDbLine
 10
240.47
 20
94.75
 30
0.0
 11
240.33
 21
94.75
 31
0.0
  0
LINE
  5
9F1
330
17
100
AcDbEntity
  8
LINES
100
AcDbLine
 10
245.23
 20
99.79
 30
0.0
 11
245.23
 21
97.2
 31
0.0
  0
LINE
  5
9F2
330
17
100
AcDbEntity
  8
LINES
100
AcDbLine
 10
246.09
 20
100.08
 30
0.0
 11
246.09
 21
97.2
 31
0.0
  0
LINE
  5
9F3
330
17
100
AcDbEntity
  8
LINES
100
AcDbLine
 10
247.1
 20
100.08
 30
0.0
 11
246.81
 21
97.34
 31
0.0
  0
LINE
  5
9F4
330
17
100
AcDbEntity
  8
LINES
100
AcDbLine
 10
244.65
 20
97.2
 30
0.0
 11
244.36
 21
95.47
 31
0.0
  0
LINE
  5
9F5
330
17
100
AcDbEntity
  8
LINES
100
AcDbLine
 10
244.51
 20
96.62
 30
0.0
 11
247.67
 21
97.2
 31
0.0
  0
LINE
  5
9F6
330
17
100
AcDbEntity
  8
LINES
100
AcDbLine
 10
247.67
 20
97.34
 30
0.0
 11
247.39
 21
96.19
 31
0.0
  0
LINE
  5
9F7
330
17
100
AcDbEntity
  8
LINES
100
AcDbLine
 10
245.23
 20
95.9
 30
0.0
 11
245.23
 21
93.02
 31
0.0
  0
LINE
  5
9F8
330
17
100
AcDbEntity
  8
LINES
100
AcDbLine
 10
246.09
 20
96.62
 30
0.0
 11
246.09
 21
92.16
 31
0.0
  0
LINE
  5
9F9
330
17
100
AcDbEntity
  8
LINES
100
AcDbLine
 10
244.51
 20
98.21
 30
0.0
 11
247.53
 21
98.78
 31
0.0
  0
LINE
  5
9FA
330
17
100
AcDbEntity
  8
LINES
100
AcDbLine
 10
245.23
 20
95.18
 30
0.0
 11
247.1
 21
95.47
 31
0.0
  0
LINE
  5
9FB
330
17
100
AcDbEntity
  8
LINES
100
AcDbLine
 10
249.69
 20
100.51
 30
0.0
 11
249.69
 21
95.9
 31
0.0
  0
LINE
  5
9FC
330
17
100
AcDbEntity
  8
LINES
100
AcDbLine
 10
248.25
 20
99.36
 30
0.0
 11
251.27
 21
97.06
 31
0.0
  0
LINE
  5
9FD
330
17
100
AcDbEntity
  8
LINES
100
AcDbLine
 10
251.27
 20
99.36
 30
0.0
 11
248.25
 21
97.06
 31
0.0
  0
LINE
  5
9FE
330
17
100
AcDbEntity
  8
LINES
100
AcDbLine
 10
254.59
 20
99.94
 30
0.0
 11
254.59
 21
97.2
 31
0.0
  0
LINE
  5
9FF
330
17
100
AcDbEntity
  8
LINES
100
AcDbLine
 10
254.59
 20
99.22
 30
0.0
 11
256.31
 21
99.5
 31
0.0
  0
LINE
  5
A00
330
17
100
AcDbEntity
  8
LINES
100
AcDbLine
 10
256.31
 20
99.79
 30
0.0
 11
256.17
 21
97.78
 31
0.0
  0
LINE
  5
A01
330
17
100
AcDbEntity
  8
LINES
100
AcDbLine
 10
256.31
 20
97.78
 30
0.0
 11
254.59
 21
97.63
 31
0.0
  0
LINE
  5
A02
330
17
100
AcDbEntity
  8
LINES
100
AcDbLine
 10
253.58
 20
96.48
 30
0.0
 11
257.18
 21
96.77
 31
0.0
  0
LINE
  5
A03
330
17
100
AcDbEntity
  8
LINES
100
AcDbLine
 10
254.87
 20
96.62
 30
0.0
 11
254.59
 21
95.18
 31
0.0
  0
LINE
  5
A04
330
17
100
AcDbEntity
  8
LINES
100
AcDbLine
 10
256.31
 20
95.33
 30
0.0
 11
254.44
 21
95.04
 31
0.0
  0
LINE
  5
A05
330
17
100
AcDbEntity
  8
LINES
100
AcDbLine
 10
260.63
 20
99.36
 30
0.0
 11
260.63
 21
92.45
 31
0.0
  0
LINE
  5
A06
330
17
100
AcDbEntity
  8
LINES
100
AcDbLine
 10
260.63
 20
98.64
 30
0.0
 11
261.5
 21
98.78
 31
0.0
  0
LINE
  5
A07
330
17
100
AcDbEntity
  8
LINES
100
AcDbLine
 10
261.5
 20
98.93
 30
0.0
 11
261.21
 21
97.06
 31
0.0
  0
LINE
  5
A08
330
17
100
AcDbEntity
  8
LINES
100
AcDbLine
 10
261.35
 20
94.03
 30
0.0
 11
260.92
 21
94.9
 31
0.0
  0
LINE
  5
A09
330
17
100
AcDbEntity
  8
LINES
100
AcDbLine
 10
259.19
 20
99.94
 30
0.0
 11
259.48
 21
98.64
 31
0.0
  0
LINE
  5
A0A
330
17
100
AcDbEntity
  8
LINES
100
AcDbLine
 10
260.2
 20
98.5
 30
0.0
 11
258.33
 21
98.21
 31
0.0
  0
LINE
  5
A0B
330
17
100
AcDbEntity
  8
LINES
100
AcDbLine
 10
259.77
 20
98.5
 30
0.0
 11
259.48
 21
96.34
 31
0.0
  0
LINE
  5
A0C
330
17
100
AcDbEntity
  8
LINES
100
AcDbLine
 10
258.91
 20
96.62
 30
0.0
 11
258.76
 21
97.78
 31
0.0
  0
LINE
  5
A0D
330
17
100
AcDbEntity
  8
LINES
100
AcDbLine
 10
259.77
 20
93.89
 30
0.0
 11
259.91
 21
95.62
 31
0.0
  0
LINE
  5
A0E
330
17
100
AcDbEntity
  8
LINES
100
AcDbLine
 10
259.77
 20
95.33
 30
0.0
 11
258.76
 21
95.04
 31
0.0
  0
LINE
  5
A0F
330
17
100
AcDbEntity
  8
LINES
100
AcDbLine
 10
257.9
 20
96.05
 30
0.0
 11
260.35
 21
96.62
 31
0.0
  0
LINE
  5
A10
330
17
100
AcDbEntity
  8
LINES
100
AcDbLine
 10
258.76
 20
95.62
 30
0.0
 11
258.76
 21
92.88
 31
0.0
  0
LINE
  5
A11
330
17
100
AcDbEntity
  8
LINES
100
AcDbLine
 10
258.76
 20
93.6
 30
0.0
 11
259.91
 21
93.89
 31
0.0
  0
LINE
  5
A12
330
17
100
AcDbEntity
  8
LINES
100
AcDbLine
 10
264.95
 20
96.19
 30
0.0
 11
264.81
 21
93.74
 31
0.0
  0
LINE
  5
A13
330
17
100
AcDbEntity
  8
LINES
100
AcDbLine
 10
263.23
 20
95.76
 30
0.0
 11
264.95
 21
95.9
 31
0.0
  0
LINE
  5
A14
330
17
100
AcDbEntity
  8
LINES
100
AcDbLine
 10
264.52
 20
99.79
 30
0.0
 11
264.95
 21
97.78
 31
0.0
  0
LINE
  5
A15
330
17
100
AcDbEntity
  8
LINES
100
AcDbLine
 10
268.55
 20
97.2
 30
0.0
 11
268.12
 21
95.33
 31
0.0
  0
LINE
  5
A16
330
17
100
AcDbEntity
  8
LINES
100
AcDbLine
 10
267.11
 20
96.77
 30
0.0
 11
270.14
 21
97.49
 31
0.0
  0
LINE
  5
A17
330
17
100
AcDbEntity
  8
LINES
100
AcDbLine
 10
268.7
 20
96.05
 30
0.0
 11
269.27
 21
94.75
 31
0.0
  0
LINE
  5
A18
330
17
100
AcDbEntity
  8
LINES
100
AcDbLine
 10
267.55
 20
99.36
 30
0.0
 11
268.12
 21
97.78
 31
0.0
  0
LINE
  5
A19
330
17
100
AcDbEntity
  8
LINES
100
AcDbLine
 10
266.83
 20
92.59
 30
0.0
 11
268.12
 21
95.33
 31
0.0
  0
LINE
  5
A1A
330
17
100
AcDbEntity
  8
LINES
100
AcDbLine
 10
268.55
 20
97.2
 30
0.0
 11
268.84
 21
100.08
 31
0.0
  0
LINE
  5
A1B
330
17
100
AcDbEntity
  8
LINES
100
AcDbLine
 10
272.87
 20
99.94
 30
0.0
 11
272.87
 21
92.3
 31
0.0
  0
LINE
  5
A1C
330
17
100
AcDbEntity
  8
LINES
100
AcDbLine
 10
271.0
 20
97.49
 30
0.0
 11
274.6
 21
98.06
 31
0.0
  0
LINE
  5
A1D
330
17
100
AcDbEntity
  8
LINES
100
AcDbLine
 10
272.01
 20
94.32
 30
0.0
 11
273.74
 21
94.61
 31
0.0
  0
LINE
  5
A1E
330
17
100
AcDbEntity
  8
LINES
100
AcDbLine
 10
278.06
 20
95.47
 30
0.0
 11
277.48
 21
92.45
 31
0.0
  0
LINE
  5
A1F
330
17
100
AcDbEntity
  8
LINES
100
AcDbLine
 10
278.06
 20
97.34
 30
0.0
 11
278.78
 21
97.49
 31
0.0
  0
LINE
  5
A20
330
17
100
AcDbEntity
  8
LINES
100
AcDbLine
 10
278.06
 20
95.62
 30
0.0
 11
278.78
 21
95.76
 31
0.0
  0
LINE
  5
A21
330
17
100
AcDbEntity
  8
LINES
100
AcDbLine
 10
275.47
 20
98.21
 30
0.0
 11
277.63
 21
98.64
 31
0.0
  0
LINE
  5
A22
330
17
100
AcDbEntity
  8
LINES
100
AcDbLine
 10
276.04
 20
99.79
 30
0.0
 11
276.04
 21
95.18
 31
0.0
  0
LINE
  5
A23
330
17
100
AcDbEntity
  8
LINES
100
AcDbLine
 10
275.32
 20
94.9
 30
0.0
 11
277.63
 21
95.33
 31
0.0
  0
LINE
  5
A24
330
17
100
AcDbEntity
  8
LINES
100
AcDbLine
 10
277.19
 20
99.94
 30
0.0
 11
277.05
 21
95.18
 31
0.0
  0
LINE
  5
A25
330
17
100
AcDbEntity
  8
LINES
100
AcDbLine
 10
276.04
 20
97.2
 30
0.0
 11
276.91
 21
97.34
 31
0.0
  0
LINE
  5
A26
330
17
100
AcDbEntity
  8
LINES
100
AcDbLine
 10
276.04
 20
96.19
 30
0.0
 11
276.91
 21
96.34
 31
0.0
  0
LINE
  5
A27
330
17
100
AcDbEntity
  8
LINES
100
AcDbLine
 10
276.04
 20
94.46
 30
0.0
 11
275.32
 21
92.59
 31
0.0
  0
LINE
  5
A28
330
17
100
AcDbEntity
  8
LINES
100
AcDbLine
 10
276.76
 20
94.61
 30
0.0
 11
277.19
 21
93.31
 31
0.0
  0
LINE
  5
A29
330
17
100
AcDbEntity
  8
LINES
100
AcDbLine
 10
278.06
 20
98.93
 30
0.0
 11
278.92
 21
99.07
 31
0.0
  0
LINE
  5
A2A
330
17
100
AcDbEntity
  8
LINES
100
AcDbLine
 10
278.06
 20
99.22
 30
0.0
 11
278.06
 21
95.47
 31
0.0
  0
LINE
  5
A2B
330
17
100
AcDbEntity
  8
LINES
100
AcDbLine
 10
282.09
 20
97.92
 30
0.0
 11
282.09
 21
94.03
 31
0.0
  0
LINE
  5
A2C
330
17
100
AcDbEntity
  8
LINES
100
AcDbLine
 10
281.66
 20
95.47
 30
0.0
 11
282.67
 21
95.76
 31
0.0
  0
LINE
  5
A2D
330
17
100
AcDbEntity
  8
LINES
100
AcDbLine
 10
281.66
 20
96.62
 30
0.0
 11
282.52
 21
96.77
 31
0.0
  0
LINE
  5
A2E
330
17
100
AcDbEntity
  8
LINES
100
AcDbLine
 10
281.8
 20
98.78
 30
0.0
 11
282.23
 21
98.06
 31
0.0
  0
LINE
  5
A2F
330
17
100
AcDbEntity
  8
LINES
100
AcDbLine
 10
281.37
 20
97.78
 30
0.0
 11
283.1
 21
98.06
 31
0.0
  0
LINE
  5
A30
330
17
100
AcDbEntity
  8
LINES
100
AcDbLine
 10
281.37
 20
98.21
 30
0.0
 11
281.37
 21
94.18
 31
0.0
  0
LINE
  5
A31
330
17
100
AcDbEntity
  8
LINES
100
AcDbLine
 10
279.64
 20
96.62
 30
0.0
 11
280.94
 21
96.91
 31
0.0
  0
LINE
  5
A32
330
17
100
AcDbEntity
  8
LINES
100
AcDbLine
 10
280.22
 20
99.22
 30
0.0
 11
280.79
 21
98.21
 31
0.0
  0
LINE
  5
A33
330
17
100
AcDbEntity
  8
LINES
100
AcDbLine
 10
282.95
 20
99.94
 30
0.0
 11
282.09
 21
98.5
 31
0.0
  0
LINE
  5
A34
330
17
100
AcDbEntity
  8
LINES
100
AcDbLine
 10
281.37
 20
99.36
 30
0.0
 11
282.67
 21
99.65
 31
0.0
  0
LINE
  5
A35
330
17
100
AcDbEntity
  8
LINES
100
AcDbLine
 10
283.1
 20
92.59
 30
0.0
 11
283.53
 21
92.88
 31
0.0
  0
LINE
  5
A36
330
17
100
AcDbEntity
  8
LINES
100
AcDbLine
 10
285.69
 20
93.02
 30
0.0
 11
287.13
 21
93.17
 31
0.0
  0
LINE
  5
A37
330
17
100
AcDbEntity
  8
LINES
100
AcDbLine
 10
287.13
 20
95.18
 30
0.0
 11
286.99
 21
93.17
 31
0.0
  0
LINE
  5
A38
330
17
100
AcDbEntity
  8
LINES
100
AcDbLine
 10
285.69
 20
95.18
 30
0.0
 11
285.69
 21
92.45
 31
0.0
  0
LINE
  5
A39
330
17
100
AcDbEntity
  8
LINES
100
AcDbLine
 10
285.11
 20
98.06
 30
0.0
 11
287.71
 21
98.35
 31
0.0
  0
LINE
  5
A3A
330
17
100
AcDbEntity
  8
LINES
100
AcDbLine
 10
286.12
 20
100.08
 30
0.0
 11
286.7
 21
98.64
 31
0.0
  0
LINE
  5
A3B
330
17
100
AcDbEntity
  8
LINES
100
AcDbLine
 10
285.26
 20
100.08
 30
0.0
 11
283.82
 21
96.19
 31
0.0
  0
LINE
  5
A3C
330
17
100
AcDbEntity
  8
LINES
100
AcDbLine
 10
284.68
 20
98.5
 30
0.0
 11
284.68
 21
92.45
 31
0.0
  0
LINE
  5
A3D
330
17
100
AcDbEntity
  8
LINES
100
AcDbLine
 10
285.69
 20
97.06
 30
0.0
 11
287.13
 21
97.2
 31
0.0
  0
LINE
  5
A3E
330
17
100
AcDbEntity
  8
LINES
100
AcDbLine
 10
287.27
 20
96.05
 30
0.0
 11
285.55
 21
95.76
 31
0.0
  0
LINE
  5
A3F
330
17
100
AcDbEntity
  8
LINES
100
AcDbLine
 10
285.69
 20
94.75
 30
0.0
 11
287.13
 21
94.9
 31
0.0
  0
LINE
  5
A40
330
17
100
AcDbEntity
  8
LINES
100
AcDbLine
 10
290.87
 20
98.21
 30
0.0
 11
290.73
 21
96.77
 31
0.0
  0
LINE
  5
A41
330
17
100
AcDbEntity
  8
LINES
100
AcDbLine
 10
289.72
 20
98.06
 30
0.0
 11
290.01
 21
96.91
 31
0.0
  0
LINE
  5
A42
330
17
100
AcDbEntity
  8
LINES
100
AcDbLine
 10
290.87
 20
96.77
 30
0.0
 11
290.87
 21
92.59
 31
0.0
  0
LINE
  5
A43
330
17
100
AcDbEntity
  8
LINES
100
AcDbLine
 10
289.29
 20
95.18
 30
0.0
 11
292.03
 21
95.47
 31
0.0
  0
LINE
  5
A44
330
17
100
AcDbEntity
  8
LINES
100
AcDbLine
 10
289.43
 20
96.62
 30
0.0
 11
291.59
 21
97.06
 31
0.0
  0
LINE
  5
A45
330
17
100
AcDbEntity
  8
LINES
100
AcDbLine
 10
291.16
 20
98.5
 30
0.0
 11
291.31
 21
99.79
 31
0.0
  0
LINE
  5
A46
330
17
100
AcDbEntity
  8
LINES
100
AcDbLine
 10
289.29
 20
98.21
 30
0.0
 11
291.45
 21
98.5
 31
0.0
  0
LINE
  5
A47
330
17
100
AcDbEntity
  8
LINES
100
AcDbLine
 10
289.29
 20
99.22
 30
0.0
 11
291.31
 21
99.5
 31
0.0
  0
LINE
  5
A48
330
17
100
AcDbEntity
  8
LINES
100
AcDbLine
 10
296.06
 20
97.06
 30
0.0
 11
294.76
 21
96.91
 31
0.0
  0
LINE
  5
A49
330
17
100
AcDbEntity
  8
LINES
100
AcDbLine
 10
296.06
 20
95.04
 30
0.0
 11
296.06
 21
97.34
 31
0.0
  0
LINE
  5
A4A
330
17
100
AcDbEntity
  8
LINES
100
AcDbLine
 10
294.76
 20
94.9
 30
0.0
 11
296.06
 21
95.04
 31
0.0
  0
LINE
  5
A4B
330
17
100
AcDbEntity
  8
LINES
100
AcDbLine
 10
294.62
 20
92.88
 30
0.0
 11
296.49
 21
93.02
 31
0.0
  0
LINE
  5
A4C
330
17
100
AcDbEntity
  8
LINES
100
AcDbLine
 10
294.76
 20
99.36
 30
0.0
 11
294.76
 21
92.88
 31
0.0
  0
LINE
  5
A4D
330
17
100
AcDbEntity
  8
LINES
100
AcDbLine
 10
296.35
 20
98.93
 30
0.0
 11
294.76
 21
98.64
 31
0.0
  0
LINE
  5
A4E
330
17
100
AcDbEntity
  8
LINES
100
AcDbLine
 10
293.75
 20
97.2
 30
0.0
 11
294.47
 21
96.19
 31
0.0
  0
LINE
  5
A4F
330
17
100
AcDbEntity
  8
LINES
100
AcDbLine
 10
294.47
 20
98.06
 30
0.0
 11
292.89
 21
97.63
 31
0.0
  0
LINE
  5
A50
330
17
100
AcDbEntity
  8
LINES
100
AcDbLine
 10
292.75
 20
94.46
 30
0.0
 11
293.75
 21
97.78
 31
0.0
  0
LINE
  5
A51
330
17
100
AcDbEntity
  8
LINES
100
AcDbLine
 10
293.75
 20
100.08
 30
0.0
 11
293.75
 21
92.3
 31
0.0
  0
LINE
  5
A52
330
17
100
AcDbEntity
  8
LINES
100
AcDbLine
 10
164.01
 20
84.38
 30
0.0
 11
166.46
 21
84.67
 31
0.0
  0
LINE
  5
A53
330
17
100
AcDbEntity
  8
LINES
100
AcDbLine
 10
163.29
 20
80.35
 30
0.0
 11
167.03
 21
80.64
 31
0.0
  0
LINE
  5
A54
330
17
100
AcDbEntity
  8
LINES
100
AcDbLine
 10
168.19
 20
84.96
 30
0.0
 11
168.47
 21
83.52
 31
0.0
  0
LINE
  5
A55
330
17
100
AcDbEntity
  8
LINES
100
AcDbLine
 10
170.2
 20
86.26
 30
0.0
 11
169.19
 21
82.51
 31
0.0
  0
LINE
  5
A56
330
17
100
AcDbEntity
  8
LINES
100
AcDbLine
 10
171.35
 20
84.38
 30
0.0
 11
170.63
 21
82.8
 31
0.0
  0
LINE
  5
A57
330
17
100
AcDbEntity
  8
LINES
100
AcDbLine
 10
170.92
 20
78.91
 30
0.0
 11
171.5
 21
78.91
 31
0.0
  0
LINE
  5
A58
330
17
100
AcDbEntity
  8
LINES
100
AcDbLine
 10
170.06
 20
83.09
 30
0.0
 11
169.91
 21
82.08
 31
0.0
  0
LINE
  5
A59
330
17
100
AcDbEntity
  8
LINES
100
AcDbLine
 10
169.91
 20
81.94
 30
0.0
 11
170.92
 21
78.91
 31
0.0
  0
LINE
  5
A5A
330
17
100
AcDbEntity
  8
LINES
100
AcDbLine
 10
169.34
 20
79.92
 30
0.0
 11
168.19
 21
78.77
 31
0.0
  0
LINE
  5
A5B
330
17
100
AcDbEntity
  8
LINES
100
AcDbLine
 10
169.34
 20
79.92
 30
0.0
 11
169.91
 21
82.08
 31
0.0
  0
LINE
  5
A5C
330
17
100
AcDbEntity
  8
LINES
100
AcDbLine
 10
169.48
 20
83.66
 30
0.0
 11
171.21
 21
84.1
 31
0.0
  0
LINE
  5
A5D
330
17
100
AcDbEntity
  8
LINES
100
AcDbLine
 10
174.67
 20
84.53
 30
0.0
 11
174.38
 21
83.23
 31
0.0
  0
LINE
  5
A5E
330
17
100
AcDbEntity
  8
LINES
100
AcDbLine
 10
173.51
 20
84.38
 30
0.0
 11
173.8
 21
83.23
 31
0.0
  0
LINE
  5
A5F
330
17
100
AcDbEntity
  8
LINES
100
AcDbLine
 10
174.67
 20
83.23
 30
0.0
 11
174.67
 21
78.91
 31
0.0
  0
LINE
  5
A60
330
17
100
AcDbEntity
  8
LINES
100
AcDbLine
 10
172.94
 20
81.5
 30
0.0
 11
175.67
 21
81.94
 31
0.0
  0
LINE
  5
A61
330
17
100
AcDbEntity
  8
LINES
100
AcDbLine
 10
173.08
 20
82.94
 30
0.0
 11
175.24
 21
83.38
 31
0.0
  0
LINE
  5
A62
330
17
100
AcDbEntity
  8
LINES
100
AcDbLine
 10
174.95
 20
84.96
 30
0.0
 11
175.1
 21
86.26
 31
0.0
  0
LINE
  5
A63
330
17
100
AcDbEntity
  8
LINES
100
AcDbLine
 10
172.94
 20
84.53
 30
0.0
 11
175.1
 21
84.96
 31
0.0
  0
LINE
  5
A64
330
17
100
AcDbEntity
  8
LINES
100
AcDbLine
 10
172.94
 20
85.54
 30
0.0
 11
174.95
 21
85.97
 31
0.0
  0
LINE
  5
A65
330
17
100
AcDbEntity
  8
LINES
100
AcDbLine
 10
179.71
 20
83.52
 30
0.0
 11
178.55
 21
83.23
 31
0.0
  0
LINE
  5
A66
330
17
100
AcDbEntity
  8
LINES
100
AcDbLine
 10
179.71
 20
81.36
 30
0.0
 11
179.71
 21
83.66
 31
0.0
  0
LINE
  5
A67
330
17
100
AcDbEntity
  8
LINES
100
AcDbLine
 10
178.55
 20
81.22
 30
0.0
 11
179.85
 21
81.36
 31
0.0
  0
LINE
  5
A68
330
17
100
AcDbEntity
  8
LINES
100
AcDbLine
 10
178.41
 20
79.2
 30
0.0
 11
180.14
 21
79.34
 31
0.0
  0
LINE
  5
A69
330
17
100
AcDbEntity
  8
LINES
100
AcDbLine
 10
178.55
 20
85.82
 30
0.0
 11
178.55
 21
79.2
 31
0.0
  0
LINE
  5
A6A
330
17
100
AcDbEntity
  8
LINES
100
AcDbLine
 10
179.99
 20
85.39
 30
0.0
 11
178.55
 21
84.96
 31
0.0
  0
LINE
  5
A6B
330
17
100
AcDbEntity
  8
LINES
100
AcDbLine
 10
177.55
 20
83.52
 30
0.0
 11
178.12
 21
82.51
 31
0.0
  0
LINE
  5
A6C
330
17
100
AcDbEntity
  8
LINES
100
AcDbLine
 10
178.12
 20
84.38
 30
0.0
 11
176.54
 21
84.1
 31
0.0
  0
LINE
  5
A6D
330
17
100
AcDbEntity
  8
LINES
100
AcDbLine
 10
176.39
 20
80.93
 30
0.0
 11
177.55
 21
84.1
 31
0.0
  0
LINE
  5
A6E
330
17
100
AcDbEntity
  8
LINES
100
AcDbLine
 10
177.55
 20
86.4
 30
0.0
 11
177.55
 21
78.77
 31
0.0
  0
LINE
  5
A6F
330
17
100
AcDbEntity
  8
LINES
100
AcDbLine
 10
180.86
 20
84.53
 30
0.0
 11
184.46
 21
84.96
 31
0.0
  0
LINE
  5
A70
330
17
100
AcDbEntity
  8
LINES
100
AcDbLine
 10
181.87
 20
83.23
 30
0.0
 11
181.87
 21
79.92
 31
0.0
  0
LINE
  5
A71
330
17
100
AcDbEntity
  8
LINES
100
AcDbLine
 10
181.87
 20
82.66
 30
0.0
 11
183.88
 21
83.09
 31
0.0
  0
LINE
  5
A72
330
17
100
AcDbEntity
  8
LINES
100
AcDbLine
 10
182.73
 20
84.1
 30
0.0
 11
182.73
 21
78.77
 31
0.0
  0
LINE
  5
A73
330
17
100
AcDbEntity
  8
LINES
100
AcDbLine
 10
185.03
 20
79.2
 30
0.0
 11
188.92
 21
79.49
 31
0.0
  0
LINE
  5
A74
330
17
100
AcDbEntity
  8
LINES
100
AcDbLine
 10
186.04
 20
80.06
 30
0.0
 11
187.48
 21
80.21
 31
0.0
  0
LINE
  5
A75
330
17
100
AcDbEntity
  8
LINES
100
AcDbLine
 10
187.48
 20
80.93
 30
0.0
 11
186.04
 21
80.78
 31
0.0
  0
LINE
  5
A76
330
17
100
AcDbEntity
  8
LINES
100
AcDbLine
 10
186.04
 20
81.65
 30
0.0
 11
187.48
 21
81.79
 31
0.0
  0
LINE
  5
A77
330
17
100
AcDbEntity
  8
LINES
100
AcDbLine
 10
187.91
 20
82.66
 30
0.0
 11
186.04
 21
82.37
 31
0.0
  0
LINE
  5
A78
330
17
100
AcDbEntity
  8
LINES
100
AcDbLine
 10
187.77
 20
79.49
 30
0.0
 11
187.91
 21
82.8
 31
0.0
  0
LINE
  5
A79
330
17
100
AcDbEntity
  8
LINES
100
AcDbLine
 10
186.04
 20
82.66
 30
0.0
 11
186.04
 21
79.2
 31
0.0
  0
LINE
  5
A7A
330
17
100
AcDbEntity
  8
LINES
100
AcDbLine
 10
187.05
 20
84.1
 30
0.0
 11
186.91
 21
82.51
 31
0.0
  0
LINE
  5
A7B
330
17
100
AcDbEntity
  8
LINES
100
AcDbLine
 10
185.47
 20
83.23
 30
0.0
 11
188.63
 21
83.52
 31
0.0
  0
LINE
  5
A7C
330
17
100
AcDbEntity
  8
LINES
100
AcDbLine
 10
187.48
 20
85.54
 30
0.0
 11
187.34
 21
84.53
 31
0.0
  0
LINE
  5
A7D
330
17
100
AcDbEntity
  8
LINES
100
AcDbLine
 10
186.62
 20
85.39
 30
0.0
 11
186.62
 21
84.53
 31
0.0
  0
LINE
  5
A7E
330
17
100
AcDbEntity
  8
LINES
100
AcDbLine
 10
188.35
 20
85.82
 30
0.0
 11
185.61
 21
85.54
 31
0.0
  0
LINE
  5
A7F
330
17
100
AcDbEntity
  8
LINES
100
AcDbLine
 10
188.2
 20
84.53
 30
0.0
 11
188.35
 21
85.97
 31
0.0
  0
LINE
  5
A80
330
17
100
AcDbEntity
  8
LINES
100
AcDbLine
 10
185.61
 20
84.38
 30
0.0
 11
188.35
 21
84.53
 31
0.0
  0
LINE
  5
A81
330
17
100
AcDbEntity
  8
LINES
100
AcDbLine
 10
185.61
 20
85.97
 30
0.0
 11
185.61
 21
83.95
 31
0.0
  0
LINE
  5
A82
330
17
100
AcDbEntity
  8
LINES
100
AcDbLine
 10
189.79
 20
79.92
 30
0.0
 11
191.23
 21
82.22
 31
0.0
  0
LINE
  5
A83
330
17
100
AcDbEntity
  8
LINES
100
AcDbLine
 10
190.79
 20
85.39
 30
0.0
 11
191.23
 21
83.66
 31
0.0
  0
LINE
  5
A84
330
17
100
AcDbEntity
  8
LINES
100
AcDbLine
 10
189.93
 20
85.54
 30
0.0
 11
189.93
 21
80.21
 31
0.0
  0
LINE
  5
A85
330
17
100
AcDbEntity
  8
LINES
100
AcDbLine
 10
194.39
 20
85.1
 30
0.0
 11
194.39
 21
80.64
 31
0.0
  0
LINE
  5
A86
330
17
100
AcDbEntity
  8
LINES
100
AcDbLine
 10
194.39
 20
84.38
 30
0.0
 11
196.99
 21
84.67
 31
0.0
  0
LINE
  5
A87
330
17
100
AcDbEntity
  8
LINES
100
AcDbLine
 10
196.99
 20
84.96
 30
0.0
 11
196.7
 21
81.65
 31
0.0
  0
LINE
  5
A88
330
17
100
AcDbEntity
  8
LINES
100
AcDbLine
 10
196.84
 20
81.65
 30
0.0
 11
194.39
 21
81.36
 31
0.0
  0
LINE
  5
A89
330
17
100
AcDbEntity
  8
LINES
100
AcDbLine
 10
194.83
 20
82.94
 30
0.0
 11
196.27
 21
83.23
 31
0.0
  0
LINE
  5
A8A
330
17
100
AcDbEntity
  8
LINES
100
AcDbLine
 10
199.72
 20
86.4
 30
0.0
 11
198.14
 21
83.23
 31
0.0
  0
LINE
  5
A8B
330
17
100
AcDbEntity
  8
LINES
100
AcDbLine
 10
199.15
 20
84.96
 30
0.0
 11
201.59
 21
85.25
 31
0.0
  0
LINE
  5
A8C
330
17
100
AcDbEntity
  8
LINES
100
AcDbLine
 10
199.15
 20
83.95
 30
0.0
 11
201.02
 21
84.1
 31
0.0
  0
LINE
  5
A8D
330
17
100
AcDbEntity
  8
LINES
100
AcDbLine
 10
198.57
 20
82.51
 30
0.0
 11
200.87
 21
82.8
 31
0.0
  0
LINE
  5
A8E
330
17
100
AcDbEntity
  8
LINES
100
AcDbLine
 10
203.18
 20
84.38
 30
0.0
 11
205.63
 21
84.67
 31
0.0
  0
LINE
  5
A8F
330
17
100
AcDbEntity
  8
LINES
100
AcDbLine
 10
202.46
 20
80.35
 30
0.0
 11
206.2
 21
80.64
 31
0.0
  0
LINE
  5
A90
330
17
100
AcDbEntity
  8
LINES
100
AcDbLine
 10
207.35
 20
84.96
 30
0.0
 11
207.64
 21
83.52
 31
0.0
  0
LINE
  5
A91
330
17
100
AcDbEntity
  8
LINES
100
AcDbLine
 10
209.37
 20
86.26
 30
0.0
 11
208.36
 21
82.51
 31
0.0
  0
LINE
  5
A92
330
17
100
AcDbEntity
  8
LINES
100
AcDbLine
 10
210.52
 20
84.38
 30
0.0
 11
209.8
 21
82.8
 31
0.0
  0
LINE
  5
A93
330
17
100
AcDbEntity
  8
LINES
100
AcDbLine
 10
210.09
 20
78.91
 30
0.0
 11
210.67
 21
78.91
 31
0.0
  0
LINE
  5
A94
330
17
100
AcDbEntity
  8
LINES
100
AcDbLine
 10
209.23
 20
83.09
 30
0.0
 11
209.08
 21
82.08
 31
0.0
  0
LINE
  5
A95
330
17
100
AcDbEntity
  8
LINES
100
AcDbLine
 10
209.08
 20
81.94
 30
0.0
 11
210.09
 21
78.91
 31
0.0
  0
LINE
  5
A96
330
17
100
AcDbEntity
  8
LINES
100
AcDbLine
 10
208.51
 20
79.92
 30
0.0
 11
207.35
 21
78.77
 31
0.0
  0
LINE
  5
A97
330
17
100
AcDbEntity
  8
LINES
100
AcDbLine
 10
208.51
 20
79.92
 30
0.0
 11
209.08
 21
82.08
 31
0.0
  0
LINE
  5
A98
330
17
100
AcDbEntity
  8
LINES
100
AcDbLine
 10
208.65
 20
83.66
 30
0.0
 11
210.38
 21
84.1
 31
0.0
  0
LINE
  5
A99
330
17
100
AcDbEntity
  8
LINES
100
AcDbLine
 10
211.82
 20
84.38
 30
0.0
 11
214.27
 21
84.67
 31
0.0
  0
LINE
  5
A9A
330
17
100
AcDbEntity
  8
LINES
100
AcDbLine
 10
211.24
 20
82.94
 30
0.0
 11
214.99
 21
83.52
 31
0.0
  0
LINE
  5
A9B
330
17
100
AcDbEntity
  8
LINES
100
AcDbLine
 10
213.11
 20
86.4
 30
0.0
 11
212.25
 21
81.65
 31
0.0
  0
LINE
  5
A9C
330
17
100
AcDbEntity
  8
LINES
100
AcDbLine
 10
212.25
 20
80.64
 30
0.0
 11
213.83
 21
78.77
 31
0.0
  0
LINE
  5
A9D
330
17
100
AcDbEntity
  8
LINES
100
AcDbLine
 10
212.25
 20
81.79
 30
0.0
 11
213.83
 21
82.08
 31
0.0
  0
LINE
  5
A9E
330
17
100
AcDbEntity
  8
LINES
100
AcDbLine
 10
213.98
 20
82.22
 30
0.0
 11
213.11
 21
79.49
 31
0.0
  0
LINE
  5
A9F
330
17
100
AcDbEntity
  8
LINES
100
AcDbLine
 10
215.71
 20
79.34
 30
0.0
 11
219.31
 21
79.49
 31
0.0
  0
LINE
  5
AA0
330
17
100
AcDbEntity
  8
LINES
100
AcDbLine
 10
217.87
 20
79.49
 30
0.0
 11
217.87
 21
86.11
 31
0.0
  0
LINE
  5
AA1
330
17
100
AcDbEntity
  8
LINES
100
AcDbLine
 10
217.15
 20
85.54
 30
0.0
 11
217.15
 21
79.49
 31
0.0
  0
LINE
  5
AA2
330
17
100
AcDbEntity
  8
LINES
100
AcDbLine
 10
216.14
 20
83.95
 30
0.0
 11
216.71
 21
81.22
 31
0.0
  0
LINE
  5
AA3
330
17
100
AcDbEntity
  8
LINES
100
AcDbLine
 10
217.87
 20
81.22
 30
0.0
 11
218.87
 21
84.1
 31
0.0
  0
LINE
  5
AA4
330
17
100
AcDbEntity
  8
LINES
100
AcDbLine
 10
223.19
 20
85.68
 30
0.0
 11
220.46
 21
85.39
 31
0.0
  0
LINE
  5
AA5
330
17
100
AcDbEntity
  8
LINES
100
AcDbLine
 10
220.46
 20
79.49
 30
0.0
 11
223.05
 21
79.78
 31
0.0
  0
LINE
  5
AA6
330
17
100
AcDbEntity
  8
LINES
100
AcDbLine
 10
223.19
 20
79.34
 30
0.0
 11
223.19
 21
85.97
 31
0.0
  0
LINE
  5
AA7
330
17
100
AcDbEntity
  8
LINES
100
AcDbLine
 10
220.46
 20
85.97
 30
0.0
 11
220.46
 21
79.34
 31
0.0
  0
LINE
  5
AA8
330
17
100
AcDbEntity
  8
LINES
100
AcDbLine
 10
220.46
 20
86.11
 30
0.0
 11
220.46
 21
78.91
 31
0.0
  0
LINE
  5
AA9
330
17
100
AcDbEntity
  8
LINES
100
AcDbLine
 10
221.9
 20
84.96
 30
0.0
 11
220.75
 21
83.09
 31
0.0
  0
LINE
  5
AAA
330
17
100
AcDbEntity
  8
LINES
100
AcDbLine
 10
221.61
 20
81.94
 30
0.0
 11
222.04
 21
81.22
 31
0.0
  0
LINE
  5
AAB
330
17
100
AcDbEntity
  8
LINES
100
AcDbLine
 10
221.47
 20
80.93
 30
0.0
 11
222.04
 21
80.06
 31
0.0
  0
LINE
  5
AAC
330
17
100
AcDbEntity
  8
LINES
100
AcDbLine
 10
221.47
 20
84.1
 30
0.0
 11
222.33
 21
84.38
 31
0.0
  0
LINE
  5
AAD
330
17
100
AcDbEntity
  8
LINES
100
AcDbLine
 10
220.6
 20
81.36
 30
0.0
 11
221.47
 21
82.51
 31
0.0
  0
LINE
  5
AAE
330
17
100
AcDbEntity
  8
LINES
100
AcDbLine
 10
225.35
 20
85.97
 30
0.0
 11
224.49
 21
83.23
 31
0.0
  0
LINE
  5
AAF
330
17
100
AcDbEntity
  8
LINES
100
AcDbLine
 10
224.35
 20
79.49
 30
0.0
 11
225.79
 21
80.64
 31
0.0
  0
LINE
  5
AB0
330
17
100
AcDbEntity
  8
LINES
100
AcDbLine
 10
224.49
 20
81.36
 30
0.0
 11
225.79
 21
81.94
 31
0.0
  0
LINE
  5
AB1
330
17
100
AcDbEntity
  8
LINES
100
AcDbLine
 10
225.79
 20
84.24
 30
0.0
 11
224.63
 21
81.36
 31
0.0
  0
LINE
  5
AB2
330
17
100
AcDbEntity
  8
LINES
100
AcDbLine
 10
224.35
 20
83.09
 30
0.0
 11
225.5
 21
83.66
 31
0.0
  0
LINE
  5
AB3
330
17
100
AcDbEntity
  8
LINES
100
AcDbLine
 10
226.36
 20
84.96
 30
0.0
 11
226.07
 21
79.49
 31
0.0
  0
LINE
  5
AB4
330
17
100
AcDbEntity
  8
LINES
100
AcDbLine
 10
225.93
 20
79.34
 30
0.0
 11
226.94
 21
80.64
 31
0.0
  0
LINE
  5
AB5
330
17
100
AcDbEntity
  8
LINES
100
AcDbLine
 10
226.22
 20
82.66
 30
0.0
 11
227.95
 21
83.09
 31
0.0
  0
LINE
  5
AB6
330
17
100
AcDbEntity
  8
LINES
100
AcDbLine
 10
230.68
 20
83.52
 30
0.0
 11
230.25
 21
81.65
 31
0.0
  0
LINE
  5
AB7
330
17
100
AcDbEntity
  8
LINES
100
AcDbLine
 10
229.1
 20
83.23
 30
0.0
 11
232.12
 21
83.95
 31
0.0
  0
LINE
  5
AB8
330
17
100
AcDbEntity
  8
LINES
100
AcDbLine
 10
230.68
 20
82.51
 30
0.0
 11
231.26
 21
81.07
 31
0.0
  0
LINE
  5
AB9
330
17
100
AcDbEntity
  8
LINES
100
AcDbLine
 10
229.53
 20
85.82
 30
0.0
 11
230.25
 21
84.24
 31
0.0
  0
LINE
  5
ABA
330
17
100
AcDbEntity
  8
LINES
100
AcDbLine
 10
228.95
 20
78.91
 30
0.0
 11
230.25
 21
81.65
 31
0.0
  0
LINE
  5
ABB
330
17
100
AcDbEntity
  8
LINES
100
AcDbLine
 10
230.68
 20
83.52
 30
0.0
 11
230.97
 21
86.4
 31
0.0
  0
LINE
  5
ABC
330
17
100
AcDbEntity
  8
LINES
100
AcDbLine
 10
233.85
 20
83.95
 30
0.0
 11
233.27
 21
84.96
 31
0.0
  0
LINE
  5
ABD
330
17
100
AcDbEntity
  8
LINES
100
AcDbLine
 10
235.15
 20
86.4
 30
0.0
 11
234.28
 21
82.8
 31
0.0
  0
LINE
  5
ABE
330
17
100
AcDbEntity
  8
LINES
100
AcDbLine
 10
234.71
 20
83.95
 30
0.0
 11
236.44
 21
84.24
 31
0.0
  0
LINE
  5
ABF
330
17
100
AcDbEntity
  8
LINES
100
AcDbLine
 10
235.15
 20
82.51
 30
0.0
 11
236.44
 21
82.8
 31
0.0
  0
LINE
  5
AC0
330
17
100
AcDbEntity
  8
LINES
100
AcDbLine
 10
235.15
 20
81.07
 30
0.0
 11
236.3
 21
81.22
 31
0.0
  0
LINE
  5
AC1
330
17
100
AcDbEntity
  8
LINES
100
AcDbLine
 10
235.72
 20
84.1
 30
0.0
 11
235.58
 21
79.49
 31
0.0
  0
LINE
  5
AC2
330
17
100
AcDbEntity
  8
LINES
100
AcDbLine
 10
234.57
 20
79.49
 30
0.0
 11
236.73
 21
79.78
 31
0.0
  0
LINE
  5
AC3
330
17
100
AcDbEntity
  8
LINES
100
AcDbLine
 10
235.58
 20
85.82
 30
0.0
 11
235.87
 21
84.53
 31
0.0
  0
LINE
  5
AC4
330
17
100
AcDbEntity
  8
LINES
100
AcDbLine
 10
234.57
 20
84.1
 30
0.0
 11
234.57
 21
78.77
 31
0.0
  0
LINE
  5
AC5
330
17
100
AcDbEntity
  8
LINES
100
AcDbLine
 10
150.91
 20
71.86
 30
0.0
 11
150.91
 21
63.65
 31
0.0
  0
LINE
  5
AC6
330
17
100
AcDbEntity
  8
LINES
100
AcDbLine
 10
160.7
 20
70.56
 30
0.0
 11
157.96
 21
70.13
 31
0.0
  0
LINE
  5
AC7
330
17
100
AcDbEntity
  8
LINES
100
AcDbLine
 10
157.96
 20
64.37
 30
0.0
 11
160.55
 21
64.66
 31
0.0
  0
LINE
  5
AC8
330
17
100
AcDbEntity
  8
LINES
100
AcDbLine
 10
160.7
 20
64.22
 30
0.0
 11
160.7
 21
70.85
 31
0.0
  0
LINE
  5
AC9
330
17
100
AcDbEntity
  8
LINES
100
AcDbLine
 10
157.96
 20
70.85
 30
0.0
 11
157.96
 21
64.08
 31
0.0
  0
LINE
  5
ACA
330
17
100
AcDbEntity
  8
LINES
100
AcDbLine
 10
157.96
 20
70.99
 30
0.0
 11
157.96
 21
63.79
 31
0.0
  0
LINE
  5
ACB
330
17
100
AcDbEntity
  8
LINES
100
AcDbLine
 10
159.4
 20
69.84
 30
0.0
 11
158.25
 21
67.82
 31
0.0
  0
LINE
  5
ACC
330
17
100
AcDbEntity
  8
LINES
100
AcDbLine
 10
159.11
 20
66.82
 30
0.0
 11
159.55
 21
66.1
 31
0.0
  0
LINE
  5
ACD
330
17
100
AcDbEntity
  8
LINES
100
AcDbLine
 10
158.97
 20
65.81
 30
0.0
 11
159.55
 21
64.94
 31
0.0
  0
LINE
  5
ACE
330
17
100
AcDbEntity
  8
LINES
100
AcDbLine
 10
158.97
 20
68.98
 30
0.0
 11
159.83
 21
69.12
 31
0.0
  0
LINE
  5
ACF
330
17
100
AcDbEntity
  8
LINES
100
AcDbLine
 10
157.96
 20
66.24
 30
0.0
 11
158.97
 21
67.25
 31
0.0
  0
LINE
  5
AD0
330
17
100
AcDbEntity
  8
LINES
100
AcDbLine
 10
162.86
 20
70.85
 30
0.0
 11
161.99
 21
68.11
 31
0.0
  0
LINE
  5
AD1
330
17
100
AcDbEntity
  8
LINES
100
AcDbLine
 10
161.85
 20
64.37
 30
0.0
 11
163.29
 21
65.52
 31
0.0
  0
LINE
  5
AD2
330
17
100
AcDbEntity
  8
LINES
100
AcDbLine
 10
161.99
 20
66.24
 30
0.0
 11
163.29
 21
66.82
 31
0.0
  0
LINE
  5
AD3
330
17
100
AcDbEntity
  8
LINES
100
AcDbLine
 10
163.29
 20
69.12
 30
0.0
 11
162.14
 21
66.24
 31
0.0
  0
LINE
  5
AD4
330
17
100
AcDbEntity
  8
LINES
100
AcDbLine
 10
161.85
 20
67.97
 30
0.0
 11
163.0
 21
68.54
 31
0.0
  0
LINE
  5
AD5
330
17
100
AcDbEntity
  8
LINES
100
AcDbLine
 10
163.87
 20
69.7
 30
0.0
 11
163.58
 21
64.37
 31
0.0
  0
LINE
  5
AD6
330
17
100
AcDbEntity
  8
LINES
100
AcDbLine
 10
163.43
 20
64.22
 30
0.0
 11
164.3
 21
65.52
 31
0.0
  0
LINE
  5
AD7
330
17
100
AcDbEntity
  8
LINES
100
AcDbLine
 10
163.72
 20
67.39
 30
0.0
 11
165.45
 21
67.82
 31
0.0
  0
LINE
  5
AD8
330
17
100
AcDbEntity
  8
LINES
100
AcDbLine
 10
169.05
 20
66.96
 30
0.0
 11
169.91
 21
65.09
 31
0.0
  0
LINE
  5
AD9
330
17
100
AcDbEntity
  8
LINES
100
AcDbLine
 10
168.19
 20
67.25
 30
0.0
 11
167.32
 21
64.94
 31
0.0
  0
LINE
  5
ADA
330
17
100
AcDbEntity
  8
LINES
100
AcDbLine
 10
168.76
 20
63.65
 30
0.0
 11
168.04
 21
64.8
 31
0.0
  0
LINE
  5
ADB
330
17
100
AcDbEntity
  8
LINES
100
AcDbLine
 10
167.61
 20
68.11
 30
0.0
 11
169.91
 21
68.54
 31
0.0
  0
LINE
  5
ADC
330
17
100
AcDbEntity
  8
LINES
100
AcDbLine
 10
167.9
 20
70.13
 30
0.0
 11
169.34
 21
70.42
 31
0.0
  0
LINE
  5
ADD
330
17
100
AcDbEntity
  8
LINES
100
AcDbLine
 10
167.03
 20
68.54
 30
0.0
 11
167.47
 21
67.39
 31
0.0
  0
LINE
  5
ADE
330
17
100
AcDbEntity
  8
LINES
100
AcDbLine
 10
167.03
 20
68.54
 30
0.0
 11
166.17
 21
65.95
 31
0.0
  0
LINE
  5
ADF
330
17
100
AcDbEntity
  8
LINES
100
AcDbLine
 10
167.03
 20
71.14
 30
0.0
 11
167.03
 21
63.79
 31
0.0
  0
LINE
  5
AE0
330
17
100
AcDbEntity
  8
LINES
100
AcDbLine
 10
167.47
 20
69.12
 30
0.0
 11
166.17
 21
68.83
 31
0.0
  0
LINE
  5
AE1
330
17
100
AcDbEntity
  8
LINES
100
AcDbLine
 10
168.76
 20
63.79
 30
0.0
 11
168.76
 21
68.4
 31
0.0
  0
LINE
  5
AE2
330
17
100
AcDbEntity
  8
LINES
100
AcDbLine
 10
171.21
 20
70.13
 30
0.0
 11
171.64
 21
69.26
 31
0.0
  0
LINE
  5
AE3
330
17
100
AcDbEntity
  8
LINES
100
AcDbLine
 10
170.49
 20
68.11
 30
0.0
 11
171.07
 21
67.1
 31
0.0
  0
LINE
  5
AE4
330
17
100
AcDbEntity
  8
LINES
100
AcDbLine
 10
172.07
 20
69.12
 30
0.0
 11
174.09
 21
69.55
 31
0.0
  0
LINE
  5
AE5
330
17
100
AcDbEntity
  8
LINES
100
AcDbLine
 10
173.08
 20
69.26
 30
0.0
 11
172.94
 21
64.22
 31
0.0
  0
LINE
  5
AE6
330
17
100
AcDbEntity
  8
LINES
100
AcDbLine
 10
172.65
 20
70.85
 30
0.0
 11
173.08
 21
69.55
 31
0.0
  0
LINE
  5
AE7
330
17
100
AcDbEntity
  8
LINES
100
AcDbLine
 10
172.22
 20
66.38
 30
0.0
 11
173.8
 21
66.67
 31
0.0
  0
LINE
  5
AE8
330
17
100
AcDbEntity
  8
LINES
100
AcDbLine
 10
174.23
 20
64.22
 30
0.0
 11
171.64
 21
63.79
 31
0.0
  0
LINE
  5
AE9
330
17
100
AcDbEntity
  8
LINES
100
AcDbLine
 10
175.96
 20
71.14
 30
0.0
 11
176.54
 21
69.7
 31
0.0
  0
LINE
  5
AEA
330
17
100
AcDbEntity
  8
LINES
100
AcDbLine
 10
177.55
 20
71.14
 30
0.0
 11
176.97
 21
69.41
 31
0.0
  0
LINE
  5
AEB
330
17
100
AcDbEntity
  8
LINES
100
AcDbLine
 10
175.82
 20
69.55
 30
0.0
 11
175.82
 21
66.67
 31
0.0
  0
LINE
  5
AEC
330
17
100
AcDbEntity
  8
LINES
100
AcDbLine
 10
175.82
 20
66.82
 30
0.0
 11
177.98
 21
67.1
 31
0.0
  0
LINE
  5
AED
330
17
100
AcDbEntity
  8
LINES
100
AcDbLine
 10
177.83
 20
69.41
 30
0.0
 11
175.82
 21
69.12
 31
0.0
  0
LINE
  5
AEE
330
17
100
AcDbEntity
  8
LINES
100
AcDbLine
 10
176.11
 20
68.11
 30
0.0
 11
177.55
 21
68.26
 31
0.0
  0
LINE
  5
AEF
330
17
100
AcDbEntity
  8
LINES
100
AcDbLine
 10
174.81
 20
65.81
 30
0.0
 11
178.7
 21
66.24
 31
0.0
  0
LINE
  5
AF0
330
17
100
AcDbEntity
  8
LINES
100
AcDbLine
 10
177.83
 20
69.55
 30
0.0
 11
177.69
 21
67.1
 31
0.0
  0
LINE
  5
AF1
330
17
100
AcDbEntity
  8
LINES
100
AcDbLine
 10
176.83
 20
63.65
 30
0.0
 11
176.83
 21
69.26
 31
0.0
  0
LINE
  5
AF2
330
17
100
AcDbEntity
  8
LINES
100
AcDbLine
 10
180.43
 20
71.14
 30
0.0
 11
178.99
 21
67.25
 31
0.0
  0
LINE
  5
AF3
330
17
100
AcDbEntity
  8
LINES
100
AcDbLine
 10
179.99
 20
69.55
 30
0.0
 11
179.99
 21
63.65
 31
0.0
  0
LINE
  5
AF4
330
17
100
AcDbEntity
  8
LINES
100
AcDbLine
 10
181.43
 20
70.99
 30
0.0
 11
181.72
 21
69.55
 31
0.0
  0
LINE
  5
AF5
330
17
100
AcDbEntity
  8
LINES
100
AcDbLine
 10
180.43
 20
68.69
 30
0.0
 11
182.73
 21
68.98
 31
0.0
  0
LINE
  5
AF6
330
17
100
AcDbEntity
  8
LINES
100
AcDbLine
 10
180.86
 20
67.82
 30
0.0
 11
181.29
 21
65.95
 31
0.0
  0
LINE
  5
AF7
330
17
100
AcDbEntity
  8
LINES
100
AcDbLine
 10
182.15
 20
68.11
 30
0.0
 11
181.72
 21
64.8
 31
0.0
  0
LINE
  5
AF8
330
17
100
AcDbEntity
  8
LINES
100
AcDbLine
 10
180.28
 20
64.51
 30
0.0
 11
183.02
 21
64.8
 31
0.0
  0
LINE
  5
AF9
330
17
100
AcDbEntity
  8
LINES
100
AcDbLine
 10
185.61
 20
68.4
 30
0.0
 11
185.18
 21
66.53
 31
0.0
  0
LINE
  5
AFA
330
17
100
AcDbEntity
  8
LINES
100
AcDbLine
 10
184.03
 20
68.11
 30
0.0
 11
187.05
 21
68.69
 31
0.0
  0
LINE
  5
AFB
330
17
100
AcDbEntity
  8
LINES
100
AcDbLine
 10
185.61
 20
67.25
 30
0.0
 11
186.19
 21
65.95
 31
0.0
  0
LINE
  5
AFC
330
17
100
AcDbEntity
  8
LINES
100
AcDbLine
 10
184.46
 20
70.56
 30
0.0
 11
185.18
 21
69.12
 31
0.0
  0
LINE
  5
AFD
330
17
100
AcDbEntity
  8
LINES
100
AcDbLine
 10
183.88
 20
63.79
 30
0.0
 11
185.18
 21
66.53
 31
0.0
  0
LINE
  5
AFE
330
17
100
AcDbEntity
  8
LINES
100
AcDbLine
 10
185.61
 20
68.4
 30
0.0
 11
185.9
 21
71.28
 31
0.0
  0
LINE
  5
AFF
330
17
100
AcDbEntity
  8
LINES
100
AcDbLine
 10
187.63
 20
63.65
 30
0.0
 11
187.63
 21
69.12
 31
0.0
  0
LINE
  5
B00
330
17
100
AcDbEntity
  8
LINES
100
AcDbLine
 10
196.84
 20
63.65
 30
0.0
 11
196.84
 21
69.12
 31
0.0
  0
LINE
  5
B01
330
17
100
AcDbEntity
  8
LINES
100
AcDbLine
 10
214.12
 20
65.38
 30
0.0
 11
211.1
 21
64.51
 31
0.0
  0
LINE
  5
B02
330
17
100
AcDbEntity
  8
LINES
100
AcDbLine
 10
212.97
 20
70.27
 30
0.0
 11
212.54
 21
71.14
 31
0.0
  0
LINE
  5
B03
330
17
100
AcDbEntity
  8
LINES
100
AcDbLine
 10
213.55
 20
69.55
 30
0.0
 11
213.55
 21
68.4
 31
0.0
  0
LINE
  5
B04
330
17
100
AcDbEntity
  8
LINES
100
AcDbLine
 10
211.96
 20
68.98
 30
0.0
 11
213.55
 21
69.26
 31
0.0
  0
LINE
  5
B05
330
17
100
AcDbEntity
  8
LINES
100
AcDbLine
 10
211.96
 20
67.68
 30
0.0
 11
211.96
 21
69.26
 31
0.0
  0
LINE
  5
B06
330
17
100
AcDbEntity
  8
LINES
100
AcDbLine
 10
213.69
 20
68.4
 30
0.0
 11
211.96
 21
68.11
 31
0.0
  0
LINE
  5
B07
330
17
100
AcDbEntity
  8
LINES
100
AcDbLine
 10
213.98
 20
66.82
 30
0.0
 11
214.41
 21
67.97
 31
0.0
  0
LINE
  5
B08
330
17
100
AcDbEntity
  8
LINES
100
AcDbLine
 10
211.24
 20
67.25
 30
0.0
 11
214.27
 21
67.68
 31
0.0
  0
LINE
  5
B09
330
17
100
AcDbEntity
  8
LINES
100
AcDbLine
 10
210.95
 20
66.24
 30
0.0
 11
211.39
 21
67.82
 31
0.0
  0
LINE
  5
B0A
330
17
100
AcDbEntity
  8
LINES
100
AcDbLine
 10
212.68
 20
63.94
 30
0.0
 11
212.68
 21
66.67
 31
0.0
  0
LINE
  5
B0B
330
17
100
AcDbEntity
  8
LINES
100
AcDbLine
 10
211.39
 20
65.38
 30
0.0
 11
213.69
 21
65.95
 31
0.0
  0
LINE
  5
B0C
330
17
100
AcDbEntity
  8
LINES
100
AcDbLine
 10
213.55
 20
66.96
 30
0.0
 11
211.53
 21
66.24
 31
0.0
  0
LINE
  5
B0D
330
17
100
AcDbEntity
  8
LINES
100
AcDbLine
 10
214.27
 20
70.13
 30
0.0
 11
210.95
 21
69.7
 31
0.0
  0
LINE
  5
B0E
330
17
100
AcDbEntity
  8
LINES
100
AcDbLine
 10
217.29
 20
71.14
 30
0.0
 11
217.29
 21
63.65
 31
0.0
  0
LINE
  5
B0F
330
17
100
AcDbEntity
  8
LINES
100
AcDbLine
 10
215.71
 20
67.68
 30
0.0
 11
218.87
 21
68.26
 31
0.0
  0
LINE
  5
B10
330
17
100
AcDbEntity
  8
LINES
100
AcDbLine
 10
216.28
 20
69.98
 30
0.0
 11
216.57
 21
68.69
 31
0.0
  0
LINE
  5
B11
330
17
100
AcDbEntity
  8
LINES
100
AcDbLine
 10
218.44
 20
70.13
 30
0.0
 11
217.72
 21
68.11
 31
0.0
  0
LINE
  5
B12
330
17
100
AcDbEntity
  8
LINES
100
AcDbLine
 10
665.99
 20
456.48
 30
0.0
 11
665.99
 21
451.73
 31
0.0
  0
LINE
  5
B13
330
17
100
AcDbEntity
  8
LINES
100
AcDbLine
 10
664.41
 20
455.33
 30
0.0
 11
667.72
 21
452.88
 31
0.0
  0
LINE
  5
B14
330
17
100
AcDbEntity
  8
LINES
100
AcDbLine
 10
667.72
 20
455.33
 30
0.0
 11
664.41
 21
452.88
 31
0.0
  0
LINE
  5
B15
330
17
100
AcDbEntity
  8
LINES
100
AcDbLine
 10
665.99
 20
432.72
 30
0.0
 11
665.99
 21
427.97
 31
0.0
  0
LINE
  5
B16
330
17
100
AcDbEntity
  8
LINES
100
AcDbLine
 10
664.41
 20
431.57
 30
0.0
 11
667.72
 21
429.12
 31
0.0
  0
LINE
  5
B17
330
17
100
AcDbEntity
  8
LINES
100
AcDbLine
 10
667.72
 20
431.57
 30
0.0
 11
664.41
 21
429.12
 31
0.0
  0
LINE
  5
B18
330
17
100
AcDbEntity
  8
LINES
100
AcDbLine
 10
665.99
 20
411.26
 30
0.0
 11
665.99
 21
406.51
 31
0.0
  0
LINE
  5
B19
330
17
100
AcDbEntity
  8
LINES
100
AcDbLine
 10
664.41
 20
410.11
 30
0.0
 11
667.72
 21
407.66
 31
0.0
  0
LINE
  5
B1A
330
17
100
AcDbEntity
  8
LINES
100
AcDbLine
 10
667.72
 20
410.11
 30
0.0
 11
664.41
 21
407.66
 31
0.0
  0
LINE
  5
B1B
330
17
100
AcDbEntity
  8
LINES
100
AcDbLine
 10
665.99
 20
365.9
 30
0.0
 11
665.99
 21
361.01
 31
0.0
  0
LINE
  5
B1C
330
17
100
AcDbEntity
  8
LINES
100
AcDbLine
 10
664.41
 20
364.75
 30
0.0
 11
667.72
 21
362.3
 31
0.0
  0
LINE
  5
B1D
330
17
100
AcDbEntity
  8
LINES
100
AcDbLine
 10
667.72
 20
364.75
 30
0.0
 11
664.41
 21
362.3
 31
0.0
  0
LINE
  5
B1E
330
17
100
AcDbEntity
  8
LINES
100
AcDbLine
 10
433.0
 20
311.18
 30
0.0
 11
433.0
 21
306.43
 31
0.0
  0
LINE
  5
B1F
330
17
100
AcDbEntity
  8
LINES
100
AcDbLine
 10
431.42
 20
310.03
 30
0.0
 11
434.73
 21
307.58
 31
0.0
  0
LINE
  5
B20
330
17
100
AcDbEntity
  8
LINES
100
AcDbLine
 10
434.73
 20
310.03
 30
0.0
 11
431.42
 21
307.58
 31
0.0
  0
LINE
  5
B21
330
17
100
AcDbEntity
  8
LINES
100
AcDbLine
 10
455.75
 20
310.9
 30
0.0
 11
455.75
 21
306.0
 31
0.0
  0
LINE
  5
B22
330
17
100
AcDbEntity
  8
LINES
100
AcDbLine
 10
454.17
 20
309.74
 30
0.0
 11
457.48
 21
307.3
 31
0.0
  0
LINE
  5
B23
330
17
100
AcDbEntity
  8
LINES
100
AcDbLine
 10
457.48
 20
309.74
 30
0.0
 11
454.17
 21
307.3
 31
0.0
  0
LINE
  5
B24
330
17
100
AcDbEntity
  8
LINES
100
AcDbLine
 10
372.52
 20
286.27
 30
0.0
 11
372.52
 21
281.52
 31
0.0
  0
LINE
  5
B25
330
17
100
AcDbEntity
  8
LINES
100
AcDbLine
 10
370.94
 20
285.12
 30
0.0
 11
374.11
 21
282.67
 31
0.0
  0
LINE
  5
B26
330
17
100
AcDbEntity
  8
LINES
100
AcDbLine
 10
374.11
 20
285.12
 30
0.0
 11
370.94
 21
282.67
 31
0.0
  0
LINE
  5
B27
330
17
100
AcDbEntity
  8
LINES
100
AcDbLine
 10
388.51
 20
286.42
 30
0.0
 11
388.51
 21
281.52
 31
0.0
  0
LINE
  5
B28
330
17
100
AcDbEntity
  8
LINES
100
AcDbLine
 10
386.78
 20
285.26
 30
0.0
 11
390.09
 21
282.82
 31
0.0
  0
LINE
  5
B29
330
17
100
AcDbEntity
  8
LINES
100
AcDbLine
 10
390.09
 20
285.26
 30
0.0
 11
386.78
 21
282.82
 31
0.0
  0
LINE
  5
B2A
330
17
100
AcDbEntity
  8
LINES
100
AcDbLine
 10
406.36
 20
286.27
 30
0.0
 11
406.36
 21
281.38
 31
0.0
  0
LINE
  5
B2B
330
17
100
AcDbEntity
  8
LINES
100
AcDbLine
 10
404.78
 20
284.98
 30
0.0
 11
407.95
 21
282.67
 31
0.0
  0
LINE
  5
B2C
330
17
100
AcDbEntity
  8
LINES
100
AcDbLine
 10
407.95
 20
284.98
 30
0.0
 11
404.78
 21
282.67
 31
0.0
  0
LINE
  5
B2D
330
17
100
AcDbEntity
  8
LINES
100
AcDbLine
 10
422.06
 20
285.98
 30
0.0
 11
422.06
 21
281.09
 31
0.0
  0
LINE
  5
B2E
330
17
100
AcDbEntity
  8
LINES
100
AcDbLine
 10
420.47
 20
284.83
 30
0.0
 11
423.79
 21
282.38
 31
0.0
  0
LINE
  5
B2F
330
17
100
AcDbEntity
  8
LINES
100
AcDbLine
 10
423.79
 20
284.83
 30
0.0
 11
420.47
 21
282.38
 31
0.0
  0
LINE
  5
B30
330
17
100
AcDbEntity
  8
LINES
100
AcDbLine
 10
439.48
 20
285.98
 30
0.0
 11
439.48
 21
281.09
 31
0.0
  0
LINE
  5
B31
330
17
100
AcDbEntity
  8
LINES
100
AcDbLine
 10
437.75
 20
284.83
 30
0.0
 11
441.07
 21
282.38
 31
0.0
  0
LINE
  5
B32
330
17
100
AcDbEntity
  8
LINES
100
AcDbLine
 10
441.07
 20
284.83
 30
0.0
 11
437.75
 21
282.38
 31
0.0
  0
LINE
  5
B33
330
17
100
AcDbEntity
  8
LINES
100
AcDbLine
 10
456.76
 20
286.13
 30
0.0
 11
456.76
 21
281.23
 31
0.0
  0
LINE
  5
B34
330
17
100
AcDbEntity
  8
LINES
100
AcDbLine
 10
455.18
 20
284.83
 30
0.0
 11
458.35
 21
282.38
 31
0.0
  0
LINE
  5
B35
330
17
100
AcDbEntity
  8
LINES
100
AcDbLine
 10
458.35
 20
284.83
 30
0.0
 11
455.18
 21
282.38
 31
0.0
  0
LINE
  5
B36
330
17
100
AcDbEntity
  8
LINES
100
AcDbLine
 10
196.99
 20
156.24
 30
0.0
 11
196.99
 21
133.34
 31
0.0
  0
LINE
  5
B37
330
17
100
AcDbEntity
  8
LINES
100
AcDbLine
 10
219.88
 20
135.94
 30
0.0
 11
196.99
 21
135.94
 31
0.0
  0
LINE
  5
B38
330
17
100
AcDbEntity
  8
LINES
100
AcDbLine
 10
219.88
 20
133.34
 30
0.0
 11
196.99
 21
133.34
 31
0.0
  0
LINE
  5
B39
330
17
100
AcDbEntity
  8
LINES
100
AcDbLine
 10
219.88
 20
135.94
 30
0.0
 11
219.88
 21
133.34
 31
0.0
  0
LINE
  5
B3A
330
17
100
AcDbEntity
  8
LINES
100
AcDbLine
 10
196.99
 20
135.94
 30
0.0
 11
196.99
 21
156.24
 31
0.0
  0
LINE
  5
B3B
330
17
100
AcDbEntity
  8
LINES
100
AcDbLine
 10
196.99
 20
156.24
 30
0.0
 11
219.88
 21
156.24
 31
0.0
  0
LINE
  5
B3C
330
17
100
AcDbEntity
  8
LINES
100
AcDbLine
 10
219.88
 20
135.94
 30
0.0
 11
219.88
 21
156.24
 31
0.0
  0
LINE
  5
B3D
330
17
100
AcDbEntity
  8
LINES
100
AcDbLine
 10
232.7
 20
150.62
 30
0.0
 11
232.7
 21
141.26
 31
0.0
  0
LINE
  5
B3E
330
17
100
AcDbEntity
  8
LINES
100
AcDbLine
 10
231.11
 20
147.6
 30
0.0
 11
234.28
 21
148.18
 31
0.0
  0
LINE
  5
B3F
330
17
100
AcDbEntity
  8
LINES
100
AcDbLine
 10
231.98
 20
143.71
 30
0.0
 11
233.56
 21
144.0
 31
0.0
  0
LINE
  5
B40
330
17
100
AcDbEntity
  8
LINES
100
AcDbLine
 10
237.45
 20
145.15
 30
0.0
 11
237.02
 21
141.41
 31
0.0
  0
LINE
  5
B41
330
17
100
AcDbEntity
  8
LINES
100
AcDbLine
 10
237.45
 20
147.31
 30
0.0
 11
238.17
 21
147.6
 31
0.0
  0
LINE
  5
B42
330
17
100
AcDbEntity
  8
LINES
100
AcDbLine
 10
237.45
 20
145.3
 30
0.0
 11
238.17
 21
145.58
 31
0.0
  0
LINE
  5
B43
330
17
100
AcDbEntity
  8
LINES
100
AcDbLine
 10
235.15
 20
148.46
 30
0.0
 11
237.02
 21
148.9
 31
0.0
  0
LINE
  5
B44
330
17
100
AcDbEntity
  8
LINES
100
AcDbLine
 10
235.72
 20
150.34
 30
0.0
 11
235.72
 21
144.72
 31
0.0
  0
LINE
  5
B45
330
17
100
AcDbEntity
  8
LINES
100
AcDbLine
 10
235.0
 20
144.43
 30
0.0
 11
237.02
 21
144.86
 31
0.0
  0
LINE
  5
B46
330
17
100
AcDbEntity
  8
LINES
100
AcDbLine
 10
236.73
 20
150.62
 30
0.0
 11
236.44
 21
144.72
 31
0.0
  0
LINE
  5
B47
330
17
100
AcDbEntity
  8
LINES
100
AcDbLine
 10
235.72
 20
147.31
 30
0.0
 11
236.44
 21
147.46
 31
0.0
  0
LINE
  5
B48
330
17
100
AcDbEntity
  8
LINES
100
AcDbLine
 10
235.72
 20
145.87
 30
0.0
 11
236.44
 21
146.3
 31
0.0
  0
LINE
  5
B49
330
17
100
AcDbEntity
  8
LINES
100
AcDbLine
 10
235.72
 20
144.0
 30
0.0
 11
235.0
 21
141.7
 31
0.0
  0
LINE
  5
B4A
330
17
100
AcDbEntity
  8
LINES
100
AcDbLine
 10
236.3
 20
144.0
 30
0.0
 11
236.59
 21
142.56
 31
0.0
  0
LINE
  5
B4B
330
17
100
AcDbEntity
  8
LINES
100
AcDbLine
 10
237.45
 20
149.33
 30
0.0
 11
238.17
 21
149.47
 31
0.0
  0
LINE
  5
B4C
330
17
100
AcDbEntity
  8
LINES
100
AcDbLine
 10
237.45
 20
149.76
 30
0.0
 11
237.45
 21
145.15
 31
0.0
  0
LINE
  5
B4D
330
17
100
AcDbEntity
  8
LINES
100
AcDbLine
 10
241.77
 20
147.02
 30
0.0
 11
241.77
 21
141.41
 31
0.0
  0
LINE
  5
B4E
330
17
100
AcDbEntity
  8
LINES
100
AcDbLine
 10
241.05
 20
147.02
 30
0.0
 11
242.35
 21
147.31
 31
0.0
  0
LINE
  5
B4F
330
17
100
AcDbEntity
  8
LINES
100
AcDbLine
 10
242.06
 20
150.19
 30
0.0
 11
241.05
 21
148.75
 31
0.0
  0
LINE
  5
B50
330
17
100
AcDbEntity
  8
LINES
100
AcDbLine
 10
240.19
 20
144.58
 30
0.0
 11
240.76
 21
143.42
 31
0.0
  0
LINE
  5
B51
330
17
100
AcDbEntity
  8
LINES
100
AcDbLine
 10
239.61
 20
144.58
 30
0.0
 11
239.03
 21
142.7
 31
0.0
  0
LINE
  5
B52
330
17
100
AcDbEntity
  8
LINES
100
AcDbLine
 10
239.18
 20
145.15
 30
0.0
 11
240.62
 21
145.58
 31
0.0
  0
LINE
  5
B53
330
17
100
AcDbEntity
  8
LINES
100
AcDbLine
 10
239.03
 20
146.59
 30
0.0
 11
240.76
 21
147.02
 31
0.0
  0
LINE
  5
B54
330
17
100
AcDbEntity
  8
LINES
100
AcDbLine
 10
240.19
 20
148.9
 30
0.0
 11
240.04
 21
147.02
 31
0.0
  0
LINE
  5
B55
330
17
100
AcDbEntity
  8
LINES
100
AcDbLine
 10
239.61
 20
148.46
 30
0.0
 11
239.75
 21
147.31
 31
0.0
  0
LINE
  5
B56
330
17
100
AcDbEntity
  8
LINES
100
AcDbLine
 10
239.18
 20
148.75
 30
0.0
 11
240.62
 21
149.18
 31
0.0
  0
LINE
  5
B57
330
17
100
AcDbEntity
  8
LINES
100
AcDbLine
 10
239.75
 20
150.48
 30
0.0
 11
240.04
 21
149.47
 31
0.0
  0
LINE
  5
B58
330
17
100
AcDbEntity
  8
LINES
100
AcDbLine
 10
242.92
 20
142.27
 30
0.0
 11
246.38
 21
142.56
 31
0.0
  0
LINE
  5
B59
330
17
100
AcDbEntity
  8
LINES
100
AcDbLine
 10
244.65
 20
150.34
 30
0.0
 11
244.65
 21
142.42
 31
0.0
  0
LINE
  5
B5A
330
17
100
AcDbEntity
  8
LINES
100
AcDbLine
 10
245.8
 20
147.17
 30
0.0
 11
244.65
 21
146.88
 31
0.0
  0
LINE
  5
B5B
330
17
100
AcDbEntity
  8
LINES
100
AcDbLine
 10
249.11
 20
148.03
 30
0.0
 11
249.11
 21
143.42
 31
0.0
  0
LINE
  5
B5C
330
17
100
AcDbEntity
  8
LINES
100
AcDbLine
 10
248.68
 20
145.15
 30
0.0
 11
249.69
 21
145.44
 31
0.0
  0
LINE
  5
B5D
330
17
100
AcDbEntity
  8
LINES
100
AcDbLine
 10
248.68
 20
146.59
 30
0.0
 11
249.55
 21
146.74
 31
0.0
  0
LINE
  5
B5E
330
17
100
AcDbEntity
  8
LINES
100
AcDbLine
 10
248.83
 20
149.18
 30
0.0
 11
249.26
 21
148.18
 31
0.0
  0
LINE
  5
B5F
330
17
100
AcDbEntity
  8
LINES
100
AcDbLine
 10
248.39
 20
147.89
 30
0.0
 11
249.98
 21
148.32
 31
0.0
  0
LINE
  5
B60
330
17
100
AcDbEntity
  8
LINES
100
AcDbLine
 10
248.39
 20
148.46
 30
0.0
 11
248.39
 21
143.57
 31
0.0
  0
LINE
  5
B61
330
17
100
AcDbEntity
  8
LINES
100
AcDbLine
 10
246.95
 20
146.45
 30
0.0
 11
247.96
 21
146.88
 31
0.0
  0
LINE
  5
B62
330
17
100
AcDbEntity
  8
LINES
100
AcDbLine
 10
247.39
 20
149.76
 30
0.0
 11
247.82
 21
148.46
 31
0.0
  0
LINE
  5
B63
330
17
100
AcDbEntity
  8
LINES
100
AcDbLine
 10
249.83
 20
150.48
 30
0.0
 11
249.11
 21
148.75
 31
0.0
  0
LINE
  5
B64
330
17
100
AcDbEntity
  8
LINES
100
AcDbLine
 10
248.39
 20
149.9
 30
0.0
 11
249.69
 21
150.19
 31
0.0
  0
LINE
  5
B65
330
17
100
AcDbEntity
  8
LINES
100
AcDbLine
 10
249.98
 20
141.7
 30
0.0
 11
250.41
 21
141.98
 31
0.0
  0
LINE
  5
B66
330
17
100
AcDbEntity
  8
LINES
100
AcDbLine
 10
252.43
 20
142.13
 30
0.0
 11
253.58
 21
142.27
 31
0.0
  0
LINE
  5
B67
330
17
100
AcDbEntity
  8
LINES
100
AcDbLine
 10
253.72
 20
144.72
 30
0.0
 11
253.43
 21
142.27
 31
0.0
  0
LINE
  5
B68
330
17
100
AcDbEntity
  8
LINES
100
AcDbLine
 10
252.43
 20
144.72
 30
0.0
 11
252.43
 21
141.55
 31
0.0
  0
LINE
  5
B69
330
17
100
AcDbEntity
  8
LINES
100
AcDbLine
 10
251.85
 20
148.18
 30
0.0
 11
254.3
 21
148.61
 31
0.0
  0
LINE
  5
B6A
330
17
100
AcDbEntity
  8
LINES
100
AcDbLine
 10
252.86
 20
150.62
 30
0.0
 11
253.29
 21
148.9
 31
0.0
  0
LINE
  5
B6B
330
17
100
AcDbEntity
  8
LINES
100
AcDbLine
 10
251.99
 20
150.62
 30
0.0
 11
250.7
 21
145.87
 31
0.0
  0
LINE
  5
B6C
330
17
100
AcDbEntity
  8
LINES
100
AcDbLine
 10
251.56
 20
148.75
 30
0.0
 11
251.56
 21
141.55
 31
0.0
  0
LINE
  5
B6D
330
17
100
AcDbEntity
  8
LINES
100
AcDbLine
 10
252.28
 20
147.02
 30
0.0
 11
253.72
 21
147.31
 31
0.0
  0
LINE
  5
B6E
330
17
100
AcDbEntity
  8
LINES
100
AcDbLine
 10
253.87
 20
145.87
 30
0.0
 11
252.28
 21
145.58
 31
0.0
  0
LINE
  5
B6F
330
17
100
AcDbEntity
  8
LINES
100
AcDbLine
 10
252.43
 20
144.14
 30
0.0
 11
253.58
 21
144.43
 31
0.0
  0
LINE
  5
B70
330
17
100
AcDbEntity
  8
LINES
100
AcDbLine
 10
257.18
 20
148.46
 30
0.0
 11
257.03
 21
146.74
 31
0.0
  0
LINE
  5
B71
330
17
100
AcDbEntity
  8
LINES
100
AcDbLine
 10
256.03
 20
148.18
 30
0.0
 11
256.31
 21
146.88
 31
0.0
  0
LINE
  5
B72
330
17
100
AcDbEntity
  8
LINES
100
AcDbLine
 10
257.18
 20
146.74
 30
0.0
 11
257.18
 21
141.55
 31
0.0
  0
LINE
  5
B73
330
17
100
AcDbEntity
  8
LINES
100
AcDbLine
 10
255.59
 20
144.72
 30
0.0
 11
258.19
 21
145.15
 31
0.0
  0
LINE
  5
B74
330
17
100
AcDbEntity
  8
LINES
100
AcDbLine
 10
255.74
 20
146.45
 30
0.0
 11
257.75
 21
147.02
 31
0.0
  0
LINE
  5
B75
330
17
100
AcDbEntity
  8
LINES
100
AcDbLine
 10
257.47
 20
148.75
 30
0.0
 11
257.47
 21
150.34
 31
0.0
  0
LINE
  5
B76
330
17
100
AcDbEntity
  8
LINES
100
AcDbLine
 10
255.59
 20
148.46
 30
0.0
 11
257.61
 21
148.75
 31
0.0
  0
LINE
  5
B77
330
17
100
AcDbEntity
  8
LINES
100
AcDbLine
 10
255.59
 20
149.62
 30
0.0
 11
257.47
 21
150.05
 31
0.0
  0
LINE
  5
B78
330
17
100
AcDbEntity
  8
LINES
100
AcDbLine
 10
261.79
 20
147.02
 30
0.0
 11
260.63
 21
146.88
 31
0.0
  0
LINE
  5
B79
330
17
100
AcDbEntity
  8
LINES
100
AcDbLine
 10
261.79
 20
144.58
 30
0.0
 11
261.79
 21
147.31
 31
0.0
  0
LINE
  5
B7A
330
17
100
AcDbEntity
  8
LINES
100
AcDbLine
 10
260.63
 20
144.43
 30
0.0
 11
261.93
 21
144.58
 31
0.0
  0
LINE
  5
B7B
330
17
100
AcDbEntity
  8
LINES
100
AcDbLine
 10
260.49
 20
141.84
 30
0.0
 11
262.22
 21
142.13
 31
0.0
  0
LINE
  5
B7C
330
17
100
AcDbEntity
  8
LINES
100
AcDbLine
 10
260.63
 20
149.9
 30
0.0
 11
260.63
 21
141.84
 31
0.0
  0
LINE
  5
B7D
330
17
100
AcDbEntity
  8
LINES
100
AcDbLine
 10
262.07
 20
149.33
 30
0.0
 11
260.63
 21
148.9
 31
0.0
  0
LINE
  5
B7E
330
17
100
AcDbEntity
  8
LINES
100
AcDbLine
 10
259.77
 20
147.17
 30
0.0
 11
260.35
 21
145.87
 31
0.0
  0
LINE
  5
B7F
330
17
100
AcDbEntity
  8
LINES
100
AcDbLine
 10
260.35
 20
148.18
 30
0.0
 11
258.91
 21
147.74
 31
0.0
  0
LINE
  5
B80
330
17
100
AcDbEntity
  8
LINES
100
AcDbLine
 10
258.76
 20
144.0
 30
0.0
 11
259.77
 21
147.89
 31
0.0
  0
LINE
  5
B81
330
17
100
AcDbEntity
  8
LINES
100
AcDbLine
 10
259.77
 20
150.62
 30
0.0
 11
259.77
 21
141.26
 31
0.0
  0
LINE
  5
B82
330
17
100
AcDbEntity
  8
LINES
100
AcDbLine
 10
207.5
 20
161.57
 30
0.0
 11
207.5
 21
157.54
 31
0.0
  0
LINE
  5
B83
330
17
100
AcDbEntity
  8
LINES
100
AcDbLine
 10
206.49
 20
160.56
 30
0.0
 11
208.51
 21
158.54
 31
0.0
  0
LINE
  5
B84
330
17
100
AcDbEntity
  8
LINES
100
AcDbLine
 10
208.51
 20
160.56
 30
0.0
 11
206.49
 21
158.54
 31
0.0
  0
LINE
  5
B85
330
17
100
AcDbEntity
  8
LINES
100
AcDbLine
 10
464.54
 20
148.18
 30
0.0
 11
466.84
 21
148.61
 31
0.0
  0
LINE
  5
B86
330
17
100
AcDbEntity
  8
LINES
100
AcDbLine
 10
463.96
 20
143.28
 30
0.0
 11
467.42
 21
143.57
 31
0.0
  0
LINE
  5
B87
330
17
100
AcDbEntity
  8
LINES
100
AcDbLine
 10
468.28
 20
148.9
 30
0.0
 11
468.71
 21
147.17
 31
0.0
  0
LINE
  5
B88
330
17
100
AcDbEntity
  8
LINES
100
AcDbLine
 10
470.15
 20
150.48
 30
0.0
 11
469.29
 21
146.02
 31
0.0
  0
LINE
  5
B89
330
17
100
AcDbEntity
  8
LINES
100
AcDbLine
 10
471.16
 20
148.18
 30
0.0
 11
470.59
 21
146.3
 31
0.0
  0
LINE
  5
B8A
330
17
100
AcDbEntity
  8
LINES
100
AcDbLine
 10
470.87
 20
141.55
 30
0.0
 11
471.45
 21
141.55
 31
0.0
  0
LINE
  5
B8B
330
17
100
AcDbEntity
  8
LINES
100
AcDbLine
 10
470.01
 20
146.59
 30
0.0
 11
470.01
 21
145.3
 31
0.0
  0
LINE
  5
B8C
330
17
100
AcDbEntity
  8
LINES
100
AcDbLine
 10
470.01
 20
145.3
 30
0.0
 11
470.87
 21
141.55
 31
0.0
  0
LINE
  5
B8D
330
17
100
AcDbEntity
  8
LINES
100
AcDbLine
 10
469.43
 20
142.85
 30
0.0
 11
468.43
 21
141.26
 31
0.0
  0
LINE
  5
B8E
330
17
100
AcDbEntity
  8
LINES
100
AcDbLine
 10
469.43
 20
142.85
 30
0.0
 11
470.01
 21
145.3
 31
0.0
  0
LINE
  5
B8F
330
17
100
AcDbEntity
  8
LINES
100
AcDbLine
 10
469.58
 20
147.31
 30
0.0
 11
471.02
 21
147.89
 31
0.0
  0
LINE
  5
B90
330
17
100
AcDbEntity
  8
LINES
100
AcDbLine
 10
474.19
 20
148.46
 30
0.0
 11
474.04
 21
146.74
 31
0.0
  0
LINE
  5
B91
330
17
100
AcDbEntity
  8
LINES
100
AcDbLine
 10
473.18
 20
148.18
 30
0.0
 11
473.47
 21
146.88
 31
0.0
  0
LINE
  5
B92
330
17
100
AcDbEntity
  8
LINES
100
AcDbLine
 10
474.19
 20
146.74
 30
0.0
 11
474.19
 21
141.7
 31
0.0
  0
LINE
  5
B93
330
17
100
AcDbEntity
  8
LINES
100
AcDbLine
 10
472.75
 20
144.72
 30
0.0
 11
475.19
 21
145.3
 31
0.0
  0
LINE
  5
B94
330
17
100
AcDbEntity
  8
LINES
100
AcDbLine
 10
472.89
 20
146.45
 30
0.0
 11
474.91
 21
147.02
 31
0.0
  0
LINE
  5
B95
330
17
100
AcDbEntity
  8
LINES
100
AcDbLine
 10
474.47
 20
148.9
 30
0.0
 11
474.62
 21
150.48
 31
0.0
  0
LINE
  5
B96
330
17
100
AcDbEntity
  8
LINES
100
AcDbLine
 10
472.75
 20
148.46
 30
0.0
 11
474.62
 21
148.9
 31
0.0
  0
LINE
  5
B97
330
17
100
AcDbEntity
  8
LINES
100
AcDbLine
 10
472.75
 20
149.62
 30
0.0
 11
474.47
 21
150.05
 31
0.0
  0
LINE
  5
B98
330
17
100
AcDbEntity
  8
LINES
100
AcDbLine
 10
478.94
 20
147.17
 30
0.0
 11
477.79
 21
146.88
 31
0.0
  0
LINE
  5
B99
330
17
100
AcDbEntity
  8
LINES
100
AcDbLine
 10
478.94
 20
144.58
 30
0.0
 11
478.94
 21
147.46
 31
0.0
  0
LINE
  5
B9A
330
17
100
AcDbEntity
  8
LINES
100
AcDbLine
 10
477.79
 20
144.43
 30
0.0
 11
478.94
 21
144.58
 31
0.0
  0
LINE
  5
B9B
330
17
100
AcDbEntity
  8
LINES
100
AcDbLine
 10
477.64
 20
141.98
 30
0.0
 11
479.37
 21
142.13
 31
0.0
  0
LINE
  5
B9C
330
17
100
AcDbEntity
  8
LINES
100
AcDbLine
 10
477.79
 20
149.9
 30
0.0
 11
477.79
 21
141.98
 31
0.0
  0
LINE
  5
B9D
330
17
100
AcDbEntity
  8
LINES
100
AcDbLine
 10
479.23
 20
149.33
 30
0.0
 11
477.79
 21
148.9
 31
0.0
  0
LINE
  5
B9E
330
17
100
AcDbEntity
  8
LINES
100
AcDbLine
 10
476.78
 20
147.17
 30
0.0
 11
477.35
 21
146.02
 31
0.0
  0
LINE
  5
B9F
330
17
100
AcDbEntity
  8
LINES
100
AcDbLine
 10
477.35
 20
148.18
 30
0.0
 11
476.06
 21
147.89
 31
0.0
  0
LINE
  5
BA0
330
17
100
AcDbEntity
  8
LINES
100
AcDbLine
 10
475.91
 20
144.0
 30
0.0
 11
476.78
 21
147.89
 31
0.0
  0
LINE
  5
BA1
330
17
100
AcDbEntity
  8
LINES
100
AcDbLine
 10
476.78
 20
150.77
 30
0.0
 11
476.78
 21
141.26
 31
0.0
  0
LINE
  5
BA2
330
17
100
AcDbEntity
  8
LINES
100
AcDbLine
 10
430.84
 20
156.96
 30
0.0
 11
430.84
 21
134.06
 31
0.0
  0
LINE
  5
BA3
330
17
100
AcDbEntity
  8
LINES
100
AcDbLine
 10
453.59
 20
136.66
 30
0.0
 11
430.84
 21
136.66
 31
0.0
  0
LINE
  5
BA4
330
17
100
AcDbEntity
  8
LINES
100
AcDbLine
 10
453.59
 20
134.06
 30
0.0
 11
430.84
 21
134.06
 31
0.0
  0
LINE
  5
BA5
330
17
100
AcDbEntity
  8
LINES
100
AcDbLine
 10
453.59
 20
136.66
 30
0.0
 11
453.59
 21
134.06
 31
0.0
  0
LINE
  5
BA6
330
17
100
AcDbEntity
  8
LINES
100
AcDbLine
 10
430.84
 20
136.66
 30
0.0
 11
430.84
 21
156.96
 31
0.0
  0
LINE
  5
BA7
330
17
100
AcDbEntity
  8
LINES
100
AcDbLine
 10
430.84
 20
156.96
 30
0.0
 11
453.59
 21
156.96
 31
0.0
  0
LINE
  5
BA8
330
17
100
AcDbEntity
  8
LINES
100
AcDbLine
 10
453.59
 20
136.66
 30
0.0
 11
453.59
 21
156.96
 31
0.0
  0
LINE
  5
BA9
330
17
100
AcDbEntity
  8
LINES
100
AcDbLine
 10
313.91
 20
156.24
 30
0.0
 11
313.91
 21
133.34
 31
0.0
  0
LINE
  5
BAA
330
17
100
AcDbEntity
  8
LINES
100
AcDbLine
 10
336.81
 20
135.94
 30
0.0
 11
313.91
 21
135.94
 31
0.0
  0
LINE
  5
BAB
330
17
100
AcDbEntity
  8
LINES
100
AcDbLine
 10
336.81
 20
133.34
 30
0.0
 11
313.91
 21
133.34
 31
0.0
  0
LINE
  5
BAC
330
17
100
AcDbEntity
  8
LINES
100
AcDbLine
 10
336.81
 20
135.94
 30
0.0
 11
336.81
 21
133.34
 31
0.0
  0
LINE
  5
BAD
330
17
100
AcDbEntity
  8
LINES
100
AcDbLine
 10
313.91
 20
135.94
 30
0.0
 11
313.91
 21
156.24
 31
0.0
  0
LINE
  5
BAE
330
17
100
AcDbEntity
  8
LINES
100
AcDbLine
 10
313.91
 20
156.24
 30
0.0
 11
336.81
 21
156.24
 31
0.0
  0
LINE
  5
BAF
330
17
100
AcDbEntity
  8
LINES
100
AcDbLine
 10
336.81
 20
135.94
 30
0.0
 11
336.81
 21
156.24
 31
0.0
  0
LINE
  5
BB0
330
17
100
AcDbEntity
  8
LINES
100
AcDbLine
 10
350.2
 20
148.03
 30
0.0
 11
350.2
 21
143.42
 31
0.0
  0
LINE
  5
BB1
330
17
100
AcDbEntity
  8
LINES
100
AcDbLine
 10
349.77
 20
145.15
 30
0.0
 11
350.63
 21
145.44
 31
0.0
  0
LINE
  5
BB2
330
17
100
AcDbEntity
  8
LINES
100
AcDbLine
 10
349.77
 20
146.59
 30
0.0
 11
350.63
 21
146.74
 31
0.0
  0
LINE
  5
BB3
330
17
100
AcDbEntity
  8
LINES
100
AcDbLine
 10
349.91
 20
149.18
 30
0.0
 11
350.35
 21
148.18
 31
0.0
  0
LINE
  5
BB4
330
17
100
AcDbEntity
  8
LINES
100
AcDbLine
 10
349.48
 20
147.89
 30
0.0
 11
351.07
 21
148.32
 31
0.0
  0
LINE
  5
BB5
330
17
100
AcDbEntity
  8
LINES
100
AcDbLine
 10
349.48
 20
148.46
 30
0.0
 11
349.48
 21
143.57
 31
0.0
  0
LINE
  5
BB6
330
17
100
AcDbEntity
  8
LINES
100
AcDbLine
 10
347.9
 20
146.45
 30
0.0
 11
349.05
 21
146.88
 31
0.0
  0
LINE
  5
BB7
330
17
100
AcDbEntity
  8
LINES
100
AcDbLine
 10
348.47
 20
149.76
 30
0.0
 11
348.91
 21
148.46
 31
0.0
  0
LINE
  5
BB8
330
17
100
AcDbEntity
  8
LINES
100
AcDbLine
 10
350.92
 20
150.48
 30
0.0
 11
350.2
 21
148.75
 31
0.0
  0
LINE
  5
BB9
330
17
100
AcDbEntity
  8
LINES
100
AcDbLine
 10
349.48
 20
149.9
 30
0.0
 11
350.63
 21
150.19
 31
0.0
  0
LINE
  5
BBA
330
17
100
AcDbEntity
  8
LINES
100
AcDbLine
 10
351.07
 20
141.7
 30
0.0
 11
351.5
 21
141.98
 31
0.0
  0
LINE
  5
BBB
330
17
100
AcDbEntity
  8
LINES
100
AcDbLine
 10
353.37
 20
142.13
 30
0.0
 11
354.67
 21
142.27
 31
0.0
  0
LINE
  5
BBC
330
17
100
AcDbEntity
  8
LINES
100
AcDbLine
 10
354.67
 20
144.72
 30
0.0
 11
354.52
 21
142.27
 31
0.0
  0
LINE
  5
BBD
330
17
100
AcDbEntity
  8
LINES
100
AcDbLine
 10
353.37
 20
144.72
 30
0.0
 11
353.37
 21
141.55
 31
0.0
  0
LINE
  5
BBE
330
17
100
AcDbEntity
  8
LINES
100
AcDbLine
 10
352.79
 20
148.18
 30
0.0
 11
355.24
 21
148.61
 31
0.0
  0
LINE
  5
BBF
330
17
100
AcDbEntity
  8
LINES
100
AcDbLine
 10
353.8
 20
150.62
 30
0.0
 11
354.38
 21
148.9
 31
0.0
  0
LINE
  5
BC0
330
17
100
AcDbEntity
  8
LINES
100
AcDbLine
 10
352.94
 20
150.62
 30
0.0
 11
351.79
 21
145.87
 31
0.0
  0
LINE
  5
BC1
330
17
100
AcDbEntity
  8
LINES
100
AcDbLine
 10
352.51
 20
148.75
 30
0.0
 11
352.51
 21
141.55
 31
0.0
  0
LINE
  5
BC2
330
17
100
AcDbEntity
  8
LINES
100
AcDbLine
 10
353.37
 20
147.02
 30
0.0
 11
354.81
 21
147.31
 31
0.0
  0
LINE
  5
BC3
330
17
100
AcDbEntity
  8
LINES
100
AcDbLine
 10
354.81
 20
145.87
 30
0.0
 11
353.37
 21
145.58
 31
0.0
  0
LINE
  5
BC4
330
17
100
AcDbEntity
  8
LINES
100
AcDbLine
 10
353.37
 20
144.14
 30
0.0
 11
354.67
 21
144.43
 31
0.0
  0
LINE
  5
BC5
330
17
100
AcDbEntity
  8
LINES
100
AcDbLine
 10
357.26
 20
150.34
 30
0.0
 11
356.83
 21
148.75
 31
0.0
  0
LINE
  5
BC6
330
17
100
AcDbEntity
  8
LINES
100
AcDbLine
 10
357.69
 20
145.3
 30
0.0
 11
357.69
 21
142.27
 31
0.0
  0
LINE
  5
BC7
330
17
100
AcDbEntity
  8
LINES
100
AcDbLine
 10
356.97
 20
143.71
 30
0.0
 11
358.27
 21
143.86
 31
0.0
  0
LINE
  5
BC8
330
17
100
AcDbEntity
  8
LINES
100
AcDbLine
 10
358.41
 20
142.27
 30
0.0
 11
356.83
 21
141.98
 31
0.0
  0
LINE
  5
BC9
330
17
100
AcDbEntity
  8
LINES
100
AcDbLine
 10
358.55
 20
145.73
 30
0.0
 11
358.41
 21
141.55
 31
0.0
  0
LINE
  5
BCA
330
17
100
AcDbEntity
  8
LINES
100
AcDbLine
 10
356.83
 20
145.15
 30
0.0
 11
358.41
 21
145.58
 31
0.0
  0
LINE
  5
BCB
330
17
100
AcDbEntity
  8
LINES
100
AcDbLine
 10
356.83
 20
145.58
 30
0.0
 11
356.83
 21
141.55
 31
0.0
  0
LINE
  5
BCC
330
17
100
AcDbEntity
  8
LINES
100
AcDbLine
 10
356.83
 20
149.04
 30
0.0
 11
358.41
 21
149.33
 31
0.0
  0
LINE
  5
BCD
330
17
100
AcDbEntity
  8
LINES
100
AcDbLine
 10
356.83
 20
148.75
 30
0.0
 11
356.11
 21
146.88
 31
0.0
  0
LINE
  5
BCE
330
17
100
AcDbEntity
  8
LINES
100
AcDbLine
 10
361.0
 20
147.31
 30
0.0
 11
362.73
 21
147.74
 31
0.0
  0
LINE
  5
BCF
330
17
100
AcDbEntity
  8
LINES
100
AcDbLine
 10
362.73
 20
145.73
 30
0.0
 11
360.86
 21
145.44
 31
0.0
  0
LINE
  5
BD0
330
17
100
AcDbEntity
  8
LINES
100
AcDbLine
 10
361.72
 20
142.27
 30
0.0
 11
361.72
 21
149.62
 31
0.0
  0
LINE
  5
BD1
330
17
100
AcDbEntity
  8
LINES
100
AcDbLine
 10
360.71
 20
149.47
 30
0.0
 11
363.02
 21
149.9
 31
0.0
  0
LINE
  5
BD2
330
17
100
AcDbEntity
  8
LINES
100
AcDbLine
 10
366.19
 20
148.46
 30
0.0
 11
365.9
 21
146.74
 31
0.0
  0
LINE
  5
BD3
330
17
100
AcDbEntity
  8
LINES
100
AcDbLine
 10
365.03
 20
148.18
 30
0.0
 11
365.32
 21
146.88
 31
0.0
  0
LINE
  5
BD4
330
17
100
AcDbEntity
  8
LINES
100
AcDbLine
 10
366.19
 20
146.74
 30
0.0
 11
366.19
 21
141.55
 31
0.0
  0
LINE
  5
BD5
330
17
100
AcDbEntity
  8
LINES
100
AcDbLine
 10
364.6
 20
144.72
 30
0.0
 11
367.19
 21
145.15
 31
0.0
  0
LINE
  5
BD6
330
17
100
AcDbEntity
  8
LINES
100
AcDbLine
 10
364.75
 20
146.45
 30
0.0
 11
366.76
 21
147.02
 31
0.0
  0
LINE
  5
BD7
330
17
100
AcDbEntity
  8
LINES
100
AcDbLine
 10
366.33
 20
148.75
 30
0.0
 11
366.47
 21
150.34
 31
0.0
  0
LINE
  5
BD8
330
17
100
AcDbEntity
  8
LINES
100
AcDbLine
 10
364.6
 20
148.46
 30
0.0
 11
366.62
 21
148.75
 31
0.0
  0
LINE
  5
BD9
330
17
100
AcDbEntity
  8
LINES
100
AcDbLine
 10
364.6
 20
149.62
 30
0.0
 11
366.47
 21
150.05
 31
0.0
  0
LINE
  5
BDA
330
17
100
AcDbEntity
  8
LINES
100
AcDbLine
 10
370.79
 20
147.02
 30
0.0
 11
369.64
 21
146.88
 31
0.0
  0
LINE
  5
BDB
330
17
100
AcDbEntity
  8
LINES
100
AcDbLine
 10
370.79
 20
144.58
 30
0.0
 11
370.79
 21
147.31
 31
0.0
  0
LINE
  5
BDC
330
17
100
AcDbEntity
  8
LINES
100
AcDbLine
 10
369.64
 20
144.43
 30
0.0
 11
370.79
 21
144.58
 31
0.0
  0
LINE
  5
BDD
330
17
100
AcDbEntity
  8
LINES
100
AcDbLine
 10
369.5
 20
141.84
 30
0.0
 11
371.23
 21
142.13
 31
0.0
  0
LINE
  5
BDE
330
17
100
AcDbEntity
  8
LINES
100
AcDbLine
 10
369.64
 20
149.9
 30
0.0
 11
369.64
 21
141.84
 31
0.0
  0
LINE
  5
BDF
330
17
100
AcDbEntity
  8
LINES
100
AcDbLine
 10
371.08
 20
149.33
 30
0.0
 11
369.64
 21
148.9
 31
0.0
  0
LINE
  5
BE0
330
17
100
AcDbEntity
  8
LINES
100
AcDbLine
 10
368.78
 20
147.17
 30
0.0
 11
369.35
 21
145.87
 31
0.0
  0
LINE
  5
BE1
330
17
100
AcDbEntity
  8
LINES
100
AcDbLine
 10
369.35
 20
148.18
 30
0.0
 11
367.91
 21
147.74
 31
0.0
  0
LINE
  5
BE2
330
17
100
AcDbEntity
  8
LINES
100
AcDbLine
 10
367.77
 20
144.0
 30
0.0
 11
368.78
 21
147.89
 31
0.0
  0
LINE
  5
BE3
330
17
100
AcDbEntity
  8
LINES
100
AcDbLine
 10
368.78
 20
150.62
 30
0.0
 11
368.78
 21
141.26
 31
0.0
  0
LINE
  5
BE4
330
17
100
AcDbEntity
  8
LINES
100
AcDbLine
 10
174.52
 20
194.69
 30
0.0
 11
520.41
 21
194.69
 31
0.0
  0
LINE
  5
BE5
330
17
100
AcDbEntity
  8
LINES
100
AcDbLine
 10
146.15
 20
793.73
 30
0.0
 11
146.15
 21
793.73
 31
0.0
  0
LINE
  5
BE6
330
17
100
AcDbEntity
  8
LINES
100
AcDbLine
 10
146.15
 20
786.67
 30
0.0
 11
146.15
 21
786.67
 31
0.0
  0
LINE
  5
BE7
330
17
100
AcDbEntity
  8
LINES
100
AcDbLine
 10
146.15
 20
779.47
 30
0.0
 11
146.15
 21
779.47
 31
0.0
  0
LINE
  5
BE8
330
17
100
AcDbEntity
  8
LINES
100
AcDbLine
 10
146.15
 20
772.42
 30
0.0
 11
146.15
 21
772.42
 31
0.0
  0
LINE
  5
BE9
330
17
100
AcDbEntity
  8
LINES
100
AcDbLine
 10
146.15
 20
765.36
 30
0.0
 11
146.15
 21
765.36
 31
0.0
  0
LINE
  5
BEA
330
17
100
AcDbEntity
  8
LINES
100
AcDbLine
 10
146.15
 20
758.3
 30
0.0
 11
146.15
 21
758.3
 31
0.0
  0
LINE
  5
BEB
330
17
100
AcDbEntity
  8
LINES
100
AcDbLine
 10
146.15
 20
751.1
 30
0.0
 11
146.15
 21
751.1
 31
0.0
  0
LINE
  5
BEC
330
17
100
AcDbEntity
  8
LINES
100
AcDbLine
 10
146.15
 20
744.05
 30
0.0
 11
146.15
 21
744.05
 31
0.0
  0
LINE
  5
BED
330
17
100
AcDbEntity
  8
LINES
100
AcDbLine
 10
146.15
 20
736.99
 30
0.0
 11
146.15
 21
736.99
 31
0.0
  0
LINE
  5
BEE
330
17
100
AcDbEntity
  8
LINES
100
AcDbLine
 10
146.15
 20
729.94
 30
0.0
 11
146.15
 21
729.94
 31
0.0
  0
LINE
  5
BEF
330
17
100
AcDbEntity
  8
LINES
100
AcDbLine
 10
146.15
 20
722.88
 30
0.0
 11
146.15
 21
722.88
 31
0.0
  0
LINE
  5
BF0
330
17
100
AcDbEntity
  8
LINES
100
AcDbLine
 10
146.15
 20
715.68
 30
0.0
 11
146.15
 21
715.68
 31
0.0
  0
LINE
  5
BF1
330
17
100
AcDbEntity
  8
LINES
100
AcDbLine
 10
146.15
 20
708.62
 30
0.0
 11
146.15
 21
708.62
 31
0.0
  0
LINE
  5
BF2
330
17
100
AcDbEntity
  8
LINES
100
AcDbLine
 10
146.15
 20
701.57
 30
0.0
 11
146.15
 21
701.57
 31
0.0
  0
LINE
  5
BF3
330
17
100
AcDbEntity
  8
LINES
100
AcDbLine
 10
146.15
 20
694.51
 30
0.0
 11
146.15
 21
694.51
 31
0.0
  0
LINE
  5
BF4
330
17
100
AcDbEntity
  8
LINES
100
AcDbLine
 10
146.15
 20
687.46
 30
0.0
 11
146.15
 21
687.46
 31
0.0
  0
LINE
  5
BF5
330
17
100
AcDbEntity
  8
LINES
100
AcDbLine
 10
146.15
 20
680.26
 30
0.0
 11
146.15
 21
680.26
 31
0.0
  0
LINE
  5
BF6
330
17
100
AcDbEntity
  8
LINES
100
AcDbLine
 10
146.15
 20
673.2
 30
0.0
 11
146.15
 21
673.2
 31
0.0
  0
LINE
  5
BF7
330
17
100
AcDbEntity
  8
LINES
100
AcDbLine
 10
146.15
 20
666.14
 30
0.0
 11
146.15
 21
666.14
 31
0.0
  0
LINE
  5
BF8
330
17
100
AcDbEntity
  8
LINES
100
AcDbLine
 10
146.15
 20
659.09
 30
0.0
 11
146.15
 21
659.09
 31
0.0
  0
LINE
  5
BF9
330
17
100
AcDbEntity
  8
LINES
100
AcDbLine
 10
146.15
 20
651.89
 30
0.0
 11
146.15
 21
651.89
 31
0.0
  0
LINE
  5
BFA
330
17
100
AcDbEntity
  8
LINES
100
AcDbLine
 10
146.15
 20
644.83
 30
0.0
 11
146.15
 21
644.83
 31
0.0
  0
LINE
  5
BFB
330
17
100
AcDbEntity
  8
LINES
100
AcDbLine
 10
146.15
 20
637.78
 30
0.0
 11
146.15
 21
637.78
 31
0.0
  0
LINE
  5
BFC
330
17
100
AcDbEntity
  8
LINES
100
AcDbLine
 10
146.15
 20
630.72
 30
0.0
 11
146.15
 21
630.72
 31
0.0
  0
LINE
  5
BFD
330
17
100
AcDbEntity
  8
LINES
100
AcDbLine
 10
146.15
 20
623.66
 30
0.0
 11
146.15
 21
623.66
 31
0.0
  0
LINE
  5
BFE
330
17
100
AcDbEntity
  8
LINES
100
AcDbLine
 10
146.15
 20
616.46
 30
0.0
 11
146.15
 21
616.46
 31
0.0
  0
LINE
  5
BFF
330
17
100
AcDbEntity
  8
LINES
100
AcDbLine
 10
146.15
 20
609.41
 30
0.0
 11
146.15
 21
609.41
 31
0.0
  0
LINE
  5
C00
330
17
100
AcDbEntity
  8
LINES
100
AcDbLine
 10
146.15
 20
602.35
 30
0.0
 11
146.15
 21
602.35
 31
0.0
  0
LINE
  5
C01
330
17
100
AcDbEntity
  8
LINES
100
AcDbLine
 10
146.15
 20
595.3
 30
0.0
 11
146.15
 21
595.3
 31
0.0
  0
LINE
  5
C02
330
17
100
AcDbEntity
  8
LINES
100
AcDbLine
 10
146.15
 20
588.24
 30
0.0
 11
146.15
 21
588.24
 31
0.0
  0
LINE
  5
C03
330
17
100
AcDbEntity
  8
LINES
100
AcDbLine
 10
146.15
 20
581.04
 30
0.0
 11
146.15
 21
581.04
 31
0.0
  0
LINE
  5
C04
330
17
100
AcDbEntity
  8
LINES
100
AcDbLine
 10
146.15
 20
573.98
 30
0.0
 11
146.15
 21
573.98
 31
0.0
  0
LINE
  5
C05
330
17
100
AcDbEntity
  8
LINES
100
AcDbLine
 10
146.15
 20
566.93
 30
0.0
 11
146.15
 21
566.93
 31
0.0
  0
LINE
  5
C06
330
17
100
AcDbEntity
  8
LINES
100
AcDbLine
 10
146.15
 20
559.87
 30
0.0
 11
146.15
 21
559.87
 31
0.0
  0
LINE
  5
C07
330
17
100
AcDbEntity
  8
LINES
100
AcDbLine
 10
146.15
 20
552.82
 30
0.0
 11
146.15
 21
552.82
 31
0.0
  0
LINE
  5
C08
330
17
100
AcDbEntity
  8
LINES
100
AcDbLine
 10
146.15
 20
545.62
 30
0.0
 11
146.15
 21
545.62
 31
0.0
  0
LINE
  5
C09
330
17
100
AcDbEntity
  8
LINES
100
AcDbLine
 10
146.15
 20
538.56
 30
0.0
 11
146.15
 21
538.56
 31
0.0
  0
LINE
  5
C0A
330
17
100
AcDbEntity
  8
LINES
100
AcDbLine
 10
146.15
 20
531.5
 30
0.0
 11
146.15
 21
531.5
 31
0.0
  0
LINE
  5
C0B
330
17
100
AcDbEntity
  8
LINES
100
AcDbLine
 10
146.15
 20
524.45
 30
0.0
 11
146.15
 21
524.45
 31
0.0
  0
LINE
  5
C0C
330
17
100
AcDbEntity
  8
LINES
100
AcDbLine
 10
146.15
 20
517.25
 30
0.0
 11
146.15
 21
517.25
 31
0.0
  0
LINE
  5
C0D
330
17
100
AcDbEntity
  8
LINES
100
AcDbLine
 10
146.15
 20
510.19
 30
0.0
 11
146.15
 21
510.19
 31
0.0
  0
LINE
  5
C0E
330
17
100
AcDbEntity
  8
LINES
100
AcDbLine
 10
146.15
 20
503.14
 30
0.0
 11
146.15
 21
503.14
 31
0.0
  0
LINE
  5
C0F
330
17
100
AcDbEntity
  8
LINES
100
AcDbLine
 10
146.15
 20
496.08
 30
0.0
 11
146.15
 21
496.08
 31
0.0
  0
LINE
  5
C10
330
17
100
AcDbEntity
  8
LINES
100
AcDbLine
 10
146.15
 20
489.02
 30
0.0
 11
146.15
 21
489.02
 31
0.0
  0
LINE
  5
C11
330
17
100
AcDbEntity
  8
LINES
100
AcDbLine
 10
146.15
 20
481.82
 30
0.0
 11
146.15
 21
481.82
 31
0.0
  0
LINE
  5
C12
330
17
100
AcDbEntity
  8
LINES
100
AcDbLine
 10
146.15
 20
474.77
 30
0.0
 11
146.15
 21
474.77
 31
0.0
  0
LINE
  5
C13
330
17
100
AcDbEntity
  8
LINES
100
AcDbLine
 10
146.15
 20
467.71
 30
0.0
 11
146.15
 21
467.71
 31
0.0
  0
LINE
  5
C14
330
17
100
AcDbEntity
  8
LINES
100
AcDbLine
 10
146.15
 20
460.66
 30
0.0
 11
146.15
 21
460.66
 31
0.0
  0
LINE
  5
C15
330
17
100
AcDbEntity
  8
LINES
100
AcDbLine
 10
146.15
 20
453.6
 30
0.0
 11
146.15
 21
453.6
 31
0.0
  0
LINE
  5
C16
330
17
100
AcDbEntity
  8
LINES
100
AcDbLine
 10
146.15
 20
446.4
 30
0.0
 11
146.15
 21
446.4
 31
0.0
  0
LINE
  5
C17
330
17
100
AcDbEntity
  8
LINES
100
AcDbLine
 10
146.15
 20
439.34
 30
0.0
 11
146.15
 21
439.34
 31
0.0
  0
LINE
  5
C18
330
17
100
AcDbEntity
  8
LINES
100
AcDbLine
 10
146.15
 20
432.29
 30
0.0
 11
146.15
 21
432.29
 31
0.0
  0
LINE
  5
C19
330
17
100
AcDbEntity
  8
LINES
100
AcDbLine
 10
146.15
 20
425.23
 30
0.0
 11
146.15
 21
425.23
 31
0.0
  0
LINE
  5
C1A
330
17
100
AcDbEntity
  8
LINES
100
AcDbLine
 10
146.15
 20
418.03
 30
0.0
 11
146.15
 21
418.03
 31
0.0
  0
LINE
  5
C1B
330
17
100
AcDbEntity
  8
LINES
100
AcDbLine
 10
146.15
 20
410.98
 30
0.0
 11
146.15
 21
410.98
 31
0.0
  0
LINE
  5
C1C
330
17
100
AcDbEntity
  8
LINES
100
AcDbLine
 10
146.15
 20
403.92
 30
0.0
 11
146.15
 21
403.92
 31
0.0
  0
LINE
  5
C1D
330
17
100
AcDbEntity
  8
LINES
100
AcDbLine
 10
146.15
 20
396.86
 30
0.0
 11
146.15
 21
396.86
 31
0.0
  0
LINE
  5
C1E
330
17
100
AcDbEntity
  8
LINES
100
AcDbLine
 10
146.15
 20
389.81
 30
0.0
 11
146.15
 21
389.81
 31
0.0
  0
LINE
  5
C1F
330
17
100
AcDbEntity
  8
LINES
100
AcDbLine
 10
146.15
 20
382.61
 30
0.0
 11
146.15
 21
382.61
 31
0.0
  0
LINE
  5
C20
330
17
100
AcDbEntity
  8
LINES
100
AcDbLine
 10
146.15
 20
375.55
 30
0.0
 11
146.15
 21
375.55
 31
0.0
  0
LINE
  5
C21
330
17
100
AcDbEntity
  8
LINES
100
AcDbLine
 10
146.15
 20
368.5
 30
0.0
 11
146.15
 21
368.5
 31
0.0
  0
LINE
  5
C22
330
17
100
AcDbEntity
  8
LINES
100
AcDbLine
 10
146.15
 20
361.44
 30
0.0
 11
146.15
 21
361.44
 31
0.0
  0
LINE
  5
C23
330
17
100
AcDbEntity
  8
LINES
100
AcDbLine
 10
146.15
 20
354.38
 30
0.0
 11
146.15
 21
354.38
 31
0.0
  0
LINE
  5
C24
330
17
100
AcDbEntity
  8
LINES
100
AcDbLine
 10
146.15
 20
347.18
 30
0.0
 11
146.15
 21
347.18
 31
0.0
  0
LINE
  5
C25
330
17
100
AcDbEntity
  8
LINES
100
AcDbLine
 10
146.15
 20
340.13
 30
0.0
 11
146.15
 21
340.13
 31
0.0
  0
LINE
  5
C26
330
17
100
AcDbEntity
  8
LINES
100
AcDbLine
 10
146.15
 20
333.07
 30
0.0
 11
146.15
 21
333.07
 31
0.0
  0
LINE
  5
C27
330
17
100
AcDbEntity
  8
LINES
100
AcDbLine
 10
146.15
 20
326.02
 30
0.0
 11
146.15
 21
326.02
 31
0.0
  0
LINE
  5
C28
330
17
100
AcDbEntity
  8
LINES
100
AcDbLine
 10
146.15
 20
318.82
 30
0.0
 11
146.15
 21
318.82
 31
0.0
  0
LINE
  5
C29
330
17
100
AcDbEntity
  8
LINES
100
AcDbLine
 10
146.15
 20
311.76
 30
0.0
 11
146.15
 21
311.76
 31
0.0
  0
LINE
  5
C2A
330
17
100
AcDbEntity
  8
LINES
100
AcDbLine
 10
146.15
 20
304.7
 30
0.0
 11
146.15
 21
304.7
 31
0.0
  0
LINE
  5
C2B
330
17
100
AcDbEntity
  8
LINES
100
AcDbLine
 10
146.15
 20
297.65
 30
0.0
 11
146.15
 21
297.65
 31
0.0
  0
LINE
  5
C2C
330
17
100
AcDbEntity
  8
LINES
100
AcDbLine
 10
146.15
 20
290.59
 30
0.0
 11
146.15
 21
290.59
 31
0.0
  0
LINE
  5
C2D
330
17
100
AcDbEntity
  8
LINES
100
AcDbLine
 10
146.15
 20
283.39
 30
0.0
 11
146.15
 21
283.39
 31
0.0
  0
LINE
  5
C2E
330
17
100
AcDbEntity
  8
LINES
100
AcDbLine
 10
146.15
 20
276.34
 30
0.0
 11
146.15
 21
276.34
 31
0.0
  0
LINE
  5
C2F
330
17
100
AcDbEntity
  8
LINES
100
AcDbLine
 10
146.15
 20
269.28
 30
0.0
 11
146.15
 21
269.28
 31
0.0
  0
LINE
  5
C30
330
17
100
AcDbEntity
  8
LINES
100
AcDbLine
 10
146.15
 20
262.22
 30
0.0
 11
146.15
 21
262.22
 31
0.0
  0
LINE
  5
C31
330
17
100
AcDbEntity
  8
LINES
100
AcDbLine
 10
146.15
 20
255.17
 30
0.0
 11
146.15
 21
255.17
 31
0.0
  0
LINE
  5
C32
330
17
100
AcDbEntity
  8
LINES
100
AcDbLine
 10
146.15
 20
247.97
 30
0.0
 11
146.15
 21
247.97
 31
0.0
  0
LINE
  5
C33
330
17
100
AcDbEntity
  8
LINES
100
AcDbLine
 10
146.15
 20
240.91
 30
0.0
 11
146.15
 21
240.91
 31
0.0
  0
LINE
  5
C34
330
17
100
AcDbEntity
  8
LINES
100
AcDbLine
 10
146.15
 20
233.86
 30
0.0
 11
146.15
 21
233.86
 31
0.0
  0
LINE
  5
C35
330
17
100
AcDbEntity
  8
LINES
100
AcDbLine
 10
146.15
 20
226.8
 30
0.0
 11
146.15
 21
226.8
 31
0.0
  0
LINE
  5
C36
330
17
100
AcDbEntity
  8
LINES
100
AcDbLine
 10
146.15
 20
219.74
 30
0.0
 11
146.15
 21
219.74
 31
0.0
  0
LINE
  5
C37
330
17
100
AcDbEntity
  8
LINES
100
AcDbLine
 10
146.15
 20
212.54
 30
0.0
 11
146.15
 21
212.54
 31
0.0
  0
LINE
  5
C38
330
17
100
AcDbEntity
  8
LINES
100
AcDbLine
 10
146.15
 20
205.49
 30
0.0
 11
146.15
 21
205.49
 31
0.0
  0
LINE
  5
C39
330
17
100
AcDbEntity
  8
LINES
100
AcDbLine
 10
146.15
 20
797.47
 30
0.0
 11
146.15
 21
795.46
 31
0.0
  0
LINE
  5
C3A
330
17
100
AcDbEntity
  8
LINES
100
AcDbLine
 10
146.15
 20
791.86
 30
0.0
 11
146.15
 21
788.4
 31
0.0
  0
LINE
  5
C3B
330
17
100
AcDbEntity
  8
LINES
100
AcDbLine
 10
146.15
 20
784.8
 30
0.0
 11
146.15
 21
781.34
 31
0.0
  0
LINE
  5
C3C
330
17
100
AcDbEntity
  8
LINES
100
AcDbLine
 10
146.15
 20
777.74
 30
0.0
 11
146.15
 21
774.14
 31
0.0
  0
LINE
  5
C3D
330
17
100
AcDbEntity
  8
LINES
100
AcDbLine
 10
146.15
 20
770.69
 30
0.0
 11
146.15
 21
767.09
 31
0.0
  0
LINE
  5
C3E
330
17
100
AcDbEntity
  8
LINES
100
AcDbLine
 10
146.15
 20
763.63
 30
0.0
 11
146.15
 21
760.03
 31
0.0
  0
LINE
  5
C3F
330
17
100
AcDbEntity
  8
LINES
100
AcDbLine
 10
146.15
 20
756.43
 30
0.0
 11
146.15
 21
752.98
 31
0.0
  0
LINE
  5
C40
330
17
100
AcDbEntity
  8
LINES
100
AcDbLine
 10
146.15
 20
749.38
 30
0.0
 11
146.15
 21
745.92
 31
0.0
  0
LINE
  5
C41
330
17
100
AcDbEntity
  8
LINES
100
AcDbLine
 10
146.15
 20
742.32
 30
0.0
 11
146.15
 21
738.72
 31
0.0
  0
LINE
  5
C42
330
17
100
AcDbEntity
  8
LINES
100
AcDbLine
 10
146.15
 20
735.26
 30
0.0
 11
146.15
 21
731.66
 31
0.0
  0
LINE
  5
C43
330
17
100
AcDbEntity
  8
LINES
100
AcDbLine
 10
146.15
 20
728.21
 30
0.0
 11
146.15
 21
724.61
 31
0.0
  0
LINE
  5
C44
330
17
100
AcDbEntity
  8
LINES
100
AcDbLine
 10
146.15
 20
721.01
 30
0.0
 11
146.15
 21
717.55
 31
0.0
  0
LINE
  5
C45
330
17
100
AcDbEntity
  8
LINES
100
AcDbLine
 10
146.15
 20
713.95
 30
0.0
 11
146.15
 21
710.35
 31
0.0
  0
LINE
  5
C46
330
17
100
AcDbEntity
  8
LINES
100
AcDbLine
 10
146.15
 20
706.9
 30
0.0
 11
146.15
 21
703.3
 31
0.0
  0
LINE
  5
C47
330
17
100
AcDbEntity
  8
LINES
100
AcDbLine
 10
146.15
 20
699.84
 30
0.0
 11
146.15
 21
696.24
 31
0.0
  0
LINE
  5
C48
330
17
100
AcDbEntity
  8
LINES
100
AcDbLine
 10
146.15
 20
692.64
 30
0.0
 11
146.15
 21
689.18
 31
0.0
  0
LINE
  5
C49
330
17
100
AcDbEntity
  8
LINES
100
AcDbLine
 10
146.15
 20
685.58
 30
0.0
 11
146.15
 21
682.13
 31
0.0
  0
LINE
  5
C4A
330
17
100
AcDbEntity
  8
LINES
100
AcDbLine
 10
146.15
 20
678.53
 30
0.0
 11
146.15
 21
674.93
 31
0.0
  0
LINE
  5
C4B
330
17
100
AcDbEntity
  8
LINES
100
AcDbLine
 10
146.15
 20
671.47
 30
0.0
 11
146.15
 21
667.87
 31
0.0
  0
LINE
  5
C4C
330
17
100
AcDbEntity
  8
LINES
100
AcDbLine
 10
146.15
 20
664.42
 30
0.0
 11
146.15
 21
660.82
 31
0.0
  0
LINE
  5
C4D
330
17
100
AcDbEntity
  8
LINES
100
AcDbLine
 10
146.15
 20
657.22
 30
0.0
 11
146.15
 21
653.76
 31
0.0
  0
LINE
  5
C4E
330
17
100
AcDbEntity
  8
LINES
100
AcDbLine
 10
146.15
 20
650.16
 30
0.0
 11
146.15
 21
646.7
 31
0.0
  0
LINE
  5
C4F
330
17
100
AcDbEntity
  8
LINES
100
AcDbLine
 10
146.15
 20
643.1
 30
0.0
 11
146.15
 21
639.5
 31
0.0
  0
LINE
  5
C50
330
17
100
AcDbEntity
  8
LINES
100
AcDbLine
 10
146.15
 20
636.05
 30
0.0
 11
146.15
 21
632.45
 31
0.0
  0
LINE
  5
C51
330
17
100
AcDbEntity
  8
LINES
100
AcDbLine
 10
146.15
 20
628.99
 30
0.0
 11
146.15
 21
625.39
 31
0.0
  0
LINE
  5
C52
330
17
100
AcDbEntity
  8
LINES
100
AcDbLine
 10
146.15
 20
621.79
 30
0.0
 11
146.15
 21
618.34
 31
0.0
  0
LINE
  5
C53
330
17
100
AcDbEntity
  8
LINES
100
AcDbLine
 10
146.15
 20
614.74
 30
0.0
 11
146.15
 21
611.28
 31
0.0
  0
LINE
  5
C54
330
17
100
AcDbEntity
  8
LINES
100
AcDbLine
 10
146.15
 20
607.68
 30
0.0
 11
146.15
 21
604.08
 31
0.0
  0
LINE
  5
C55
330
17
100
AcDbEntity
  8
LINES
100
AcDbLine
 10
146.15
 20
600.62
 30
0.0
 11
146.15
 21
597.02
 31
0.0
  0
LINE
  5
C56
330
17
100
AcDbEntity
  8
LINES
100
AcDbLine
 10
146.15
 20
593.42
 30
0.0
 11
146.15
 21
589.97
 31
0.0
  0
LINE
  5
C57
330
17
100
AcDbEntity
  8
LINES
100
AcDbLine
 10
146.15
 20
586.37
 30
0.0
 11
146.15
 21
582.91
 31
0.0
  0
LINE
  5
C58
330
17
100
AcDbEntity
  8
LINES
100
AcDbLine
 10
146.15
 20
579.31
 30
0.0
 11
146.15
 21
575.71
 31
0.0
  0
LINE
  5
C59
330
17
100
AcDbEntity
  8
LINES
100
AcDbLine
 10
146.15
 20
572.26
 30
0.0
 11
146.15
 21
568.66
 31
0.0
  0
LINE
  5
C5A
330
17
100
AcDbEntity
  8
LINES
100
AcDbLine
 10
146.15
 20
565.2
 30
0.0
 11
146.15
 21
561.6
 31
0.0
  0
LINE
  5
C5B
330
17
100
AcDbEntity
  8
LINES
100
AcDbLine
 10
146.15
 20
558.0
 30
0.0
 11
146.15
 21
554.54
 31
0.0
  0
LINE
  5
C5C
330
17
100
AcDbEntity
  8
LINES
100
AcDbLine
 10
146.15
 20
550.94
 30
0.0
 11
146.15
 21
547.49
 31
0.0
  0
LINE
  5
C5D
330
17
100
AcDbEntity
  8
LINES
100
AcDbLine
 10
146.15
 20
543.89
 30
0.0
 11
146.15
 21
540.29
 31
0.0
  0
LINE
  5
C5E
330
17
100
AcDbEntity
  8
LINES
100
AcDbLine
 10
146.15
 20
536.83
 30
0.0
 11
146.15
 21
533.23
 31
0.0
  0
LINE
  5
C5F
330
17
100
AcDbEntity
  8
LINES
100
AcDbLine
 10
146.15
 20
529.78
 30
0.0
 11
146.15
 21
526.18
 31
0.0
  0
LINE
  5
C60
330
17
100
AcDbEntity
  8
LINES
100
AcDbLine
 10
146.15
 20
522.58
 30
0.0
 11
146.15
 21
519.12
 31
0.0
  0
LINE
  5
C61
330
17
100
AcDbEntity
  8
LINES
100
AcDbLine
 10
146.15
 20
515.52
 30
0.0
 11
146.15
 21
512.06
 31
0.0
  0
LINE
  5
C62
330
17
100
AcDbEntity
  8
LINES
100
AcDbLine
 10
146.15
 20
508.46
 30
0.0
 11
146.15
 21
504.86
 31
0.0
  0
LINE
  5
C63
330
17
100
AcDbEntity
  8
LINES
100
AcDbLine
 10
146.15
 20
501.41
 30
0.0
 11
146.15
 21
497.81
 31
0.0
  0
LINE
  5
C64
330
17
100
AcDbEntity
  8
LINES
100
AcDbLine
 10
146.15
 20
494.35
 30
0.0
 11
146.15
 21
490.75
 31
0.0
  0
LINE
  5
C65
330
17
100
AcDbEntity
  8
LINES
100
AcDbLine
 10
146.15
 20
487.15
 30
0.0
 11
146.15
 21
483.7
 31
0.0
  0
LINE
  5
C66
330
17
100
AcDbEntity
  8
LINES
100
AcDbLine
 10
146.15
 20
480.1
 30
0.0
 11
146.15
 21
476.5
 31
0.0
  0
LINE
  5
C67
330
17
100
AcDbEntity
  8
LINES
100
AcDbLine
 10
146.15
 20
473.04
 30
0.0
 11
146.15
 21
469.44
 31
0.0
  0
LINE
  5
C68
330
17
100
AcDbEntity
  8
LINES
100
AcDbLine
 10
146.15
 20
465.98
 30
0.0
 11
146.15
 21
462.38
 31
0.0
  0
LINE
  5
C69
330
17
100
AcDbEntity
  8
LINES
100
AcDbLine
 10
146.15
 20
458.78
 30
0.0
 11
146.15
 21
455.33
 31
0.0
  0
LINE
  5
C6A
330
17
100
AcDbEntity
  8
LINES
100
AcDbLine
 10
146.15
 20
451.73
 30
0.0
 11
146.15
 21
448.27
 31
0.0
  0
LINE
  5
C6B
330
17
100
AcDbEntity
  8
LINES
100
AcDbLine
 10
146.15
 20
444.67
 30
0.0
 11
146.15
 21
441.07
 31
0.0
  0
LINE
  5
C6C
330
17
100
AcDbEntity
  8
LINES
100
AcDbLine
 10
146.15
 20
437.62
 30
0.0
 11
146.15
 21
434.02
 31
0.0
  0
LINE
  5
C6D
330
17
100
AcDbEntity
  8
LINES
100
AcDbLine
 10
146.15
 20
430.56
 30
0.0
 11
146.15
 21
426.96
 31
0.0
  0
LINE
  5
C6E
330
17
100
AcDbEntity
  8
LINES
100
AcDbLine
 10
146.15
 20
423.36
 30
0.0
 11
146.15
 21
419.9
 31
0.0
  0
LINE
  5
C6F
330
17
100
AcDbEntity
  8
LINES
100
AcDbLine
 10
146.15
 20
416.3
 30
0.0
 11
146.15
 21
412.85
 31
0.0
  0
LINE
  5
C70
330
17
100
AcDbEntity
  8
LINES
100
AcDbLine
 10
146.15
 20
409.25
 30
0.0
 11
146.15
 21
405.65
 31
0.0
  0
LINE
  5
C71
330
17
100
AcDbEntity
  8
LINES
100
AcDbLine
 10
146.15
 20
402.19
 30
0.0
 11
146.15
 21
398.59
 31
0.0
  0
LINE
  5
C72
330
17
100
AcDbEntity
  8
LINES
100
AcDbLine
 10
146.15
 20
395.14
 30
0.0
 11
146.15
 21
391.54
 31
0.0
  0
LINE
  5
C73
330
17
100
AcDbEntity
  8
LINES
100
AcDbLine
 10
146.15
 20
387.94
 30
0.0
 11
146.15
 21
384.48
 31
0.0
  0
LINE
  5
C74
330
17
100
AcDbEntity
  8
LINES
100
AcDbLine
 10
146.15
 20
380.88
 30
0.0
 11
146.15
 21
377.42
 31
0.0
  0
LINE
  5
C75
330
17
100
AcDbEntity
  8
LINES
100
AcDbLine
 10
146.15
 20
373.82
 30
0.0
 11
146.15
 21
370.22
 31
0.0
  0
LINE
  5
C76
330
17
100
AcDbEntity
  8
LINES
100
AcDbLine
 10
146.15
 20
366.77
 30
0.0
 11
146.15
 21
363.17
 31
0.0
  0
LINE
  5
C77
330
17
100
AcDbEntity
  8
LINES
100
AcDbLine
 10
146.15
 20
359.57
 30
0.0
 11
146.15
 21
356.11
 31
0.0
  0
LINE
  5
C78
330
17
100
AcDbEntity
  8
LINES
100
AcDbLine
 10
146.15
 20
352.51
 30
0.0
 11
146.15
 21
349.06
 31
0.0
  0
LINE
  5
C79
330
17
100
AcDbEntity
  8
LINES
100
AcDbLine
 10
146.15
 20
345.46
 30
0.0
 11
146.15
 21
341.86
 31
0.0
  0
LINE
  5
C7A
330
17
100
AcDbEntity
  8
LINES
100
AcDbLine
 10
146.15
 20
338.4
 30
0.0
 11
146.15
 21
334.8
 31
0.0
  0
LINE
  5
C7B
330
17
100
AcDbEntity
  8
LINES
100
AcDbLine
 10
146.15
 20
331.34
 30
0.0
 11
146.15
 21
327.74
 31
0.0
  0
LINE
  5
C7C
330
17
100
AcDbEntity
  8
LINES
100
AcDbLine
 10
146.15
 20
324.14
 30
0.0
 11
146.15
 21
320.69
 31
0.0
  0
LINE
  5
C7D
330
17
100
AcDbEntity
  8
LINES
100
AcDbLine
 10
146.15
 20
317.09
 30
0.0
 11
146.15
 21
313.63
 31
0.0
  0
LINE
  5
C7E
330
17
100
AcDbEntity
  8
LINES
100
AcDbLine
 10
146.15
 20
310.03
 30
0.0
 11
146.15
 21
306.43
 31
0.0
  0
LINE
  5
C7F
330
17
100
AcDbEntity
  8
LINES
100
AcDbLine
 10
146.15
 20
302.98
 30
0.0
 11
146.15
 21
299.38
 31
0.0
  0
LINE
  5
C80
330
17
100
AcDbEntity
  8
LINES
100
AcDbLine
 10
146.15
 20
295.92
 30
0.0
 11
146.15
 21
292.32
 31
0.0
  0
LINE
  5
C81
330
17
100
AcDbEntity
  8
LINES
100
AcDbLine
 10
146.15
 20
288.72
 30
0.0
 11
146.15
 21
285.26
 31
0.0
  0
LINE
  5
C82
330
17
100
AcDbEntity
  8
LINES
100
AcDbLine
 10
146.15
 20
281.66
 30
0.0
 11
146.15
 21
278.21
 31
0.0
  0
LINE
  5
C83
330
17
100
AcDbEntity
  8
LINES
100
AcDbLine
 10
146.15
 20
274.61
 30
0.0
 11
146.15
 21
271.01
 31
0.0
  0
LINE
  5
C84
330
17
100
AcDbEntity
  8
LINES
100
AcDbLine
 10
146.15
 20
267.55
 30
0.0
 11
146.15
 21
263.95
 31
0.0
  0
LINE
  5
C85
330
17
100
AcDbEntity
  8
LINES
100
AcDbLine
 10
146.15
 20
260.35
 30
0.0
 11
146.15
 21
256.9
 31
0.0
  0
LINE
  5
C86
330
17
100
AcDbEntity
  8
LINES
100
AcDbLine
 10
146.15
 20
253.3
 30
0.0
 11
146.15
 21
249.84
 31
0.0
  0
LINE
  5
C87
330
17
100
AcDbEntity
  8
LINES
100
AcDbLine
 10
146.15
 20
246.24
 30
0.0
 11
146.15
 21
242.64
 31
0.0
  0
LINE
  5
C88
330
17
100
AcDbEntity
  8
LINES
100
AcDbLine
 10
146.15
 20
239.18
 30
0.0
 11
146.15
 21
235.58
 31
0.0
  0
LINE
  5
C89
330
17
100
AcDbEntity
  8
LINES
100
AcDbLine
 10
146.15
 20
232.13
 30
0.0
 11
146.15
 21
228.53
 31
0.0
  0
LINE
  5
C8A
330
17
100
AcDbEntity
  8
LINES
100
AcDbLine
 10
146.15
 20
224.93
 30
0.0
 11
146.15
 21
221.47
 31
0.0
  0
LINE
  5
C8B
330
17
100
AcDbEntity
  8
LINES
100
AcDbLine
 10
146.15
 20
217.87
 30
0.0
 11
146.15
 21
214.42
 31
0.0
  0
LINE
  5
C8C
330
17
100
AcDbEntity
  8
LINES
100
AcDbLine
 10
146.15
 20
210.82
 30
0.0
 11
146.15
 21
207.22
 31
0.0
  0
LINE
  5
C8D
330
17
100
AcDbEntity
  8
LINES
100
AcDbLine
 10
146.15
 20
203.76
 30
0.0
 11
146.15
 21
201.74
 31
0.0
  0
LINE
  5
C8E
330
17
100
AcDbEntity
  8
LINES
100
AcDbLine
 10
511.19
 20
206.06
 30
0.0
 11
511.19
 21
206.06
 31
0.0
  0
LINE
  5
C8F
330
17
100
AcDbEntity
  8
LINES
100
AcDbLine
 10
503.99
 20
206.06
 30
0.0
 11
503.99
 21
206.06
 31
0.0
  0
LINE
  5
C90
330
17
100
AcDbEntity
  8
LINES
100
AcDbLine
 10
496.94
 20
206.06
 30
0.0
 11
496.94
 21
206.06
 31
0.0
  0
LINE
  5
C91
330
17
100
AcDbEntity
  8
LINES
100
AcDbLine
 10
489.88
 20
206.06
 30
0.0
 11
489.88
 21
206.06
 31
0.0
  0
LINE
  5
C92
330
17
100
AcDbEntity
  8
LINES
100
AcDbLine
 10
482.83
 20
206.06
 30
0.0
 11
482.83
 21
206.06
 31
0.0
  0
LINE
  5
C93
330
17
100
AcDbEntity
  8
LINES
100
AcDbLine
 10
475.63
 20
206.06
 30
0.0
 11
475.63
 21
206.06
 31
0.0
  0
LINE
  5
C94
330
17
100
AcDbEntity
  8
LINES
100
AcDbLine
 10
468.57
 20
206.06
 30
0.0
 11
468.57
 21
206.06
 31
0.0
  0
LINE
  5
C95
330
17
100
AcDbEntity
  8
LINES
100
AcDbLine
 10
461.51
 20
206.06
 30
0.0
 11
461.51
 21
206.06
 31
0.0
  0
LINE
  5
C96
330
17
100
AcDbEntity
  8
LINES
100
AcDbLine
 10
454.46
 20
206.06
 30
0.0
 11
454.46
 21
206.06
 31
0.0
  0
LINE
  5
C97
330
17
100
AcDbEntity
  8
LINES
100
AcDbLine
 10
447.4
 20
206.06
 30
0.0
 11
447.4
 21
206.06
 31
0.0
  0
LINE
  5
C98
330
17
100
AcDbEntity
  8
LINES
100
AcDbLine
 10
440.2
 20
206.06
 30
0.0
 11
440.2
 21
206.06
 31
0.0
  0
LINE
  5
C99
330
17
100
AcDbEntity
  8
LINES
100
AcDbLine
 10
433.15
 20
206.06
 30
0.0
 11
433.15
 21
206.06
 31
0.0
  0
LINE
  5
C9A
330
17
100
AcDbEntity
  8
LINES
100
AcDbLine
 10
426.09
 20
206.06
 30
0.0
 11
426.09
 21
206.06
 31
0.0
  0
LINE
  5
C9B
330
17
100
AcDbEntity
  8
LINES
100
AcDbLine
 10
419.03
 20
206.06
 30
0.0
 11
419.03
 21
206.06
 31
0.0
  0
LINE
  5
C9C
330
17
100
AcDbEntity
  8
LINES
100
AcDbLine
 10
411.98
 20
206.06
 30
0.0
 11
411.98
 21
206.06
 31
0.0
  0
LINE
  5
C9D
330
17
100
AcDbEntity
  8
LINES
100
AcDbLine
 10
404.78
 20
206.06
 30
0.0
 11
404.78
 21
206.06
 31
0.0
  0
LINE
  5
C9E
330
17
100
AcDbEntity
  8
LINES
100
AcDbLine
 10
397.72
 20
206.06
 30
0.0
 11
397.72
 21
206.06
 31
0.0
  0
LINE
  5
C9F
330
17
100
AcDbEntity
  8
LINES
100
AcDbLine
 10
390.67
 20
206.06
 30
0.0
 11
390.67
 21
206.06
 31
0.0
  0
LINE
  5
CA0
330
17
100
AcDbEntity
  8
LINES
100
AcDbLine
 10
383.61
 20
206.06
 30
0.0
 11
383.61
 21
206.06
 31
0.0
  0
LINE
  5
CA1
330
17
100
AcDbEntity
  8
LINES
100
AcDbLine
 10
376.55
 20
206.06
 30
0.0
 11
376.55
 21
206.06
 31
0.0
  0
LINE
  5
CA2
330
17
100
AcDbEntity
  8
LINES
100
AcDbLine
 10
369.35
 20
206.06
 30
0.0
 11
369.35
 21
206.06
 31
0.0
  0
LINE
  5
CA3
330
17
100
AcDbEntity
  8
LINES
100
AcDbLine
 10
362.3
 20
206.06
 30
0.0
 11
362.3
 21
206.06
 31
0.0
  0
LINE
  5
CA4
330
17
100
AcDbEntity
  8
LINES
100
AcDbLine
 10
355.24
 20
206.06
 30
0.0
 11
355.24
 21
206.06
 31
0.0
  0
LINE
  5
CA5
330
17
100
AcDbEntity
  8
LINES
100
AcDbLine
 10
348.19
 20
206.06
 30
0.0
 11
348.19
 21
206.06
 31
0.0
  0
LINE
  5
CA6
330
17
100
AcDbEntity
  8
LINES
100
AcDbLine
 10
340.99
 20
206.06
 30
0.0
 11
340.99
 21
206.06
 31
0.0
  0
LINE
  5
CA7
330
17
100
AcDbEntity
  8
LINES
100
AcDbLine
 10
333.93
 20
206.06
 30
0.0
 11
333.93
 21
206.06
 31
0.0
  0
LINE
  5
CA8
330
17
100
AcDbEntity
  8
LINES
100
AcDbLine
 10
326.87
 20
206.06
 30
0.0
 11
326.87
 21
206.06
 31
0.0
  0
LINE
  5
CA9
330
17
100
AcDbEntity
  8
LINES
100
AcDbLine
 10
319.82
 20
206.06
 30
0.0
 11
319.82
 21
206.06
 31
0.0
  0
LINE
  5
CAA
330
17
100
AcDbEntity
  8
LINES
100
AcDbLine
 10
312.76
 20
206.06
 30
0.0
 11
312.76
 21
206.06
 31
0.0
  0
LINE
  5
CAB
330
17
100
AcDbEntity
  8
LINES
100
AcDbLine
 10
305.56
 20
206.06
 30
0.0
 11
305.56
 21
206.06
 31
0.0
  0
LINE
  5
CAC
330
17
100
AcDbEntity
  8
LINES
100
AcDbLine
 10
298.51
 20
206.06
 30
0.0
 11
298.51
 21
206.06
 31
0.0
  0
LINE
  5
CAD
330
17
100
AcDbEntity
  8
LINES
100
AcDbLine
 10
291.45
 20
206.06
 30
0.0
 11
291.45
 21
206.06
 31
0.0
  0
LINE
  5
CAE
330
17
100
AcDbEntity
  8
LINES
100
AcDbLine
 10
284.39
 20
206.06
 30
0.0
 11
284.39
 21
206.06
 31
0.0
  0
LINE
  5
CAF
330
17
100
AcDbEntity
  8
LINES
100
AcDbLine
 10
277.34
 20
206.06
 30
0.0
 11
277.34
 21
206.06
 31
0.0
  0
LINE
  5
CB0
330
17
100
AcDbEntity
  8
LINES
100
AcDbLine
 10
270.14
 20
206.06
 30
0.0
 11
270.14
 21
206.06
 31
0.0
  0
LINE
  5
CB1
330
17
100
AcDbEntity
  8
LINES
100
AcDbLine
 10
263.08
 20
206.06
 30
0.0
 11
263.08
 21
206.06
 31
0.0
  0
LINE
  5
CB2
330
17
100
AcDbEntity
  8
LINES
100
AcDbLine
 10
256.03
 20
206.06
 30
0.0
 11
256.03
 21
206.06
 31
0.0
  0
LINE
  5
CB3
330
17
100
AcDbEntity
  8
LINES
100
AcDbLine
 10
248.97
 20
206.06
 30
0.0
 11
248.97
 21
206.06
 31
0.0
  0
LINE
  5
CB4
330
17
100
AcDbEntity
  8
LINES
100
AcDbLine
 10
241.77
 20
206.06
 30
0.0
 11
241.77
 21
206.06
 31
0.0
  0
LINE
  5
CB5
330
17
100
AcDbEntity
  8
LINES
100
AcDbLine
 10
234.71
 20
206.06
 30
0.0
 11
234.71
 21
206.06
 31
0.0
  0
LINE
  5
CB6
330
17
100
AcDbEntity
  8
LINES
100
AcDbLine
 10
227.66
 20
206.06
 30
0.0
 11
227.66
 21
206.06
 31
0.0
  0
LINE
  5
CB7
330
17
100
AcDbEntity
  8
LINES
100
AcDbLine
 10
220.6
 20
206.06
 30
0.0
 11
220.6
 21
206.06
 31
0.0
  0
LINE
  5
CB8
330
17
100
AcDbEntity
  8
LINES
100
AcDbLine
 10
213.55
 20
206.06
 30
0.0
 11
213.55
 21
206.06
 31
0.0
  0
LINE
  5
CB9
330
17
100
AcDbEntity
  8
LINES
100
AcDbLine
 10
206.35
 20
206.06
 30
0.0
 11
206.35
 21
206.06
 31
0.0
  0
LINE
  5
CBA
330
17
100
AcDbEntity
  8
LINES
100
AcDbLine
 10
199.29
 20
206.06
 30
0.0
 11
199.29
 21
206.06
 31
0.0
  0
LINE
  5
CBB
330
17
100
AcDbEntity
  8
LINES
100
AcDbLine
 10
192.23
 20
206.06
 30
0.0
 11
192.23
 21
206.06
 31
0.0
  0
LINE
  5
CBC
330
17
100
AcDbEntity
  8
LINES
100
AcDbLine
 10
185.18
 20
206.06
 30
0.0
 11
185.18
 21
206.06
 31
0.0
  0
LINE
  5
CBD
330
17
100
AcDbEntity
  8
LINES
100
AcDbLine
 10
178.12
 20
206.06
 30
0.0
 11
178.12
 21
206.06
 31
0.0
  0
LINE
  5
CBE
330
17
100
AcDbEntity
  8
LINES
100
AcDbLine
 10
170.92
 20
206.06
 30
0.0
 11
170.92
 21
206.06
 31
0.0
  0
LINE
  5
CBF
330
17
100
AcDbEntity
  8
LINES
100
AcDbLine
 10
163.87
 20
206.06
 30
0.0
 11
163.87
 21
206.06
 31
0.0
  0
LINE
  5
CC0
330
17
100
AcDbEntity
  8
LINES
100
AcDbLine
 10
156.81
 20
206.06
 30
0.0
 11
156.81
 21
206.06
 31
0.0
  0
LINE
  5
CC1
330
17
100
AcDbEntity
  8
LINES
100
AcDbLine
 10
149.75
 20
206.06
 30
0.0
 11
149.75
 21
206.06
 31
0.0
  0
LINE
  5
CC2
330
17
100
AcDbEntity
  8
LINES
100
AcDbLine
 10
514.65
 20
206.06
 30
0.0
 11
512.92
 21
206.06
 31
0.0
  0
LINE
  5
CC3
330
17
100
AcDbEntity
  8
LINES
100
AcDbLine
 10
509.32
 20
206.06
 30
0.0
 11
505.87
 21
206.06
 31
0.0
  0
LINE
  5
CC4
330
17
100
AcDbEntity
  8
LINES
100
AcDbLine
 10
502.27
 20
206.06
 30
0.0
 11
498.67
 21
206.06
 31
0.0
  0
LINE
  5
CC5
330
17
100
AcDbEntity
  8
LINES
100
AcDbLine
 10
495.21
 20
206.06
 30
0.0
 11
491.61
 21
206.06
 31
0.0
  0
LINE
  5
CC6
330
17
100
AcDbEntity
  8
LINES
100
AcDbLine
 10
488.15
 20
206.06
 30
0.0
 11
484.55
 21
206.06
 31
0.0
  0
LINE
  5
CC7
330
17
100
AcDbEntity
  8
LINES
100
AcDbLine
 10
480.95
 20
206.06
 30
0.0
 11
477.5
 21
206.06
 31
0.0
  0
LINE
  5
CC8
330
17
100
AcDbEntity
  8
LINES
100
AcDbLine
 10
473.9
 20
206.06
 30
0.0
 11
470.44
 21
206.06
 31
0.0
  0
LINE
  5
CC9
330
17
100
AcDbEntity
  8
LINES
100
AcDbLine
 10
466.84
 20
206.06
 30
0.0
 11
463.24
 21
206.06
 31
0.0
  0
LINE
  5
CCA
330
17
100
AcDbEntity
  8
LINES
100
AcDbLine
 10
459.79
 20
206.06
 30
0.0
 11
456.19
 21
206.06
 31
0.0
  0
LINE
  5
CCB
330
17
100
AcDbEntity
  8
LINES
100
AcDbLine
 10
452.73
 20
206.06
 30
0.0
 11
449.13
 21
206.06
 31
0.0
  0
LINE
  5
CCC
330
17
100
AcDbEntity
  8
LINES
100
AcDbLine
 10
445.53
 20
206.06
 30
0.0
 11
442.07
 21
206.06
 31
0.0
  0
LINE
  5
CCD
330
17
100
AcDbEntity
  8
LINES
100
AcDbLine
 10
438.47
 20
206.06
 30
0.0
 11
435.02
 21
206.06
 31
0.0
  0
LINE
  5
CCE
330
17
100
AcDbEntity
  8
LINES
100
AcDbLine
 10
431.42
 20
206.06
 30
0.0
 11
427.82
 21
206.06
 31
0.0
  0
LINE
  5
CCF
330
17
100
AcDbEntity
  8
LINES
100
AcDbLine
 10
424.36
 20
206.06
 30
0.0
 11
420.76
 21
206.06
 31
0.0
  0
LINE
  5
CD0
330
17
100
AcDbEntity
  8
LINES
100
AcDbLine
 10
417.16
 20
206.06
 30
0.0
 11
413.71
 21
206.06
 31
0.0
  0
LINE
  5
CD1
330
17
100
AcDbEntity
  8
LINES
100
AcDbLine
 10
410.11
 20
206.06
 30
0.0
 11
406.65
 21
206.06
 31
0.0
  0
LINE
  5
CD2
330
17
100
AcDbEntity
  8
LINES
100
AcDbLine
 10
403.05
 20
206.06
 30
0.0
 11
399.45
 21
206.06
 31
0.0
  0
LINE
  5
CD3
330
17
100
AcDbEntity
  8
LINES
100
AcDbLine
 10
395.99
 20
206.06
 30
0.0
 11
392.39
 21
206.06
 31
0.0
  0
LINE
  5
CD4
330
17
100
AcDbEntity
  8
LINES
100
AcDbLine
 10
388.94
 20
206.06
 30
0.0
 11
385.34
 21
206.06
 31
0.0
  0
LINE
  5
CD5
330
17
100
AcDbEntity
  8
LINES
100
AcDbLine
 10
381.74
 20
206.06
 30
0.0
 11
378.28
 21
206.06
 31
0.0
  0
LINE
  5
CD6
330
17
100
AcDbEntity
  8
LINES
100
AcDbLine
 10
374.68
 20
206.06
 30
0.0
 11
371.23
 21
206.06
 31
0.0
  0
LINE
  5
CD7
330
17
100
AcDbEntity
  8
LINES
100
AcDbLine
 10
367.63
 20
206.06
 30
0.0
 11
364.03
 21
206.06
 31
0.0
  0
LINE
  5
CD8
330
17
100
AcDbEntity
  8
LINES
100
AcDbLine
 10
360.57
 20
206.06
 30
0.0
 11
356.97
 21
206.06
 31
0.0
  0
LINE
  5
CD9
330
17
100
AcDbEntity
  8
LINES
100
AcDbLine
 10
353.51
 20
206.06
 30
0.0
 11
349.91
 21
206.06
 31
0.0
  0
LINE
  5
CDA
330
17
100
AcDbEntity
  8
LINES
100
AcDbLine
 10
346.31
 20
206.06
 30
0.0
 11
342.86
 21
206.06
 31
0.0
  0
LINE
  5
CDB
330
17
100
AcDbEntity
  8
LINES
100
AcDbLine
 10
339.26
 20
206.06
 30
0.0
 11
335.8
 21
206.06
 31
0.0
  0
LINE
  5
CDC
330
17
100
AcDbEntity
  8
LINES
100
AcDbLine
 10
332.2
 20
206.06
 30
0.0
 11
328.6
 21
206.06
 31
0.0
  0
LINE
  5
CDD
330
17
100
AcDbEntity
  8
LINES
100
AcDbLine
 10
325.15
 20
206.06
 30
0.0
 11
321.55
 21
206.06
 31
0.0
  0
LINE
  5
CDE
330
17
100
AcDbEntity
  8
LINES
100
AcDbLine
 10
318.09
 20
206.06
 30
0.0
 11
314.49
 21
206.06
 31
0.0
  0
LINE
  5
CDF
330
17
100
AcDbEntity
  8
LINES
100
AcDbLine
 10
310.89
 20
206.06
 30
0.0
 11
307.43
 21
206.06
 31
0.0
  0
LINE
  5
CE0
330
17
100
AcDbEntity
  8
LINES
100
AcDbLine
 10
303.83
 20
206.06
 30
0.0
 11
300.23
 21
206.06
 31
0.0
  0
LINE
  5
CE1
330
17
100
AcDbEntity
  8
LINES
100
AcDbLine
 10
296.78
 20
206.06
 30
0.0
 11
293.18
 21
206.06
 31
0.0
  0
LINE
  5
CE2
330
17
100
AcDbEntity
  8
LINES
100
AcDbLine
 10
289.72
 20
206.06
 30
0.0
 11
286.12
 21
206.06
 31
0.0
  0
LINE
  5
CE3
330
17
100
AcDbEntity
  8
LINES
100
AcDbLine
 10
282.52
 20
206.06
 30
0.0
 11
279.07
 21
206.06
 31
0.0
  0
LINE
  5
CE4
330
17
100
AcDbEntity
  8
LINES
100
AcDbLine
 10
275.47
 20
206.06
 30
0.0
 11
272.01
 21
206.06
 31
0.0
  0
LINE
  5
CE5
330
17
100
AcDbEntity
  8
LINES
100
AcDbLine
 10
268.41
 20
206.06
 30
0.0
 11
264.81
 21
206.06
 31
0.0
  0
LINE
  5
CE6
330
17
100
AcDbEntity
  8
LINES
100
AcDbLine
 10
261.35
 20
206.06
 30
0.0
 11
257.75
 21
206.06
 31
0.0
  0
LINE
  5
CE7
330
17
100
AcDbEntity
  8
LINES
100
AcDbLine
 10
254.3
 20
206.06
 30
0.0
 11
250.7
 21
206.06
 31
0.0
  0
LINE
  5
CE8
330
17
100
AcDbEntity
  8
LINES
100
AcDbLine
 10
247.1
 20
206.06
 30
0.0
 11
243.64
 21
206.06
 31
0.0
  0
LINE
  5
CE9
330
17
100
AcDbEntity
  8
LINES
100
AcDbLine
 10
240.04
 20
206.06
 30
0.0
 11
236.59
 21
206.06
 31
0.0
  0
LINE
  5
CEA
330
17
100
AcDbEntity
  8
LINES
100
AcDbLine
 10
232.99
 20
206.06
 30
0.0
 11
229.39
 21
206.06
 31
0.0
  0
LINE
  5
CEB
330
17
100
AcDbEntity
  8
LINES
100
AcDbLine
 10
225.93
 20
206.06
 30
0.0
 11
222.33
 21
206.06
 31
0.0
  0
LINE
  5
CEC
330
17
100
AcDbEntity
  8
LINES
100
AcDbLine
 10
218.87
 20
206.06
 30
0.0
 11
215.27
 21
206.06
 31
0.0
  0
LINE
  5
CED
330
17
100
AcDbEntity
  8
LINES
100
AcDbLine
 10
211.67
 20
206.06
 30
0.0
 11
208.22
 21
206.06
 31
0.0
  0
LINE
  5
CEE
330
17
100
AcDbEntity
  8
LINES
100
AcDbLine
 10
204.62
 20
206.06
 30
0.0
 11
201.16
 21
206.06
 31
0.0
  0
LINE
  5
CEF
330
17
100
AcDbEntity
  8
LINES
100
AcDbLine
 10
197.56
 20
206.06
 30
0.0
 11
193.96
 21
206.06
 31
0.0
  0
LINE
  5
CF0
330
17
100
AcDbEntity
  8
LINES
100
AcDbLine
 10
190.51
 20
206.06
 30
0.0
 11
186.91
 21
206.06
 31
0.0
  0
LINE
  5
CF1
330
17
100
AcDbEntity
  8
LINES
100
AcDbLine
 10
183.31
 20
206.06
 30
0.0
 11
179.85
 21
206.06
 31
0.0
  0
LINE
  5
CF2
330
17
100
AcDbEntity
  8
LINES
100
AcDbLine
 10
176.25
 20
206.06
 30
0.0
 11
172.79
 21
206.06
 31
0.0
  0
LINE
  5
CF3
330
17
100
AcDbEntity
  8
LINES
100
AcDbLine
 10
169.19
 20
206.06
 30
0.0
 11
165.59
 21
206.06
 31
0.0
  0
LINE
  5
CF4
330
17
100
AcDbEntity
  8
LINES
100
AcDbLine
 10
162.14
 20
206.06
 30
0.0
 11
158.54
 21
206.06
 31
0.0
  0
LINE
  5
CF5
330
17
100
AcDbEntity
  8
LINES
100
AcDbLine
 10
155.08
 20
206.06
 30
0.0
 11
151.48
 21
206.06
 31
0.0
  0
LINE
  5
CF6
330
17
100
AcDbEntity
  8
LINES
100
AcDbLine
 10
147.88
 20
206.06
 30
0.0
 11
146.15
 21
206.06
 31
0.0
  0
LINE
  5
CF7
330
17
100
AcDbEntity
  8
LINES
100
AcDbLine
 10
514.65
 20
792.58
 30
0.0
 11
514.65
 21
792.58
 31
0.0
  0
LINE
  5
CF8
330
17
100
AcDbEntity
  8
LINES
100
AcDbLine
 10
514.65
 20
785.38
 30
0.0
 11
514.65
 21
785.38
 31
0.0
  0
LINE
  5
CF9
330
17
100
AcDbEntity
  8
LINES
100
AcDbLine
 10
514.65
 20
778.32
 30
0.0
 11
514.65
 21
778.32
 31
0.0
  0
LINE
  5
CFA
330
17
100
AcDbEntity
  8
LINES
100
AcDbLine
 10
514.65
 20
771.26
 30
0.0
 11
514.65
 21
771.26
 31
0.0
  0
LINE
  5
CFB
330
17
100
AcDbEntity
  8
LINES
100
AcDbLine
 10
514.65
 20
764.21
 30
0.0
 11
514.65
 21
764.21
 31
0.0
  0
LINE
  5
CFC
330
17
100
AcDbEntity
  8
LINES
100
AcDbLine
 10
514.65
 20
757.15
 30
0.0
 11
514.65
 21
757.15
 31
0.0
  0
LINE
  5
CFD
330
17
100
AcDbEntity
  8
LINES
100
AcDbLine
 10
514.65
 20
749.95
 30
0.0
 11
514.65
 21
749.95
 31
0.0
  0
LINE
  5
CFE
330
17
100
AcDbEntity
  8
LINES
100
AcDbLine
 10
514.65
 20
742.9
 30
0.0
 11
514.65
 21
742.9
 31
0.0
  0
LINE
  5
CFF
330
17
100
AcDbEntity
  8
LINES
100
AcDbLine
 10
514.65
 20
735.84
 30
0.0
 11
514.65
 21
735.84
 31
0.0
  0
LINE
  5
D00
330
17
100
AcDbEntity
  8
LINES
100
AcDbLine
 10
514.65
 20
728.78
 30
0.0
 11
514.65
 21
728.78
 31
0.0
  0
LINE
  5
D01
330
17
100
AcDbEntity
  8
LINES
100
AcDbLine
 10
514.65
 20
721.73
 30
0.0
 11
514.65
 21
721.73
 31
0.0
  0
LINE
  5
D02
330
17
100
AcDbEntity
  8
LINES
100
AcDbLine
 10
514.65
 20
714.53
 30
0.0
 11
514.65
 21
714.53
 31
0.0
  0
LINE
  5
D03
330
17
100
AcDbEntity
  8
LINES
100
AcDbLine
 10
514.65
 20
707.47
 30
0.0
 11
514.65
 21
707.47
 31
0.0
  0
LINE
  5
D04
330
17
100
AcDbEntity
  8
LINES
100
AcDbLine
 10
514.65
 20
700.42
 30
0.0
 11
514.65
 21
700.42
 31
0.0
  0
LINE
  5
D05
330
17
100
AcDbEntity
  8
LINES
100
AcDbLine
 10
514.65
 20
693.36
 30
0.0
 11
514.65
 21
693.36
 31
0.0
  0
LINE
  5
D06
330
17
100
AcDbEntity
  8
LINES
100
AcDbLine
 10
514.65
 20
686.3
 30
0.0
 11
514.65
 21
686.3
 31
0.0
  0
LINE
  5
D07
330
17
100
AcDbEntity
  8
LINES
100
AcDbLine
 10
514.65
 20
679.1
 30
0.0
 11
514.65
 21
679.1
 31
0.0
  0
LINE
  5
D08
330
17
100
AcDbEntity
  8
LINES
100
AcDbLine
 10
514.65
 20
672.05
 30
0.0
 11
514.65
 21
672.05
 31
0.0
  0
LINE
  5
D09
330
17
100
AcDbEntity
  8
LINES
100
AcDbLine
 10
514.65
 20
664.99
 30
0.0
 11
514.65
 21
664.99
 31
0.0
  0
LINE
  5
D0A
330
17
100
AcDbEntity
  8
LINES
100
AcDbLine
 10
514.65
 20
657.94
 30
0.0
 11
514.65
 21
657.94
 31
0.0
  0
LINE
  5
D0B
330
17
100
AcDbEntity
  8
LINES
100
AcDbLine
 10
514.65
 20
650.74
 30
0.0
 11
514.65
 21
650.74
 31
0.0
  0
LINE
  5
D0C
330
17
100
AcDbEntity
  8
LINES
100
AcDbLine
 10
514.65
 20
643.68
 30
0.0
 11
514.65
 21
643.68
 31
0.0
  0
LINE
  5
D0D
330
17
100
AcDbEntity
  8
LINES
100
AcDbLine
 10
514.65
 20
636.62
 30
0.0
 11
514.65
 21
636.62
 31
0.0
  0
LINE
  5
D0E
330
17
100
AcDbEntity
  8
LINES
100
AcDbLine
 10
514.65
 20
629.57
 30
0.0
 11
514.65
 21
629.57
 31
0.0
  0
LINE
  5
D0F
330
17
100
AcDbEntity
  8
LINES
100
AcDbLine
 10
514.65
 20
622.51
 30
0.0
 11
514.65
 21
622.51
 31
0.0
  0
LINE
  5
D10
330
17
100
AcDbEntity
  8
LINES
100
AcDbLine
 10
514.65
 20
615.31
 30
0.0
 11
514.65
 21
615.31
 31
0.0
  0
LINE
  5
D11
330
17
100
AcDbEntity
  8
LINES
100
AcDbLine
 10
514.65
 20
608.26
 30
0.0
 11
514.65
 21
608.26
 31
0.0
  0
LINE
  5
D12
330
17
100
AcDbEntity
  8
LINES
100
AcDbLine
 10
514.65
 20
601.2
 30
0.0
 11
514.65
 21
601.2
 31
0.0
  0
LINE
  5
D13
330
17
100
AcDbEntity
  8
LINES
100
AcDbLine
 10
514.65
 20
594.14
 30
0.0
 11
514.65
 21
594.14
 31
0.0
  0
LINE
  5
D14
330
17
100
AcDbEntity
  8
LINES
100
AcDbLine
 10
514.65
 20
587.09
 30
0.0
 11
514.65
 21
587.09
 31
0.0
  0
LINE
  5
D15
330
17
100
AcDbEntity
  8
LINES
100
AcDbLine
 10
514.65
 20
579.89
 30
0.0
 11
514.65
 21
579.89
 31
0.0
  0
LINE
  5
D16
330
17
100
AcDbEntity
  8
LINES
100
AcDbLine
 10
514.65
 20
572.83
 30
0.0
 11
514.65
 21
572.83
 31
0.0
  0
LINE
  5
D17
330
17
100
AcDbEntity
  8
LINES
100
AcDbLine
 10
514.65
 20
565.78
 30
0.0
 11
514.65
 21
565.78
 31
0.0
  0
LINE
  5
D18
330
17
100
AcDbEntity
  8
LINES
100
AcDbLine
 10
514.65
 20
558.72
 30
0.0
 11
514.65
 21
558.72
 31
0.0
  0
LINE
  5
D19
330
17
100
AcDbEntity
  8
LINES
100
AcDbLine
 10
514.65
 20
551.52
 30
0.0
 11
514.65
 21
551.52
 31
0.0
  0
LINE
  5
D1A
330
17
100
AcDbEntity
  8
LINES
100
AcDbLine
 10
514.65
 20
544.46
 30
0.0
 11
514.65
 21
544.46
 31
0.0
  0
LINE
  5
D1B
330
17
100
AcDbEntity
  8
LINES
100
AcDbLine
 10
514.65
 20
537.41
 30
0.0
 11
514.65
 21
537.41
 31
0.0
  0
LINE
  5
D1C
330
17
100
AcDbEntity
  8
LINES
100
AcDbLine
 10
514.65
 20
530.35
 30
0.0
 11
514.65
 21
530.35
 31
0.0
  0
LINE
  5
D1D
330
17
100
AcDbEntity
  8
LINES
100
AcDbLine
 10
514.65
 20
523.3
 30
0.0
 11
514.65
 21
523.3
 31
0.0
  0
LINE
  5
D1E
330
17
100
AcDbEntity
  8
LINES
100
AcDbLine
 10
514.65
 20
516.1
 30
0.0
 11
514.65
 21
516.1
 31
0.0
  0
LINE
  5
D1F
330
17
100
AcDbEntity
  8
LINES
100
AcDbLine
 10
514.65
 20
509.04
 30
0.0
 11
514.65
 21
509.04
 31
0.0
  0
LINE
  5
D20
330
17
100
AcDbEntity
  8
LINES
100
AcDbLine
 10
514.65
 20
501.98
 30
0.0
 11
514.65
 21
501.98
 31
0.0
  0
LINE
  5
D21
330
17
100
AcDbEntity
  8
LINES
100
AcDbLine
 10
514.65
 20
494.93
 30
0.0
 11
514.65
 21
494.93
 31
0.0
  0
LINE
  5
D22
330
17
100
AcDbEntity
  8
LINES
100
AcDbLine
 10
514.65
 20
487.87
 30
0.0
 11
514.65
 21
487.87
 31
0.0
  0
LINE
  5
D23
330
17
100
AcDbEntity
  8
LINES
100
AcDbLine
 10
514.65
 20
480.67
 30
0.0
 11
514.65
 21
480.67
 31
0.0
  0
LINE
  5
D24
330
17
100
AcDbEntity
  8
LINES
100
AcDbLine
 10
514.65
 20
473.62
 30
0.0
 11
514.65
 21
473.62
 31
0.0
  0
LINE
  5
D25
330
17
100
AcDbEntity
  8
LINES
100
AcDbLine
 10
514.65
 20
466.56
 30
0.0
 11
514.65
 21
466.56
 31
0.0
  0
LINE
  5
D26
330
17
100
AcDbEntity
  8
LINES
100
AcDbLine
 10
514.65
 20
459.5
 30
0.0
 11
514.65
 21
459.5
 31
0.0
  0
LINE
  5
D27
330
17
100
AcDbEntity
  8
LINES
100
AcDbLine
 10
514.65
 20
452.3
 30
0.0
 11
514.65
 21
452.3
 31
0.0
  0
LINE
  5
D28
330
17
100
AcDbEntity
  8
LINES
100
AcDbLine
 10
514.65
 20
445.25
 30
0.0
 11
514.65
 21
445.25
 31
0.0
  0
LINE
  5
D29
330
17
100
AcDbEntity
  8
LINES
100
AcDbLine
 10
514.65
 20
438.19
 30
0.0
 11
514.65
 21
438.19
 31
0.0
  0
LINE
  5
D2A
330
17
100
AcDbEntity
  8
LINES
100
AcDbLine
 10
514.65
 20
431.14
 30
0.0
 11
514.65
 21
431.14
 31
0.0
  0
LINE
  5
D2B
330
17
100
AcDbEntity
  8
LINES
100
AcDbLine
 10
514.65
 20
424.08
 30
0.0
 11
514.65
 21
424.08
 31
0.0
  0
LINE
  5
D2C
330
17
100
AcDbEntity
  8
LINES
100
AcDbLine
 10
514.65
 20
416.88
 30
0.0
 11
514.65
 21
416.88
 31
0.0
  0
LINE
  5
D2D
330
17
100
AcDbEntity
  8
LINES
100
AcDbLine
 10
514.65
 20
409.82
 30
0.0
 11
514.65
 21
409.82
 31
0.0
  0
LINE
  5
D2E
330
17
100
AcDbEntity
  8
LINES
100
AcDbLine
 10
514.65
 20
402.77
 30
0.0
 11
514.65
 21
402.77
 31
0.0
  0
LINE
  5
D2F
330
17
100
AcDbEntity
  8
LINES
100
AcDbLine
 10
514.65
 20
395.71
 30
0.0
 11
514.65
 21
395.71
 31
0.0
  0
LINE
  5
D30
330
17
100
AcDbEntity
  8
LINES
100
AcDbLine
 10
514.65
 20
388.66
 30
0.0
 11
514.65
 21
388.66
 31
0.0
  0
LINE
  5
D31
330
17
100
AcDbEntity
  8
LINES
100
AcDbLine
 10
514.65
 20
381.46
 30
0.0
 11
514.65
 21
381.46
 31
0.0
  0
LINE
  5
D32
330
17
100
AcDbEntity
  8
LINES
100
AcDbLine
 10
514.65
 20
374.4
 30
0.0
 11
514.65
 21
374.4
 31
0.0
  0
LINE
  5
D33
330
17
100
AcDbEntity
  8
LINES
100
AcDbLine
 10
514.65
 20
367.34
 30
0.0
 11
514.65
 21
367.34
 31
0.0
  0
LINE
  5
D34
330
17
100
AcDbEntity
  8
LINES
100
AcDbLine
 10
514.65
 20
360.29
 30
0.0
 11
514.65
 21
360.29
 31
0.0
  0
LINE
  5
D35
330
17
100
AcDbEntity
  8
LINES
100
AcDbLine
 10
514.65
 20
353.23
 30
0.0
 11
514.65
 21
353.23
 31
0.0
  0
LINE
  5
D36
330
17
100
AcDbEntity
  8
LINES
100
AcDbLine
 10
514.65
 20
346.03
 30
0.0
 11
514.65
 21
346.03
 31
0.0
  0
LINE
  5
D37
330
17
100
AcDbEntity
  8
LINES
100
AcDbLine
 10
514.65
 20
338.98
 30
0.0
 11
514.65
 21
338.98
 31
0.0
  0
LINE
  5
D38
330
17
100
AcDbEntity
  8
LINES
100
AcDbLine
 10
514.65
 20
331.92
 30
0.0
 11
514.65
 21
331.92
 31
0.0
  0
LINE
  5
D39
330
17
100
AcDbEntity
  8
LINES
100
AcDbLine
 10
514.65
 20
324.86
 30
0.0
 11
514.65
 21
324.86
 31
0.0
  0
LINE
  5
D3A
330
17
100
AcDbEntity
  8
LINES
100
AcDbLine
 10
514.65
 20
317.66
 30
0.0
 11
514.65
 21
317.66
 31
0.0
  0
LINE
  5
D3B
330
17
100
AcDbEntity
  8
LINES
100
AcDbLine
 10
514.65
 20
310.61
 30
0.0
 11
514.65
 21
310.61
 31
0.0
  0
LINE
  5
D3C
330
17
100
AcDbEntity
  8
LINES
100
AcDbLine
 10
514.65
 20
303.55
 30
0.0
 11
514.65
 21
303.55
 31
0.0
  0
LINE
  5
D3D
330
17
100
AcDbEntity
  8
LINES
100
AcDbLine
 10
514.65
 20
296.5
 30
0.0
 11
514.65
 21
296.5
 31
0.0
  0
LINE
  5
D3E
330
17
100
AcDbEntity
  8
LINES
100
AcDbLine
 10
514.65
 20
289.44
 30
0.0
 11
514.65
 21
289.44
 31
0.0
  0
LINE
  5
D3F
330
17
100
AcDbEntity
  8
LINES
100
AcDbLine
 10
514.65
 20
282.24
 30
0.0
 11
514.65
 21
282.24
 31
0.0
  0
LINE
  5
D40
330
17
100
AcDbEntity
  8
LINES
100
AcDbLine
 10
514.65
 20
275.18
 30
0.0
 11
514.65
 21
275.18
 31
0.0
  0
LINE
  5
D41
330
17
100
AcDbEntity
  8
LINES
100
AcDbLine
 10
514.65
 20
268.13
 30
0.0
 11
514.65
 21
268.13
 31
0.0
  0
LINE
  5
D42
330
17
100
AcDbEntity
  8
LINES
100
AcDbLine
 10
514.65
 20
261.07
 30
0.0
 11
514.65
 21
261.07
 31
0.0
  0
LINE
  5
D43
330
17
100
AcDbEntity
  8
LINES
100
AcDbLine
 10
514.65
 20
254.02
 30
0.0
 11
514.65
 21
254.02
 31
0.0
  0
LINE
  5
D44
330
17
100
AcDbEntity
  8
LINES
100
AcDbLine
 10
514.65
 20
246.82
 30
0.0
 11
514.65
 21
246.82
 31
0.0
  0
LINE
  5
D45
330
17
100
AcDbEntity
  8
LINES
100
AcDbLine
 10
514.65
 20
239.76
 30
0.0
 11
514.65
 21
239.76
 31
0.0
  0
LINE
  5
D46
330
17
100
AcDbEntity
  8
LINES
100
AcDbLine
 10
514.65
 20
232.7
 30
0.0
 11
514.65
 21
232.7
 31
0.0
  0
LINE
  5
D47
330
17
100
AcDbEntity
  8
LINES
100
AcDbLine
 10
514.65
 20
225.65
 30
0.0
 11
514.65
 21
225.65
 31
0.0
  0
LINE
  5
D48
330
17
100
AcDbEntity
  8
LINES
100
AcDbLine
 10
514.65
 20
218.45
 30
0.0
 11
514.65
 21
218.45
 31
0.0
  0
LINE
  5
D49
330
17
100
AcDbEntity
  8
LINES
100
AcDbLine
 10
514.65
 20
211.39
 30
0.0
 11
514.65
 21
211.39
 31
0.0
  0
LINE
  5
D4A
330
17
100
AcDbEntity
  8
LINES
100
AcDbLine
 10
514.65
 20
797.9
 30
0.0
 11
514.65
 21
794.3
 31
0.0
  0
LINE
  5
D4B
330
17
100
AcDbEntity
  8
LINES
100
AcDbLine
 10
514.65
 20
790.7
 30
0.0
 11
514.65
 21
787.25
 31
0.0
  0
LINE
  5
D4C
330
17
100
AcDbEntity
  8
LINES
100
AcDbLine
 10
514.65
 20
783.65
 30
0.0
 11
514.65
 21
780.19
 31
0.0
  0
LINE
  5
D4D
330
17
100
AcDbEntity
  8
LINES
100
AcDbLine
 10
514.65
 20
776.59
 30
0.0
 11
514.65
 21
772.99
 31
0.0
  0
LINE
  5
D4E
330
17
100
AcDbEntity
  8
LINES
100
AcDbLine
 10
514.65
 20
769.54
 30
0.0
 11
514.65
 21
765.94
 31
0.0
  0
LINE
  5
D4F
330
17
100
AcDbEntity
  8
LINES
100
AcDbLine
 10
514.65
 20
762.48
 30
0.0
 11
514.65
 21
758.88
 31
0.0
  0
LINE
  5
D50
330
17
100
AcDbEntity
  8
LINES
100
AcDbLine
 10
514.65
 20
755.28
 30
0.0
 11
514.65
 21
751.82
 31
0.0
  0
LINE
  5
D51
330
17
100
AcDbEntity
  8
LINES
100
AcDbLine
 10
514.65
 20
748.22
 30
0.0
 11
514.65
 21
744.77
 31
0.0
  0
LINE
  5
D52
330
17
100
AcDbEntity
  8
LINES
100
AcDbLine
 10
514.65
 20
741.17
 30
0.0
 11
514.65
 21
737.57
 31
0.0
  0
LINE
  5
D53
330
17
100
AcDbEntity
  8
LINES
100
AcDbLine
 10
514.65
 20
734.11
 30
0.0
 11
514.65
 21
730.51
 31
0.0
  0
LINE
  5
D54
330
17
100
AcDbEntity
  8
LINES
100
AcDbLine
 10
514.65
 20
726.91
 30
0.0
 11
514.65
 21
723.46
 31
0.0
  0
LINE
  5
D55
330
17
100
AcDbEntity
  8
LINES
100
AcDbLine
 10
514.65
 20
719.86
 30
0.0
 11
514.65
 21
716.4
 31
0.0
  0
LINE
  5
D56
330
17
100
AcDbEntity
  8
LINES
100
AcDbLine
 10
514.65
 20
712.8
 30
0.0
 11
514.65
 21
709.2
 31
0.0
  0
LINE
  5
D57
330
17
100
AcDbEntity
  8
LINES
100
AcDbLine
 10
514.65
 20
705.74
 30
0.0
 11
514.65
 21
702.14
 31
0.0
  0
LINE
  5
D58
330
17
100
AcDbEntity
  8
LINES
100
AcDbLine
 10
514.65
 20
698.69
 30
0.0
 11
514.65
 21
695.09
 31
0.0
  0
LINE
  5
D59
330
17
100
AcDbEntity
  8
LINES
100
AcDbLine
 10
514.65
 20
691.49
 30
0.0
 11
514.65
 21
688.03
 31
0.0
  0
LINE
  5
D5A
330
17
100
AcDbEntity
  8
LINES
100
AcDbLine
 10
514.65
 20
684.43
 30
0.0
 11
514.65
 21
680.98
 31
0.0
  0
LINE
  5
D5B
330
17
100
AcDbEntity
  8
LINES
100
AcDbLine
 10
514.65
 20
677.38
 30
0.0
 11
514.65
 21
673.78
 31
0.0
  0
LINE
  5
D5C
330
17
100
AcDbEntity
  8
LINES
100
AcDbLine
 10
514.65
 20
670.32
 30
0.0
 11
514.65
 21
666.72
 31
0.0
  0
LINE
  5
D5D
330
17
100
AcDbEntity
  8
LINES
100
AcDbLine
 10
514.65
 20
663.26
 30
0.0
 11
514.65
 21
659.66
 31
0.0
  0
LINE
  5
D5E
330
17
100
AcDbEntity
  8
LINES
100
AcDbLine
 10
514.65
 20
656.06
 30
0.0
 11
514.65
 21
652.61
 31
0.0
  0
LINE
  5
D5F
330
17
100
AcDbEntity
  8
LINES
100
AcDbLine
 10
514.65
 20
649.01
 30
0.0
 11
514.65
 21
645.55
 31
0.0
  0
LINE
  5
D60
330
17
100
AcDbEntity
  8
LINES
100
AcDbLine
 10
514.65
 20
641.95
 30
0.0
 11
514.65
 21
638.35
 31
0.0
  0
LINE
  5
D61
330
17
100
AcDbEntity
  8
LINES
100
AcDbLine
 10
514.65
 20
634.9
 30
0.0
 11
514.65
 21
631.3
 31
0.0
  0
LINE
  5
D62
330
17
100
AcDbEntity
  8
LINES
100
AcDbLine
 10
514.65
 20
627.84
 30
0.0
 11
514.65
 21
624.24
 31
0.0
  0
LINE
  5
D63
330
17
100
AcDbEntity
  8
LINES
100
AcDbLine
 10
514.65
 20
620.64
 30
0.0
 11
514.65
 21
617.18
 31
0.0
  0
LINE
  5
D64
330
17
100
AcDbEntity
  8
LINES
100
AcDbLine
 10
514.65
 20
613.58
 30
0.0
 11
514.65
 21
609.98
 31
0.0
  0
LINE
  5
D65
330
17
100
AcDbEntity
  8
LINES
100
AcDbLine
 10
514.65
 20
606.53
 30
0.0
 11
514.65
 21
602.93
 31
0.0
  0
LINE
  5
D66
330
17
100
AcDbEntity
  8
LINES
100
AcDbLine
 10
514.65
 20
599.47
 30
0.0
 11
514.65
 21
595.87
 31
0.0
  0
LINE
  5
D67
330
17
100
AcDbEntity
  8
LINES
100
AcDbLine
 10
514.65
 20
592.27
 30
0.0
 11
514.65
 21
588.82
 31
0.0
  0
LINE
  5
D68
330
17
100
AcDbEntity
  8
LINES
100
AcDbLine
 10
514.65
 20
585.22
 30
0.0
 11
514.65
 21
581.76
 31
0.0
  0
LINE
  5
D69
330
17
100
AcDbEntity
  8
LINES
100
AcDbLine
 10
514.65
 20
578.16
 30
0.0
 11
514.65
 21
574.56
 31
0.0
  0
LINE
  5
D6A
330
17
100
AcDbEntity
  8
LINES
100
AcDbLine
 10
514.65
 20
571.1
 30
0.0
 11
514.65
 21
567.5
 31
0.0
  0
LINE
  5
D6B
330
17
100
AcDbEntity
  8
LINES
100
AcDbLine
 10
514.65
 20
564.05
 30
0.0
 11
514.65
 21
560.45
 31
0.0
  0
LINE
  5
D6C
330
17
100
AcDbEntity
  8
LINES
100
AcDbLine
 10
514.65
 20
556.85
 30
0.0
 11
514.65
 21
553.39
 31
0.0
  0
LINE
  5
D6D
330
17
100
AcDbEntity
  8
LINES
100
AcDbLine
 10
514.65
 20
549.79
 30
0.0
 11
514.65
 21
546.34
 31
0.0
  0
LINE
  5
D6E
330
17
100
AcDbEntity
  8
LINES
100
AcDbLine
 10
514.65
 20
542.74
 30
0.0
 11
514.65
 21
539.14
 31
0.0
  0
LINE
  5
D6F
330
17
100
AcDbEntity
  8
LINES
100
AcDbLine
 10
514.65
 20
535.68
 30
0.0
 11
514.65
 21
532.08
 31
0.0
  0
LINE
  5
D70
330
17
100
AcDbEntity
  8
LINES
100
AcDbLine
 10
514.65
 20
528.62
 30
0.0
 11
514.65
 21
525.02
 31
0.0
  0
LINE
  5
D71
330
17
100
AcDbEntity
  8
LINES
100
AcDbLine
 10
514.65
 20
521.42
 30
0.0
 11
514.65
 21
517.97
 31
0.0
  0
LINE
  5
D72
330
17
100
AcDbEntity
  8
LINES
100
AcDbLine
 10
514.65
 20
514.37
 30
0.0
 11
514.65
 21
510.77
 31
0.0
  0
LINE
  5
D73
330
17
100
AcDbEntity
  8
LINES
100
AcDbLine
 10
514.65
 20
507.31
 30
0.0
 11
514.65
 21
503.71
 31
0.0
  0
LINE
  5
D74
330
17
100
AcDbEntity
  8
LINES
100
AcDbLine
 10
514.65
 20
500.26
 30
0.0
 11
514.65
 21
496.66
 31
0.0
  0
LINE
  5
D75
330
17
100
AcDbEntity
  8
LINES
100
AcDbLine
 10
514.65
 20
493.06
 30
0.0
 11
514.65
 21
489.6
 31
0.0
  0
LINE
  5
D76
330
17
100
AcDbEntity
  8
LINES
100
AcDbLine
 10
514.65
 20
486.0
 30
0.0
 11
514.65
 21
482.54
 31
0.0
  0
LINE
  5
D77
330
17
100
AcDbEntity
  8
LINES
100
AcDbLine
 10
514.65
 20
478.94
 30
0.0
 11
514.65
 21
475.34
 31
0.0
  0
LINE
  5
D78
330
17
100
AcDbEntity
  8
LINES
100
AcDbLine
 10
514.65
 20
471.89
 30
0.0
 11
514.65
 21
468.29
 31
0.0
  0
LINE
  5
D79
330
17
100
AcDbEntity
  8
LINES
100
AcDbLine
 10
514.65
 20
464.83
 30
0.0
 11
514.65
 21
461.23
 31
0.0
  0
LINE
  5
D7A
330
17
100
AcDbEntity
  8
LINES
100
AcDbLine
 10
514.65
 20
457.63
 30
0.0
 11
514.65
 21
454.18
 31
0.0
  0
LINE
  5
D7B
330
17
100
AcDbEntity
  8
LINES
100
AcDbLine
 10
514.65
 20
450.58
 30
0.0
 11
514.65
 21
447.12
 31
0.0
  0
LINE
  5
D7C
330
17
100
AcDbEntity
  8
LINES
100
AcDbLine
 10
514.65
 20
443.52
 30
0.0
 11
514.65
 21
439.92
 31
0.0
  0
LINE
  5
D7D
330
17
100
AcDbEntity
  8
LINES
100
AcDbLine
 10
514.65
 20
436.46
 30
0.0
 11
514.65
 21
432.86
 31
0.0
  0
LINE
  5
D7E
330
17
100
AcDbEntity
  8
LINES
100
AcDbLine
 10
514.65
 20
429.41
 30
0.0
 11
514.65
 21
425.81
 31
0.0
  0
LINE
  5
D7F
330
17
100
AcDbEntity
  8
LINES
100
AcDbLine
 10
514.65
 20
422.21
 30
0.0
 11
514.65
 21
418.75
 31
0.0
  0
LINE
  5
D80
330
17
100
AcDbEntity
  8
LINES
100
AcDbLine
 10
514.65
 20
415.15
 30
0.0
 11
514.65
 21
411.7
 31
0.0
  0
LINE
  5
D81
330
17
100
AcDbEntity
  8
LINES
100
AcDbLine
 10
514.65
 20
408.1
 30
0.0
 11
514.65
 21
404.5
 31
0.0
  0
LINE
  5
D82
330
17
100
AcDbEntity
  8
LINES
100
AcDbLine
 10
514.65
 20
401.04
 30
0.0
 11
514.65
 21
397.44
 31
0.0
  0
LINE
  5
D83
330
17
100
AcDbEntity
  8
LINES
100
AcDbLine
 10
514.65
 20
393.84
 30
0.0
 11
514.65
 21
390.38
 31
0.0
  0
LINE
  5
D84
330
17
100
AcDbEntity
  8
LINES
100
AcDbLine
 10
514.65
 20
386.78
 30
0.0
 11
514.65
 21
383.33
 31
0.0
  0
LINE
  5
D85
330
17
100
AcDbEntity
  8
LINES
100
AcDbLine
 10
514.65
 20
379.73
 30
0.0
 11
514.65
 21
376.13
 31
0.0
  0
LINE
  5
D86
330
17
100
AcDbEntity
  8
LINES
100
AcDbLine
 10
514.65
 20
372.67
 30
0.0
 11
514.65
 21
369.07
 31
0.0
  0
LINE
  5
D87
330
17
100
AcDbEntity
  8
LINES
100
AcDbLine
 10
514.65
 20
365.62
 30
0.0
 11
514.65
 21
362.02
 31
0.0
  0
LINE
  5
D88
330
17
100
AcDbEntity
  8
LINES
100
AcDbLine
 10
514.65
 20
358.42
 30
0.0
 11
514.65
 21
354.96
 31
0.0
  0
LINE
  5
D89
330
17
100
AcDbEntity
  8
LINES
100
AcDbLine
 10
514.65
 20
351.36
 30
0.0
 11
514.65
 21
347.9
 31
0.0
  0
LINE
  5
D8A
330
17
100
AcDbEntity
  8
LINES
100
AcDbLine
 10
514.65
 20
344.3
 30
0.0
 11
514.65
 21
340.7
 31
0.0
  0
LINE
  5
D8B
330
17
100
AcDbEntity
  8
LINES
100
AcDbLine
 10
514.65
 20
337.25
 30
0.0
 11
514.65
 21
333.65
 31
0.0
  0
LINE
  5
D8C
330
17
100
AcDbEntity
  8
LINES
100
AcDbLine
 10
514.65
 20
330.19
 30
0.0
 11
514.65
 21
326.59
 31
0.0
  0
LINE
  5
D8D
330
17
100
AcDbEntity
  8
LINES
100
AcDbLine
 10
514.65
 20
322.99
 30
0.0
 11
514.65
 21
319.54
 31
0.0
  0
LINE
  5
D8E
330
17
100
AcDbEntity
  8
LINES
100
AcDbLine
 10
514.65
 20
315.94
 30
0.0
 11
514.65
 21
312.48
 31
0.0
  0
LINE
  5
D8F
330
17
100
AcDbEntity
  8
LINES
100
AcDbLine
 10
514.65
 20
308.88
 30
0.0
 11
514.65
 21
305.28
 31
0.0
  0
LINE
  5
D90
330
17
100
AcDbEntity
  8
LINES
100
AcDbLine
 10
514.65
 20
301.82
 30
0.0
 11
514.65
 21
298.22
 31
0.0
  0
LINE
  5
D91
330
17
100
AcDbEntity
  8
LINES
100
AcDbLine
 10
514.65
 20
294.77
 30
0.0
 11
514.65
 21
291.17
 31
0.0
  0
LINE
  5
D92
330
17
100
AcDbEntity
  8
LINES
100
AcDbLine
 10
514.65
 20
287.57
 30
0.0
 11
514.65
 21
284.11
 31
0.0
  0
LINE
  5
D93
330
17
100
AcDbEntity
  8
LINES
100
AcDbLine
 10
514.65
 20
280.51
 30
0.0
 11
514.65
 21
276.91
 31
0.0
  0
LINE
  5
D94
330
17
100
AcDbEntity
  8
LINES
100
AcDbLine
 10
514.65
 20
273.46
 30
0.0
 11
514.65
 21
269.86
 31
0.0
  0
LINE
  5
D95
330
17
100
AcDbEntity
  8
LINES
100
AcDbLine
 10
514.65
 20
266.4
 30
0.0
 11
514.65
 21
262.8
 31
0.0
  0
LINE
  5
D96
330
17
100
AcDbEntity
  8
LINES
100
AcDbLine
 10
514.65
 20
259.2
 30
0.0
 11
514.65
 21
255.74
 31
0.0
  0
LINE
  5
D97
330
17
100
AcDbEntity
  8
LINES
100
AcDbLine
 10
514.65
 20
252.14
 30
0.0
 11
514.65
 21
248.69
 31
0.0
  0
LINE
  5
D98
330
17
100
AcDbEntity
  8
LINES
100
AcDbLine
 10
514.65
 20
245.09
 30
0.0
 11
514.65
 21
241.49
 31
0.0
  0
LINE
  5
D99
330
17
100
AcDbEntity
  8
LINES
100
AcDbLine
 10
514.65
 20
238.03
 30
0.0
 11
514.65
 21
234.43
 31
0.0
  0
LINE
  5
D9A
330
17
100
AcDbEntity
  8
LINES
100
AcDbLine
 10
514.65
 20
230.98
 30
0.0
 11
514.65
 21
227.38
 31
0.0
  0
LINE
  5
D9B
330
17
100
AcDbEntity
  8
LINES
100
AcDbLine
 10
514.65
 20
223.78
 30
0.0
 11
514.65
 21
220.32
 31
0.0
  0
LINE
  5
D9C
330
17
100
AcDbEntity
  8
LINES
100
AcDbLine
 10
514.65
 20
216.72
 30
0.0
 11
514.65
 21
213.26
 31
0.0
  0
LINE
  5
D9D
330
17
100
AcDbEntity
  8
LINES
100
AcDbLine
 10
514.65
 20
209.66
 30
0.0
 11
514.65
 21
206.06
 31
0.0
  0
LINE
  5
D9E
330
17
100
AcDbEntity
  8
LINES
100
AcDbLine
 10
596.87
 20
244.37
 30
0.0
 11
596.87
 21
315.22
 31
0.0
  0
LINE
  5
D9F
330
17
100
AcDbEntity
  8
LINES
100
AcDbLine
 10
596.87
 20
244.37
 30
0.0
 11
528.91
 21
244.37
 31
0.0
  0
LINE
  5
DA0
330
17
100
AcDbEntity
  8
LINES
100
AcDbLine
 10
596.87
 20
315.22
 30
0.0
 11
528.91
 21
315.22
 31
0.0
  0
LINE
  5
DA1
330
17
100
AcDbEntity
  8
LINES
100
AcDbLine
 10
528.91
 20
252.86
 30
0.0
 11
596.87
 21
244.37
 31
0.0
  0
LINE
  5
DA2
330
17
100
AcDbEntity
  8
LINES
100
AcDbLine
 10
528.91
 20
306.72
 30
0.0
 11
596.87
 21
315.22
 31
0.0
  0
LINE
  5
DA3
330
17
100
AcDbEntity
  8
LINES
100
AcDbLine
 10
132.04
 20
193.25
 30
0.0
 11
528.91
 21
193.25
 31
0.0
  0
LINE
  5
DA4
330
17
100
AcDbEntity
  8
LINES
100
AcDbLine
 10
140.54
 20
201.74
 30
0.0
 11
520.41
 21
201.74
 31
0.0
  0
LINE
  5
DA5
330
17
100
AcDbEntity
  8
LINES
100
AcDbLine
 10
323.27
 20
796.75
 30
0.0
 11
323.27
 21
800.21
 31
0.0
  0
LINE
  5
DA6
330
17
100
AcDbEntity
  8
LINES
100
AcDbLine
 10
229.53
 20
800.21
 30
0.0
 11
153.21
 21
800.21
 31
0.0
  0
LINE
  5
DA7
330
17
100
AcDbEntity
  8
LINES
100
AcDbLine
 10
231.26
 20
796.75
 30
0.0
 11
153.21
 21
796.75
 31
0.0
  0
LINE
  5
DA8
330
17
100
AcDbEntity
  8
LINES
100
AcDbLine
 10
153.21
 20
800.21
 30
0.0
 11
153.21
 21
796.75
 31
0.0
  0
LINE
  5
DA9
330
17
100
AcDbEntity
  8
LINES
100
AcDbLine
 10
520.41
 20
201.74
 30
0.0
 11
520.41
 21
258.48
 31
0.0
  0
LINE
  5
DAA
330
17
100
AcDbEntity
  8
LINES
100
AcDbLine
 10
520.41
 20
258.48
 30
0.0
 11
528.91
 21
258.48
 31
0.0
  0
LINE
  5
DAB
330
17
100
AcDbEntity
  8
LINES
100
AcDbLine
 10
528.91
 20
258.48
 30
0.0
 11
528.91
 21
193.25
 31
0.0
  0
LINE
  5
DAC
330
17
100
AcDbEntity
  8
LINES
100
AcDbLine
 10
528.91
 20
797.9
 30
0.0
 11
528.91
 21
730.51
 31
0.0
  0
LINE
  5
DAD
330
17
100
AcDbEntity
  8
LINES
100
AcDbLine
 10
528.91
 20
730.51
 30
0.0
 11
520.41
 21
730.51
 31
0.0
  0
LINE
  5
DAE
330
17
100
AcDbEntity
  8
LINES
100
AcDbLine
 10
520.41
 20
730.51
 30
0.0
 11
520.41
 21
797.9
 31
0.0
  0
LINE
  5
DAF
330
17
100
AcDbEntity
  8
LINES
100
AcDbLine
 10
528.91
 20
687.89
 30
0.0
 11
528.91
 21
551.81
 31
0.0
  0
LINE
  5
DB0
330
17
100
AcDbEntity
  8
LINES
100
AcDbLine
 10
528.91
 20
551.81
 30
0.0
 11
520.41
 21
551.81
 31
0.0
  0
LINE
  5
DB1
330
17
100
AcDbEntity
  8
LINES
100
AcDbLine
 10
520.41
 20
551.81
 30
0.0
 11
520.41
 21
687.89
 31
0.0
  0
LINE
  5
DB2
330
17
100
AcDbEntity
  8
LINES
100
AcDbLine
 10
520.41
 20
687.89
 30
0.0
 11
528.91
 21
687.89
 31
0.0
  0
LINE
  5
DB3
330
17
100
AcDbEntity
  8
LINES
100
AcDbLine
 10
528.91
 20
509.33
 30
0.0
 11
528.91
 21
300.96
 31
0.0
  0
LINE
  5
DB4
330
17
100
AcDbEntity
  8
LINES
100
AcDbLine
 10
528.91
 20
300.96
 30
0.0
 11
520.41
 21
300.96
 31
0.0
  0
LINE
  5
DB5
330
17
100
AcDbEntity
  8
LINES
100
AcDbLine
 10
520.41
 20
300.96
 30
0.0
 11
520.41
 21
509.33
 31
0.0
  0
LINE
  5
DB6
330
17
100
AcDbEntity
  8
LINES
100
AcDbLine
 10
520.41
 20
509.33
 30
0.0
 11
528.91
 21
509.33
 31
0.0
  0
LINE
  5
DB7
330
17
100
AcDbEntity
  8
LINES
100
AcDbLine
 10
132.04
 20
193.25
 30
0.0
 11
132.04
 21
276.91
 31
0.0
  0
LINE
  5
DB8
330
17
100
AcDbEntity
  8
LINES
100
AcDbLine
 10
132.04
 20
276.91
 30
0.0
 11
140.54
 21
276.91
 31
0.0
  0
LINE
  5
DB9
330
17
100
AcDbEntity
  8
LINES
100
AcDbLine
 10
140.54
 20
276.91
 30
0.0
 11
140.54
 21
201.74
 31
0.0
  0
LINE
  5
DBA
330
17
100
AcDbEntity
  8
LINES
100
AcDbLine
 10
140.54
 20
797.47
 30
0.0
 11
140.54
 21
730.51
 31
0.0
  0
LINE
  5
DBB
330
17
100
AcDbEntity
  8
LINES
100
AcDbLine
 10
140.54
 20
730.51
 30
0.0
 11
132.04
 21
730.51
 31
0.0
  0
LINE
  5
DBC
330
17
100
AcDbEntity
  8
LINES
100
AcDbLine
 10
132.04
 20
730.51
 30
0.0
 11
132.04
 21
797.33
 31
0.0
  0
LINE
  5
DBD
330
17
100
AcDbEntity
  8
LINES
100
AcDbLine
 10
140.54
 20
687.89
 30
0.0
 11
140.54
 21
551.81
 31
0.0
  0
LINE
  5
DBE
330
17
100
AcDbEntity
  8
LINES
100
AcDbLine
 10
140.54
 20
551.81
 30
0.0
 11
132.04
 21
551.81
 31
0.0
  0
LINE
  5
DBF
330
17
100
AcDbEntity
  8
LINES
100
AcDbLine
 10
132.04
 20
551.81
 30
0.0
 11
132.04
 21
687.89
 31
0.0
  0
LINE
  5
DC0
330
17
100
AcDbEntity
  8
LINES
100
AcDbLine
 10
132.04
 20
687.89
 30
0.0
 11
140.54
 21
687.89
 31
0.0
  0
LINE
  5
DC1
330
17
100
AcDbEntity
  8
LINES
100
AcDbLine
 10
140.54
 20
509.33
 30
0.0
 11
140.54
 21
319.39
 31
0.0
  0
LINE
  5
DC2
330
17
100
AcDbEntity
  8
LINES
100
AcDbLine
 10
140.54
 20
319.39
 30
0.0
 11
132.04
 21
319.39
 31
0.0
  0
LINE
  5
DC3
330
17
100
AcDbEntity
  8
LINES
100
AcDbLine
 10
132.04
 20
319.39
 30
0.0
 11
132.04
 21
509.33
 31
0.0
  0
LINE
  5
DC4
330
17
100
AcDbEntity
  8
LINES
100
AcDbLine
 10
132.04
 20
509.33
 30
0.0
 11
140.54
 21
509.33
 31
0.0
  0
LINE
  5
DC5
330
17
100
AcDbEntity
  8
LINES
100
AcDbLine
 10
309.16
 20
800.21
 30
0.0
 11
232.84
 21
800.21
 31
0.0
  0
LINE
  5
DC6
330
17
100
AcDbEntity
  8
LINES
100
AcDbLine
 10
309.16
 20
796.75
 30
0.0
 11
231.26
 21
796.75
 31
0.0
  0
LINE
  5
DC7
330
17
100
AcDbEntity
  8
LINES
100
AcDbLine
 10
309.16
 20
800.21
 30
0.0
 11
309.16
 21
796.75
 31
0.0
  0
LINE
  5
DC8
330
17
100
AcDbEntity
  8
LINES
100
AcDbLine
 10
314.49
 20
804.1
 30
0.0
 11
317.95
 21
804.1
 31
0.0
  0
LINE
  5
DC9
330
17
100
AcDbEntity
  8
LINES
100
AcDbLine
 10
520.41
 20
551.81
 30
0.0
 11
520.41
 21
509.33
 31
0.0
  0
LINE
  5
DCA
330
17
100
AcDbEntity
  8
LINES
100
AcDbLine
 10
528.91
 20
551.81
 30
0.0
 11
528.91
 21
509.33
 31
0.0
  0
LINE
  5
DCB
330
17
100
AcDbEntity
  8
LINES
100
AcDbLine
 10
526.03
 20
509.33
 30
0.0
 11
526.03
 21
551.81
 31
0.0
  0
LINE
  5
DCC
330
17
100
AcDbEntity
  8
LINES
100
AcDbLine
 10
523.15
 20
509.33
 30
0.0
 11
523.15
 21
551.81
 31
0.0
  0
LINE
  5
DCD
330
17
100
AcDbEntity
  8
LINES
100
AcDbLine
 10
520.41
 20
730.51
 30
0.0
 11
520.41
 21
687.89
 31
0.0
  0
LINE
  5
DCE
330
17
100
AcDbEntity
  8
LINES
100
AcDbLine
 10
528.91
 20
730.51
 30
0.0
 11
528.91
 21
687.89
 31
0.0
  0
LINE
  5
DCF
330
17
100
AcDbEntity
  8
LINES
100
AcDbLine
 10
526.03
 20
687.89
 30
0.0
 11
526.03
 21
730.51
 31
0.0
  0
LINE
  5
DD0
330
17
100
AcDbEntity
  8
LINES
100
AcDbLine
 10
523.15
 20
687.89
 30
0.0
 11
523.15
 21
730.51
 31
0.0
  0
LINE
  5
DD1
330
17
100
AcDbEntity
  8
LINES
100
AcDbLine
 10
132.04
 20
730.51
 30
0.0
 11
132.04
 21
687.89
 31
0.0
  0
LINE
  5
DD2
330
17
100
AcDbEntity
  8
LINES
100
AcDbLine
 10
140.54
 20
730.51
 30
0.0
 11
140.54
 21
687.89
 31
0.0
  0
LINE
  5
DD3
330
17
100
AcDbEntity
  8
LINES
100
AcDbLine
 10
137.66
 20
687.89
 30
0.0
 11
137.66
 21
730.51
 31
0.0
  0
LINE
  5
DD4
330
17
100
AcDbEntity
  8
LINES
100
AcDbLine
 10
134.78
 20
687.89
 30
0.0
 11
134.78
 21
730.51
 31
0.0
  0
LINE
  5
DD5
330
17
100
AcDbEntity
  8
LINES
100
AcDbLine
 10
132.04
 20
551.81
 30
0.0
 11
132.04
 21
509.33
 31
0.0
  0
LINE
  5
DD6
330
17
100
AcDbEntity
  8
LINES
100
AcDbLine
 10
140.54
 20
551.81
 30
0.0
 11
140.54
 21
509.33
 31
0.0
  0
LINE
  5
DD7
330
17
100
AcDbEntity
  8
LINES
100
AcDbLine
 10
137.66
 20
509.33
 30
0.0
 11
137.66
 21
551.81
 31
0.0
  0
LINE
  5
DD8
330
17
100
AcDbEntity
  8
LINES
100
AcDbLine
 10
134.78
 20
509.33
 30
0.0
 11
134.78
 21
551.81
 31
0.0
  0
LINE
  5
DD9
330
17
100
AcDbEntity
  8
LINES
100
AcDbLine
 10
132.04
 20
319.39
 30
0.0
 11
132.04
 21
276.91
 31
0.0
  0
LINE
  5
DDA
330
17
100
AcDbEntity
  8
LINES
100
AcDbLine
 10
140.54
 20
319.39
 30
0.0
 11
140.54
 21
276.91
 31
0.0
  0
LINE
  5
DDB
330
17
100
AcDbEntity
  8
LINES
100
AcDbLine
 10
137.66
 20
276.91
 30
0.0
 11
137.66
 21
319.39
 31
0.0
  0
LINE
  5
DDC
330
17
100
AcDbEntity
  8
LINES
100
AcDbLine
 10
134.78
 20
276.91
 30
0.0
 11
134.78
 21
319.39
 31
0.0
  0
LINE
  5
DDD
330
17
100
AcDbEntity
  8
LINES
100
AcDbLine
 10
524.59
 20
300.96
 30
0.0
 11
545.32
 21
300.96
 31
0.0
  0
LINE
  5
DDE
330
17
100
AcDbEntity
  8
LINES
100
AcDbLine
 10
524.59
 20
299.95
 30
0.0
 11
545.32
 21
299.95
 31
0.0
  0
LINE
  5
DDF
330
17
100
AcDbEntity
  8
LINES
100
AcDbLine
 10
524.59
 20
300.96
 30
0.0
 11
524.59
 21
299.95
 31
0.0
  0
LINE
  5
DE0
330
17
100
AcDbEntity
  8
LINES
100
AcDbLine
 10
545.32
 20
299.95
 30
0.0
 11
545.32
 21
300.96
 31
0.0
  0
LINE
  5
DE1
330
17
100
AcDbEntity
  8
LINES
100
AcDbLine
 10
524.59
 20
259.49
 30
0.0
 11
545.32
 21
259.49
 31
0.0
  0
LINE
  5
DE2
330
17
100
AcDbEntity
  8
LINES
100
AcDbLine
 10
524.59
 20
258.48
 30
0.0
 11
545.32
 21
258.48
 31
0.0
  0
LINE
  5
DE3
330
17
100
AcDbEntity
  8
LINES
100
AcDbLine
 10
545.32
 20
259.49
 30
0.0
 11
545.32
 21
258.48
 31
0.0
  0
LINE
  5
DE4
330
17
100
AcDbEntity
  8
LINES
100
AcDbLine
 10
524.59
 20
258.48
 30
0.0
 11
524.59
 21
259.49
 31
0.0
  0
LINE
  5
DE5
330
17
100
AcDbEntity
  8
LINES
100
AcDbLine
 10
507.59
 20
191.23
 30
0.0
 11
521.71
 21
191.23
 31
0.0
  0
LINE
  5
DE6
330
17
100
AcDbEntity
  8
LINES
100
AcDbLine
 10
507.59
 20
190.37
 30
0.0
 11
521.71
 21
190.37
 31
0.0
  0
LINE
  5
DE7
330
17
100
AcDbEntity
  8
LINES
100
AcDbLine
 10
507.59
 20
189.36
 30
0.0
 11
521.71
 21
189.36
 31
0.0
  0
LINE
  5
DE8
330
17
100
AcDbEntity
  8
LINES
100
AcDbLine
 10
507.59
 20
188.5
 30
0.0
 11
521.71
 21
188.5
 31
0.0
  0
LINE
  5
DE9
330
17
100
AcDbEntity
  8
LINES
100
AcDbLine
 10
507.59
 20
187.63
 30
0.0
 11
521.71
 21
187.63
 31
0.0
  0
LINE
  5
DEA
330
17
100
AcDbEntity
  8
LINES
100
AcDbLine
 10
507.59
 20
186.77
 30
0.0
 11
521.71
 21
186.77
 31
0.0
  0
LINE
  5
DEB
330
17
100
AcDbEntity
  8
LINES
100
AcDbLine
 10
507.59
 20
185.76
 30
0.0
 11
521.71
 21
185.76
 31
0.0
  0
LINE
  5
DEC
330
17
100
AcDbEntity
  8
LINES
100
AcDbLine
 10
507.59
 20
184.9
 30
0.0
 11
521.71
 21
184.9
 31
0.0
  0
LINE
  5
DED
330
17
100
AcDbEntity
  8
LINES
100
AcDbLine
 10
507.59
 20
184.03
 30
0.0
 11
521.71
 21
184.03
 31
0.0
  0
LINE
  5
DEE
330
17
100
AcDbEntity
  8
LINES
100
AcDbLine
 10
507.59
 20
183.17
 30
0.0
 11
521.71
 21
183.17
 31
0.0
  0
LINE
  5
DEF
330
17
100
AcDbEntity
  8
LINES
100
AcDbLine
 10
507.59
 20
182.16
 30
0.0
 11
521.71
 21
182.16
 31
0.0
  0
LINE
  5
DF0
330
17
100
AcDbEntity
  8
LINES
100
AcDbLine
 10
507.59
 20
181.3
 30
0.0
 11
521.71
 21
181.3
 31
0.0
  0
LINE
  5
DF1
330
17
100
AcDbEntity
  8
LINES
100
AcDbLine
 10
132.04
 20
193.25
 30
0.0
 11
132.04
 21
797.33
 31
0.0
  0
LINE
  5
DF2
330
17
100
AcDbEntity
  8
LINES
100
AcDbLine
 10
528.91
 20
797.9
 30
0.0
 11
528.91
 21
193.25
 31
0.0
  0
LINE
  5
DF3
330
17
100
AcDbEntity
  8
LINES
100
AcDbLine
 10
537.98
 20
206.93
 30
0.0
 11
537.98
 21
205.2
 31
0.0
  0
LINE
  5
DF4
330
17
100
AcDbEntity
  8
LINES
100
AcDbLine
 10
520.41
 20
206.06
 30
0.0
 11
524.59
 21
204.05
 31
0.0
  0
LINE
  5
DF5
330
17
100
AcDbEntity
  8
LINES
100
AcDbLine
 10
520.41
 20
206.06
 30
0.0
 11
524.59
 21
208.08
 31
0.0
  0
LINE
  5
DF6
330
17
100
AcDbEntity
  8
LINES
100
AcDbLine
 10
122.97
 20
206.93
 30
0.0
 11
122.97
 21
205.2
 31
0.0
  0
LINE
  5
DF7
330
17
100
AcDbEntity
  8
LINES
100
AcDbLine
 10
140.54
 20
206.06
 30
0.0
 11
136.22
 21
204.05
 31
0.0
  0
LINE
  5
DF8
330
17
100
AcDbEntity
  8
LINES
100
AcDbLine
 10
140.54
 20
206.06
 30
0.0
 11
136.22
 21
208.08
 31
0.0
  0
LINE
  5
DF9
330
17
100
AcDbEntity
  8
LINES
100
AcDbLine
 10
132.04
 20
193.25
 30
0.0
 11
109.29
 21
170.64
 31
0.0
  0
LINE
  5
DFA
330
17
100
AcDbEntity
  8
LINES
100
AcDbLine
 10
528.91
 20
193.25
 30
0.0
 11
551.51
 21
170.64
 31
0.0
  0
LINE
  5
DFB
330
17
100
AcDbEntity
  8
LINES
100
AcDbLine
 10
551.51
 20
315.22
 30
0.0
 11
551.51
 21
798.05
 31
0.0
  0
LINE
  5
DFC
330
17
100
AcDbEntity
  8
LINES
100
AcDbLine
 10
109.29
 20
797.33
 30
0.0
 11
109.29
 21
170.64
 31
0.0
  0
LINE
  5
DFD
330
17
100
AcDbEntity
  8
LINES
100
AcDbLine
 10
109.29
 20
170.64
 30
0.0
 11
551.51
 21
170.64
 31
0.0
  0
LINE
  5
DFE
330
17
100
AcDbEntity
  8
LINES
100
AcDbLine
 10
551.51
 20
170.64
 30
0.0
 11
551.51
 21
244.37
 31
0.0
  0
LINE
  5
DFF
330
17
100
AcDbEntity
  8
LINES
100
AcDbLine
 10
509.61
 20
620.78
 30
0.0
 11
509.61
 21
624.1
 31
0.0
  0
LINE
  5
E00
330
17
100
AcDbEntity
  8
LINES
100
AcDbLine
 10
509.61
 20
624.1
 30
0.0
 11
509.03
 21
624.1
 31
0.0
  0
LINE
  5
E01
330
17
100
AcDbEntity
  8
LINES
100
AcDbLine
 10
509.03
 20
624.1
 30
0.0
 11
509.03
 21
615.6
 31
0.0
  0
LINE
  5
E02
330
17
100
AcDbEntity
  8
LINES
100
AcDbLine
 10
509.03
 20
615.6
 30
0.0
 11
509.61
 21
615.6
 31
0.0
  0
LINE
  5
E03
330
17
100
AcDbEntity
  8
LINES
100
AcDbLine
 10
509.61
 20
615.6
 30
0.0
 11
509.61
 21
619.06
 31
0.0
  0
LINE
  5
E04
330
17
100
AcDbEntity
  8
LINES
100
AcDbLine
 10
519.83
 20
620.78
 30
0.0
 11
519.83
 21
624.1
 31
0.0
  0
LINE
  5
E05
330
17
100
AcDbEntity
  8
LINES
100
AcDbLine
 10
519.83
 20
624.1
 30
0.0
 11
520.41
 21
624.1
 31
0.0
  0
LINE
  5
E06
330
17
100
AcDbEntity
  8
LINES
100
AcDbLine
 10
520.41
 20
624.1
 30
0.0
 11
520.41
 21
615.6
 31
0.0
  0
LINE
  5
E07
330
17
100
AcDbEntity
  8
LINES
100
AcDbLine
 10
520.41
 20
615.6
 30
0.0
 11
519.83
 21
615.6
 31
0.0
  0
LINE
  5
E08
330
17
100
AcDbEntity
  8
LINES
100
AcDbLine
 10
519.83
 20
615.6
 30
0.0
 11
519.83
 21
619.06
 31
0.0
  0
LINE
  5
E09
330
17
100
AcDbEntity
  8
LINES
100
AcDbLine
 10
510.19
 20
619.63
 30
0.0
 11
519.26
 21
619.63
 31
0.0
  0
LINE
  5
E0A
330
17
100
AcDbEntity
  8
LINES
100
AcDbLine
 10
510.19
 20
620.21
 30
0.0
 11
519.26
 21
620.21
 31
0.0
  0
LINE
  5
E0B
330
17
100
AcDbEntity
  8
LINES
100
AcDbLine
 10
509.61
 20
442.22
 30
0.0
 11
509.61
 21
445.54
 31
0.0
  0
LINE
  5
E0C
330
17
100
AcDbEntity
  8
LINES
100
AcDbLine
 10
509.61
 20
445.54
 30
0.0
 11
509.03
 21
445.54
 31
0.0
  0
LINE
  5
E0D
330
17
100
AcDbEntity
  8
LINES
100
AcDbLine
 10
509.03
 20
445.54
 30
0.0
 11
509.03
 21
437.04
 31
0.0
  0
LINE
  5
E0E
330
17
100
AcDbEntity
  8
LINES
100
AcDbLine
 10
509.03
 20
437.04
 30
0.0
 11
509.61
 21
437.04
 31
0.0
  0
LINE
  5
E0F
330
17
100
AcDbEntity
  8
LINES
100
AcDbLine
 10
509.61
 20
437.04
 30
0.0
 11
509.61
 21
440.5
 31
0.0
  0
LINE
  5
E10
330
17
100
AcDbEntity
  8
LINES
100
AcDbLine
 10
519.83
 20
442.22
 30
0.0
 11
519.83
 21
445.54
 31
0.0
  0
LINE
  5
E11
330
17
100
AcDbEntity
  8
LINES
100
AcDbLine
 10
519.83
 20
445.54
 30
0.0
 11
520.41
 21
445.54
 31
0.0
  0
LINE
  5
E12
330
17
100
AcDbEntity
  8
LINES
100
AcDbLine
 10
520.41
 20
445.54
 30
0.0
 11
520.41
 21
437.04
 31
0.0
  0
LINE
  5
E13
330
17
100
AcDbEntity
  8
LINES
100
AcDbLine
 10
520.41
 20
437.04
 30
0.0
 11
519.83
 21
437.04
 31
0.0
  0
LINE
  5
E14
330
17
100
AcDbEntity
  8
LINES
100
AcDbLine
 10
519.83
 20
437.04
 30
0.0
 11
519.83
 21
440.5
 31
0.0
  0
LINE
  5
E15
330
17
100
AcDbEntity
  8
LINES
100
AcDbLine
 10
510.19
 20
441.07
 30
0.0
 11
519.26
 21
441.07
 31
0.0
  0
LINE
  5
E16
330
17
100
AcDbEntity
  8
LINES
100
AcDbLine
 10
510.19
 20
441.65
 30
0.0
 11
519.26
 21
441.65
 31
0.0
  0
LINE
  5
E17
330
17
100
AcDbEntity
  8
LINES
100
AcDbLine
 10
509.61
 20
205.2
 30
0.0
 11
509.61
 21
201.74
 31
0.0
  0
LINE
  5
E18
330
17
100
AcDbEntity
  8
LINES
100
AcDbLine
 10
509.61
 20
201.74
 30
0.0
 11
509.03
 21
201.74
 31
0.0
  0
LINE
  5
E19
330
17
100
AcDbEntity
  8
LINES
100
AcDbLine
 10
509.03
 20
201.74
 30
0.0
 11
509.03
 21
210.24
 31
0.0
  0
LINE
  5
E1A
330
17
100
AcDbEntity
  8
LINES
100
AcDbLine
 10
509.03
 20
210.24
 30
0.0
 11
509.61
 21
210.24
 31
0.0
  0
LINE
  5
E1B
330
17
100
AcDbEntity
  8
LINES
100
AcDbLine
 10
509.61
 20
210.24
 30
0.0
 11
509.61
 21
206.93
 31
0.0
  0
LINE
  5
E1C
330
17
100
AcDbEntity
  8
LINES
100
AcDbLine
 10
519.83
 20
205.2
 30
0.0
 11
519.83
 21
201.74
 31
0.0
  0
LINE
  5
E1D
330
17
100
AcDbEntity
  8
LINES
100
AcDbLine
 10
519.83
 20
201.74
 30
0.0
 11
520.41
 21
201.74
 31
0.0
  0
LINE
  5
E1E
330
17
100
AcDbEntity
  8
LINES
100
AcDbLine
 10
520.41
 20
201.74
 30
0.0
 11
520.41
 21
210.24
 31
0.0
  0
LINE
  5
E1F
330
17
100
AcDbEntity
  8
LINES
100
AcDbLine
 10
520.41
 20
210.24
 30
0.0
 11
519.83
 21
210.24
 31
0.0
  0
LINE
  5
E20
330
17
100
AcDbEntity
  8
LINES
100
AcDbLine
 10
519.83
 20
210.24
 30
0.0
 11
519.83
 21
206.93
 31
0.0
  0
LINE
  5
E21
330
17
100
AcDbEntity
  8
LINES
100
AcDbLine
 10
510.19
 20
206.35
 30
0.0
 11
519.26
 21
206.35
 31
0.0
  0
LINE
  5
E22
330
17
100
AcDbEntity
  8
LINES
100
AcDbLine
 10
510.19
 20
205.78
 30
0.0
 11
519.26
 21
205.78
 31
0.0
  0
LINE
  5
E23
330
17
100
AcDbEntity
  8
LINES
100
AcDbLine
 10
321.4
 20
799.34
 30
0.0
 11
321.4
 21
802.8
 31
0.0
  0
LINE
  5
E24
330
17
100
AcDbEntity
  8
LINES
100
AcDbLine
 10
321.4
 20
802.8
 30
0.0
 11
321.98
 21
802.8
 31
0.0
  0
LINE
  5
E25
330
17
100
AcDbEntity
  8
LINES
100
AcDbLine
 10
321.98
 20
802.8
 30
0.0
 11
321.98
 21
794.16
 31
0.0
  0
LINE
  5
E26
330
17
100
AcDbEntity
  8
LINES
100
AcDbLine
 10
321.98
 20
794.16
 30
0.0
 11
321.4
 21
794.16
 31
0.0
  0
LINE
  5
E27
330
17
100
AcDbEntity
  8
LINES
100
AcDbLine
 10
321.4
 20
794.16
 30
0.0
 11
321.4
 21
797.62
 31
0.0
  0
LINE
  5
E28
330
17
100
AcDbEntity
  8
LINES
100
AcDbLine
 10
311.18
 20
799.34
 30
0.0
 11
311.18
 21
802.8
 31
0.0
  0
LINE
  5
E29
330
17
100
AcDbEntity
  8
LINES
100
AcDbLine
 10
311.18
 20
802.8
 30
0.0
 11
310.6
 21
802.8
 31
0.0
  0
LINE
  5
E2A
330
17
100
AcDbEntity
  8
LINES
100
AcDbLine
 10
310.6
 20
802.8
 30
0.0
 11
310.6
 21
794.16
 31
0.0
  0
LINE
  5
E2B
330
17
100
AcDbEntity
  8
LINES
100
AcDbLine
 10
310.6
 20
794.16
 30
0.0
 11
311.18
 21
794.16
 31
0.0
  0
LINE
  5
E2C
330
17
100
AcDbEntity
  8
LINES
100
AcDbLine
 10
311.18
 20
794.16
 30
0.0
 11
311.18
 21
797.62
 31
0.0
  0
LINE
  5
E2D
330
17
100
AcDbEntity
  8
LINES
100
AcDbLine
 10
320.83
 20
798.19
 30
0.0
 11
311.75
 21
798.19
 31
0.0
  0
LINE
  5
E2E
330
17
100
AcDbEntity
  8
LINES
100
AcDbLine
 10
320.83
 20
798.77
 30
0.0
 11
311.75
 21
798.77
 31
0.0
  0
LINE
  5
E2F
330
17
100
AcDbEntity
  8
LINES
100
AcDbLine
 10
321.4
 20
205.2
 30
0.0
 11
321.4
 21
201.74
 31
0.0
  0
LINE
  5
E30
330
17
100
AcDbEntity
  8
LINES
100
AcDbLine
 10
321.4
 20
201.74
 30
0.0
 11
321.98
 21
201.74
 31
0.0
  0
LINE
  5
E31
330
17
100
AcDbEntity
  8
LINES
100
AcDbLine
 10
321.98
 20
201.74
 30
0.0
 11
321.98
 21
210.24
 31
0.0
  0
LINE
  5
E32
330
17
100
AcDbEntity
  8
LINES
100
AcDbLine
 10
321.98
 20
210.24
 30
0.0
 11
321.4
 21
210.24
 31
0.0
  0
LINE
  5
E33
330
17
100
AcDbEntity
  8
LINES
100
AcDbLine
 10
321.4
 20
210.24
 30
0.0
 11
321.4
 21
206.93
 31
0.0
  0
LINE
  5
E34
330
17
100
AcDbEntity
  8
LINES
100
AcDbLine
 10
311.18
 20
205.2
 30
0.0
 11
311.18
 21
201.74
 31
0.0
  0
LINE
  5
E35
330
17
100
AcDbEntity
  8
LINES
100
AcDbLine
 10
311.18
 20
201.74
 30
0.0
 11
310.6
 21
201.74
 31
0.0
  0
LINE
  5
E36
330
17
100
AcDbEntity
  8
LINES
100
AcDbLine
 10
310.6
 20
201.74
 30
0.0
 11
310.6
 21
210.24
 31
0.0
  0
LINE
  5
E37
330
17
100
AcDbEntity
  8
LINES
100
AcDbLine
 10
310.6
 20
210.24
 30
0.0
 11
311.18
 21
210.24
 31
0.0
  0
LINE
  5
E38
330
17
100
AcDbEntity
  8
LINES
100
AcDbLine
 10
311.18
 20
210.24
 30
0.0
 11
311.18
 21
206.93
 31
0.0
  0
LINE
  5
E39
330
17
100
AcDbEntity
  8
LINES
100
AcDbLine
 10
320.83
 20
206.35
 30
0.0
 11
311.75
 21
206.35
 31
0.0
  0
LINE
  5
E3A
330
17
100
AcDbEntity
  8
LINES
100
AcDbLine
 10
320.83
 20
205.78
 30
0.0
 11
311.75
 21
205.78
 31
0.0
  0
LINE
  5
E3B
330
17
100
AcDbEntity
  8
LINES
100
AcDbLine
 10
151.34
 20
799.34
 30
0.0
 11
151.34
 21
802.8
 31
0.0
  0
LINE
  5
E3C
330
17
100
AcDbEntity
  8
LINES
100
AcDbLine
 10
151.34
 20
802.8
 30
0.0
 11
151.77
 21
802.8
 31
0.0
  0
LINE
  5
E3D
330
17
100
AcDbEntity
  8
LINES
100
AcDbLine
 10
151.77
 20
802.8
 30
0.0
 11
151.77
 21
794.16
 31
0.0
  0
LINE
  5
E3E
330
17
100
AcDbEntity
  8
LINES
100
AcDbLine
 10
151.77
 20
794.16
 30
0.0
 11
151.34
 21
794.16
 31
0.0
  0
LINE
  5
E3F
330
17
100
AcDbEntity
  8
LINES
100
AcDbLine
 10
151.34
 20
794.16
 30
0.0
 11
151.34
 21
797.62
 31
0.0
  0
LINE
  5
E40
330
17
100
AcDbEntity
  8
LINES
100
AcDbLine
 10
141.11
 20
799.34
 30
0.0
 11
141.11
 21
802.8
 31
0.0
  0
LINE
  5
E41
330
17
100
AcDbEntity
  8
LINES
100
AcDbLine
 10
141.11
 20
802.8
 30
0.0
 11
140.54
 21
802.8
 31
0.0
  0
LINE
  5
E42
330
17
100
AcDbEntity
  8
LINES
100
AcDbLine
 10
140.54
 20
802.8
 30
0.0
 11
140.54
 21
794.16
 31
0.0
  0
LINE
  5
E43
330
17
100
AcDbEntity
  8
LINES
100
AcDbLine
 10
140.54
 20
794.16
 30
0.0
 11
141.11
 21
794.16
 31
0.0
  0
LINE
  5
E44
330
17
100
AcDbEntity
  8
LINES
100
AcDbLine
 10
141.11
 20
794.16
 30
0.0
 11
141.11
 21
797.62
 31
0.0
  0
LINE
  5
E45
330
17
100
AcDbEntity
  8
LINES
100
AcDbLine
 10
150.76
 20
798.19
 30
0.0
 11
141.69
 21
798.19
 31
0.0
  0
LINE
  5
E46
330
17
100
AcDbEntity
  8
LINES
100
AcDbLine
 10
150.76
 20
798.77
 30
0.0
 11
141.69
 21
798.77
 31
0.0
  0
LINE
  5
E47
330
17
100
AcDbEntity
  8
LINES
100
AcDbLine
 10
151.34
 20
620.78
 30
0.0
 11
151.34
 21
624.1
 31
0.0
  0
LINE
  5
E48
330
17
100
AcDbEntity
  8
LINES
100
AcDbLine
 10
151.34
 20
624.1
 30
0.0
 11
151.77
 21
624.1
 31
0.0
  0
LINE
  5
E49
330
17
100
AcDbEntity
  8
LINES
100
AcDbLine
 10
151.77
 20
624.1
 30
0.0
 11
151.77
 21
615.6
 31
0.0
  0
LINE
  5
E4A
330
17
100
AcDbEntity
  8
LINES
100
AcDbLine
 10
151.77
 20
615.6
 30
0.0
 11
151.34
 21
615.6
 31
0.0
  0
LINE
  5
E4B
330
17
100
AcDbEntity
  8
LINES
100
AcDbLine
 10
151.34
 20
615.6
 30
0.0
 11
151.34
 21
619.06
 31
0.0
  0
LINE
  5
E4C
330
17
100
AcDbEntity
  8
LINES
100
AcDbLine
 10
141.11
 20
620.78
 30
0.0
 11
141.11
 21
624.1
 31
0.0
  0
LINE
  5
E4D
330
17
100
AcDbEntity
  8
LINES
100
AcDbLine
 10
141.11
 20
624.1
 30
0.0
 11
140.54
 21
624.1
 31
0.0
  0
LINE
  5
E4E
330
17
100
AcDbEntity
  8
LINES
100
AcDbLine
 10
140.54
 20
624.1
 30
0.0
 11
140.54
 21
615.6
 31
0.0
  0
LINE
  5
E4F
330
17
100
AcDbEntity
  8
LINES
100
AcDbLine
 10
140.54
 20
615.6
 30
0.0
 11
141.11
 21
615.6
 31
0.0
  0
LINE
  5
E50
330
17
100
AcDbEntity
  8
LINES
100
AcDbLine
 10
141.11
 20
615.6
 30
0.0
 11
141.11
 21
619.06
 31
0.0
  0
LINE
  5
E51
330
17
100
AcDbEntity
  8
LINES
100
AcDbLine
 10
150.76
 20
619.63
 30
0.0
 11
141.69
 21
619.63
 31
0.0
  0
LINE
  5
E52
330
17
100
AcDbEntity
  8
LINES
100
AcDbLine
 10
150.76
 20
620.21
 30
0.0
 11
141.69
 21
620.21
 31
0.0
  0
LINE
  5
E53
330
17
100
AcDbEntity
  8
LINES
100
AcDbLine
 10
151.34
 20
442.22
 30
0.0
 11
151.34
 21
445.54
 31
0.0
  0
LINE
  5
E54
330
17
100
AcDbEntity
  8
LINES
100
AcDbLine
 10
151.34
 20
445.54
 30
0.0
 11
151.77
 21
445.54
 31
0.0
  0
LINE
  5
E55
330
17
100
AcDbEntity
  8
LINES
100
AcDbLine
 10
151.77
 20
445.54
 30
0.0
 11
151.77
 21
437.04
 31
0.0
  0
LINE
  5
E56
330
17
100
AcDbEntity
  8
LINES
100
AcDbLine
 10
151.77
 20
437.04
 30
0.0
 11
151.34
 21
437.04
 31
0.0
  0
LINE
  5
E57
330
17
100
AcDbEntity
  8
LINES
100
AcDbLine
 10
151.34
 20
437.04
 30
0.0
 11
151.34
 21
440.5
 31
0.0
  0
LINE
  5
E58
330
17
100
AcDbEntity
  8
LINES
100
AcDbLine
 10
141.11
 20
442.22
 30
0.0
 11
141.11
 21
445.54
 31
0.0
  0
LINE
  5
E59
330
17
100
AcDbEntity
  8
LINES
100
AcDbLine
 10
141.11
 20
445.54
 30
0.0
 11
140.54
 21
445.54
 31
0.0
  0
LINE
  5
E5A
330
17
100
AcDbEntity
  8
LINES
100
AcDbLine
 10
140.54
 20
445.54
 30
0.0
 11
140.54
 21
437.04
 31
0.0
  0
LINE
  5
E5B
330
17
100
AcDbEntity
  8
LINES
100
AcDbLine
 10
140.54
 20
437.04
 30
0.0
 11
141.11
 21
437.04
 31
0.0
  0
LINE
  5
E5C
330
17
100
AcDbEntity
  8
LINES
100
AcDbLine
 10
141.11
 20
437.04
 30
0.0
 11
141.11
 21
440.5
 31
0.0
  0
LINE
  5
E5D
330
17
100
AcDbEntity
  8
LINES
100
AcDbLine
 10
150.76
 20
441.07
 30
0.0
 11
141.69
 21
441.07
 31
0.0
  0
LINE
  5
E5E
330
17
100
AcDbEntity
  8
LINES
100
AcDbLine
 10
150.76
 20
441.65
 30
0.0
 11
141.69
 21
441.65
 31
0.0
  0
LINE
  5
E5F
330
17
100
AcDbEntity
  8
LINES
100
AcDbLine
 10
151.34
 20
205.2
 30
0.0
 11
151.34
 21
201.74
 31
0.0
  0
LINE
  5
E60
330
17
100
AcDbEntity
  8
LINES
100
AcDbLine
 10
151.34
 20
201.74
 30
0.0
 11
151.77
 21
201.74
 31
0.0
  0
LINE
  5
E61
330
17
100
AcDbEntity
  8
LINES
100
AcDbLine
 10
151.77
 20
201.74
 30
0.0
 11
151.77
 21
210.24
 31
0.0
  0
LINE
  5
E62
330
17
100
AcDbEntity
  8
LINES
100
AcDbLine
 10
151.77
 20
210.24
 30
0.0
 11
151.34
 21
210.24
 31
0.0
  0
LINE
  5
E63
330
17
100
AcDbEntity
  8
LINES
100
AcDbLine
 10
151.34
 20
210.24
 30
0.0
 11
151.34
 21
206.93
 31
0.0
  0
LINE
  5
E64
330
17
100
AcDbEntity
  8
LINES
100
AcDbLine
 10
141.11
 20
205.2
 30
0.0
 11
141.11
 21
201.74
 31
0.0
  0
LINE
  5
E65
330
17
100
AcDbEntity
  8
LINES
100
AcDbLine
 10
141.11
 20
201.74
 30
0.0
 11
140.54
 21
201.74
 31
0.0
  0
LINE
  5
E66
330
17
100
AcDbEntity
  8
LINES
100
AcDbLine
 10
140.54
 20
201.74
 30
0.0
 11
140.54
 21
210.24
 31
0.0
  0
LINE
  5
E67
330
17
100
AcDbEntity
  8
LINES
100
AcDbLine
 10
140.54
 20
210.24
 30
0.0
 11
141.11
 21
210.24
 31
0.0
  0
LINE
  5
E68
330
17
100
AcDbEntity
  8
LINES
100
AcDbLine
 10
141.11
 20
210.24
 30
0.0
 11
141.11
 21
206.93
 31
0.0
  0
LINE
  5
E69
330
17
100
AcDbEntity
  8
LINES
100
AcDbLine
 10
150.76
 20
206.35
 30
0.0
 11
141.69
 21
206.35
 31
0.0
  0
LINE
  5
E6A
330
17
100
AcDbEntity
  8
LINES
100
AcDbLine
 10
150.76
 20
205.78
 30
0.0
 11
141.69
 21
205.78
 31
0.0
  0
LINE
  5
E6B
330
17
100
AcDbEntity
  8
LINES
100
AcDbLine
 10
509.61
 20
799.34
 30
0.0
 11
509.61
 21
802.8
 31
0.0
  0
LINE
  5
E6C
330
17
100
AcDbEntity
  8
LINES
100
AcDbLine
 10
509.61
 20
802.8
 30
0.0
 11
509.03
 21
802.8
 31
0.0
  0
LINE
  5
E6D
330
17
100
AcDbEntity
  8
LINES
100
AcDbLine
 10
509.03
 20
802.8
 30
0.0
 11
509.03
 21
794.16
 31
0.0
  0
LINE
  5
E6E
330
17
100
AcDbEntity
  8
LINES
100
AcDbLine
 10
509.03
 20
794.16
 30
0.0
 11
509.61
 21
794.16
 31
0.0
  0
LINE
  5
E6F
330
17
100
AcDbEntity
  8
LINES
100
AcDbLine
 10
509.61
 20
794.16
 30
0.0
 11
509.61
 21
797.62
 31
0.0
  0
LINE
  5
E70
330
17
100
AcDbEntity
  8
LINES
100
AcDbLine
 10
519.83
 20
799.34
 30
0.0
 11
519.83
 21
802.8
 31
0.0
  0
LINE
  5
E71
330
17
100
AcDbEntity
  8
LINES
100
AcDbLine
 10
519.83
 20
802.8
 30
0.0
 11
520.41
 21
802.8
 31
0.0
  0
LINE
  5
E72
330
17
100
AcDbEntity
  8
LINES
100
AcDbLine
 10
520.41
 20
802.8
 30
0.0
 11
520.41
 21
794.16
 31
0.0
  0
LINE
  5
E73
330
17
100
AcDbEntity
  8
LINES
100
AcDbLine
 10
520.41
 20
794.16
 30
0.0
 11
519.83
 21
794.16
 31
0.0
  0
LINE
  5
E74
330
17
100
AcDbEntity
  8
LINES
100
AcDbLine
 10
519.83
 20
794.16
 30
0.0
 11
519.83
 21
797.62
 31
0.0
  0
LINE
  5
E75
330
17
100
AcDbEntity
  8
LINES
100
AcDbLine
 10
510.19
 20
798.19
 30
0.0
 11
519.26
 21
798.19
 31
0.0
  0
LINE
  5
E76
330
17
100
AcDbEntity
  8
LINES
100
AcDbLine
 10
510.19
 20
798.77
 30
0.0
 11
519.26
 21
798.77
 31
0.0
  0
LINE
  5
E77
330
17
100
AcDbEntity
  8
LINES
100
AcDbLine
 10
432.43
 20
750.24
 30
0.0
 11
449.42
 21
750.24
 31
0.0
  0
LINE
  5
E78
330
17
100
AcDbEntity
  8
LINES
100
AcDbLine
 10
449.42
 20
750.24
 30
0.0
 11
466.55
 21
750.24
 31
0.0
  0
LINE
  5
E79
330
17
100
AcDbEntity
  8
LINES
100
AcDbLine
 10
364.46
 20
750.24
 30
0.0
 11
381.45
 21
750.24
 31
0.0
  0
LINE
  5
E7A
330
17
100
AcDbEntity
  8
LINES
100
AcDbLine
 10
347.47
 20
750.24
 30
0.0
 11
364.46
 21
750.24
 31
0.0
  0
LINE
  5
E7B
330
17
100
AcDbEntity
  8
LINES
100
AcDbLine
 10
330.47
 20
750.24
 30
0.0
 11
347.47
 21
750.24
 31
0.0
  0
LINE
  5
E7C
330
17
100
AcDbEntity
  8
LINES
100
AcDbLine
 10
290.73
 20
750.24
 30
0.0
 11
330.47
 21
750.24
 31
0.0
  0
LINE
  5
E7D
330
17
100
AcDbEntity
  8
LINES
100
AcDbLine
 10
273.74
 20
750.24
 30
0.0
 11
290.73
 21
750.24
 31
0.0
  0
LINE
  5
E7E
330
17
100
AcDbEntity
  8
LINES
100
AcDbLine
 10
256.75
 20
750.24
 30
0.0
 11
273.74
 21
750.24
 31
0.0
  0
LINE
  5
E7F
330
17
100
AcDbEntity
  8
LINES
100
AcDbLine
 10
239.75
 20
750.24
 30
0.0
 11
256.75
 21
750.24
 31
0.0
  0
LINE
  5
E80
330
17
100
AcDbEntity
  8
LINES
100
AcDbLine
 10
222.76
 20
750.24
 30
0.0
 11
239.75
 21
750.24
 31
0.0
  0
LINE
  5
E81
330
17
100
AcDbEntity
  8
LINES
100
AcDbLine
 10
205.63
 20
750.24
 30
0.0
 11
222.76
 21
750.24
 31
0.0
  0
LINE
  5
E82
330
17
100
AcDbEntity
  8
LINES
100
AcDbLine
 10
146.15
 20
739.01
 30
0.0
 11
146.15
 21
770.83
 31
0.0
  0
LINE
  5
E83
330
17
100
AcDbEntity
  8
LINES
100
AcDbLine
 10
188.63
 20
753.12
 30
0.0
 11
188.63
 21
770.83
 31
0.0
  0
LINE
  5
E84
330
17
100
AcDbEntity
  8
LINES
100
AcDbLine
 10
149.03
 20
767.23
 30
0.0
 11
185.9
 21
767.23
 31
0.0
  0
LINE
  5
E85
330
17
100
AcDbEntity
  8
LINES
100
AcDbLine
 10
188.63
 20
750.24
 30
0.0
 11
205.63
 21
750.24
 31
0.0
  0
LINE
  5
E86
330
17
100
AcDbEntity
  8
LINES
100
AcDbLine
 10
466.55
 20
753.12
 30
0.0
 11
466.55
 21
770.83
 31
0.0
  0
LINE
  5
E87
330
17
100
AcDbEntity
  8
LINES
100
AcDbLine
 10
191.51
 20
767.23
 30
0.0
 11
463.67
 21
767.23
 31
0.0
  0
LINE
  5
E88
330
17
100
AcDbEntity
  8
LINES
100
AcDbLine
 10
514.65
 20
739.01
 30
0.0
 11
514.65
 21
770.83
 31
0.0
  0
LINE
  5
E89
330
17
100
AcDbEntity
  8
LINES
100
AcDbLine
 10
469.29
 20
767.23
 30
0.0
 11
511.77
 21
767.23
 31
0.0
  0
LINE
  5
E8A
330
17
100
AcDbEntity
  8
LINES
100
AcDbLine
 10
381.45
 20
750.24
 30
0.0
 11
432.43
 21
750.24
 31
0.0
  0
LINE
  5
E8B
330
17
100
AcDbEntity
  8
LINES
100
AcDbLine
 10
215.99
 20
753.12
 30
0.0
 11
226.22
 21
753.12
 31
0.0
  0
LINE
  5
E8C
330
17
100
AcDbEntity
  8
LINES
100
AcDbLine
 10
217.29
 20
798.48
 30
0.0
 11
226.22
 21
798.48
 31
0.0
  0
LINE
  5
E8D
330
17
100
AcDbEntity
  8
LINES
100
AcDbLine
 10
222.76
 20
756.0
 30
0.0
 11
222.76
 21
795.6
 31
0.0
  0
LINE
  5
E8E
330
17
100
AcDbEntity
  8
LINES
100
AcDbLine
 10
194.39
 20
673.78
 30
0.0
 11
217.0
 21
673.78
 31
0.0
  0
LINE
  5
E8F
330
17
100
AcDbEntity
  8
LINES
100
AcDbLine
 10
217.0
 20
673.78
 30
0.0
 11
239.75
 21
673.78
 31
0.0
  0
LINE
  5
E90
330
17
100
AcDbEntity
  8
LINES
100
AcDbLine
 10
239.75
 20
673.78
 30
0.0
 11
262.36
 21
673.78
 31
0.0
  0
LINE
  5
E91
330
17
100
AcDbEntity
  8
LINES
100
AcDbLine
 10
262.36
 20
673.78
 30
0.0
 11
285.11
 21
673.78
 31
0.0
  0
LINE
  5
E92
330
17
100
AcDbEntity
  8
LINES
100
AcDbLine
 10
285.11
 20
673.78
 30
0.0
 11
307.72
 21
673.78
 31
0.0
  0
LINE
  5
E93
330
17
100
AcDbEntity
  8
LINES
100
AcDbLine
 10
307.72
 20
673.78
 30
0.0
 11
330.47
 21
673.78
 31
0.0
  0
LINE
  5
E94
330
17
100
AcDbEntity
  8
LINES
100
AcDbLine
 10
330.47
 20
673.78
 30
0.0
 11
353.08
 21
673.78
 31
0.0
  0
LINE
  5
E95
330
17
100
AcDbEntity
  8
LINES
100
AcDbLine
 10
353.08
 20
673.78
 30
0.0
 11
375.83
 21
673.78
 31
0.0
  0
LINE
  5
E96
330
17
100
AcDbEntity
  8
LINES
100
AcDbLine
 10
375.83
 20
673.78
 30
0.0
 11
398.44
 21
673.78
 31
0.0
  0
LINE
  5
E97
330
17
100
AcDbEntity
  8
LINES
100
AcDbLine
 10
398.44
 20
673.78
 30
0.0
 11
421.19
 21
673.78
 31
0.0
  0
LINE
  5
E98
330
17
100
AcDbEntity
  8
LINES
100
AcDbLine
 10
421.19
 20
673.78
 30
0.0
 11
443.8
 21
673.78
 31
0.0
  0
LINE
  5
E99
330
17
100
AcDbEntity
  8
LINES
100
AcDbLine
 10
443.8
 20
673.78
 30
0.0
 11
466.55
 21
673.78
 31
0.0
  0
LINE
  5
E9A
330
17
100
AcDbEntity
  8
LINES
100
AcDbLine
 10
211.39
 20
396.0
 30
0.0
 11
194.39
 21
396.0
 31
0.0
  0
LINE
  5
E9B
330
17
100
AcDbEntity
  8
LINES
100
AcDbLine
 10
228.38
 20
396.0
 30
0.0
 11
211.39
 21
396.0
 31
0.0
  0
LINE
  5
E9C
330
17
100
AcDbEntity
  8
LINES
100
AcDbLine
 10
245.37
 20
396.0
 30
0.0
 11
228.38
 21
396.0
 31
0.0
  0
LINE
  5
E9D
330
17
100
AcDbEntity
  8
LINES
100
AcDbLine
 10
262.36
 20
396.0
 30
0.0
 11
245.37
 21
396.0
 31
0.0
  0
LINE
  5
E9E
330
17
100
AcDbEntity
  8
LINES
100
AcDbLine
 10
279.35
 20
396.0
 30
0.0
 11
262.36
 21
396.0
 31
0.0
  0
LINE
  5
E9F
330
17
100
AcDbEntity
  8
LINES
100
AcDbLine
 10
296.35
 20
396.0
 30
0.0
 11
279.35
 21
396.0
 31
0.0
  0
LINE
  5
EA0
330
17
100
AcDbEntity
  8
LINES
100
AcDbLine
 10
313.48
 20
396.0
 30
0.0
 11
296.35
 21
396.0
 31
0.0
  0
LINE
  5
EA1
330
17
100
AcDbEntity
  8
LINES
100
AcDbLine
 10
330.47
 20
396.0
 30
0.0
 11
313.48
 21
396.0
 31
0.0
  0
LINE
  5
EA2
330
17
100
AcDbEntity
  8
LINES
100
AcDbLine
 10
347.47
 20
396.0
 30
0.0
 11
330.47
 21
396.0
 31
0.0
  0
LINE
  5
EA3
330
17
100
AcDbEntity
  8
LINES
100
AcDbLine
 10
364.46
 20
396.0
 30
0.0
 11
347.47
 21
396.0
 31
0.0
  0
LINE
  5
EA4
330
17
100
AcDbEntity
  8
LINES
100
AcDbLine
 10
381.45
 20
396.0
 30
0.0
 11
364.46
 21
396.0
 31
0.0
  0
LINE
  5
EA5
330
17
100
AcDbEntity
  8
LINES
100
AcDbLine
 10
398.44
 20
396.0
 30
0.0
 11
381.45
 21
396.0
 31
0.0
  0
LINE
  5
EA6
330
17
100
AcDbEntity
  8
LINES
100
AcDbLine
 10
415.43
 20
396.0
 30
0.0
 11
398.44
 21
396.0
 31
0.0
  0
LINE
  5
EA7
330
17
100
AcDbEntity
  8
LINES
100
AcDbLine
 10
449.42
 20
441.36
 30
0.0
 11
466.55
 21
441.36
 31
0.0
  0
LINE
  5
EA8
330
17
100
AcDbEntity
  8
LINES
100
AcDbLine
 10
432.43
 20
441.36
 30
0.0
 11
449.42
 21
441.36
 31
0.0
  0
LINE
  5
EA9
330
17
100
AcDbEntity
  8
LINES
100
AcDbLine
 10
415.43
 20
441.36
 30
0.0
 11
432.43
 21
441.36
 31
0.0
  0
LINE
  5
EAA
330
17
100
AcDbEntity
  8
LINES
100
AcDbLine
 10
398.44
 20
441.36
 30
0.0
 11
415.43
 21
441.36
 31
0.0
  0
LINE
  5
EAB
330
17
100
AcDbEntity
  8
LINES
100
AcDbLine
 10
381.45
 20
441.36
 30
0.0
 11
398.44
 21
441.36
 31
0.0
  0
LINE
  5
EAC
330
17
100
AcDbEntity
  8
LINES
100
AcDbLine
 10
364.46
 20
441.36
 30
0.0
 11
381.45
 21
441.36
 31
0.0
  0
LINE
  5
EAD
330
17
100
AcDbEntity
  8
LINES
100
AcDbLine
 10
347.47
 20
441.36
 30
0.0
 11
364.46
 21
441.36
 31
0.0
  0
LINE
  5
EAE
330
17
100
AcDbEntity
  8
LINES
100
AcDbLine
 10
330.47
 20
441.36
 30
0.0
 11
347.47
 21
441.36
 31
0.0
  0
LINE
  5
EAF
330
17
100
AcDbEntity
  8
LINES
100
AcDbLine
 10
313.48
 20
441.36
 30
0.0
 11
330.47
 21
441.36
 31
0.0
  0
LINE
  5
EB0
330
17
100
AcDbEntity
  8
LINES
100
AcDbLine
 10
296.35
 20
441.36
 30
0.0
 11
313.48
 21
441.36
 31
0.0
  0
LINE
  5
EB1
330
17
100
AcDbEntity
  8
LINES
100
AcDbLine
 10
279.35
 20
441.36
 30
0.0
 11
296.35
 21
441.36
 31
0.0
  0
LINE
  5
EB2
330
17
100
AcDbEntity
  8
LINES
100
AcDbLine
 10
262.36
 20
441.36
 30
0.0
 11
279.35
 21
441.36
 31
0.0
  0
LINE
  5
EB3
330
17
100
AcDbEntity
  8
LINES
100
AcDbLine
 10
245.37
 20
441.36
 30
0.0
 11
262.36
 21
441.36
 31
0.0
  0
LINE
  5
EB4
330
17
100
AcDbEntity
  8
LINES
100
AcDbLine
 10
228.38
 20
441.36
 30
0.0
 11
245.37
 21
441.36
 31
0.0
  0
LINE
  5
EB5
330
17
100
AcDbEntity
  8
LINES
100
AcDbLine
 10
211.39
 20
441.36
 30
0.0
 11
228.38
 21
441.36
 31
0.0
  0
LINE
  5
EB6
330
17
100
AcDbEntity
  8
LINES
100
AcDbLine
 10
194.39
 20
441.36
 30
0.0
 11
211.39
 21
441.36
 31
0.0
  0
LINE
  5
EB7
330
17
100
AcDbEntity
  8
LINES
100
AcDbLine
 10
381.45
 20
319.39
 30
0.0
 11
398.44
 21
319.39
 31
0.0
  0
LINE
  5
EB8
330
17
100
AcDbEntity
  8
LINES
100
AcDbLine
 10
364.46
 20
319.39
 30
0.0
 11
381.45
 21
319.39
 31
0.0
  0
LINE
  5
EB9
330
17
100
AcDbEntity
  8
LINES
100
AcDbLine
 10
347.47
 20
319.39
 30
0.0
 11
364.46
 21
319.39
 31
0.0
  0
LINE
  5
EBA
330
17
100
AcDbEntity
  8
LINES
100
AcDbLine
 10
330.47
 20
319.39
 30
0.0
 11
347.47
 21
319.39
 31
0.0
  0
LINE
  5
EBB
330
17
100
AcDbEntity
  8
LINES
100
AcDbLine
 10
313.48
 20
319.39
 30
0.0
 11
330.47
 21
319.39
 31
0.0
  0
LINE
  5
EBC
330
17
100
AcDbEntity
  8
LINES
100
AcDbLine
 10
296.35
 20
319.39
 30
0.0
 11
313.48
 21
319.39
 31
0.0
  0
LINE
  5
EBD
330
17
100
AcDbEntity
  8
LINES
100
AcDbLine
 10
279.35
 20
319.39
 30
0.0
 11
296.35
 21
319.39
 31
0.0
  0
LINE
  5
EBE
330
17
100
AcDbEntity
  8
LINES
100
AcDbLine
 10
262.36
 20
319.39
 30
0.0
 11
279.35
 21
319.39
 31
0.0
  0
LINE
  5
EBF
330
17
100
AcDbEntity
  8
LINES
100
AcDbLine
 10
262.36
 20
628.42
 30
0.0
 11
285.11
 21
628.42
 31
0.0
  0
LINE
  5
EC0
330
17
100
AcDbEntity
  8
LINES
100
AcDbLine
 10
449.42
 20
557.57
 30
0.0
 11
466.55
 21
557.57
 31
0.0
  0
LINE
  5
EC1
330
17
100
AcDbEntity
  8
LINES
100
AcDbLine
 10
432.43
 20
557.57
 30
0.0
 11
449.42
 21
557.57
 31
0.0
  0
LINE
  5
EC2
330
17
100
AcDbEntity
  8
LINES
100
AcDbLine
 10
415.43
 20
557.57
 30
0.0
 11
432.43
 21
557.57
 31
0.0
  0
LINE
  5
EC3
330
17
100
AcDbEntity
  8
LINES
100
AcDbLine
 10
398.44
 20
557.57
 30
0.0
 11
415.43
 21
557.57
 31
0.0
  0
LINE
  5
EC4
330
17
100
AcDbEntity
  8
LINES
100
AcDbLine
 10
381.45
 20
557.57
 30
0.0
 11
398.44
 21
557.57
 31
0.0
  0
LINE
  5
EC5
330
17
100
AcDbEntity
  8
LINES
100
AcDbLine
 10
341.71
 20
557.57
 30
0.0
 11
358.7
 21
557.57
 31
0.0
  0
LINE
  5
EC6
330
17
100
AcDbEntity
  8
LINES
100
AcDbLine
 10
324.71
 20
557.57
 30
0.0
 11
341.71
 21
557.57
 31
0.0
  0
LINE
  5
EC7
330
17
100
AcDbEntity
  8
LINES
100
AcDbLine
 10
307.72
 20
557.57
 30
0.0
 11
324.71
 21
557.57
 31
0.0
  0
LINE
  5
EC8
330
17
100
AcDbEntity
  8
LINES
100
AcDbLine
 10
290.73
 20
557.57
 30
0.0
 11
307.72
 21
557.57
 31
0.0
  0
LINE
  5
EC9
330
17
100
AcDbEntity
  8
LINES
100
AcDbLine
 10
273.74
 20
557.57
 30
0.0
 11
290.73
 21
557.57
 31
0.0
  0
LINE
  5
ECA
330
17
100
AcDbEntity
  8
LINES
100
AcDbLine
 10
256.75
 20
557.57
 30
0.0
 11
273.74
 21
557.57
 31
0.0
  0
LINE
  5
ECB
330
17
100
AcDbEntity
  8
LINES
100
AcDbLine
 10
239.75
 20
557.57
 30
0.0
 11
256.75
 21
557.57
 31
0.0
  0
LINE
  5
ECC
330
17
100
AcDbEntity
  8
LINES
100
AcDbLine
 10
222.76
 20
557.57
 30
0.0
 11
239.75
 21
557.57
 31
0.0
  0
LINE
  5
ECD
330
17
100
AcDbEntity
  8
LINES
100
AcDbLine
 10
205.63
 20
557.57
 30
0.0
 11
222.76
 21
557.57
 31
0.0
  0
LINE
  5
ECE
330
17
100
AcDbEntity
  8
LINES
100
AcDbLine
 10
188.63
 20
557.57
 30
0.0
 11
205.63
 21
557.57
 31
0.0
  0
LINE
  5
ECF
330
17
100
AcDbEntity
  8
LINES
100
AcDbLine
 10
449.42
 20
506.59
 30
0.0
 11
466.55
 21
506.59
 31
0.0
  0
LINE
  5
ED0
330
17
100
AcDbEntity
  8
LINES
100
AcDbLine
 10
432.43
 20
506.59
 30
0.0
 11
449.42
 21
506.59
 31
0.0
  0
LINE
  5
ED1
330
17
100
AcDbEntity
  8
LINES
100
AcDbLine
 10
415.43
 20
506.59
 30
0.0
 11
432.43
 21
506.59
 31
0.0
  0
LINE
  5
ED2
330
17
100
AcDbEntity
  8
LINES
100
AcDbLine
 10
398.44
 20
506.59
 30
0.0
 11
415.43
 21
506.59
 31
0.0
  0
LINE
  5
ED3
330
17
100
AcDbEntity
  8
LINES
100
AcDbLine
 10
381.45
 20
506.59
 30
0.0
 11
398.44
 21
506.59
 31
0.0
  0
LINE
  5
ED4
330
17
100
AcDbEntity
  8
LINES
100
AcDbLine
 10
364.46
 20
506.59
 30
0.0
 11
381.45
 21
506.59
 31
0.0
  0
LINE
  5
ED5
330
17
100
AcDbEntity
  8
LINES
100
AcDbLine
 10
347.47
 20
506.59
 30
0.0
 11
364.46
 21
506.59
 31
0.0
  0
LINE
  5
ED6
330
17
100
AcDbEntity
  8
LINES
100
AcDbLine
 10
330.47
 20
506.59
 30
0.0
 11
347.47
 21
506.59
 31
0.0
  0
LINE
  5
ED7
330
17
100
AcDbEntity
  8
LINES
100
AcDbLine
 10
313.48
 20
506.59
 30
0.0
 11
330.47
 21
506.59
 31
0.0
  0
LINE
  5
ED8
330
17
100
AcDbEntity
  8
LINES
100
AcDbLine
 10
296.35
 20
506.59
 30
0.0
 11
313.48
 21
506.59
 31
0.0
  0
LINE
  5
ED9
330
17
100
AcDbEntity
  8
LINES
100
AcDbLine
 10
279.35
 20
506.59
 30
0.0
 11
296.35
 21
506.59
 31
0.0
  0
LINE
  5
EDA
330
17
100
AcDbEntity
  8
LINES
100
AcDbLine
 10
262.36
 20
506.59
 30
0.0
 11
279.35
 21
506.59
 31
0.0
  0
LINE
  5
EDB
330
17
100
AcDbEntity
  8
LINES
100
AcDbLine
 10
245.37
 20
506.59
 30
0.0
 11
262.36
 21
506.59
 31
0.0
  0
LINE
  5
EDC
330
17
100
AcDbEntity
  8
LINES
100
AcDbLine
 10
228.38
 20
506.59
 30
0.0
 11
245.37
 21
506.59
 31
0.0
  0
LINE
  5
EDD
330
17
100
AcDbEntity
  8
LINES
100
AcDbLine
 10
211.39
 20
506.59
 30
0.0
 11
228.38
 21
506.59
 31
0.0
  0
LINE
  5
EDE
330
17
100
AcDbEntity
  8
LINES
100
AcDbLine
 10
194.39
 20
506.59
 30
0.0
 11
211.39
 21
506.59
 31
0.0
  0
LINE
  5
EDF
330
17
100
AcDbEntity
  8
LINES
100
AcDbLine
 10
239.75
 20
628.42
 30
0.0
 11
262.36
 21
628.42
 31
0.0
  0
LINE
  5
EE0
330
17
100
AcDbEntity
  8
LINES
100
AcDbLine
 10
217.0
 20
628.42
 30
0.0
 11
239.75
 21
628.42
 31
0.0
  0
LINE
  5
EE1
330
17
100
AcDbEntity
  8
LINES
100
AcDbLine
 10
194.39
 20
628.42
 30
0.0
 11
217.0
 21
628.42
 31
0.0
  0
LINE
  5
EE2
330
17
100
AcDbEntity
  8
LINES
100
AcDbLine
 10
211.39
 20
274.03
 30
0.0
 11
194.39
 21
274.03
 31
0.0
  0
LINE
  5
EE3
330
17
100
AcDbEntity
  8
LINES
100
AcDbLine
 10
296.35
 20
274.03
 30
0.0
 11
279.35
 21
274.03
 31
0.0
  0
LINE
  5
EE4
330
17
100
AcDbEntity
  8
LINES
100
AcDbLine
 10
313.48
 20
274.03
 30
0.0
 11
296.35
 21
274.03
 31
0.0
  0
LINE
  5
EE5
330
17
100
AcDbEntity
  8
LINES
100
AcDbLine
 10
330.47
 20
274.03
 30
0.0
 11
313.48
 21
274.03
 31
0.0
  0
LINE
  5
EE6
330
17
100
AcDbEntity
  8
LINES
100
AcDbLine
 10
347.47
 20
274.03
 30
0.0
 11
330.47
 21
274.03
 31
0.0
  0
LINE
  5
EE7
330
17
100
AcDbEntity
  8
LINES
100
AcDbLine
 10
364.46
 20
274.03
 30
0.0
 11
347.47
 21
274.03
 31
0.0
  0
LINE
  5
EE8
330
17
100
AcDbEntity
  8
LINES
100
AcDbLine
 10
381.45
 20
274.03
 30
0.0
 11
364.46
 21
274.03
 31
0.0
  0
LINE
  5
EE9
330
17
100
AcDbEntity
  8
LINES
100
AcDbLine
 10
398.44
 20
274.03
 30
0.0
 11
381.45
 21
274.03
 31
0.0
  0
LINE
  5
EEA
330
17
100
AcDbEntity
  8
LINES
100
AcDbLine
 10
415.43
 20
274.03
 30
0.0
 11
398.44
 21
274.03
 31
0.0
  0
LINE
  5
EEB
330
17
100
AcDbEntity
  8
LINES
100
AcDbLine
 10
432.43
 20
274.03
 30
0.0
 11
415.43
 21
274.03
 31
0.0
  0
LINE
  5
EEC
330
17
100
AcDbEntity
  8
LINES
100
AcDbLine
 10
449.42
 20
274.03
 30
0.0
 11
432.43
 21
274.03
 31
0.0
  0
LINE
  5
EED
330
17
100
AcDbEntity
  8
LINES
100
AcDbLine
 10
188.63
 20
753.12
 30
0.0
 11
188.63
 21
759.31
 31
0.0
  0
LINE
  5
EEE
330
17
100
AcDbEntity
  8
LINES
100
AcDbLine
 10
205.63
 20
753.12
 30
0.0
 11
205.63
 21
759.31
 31
0.0
  0
LINE
  5
EEF
330
17
100
AcDbEntity
  8
LINES
100
AcDbLine
 10
191.51
 20
755.86
 30
0.0
 11
202.89
 21
755.86
 31
0.0
  0
LINE
  5
EF0
330
17
100
AcDbEntity
  8
LINES
100
AcDbLine
 10
188.63
 20
736.13
 30
0.0
 11
181.0
 21
736.13
 31
0.0
  0
LINE
  5
EF1
330
17
100
AcDbEntity
  8
LINES
100
AcDbLine
 10
188.63
 20
753.12
 30
0.0
 11
181.0
 21
753.12
 31
0.0
  0
LINE
  5
EF2
330
17
100
AcDbEntity
  8
LINES
100
AcDbLine
 10
184.6
 20
739.01
 30
0.0
 11
184.6
 21
750.24
 31
0.0
  0
LINE
  5
EF3
330
17
100
AcDbEntity
  8
LINES
100
AcDbLine
 10
466.55
 20
724.75
 30
0.0
 11
478.51
 21
724.75
 31
0.0
  0
LINE
  5
EF4
330
17
100
AcDbEntity
  8
LINES
100
AcDbLine
 10
466.55
 20
753.12
 30
0.0
 11
478.51
 21
753.12
 31
0.0
  0
LINE
  5
EF5
330
17
100
AcDbEntity
  8
LINES
100
AcDbLine
 10
474.91
 20
727.63
 30
0.0
 11
474.91
 21
750.24
 31
0.0
  0
LINE
  5
EF6
330
17
100
AcDbEntity
  8
LINES
100
AcDbLine
 10
466.55
 20
687.89
 30
0.0
 11
478.51
 21
687.89
 31
0.0
  0
LINE
  5
EF7
330
17
100
AcDbEntity
  8
LINES
100
AcDbLine
 10
474.91
 20
690.77
 30
0.0
 11
474.91
 21
721.87
 31
0.0
  0
LINE
  5
EF8
330
17
100
AcDbEntity
  8
LINES
100
AcDbLine
 10
466.55
 20
670.9
 30
0.0
 11
478.51
 21
670.9
 31
0.0
  0
LINE
  5
EF9
330
17
100
AcDbEntity
  8
LINES
100
AcDbLine
 10
474.91
 20
685.15
 30
0.0
 11
474.91
 21
673.78
 31
0.0
  0
LINE
  5
EFA
330
17
100
AcDbEntity
  8
LINES
100
AcDbLine
 10
466.55
 20
631.3
 30
0.0
 11
478.51
 21
631.3
 31
0.0
  0
LINE
  5
EFB
330
17
100
AcDbEntity
  8
LINES
100
AcDbLine
 10
466.55
 20
608.54
 30
0.0
 11
478.51
 21
608.54
 31
0.0
  0
LINE
  5
EFC
330
17
100
AcDbEntity
  8
LINES
100
AcDbLine
 10
474.91
 20
628.42
 30
0.0
 11
474.91
 21
611.42
 31
0.0
  0
LINE
  5
EFD
330
17
100
AcDbEntity
  8
LINES
100
AcDbLine
 10
466.55
 20
571.68
 30
0.0
 11
478.51
 21
571.68
 31
0.0
  0
LINE
  5
EFE
330
17
100
AcDbEntity
  8
LINES
100
AcDbLine
 10
474.91
 20
605.66
 30
0.0
 11
474.91
 21
574.56
 31
0.0
  0
LINE
  5
EFF
330
17
100
AcDbEntity
  8
LINES
100
AcDbLine
 10
466.55
 20
554.69
 30
0.0
 11
478.51
 21
554.69
 31
0.0
  0
LINE
  5
F00
330
17
100
AcDbEntity
  8
LINES
100
AcDbLine
 10
474.91
 20
568.8
 30
0.0
 11
474.91
 21
557.57
 31
0.0
  0
LINE
  5
F01
330
17
100
AcDbEntity
  8
LINES
100
AcDbLine
 10
188.63
 20
571.68
 30
0.0
 11
193.82
 21
571.68
 31
0.0
  0
LINE
  5
F02
330
17
100
AcDbEntity
  8
LINES
100
AcDbLine
 10
188.63
 20
614.16
 30
0.0
 11
193.82
 21
614.16
 31
0.0
  0
LINE
  5
F03
330
17
100
AcDbEntity
  8
LINES
100
AcDbLine
 10
190.22
 20
574.56
 30
0.0
 11
190.22
 21
611.42
 31
0.0
  0
LINE
  5
F04
330
17
100
AcDbEntity
  8
LINES
100
AcDbLine
 10
466.55
 20
509.33
 30
0.0
 11
478.51
 21
509.33
 31
0.0
  0
LINE
  5
F05
330
17
100
AcDbEntity
  8
LINES
100
AcDbLine
 10
474.91
 20
512.21
 30
0.0
 11
474.91
 21
551.81
 31
0.0
  0
LINE
  5
F06
330
17
100
AcDbEntity
  8
LINES
100
AcDbLine
 10
466.55
 20
492.34
 30
0.0
 11
478.51
 21
492.34
 31
0.0
  0
LINE
  5
F07
330
17
100
AcDbEntity
  8
LINES
100
AcDbLine
 10
474.91
 20
506.45
 30
0.0
 11
474.91
 21
495.22
 31
0.0
  0
LINE
  5
F08
330
17
100
AcDbEntity
  8
LINES
100
AcDbLine
 10
466.55
 20
455.47
 30
0.0
 11
478.51
 21
455.47
 31
0.0
  0
LINE
  5
F09
330
17
100
AcDbEntity
  8
LINES
100
AcDbLine
 10
474.91
 20
489.46
 30
0.0
 11
474.91
 21
458.35
 31
0.0
  0
LINE
  5
F0A
330
17
100
AcDbEntity
  8
LINES
100
AcDbLine
 10
466.55
 20
438.48
 30
0.0
 11
478.51
 21
438.48
 31
0.0
  0
LINE
  5
F0B
330
17
100
AcDbEntity
  8
LINES
100
AcDbLine
 10
474.91
 20
452.59
 30
0.0
 11
474.91
 21
441.36
 31
0.0
  0
LINE
  5
F0C
330
17
100
AcDbEntity
  8
LINES
100
AcDbLine
 10
466.55
 20
398.74
 30
0.0
 11
478.51
 21
398.74
 31
0.0
  0
LINE
  5
F0D
330
17
100
AcDbEntity
  8
LINES
100
AcDbLine
 10
474.91
 20
435.6
 30
0.0
 11
474.91
 21
401.62
 31
0.0
  0
LINE
  5
F0E
330
17
100
AcDbEntity
  8
LINES
100
AcDbLine
 10
466.55
 20
381.74
 30
0.0
 11
478.51
 21
381.74
 31
0.0
  0
LINE
  5
F0F
330
17
100
AcDbEntity
  8
LINES
100
AcDbLine
 10
474.91
 20
396.0
 30
0.0
 11
474.91
 21
384.62
 31
0.0
  0
LINE
  5
F10
330
17
100
AcDbEntity
  8
LINES
100
AcDbLine
 10
466.55
 20
316.66
 30
0.0
 11
478.51
 21
316.66
 31
0.0
  0
LINE
  5
F11
330
17
100
AcDbEntity
  8
LINES
100
AcDbLine
 10
466.55
 20
276.91
 30
0.0
 11
478.51
 21
276.91
 31
0.0
  0
LINE
  5
F12
330
17
100
AcDbEntity
  8
LINES
100
AcDbLine
 10
474.91
 20
313.78
 30
0.0
 11
474.91
 21
279.79
 31
0.0
  0
LINE
  5
F13
330
17
100
AcDbEntity
  8
LINES
100
AcDbLine
 10
466.55
 20
248.54
 30
0.0
 11
478.51
 21
248.54
 31
0.0
  0
LINE
  5
F14
330
17
100
AcDbEntity
  8
LINES
100
AcDbLine
 10
474.91
 20
274.03
 30
0.0
 11
474.91
 21
251.42
 31
0.0
  0
LINE
  5
F15
330
17
100
AcDbEntity
  8
LINES
100
AcDbLine
 10
194.39
 20
276.91
 30
0.0
 11
187.19
 21
276.91
 31
0.0
  0
LINE
  5
F16
330
17
100
AcDbEntity
  8
LINES
100
AcDbLine
 10
194.39
 20
259.92
 30
0.0
 11
187.19
 21
259.92
 31
0.0
  0
LINE
  5
F17
330
17
100
AcDbEntity
  8
LINES
100
AcDbLine
 10
190.79
 20
274.03
 30
0.0
 11
190.79
 21
262.8
 31
0.0
  0
LINE
  5
F18
330
17
100
AcDbEntity
  8
LINES
100
AcDbLine
 10
222.76
 20
753.12
 30
0.0
 11
222.76
 21
759.31
 31
0.0
  0
LINE
  5
F19
330
17
100
AcDbEntity
  8
LINES
100
AcDbLine
 10
208.51
 20
755.86
 30
0.0
 11
219.88
 21
755.86
 31
0.0
  0
LINE
  5
F1A
330
17
100
AcDbEntity
  8
LINES
100
AcDbLine
 10
239.75
 20
753.12
 30
0.0
 11
239.75
 21
759.31
 31
0.0
  0
LINE
  5
F1B
330
17
100
AcDbEntity
  8
LINES
100
AcDbLine
 10
225.5
 20
755.86
 30
0.0
 11
236.87
 21
755.86
 31
0.0
  0
LINE
  5
F1C
330
17
100
AcDbEntity
  8
LINES
100
AcDbLine
 10
256.75
 20
753.12
 30
0.0
 11
256.75
 21
759.31
 31
0.0
  0
LINE
  5
F1D
330
17
100
AcDbEntity
  8
LINES
100
AcDbLine
 10
242.49
 20
755.86
 30
0.0
 11
253.87
 21
755.86
 31
0.0
  0
LINE
  5
F1E
330
17
100
AcDbEntity
  8
LINES
100
AcDbLine
 10
273.74
 20
753.12
 30
0.0
 11
273.74
 21
759.31
 31
0.0
  0
LINE
  5
F1F
330
17
100
AcDbEntity
  8
LINES
100
AcDbLine
 10
259.63
 20
755.86
 30
0.0
 11
270.86
 21
755.86
 31
0.0
  0
LINE
  5
F20
330
17
100
AcDbEntity
  8
LINES
100
AcDbLine
 10
290.73
 20
753.12
 30
0.0
 11
290.73
 21
759.31
 31
0.0
  0
LINE
  5
F21
330
17
100
AcDbEntity
  8
LINES
100
AcDbLine
 10
276.62
 20
755.86
 30
0.0
 11
287.85
 21
755.86
 31
0.0
  0
LINE
  5
F22
330
17
100
AcDbEntity
  8
LINES
100
AcDbLine
 10
313.48
 20
753.12
 30
0.0
 11
313.48
 21
759.31
 31
0.0
  0
LINE
  5
F23
330
17
100
AcDbEntity
  8
LINES
100
AcDbLine
 10
293.61
 20
755.86
 30
0.0
 11
310.6
 21
755.86
 31
0.0
  0
LINE
  5
F24
330
17
100
AcDbEntity
  8
LINES
100
AcDbLine
 10
330.47
 20
753.12
 30
0.0
 11
330.47
 21
759.31
 31
0.0
  0
LINE
  5
F25
330
17
100
AcDbEntity
  8
LINES
100
AcDbLine
 10
347.47
 20
753.12
 30
0.0
 11
347.47
 21
759.31
 31
0.0
  0
LINE
  5
F26
330
17
100
AcDbEntity
  8
LINES
100
AcDbLine
 10
333.21
 20
755.86
 30
0.0
 11
344.59
 21
755.86
 31
0.0
  0
LINE
  5
F27
330
17
100
AcDbEntity
  8
LINES
100
AcDbLine
 10
364.46
 20
753.12
 30
0.0
 11
364.46
 21
759.31
 31
0.0
  0
LINE
  5
F28
330
17
100
AcDbEntity
  8
LINES
100
AcDbLine
 10
350.2
 20
755.86
 30
0.0
 11
361.58
 21
755.86
 31
0.0
  0
LINE
  5
F29
330
17
100
AcDbEntity
  8
LINES
100
AcDbLine
 10
381.45
 20
753.12
 30
0.0
 11
381.45
 21
759.31
 31
0.0
  0
LINE
  5
F2A
330
17
100
AcDbEntity
  8
LINES
100
AcDbLine
 10
367.34
 20
755.86
 30
0.0
 11
378.57
 21
755.86
 31
0.0
  0
LINE
  5
F2B
330
17
100
AcDbEntity
  8
LINES
100
AcDbLine
 10
398.44
 20
753.12
 30
0.0
 11
398.44
 21
759.31
 31
0.0
  0
LINE
  5
F2C
330
17
100
AcDbEntity
  8
LINES
100
AcDbLine
 10
384.33
 20
755.86
 30
0.0
 11
395.56
 21
755.86
 31
0.0
  0
LINE
  5
F2D
330
17
100
AcDbEntity
  8
LINES
100
AcDbLine
 10
415.43
 20
753.12
 30
0.0
 11
415.43
 21
759.31
 31
0.0
  0
LINE
  5
F2E
330
17
100
AcDbEntity
  8
LINES
100
AcDbLine
 10
401.32
 20
755.86
 30
0.0
 11
412.55
 21
755.86
 31
0.0
  0
LINE
  5
F2F
330
17
100
AcDbEntity
  8
LINES
100
AcDbLine
 10
432.43
 20
753.12
 30
0.0
 11
432.43
 21
759.31
 31
0.0
  0
LINE
  5
F30
330
17
100
AcDbEntity
  8
LINES
100
AcDbLine
 10
418.31
 20
755.86
 30
0.0
 11
429.69
 21
755.86
 31
0.0
  0
LINE
  5
F31
330
17
100
AcDbEntity
  8
LINES
100
AcDbLine
 10
449.42
 20
753.12
 30
0.0
 11
449.42
 21
759.31
 31
0.0
  0
LINE
  5
F32
330
17
100
AcDbEntity
  8
LINES
100
AcDbLine
 10
435.31
 20
755.86
 30
0.0
 11
446.68
 21
755.86
 31
0.0
  0
LINE
  5
F33
330
17
100
AcDbEntity
  8
LINES
100
AcDbLine
 10
466.55
 20
753.12
 30
0.0
 11
466.55
 21
759.31
 31
0.0
  0
LINE
  5
F34
330
17
100
AcDbEntity
  8
LINES
100
AcDbLine
 10
452.3
 20
755.86
 30
0.0
 11
463.67
 21
755.86
 31
0.0
  0
LINE
  5
F35
330
17
100
AcDbEntity
  8
LINES
100
AcDbLine
 10
466.55
 20
670.9
 30
0.0
 11
466.55
 21
658.94
 31
0.0
  0
LINE
  5
F36
330
17
100
AcDbEntity
  8
LINES
100
AcDbLine
 10
443.8
 20
670.9
 30
0.0
 11
443.8
 21
658.94
 31
0.0
  0
LINE
  5
F37
330
17
100
AcDbEntity
  8
LINES
100
AcDbLine
 10
463.67
 20
662.54
 30
0.0
 11
446.68
 21
662.54
 31
0.0
  0
LINE
  5
F38
330
17
100
AcDbEntity
  8
LINES
100
AcDbLine
 10
421.19
 20
670.9
 30
0.0
 11
421.19
 21
658.94
 31
0.0
  0
LINE
  5
F39
330
17
100
AcDbEntity
  8
LINES
100
AcDbLine
 10
440.92
 20
662.54
 30
0.0
 11
423.93
 21
662.54
 31
0.0
  0
LINE
  5
F3A
330
17
100
AcDbEntity
  8
LINES
100
AcDbLine
 10
398.44
 20
670.9
 30
0.0
 11
398.44
 21
658.94
 31
0.0
  0
LINE
  5
F3B
330
17
100
AcDbEntity
  8
LINES
100
AcDbLine
 10
418.31
 20
662.54
 30
0.0
 11
401.32
 21
662.54
 31
0.0
  0
LINE
  5
F3C
330
17
100
AcDbEntity
  8
LINES
100
AcDbLine
 10
375.83
 20
670.9
 30
0.0
 11
375.83
 21
658.94
 31
0.0
  0
LINE
  5
F3D
330
17
100
AcDbEntity
  8
LINES
100
AcDbLine
 10
395.56
 20
662.54
 30
0.0
 11
378.57
 21
662.54
 31
0.0
  0
LINE
  5
F3E
330
17
100
AcDbEntity
  8
LINES
100
AcDbLine
 10
353.08
 20
670.9
 30
0.0
 11
353.08
 21
658.94
 31
0.0
  0
LINE
  5
F3F
330
17
100
AcDbEntity
  8
LINES
100
AcDbLine
 10
372.95
 20
662.54
 30
0.0
 11
355.96
 21
662.54
 31
0.0
  0
LINE
  5
F40
330
17
100
AcDbEntity
  8
LINES
100
AcDbLine
 10
330.47
 20
670.9
 30
0.0
 11
330.47
 21
658.94
 31
0.0
  0
LINE
  5
F41
330
17
100
AcDbEntity
  8
LINES
100
AcDbLine
 10
350.2
 20
662.54
 30
0.0
 11
333.21
 21
662.54
 31
0.0
  0
LINE
  5
F42
330
17
100
AcDbEntity
  8
LINES
100
AcDbLine
 10
307.72
 20
670.9
 30
0.0
 11
307.72
 21
658.94
 31
0.0
  0
LINE
  5
F43
330
17
100
AcDbEntity
  8
LINES
100
AcDbLine
 10
327.59
 20
662.54
 30
0.0
 11
310.6
 21
662.54
 31
0.0
  0
LINE
  5
F44
330
17
100
AcDbEntity
  8
LINES
100
AcDbLine
 10
285.11
 20
670.9
 30
0.0
 11
285.11
 21
658.94
 31
0.0
  0
LINE
  5
F45
330
17
100
AcDbEntity
  8
LINES
100
AcDbLine
 10
304.84
 20
662.54
 30
0.0
 11
287.85
 21
662.54
 31
0.0
  0
LINE
  5
F46
330
17
100
AcDbEntity
  8
LINES
100
AcDbLine
 10
262.36
 20
670.9
 30
0.0
 11
262.36
 21
658.94
 31
0.0
  0
LINE
  5
F47
330
17
100
AcDbEntity
  8
LINES
100
AcDbLine
 10
282.23
 20
662.54
 30
0.0
 11
265.24
 21
662.54
 31
0.0
  0
LINE
  5
F48
330
17
100
AcDbEntity
  8
LINES
100
AcDbLine
 10
239.75
 20
670.9
 30
0.0
 11
239.75
 21
658.94
 31
0.0
  0
LINE
  5
F49
330
17
100
AcDbEntity
  8
LINES
100
AcDbLine
 10
259.63
 20
662.54
 30
0.0
 11
242.49
 21
662.54
 31
0.0
  0
LINE
  5
F4A
330
17
100
AcDbEntity
  8
LINES
100
AcDbLine
 10
217.0
 20
670.9
 30
0.0
 11
217.0
 21
658.94
 31
0.0
  0
LINE
  5
F4B
330
17
100
AcDbEntity
  8
LINES
100
AcDbLine
 10
236.87
 20
662.54
 30
0.0
 11
219.88
 21
662.54
 31
0.0
  0
LINE
  5
F4C
330
17
100
AcDbEntity
  8
LINES
100
AcDbLine
 10
194.39
 20
670.9
 30
0.0
 11
194.39
 21
658.94
 31
0.0
  0
LINE
  5
F4D
330
17
100
AcDbEntity
  8
LINES
100
AcDbLine
 10
214.27
 20
662.54
 30
0.0
 11
197.13
 21
662.54
 31
0.0
  0
LINE
  5
F4E
330
17
100
AcDbEntity
  8
LINES
100
AcDbLine
 10
194.39
 20
614.16
 30
0.0
 11
186.76
 21
614.16
 31
0.0
  0
LINE
  5
F4F
330
17
100
AcDbEntity
  8
LINES
100
AcDbLine
 10
194.39
 20
631.3
 30
0.0
 11
186.76
 21
631.3
 31
0.0
  0
LINE
  5
F50
330
17
100
AcDbEntity
  8
LINES
100
AcDbLine
 10
190.22
 20
617.04
 30
0.0
 11
190.22
 21
628.42
 31
0.0
  0
LINE
  5
F51
330
17
100
AcDbEntity
  8
LINES
100
AcDbLine
 10
474.91
 20
668.02
 30
0.0
 11
474.91
 21
634.03
 31
0.0
  0
LINE
  5
F52
330
17
100
AcDbEntity
  8
LINES
100
AcDbLine
 10
228.38
 20
274.03
 30
0.0
 11
211.39
 21
274.03
 31
0.0
  0
LINE
  5
F53
330
17
100
AcDbEntity
  8
LINES
100
AcDbLine
 10
245.37
 20
274.03
 30
0.0
 11
228.38
 21
274.03
 31
0.0
  0
LINE
  5
F54
330
17
100
AcDbEntity
  8
LINES
100
AcDbLine
 10
262.36
 20
274.03
 30
0.0
 11
245.37
 21
274.03
 31
0.0
  0
LINE
  5
F55
330
17
100
AcDbEntity
  8
LINES
100
AcDbLine
 10
279.35
 20
274.03
 30
0.0
 11
262.36
 21
274.03
 31
0.0
  0
LINE
  5
F56
330
17
100
AcDbEntity
  8
LINES
100
AcDbLine
 10
466.55
 20
206.06
 30
0.0
 11
478.51
 21
206.06
 31
0.0
  0
LINE
  5
F57
330
17
100
AcDbEntity
  8
LINES
100
AcDbLine
 10
474.91
 20
245.66
 30
0.0
 11
474.91
 21
208.8
 31
0.0
  0
LINE
  5
F58
330
17
100
AcDbEntity
  8
LINES
100
AcDbLine
 10
194.39
 20
259.92
 30
0.0
 11
187.48
 21
259.92
 31
0.0
  0
LINE
  5
F59
330
17
100
AcDbEntity
  8
LINES
100
AcDbLine
 10
194.39
 20
206.06
 30
0.0
 11
187.48
 21
206.06
 31
0.0
  0
LINE
  5
F5A
330
17
100
AcDbEntity
  8
LINES
100
AcDbLine
 10
191.08
 20
257.04
 30
0.0
 11
191.08
 21
208.8
 31
0.0
  0
LINE
  5
F5B
330
17
100
AcDbEntity
  8
LINES
100
AcDbLine
 10
466.55
 20
333.65
 30
0.0
 11
478.51
 21
333.65
 31
0.0
  0
LINE
  5
F5C
330
17
100
AcDbEntity
  8
LINES
100
AcDbLine
 10
474.91
 20
330.77
 30
0.0
 11
474.91
 21
319.39
 31
0.0
  0
LINE
  5
F5D
330
17
100
AcDbEntity
  8
LINES
100
AcDbLine
 10
474.91
 20
379.01
 30
0.0
 11
474.91
 21
336.38
 31
0.0
  0
LINE
  5
F5E
330
17
100
AcDbEntity
  8
LINES
100
AcDbLine
 10
313.48
 20
750.24
 30
0.0
 11
330.47
 21
750.24
 31
0.0
  0
LINE
  5
F5F
330
17
100
AcDbEntity
  8
LINES
100
AcDbLine
 10
316.22
 20
755.86
 30
0.0
 11
327.59
 21
755.86
 31
0.0
  0
LINE
  5
F60
330
17
100
AcDbEntity
  8
LINES
100
AcDbLine
 10
358.7
 20
548.5
 30
0.0
 11
358.7
 21
554.69
 31
0.0
  0
LINE
  5
F61
330
17
100
AcDbEntity
  8
LINES
100
AcDbLine
 10
381.45
 20
548.5
 30
0.0
 11
381.45
 21
554.69
 31
0.0
  0
LINE
  5
F62
330
17
100
AcDbEntity
  8
LINES
100
AcDbLine
 10
361.58
 20
551.09
 30
0.0
 11
378.57
 21
551.09
 31
0.0
  0
LINE
  5
F63
330
17
100
AcDbEntity
  8
LINES
100
AcDbLine
 10
194.39
 20
687.89
 30
0.0
 11
181.29
 21
687.89
 31
0.0
  0
LINE
  5
F64
330
17
100
AcDbEntity
  8
LINES
100
AcDbLine
 10
183.02
 20
736.13
 30
0.0
 11
188.49
 21
736.13
 31
0.0
  0
LINE
  5
F65
330
17
100
AcDbEntity
  8
LINES
100
AcDbLine
 10
184.89
 20
690.77
 30
0.0
 11
184.89
 21
733.25
 31
0.0
  0
LINE
  5
F66
330
17
100
AcDbEntity
  8
LINES
100
AcDbLine
 10
262.36
 20
316.66
 30
0.0
 11
262.36
 21
304.56
 31
0.0
  0
LINE
  5
F67
330
17
100
AcDbEntity
  8
LINES
100
AcDbLine
 10
239.75
 20
316.66
 30
0.0
 11
239.75
 21
304.56
 31
0.0
  0
LINE
  5
F68
330
17
100
AcDbEntity
  8
LINES
100
AcDbLine
 10
259.63
 20
308.16
 30
0.0
 11
242.49
 21
308.16
 31
0.0
  0
LINE
  5
F69
330
17
100
AcDbEntity
  8
LINES
100
AcDbLine
 10
217.0
 20
316.66
 30
0.0
 11
217.0
 21
304.56
 31
0.0
  0
LINE
  5
F6A
330
17
100
AcDbEntity
  8
LINES
100
AcDbLine
 10
236.87
 20
308.16
 30
0.0
 11
219.88
 21
308.16
 31
0.0
  0
LINE
  5
F6B
330
17
100
AcDbEntity
  8
LINES
100
AcDbLine
 10
194.39
 20
316.66
 30
0.0
 11
194.39
 21
304.56
 31
0.0
  0
LINE
  5
F6C
330
17
100
AcDbEntity
  8
LINES
100
AcDbLine
 10
214.27
 20
308.16
 30
0.0
 11
197.13
 21
308.16
 31
0.0
  0
LINE
  5
F6D
330
17
100
AcDbEntity
  8
LINES
100
AcDbLine
 10
443.8
 20
319.39
 30
0.0
 11
466.55
 21
319.39
 31
0.0
  0
LINE
  5
F6E
330
17
100
AcDbEntity
  8
LINES
100
AcDbLine
 10
194.39
 20
344.88
 30
0.0
 11
187.19
 21
344.88
 31
0.0
  0
LINE
  5
F6F
330
17
100
AcDbEntity
  8
LINES
100
AcDbLine
 10
194.39
 20
316.66
 30
0.0
 11
187.19
 21
316.66
 31
0.0
  0
LINE
  5
F70
330
17
100
AcDbEntity
  8
LINES
100
AcDbLine
 10
190.79
 20
342.14
 30
0.0
 11
190.79
 21
319.39
 31
0.0
  0
LINE
  5
F71
330
17
100
AcDbEntity
  8
LINES
100
AcDbLine
 10
190.79
 20
344.88
 30
0.0
 11
187.19
 21
344.88
 31
0.0
  0
LINE
  5
F72
330
17
100
AcDbEntity
  8
LINES
100
AcDbLine
 10
188.63
 20
381.74
 30
0.0
 11
194.39
 21
381.74
 31
0.0
  0
LINE
  5
F73
330
17
100
AcDbEntity
  8
LINES
100
AcDbLine
 10
190.79
 20
347.76
 30
0.0
 11
190.79
 21
379.01
 31
0.0
  0
LINE
  5
F74
330
17
100
AcDbEntity
  8
LINES
100
AcDbLine
 10
466.55
 20
274.03
 30
0.0
 11
449.42
 21
274.03
 31
0.0
  0
LINE
  5
F75
330
17
100
AcDbEntity
  8
LINES
100
AcDbLine
 10
194.39
 20
687.89
 30
0.0
 11
194.39
 21
691.49
 31
0.0
  0
LINE
  5
F76
330
17
100
AcDbEntity
  8
LINES
100
AcDbLine
 10
146.15
 20
682.27
 30
0.0
 11
146.15
 21
691.49
 31
0.0
  0
LINE
  5
F77
330
17
100
AcDbEntity
  8
LINES
100
AcDbLine
 10
191.51
 20
687.89
 30
0.0
 11
149.03
 21
687.89
 31
0.0
  0
LINE
  5
F78
330
17
100
AcDbEntity
  8
LINES
100
AcDbLine
 10
146.87
 20
798.48
 30
0.0
 11
146.87
 21
798.48
 31
0.0
  0
LINE
  5
F79
330
17
100
AcDbEntity
  8
LINES
100
AcDbLine
 10
153.93
 20
798.48
 30
0.0
 11
153.93
 21
798.48
 31
0.0
  0
LINE
  5
F7A
330
17
100
AcDbEntity
  8
LINES
100
AcDbLine
 10
160.99
 20
798.48
 30
0.0
 11
160.99
 21
798.48
 31
0.0
  0
LINE
  5
F7B
330
17
100
AcDbEntity
  8
LINES
100
AcDbLine
 10
168.19
 20
798.48
 30
0.0
 11
168.19
 21
798.48
 31
0.0
  0
LINE
  5
F7C
330
17
100
AcDbEntity
  8
LINES
100
AcDbLine
 10
175.24
 20
798.48
 30
0.0
 11
175.24
 21
798.48
 31
0.0
  0
LINE
  5
F7D
330
17
100
AcDbEntity
  8
LINES
100
AcDbLine
 10
182.3
 20
798.48
 30
0.0
 11
182.3
 21
798.48
 31
0.0
  0
LINE
  5
F7E
330
17
100
AcDbEntity
  8
LINES
100
AcDbLine
 10
189.35
 20
798.48
 30
0.0
 11
189.35
 21
798.48
 31
0.0
  0
LINE
  5
F7F
330
17
100
AcDbEntity
  8
LINES
100
AcDbLine
 10
196.55
 20
798.48
 30
0.0
 11
196.55
 21
798.48
 31
0.0
  0
LINE
  5
F80
330
17
100
AcDbEntity
  8
LINES
100
AcDbLine
 10
203.61
 20
798.48
 30
0.0
 11
203.61
 21
798.48
 31
0.0
  0
LINE
  5
F81
330
17
100
AcDbEntity
  8
LINES
100
AcDbLine
 10
210.67
 20
798.48
 30
0.0
 11
210.67
 21
798.48
 31
0.0
  0
LINE
  5
F82
330
17
100
AcDbEntity
  8
LINES
100
AcDbLine
 10
217.72
 20
798.48
 30
0.0
 11
217.72
 21
798.48
 31
0.0
  0
LINE
  5
F83
330
17
100
AcDbEntity
  8
LINES
100
AcDbLine
 10
224.78
 20
798.48
 30
0.0
 11
224.78
 21
798.48
 31
0.0
  0
LINE
  5
F84
330
17
100
AcDbEntity
  8
LINES
100
AcDbLine
 10
231.98
 20
798.48
 30
0.0
 11
231.98
 21
798.48
 31
0.0
  0
LINE
  5
F85
330
17
100
AcDbEntity
  8
LINES
100
AcDbLine
 10
239.03
 20
798.48
 30
0.0
 11
239.03
 21
798.48
 31
0.0
  0
LINE
  5
F86
330
17
100
AcDbEntity
  8
LINES
100
AcDbLine
 10
246.09
 20
798.48
 30
0.0
 11
246.09
 21
798.48
 31
0.0
  0
LINE
  5
F87
330
17
100
AcDbEntity
  8
LINES
100
AcDbLine
 10
253.15
 20
798.48
 30
0.0
 11
253.15
 21
798.48
 31
0.0
  0
LINE
  5
F88
330
17
100
AcDbEntity
  8
LINES
100
AcDbLine
 10
260.2
 20
798.48
 30
0.0
 11
260.2
 21
798.48
 31
0.0
  0
LINE
  5
F89
330
17
100
AcDbEntity
  8
LINES
100
AcDbLine
 10
267.4
 20
798.48
 30
0.0
 11
267.4
 21
798.48
 31
0.0
  0
LINE
  5
F8A
330
17
100
AcDbEntity
  8
LINES
100
AcDbLine
 10
274.46
 20
798.48
 30
0.0
 11
274.46
 21
798.48
 31
0.0
  0
LINE
  5
F8B
330
17
100
AcDbEntity
  8
LINES
100
AcDbLine
 10
281.51
 20
798.48
 30
0.0
 11
281.51
 21
798.48
 31
0.0
  0
LINE
  5
F8C
330
17
100
AcDbEntity
  8
LINES
100
AcDbLine
 10
288.57
 20
798.48
 30
0.0
 11
288.57
 21
798.48
 31
0.0
  0
LINE
  5
F8D
330
17
100
AcDbEntity
  8
LINES
100
AcDbLine
 10
295.63
 20
798.48
 30
0.0
 11
295.63
 21
798.48
 31
0.0
  0
LINE
  5
F8E
330
17
100
AcDbEntity
  8
LINES
100
AcDbLine
 10
302.83
 20
798.48
 30
0.0
 11
302.83
 21
798.48
 31
0.0
  0
LINE
  5
F8F
330
17
100
AcDbEntity
  8
LINES
100
AcDbLine
 10
309.88
 20
798.48
 30
0.0
 11
309.88
 21
798.48
 31
0.0
  0
LINE
  5
F90
330
17
100
AcDbEntity
  8
LINES
100
AcDbLine
 10
316.94
 20
798.48
 30
0.0
 11
316.94
 21
798.48
 31
0.0
  0
LINE
  5
F91
330
17
100
AcDbEntity
  8
LINES
100
AcDbLine
 10
140.54
 20
798.48
 30
0.0
 11
145.15
 21
798.48
 31
0.0
  0
LINE
  5
F92
330
17
100
AcDbEntity
  8
LINES
100
AcDbLine
 10
148.6
 20
798.48
 30
0.0
 11
152.2
 21
798.48
 31
0.0
  0
LINE
  5
F93
330
17
100
AcDbEntity
  8
LINES
100
AcDbLine
 10
155.8
 20
798.48
 30
0.0
 11
159.26
 21
798.48
 31
0.0
  0
LINE
  5
F94
330
17
100
AcDbEntity
  8
LINES
100
AcDbLine
 10
162.86
 20
798.48
 30
0.0
 11
166.31
 21
798.48
 31
0.0
  0
LINE
  5
F95
330
17
100
AcDbEntity
  8
LINES
100
AcDbLine
 10
169.91
 20
798.48
 30
0.0
 11
173.51
 21
798.48
 31
0.0
  0
LINE
  5
F96
330
17
100
AcDbEntity
  8
LINES
100
AcDbLine
 10
176.97
 20
798.48
 30
0.0
 11
180.57
 21
798.48
 31
0.0
  0
LINE
  5
F97
330
17
100
AcDbEntity
  8
LINES
100
AcDbLine
 10
184.03
 20
798.48
 30
0.0
 11
187.63
 21
798.48
 31
0.0
  0
LINE
  5
F98
330
17
100
AcDbEntity
  8
LINES
100
AcDbLine
 10
191.23
 20
798.48
 30
0.0
 11
194.68
 21
798.48
 31
0.0
  0
LINE
  5
F99
330
17
100
AcDbEntity
  8
LINES
100
AcDbLine
 10
198.28
 20
798.48
 30
0.0
 11
201.74
 21
798.48
 31
0.0
  0
LINE
  5
F9A
330
17
100
AcDbEntity
  8
LINES
100
AcDbLine
 10
205.34
 20
798.48
 30
0.0
 11
208.94
 21
798.48
 31
0.0
  0
LINE
  5
F9B
330
17
100
AcDbEntity
  8
LINES
100
AcDbLine
 10
212.39
 20
798.48
 30
0.0
 11
215.99
 21
798.48
 31
0.0
  0
LINE
  5
F9C
330
17
100
AcDbEntity
  8
LINES
100
AcDbLine
 10
219.45
 20
798.48
 30
0.0
 11
223.05
 21
798.48
 31
0.0
  0
LINE
  5
F9D
330
17
100
AcDbEntity
  8
LINES
100
AcDbLine
 10
226.65
 20
798.48
 30
0.0
 11
230.11
 21
798.48
 31
0.0
  0
LINE
  5
F9E
330
17
100
AcDbEntity
  8
LINES
100
AcDbLine
 10
233.71
 20
798.48
 30
0.0
 11
237.16
 21
798.48
 31
0.0
  0
LINE
  5
F9F
330
17
100
AcDbEntity
  8
LINES
100
AcDbLine
 10
240.76
 20
798.48
 30
0.0
 11
244.36
 21
798.48
 31
0.0
  0
LINE
  5
FA0
330
17
100
AcDbEntity
  8
LINES
100
AcDbLine
 10
247.82
 20
798.48
 30
0.0
 11
251.42
 21
798.48
 31
0.0
  0
LINE
  5
FA1
330
17
100
AcDbEntity
  8
LINES
100
AcDbLine
 10
255.02
 20
798.48
 30
0.0
 11
258.47
 21
798.48
 31
0.0
  0
LINE
  5
FA2
330
17
100
AcDbEntity
  8
LINES
100
AcDbLine
 10
262.07
 20
798.48
 30
0.0
 11
265.53
 21
798.48
 31
0.0
  0
LINE
  5
FA3
330
17
100
AcDbEntity
  8
LINES
100
AcDbLine
 10
269.13
 20
798.48
 30
0.0
 11
272.73
 21
798.48
 31
0.0
  0
LINE
  5
FA4
330
17
100
AcDbEntity
  8
LINES
100
AcDbLine
 10
276.19
 20
798.48
 30
0.0
 11
279.79
 21
798.48
 31
0.0
  0
LINE
  5
FA5
330
17
100
AcDbEntity
  8
LINES
100
AcDbLine
 10
283.24
 20
798.48
 30
0.0
 11
286.84
 21
798.48
 31
0.0
  0
LINE
  5
FA6
330
17
100
AcDbEntity
  8
LINES
100
AcDbLine
 10
290.44
 20
798.48
 30
0.0
 11
293.9
 21
798.48
 31
0.0
  0
LINE
  5
FA7
330
17
100
AcDbEntity
  8
LINES
100
AcDbLine
 10
297.5
 20
798.48
 30
0.0
 11
300.95
 21
798.48
 31
0.0
  0
LINE
  5
FA8
330
17
100
AcDbEntity
  8
LINES
100
AcDbLine
 10
304.55
 20
798.48
 30
0.0
 11
308.15
 21
798.48
 31
0.0
  0
LINE
  5
FA9
330
17
100
AcDbEntity
  8
LINES
100
AcDbLine
 10
311.61
 20
798.48
 30
0.0
 11
315.21
 21
798.48
 31
0.0
  0
LINE
  5
FAA
330
17
100
AcDbEntity
  8
LINES
100
AcDbLine
 10
318.67
 20
798.48
 30
0.0
 11
323.27
 21
798.48
 31
0.0
  0
LINE
  5
FAB
330
17
100
AcDbEntity
  8
LINES
100
AcDbLine
 10
421.19
 20
319.39
 30
0.0
 11
443.8
 21
319.39
 31
0.0
  0
LINE
  5
FAC
330
17
100
AcDbEntity
  8
LINES
100
AcDbLine
 10
398.44
 20
319.39
 30
0.0
 11
421.19
 21
319.39
 31
0.0
  0
LINE
  5
FAD
330
17
100
AcDbEntity
  8
LINES
100
AcDbLine
 10
285.11
 20
628.42
 30
0.0
 11
466.55
 21
628.42
 31
0.0
  0
LINE
  5
FAE
330
17
100
AcDbEntity
  8
LINES
100
AcDbLine
 10
358.7
 20
557.57
 30
0.0
 11
381.45
 21
557.57
 31
0.0
  0
LINE
  5
FAF
330
17
100
AcDbEntity
  8
LINES
100
AcDbLine
 10
415.43
 20
396.0
 30
0.0
 11
466.55
 21
396.0
 31
0.0
  0
LINE
  5
FB0
330
17
100
AcDbEntity
  8
LINES
100
AcDbLine
 10
262.36
 20
319.39
 30
0.0
 11
194.39
 21
319.39
 31
0.0
  0
LINE
  5
FB1
330
17
100
AcDbEntity
  8
LINES
100
AcDbLine
 10
665.99
 20
388.8
 30
0.0
 11
665.99
 21
383.9
 31
0.0
  0
LINE
  5
FB2
330
17
100
AcDbEntity
  8
LINES
100
AcDbLine
 10
664.41
 20
387.5
 30
0.0
 11
667.58
 21
385.06
 31
0.0
  0
LINE
  5
FB3
330
17
100
AcDbEntity
  8
LINES
100
AcDbLine
 10
667.58
 20
387.5
 30
0.0
 11
664.41
 21
385.06
 31
0.0
  0
LINE
  5
FB4
330
17
100
AcDbEntity
  8
LINES
100
AcDbLine
 10
665.99
 20
340.27
 30
0.0
 11
665.99
 21
335.38
 31
0.0
  0
LINE
  5
FB5
330
17
100
AcDbEntity
  8
LINES
100
AcDbLine
 10
664.41
 20
339.12
 30
0.0
 11
667.72
 21
336.67
 31
0.0
  0
LINE
  5
FB6
330
17
100
AcDbEntity
  8
LINES
100
AcDbLine
 10
667.72
 20
339.12
 30
0.0
 11
664.41
 21
336.67
 31
0.0
  0
LINE
  5
FB7
330
17
100
AcDbEntity
  8
LINES
100
AcDbLine
 10
665.99
 20
316.51
 30
0.0
 11
665.99
 21
311.76
 31
0.0
  0
LINE
  5
FB8
330
17
100
AcDbEntity
  8
LINES
100
AcDbLine
 10
664.41
 20
315.36
 30
0.0
 11
667.72
 21
312.91
 31
0.0
  0
LINE
  5
FB9
330
17
100
AcDbEntity
  8
LINES
100
AcDbLine
 10
667.72
 20
315.36
 30
0.0
 11
664.41
 21
312.91
 31
0.0
  0
LINE
  5
FBA
330
17
100
AcDbEntity
  8
LINES
100
AcDbLine
 10
665.99
 20
295.06
 30
0.0
 11
665.99
 21
290.3
 31
0.0
  0
LINE
  5
FBB
330
17
100
AcDbEntity
  8
LINES
100
AcDbLine
 10
664.41
 20
293.9
 30
0.0
 11
667.72
 21
291.46
 31
0.0
  0
LINE
  5
FBC
330
17
100
AcDbEntity
  8
LINES
100
AcDbLine
 10
667.72
 20
293.9
 30
0.0
 11
664.41
 21
291.46
 31
0.0
  0
LINE
  5
FBD
330
17
100
AcDbEntity
  8
LINES
100
AcDbLine
 10
665.99
 20
235.87
 30
0.0
 11
665.99
 21
231.12
 31
0.0
  0
LINE
  5
FBE
330
17
100
AcDbEntity
  8
LINES
100
AcDbLine
 10
664.41
 20
234.72
 30
0.0
 11
667.72
 21
232.27
 31
0.0
  0
LINE
  5
FBF
330
17
100
AcDbEntity
  8
LINES
100
AcDbLine
 10
667.72
 20
234.72
 30
0.0
 11
664.41
 21
232.27
 31
0.0
  0
LINE
  5
FC0
330
17
100
AcDbEntity
  8
LINES
100
AcDbLine
 10
665.99
 20
263.23
 30
0.0
 11
665.99
 21
258.34
 31
0.0
  0
LINE
  5
FC1
330
17
100
AcDbEntity
  8
LINES
100
AcDbLine
 10
664.41
 20
262.08
 30
0.0
 11
667.58
 21
259.63
 31
0.0
  0
LINE
  5
FC2
330
17
100
AcDbEntity
  8
LINES
100
AcDbLine
 10
667.58
 20
262.08
 30
0.0
 11
664.41
 21
259.63
 31
0.0
  0
LINE
  5
FC3
330
17
100
AcDbEntity
  8
LINES
100
AcDbLine
 10
664.99
 20
214.7
 30
0.0
 11
664.99
 21
209.81
 31
0.0
  0
LINE
  5
FC4
330
17
100
AcDbEntity
  8
LINES
100
AcDbLine
 10
663.4
 20
213.55
 30
0.0
 11
666.57
 21
211.1
 31
0.0
  0
LINE
  5
FC5
330
17
100
AcDbEntity
  8
LINES
100
AcDbLine
 10
666.57
 20
213.55
 30
0.0
 11
663.4
 21
211.1
 31
0.0
  0
LINE
  5
FC6
330
17
100
AcDbEntity
  8
LINES
100
AcDbLine
 10
555.55
 20
118.94
 30
0.0
 11
555.55
 21
45.22
 31
0.0
  0
LINE
  5
FC7
330
17
100
AcDbEntity
  8
LINES
100
AcDbLine
 10
626.39
 20
118.8
 30
0.0
 11
626.39
 21
45.22
 31
0.0
  0
LINE
  5
FC8
330
17
100
AcDbEntity
  8
LINES
100
AcDbLine
 10
512.92
 20
62.21
 30
0.0
 11
668.87
 21
62.21
 31
0.0
  0
LINE
  5
FC9
330
17
100
AcDbEntity
  8
LINES
100
AcDbLine
 10
512.92
 20
79.2
 30
0.0
 11
668.87
 21
79.2
 31
0.0
  0
LINE
  5
FCA
330
17
100
AcDbEntity
  8
LINES
100
AcDbLine
 10
512.92
 20
96.19
 30
0.0
 11
668.87
 21
96.19
 31
0.0
  0
LINE
  5
FCB
330
17
100
AcDbEntity
  8
LINES
100
AcDbLine
 10
924.04
 20
96.34
 30
0.0
 11
668.87
 21
96.34
 31
0.0
  0
LINE
  5
FCC
330
17
100
AcDbEntity
  8
LINES
100
AcDbLine
 10
668.87
 20
121.82
 30
0.0
 11
1179.07
 21
121.82
 31
0.0
  0
LINE
  5
FCD
330
17
100
AcDbEntity
  8
LINES
100
AcDbLine
 10
935.13
 20
70.7
 30
0.0
 11
1179.07
 21
70.7
 31
0.0
  0
LINE
  5
FCE
330
17
100
AcDbEntity
  8
LINES
100
AcDbLine
 10
725.61
 20
45.36
 30
0.0
 11
725.61
 21
121.82
 31
0.0
  0
LINE
  5
FCF
330
17
100
AcDbEntity
  8
LINES
100
AcDbLine
 10
924.04
 20
158.69
 30
0.0
 11
924.04
 21
45.36
 31
0.0
  0
LINE
  5
FD0
330
17
100
AcDbEntity
  8
LINES
100
AcDbLine
 10
853.19
 20
45.36
 30
0.0
 11
853.19
 21
121.82
 31
0.0
  0
LINE
  5
FD1
330
17
100
AcDbEntity
  8
LINES
100
AcDbLine
 10
796.46
 20
121.82
 30
0.0
 11
796.46
 21
45.36
 31
0.0
  0
LINE
  5
FD2
330
17
100
AcDbEntity
  8
LINES
100
AcDbLine
 10
966.52
 20
45.22
 30
0.0
 11
966.52
 21
70.7
 31
0.0
  0
LINE
  5
FD3
330
17
100
AcDbEntity
  8
LINES
100
AcDbLine
 10
935.13
 20
70.7
 30
0.0
 11
668.87
 21
70.7
 31
0.0
  0
LINE
  5
FD4
330
17
100
AcDbEntity
  8
LINES
100
AcDbLine
 10
1122.47
 20
121.82
 30
0.0
 11
1122.47
 21
158.83
 31
0.0
  0
LINE
  5
FD5
330
17
100
AcDbEntity
  8
LINES
100
AcDbLine
 10
196.99
 20
134.64
 30
0.0
 11
219.88
 21
134.64
 31
0.0
  0
LINE
  5
FD6
330
17
100
AcDbEntity
  8
LINES
100
AcDbLine
 10
430.84
 20
135.36
 30
0.0
 11
453.59
 21
135.36
 31
0.0
  0
LINE
  5
FD7
330
17
100
AcDbEntity
  8
LINES
100
AcDbLine
 10
313.91
 20
134.64
 30
0.0
 11
336.81
 21
134.64
 31
0.0
  0
LWPOLYLINE
  5
FD8
330
17
100
AcDbEntity
  8
RECTS
100
AcDbPolyline
 90
4
 70
0
 10
137.66
 20
193.25
 10
154.65
 20
193.25
 10
154.65
 20
179.14
 10
137.66
 20
179.14
  0
LWPOLYLINE
  5
FD9
330
17
100
AcDbEntity
  8
RECTS
100
AcDbPolyline
 90
4
 70
0
 10
139.1
 20
191.81
 10
153.21
 20
191.81
 10
153.21
 20
180.58
 10
139.1
 20
180.58
  0
LWPOLYLINE
  5
FDA
330
17
100
AcDbEntity
  8
RECTS
100
AcDbPolyline
 90
4
 70
0
 10
506.15
 20
193.25
 10
523.15
 20
193.25
 10
523.15
 20
179.14
 10
506.15
 20
179.14
  0
LWPOLYLINE
  5
FDB
330
17
100
AcDbEntity
  8
RECTS
100
AcDbPolyline
 90
4
 70
0
 10
507.59
 20
191.81
 10
521.71
 20
191.81
 10
521.71
 20
180.58
 10
507.59
 20
180.58
  0
LWPOLYLINE
  5
FDC
330
17
100
AcDbEntity
  8
RECTS
100
AcDbPolyline
 90
4
 70
0
 10
309.16
 20
804.1
 10
323.27
 20
804.1
 10
323.27
 20
792.86
 10
309.16
 20
792.86
  0
LWPOLYLINE
  5
FDD
330
17
100
AcDbEntity
  8
RECTS
100
AcDbPolyline
 90
4
 70
0
 10
309.16
 20
211.68
 10
323.27
 20
211.68
 10
323.27
 20
201.74
 10
309.16
 20
201.74
  0
LWPOLYLINE
  5
FDE
330
17
100
AcDbEntity
  8
RECTS
100
AcDbPolyline
 90
4
 70
0
 10
432.43
 20
753.12
 10
449.42
 20
753.12
 10
449.42
 20
724.75
 10
432.43
 20
724.75
  0
LWPOLYLINE
  5
FDF
330
17
100
AcDbEntity
  8
RECTS
100
AcDbPolyline
 90
4
 70
0
 10
449.42
 20
753.12
 10
466.55
 20
753.12
 10
466.55
 20
724.75
 10
449.42
 20
724.75
  0
LWPOLYLINE
  5
FE0
330
17
100
AcDbEntity
  8
RECTS
100
AcDbPolyline
 90
4
 70
0
 10
364.46
 20
753.12
 10
381.45
 20
753.12
 10
381.45
 20
736.13
 10
364.46
 20
736.13
  0
LWPOLYLINE
  5
FE1
330
17
100
AcDbEntity
  8
RECTS
100
AcDbPolyline
 90
4
 70
0
 10
347.47
 20
753.12
 10
364.46
 20
753.12
 10
364.46
 20
736.13
 10
347.47
 20
736.13
  0
LWPOLYLINE
  5
FE2
330
17
100
AcDbEntity
  8
RECTS
100
AcDbPolyline
 90
4
 70
0
 10
330.47
 20
753.12
 10
347.47
 20
753.12
 10
347.47
 20
736.13
 10
330.47
 20
736.13
  0
LWPOLYLINE
  5
FE3
330
17
100
AcDbEntity
  8
RECTS
100
AcDbPolyline
 90
4
 70
0
 10
290.73
 20
753.12
 10
313.48
 20
753.12
 10
313.48
 20
736.13
 10
290.73
 20
736.13
  0
LWPOLYLINE
  5
FE4
330
17
100
AcDbEntity
  8
RECTS
100
AcDbPolyline
 90
4
 70
0
 10
273.74
 20
753.12
 10
290.73
 20
753.12
 10
290.73
 20
736.13
 10
273.74
 20
736.13
  0
LWPOLYLINE
  5
FE5
330
17
100
AcDbEntity
  8
RECTS
100
AcDbPolyline
 90
4
 70
0
 10
256.75
 20
753.12
 10
273.74
 20
753.12
 10
273.74
 20
736.13
 10
256.75
 20
736.13
  0
LWPOLYLINE
  5
FE6
330
17
100
AcDbEntity
  8
RECTS
100
AcDbPolyline
 90
4
 70
0
 10
239.75
 20
753.12
 10
256.75
 20
753.12
 10
256.75
 20
736.13
 10
239.75
 20
736.13
  0
LWPOLYLINE
  5
FE7
330
17
100
AcDbEntity
  8
RECTS
100
AcDbPolyline
 90
4
 70
0
 10
222.76
 20
753.12
 10
239.75
 20
753.12
 10
239.75
 20
736.13
 10
222.76
 20
736.13
  0
LWPOLYLINE
  5
FE8
330
17
100
AcDbEntity
  8
RECTS
100
AcDbPolyline
 90
4
 70
0
 10
205.63
 20
753.12
 10
222.76
 20
753.12
 10
222.76
 20
736.13
 10
205.63
 20
736.13
  0
LWPOLYLINE
  5
FE9
330
17
100
AcDbEntity
  8
RECTS
100
AcDbPolyline
 90
4
 70
0
 10
188.63
 20
753.12
 10
205.63
 20
753.12
 10
205.63
 20
736.13
 10
188.63
 20
736.13
  0
LWPOLYLINE
  5
FEA
330
17
100
AcDbEntity
  8
RECTS
100
AcDbPolyline
 90
4
 70
0
 10
415.43
 20
753.12
 10
432.43
 20
753.12
 10
432.43
 20
724.75
 10
415.43
 20
724.75
  0
LWPOLYLINE
  5
FEB
330
17
100
AcDbEntity
  8
RECTS
100
AcDbPolyline
 90
4
 70
0
 10
194.39
 20
687.89
 10
217.0
 20
687.89
 10
217.0
 20
670.9
 10
194.39
 20
670.9
  0
LWPOLYLINE
  5
FEC
330
17
100
AcDbEntity
  8
RECTS
100
AcDbPolyline
 90
4
 70
0
 10
217.0
 20
687.89
 10
239.75
 20
687.89
 10
239.75
 20
670.9
 10
217.0
 20
670.9
  0
LWPOLYLINE
  5
FED
330
17
100
AcDbEntity
  8
RECTS
100
AcDbPolyline
 90
4
 70
0
 10
239.75
 20
687.89
 10
262.36
 20
687.89
 10
262.36
 20
670.9
 10
239.75
 20
670.9
  0
LWPOLYLINE
  5
FEE
330
17
100
AcDbEntity
  8
RECTS
100
AcDbPolyline
 90
4
 70
0
 10
262.36
 20
687.89
 10
285.11
 20
687.89
 10
285.11
 20
670.9
 10
262.36
 20
670.9
  0
LWPOLYLINE
  5
FEF
330
17
100
AcDbEntity
  8
RECTS
100
AcDbPolyline
 90
4
 70
0
 10
285.11
 20
687.89
 10
307.72
 20
687.89
 10
307.72
 20
670.9
 10
285.11
 20
670.9
  0
LWPOLYLINE
  5
FF0
330
17
100
AcDbEntity
  8
RECTS
100
AcDbPolyline
 90
4
 70
0
 10
307.72
 20
687.89
 10
330.47
 20
687.89
 10
330.47
 20
670.9
 10
307.72
 20
670.9
  0
LWPOLYLINE
  5
FF1
330
17
100
AcDbEntity
  8
RECTS
100
AcDbPolyline
 90
4
 70
0
 10
330.47
 20
687.89
 10
353.08
 20
687.89
 10
353.08
 20
670.9
 10
330.47
 20
670.9
  0
LWPOLYLINE
  5
FF2
330
17
100
AcDbEntity
  8
RECTS
100
AcDbPolyline
 90
4
 70
0
 10
353.08
 20
687.89
 10
375.83
 20
687.89
 10
375.83
 20
670.9
 10
353.08
 20
670.9
  0
LWPOLYLINE
  5
FF3
330
17
100
AcDbEntity
  8
RECTS
100
AcDbPolyline
 90
4
 70
0
 10
375.83
 20
687.89
 10
398.44
 20
687.89
 10
398.44
 20
670.9
 10
375.83
 20
670.9
  0
LWPOLYLINE
  5
FF4
330
17
100
AcDbEntity
  8
RECTS
100
AcDbPolyline
 90
4
 70
0
 10
398.44
 20
687.89
 10
421.19
 20
687.89
 10
421.19
 20
670.9
 10
398.44
 20
670.9
  0
LWPOLYLINE
  5
FF5
330
17
100
AcDbEntity
  8
RECTS
100
AcDbPolyline
 90
4
 70
0
 10
421.19
 20
687.89
 10
443.8
 20
687.89
 10
443.8
 20
670.9
 10
421.19
 20
670.9
  0
LWPOLYLINE
  5
FF6
330
17
100
AcDbEntity
  8
RECTS
100
AcDbPolyline
 90
4
 70
0
 10
443.8
 20
687.89
 10
466.55
 20
687.89
 10
466.55
 20
670.9
 10
443.8
 20
670.9
  0
LWPOLYLINE
  5
FF7
330
17
100
AcDbEntity
  8
RECTS
100
AcDbPolyline
 90
4
 70
0
 10
194.39
 20
398.74
 10
211.39
 20
398.74
 10
211.39
 20
381.74
 10
194.39
 20
381.74
  0
LWPOLYLINE
  5
FF8
330
17
100
AcDbEntity
  8
RECTS
100
AcDbPolyline
 90
4
 70
0
 10
211.39
 20
398.74
 10
228.38
 20
398.74
 10
228.38
 20
381.74
 10
211.39
 20
381.74
  0
LWPOLYLINE
  5
FF9
330
17
100
AcDbEntity
  8
RECTS
100
AcDbPolyline
 90
4
 70
0
 10
228.38
 20
398.74
 10
245.37
 20
398.74
 10
245.37
 20
381.74
 10
228.38
 20
381.74
  0
LWPOLYLINE
  5
FFA
330
17
100
AcDbEntity
  8
RECTS
100
AcDbPolyline
 90
4
 70
0
 10
245.37
 20
398.74
 10
262.36
 20
398.74
 10
262.36
 20
381.74
 10
245.37
 20
381.74
  0
LWPOLYLINE
  5
FFB
330
17
100
AcDbEntity
  8
RECTS
100
AcDbPolyline
 90
4
 70
0
 10
262.36
 20
398.74
 10
279.35
 20
398.74
 10
279.35
 20
381.74
 10
262.36
 20
381.74
  0
LWPOLYLINE
  5
FFC
330
17
100
AcDbEntity
  8
RECTS
100
AcDbPolyline
 90
4
 70
0
 10
279.35
 20
398.74
 10
296.35
 20
398.74
 10
296.35
 20
381.74
 10
279.35
 20
381.74
  0
LWPOLYLINE
  5
FFD
330
17
100
AcDbEntity
  8
RECTS
100
AcDbPolyline
 90
4
 70
0
 10
296.35
 20
398.74
 10
313.48
 20
398.74
 10
313.48
 20
381.74
 10
296.35
 20
381.74
  0
LWPOLYLINE
  5
FFE
330
17
100
AcDbEntity
  8
RECTS
100
AcDbPolyline
 90
4
 70
0
 10
313.48
 20
398.74
 10
330.47
 20
398.74
 10
330.47
 20
381.74
 10
313.48
 20
381.74
  0
LWPOLYLINE
  5
FFF
330
17
100
AcDbEntity
  8
RECTS
100
AcDbPolyline
 90
4
 70
0
 10
330.47
 20
398.74
 10
347.47
 20
398.74
 10
347.47
 20
381.74
 10
330.47
 20
381.74
  0
LWPOLYLINE
  5
1000
330
17
100
AcDbEntity
  8
RECTS
100
AcDbPolyline
 90
4
 70
0
 10
347.47
 20
398.74
 10
364.46
 20
398.74
 10
364.46
 20
381.74
 10
347.47
 20
381.74
  0
LWPOLYLINE
  5
1001
330
17
100
AcDbEntity
  8
RECTS
100
AcDbPolyline
 90
4
 70
0
 10
364.46
 20
398.74
 10
381.45
 20
398.74
 10
381.45
 20
381.74
 10
364.46
 20
381.74
  0
LWPOLYLINE
  5
1002
330
17
100
AcDbEntity
  8
RECTS
100
AcDbPolyline
 90
4
 70
0
 10
381.45
 20
398.74
 10
398.44
 20
398.74
 10
398.44
 20
381.74
 10
381.45
 20
381.74
  0
LWPOLYLINE
  5
1003
330
17
100
AcDbEntity
  8
RECTS
100
AcDbPolyline
 90
4
 70
0
 10
398.44
 20
398.74
 10
415.43
 20
398.74
 10
415.43
 20
381.74
 10
398.44
 20
381.74
  0
LWPOLYLINE
  5
1004
330
17
100
AcDbEntity
  8
RECTS
100
AcDbPolyline
 90
4
 70
0
 10
449.42
 20
455.47
 10
466.55
 20
455.47
 10
466.55
 20
438.48
 10
449.42
 20
438.48
  0
LWPOLYLINE
  5
1005
330
17
100
AcDbEntity
  8
RECTS
100
AcDbPolyline
 90
4
 70
0
 10
432.43
 20
455.47
 10
449.42
 20
455.47
 10
449.42
 20
438.48
 10
432.43
 20
438.48
  0
LWPOLYLINE
  5
1006
330
17
100
AcDbEntity
  8
RECTS
100
AcDbPolyline
 90
4
 70
0
 10
415.43
 20
455.47
 10
432.43
 20
455.47
 10
432.43
 20
438.48
 10
415.43
 20
438.48
  0
LWPOLYLINE
  5
1007
330
17
100
AcDbEntity
  8
RECTS
100
AcDbPolyline
 90
4
 70
0
 10
398.44
 20
455.47
 10
415.43
 20
455.47
 10
415.43
 20
438.48
 10
398.44
 20
438.48
  0
LWPOLYLINE
  5
1008
330
17
100
AcDbEntity
  8
RECTS
100
AcDbPolyline
 90
4
 70
0
 10
381.45
 20
455.47
 10
398.44
 20
455.47
 10
398.44
 20
438.48
 10
381.45
 20
438.48
  0
LWPOLYLINE
  5
1009
330
17
100
AcDbEntity
  8
RECTS
100
AcDbPolyline
 90
4
 70
0
 10
364.46
 20
455.47
 10
381.45
 20
455.47
 10
381.45
 20
438.48
 10
364.46
 20
438.48
  0
LWPOLYLINE
  5
100A
330
17
100
AcDbEntity
  8
RECTS
100
AcDbPolyline
 90
4
 70
0
 10
347.47
 20
455.47
 10
364.46
 20
455.47
 10
364.46
 20
438.48
 10
347.47
 20
438.48
  0
LWPOLYLINE
  5
100B
330
17
100
AcDbEntity
  8
RECTS
100
AcDbPolyline
 90
4
 70
0
 10
330.47
 20
455.47
 10
347.47
 20
455.47
 10
347.47
 20
438.48
 10
330.47
 20
438.48
  0
LWPOLYLINE
  5
100C
330
17
100
AcDbEntity
  8
RECTS
100
AcDbPolyline
 90
4
 70
0
 10
313.48
 20
455.47
 10
330.47
 20
455.47
 10
330.47
 20
438.48
 10
313.48
 20
438.48
  0
LWPOLYLINE
  5
100D
330
17
100
AcDbEntity
  8
RECTS
100
AcDbPolyline
 90
4
 70
0
 10
296.35
 20
455.47
 10
313.48
 20
455.47
 10
313.48
 20
438.48
 10
296.35
 20
438.48
  0
LWPOLYLINE
  5
100E
330
17
100
AcDbEntity
  8
RECTS
100
AcDbPolyline
 90
4
 70
0
 10
279.35
 20
455.47
 10
296.35
 20
455.47
 10
296.35
 20
438.48
 10
279.35
 20
438.48
  0
LWPOLYLINE
  5
100F
330
17
100
AcDbEntity
  8
RECTS
100
AcDbPolyline
 90
4
 70
0
 10
262.36
 20
455.47
 10
279.35
 20
455.47
 10
279.35
 20
438.48
 10
262.36
 20
438.48
  0
LWPOLYLINE
  5
1010
330
17
100
AcDbEntity
  8
RECTS
100
AcDbPolyline
 90
4
 70
0
 10
245.37
 20
455.47
 10
262.36
 20
455.47
 10
262.36
 20
438.48
 10
245.37
 20
438.48
  0
LWPOLYLINE
  5
1011
330
17
100
AcDbEntity
  8
RECTS
100
AcDbPolyline
 90
4
 70
0
 10
228.38
 20
455.47
 10
245.37
 20
455.47
 10
245.37
 20
438.48
 10
228.38
 20
438.48
  0
LWPOLYLINE
  5
1012
330
17
100
AcDbEntity
  8
RECTS
100
AcDbPolyline
 90
4
 70
0
 10
211.39
 20
455.47
 10
228.38
 20
455.47
 10
228.38
 20
438.48
 10
211.39
 20
438.48
  0
LWPOLYLINE
  5
1013
330
17
100
AcDbEntity
  8
RECTS
100
AcDbPolyline
 90
4
 70
0
 10
194.39
 20
455.47
 10
211.39
 20
455.47
 10
211.39
 20
438.48
 10
194.39
 20
438.48
  0
LWPOLYLINE
  5
1014
330
17
100
AcDbEntity
  8
RECTS
100
AcDbPolyline
 90
4
 70
0
 10
381.45
 20
333.65
 10
398.44
 20
333.65
 10
398.44
 20
316.66
 10
381.45
 20
316.66
  0
LWPOLYLINE
  5
1015
330
17
100
AcDbEntity
  8
RECTS
100
AcDbPolyline
 90
4
 70
0
 10
364.46
 20
333.65
 10
381.45
 20
333.65
 10
381.45
 20
316.66
 10
364.46
 20
316.66
  0
LWPOLYLINE
  5
1016
330
17
100
AcDbEntity
  8
RECTS
100
AcDbPolyline
 90
4
 70
0
 10
347.47
 20
333.65
 10
364.46
 20
333.65
 10
364.46
 20
316.66
 10
347.47
 20
316.66
  0
LWPOLYLINE
  5
1017
330
17
100
AcDbEntity
  8
RECTS
100
AcDbPolyline
 90
4
 70
0
 10
330.47
 20
333.65
 10
347.47
 20
333.65
 10
347.47
 20
316.66
 10
330.47
 20
316.66
  0
LWPOLYLINE
  5
1018
330
17
100
AcDbEntity
  8
RECTS
100
AcDbPolyline
 90
4
 70
0
 10
313.48
 20
333.65
 10
330.47
 20
333.65
 10
330.47
 20
316.66
 10
313.48
 20
316.66
  0
LWPOLYLINE
  5
1019
330
17
100
AcDbEntity
  8
RECTS
100
AcDbPolyline
 90
4
 70
0
 10
296.35
 20
333.65
 10
313.48
 20
333.65
 10
313.48
 20
316.66
 10
296.35
 20
316.66
  0
LWPOLYLINE
  5
101A
330
17
100
AcDbEntity
  8
RECTS
100
AcDbPolyline
 90
4
 70
0
 10
279.35
 20
333.65
 10
296.35
 20
333.65
 10
296.35
 20
316.66
 10
279.35
 20
316.66
  0
LWPOLYLINE
  5
101B
330
17
100
AcDbEntity
  8
RECTS
100
AcDbPolyline
 90
4
 70
0
 10
262.36
 20
333.65
 10
279.35
 20
333.65
 10
279.35
 20
316.66
 10
262.36
 20
316.66
  0
LWPOLYLINE
  5
101C
330
17
100
AcDbEntity
  8
RECTS
100
AcDbPolyline
 90
4
 70
0
 10
262.36
 20
631.3
 10
285.11
 20
631.3
 10
285.11
 20
614.16
 10
262.36
 20
614.16
  0
LWPOLYLINE
  5
101D
330
17
100
AcDbEntity
  8
RECTS
100
AcDbPolyline
 90
4
 70
0
 10
449.42
 20
571.68
 10
466.55
 20
571.68
 10
466.55
 20
554.69
 10
449.42
 20
554.69
  0
LWPOLYLINE
  5
101E
330
17
100
AcDbEntity
  8
RECTS
100
AcDbPolyline
 90
4
 70
0
 10
432.43
 20
571.68
 10
449.42
 20
571.68
 10
449.42
 20
554.69
 10
432.43
 20
554.69
  0
LWPOLYLINE
  5
101F
330
17
100
AcDbEntity
  8
RECTS
100
AcDbPolyline
 90
4
 70
0
 10
415.43
 20
571.68
 10
432.43
 20
571.68
 10
432.43
 20
554.69
 10
415.43
 20
554.69
  0
LWPOLYLINE
  5
1020
330
17
100
AcDbEntity
  8
RECTS
100
AcDbPolyline
 90
4
 70
0
 10
398.44
 20
571.68
 10
415.43
 20
571.68
 10
415.43
 20
554.69
 10
398.44
 20
554.69
  0
LWPOLYLINE
  5
1021
330
17
100
AcDbEntity
  8
RECTS
100
AcDbPolyline
 90
4
 70
0
 10
381.45
 20
571.68
 10
398.44
 20
571.68
 10
398.44
 20
554.69
 10
381.45
 20
554.69
  0
LWPOLYLINE
  5
1022
330
17
100
AcDbEntity
  8
RECTS
100
AcDbPolyline
 90
4
 70
0
 10
358.7
 20
571.68
 10
381.45
 20
571.68
 10
381.45
 20
554.69
 10
358.7
 20
554.69
  0
LWPOLYLINE
  5
1023
330
17
100
AcDbEntity
  8
RECTS
100
AcDbPolyline
 90
4
 70
0
 10
341.71
 20
571.68
 10
358.7
 20
571.68
 10
358.7
 20
554.69
 10
341.71
 20
554.69
  0
LWPOLYLINE
  5
1024
330
17
100
AcDbEntity
  8
RECTS
100
AcDbPolyline
 90
4
 70
0
 10
324.71
 20
571.68
 10
341.71
 20
571.68
 10
341.71
 20
554.69
 10
324.71
 20
554.69
  0
LWPOLYLINE
  5
1025
330
17
100
AcDbEntity
  8
RECTS
100
AcDbPolyline
 90
4
 70
0
 10
307.72
 20
571.68
 10
324.71
 20
571.68
 10
324.71
 20
554.69
 10
307.72
 20
554.69
  0
LWPOLYLINE
  5
1026
330
17
100
AcDbEntity
  8
RECTS
100
AcDbPolyline
 90
4
 70
0
 10
290.73
 20
571.68
 10
307.72
 20
571.68
 10
307.72
 20
554.69
 10
290.73
 20
554.69
  0
LWPOLYLINE
  5
1027
330
17
100
AcDbEntity
  8
RECTS
100
AcDbPolyline
 90
4
 70
0
 10
273.74
 20
571.68
 10
290.73
 20
571.68
 10
290.73
 20
554.69
 10
273.74
 20
554.69
  0
LWPOLYLINE
  5
1028
330
17
100
AcDbEntity
  8
RECTS
100
AcDbPolyline
 90
4
 70
0
 10
256.75
 20
571.68
 10
273.74
 20
571.68
 10
273.74
 20
554.69
 10
256.75
 20
554.69
  0
LWPOLYLINE
  5
1029
330
17
100
AcDbEntity
  8
RECTS
100
AcDbPolyline
 90
4
 70
0
 10
239.75
 20
571.68
 10
256.75
 20
571.68
 10
256.75
 20
554.69
 10
239.75
 20
554.69
  0
LWPOLYLINE
  5
102A
330
17
100
AcDbEntity
  8
RECTS
100
AcDbPolyline
 90
4
 70
0
 10
222.76
 20
571.68
 10
239.75
 20
571.68
 10
239.75
 20
554.69
 10
222.76
 20
554.69
  0
LWPOLYLINE
  5
102B
330
17
100
AcDbEntity
  8
RECTS
100
AcDbPolyline
 90
4
 70
0
 10
205.63
 20
571.68
 10
222.76
 20
571.68
 10
222.76
 20
554.69
 10
205.63
 20
554.69
  0
LWPOLYLINE
  5
102C
330
17
100
AcDbEntity
  8
RECTS
100
AcDbPolyline
 90
4
 70
0
 10
188.63
 20
571.68
 10
205.63
 20
571.68
 10
205.63
 20
554.69
 10
188.63
 20
554.69
  0
LWPOLYLINE
  5
102D
330
17
100
AcDbEntity
  8
RECTS
100
AcDbPolyline
 90
4
 70
0
 10
449.42
 20
509.33
 10
466.55
 20
509.33
 10
466.55
 20
492.34
 10
449.42
 20
492.34
  0
LWPOLYLINE
  5
102E
330
17
100
AcDbEntity
  8
RECTS
100
AcDbPolyline
 90
4
 70
0
 10
432.43
 20
509.33
 10
449.42
 20
509.33
 10
449.42
 20
492.34
 10
432.43
 20
492.34
  0
LWPOLYLINE
  5
102F
330
17
100
AcDbEntity
  8
RECTS
100
AcDbPolyline
 90
4
 70
0
 10
415.43
 20
509.33
 10
432.43
 20
509.33
 10
432.43
 20
492.34
 10
415.43
 20
492.34
  0
LWPOLYLINE
  5
1030
330
17
100
AcDbEntity
  8
RECTS
100
AcDbPolyline
 90
4
 70
0
 10
398.44
 20
509.33
 10
415.43
 20
509.33
 10
415.43
 20
492.34
 10
398.44
 20
492.34
  0
LWPOLYLINE
  5
1031
330
17
100
AcDbEntity
  8
RECTS
100
AcDbPolyline
 90
4
 70
0
 10
381.45
 20
509.33
 10
398.44
 20
509.33
 10
398.44
 20
492.34
 10
381.45
 20
492.34
  0
LWPOLYLINE
  5
1032
330
17
100
AcDbEntity
  8
RECTS
100
AcDbPolyline
 90
4
 70
0
 10
364.46
 20
509.33
 10
381.45
 20
509.33
 10
381.45
 20
492.34
 10
364.46
 20
492.34
  0
LWPOLYLINE
  5
1033
330
17
100
AcDbEntity
  8
RECTS
100
AcDbPolyline
 90
4
 70
0
 10
347.47
 20
509.33
 10
364.46
 20
509.33
 10
364.46
 20
492.34
 10
347.47
 20
492.34
  0
LWPOLYLINE
  5
1034
330
17
100
AcDbEntity
  8
RECTS
100
AcDbPolyline
 90
4
 70
0
 10
330.47
 20
509.33
 10
347.47
 20
509.33
 10
347.47
 20
492.34
 10
330.47
 20
492.34
  0
LWPOLYLINE
  5
1035
330
17
100
AcDbEntity
  8
RECTS
100
AcDbPolyline
 90
4
 70
0
 10
313.48
 20
509.33
 10
330.47
 20
509.33
 10
330.47
 20
492.34
 10
313.48
 20
492.34
  0
LWPOLYLINE
  5
1036
330
17
100
AcDbEntity
  8
RECTS
100
AcDbPolyline
 90
4
 70
0
 10
296.35
 20
509.33
 10
313.48
 20
509.33
 10
313.48
 20
492.34
 10
296.35
 20
492.34
  0
LWPOLYLINE
  5
1037
330
17
100
AcDbEntity
  8
RECTS
100
AcDbPolyline
 90
4
 70
0
 10
279.35
 20
509.33
 10
296.35
 20
509.33
 10
296.35
 20
492.34
 10
279.35
 20
492.34
  0
LWPOLYLINE
  5
1038
330
17
100
AcDbEntity
  8
RECTS
100
AcDbPolyline
 90
4
 70
0
 10
262.36
 20
509.33
 10
279.35
 20
509.33
 10
279.35
 20
492.34
 10
262.36
 20
492.34
  0
LWPOLYLINE
  5
1039
330
17
100
AcDbEntity
  8
RECTS
100
AcDbPolyline
 90
4
 70
0
 10
245.37
 20
509.33
 10
262.36
 20
509.33
 10
262.36
 20
492.34
 10
245.37
 20
492.34
  0
LWPOLYLINE
  5
103A
330
17
100
AcDbEntity
  8
RECTS
100
AcDbPolyline
 90
4
 70
0
 10
228.38
 20
509.33
 10
245.37
 20
509.33
 10
245.37
 20
492.34
 10
228.38
 20
492.34
  0
LWPOLYLINE
  5
103B
330
17
100
AcDbEntity
  8
RECTS
100
AcDbPolyline
 90
4
 70
0
 10
211.39
 20
509.33
 10
228.38
 20
509.33
 10
228.38
 20
492.34
 10
211.39
 20
492.34
  0
LWPOLYLINE
  5
103C
330
17
100
AcDbEntity
  8
RECTS
100
AcDbPolyline
 90
4
 70
0
 10
194.39
 20
509.33
 10
211.39
 20
509.33
 10
211.39
 20
492.34
 10
194.39
 20
492.34
  0
LWPOLYLINE
  5
103D
330
17
100
AcDbEntity
  8
RECTS
100
AcDbPolyline
 90
4
 70
0
 10
415.43
 20
398.74
 10
432.43
 20
398.74
 10
432.43
 20
381.74
 10
415.43
 20
381.74
  0
LWPOLYLINE
  5
103E
330
17
100
AcDbEntity
  8
RECTS
100
AcDbPolyline
 90
4
 70
0
 10
239.75
 20
631.3
 10
262.36
 20
631.3
 10
262.36
 20
614.16
 10
239.75
 20
614.16
  0
LWPOLYLINE
  5
103F
330
17
100
AcDbEntity
  8
RECTS
100
AcDbPolyline
 90
4
 70
0
 10
217.0
 20
631.3
 10
239.75
 20
631.3
 10
239.75
 20
614.16
 10
217.0
 20
614.16
  0
LWPOLYLINE
  5
1040
330
17
100
AcDbEntity
  8
RECTS
100
AcDbPolyline
 90
4
 70
0
 10
194.39
 20
631.3
 10
217.0
 20
631.3
 10
217.0
 20
614.16
 10
194.39
 20
614.16
  0
LWPOLYLINE
  5
1041
330
17
100
AcDbEntity
  8
RECTS
100
AcDbPolyline
 90
4
 70
0
 10
279.35
 20
276.91
 10
296.35
 20
276.91
 10
296.35
 20
259.92
 10
279.35
 20
259.92
  0
LWPOLYLINE
  5
1042
330
17
100
AcDbEntity
  8
RECTS
100
AcDbPolyline
 90
4
 70
0
 10
296.35
 20
276.91
 10
313.48
 20
276.91
 10
313.48
 20
259.92
 10
296.35
 20
259.92
  0
LWPOLYLINE
  5
1043
330
17
100
AcDbEntity
  8
RECTS
100
AcDbPolyline
 90
4
 70
0
 10
313.48
 20
276.91
 10
330.47
 20
276.91
 10
330.47
 20
259.92
 10
313.48
 20
259.92
  0
LWPOLYLINE
  5
1044
330
17
100
AcDbEntity
  8
RECTS
100
AcDbPolyline
 90
4
 70
0
 10
330.47
 20
276.91
 10
347.47
 20
276.91
 10
347.47
 20
259.92
 10
330.47
 20
259.92
  0
LWPOLYLINE
  5
1045
330
17
100
AcDbEntity
  8
RECTS
100
AcDbPolyline
 90
4
 70
0
 10
347.47
 20
276.91
 10
364.46
 20
276.91
 10
364.46
 20
259.92
 10
347.47
 20
259.92
  0
LWPOLYLINE
  5
1046
330
17
100
AcDbEntity
  8
RECTS
100
AcDbPolyline
 90
4
 70
0
 10
364.46
 20
276.91
 10
381.45
 20
276.91
 10
381.45
 20
259.92
 10
364.46
 20
259.92
  0
LWPOLYLINE
  5
1047
330
17
100
AcDbEntity
  8
RECTS
100
AcDbPolyline
 90
4
 70
0
 10
381.45
 20
276.91
 10
398.44
 20
276.91
 10
398.44
 20
259.92
 10
381.45
 20
259.92
  0
LWPOLYLINE
  5
1048
330
17
100
AcDbEntity
  8
RECTS
100
AcDbPolyline
 90
4
 70
0
 10
398.44
 20
276.91
 10
415.43
 20
276.91
 10
415.43
 20
259.92
 10
398.44
 20
259.92
  0
LWPOLYLINE
  5
1049
330
17
100
AcDbEntity
  8
RECTS
100
AcDbPolyline
 90
4
 70
0
 10
415.43
 20
276.91
 10
432.43
 20
276.91
 10
432.43
 20
259.92
 10
415.43
 20
259.92
  0
LWPOLYLINE
  5
104A
330
17
100
AcDbEntity
  8
RECTS
100
AcDbPolyline
 90
4
 70
0
 10
432.43
 20
276.91
 10
449.42
 20
276.91
 10
449.42
 20
259.92
 10
432.43
 20
259.92
  0
LWPOLYLINE
  5
104B
330
17
100
AcDbEntity
  8
RECTS
100
AcDbPolyline
 90
4
 70
0
 10
432.43
 20
398.74
 10
449.42
 20
398.74
 10
449.42
 20
381.74
 10
432.43
 20
381.74
  0
LWPOLYLINE
  5
104C
330
17
100
AcDbEntity
  8
RECTS
100
AcDbPolyline
 90
4
 70
0
 10
449.42
 20
398.74
 10
466.55
 20
398.74
 10
466.55
 20
381.74
 10
449.42
 20
381.74
  0
LWPOLYLINE
  5
104D
330
17
100
AcDbEntity
  8
RECTS
100
AcDbPolyline
 90
4
 70
0
 10
398.44
 20
753.12
 10
415.43
 20
753.12
 10
415.43
 20
724.75
 10
398.44
 20
724.75
  0
LWPOLYLINE
  5
104E
330
17
100
AcDbEntity
  8
RECTS
100
AcDbPolyline
 90
4
 70
0
 10
443.8
 20
631.3
 10
466.55
 20
631.3
 10
466.55
 20
608.54
 10
443.8
 20
608.54
  0
LWPOLYLINE
  5
104F
330
17
100
AcDbEntity
  8
RECTS
100
AcDbPolyline
 90
4
 70
0
 10
421.19
 20
631.3
 10
443.8
 20
631.3
 10
443.8
 20
608.54
 10
421.19
 20
608.54
  0
LWPOLYLINE
  5
1050
330
17
100
AcDbEntity
  8
RECTS
100
AcDbPolyline
 90
4
 70
0
 10
398.44
 20
631.3
 10
421.19
 20
631.3
 10
421.19
 20
608.54
 10
398.44
 20
608.54
  0
LWPOLYLINE
  5
1051
330
17
100
AcDbEntity
  8
RECTS
100
AcDbPolyline
 90
4
 70
0
 10
375.83
 20
631.3
 10
398.44
 20
631.3
 10
398.44
 20
608.54
 10
375.83
 20
608.54
  0
LWPOLYLINE
  5
1052
330
17
100
AcDbEntity
  8
RECTS
100
AcDbPolyline
 90
4
 70
0
 10
353.08
 20
631.3
 10
375.83
 20
631.3
 10
375.83
 20
608.54
 10
353.08
 20
608.54
  0
LWPOLYLINE
  5
1053
330
17
100
AcDbEntity
  8
RECTS
100
AcDbPolyline
 90
4
 70
0
 10
330.47
 20
631.3
 10
353.08
 20
631.3
 10
353.08
 20
608.54
 10
330.47
 20
608.54
  0
LWPOLYLINE
  5
1054
330
17
100
AcDbEntity
  8
RECTS
100
AcDbPolyline
 90
4
 70
0
 10
307.72
 20
631.3
 10
330.47
 20
631.3
 10
330.47
 20
608.54
 10
307.72
 20
608.54
  0
LWPOLYLINE
  5
1055
330
17
100
AcDbEntity
  8
RECTS
100
AcDbPolyline
 90
4
 70
0
 10
285.11
 20
631.3
 10
307.72
 20
631.3
 10
307.72
 20
608.54
 10
285.11
 20
608.54
  0
LWPOLYLINE
  5
1056
330
17
100
AcDbEntity
  8
RECTS
100
AcDbPolyline
 90
4
 70
0
 10
381.45
 20
753.12
 10
398.44
 20
753.12
 10
398.44
 20
724.75
 10
381.45
 20
724.75
  0
LWPOLYLINE
  5
1057
330
17
100
AcDbEntity
  8
RECTS
100
AcDbPolyline
 90
4
 70
0
 10
211.39
 20
276.91
 10
228.38
 20
276.91
 10
228.38
 20
259.92
 10
211.39
 20
259.92
  0
LWPOLYLINE
  5
1058
330
17
100
AcDbEntity
  8
RECTS
100
AcDbPolyline
 90
4
 70
0
 10
228.38
 20
276.91
 10
245.37
 20
276.91
 10
245.37
 20
259.92
 10
228.38
 20
259.92
  0
LWPOLYLINE
  5
1059
330
17
100
AcDbEntity
  8
RECTS
100
AcDbPolyline
 90
4
 70
0
 10
245.37
 20
276.91
 10
262.36
 20
276.91
 10
262.36
 20
259.92
 10
245.37
 20
259.92
  0
LWPOLYLINE
  5
105A
330
17
100
AcDbEntity
  8
RECTS
100
AcDbPolyline
 90
4
 70
0
 10
262.36
 20
276.91
 10
279.35
 20
276.91
 10
279.35
 20
259.92
 10
262.36
 20
259.92
  0
LWPOLYLINE
  5
105B
330
17
100
AcDbEntity
  8
RECTS
100
AcDbPolyline
 90
4
 70
0
 10
313.48
 20
753.12
 10
330.47
 20
753.12
 10
330.47
 20
736.13
 10
313.48
 20
736.13
  0
LWPOLYLINE
  5
105C
330
17
100
AcDbEntity
  8
RECTS
100
AcDbPolyline
 90
4
 70
0
 10
194.39
 20
344.88
 10
217.0
 20
344.88
 10
217.0
 20
316.66
 10
194.39
 20
316.66
  0
LWPOLYLINE
  5
105D
330
17
100
AcDbEntity
  8
RECTS
100
AcDbPolyline
 90
4
 70
0
 10
443.8
 20
333.65
 10
466.55
 20
333.65
 10
466.55
 20
316.66
 10
443.8
 20
316.66
  0
LWPOLYLINE
  5
105E
330
17
100
AcDbEntity
  8
RECTS
100
AcDbPolyline
 90
4
 70
0
 10
217.0
 20
344.88
 10
239.75
 20
344.88
 10
239.75
 20
316.66
 10
217.0
 20
316.66
  0
LWPOLYLINE
  5
105F
330
17
100
AcDbEntity
  8
RECTS
100
AcDbPolyline
 90
4
 70
0
 10
239.75
 20
344.88
 10
262.36
 20
344.88
 10
262.36
 20
316.66
 10
239.75
 20
316.66
  0
LWPOLYLINE
  5
1060
330
17
100
AcDbEntity
  8
RECTS
100
AcDbPolyline
 90
4
 70
0
 10
449.42
 20
276.91
 10
466.55
 20
276.91
 10
466.55
 20
248.54
 10
449.42
 20
248.54
  0
LWPOLYLINE
  5
1061
330
17
100
AcDbEntity
  8
RECTS
100
AcDbPolyline
 90
4
 70
0
 10
194.39
 20
276.91
 10
211.39
 20
276.91
 10
211.39
 20
259.92
 10
194.39
 20
259.92
  0
LWPOLYLINE
  5
1062
330
17
100
AcDbEntity
  8
RECTS
100
AcDbPolyline
 90
4
 70
0
 10
421.19
 20
333.65
 10
443.8
 20
333.65
 10
443.8
 20
316.66
 10
421.19
 20
316.66
  0
LWPOLYLINE
  5
1063
330
17
100
AcDbEntity
  8
RECTS
100
AcDbPolyline
 90
4
 70
0
 10
398.44
 20
333.65
 10
421.19
 20
333.65
 10
421.19
 20
316.66
 10
398.44
 20
316.66
  0
LINE
  5
1064
330
17
100
AcDbEntity
  8
LINES
100
AcDbLine
 10
194.39
 20
275.47
 30
0.0
 11
211.39
 21
275.47
 31
0.0
  0
LINE
  5
1065
330
17
100
AcDbEntity
  8
LINES
100
AcDbLine
 10
211.39
 20
275.47
 30
0.0
 11
228.38
 21
275.47
 31
0.0
  0
LINE
  5
1066
330
17
100
AcDbEntity
  8
LINES
100
AcDbLine
 10
228.38
 20
275.47
 30
0.0
 11
245.37
 21
275.47
 31
0.0
  0
LINE
  5
1067
330
17
100
AcDbEntity
  8
LINES
100
AcDbLine
 10
245.37
 20
275.47
 30
0.0
 11
262.36
 21
275.47
 31
0.0
  0
LINE
  5
1068
330
17
100
AcDbEntity
  8
LINES
100
AcDbLine
 10
262.36
 20
275.47
 30
0.0
 11
279.35
 21
275.47
 31
0.0
  0
LINE
  5
1069
330
17
100
AcDbEntity
  8
LINES
100
AcDbLine
 10
279.35
 20
275.47
 30
0.0
 11
296.35
 21
275.47
 31
0.0
  0
LINE
  5
106A
330
17
100
AcDbEntity
  8
LINES
100
AcDbLine
 10
296.35
 20
275.47
 30
0.0
 11
313.48
 21
275.47
 31
0.0
  0
LINE
  5
106B
330
17
100
AcDbEntity
  8
LINES
100
AcDbLine
 10
313.48
 20
275.47
 30
0.0
 11
330.47
 21
275.47
 31
0.0
  0
LINE
  5
106C
330
17
100
AcDbEntity
  8
LINES
100
AcDbLine
 10
330.47
 20
275.47
 30
0.0
 11
347.47
 21
275.47
 31
0.0
  0
LINE
  5
106D
330
17
100
AcDbEntity
  8
LINES
100
AcDbLine
 10
347.47
 20
275.47
 30
0.0
 11
364.46
 21
275.47
 31
0.0
  0
LINE
  5
106E
330
17
100
AcDbEntity
  8
LINES
100
AcDbLine
 10
364.46
 20
275.47
 30
0.0
 11
381.45
 21
275.47
 31
0.0
  0
LINE
  5
106F
330
17
100
AcDbEntity
  8
LINES
100
AcDbLine
 10
381.45
 20
275.47
 30
0.0
 11
398.44
 21
275.47
 31
0.0
  0
LINE
  5
1070
330
17
100
AcDbEntity
  8
LINES
100
AcDbLine
 10
398.44
 20
275.47
 30
0.0
 11
415.43
 21
275.47
 31
0.0
  0
LINE
  5
1071
330
17
100
AcDbEntity
  8
LINES
100
AcDbLine
 10
415.43
 20
275.47
 30
0.0
 11
432.43
 21
275.47
 31
0.0
  0
LINE
  5
1072
330
17
100
AcDbEntity
  8
LINES
100
AcDbLine
 10
432.43
 20
275.47
 30
0.0
 11
449.42
 21
275.47
 31
0.0
  0
LINE
  5
1073
330
17
100
AcDbEntity
  8
LINES
100
AcDbLine
 10
449.42
 20
275.47
 30
0.0
 11
466.55
 21
275.47
 31
0.0
  0
LINE
  5
1074
330
17
100
AcDbEntity
  8
LINES
100
AcDbLine
 10
381.45
 20
318.02
 30
0.0
 11
398.44
 21
318.02
 31
0.0
  0
LINE
  5
1075
330
17
100
AcDbEntity
  8
LINES
100
AcDbLine
 10
398.44
 20
318.02
 30
0.0
 11
421.19
 21
318.02
 31
0.0
  0
LINE
  5
1076
330
17
100
AcDbEntity
  8
LINES
100
AcDbLine
 10
421.19
 20
318.02
 30
0.0
 11
443.8
 21
318.02
 31
0.0
  0
LINE
  5
1077
330
17
100
AcDbEntity
  8
LINES
100
AcDbLine
 10
443.8
 20
318.02
 30
0.0
 11
466.55
 21
318.02
 31
0.0
  0
LWPOLYLINE
  5
1078
330
17
100
AcDbEntity
  8
RECTS
100
AcDbPolyline
 90
4
 70
0
 10
16.84
 20
858.82
 10
1207.43
 20
858.82
 10
1207.43
 20
16.85
 10
16.84
 20
16.85
  0
LWPOLYLINE
  5
1079
330
17
100
AcDbEntity
  8
POLYLINES
100
AcDbPolyline
 90
13
 70
0
 10
719.27
 20
784.94
 10
719.42
 20
783.94
 10
719.42
 20
782.5
 10
719.42
 20
781.63
 10
719.27
 20
780.34
 10
719.13
 20
779.18
 10
718.84
 20
778.03
 10
718.55
 20
777.31
 10
718.27
 20
776.3
 10
717.83
 20
775.58
 10
717.55
 20
775.01
 10
717.11
 20
774.29
 10
716.97
 20
774.0
  0
LWPOLYLINE
  5
107A
330
17
100
AcDbEntity
  8
POLYLINES
100
AcDbPolyline
 90
7
 70
0
 10
719.56
 20
783.94
 10
724.03
 20
784.66
 10
723.74
 20
784.94
 10
723.59
 20
784.37
 10
723.31
 20
782.64
 10
723.74
 20
782.64
 10
719.42
 20
782.21
  0
LWPOLYLINE
  5
107B
330
17
100
AcDbEntity
  8
POLYLINES
100
AcDbPolyline
 90
4
 70
0
 10
722.73
 20
782.21
 10
723.02
 20
781.92
 10
722.87
 20
781.92
 10
722.3
 20
780.19
  0
LWPOLYLINE
  5
107C
330
17
100
AcDbEntity
  8
POLYLINES
100
AcDbPolyline
 90
4
 70
0
 10
720.43
 20
781.92
 10
721.0
 20
780.34
 10
721.0
 20
780.91
 10
720.71
 20
781.2
  0
LWPOLYLINE
  5
107D
330
17
100
AcDbEntity
  8
POLYLINES
100
AcDbPolyline
 90
6
 70
0
 10
719.71
 20
779.62
 10
719.99
 20
779.47
 10
719.99
 20
779.62
 10
724.46
 20
780.34
 10
724.31
 20
780.48
 10
723.88
 20
780.34
  0
LWPOLYLINE
  5
107E
330
17
100
AcDbEntity
  8
POLYLINES
100
AcDbPolyline
 90
5
 70
0
 10
722.87
 20
779.9
 10
722.87
 20
775.3
 10
722.87
 20
774.0
 10
722.73
 20
774.43
 10
722.87
 20
775.44
  0
LWPOLYLINE
  5
107F
330
17
100
AcDbEntity
  8
POLYLINES
100
AcDbPolyline
 90
12
 70
0
 10
721.15
 20
779.76
 10
721.0
 20
778.32
 10
721.0
 20
777.31
 10
720.86
 20
776.74
 10
720.71
 20
776.3
 10
720.57
 20
776.02
 10
720.43
 20
775.58
 10
720.14
 20
775.3
 10
719.85
 20
774.72
 10
719.42
 20
774.43
 10
719.13
 20
774.14
 10
718.55
 20
773.71
  0
LWPOLYLINE
  5
1080
330
17
100
AcDbEntity
  8
POLYLINES
100
AcDbPolyline
 90
6
 70
0
 10
719.42
 20
777.6
 10
719.42
 20
777.46
 10
719.71
 20
777.6
 10
725.03
 20
778.18
 10
724.89
 20
778.32
 10
724.03
 20
778.03
  0
LWPOLYLINE
  5
1081
330
17
100
AcDbEntity
  8
POLYLINES
100
AcDbPolyline
 90
11
 70
0
 10
728.06
 20
784.94
 10
728.35
 20
783.94
 10
728.35
 20
780.62
 10
728.35
 20
781.49
 10
731.95
 20
781.92
 10
731.37
 20
781.92
 10
731.51
 20
784.22
 10
731.51
 20
784.66
 10
731.66
 20
784.37
 10
731.08
 20
784.22
 10
728.35
 20
783.94
  0
LWPOLYLINE
  5
1082
330
17
100
AcDbEntity
  8
POLYLINES
100
AcDbPolyline
 90
6
 70
0
 10
726.04
 20
779.62
 10
727.05
 20
779.62
 10
728.92
 20
779.76
 10
733.67
 20
780.48
 10
733.1
 20
780.62
 10
732.38
 20
780.34
  0
LWPOLYLINE
  5
1083
330
17
100
AcDbEntity
  8
POLYLINES
100
AcDbPolyline
 90
14
 70
0
 10
728.92
 20
779.76
 10
728.35
 20
777.6
 10
728.2
 20
778.03
 10
732.09
 20
778.61
 10
731.95
 20
778.9
 10
731.95
 20
778.61
 10
731.51
 20
777.02
 10
731.08
 20
776.02
 10
730.79
 20
775.15
 10
730.51
 20
774.43
 10
730.22
 20
774.0
 10
730.07
 20
774.0
 10
728.78
 20
776.02
 10
730.22
 20
774.14
  0
LWPOLYLINE
  5
1084
330
17
100
AcDbEntity
  8
POLYLINES
100
AcDbPolyline
 90
7
 70
0
 10
834.76
 20
785.09
 10
834.62
 20
784.37
 10
833.75
 20
782.93
 10
833.32
 20
782.06
 10
832.75
 20
781.2
 10
831.88
 20
780.34
 10
831.16
 20
779.62
  0
LWPOLYLINE
  5
1085
330
17
100
AcDbEntity
  8
POLYLINES
100
AcDbPolyline
 90
14
 70
0
 10
833.75
 20
782.21
 10
833.9
 20
782.06
 10
837.21
 20
782.78
 10
837.07
 20
782.93
 10
836.49
 20
782.06
 10
835.77
 20
781.06
 10
835.05
 20
780.19
 10
834.33
 20
779.33
 10
833.61
 20
778.61
 10
832.75
 20
777.74
 10
831.74
 20
777.02
 10
831.59
 20
776.88
 10
831.02
 20
776.59
 10
830.44
 20
776.02
  0
LWPOLYLINE
  5
1086
330
17
100
AcDbEntity
  8
POLYLINES
100
AcDbPolyline
 90
5
 70
0
 10
832.89
 20
781.2
 10
833.03
 20
781.06
 10
833.9
 20
780.34
 10
833.9
 20
779.76
 10
833.61
 20
780.48
  0
LWPOLYLINE
  5
1087
330
17
100
AcDbEntity
  8
POLYLINES
100
AcDbPolyline
 90
14
 70
0
 10
833.32
 20
777.89
 10
833.47
 20
777.6
 10
833.61
 20
775.3
 10
833.61
 20
775.01
 10
833.61
 20
773.42
 10
833.61
 20
774.14
 10
833.61
 20
774.43
 10
837.21
 20
774.86
 10
837.07
 20
774.86
 10
836.78
 20
774.86
 10
837.07
 20
778.32
 10
837.21
 20
778.03
 10
837.07
 20
778.03
 10
833.47
 20
777.46
  0
LWPOLYLINE
  5
1088
330
17
100
AcDbEntity
  8
POLYLINES
100
AcDbPolyline
 90
5
 70
0
 10
850.03
 20
784.37
 10
849.88
 20
783.94
 10
848.87
 20
783.22
 10
847.87
 20
782.64
 10
847.0
 20
782.21
  0
LWPOLYLINE
  5
1089
330
17
100
AcDbEntity
  8
POLYLINES
100
AcDbPolyline
 90
5
 70
0
 10
849.02
 20
782.93
 10
849.02
 20
775.73
 10
849.16
 20
773.71
 10
849.02
 20
774.0
 10
849.02
 20
774.86
  0
LWPOLYLINE
  5
108A
330
17
100
AcDbEntity
  8
POLYLINES
100
AcDbPolyline
 90
6
 70
0
 10
849.02
 20
780.62
 10
848.59
 20
779.47
 10
848.01
 20
778.46
 10
847.58
 20
777.46
 10
847.15
 20
776.88
 10
846.57
 20
776.16
  0
LWPOLYLINE
  5
108B
330
17
100
AcDbEntity
  8
POLYLINES
100
AcDbPolyline
 90
3
 70
0
 10
849.02
 20
780.05
 10
850.03
 20
779.33
 10
850.17
 20
778.9
  0
LWPOLYLINE
  5
108C
330
17
100
AcDbEntity
  8
POLYLINES
100
AcDbPolyline
 90
5
 70
0
 10
851.9
 20
784.66
 10
851.9
 20
784.22
 10
851.47
 20
782.35
 10
851.18
 20
781.06
 10
850.75
 20
779.47
  0
LWPOLYLINE
  5
108D
330
17
100
AcDbEntity
  8
POLYLINES
100
AcDbPolyline
 90
4
 70
0
 10
851.32
 20
781.34
 10
854.63
 20
782.06
 10
854.35
 20
782.06
 10
853.63
 20
780.05
  0
LWPOLYLINE
  5
108E
330
17
100
AcDbEntity
  8
POLYLINES
100
AcDbPolyline
 90
8
 70
0
 10
852.04
 20
780.77
 10
852.47
 20
780.34
 10
852.33
 20
780.34
 10
852.33
 20
775.58
 10
852.33
 20
774.29
 10
852.33
 20
773.71
 10
851.18
 20
775.15
 10
852.33
 20
773.86
  0
LINE
  5
108F
330
17
100
AcDbEntity
  8
LINES
100
AcDbLine
 10
851.39
 20
778.54
 30
0.0
 11
850.17
 21
776.16
 31
0.0
  0
LWPOLYLINE
  5
1090
330
17
100
AcDbEntity
  8
POLYLINES
100
AcDbPolyline
 90
3
 70
0
 10
853.05
 20
778.61
 10
854.49
 20
777.02
 10
854.63
 20
776.3
  0
LWPOLYLINE
  5
1091
330
17
100
AcDbEntity
  8
POLYLINES
100
AcDbPolyline
 90
10
 70
0
 10
952.99
 20
783.07
 10
952.99
 20
780.77
 10
952.99
 20
780.05
 10
952.84
 20
779.62
 10
952.7
 20
778.9
 10
952.41
 20
778.46
 10
952.12
 20
778.03
 10
951.69
 20
777.6
 10
951.4
 20
777.31
 10
950.97
 20
776.88
  0
LWPOLYLINE
  5
1092
330
17
100
AcDbEntity
  8
POLYLINES
100
AcDbPolyline
 90
6
 70
0
 10
957.31
 20
784.94
 10
957.88
 20
784.22
 10
957.59
 20
784.37
 10
957.74
 20
777.31
 10
956.3
 20
778.9
 10
957.74
 20
777.6
  0
LWPOLYLINE
  5
1093
330
17
100
AcDbEntity
  8
POLYLINES
100
AcDbPolyline
 90
3
 70
0
 10
954.86
 20
778.75
 10
955.15
 20
778.32
 10
955.15
 20
774.29
  0
LWPOLYLINE
  5
1094
330
17
100
AcDbEntity
  8
POLYLINES
100
AcDbPolyline
 90
4
 70
0
 10
958.46
 20
774.72
 10
958.89
 20
774.29
 10
958.6
 20
774.43
 10
951.11
 20
773.71
  0
LWPOLYLINE
  5
1095
330
17
100
AcDbEntity
  8
POLYLINES
100
AcDbPolyline
 90
4
 70
0
 10
972.57
 20
784.66
 10
973.29
 20
784.08
 10
973.58
 20
783.65
 10
973.72
 20
782.93
  0
LWPOLYLINE
  5
1096
330
17
100
AcDbEntity
  8
POLYLINES
100
AcDbPolyline
 90
5
 70
0
 10
974.15
 20
781.92
 10
974.59
 20
782.06
 10
975.02
 20
781.92
 10
967.96
 20
781.06
 10
968.11
 20
781.06
  0
LWPOLYLINE
  5
1097
330
17
100
AcDbEntity
  8
POLYLINES
100
AcDbPolyline
 90
16
 70
0
 10
971.42
 20
785.09
 10
971.56
 20
784.51
 10
971.56
 20
783.36
 10
971.71
 20
782.21
 10
971.85
 20
780.91
 10
972.14
 20
779.62
 10
972.43
 20
778.61
 10
972.86
 20
777.46
 10
973.43
 20
776.3
 10
974.01
 20
775.15
 10
974.59
 20
774.29
 10
975.31
 20
773.71
 10
975.74
 20
773.42
 10
975.59
 20
773.71
 10
975.02
 20
776.59
 10
975.45
 20
773.42
  0
LWPOLYLINE
  5
1098
330
17
100
AcDbEntity
  8
POLYLINES
100
AcDbPolyline
 90
7
 70
0
 10
968.11
 20
778.75
 10
971.42
 20
779.18
 10
970.99
 20
779.33
 10
970.41
 20
779.04
 10
969.69
 20
779.04
 10
969.83
 20
778.32
 10
969.83
 20
775.73
  0
LWPOLYLINE
  5
1099
330
17
100
AcDbEntity
  8
POLYLINES
100
AcDbPolyline
 90
3
 70
0
 10
1029.45
 20
783.65
 10
1030.17
 20
782.64
 10
1030.31
 20
782.06
  0
LWPOLYLINE
  5
109A
330
17
100
AcDbEntity
  8
POLYLINES
100
AcDbPolyline
 90
3
 70
0
 10
1032.47
 20
784.22
 10
1032.47
 20
783.79
 10
1031.9
 20
781.63
  0
LWPOLYLINE
  5
109B
330
17
100
AcDbEntity
  8
POLYLINES
100
AcDbPolyline
 90
5
 70
0
 10
1031.03
 20
784.94
 10
1031.18
 20
784.22
 10
1031.18
 20
779.18
 10
1031.03
 20
779.76
 10
1031.18
 20
780.34
  0
LWPOLYLINE
  5
109C
330
17
100
AcDbEntity
  8
POLYLINES
100
AcDbPolyline
 90
5
 70
0
 10
1031.18
 20
781.2
 10
1030.46
 20
780.19
 10
1029.74
 20
779.33
 10
1029.16
 20
778.61
 10
1028.44
 20
777.89
  0
LWPOLYLINE
  5
109D
330
17
100
AcDbEntity
  8
POLYLINES
100
AcDbPolyline
 90
3
 70
0
 10
1031.18
 20
781.06
 10
1032.04
 20
780.48
 10
1032.47
 20
780.05
  0
LWPOLYLINE
  5
109E
330
17
100
AcDbEntity
  8
POLYLINES
100
AcDbPolyline
 90
6
 70
0
 10
1031.03
 20
778.61
 10
1030.17
 20
776.02
 10
1030.6
 20
775.87
 10
1031.32
 20
775.73
 10
1031.9
 20
775.44
 10
1032.62
 20
775.01
  0
LWPOLYLINE
  5
109F
330
17
100
AcDbEntity
  8
POLYLINES
100
AcDbPolyline
 90
10
 70
0
 10
1029.02
 20
777.02
 10
1032.19
 20
777.74
 10
1032.33
 20
778.61
 10
1032.33
 20
778.18
 10
1031.9
 20
777.02
 10
1031.47
 20
775.87
 10
1030.89
 20
775.01
 10
1030.31
 20
774.43
 10
1029.74
 20
773.86
 10
1029.45
 20
773.57
  0
LWPOLYLINE
  5
10A0
330
17
100
AcDbEntity
  8
POLYLINES
100
AcDbPolyline
 90
8
 70
0
 10
1034.06
 20
785.09
 10
1034.06
 20
784.51
 10
1033.91
 20
783.5
 10
1033.77
 20
782.21
 10
1033.48
 20
780.91
 10
1033.19
 20
779.76
 10
1032.91
 20
778.75
 10
1032.76
 20
778.46
  0
LWPOLYLINE
  5
10A1
330
17
100
AcDbEntity
  8
POLYLINES
100
AcDbPolyline
 90
9
 70
0
 10
1033.48
 20
779.62
 10
1033.63
 20
779.47
 10
1034.35
 20
776.88
 10
1034.92
 20
775.73
 10
1035.35
 20
774.43
 10
1035.5
 20
774.14
 10
1036.65
 20
774.29
 10
1035.5
 20
774.29
 10
1035.21
 20
774.86
  0
LWPOLYLINE
  5
10A2
330
17
100
AcDbEntity
  8
POLYLINES
100
AcDbPolyline
 90
9
 70
0
 10
1035.07
 20
780.91
 10
1034.92
 20
779.33
 10
1034.63
 20
778.18
 10
1034.49
 20
777.31
 10
1034.06
 20
776.45
 10
1033.48
 20
775.3
 10
1033.05
 20
774.43
 10
1032.47
 20
773.71
 10
1032.04
 20
773.42
  0
LWPOLYLINE
  5
10A3
330
17
100
AcDbEntity
  8
POLYLINES
100
AcDbPolyline
 90
9
 70
0
 10
1039.39
 20
784.94
 10
1039.53
 20
783.94
 10
1039.67
 20
781.06
 10
1039.39
 20
781.63
 10
1043.56
 20
782.06
 10
1043.27
 20
782.06
 10
1043.56
 20
784.8
 10
1043.71
 20
784.66
 10
1039.53
 20
784.08
  0
LWPOLYLINE
  5
10A4
330
17
100
AcDbEntity
  8
POLYLINES
100
AcDbPolyline
 90
3
 70
0
 10
1037.37
 20
780.05
 10
1040.11
 20
780.48
 10
1045.29
 20
781.06
  0
LWPOLYLINE
  5
10A5
330
17
100
AcDbEntity
  8
POLYLINES
100
AcDbPolyline
 90
12
 70
0
 10
1039.24
 20
779.62
 10
1039.39
 20
778.9
 10
1039.53
 20
776.74
 10
1039.53
 20
776.3
 10
1039.24
 20
776.59
 10
1041.55
 20
776.74
 10
1043.56
 20
776.88
 10
1043.27
 20
777.02
 10
1043.71
 20
779.76
 10
1043.99
 20
779.62
 10
1041.4
 20
779.33
 10
1039.39
 20
779.04
  0
LWPOLYLINE
  5
10A6
330
17
100
AcDbEntity
  8
POLYLINES
100
AcDbPolyline
 90
6
 70
0
 10
1037.95
 20
773.57
 10
1041.4
 20
774.0
 10
1043.13
 20
774.14
 10
1044.86
 20
774.14
 10
1044.57
 20
774.29
 10
1043.56
 20
774.14
  0
LWPOLYLINE
  5
10A7
330
17
100
AcDbEntity
  8
POLYLINES
100
AcDbPolyline
 90
8
 70
0
 10
1099.29
 20
785.09
 10
1099.15
 20
784.22
 10
1098.71
 20
783.36
 10
1098.43
 20
782.78
 10
1097.71
 20
781.78
 10
1097.13
 20
780.91
 10
1096.7
 20
780.48
 10
1096.27
 20
780.05
  0
LWPOLYLINE
  5
10A8
330
17
100
AcDbEntity
  8
POLYLINES
100
AcDbPolyline
 90
12
 70
0
 10
1098.43
 20
782.78
 10
1101.45
 20
783.07
 10
1101.74
 20
783.22
 10
1100.3
 20
781.49
 10
1099.87
 20
780.91
 10
1099.15
 20
780.05
 10
1099.0
 20
779.9
 10
1098.14
 20
779.18
 10
1097.27
 20
778.46
 10
1096.55
 20
777.89
 10
1095.83
 20
777.46
 10
1095.4
 20
777.17
  0
LWPOLYLINE
  5
10A9
330
17
100
AcDbEntity
  8
POLYLINES
100
AcDbPolyline
 90
20
 70
0
 10
1098.43
 20
781.92
 10
1098.71
 20
781.78
 10
1099.72
 20
780.91
 10
1100.15
 20
780.48
 10
1100.73
 20
780.05
 10
1101.31
 20
779.47
 10
1103.03
 20
778.03
 10
1104.33
 20
778.46
 10
1103.03
 20
778.18
 10
1102.03
 20
778.9
 10
1101.59
 20
778.46
 10
1097.99
 20
778.18
 10
1097.85
 20
778.46
 10
1097.99
 20
778.32
 10
1097.99
 20
773.57
 10
1097.99
 20
774.43
 10
1098.14
 20
774.43
 10
1101.45
 20
774.58
 10
1101.45
 20
773.57
 10
1101.59
 20
778.46
  0
LWPOLYLINE
  5
10AA
330
17
100
AcDbEntity
  8
POLYLINES
100
AcDbPolyline
 90
4
 70
0
 10
1129.39
 20
783.5
 10
1129.96
 20
782.78
 10
1130.39
 20
782.35
 10
1130.39
 20
781.78
  0
LWPOLYLINE
  5
10AB
330
17
100
AcDbEntity
  8
POLYLINES
100
AcDbPolyline
 90
5
 70
0
 10
1128.38
 20
780.48
 10
1128.67
 20
780.05
 10
1129.1
 20
779.47
 10
1129.39
 20
779.18
 10
1129.39
 20
778.75
  0
LWPOLYLINE
  5
10AC
330
17
100
AcDbEntity
  8
POLYLINES
100
AcDbPolyline
 90
3
 70
0
 10
1128.52
 20
775.01
 10
1129.39
 20
774.0
 10
1131.11
 20
780.48
  0
LWPOLYLINE
  5
10AD
330
17
100
AcDbEntity
  8
POLYLINES
100
AcDbPolyline
 90
5
 70
0
 10
1132.84
 20
784.66
 10
1133.27
 20
784.08
 10
1133.42
 20
783.36
 10
1133.56
 20
783.07
 10
1133.56
 20
782.5
  0
LWPOLYLINE
  5
10AE
330
17
100
AcDbEntity
  8
POLYLINES
100
AcDbPolyline
 90
5
 70
0
 10
1131.55
 20
781.34
 10
1135.0
 20
781.78
 10
1135.87
 20
781.78
 10
1135.58
 20
781.92
 10
1135.29
 20
781.78
  0
LWPOLYLINE
  5
10AF
330
17
100
AcDbEntity
  8
POLYLINES
100
AcDbPolyline
 90
5
 70
0
 10
1131.55
 20
778.03
 10
1134.71
 20
778.46
 10
1135.43
 20
778.46
 10
1135.29
 20
778.61
 10
1135.0
 20
778.46
  0
LWPOLYLINE
  5
10B0
330
17
100
AcDbEntity
  8
POLYLINES
100
AcDbPolyline
 90
4
 70
0
 10
1130.83
 20
774.14
 10
1136.59
 20
774.58
 10
1136.44
 20
774.72
 10
1135.87
 20
774.43
  0
LWPOLYLINE
  5
10B1
330
17
100
AcDbEntity
  8
POLYLINES
100
AcDbPolyline
 90
3
 70
0
 10
702.14
 20
762.48
 10
703.87
 20
764.06
 10
703.87
 20
754.13
  0
LWPOLYLINE
  5
10B2
330
17
100
AcDbEntity
  8
POLYLINES
100
AcDbPolyline
 90
4
 70
0
 10
708.76
 20
759.17
 10
710.49
 20
760.75
 10
713.8
 20
759.17
 10
715.39
 20
760.75
  0
LWPOLYLINE
  5
10B3
330
17
100
AcDbEntity
  8
POLYLINES
100
AcDbPolyline
 90
3
 70
0
 10
718.7
 20
762.48
 10
720.28
 20
764.06
 10
720.28
 20
754.13
  0
LWPOLYLINE
  5
10B4
330
17
100
AcDbEntity
  8
POLYLINES
100
AcDbPolyline
 90
3
 70
0
 10
725.32
 20
762.48
 10
726.91
 20
764.06
 10
726.91
 20
754.13
  0
LWPOLYLINE
  5
10B5
330
17
100
AcDbEntity
  8
POLYLINES
100
AcDbPolyline
 90
4
 70
0
 10
738.57
 20
757.44
 10
731.95
 20
757.44
 10
736.84
 20
764.06
 10
736.84
 20
754.13
  0
LWPOLYLINE
  5
10B6
330
17
100
AcDbEntity
  8
POLYLINES
100
AcDbPolyline
 90
7
 70
0
 10
741.88
 20
754.13
 10
741.88
 20
764.06
 10
746.78
 20
764.06
 10
748.51
 20
762.48
 10
748.51
 20
760.75
 10
746.78
 20
759.17
 10
741.88
 20
759.17
  0
LWPOLYLINE
  5
10B7
330
17
100
AcDbEntity
  8
POLYLINES
100
AcDbPolyline
 90
12
 70
0
 10
816.62
 20
761.47
 10
816.91
 20
760.75
 10
817.05
 20
759.46
 10
817.05
 20
757.44
 10
817.05
 20
757.3
 10
817.19
 20
755.28
 10
817.05
 20
756.29
 10
821.8
 20
756.86
 10
821.23
 20
756.86
 10
821.8
 20
761.33
 10
821.95
 20
761.04
 10
816.91
 20
760.46
  0
LWPOLYLINE
  5
10B8
330
17
100
AcDbEntity
  8
POLYLINES
100
AcDbPolyline
 90
16
 70
0
 10
819.07
 20
763.63
 10
819.35
 20
763.34
 10
819.21
 20
763.34
 10
819.21
 20
761.18
 10
819.21
 20
756.86
 10
819.21
 20
755.14
 10
819.21
 20
754.13
 10
819.5
 20
753.7
 10
819.79
 20
753.26
 10
820.22
 20
753.12
 10
820.94
 20
752.98
 10
822.81
 20
753.12
 10
823.1
 20
753.26
 10
823.24
 20
753.41
 10
822.95
 20
755.57
 10
822.95
 20
753.41
  0
LWPOLYLINE
  5
10B9
330
17
100
AcDbEntity
  8
POLYLINES
100
AcDbPolyline
 90
6
 70
0
 10
827.85
 20
764.06
 10
827.85
 20
763.63
 10
827.27
 20
762.62
 10
826.27
 20
761.04
 10
825.69
 20
760.03
 10
824.83
 20
759.17
  0
LWPOLYLINE
  5
10BA
330
17
100
AcDbEntity
  8
POLYLINES
100
AcDbPolyline
 90
4
 70
0
 10
826.7
 20
761.47
 10
831.59
 20
762.34
 10
831.16
 20
762.48
 10
830.44
 20
762.05
  0
LWPOLYLINE
  5
10BB
330
17
100
AcDbEntity
  8
POLYLINES
100
AcDbPolyline
 90
6
 70
0
 10
826.84
 20
760.03
 10
826.99
 20
759.89
 10
827.13
 20
760.03
 10
830.3
 20
760.46
 10
830.01
 20
760.61
 10
829.72
 20
760.46
  0
LWPOLYLINE
  5
10BC
330
17
100
AcDbEntity
  8
POLYLINES
100
AcDbPolyline
 90
19
 70
0
 10
825.83
 20
758.16
 10
825.98
 20
758.02
 10
826.12
 20
758.02
 10
830.44
 20
759.02
 10
830.15
 20
759.31
 10
830.15
 20
758.74
 10
830.15
 20
757.44
 10
830.3
 20
756.58
 10
830.3
 20
756.0
 10
830.44
 20
755.42
 10
830.59
 20
754.85
 10
830.87
 20
754.42
 10
831.31
 20
753.98
 10
831.59
 20
753.41
 10
832.03
 20
753.12
 10
832.46
 20
752.98
 10
832.75
 20
752.69
 10
832.6
 20
754.99
 10
832.6
 20
752.98
  0
LWPOLYLINE
  5
10BD
330
17
100
AcDbEntity
  8
POLYLINES
100
AcDbPolyline
 90
4
 70
0
 10
834.91
 20
761.04
 10
839.95
 20
761.47
 10
839.66
 20
761.47
 10
839.23
 20
761.33
  0
LWPOLYLINE
  5
10BE
330
17
100
AcDbEntity
  8
POLYLINES
100
AcDbPolyline
 90
3
 70
0
 10
840.67
 20
755.14
 10
841.1
 20
755.28
 10
841.53
 20
755.14
  0
LWPOLYLINE
  5
10BF
330
17
100
AcDbEntity
  8
POLYLINES
100
AcDbPolyline
 90
3
 70
0
 10
843.98
 20
759.89
 10
843.98
 20
760.46
 10
843.11
 20
761.76
  0
LWPOLYLINE
  5
10C0
330
17
100
AcDbEntity
  8
POLYLINES
100
AcDbPolyline
 90
3
 70
0
 10
842.39
 20
755.57
 10
842.97
 20
754.7
 10
844.84
 20
759.46
  0
LWPOLYLINE
  5
10C1
330
17
100
AcDbEntity
  8
POLYLINES
100
AcDbPolyline
 90
6
 70
0
 10
847.15
 20
764.06
 10
847.15
 20
763.63
 10
846.57
 20
761.76
 10
845.99
 20
760.03
 10
845.56
 20
759.02
 10
845.13
 20
758.3
  0
LWPOLYLINE
  5
10C2
330
17
100
AcDbEntity
  8
POLYLINES
100
AcDbPolyline
 90
5
 70
0
 10
846.14
 20
760.03
 10
849.88
 20
760.61
 10
849.59
 20
761.04
 10
849.16
 20
759.89
 10
848.59
 20
758.74
  0
LWPOLYLINE
  5
10C3
330
17
100
AcDbEntity
  8
POLYLINES
100
AcDbPolyline
 90
10
 70
0
 10
847.29
 20
759.74
 10
847.29
 20
759.02
 10
847.0
 20
758.16
 10
846.71
 20
757.01
 10
846.28
 20
756.0
 10
845.85
 20
754.99
 10
845.27
 20
754.13
 10
844.55
 20
753.41
 10
843.98
 20
752.83
 10
843.4
 20
752.4
  0
LWPOLYLINE
  5
10C4
330
17
100
AcDbEntity
  8
POLYLINES
100
AcDbPolyline
 90
7
 70
0
 10
846.86
 20
757.58
 10
847.43
 20
756.43
 10
848.3
 20
754.42
 10
849.02
 20
752.98
 10
850.46
 20
752.83
 10
849.02
 20
753.12
 10
848.59
 20
753.84
  0
LWPOLYLINE
  5
10C5
330
17
100
AcDbEntity
  8
POLYLINES
100
AcDbPolyline
 90
13
 70
0
 10
853.48
 20
763.92
 10
853.63
 20
762.91
 10
853.63
 20
761.47
 10
853.63
 20
760.46
 10
853.48
 20
759.31
 10
853.34
 20
758.16
 10
853.05
 20
757.01
 10
852.76
 20
756.14
 10
852.47
 20
755.14
 10
852.04
 20
754.56
 10
851.61
 20
753.98
 10
851.32
 20
753.26
 10
851.18
 20
752.98
  0
LWPOLYLINE
  5
10C6
330
17
100
AcDbEntity
  8
POLYLINES
100
AcDbPolyline
 90
7
 70
0
 10
853.77
 20
762.77
 10
858.23
 20
763.63
 10
857.95
 20
763.78
 10
857.8
 20
763.34
 10
857.51
 20
761.62
 10
857.95
 20
761.62
 10
853.63
 20
761.18
  0
LWPOLYLINE
  5
10C7
330
17
100
AcDbEntity
  8
POLYLINES
100
AcDbPolyline
 90
4
 70
0
 10
856.94
 20
761.18
 10
857.23
 20
760.75
 10
857.08
 20
760.75
 10
856.51
 20
759.17
  0
LWPOLYLINE
  5
10C8
330
17
100
AcDbEntity
  8
POLYLINES
100
AcDbPolyline
 90
4
 70
0
 10
854.63
 20
760.9
 10
855.21
 20
759.31
 10
855.21
 20
759.74
 10
854.92
 20
760.18
  0
LWPOLYLINE
  5
10C9
330
17
100
AcDbEntity
  8
POLYLINES
100
AcDbPolyline
 90
6
 70
0
 10
853.91
 20
758.59
 10
854.2
 20
758.45
 10
854.2
 20
758.59
 10
858.67
 20
759.31
 10
858.38
 20
759.46
 10
858.09
 20
759.31
  0
LWPOLYLINE
  5
10CA
330
17
100
AcDbEntity
  8
POLYLINES
100
AcDbPolyline
 90
5
 70
0
 10
857.08
 20
758.88
 10
857.08
 20
754.13
 10
857.08
 20
752.98
 10
856.94
 20
753.41
 10
857.08
 20
754.42
  0
LWPOLYLINE
  5
10CB
330
17
100
AcDbEntity
  8
POLYLINES
100
AcDbPolyline
 90
12
 70
0
 10
855.21
 20
758.74
 10
855.21
 20
757.3
 10
855.07
 20
756.29
 10
855.07
 20
755.71
 10
854.92
 20
755.14
 10
854.78
 20
754.99
 10
854.63
 20
754.42
 10
854.35
 20
754.13
 10
854.06
 20
753.7
 10
853.63
 20
753.41
 10
853.34
 20
753.12
 10
852.76
 20
752.69
  0
LWPOLYLINE
  5
10CC
330
17
100
AcDbEntity
  8
POLYLINES
100
AcDbPolyline
 90
5
 70
0
 10
853.63
 20
756.43
 10
853.91
 20
756.43
 10
859.24
 20
757.15
 10
858.95
 20
757.3
 10
858.23
 20
757.01
  0
LWPOLYLINE
  5
10CD
330
17
100
AcDbEntity
  8
POLYLINES
100
AcDbPolyline
 90
6
 70
0
 10
862.55
 20
764.06
 10
862.41
 20
763.63
 10
861.83
 20
761.9
 10
861.26
 20
761.04
 10
860.39
 20
759.31
 10
859.67
 20
758.3
  0
LWPOLYLINE
  5
10CE
330
17
100
AcDbEntity
  8
POLYLINES
100
AcDbPolyline
 90
4
 70
0
 10
861.55
 20
761.33
 10
861.55
 20
752.4
 10
861.4
 20
753.26
 10
861.55
 20
753.98
  0
LWPOLYLINE
  5
10CF
330
17
100
AcDbEntity
  8
POLYLINES
100
AcDbPolyline
 90
4
 70
0
 10
864.57
 20
763.78
 10
865.15
 20
762.48
 10
865.29
 20
761.47
 10
865.15
 20
762.34
  0
LWPOLYLINE
  5
10D0
330
17
100
AcDbEntity
  8
POLYLINES
100
AcDbPolyline
 90
7
 70
0
 10
863.56
 20
759.31
 10
863.85
 20
758.45
 10
864.14
 20
757.3
 10
864.43
 20
756.43
 10
864.43
 20
755.86
 10
864.43
 20
756.58
 10
864.14
 20
757.44
  0
LWPOLYLINE
  5
10D1
330
17
100
AcDbEntity
  8
POLYLINES
100
AcDbPolyline
 90
5
 70
0
 10
866.3
 20
760.18
 10
866.3
 20
759.31
 10
866.01
 20
757.3
 10
865.72
 20
755.71
 10
865.43
 20
754.13
  0
LWPOLYLINE
  5
10D2
330
17
100
AcDbEntity
  8
POLYLINES
100
AcDbPolyline
 90
3
 70
0
 10
862.41
 20
753.84
 10
867.16
 20
754.13
 10
868.46
 20
754.27
  0
LWPOLYLINE
  5
10D3
330
17
100
AcDbEntity
  8
POLYLINES
100
AcDbPolyline
 90
4
 70
0
 10
1028.01
 20
762.19
 10
1028.73
 20
762.77
 10
1029.88
 20
764.06
 10
1029.88
 20
754.13
  0
LWPOLYLINE
  5
10D4
330
17
100
AcDbEntity
  8
POLYLINES
100
AcDbPolyline
 90
4
 70
0
 10
1034.06
 20
762.19
 10
1034.78
 20
762.77
 10
1035.93
 20
764.06
 10
1035.93
 20
754.13
  0
LWPOLYLINE
  5
10D5
330
17
100
AcDbEntity
  8
POLYLINES
100
AcDbPolyline
 90
3
 70
0
 10
1043.85
 20
764.06
 10
1040.11
 20
757.44
 10
1045.72
 20
757.44
  0
LWPOLYLINE
  5
10D6
330
17
100
AcDbEntity
  8
POLYLINES
100
AcDbPolyline
 90
4
 70
0
 10
1069.34
 20
761.04
 10
1074.38
 20
761.47
 10
1074.09
 20
761.47
 10
1073.66
 20
761.33
  0
LWPOLYLINE
  5
10D7
330
17
100
AcDbEntity
  8
POLYLINES
100
AcDbPolyline
 90
3
 70
0
 10
1075.1
 20
755.14
 10
1075.53
 20
755.28
 10
1075.96
 20
755.14
  0
LWPOLYLINE
  5
10D8
330
17
100
AcDbEntity
  8
POLYLINES
100
AcDbPolyline
 90
3
 70
0
 10
1078.41
 20
759.89
 10
1078.41
 20
760.46
 10
1077.55
 20
761.76
  0
LWPOLYLINE
  5
10D9
330
17
100
AcDbEntity
  8
POLYLINES
100
AcDbPolyline
 90
3
 70
0
 10
1076.83
 20
755.57
 10
1077.4
 20
754.7
 10
1079.42
 20
759.46
  0
LWPOLYLINE
  5
10DA
330
17
100
AcDbEntity
  8
POLYLINES
100
AcDbPolyline
 90
6
 70
0
 10
1081.58
 20
764.06
 10
1081.58
 20
763.63
 10
1081.0
 20
761.76
 10
1080.43
 20
760.03
 10
1079.99
 20
759.02
 10
1079.56
 20
758.3
  0
LWPOLYLINE
  5
10DB
330
17
100
AcDbEntity
  8
POLYLINES
100
AcDbPolyline
 90
5
 70
0
 10
1080.57
 20
760.03
 10
1084.31
 20
760.61
 10
1084.03
 20
761.04
 10
1083.59
 20
759.89
 10
1083.02
 20
758.74
  0
LWPOLYLINE
  5
10DC
330
17
100
AcDbEntity
  8
POLYLINES
100
AcDbPolyline
 90
10
 70
0
 10
1081.72
 20
759.74
 10
1081.72
 20
759.02
 10
1081.43
 20
758.16
 10
1081.15
 20
757.01
 10
1080.71
 20
756.0
 10
1080.28
 20
754.99
 10
1079.71
 20
754.13
 10
1078.99
 20
753.41
 10
1078.41
 20
752.83
 10
1077.83
 20
752.4
  0
LWPOLYLINE
  5
10DD
330
17
100
AcDbEntity
  8
POLYLINES
100
AcDbPolyline
 90
7
 70
0
 10
1081.29
 20
757.58
 10
1081.87
 20
756.43
 10
1082.73
 20
754.42
 10
1083.45
 20
752.98
 10
1084.89
 20
752.83
 10
1083.45
 20
753.12
 10
1083.02
 20
753.84
  0
LWPOLYLINE
  5
10DE
330
17
100
AcDbEntity
  8
POLYLINES
100
AcDbPolyline
 90
13
 70
0
 10
1087.91
 20
763.92
 10
1088.06
 20
762.91
 10
1088.06
 20
761.47
 10
1088.06
 20
760.46
 10
1087.91
 20
759.31
 10
1087.77
 20
758.16
 10
1087.48
 20
757.01
 10
1087.19
 20
756.14
 10
1086.91
 20
755.14
 10
1086.47
 20
754.56
 10
1086.04
 20
753.98
 10
1085.75
 20
753.26
 10
1085.61
 20
752.98
  0
LWPOLYLINE
  5
10DF
330
17
100
AcDbEntity
  8
POLYLINES
100
AcDbPolyline
 90
7
 70
0
 10
1088.2
 20
762.77
 10
1092.67
 20
763.63
 10
1092.38
 20
763.78
 10
1092.23
 20
763.34
 10
1091.95
 20
761.62
 10
1092.38
 20
761.62
 10
1088.06
 20
761.18
  0
LWPOLYLINE
  5
10E0
330
17
100
AcDbEntity
  8
POLYLINES
100
AcDbPolyline
 90
4
 70
0
 10
1091.37
 20
761.18
 10
1091.66
 20
760.75
 10
1091.51
 20
760.75
 10
1090.94
 20
759.17
  0
LWPOLYLINE
  5
10E1
330
17
100
AcDbEntity
  8
POLYLINES
100
AcDbPolyline
 90
4
 70
0
 10
1089.07
 20
760.9
 10
1089.64
 20
759.31
 10
1089.64
 20
759.74
 10
1089.35
 20
760.18
  0
LWPOLYLINE
  5
10E2
330
17
100
AcDbEntity
  8
POLYLINES
100
AcDbPolyline
 90
6
 70
0
 10
1088.35
 20
758.59
 10
1088.63
 20
758.45
 10
1088.63
 20
758.59
 10
1093.1
 20
759.31
 10
1092.81
 20
759.46
 10
1092.52
 20
759.31
  0
LWPOLYLINE
  5
10E3
330
17
100
AcDbEntity
  8
POLYLINES
100
AcDbPolyline
 90
5
 70
0
 10
1091.51
 20
758.88
 10
1091.51
 20
754.13
 10
1091.51
 20
752.98
 10
1091.37
 20
753.41
 10
1091.51
 20
754.42
  0
LWPOLYLINE
  5
10E4
330
17
100
AcDbEntity
  8
POLYLINES
100
AcDbPolyline
 90
12
 70
0
 10
1089.64
 20
758.74
 10
1089.64
 20
757.3
 10
1089.5
 20
756.29
 10
1089.5
 20
755.71
 10
1089.35
 20
755.14
 10
1089.21
 20
754.99
 10
1089.07
 20
754.42
 10
1088.78
 20
754.13
 10
1088.49
 20
753.7
 10
1088.06
 20
753.41
 10
1087.77
 20
753.12
 10
1087.19
 20
752.69
  0
LWPOLYLINE
  5
10E5
330
17
100
AcDbEntity
  8
POLYLINES
100
AcDbPolyline
 90
5
 70
0
 10
1088.06
 20
756.43
 10
1088.35
 20
756.43
 10
1093.67
 20
757.15
 10
1093.53
 20
757.3
 10
1092.67
 20
757.01
  0
LWPOLYLINE
  5
10E6
330
17
100
AcDbEntity
  8
POLYLINES
100
AcDbPolyline
 90
6
 70
0
 10
1095.98
 20
755.14
 10
1094.97
 20
755.14
 10
1094.97
 20
755.86
 10
1095.98
 20
755.86
 10
1095.98
 20
754.42
 10
1094.97
 20
753.84
  0
LWPOLYLINE
  5
10E7
330
17
100
AcDbEntity
  8
POLYLINES
100
AcDbPolyline
 90
5
 70
0
 10
1105.05
 20
763.63
 10
1105.34
 20
762.77
 10
1105.34
 20
757.15
 10
1105.19
 20
757.73
 10
1105.34
 20
758.88
  0
LWPOLYLINE
  5
10E8
330
17
100
AcDbEntity
  8
POLYLINES
100
AcDbPolyline
 90
7
 70
0
 10
1105.34
 20
762.91
 10
1109.23
 20
763.34
 10
1108.94
 20
763.63
 10
1108.94
 20
763.06
 10
1108.51
 20
757.3
 10
1108.51
 20
757.87
 10
1108.65
 20
758.74
  0
LWPOLYLINE
  5
10E9
330
17
100
AcDbEntity
  8
POLYLINES
100
AcDbPolyline
 90
13
 70
0
 10
1106.92
 20
761.47
 10
1107.07
 20
761.04
 10
1106.92
 20
759.89
 10
1106.78
 20
758.59
 10
1106.49
 20
757.58
 10
1106.35
 20
756.86
 10
1106.06
 20
756.14
 10
1105.77
 20
755.57
 10
1105.34
 20
754.99
 10
1104.76
 20
754.27
 10
1104.33
 20
753.84
 10
1103.9
 20
753.41
 10
1103.03
 20
752.98
  0
LWPOLYLINE
  5
10EA
330
17
100
AcDbEntity
  8
POLYLINES
100
AcDbPolyline
 90
15
 70
0
 10
1107.35
 20
758.3
 10
1107.5
 20
758.02
 10
1107.35
 20
757.73
 10
1107.35
 20
755.71
 10
1107.35
 20
754.85
 10
1107.5
 20
754.42
 10
1107.64
 20
754.13
 10
1107.93
 20
753.98
 10
1108.36
 20
753.84
 10
1109.08
 20
753.84
 10
1110.67
 20
753.98
 10
1110.95
 20
754.13
 10
1111.1
 20
754.13
 10
1110.81
 20
756.58
 10
1110.81
 20
754.13
  0
LWPOLYLINE
  5
10EB
330
17
100
AcDbEntity
  8
POLYLINES
100
AcDbPolyline
 90
12
 70
0
 10
1112.54
 20
761.47
 10
1112.83
 20
760.75
 10
1112.97
 20
759.46
 10
1112.97
 20
757.44
 10
1112.97
 20
757.3
 10
1113.11
 20
755.28
 10
1112.97
 20
756.29
 10
1117.72
 20
756.86
 10
1117.15
 20
756.86
 10
1117.87
 20
761.33
 10
1117.87
 20
761.04
 10
1112.83
 20
760.46
  0
LWPOLYLINE
  5
10EC
330
17
100
AcDbEntity
  8
POLYLINES
100
AcDbPolyline
 90
16
 70
0
 10
1115.13
 20
763.63
 10
1115.42
 20
763.34
 10
1115.27
 20
763.34
 10
1115.27
 20
761.18
 10
1115.13
 20
756.86
 10
1115.13
 20
755.14
 10
1115.27
 20
754.13
 10
1115.42
 20
753.7
 10
1115.71
 20
753.26
 10
1116.14
 20
753.12
 10
1116.86
 20
752.98
 10
1118.73
 20
753.12
 10
1119.02
 20
753.26
 10
1119.16
 20
753.41
 10
1118.87
 20
755.57
 10
1119.02
 20
753.41
  0
LWPOLYLINE
  5
10ED
330
17
100
AcDbEntity
  8
POLYLINES
100
AcDbPolyline
 90
6
 70
0
 10
1123.77
 20
764.06
 10
1123.77
 20
763.63
 10
1123.19
 20
762.62
 10
1122.33
 20
761.04
 10
1121.61
 20
760.03
 10
1120.75
 20
759.17
  0
LWPOLYLINE
  5
10EE
330
17
100
AcDbEntity
  8
POLYLINES
100
AcDbPolyline
 90
4
 70
0
 10
1122.76
 20
761.47
 10
1127.51
 20
762.34
 10
1127.08
 20
762.48
 10
1126.36
 20
762.05
  0
LWPOLYLINE
  5
10EF
330
17
100
AcDbEntity
  8
POLYLINES
100
AcDbPolyline
 90
6
 70
0
 10
1122.91
 20
760.03
 10
1123.05
 20
759.89
 10
1123.05
 20
760.03
 10
1126.36
 20
760.46
 10
1126.07
 20
760.61
 10
1125.79
 20
760.46
  0
LWPOLYLINE
  5
10F0
330
17
100
AcDbEntity
  8
POLYLINES
100
AcDbPolyline
 90
19
 70
0
 10
1121.75
 20
758.16
 10
1121.9
 20
758.02
 10
1122.19
 20
758.02
 10
1126.36
 20
759.02
 10
1126.22
 20
759.31
 10
1126.22
 20
758.74
 10
1126.22
 20
757.44
 10
1126.22
 20
756.58
 10
1126.36
 20
756.0
 10
1126.51
 20
755.42
 10
1126.65
 20
754.85
 10
1126.79
 20
754.42
 10
1127.23
 20
753.98
 10
1127.51
 20
753.41
 10
1127.95
 20
753.12
 10
1128.38
 20
752.98
 10
1128.67
 20
752.69
 10
1128.52
 20
754.99
 10
1128.52
 20
752.98
  0
LWPOLYLINE
  5
10F1
330
17
100
AcDbEntity
  8
POLYLINES
100
AcDbPolyline
 90
4
 70
0
 10
1130.83
 20
761.04
 10
1136.01
 20
761.47
 10
1135.58
 20
761.47
 10
1135.15
 20
761.33
  0
LWPOLYLINE
  5
10F2
330
17
100
AcDbEntity
  8
POLYLINES
100
AcDbPolyline
 90
3
 70
0
 10
1136.59
 20
755.14
 10
1137.02
 20
755.28
 10
1137.45
 20
755.14
  0
LWPOLYLINE
  5
10F3
330
17
100
AcDbEntity
  8
POLYLINES
100
AcDbPolyline
 90
3
 70
0
 10
1140.04
 20
759.89
 10
1139.9
 20
760.46
 10
1139.03
 20
761.76
  0
LWPOLYLINE
  5
10F4
330
17
100
AcDbEntity
  8
POLYLINES
100
AcDbPolyline
 90
3
 70
0
 10
1138.31
 20
755.57
 10
1139.03
 20
754.7
 10
1140.91
 20
759.46
  0
LWPOLYLINE
  5
10F5
330
17
100
AcDbEntity
  8
POLYLINES
100
AcDbPolyline
 90
6
 70
0
 10
1143.21
 20
764.06
 10
1143.07
 20
763.63
 10
1142.63
 20
761.76
 10
1141.91
 20
760.03
 10
1141.48
 20
759.02
 10
1141.05
 20
758.3
  0
LWPOLYLINE
  5
10F6
330
17
100
AcDbEntity
  8
POLYLINES
100
AcDbPolyline
 90
5
 70
0
 10
1142.06
 20
760.03
 10
1145.8
 20
760.61
 10
1145.51
 20
761.04
 10
1145.08
 20
759.89
 10
1144.51
 20
758.74
  0
LWPOLYLINE
  5
10F7
330
17
100
AcDbEntity
  8
POLYLINES
100
AcDbPolyline
 90
10
 70
0
 10
1143.21
 20
759.74
 10
1143.21
 20
759.02
 10
1143.07
 20
758.16
 10
1142.63
 20
757.01
 10
1142.2
 20
756.0
 10
1141.77
 20
754.99
 10
1141.19
 20
754.13
 10
1140.62
 20
753.41
 10
1139.9
 20
752.83
 10
1139.47
 20
752.4
  0
LWPOLYLINE
  5
10F8
330
17
100
AcDbEntity
  8
POLYLINES
100
AcDbPolyline
 90
7
 70
0
 10
1142.92
 20
757.58
 10
1143.5
 20
756.43
 10
1144.22
 20
754.42
 10
1144.94
 20
752.98
 10
1146.38
 20
752.83
 10
1144.94
 20
753.12
 10
1144.51
 20
753.84
  0
LWPOLYLINE
  5
10F9
330
17
100
AcDbEntity
  8
POLYLINES
100
AcDbPolyline
 90
3
 70
0
 10
1148.25
 20
763.34
 10
1149.11
 20
762.05
 10
1149.4
 20
761.47
  0
LWPOLYLINE
  5
10FA
330
17
100
AcDbEntity
  8
POLYLINES
100
AcDbPolyline
 90
7
 70
0
 10
1147.24
 20
759.46
 10
1149.11
 20
759.89
 10
1148.83
 20
760.32
 10
1148.83
 20
759.46
 10
1148.68
 20
754.7
 10
1148.39
 20
754.27
 10
1149.98
 20
756.14
  0
LWPOLYLINE
  5
10FB
330
17
100
AcDbEntity
  8
POLYLINES
100
AcDbPolyline
 90
8
 70
0
 10
1151.13
 20
763.63
 10
1151.27
 20
762.77
 10
1151.27
 20
761.76
 10
1151.13
 20
761.04
 10
1150.84
 20
760.18
 10
1150.55
 20
759.6
 10
1150.27
 20
759.17
 10
1149.98
 20
758.74
  0
LWPOLYLINE
  5
10FC
330
17
100
AcDbEntity
  8
POLYLINES
100
AcDbPolyline
 90
14
 70
0
 10
1151.27
 20
762.77
 10
1153.29
 20
763.06
 10
1153.15
 20
763.34
 10
1153.0
 20
762.62
 10
1153.0
 20
761.9
 10
1153.0
 20
761.33
 10
1153.0
 20
760.75
 10
1153.0
 20
760.46
 10
1153.15
 20
760.18
 10
1153.43
 20
760.03
 10
1153.87
 20
760.03
 10
1154.3
 20
760.03
 10
1154.59
 20
760.03
 10
1154.87
 20
760.32
  0
LWPOLYLINE
  5
10FD
330
17
100
AcDbEntity
  8
POLYLINES
100
AcDbPolyline
 90
12
 70
0
 10
1150.84
 20
758.45
 10
1153.72
 20
758.88
 10
1153.58
 20
759.17
 10
1153.29
 20
758.45
 10
1152.86
 20
757.44
 10
1152.43
 20
756.72
 10
1152.14
 20
756.14
 10
1151.56
 20
755.28
 10
1150.84
 20
754.56
 10
1150.27
 20
753.98
 10
1149.69
 20
753.41
 10
1149.26
 20
753.12
  0
LWPOLYLINE
  5
10FE
330
17
100
AcDbEntity
  8
POLYLINES
100
AcDbPolyline
 90
6
 70
0
 10
1150.84
 20
757.58
 10
1150.99
 20
757.58
 10
1153.72
 20
753.55
 10
1155.02
 20
753.41
 10
1153.72
 20
753.7
 10
1153.29
 20
754.13
  0
LWPOLYLINE
  5
10FF
330
17
100
AcDbEntity
  8
POLYLINES
100
AcDbPolyline
 90
4
 70
0
 10
1157.18
 20
763.78
 10
1157.75
 20
762.77
 10
1158.04
 20
762.34
 10
1158.19
 20
761.76
  0
LWPOLYLINE
  5
1100
330
17
100
AcDbEntity
  8
POLYLINES
100
AcDbPolyline
 90
6
 70
0
 10
1156.03
 20
759.6
 10
1158.19
 20
760.03
 10
1158.04
 20
760.18
 10
1157.9
 20
754.42
 10
1157.61
 20
754.13
 10
1159.48
 20
756.72
  0
LWPOLYLINE
  5
1101
330
17
100
AcDbEntity
  8
POLYLINES
100
AcDbPolyline
 90
4
 70
0
 10
1159.05
 20
759.6
 10
1163.95
 20
760.03
 10
1163.66
 20
760.18
 10
1162.94
 20
760.03
  0
LWPOLYLINE
  5
1102
330
17
100
AcDbEntity
  8
POLYLINES
100
AcDbPolyline
 90
5
 70
0
 10
1161.35
 20
764.06
 10
1161.5
 20
763.34
 10
1161.5
 20
752.69
 10
1161.35
 20
753.41
 10
1161.5
 20
754.27
  0
LWPOLYLINE
  5
1103
330
17
100
AcDbEntity
  8
POLYLINES
100
AcDbPolyline
 90
4
 70
0
 10
723.59
 20
735.84
 10
717.11
 20
735.84
 10
722.01
 20
742.32
 10
722.01
 20
732.53
  0
LWPOLYLINE
  5
1104
330
17
100
AcDbEntity
  8
POLYLINES
100
AcDbPolyline
 90
7
 70
0
 10
726.91
 20
732.53
 10
726.91
 20
742.32
 10
731.95
 20
742.32
 10
733.53
 20
740.74
 10
733.53
 20
739.01
 10
731.95
 20
737.42
 10
726.91
 20
737.42
  0
LWPOLYLINE
  5
1105
330
17
100
AcDbEntity
  8
POLYLINES
100
AcDbPolyline
 90
3
 70
0
 10
830.44
 20
741.17
 10
830.3
 20
732.67
 10
829.58
 20
733.82
  0
LWPOLYLINE
  5
1106
330
17
100
AcDbEntity
  8
POLYLINES
100
AcDbPolyline
 90
3
 70
0
 10
827.99
 20
741.31
 10
827.99
 20
735.98
 10
827.27
 20
732.53
  0
LWPOLYLINE
  5
1107
330
17
100
AcDbEntity
  8
POLYLINES
100
AcDbPolyline
 90
4
 70
0
 10
832.6
 20
740.16
 10
832.46
 20
736.99
 10
831.88
 20
733.97
 10
831.31
 20
732.24
  0
LWPOLYLINE
  5
1108
330
17
100
AcDbEntity
  8
POLYLINES
100
AcDbPolyline
 90
3
 70
0
 10
834.04
 20
733.82
 10
834.62
 20
734.69
 10
834.91
 20
736.13
  0
LWPOLYLINE
  5
1109
330
17
100
AcDbEntity
  8
POLYLINES
100
AcDbPolyline
 90
3
 70
0
 10
833.18
 20
734.98
 10
835.48
 20
732.1
 10
836.06
 20
732.1
  0
LWPOLYLINE
  5
110A
330
17
100
AcDbEntity
  8
POLYLINES
100
AcDbPolyline
 90
3
 70
0
 10
837.79
 20
736.56
 10
837.21
 20
734.26
 10
838.65
 20
733.25
  0
LWPOLYLINE
  5
110B
330
17
100
AcDbEntity
  8
POLYLINES
100
AcDbPolyline
 90
4
 70
0
 10
838.51
 20
736.42
 10
838.22
 20
734.54
 10
837.64
 20
733.25
 10
836.92
 20
732.53
  0
LWPOLYLINE
  5
110C
330
17
100
AcDbEntity
  8
POLYLINES
100
AcDbPolyline
 90
4
 70
0
 10
839.66
 20
741.46
 10
839.51
 20
739.44
 10
839.23
 20
738.29
 10
838.79
 20
736.27
  0
LWPOLYLINE
  5
110D
330
17
100
AcDbEntity
  8
POLYLINES
100
AcDbPolyline
 90
4
 70
0
 10
840.23
 20
738.43
 10
839.95
 20
735.84
 10
839.37
 20
733.97
 10
838.51
 20
732.24
  0
LWPOLYLINE
  5
110E
330
17
100
AcDbEntity
  8
POLYLINES
100
AcDbPolyline
 90
3
 70
0
 10
839.08
 20
737.14
 10
840.38
 20
732.67
 10
841.1
 20
732.67
  0
LWPOLYLINE
  5
110F
330
17
100
AcDbEntity
  8
POLYLINES
100
AcDbPolyline
 90
4
 70
0
 10
844.12
 20
740.74
 10
844.12
 20
738.29
 10
843.98
 20
734.98
 10
843.55
 20
732.38
  0
LWPOLYLINE
  5
1110
330
17
100
AcDbEntity
  8
POLYLINES
100
AcDbPolyline
 90
3
 70
0
 10
842.54
 20
733.82
 10
843.11
 20
732.53
 10
843.11
 20
741.46
  0
LWPOLYLINE
  5
1111
330
17
100
AcDbEntity
  8
POLYLINES
100
AcDbPolyline
 90
3
 70
0
 10
851.03
 20
741.46
 10
851.03
 20
732.67
 10
850.31
 20
733.97
  0
LWPOLYLINE
  5
1112
330
17
100
AcDbEntity
  8
POLYLINES
100
AcDbPolyline
 90
4
 70
0
 10
854.49
 20
737.57
 10
854.35
 20
735.84
 10
853.91
 20
733.97
 10
853.05
 20
732.67
  0
LWPOLYLINE
  5
1113
330
17
100
AcDbEntity
  8
POLYLINES
100
AcDbPolyline
 90
4
 70
0
 10
853.63
 20
741.46
 10
853.63
 20
739.44
 10
853.19
 20
736.42
 10
852.47
 20
732.82
  0
LWPOLYLINE
  5
1114
330
17
100
AcDbEntity
  8
POLYLINES
100
AcDbPolyline
 90
4
 70
0
 10
857.23
 20
740.45
 10
858.09
 20
741.02
 10
859.24
 20
742.32
 10
859.24
 20
732.53
  0
LWPOLYLINE
  5
1115
330
17
100
AcDbEntity
  8
POLYLINES
100
AcDbPolyline
 90
3
 70
0
 10
1035.5
 20
740.74
 10
1036.94
 20
742.32
 10
1036.94
 20
732.53
  0
LWPOLYLINE
  5
1116
330
17
100
AcDbEntity
  8
POLYLINES
100
AcDbPolyline
 90
4
 70
0
 10
1069.34
 20
739.3
 10
1074.38
 20
739.73
 10
1074.09
 20
739.87
 10
1073.66
 20
739.58
  0
LWPOLYLINE
  5
1117
330
17
100
AcDbEntity
  8
POLYLINES
100
AcDbPolyline
 90
3
 70
0
 10
1075.1
 20
733.39
 10
1075.53
 20
733.54
 10
1075.96
 20
733.39
  0
LWPOLYLINE
  5
1118
330
17
100
AcDbEntity
  8
POLYLINES
100
AcDbPolyline
 90
3
 70
0
 10
1078.41
 20
738.14
 10
1078.41
 20
738.86
 10
1077.55
 20
740.02
  0
LWPOLYLINE
  5
1119
330
17
100
AcDbEntity
  8
POLYLINES
100
AcDbPolyline
 90
3
 70
0
 10
1076.83
 20
733.82
 10
1077.4
 20
732.96
 10
1079.42
 20
737.86
  0
LWPOLYLINE
  5
111A
330
17
100
AcDbEntity
  8
POLYLINES
100
AcDbPolyline
 90
6
 70
0
 10
1081.58
 20
742.32
 10
1081.58
 20
741.89
 10
1081.0
 20
740.02
 10
1080.43
 20
738.29
 10
1079.99
 20
737.28
 10
1079.56
 20
736.56
  0
LWPOLYLINE
  5
111B
330
17
100
AcDbEntity
  8
POLYLINES
100
AcDbPolyline
 90
5
 70
0
 10
1080.57
 20
738.29
 10
1084.31
 20
738.86
 10
1084.03
 20
739.3
 10
1083.59
 20
738.14
 10
1083.02
 20
736.99
  0
LWPOLYLINE
  5
111C
330
17
100
AcDbEntity
  8
POLYLINES
100
AcDbPolyline
 90
10
 70
0
 10
1081.72
 20
738.0
 10
1081.72
 20
737.28
 10
1081.43
 20
736.42
 10
1081.15
 20
735.26
 10
1080.71
 20
734.26
 10
1080.28
 20
733.25
 10
1079.71
 20
732.53
 10
1078.99
 20
731.66
 10
1078.41
 20
731.09
 10
1077.83
 20
730.66
  0
LWPOLYLINE
  5
111D
330
17
100
AcDbEntity
  8
POLYLINES
100
AcDbPolyline
 90
7
 70
0
 10
1081.29
 20
735.84
 10
1081.87
 20
734.69
 10
1082.73
 20
732.67
 10
1083.45
 20
731.23
 10
1084.89
 20
731.09
 10
1083.45
 20
731.52
 10
1083.02
 20
732.1
  0
LWPOLYLINE
  5
111E
330
17
100
AcDbEntity
  8
POLYLINES
100
AcDbPolyline
 90
13
 70
0
 10
1087.91
 20
742.18
 10
1088.06
 20
741.17
 10
1088.06
 20
739.73
 10
1088.06
 20
738.86
 10
1087.91
 20
737.57
 10
1087.77
 20
736.42
 10
1087.48
 20
735.26
 10
1087.19
 20
734.54
 10
1086.91
 20
733.54
 10
1086.47
 20
732.82
 10
1086.04
 20
732.24
 10
1085.75
 20
731.52
 10
1085.61
 20
731.23
  0
LWPOLYLINE
  5
111F
330
17
100
AcDbEntity
  8
POLYLINES
100
AcDbPolyline
 90
7
 70
0
 10
1088.2
 20
741.17
 10
1092.67
 20
741.89
 10
1092.38
 20
742.18
 10
1092.23
 20
741.6
 10
1091.95
 20
739.87
 10
1092.38
 20
739.87
 10
1088.06
 20
739.44
  0
LWPOLYLINE
  5
1120
330
17
100
AcDbEntity
  8
POLYLINES
100
AcDbPolyline
 90
4
 70
0
 10
1091.37
 20
739.44
 10
1091.66
 20
739.01
 10
1091.51
 20
739.01
 10
1090.94
 20
737.42
  0
LWPOLYLINE
  5
1121
330
17
100
AcDbEntity
  8
POLYLINES
100
AcDbPolyline
 90
4
 70
0
 10
1089.07
 20
739.15
 10
1089.64
 20
737.57
 10
1089.64
 20
738.0
 10
1089.35
 20
738.43
  0
LWPOLYLINE
  5
1122
330
17
100
AcDbEntity
  8
POLYLINES
100
AcDbPolyline
 90
6
 70
0
 10
1088.35
 20
736.85
 10
1088.63
 20
736.7
 10
1088.63
 20
736.85
 10
1093.1
 20
737.57
 10
1092.81
 20
737.71
 10
1092.52
 20
737.57
  0
LWPOLYLINE
  5
1123
330
17
100
AcDbEntity
  8
POLYLINES
100
AcDbPolyline
 90
5
 70
0
 10
1091.51
 20
737.14
 10
1091.51
 20
732.53
 10
1091.51
 20
731.23
 10
1091.37
 20
731.66
 10
1091.51
 20
732.67
  0
LWPOLYLINE
  5
1124
330
17
100
AcDbEntity
  8
POLYLINES
100
AcDbPolyline
 90
12
 70
0
 10
1089.64
 20
736.99
 10
1089.64
 20
735.55
 10
1089.5
 20
734.54
 10
1089.5
 20
733.97
 10
1089.35
 20
733.54
 10
1089.21
 20
733.25
 10
1089.07
 20
732.67
 10
1088.78
 20
732.53
 10
1088.49
 20
731.95
 10
1088.06
 20
731.66
 10
1087.77
 20
731.38
 10
1087.19
 20
730.94
  0
LWPOLYLINE
  5
1125
330
17
100
AcDbEntity
  8
POLYLINES
100
AcDbPolyline
 90
5
 70
0
 10
1088.06
 20
734.69
 10
1088.35
 20
734.69
 10
1093.67
 20
735.41
 10
1093.53
 20
735.55
 10
1092.67
 20
735.26
  0
LWPOLYLINE
  5
1126
330
17
100
AcDbEntity
  8
POLYLINES
100
AcDbPolyline
 90
6
 70
0
 10
1095.98
 20
733.39
 10
1094.97
 20
733.39
 10
1094.97
 20
734.11
 10
1095.98
 20
734.11
 10
1095.98
 20
732.82
 10
1094.97
 20
732.1
  0
LWPOLYLINE
  5
1127
330
17
100
AcDbEntity
  8
POLYLINES
100
AcDbPolyline
 90
5
 70
0
 10
1105.05
 20
741.89
 10
1105.34
 20
741.17
 10
1105.34
 20
735.41
 10
1105.19
 20
735.98
 10
1105.34
 20
737.14
  0
LWPOLYLINE
  5
1128
330
17
100
AcDbEntity
  8
POLYLINES
100
AcDbPolyline
 90
7
 70
0
 10
1105.34
 20
741.17
 10
1109.23
 20
741.6
 10
1108.94
 20
741.89
 10
1108.94
 20
741.31
 10
1108.51
 20
735.55
 10
1108.51
 20
736.13
 10
1108.65
 20
736.99
  0
LWPOLYLINE
  5
1129
330
17
100
AcDbEntity
  8
POLYLINES
100
AcDbPolyline
 90
13
 70
0
 10
1106.92
 20
739.73
 10
1107.07
 20
739.3
 10
1106.92
 20
738.14
 10
1106.78
 20
736.85
 10
1106.49
 20
735.84
 10
1106.35
 20
735.12
 10
1106.06
 20
734.4
 10
1105.77
 20
733.82
 10
1105.34
 20
733.25
 10
1104.76
 20
732.53
 10
1104.33
 20
732.1
 10
1103.9
 20
731.66
 10
1103.03
 20
731.23
  0
LWPOLYLINE
  5
112A
330
17
100
AcDbEntity
  8
POLYLINES
100
AcDbPolyline
 90
15
 70
0
 10
1107.35
 20
736.56
 10
1107.5
 20
736.27
 10
1107.35
 20
735.98
 10
1107.35
 20
733.97
 10
1107.35
 20
733.1
 10
1107.5
 20
732.67
 10
1107.64
 20
732.38
 10
1107.93
 20
732.24
 10
1108.36
 20
732.1
 10
1109.08
 20
732.1
 10
1110.67
 20
732.24
 10
1110.95
 20
732.38
 10
1111.1
 20
732.53
 10
1110.81
 20
734.83
 10
1110.81
 20
732.53
  0
LWPOLYLINE
  5
112B
330
17
100
AcDbEntity
  8
POLYLINES
100
AcDbPolyline
 90
12
 70
0
 10
1112.54
 20
739.73
 10
1112.83
 20
739.01
 10
1112.97
 20
737.86
 10
1112.97
 20
735.84
 10
1112.97
 20
735.55
 10
1113.11
 20
733.54
 10
1112.97
 20
734.54
 10
1117.72
 20
735.12
 10
1117.15
 20
735.12
 10
1117.87
 20
739.58
 10
1117.87
 20
739.3
 10
1112.83
 20
738.72
  0
LWPOLYLINE
  5
112C
330
17
100
AcDbEntity
  8
POLYLINES
100
AcDbPolyline
 90
16
 70
0
 10
1115.13
 20
741.89
 10
1115.42
 20
741.6
 10
1115.27
 20
741.6
 10
1115.27
 20
739.44
 10
1115.13
 20
735.12
 10
1115.13
 20
733.39
 10
1115.27
 20
732.53
 10
1115.42
 20
731.95
 10
1115.71
 20
731.52
 10
1116.14
 20
731.38
 10
1116.86
 20
731.23
 10
1118.73
 20
731.52
 10
1119.02
 20
731.52
 10
1119.16
 20
731.66
 10
1118.87
 20
733.82
 10
1119.02
 20
731.66
  0
LWPOLYLINE
  5
112D
330
17
100
AcDbEntity
  8
POLYLINES
100
AcDbPolyline
 90
6
 70
0
 10
1123.77
 20
742.32
 10
1123.77
 20
741.89
 10
1123.19
 20
740.88
 10
1122.33
 20
739.3
 10
1121.61
 20
738.29
 10
1120.75
 20
737.42
  0
LWPOLYLINE
  5
112E
330
17
100
AcDbEntity
  8
POLYLINES
100
AcDbPolyline
 90
4
 70
0
 10
1122.76
 20
739.87
 10
1127.51
 20
740.59
 10
1127.08
 20
740.74
 10
1126.36
 20
740.3
  0
LWPOLYLINE
  5
112F
330
17
100
AcDbEntity
  8
POLYLINES
100
AcDbPolyline
 90
6
 70
0
 10
1122.91
 20
738.29
 10
1123.05
 20
738.14
 10
1123.05
 20
738.29
 10
1126.36
 20
738.86
 10
1126.07
 20
738.86
 10
1125.79
 20
738.72
  0
LWPOLYLINE
  5
1130
330
17
100
AcDbEntity
  8
POLYLINES
100
AcDbPolyline
 90
19
 70
0
 10
1121.75
 20
736.42
 10
1121.9
 20
736.27
 10
1122.19
 20
736.27
 10
1126.36
 20
737.28
 10
1126.22
 20
737.57
 10
1126.22
 20
736.99
 10
1126.22
 20
735.7
 10
1126.22
 20
734.83
 10
1126.36
 20
734.26
 10
1126.51
 20
733.68
 10
1126.65
 20
733.1
 10
1126.79
 20
732.67
 10
1127.23
 20
732.24
 10
1127.51
 20
731.66
 10
1127.95
 20
731.38
 10
1128.38
 20
731.23
 10
1128.67
 20
730.94
 10
1128.52
 20
733.25
 10
1128.52
 20
731.23
  0
LWPOLYLINE
  5
1131
330
17
100
AcDbEntity
  8
POLYLINES
100
AcDbPolyline
 90
4
 70
0
 10
1130.83
 20
739.3
 10
1136.01
 20
739.73
 10
1135.58
 20
739.87
 10
1135.15
 20
739.58
  0
LWPOLYLINE
  5
1132
330
17
100
AcDbEntity
  8
POLYLINES
100
AcDbPolyline
 90
3
 70
0
 10
1136.59
 20
733.39
 10
1137.02
 20
733.54
 10
1137.45
 20
733.39
  0
LWPOLYLINE
  5
1133
330
17
100
AcDbEntity
  8
POLYLINES
100
AcDbPolyline
 90
3
 70
0
 10
1140.04
 20
738.14
 10
1139.9
 20
738.86
 10
1139.03
 20
740.02
  0
LWPOLYLINE
  5
1134
330
17
100
AcDbEntity
  8
POLYLINES
100
AcDbPolyline
 90
3
 70
0
 10
1138.31
 20
733.82
 10
1139.03
 20
732.96
 10
1140.91
 20
737.86
  0
LWPOLYLINE
  5
1135
330
17
100
AcDbEntity
  8
POLYLINES
100
AcDbPolyline
 90
6
 70
0
 10
1143.21
 20
742.32
 10
1143.07
 20
741.89
 10
1142.63
 20
740.02
 10
1141.91
 20
738.29
 10
1141.48
 20
737.28
 10
1141.05
 20
736.56
  0
LWPOLYLINE
  5
1136
330
17
100
AcDbEntity
  8
POLYLINES
100
AcDbPolyline
 90
5
 70
0
 10
1142.06
 20
738.29
 10
1145.8
 20
738.86
 10
1145.51
 20
739.3
 10
1145.08
 20
738.14
 10
1144.51
 20
736.99
  0
LWPOLYLINE
  5
1137
330
17
100
AcDbEntity
  8
POLYLINES
100
AcDbPolyline
 90
10
 70
0
 10
1143.21
 20
738.0
 10
1143.21
 20
737.28
 10
1143.07
 20
736.42
 10
1142.63
 20
735.26
 10
1142.2
 20
734.26
 10
1141.77
 20
733.25
 10
1141.19
 20
732.53
 10
1140.62
 20
731.66
 10
1139.9
 20
731.09
 10
1139.47
 20
730.66
  0
LWPOLYLINE
  5
1138
330
17
100
AcDbEntity
  8
POLYLINES
100
AcDbPolyline
 90
7
 70
0
 10
1142.92
 20
735.84
 10
1143.5
 20
734.69
 10
1144.22
 20
732.67
 10
1144.94
 20
731.23
 10
1146.38
 20
731.09
 10
1144.94
 20
731.52
 10
1144.51
 20
732.1
  0
LWPOLYLINE
  5
1139
330
17
100
AcDbEntity
  8
POLYLINES
100
AcDbPolyline
 90
3
 70
0
 10
1148.25
 20
741.6
 10
1149.11
 20
740.3
 10
1149.4
 20
739.87
  0
LWPOLYLINE
  5
113A
330
17
100
AcDbEntity
  8
POLYLINES
100
AcDbPolyline
 90
7
 70
0
 10
1147.24
 20
737.86
 10
1149.11
 20
738.14
 10
1148.83
 20
738.58
 10
1148.83
 20
737.86
 10
1148.68
 20
732.96
 10
1148.39
 20
732.53
 10
1149.98
 20
734.54
  0
LWPOLYLINE
  5
113B
330
17
100
AcDbEntity
  8
POLYLINES
100
AcDbPolyline
 90
8
 70
0
 10
1151.13
 20
741.89
 10
1151.27
 20
741.02
 10
1151.27
 20
740.02
 10
1151.13
 20
739.3
 10
1150.84
 20
738.43
 10
1150.55
 20
737.86
 10
1150.27
 20
737.42
 10
1149.98
 20
736.99
  0
LWPOLYLINE
  5
113C
330
17
100
AcDbEntity
  8
POLYLINES
100
AcDbPolyline
 90
14
 70
0
 10
1151.27
 20
741.17
 10
1153.29
 20
741.31
 10
1153.15
 20
741.6
 10
1153.0
 20
740.88
 10
1153.0
 20
740.16
 10
1153.0
 20
739.58
 10
1153.0
 20
739.01
 10
1153.0
 20
738.72
 10
1153.15
 20
738.43
 10
1153.43
 20
738.29
 10
1153.87
 20
738.29
 10
1154.3
 20
738.29
 10
1154.59
 20
738.29
 10
1154.87
 20
738.58
  0
LWPOLYLINE
  5
113D
330
17
100
AcDbEntity
  8
POLYLINES
100
AcDbPolyline
 90
12
 70
0
 10
1150.84
 20
736.7
 10
1153.72
 20
737.14
 10
1153.58
 20
737.42
 10
1153.29
 20
736.7
 10
1152.86
 20
735.84
 10
1152.43
 20
734.98
 10
1152.14
 20
734.4
 10
1151.56
 20
733.54
 10
1150.84
 20
732.82
 10
1150.27
 20
732.24
 10
1149.69
 20
731.66
 10
1149.26
 20
731.52
  0
LWPOLYLINE
  5
113E
330
17
100
AcDbEntity
  8
POLYLINES
100
AcDbPolyline
 90
6
 70
0
 10
1150.84
 20
735.84
 10
1150.99
 20
735.84
 10
1153.72
 20
731.81
 10
1155.02
 20
731.66
 10
1153.72
 20
731.95
 10
1153.29
 20
732.38
  0
LWPOLYLINE
  5
113F
330
17
100
AcDbEntity
  8
POLYLINES
100
AcDbPolyline
 90
4
 70
0
 10
1157.18
 20
742.03
 10
1157.75
 20
741.17
 10
1158.04
 20
740.59
 10
1158.19
 20
740.02
  0
LWPOLYLINE
  5
1140
330
17
100
AcDbEntity
  8
POLYLINES
100
AcDbPolyline
 90
6
 70
0
 10
1156.03
 20
737.86
 10
1158.19
 20
738.29
 10
1158.04
 20
738.43
 10
1157.9
 20
732.67
 10
1157.61
 20
732.38
 10
1159.48
 20
734.98
  0
LWPOLYLINE
  5
1141
330
17
100
AcDbEntity
  8
POLYLINES
100
AcDbPolyline
 90
4
 70
0
 10
1159.05
 20
737.86
 10
1163.95
 20
738.29
 10
1163.66
 20
738.43
 10
1162.94
 20
738.29
  0
LWPOLYLINE
  5
1142
330
17
100
AcDbEntity
  8
POLYLINES
100
AcDbPolyline
 90
5
 70
0
 10
1161.35
 20
742.32
 10
1161.5
 20
741.6
 10
1161.5
 20
730.94
 10
1161.35
 20
731.66
 10
1161.5
 20
732.53
  0
LWPOLYLINE
  5
1143
330
17
100
AcDbEntity
  8
POLYLINES
100
AcDbPolyline
 90
9
 70
0
 10
717.11
 20
712.37
 10
718.7
 20
710.78
 10
722.01
 20
710.78
 10
723.59
 20
712.37
 10
723.59
 20
715.68
 10
722.01
 20
717.41
 10
717.11
 20
717.41
 10
717.11
 20
720.72
 10
723.59
 20
720.72
  0
LWPOLYLINE
  5
1144
330
17
100
AcDbEntity
  8
POLYLINES
100
AcDbPolyline
 90
7
 70
0
 10
726.91
 20
710.78
 10
726.91
 20
720.72
 10
731.95
 20
720.72
 10
733.53
 20
718.99
 10
733.53
 20
717.41
 10
731.95
 20
715.68
 10
726.91
 20
715.68
  0
LWPOLYLINE
  5
1145
330
17
100
AcDbEntity
  8
POLYLINES
100
AcDbPolyline
 90
3
 70
0
 10
828.71
 20
719.42
 10
828.57
 20
710.93
 10
827.85
 20
712.08
  0
LWPOLYLINE
  5
1146
330
17
100
AcDbEntity
  8
POLYLINES
100
AcDbPolyline
 90
3
 70
0
 10
826.27
 20
719.57
 10
826.27
 20
714.24
 10
825.55
 20
710.78
  0
LWPOLYLINE
  5
1147
330
17
100
AcDbEntity
  8
POLYLINES
100
AcDbPolyline
 90
4
 70
0
 10
830.87
 20
718.42
 10
830.73
 20
715.25
 10
830.15
 20
712.22
 10
829.58
 20
710.5
  0
LWPOLYLINE
  5
1148
330
17
100
AcDbEntity
  8
POLYLINES
100
AcDbPolyline
 90
3
 70
0
 10
832.31
 20
712.08
 10
832.89
 20
712.94
 10
833.32
 20
714.38
  0
LWPOLYLINE
  5
1149
330
17
100
AcDbEntity
  8
POLYLINES
100
AcDbPolyline
 90
3
 70
0
 10
831.59
 20
713.38
 10
833.9
 20
710.35
 10
834.33
 20
710.35
  0
LWPOLYLINE
  5
114A
330
17
100
AcDbEntity
  8
POLYLINES
100
AcDbPolyline
 90
3
 70
0
 10
836.06
 20
714.82
 10
835.63
 20
712.66
 10
836.92
 20
711.5
  0
LWPOLYLINE
  5
114B
330
17
100
AcDbEntity
  8
POLYLINES
100
AcDbPolyline
 90
4
 70
0
 10
836.78
 20
714.67
 10
836.49
 20
712.8
 10
836.06
 20
711.5
 10
835.19
 20
710.78
  0
LWPOLYLINE
  5
114C
330
17
100
AcDbEntity
  8
POLYLINES
100
AcDbPolyline
 90
4
 70
0
 10
837.93
 20
719.71
 10
837.79
 20
717.7
 10
837.5
 20
716.54
 10
837.07
 20
714.53
  0
LWPOLYLINE
  5
114D
330
17
100
AcDbEntity
  8
POLYLINES
100
AcDbPolyline
 90
4
 70
0
 10
838.51
 20
716.69
 10
838.22
 20
714.1
 10
837.79
 20
712.22
 10
836.78
 20
710.5
  0
LWPOLYLINE
  5
114E
330
17
100
AcDbEntity
  8
POLYLINES
100
AcDbPolyline
 90
3
 70
0
 10
837.35
 20
715.39
 10
838.65
 20
710.93
 10
839.37
 20
710.93
  0
LWPOLYLINE
  5
114F
330
17
100
AcDbEntity
  8
POLYLINES
100
AcDbPolyline
 90
4
 70
0
 10
842.39
 20
718.99
 10
842.39
 20
716.54
 10
842.25
 20
713.38
 10
841.82
 20
710.64
  0
LWPOLYLINE
  5
1150
330
17
100
AcDbEntity
  8
POLYLINES
100
AcDbPolyline
 90
3
 70
0
 10
840.81
 20
712.08
 10
841.39
 20
710.78
 10
841.39
 20
719.71
  0
LWPOLYLINE
  5
1151
330
17
100
AcDbEntity
  8
POLYLINES
100
AcDbPolyline
 90
3
 70
0
 10
849.45
 20
719.71
 10
849.45
 20
710.93
 10
848.59
 20
712.22
  0
LWPOLYLINE
  5
1152
330
17
100
AcDbEntity
  8
POLYLINES
100
AcDbPolyline
 90
4
 70
0
 10
852.76
 20
715.97
 10
852.76
 20
714.1
 10
852.19
 20
712.22
 10
851.32
 20
710.93
  0
LWPOLYLINE
  5
1153
330
17
100
AcDbEntity
  8
POLYLINES
100
AcDbPolyline
 90
4
 70
0
 10
851.9
 20
719.71
 10
851.9
 20
717.7
 10
851.47
 20
714.67
 10
850.75
 20
711.07
  0
LWPOLYLINE
  5
1154
330
17
100
AcDbEntity
  8
POLYLINES
100
AcDbPolyline
 90
14
 70
0
 10
855.93
 20
718.27
 10
855.93
 20
718.7
 10
856.36
 20
719.71
 10
856.79
 20
720.14
 10
857.51
 20
720.72
 10
858.95
 20
720.72
 10
859.67
 20
720.14
 10
860.11
 20
719.71
 10
860.54
 20
718.7
 10
860.54
 20
717.84
 10
860.11
 20
716.83
 10
859.39
 20
715.39
 10
855.64
 20
710.78
 10
860.83
 20
710.78
  0
LWPOLYLINE
  5
1155
330
17
100
AcDbEntity
  8
POLYLINES
100
AcDbPolyline
 90
3
 70
0
 10
1035.5
 20
718.99
 10
1036.94
 20
720.72
 10
1036.94
 20
710.78
  0
LWPOLYLINE
  5
1156
330
17
100
AcDbEntity
  8
POLYLINES
100
AcDbPolyline
 90
4
 70
0
 10
1069.34
 20
717.55
 10
1074.38
 20
717.98
 10
1074.09
 20
718.13
 10
1073.66
 20
717.84
  0
LWPOLYLINE
  5
1157
330
17
100
AcDbEntity
  8
POLYLINES
100
AcDbPolyline
 90
3
 70
0
 10
1075.1
 20
711.65
 10
1075.53
 20
711.79
 10
1075.96
 20
711.65
  0
LWPOLYLINE
  5
1158
330
17
100
AcDbEntity
  8
POLYLINES
100
AcDbPolyline
 90
3
 70
0
 10
1078.41
 20
716.4
 10
1078.41
 20
717.12
 10
1077.55
 20
718.42
  0
LWPOLYLINE
  5
1159
330
17
100
AcDbEntity
  8
POLYLINES
100
AcDbPolyline
 90
3
 70
0
 10
1076.83
 20
712.08
 10
1077.4
 20
711.22
 10
1079.42
 20
716.11
  0
LWPOLYLINE
  5
115A
330
17
100
AcDbEntity
  8
POLYLINES
100
AcDbPolyline
 90
6
 70
0
 10
1081.58
 20
720.72
 10
1081.58
 20
720.14
 10
1081.0
 20
718.27
 10
1080.43
 20
716.54
 10
1079.99
 20
715.54
 10
1079.56
 20
714.82
  0
LWPOLYLINE
  5
115B
330
17
100
AcDbEntity
  8
POLYLINES
100
AcDbPolyline
 90
5
 70
0
 10
1080.57
 20
716.54
 10
1084.31
 20
717.12
 10
1084.03
 20
717.55
 10
1083.59
 20
716.4
 10
1083.02
 20
715.25
  0
LWPOLYLINE
  5
115C
330
17
100
AcDbEntity
  8
POLYLINES
100
AcDbPolyline
 90
10
 70
0
 10
1081.72
 20
716.26
 10
1081.72
 20
715.54
 10
1081.43
 20
714.67
 10
1081.15
 20
713.52
 10
1080.71
 20
712.51
 10
1080.28
 20
711.5
 10
1079.71
 20
710.78
 10
1078.99
 20
710.06
 10
1078.41
 20
709.34
 10
1077.83
 20
709.06
  0
LWPOLYLINE
  5
115D
330
17
100
AcDbEntity
  8
POLYLINES
100
AcDbPolyline
 90
7
 70
0
 10
1081.29
 20
714.1
 10
1081.87
 20
713.09
 10
1082.73
 20
711.07
 10
1083.45
 20
709.49
 10
1084.89
 20
709.34
 10
1083.45
 20
709.78
 10
1083.02
 20
710.35
  0
LWPOLYLINE
  5
115E
330
17
100
AcDbEntity
  8
POLYLINES
100
AcDbPolyline
 90
13
 70
0
 10
1087.91
 20
720.43
 10
1088.06
 20
719.42
 10
1088.06
 20
717.98
 10
1088.06
 20
717.12
 10
1087.91
 20
715.82
 10
1087.77
 20
714.67
 10
1087.48
 20
713.52
 10
1087.19
 20
712.8
 10
1086.91
 20
711.79
 10
1086.47
 20
711.07
 10
1086.04
 20
710.5
 10
1085.75
 20
709.78
 10
1085.61
 20
709.49
  0
LWPOLYLINE
  5
115F
330
17
100
AcDbEntity
  8
POLYLINES
100
AcDbPolyline
 90
7
 70
0
 10
1088.2
 20
719.42
 10
1092.67
 20
720.14
 10
1092.38
 20
720.43
 10
1092.23
 20
719.86
 10
1091.95
 20
718.13
 10
1092.38
 20
718.13
 10
1088.06
 20
717.7
  0
LWPOLYLINE
  5
1160
330
17
100
AcDbEntity
  8
POLYLINES
100
AcDbPolyline
 90
4
 70
0
 10
1091.37
 20
717.7
 10
1091.66
 20
717.41
 10
1091.51
 20
717.41
 10
1090.94
 20
715.68
  0
LWPOLYLINE
  5
1161
330
17
100
AcDbEntity
  8
POLYLINES
100
AcDbPolyline
 90
4
 70
0
 10
1089.07
 20
717.41
 10
1089.64
 20
715.82
 10
1089.64
 20
716.4
 10
1089.35
 20
716.69
  0
LWPOLYLINE
  5
1162
330
17
100
AcDbEntity
  8
POLYLINES
100
AcDbPolyline
 90
6
 70
0
 10
1088.35
 20
715.1
 10
1088.63
 20
714.96
 10
1088.63
 20
715.1
 10
1093.1
 20
715.82
 10
1092.81
 20
715.97
 10
1092.52
 20
715.82
  0
LWPOLYLINE
  5
1163
330
17
100
AcDbEntity
  8
POLYLINES
100
AcDbPolyline
 90
5
 70
0
 10
1091.51
 20
715.39
 10
1091.51
 20
710.78
 10
1091.51
 20
709.49
 10
1091.37
 20
709.92
 10
1091.51
 20
710.93
  0
LWPOLYLINE
  5
1164
330
17
100
AcDbEntity
  8
POLYLINES
100
AcDbPolyline
 90
12
 70
0
 10
1089.64
 20
715.25
 10
1089.64
 20
713.81
 10
1089.5
 20
712.8
 10
1089.5
 20
712.22
 10
1089.35
 20
711.79
 10
1089.21
 20
711.5
 10
1089.07
 20
711.07
 10
1088.78
 20
710.78
 10
1088.49
 20
710.21
 10
1088.06
 20
709.92
 10
1087.77
 20
709.63
 10
1087.19
 20
709.2
  0
LWPOLYLINE
  5
1165
330
17
100
AcDbEntity
  8
POLYLINES
100
AcDbPolyline
 90
6
 70
0
 10
1088.06
 20
713.09
 10
1088.06
 20
712.94
 10
1088.35
 20
713.09
 10
1093.67
 20
713.66
 10
1093.53
 20
713.81
 10
1092.67
 20
713.52
  0
LWPOLYLINE
  5
1166
330
17
100
AcDbEntity
  8
POLYLINES
100
AcDbPolyline
 90
6
 70
0
 10
1095.98
 20
711.65
 10
1094.97
 20
711.65
 10
1094.97
 20
712.37
 10
1095.98
 20
712.37
 10
1095.98
 20
711.07
 10
1094.97
 20
710.35
  0
LWPOLYLINE
  5
1167
330
17
100
AcDbEntity
  8
POLYLINES
100
AcDbPolyline
 90
5
 70
0
 10
1105.05
 20
720.14
 10
1105.34
 20
719.42
 10
1105.34
 20
713.66
 10
1105.19
 20
714.38
 10
1105.34
 20
715.39
  0
LWPOLYLINE
  5
1168
330
17
100
AcDbEntity
  8
POLYLINES
100
AcDbPolyline
 90
7
 70
0
 10
1105.34
 20
719.42
 10
1109.23
 20
719.86
 10
1108.94
 20
720.14
 10
1108.94
 20
719.71
 10
1108.51
 20
713.81
 10
1108.51
 20
714.38
 10
1108.65
 20
715.39
  0
LWPOLYLINE
  5
1169
330
17
100
AcDbEntity
  8
POLYLINES
100
AcDbPolyline
 90
13
 70
0
 10
1106.92
 20
717.98
 10
1107.07
 20
717.55
 10
1106.92
 20
716.4
 10
1106.78
 20
715.1
 10
1106.49
 20
714.1
 10
1106.35
 20
713.38
 10
1106.06
 20
712.66
 10
1105.77
 20
712.08
 10
1105.34
 20
711.5
 10
1104.76
 20
710.78
 10
1104.33
 20
710.35
 10
1103.9
 20
709.92
 10
1103.03
 20
709.49
  0
LWPOLYLINE
  5
116A
330
17
100
AcDbEntity
  8
POLYLINES
100
AcDbPolyline
 90
15
 70
0
 10
1107.35
 20
714.82
 10
1107.5
 20
714.53
 10
1107.35
 20
714.38
 10
1107.35
 20
712.22
 10
1107.35
 20
711.36
 10
1107.5
 20
710.93
 10
1107.64
 20
710.64
 10
1107.93
 20
710.5
 10
1108.36
 20
710.35
 10
1109.08
 20
710.35
 10
1110.67
 20
710.5
 10
1110.95
 20
710.64
 10
1111.1
 20
710.78
 10
1110.81
 20
713.09
 10
1110.81
 20
710.78
  0
LWPOLYLINE
  5
116B
330
17
100
AcDbEntity
  8
POLYLINES
100
AcDbPolyline
 90
12
 70
0
 10
1112.54
 20
717.98
 10
1112.83
 20
717.41
 10
1112.97
 20
716.11
 10
1112.97
 20
714.1
 10
1112.97
 20
713.81
 10
1113.11
 20
711.79
 10
1112.97
 20
712.8
 10
1117.72
 20
713.38
 10
1117.15
 20
713.38
 10
1117.87
 20
717.84
 10
1117.87
 20
717.55
 10
1112.83
 20
716.98
  0
LWPOLYLINE
  5
116C
330
17
100
AcDbEntity
  8
POLYLINES
100
AcDbPolyline
 90
16
 70
0
 10
1115.13
 20
720.14
 10
1115.42
 20
719.86
 10
1115.27
 20
719.86
 10
1115.27
 20
717.7
 10
1115.13
 20
713.38
 10
1115.13
 20
711.65
 10
1115.27
 20
710.78
 10
1115.42
 20
710.21
 10
1115.71
 20
709.78
 10
1116.14
 20
709.63
 10
1116.86
 20
709.49
 10
1118.73
 20
709.78
 10
1119.02
 20
709.78
 10
1119.16
 20
709.92
 10
1118.87
 20
712.08
 10
1119.02
 20
710.06
  0
LWPOLYLINE
  5
116D
330
17
100
AcDbEntity
  8
POLYLINES
100
AcDbPolyline
 90
6
 70
0
 10
1123.77
 20
720.58
 10
1123.77
 20
720.14
 10
1123.19
 20
719.14
 10
1122.33
 20
717.55
 10
1121.61
 20
716.54
 10
1120.75
 20
715.68
  0
LWPOLYLINE
  5
116E
330
17
100
AcDbEntity
  8
POLYLINES
100
AcDbPolyline
 90
4
 70
0
 10
1122.76
 20
718.13
 10
1127.51
 20
718.85
 10
1127.08
 20
718.99
 10
1126.36
 20
718.56
  0
LWPOLYLINE
  5
116F
330
17
100
AcDbEntity
  8
POLYLINES
100
AcDbPolyline
 90
6
 70
0
 10
1122.91
 20
716.54
 10
1123.05
 20
716.4
 10
1123.05
 20
716.54
 10
1126.36
 20
717.12
 10
1126.07
 20
717.12
 10
1125.79
 20
716.98
  0
LWPOLYLINE
  5
1170
330
17
100
AcDbEntity
  8
POLYLINES
100
AcDbPolyline
 90
19
 70
0
 10
1121.75
 20
714.67
 10
1121.9
 20
714.53
 10
1122.19
 20
714.53
 10
1126.36
 20
715.54
 10
1126.22
 20
715.82
 10
1126.22
 20
715.39
 10
1126.22
 20
713.95
 10
1126.22
 20
713.09
 10
1126.36
 20
712.51
 10
1126.51
 20
711.94
 10
1126.65
 20
711.36
 10
1126.79
 20
710.93
 10
1127.23
 20
710.5
 10
1127.51
 20
710.06
 10
1127.95
 20
709.63
 10
1128.38
 20
709.49
 10
1128.67
 20
709.2
 10
1128.52
 20
711.5
 10
1128.52
 20
709.49
  0
LWPOLYLINE
  5
1171
330
17
100
AcDbEntity
  8
POLYLINES
100
AcDbPolyline
 90
4
 70
0
 10
1130.83
 20
717.55
 10
1136.01
 20
717.98
 10
1135.58
 20
718.13
 10
1135.15
 20
717.84
  0
LWPOLYLINE
  5
1172
330
17
100
AcDbEntity
  8
POLYLINES
100
AcDbPolyline
 90
3
 70
0
 10
1136.59
 20
711.65
 10
1137.02
 20
711.79
 10
1137.45
 20
711.65
  0
LWPOLYLINE
  5
1173
330
17
100
AcDbEntity
  8
POLYLINES
100
AcDbPolyline
 90
3
 70
0
 10
1140.04
 20
716.4
 10
1139.9
 20
717.12
 10
1139.03
 20
718.42
  0
LWPOLYLINE
  5
1174
330
17
100
AcDbEntity
  8
POLYLINES
100
AcDbPolyline
 90
3
 70
0
 10
1138.31
 20
712.08
 10
1139.03
 20
711.22
 10
1140.91
 20
716.11
  0
LWPOLYLINE
  5
1175
330
17
100
AcDbEntity
  8
POLYLINES
100
AcDbPolyline
 90
6
 70
0
 10
1143.21
 20
720.72
 10
1143.07
 20
720.14
 10
1142.63
 20
718.27
 10
1141.91
 20
716.54
 10
1141.48
 20
715.54
 10
1141.05
 20
714.82
  0
LWPOLYLINE
  5
1176
330
17
100
AcDbEntity
  8
POLYLINES
100
AcDbPolyline
 90
5
 70
0
 10
1142.06
 20
716.54
 10
1145.8
 20
717.12
 10
1145.51
 20
717.55
 10
1145.08
 20
716.4
 10
1144.51
 20
715.25
  0
LWPOLYLINE
  5
1177
330
17
100
AcDbEntity
  8
POLYLINES
100
AcDbPolyline
 90
10
 70
0
 10
1143.21
 20
716.26
 10
1143.21
 20
715.54
 10
1143.07
 20
714.67
 10
1142.63
 20
713.52
 10
1142.2
 20
712.51
 10
1141.77
 20
711.5
 10
1141.19
 20
710.78
 10
1140.62
 20
710.06
 10
1139.9
 20
709.34
 10
1139.47
 20
709.06
  0
LWPOLYLINE
  5
1178
330
17
100
AcDbEntity
  8
POLYLINES
100
AcDbPolyline
 90
7
 70
0
 10
1142.92
 20
714.1
 10
1143.5
 20
713.09
 10
1144.22
 20
711.07
 10
1144.94
 20
709.49
 10
1146.38
 20
709.34
 10
1144.94
 20
709.78
 10
1144.51
 20
710.35
  0
LWPOLYLINE
  5
1179
330
17
100
AcDbEntity
  8
POLYLINES
100
AcDbPolyline
 90
3
 70
0
 10
1148.25
 20
719.86
 10
1149.11
 20
718.56
 10
1149.4
 20
718.13
  0
LWPOLYLINE
  5
117A
330
17
100
AcDbEntity
  8
POLYLINES
100
AcDbPolyline
 90
7
 70
0
 10
1147.24
 20
716.11
 10
1149.11
 20
716.4
 10
1148.83
 20
716.83
 10
1148.83
 20
716.11
 10
1148.68
 20
711.22
 10
1148.39
 20
710.78
 10
1149.98
 20
712.8
  0
LWPOLYLINE
  5
117B
330
17
100
AcDbEntity
  8
POLYLINES
100
AcDbPolyline
 90
8
 70
0
 10
1151.13
 20
720.14
 10
1151.27
 20
719.28
 10
1151.27
 20
718.42
 10
1151.13
 20
717.55
 10
1150.84
 20
716.69
 10
1150.55
 20
716.11
 10
1150.27
 20
715.68
 10
1149.98
 20
715.25
  0
LWPOLYLINE
  5
117C
330
17
100
AcDbEntity
  8
POLYLINES
100
AcDbPolyline
 90
14
 70
0
 10
1151.27
 20
719.42
 10
1153.29
 20
719.57
 10
1153.15
 20
719.86
 10
1153.0
 20
719.14
 10
1153.0
 20
718.42
 10
1153.0
 20
717.84
 10
1153.0
 20
717.26
 10
1153.0
 20
716.98
 10
1153.15
 20
716.69
 10
1153.43
 20
716.54
 10
1153.87
 20
716.54
 10
1154.3
 20
716.54
 10
1154.59
 20
716.54
 10
1154.87
 20
716.83
  0
LWPOLYLINE
  5
117D
330
17
100
AcDbEntity
  8
POLYLINES
100
AcDbPolyline
 90
12
 70
0
 10
1150.84
 20
714.96
 10
1153.72
 20
715.39
 10
1153.58
 20
715.68
 10
1153.29
 20
714.96
 10
1152.86
 20
714.1
 10
1152.43
 20
713.23
 10
1152.14
 20
712.66
 10
1151.56
 20
711.79
 10
1150.84
 20
711.07
 10
1150.27
 20
710.5
 10
1149.69
 20
710.06
 10
1149.26
 20
709.78
  0
LWPOLYLINE
  5
117E
330
17
100
AcDbEntity
  8
POLYLINES
100
AcDbPolyline
 90
6
 70
0
 10
1150.84
 20
714.1
 10
1150.99
 20
714.1
 10
1153.72
 20
710.06
 10
1155.02
 20
710.06
 10
1153.72
 20
710.21
 10
1153.29
 20
710.64
  0
LWPOLYLINE
  5
117F
330
17
100
AcDbEntity
  8
POLYLINES
100
AcDbPolyline
 90
4
 70
0
 10
1157.18
 20
720.29
 10
1157.75
 20
719.42
 10
1158.04
 20
718.85
 10
1158.19
 20
718.42
  0
LWPOLYLINE
  5
1180
330
17
100
AcDbEntity
  8
POLYLINES
100
AcDbPolyline
 90
6
 70
0
 10
1156.03
 20
716.11
 10
1158.19
 20
716.54
 10
1158.04
 20
716.69
 10
1157.9
 20
711.07
 10
1157.61
 20
710.64
 10
1159.48
 20
713.23
  0
LWPOLYLINE
  5
1181
330
17
100
AcDbEntity
  8
POLYLINES
100
AcDbPolyline
 90
4
 70
0
 10
1159.05
 20
716.11
 10
1163.95
 20
716.54
 10
1163.66
 20
716.69
 10
1162.94
 20
716.54
  0
LWPOLYLINE
  5
1182
330
17
100
AcDbEntity
  8
POLYLINES
100
AcDbPolyline
 90
5
 70
0
 10
1161.35
 20
720.58
 10
1161.5
 20
719.86
 10
1161.5
 20
709.2
 10
1161.35
 20
709.92
 10
1161.5
 20
710.78
  0
LWPOLYLINE
  5
1183
330
17
100
AcDbEntity
  8
POLYLINES
100
AcDbPolyline
 90
10
 70
0
 10
712.07
 20
697.25
 10
713.8
 20
698.98
 10
717.11
 20
698.98
 10
718.7
 20
697.25
 10
718.7
 20
695.66
 10
717.11
 20
693.94
 10
713.8
 20
693.94
 10
712.07
 20
692.35
 10
712.07
 20
689.04
 10
718.7
 20
689.04
  0
LWPOLYLINE
  5
1184
330
17
100
AcDbEntity
  8
POLYLINES
100
AcDbPolyline
 90
10
 70
0
 10
722.01
 20
693.94
 10
726.91
 20
693.94
 10
728.63
 20
692.35
 10
728.63
 20
690.62
 10
726.91
 20
689.04
 10
723.59
 20
689.04
 10
722.01
 20
690.62
 10
722.01
 20
695.66
 10
725.32
 20
698.98
 10
726.91
 20
698.98
  0
LWPOLYLINE
  5
1185
330
17
100
AcDbEntity
  8
POLYLINES
100
AcDbPolyline
 90
7
 70
0
 10
731.95
 20
689.04
 10
731.95
 20
698.98
 10
736.84
 20
698.98
 10
738.57
 20
697.25
 10
738.57
 20
695.66
 10
736.84
 20
693.94
 10
731.95
 20
693.94
  0
LWPOLYLINE
  5
1186
330
17
100
AcDbEntity
  8
POLYLINES
100
AcDbPolyline
 90
10
 70
0
 10
816.47
 20
698.98
 10
816.47
 20
691.78
 10
816.76
 20
690.48
 10
817.63
 20
689.47
 10
818.78
 20
689.04
 10
819.5
 20
689.04
 10
820.65
 20
689.47
 10
821.37
 20
690.48
 10
821.8
 20
691.78
 10
821.8
 20
698.98
  0
LWPOLYLINE
  5
1187
330
17
100
AcDbEntity
  8
POLYLINES
100
AcDbPolyline
 90
11
 70
0
 10
824.83
 20
689.04
 10
824.83
 20
698.98
 10
828.14
 20
698.98
 10
829.29
 20
698.4
 10
829.72
 20
697.97
 10
830.01
 20
696.96
 10
830.01
 20
695.66
 10
829.72
 20
694.66
 10
829.29
 20
694.22
 10
828.14
 20
693.79
 10
824.83
 20
693.79
  0
LWPOLYLINE
  5
1188
330
17
100
AcDbEntity
  8
POLYLINES
100
AcDbPolyline
 90
20
 70
0
 10
837.93
 20
697.54
 10
837.21
 20
698.4
 10
836.06
 20
698.98
 10
834.62
 20
698.98
 10
833.47
 20
698.4
 10
832.75
 20
697.54
 10
832.75
 20
696.53
 10
833.03
 20
695.66
 10
833.47
 20
695.09
 10
834.19
 20
694.66
 10
836.49
 20
693.79
 10
837.21
 20
693.22
 10
837.64
 20
692.78
 10
837.93
 20
691.78
 10
837.93
 20
690.48
 10
837.21
 20
689.47
 10
836.06
 20
689.04
 10
834.62
 20
689.04
 10
833.47
 20
689.47
 10
832.75
 20
690.48
  0
LWPOLYLINE
  5
1189
330
17
100
AcDbEntity
  8
POLYLINES
100
AcDbPolyline
 90
7
 70
0
 10
842.83
 20
698.26
 10
842.83
 20
690.34
 10
842.97
 20
689.9
 10
843.11
 20
689.62
 10
843.55
 20
689.33
 10
845.27
 20
689.47
 10
844.99
 20
691.49
  0
LWPOLYLINE
  5
118A
330
17
100
AcDbEntity
  8
POLYLINES
100
AcDbPolyline
 90
3
 70
0
 10
849.45
 20
692.78
 10
849.45
 20
689.04
 10
848.73
 20
690.05
  0
LWPOLYLINE
  5
118B
330
17
100
AcDbEntity
  8
POLYLINES
100
AcDbPolyline
 90
3
 70
0
 10
848.15
 20
697.82
 10
848.01
 20
694.22
 10
847.58
 20
691.78
  0
LWPOLYLINE
  5
118C
330
17
100
AcDbEntity
  8
POLYLINES
100
AcDbPolyline
 90
3
 70
0
 10
853.91
 20
693.36
 10
853.91
 20
688.9
 10
853.05
 20
689.76
  0
LWPOLYLINE
  5
118D
330
17
100
AcDbEntity
  8
POLYLINES
100
AcDbPolyline
 90
4
 70
0
 10
859.24
 20
693.5
 10
858.95
 20
691.63
 10
858.67
 20
690.34
 10
857.37
 20
688.9
  0
LWPOLYLINE
  5
118E
330
17
100
AcDbEntity
  8
POLYLINES
100
AcDbPolyline
 90
5
 70
0
 10
859.82
 20
693.65
 10
859.82
 20
689.62
 10
860.25
 20
689.18
 10
861.11
 20
689.18
 10
861.11
 20
691.06
  0
LWPOLYLINE
  5
118F
330
17
100
AcDbEntity
  8
POLYLINES
100
AcDbPolyline
 90
4
 70
0
 10
863.85
 20
694.22
 10
863.85
 20
692.35
 10
863.27
 20
690.48
 10
862.41
 20
689.18
  0
LWPOLYLINE
  5
1190
330
17
100
AcDbEntity
  8
POLYLINES
100
AcDbPolyline
 90
4
 70
0
 10
862.99
 20
697.97
 10
862.99
 20
696.1
 10
862.7
 20
692.93
 10
861.83
 20
689.33
  0
LWPOLYLINE
  5
1191
330
17
100
AcDbEntity
  8
POLYLINES
100
AcDbPolyline
 90
4
 70
0
 10
866.73
 20
696.96
 10
867.45
 20
697.54
 10
868.6
 20
698.98
 10
868.6
 20
689.04
  0
LWPOLYLINE
  5
1192
330
17
100
AcDbEntity
  8
POLYLINES
100
AcDbPolyline
 90
3
 70
0
 10
1035.5
 20
697.25
 10
1036.94
 20
698.98
 10
1036.94
 20
689.04
  0
LWPOLYLINE
  5
1193
330
17
100
AcDbEntity
  8
POLYLINES
100
AcDbPolyline
 90
4
 70
0
 10
1069.34
 20
695.81
 10
1074.38
 20
696.24
 10
1074.09
 20
696.38
 10
1073.66
 20
696.1
  0
LWPOLYLINE
  5
1194
330
17
100
AcDbEntity
  8
POLYLINES
100
AcDbPolyline
 90
3
 70
0
 10
1075.1
 20
689.9
 10
1075.53
 20
690.05
 10
1075.96
 20
689.9
  0
LWPOLYLINE
  5
1195
330
17
100
AcDbEntity
  8
POLYLINES
100
AcDbPolyline
 90
3
 70
0
 10
1078.41
 20
694.66
 10
1078.41
 20
695.38
 10
1077.55
 20
696.67
  0
LWPOLYLINE
  5
1196
330
17
100
AcDbEntity
  8
POLYLINES
100
AcDbPolyline
 90
3
 70
0
 10
1076.83
 20
690.34
 10
1077.4
 20
689.62
 10
1079.42
 20
694.37
  0
LWPOLYLINE
  5
1197
330
17
100
AcDbEntity
  8
POLYLINES
100
AcDbPolyline
 90
6
 70
0
 10
1081.58
 20
698.98
 10
1081.58
 20
698.4
 10
1081.0
 20
696.53
 10
1080.43
 20
694.8
 10
1079.99
 20
693.94
 10
1079.56
 20
693.07
  0
LWPOLYLINE
  5
1198
330
17
100
AcDbEntity
  8
POLYLINES
100
AcDbPolyline
 90
5
 70
0
 10
1080.57
 20
694.94
 10
1084.31
 20
695.38
 10
1084.03
 20
695.81
 10
1083.59
 20
694.66
 10
1083.02
 20
693.5
  0
LWPOLYLINE
  5
1199
330
17
100
AcDbEntity
  8
POLYLINES
100
AcDbPolyline
 90
10
 70
0
 10
1081.72
 20
694.51
 10
1081.72
 20
693.94
 10
1081.43
 20
692.93
 10
1081.15
 20
691.78
 10
1080.71
 20
690.77
 10
1080.28
 20
689.76
 10
1079.71
 20
689.04
 10
1078.99
 20
688.32
 10
1078.41
 20
687.6
 10
1077.83
 20
687.31
  0
LWPOLYLINE
  5
119A
330
17
100
AcDbEntity
  8
POLYLINES
100
AcDbPolyline
 90
7
 70
0
 10
1081.29
 20
692.35
 10
1081.87
 20
691.34
 10
1082.73
 20
689.33
 10
1083.45
 20
687.74
 10
1084.89
 20
687.6
 10
1083.45
 20
688.03
 10
1083.02
 20
688.61
  0
LWPOLYLINE
  5
119B
330
17
100
AcDbEntity
  8
POLYLINES
100
AcDbPolyline
 90
13
 70
0
 10
1087.91
 20
698.69
 10
1088.06
 20
697.68
 10
1088.06
 20
696.24
 10
1088.06
 20
695.38
 10
1087.91
 20
694.08
 10
1087.77
 20
692.93
 10
1087.48
 20
691.78
 10
1087.19
 20
691.06
 10
1086.91
 20
690.05
 10
1086.47
 20
689.33
 10
1086.04
 20
688.75
 10
1085.75
 20
688.03
 10
1085.61
 20
687.74
  0
LWPOLYLINE
  5
119C
330
17
100
AcDbEntity
  8
POLYLINES
100
AcDbPolyline
 90
7
 70
0
 10
1088.2
 20
697.68
 10
1092.67
 20
698.4
 10
1092.38
 20
698.69
 10
1092.23
 20
698.26
 10
1091.95
 20
696.38
 10
1092.38
 20
696.38
 10
1088.06
 20
695.95
  0
LWPOLYLINE
  5
119D
330
17
100
AcDbEntity
  8
POLYLINES
100
AcDbPolyline
 90
4
 70
0
 10
1091.37
 20
695.95
 10
1091.66
 20
695.66
 10
1091.51
 20
695.66
 10
1090.94
 20
693.94
  0
LWPOLYLINE
  5
119E
330
17
100
AcDbEntity
  8
POLYLINES
100
AcDbPolyline
 90
4
 70
0
 10
1089.07
 20
695.66
 10
1089.64
 20
694.08
 10
1089.64
 20
694.66
 10
1089.35
 20
694.94
  0
LWPOLYLINE
  5
119F
330
17
100
AcDbEntity
  8
POLYLINES
100
AcDbPolyline
 90
6
 70
0
 10
1088.35
 20
693.36
 10
1088.63
 20
693.22
 10
1088.63
 20
693.36
 10
1093.1
 20
694.08
 10
1092.81
 20
694.22
 10
1092.52
 20
694.08
  0
LWPOLYLINE
  5
11A0
330
17
100
AcDbEntity
  8
POLYLINES
100
AcDbPolyline
 90
5
 70
0
 10
1091.51
 20
693.65
 10
1091.51
 20
689.04
 10
1091.51
 20
687.74
 10
1091.37
 20
688.18
 10
1091.51
 20
689.18
  0
LWPOLYLINE
  5
11A1
330
17
100
AcDbEntity
  8
POLYLINES
100
AcDbPolyline
 90
12
 70
0
 10
1089.64
 20
693.5
 10
1089.64
 20
692.06
 10
1089.5
 20
691.06
 10
1089.5
 20
690.62
 10
1089.35
 20
690.05
 10
1089.21
 20
689.76
 10
1089.07
 20
689.33
 10
1088.78
 20
689.04
 10
1088.49
 20
688.61
 10
1088.06
 20
688.18
 10
1087.77
 20
687.89
 10
1087.19
 20
687.6
  0
LWPOLYLINE
  5
11A2
330
17
100
AcDbEntity
  8
POLYLINES
100
AcDbPolyline
 90
6
 70
0
 10
1088.06
 20
691.34
 10
1088.06
 20
691.2
 10
1088.35
 20
691.34
 10
1093.67
 20
691.92
 10
1093.53
 20
692.06
 10
1092.67
 20
691.78
  0
LWPOLYLINE
  5
11A3
330
17
100
AcDbEntity
  8
POLYLINES
100
AcDbPolyline
 90
6
 70
0
 10
1095.98
 20
689.9
 10
1094.97
 20
689.9
 10
1094.97
 20
690.62
 10
1095.98
 20
690.62
 10
1095.98
 20
689.33
 10
1094.97
 20
688.61
  0
LWPOLYLINE
  5
11A4
330
17
100
AcDbEntity
  8
POLYLINES
100
AcDbPolyline
 90
5
 70
0
 10
1105.05
 20
698.4
 10
1105.34
 20
697.68
 10
1105.34
 20
691.92
 10
1105.19
 20
692.64
 10
1105.34
 20
693.65
  0
LWPOLYLINE
  5
11A5
330
17
100
AcDbEntity
  8
POLYLINES
100
AcDbPolyline
 90
7
 70
0
 10
1105.34
 20
697.68
 10
1109.23
 20
698.26
 10
1108.94
 20
698.4
 10
1108.94
 20
697.97
 10
1108.51
 20
692.06
 10
1108.51
 20
692.64
 10
1108.65
 20
693.65
  0
LWPOLYLINE
  5
11A6
330
17
100
AcDbEntity
  8
POLYLINES
100
AcDbPolyline
 90
13
 70
0
 10
1106.92
 20
696.24
 10
1107.07
 20
695.81
 10
1106.92
 20
694.66
 10
1106.78
 20
693.36
 10
1106.49
 20
692.35
 10
1106.35
 20
691.63
 10
1106.06
 20
690.91
 10
1105.77
 20
690.34
 10
1105.34
 20
689.76
 10
1104.76
 20
689.04
 10
1104.33
 20
688.61
 10
1103.9
 20
688.18
 10
1103.03
 20
687.74
  0
LWPOLYLINE
  5
11A7
330
17
100
AcDbEntity
  8
POLYLINES
100
AcDbPolyline
 90
15
 70
0
 10
1107.35
 20
693.07
 10
1107.5
 20
692.78
 10
1107.35
 20
692.64
 10
1107.35
 20
690.62
 10
1107.35
 20
689.62
 10
1107.5
 20
689.18
 10
1107.64
 20
688.9
 10
1107.93
 20
688.75
 10
1108.36
 20
688.61
 10
1109.08
 20
688.61
 10
1110.67
 20
688.75
 10
1110.95
 20
688.9
 10
1111.1
 20
689.04
 10
1110.81
 20
691.34
 10
1110.81
 20
689.04
  0
LWPOLYLINE
  5
11A8
330
17
100
AcDbEntity
  8
POLYLINES
100
AcDbPolyline
 90
12
 70
0
 10
1112.54
 20
696.24
 10
1112.83
 20
695.66
 10
1112.97
 20
694.37
 10
1112.97
 20
692.35
 10
1112.97
 20
692.06
 10
1113.11
 20
690.05
 10
1112.97
 20
691.06
 10
1117.72
 20
691.63
 10
1117.15
 20
691.63
 10
1117.87
 20
696.1
 10
1117.87
 20
695.95
 10
1112.83
 20
695.23
  0
LWPOLYLINE
  5
11A9
330
17
100
AcDbEntity
  8
POLYLINES
100
AcDbPolyline
 90
16
 70
0
 10
1115.13
 20
698.4
 10
1115.42
 20
698.11
 10
1115.27
 20
698.26
 10
1115.27
 20
695.95
 10
1115.13
 20
691.63
 10
1115.13
 20
689.9
 10
1115.27
 20
689.04
 10
1115.42
 20
688.61
 10
1115.71
 20
688.03
 10
1116.14
 20
687.89
 10
1116.86
 20
687.74
 10
1118.73
 20
688.03
 10
1119.02
 20
688.03
 10
1119.16
 20
688.18
 10
1118.87
 20
690.34
 10
1119.02
 20
688.32
  0
LWPOLYLINE
  5
11AA
330
17
100
AcDbEntity
  8
POLYLINES
100
AcDbPolyline
 90
6
 70
0
 10
1123.77
 20
698.83
 10
1123.77
 20
698.4
 10
1123.19
 20
697.39
 10
1122.33
 20
695.95
 10
1121.61
 20
694.94
 10
1120.75
 20
693.94
  0
LWPOLYLINE
  5
11AB
330
17
100
AcDbEntity
  8
POLYLINES
100
AcDbPolyline
 90
4
 70
0
 10
1122.76
 20
696.38
 10
1127.51
 20
697.1
 10
1127.08
 20
697.25
 10
1126.36
 20
696.96
  0
LWPOLYLINE
  5
11AC
330
17
100
AcDbEntity
  8
POLYLINES
100
AcDbPolyline
 90
6
 70
0
 10
1122.91
 20
694.8
 10
1123.05
 20
694.66
 10
1123.05
 20
694.8
 10
1126.36
 20
695.38
 10
1126.07
 20
695.38
 10
1125.79
 20
695.23
  0
LWPOLYLINE
  5
11AD
330
17
100
AcDbEntity
  8
POLYLINES
100
AcDbPolyline
 90
19
 70
0
 10
1121.75
 20
692.93
 10
1121.9
 20
692.78
 10
1122.19
 20
692.93
 10
1126.36
 20
693.79
 10
1126.22
 20
694.08
 10
1126.22
 20
693.65
 10
1126.22
 20
692.21
 10
1126.22
 20
691.34
 10
1126.36
 20
690.77
 10
1126.51
 20
690.19
 10
1126.65
 20
689.62
 10
1126.79
 20
689.18
 10
1127.23
 20
688.75
 10
1127.51
 20
688.32
 10
1127.95
 20
687.89
 10
1128.38
 20
687.74
 10
1128.67
 20
687.46
 10
1128.52
 20
689.76
 10
1128.52
 20
687.74
  0
LWPOLYLINE
  5
11AE
330
17
100
AcDbEntity
  8
POLYLINES
100
AcDbPolyline
 90
4
 70
0
 10
1130.83
 20
695.81
 10
1136.01
 20
696.24
 10
1135.58
 20
696.38
 10
1135.15
 20
696.1
  0
LWPOLYLINE
  5
11AF
330
17
100
AcDbEntity
  8
POLYLINES
100
AcDbPolyline
 90
3
 70
0
 10
1136.59
 20
689.9
 10
1137.02
 20
690.05
 10
1137.45
 20
689.9
  0
LWPOLYLINE
  5
11B0
330
17
100
AcDbEntity
  8
POLYLINES
100
AcDbPolyline
 90
3
 70
0
 10
1140.04
 20
694.66
 10
1139.9
 20
695.38
 10
1139.03
 20
696.67
  0
LWPOLYLINE
  5
11B1
330
17
100
AcDbEntity
  8
POLYLINES
100
AcDbPolyline
 90
3
 70
0
 10
1138.31
 20
690.34
 10
1139.03
 20
689.62
 10
1140.91
 20
694.37
  0
LWPOLYLINE
  5
11B2
330
17
100
AcDbEntity
  8
POLYLINES
100
AcDbPolyline
 90
6
 70
0
 10
1143.21
 20
698.98
 10
1143.07
 20
698.4
 10
1142.63
 20
696.53
 10
1141.91
 20
694.8
 10
1141.48
 20
693.94
 10
1141.05
 20
693.07
  0
LWPOLYLINE
  5
11B3
330
17
100
AcDbEntity
  8
POLYLINES
100
AcDbPolyline
 90
5
 70
0
 10
1142.06
 20
694.94
 10
1145.8
 20
695.38
 10
1145.51
 20
695.81
 10
1145.08
 20
694.66
 10
1144.51
 20
693.5
  0
LWPOLYLINE
  5
11B4
330
17
100
AcDbEntity
  8
POLYLINES
100
AcDbPolyline
 90
10
 70
0
 10
1143.21
 20
694.51
 10
1143.21
 20
693.94
 10
1143.07
 20
692.93
 10
1142.63
 20
691.78
 10
1142.2
 20
690.77
 10
1141.77
 20
689.76
 10
1141.19
 20
689.04
 10
1140.62
 20
688.32
 10
1139.9
 20
687.6
 10
1139.47
 20
687.31
  0
LWPOLYLINE
  5
11B5
330
17
100
AcDbEntity
  8
POLYLINES
100
AcDbPolyline
 90
7
 70
0
 10
1142.92
 20
692.35
 10
1143.5
 20
691.34
 10
1144.22
 20
689.33
 10
1144.94
 20
687.74
 10
1146.38
 20
687.6
 10
1144.94
 20
688.03
 10
1144.51
 20
688.61
  0
LWPOLYLINE
  5
11B6
330
17
100
AcDbEntity
  8
POLYLINES
100
AcDbPolyline
 90
3
 70
0
 10
1148.25
 20
698.26
 10
1149.11
 20
696.96
 10
1149.4
 20
696.38
  0
LWPOLYLINE
  5
11B7
330
17
100
AcDbEntity
  8
POLYLINES
100
AcDbPolyline
 90
7
 70
0
 10
1147.24
 20
694.37
 10
1149.11
 20
694.66
 10
1148.83
 20
695.09
 10
1148.83
 20
694.37
 10
1148.68
 20
689.47
 10
1148.39
 20
689.04
 10
1149.98
 20
691.06
  0
LWPOLYLINE
  5
11B8
330
17
100
AcDbEntity
  8
POLYLINES
100
AcDbPolyline
 90
8
 70
0
 10
1151.13
 20
698.4
 10
1151.27
 20
697.54
 10
1151.27
 20
696.67
 10
1151.13
 20
695.81
 10
1150.84
 20
694.94
 10
1150.55
 20
694.37
 10
1150.27
 20
693.94
 10
1149.98
 20
693.5
  0
LWPOLYLINE
  5
11B9
330
17
100
AcDbEntity
  8
POLYLINES
100
AcDbPolyline
 90
14
 70
0
 10
1151.27
 20
697.68
 10
1153.29
 20
697.82
 10
1153.15
 20
698.11
 10
1153.0
 20
697.39
 10
1153.0
 20
696.67
 10
1153.0
 20
696.1
 10
1153.0
 20
695.52
 10
1153.0
 20
695.23
 10
1153.15
 20
694.94
 10
1153.43
 20
694.94
 10
1153.87
 20
694.8
 10
1154.3
 20
694.8
 10
1154.59
 20
694.94
 10
1154.87
 20
695.09
  0
LWPOLYLINE
  5
11BA
330
17
100
AcDbEntity
  8
POLYLINES
100
AcDbPolyline
 90
12
 70
0
 10
1150.84
 20
693.22
 10
1153.72
 20
693.65
 10
1153.58
 20
693.94
 10
1153.29
 20
693.22
 10
1152.86
 20
692.35
 10
1152.43
 20
691.63
 10
1152.14
 20
690.91
 10
1151.56
 20
690.05
 10
1150.84
 20
689.33
 10
1150.27
 20
688.75
 10
1149.69
 20
688.32
 10
1149.26
 20
688.03
  0
LWPOLYLINE
  5
11BB
330
17
100
AcDbEntity
  8
POLYLINES
100
AcDbPolyline
 90
6
 70
0
 10
1150.84
 20
692.35
 10
1150.99
 20
692.35
 10
1153.72
 20
688.32
 10
1155.02
 20
688.32
 10
1153.72
 20
688.61
 10
1153.29
 20
688.9
  0
LWPOLYLINE
  5
11BC
330
17
100
AcDbEntity
  8
POLYLINES
100
AcDbPolyline
 90
4
 70
0
 10
1157.18
 20
698.54
 10
1157.75
 20
697.68
 10
1158.04
 20
697.1
 10
1158.19
 20
696.67
  0
LWPOLYLINE
  5
11BD
330
17
100
AcDbEntity
  8
POLYLINES
100
AcDbPolyline
 90
6
 70
0
 10
1156.03
 20
694.37
 10
1158.19
 20
694.8
 10
1158.04
 20
694.94
 10
1157.9
 20
689.33
 10
1157.61
 20
688.9
 10
1159.48
 20
691.49
  0
LWPOLYLINE
  5
11BE
330
17
100
AcDbEntity
  8
POLYLINES
100
AcDbPolyline
 90
4
 70
0
 10
1159.05
 20
694.37
 10
1163.95
 20
694.94
 10
1163.66
 20
694.94
 10
1162.94
 20
694.8
  0
LWPOLYLINE
  5
11BF
330
17
100
AcDbEntity
  8
POLYLINES
100
AcDbPolyline
 90
5
 70
0
 10
1161.35
 20
698.83
 10
1161.5
 20
698.26
 10
1161.5
 20
687.46
 10
1161.35
 20
688.18
 10
1161.5
 20
689.04
  0
LWPOLYLINE
  5
11C0
330
17
100
AcDbEntity
  8
POLYLINES
100
AcDbPolyline
 90
10
 70
0
 10
712.07
 20
675.5
 10
713.8
 20
677.23
 10
717.11
 20
677.23
 10
718.7
 20
675.5
 10
718.7
 20
673.92
 10
717.11
 20
672.19
 10
713.8
 20
672.19
 10
712.07
 20
670.61
 10
712.07
 20
667.3
 10
718.7
 20
667.3
  0
LWPOLYLINE
  5
11C1
330
17
100
AcDbEntity
  8
POLYLINES
100
AcDbPolyline
 90
3
 70
0
 10
722.01
 20
677.23
 10
728.63
 20
677.23
 10
723.59
 20
667.3
  0
LWPOLYLINE
  5
11C2
330
17
100
AcDbEntity
  8
POLYLINES
100
AcDbPolyline
 90
7
 70
0
 10
731.95
 20
667.3
 10
731.95
 20
677.23
 10
736.84
 20
677.23
 10
738.57
 20
675.5
 10
738.57
 20
673.92
 10
736.84
 20
672.19
 10
731.95
 20
672.19
  0
LWPOLYLINE
  5
11C3
330
17
100
AcDbEntity
  8
POLYLINES
100
AcDbPolyline
 90
10
 70
0
 10
814.75
 20
677.23
 10
814.75
 20
670.03
 10
815.18
 20
668.74
 10
815.9
 20
667.73
 10
817.05
 20
667.3
 10
817.77
 20
667.3
 10
818.92
 20
667.73
 10
819.64
 20
668.74
 10
820.07
 20
670.03
 10
820.07
 20
677.23
  0
LWPOLYLINE
  5
11C4
330
17
100
AcDbEntity
  8
POLYLINES
100
AcDbPolyline
 90
11
 70
0
 10
823.1
 20
667.3
 10
823.1
 20
677.23
 10
826.41
 20
677.23
 10
827.56
 20
676.66
 10
827.99
 20
676.22
 10
828.28
 20
675.36
 10
828.28
 20
673.92
 10
827.99
 20
672.91
 10
827.56
 20
672.48
 10
826.41
 20
672.05
 10
823.1
 20
672.05
  0
LWPOLYLINE
  5
11C5
330
17
100
AcDbEntity
  8
POLYLINES
100
AcDbPolyline
 90
20
 70
0
 10
836.35
 20
675.79
 10
835.48
 20
676.66
 10
834.33
 20
677.23
 10
832.89
 20
677.23
 10
831.74
 20
676.66
 10
831.02
 20
675.79
 10
831.02
 20
674.78
 10
831.31
 20
673.92
 10
831.74
 20
673.34
 10
832.46
 20
672.91
 10
834.76
 20
672.05
 10
835.48
 20
671.47
 10
835.91
 20
671.04
 10
836.35
 20
670.03
 10
836.35
 20
668.74
 10
835.48
 20
667.73
 10
834.33
 20
667.3
 10
832.89
 20
667.3
 10
831.74
 20
667.73
 10
831.02
 20
668.74
  0
LWPOLYLINE
  5
11C6
330
17
100
AcDbEntity
  8
POLYLINES
100
AcDbPolyline
 90
7
 70
0
 10
841.1
 20
676.51
 10
841.1
 20
668.59
 10
841.24
 20
668.16
 10
841.39
 20
667.87
 10
841.82
 20
667.58
 10
843.55
 20
667.73
 10
843.4
 20
669.74
  0
LWPOLYLINE
  5
11C7
330
17
100
AcDbEntity
  8
POLYLINES
100
AcDbPolyline
 90
3
 70
0
 10
847.72
 20
671.04
 10
847.72
 20
667.3
 10
847.0
 20
668.3
  0
LWPOLYLINE
  5
11C8
330
17
100
AcDbEntity
  8
POLYLINES
100
AcDbPolyline
 90
3
 70
0
 10
846.43
 20
676.08
 10
846.28
 20
672.48
 10
845.85
 20
670.03
  0
LWPOLYLINE
  5
11C9
330
17
100
AcDbEntity
  8
POLYLINES
100
AcDbPolyline
 90
3
 70
0
 10
852.19
 20
671.62
 10
852.19
 20
667.15
 10
851.32
 20
668.16
  0
LWPOLYLINE
  5
11CA
330
17
100
AcDbEntity
  8
POLYLINES
100
AcDbPolyline
 90
4
 70
0
 10
857.51
 20
671.76
 10
857.23
 20
669.89
 10
856.94
 20
668.59
 10
855.64
 20
667.15
  0
LWPOLYLINE
  5
11CB
330
17
100
AcDbEntity
  8
POLYLINES
100
AcDbPolyline
 90
5
 70
0
 10
858.09
 20
671.9
 10
858.09
 20
667.87
 10
858.52
 20
667.44
 10
859.53
 20
667.44
 10
859.39
 20
669.31
  0
LWPOLYLINE
  5
11CC
330
17
100
AcDbEntity
  8
POLYLINES
100
AcDbPolyline
 90
4
 70
0
 10
862.27
 20
672.48
 10
862.12
 20
670.61
 10
861.69
 20
668.74
 10
860.68
 20
667.44
  0
LWPOLYLINE
  5
11CD
330
17
100
AcDbEntity
  8
POLYLINES
100
AcDbPolyline
 90
4
 70
0
 10
861.26
 20
676.22
 10
861.26
 20
674.35
 10
860.97
 20
671.18
 10
860.11
 20
667.58
  0
LWPOLYLINE
  5
11CE
330
17
100
AcDbEntity
  8
POLYLINES
100
AcDbPolyline
 90
14
 70
0
 10
865.43
 20
674.78
 10
865.43
 20
675.36
 10
865.72
 20
676.22
 10
866.15
 20
676.66
 10
866.87
 20
677.23
 10
868.46
 20
677.23
 10
869.18
 20
676.66
 10
869.61
 20
676.22
 10
869.9
 20
675.36
 10
869.9
 20
674.35
 10
869.61
 20
673.34
 10
868.75
 20
672.05
 10
865.0
 20
667.3
 10
870.33
 20
667.3
  0
LWPOLYLINE
  5
11CF
330
17
100
AcDbEntity
  8
POLYLINES
100
AcDbPolyline
 90
3
 70
0
 10
1035.5
 20
675.5
 10
1036.94
 20
677.23
 10
1036.94
 20
667.3
  0
LWPOLYLINE
  5
11D0
330
17
100
AcDbEntity
  8
POLYLINES
100
AcDbPolyline
 90
4
 70
0
 10
1069.34
 20
674.06
 10
1074.38
 20
674.5
 10
1074.09
 20
674.64
 10
1073.66
 20
674.5
  0
LWPOLYLINE
  5
11D1
330
17
100
AcDbEntity
  8
POLYLINES
100
AcDbPolyline
 90
3
 70
0
 10
1075.1
 20
668.16
 10
1075.53
 20
668.3
 10
1075.96
 20
668.16
  0
LWPOLYLINE
  5
11D2
330
17
100
AcDbEntity
  8
POLYLINES
100
AcDbPolyline
 90
3
 70
0
 10
1078.41
 20
672.91
 10
1078.41
 20
673.63
 10
1077.55
 20
674.93
  0
LWPOLYLINE
  5
11D3
330
17
100
AcDbEntity
  8
POLYLINES
100
AcDbPolyline
 90
3
 70
0
 10
1076.83
 20
668.59
 10
1077.4
 20
667.87
 10
1079.42
 20
672.62
  0
LWPOLYLINE
  5
11D4
330
17
100
AcDbEntity
  8
POLYLINES
100
AcDbPolyline
 90
6
 70
0
 10
1081.58
 20
677.23
 10
1081.58
 20
676.66
 10
1081.0
 20
674.78
 10
1080.43
 20
673.06
 10
1079.99
 20
672.19
 10
1079.56
 20
671.33
  0
LWPOLYLINE
  5
11D5
330
17
100
AcDbEntity
  8
POLYLINES
100
AcDbPolyline
 90
5
 70
0
 10
1080.57
 20
673.2
 10
1084.31
 20
673.63
 10
1084.03
 20
674.06
 10
1083.59
 20
672.91
 10
1083.02
 20
671.76
  0
LWPOLYLINE
  5
11D6
330
17
100
AcDbEntity
  8
POLYLINES
100
AcDbPolyline
 90
10
 70
0
 10
1081.72
 20
672.77
 10
1081.72
 20
672.19
 10
1081.43
 20
671.18
 10
1081.15
 20
670.03
 10
1080.71
 20
669.02
 10
1080.28
 20
668.02
 10
1079.71
 20
667.3
 10
1078.99
 20
666.58
 10
1078.41
 20
665.86
 10
1077.83
 20
665.57
  0
LWPOLYLINE
  5
11D7
330
17
100
AcDbEntity
  8
POLYLINES
100
AcDbPolyline
 90
7
 70
0
 10
1081.29
 20
670.61
 10
1081.87
 20
669.6
 10
1082.73
 20
667.58
 10
1083.45
 20
666.0
 10
1084.89
 20
665.86
 10
1083.45
 20
666.29
 10
1083.02
 20
666.86
  0
LWPOLYLINE
  5
11D8
330
17
100
AcDbEntity
  8
POLYLINES
100
AcDbPolyline
 90
13
 70
0
 10
1087.91
 20
676.94
 10
1088.06
 20
675.94
 10
1088.06
 20
674.5
 10
1088.06
 20
673.63
 10
1087.91
 20
672.34
 10
1087.77
 20
671.18
 10
1087.48
 20
670.18
 10
1087.19
 20
669.31
 10
1086.91
 20
668.3
 10
1086.47
 20
667.58
 10
1086.04
 20
667.01
 10
1085.75
 20
666.29
 10
1085.61
 20
666.0
  0
LWPOLYLINE
  5
11D9
330
17
100
AcDbEntity
  8
POLYLINES
100
AcDbPolyline
 90
7
 70
0
 10
1088.2
 20
675.94
 10
1092.67
 20
676.66
 10
1092.38
 20
676.94
 10
1092.23
 20
676.51
 10
1091.95
 20
674.64
 10
1092.38
 20
674.64
 10
1088.06
 20
674.21
  0
LWPOLYLINE
  5
11DA
330
17
100
AcDbEntity
  8
POLYLINES
100
AcDbPolyline
 90
4
 70
0
 10
1091.37
 20
674.21
 10
1091.66
 20
673.92
 10
1091.51
 20
673.92
 10
1090.94
 20
672.19
  0
LWPOLYLINE
  5
11DB
330
17
100
AcDbEntity
  8
POLYLINES
100
AcDbPolyline
 90
4
 70
0
 10
1089.07
 20
673.92
 10
1089.64
 20
672.48
 10
1089.64
 20
672.91
 10
1089.35
 20
673.2
  0
LWPOLYLINE
  5
11DC
330
17
100
AcDbEntity
  8
POLYLINES
100
AcDbPolyline
 90
6
 70
0
 10
1088.35
 20
671.62
 10
1088.63
 20
671.47
 10
1088.63
 20
671.62
 10
1093.1
 20
672.48
 10
1092.81
 20
672.48
 10
1092.52
 20
672.34
  0
LWPOLYLINE
  5
11DD
330
17
100
AcDbEntity
  8
POLYLINES
100
AcDbPolyline
 90
5
 70
0
 10
1091.51
 20
671.9
 10
1091.51
 20
667.3
 10
1091.51
 20
666.0
 10
1091.37
 20
666.43
 10
1091.51
 20
667.44
  0
LWPOLYLINE
  5
11DE
330
17
100
AcDbEntity
  8
POLYLINES
100
AcDbPolyline
 90
12
 70
0
 10
1089.64
 20
671.76
 10
1089.64
 20
670.32
 10
1089.5
 20
669.31
 10
1089.5
 20
668.88
 10
1089.35
 20
668.3
 10
1089.21
 20
668.02
 10
1089.07
 20
667.58
 10
1088.78
 20
667.3
 10
1088.49
 20
666.86
 10
1088.06
 20
666.43
 10
1087.77
 20
666.14
 10
1087.19
 20
665.86
  0
LWPOLYLINE
  5
11DF
330
17
100
AcDbEntity
  8
POLYLINES
100
AcDbPolyline
 90
6
 70
0
 10
1088.06
 20
669.6
 10
1088.06
 20
669.46
 10
1088.35
 20
669.6
 10
1093.67
 20
670.18
 10
1093.53
 20
670.32
 10
1092.67
 20
670.03
  0
LWPOLYLINE
  5
11E0
330
17
100
AcDbEntity
  8
POLYLINES
100
AcDbPolyline
 90
6
 70
0
 10
1095.98
 20
668.3
 10
1094.97
 20
668.3
 10
1094.97
 20
668.88
 10
1095.98
 20
668.88
 10
1095.98
 20
667.58
 10
1094.97
 20
666.86
  0
LWPOLYLINE
  5
11E1
330
17
100
AcDbEntity
  8
POLYLINES
100
AcDbPolyline
 90
5
 70
0
 10
1105.05
 20
676.66
 10
1105.34
 20
675.94
 10
1105.34
 20
670.18
 10
1105.19
 20
670.9
 10
1105.34
 20
671.9
  0
LWPOLYLINE
  5
11E2
330
17
100
AcDbEntity
  8
POLYLINES
100
AcDbPolyline
 90
7
 70
0
 10
1105.34
 20
675.94
 10
1109.23
 20
676.51
 10
1108.94
 20
676.66
 10
1108.94
 20
676.22
 10
1108.51
 20
670.32
 10
1108.51
 20
670.9
 10
1108.65
 20
671.9
  0
LWPOLYLINE
  5
11E3
330
17
100
AcDbEntity
  8
POLYLINES
100
AcDbPolyline
 90
13
 70
0
 10
1106.92
 20
674.5
 10
1107.07
 20
674.06
 10
1106.92
 20
672.91
 10
1106.78
 20
671.62
 10
1106.49
 20
670.61
 10
1106.35
 20
669.89
 10
1106.06
 20
669.17
 10
1105.77
 20
668.59
 10
1105.34
 20
668.02
 10
1104.76
 20
667.3
 10
1104.33
 20
666.86
 10
1103.9
 20
666.43
 10
1103.03
 20
666.0
  0
LWPOLYLINE
  5
11E4
330
17
100
AcDbEntity
  8
POLYLINES
100
AcDbPolyline
 90
15
 70
0
 10
1107.35
 20
671.33
 10
1107.5
 20
671.04
 10
1107.35
 20
670.9
 10
1107.35
 20
668.88
 10
1107.35
 20
667.87
 10
1107.5
 20
667.44
 10
1107.64
 20
667.15
 10
1107.93
 20
667.01
 10
1108.36
 20
666.86
 10
1109.08
 20
666.86
 10
1110.67
 20
667.15
 10
1110.95
 20
667.15
 10
1111.1
 20
667.3
 10
1110.81
 20
669.6
 10
1110.81
 20
667.3
  0
LWPOLYLINE
  5
11E5
330
17
100
AcDbEntity
  8
POLYLINES
100
AcDbPolyline
 90
12
 70
0
 10
1112.54
 20
674.5
 10
1112.83
 20
673.92
 10
1112.97
 20
672.62
 10
1112.97
 20
670.61
 10
1112.97
 20
670.32
 10
1113.11
 20
668.3
 10
1112.97
 20
669.31
 10
1117.72
 20
669.89
 10
1117.15
 20
669.89
 10
1117.87
 20
674.5
 10
1117.87
 20
674.21
 10
1112.83
 20
673.49
  0
LWPOLYLINE
  5
11E6
330
17
100
AcDbEntity
  8
POLYLINES
100
AcDbPolyline
 90
16
 70
0
 10
1115.13
 20
676.66
 10
1115.42
 20
676.37
 10
1115.27
 20
676.51
 10
1115.27
 20
674.21
 10
1115.13
 20
669.89
 10
1115.13
 20
668.16
 10
1115.27
 20
667.3
 10
1115.42
 20
666.86
 10
1115.71
 20
666.29
 10
1116.14
 20
666.14
 10
1116.86
 20
666.0
 10
1118.73
 20
666.29
 10
1119.02
 20
666.29
 10
1119.16
 20
666.43
 10
1118.87
 20
668.59
 10
1119.02
 20
666.58
  0
LWPOLYLINE
  5
11E7
330
17
100
AcDbEntity
  8
POLYLINES
100
AcDbPolyline
 90
6
 70
0
 10
1123.77
 20
677.09
 10
1123.77
 20
676.66
 10
1123.19
 20
675.65
 10
1122.33
 20
674.21
 10
1121.61
 20
673.2
 10
1120.75
 20
672.19
  0
LWPOLYLINE
  5
11E8
330
17
100
AcDbEntity
  8
POLYLINES
100
AcDbPolyline
 90
4
 70
0
 10
1122.76
 20
674.64
 10
1127.51
 20
675.5
 10
1127.08
 20
675.5
 10
1126.36
 20
675.22
  0
LWPOLYLINE
  5
11E9
330
17
100
AcDbEntity
  8
POLYLINES
100
AcDbPolyline
 90
6
 70
0
 10
1122.91
 20
673.06
 10
1123.05
 20
672.91
 10
1123.05
 20
673.06
 10
1126.36
 20
673.63
 10
1126.07
 20
673.63
 10
1125.79
 20
673.49
  0
LWPOLYLINE
  5
11EA
330
17
100
AcDbEntity
  8
POLYLINES
100
AcDbPolyline
 90
19
 70
0
 10
1121.75
 20
671.18
 10
1121.9
 20
671.04
 10
1122.19
 20
671.18
 10
1126.36
 20
672.05
 10
1126.22
 20
672.34
 10
1126.22
 20
671.9
 10
1126.22
 20
670.46
 10
1126.22
 20
669.6
 10
1126.36
 20
669.02
 10
1126.51
 20
668.45
 10
1126.65
 20
667.87
 10
1126.79
 20
667.44
 10
1127.23
 20
667.01
 10
1127.51
 20
666.58
 10
1127.95
 20
666.14
 10
1128.38
 20
666.0
 10
1128.67
 20
665.71
 10
1128.52
 20
668.16
 10
1128.52
 20
666.0
  0
LWPOLYLINE
  5
11EB
330
17
100
AcDbEntity
  8
POLYLINES
100
AcDbPolyline
 90
4
 70
0
 10
1130.83
 20
674.06
 10
1136.01
 20
674.5
 10
1135.58
 20
674.64
 10
1135.15
 20
674.5
  0
LWPOLYLINE
  5
11EC
330
17
100
AcDbEntity
  8
POLYLINES
100
AcDbPolyline
 90
3
 70
0
 10
1136.59
 20
668.16
 10
1137.02
 20
668.3
 10
1137.45
 20
668.16
  0
LWPOLYLINE
  5
11ED
330
17
100
AcDbEntity
  8
POLYLINES
100
AcDbPolyline
 90
3
 70
0
 10
1140.04
 20
672.91
 10
1139.9
 20
673.63
 10
1139.03
 20
674.93
  0
LWPOLYLINE
  5
11EE
330
17
100
AcDbEntity
  8
POLYLINES
100
AcDbPolyline
 90
3
 70
0
 10
1138.31
 20
668.59
 10
1139.03
 20
667.87
 10
1140.91
 20
672.62
  0
LWPOLYLINE
  5
11EF
330
17
100
AcDbEntity
  8
POLYLINES
100
AcDbPolyline
 90
6
 70
0
 10
1143.21
 20
677.23
 10
1143.07
 20
676.66
 10
1142.63
 20
674.78
 10
1141.91
 20
673.06
 10
1141.48
 20
672.19
 10
1141.05
 20
671.33
  0
LWPOLYLINE
  5
11F0
330
17
100
AcDbEntity
  8
POLYLINES
100
AcDbPolyline
 90
5
 70
0
 10
1142.06
 20
673.2
 10
1145.8
 20
673.63
 10
1145.51
 20
674.06
 10
1145.08
 20
672.91
 10
1144.51
 20
671.76
  0
LWPOLYLINE
  5
11F1
330
17
100
AcDbEntity
  8
POLYLINES
100
AcDbPolyline
 90
10
 70
0
 10
1143.21
 20
672.77
 10
1143.21
 20
672.19
 10
1143.07
 20
671.18
 10
1142.63
 20
670.03
 10
1142.2
 20
669.02
 10
1141.77
 20
668.02
 10
1141.19
 20
667.3
 10
1140.62
 20
666.58
 10
1139.9
 20
665.86
 10
1139.47
 20
665.57
  0
LWPOLYLINE
  5
11F2
330
17
100
AcDbEntity
  8
POLYLINES
100
AcDbPolyline
 90
7
 70
0
 10
1142.92
 20
670.61
 10
1143.5
 20
669.6
 10
1144.22
 20
667.58
 10
1144.94
 20
666.0
 10
1146.38
 20
665.86
 10
1144.94
 20
666.29
 10
1144.51
 20
666.86
  0
LWPOLYLINE
  5
11F3
330
17
100
AcDbEntity
  8
POLYLINES
100
AcDbPolyline
 90
3
 70
0
 10
1148.25
 20
676.51
 10
1149.11
 20
675.22
 10
1149.4
 20
674.64
  0
LWPOLYLINE
  5
11F4
330
17
100
AcDbEntity
  8
POLYLINES
100
AcDbPolyline
 90
7
 70
0
 10
1147.24
 20
672.62
 10
1149.11
 20
672.91
 10
1148.83
 20
673.34
 10
1148.83
 20
672.62
 10
1148.68
 20
667.73
 10
1148.39
 20
667.3
 10
1149.98
 20
669.31
  0
LWPOLYLINE
  5
11F5
330
17
100
AcDbEntity
  8
POLYLINES
100
AcDbPolyline
 90
8
 70
0
 10
1151.13
 20
676.66
 10
1151.27
 20
675.79
 10
1151.27
 20
674.93
 10
1151.13
 20
674.06
 10
1150.84
 20
673.2
 10
1150.55
 20
672.62
 10
1150.27
 20
672.19
 10
1149.98
 20
671.76
  0
LWPOLYLINE
  5
11F6
330
17
100
AcDbEntity
  8
POLYLINES
100
AcDbPolyline
 90
14
 70
0
 10
1151.27
 20
675.94
 10
1153.29
 20
676.08
 10
1153.15
 20
676.37
 10
1153.0
 20
675.65
 10
1153.0
 20
674.93
 10
1153.0
 20
674.5
 10
1153.0
 20
673.78
 10
1153.0
 20
673.49
 10
1153.15
 20
673.2
 10
1153.43
 20
673.2
 10
1153.87
 20
673.06
 10
1154.3
 20
673.06
 10
1154.59
 20
673.2
 10
1154.87
 20
673.34
  0
LWPOLYLINE
  5
11F7
330
17
100
AcDbEntity
  8
POLYLINES
100
AcDbPolyline
 90
12
 70
0
 10
1150.84
 20
671.47
 10
1153.72
 20
671.9
 10
1153.58
 20
672.19
 10
1153.29
 20
671.47
 10
1152.86
 20
670.61
 10
1152.43
 20
669.89
 10
1152.14
 20
669.17
 10
1151.56
 20
668.3
 10
1150.84
 20
667.58
 10
1150.27
 20
667.01
 10
1149.69
 20
666.58
 10
1149.26
 20
666.29
  0
LWPOLYLINE
  5
11F8
330
17
100
AcDbEntity
  8
POLYLINES
100
AcDbPolyline
 90
6
 70
0
 10
1150.84
 20
670.61
 10
1150.99
 20
670.61
 10
1153.72
 20
666.58
 10
1155.02
 20
666.58
 10
1153.72
 20
666.86
 10
1153.29
 20
667.15
  0
LWPOLYLINE
  5
11F9
330
17
100
AcDbEntity
  8
POLYLINES
100
AcDbPolyline
 90
4
 70
0
 10
1157.18
 20
676.8
 10
1157.75
 20
675.94
 10
1158.04
 20
675.5
 10
1158.19
 20
674.93
  0
LWPOLYLINE
  5
11FA
330
17
100
AcDbEntity
  8
POLYLINES
100
AcDbPolyline
 90
6
 70
0
 10
1156.03
 20
672.62
 10
1158.19
 20
673.06
 10
1158.04
 20
673.2
 10
1157.9
 20
667.58
 10
1157.61
 20
667.15
 10
1159.48
 20
669.74
  0
LWPOLYLINE
  5
11FB
330
17
100
AcDbEntity
  8
POLYLINES
100
AcDbPolyline
 90
4
 70
0
 10
1159.05
 20
672.62
 10
1163.95
 20
673.2
 10
1163.66
 20
673.2
 10
1162.94
 20
673.06
  0
LWPOLYLINE
  5
11FC
330
17
100
AcDbEntity
  8
POLYLINES
100
AcDbPolyline
 90
5
 70
0
 10
1161.35
 20
677.09
 10
1161.5
 20
676.51
 10
1161.5
 20
665.71
 10
1161.35
 20
666.43
 10
1161.5
 20
667.3
  0
LWPOLYLINE
  5
11FD
330
17
100
AcDbEntity
  8
POLYLINES
100
AcDbPolyline
 90
3
 70
0
 10
709.63
 20
653.76
 10
711.21
 20
655.49
 10
711.21
 20
645.55
  0
LWPOLYLINE
  5
11FE
330
17
100
AcDbEntity
  8
POLYLINES
100
AcDbPolyline
 90
9
 70
0
 10
717.83
 20
645.55
 10
716.25
 20
647.14
 10
716.25
 20
653.76
 10
717.83
 20
655.49
 10
719.56
 20
655.49
 10
721.15
 20
653.76
 10
721.15
 20
647.14
 10
719.56
 20
645.55
 10
717.83
 20
645.55
  0
LWPOLYLINE
  5
11FF
330
17
100
AcDbEntity
  8
POLYLINES
100
AcDbPolyline
 90
12
 70
0
 10
726.19
 20
645.55
 10
724.46
 20
647.14
 10
724.46
 20
648.86
 10
726.19
 20
650.45
 10
729.5
 20
650.45
 10
731.08
 20
652.18
 10
731.08
 20
653.76
 10
729.5
 20
655.49
 10
726.19
 20
655.49
 10
724.46
 20
653.76
 10
724.46
 20
652.18
 10
726.19
 20
650.45
  0
LWPOLYLINE
  5
1200
330
17
100
AcDbEntity
  8
POLYLINES
100
AcDbPolyline
 90
5
 70
0
 10
729.5
 20
650.45
 10
731.08
 20
648.86
 10
731.08
 20
647.14
 10
729.5
 20
645.55
 10
726.19
 20
645.55
  0
LWPOLYLINE
  5
1201
330
17
100
AcDbEntity
  8
POLYLINES
100
AcDbPolyline
 90
7
 70
0
 10
734.39
 20
645.55
 10
734.39
 20
655.49
 10
739.43
 20
655.49
 10
741.02
 20
653.76
 10
741.02
 20
652.18
 10
739.43
 20
650.45
 10
734.39
 20
650.45
  0
LWPOLYLINE
  5
1202
330
17
100
AcDbEntity
  8
POLYLINES
100
AcDbPolyline
 90
14
 70
0
 10
805.1
 20
653.04
 10
805.1
 20
653.62
 10
805.53
 20
654.48
 10
805.82
 20
654.91
 10
806.68
 20
655.49
 10
808.12
 20
655.49
 10
808.84
 20
654.91
 10
809.27
 20
654.48
 10
809.71
 20
653.62
 10
809.71
 20
652.61
 10
809.27
 20
651.74
 10
808.55
 20
650.3
 10
804.67
 20
645.55
 10
809.99
 20
645.55
  0
LWPOLYLINE
  5
1203
330
17
100
AcDbEntity
  8
POLYLINES
100
AcDbPolyline
 90
14
 70
0
 10
812.73
 20
653.04
 10
812.73
 20
653.62
 10
813.02
 20
654.48
 10
813.45
 20
654.91
 10
814.17
 20
655.49
 10
815.75
 20
655.49
 10
816.47
 20
654.91
 10
816.76
 20
654.48
 10
817.19
 20
653.62
 10
817.19
 20
652.61
 10
816.76
 20
651.74
 10
816.04
 20
650.3
 10
812.3
 20
645.55
 10
817.63
 20
645.55
  0
LWPOLYLINE
  5
1204
330
17
100
AcDbEntity
  8
POLYLINES
100
AcDbPolyline
 90
17
 70
0
 10
822.09
 20
655.49
 10
820.94
 20
654.91
 10
820.22
 20
653.62
 10
819.79
 20
651.17
 10
819.79
 20
649.73
 10
820.22
 20
647.42
 10
820.94
 20
645.98
 10
822.09
 20
645.55
 10
822.81
 20
645.55
 10
823.96
 20
645.98
 10
824.83
 20
647.42
 10
825.11
 20
649.73
 10
825.11
 20
651.17
 10
824.83
 20
653.62
 10
823.96
 20
654.91
 10
822.81
 20
655.49
 10
822.09
 20
655.49
  0
LWPOLYLINE
  5
1205
330
17
100
AcDbEntity
  8
POLYLINES
100
AcDbPolyline
 90
3
 70
0
 10
833.9
 20
655.49
 10
836.92
 20
645.55
 10
839.95
 20
655.49
  0
LWPOLYLINE
  5
1206
330
17
100
AcDbEntity
  8
POLYLINES
100
AcDbPolyline
 90
4
 70
0
 10
844.41
 20
650.88
 10
844.41
 20
646.27
 10
844.84
 20
645.84
 10
846.14
 20
645.84
  0
LWPOLYLINE
  5
1207
330
17
100
AcDbEntity
  8
POLYLINES
100
AcDbPolyline
 90
4
 70
0
 10
841.82
 20
645.55
 10
842.54
 20
646.42
 10
843.26
 20
648.29
 10
843.83
 20
650.74
  0
LWPOLYLINE
  5
1208
330
17
100
AcDbEntity
  8
POLYLINES
100
AcDbPolyline
 90
3
 70
0
 10
853.77
 20
648.58
 10
856.22
 20
645.7
 10
857.08
 20
645.84
  0
LWPOLYLINE
  5
1209
330
17
100
AcDbEntity
  8
POLYLINES
100
AcDbPolyline
 90
3
 70
0
 10
854.49
 20
650.16
 10
853.77
 20
649.01
 10
852.76
 20
647.57
  0
LWPOLYLINE
  5
120A
330
17
100
AcDbEntity
  8
POLYLINES
100
AcDbPolyline
 90
4
 70
0
 10
856.07
 20
649.73
 10
855.21
 20
647.86
 10
854.06
 20
646.56
 10
852.47
 20
645.7
  0
LWPOLYLINE
  5
120B
330
17
100
AcDbEntity
  8
POLYLINES
100
AcDbPolyline
 90
3
 70
0
 10
854.2
 20
654.77
 10
853.77
 20
653.33
 10
852.62
 20
651.17
  0
LWPOLYLINE
  5
120C
330
17
100
AcDbEntity
  8
POLYLINES
100
AcDbPolyline
 90
3
 70
0
 10
861.83
 20
654.19
 10
861.83
 20
645.7
 10
861.11
 20
647.14
  0
LWPOLYLINE
  5
120D
330
17
100
AcDbEntity
  8
POLYLINES
100
AcDbPolyline
 90
4
 70
0
 10
857.95
 20
646.27
 10
858.52
 20
647.86
 10
858.95
 20
650.88
 10
858.95
 20
654.34
  0
LWPOLYLINE
  5
120E
330
17
100
AcDbEntity
  8
POLYLINES
100
AcDbPolyline
 90
3
 70
0
 10
864.28
 20
654.77
 10
864.28
 20
645.55
 10
863.42
 20
646.85
  0
LWPOLYLINE
  5
120F
330
17
100
AcDbEntity
  8
POLYLINES
100
AcDbPolyline
 90
3
 70
0
 10
864.57
 20
645.55
 10
865.58
 20
646.56
 10
866.15
 20
647.14
  0
LWPOLYLINE
  5
1210
330
17
100
AcDbEntity
  8
POLYLINES
100
AcDbPolyline
 90
4
 70
0
 10
875.66
 20
650.74
 10
875.51
 20
648.86
 10
875.08
 20
646.99
 10
874.07
 20
645.7
  0
LWPOLYLINE
  5
1211
330
17
100
AcDbEntity
  8
POLYLINES
100
AcDbPolyline
 90
4
 70
0
 10
874.65
 20
654.48
 10
874.65
 20
652.61
 10
874.36
 20
649.44
 10
873.5
 20
645.84
  0
LWPOLYLINE
  5
1212
330
17
100
AcDbEntity
  8
POLYLINES
100
AcDbPolyline
 90
4
 70
0
 10
878.39
 20
653.62
 10
879.26
 20
654.05
 10
880.27
 20
655.49
 10
880.27
 20
645.55
  0
LWPOLYLINE
  5
1213
330
17
100
AcDbEntity
  8
POLYLINES
100
AcDbPolyline
 90
3
 70
0
 10
1035.5
 20
653.76
 10
1036.94
 20
655.49
 10
1036.94
 20
645.55
  0
LWPOLYLINE
  5
1214
330
17
100
AcDbEntity
  8
POLYLINES
100
AcDbPolyline
 90
4
 70
0
 10
1069.34
 20
652.32
 10
1074.38
 20
652.75
 10
1074.09
 20
652.9
 10
1073.66
 20
652.75
  0
LWPOLYLINE
  5
1215
330
17
100
AcDbEntity
  8
POLYLINES
100
AcDbPolyline
 90
3
 70
0
 10
1075.1
 20
646.42
 10
1075.53
 20
646.7
 10
1075.96
 20
646.42
  0
LWPOLYLINE
  5
1216
330
17
100
AcDbEntity
  8
POLYLINES
100
AcDbPolyline
 90
3
 70
0
 10
1078.41
 20
651.17
 10
1078.41
 20
651.89
 10
1077.55
 20
653.18
  0
LWPOLYLINE
  5
1217
330
17
100
AcDbEntity
  8
POLYLINES
100
AcDbPolyline
 90
3
 70
0
 10
1076.83
 20
646.85
 10
1077.4
 20
646.13
 10
1079.42
 20
650.88
  0
LWPOLYLINE
  5
1218
330
17
100
AcDbEntity
  8
POLYLINES
100
AcDbPolyline
 90
6
 70
0
 10
1081.58
 20
655.49
 10
1081.58
 20
654.91
 10
1081.0
 20
653.04
 10
1080.43
 20
651.31
 10
1079.99
 20
650.45
 10
1079.56
 20
649.73
  0
LWPOLYLINE
  5
1219
330
17
100
AcDbEntity
  8
POLYLINES
100
AcDbPolyline
 90
5
 70
0
 10
1080.57
 20
651.46
 10
1084.31
 20
652.03
 10
1084.03
 20
652.32
 10
1083.59
 20
651.17
 10
1083.02
 20
650.02
  0
LWPOLYLINE
  5
121A
330
17
100
AcDbEntity
  8
POLYLINES
100
AcDbPolyline
 90
10
 70
0
 10
1081.72
 20
651.02
 10
1081.72
 20
650.45
 10
1081.43
 20
649.44
 10
1081.15
 20
648.29
 10
1080.71
 20
647.28
 10
1080.28
 20
646.27
 10
1079.71
 20
645.55
 10
1078.99
 20
644.83
 10
1078.41
 20
644.11
 10
1077.83
 20
643.82
  0
LWPOLYLINE
  5
121B
330
17
100
AcDbEntity
  8
POLYLINES
100
AcDbPolyline
 90
7
 70
0
 10
1081.29
 20
648.86
 10
1081.87
 20
647.86
 10
1082.73
 20
645.84
 10
1083.45
 20
644.26
 10
1084.89
 20
644.11
 10
1083.45
 20
644.54
 10
1083.02
 20
645.12
  0
LWPOLYLINE
  5
121C
330
17
100
AcDbEntity
  8
POLYLINES
100
AcDbPolyline
 90
13
 70
0
 10
1087.91
 20
655.2
 10
1088.06
 20
654.19
 10
1088.06
 20
652.75
 10
1088.06
 20
651.89
 10
1087.91
 20
650.59
 10
1087.77
 20
649.44
 10
1087.48
 20
648.43
 10
1087.19
 20
647.57
 10
1086.91
 20
646.56
 10
1086.47
 20
645.84
 10
1086.04
 20
645.26
 10
1085.75
 20
644.54
 10
1085.61
 20
644.4
  0
LWPOLYLINE
  5
121D
330
17
100
AcDbEntity
  8
POLYLINES
100
AcDbPolyline
 90
7
 70
0
 10
1088.2
 20
654.19
 10
1092.67
 20
654.91
 10
1092.38
 20
655.2
 10
1092.23
 20
654.77
 10
1091.95
 20
653.04
 10
1092.38
 20
653.04
 10
1088.06
 20
652.46
  0
LWPOLYLINE
  5
121E
330
17
100
AcDbEntity
  8
POLYLINES
100
AcDbPolyline
 90
4
 70
0
 10
1091.37
 20
652.46
 10
1091.66
 20
652.18
 10
1091.51
 20
652.18
 10
1090.94
 20
650.45
  0
LWPOLYLINE
  5
121F
330
17
100
AcDbEntity
  8
POLYLINES
100
AcDbPolyline
 90
4
 70
0
 10
1089.07
 20
652.18
 10
1089.64
 20
650.74
 10
1089.64
 20
651.17
 10
1089.35
 20
651.46
  0
LWPOLYLINE
  5
1220
330
17
100
AcDbEntity
  8
POLYLINES
100
AcDbPolyline
 90
6
 70
0
 10
1088.35
 20
649.87
 10
1088.63
 20
649.73
 10
1088.63
 20
649.87
 10
1093.1
 20
650.74
 10
1092.81
 20
650.74
 10
1092.52
 20
650.59
  0
LWPOLYLINE
  5
1221
330
17
100
AcDbEntity
  8
POLYLINES
100
AcDbPolyline
 90
5
 70
0
 10
1091.51
 20
650.16
 10
1091.51
 20
645.55
 10
1091.51
 20
644.26
 10
1091.37
 20
644.69
 10
1091.51
 20
645.7
  0
LWPOLYLINE
  5
1222
330
17
100
AcDbEntity
  8
POLYLINES
100
AcDbPolyline
 90
12
 70
0
 10
1089.64
 20
650.02
 10
1089.64
 20
648.58
 10
1089.5
 20
647.71
 10
1089.5
 20
647.14
 10
1089.35
 20
646.56
 10
1089.21
 20
646.27
 10
1089.07
 20
645.84
 10
1088.78
 20
645.55
 10
1088.49
 20
645.12
 10
1088.06
 20
644.69
 10
1087.77
 20
644.4
 10
1087.19
 20
644.11
  0
LWPOLYLINE
  5
1223
330
17
100
AcDbEntity
  8
POLYLINES
100
AcDbPolyline
 90
6
 70
0
 10
1088.06
 20
647.86
 10
1088.06
 20
647.71
 10
1088.35
 20
647.86
 10
1093.67
 20
648.43
 10
1093.53
 20
648.58
 10
1092.67
 20
648.29
  0
LWPOLYLINE
  5
1224
330
17
100
AcDbEntity
  8
POLYLINES
100
AcDbPolyline
 90
6
 70
0
 10
1095.98
 20
646.56
 10
1094.97
 20
646.56
 10
1094.97
 20
647.14
 10
1095.98
 20
647.14
 10
1095.98
 20
645.84
 10
1094.97
 20
645.12
  0
LWPOLYLINE
  5
1225
330
17
100
AcDbEntity
  8
POLYLINES
100
AcDbPolyline
 90
5
 70
0
 10
1105.05
 20
655.06
 10
1105.34
 20
654.19
 10
1105.34
 20
648.43
 10
1105.19
 20
649.15
 10
1105.34
 20
650.16
  0
LWPOLYLINE
  5
1226
330
17
100
AcDbEntity
  8
POLYLINES
100
AcDbPolyline
 90
7
 70
0
 10
1105.34
 20
654.19
 10
1109.23
 20
654.77
 10
1108.94
 20
654.91
 10
1108.94
 20
654.48
 10
1108.51
 20
648.58
 10
1108.51
 20
649.15
 10
1108.65
 20
650.16
  0
LWPOLYLINE
  5
1227
330
17
100
AcDbEntity
  8
POLYLINES
100
AcDbPolyline
 90
13
 70
0
 10
1106.92
 20
652.75
 10
1107.07
 20
652.32
 10
1106.92
 20
651.17
 10
1106.78
 20
649.87
 10
1106.49
 20
648.86
 10
1106.35
 20
648.14
 10
1106.06
 20
647.42
 10
1105.77
 20
646.85
 10
1105.34
 20
646.27
 10
1104.76
 20
645.7
 10
1104.33
 20
645.12
 10
1103.9
 20
644.69
 10
1103.03
 20
644.4
  0
LWPOLYLINE
  5
1228
330
17
100
AcDbEntity
  8
POLYLINES
100
AcDbPolyline
 90
15
 70
0
 10
1107.35
 20
649.58
 10
1107.5
 20
649.3
 10
1107.35
 20
649.15
 10
1107.35
 20
647.14
 10
1107.35
 20
646.13
 10
1107.5
 20
645.7
 10
1107.64
 20
645.41
 10
1107.93
 20
645.26
 10
1108.36
 20
645.12
 10
1109.08
 20
645.12
 10
1110.67
 20
645.41
 10
1110.95
 20
645.41
 10
1111.1
 20
645.55
 10
1110.81
 20
647.86
 10
1110.81
 20
645.55
  0
LWPOLYLINE
  5
1229
330
17
100
AcDbEntity
  8
POLYLINES
100
AcDbPolyline
 90
12
 70
0
 10
1112.54
 20
652.75
 10
1112.83
 20
652.18
 10
1112.97
 20
650.88
 10
1112.97
 20
648.86
 10
1112.97
 20
648.72
 10
1113.11
 20
646.7
 10
1112.97
 20
647.71
 10
1117.72
 20
648.14
 10
1117.15
 20
648.14
 10
1117.87
 20
652.75
 10
1117.87
 20
652.46
 10
1112.83
 20
651.74
  0
LWPOLYLINE
  5
122A
330
17
100
AcDbEntity
  8
POLYLINES
100
AcDbPolyline
 90
16
 70
0
 10
1115.13
 20
655.06
 10
1115.42
 20
654.62
 10
1115.27
 20
654.77
 10
1115.27
 20
652.46
 10
1115.13
 20
648.14
 10
1115.13
 20
646.42
 10
1115.27
 20
645.55
 10
1115.42
 20
645.12
 10
1115.71
 20
644.54
 10
1116.14
 20
644.4
 10
1116.86
 20
644.4
 10
1118.73
 20
644.54
 10
1119.02
 20
644.54
 10
1119.16
 20
644.69
 10
1118.87
 20
646.85
 10
1119.02
 20
644.83
  0
LWPOLYLINE
  5
122B
330
17
100
AcDbEntity
  8
POLYLINES
100
AcDbPolyline
 90
6
 70
0
 10
1123.77
 20
655.34
 10
1123.77
 20
654.91
 10
1123.19
 20
653.9
 10
1122.33
 20
652.46
 10
1121.61
 20
651.46
 10
1120.75
 20
650.45
  0
LWPOLYLINE
  5
122C
330
17
100
AcDbEntity
  8
POLYLINES
100
AcDbPolyline
 90
4
 70
0
 10
1122.76
 20
652.9
 10
1127.51
 20
653.76
 10
1127.08
 20
653.76
 10
1126.36
 20
653.47
  0
LWPOLYLINE
  5
122D
330
17
100
AcDbEntity
  8
POLYLINES
100
AcDbPolyline
 90
6
 70
0
 10
1122.91
 20
651.31
 10
1123.05
 20
651.17
 10
1123.05
 20
651.31
 10
1126.36
 20
651.89
 10
1126.07
 20
652.03
 10
1125.79
 20
651.74
  0
LWPOLYLINE
  5
122E
330
17
100
AcDbEntity
  8
POLYLINES
100
AcDbPolyline
 90
19
 70
0
 10
1121.75
 20
649.44
 10
1121.9
 20
649.3
 10
1122.19
 20
649.44
 10
1126.36
 20
650.3
 10
1126.22
 20
650.59
 10
1126.22
 20
650.16
 10
1126.22
 20
648.72
 10
1126.22
 20
647.86
 10
1126.36
 20
647.28
 10
1126.51
 20
646.7
 10
1126.65
 20
646.13
 10
1126.79
 20
645.7
 10
1127.23
 20
645.26
 10
1127.51
 20
644.83
 10
1127.95
 20
644.4
 10
1128.38
 20
644.26
 10
1128.67
 20
643.97
 10
1128.52
 20
646.42
 10
1128.52
 20
644.26
  0
LWPOLYLINE
  5
122F
330
17
100
AcDbEntity
  8
POLYLINES
100
AcDbPolyline
 90
4
 70
0
 10
1130.83
 20
652.32
 10
1136.01
 20
652.75
 10
1135.58
 20
652.9
 10
1135.15
 20
652.75
  0
LWPOLYLINE
  5
1230
330
17
100
AcDbEntity
  8
POLYLINES
100
AcDbPolyline
 90
3
 70
0
 10
1136.59
 20
646.42
 10
1137.02
 20
646.7
 10
1137.45
 20
646.42
  0
LWPOLYLINE
  5
1231
330
17
100
AcDbEntity
  8
POLYLINES
100
AcDbPolyline
 90
3
 70
0
 10
1140.04
 20
651.17
 10
1139.9
 20
651.89
 10
1139.03
 20
653.18
  0
LWPOLYLINE
  5
1232
330
17
100
AcDbEntity
  8
POLYLINES
100
AcDbPolyline
 90
3
 70
0
 10
1138.31
 20
646.85
 10
1139.03
 20
646.13
 10
1140.91
 20
650.88
  0
LWPOLYLINE
  5
1233
330
17
100
AcDbEntity
  8
POLYLINES
100
AcDbPolyline
 90
6
 70
0
 10
1143.21
 20
655.49
 10
1143.07
 20
654.91
 10
1142.63
 20
653.04
 10
1141.91
 20
651.31
 10
1141.48
 20
650.45
 10
1141.05
 20
649.73
  0
LWPOLYLINE
  5
1234
330
17
100
AcDbEntity
  8
POLYLINES
100
AcDbPolyline
 90
5
 70
0
 10
1142.06
 20
651.46
 10
1145.8
 20
652.03
 10
1145.51
 20
652.32
 10
1145.08
 20
651.17
 10
1144.51
 20
650.02
  0
LWPOLYLINE
  5
1235
330
17
100
AcDbEntity
  8
POLYLINES
100
AcDbPolyline
 90
10
 70
0
 10
1143.21
 20
651.02
 10
1143.21
 20
650.45
 10
1143.07
 20
649.44
 10
1142.63
 20
648.29
 10
1142.2
 20
647.28
 10
1141.77
 20
646.27
 10
1141.19
 20
645.55
 10
1140.62
 20
644.83
 10
1139.9
 20
644.11
 10
1139.47
 20
643.82
  0
LWPOLYLINE
  5
1236
330
17
100
AcDbEntity
  8
POLYLINES
100
AcDbPolyline
 90
7
 70
0
 10
1142.92
 20
648.86
 10
1143.5
 20
647.86
 10
1144.22
 20
645.84
 10
1144.94
 20
644.26
 10
1146.38
 20
644.11
 10
1144.94
 20
644.54
 10
1144.51
 20
645.12
  0
LWPOLYLINE
  5
1237
330
17
100
AcDbEntity
  8
POLYLINES
100
AcDbPolyline
 90
3
 70
0
 10
1148.25
 20
654.77
 10
1149.11
 20
653.47
 10
1149.4
 20
652.9
  0
LWPOLYLINE
  5
1238
330
17
100
AcDbEntity
  8
POLYLINES
100
AcDbPolyline
 90
7
 70
0
 10
1147.24
 20
650.88
 10
1149.11
 20
651.17
 10
1148.83
 20
651.6
 10
1148.83
 20
650.88
 10
1148.68
 20
645.98
 10
1148.39
 20
645.7
 10
1149.98
 20
647.57
  0
LWPOLYLINE
  5
1239
330
17
100
AcDbEntity
  8
POLYLINES
100
AcDbPolyline
 90
8
 70
0
 10
1151.13
 20
654.91
 10
1151.27
 20
654.05
 10
1151.27
 20
653.18
 10
1151.13
 20
652.32
 10
1150.84
 20
651.46
 10
1150.55
 20
651.02
 10
1150.27
 20
650.45
 10
1149.98
 20
650.02
  0
LWPOLYLINE
  5
123A
330
17
100
AcDbEntity
  8
POLYLINES
100
AcDbPolyline
 90
14
 70
0
 10
1151.27
 20
654.19
 10
1153.29
 20
654.34
 10
1153.15
 20
654.62
 10
1153.0
 20
653.9
 10
1153.0
 20
653.18
 10
1153.0
 20
652.75
 10
1153.0
 20
652.03
 10
1153.0
 20
651.74
 10
1153.15
 20
651.46
 10
1153.43
 20
651.46
 10
1153.87
 20
651.31
 10
1154.3
 20
651.31
 10
1154.59
 20
651.46
 10
1154.87
 20
651.6
  0
LWPOLYLINE
  5
123B
330
17
100
AcDbEntity
  8
POLYLINES
100
AcDbPolyline
 90
12
 70
0
 10
1150.84
 20
649.73
 10
1153.72
 20
650.16
 10
1153.58
 20
650.45
 10
1153.29
 20
649.73
 10
1152.86
 20
648.86
 10
1152.43
 20
648.14
 10
1152.14
 20
647.42
 10
1151.56
 20
646.7
 10
1150.84
 20
645.84
 10
1150.27
 20
645.26
 10
1149.69
 20
644.83
 10
1149.26
 20
644.54
  0
LWPOLYLINE
  5
123C
330
17
100
AcDbEntity
  8
POLYLINES
100
AcDbPolyline
 90
6
 70
0
 10
1150.84
 20
648.86
 10
1150.99
 20
648.86
 10
1153.72
 20
644.83
 10
1155.02
 20
644.83
 10
1153.72
 20
645.12
 10
1153.29
 20
645.41
  0
LWPOLYLINE
  5
123D
330
17
100
AcDbEntity
  8
POLYLINES
100
AcDbPolyline
 90
4
 70
0
 10
1157.18
 20
655.06
 10
1157.75
 20
654.19
 10
1158.04
 20
653.76
 10
1158.19
 20
653.18
  0
LWPOLYLINE
  5
123E
330
17
100
AcDbEntity
  8
POLYLINES
100
AcDbPolyline
 90
6
 70
0
 10
1156.03
 20
651.02
 10
1158.19
 20
651.31
 10
1158.04
 20
651.46
 10
1157.9
 20
645.84
 10
1157.61
 20
645.41
 10
1159.48
 20
648.0
  0
LWPOLYLINE
  5
123F
330
17
100
AcDbEntity
  8
POLYLINES
100
AcDbPolyline
 90
4
 70
0
 10
1159.05
 20
651.02
 10
1163.95
 20
651.46
 10
1163.66
 20
651.46
 10
1162.94
 20
651.31
  0
LWPOLYLINE
  5
1240
330
17
100
AcDbEntity
  8
POLYLINES
100
AcDbPolyline
 90
5
 70
0
 10
1161.35
 20
655.34
 10
1161.5
 20
654.77
 10
1161.5
 20
643.97
 10
1161.35
 20
644.69
 10
1161.5
 20
645.7
  0
LWPOLYLINE
  5
1241
330
17
100
AcDbEntity
  8
POLYLINES
100
AcDbPolyline
 90
3
 70
0
 10
709.63
 20
632.02
 10
711.21
 20
633.74
 10
711.21
 20
623.81
  0
LWPOLYLINE
  5
1242
330
17
100
AcDbEntity
  8
POLYLINES
100
AcDbPolyline
 90
9
 70
0
 10
717.83
 20
623.81
 10
716.25
 20
625.39
 10
716.25
 20
632.02
 10
717.83
 20
633.74
 10
719.56
 20
633.74
 10
721.15
 20
632.02
 10
721.15
 20
625.39
 10
719.56
 20
623.81
 10
717.83
 20
623.81
  0
LWPOLYLINE
  5
1243
330
17
100
AcDbEntity
  8
POLYLINES
100
AcDbPolyline
 90
10
 70
0
 10
726.19
 20
623.81
 10
727.77
 20
623.81
 10
731.08
 20
627.12
 10
731.08
 20
632.02
 10
729.5
 20
633.74
 10
726.19
 20
633.74
 10
724.46
 20
632.02
 10
724.46
 20
630.43
 10
726.19
 20
628.7
 10
731.08
 20
628.7
  0
LWPOLYLINE
  5
1244
330
17
100
AcDbEntity
  8
POLYLINES
100
AcDbPolyline
 90
7
 70
0
 10
734.39
 20
623.81
 10
734.39
 20
633.74
 10
739.43
 20
633.74
 10
741.02
 20
632.02
 10
741.02
 20
630.43
 10
739.43
 20
628.7
 10
734.39
 20
628.7
  0
LWPOLYLINE
  5
1245
330
17
100
AcDbEntity
  8
POLYLINES
100
AcDbPolyline
 90
14
 70
0
 10
803.37
 20
631.3
 10
803.37
 20
631.87
 10
803.8
 20
632.74
 10
804.23
 20
633.31
 10
804.95
 20
633.74
 10
806.39
 20
633.74
 10
807.26
 20
633.31
 10
807.55
 20
632.74
 10
807.98
 20
631.87
 10
807.98
 20
630.86
 10
807.55
 20
630.0
 10
806.83
 20
628.56
 10
803.08
 20
623.81
 10
808.27
 20
623.81
  0
LWPOLYLINE
  5
1246
330
17
100
AcDbEntity
  8
POLYLINES
100
AcDbPolyline
 90
14
 70
0
 10
811.0
 20
631.3
 10
811.0
 20
631.87
 10
811.29
 20
632.74
 10
811.72
 20
633.31
 10
812.44
 20
633.74
 10
814.03
 20
633.74
 10
814.75
 20
633.31
 10
815.18
 20
632.74
 10
815.47
 20
631.87
 10
815.47
 20
630.86
 10
815.18
 20
630.0
 10
814.31
 20
628.56
 10
810.57
 20
623.81
 10
815.9
 20
623.81
  0
LWPOLYLINE
  5
1247
330
17
100
AcDbEntity
  8
POLYLINES
100
AcDbPolyline
 90
17
 70
0
 10
820.36
 20
633.74
 10
819.21
 20
633.31
 10
818.49
 20
631.87
 10
818.2
 20
629.42
 10
818.2
 20
627.98
 10
818.49
 20
625.68
 10
819.21
 20
624.24
 10
820.36
 20
623.81
 10
821.23
 20
623.81
 10
822.23
 20
624.24
 10
823.1
 20
625.68
 10
823.39
 20
627.98
 10
823.39
 20
629.42
 10
823.1
 20
631.87
 10
822.23
 20
633.31
 10
821.23
 20
633.74
 10
820.36
 20
633.74
  0
LWPOLYLINE
  5
1248
330
17
100
AcDbEntity
  8
POLYLINES
100
AcDbPolyline
 90
3
 70
0
 10
832.17
 20
633.74
 10
835.19
 20
623.81
 10
838.22
 20
633.74
  0
LWPOLYLINE
  5
1249
330
17
100
AcDbEntity
  8
POLYLINES
100
AcDbPolyline
 90
4
 70
0
 10
842.68
 20
629.14
 10
842.68
 20
624.53
 10
843.11
 20
624.1
 10
844.55
 20
624.1
  0
LWPOLYLINE
  5
124A
330
17
100
AcDbEntity
  8
POLYLINES
100
AcDbPolyline
 90
4
 70
0
 10
840.09
 20
623.81
 10
840.81
 20
624.67
 10
841.53
 20
626.54
 10
842.11
 20
628.99
  0
LWPOLYLINE
  5
124B
330
17
100
AcDbEntity
  8
POLYLINES
100
AcDbPolyline
 90
3
 70
0
 10
852.04
 20
626.83
 10
854.63
 20
623.95
 10
855.35
 20
624.1
  0
LWPOLYLINE
  5
124C
330
17
100
AcDbEntity
  8
POLYLINES
100
AcDbPolyline
 90
3
 70
0
 10
852.76
 20
628.42
 10
852.04
 20
627.26
 10
851.03
 20
625.82
  0
LWPOLYLINE
  5
124D
330
17
100
AcDbEntity
  8
POLYLINES
100
AcDbPolyline
 90
4
 70
0
 10
854.35
 20
627.98
 10
853.63
 20
626.11
 10
852.33
 20
624.82
 10
850.75
 20
623.95
  0
LWPOLYLINE
  5
124E
330
17
100
AcDbEntity
  8
POLYLINES
100
AcDbPolyline
 90
3
 70
0
 10
852.47
 20
633.17
 10
852.04
 20
631.58
 10
850.89
 20
629.42
  0
LWPOLYLINE
  5
124F
330
17
100
AcDbEntity
  8
POLYLINES
100
AcDbPolyline
 90
3
 70
0
 10
860.25
 20
632.45
 10
860.25
 20
623.95
 10
859.39
 20
625.39
  0
LWPOLYLINE
  5
1250
330
17
100
AcDbEntity
  8
POLYLINES
100
AcDbPolyline
 90
4
 70
0
 10
856.36
 20
624.53
 10
856.94
 20
626.11
 10
857.23
 20
629.14
 10
857.23
 20
632.59
  0
LWPOLYLINE
  5
1251
330
17
100
AcDbEntity
  8
POLYLINES
100
AcDbPolyline
 90
3
 70
0
 10
862.55
 20
633.02
 10
862.55
 20
623.81
 10
861.83
 20
625.1
  0
LWPOLYLINE
  5
1252
330
17
100
AcDbEntity
  8
POLYLINES
100
AcDbPolyline
 90
3
 70
0
 10
862.84
 20
623.81
 10
863.85
 20
624.82
 10
864.43
 20
625.39
  0
LWPOLYLINE
  5
1253
330
17
100
AcDbEntity
  8
POLYLINES
100
AcDbPolyline
 90
4
 70
0
 10
873.93
 20
628.99
 10
873.79
 20
627.12
 10
873.35
 20
625.25
 10
872.49
 20
623.95
  0
LWPOLYLINE
  5
1254
330
17
100
AcDbEntity
  8
POLYLINES
100
AcDbPolyline
 90
4
 70
0
 10
873.07
 20
632.74
 10
873.07
 20
630.86
 10
872.63
 20
627.7
 10
871.91
 20
624.1
  0
LWPOLYLINE
  5
1255
330
17
100
AcDbEntity
  8
POLYLINES
100
AcDbPolyline
 90
14
 70
0
 10
877.1
 20
631.3
 10
877.1
 20
631.87
 10
877.53
 20
632.74
 10
877.82
 20
633.31
 10
878.68
 20
633.74
 10
880.12
 20
633.74
 10
880.84
 20
633.31
 10
881.27
 20
632.74
 10
881.71
 20
631.87
 10
881.71
 20
630.86
 10
881.27
 20
630.0
 10
880.55
 20
628.56
 10
876.67
 20
623.81
 10
881.99
 20
623.81
  0
LWPOLYLINE
  5
1256
330
17
100
AcDbEntity
  8
POLYLINES
100
AcDbPolyline
 90
3
 70
0
 10
1035.5
 20
632.02
 10
1036.94
 20
633.74
 10
1036.94
 20
623.81
  0
LWPOLYLINE
  5
1257
330
17
100
AcDbEntity
  8
POLYLINES
100
AcDbPolyline
 90
4
 70
0
 10
1069.34
 20
630.58
 10
1074.38
 20
631.01
 10
1074.09
 20
631.15
 10
1073.66
 20
631.01
  0
LWPOLYLINE
  5
1258
330
17
100
AcDbEntity
  8
POLYLINES
100
AcDbPolyline
 90
3
 70
0
 10
1075.1
 20
624.67
 10
1075.53
 20
624.96
 10
1075.96
 20
624.67
  0
LWPOLYLINE
  5
1259
330
17
100
AcDbEntity
  8
POLYLINES
100
AcDbPolyline
 90
3
 70
0
 10
1078.41
 20
629.57
 10
1078.41
 20
630.14
 10
1077.55
 20
631.44
  0
LWPOLYLINE
  5
125A
330
17
100
AcDbEntity
  8
POLYLINES
100
AcDbPolyline
 90
3
 70
0
 10
1076.83
 20
625.25
 10
1077.4
 20
624.38
 10
1079.42
 20
629.14
  0
LWPOLYLINE
  5
125B
330
17
100
AcDbEntity
  8
POLYLINES
100
AcDbPolyline
 90
6
 70
0
 10
1081.58
 20
633.74
 10
1081.58
 20
633.17
 10
1081.0
 20
631.3
 10
1080.43
 20
629.57
 10
1079.99
 20
628.7
 10
1079.56
 20
627.98
  0
LWPOLYLINE
  5
125C
330
17
100
AcDbEntity
  8
POLYLINES
100
AcDbPolyline
 90
5
 70
0
 10
1080.57
 20
629.71
 10
1084.31
 20
630.29
 10
1084.03
 20
630.58
 10
1083.59
 20
629.57
 10
1083.02
 20
628.27
  0
LWPOLYLINE
  5
125D
330
17
100
AcDbEntity
  8
POLYLINES
100
AcDbPolyline
 90
10
 70
0
 10
1081.72
 20
629.28
 10
1081.72
 20
628.7
 10
1081.43
 20
627.7
 10
1081.15
 20
626.54
 10
1080.71
 20
625.54
 10
1080.28
 20
624.53
 10
1079.71
 20
623.81
 10
1078.99
 20
623.09
 10
1078.41
 20
622.37
 10
1077.83
 20
622.08
  0
LWPOLYLINE
  5
125E
330
17
100
AcDbEntity
  8
POLYLINES
100
AcDbPolyline
 90
7
 70
0
 10
1081.29
 20
627.26
 10
1081.87
 20
626.11
 10
1082.73
 20
624.1
 10
1083.45
 20
622.51
 10
1084.89
 20
622.37
 10
1083.45
 20
622.8
 10
1083.02
 20
623.38
  0
LWPOLYLINE
  5
125F
330
17
100
AcDbEntity
  8
POLYLINES
100
AcDbPolyline
 90
13
 70
0
 10
1087.91
 20
633.6
 10
1088.06
 20
632.59
 10
1088.06
 20
631.01
 10
1088.06
 20
630.14
 10
1087.91
 20
628.85
 10
1087.77
 20
627.7
 10
1087.48
 20
626.69
 10
1087.19
 20
625.82
 10
1086.91
 20
624.82
 10
1086.47
 20
624.24
 10
1086.04
 20
623.52
 10
1085.75
 20
622.94
 10
1085.61
 20
622.66
  0
LWPOLYLINE
  5
1260
330
17
100
AcDbEntity
  8
POLYLINES
100
AcDbPolyline
 90
7
 70
0
 10
1088.2
 20
632.45
 10
1092.67
 20
633.17
 10
1092.38
 20
633.46
 10
1092.23
 20
633.02
 10
1091.95
 20
631.3
 10
1092.38
 20
631.3
 10
1088.06
 20
630.72
  0
LWPOLYLINE
  5
1261
330
17
100
AcDbEntity
  8
POLYLINES
100
AcDbPolyline
 90
4
 70
0
 10
1091.37
 20
630.72
 10
1091.66
 20
630.43
 10
1091.51
 20
630.43
 10
1090.94
 20
628.7
  0
LWPOLYLINE
  5
1262
330
17
100
AcDbEntity
  8
POLYLINES
100
AcDbPolyline
 90
4
 70
0
 10
1089.07
 20
630.58
 10
1089.64
 20
628.99
 10
1089.64
 20
629.42
 10
1089.35
 20
629.71
  0
LWPOLYLINE
  5
1263
330
17
100
AcDbEntity
  8
POLYLINES
100
AcDbPolyline
 90
6
 70
0
 10
1088.35
 20
628.27
 10
1088.63
 20
627.98
 10
1088.63
 20
628.27
 10
1093.1
 20
628.99
 10
1092.81
 20
628.99
 10
1092.52
 20
628.85
  0
LWPOLYLINE
  5
1264
330
17
100
AcDbEntity
  8
POLYLINES
100
AcDbPolyline
 90
5
 70
0
 10
1091.51
 20
628.42
 10
1091.51
 20
623.81
 10
1091.51
 20
622.51
 10
1091.37
 20
622.94
 10
1091.51
 20
623.95
  0
LWPOLYLINE
  5
1265
330
17
100
AcDbEntity
  8
POLYLINES
100
AcDbPolyline
 90
12
 70
0
 10
1089.64
 20
628.27
 10
1089.64
 20
626.83
 10
1089.5
 20
625.97
 10
1089.5
 20
625.39
 10
1089.35
 20
624.82
 10
1089.21
 20
624.53
 10
1089.07
 20
624.1
 10
1088.78
 20
623.81
 10
1088.49
 20
623.38
 10
1088.06
 20
622.94
 10
1087.77
 20
622.66
 10
1087.19
 20
622.37
  0
LWPOLYLINE
  5
1266
330
17
100
AcDbEntity
  8
POLYLINES
100
AcDbPolyline
 90
6
 70
0
 10
1088.06
 20
626.11
 10
1088.06
 20
625.97
 10
1088.35
 20
626.11
 10
1093.67
 20
626.69
 10
1093.53
 20
626.83
 10
1092.67
 20
626.54
  0
LWPOLYLINE
  5
1267
330
17
100
AcDbEntity
  8
POLYLINES
100
AcDbPolyline
 90
6
 70
0
 10
1095.98
 20
624.82
 10
1094.97
 20
624.82
 10
1094.97
 20
625.39
 10
1095.98
 20
625.39
 10
1095.98
 20
624.1
 10
1094.97
 20
623.38
  0
LWPOLYLINE
  5
1268
330
17
100
AcDbEntity
  8
POLYLINES
100
AcDbPolyline
 90
5
 70
0
 10
1105.05
 20
633.31
 10
1105.34
 20
632.45
 10
1105.34
 20
626.69
 10
1105.19
 20
627.41
 10
1105.34
 20
628.42
  0
LWPOLYLINE
  5
1269
330
17
100
AcDbEntity
  8
POLYLINES
100
AcDbPolyline
 90
7
 70
0
 10
1105.34
 20
632.59
 10
1109.23
 20
633.02
 10
1108.94
 20
633.17
 10
1108.94
 20
632.74
 10
1108.51
 20
626.83
 10
1108.51
 20
627.41
 10
1108.65
 20
628.42
  0
LWPOLYLINE
  5
126A
330
17
100
AcDbEntity
  8
POLYLINES
100
AcDbPolyline
 90
13
 70
0
 10
1106.92
 20
631.01
 10
1107.07
 20
630.58
 10
1106.92
 20
629.57
 10
1106.78
 20
628.27
 10
1106.49
 20
627.26
 10
1106.35
 20
626.4
 10
1106.06
 20
625.68
 10
1105.77
 20
625.25
 10
1105.34
 20
624.53
 10
1104.76
 20
623.95
 10
1104.33
 20
623.38
 10
1103.9
 20
622.94
 10
1103.03
 20
622.66
  0
LWPOLYLINE
  5
126B
330
17
100
AcDbEntity
  8
POLYLINES
100
AcDbPolyline
 90
15
 70
0
 10
1107.35
 20
627.84
 10
1107.5
 20
627.55
 10
1107.35
 20
627.41
 10
1107.35
 20
625.39
 10
1107.35
 20
624.38
 10
1107.5
 20
623.95
 10
1107.64
 20
623.66
 10
1107.93
 20
623.52
 10
1108.36
 20
623.38
 10
1109.08
 20
623.38
 10
1110.67
 20
623.66
 10
1110.95
 20
623.66
 10
1111.1
 20
623.81
 10
1110.81
 20
626.26
 10
1110.81
 20
623.81
  0
LWPOLYLINE
  5
126C
330
17
100
AcDbEntity
  8
POLYLINES
100
AcDbPolyline
 90
12
 70
0
 10
1112.54
 20
631.01
 10
1112.83
 20
630.43
 10
1112.97
 20
629.14
 10
1112.97
 20
627.12
 10
1112.97
 20
626.98
 10
1113.11
 20
624.96
 10
1112.97
 20
625.97
 10
1117.72
 20
626.4
 10
1117.15
 20
626.4
 10
1117.87
 20
631.01
 10
1117.87
 20
630.72
 10
1112.83
 20
630.0
  0
LWPOLYLINE
  5
126D
330
17
100
AcDbEntity
  8
POLYLINES
100
AcDbPolyline
 90
16
 70
0
 10
1115.13
 20
633.31
 10
1115.42
 20
632.88
 10
1115.27
 20
633.02
 10
1115.27
 20
630.72
 10
1115.13
 20
626.4
 10
1115.13
 20
624.67
 10
1115.27
 20
623.81
 10
1115.42
 20
623.38
 10
1115.71
 20
622.94
 10
1116.14
 20
622.66
 10
1116.86
 20
622.66
 10
1118.73
 20
622.8
 10
1119.02
 20
622.94
 10
1119.16
 20
622.94
 10
1118.87
 20
625.25
 10
1119.02
 20
623.09
  0
LWPOLYLINE
  5
126E
330
17
100
AcDbEntity
  8
POLYLINES
100
AcDbPolyline
 90
6
 70
0
 10
1123.77
 20
633.6
 10
1123.77
 20
633.17
 10
1123.19
 20
632.16
 10
1122.33
 20
630.72
 10
1121.61
 20
629.71
 10
1120.75
 20
628.7
  0
LWPOLYLINE
  5
126F
330
17
100
AcDbEntity
  8
POLYLINES
100
AcDbPolyline
 90
4
 70
0
 10
1122.76
 20
631.15
 10
1127.51
 20
632.02
 10
1127.08
 20
632.02
 10
1126.36
 20
631.73
  0
LWPOLYLINE
  5
1270
330
17
100
AcDbEntity
  8
POLYLINES
100
AcDbPolyline
 90
5
 70
0
 10
1122.91
 20
629.57
 10
1123.05
 20
629.57
 10
1126.36
 20
630.14
 10
1126.07
 20
630.29
 10
1125.79
 20
630.0
  0
LWPOLYLINE
  5
1271
330
17
100
AcDbEntity
  8
POLYLINES
100
AcDbPolyline
 90
19
 70
0
 10
1121.75
 20
627.7
 10
1121.9
 20
627.55
 10
1122.19
 20
627.7
 10
1126.36
 20
628.56
 10
1126.22
 20
628.85
 10
1126.22
 20
628.42
 10
1126.22
 20
626.98
 10
1126.22
 20
626.26
 10
1126.36
 20
625.54
 10
1126.51
 20
624.96
 10
1126.65
 20
624.38
 10
1126.79
 20
623.95
 10
1127.23
 20
623.52
 10
1127.51
 20
623.09
 10
1127.95
 20
622.66
 10
1128.38
 20
622.51
 10
1128.67
 20
622.22
 10
1128.52
 20
624.67
 10
1128.52
 20
622.51
  0
LWPOLYLINE
  5
1272
330
17
100
AcDbEntity
  8
POLYLINES
100
AcDbPolyline
 90
4
 70
0
 10
1130.83
 20
630.58
 10
1136.01
 20
631.01
 10
1135.58
 20
631.15
 10
1135.15
 20
631.01
  0
LWPOLYLINE
  5
1273
330
17
100
AcDbEntity
  8
POLYLINES
100
AcDbPolyline
 90
3
 70
0
 10
1136.59
 20
624.67
 10
1137.02
 20
624.96
 10
1137.45
 20
624.67
  0
LWPOLYLINE
  5
1274
330
17
100
AcDbEntity
  8
POLYLINES
100
AcDbPolyline
 90
3
 70
0
 10
1140.04
 20
629.57
 10
1139.9
 20
630.14
 10
1139.03
 20
631.44
  0
LWPOLYLINE
  5
1275
330
17
100
AcDbEntity
  8
POLYLINES
100
AcDbPolyline
 90
3
 70
0
 10
1138.31
 20
625.25
 10
1139.03
 20
624.38
 10
1140.91
 20
629.14
  0
LWPOLYLINE
  5
1276
330
17
100
AcDbEntity
  8
POLYLINES
100
AcDbPolyline
 90
6
 70
0
 10
1143.21
 20
633.74
 10
1143.07
 20
633.17
 10
1142.63
 20
631.3
 10
1141.91
 20
629.57
 10
1141.48
 20
628.7
 10
1141.05
 20
627.98
  0
LWPOLYLINE
  5
1277
330
17
100
AcDbEntity
  8
POLYLINES
100
AcDbPolyline
 90
5
 70
0
 10
1142.06
 20
629.71
 10
1145.8
 20
630.29
 10
1145.51
 20
630.58
 10
1145.08
 20
629.57
 10
1144.51
 20
628.27
  0
LWPOLYLINE
  5
1278
330
17
100
AcDbEntity
  8
POLYLINES
100
AcDbPolyline
 90
10
 70
0
 10
1143.21
 20
629.28
 10
1143.21
 20
628.7
 10
1143.07
 20
627.7
 10
1142.63
 20
626.54
 10
1142.2
 20
625.54
 10
1141.77
 20
624.53
 10
1141.19
 20
623.81
 10
1140.62
 20
623.09
 10
1139.9
 20
622.37
 10
1139.47
 20
622.08
  0
LWPOLYLINE
  5
1279
330
17
100
AcDbEntity
  8
POLYLINES
100
AcDbPolyline
 90
7
 70
0
 10
1142.92
 20
627.26
 10
1143.5
 20
626.11
 10
1144.22
 20
624.1
 10
1144.94
 20
622.51
 10
1146.38
 20
622.37
 10
1144.94
 20
622.8
 10
1144.51
 20
623.38
  0
LWPOLYLINE
  5
127A
330
17
100
AcDbEntity
  8
POLYLINES
100
AcDbPolyline
 90
3
 70
0
 10
1148.25
 20
633.02
 10
1149.11
 20
631.73
 10
1149.4
 20
631.15
  0
LWPOLYLINE
  5
127B
330
17
100
AcDbEntity
  8
POLYLINES
100
AcDbPolyline
 90
7
 70
0
 10
1147.24
 20
629.14
 10
1149.11
 20
629.57
 10
1148.83
 20
629.86
 10
1148.83
 20
629.14
 10
1148.68
 20
624.24
 10
1148.39
 20
623.95
 10
1149.98
 20
625.82
  0
LWPOLYLINE
  5
127C
330
17
100
AcDbEntity
  8
POLYLINES
100
AcDbPolyline
 90
8
 70
0
 10
1151.13
 20
633.17
 10
1151.27
 20
632.3
 10
1151.27
 20
631.44
 10
1151.13
 20
630.58
 10
1150.84
 20
629.71
 10
1150.55
 20
629.28
 10
1150.27
 20
628.7
 10
1149.98
 20
628.27
  0
LWPOLYLINE
  5
127D
330
17
100
AcDbEntity
  8
POLYLINES
100
AcDbPolyline
 90
14
 70
0
 10
1151.27
 20
632.45
 10
1153.29
 20
632.59
 10
1153.15
 20
632.88
 10
1153.0
 20
632.16
 10
1153.0
 20
631.58
 10
1153.0
 20
631.01
 10
1153.0
 20
630.29
 10
1153.0
 20
630.0
 10
1153.15
 20
629.71
 10
1153.43
 20
629.71
 10
1153.87
 20
629.57
 10
1154.3
 20
629.57
 10
1154.59
 20
629.71
 10
1154.87
 20
629.86
  0
LWPOLYLINE
  5
127E
330
17
100
AcDbEntity
  8
POLYLINES
100
AcDbPolyline
 90
12
 70
0
 10
1150.84
 20
627.98
 10
1153.72
 20
628.42
 10
1153.58
 20
628.7
 10
1153.29
 20
627.98
 10
1152.86
 20
627.12
 10
1152.43
 20
626.4
 10
1152.14
 20
625.68
 10
1151.56
 20
624.96
 10
1150.84
 20
624.24
 10
1150.27
 20
623.52
 10
1149.69
 20
623.09
 10
1149.26
 20
622.8
  0
LWPOLYLINE
  5
127F
330
17
100
AcDbEntity
  8
POLYLINES
100
AcDbPolyline
 90
6
 70
0
 10
1150.84
 20
627.26
 10
1150.99
 20
627.26
 10
1153.72
 20
623.09
 10
1155.02
 20
623.09
 10
1153.72
 20
623.38
 10
1153.29
 20
623.66
  0
LWPOLYLINE
  5
1280
330
17
100
AcDbEntity
  8
POLYLINES
100
AcDbPolyline
 90
4
 70
0
 10
1157.18
 20
633.31
 10
1157.75
 20
632.45
 10
1158.04
 20
632.02
 10
1158.19
 20
631.44
  0
LWPOLYLINE
  5
1281
330
17
100
AcDbEntity
  8
POLYLINES
100
AcDbPolyline
 90
6
 70
0
 10
1156.03
 20
629.28
 10
1158.19
 20
629.57
 10
1158.04
 20
629.71
 10
1157.9
 20
624.1
 10
1157.61
 20
623.66
 10
1159.48
 20
626.26
  0
LWPOLYLINE
  5
1282
330
17
100
AcDbEntity
  8
POLYLINES
100
AcDbPolyline
 90
4
 70
0
 10
1159.05
 20
629.28
 10
1163.95
 20
629.71
 10
1163.66
 20
629.71
 10
1162.94
 20
629.57
  0
LWPOLYLINE
  5
1283
330
17
100
AcDbEntity
  8
POLYLINES
100
AcDbPolyline
 90
5
 70
0
 10
1161.35
 20
633.6
 10
1161.5
 20
633.02
 10
1161.5
 20
622.22
 10
1161.35
 20
622.94
 10
1161.5
 20
623.95
  0
LWPOLYLINE
  5
1284
330
17
100
AcDbEntity
  8
POLYLINES
100
AcDbPolyline
 90
3
 70
0
 10
711.21
 20
610.27
 10
712.94
 20
612.0
 10
712.94
 20
602.06
  0
LWPOLYLINE
  5
1285
330
17
100
AcDbEntity
  8
POLYLINES
100
AcDbPolyline
 90
3
 70
0
 10
717.83
 20
610.27
 10
719.56
 20
612.0
 10
719.56
 20
602.06
  0
LWPOLYLINE
  5
1286
330
17
100
AcDbEntity
  8
POLYLINES
100
AcDbPolyline
 90
9
 70
0
 10
726.19
 20
602.06
 10
724.46
 20
603.79
 10
724.46
 20
610.27
 10
726.19
 20
612.0
 10
727.77
 20
612.0
 10
729.5
 20
610.27
 10
729.5
 20
603.79
 10
727.77
 20
602.06
 10
726.19
 20
602.06
  0
LWPOLYLINE
  5
1287
330
17
100
AcDbEntity
  8
POLYLINES
100
AcDbPolyline
 90
7
 70
0
 10
732.81
 20
602.06
 10
732.81
 20
612.0
 10
737.71
 20
612.0
 10
739.43
 20
610.27
 10
739.43
 20
608.69
 10
737.71
 20
606.96
 10
732.81
 20
606.96
  0
LWPOLYLINE
  5
1288
330
17
100
AcDbEntity
  8
POLYLINES
100
AcDbPolyline
 90
4
 70
0
 10
807.4
 20
610.13
 10
808.12
 20
610.56
 10
809.27
 20
612.0
 10
809.27
 20
602.06
  0
LWPOLYLINE
  5
1289
330
17
100
AcDbEntity
  8
POLYLINES
100
AcDbPolyline
 90
4
 70
0
 10
813.45
 20
610.13
 10
814.17
 20
610.56
 10
815.32
 20
612.0
 10
815.32
 20
602.06
  0
LWPOLYLINE
  5
128A
330
17
100
AcDbEntity
  8
POLYLINES
100
AcDbPolyline
 90
17
 70
0
 10
821.8
 20
612.0
 10
820.65
 20
611.57
 10
819.93
 20
610.13
 10
819.5
 20
607.68
 10
819.5
 20
606.38
 10
819.93
 20
603.94
 10
820.65
 20
602.5
 10
821.8
 20
602.06
 10
822.52
 20
602.06
 10
823.67
 20
602.5
 10
824.39
 20
603.94
 10
824.83
 20
606.38
 10
824.83
 20
607.68
 10
824.39
 20
610.13
 10
823.67
 20
611.57
 10
822.52
 20
612.0
 10
821.8
 20
612.0
  0
LWPOLYLINE
  5
128B
330
17
100
AcDbEntity
  8
POLYLINES
100
AcDbPolyline
 90
3
 70
0
 10
833.47
 20
612.0
 10
836.49
 20
602.06
 10
839.51
 20
612.0
  0
LWPOLYLINE
  5
128C
330
17
100
AcDbEntity
  8
POLYLINES
100
AcDbPolyline
 90
4
 70
0
 10
844.12
 20
607.39
 10
844.12
 20
602.78
 10
844.55
 20
602.35
 10
845.85
 20
602.35
  0
LWPOLYLINE
  5
128D
330
17
100
AcDbEntity
  8
POLYLINES
100
AcDbPolyline
 90
4
 70
0
 10
841.39
 20
602.06
 10
842.11
 20
602.93
 10
842.97
 20
604.8
 10
843.4
 20
607.25
  0
LWPOLYLINE
  5
128E
330
17
100
AcDbEntity
  8
POLYLINES
100
AcDbPolyline
 90
3
 70
0
 10
853.48
 20
605.09
 10
855.93
 20
602.21
 10
856.79
 20
602.35
  0
LWPOLYLINE
  5
128F
330
17
100
AcDbEntity
  8
POLYLINES
100
AcDbPolyline
 90
3
 70
0
 10
854.06
 20
606.67
 10
853.48
 20
605.52
 10
852.47
 20
604.08
  0
LWPOLYLINE
  5
1290
330
17
100
AcDbEntity
  8
POLYLINES
100
AcDbPolyline
 90
4
 70
0
 10
855.79
 20
606.24
 10
854.92
 20
604.51
 10
853.63
 20
603.07
 10
852.04
 20
602.21
  0
LWPOLYLINE
  5
1291
330
17
100
AcDbEntity
  8
POLYLINES
100
AcDbPolyline
 90
3
 70
0
 10
853.91
 20
611.42
 10
853.48
 20
609.84
 10
852.33
 20
607.68
  0
LWPOLYLINE
  5
1292
330
17
100
AcDbEntity
  8
POLYLINES
100
AcDbPolyline
 90
3
 70
0
 10
861.55
 20
610.7
 10
861.55
 20
602.21
 10
860.68
 20
603.65
  0
LWPOLYLINE
  5
1293
330
17
100
AcDbEntity
  8
POLYLINES
100
AcDbPolyline
 90
4
 70
0
 10
857.66
 20
602.78
 10
858.23
 20
604.37
 10
858.52
 20
607.39
 10
858.52
 20
610.85
  0
LWPOLYLINE
  5
1294
330
17
100
AcDbEntity
  8
POLYLINES
100
AcDbPolyline
 90
3
 70
0
 10
863.85
 20
611.28
 10
863.85
 20
602.06
 10
863.13
 20
603.36
  0
LWPOLYLINE
  5
1295
330
17
100
AcDbEntity
  8
POLYLINES
100
AcDbPolyline
 90
3
 70
0
 10
864.14
 20
602.06
 10
865.29
 20
603.07
 10
865.87
 20
603.79
  0
LWPOLYLINE
  5
1296
330
17
100
AcDbEntity
  8
POLYLINES
100
AcDbPolyline
 90
4
 70
0
 10
875.23
 20
607.25
 10
875.23
 20
605.38
 10
874.65
 20
603.5
 10
873.79
 20
602.21
  0
LWPOLYLINE
  5
1297
330
17
100
AcDbEntity
  8
POLYLINES
100
AcDbPolyline
 90
4
 70
0
 10
874.36
 20
610.99
 10
874.36
 20
609.12
 10
874.07
 20
605.95
 10
873.21
 20
602.35
  0
LWPOLYLINE
  5
1298
330
17
100
AcDbEntity
  8
POLYLINES
100
AcDbPolyline
 90
3
 70
0
 10
1035.5
 20
610.27
 10
1036.94
 20
612.0
 10
1036.94
 20
602.06
  0
LWPOLYLINE
  5
1299
330
17
100
AcDbEntity
  8
POLYLINES
100
AcDbPolyline
 90
4
 70
0
 10
1069.34
 20
608.83
 10
1074.38
 20
609.26
 10
1074.09
 20
609.41
 10
1073.66
 20
609.26
  0
LWPOLYLINE
  5
129A
330
17
100
AcDbEntity
  8
POLYLINES
100
AcDbPolyline
 90
3
 70
0
 10
1075.1
 20
602.93
 10
1075.53
 20
603.22
 10
1075.96
 20
602.93
  0
LWPOLYLINE
  5
129B
330
17
100
AcDbEntity
  8
POLYLINES
100
AcDbPolyline
 90
3
 70
0
 10
1078.41
 20
607.82
 10
1078.41
 20
608.4
 10
1077.55
 20
609.7
  0
LWPOLYLINE
  5
129C
330
17
100
AcDbEntity
  8
POLYLINES
100
AcDbPolyline
 90
3
 70
0
 10
1076.83
 20
603.5
 10
1077.4
 20
602.64
 10
1079.42
 20
607.39
  0
LWPOLYLINE
  5
129D
330
17
100
AcDbEntity
  8
POLYLINES
100
AcDbPolyline
 90
6
 70
0
 10
1081.58
 20
612.0
 10
1081.58
 20
611.42
 10
1081.0
 20
609.55
 10
1080.43
 20
607.82
 10
1079.99
 20
606.96
 10
1079.56
 20
606.24
  0
LWPOLYLINE
  5
129E
330
17
100
AcDbEntity
  8
POLYLINES
100
AcDbPolyline
 90
5
 70
0
 10
1080.57
 20
607.97
 10
1084.31
 20
608.54
 10
1084.03
 20
608.83
 10
1083.59
 20
607.82
 10
1083.02
 20
606.53
  0
LWPOLYLINE
  5
129F
330
17
100
AcDbEntity
  8
POLYLINES
100
AcDbPolyline
 90
10
 70
0
 10
1081.72
 20
607.54
 10
1081.72
 20
606.96
 10
1081.43
 20
605.95
 10
1081.15
 20
604.8
 10
1080.71
 20
603.79
 10
1080.28
 20
602.78
 10
1079.71
 20
602.06
 10
1078.99
 20
601.34
 10
1078.41
 20
600.62
 10
1077.83
 20
600.34
  0
LWPOLYLINE
  5
12A0
330
17
100
AcDbEntity
  8
POLYLINES
100
AcDbPolyline
 90
7
 70
0
 10
1081.29
 20
605.52
 10
1081.87
 20
604.37
 10
1082.73
 20
602.35
 10
1083.45
 20
600.77
 10
1084.89
 20
600.62
 10
1083.45
 20
601.06
 10
1083.02
 20
601.63
  0
LWPOLYLINE
  5
12A1
330
17
100
AcDbEntity
  8
POLYLINES
100
AcDbPolyline
 90
13
 70
0
 10
1087.91
 20
611.86
 10
1088.06
 20
610.85
 10
1088.06
 20
609.26
 10
1088.06
 20
608.4
 10
1087.91
 20
607.1
 10
1087.77
 20
605.95
 10
1087.48
 20
604.94
 10
1087.19
 20
604.08
 10
1086.91
 20
603.07
 10
1086.47
 20
602.5
 10
1086.04
 20
601.78
 10
1085.75
 20
601.2
 10
1085.61
 20
600.91
  0
LWPOLYLINE
  5
12A2
330
17
100
AcDbEntity
  8
POLYLINES
100
AcDbPolyline
 90
7
 70
0
 10
1088.2
 20
610.7
 10
1092.67
 20
611.42
 10
1092.38
 20
611.71
 10
1092.23
 20
611.28
 10
1091.95
 20
609.55
 10
1092.38
 20
609.55
 10
1088.06
 20
609.12
  0
LWPOLYLINE
  5
12A3
330
17
100
AcDbEntity
  8
POLYLINES
100
AcDbPolyline
 90
4
 70
0
 10
1091.37
 20
609.12
 10
1091.66
 20
608.69
 10
1091.51
 20
608.69
 10
1090.94
 20
606.96
  0
LWPOLYLINE
  5
12A4
330
17
100
AcDbEntity
  8
POLYLINES
100
AcDbPolyline
 90
4
 70
0
 10
1089.07
 20
608.83
 10
1089.64
 20
607.25
 10
1089.64
 20
607.68
 10
1089.35
 20
608.11
  0
LWPOLYLINE
  5
12A5
330
17
100
AcDbEntity
  8
POLYLINES
100
AcDbPolyline
 90
6
 70
0
 10
1088.35
 20
606.53
 10
1088.63
 20
606.24
 10
1088.63
 20
606.53
 10
1093.1
 20
607.25
 10
1092.81
 20
607.25
 10
1092.52
 20
607.1
  0
LWPOLYLINE
  5
12A6
330
17
100
AcDbEntity
  8
POLYLINES
100
AcDbPolyline
 90
5
 70
0
 10
1091.51
 20
606.82
 10
1091.51
 20
602.06
 10
1091.51
 20
600.77
 10
1091.37
 20
601.2
 10
1091.51
 20
602.21
  0
LWPOLYLINE
  5
12A7
330
17
100
AcDbEntity
  8
POLYLINES
100
AcDbPolyline
 90
12
 70
0
 10
1089.64
 20
606.53
 10
1089.64
 20
605.09
 10
1089.5
 20
604.22
 10
1089.5
 20
603.65
 10
1089.35
 20
603.07
 10
1089.21
 20
602.78
 10
1089.07
 20
602.35
 10
1088.78
 20
602.06
 10
1088.49
 20
601.63
 10
1088.06
 20
601.2
 10
1087.77
 20
600.91
 10
1087.19
 20
600.62
  0
LWPOLYLINE
  5
12A8
330
17
100
AcDbEntity
  8
POLYLINES
100
AcDbPolyline
 90
6
 70
0
 10
1088.06
 20
604.37
 10
1088.06
 20
604.22
 10
1088.35
 20
604.37
 10
1093.67
 20
604.94
 10
1093.53
 20
605.09
 10
1092.67
 20
604.8
  0
LWPOLYLINE
  5
12A9
330
17
100
AcDbEntity
  8
POLYLINES
100
AcDbPolyline
 90
6
 70
0
 10
1095.98
 20
603.07
 10
1094.97
 20
603.07
 10
1094.97
 20
603.65
 10
1095.98
 20
603.65
 10
1095.98
 20
602.35
 10
1094.97
 20
601.63
  0
LWPOLYLINE
  5
12AA
330
17
100
AcDbEntity
  8
POLYLINES
100
AcDbPolyline
 90
5
 70
0
 10
1105.05
 20
611.57
 10
1105.34
 20
610.7
 10
1105.34
 20
604.94
 10
1105.19
 20
605.66
 10
1105.34
 20
606.82
  0
LWPOLYLINE
  5
12AB
330
17
100
AcDbEntity
  8
POLYLINES
100
AcDbPolyline
 90
7
 70
0
 10
1105.34
 20
610.85
 10
1109.23
 20
611.28
 10
1108.94
 20
611.42
 10
1108.94
 20
610.99
 10
1108.51
 20
605.09
 10
1108.51
 20
605.81
 10
1108.65
 20
606.67
  0
LWPOLYLINE
  5
12AC
330
17
100
AcDbEntity
  8
POLYLINES
100
AcDbPolyline
 90
13
 70
0
 10
1106.92
 20
609.26
 10
1107.07
 20
608.83
 10
1106.92
 20
607.82
 10
1106.78
 20
606.53
 10
1106.49
 20
605.52
 10
1106.35
 20
604.8
 10
1106.06
 20
603.94
 10
1105.77
 20
603.5
 10
1105.34
 20
602.78
 10
1104.76
 20
602.21
 10
1104.33
 20
601.63
 10
1103.9
 20
601.2
 10
1103.03
 20
600.91
  0
LWPOLYLINE
  5
12AD
330
17
100
AcDbEntity
  8
POLYLINES
100
AcDbPolyline
 90
15
 70
0
 10
1107.35
 20
606.1
 10
1107.5
 20
605.81
 10
1107.35
 20
605.66
 10
1107.35
 20
603.65
 10
1107.35
 20
602.64
 10
1107.5
 20
602.21
 10
1107.64
 20
601.92
 10
1107.93
 20
601.78
 10
1108.36
 20
601.63
 10
1109.08
 20
601.63
 10
1110.67
 20
601.92
 10
1110.95
 20
601.92
 10
1111.1
 20
602.06
 10
1110.81
 20
604.51
 10
1110.81
 20
602.06
  0
LWPOLYLINE
  5
12AE
330
17
100
AcDbEntity
  8
POLYLINES
100
AcDbPolyline
 90
12
 70
0
 10
1112.54
 20
609.26
 10
1112.83
 20
608.69
 10
1112.97
 20
607.39
 10
1112.97
 20
605.38
 10
1112.97
 20
605.23
 10
1113.11
 20
603.22
 10
1112.97
 20
604.22
 10
1117.72
 20
604.8
 10
1117.15
 20
604.8
 10
1117.87
 20
609.26
 10
1117.87
 20
608.98
 10
1112.83
 20
608.26
  0
LWPOLYLINE
  5
12AF
330
17
100
AcDbEntity
  8
POLYLINES
100
AcDbPolyline
 90
16
 70
0
 10
1115.13
 20
611.57
 10
1115.42
 20
611.14
 10
1115.27
 20
611.28
 10
1115.27
 20
609.12
 10
1115.13
 20
604.8
 10
1115.13
 20
602.93
 10
1115.27
 20
602.06
 10
1115.42
 20
601.63
 10
1115.71
 20
601.2
 10
1116.14
 20
600.91
 10
1116.86
 20
600.91
 10
1118.73
 20
601.06
 10
1119.02
 20
601.2
 10
1119.16
 20
601.2
 10
1118.87
 20
603.5
 10
1119.02
 20
601.34
  0
LWPOLYLINE
  5
12B0
330
17
100
AcDbEntity
  8
POLYLINES
100
AcDbPolyline
 90
6
 70
0
 10
1123.77
 20
611.86
 10
1123.77
 20
611.42
 10
1123.19
 20
610.42
 10
1122.33
 20
608.98
 10
1121.61
 20
607.97
 10
1120.75
 20
606.96
  0
LWPOLYLINE
  5
12B1
330
17
100
AcDbEntity
  8
POLYLINES
100
AcDbPolyline
 90
4
 70
0
 10
1122.76
 20
609.41
 10
1127.51
 20
610.27
 10
1127.08
 20
610.27
 10
1126.36
 20
609.98
  0
LWPOLYLINE
  5
12B2
330
17
100
AcDbEntity
  8
POLYLINES
100
AcDbPolyline
 90
5
 70
0
 10
1122.91
 20
607.82
 10
1123.05
 20
607.82
 10
1126.36
 20
608.4
 10
1126.07
 20
608.54
 10
1125.79
 20
608.26
  0
LWPOLYLINE
  5
12B3
330
17
100
AcDbEntity
  8
POLYLINES
100
AcDbPolyline
 90
19
 70
0
 10
1121.75
 20
605.95
 10
1121.9
 20
605.81
 10
1122.19
 20
605.95
 10
1126.36
 20
606.82
 10
1126.22
 20
607.1
 10
1126.22
 20
606.67
 10
1126.22
 20
605.23
 10
1126.22
 20
604.51
 10
1126.36
 20
603.79
 10
1126.51
 20
603.22
 10
1126.65
 20
602.64
 10
1126.79
 20
602.21
 10
1127.23
 20
601.78
 10
1127.51
 20
601.34
 10
1127.95
 20
600.91
 10
1128.38
 20
600.77
 10
1128.67
 20
600.48
 10
1128.52
 20
602.93
 10
1128.52
 20
600.77
  0
LWPOLYLINE
  5
12B4
330
17
100
AcDbEntity
  8
POLYLINES
100
AcDbPolyline
 90
4
 70
0
 10
1130.83
 20
608.83
 10
1136.01
 20
609.26
 10
1135.58
 20
609.41
 10
1135.15
 20
609.26
  0
LWPOLYLINE
  5
12B5
330
17
100
AcDbEntity
  8
POLYLINES
100
AcDbPolyline
 90
3
 70
0
 10
1136.59
 20
602.93
 10
1137.02
 20
603.22
 10
1137.45
 20
602.93
  0
LWPOLYLINE
  5
12B6
330
17
100
AcDbEntity
  8
POLYLINES
100
AcDbPolyline
 90
3
 70
0
 10
1140.04
 20
607.82
 10
1139.9
 20
608.4
 10
1139.03
 20
609.7
  0
LWPOLYLINE
  5
12B7
330
17
100
AcDbEntity
  8
POLYLINES
100
AcDbPolyline
 90
3
 70
0
 10
1138.31
 20
603.5
 10
1139.03
 20
602.64
 10
1140.91
 20
607.39
  0
LWPOLYLINE
  5
12B8
330
17
100
AcDbEntity
  8
POLYLINES
100
AcDbPolyline
 90
6
 70
0
 10
1143.21
 20
612.0
 10
1143.07
 20
611.42
 10
1142.63
 20
609.55
 10
1141.91
 20
607.82
 10
1141.48
 20
606.96
 10
1141.05
 20
606.24
  0
LWPOLYLINE
  5
12B9
330
17
100
AcDbEntity
  8
POLYLINES
100
AcDbPolyline
 90
5
 70
0
 10
1142.06
 20
607.97
 10
1145.8
 20
608.54
 10
1145.51
 20
608.83
 10
1145.08
 20
607.82
 10
1144.51
 20
606.53
  0
LWPOLYLINE
  5
12BA
330
17
100
AcDbEntity
  8
POLYLINES
100
AcDbPolyline
 90
10
 70
0
 10
1143.21
 20
607.54
 10
1143.21
 20
606.96
 10
1143.07
 20
605.95
 10
1142.63
 20
604.8
 10
1142.2
 20
603.79
 10
1141.77
 20
602.78
 10
1141.19
 20
602.06
 10
1140.62
 20
601.34
 10
1139.9
 20
600.62
 10
1139.47
 20
600.34
  0
LWPOLYLINE
  5
12BB
330
17
100
AcDbEntity
  8
POLYLINES
100
AcDbPolyline
 90
7
 70
0
 10
1142.92
 20
605.52
 10
1143.5
 20
604.37
 10
1144.22
 20
602.35
 10
1144.94
 20
600.77
 10
1146.38
 20
600.62
 10
1144.94
 20
601.06
 10
1144.51
 20
601.63
  0
LWPOLYLINE
  5
12BC
330
17
100
AcDbEntity
  8
POLYLINES
100
AcDbPolyline
 90
3
 70
0
 10
1148.25
 20
611.28
 10
1149.11
 20
609.98
 10
1149.4
 20
609.41
  0
LWPOLYLINE
  5
12BD
330
17
100
AcDbEntity
  8
POLYLINES
100
AcDbPolyline
 90
7
 70
0
 10
1147.24
 20
607.39
 10
1149.11
 20
607.82
 10
1148.83
 20
608.11
 10
1148.83
 20
607.39
 10
1148.68
 20
602.5
 10
1148.39
 20
602.21
 10
1149.98
 20
604.08
  0
LWPOLYLINE
  5
12BE
330
17
100
AcDbEntity
  8
POLYLINES
100
AcDbPolyline
 90
8
 70
0
 10
1151.13
 20
611.42
 10
1151.27
 20
610.56
 10
1151.27
 20
609.7
 10
1151.13
 20
608.83
 10
1150.84
 20
608.11
 10
1150.55
 20
607.54
 10
1150.27
 20
606.96
 10
1149.98
 20
606.53
  0
LWPOLYLINE
  5
12BF
330
17
100
AcDbEntity
  8
POLYLINES
100
AcDbPolyline
 90
14
 70
0
 10
1151.27
 20
610.7
 10
1153.29
 20
610.85
 10
1153.15
 20
611.14
 10
1153.0
 20
610.42
 10
1153.0
 20
609.84
 10
1153.0
 20
609.26
 10
1153.0
 20
608.54
 10
1153.0
 20
608.26
 10
1153.15
 20
608.11
 10
1153.43
 20
607.97
 10
1153.87
 20
607.82
 10
1154.3
 20
607.82
 10
1154.59
 20
607.97
 10
1154.87
 20
608.11
  0
LWPOLYLINE
  5
12C0
330
17
100
AcDbEntity
  8
POLYLINES
100
AcDbPolyline
 90
12
 70
0
 10
1150.84
 20
606.24
 10
1153.72
 20
606.82
 10
1153.58
 20
606.96
 10
1153.29
 20
606.24
 10
1152.86
 20
605.38
 10
1152.43
 20
604.66
 10
1152.14
 20
603.94
 10
1151.56
 20
603.22
 10
1150.84
 20
602.5
 10
1150.27
 20
601.78
 10
1149.69
 20
601.34
 10
1149.26
 20
601.06
  0
LWPOLYLINE
  5
12C1
330
17
100
AcDbEntity
  8
POLYLINES
100
AcDbPolyline
 90
6
 70
0
 10
1150.84
 20
605.52
 10
1150.99
 20
605.52
 10
1153.72
 20
601.49
 10
1155.02
 20
601.34
 10
1153.72
 20
601.63
 10
1153.29
 20
601.92
  0
LWPOLYLINE
  5
12C2
330
17
100
AcDbEntity
  8
POLYLINES
100
AcDbPolyline
 90
4
 70
0
 10
1157.18
 20
611.57
 10
1157.75
 20
610.7
 10
1158.04
 20
610.27
 10
1158.19
 20
609.7
  0
LWPOLYLINE
  5
12C3
330
17
100
AcDbEntity
  8
POLYLINES
100
AcDbPolyline
 90
6
 70
0
 10
1156.03
 20
607.54
 10
1158.19
 20
607.82
 10
1158.04
 20
608.11
 10
1157.9
 20
602.35
 10
1157.61
 20
601.92
 10
1159.48
 20
604.51
  0
LWPOLYLINE
  5
12C4
330
17
100
AcDbEntity
  8
POLYLINES
100
AcDbPolyline
 90
4
 70
0
 10
1159.05
 20
607.54
 10
1163.95
 20
607.97
 10
1163.66
 20
608.11
 10
1162.94
 20
607.82
  0
LWPOLYLINE
  5
12C5
330
17
100
AcDbEntity
  8
POLYLINES
100
AcDbPolyline
 90
5
 70
0
 10
1161.35
 20
611.86
 10
1161.5
 20
611.28
 10
1161.5
 20
600.48
 10
1161.35
 20
601.2
 10
1161.5
 20
602.21
  0
LWPOLYLINE
  5
12C6
330
17
100
AcDbEntity
  8
POLYLINES
100
AcDbPolyline
 90
3
 70
0
 10
712.07
 20
588.67
 10
713.8
 20
590.26
 10
713.8
 20
580.32
  0
LWPOLYLINE
  5
12C7
330
17
100
AcDbEntity
  8
POLYLINES
100
AcDbPolyline
 90
3
 70
0
 10
718.7
 20
588.67
 10
720.28
 20
590.26
 10
720.28
 20
580.32
  0
LWPOLYLINE
  5
12C8
330
17
100
AcDbEntity
  8
POLYLINES
100
AcDbPolyline
 90
3
 70
0
 10
725.32
 20
588.67
 10
726.91
 20
590.26
 10
726.91
 20
580.32
  0
LWPOLYLINE
  5
12C9
330
17
100
AcDbEntity
  8
POLYLINES
100
AcDbPolyline
 90
7
 70
0
 10
731.95
 20
580.32
 10
731.95
 20
590.26
 10
736.84
 20
590.26
 10
738.57
 20
588.67
 10
738.57
 20
586.94
 10
736.84
 20
585.36
 10
731.95
 20
585.36
  0
LWPOLYLINE
  5
12CA
330
17
100
AcDbEntity
  8
POLYLINES
100
AcDbPolyline
 90
3
 70
0
 10
832.6
 20
587.52
 10
832.46
 20
581.9
 10
831.88
 20
582.91
  0
LWPOLYLINE
  5
12CB
330
17
100
AcDbEntity
  8
POLYLINES
100
AcDbPolyline
 90
3
 70
0
 10
828.71
 20
582.34
 10
829.72
 20
582.19
 10
832.75
 20
580.61
  0
LWPOLYLINE
  5
12CC
330
17
100
AcDbEntity
  8
POLYLINES
100
AcDbPolyline
 90
4
 70
0
 10
830.15
 20
586.08
 10
829.72
 20
584.35
 10
830.01
 20
583.49
 10
829.72
 20
582.19
  0
LWPOLYLINE
  5
12CD
330
17
100
AcDbEntity
  8
POLYLINES
100
AcDbPolyline
 90
7
 70
0
 10
841.24
 20
589.68
 10
841.24
 20
581.62
 10
841.39
 20
581.33
 10
841.53
 20
580.9
 10
841.96
 20
580.61
 10
843.69
 20
580.75
 10
843.55
 20
582.77
  0
LWPOLYLINE
  5
12CE
330
17
100
AcDbEntity
  8
POLYLINES
100
AcDbPolyline
 90
3
 70
0
 10
847.87
 20
584.06
 10
847.87
 20
580.32
 10
847.15
 20
581.33
  0
LWPOLYLINE
  5
12CF
330
17
100
AcDbEntity
  8
POLYLINES
100
AcDbPolyline
 90
3
 70
0
 10
846.57
 20
589.1
 10
846.43
 20
585.65
 10
845.99
 20
583.06
  0
LWPOLYLINE
  5
12D0
330
17
100
AcDbEntity
  8
POLYLINES
100
AcDbPolyline
 90
4
 70
0
 10
851.75
 20
585.5
 10
851.61
 20
583.63
 10
851.18
 20
581.76
 10
850.31
 20
580.61
  0
LWPOLYLINE
  5
12D1
330
17
100
AcDbEntity
  8
POLYLINES
100
AcDbPolyline
 90
4
 70
0
 10
850.89
 20
589.39
 10
850.89
 20
587.38
 10
850.46
 20
584.21
 10
849.74
 20
580.61
  0
LWPOLYLINE
  5
12D2
330
17
100
AcDbEntity
  8
POLYLINES
100
AcDbPolyline
 90
4
 70
0
 10
854.49
 20
588.38
 10
855.35
 20
588.82
 10
856.51
 20
590.26
 10
856.51
 20
580.32
  0
LWPOLYLINE
  5
12D3
330
17
100
AcDbEntity
  8
POLYLINES
100
AcDbPolyline
 90
3
 70
0
 10
1035.5
 20
588.67
 10
1036.94
 20
590.26
 10
1036.94
 20
580.32
  0
LWPOLYLINE
  5
12D4
330
17
100
AcDbEntity
  8
POLYLINES
100
AcDbPolyline
 90
7
 70
0
 10
1105.19
 20
589.68
 10
1105.19
 20
581.62
 10
1105.19
 20
581.33
 10
1105.34
 20
580.9
 10
1105.77
 20
580.61
 10
1107.64
 20
580.75
 10
1107.35
 20
582.77
  0
LWPOLYLINE
  5
12D5
330
17
100
AcDbEntity
  8
POLYLINES
100
AcDbPolyline
 90
5
 70
0
 10
1111.53
 20
585.65
 10
1111.53
 20
583.92
 10
1111.96
 20
581.76
 10
1112.83
 20
580.03
 10
1112.83
 20
582.19
  0
LWPOLYLINE
  5
12D6
330
17
100
AcDbEntity
  8
POLYLINES
100
AcDbPolyline
 90
3
 70
0
 10
1118.87
 20
582.77
 10
1119.31
 20
581.76
 10
1120.31
 20
585.94
  0
LWPOLYLINE
  5
12D7
330
17
100
AcDbEntity
  8
POLYLINES
100
AcDbPolyline
 90
4
 70
0
 10
1126.07
 20
588.82
 10
1126.07
 20
584.93
 10
1125.5
 20
582.34
 10
1124.49
 20
580.9
  0
LWPOLYLINE
  5
12D8
330
17
100
AcDbEntity
  8
POLYLINES
100
AcDbPolyline
 90
3
 70
0
 10
1133.71
 20
589.54
 10
1133.56
 20
580.32
 10
1132.7
 20
582.05
  0
LWPOLYLINE
  5
12D9
330
17
100
AcDbEntity
  8
POLYLINES
100
AcDbPolyline
 90
3
 70
0
 10
710.49
 20
566.93
 10
712.07
 20
568.51
 10
712.07
 20
558.58
  0
LWPOLYLINE
  5
12DA
330
17
100
AcDbEntity
  8
POLYLINES
100
AcDbPolyline
 90
3
 70
0
 10
717.11
 20
566.93
 10
718.7
 20
568.51
 10
718.7
 20
558.58
  0
LWPOLYLINE
  5
12DB
330
17
100
AcDbEntity
  8
POLYLINES
100
AcDbPolyline
 90
10
 70
0
 10
723.59
 20
566.93
 10
725.32
 20
568.51
 10
728.63
 20
568.51
 10
730.22
 20
566.93
 10
730.22
 20
565.2
 10
728.63
 20
563.62
 10
725.32
 20
563.62
 10
723.59
 20
561.89
 10
723.59
 20
558.58
 10
730.22
 20
558.58
  0
LWPOLYLINE
  5
12DC
330
17
100
AcDbEntity
  8
POLYLINES
100
AcDbPolyline
 90
7
 70
0
 10
733.53
 20
558.58
 10
733.53
 20
568.51
 10
738.57
 20
568.51
 10
740.15
 20
566.93
 10
740.15
 20
565.2
 10
738.57
 20
563.62
 10
733.53
 20
563.62
  0
LWPOLYLINE
  5
12DD
330
17
100
AcDbEntity
  8
POLYLINES
100
AcDbPolyline
 90
3
 70
0
 10
832.6
 20
565.78
 10
832.46
 20
560.16
 10
831.88
 20
561.17
  0
LWPOLYLINE
  5
12DE
330
17
100
AcDbEntity
  8
POLYLINES
100
AcDbPolyline
 90
3
 70
0
 10
828.71
 20
560.59
 10
829.72
 20
560.45
 10
832.75
 20
558.86
  0
LWPOLYLINE
  5
12DF
330
17
100
AcDbEntity
  8
POLYLINES
100
AcDbPolyline
 90
4
 70
0
 10
830.15
 20
564.34
 10
829.72
 20
562.61
 10
830.01
 20
561.74
 10
829.72
 20
560.45
  0
LWPOLYLINE
  5
12E0
330
17
100
AcDbEntity
  8
POLYLINES
100
AcDbPolyline
 90
3
 70
0
 10
842.11
 20
562.03
 10
841.96
 20
560.16
 10
840.52
 20
558.43
  0
LWPOLYLINE
  5
12E1
330
17
100
AcDbEntity
  8
POLYLINES
100
AcDbPolyline
 90
3
 70
0
 10
847.72
 20
560.74
 10
848.87
 20
558.86
 10
848.87
 20
560.88
  0
LWPOLYLINE
  5
12E2
330
17
100
AcDbEntity
  8
POLYLINES
100
AcDbPolyline
 90
3
 70
0
 10
846.86
 20
567.65
 10
847.15
 20
562.9
 10
847.72
 20
560.74
  0
LWPOLYLINE
  5
12E3
330
17
100
AcDbEntity
  8
POLYLINES
100
AcDbPolyline
 90
3
 70
0
 10
848.3
 20
562.9
 10
847.58
 20
561.46
 10
845.99
 20
559.3
  0
LWPOLYLINE
  5
12E4
330
17
100
AcDbEntity
  8
POLYLINES
100
AcDbPolyline
 90
4
 70
0
 10
851.75
 20
563.76
 10
851.61
 20
561.89
 10
851.18
 20
560.02
 10
850.31
 20
558.86
  0
LWPOLYLINE
  5
12E5
330
17
100
AcDbEntity
  8
POLYLINES
100
AcDbPolyline
 90
4
 70
0
 10
850.89
 20
567.65
 10
850.89
 20
565.63
 10
850.46
 20
562.46
 10
849.74
 20
558.86
  0
LWPOLYLINE
  5
12E6
330
17
100
AcDbEntity
  8
POLYLINES
100
AcDbPolyline
 90
4
 70
0
 10
854.49
 20
566.64
 10
855.35
 20
567.07
 10
856.51
 20
568.51
 10
856.51
 20
558.58
  0
LWPOLYLINE
  5
12E7
330
17
100
AcDbEntity
  8
POLYLINES
100
AcDbPolyline
 90
3
 70
0
 10
1035.5
 20
566.93
 10
1036.94
 20
568.51
 10
1036.94
 20
558.58
  0
LWPOLYLINE
  5
12E8
330
17
100
AcDbEntity
  8
POLYLINES
100
AcDbPolyline
 90
7
 70
0
 10
1105.19
 20
567.94
 10
1105.19
 20
560.02
 10
1105.19
 20
559.58
 10
1105.34
 20
559.3
 10
1105.77
 20
558.86
 10
1107.64
 20
559.01
 10
1107.35
 20
561.02
  0
LWPOLYLINE
  5
12E9
330
17
100
AcDbEntity
  8
POLYLINES
100
AcDbPolyline
 90
5
 70
0
 10
1111.53
 20
563.9
 10
1111.53
 20
562.18
 10
1111.96
 20
560.02
 10
1112.83
 20
558.29
 10
1112.83
 20
560.45
  0
LWPOLYLINE
  5
12EA
330
17
100
AcDbEntity
  8
POLYLINES
100
AcDbPolyline
 90
3
 70
0
 10
1118.87
 20
561.02
 10
1119.31
 20
560.02
 10
1120.31
 20
564.19
  0
LWPOLYLINE
  5
12EB
330
17
100
AcDbEntity
  8
POLYLINES
100
AcDbPolyline
 90
4
 70
0
 10
1126.07
 20
567.07
 10
1126.07
 20
563.18
 10
1125.5
 20
560.74
 10
1124.49
 20
559.15
  0
LWPOLYLINE
  5
12EC
330
17
100
AcDbEntity
  8
POLYLINES
100
AcDbPolyline
 90
3
 70
0
 10
1133.71
 20
567.79
 10
1133.56
 20
558.58
 10
1132.7
 20
560.3
  0
LWPOLYLINE
  5
12ED
330
17
100
AcDbEntity
  8
POLYLINES
100
AcDbPolyline
 90
3
 70
0
 10
710.49
 20
545.18
 10
712.07
 20
546.77
 10
712.07
 20
536.83
  0
LWPOLYLINE
  5
12EE
330
17
100
AcDbEntity
  8
POLYLINES
100
AcDbPolyline
 90
3
 70
0
 10
717.11
 20
545.18
 10
718.7
 20
546.77
 10
718.7
 20
536.83
  0
LWPOLYLINE
  5
12EF
330
17
100
AcDbEntity
  8
POLYLINES
100
AcDbPolyline
 90
7
 70
0
 10
723.59
 20
545.18
 10
725.32
 20
546.77
 10
728.63
 20
546.77
 10
730.22
 20
545.18
 10
730.22
 20
543.46
 10
728.63
 20
541.87
 10
726.91
 20
541.87
  0
LWPOLYLINE
  5
12F0
330
17
100
AcDbEntity
  8
POLYLINES
100
AcDbPolyline
 90
6
 70
0
 10
728.63
 20
541.87
 10
730.22
 20
540.14
 10
730.22
 20
538.56
 10
728.63
 20
536.83
 10
725.32
 20
536.83
 10
723.59
 20
538.56
  0
LWPOLYLINE
  5
12F1
330
17
100
AcDbEntity
  8
POLYLINES
100
AcDbPolyline
 90
7
 70
0
 10
733.53
 20
536.83
 10
733.53
 20
546.77
 10
738.57
 20
546.77
 10
740.15
 20
545.18
 10
740.15
 20
543.46
 10
738.57
 20
541.87
 10
733.53
 20
541.87
  0
LWPOLYLINE
  5
12F2
330
17
100
AcDbEntity
  8
POLYLINES
100
AcDbPolyline
 90
3
 70
0
 10
831.02
 20
544.03
 10
830.73
 20
538.42
 10
830.15
 20
539.42
  0
LWPOLYLINE
  5
12F3
330
17
100
AcDbEntity
  8
POLYLINES
100
AcDbPolyline
 90
3
 70
0
 10
826.99
 20
538.85
 10
827.99
 20
538.7
 10
831.02
 20
537.12
  0
LWPOLYLINE
  5
12F4
330
17
100
AcDbEntity
  8
POLYLINES
100
AcDbPolyline
 90
4
 70
0
 10
828.43
 20
542.59
 10
827.99
 20
540.86
 10
828.28
 20
540.14
 10
827.99
 20
538.7
  0
LWPOLYLINE
  5
12F5
330
17
100
AcDbEntity
  8
POLYLINES
100
AcDbPolyline
 90
3
 70
0
 10
840.52
 20
540.29
 10
840.23
 20
538.42
 10
838.94
 20
536.69
  0
LWPOLYLINE
  5
12F6
330
17
100
AcDbEntity
  8
POLYLINES
100
AcDbPolyline
 90
3
 70
0
 10
845.99
 20
538.99
 10
847.15
 20
537.12
 10
847.15
 20
539.14
  0
LWPOLYLINE
  5
12F7
330
17
100
AcDbEntity
  8
POLYLINES
100
AcDbPolyline
 90
3
 70
0
 10
845.13
 20
545.9
 10
845.42
 20
541.15
 10
845.99
 20
538.99
  0
LWPOLYLINE
  5
12F8
330
17
100
AcDbEntity
  8
POLYLINES
100
AcDbPolyline
 90
3
 70
0
 10
846.57
 20
541.15
 10
845.85
 20
539.71
 10
844.27
 20
537.55
  0
LWPOLYLINE
  5
12F9
330
17
100
AcDbEntity
  8
POLYLINES
100
AcDbPolyline
 90
4
 70
0
 10
850.03
 20
542.02
 10
850.03
 20
540.14
 10
849.45
 20
538.27
 10
848.59
 20
537.12
  0
LWPOLYLINE
  5
12FA
330
17
100
AcDbEntity
  8
POLYLINES
100
AcDbPolyline
 90
4
 70
0
 10
849.16
 20
545.9
 10
849.16
 20
543.89
 10
848.87
 20
540.86
 10
848.01
 20
537.12
  0
LWPOLYLINE
  5
12FB
330
17
100
AcDbEntity
  8
POLYLINES
100
AcDbPolyline
 90
14
 70
0
 10
853.19
 20
544.46
 10
853.19
 20
544.9
 10
853.63
 20
545.9
 10
854.06
 20
546.34
 10
854.78
 20
546.77
 10
856.22
 20
546.77
 10
857.08
 20
546.34
 10
857.37
 20
545.9
 10
857.8
 20
544.9
 10
857.8
 20
543.89
 10
857.37
 20
543.02
 10
856.65
 20
541.58
 10
852.91
 20
536.83
 10
858.09
 20
536.83
  0
LWPOLYLINE
  5
12FC
330
17
100
AcDbEntity
  8
POLYLINES
100
AcDbPolyline
 90
3
 70
0
 10
1035.5
 20
545.18
 10
1036.94
 20
546.77
 10
1036.94
 20
536.83
  0
LWPOLYLINE
  5
12FD
330
17
100
AcDbEntity
  8
POLYLINES
100
AcDbPolyline
 90
7
 70
0
 10
1105.19
 20
546.19
 10
1105.19
 20
538.27
 10
1105.19
 20
537.84
 10
1105.34
 20
537.55
 10
1105.77
 20
537.12
 10
1107.64
 20
537.26
 10
1107.35
 20
539.42
  0
LWPOLYLINE
  5
12FE
330
17
100
AcDbEntity
  8
POLYLINES
100
AcDbPolyline
 90
5
 70
0
 10
1111.53
 20
542.16
 10
1111.53
 20
540.43
 10
1111.96
 20
538.27
 10
1112.83
 20
536.54
 10
1112.83
 20
538.7
  0
LWPOLYLINE
  5
12FF
330
17
100
AcDbEntity
  8
POLYLINES
100
AcDbPolyline
 90
3
 70
0
 10
1118.87
 20
539.28
 10
1119.31
 20
538.27
 10
1120.31
 20
542.45
  0
LWPOLYLINE
  5
1300
330
17
100
AcDbEntity
  8
POLYLINES
100
AcDbPolyline
 90
4
 70
0
 10
1126.07
 20
545.33
 10
1126.07
 20
541.44
 10
1125.5
 20
538.99
 10
1124.49
 20
537.41
  0
LWPOLYLINE
  5
1301
330
17
100
AcDbEntity
  8
POLYLINES
100
AcDbPolyline
 90
3
 70
0
 10
1133.71
 20
546.05
 10
1133.56
 20
536.83
 10
1132.7
 20
538.56
  0
LWPOLYLINE
  5
1302
330
17
100
AcDbEntity
  8
POLYLINES
100
AcDbPolyline
 90
3
 70
0
 10
710.49
 20
523.44
 10
712.07
 20
525.02
 10
712.07
 20
515.09
  0
LWPOLYLINE
  5
1303
330
17
100
AcDbEntity
  8
POLYLINES
100
AcDbPolyline
 90
3
 70
0
 10
717.11
 20
523.44
 10
718.7
 20
525.02
 10
718.7
 20
515.09
  0
LWPOLYLINE
  5
1304
330
17
100
AcDbEntity
  8
POLYLINES
100
AcDbPolyline
 90
4
 70
0
 10
730.22
 20
518.4
 10
723.59
 20
518.4
 10
728.63
 20
525.02
 10
728.63
 20
515.09
  0
LWPOLYLINE
  5
1305
330
17
100
AcDbEntity
  8
POLYLINES
100
AcDbPolyline
 90
7
 70
0
 10
733.53
 20
515.09
 10
733.53
 20
525.02
 10
738.57
 20
525.02
 10
740.15
 20
523.44
 10
740.15
 20
521.71
 10
738.57
 20
520.13
 10
733.53
 20
520.13
  0
LWPOLYLINE
  5
1306
330
17
100
AcDbEntity
  8
POLYLINES
100
AcDbPolyline
 90
3
 70
0
 10
831.02
 20
522.29
 10
830.73
 20
516.67
 10
830.15
 20
517.68
  0
LWPOLYLINE
  5
1307
330
17
100
AcDbEntity
  8
POLYLINES
100
AcDbPolyline
 90
3
 70
0
 10
826.99
 20
517.1
 10
827.99
 20
516.96
 10
831.02
 20
515.38
  0
LWPOLYLINE
  5
1308
330
17
100
AcDbEntity
  8
POLYLINES
100
AcDbPolyline
 90
4
 70
0
 10
828.43
 20
520.99
 10
827.99
 20
519.12
 10
828.28
 20
518.4
 10
827.99
 20
516.96
  0
LWPOLYLINE
  5
1309
330
17
100
AcDbEntity
  8
POLYLINES
100
AcDbPolyline
 90
7
 70
0
 10
839.51
 20
524.45
 10
839.51
 20
516.53
 10
839.66
 20
516.1
 10
839.8
 20
515.81
 10
840.23
 20
515.52
 10
841.96
 20
515.52
 10
841.82
 20
517.68
  0
LWPOLYLINE
  5
130A
330
17
100
AcDbEntity
  8
POLYLINES
100
AcDbPolyline
 90
3
 70
0
 10
846.14
 20
518.83
 10
846.14
 20
515.09
 10
845.56
 20
516.24
  0
LWPOLYLINE
  5
130B
330
17
100
AcDbEntity
  8
POLYLINES
100
AcDbPolyline
 90
3
 70
0
 10
844.84
 20
523.87
 10
844.7
 20
520.42
 10
844.41
 20
517.97
  0
LWPOLYLINE
  5
130C
330
17
100
AcDbEntity
  8
POLYLINES
100
AcDbPolyline
 90
4
 70
0
 10
850.03
 20
520.27
 10
850.03
 20
518.4
 10
849.45
 20
516.53
 10
848.59
 20
515.38
  0
LWPOLYLINE
  5
130D
330
17
100
AcDbEntity
  8
POLYLINES
100
AcDbPolyline
 90
4
 70
0
 10
849.16
 20
524.16
 10
849.16
 20
522.14
 10
848.87
 20
519.12
 10
848.01
 20
515.52
  0
LWPOLYLINE
  5
130E
330
17
100
AcDbEntity
  8
POLYLINES
100
AcDbPolyline
 90
14
 70
0
 10
853.19
 20
522.72
 10
853.19
 20
523.15
 10
853.63
 20
524.16
 10
854.06
 20
524.59
 10
854.78
 20
525.02
 10
856.22
 20
525.02
 10
857.08
 20
524.59
 10
857.37
 20
524.16
 10
857.8
 20
523.15
 10
857.8
 20
522.29
 10
857.37
 20
521.28
 10
856.65
 20
519.84
 10
852.91
 20
515.09
 10
858.09
 20
515.09
  0
LWPOLYLINE
  5
130F
330
17
100
AcDbEntity
  8
POLYLINES
100
AcDbPolyline
 90
3
 70
0
 10
1035.5
 20
523.44
 10
1036.94
 20
525.02
 10
1036.94
 20
515.09
  0
LWPOLYLINE
  5
1310
330
17
100
AcDbEntity
  8
POLYLINES
100
AcDbPolyline
 90
7
 70
0
 10
1105.19
 20
524.45
 10
1105.19
 20
516.53
 10
1105.19
 20
516.1
 10
1105.34
 20
515.81
 10
1105.77
 20
515.52
 10
1107.64
 20
515.52
 10
1107.35
 20
517.68
  0
LWPOLYLINE
  5
1311
330
17
100
AcDbEntity
  8
POLYLINES
100
AcDbPolyline
 90
5
 70
0
 10
1111.53
 20
520.42
 10
1111.53
 20
518.69
 10
1111.96
 20
516.53
 10
1112.83
 20
514.8
 10
1112.83
 20
516.96
  0
LWPOLYLINE
  5
1312
330
17
100
AcDbEntity
  8
POLYLINES
100
AcDbPolyline
 90
3
 70
0
 10
1118.87
 20
517.54
 10
1119.31
 20
516.53
 10
1120.31
 20
520.7
  0
LWPOLYLINE
  5
1313
330
17
100
AcDbEntity
  8
POLYLINES
100
AcDbPolyline
 90
4
 70
0
 10
1126.07
 20
523.58
 10
1126.07
 20
519.7
 10
1125.5
 20
517.25
 10
1124.49
 20
515.66
  0
LWPOLYLINE
  5
1314
330
17
100
AcDbEntity
  8
POLYLINES
100
AcDbPolyline
 90
3
 70
0
 10
1133.71
 20
524.3
 10
1133.56
 20
515.09
 10
1132.7
 20
516.96
  0
LWPOLYLINE
  5
1315
330
17
100
AcDbEntity
  8
POLYLINES
100
AcDbPolyline
 90
3
 70
0
 10
710.49
 20
501.7
 10
712.07
 20
503.28
 10
712.07
 20
493.34
  0
LWPOLYLINE
  5
1316
330
17
100
AcDbEntity
  8
POLYLINES
100
AcDbPolyline
 90
3
 70
0
 10
717.11
 20
501.7
 10
718.7
 20
503.28
 10
718.7
 20
493.34
  0
LWPOLYLINE
  5
1317
330
17
100
AcDbEntity
  8
POLYLINES
100
AcDbPolyline
 90
9
 70
0
 10
723.59
 20
495.07
 10
725.32
 20
493.34
 10
728.63
 20
493.34
 10
730.22
 20
495.07
 10
730.22
 20
498.38
 10
728.63
 20
499.97
 10
723.59
 20
499.97
 10
723.59
 20
503.28
 10
730.22
 20
503.28
  0
LWPOLYLINE
  5
1318
330
17
100
AcDbEntity
  8
POLYLINES
100
AcDbPolyline
 90
7
 70
0
 10
733.53
 20
493.34
 10
733.53
 20
503.28
 10
738.57
 20
503.28
 10
740.15
 20
501.7
 10
740.15
 20
499.97
 10
738.57
 20
498.38
 10
733.53
 20
498.38
  0
LWPOLYLINE
  5
1319
330
17
100
AcDbEntity
  8
POLYLINES
100
AcDbPolyline
 90
3
 70
0
 10
833.75
 20
500.54
 10
833.61
 20
494.93
 10
833.03
 20
495.94
  0
LWPOLYLINE
  5
131A
330
17
100
AcDbEntity
  8
POLYLINES
100
AcDbPolyline
 90
3
 70
0
 10
829.87
 20
495.36
 10
830.87
 20
495.22
 10
833.9
 20
493.63
  0
LWPOLYLINE
  5
131B
330
17
100
AcDbEntity
  8
POLYLINES
100
AcDbPolyline
 90
4
 70
0
 10
831.31
 20
499.25
 10
830.87
 20
497.38
 10
831.16
 20
496.66
 10
830.87
 20
495.22
  0
LWPOLYLINE
  5
131C
330
17
100
AcDbEntity
  8
POLYLINES
100
AcDbPolyline
 90
3
 70
0
 10
841.82
 20
500.4
 10
844.41
 20
497.23
 10
844.99
 20
497.38
  0
LWPOLYLINE
  5
131D
330
17
100
AcDbEntity
  8
POLYLINES
100
AcDbPolyline
 90
4
 70
0
 10
843.83
 20
501.55
 10
842.68
 20
499.54
 10
841.39
 20
497.66
 10
840.23
 20
496.51
  0
LWPOLYLINE
  5
131E
330
17
100
AcDbEntity
  8
POLYLINES
100
AcDbPolyline
 90
3
 70
0
 10
849.74
 20
502.13
 10
849.74
 20
493.49
 10
848.87
 20
494.93
  0
LWPOLYLINE
  5
131F
330
17
100
AcDbEntity
  8
POLYLINES
100
AcDbPolyline
 90
4
 70
0
 10
845.85
 20
494.06
 10
846.43
 20
495.65
 10
846.71
 20
498.82
 10
846.71
 20
502.13
  0
LWPOLYLINE
  5
1320
330
17
100
AcDbEntity
  8
POLYLINES
100
AcDbPolyline
 90
4
 70
0
 10
852.91
 20
498.53
 10
852.76
 20
496.66
 10
852.33
 20
494.78
 10
851.47
 20
493.63
  0
LWPOLYLINE
  5
1321
330
17
100
AcDbEntity
  8
POLYLINES
100
AcDbPolyline
 90
4
 70
0
 10
852.04
 20
502.42
 10
852.04
 20
500.4
 10
851.61
 20
497.38
 10
850.89
 20
493.78
  0
LWPOLYLINE
  5
1322
330
17
100
AcDbEntity
  8
POLYLINES
100
AcDbPolyline
 90
3
 70
0
 10
1035.21
 20
501.7
 10
1036.94
 20
503.28
 10
1036.94
 20
493.34
  0
LWPOLYLINE
  5
1323
330
17
100
AcDbEntity
  8
POLYLINES
100
AcDbPolyline
 90
23
 70
0
 10
1093.67
 20
501.84
 10
1093.24
 20
502.85
 10
1092.09
 20
503.28
 10
1091.37
 20
503.28
 10
1090.22
 20
502.85
 10
1089.5
 20
501.41
 10
1089.07
 20
499.1
 10
1089.07
 20
496.66
 10
1089.5
 20
494.78
 10
1090.22
 20
493.92
 10
1091.37
 20
493.34
 10
1091.8
 20
493.34
 10
1092.95
 20
493.92
 10
1093.67
 20
494.78
 10
1093.96
 20
496.22
 10
1093.96
 20
496.66
 10
1093.67
 20
498.1
 10
1092.95
 20
499.1
 10
1091.8
 20
499.54
 10
1091.37
 20
499.54
 10
1090.22
 20
499.1
 10
1089.5
 20
498.1
 10
1089.07
 20
496.66
  0
LWPOLYLINE
  5
1324
330
17
100
AcDbEntity
  8
POLYLINES
100
AcDbPolyline
 90
17
 70
0
 10
1099.0
 20
503.28
 10
1097.85
 20
502.85
 10
1096.99
 20
501.41
 10
1096.7
 20
499.1
 10
1096.7
 20
497.66
 10
1096.99
 20
495.36
 10
1097.85
 20
493.92
 10
1099.0
 20
493.34
 10
1099.72
 20
493.34
 10
1100.87
 20
493.92
 10
1101.59
 20
495.36
 10
1102.03
 20
497.66
 10
1102.03
 20
499.1
 10
1101.59
 20
501.41
 10
1100.87
 20
502.85
 10
1099.72
 20
503.28
 10
1099.0
 20
503.28
  0
LWPOLYLINE
  5
1325
330
17
100
AcDbEntity
  8
POLYLINES
100
AcDbPolyline
 90
17
 70
0
 10
1106.49
 20
503.28
 10
1105.34
 20
502.85
 10
1104.62
 20
501.41
 10
1104.19
 20
499.1
 10
1104.19
 20
497.66
 10
1104.62
 20
495.36
 10
1105.34
 20
493.92
 10
1106.49
 20
493.34
 10
1107.21
 20
493.34
 10
1108.36
 20
493.92
 10
1109.08
 20
495.36
 10
1109.51
 20
497.66
 10
1109.51
 20
499.1
 10
1109.08
 20
501.41
 10
1108.36
 20
502.85
 10
1107.21
 20
503.28
 10
1106.49
 20
503.28
  0
LWPOLYLINE
  5
1326
330
17
100
AcDbEntity
  8
POLYLINES
100
AcDbPolyline
 90
5
 70
0
 10
1114.7
 20
496.08
 10
1114.7
 20
493.92
 10
1114.99
 20
493.49
 10
1116.86
 20
493.49
 10
1116.71
 20
495.36
  0
LWPOLYLINE
  5
1327
330
17
100
AcDbEntity
  8
POLYLINES
100
AcDbPolyline
 90
4
 70
0
 10
1114.55
 20
497.09
 10
1114.12
 20
495.5
 10
1113.55
 20
494.21
 10
1112.25
 20
493.34
  0
LWPOLYLINE
  5
1328
330
17
100
AcDbEntity
  8
POLYLINES
100
AcDbPolyline
 90
5
 70
0
 10
1118.44
 20
496.08
 10
1118.44
 20
495.65
 10
1118.3
 20
495.07
 10
1117.87
 20
494.64
 10
1117.43
 20
494.5
  0
LWPOLYLINE
  5
1329
330
17
100
AcDbEntity
  8
POLYLINES
100
AcDbPolyline
 90
3
 70
0
 10
1117.83
 20
496.2
 10
1118.16
 20
495.78
 10
1118.49
 20
496.2
  0
LWPOLYLINE
  5
132A
330
17
100
AcDbEntity
  8
POLYLINES
100
AcDbPolyline
 90
3
 70
0
 10
1118.49
 20
496.2
 10
1118.16
 20
496.61
 10
1117.83
 20
496.2
  0
LWPOLYLINE
  5
132B
330
17
100
AcDbEntity
  8
POLYLINES
100
AcDbPolyline
 90
3
 70
0
 10
1118.4
 20
496.2
 10
1118.16
 20
496.51
 10
1117.91
 20
496.2
  0
LWPOLYLINE
  5
132C
330
17
100
AcDbEntity
  8
POLYLINES
100
AcDbPolyline
 90
3
 70
0
 10
1117.91
 20
496.2
 10
1118.16
 20
495.89
 10
1118.4
 20
496.2
  0
LWPOLYLINE
  5
132D
330
17
100
AcDbEntity
  8
POLYLINES
100
AcDbPolyline
 90
3
 70
0
 10
1118.32
 20
496.2
 10
1118.16
 20
496.4
 10
1117.99
 20
496.2
  0
LWPOLYLINE
  5
132E
330
17
100
AcDbEntity
  8
POLYLINES
100
AcDbPolyline
 90
3
 70
0
 10
1117.99
 20
496.2
 10
1118.16
 20
495.99
 10
1118.32
 20
496.2
  0
LWPOLYLINE
  5
132F
330
17
100
AcDbEntity
  8
POLYLINES
100
AcDbPolyline
 90
3
 70
0
 10
1122.76
 20
495.65
 10
1123.77
 20
495.65
 10
1126.79
 20
493.92
  0
LWPOLYLINE
  5
1330
330
17
100
AcDbEntity
  8
POLYLINES
100
AcDbPolyline
 90
4
 70
0
 10
1124.2
 20
499.54
 10
1123.91
 20
497.81
 10
1124.06
 20
496.94
 10
1123.77
 20
495.65
  0
LWPOLYLINE
  5
1331
330
17
100
AcDbEntity
  8
POLYLINES
100
AcDbPolyline
 90
4
 70
0
 10
1126.07
 20
496.51
 10
1126.36
 20
496.08
 10
1127.08
 20
496.08
 10
1126.94
 20
498.1
  0
LWPOLYLINE
  5
1332
330
17
100
AcDbEntity
  8
POLYLINES
100
AcDbPolyline
 90
3
 70
0
 10
1132.41
 20
501.84
 10
1132.41
 20
493.34
 10
1131.83
 20
494.21
  0
LWPOLYLINE
  5
1333
330
17
100
AcDbEntity
  8
POLYLINES
100
AcDbPolyline
 90
4
 70
0
 10
1136.59
 20
499.25
 10
1136.44
 20
496.08
 10
1136.15
 20
494.78
 10
1135.29
 20
493.63
  0
LWPOLYLINE
  5
1334
330
17
100
AcDbEntity
  8
POLYLINES
100
AcDbPolyline
 90
3
 70
0
 10
1134.57
 20
498.96
 10
1134.57
 20
494.21
 10
1133.99
 20
495.22
  0
LWPOLYLINE
  5
1335
330
17
100
AcDbEntity
  8
POLYLINES
100
AcDbPolyline
 90
3
 70
0
 10
1142.92
 20
501.84
 10
1142.35
 20
497.95
 10
1141.77
 20
498.82
  0
LWPOLYLINE
  5
1336
330
17
100
AcDbEntity
  8
POLYLINES
100
AcDbPolyline
 90
3
 70
0
 10
1141.77
 20
500.83
 10
1141.34
 20
499.25
 10
1140.62
 20
497.52
  0
LWPOLYLINE
  5
1337
330
17
100
AcDbEntity
  8
POLYLINES
100
AcDbPolyline
 90
3
 70
0
 10
710.49
 20
479.95
 10
712.07
 20
481.54
 10
712.07
 20
471.74
  0
LWPOLYLINE
  5
1338
330
17
100
AcDbEntity
  8
POLYLINES
100
AcDbPolyline
 90
3
 70
0
 10
717.11
 20
479.95
 10
718.7
 20
481.54
 10
718.7
 20
471.74
  0
LWPOLYLINE
  5
1339
330
17
100
AcDbEntity
  8
POLYLINES
100
AcDbPolyline
 90
10
 70
0
 10
723.59
 20
476.64
 10
728.63
 20
476.64
 10
730.22
 20
474.91
 10
730.22
 20
473.33
 10
728.63
 20
471.74
 10
725.32
 20
471.74
 10
723.59
 20
473.33
 10
723.59
 20
478.22
 10
726.91
 20
481.54
 10
728.63
 20
481.54
  0
LWPOLYLINE
  5
133A
330
17
100
AcDbEntity
  8
POLYLINES
100
AcDbPolyline
 90
7
 70
0
 10
733.53
 20
471.74
 10
733.53
 20
481.54
 10
738.57
 20
481.54
 10
740.15
 20
479.95
 10
740.15
 20
478.22
 10
738.57
 20
476.64
 10
733.53
 20
476.64
  0
LWPOLYLINE
  5
133B
330
17
100
AcDbEntity
  8
POLYLINES
100
AcDbPolyline
 90
3
 70
0
 10
833.75
 20
478.8
 10
833.61
 20
473.18
 10
833.03
 20
474.19
  0
LWPOLYLINE
  5
133C
330
17
100
AcDbEntity
  8
POLYLINES
100
AcDbPolyline
 90
3
 70
0
 10
829.87
 20
473.62
 10
830.87
 20
473.47
 10
833.9
 20
471.89
  0
LWPOLYLINE
  5
133D
330
17
100
AcDbEntity
  8
POLYLINES
100
AcDbPolyline
 90
4
 70
0
 10
831.31
 20
477.5
 10
830.87
 20
475.78
 10
831.16
 20
474.91
 10
830.87
 20
473.47
  0
LWPOLYLINE
  5
133E
330
17
100
AcDbEntity
  8
POLYLINES
100
AcDbPolyline
 90
3
 70
0
 10
841.82
 20
478.66
 10
844.41
 20
475.49
 10
844.99
 20
475.63
  0
LWPOLYLINE
  5
133F
330
17
100
AcDbEntity
  8
POLYLINES
100
AcDbPolyline
 90
4
 70
0
 10
843.83
 20
479.81
 10
842.68
 20
477.79
 10
841.39
 20
475.92
 10
840.23
 20
474.77
  0
LWPOLYLINE
  5
1340
330
17
100
AcDbEntity
  8
POLYLINES
100
AcDbPolyline
 90
3
 70
0
 10
849.74
 20
480.38
 10
849.74
 20
471.74
 10
848.87
 20
473.18
  0
LINE
  5
1341
330
17
100
AcDbEntity
  8
LINES
100
AcDbLine
 10
846.14
 20
473.18
 30
0.0
 11
846.71
 21
478.8
 31
0.0
  0
LWPOLYLINE
  5
1342
330
17
100
AcDbEntity
  8
POLYLINES
100
AcDbPolyline
 90
4
 70
0
 10
852.91
 20
476.78
 10
852.76
 20
474.91
 10
852.33
 20
473.18
 10
851.47
 20
471.89
  0
LWPOLYLINE
  5
1343
330
17
100
AcDbEntity
  8
POLYLINES
100
AcDbPolyline
 90
4
 70
0
 10
852.04
 20
480.67
 10
852.04
 20
478.66
 10
851.61
 20
475.63
 10
850.89
 20
472.03
  0
LWPOLYLINE
  5
1344
330
17
100
AcDbEntity
  8
POLYLINES
100
AcDbPolyline
 90
3
 70
0
 10
1035.21
 20
479.95
 10
1036.94
 20
481.54
 10
1036.94
 20
471.74
  0
LWPOLYLINE
  5
1345
330
17
100
AcDbEntity
  8
POLYLINES
100
AcDbPolyline
 90
29
 70
0
 10
1090.94
 20
481.54
 10
1089.93
 20
481.1
 10
1089.5
 20
480.24
 10
1089.5
 20
479.23
 10
1089.93
 20
478.22
 10
1090.65
 20
477.79
 10
1092.09
 20
477.36
 10
1093.24
 20
476.93
 10
1093.96
 20
475.92
 10
1094.39
 20
474.91
 10
1094.39
 20
473.62
 10
1093.96
 20
472.61
 10
1093.67
 20
472.18
 10
1092.52
 20
471.74
 10
1090.94
 20
471.74
 10
1089.93
 20
472.18
 10
1089.5
 20
472.61
 10
1089.07
 20
473.62
 10
1089.07
 20
474.91
 10
1089.5
 20
475.92
 10
1090.22
 20
476.93
 10
1091.37
 20
477.36
 10
1092.95
 20
477.79
 10
1093.67
 20
478.22
 10
1093.96
 20
479.23
 10
1093.96
 20
480.24
 10
1093.67
 20
481.1
 10
1092.52
 20
481.54
 10
1090.94
 20
481.54
  0
LWPOLYLINE
  5
1346
330
17
100
AcDbEntity
  8
POLYLINES
100
AcDbPolyline
 90
17
 70
0
 10
1099.0
 20
481.54
 10
1097.85
 20
481.1
 10
1096.99
 20
479.66
 10
1096.7
 20
477.36
 10
1096.7
 20
475.92
 10
1096.99
 20
473.62
 10
1097.85
 20
472.18
 10
1099.0
 20
471.74
 10
1099.72
 20
471.74
 10
1100.87
 20
472.18
 10
1101.59
 20
473.62
 10
1102.03
 20
475.92
 10
1102.03
 20
477.36
 10
1101.59
 20
479.66
 10
1100.87
 20
481.1
 10
1099.72
 20
481.54
 10
1099.0
 20
481.54
  0
LWPOLYLINE
  5
1347
330
17
100
AcDbEntity
  8
POLYLINES
100
AcDbPolyline
 90
17
 70
0
 10
1106.49
 20
481.54
 10
1105.34
 20
481.1
 10
1104.62
 20
479.66
 10
1104.19
 20
477.36
 10
1104.19
 20
475.92
 10
1104.62
 20
473.62
 10
1105.34
 20
472.18
 10
1106.49
 20
471.74
 10
1107.21
 20
471.74
 10
1108.36
 20
472.18
 10
1109.08
 20
473.62
 10
1109.51
 20
475.92
 10
1109.51
 20
477.36
 10
1109.08
 20
479.66
 10
1108.36
 20
481.1
 10
1107.21
 20
481.54
 10
1106.49
 20
481.54
  0
LWPOLYLINE
  5
1348
330
17
100
AcDbEntity
  8
POLYLINES
100
AcDbPolyline
 90
5
 70
0
 10
1114.7
 20
474.34
 10
1114.7
 20
472.18
 10
1114.99
 20
471.74
 10
1116.86
 20
471.74
 10
1116.71
 20
473.62
  0
LWPOLYLINE
  5
1349
330
17
100
AcDbEntity
  8
POLYLINES
100
AcDbPolyline
 90
4
 70
0
 10
1114.55
 20
475.34
 10
1114.12
 20
473.76
 10
1113.55
 20
472.46
 10
1112.25
 20
471.6
  0
LWPOLYLINE
  5
134A
330
17
100
AcDbEntity
  8
POLYLINES
100
AcDbPolyline
 90
5
 70
0
 10
1118.44
 20
474.34
 10
1118.44
 20
473.9
 10
1118.3
 20
473.33
 10
1117.87
 20
472.9
 10
1117.43
 20
472.75
  0
LWPOLYLINE
  5
134B
330
17
100
AcDbEntity
  8
POLYLINES
100
AcDbPolyline
 90
3
 70
0
 10
1117.83
 20
474.47
 10
1118.16
 20
474.05
 10
1118.49
 20
474.47
  0
LWPOLYLINE
  5
134C
330
17
100
AcDbEntity
  8
POLYLINES
100
AcDbPolyline
 90
3
 70
0
 10
1118.49
 20
474.47
 10
1118.16
 20
474.88
 10
1117.83
 20
474.47
  0
LWPOLYLINE
  5
134D
330
17
100
AcDbEntity
  8
POLYLINES
100
AcDbPolyline
 90
3
 70
0
 10
1118.4
 20
474.47
 10
1118.16
 20
474.78
 10
1117.91
 20
474.47
  0
LWPOLYLINE
  5
134E
330
17
100
AcDbEntity
  8
POLYLINES
100
AcDbPolyline
 90
3
 70
0
 10
1117.91
 20
474.47
 10
1118.16
 20
474.16
 10
1118.4
 20
474.47
  0
LWPOLYLINE
  5
134F
330
17
100
AcDbEntity
  8
POLYLINES
100
AcDbPolyline
 90
3
 70
0
 10
1118.32
 20
474.47
 10
1118.16
 20
474.67
 10
1117.99
 20
474.47
  0
LWPOLYLINE
  5
1350
330
17
100
AcDbEntity
  8
POLYLINES
100
AcDbPolyline
 90
3
 70
0
 10
1117.99
 20
474.47
 10
1118.16
 20
474.26
 10
1118.32
 20
474.47
  0
LWPOLYLINE
  5
1351
330
17
100
AcDbEntity
  8
POLYLINES
100
AcDbPolyline
 90
3
 70
0
 10
1122.76
 20
473.9
 10
1123.77
 20
473.9
 10
1126.79
 20
472.18
  0
LWPOLYLINE
  5
1352
330
17
100
AcDbEntity
  8
POLYLINES
100
AcDbPolyline
 90
4
 70
0
 10
1124.2
 20
477.79
 10
1123.91
 20
476.06
 10
1124.06
 20
475.2
 10
1123.77
 20
473.9
  0
LWPOLYLINE
  5
1353
330
17
100
AcDbEntity
  8
POLYLINES
100
AcDbPolyline
 90
4
 70
0
 10
1126.07
 20
474.77
 10
1126.36
 20
474.34
 10
1127.08
 20
474.34
 10
1126.94
 20
476.5
  0
LWPOLYLINE
  5
1354
330
17
100
AcDbEntity
  8
POLYLINES
100
AcDbPolyline
 90
3
 70
0
 10
1132.41
 20
480.1
 10
1132.41
 20
471.74
 10
1131.83
 20
472.46
  0
LWPOLYLINE
  5
1355
330
17
100
AcDbEntity
  8
POLYLINES
100
AcDbPolyline
 90
4
 70
0
 10
1136.59
 20
477.5
 10
1136.44
 20
474.34
 10
1136.15
 20
473.18
 10
1135.29
 20
471.89
  0
LWPOLYLINE
  5
1356
330
17
100
AcDbEntity
  8
POLYLINES
100
AcDbPolyline
 90
3
 70
0
 10
1134.57
 20
477.22
 10
1134.57
 20
472.46
 10
1133.99
 20
473.47
  0
LWPOLYLINE
  5
1357
330
17
100
AcDbEntity
  8
POLYLINES
100
AcDbPolyline
 90
3
 70
0
 10
1142.92
 20
480.1
 10
1142.35
 20
476.21
 10
1141.77
 20
477.22
  0
LWPOLYLINE
  5
1358
330
17
100
AcDbEntity
  8
POLYLINES
100
AcDbPolyline
 90
3
 70
0
 10
1141.77
 20
479.09
 10
1141.34
 20
477.5
 10
1140.62
 20
475.78
  0
LWPOLYLINE
  5
1359
330
17
100
AcDbEntity
  8
POLYLINES
100
AcDbPolyline
 90
3
 70
0
 10
710.49
 20
458.21
 10
712.07
 20
459.94
 10
712.07
 20
450.0
  0
LWPOLYLINE
  5
135A
330
17
100
AcDbEntity
  8
POLYLINES
100
AcDbPolyline
 90
3
 70
0
 10
717.11
 20
458.21
 10
718.7
 20
459.94
 10
718.7
 20
450.0
  0
LWPOLYLINE
  5
135B
330
17
100
AcDbEntity
  8
POLYLINES
100
AcDbPolyline
 90
3
 70
0
 10
723.59
 20
459.94
 10
730.22
 20
459.94
 10
725.32
 20
450.0
  0
LWPOLYLINE
  5
135C
330
17
100
AcDbEntity
  8
POLYLINES
100
AcDbPolyline
 90
7
 70
0
 10
733.53
 20
450.0
 10
733.53
 20
459.94
 10
738.57
 20
459.94
 10
740.15
 20
458.21
 10
740.15
 20
456.62
 10
738.57
 20
454.9
 10
733.53
 20
454.9
  0
LWPOLYLINE
  5
135D
330
17
100
AcDbEntity
  8
POLYLINES
100
AcDbPolyline
 90
21
 70
0
 10
819.5
 20
459.94
 10
818.78
 20
459.36
 10
817.91
 20
458.5
 10
817.63
 20
457.49
 10
817.19
 20
456.05
 10
817.19
 20
453.74
 10
817.63
 20
452.3
 10
817.91
 20
451.3
 10
818.78
 20
450.43
 10
819.5
 20
450.0
 10
820.94
 20
450.0
 10
821.8
 20
450.43
 10
822.52
 20
451.3
 10
822.81
 20
452.3
 10
823.24
 20
453.74
 10
823.24
 20
456.05
 10
822.81
 20
457.49
 10
822.52
 20
458.5
 10
821.8
 20
459.36
 10
820.94
 20
459.94
 10
819.5
 20
459.94
  0
LWPOLYLINE
  5
135E
330
17
100
AcDbEntity
  8
POLYLINES
100
AcDbPolyline
 90
13
 70
0
 10
825.55
 20
450.0
 10
825.55
 20
459.94
 10
828.14
 20
459.94
 10
829.29
 20
459.36
 10
830.01
 20
458.5
 10
830.44
 20
457.49
 10
830.87
 20
456.05
 10
830.87
 20
453.74
 10
830.44
 20
452.3
 10
830.01
 20
451.3
 10
829.29
 20
450.43
 10
828.14
 20
450.0
 10
825.55
 20
450.0
  0
LWPOLYLINE
  5
135F
330
17
100
AcDbEntity
  8
POLYLINES
100
AcDbPolyline
 90
3
 70
0
 10
833.47
 20
450.0
 10
833.47
 20
459.94
 10
838.36
 20
459.94
  0
LWPOLYLINE
  5
1360
330
17
100
AcDbEntity
  8
POLYLINES
100
AcDbPolyline
 90
3
 70
0
 10
843.83
 20
451.15
 10
845.27
 20
451.3
 10
845.13
 20
453.17
  0
LWPOLYLINE
  5
1361
330
17
100
AcDbEntity
  8
POLYLINES
100
AcDbPolyline
 90
3
 70
0
 10
843.4
 20
455.47
 10
843.4
 20
451.73
 10
843.83
 20
451.15
  0
LWPOLYLINE
  5
1362
330
17
100
AcDbEntity
  8
POLYLINES
100
AcDbPolyline
 90
3
 70
0
 10
841.53
 20
458.06
 10
841.53
 20
455.62
 10
841.39
 20
453.6
  0
LWPOLYLINE
  5
1363
330
17
100
AcDbEntity
  8
POLYLINES
100
AcDbPolyline
 90
3
 70
0
 10
849.31
 20
452.16
 10
850.46
 20
450.14
 10
850.46
 20
452.16
  0
LWPOLYLINE
  5
1364
330
17
100
AcDbEntity
  8
POLYLINES
100
AcDbPolyline
 90
3
 70
0
 10
848.44
 20
459.07
 10
848.73
 20
454.32
 10
849.31
 20
452.16
  0
LWPOLYLINE
  5
1365
330
17
100
AcDbEntity
  8
POLYLINES
100
AcDbPolyline
 90
3
 70
0
 10
849.88
 20
454.32
 10
849.16
 20
452.74
 10
847.58
 20
450.72
  0
LWPOLYLINE
  5
1366
330
17
100
AcDbEntity
  8
POLYLINES
100
AcDbPolyline
 90
3
 70
0
 10
853.48
 20
457.63
 10
852.91
 20
454.46
 10
852.47
 20
455.62
  0
LWPOLYLINE
  5
1367
330
17
100
AcDbEntity
  8
POLYLINES
100
AcDbPolyline
 90
3
 70
0
 10
853.63
 20
453.31
 10
855.07
 20
450.58
 10
855.79
 20
450.58
  0
LWPOLYLINE
  5
1368
330
17
100
AcDbEntity
  8
POLYLINES
100
AcDbPolyline
 90
3
 70
0
 10
852.47
 20
457.06
 10
851.9
 20
455.47
 10
851.32
 20
453.74
  0
LWPOLYLINE
  5
1369
330
17
100
AcDbEntity
  8
POLYLINES
100
AcDbPolyline
 90
4
 70
0
 10
866.01
 20
457.92
 10
866.73
 20
458.5
 10
867.88
 20
459.94
 10
867.88
 20
450.0
  0
LWPOLYLINE
  5
136A
330
17
100
AcDbEntity
  8
POLYLINES
100
AcDbPolyline
 90
21
 70
0
 10
936.43
 20
459.94
 10
935.71
 20
459.36
 10
934.99
 20
458.5
 10
934.55
 20
457.49
 10
934.27
 20
456.05
 10
934.27
 20
453.74
 10
934.55
 20
452.3
 10
934.99
 20
451.3
 10
935.71
 20
450.43
 10
936.43
 20
450.0
 10
938.01
 20
450.0
 10
938.73
 20
450.43
 10
939.45
 20
451.3
 10
939.88
 20
452.3
 10
940.31
 20
453.74
 10
940.31
 20
456.05
 10
939.88
 20
457.49
 10
939.45
 20
458.5
 10
938.73
 20
459.36
 10
938.01
 20
459.94
 10
936.43
 20
459.94
  0
LWPOLYLINE
  5
136B
330
17
100
AcDbEntity
  8
POLYLINES
100
AcDbPolyline
 90
13
 70
0
 10
942.47
 20
450.0
 10
942.47
 20
459.94
 10
945.21
 20
459.94
 10
946.36
 20
459.36
 10
947.08
 20
458.5
 10
947.51
 20
457.49
 10
947.8
 20
456.05
 10
947.8
 20
453.74
 10
947.51
 20
452.3
 10
947.08
 20
451.3
 10
946.36
 20
450.43
 10
945.21
 20
450.0
 10
942.47
 20
450.0
  0
LWPOLYLINE
  5
136C
330
17
100
AcDbEntity
  8
POLYLINES
100
AcDbPolyline
 90
3
 70
0
 10
950.54
 20
450.0
 10
950.54
 20
459.94
 10
955.43
 20
459.94
  0
LWPOLYLINE
  5
136D
330
17
100
AcDbEntity
  8
POLYLINES
100
AcDbPolyline
 90
3
 70
0
 10
961.99
 20
458.31
 10
961.74
 20
451.47
 10
962.07
 20
451.08
  0
LWPOLYLINE
  5
136E
330
17
100
AcDbEntity
  8
POLYLINES
100
AcDbPolyline
 90
3
 70
0
 10
966.38
 20
459.94
 10
962.63
 20
453.31
 10
968.25
 20
453.31
  0
LWPOLYLINE
  5
136F
330
17
100
AcDbEntity
  8
POLYLINES
100
AcDbPolyline
 90
29
 70
0
 10
971.99
 20
459.94
 10
970.84
 20
459.36
 10
970.55
 20
458.5
 10
970.55
 20
457.49
 10
970.84
 20
456.62
 10
971.71
 20
456.05
 10
973.15
 20
455.62
 10
974.3
 20
455.18
 10
975.02
 20
454.18
 10
975.45
 20
453.31
 10
975.45
 20
451.87
 10
975.02
 20
450.86
 10
974.73
 20
450.43
 10
973.58
 20
450.0
 10
971.99
 20
450.0
 10
970.84
 20
450.43
 10
970.55
 20
450.86
 10
970.12
 20
451.87
 10
970.12
 20
453.31
 10
970.55
 20
454.18
 10
971.27
 20
455.18
 10
972.43
 20
455.62
 10
973.87
 20
456.05
 10
974.73
 20
456.62
 10
975.02
 20
457.49
 10
975.02
 20
458.5
 10
974.73
 20
459.36
 10
973.58
 20
459.94
 10
971.99
 20
459.94
  0
LWPOLYLINE
  5
1370
330
17
100
AcDbEntity
  8
POLYLINES
100
AcDbPolyline
 90
17
 70
0
 10
979.91
 20
459.94
 10
978.76
 20
459.36
 10
978.04
 20
457.92
 10
977.61
 20
455.62
 10
977.61
 20
454.18
 10
978.04
 20
451.87
 10
978.76
 20
450.43
 10
979.91
 20
450.0
 10
980.63
 20
450.0
 10
981.79
 20
450.43
 10
982.65
 20
451.87
 10
982.94
 20
454.18
 10
982.94
 20
455.62
 10
982.65
 20
457.92
 10
981.79
 20
459.36
 10
980.63
 20
459.94
 10
979.91
 20
459.94
  0
LWPOLYLINE
  5
1371
330
17
100
AcDbEntity
  8
POLYLINES
100
AcDbPolyline
 90
5
 70
0
 10
986.83
 20
453.31
 10
987.26
 20
452.02
 10
987.98
 20
450.72
 10
989.27
 20
449.86
 10
988.99
 20
451.58
  0
LWPOLYLINE
  5
1372
330
17
100
AcDbEntity
  8
POLYLINES
100
AcDbPolyline
 90
3
 70
0
 10
991.11
 20
451.08
 10
991.51
 20
457.91
 10
991.19
 20
458.31
  0
LWPOLYLINE
  5
1373
330
17
100
AcDbEntity
  8
POLYLINES
100
AcDbPolyline
 90
3
 70
0
 10
1035.5
 20
458.21
 10
1036.94
 20
459.94
 10
1036.94
 20
450.0
  0
LWPOLYLINE
  5
1374
330
17
100
AcDbEntity
  8
POLYLINES
100
AcDbPolyline
 90
29
 70
0
 10
1104.04
 20
459.94
 10
1102.89
 20
459.36
 10
1102.46
 20
458.5
 10
1102.46
 20
457.49
 10
1102.89
 20
456.62
 10
1103.61
 20
456.05
 10
1105.19
 20
455.62
 10
1106.35
 20
455.18
 10
1107.07
 20
454.18
 10
1107.35
 20
453.31
 10
1107.35
 20
451.87
 10
1107.07
 20
450.86
 10
1106.63
 20
450.43
 10
1105.48
 20
450.0
 10
1104.04
 20
450.0
 10
1102.89
 20
450.43
 10
1102.46
 20
450.86
 10
1102.17
 20
451.87
 10
1102.17
 20
453.31
 10
1102.46
 20
454.18
 10
1103.32
 20
455.18
 10
1104.33
 20
455.62
 10
1105.91
 20
456.05
 10
1106.63
 20
456.62
 10
1107.07
 20
457.49
 10
1107.07
 20
458.5
 10
1106.63
 20
459.36
 10
1105.48
 20
459.94
 10
1104.04
 20
459.94
  0
LWPOLYLINE
  5
1375
330
17
100
AcDbEntity
  8
POLYLINES
100
AcDbPolyline
 90
17
 70
0
 10
1111.96
 20
459.94
 10
1110.81
 20
459.36
 10
1110.09
 20
457.92
 10
1109.66
 20
455.62
 10
1109.66
 20
454.18
 10
1110.09
 20
451.87
 10
1110.81
 20
450.43
 10
1111.96
 20
450.0
 10
1112.68
 20
450.0
 10
1113.83
 20
450.43
 10
1114.55
 20
451.87
 10
1114.99
 20
454.18
 10
1114.99
 20
455.62
 10
1114.55
 20
457.92
 10
1113.83
 20
459.36
 10
1112.68
 20
459.94
 10
1111.96
 20
459.94
  0
LWPOLYLINE
  5
1376
330
17
100
AcDbEntity
  8
POLYLINES
100
AcDbPolyline
 90
17
 70
0
 10
1119.45
 20
459.94
 10
1118.44
 20
459.36
 10
1117.58
 20
457.92
 10
1117.29
 20
455.62
 10
1117.29
 20
454.18
 10
1117.58
 20
451.87
 10
1118.44
 20
450.43
 10
1119.45
 20
450.0
 10
1120.31
 20
450.0
 10
1121.47
 20
450.43
 10
1122.19
 20
451.87
 10
1122.47
 20
454.18
 10
1122.47
 20
455.62
 10
1122.19
 20
457.92
 10
1121.47
 20
459.36
 10
1120.31
 20
459.94
 10
1119.45
 20
459.94
  0
LWPOLYLINE
  5
1377
330
17
100
AcDbEntity
  8
POLYLINES
100
AcDbPolyline
 90
5
 70
0
 10
1127.66
 20
452.59
 10
1127.66
 20
450.43
 10
1128.09
 20
450.0
 10
1129.82
 20
450.0
 10
1129.67
 20
451.87
  0
LWPOLYLINE
  5
1378
330
17
100
AcDbEntity
  8
POLYLINES
100
AcDbPolyline
 90
4
 70
0
 10
1127.51
 20
453.6
 10
1127.23
 20
452.02
 10
1126.51
 20
450.72
 10
1125.21
 20
449.86
  0
LWPOLYLINE
  5
1379
330
17
100
AcDbEntity
  8
POLYLINES
100
AcDbPolyline
 90
3
 70
0
 10
710.49
 20
436.46
 10
712.07
 20
438.19
 10
712.07
 20
428.26
  0
LWPOLYLINE
  5
137A
330
17
100
AcDbEntity
  8
POLYLINES
100
AcDbPolyline
 90
3
 70
0
 10
717.11
 20
436.46
 10
718.7
 20
438.19
 10
718.7
 20
428.26
  0
LWPOLYLINE
  5
137B
330
17
100
AcDbEntity
  8
POLYLINES
100
AcDbPolyline
 90
12
 70
0
 10
725.32
 20
428.26
 10
723.59
 20
429.84
 10
723.59
 20
431.57
 10
725.32
 20
433.15
 10
728.63
 20
433.15
 10
730.22
 20
434.88
 10
730.22
 20
436.46
 10
728.63
 20
438.19
 10
725.32
 20
438.19
 10
723.59
 20
436.46
 10
723.59
 20
434.88
 10
725.32
 20
433.15
  0
LWPOLYLINE
  5
137C
330
17
100
AcDbEntity
  8
POLYLINES
100
AcDbPolyline
 90
5
 70
0
 10
728.63
 20
433.15
 10
730.22
 20
431.57
 10
730.22
 20
429.84
 10
728.63
 20
428.26
 10
725.32
 20
428.26
  0
LWPOLYLINE
  5
137D
330
17
100
AcDbEntity
  8
POLYLINES
100
AcDbPolyline
 90
7
 70
0
 10
733.53
 20
428.26
 10
733.53
 20
438.19
 10
738.57
 20
438.19
 10
740.15
 20
436.46
 10
740.15
 20
434.88
 10
738.57
 20
433.15
 10
733.53
 20
433.15
  0
LWPOLYLINE
  5
137E
330
17
100
AcDbEntity
  8
POLYLINES
100
AcDbPolyline
 90
21
 70
0
 10
817.77
 20
438.19
 10
817.05
 20
437.62
 10
816.19
 20
436.75
 10
815.9
 20
435.74
 10
815.47
 20
434.3
 10
815.47
 20
432.0
 10
815.9
 20
430.56
 10
816.19
 20
429.7
 10
817.05
 20
428.69
 10
817.77
 20
428.26
 10
819.21
 20
428.26
 10
820.07
 20
428.69
 10
820.79
 20
429.7
 10
821.23
 20
430.56
 10
821.51
 20
432.0
 10
821.51
 20
434.3
 10
821.23
 20
435.74
 10
820.79
 20
436.75
 10
820.07
 20
437.62
 10
819.21
 20
438.19
 10
817.77
 20
438.19
  0
LWPOLYLINE
  5
137F
330
17
100
AcDbEntity
  8
POLYLINES
100
AcDbPolyline
 90
13
 70
0
 10
823.82
 20
428.26
 10
823.82
 20
438.19
 10
826.41
 20
438.19
 10
827.56
 20
437.62
 10
828.28
 20
436.75
 10
828.71
 20
435.74
 10
829.15
 20
434.3
 10
829.15
 20
432.0
 10
828.71
 20
430.56
 10
828.28
 20
429.7
 10
827.56
 20
428.69
 10
826.41
 20
428.26
 10
823.82
 20
428.26
  0
LWPOLYLINE
  5
1380
330
17
100
AcDbEntity
  8
POLYLINES
100
AcDbPolyline
 90
3
 70
0
 10
831.74
 20
428.26
 10
831.74
 20
438.19
 10
836.63
 20
438.19
  0
LWPOLYLINE
  5
1381
330
17
100
AcDbEntity
  8
POLYLINES
100
AcDbPolyline
 90
3
 70
0
 10
842.25
 20
429.41
 10
843.55
 20
429.55
 10
843.4
 20
431.42
  0
LWPOLYLINE
  5
1382
330
17
100
AcDbEntity
  8
POLYLINES
100
AcDbPolyline
 90
3
 70
0
 10
841.67
 20
433.73
 10
841.67
 20
429.98
 10
842.25
 20
429.41
  0
LWPOLYLINE
  5
1383
330
17
100
AcDbEntity
  8
POLYLINES
100
AcDbPolyline
 90
3
 70
0
 10
839.95
 20
436.32
 10
839.95
 20
433.87
 10
839.66
 20
432.0
  0
LWPOLYLINE
  5
1384
330
17
100
AcDbEntity
  8
POLYLINES
100
AcDbPolyline
 90
3
 70
0
 10
847.58
 20
430.42
 10
848.73
 20
428.4
 10
848.73
 20
430.42
  0
LWPOLYLINE
  5
1385
330
17
100
AcDbEntity
  8
POLYLINES
100
AcDbPolyline
 90
3
 70
0
 10
846.71
 20
437.33
 10
847.0
 20
432.58
 10
847.58
 20
430.42
  0
LWPOLYLINE
  5
1386
330
17
100
AcDbEntity
  8
POLYLINES
100
AcDbPolyline
 90
3
 70
0
 10
848.15
 20
432.58
 10
847.43
 20
430.99
 10
845.85
 20
428.98
  0
LWPOLYLINE
  5
1387
330
17
100
AcDbEntity
  8
POLYLINES
100
AcDbPolyline
 90
3
 70
0
 10
851.75
 20
435.89
 10
851.18
 20
432.72
 10
850.75
 20
433.87
  0
LWPOLYLINE
  5
1388
330
17
100
AcDbEntity
  8
POLYLINES
100
AcDbPolyline
 90
3
 70
0
 10
851.9
 20
431.57
 10
853.34
 20
428.83
 10
854.06
 20
428.83
  0
LWPOLYLINE
  5
1389
330
17
100
AcDbEntity
  8
POLYLINES
100
AcDbPolyline
 90
3
 70
0
 10
850.75
 20
435.31
 10
850.17
 20
433.73
 10
849.59
 20
432.0
  0
LWPOLYLINE
  5
138A
330
17
100
AcDbEntity
  8
POLYLINES
100
AcDbPolyline
 90
14
 70
0
 10
864.57
 20
435.74
 10
864.57
 20
436.18
 10
865.0
 20
437.18
 10
865.43
 20
437.62
 10
866.15
 20
438.19
 10
867.59
 20
438.19
 10
868.46
 20
437.62
 10
868.75
 20
437.18
 10
869.18
 20
436.18
 10
869.18
 20
435.31
 10
868.75
 20
434.3
 10
868.03
 20
432.86
 10
864.28
 20
428.26
 10
869.61
 20
428.26
  0
LWPOLYLINE
  5
138B
330
17
100
AcDbEntity
  8
POLYLINES
100
AcDbPolyline
 90
21
 70
0
 10
936.43
 20
438.19
 10
935.71
 20
437.62
 10
934.99
 20
436.75
 10
934.55
 20
435.74
 10
934.27
 20
434.3
 10
934.27
 20
432.0
 10
934.55
 20
430.56
 10
934.99
 20
429.7
 10
935.71
 20
428.69
 10
936.43
 20
428.26
 10
938.01
 20
428.26
 10
938.73
 20
428.69
 10
939.45
 20
429.7
 10
939.88
 20
430.56
 10
940.31
 20
432.0
 10
940.31
 20
434.3
 10
939.88
 20
435.74
 10
939.45
 20
436.75
 10
938.73
 20
437.62
 10
938.01
 20
438.19
 10
936.43
 20
438.19
  0
LWPOLYLINE
  5
138C
330
17
100
AcDbEntity
  8
POLYLINES
100
AcDbPolyline
 90
13
 70
0
 10
942.47
 20
428.26
 10
942.47
 20
438.19
 10
945.21
 20
438.19
 10
946.36
 20
437.62
 10
947.08
 20
436.75
 10
947.51
 20
435.74
 10
947.8
 20
434.3
 10
947.8
 20
432.0
 10
947.51
 20
430.56
 10
947.08
 20
429.7
 10
946.36
 20
428.69
 10
945.21
 20
428.26
 10
942.47
 20
428.26
  0
LWPOLYLINE
  5
138D
330
17
100
AcDbEntity
  8
POLYLINES
100
AcDbPolyline
 90
3
 70
0
 10
950.54
 20
428.26
 10
950.54
 20
438.19
 10
955.43
 20
438.19
  0
LWPOLYLINE
  5
138E
330
17
100
AcDbEntity
  8
POLYLINES
100
AcDbPolyline
 90
3
 70
0
 10
961.99
 20
436.58
 10
961.74
 20
429.74
 10
962.07
 20
429.35
  0
LWPOLYLINE
  5
138F
330
17
100
AcDbEntity
  8
POLYLINES
100
AcDbPolyline
 90
3
 70
0
 10
966.38
 20
438.19
 10
962.63
 20
431.57
 10
968.25
 20
431.57
  0
LWPOLYLINE
  5
1390
330
17
100
AcDbEntity
  8
POLYLINES
100
AcDbPolyline
 90
29
 70
0
 10
971.99
 20
438.19
 10
970.84
 20
437.62
 10
970.55
 20
436.75
 10
970.55
 20
435.74
 10
970.84
 20
434.88
 10
971.71
 20
434.3
 10
973.15
 20
433.87
 10
974.3
 20
433.44
 10
975.02
 20
432.43
 10
975.45
 20
431.57
 10
975.45
 20
430.13
 10
975.02
 20
429.12
 10
974.73
 20
428.69
 10
973.58
 20
428.26
 10
971.99
 20
428.26
 10
970.84
 20
428.69
 10
970.55
 20
429.12
 10
970.12
 20
430.13
 10
970.12
 20
431.57
 10
970.55
 20
432.43
 10
971.27
 20
433.44
 10
972.43
 20
433.87
 10
973.87
 20
434.3
 10
974.73
 20
434.88
 10
975.02
 20
435.74
 10
975.02
 20
436.75
 10
974.73
 20
437.62
 10
973.58
 20
438.19
 10
971.99
 20
438.19
  0
LWPOLYLINE
  5
1391
330
17
100
AcDbEntity
  8
POLYLINES
100
AcDbPolyline
 90
17
 70
0
 10
979.91
 20
438.19
 10
978.76
 20
437.62
 10
978.04
 20
436.18
 10
977.61
 20
433.87
 10
977.61
 20
432.43
 10
978.04
 20
430.13
 10
978.76
 20
428.69
 10
979.91
 20
428.26
 10
980.63
 20
428.26
 10
981.79
 20
428.69
 10
982.65
 20
430.13
 10
982.94
 20
432.43
 10
982.94
 20
433.87
 10
982.65
 20
436.18
 10
981.79
 20
437.62
 10
980.63
 20
438.19
 10
979.91
 20
438.19
  0
LWPOLYLINE
  5
1392
330
17
100
AcDbEntity
  8
POLYLINES
100
AcDbPolyline
 90
5
 70
0
 10
986.83
 20
431.57
 10
987.26
 20
430.27
 10
987.98
 20
428.98
 10
989.27
 20
428.11
 10
988.99
 20
429.84
  0
LWPOLYLINE
  5
1393
330
17
100
AcDbEntity
  8
POLYLINES
100
AcDbPolyline
 90
3
 70
0
 10
991.11
 20
429.35
 10
991.51
 20
436.18
 10
991.19
 20
436.58
  0
LWPOLYLINE
  5
1394
330
17
100
AcDbEntity
  8
POLYLINES
100
AcDbPolyline
 90
3
 70
0
 10
1035.5
 20
436.46
 10
1036.94
 20
438.19
 10
1036.94
 20
428.26
  0
LWPOLYLINE
  5
1395
330
17
100
AcDbEntity
  8
POLYLINES
100
AcDbPolyline
 90
29
 70
0
 10
1104.04
 20
438.19
 10
1102.89
 20
437.62
 10
1102.46
 20
436.75
 10
1102.46
 20
435.74
 10
1102.89
 20
434.88
 10
1103.61
 20
434.3
 10
1105.19
 20
433.87
 10
1106.35
 20
433.44
 10
1107.07
 20
432.43
 10
1107.35
 20
431.57
 10
1107.35
 20
430.13
 10
1107.07
 20
429.12
 10
1106.63
 20
428.69
 10
1105.48
 20
428.26
 10
1104.04
 20
428.26
 10
1102.89
 20
428.69
 10
1102.46
 20
429.12
 10
1102.17
 20
430.13
 10
1102.17
 20
431.57
 10
1102.46
 20
432.43
 10
1103.32
 20
433.44
 10
1104.33
 20
433.87
 10
1105.91
 20
434.3
 10
1106.63
 20
434.88
 10
1107.07
 20
435.74
 10
1107.07
 20
436.75
 10
1106.63
 20
437.62
 10
1105.48
 20
438.19
 10
1104.04
 20
438.19
  0
LWPOLYLINE
  5
1396
330
17
100
AcDbEntity
  8
POLYLINES
100
AcDbPolyline
 90
17
 70
0
 10
1111.96
 20
438.19
 10
1110.81
 20
437.62
 10
1110.09
 20
436.18
 10
1109.66
 20
433.87
 10
1109.66
 20
432.43
 10
1110.09
 20
430.13
 10
1110.81
 20
428.69
 10
1111.96
 20
428.26
 10
1112.68
 20
428.26
 10
1113.83
 20
428.69
 10
1114.55
 20
430.13
 10
1114.99
 20
432.43
 10
1114.99
 20
433.87
 10
1114.55
 20
436.18
 10
1113.83
 20
437.62
 10
1112.68
 20
438.19
 10
1111.96
 20
438.19
  0
LWPOLYLINE
  5
1397
330
17
100
AcDbEntity
  8
POLYLINES
100
AcDbPolyline
 90
17
 70
0
 10
1119.45
 20
438.19
 10
1118.44
 20
437.62
 10
1117.58
 20
436.18
 10
1117.29
 20
433.87
 10
1117.29
 20
432.43
 10
1117.58
 20
430.13
 10
1118.44
 20
428.69
 10
1119.45
 20
428.26
 10
1120.31
 20
428.26
 10
1121.47
 20
428.69
 10
1122.19
 20
430.13
 10
1122.47
 20
432.43
 10
1122.47
 20
433.87
 10
1122.19
 20
436.18
 10
1121.47
 20
437.62
 10
1120.31
 20
438.19
 10
1119.45
 20
438.19
  0
LWPOLYLINE
  5
1398
330
17
100
AcDbEntity
  8
POLYLINES
100
AcDbPolyline
 90
5
 70
0
 10
1127.66
 20
430.85
 10
1127.66
 20
428.69
 10
1128.09
 20
428.26
 10
1129.82
 20
428.26
 10
1129.67
 20
430.13
  0
LWPOLYLINE
  5
1399
330
17
100
AcDbEntity
  8
POLYLINES
100
AcDbPolyline
 90
4
 70
0
 10
1127.51
 20
431.86
 10
1127.23
 20
430.27
 10
1126.51
 20
428.98
 10
1125.21
 20
428.11
  0
LWPOLYLINE
  5
139A
330
17
100
AcDbEntity
  8
POLYLINES
100
AcDbPolyline
 90
3
 70
0
 10
710.49
 20
414.72
 10
712.07
 20
416.45
 10
712.07
 20
406.51
  0
LWPOLYLINE
  5
139B
330
17
100
AcDbEntity
  8
POLYLINES
100
AcDbPolyline
 90
3
 70
0
 10
717.11
 20
414.72
 10
718.7
 20
416.45
 10
718.7
 20
406.51
  0
LWPOLYLINE
  5
139C
330
17
100
AcDbEntity
  8
POLYLINES
100
AcDbPolyline
 90
10
 70
0
 10
725.32
 20
406.51
 10
726.91
 20
406.51
 10
730.22
 20
409.82
 10
730.22
 20
414.72
 10
728.63
 20
416.45
 10
725.32
 20
416.45
 10
723.59
 20
414.72
 10
723.59
 20
413.14
 10
725.32
 20
411.41
 10
730.22
 20
411.41
  0
LWPOLYLINE
  5
139D
330
17
100
AcDbEntity
  8
POLYLINES
100
AcDbPolyline
 90
7
 70
0
 10
733.53
 20
406.51
 10
733.53
 20
416.45
 10
738.57
 20
416.45
 10
740.15
 20
414.72
 10
740.15
 20
413.14
 10
738.57
 20
411.41
 10
733.53
 20
411.41
  0
LWPOLYLINE
  5
139E
330
17
100
AcDbEntity
  8
POLYLINES
100
AcDbPolyline
 90
3
 70
0
 10
805.53
 20
410.54
 10
804.95
 20
408.38
 10
806.39
 20
407.38
  0
LWPOLYLINE
  5
139F
330
17
100
AcDbEntity
  8
POLYLINES
100
AcDbPolyline
 90
4
 70
0
 10
806.25
 20
410.4
 10
805.96
 20
408.53
 10
805.39
 20
407.38
 10
804.67
 20
406.51
  0
LWPOLYLINE
  5
13A0
330
17
100
AcDbEntity
  8
POLYLINES
100
AcDbPolyline
 90
4
 70
0
 10
807.4
 20
415.44
 10
807.26
 20
413.57
 10
806.97
 20
412.27
 10
806.54
 20
410.26
  0
LWPOLYLINE
  5
13A1
330
17
100
AcDbEntity
  8
POLYLINES
100
AcDbPolyline
 90
4
 70
0
 10
807.83
 20
412.42
 10
807.69
 20
409.82
 10
807.11
 20
407.95
 10
806.11
 20
406.22
  0
LWPOLYLINE
  5
13A2
330
17
100
AcDbEntity
  8
POLYLINES
100
AcDbPolyline
 90
3
 70
0
 10
806.68
 20
411.12
 10
807.98
 20
406.66
 10
808.84
 20
406.66
  0
LWPOLYLINE
  5
13A3
330
17
100
AcDbEntity
  8
POLYLINES
100
AcDbPolyline
 90
4
 70
0
 10
811.87
 20
414.72
 10
811.87
 20
412.27
 10
811.72
 20
409.1
 10
811.15
 20
406.37
  0
LWPOLYLINE
  5
13A4
330
17
100
AcDbEntity
  8
POLYLINES
100
AcDbPolyline
 90
3
 70
0
 10
810.14
 20
407.81
 10
810.86
 20
406.51
 10
810.86
 20
415.44
  0
LWPOLYLINE
  5
13A5
330
17
100
AcDbEntity
  8
POLYLINES
100
AcDbPolyline
 90
3
 70
0
 10
818.92
 20
413.57
 10
818.78
 20
408.1
 10
818.2
 20
409.1
  0
LWPOLYLINE
  5
13A6
330
17
100
AcDbEntity
  8
POLYLINES
100
AcDbPolyline
 90
3
 70
0
 10
815.03
 20
408.38
 10
816.04
 20
408.38
 10
819.07
 20
406.66
  0
LWPOLYLINE
  5
13A7
330
17
100
AcDbEntity
  8
POLYLINES
100
AcDbPolyline
 90
4
 70
0
 10
816.33
 20
412.27
 10
816.04
 20
410.54
 10
816.33
 20
409.68
 10
816.04
 20
408.38
  0
LWPOLYLINE
  5
13A8
330
17
100
AcDbEntity
  8
POLYLINES
100
AcDbPolyline
 90
3
 70
0
 10
829.43
 20
415.44
 10
829.43
 20
406.66
 10
828.57
 20
408.1
  0
LWPOLYLINE
  5
13A9
330
17
100
AcDbEntity
  8
POLYLINES
100
AcDbPolyline
 90
3
 70
0
 10
833.03
 20
413.57
 10
832.89
 20
412.27
 10
832.31
 20
410.98
  0
LWPOLYLINE
  5
13AA
330
17
100
AcDbEntity
  8
POLYLINES
100
AcDbPolyline
 90
3
 70
0
 10
832.03
 20
406.51
 10
833.18
 20
407.95
 10
833.9
 20
409.1
  0
LWPOLYLINE
  5
13AB
330
17
100
AcDbEntity
  8
POLYLINES
100
AcDbPolyline
 90
3
 70
0
 10
832.89
 20
410.26
 10
834.62
 20
406.66
 10
835.34
 20
406.66
  0
LWPOLYLINE
  5
13AC
330
17
100
AcDbEntity
  8
POLYLINES
100
AcDbPolyline
 90
5
 70
0
 10
834.04
 20
415.3
 10
834.04
 20
413.86
 10
834.19
 20
412.56
 10
834.47
 20
412.13
 10
835.19
 20
412.13
  0
LWPOLYLINE
  5
13AD
330
17
100
AcDbEntity
  8
POLYLINES
100
AcDbPolyline
 90
3
 70
0
 10
837.5
 20
413.42
 10
840.23
 20
410.26
 10
840.67
 20
410.4
  0
LWPOLYLINE
  5
13AE
330
17
100
AcDbEntity
  8
POLYLINES
100
AcDbPolyline
 90
4
 70
0
 10
839.51
 20
414.58
 10
838.36
 20
412.56
 10
837.07
 20
410.69
 10
835.91
 20
409.54
  0
LWPOLYLINE
  5
13AF
330
17
100
AcDbEntity
  8
POLYLINES
100
AcDbPolyline
 90
4
 70
0
 10
841.96
 20
406.8
 10
843.26
 20
408.1
 10
844.12
 20
409.54
 10
845.27
 20
412.85
  0
LWPOLYLINE
  5
13B0
330
17
100
AcDbEntity
  8
POLYLINES
100
AcDbPolyline
 90
3
 70
0
 10
843.4
 20
414.58
 10
843.11
 20
411.84
 10
841.96
 20
408.53
  0
LWPOLYLINE
  5
13B1
330
17
100
AcDbEntity
  8
POLYLINES
100
AcDbPolyline
 90
3
 70
0
 10
843.11
 20
411.84
 10
845.27
 20
406.8
 10
846.14
 20
406.8
  0
LWPOLYLINE
  5
13B2
330
17
100
AcDbEntity
  8
POLYLINES
100
AcDbPolyline
 90
3
 70
0
 10
849.16
 20
406.51
 10
852.19
 20
416.45
 10
855.21
 20
406.51
  0
LWPOLYLINE
  5
13B3
330
17
100
AcDbEntity
  8
POLYLINES
100
AcDbPolyline
 90
13
 70
0
 10
857.51
 20
406.51
 10
857.51
 20
416.45
 10
860.11
 20
416.45
 10
861.26
 20
415.87
 10
861.98
 20
415.01
 10
862.41
 20
414.0
 10
862.84
 20
412.56
 10
862.84
 20
410.26
 10
862.41
 20
408.82
 10
861.98
 20
407.95
 10
861.26
 20
406.94
 10
860.11
 20
406.51
 10
857.51
 20
406.51
  0
LWPOLYLINE
  5
13B4
330
17
100
AcDbEntity
  8
POLYLINES
100
AcDbPolyline
 90
3
 70
0
 10
868.31
 20
413.57
 10
868.03
 20
412.27
 10
867.45
 20
410.98
  0
LWPOLYLINE
  5
13B5
330
17
100
AcDbEntity
  8
POLYLINES
100
AcDbPolyline
 90
3
 70
0
 10
867.16
 20
406.51
 10
868.31
 20
407.95
 10
869.03
 20
409.1
  0
LWPOLYLINE
  5
13B6
330
17
100
AcDbEntity
  8
POLYLINES
100
AcDbPolyline
 90
3
 70
0
 10
868.03
 20
410.26
 10
869.75
 20
406.66
 10
870.47
 20
406.66
  0
LWPOLYLINE
  5
13B7
330
17
100
AcDbEntity
  8
POLYLINES
100
AcDbPolyline
 90
5
 70
0
 10
869.18
 20
415.3
 10
869.18
 20
413.86
 10
869.32
 20
412.56
 10
869.61
 20
412.13
 10
870.33
 20
412.13
  0
LWPOLYLINE
  5
13B8
330
17
100
AcDbEntity
  8
POLYLINES
100
AcDbPolyline
 90
3
 70
0
 10
872.78
 20
413.42
 10
875.37
 20
410.26
 10
875.8
 20
410.4
  0
LWPOLYLINE
  5
13B9
330
17
100
AcDbEntity
  8
POLYLINES
100
AcDbPolyline
 90
4
 70
0
 10
874.65
 20
414.58
 10
873.5
 20
412.56
 10
872.2
 20
410.69
 10
871.05
 20
409.54
  0
LWPOLYLINE
  5
13BA
330
17
100
AcDbEntity
  8
POLYLINES
100
AcDbPolyline
 90
4
 70
0
 10
878.54
 20
411.7
 10
878.39
 20
409.82
 10
877.96
 20
407.95
 10
876.95
 20
406.66
  0
LWPOLYLINE
  5
13BB
330
17
100
AcDbEntity
  8
POLYLINES
100
AcDbPolyline
 90
4
 70
0
 10
877.53
 20
415.44
 10
877.53
 20
413.57
 10
877.24
 20
410.4
 10
876.38
 20
406.8
  0
LWPOLYLINE
  5
13BC
330
17
100
AcDbEntity
  8
POLYLINES
100
AcDbPolyline
 90
3
 70
0
 10
1035.5
 20
414.72
 10
1036.94
 20
416.45
 10
1036.94
 20
406.51
  0
LWPOLYLINE
  5
13BD
330
17
100
AcDbEntity
  8
POLYLINES
100
AcDbPolyline
 90
3
 70
0
 10
1092.67
 20
411.26
 10
1094.97
 20
406.66
 10
1095.83
 20
406.66
  0
LWPOLYLINE
  5
13BE
330
17
100
AcDbEntity
  8
POLYLINES
100
AcDbPolyline
 90
3
 70
0
 10
1094.25
 20
411.98
 10
1093.39
 20
409.54
 10
1091.51
 20
406.37
  0
LWPOLYLINE
  5
13BF
330
17
100
AcDbEntity
  8
POLYLINES
100
AcDbPolyline
 90
3
 70
0
 10
1097.85
 20
407.38
 10
1098.43
 20
408.53
 10
1098.71
 20
410.54
  0
LWPOLYLINE
  5
13C0
330
17
100
AcDbEntity
  8
POLYLINES
100
AcDbPolyline
 90
5
 70
0
 10
1101.16
 20
408.53
 10
1101.16
 20
406.66
 10
1100.15
 20
406.66
 10
1100.01
 20
407.09
 10
1100.01
 20
410.98
  0
LWPOLYLINE
  5
13C1
330
17
100
AcDbEntity
  8
POLYLINES
100
AcDbPolyline
 90
3
 70
0
 10
1097.99
 20
412.13
 10
1096.99
 20
407.38
 10
1096.55
 20
408.24
  0
LWPOLYLINE
  5
13C2
330
17
100
AcDbEntity
  8
POLYLINES
100
AcDbPolyline
 90
5
 70
0
 10
1102.89
 20
409.1
 10
1102.89
 20
408.67
 10
1102.75
 20
408.1
 10
1102.31
 20
407.66
 10
1101.88
 20
407.66
  0
LWPOLYLINE
  5
13C3
330
17
100
AcDbEntity
  8
POLYLINES
100
AcDbPolyline
 90
3
 70
0
 10
1102.21
 20
409.27
 10
1102.54
 20
408.85
 10
1102.87
 20
409.27
  0
LWPOLYLINE
  5
13C4
330
17
100
AcDbEntity
  8
POLYLINES
100
AcDbPolyline
 90
3
 70
0
 10
1102.87
 20
409.27
 10
1102.54
 20
409.68
 10
1102.21
 20
409.27
  0
LWPOLYLINE
  5
13C5
330
17
100
AcDbEntity
  8
POLYLINES
100
AcDbPolyline
 90
3
 70
0
 10
1102.79
 20
409.27
 10
1102.54
 20
409.58
 10
1102.29
 20
409.27
  0
LWPOLYLINE
  5
13C6
330
17
100
AcDbEntity
  8
POLYLINES
100
AcDbPolyline
 90
3
 70
0
 10
1102.29
 20
409.27
 10
1102.54
 20
408.96
 10
1102.79
 20
409.27
  0
LWPOLYLINE
  5
13C7
330
17
100
AcDbEntity
  8
POLYLINES
100
AcDbPolyline
 90
3
 70
0
 10
1102.71
 20
409.27
 10
1102.54
 20
409.47
 10
1102.38
 20
409.27
  0
LWPOLYLINE
  5
13C8
330
17
100
AcDbEntity
  8
POLYLINES
100
AcDbPolyline
 90
3
 70
0
 10
1102.38
 20
409.27
 10
1102.54
 20
409.06
 10
1102.71
 20
409.27
  0
LWPOLYLINE
  5
13C9
330
17
100
AcDbEntity
  8
POLYLINES
100
AcDbPolyline
 90
4
 70
0
 10
1106.78
 20
414.58
 10
1107.5
 20
415.01
 10
1108.65
 20
416.45
 10
1108.65
 20
406.51
  0
LWPOLYLINE
  5
13CA
330
17
100
AcDbEntity
  8
POLYLINES
100
AcDbPolyline
 90
17
 70
0
 10
1115.13
 20
416.45
 10
1113.98
 20
415.87
 10
1113.11
 20
414.58
 10
1112.83
 20
412.13
 10
1112.83
 20
410.69
 10
1113.11
 20
408.38
 10
1113.98
 20
406.94
 10
1115.13
 20
406.51
 10
1115.85
 20
406.51
 10
1117.0
 20
406.94
 10
1117.72
 20
408.38
 10
1118.15
 20
410.69
 10
1118.15
 20
412.13
 10
1117.72
 20
414.58
 10
1117.0
 20
415.87
 10
1115.85
 20
416.45
 10
1115.13
 20
416.45
  0
LWPOLYLINE
  5
13CB
330
17
100
AcDbEntity
  8
POLYLINES
100
AcDbPolyline
 90
17
 70
0
 10
1122.62
 20
416.45
 10
1121.47
 20
415.87
 10
1120.75
 20
414.58
 10
1120.31
 20
412.13
 10
1120.31
 20
410.69
 10
1120.75
 20
408.38
 10
1121.47
 20
406.94
 10
1122.62
 20
406.51
 10
1123.34
 20
406.51
 10
1124.49
 20
406.94
 10
1125.21
 20
408.38
 10
1125.64
 20
410.69
 10
1125.64
 20
412.13
 10
1125.21
 20
414.58
 10
1124.49
 20
415.87
 10
1123.34
 20
416.45
 10
1122.62
 20
416.45
  0
LWPOLYLINE
  5
13CC
330
17
100
AcDbEntity
  8
POLYLINES
100
AcDbPolyline
 90
17
 70
0
 10
1130.25
 20
416.45
 10
1129.1
 20
415.87
 10
1128.23
 20
414.58
 10
1127.95
 20
412.13
 10
1127.95
 20
410.69
 10
1128.23
 20
408.38
 10
1129.1
 20
406.94
 10
1130.25
 20
406.51
 10
1130.97
 20
406.51
 10
1132.12
 20
406.94
 10
1132.84
 20
408.38
 10
1133.27
 20
410.69
 10
1133.27
 20
412.13
 10
1132.84
 20
414.58
 10
1132.12
 20
415.87
 10
1130.97
 20
416.45
 10
1130.25
 20
416.45
  0
LWPOLYLINE
  5
13CD
330
17
100
AcDbEntity
  8
POLYLINES
100
AcDbPolyline
 90
3
 70
0
 10
1138.31
 20
413.71
 10
1138.17
 20
412.85
 10
1137.45
 20
411.26
  0
LWPOLYLINE
  5
13CE
330
17
100
AcDbEntity
  8
POLYLINES
100
AcDbPolyline
 90
3
 70
0
 10
1138.46
 20
410.26
 10
1138.03
 20
408.96
 10
1136.87
 20
407.23
  0
LWPOLYLINE
  5
13CF
330
17
100
AcDbEntity
  8
POLYLINES
100
AcDbPolyline
 90
3
 70
0
 10
709.63
 20
392.98
 10
711.21
 20
394.7
 10
711.21
 20
384.77
  0
LWPOLYLINE
  5
13D0
330
17
100
AcDbEntity
  8
POLYLINES
100
AcDbPolyline
 90
10
 70
0
 10
716.25
 20
392.98
 10
717.83
 20
394.7
 10
721.15
 20
394.7
 10
722.87
 20
392.98
 10
722.87
 20
391.39
 10
721.15
 20
389.66
 10
717.83
 20
389.66
 10
716.25
 20
388.08
 10
716.25
 20
384.77
 10
722.87
 20
384.77
  0
LWPOLYLINE
  5
13D1
330
17
100
AcDbEntity
  8
POLYLINES
100
AcDbPolyline
 90
9
 70
0
 10
727.77
 20
384.77
 10
726.19
 20
386.35
 10
726.19
 20
392.98
 10
727.77
 20
394.7
 10
729.5
 20
394.7
 10
731.08
 20
392.98
 10
731.08
 20
386.35
 10
729.5
 20
384.77
 10
727.77
 20
384.77
  0
LWPOLYLINE
  5
13D2
330
17
100
AcDbEntity
  8
POLYLINES
100
AcDbPolyline
 90
7
 70
0
 10
734.39
 20
384.77
 10
734.39
 20
394.7
 10
739.43
 20
394.7
 10
741.02
 20
392.98
 10
741.02
 20
391.39
 10
739.43
 20
389.66
 10
734.39
 20
389.66
  0
LWPOLYLINE
  5
13D3
330
17
100
AcDbEntity
  8
POLYLINES
100
AcDbPolyline
 90
3
 70
0
 10
808.7
 20
391.97
 10
806.68
 20
389.38
 10
805.39
 20
388.22
  0
LWPOLYLINE
  5
13D4
330
17
100
AcDbEntity
  8
POLYLINES
100
AcDbPolyline
 90
3
 70
0
 10
814.6
 20
393.7
 10
814.6
 20
384.91
 10
813.88
 20
386.35
  0
LWPOLYLINE
  5
13D5
330
17
100
AcDbEntity
  8
POLYLINES
100
AcDbPolyline
 90
3
 70
0
 10
815.47
 20
384.77
 10
818.49
 20
394.7
 10
821.51
 20
384.77
  0
LWPOLYLINE
  5
13D6
330
17
100
AcDbEntity
  8
POLYLINES
100
AcDbPolyline
 90
4
 70
0
 10
823.82
 20
392.83
 10
824.54
 20
393.26
 10
825.69
 20
394.7
 10
825.69
 20
384.77
  0
LWPOLYLINE
  5
13D7
330
17
100
AcDbEntity
  8
POLYLINES
100
AcDbPolyline
 90
20
 70
0
 10
845.71
 20
393.26
 10
844.99
 20
394.13
 10
843.83
 20
394.7
 10
842.39
 20
394.7
 10
841.24
 20
394.13
 10
840.38
 20
393.26
 10
840.38
 20
392.26
 10
840.81
 20
391.39
 10
841.24
 20
390.82
 10
841.96
 20
390.38
 10
844.27
 20
389.52
 10
844.99
 20
388.94
 10
845.42
 20
388.51
 10
845.71
 20
387.65
 10
845.71
 20
386.21
 10
844.99
 20
385.2
 10
843.83
 20
384.77
 10
842.39
 20
384.77
 10
841.24
 20
385.2
 10
840.38
 20
386.21
  0
LWPOLYLINE
  5
13D8
330
17
100
AcDbEntity
  8
POLYLINES
100
AcDbPolyline
 90
13
 70
0
 10
848.01
 20
384.77
 10
848.01
 20
394.7
 10
850.6
 20
394.7
 10
851.75
 20
394.13
 10
852.47
 20
393.26
 10
852.91
 20
392.26
 10
853.34
 20
390.82
 10
853.34
 20
388.51
 10
852.91
 20
387.07
 10
852.47
 20
386.21
 10
851.75
 20
385.2
 10
850.6
 20
384.77
 10
848.01
 20
384.77
  0
LWPOLYLINE
  5
13D9
330
17
100
AcDbEntity
  8
POLYLINES
100
AcDbPolyline
 90
3
 70
0
 10
867.02
 20
391.82
 10
866.87
 20
390.53
 10
866.3
 20
389.23
  0
LWPOLYLINE
  5
13DA
330
17
100
AcDbEntity
  8
POLYLINES
100
AcDbPolyline
 90
3
 70
0
 10
866.01
 20
384.91
 10
867.16
 20
386.21
 10
867.88
 20
387.5
  0
LWPOLYLINE
  5
13DB
330
17
100
AcDbEntity
  8
POLYLINES
100
AcDbPolyline
 90
3
 70
0
 10
866.87
 20
388.51
 10
868.6
 20
384.91
 10
869.32
 20
384.91
  0
LWPOLYLINE
  5
13DC
330
17
100
AcDbEntity
  8
POLYLINES
100
AcDbPolyline
 90
5
 70
0
 10
868.03
 20
393.55
 10
868.03
 20
392.26
 10
868.17
 20
390.82
 10
868.46
 20
390.38
 10
869.18
 20
390.38
  0
LWPOLYLINE
  5
13DD
330
17
100
AcDbEntity
  8
POLYLINES
100
AcDbPolyline
 90
3
 70
0
 10
871.48
 20
391.68
 10
874.22
 20
388.51
 10
874.65
 20
388.66
  0
LWPOLYLINE
  5
13DE
330
17
100
AcDbEntity
  8
POLYLINES
100
AcDbPolyline
 90
4
 70
0
 10
873.5
 20
392.98
 10
872.35
 20
390.82
 10
871.05
 20
388.94
 10
869.9
 20
387.79
  0
LWPOLYLINE
  5
13DF
330
17
100
AcDbEntity
  8
POLYLINES
100
AcDbPolyline
 90
4
 70
0
 10
877.39
 20
389.95
 10
877.24
 20
388.08
 10
876.81
 20
386.21
 10
875.8
 20
384.91
  0
LWPOLYLINE
  5
13E0
330
17
100
AcDbEntity
  8
POLYLINES
100
AcDbPolyline
 90
4
 70
0
 10
876.38
 20
393.7
 10
876.38
 20
391.82
 10
876.09
 20
388.66
 10
875.23
 20
385.06
  0
LWPOLYLINE
  5
13E1
330
17
100
AcDbEntity
  8
POLYLINES
100
AcDbPolyline
 90
3
 70
0
 10
939.45
 20
393.98
 10
939.45
 20
389.95
 10
939.59
 20
389.66
  0
LWPOLYLINE
  5
13E2
330
17
100
AcDbEntity
  8
POLYLINES
100
AcDbPolyline
 90
3
 70
0
 10
939.59
 20
389.66
 10
941.32
 20
389.66
 10
941.32
 20
391.39
  0
LWPOLYLINE
  5
13E3
330
17
100
AcDbEntity
  8
POLYLINES
100
AcDbPolyline
 90
3
 70
0
 10
946.51
 20
391.39
 10
945.79
 20
384.77
 10
944.78
 20
386.64
  0
LWPOLYLINE
  5
13E4
330
17
100
AcDbEntity
  8
POLYLINES
100
AcDbPolyline
 90
3
 70
0
 10
947.08
 20
384.77
 10
947.08
 20
394.7
 10
951.98
 20
394.7
  0
LWPOLYLINE
  5
13E5
330
17
100
AcDbEntity
  8
POLYLINES
100
AcDbPolyline
 90
23
 70
0
 10
959.18
 20
391.39
 10
958.75
 20
389.95
 10
958.03
 20
388.94
 10
956.87
 20
388.51
 10
956.44
 20
388.51
 10
955.43
 20
388.94
 10
954.57
 20
389.95
 10
954.28
 20
391.39
 10
954.28
 20
391.82
 10
954.57
 20
393.26
 10
955.43
 20
394.13
 10
956.44
 20
394.7
 10
956.87
 20
394.7
 10
958.03
 20
394.13
 10
958.75
 20
393.26
 10
959.18
 20
391.39
 10
959.18
 20
388.94
 10
958.75
 20
386.64
 10
958.03
 20
385.2
 10
956.87
 20
384.77
 10
956.15
 20
384.77
 10
955.0
 20
385.2
 10
954.57
 20
386.21
  0
LWPOLYLINE
  5
13E6
330
17
100
AcDbEntity
  8
POLYLINES
100
AcDbPolyline
 90
23
 70
0
 10
966.38
 20
393.26
 10
965.95
 20
394.13
 10
964.79
 20
394.7
 10
964.07
 20
394.7
 10
962.92
 20
394.13
 10
962.2
 20
392.83
 10
961.77
 20
390.38
 10
961.77
 20
388.08
 10
962.2
 20
386.21
 10
962.92
 20
385.2
 10
964.07
 20
384.77
 10
964.51
 20
384.77
 10
965.51
 20
385.2
 10
966.38
 20
386.21
 10
966.67
 20
387.65
 10
966.67
 20
388.08
 10
966.38
 20
389.52
 10
965.51
 20
390.38
 10
964.51
 20
390.82
 10
964.07
 20
390.82
 10
962.92
 20
390.38
 10
962.2
 20
389.52
 10
961.77
 20
388.08
  0
LWPOLYLINE
  5
13E7
330
17
100
AcDbEntity
  8
POLYLINES
100
AcDbPolyline
 90
14
 70
0
 10
969.69
 20
392.26
 10
969.69
 20
392.83
 10
970.12
 20
393.7
 10
970.55
 20
394.13
 10
971.27
 20
394.7
 10
972.71
 20
394.7
 10
973.58
 20
394.13
 10
973.87
 20
393.7
 10
974.3
 20
392.83
 10
974.3
 20
391.82
 10
973.87
 20
390.82
 10
973.15
 20
389.52
 10
969.4
 20
384.77
 10
974.59
 20
384.77
  0
LWPOLYLINE
  5
13E8
330
17
100
AcDbEntity
  8
POLYLINES
100
AcDbPolyline
 90
3
 70
0
 10
980.63
 20
394.7
 10
976.89
 20
388.08
 10
982.65
 20
388.08
  0
LWPOLYLINE
  5
13E9
330
17
100
AcDbEntity
  8
POLYLINES
100
AcDbPolyline
 90
3
 70
0
 10
1035.5
 20
392.98
 10
1036.94
 20
394.7
 10
1036.94
 20
384.77
  0
LWPOLYLINE
  5
13EA
330
17
100
AcDbEntity
  8
POLYLINES
100
AcDbPolyline
 90
3
 70
0
 10
710.49
 20
367.49
 10
712.07
 20
369.22
 10
712.07
 20
359.28
  0
LWPOLYLINE
  5
13EB
330
17
100
AcDbEntity
  8
POLYLINES
100
AcDbPolyline
 90
10
 70
0
 10
717.11
 20
367.49
 10
718.7
 20
369.22
 10
722.01
 20
369.22
 10
723.59
 20
367.49
 10
723.59
 20
365.9
 10
722.01
 20
364.18
 10
718.7
 20
364.18
 10
717.11
 20
362.59
 10
717.11
 20
359.28
 10
723.59
 20
359.28
  0
LWPOLYLINE
  5
13EC
330
17
100
AcDbEntity
  8
POLYLINES
100
AcDbPolyline
 90
3
 70
0
 10
726.91
 20
367.49
 10
728.63
 20
369.22
 10
728.63
 20
359.28
  0
LWPOLYLINE
  5
13ED
330
17
100
AcDbEntity
  8
POLYLINES
100
AcDbPolyline
 90
7
 70
0
 10
733.53
 20
359.28
 10
733.53
 20
369.22
 10
738.57
 20
369.22
 10
740.15
 20
367.49
 10
740.15
 20
365.9
 10
738.57
 20
364.18
 10
733.53
 20
364.18
  0
LWPOLYLINE
  5
13EE
330
17
100
AcDbEntity
  8
POLYLINES
100
AcDbPolyline
 90
3
 70
0
 10
807.98
 20
366.48
 10
805.96
 20
363.89
 10
804.52
 20
362.59
  0
LWPOLYLINE
  5
13EF
330
17
100
AcDbEntity
  8
POLYLINES
100
AcDbPolyline
 90
3
 70
0
 10
813.88
 20
368.21
 10
813.88
 20
359.42
 10
813.16
 20
360.72
  0
LWPOLYLINE
  5
13F0
330
17
100
AcDbEntity
  8
POLYLINES
100
AcDbPolyline
 90
3
 70
0
 10
814.75
 20
359.28
 10
817.77
 20
369.22
 10
820.79
 20
359.28
  0
LWPOLYLINE
  5
13F1
330
17
100
AcDbEntity
  8
POLYLINES
100
AcDbPolyline
 90
14
 70
0
 10
823.39
 20
366.77
 10
823.39
 20
367.2
 10
823.82
 20
368.21
 10
824.25
 20
368.64
 10
824.97
 20
369.22
 10
826.41
 20
369.22
 10
827.27
 20
368.64
 10
827.56
 20
368.21
 10
827.99
 20
367.2
 10
827.99
 20
366.34
 10
827.56
 20
365.33
 10
826.84
 20
363.89
 10
823.1
 20
359.28
 10
828.28
 20
359.28
  0
LWPOLYLINE
  5
13F2
330
17
100
AcDbEntity
  8
POLYLINES
100
AcDbPolyline
 90
20
 70
0
 10
846.43
 20
367.78
 10
845.71
 20
368.64
 10
844.55
 20
369.22
 10
843.11
 20
369.22
 10
841.96
 20
368.64
 10
841.24
 20
367.78
 10
841.24
 20
366.77
 10
841.53
 20
365.9
 10
841.96
 20
365.33
 10
842.68
 20
364.9
 10
844.99
 20
363.89
 10
845.71
 20
363.46
 10
846.14
 20
363.02
 10
846.43
 20
362.02
 10
846.43
 20
360.72
 10
845.71
 20
359.71
 10
844.55
 20
359.28
 10
843.11
 20
359.28
 10
841.96
 20
359.71
 10
841.24
 20
360.72
  0
LWPOLYLINE
  5
13F3
330
17
100
AcDbEntity
  8
POLYLINES
100
AcDbPolyline
 90
13
 70
0
 10
848.73
 20
359.28
 10
848.73
 20
369.22
 10
851.47
 20
369.22
 10
852.47
 20
368.64
 10
853.34
 20
367.78
 10
853.63
 20
366.77
 10
854.06
 20
365.33
 10
854.06
 20
363.02
 10
853.63
 20
361.58
 10
853.34
 20
360.72
 10
852.47
 20
359.71
 10
851.47
 20
359.28
 10
848.73
 20
359.28
  0
LWPOLYLINE
  5
13F4
330
17
100
AcDbEntity
  8
POLYLINES
100
AcDbPolyline
 90
3
 70
0
 10
867.88
 20
366.19
 10
867.59
 20
365.04
 10
867.02
 20
363.74
  0
LWPOLYLINE
  5
13F5
330
17
100
AcDbEntity
  8
POLYLINES
100
AcDbPolyline
 90
3
 70
0
 10
866.73
 20
359.28
 10
867.88
 20
360.72
 10
868.6
 20
361.87
  0
LWPOLYLINE
  5
13F6
330
17
100
AcDbEntity
  8
POLYLINES
100
AcDbPolyline
 90
3
 70
0
 10
867.59
 20
363.02
 10
869.47
 20
359.42
 10
870.04
 20
359.42
  0
LWPOLYLINE
  5
13F7
330
17
100
AcDbEntity
  8
POLYLINES
100
AcDbPolyline
 90
5
 70
0
 10
868.75
 20
368.06
 10
868.75
 20
366.62
 10
868.89
 20
365.33
 10
869.18
 20
364.75
 10
870.04
 20
364.75
  0
LWPOLYLINE
  5
13F8
330
17
100
AcDbEntity
  8
POLYLINES
100
AcDbPolyline
 90
3
 70
0
 10
872.35
 20
366.19
 10
874.94
 20
363.02
 10
875.37
 20
363.17
  0
LWPOLYLINE
  5
13F9
330
17
100
AcDbEntity
  8
POLYLINES
100
AcDbPolyline
 90
4
 70
0
 10
874.22
 20
367.34
 10
873.07
 20
365.33
 10
871.77
 20
363.46
 10
870.62
 20
362.3
  0
LWPOLYLINE
  5
13FA
330
17
100
AcDbEntity
  8
POLYLINES
100
AcDbPolyline
 90
4
 70
0
 10
878.11
 20
364.46
 10
877.96
 20
362.59
 10
877.53
 20
360.72
 10
876.52
 20
359.42
  0
LWPOLYLINE
  5
13FB
330
17
100
AcDbEntity
  8
POLYLINES
100
AcDbPolyline
 90
4
 70
0
 10
877.1
 20
368.21
 10
877.1
 20
366.19
 10
876.81
 20
363.17
 10
875.95
 20
359.57
  0
LWPOLYLINE
  5
13FC
330
17
100
AcDbEntity
  8
POLYLINES
100
AcDbPolyline
 90
20
 70
0
 10
959.47
 20
367.78
 10
958.75
 20
368.64
 10
957.59
 20
369.22
 10
956.01
 20
369.22
 10
954.86
 20
368.64
 10
954.14
 20
367.78
 10
954.14
 20
366.77
 10
954.57
 20
365.9
 10
954.86
 20
365.33
 10
955.72
 20
364.9
 10
957.88
 20
363.89
 10
958.75
 20
363.46
 10
959.03
 20
363.02
 10
959.47
 20
362.02
 10
959.47
 20
360.72
 10
958.75
 20
359.71
 10
957.59
 20
359.28
 10
956.01
 20
359.28
 10
954.86
 20
359.71
 10
954.14
 20
360.72
  0
LWPOLYLINE
  5
13FD
330
17
100
AcDbEntity
  8
POLYLINES
100
AcDbPolyline
 90
15
 70
0
 10
962.49
 20
369.22
 10
966.67
 20
369.22
 10
964.36
 20
365.33
 10
965.51
 20
365.33
 10
966.23
 20
364.9
 10
966.67
 20
364.46
 10
966.95
 20
363.02
 10
966.95
 20
362.02
 10
966.67
 20
360.72
 10
965.8
 20
359.71
 10
964.79
 20
359.28
 10
963.64
 20
359.28
 10
962.49
 20
359.71
 10
962.06
 20
360.14
 10
961.77
 20
361.15
  0
LWPOLYLINE
  5
13FE
330
17
100
AcDbEntity
  8
POLYLINES
100
AcDbPolyline
 90
29
 70
0
 10
971.13
 20
369.22
 10
969.98
 20
368.64
 10
969.69
 20
367.78
 10
969.69
 20
366.77
 10
969.98
 20
365.9
 10
970.84
 20
365.33
 10
972.28
 20
364.9
 10
973.43
 20
364.46
 10
974.15
 20
363.46
 10
974.59
 20
362.59
 10
974.59
 20
361.15
 10
974.15
 20
360.14
 10
973.87
 20
359.71
 10
972.71
 20
359.28
 10
971.13
 20
359.28
 10
969.98
 20
359.71
 10
969.69
 20
360.14
 10
969.26
 20
361.15
 10
969.26
 20
362.59
 10
969.69
 20
363.46
 10
970.41
 20
364.46
 10
971.56
 20
364.9
 10
973.0
 20
365.33
 10
973.87
 20
365.9
 10
974.15
 20
366.77
 10
974.15
 20
367.78
 10
973.87
 20
368.64
 10
972.71
 20
369.22
 10
971.13
 20
369.22
  0
LWPOLYLINE
  5
13FF
330
17
100
AcDbEntity
  8
POLYLINES
100
AcDbPolyline
 90
17
 70
0
 10
981.35
 20
369.22
 10
977.61
 20
369.22
 10
977.18
 20
364.9
 10
977.61
 20
365.33
 10
978.76
 20
365.9
 10
979.91
 20
365.9
 10
980.92
 20
365.33
 10
981.79
 20
364.46
 10
982.07
 20
363.02
 10
982.07
 20
362.02
 10
981.79
 20
360.72
 10
980.92
 20
359.71
 10
979.91
 20
359.28
 10
978.76
 20
359.28
 10
977.61
 20
359.71
 10
977.18
 20
360.14
 10
976.89
 20
361.15
  0
LWPOLYLINE
  5
1400
330
17
100
AcDbEntity
  8
POLYLINES
100
AcDbPolyline
 90
3
 70
0
 10
1035.5
 20
367.49
 10
1036.94
 20
369.22
 10
1036.94
 20
359.28
  0
LWPOLYLINE
  5
1401
330
17
100
AcDbEntity
  8
POLYLINES
100
AcDbPolyline
 90
3
 70
0
 10
708.76
 20
342.0
 10
710.49
 20
343.58
 10
710.49
 20
333.79
  0
LWPOLYLINE
  5
1402
330
17
100
AcDbEntity
  8
POLYLINES
100
AcDbPolyline
 90
10
 70
0
 10
715.39
 20
342.0
 10
717.11
 20
343.58
 10
720.28
 20
343.58
 10
722.01
 20
342.0
 10
722.01
 20
340.27
 10
720.28
 20
338.69
 10
717.11
 20
338.69
 10
715.39
 20
336.96
 10
715.39
 20
333.79
 10
722.01
 20
333.79
  0
LWPOLYLINE
  5
1403
330
17
100
AcDbEntity
  8
POLYLINES
100
AcDbPolyline
 90
10
 70
0
 10
725.32
 20
342.0
 10
726.91
 20
343.58
 10
730.22
 20
343.58
 10
731.95
 20
342.0
 10
731.95
 20
340.27
 10
730.22
 20
338.69
 10
726.91
 20
338.69
 10
725.32
 20
336.96
 10
725.32
 20
333.79
 10
731.95
 20
333.79
  0
LWPOLYLINE
  5
1404
330
17
100
AcDbEntity
  8
POLYLINES
100
AcDbPolyline
 90
7
 70
0
 10
735.26
 20
333.79
 10
735.26
 20
343.58
 10
740.15
 20
343.58
 10
741.88
 20
342.0
 10
741.88
 20
340.27
 10
740.15
 20
338.69
 10
735.26
 20
338.69
  0
LWPOLYLINE
  5
1405
330
17
100
AcDbEntity
  8
POLYLINES
100
AcDbPolyline
 90
3
 70
0
 10
824.97
 20
337.82
 10
824.39
 20
335.52
 10
825.83
 20
334.51
  0
LWPOLYLINE
  5
1406
330
17
100
AcDbEntity
  8
POLYLINES
100
AcDbPolyline
 90
4
 70
0
 10
825.69
 20
337.68
 10
825.4
 20
335.81
 10
824.83
 20
334.51
 10
824.11
 20
333.79
  0
LWPOLYLINE
  5
1407
330
17
100
AcDbEntity
  8
POLYLINES
100
AcDbPolyline
 90
4
 70
0
 10
826.84
 20
342.72
 10
826.7
 20
340.7
 10
826.41
 20
339.55
 10
825.98
 20
337.54
  0
LWPOLYLINE
  5
1408
330
17
100
AcDbEntity
  8
POLYLINES
100
AcDbPolyline
 90
4
 70
0
 10
827.27
 20
339.7
 10
827.13
 20
336.96
 10
826.55
 20
335.23
 10
825.55
 20
333.5
  0
LWPOLYLINE
  5
1409
330
17
100
AcDbEntity
  8
POLYLINES
100
AcDbPolyline
 90
3
 70
0
 10
826.12
 20
338.4
 10
827.42
 20
333.94
 10
828.28
 20
333.94
  0
LWPOLYLINE
  5
140A
330
17
100
AcDbEntity
  8
POLYLINES
100
AcDbPolyline
 90
5
 70
0
 10
831.45
 20
338.69
 10
831.59
 20
336.96
 10
831.59
 20
335.23
 10
831.31
 20
333.65
 10
830.44
 20
334.8
  0
LWPOLYLINE
  5
140B
330
17
100
AcDbEntity
  8
POLYLINES
100
AcDbPolyline
 90
3
 70
0
 10
837.5
 20
334.94
 10
838.94
 20
335.09
 10
838.79
 20
336.96
  0
LWPOLYLINE
  5
140C
330
17
100
AcDbEntity
  8
POLYLINES
100
AcDbPolyline
 90
3
 70
0
 10
837.07
 20
339.26
 10
837.07
 20
335.52
 10
837.5
 20
334.94
  0
LWPOLYLINE
  5
140D
330
17
100
AcDbEntity
  8
POLYLINES
100
AcDbPolyline
 90
3
 70
0
 10
835.19
 20
341.86
 10
835.19
 20
339.41
 10
834.91
 20
337.39
  0
LWPOLYLINE
  5
140E
330
17
100
AcDbEntity
  8
POLYLINES
100
AcDbPolyline
 90
3
 70
0
 10
842.83
 20
335.95
 10
843.98
 20
333.94
 10
843.98
 20
335.95
  0
LWPOLYLINE
  5
140F
330
17
100
AcDbEntity
  8
POLYLINES
100
AcDbPolyline
 90
3
 70
0
 10
842.11
 20
342.86
 10
842.25
 20
338.11
 10
842.83
 20
335.95
  0
LWPOLYLINE
  5
1410
330
17
100
AcDbEntity
  8
POLYLINES
100
AcDbPolyline
 90
3
 70
0
 10
843.4
 20
338.11
 10
842.68
 20
336.53
 10
841.1
 20
334.51
  0
LWPOLYLINE
  5
1411
330
17
100
AcDbEntity
  8
POLYLINES
100
AcDbPolyline
 90
3
 70
0
 10
847.15
 20
341.42
 10
846.57
 20
338.26
 10
846.14
 20
339.41
  0
LWPOLYLINE
  5
1412
330
17
100
AcDbEntity
  8
POLYLINES
100
AcDbPolyline
 90
3
 70
0
 10
847.29
 20
337.1
 10
848.59
 20
334.37
 10
849.31
 20
334.37
  0
LWPOLYLINE
  5
1413
330
17
100
AcDbEntity
  8
POLYLINES
100
AcDbPolyline
 90
3
 70
0
 10
845.99
 20
340.85
 10
845.56
 20
339.26
 10
844.84
 20
337.54
  0
LWPOLYLINE
  5
1414
330
17
100
AcDbEntity
  8
POLYLINES
100
AcDbPolyline
 90
4
 70
0
 10
859.53
 20
341.71
 10
860.25
 20
342.29
 10
861.4
 20
343.58
 10
861.4
 20
333.79
  0
LWPOLYLINE
  5
1415
330
17
100
AcDbEntity
  8
POLYLINES
100
AcDbPolyline
 90
13
 70
0
 10
932.54
 20
333.79
 10
932.54
 20
343.58
 10
935.13
 20
343.58
 10
936.28
 20
343.15
 10
937.0
 20
342.29
 10
937.43
 20
341.28
 10
937.87
 20
339.84
 10
937.87
 20
337.54
 10
937.43
 20
336.1
 10
937.0
 20
335.09
 10
936.28
 20
334.22
 10
935.13
 20
333.79
 10
932.54
 20
333.79
  0
LWPOLYLINE
  5
1416
330
17
100
AcDbEntity
  8
POLYLINES
100
AcDbPolyline
 90
13
 70
0
 10
940.46
 20
333.79
 10
940.46
 20
343.58
 10
943.05
 20
343.58
 10
944.2
 20
343.15
 10
944.92
 20
342.29
 10
945.35
 20
341.28
 10
945.79
 20
339.84
 10
945.79
 20
337.54
 10
945.35
 20
336.1
 10
944.92
 20
335.09
 10
944.2
 20
334.22
 10
943.05
 20
333.79
 10
940.46
 20
333.79
  0
LWPOLYLINE
  5
1417
330
17
100
AcDbEntity
  8
POLYLINES
100
AcDbPolyline
 90
3
 70
0
 10
948.38
 20
333.79
 10
948.38
 20
343.58
 10
953.27
 20
343.58
  0
LWPOLYLINE
  5
1418
330
17
100
AcDbEntity
  8
POLYLINES
100
AcDbPolyline
 90
3
 70
0
 10
959.91
 20
342.09
 10
959.66
 20
335.25
 10
959.99
 20
334.86
  0
LWPOLYLINE
  5
1419
330
17
100
AcDbEntity
  8
POLYLINES
100
AcDbPolyline
 90
4
 70
0
 10
960.47
 20
341.71
 10
961.19
 20
342.29
 10
962.35
 20
343.58
 10
962.35
 20
333.79
  0
LWPOLYLINE
  5
141A
330
17
100
AcDbEntity
  8
POLYLINES
100
AcDbPolyline
 90
23
 70
0
 10
971.13
 20
342.29
 10
970.7
 20
343.15
 10
969.55
 20
343.58
 10
968.83
 20
343.58
 10
967.67
 20
343.15
 10
966.95
 20
341.71
 10
966.52
 20
339.41
 10
966.52
 20
336.96
 10
966.95
 20
335.09
 10
967.67
 20
334.22
 10
968.83
 20
333.79
 10
969.11
 20
333.79
 10
970.27
 20
334.22
 10
971.13
 20
335.09
 10
971.42
 20
336.53
 10
971.42
 20
336.96
 10
971.13
 20
338.4
 10
970.27
 20
339.41
 10
969.11
 20
339.84
 10
968.83
 20
339.84
 10
967.67
 20
339.41
 10
966.95
 20
338.4
 10
966.52
 20
336.96
  0
LWPOLYLINE
  5
141B
330
17
100
AcDbEntity
  8
POLYLINES
100
AcDbPolyline
 90
17
 70
0
 10
976.31
 20
343.58
 10
975.16
 20
343.15
 10
974.44
 20
341.71
 10
974.15
 20
339.41
 10
974.15
 20
337.97
 10
974.44
 20
335.66
 10
975.16
 20
334.22
 10
976.31
 20
333.79
 10
977.18
 20
333.79
 10
978.19
 20
334.22
 10
979.05
 20
335.66
 10
979.34
 20
337.97
 10
979.34
 20
339.41
 10
979.05
 20
341.71
 10
978.19
 20
343.15
 10
977.18
 20
343.58
 10
976.31
 20
343.58
  0
LWPOLYLINE
  5
141C
330
17
100
AcDbEntity
  8
POLYLINES
100
AcDbPolyline
 90
3
 70
0
 10
984.67
 20
338.11
 10
984.67
 20
333.65
 10
983.95
 20
334.51
  0
LWPOLYLINE
  5
141D
330
17
100
AcDbEntity
  8
POLYLINES
100
AcDbPolyline
 90
4
 70
0
 10
989.99
 20
338.11
 10
989.71
 20
336.38
 10
989.42
 20
335.09
 10
988.12
 20
333.65
  0
LWPOLYLINE
  5
141E
330
17
100
AcDbEntity
  8
POLYLINES
100
AcDbPolyline
 90
5
 70
0
 10
990.71
 20
338.4
 10
990.71
 20
334.37
 10
991.0
 20
333.94
 10
992.01
 20
333.94
 10
991.87
 20
335.81
  0
LWPOLYLINE
  5
141F
330
17
100
AcDbEntity
  8
POLYLINES
100
AcDbPolyline
 90
3
 70
0
 10
992.81
 20
334.86
 10
993.21
 20
341.69
 10
992.89
 20
342.09
  0
LWPOLYLINE
  5
1420
330
17
100
AcDbEntity
  8
POLYLINES
100
AcDbPolyline
 90
3
 70
0
 10
1035.5
 20
342.0
 10
1036.94
 20
343.58
 10
1036.94
 20
333.79
  0
LWPOLYLINE
  5
1421
330
17
100
AcDbEntity
  8
POLYLINES
100
AcDbPolyline
 90
5
 70
0
 10
1111.24
 20
343.58
 10
1111.39
 20
343.15
 10
1111.24
 20
340.13
 10
1111.24
 20
340.56
 10
1111.24
 20
341.14
  0
LINE
  5
1422
330
17
100
AcDbEntity
  8
LINES
100
AcDbLine
 10
1109.59
 20
341.93
 30
0.0
 11
1107.57
 21
339.7
 31
0.0
  0
LWPOLYLINE
  5
1423
330
17
100
AcDbEntity
  8
POLYLINES
100
AcDbPolyline
 90
4
 70
0
 10
1113.4
 20
342.14
 10
1114.7
 20
340.99
 10
1115.27
 20
340.56
 10
1115.42
 20
340.13
  0
LWPOLYLINE
  5
1424
330
17
100
AcDbEntity
  8
POLYLINES
100
AcDbPolyline
 90
7
 70
0
 10
1113.11
 20
341.42
 10
1112.68
 20
340.85
 10
1110.95
 20
339.55
 10
1109.66
 20
338.54
 10
1108.36
 20
337.82
 10
1107.21
 20
337.25
 10
1106.2
 20
336.82
  0
LWPOLYLINE
  5
1425
330
17
100
AcDbEntity
  8
POLYLINES
100
AcDbPolyline
 90
12
 70
0
 10
1109.08
 20
337.82
 10
1109.08
 20
337.54
 10
1109.23
 20
335.81
 10
1109.23
 20
334.51
 10
1109.23
 20
332.5
 10
1109.23
 20
332.93
 10
1113.11
 20
333.22
 10
1113.4
 20
332.5
 10
1113.4
 20
333.94
 10
1113.69
 20
338.54
 10
1113.83
 20
338.26
 10
1109.08
 20
337.68
  0
LWPOLYLINE
  5
1426
330
17
100
AcDbEntity
  8
POLYLINES
100
AcDbPolyline
 90
6
 70
0
 10
1118.01
 20
343.3
 10
1118.15
 20
342.43
 10
1118.3
 20
335.23
 10
1118.3
 20
333.36
 10
1118.15
 20
333.94
 10
1118.3
 20
334.8
  0
LWPOLYLINE
  5
1427
330
17
100
AcDbEntity
  8
POLYLINES
100
AcDbPolyline
 90
10
 70
0
 10
1118.3
 20
342.29
 10
1118.44
 20
342.43
 10
1125.79
 20
343.01
 10
1125.5
 20
343.3
 10
1125.5
 20
342.58
 10
1125.5
 20
335.81
 10
1125.35
 20
333.5
 10
1125.35
 20
332.64
 10
1123.48
 20
334.51
 10
1125.21
 20
332.93
  0
LWPOLYLINE
  5
1428
330
17
100
AcDbEntity
  8
POLYLINES
100
AcDbPolyline
 90
3
 70
0
 10
1119.31
 20
340.42
 10
1121.32
 20
337.68
 10
1121.47
 20
337.25
  0
LWPOLYLINE
  5
1429
330
17
100
AcDbEntity
  8
POLYLINES
100
AcDbPolyline
 90
5
 70
0
 10
1121.03
 20
341.28
 10
1121.18
 20
340.7
 10
1120.6
 20
338.54
 10
1119.88
 20
337.1
 10
1119.02
 20
335.66
  0
LWPOLYLINE
  5
142A
330
17
100
AcDbEntity
  8
POLYLINES
100
AcDbPolyline
 90
3
 70
0
 10
1122.19
 20
340.42
 10
1124.06
 20
337.25
 10
1124.2
 20
336.53
  0
LWPOLYLINE
  5
142B
330
17
100
AcDbEntity
  8
POLYLINES
100
AcDbPolyline
 90
6
 70
0
 10
1123.91
 20
341.71
 10
1123.91
 20
341.14
 10
1123.48
 20
339.7
 10
1122.62
 20
337.54
 10
1121.75
 20
336.24
 10
1121.03
 20
335.38
  0
LWPOLYLINE
  5
142C
330
17
100
AcDbEntity
  8
POLYLINES
100
AcDbPolyline
 90
3
 70
0
 10
708.76
 20
316.51
 10
710.49
 20
318.1
 10
710.49
 20
308.16
  0
LWPOLYLINE
  5
142D
330
17
100
AcDbEntity
  8
POLYLINES
100
AcDbPolyline
 90
10
 70
0
 10
715.39
 20
316.51
 10
717.11
 20
318.1
 10
720.28
 20
318.1
 10
722.01
 20
316.51
 10
722.01
 20
314.78
 10
720.28
 20
313.2
 10
717.11
 20
313.2
 10
715.39
 20
311.47
 10
715.39
 20
308.16
 10
722.01
 20
308.16
  0
LWPOLYLINE
  5
142E
330
17
100
AcDbEntity
  8
POLYLINES
100
AcDbPolyline
 90
7
 70
0
 10
725.32
 20
316.51
 10
726.91
 20
318.1
 10
730.22
 20
318.1
 10
731.95
 20
316.51
 10
731.95
 20
314.78
 10
730.22
 20
313.2
 10
728.63
 20
313.2
  0
LWPOLYLINE
  5
142F
330
17
100
AcDbEntity
  8
POLYLINES
100
AcDbPolyline
 90
6
 70
0
 10
730.22
 20
313.2
 10
731.95
 20
311.47
 10
731.95
 20
309.89
 10
730.22
 20
308.16
 10
726.91
 20
308.16
 10
725.32
 20
309.89
  0
LWPOLYLINE
  5
1430
330
17
100
AcDbEntity
  8
POLYLINES
100
AcDbPolyline
 90
7
 70
0
 10
735.26
 20
308.16
 10
735.26
 20
318.1
 10
740.15
 20
318.1
 10
741.88
 20
316.51
 10
741.88
 20
314.78
 10
740.15
 20
313.2
 10
735.26
 20
313.2
  0
LWPOLYLINE
  5
1431
330
17
100
AcDbEntity
  8
POLYLINES
100
AcDbPolyline
 90
3
 70
0
 10
822.52
 20
315.5
 10
820.51
 20
312.91
 10
819.07
 20
311.62
  0
LWPOLYLINE
  5
1432
330
17
100
AcDbEntity
  8
POLYLINES
100
AcDbPolyline
 90
3
 70
0
 10
828.43
 20
317.23
 10
828.43
 20
308.45
 10
827.71
 20
309.74
  0
LWPOLYLINE
  5
1433
330
17
100
AcDbEntity
  8
POLYLINES
100
AcDbPolyline
 90
4
 70
0
 10
832.31
 20
313.63
 10
832.31
 20
308.88
 10
832.75
 20
308.59
 10
834.04
 20
308.59
  0
LWPOLYLINE
  5
1434
330
17
100
AcDbEntity
  8
POLYLINES
100
AcDbPolyline
 90
4
 70
0
 10
829.72
 20
308.16
 10
830.44
 20
309.02
 10
831.16
 20
310.9
 10
831.74
 20
313.34
  0
LWPOLYLINE
  5
1435
330
17
100
AcDbEntity
  8
POLYLINES
100
AcDbPolyline
 90
7
 70
0
 10
837.21
 20
317.52
 10
837.21
 20
309.6
 10
837.21
 20
309.17
 10
837.35
 20
308.88
 10
837.79
 20
308.59
 10
839.66
 20
308.59
 10
839.37
 20
310.75
  0
LWPOLYLINE
  5
1436
330
17
100
AcDbEntity
  8
POLYLINES
100
AcDbPolyline
 90
4
 70
0
 10
848.3
 20
314.78
 10
847.87
 20
313.2
 10
847.43
 20
311.62
 10
846.71
 20
310.03
  0
LWPOLYLINE
  5
1437
330
17
100
AcDbEntity
  8
POLYLINES
100
AcDbPolyline
 90
3
 70
0
 10
848.59
 20
314.78
 10
850.17
 20
310.61
 10
850.46
 20
310.61
  0
LWPOLYLINE
  5
1438
330
17
100
AcDbEntity
  8
POLYLINES
100
AcDbPolyline
 90
3
 70
0
 10
853.34
 20
315.22
 10
853.05
 20
314.06
 10
852.47
 20
312.77
  0
LWPOLYLINE
  5
1439
330
17
100
AcDbEntity
  8
POLYLINES
100
AcDbPolyline
 90
3
 70
0
 10
852.19
 20
308.3
 10
853.34
 20
309.6
 10
854.06
 20
310.9
  0
LWPOLYLINE
  5
143A
330
17
100
AcDbEntity
  8
POLYLINES
100
AcDbPolyline
 90
3
 70
0
 10
853.05
 20
312.05
 10
854.78
 20
308.45
 10
855.5
 20
308.45
  0
LWPOLYLINE
  5
143B
330
17
100
AcDbEntity
  8
POLYLINES
100
AcDbPolyline
 90
5
 70
0
 10
854.2
 20
316.94
 10
854.2
 20
315.65
 10
854.35
 20
314.35
 10
854.63
 20
313.78
 10
855.35
 20
313.78
  0
LWPOLYLINE
  5
143C
330
17
100
AcDbEntity
  8
POLYLINES
100
AcDbPolyline
 90
3
 70
0
 10
857.8
 20
315.07
 10
860.39
 20
312.05
 10
860.83
 20
312.19
  0
LWPOLYLINE
  5
143D
330
17
100
AcDbEntity
  8
POLYLINES
100
AcDbPolyline
 90
4
 70
0
 10
859.67
 20
316.37
 10
858.52
 20
314.35
 10
857.23
 20
312.48
 10
856.07
 20
311.33
  0
LWPOLYLINE
  5
143E
330
17
100
AcDbEntity
  8
POLYLINES
100
AcDbPolyline
 90
4
 70
0
 10
863.56
 20
313.34
 10
863.42
 20
311.47
 10
862.99
 20
309.6
 10
861.98
 20
308.45
  0
LWPOLYLINE
  5
143F
330
17
100
AcDbEntity
  8
POLYLINES
100
AcDbPolyline
 90
4
 70
0
 10
862.55
 20
317.23
 10
862.55
 20
315.22
 10
862.27
 20
312.19
 10
861.4
 20
308.59
  0
LWPOLYLINE
  5
1440
330
17
100
AcDbEntity
  8
POLYLINES
100
AcDbPolyline
 90
5
 70
0
 10
928.22
 20
308.16
 10
928.22
 20
318.1
 10
931.24
 20
308.16
 10
934.27
 20
318.1
 10
934.27
 20
308.16
  0
LWPOLYLINE
  5
1441
330
17
100
AcDbEntity
  8
POLYLINES
100
AcDbPolyline
 90
13
 70
0
 10
937.29
 20
308.16
 10
937.29
 20
318.1
 10
939.88
 20
318.1
 10
941.03
 20
317.66
 10
941.75
 20
316.66
 10
942.19
 20
315.79
 10
942.62
 20
314.35
 10
942.62
 20
312.05
 10
942.19
 20
310.61
 10
941.75
 20
309.6
 10
941.03
 20
308.74
 10
939.88
 20
308.16
 10
937.29
 20
308.16
  0
LWPOLYLINE
  5
1442
330
17
100
AcDbEntity
  8
POLYLINES
100
AcDbPolyline
 90
11
 70
0
 10
945.21
 20
308.16
 10
945.21
 20
318.1
 10
948.67
 20
318.1
 10
949.67
 20
317.66
 10
950.11
 20
317.23
 10
950.54
 20
316.22
 10
950.54
 20
314.78
 10
950.11
 20
313.92
 10
949.67
 20
313.34
 10
948.67
 20
312.91
 10
945.21
 20
312.91
  0
LWPOLYLINE
  5
1443
330
17
100
AcDbEntity
  8
POLYLINES
100
AcDbPolyline
 90
15
 70
0
 10
963.64
 20
318.1
 10
967.82
 20
318.1
 10
965.66
 20
314.35
 10
966.67
 20
314.35
 10
967.53
 20
313.92
 10
967.82
 20
313.34
 10
968.25
 20
312.05
 10
968.25
 20
311.04
 10
967.82
 20
309.6
 10
967.1
 20
308.74
 10
965.95
 20
308.16
 10
964.79
 20
308.16
 10
963.64
 20
308.74
 10
963.35
 20
309.17
 10
962.92
 20
310.03
  0
LWPOLYLINE
  5
1444
330
17
100
AcDbEntity
  8
POLYLINES
100
AcDbPolyline
 90
17
 70
0
 10
972.71
 20
318.1
 10
971.71
 20
317.66
 10
970.84
 20
316.22
 10
970.55
 20
313.92
 10
970.55
 20
312.48
 10
970.84
 20
310.03
 10
971.71
 20
308.74
 10
972.71
 20
308.16
 10
973.58
 20
308.16
 10
974.73
 20
308.74
 10
975.45
 20
310.03
 10
975.74
 20
312.48
 10
975.74
 20
313.92
 10
975.45
 20
316.22
 10
974.73
 20
317.66
 10
973.58
 20
318.1
 10
972.71
 20
318.1
  0
LWPOLYLINE
  5
1445
330
17
100
AcDbEntity
  8
POLYLINES
100
AcDbPolyline
 90
17
 70
0
 10
980.35
 20
318.1
 10
979.19
 20
317.66
 10
978.47
 20
316.22
 10
978.04
 20
313.92
 10
978.04
 20
312.48
 10
978.47
 20
310.03
 10
979.19
 20
308.74
 10
980.35
 20
308.16
 10
981.07
 20
308.16
 10
982.22
 20
308.74
 10
982.94
 20
310.03
 10
983.37
 20
312.48
 10
983.37
 20
313.92
 10
982.94
 20
316.22
 10
982.22
 20
317.66
 10
981.07
 20
318.1
 10
980.35
 20
318.1
  0
LWPOLYLINE
  5
1446
330
17
100
AcDbEntity
  8
POLYLINES
100
AcDbPolyline
 90
17
 70
0
 10
987.83
 20
318.1
 10
986.83
 20
317.66
 10
985.96
 20
316.22
 10
985.67
 20
313.92
 10
985.67
 20
312.48
 10
985.96
 20
310.03
 10
986.83
 20
308.74
 10
987.83
 20
308.16
 10
988.7
 20
308.16
 10
989.85
 20
308.74
 10
990.57
 20
310.03
 10
990.86
 20
312.48
 10
990.86
 20
313.92
 10
990.57
 20
316.22
 10
989.85
 20
317.66
 10
988.7
 20
318.1
 10
987.83
 20
318.1
  0
LWPOLYLINE
  5
1447
330
17
100
AcDbEntity
  8
POLYLINES
100
AcDbPolyline
 90
13
 70
0
 10
993.16
 20
308.16
 10
993.16
 20
318.1
 10
995.9
 20
318.1
 10
996.91
 20
317.66
 10
997.77
 20
316.66
 10
998.06
 20
315.79
 10
998.49
 20
314.35
 10
998.49
 20
312.05
 10
998.06
 20
310.61
 10
997.77
 20
309.6
 10
996.91
 20
308.74
 10
995.9
 20
308.16
 10
993.16
 20
308.16
  0
LWPOLYLINE
  5
1448
330
17
100
AcDbEntity
  8
POLYLINES
100
AcDbPolyline
 90
3
 70
0
 10
1035.5
 20
316.51
 10
1036.94
 20
318.1
 10
1036.94
 20
308.16
  0
LWPOLYLINE
  5
1449
330
17
100
AcDbEntity
  8
POLYLINES
100
AcDbPolyline
 90
3
 70
0
 10
708.76
 20
294.77
 10
710.49
 20
296.35
 10
710.49
 20
286.42
  0
LWPOLYLINE
  5
144A
330
17
100
AcDbEntity
  8
POLYLINES
100
AcDbPolyline
 90
10
 70
0
 10
715.39
 20
294.77
 10
717.11
 20
296.35
 10
720.28
 20
296.35
 10
722.01
 20
294.77
 10
722.01
 20
293.04
 10
720.28
 20
291.46
 10
717.11
 20
291.46
 10
715.39
 20
289.73
 10
715.39
 20
286.42
 10
722.01
 20
286.42
  0
LWPOLYLINE
  5
144B
330
17
100
AcDbEntity
  8
POLYLINES
100
AcDbPolyline
 90
4
 70
0
 10
731.95
 20
289.73
 10
725.32
 20
289.73
 10
730.22
 20
296.35
 10
730.22
 20
286.42
  0
LWPOLYLINE
  5
144C
330
17
100
AcDbEntity
  8
POLYLINES
100
AcDbPolyline
 90
7
 70
0
 10
735.26
 20
286.42
 10
735.26
 20
296.35
 10
740.15
 20
296.35
 10
741.88
 20
294.77
 10
741.88
 20
293.04
 10
740.15
 20
291.46
 10
735.26
 20
291.46
  0
LWPOLYLINE
  5
144D
330
17
100
AcDbEntity
  8
POLYLINES
100
AcDbPolyline
 90
3
 70
0
 10
838.22
 20
287.71
 10
839.66
 20
287.86
 10
839.37
 20
289.73
  0
LWPOLYLINE
  5
144E
330
17
100
AcDbEntity
  8
POLYLINES
100
AcDbPolyline
 90
3
 70
0
 10
837.64
 20
292.03
 10
837.64
 20
288.29
 10
838.22
 20
287.71
  0
LWPOLYLINE
  5
144F
330
17
100
AcDbEntity
  8
POLYLINES
100
AcDbPolyline
 90
3
 70
0
 10
835.91
 20
294.62
 10
835.91
 20
292.18
 10
835.63
 20
290.16
  0
LWPOLYLINE
  5
1450
330
17
100
AcDbEntity
  8
POLYLINES
100
AcDbPolyline
 90
3
 70
0
 10
843.55
 20
287.71
 10
844.84
 20
287.86
 10
844.7
 20
289.73
  0
LWPOLYLINE
  5
1451
330
17
100
AcDbEntity
  8
POLYLINES
100
AcDbPolyline
 90
3
 70
0
 10
842.97
 20
292.03
 10
842.97
 20
288.29
 10
843.55
 20
287.71
  0
LWPOLYLINE
  5
1452
330
17
100
AcDbEntity
  8
POLYLINES
100
AcDbPolyline
 90
3
 70
0
 10
841.1
 20
294.62
 10
841.1
 20
292.18
 10
840.95
 20
290.16
  0
LWPOLYLINE
  5
1453
330
17
100
AcDbEntity
  8
POLYLINES
100
AcDbPolyline
 90
3
 70
0
 10
848.87
 20
288.72
 10
850.03
 20
286.7
 10
850.03
 20
288.72
  0
LWPOLYLINE
  5
1454
330
17
100
AcDbEntity
  8
POLYLINES
100
AcDbPolyline
 90
3
 70
0
 10
848.01
 20
295.63
 10
848.3
 20
290.88
 10
848.87
 20
288.72
  0
LWPOLYLINE
  5
1455
330
17
100
AcDbEntity
  8
POLYLINES
100
AcDbPolyline
 90
3
 70
0
 10
849.45
 20
290.88
 10
848.73
 20
289.3
 10
847.15
 20
287.14
  0
LWPOLYLINE
  5
1456
330
17
100
AcDbEntity
  8
POLYLINES
100
AcDbPolyline
 90
3
 70
0
 10
853.05
 20
294.19
 10
852.47
 20
291.02
 10
852.04
 20
292.18
  0
LWPOLYLINE
  5
1457
330
17
100
AcDbEntity
  8
POLYLINES
100
AcDbPolyline
 90
3
 70
0
 10
853.19
 20
289.87
 10
854.63
 20
287.14
 10
855.35
 20
287.14
  0
LWPOLYLINE
  5
1458
330
17
100
AcDbEntity
  8
POLYLINES
100
AcDbPolyline
 90
3
 70
0
 10
852.04
 20
293.62
 10
851.47
 20
291.89
 10
850.89
 20
290.3
  0
LWPOLYLINE
  5
1459
330
17
100
AcDbEntity
  8
POLYLINES
100
AcDbPolyline
 90
3
 70
0
 10
934.55
 20
296.35
 10
937.58
 20
286.42
 10
940.6
 20
296.35
  0
LWPOLYLINE
  5
145A
330
17
100
AcDbEntity
  8
POLYLINES
100
AcDbPolyline
 90
13
 70
0
 10
942.19
 20
286.42
 10
942.19
 20
296.35
 10
944.78
 20
296.35
 10
945.93
 20
295.92
 10
946.65
 20
294.91
 10
947.08
 20
294.05
 10
947.51
 20
292.61
 10
947.51
 20
290.3
 10
947.08
 20
288.86
 10
946.65
 20
287.86
 10
945.93
 20
286.99
 10
944.78
 20
286.42
 10
942.19
 20
286.42
  0
LWPOLYLINE
  5
145B
330
17
100
AcDbEntity
  8
POLYLINES
100
AcDbPolyline
 90
3
 70
0
 10
950.11
 20
286.42
 10
950.11
 20
296.35
 10
955.0
 20
296.35
  0
LWPOLYLINE
  5
145C
330
17
100
AcDbEntity
  8
POLYLINES
100
AcDbPolyline
 90
3
 70
0
 10
961.61
 20
294.85
 10
961.37
 20
288.01
 10
961.69
 20
287.62
  0
LWPOLYLINE
  5
145D
330
17
100
AcDbEntity
  8
POLYLINES
100
AcDbPolyline
 90
14
 70
0
 10
962.63
 20
294.05
 10
962.63
 20
294.48
 10
962.92
 20
295.49
 10
963.35
 20
295.92
 10
964.07
 20
296.35
 10
965.66
 20
296.35
 10
966.38
 20
295.92
 10
966.67
 20
295.49
 10
967.1
 20
294.48
 10
967.1
 20
293.62
 10
966.67
 20
292.61
 10
965.95
 20
291.17
 10
962.2
 20
286.42
 10
967.53
 20
286.42
  0
LWPOLYLINE
  5
145E
330
17
100
AcDbEntity
  8
POLYLINES
100
AcDbPolyline
 90
17
 70
0
 10
971.99
 20
296.35
 10
970.84
 20
295.92
 10
970.12
 20
294.48
 10
969.69
 20
292.18
 10
969.69
 20
290.74
 10
970.12
 20
288.43
 10
970.84
 20
286.99
 10
971.99
 20
286.42
 10
972.71
 20
286.42
 10
973.87
 20
286.99
 10
974.73
 20
288.43
 10
975.02
 20
290.74
 10
975.02
 20
292.18
 10
974.73
 20
294.48
 10
973.87
 20
295.92
 10
972.71
 20
296.35
 10
971.99
 20
296.35
  0
LWPOLYLINE
  5
145F
330
17
100
AcDbEntity
  8
POLYLINES
100
AcDbPolyline
 90
17
 70
0
 10
979.63
 20
296.35
 10
978.47
 20
295.92
 10
977.61
 20
294.48
 10
977.32
 20
292.18
 10
977.32
 20
290.74
 10
977.61
 20
288.43
 10
978.47
 20
286.99
 10
979.63
 20
286.42
 10
980.35
 20
286.42
 10
981.5
 20
286.99
 10
982.22
 20
288.43
 10
982.65
 20
290.74
 10
982.65
 20
292.18
 10
982.22
 20
294.48
 10
981.5
 20
295.92
 10
980.35
 20
296.35
 10
979.63
 20
296.35
  0
LWPOLYLINE
  5
1460
330
17
100
AcDbEntity
  8
POLYLINES
100
AcDbPolyline
 90
3
 70
0
 10
985.96
 20
287.86
 10
988.99
 20
288.14
 10
989.13
 20
287.42
  0
LWPOLYLINE
  5
1461
330
17
100
AcDbEntity
  8
POLYLINES
100
AcDbPolyline
 90
3
 70
0
 10
990.73
 20
287.62
 10
991.13
 20
294.45
 10
990.82
 20
294.85
  0
LWPOLYLINE
  5
1462
330
17
100
AcDbEntity
  8
POLYLINES
100
AcDbPolyline
 90
3
 70
0
 10
1035.5
 20
294.77
 10
1036.94
 20
296.35
 10
1036.94
 20
286.42
  0
LWPOLYLINE
  5
1463
330
17
100
AcDbEntity
  8
POLYLINES
100
AcDbPolyline
 90
3
 70
0
 10
708.76
 20
264.82
 10
710.49
 20
266.4
 10
710.49
 20
256.46
  0
LWPOLYLINE
  5
1464
330
17
100
AcDbEntity
  8
POLYLINES
100
AcDbPolyline
 90
10
 70
0
 10
715.39
 20
264.82
 10
717.11
 20
266.4
 10
720.28
 20
266.4
 10
722.01
 20
264.82
 10
722.01
 20
263.09
 10
720.28
 20
261.5
 10
717.11
 20
261.5
 10
715.39
 20
259.78
 10
715.39
 20
256.46
 10
722.01
 20
256.46
  0
LWPOLYLINE
  5
1465
330
17
100
AcDbEntity
  8
POLYLINES
100
AcDbPolyline
 90
9
 70
0
 10
725.32
 20
258.19
 10
726.91
 20
256.46
 10
730.22
 20
256.46
 10
731.95
 20
258.19
 10
731.95
 20
261.5
 10
730.22
 20
263.09
 10
725.32
 20
263.09
 10
725.32
 20
266.4
 10
731.95
 20
266.4
  0
LWPOLYLINE
  5
1466
330
17
100
AcDbEntity
  8
POLYLINES
100
AcDbPolyline
 90
7
 70
0
 10
735.26
 20
256.46
 10
735.26
 20
266.4
 10
740.15
 20
266.4
 10
741.88
 20
264.82
 10
741.88
 20
263.09
 10
740.15
 20
261.5
 10
735.26
 20
261.5
  0
LWPOLYLINE
  5
1467
330
17
100
AcDbEntity
  8
POLYLINES
100
AcDbPolyline
 90
5
 70
0
 10
819.93
 20
263.52
 10
819.93
 20
257.33
 10
820.07
 20
256.75
 10
822.23
 20
256.9
 10
822.09
 20
258.77
  0
LWPOLYLINE
  5
1468
330
17
100
AcDbEntity
  8
POLYLINES
100
AcDbPolyline
 90
3
 70
0
 10
821.95
 20
262.66
 10
821.37
 20
258.48
 10
821.08
 20
259.34
  0
LWPOLYLINE
  5
1469
330
17
100
AcDbEntity
  8
POLYLINES
100
AcDbPolyline
 90
3
 70
0
 10
826.99
 20
265.54
 10
826.99
 20
256.75
 10
826.27
 20
258.05
  0
LWPOLYLINE
  5
146A
330
17
100
AcDbEntity
  8
POLYLINES
100
AcDbPolyline
 90
20
 70
0
 10
833.18
 20
264.96
 10
832.46
 20
265.97
 10
831.31
 20
266.4
 10
829.72
 20
266.4
 10
828.71
 20
265.97
 10
827.85
 20
264.96
 10
827.85
 20
264.1
 10
828.28
 20
263.09
 10
828.71
 20
262.66
 10
829.43
 20
262.08
 10
831.74
 20
261.22
 10
832.46
 20
260.78
 10
832.75
 20
260.21
 10
833.18
 20
259.34
 10
833.18
 20
257.9
 10
832.46
 20
256.9
 10
831.31
 20
256.46
 10
829.72
 20
256.46
 10
828.71
 20
256.9
 10
827.85
 20
257.9
  0
LWPOLYLINE
  5
146B
330
17
100
AcDbEntity
  8
POLYLINES
100
AcDbPolyline
 90
13
 70
0
 10
835.48
 20
256.46
 10
835.48
 20
266.4
 10
838.07
 20
266.4
 10
839.23
 20
265.97
 10
839.95
 20
264.96
 10
840.38
 20
264.1
 10
840.81
 20
262.66
 10
840.81
 20
260.21
 10
840.38
 20
258.91
 10
839.95
 20
257.9
 10
839.23
 20
256.9
 10
838.07
 20
256.46
 10
835.48
 20
256.46
  0
LWPOLYLINE
  5
146C
330
17
100
AcDbEntity
  8
POLYLINES
100
AcDbPolyline
 90
3
 70
0
 10
854.49
 20
263.52
 10
854.2
 20
262.22
 10
853.77
 20
261.07
  0
LWPOLYLINE
  5
146D
330
17
100
AcDbEntity
  8
POLYLINES
100
AcDbPolyline
 90
3
 70
0
 10
853.48
 20
256.61
 10
854.63
 20
257.9
 10
855.21
 20
259.2
  0
LWPOLYLINE
  5
146E
330
17
100
AcDbEntity
  8
POLYLINES
100
AcDbPolyline
 90
3
 70
0
 10
854.35
 20
260.35
 10
856.07
 20
256.75
 10
856.79
 20
256.75
  0
LWPOLYLINE
  5
146F
330
17
100
AcDbEntity
  8
POLYLINES
100
AcDbPolyline
 90
5
 70
0
 10
855.5
 20
265.25
 10
855.5
 20
263.95
 10
855.64
 20
262.51
 10
855.93
 20
262.08
 10
856.65
 20
262.08
  0
LWPOLYLINE
  5
1470
330
17
100
AcDbEntity
  8
POLYLINES
100
AcDbPolyline
 90
3
 70
0
 10
858.95
 20
263.38
 10
861.69
 20
260.35
 10
862.12
 20
260.35
  0
LWPOLYLINE
  5
1471
330
17
100
AcDbEntity
  8
POLYLINES
100
AcDbPolyline
 90
4
 70
0
 10
860.97
 20
264.67
 10
859.82
 20
262.51
 10
858.52
 20
260.78
 10
857.37
 20
259.63
  0
LWPOLYLINE
  5
1472
330
17
100
AcDbEntity
  8
POLYLINES
100
AcDbPolyline
 90
4
 70
0
 10
864.71
 20
261.65
 10
864.71
 20
259.78
 10
864.14
 20
257.9
 10
863.27
 20
256.75
  0
LWPOLYLINE
  5
1473
330
17
100
AcDbEntity
  8
POLYLINES
100
AcDbPolyline
 90
4
 70
0
 10
863.85
 20
265.54
 10
863.85
 20
263.52
 10
863.56
 20
260.35
 10
862.7
 20
256.75
  0
LWPOLYLINE
  5
1474
330
17
100
AcDbEntity
  8
POLYLINES
100
AcDbPolyline
 90
3
 70
0
 10
943.19
 20
272.59
 10
943.19
 20
265.1
 10
942.33
 20
266.69
  0
LWPOLYLINE
  5
1475
330
17
100
AcDbEntity
  8
POLYLINES
100
AcDbPolyline
 90
5
 70
0
 10
941.03
 20
273.74
 10
940.6
 20
271.3
 10
941.03
 20
270.29
 10
941.03
 20
269.14
 10
940.6
 20
267.98
  0
LWPOLYLINE
  5
1476
330
17
100
AcDbEntity
  8
POLYLINES
100
AcDbPolyline
 90
4
 70
0
 10
947.23
 20
271.44
 10
947.23
 20
265.54
 10
947.08
 20
264.53
 10
946.36
 20
265.82
  0
LWPOLYLINE
  5
1477
330
17
100
AcDbEntity
  8
POLYLINES
100
AcDbPolyline
 90
3
 70
0
 10
959.03
 20
270.0
 10
959.03
 20
264.82
 10
958.31
 20
265.82
  0
LWPOLYLINE
  5
1478
330
17
100
AcDbEntity
  8
POLYLINES
100
AcDbPolyline
 90
4
 70
0
 10
960.19
 20
272.74
 10
961.05
 20
273.31
 10
962.06
 20
274.61
 10
962.06
 20
264.82
  0
LWPOLYLINE
  5
1479
330
17
100
AcDbEntity
  8
POLYLINES
100
AcDbPolyline
 90
23
 70
0
 10
970.84
 20
273.31
 10
970.41
 20
274.18
 10
969.26
 20
274.61
 10
968.54
 20
274.61
 10
967.39
 20
274.18
 10
966.67
 20
272.74
 10
966.23
 20
270.43
 10
966.23
 20
267.98
 10
966.67
 20
266.11
 10
967.39
 20
265.25
 10
968.54
 20
264.82
 10
968.97
 20
264.82
 10
970.12
 20
265.25
 10
970.84
 20
266.11
 10
971.13
 20
267.55
 10
971.13
 20
267.98
 10
970.84
 20
269.42
 10
970.12
 20
270.43
 10
968.97
 20
270.86
 10
968.54
 20
270.86
 10
967.39
 20
270.43
 10
966.67
 20
269.42
 10
966.23
 20
267.98
  0
LWPOLYLINE
  5
147A
330
17
100
AcDbEntity
  8
POLYLINES
100
AcDbPolyline
 90
23
 70
0
 10
978.33
 20
273.31
 10
978.04
 20
274.18
 10
976.89
 20
274.61
 10
976.17
 20
274.61
 10
975.02
 20
274.18
 10
974.15
 20
272.74
 10
973.87
 20
270.43
 10
973.87
 20
267.98
 10
974.15
 20
266.11
 10
975.02
 20
265.25
 10
976.17
 20
264.82
 10
976.46
 20
264.82
 10
977.61
 20
265.25
 10
978.33
 20
266.11
 10
978.76
 20
267.55
 10
978.76
 20
267.98
 10
978.33
 20
269.42
 10
977.61
 20
270.43
 10
976.46
 20
270.86
 10
976.17
 20
270.86
 10
975.02
 20
270.43
 10
974.15
 20
269.42
 10
973.87
 20
267.98
  0
LWPOLYLINE
  5
147B
330
17
100
AcDbEntity
  8
POLYLINES
100
AcDbPolyline
 90
17
 70
0
 10
983.66
 20
274.61
 10
982.51
 20
274.18
 10
981.79
 20
272.74
 10
981.35
 20
270.43
 10
981.35
 20
268.99
 10
981.79
 20
266.69
 10
982.51
 20
265.25
 10
983.66
 20
264.82
 10
984.38
 20
264.82
 10
985.53
 20
265.25
 10
986.25
 20
266.69
 10
986.68
 20
268.99
 10
986.68
 20
270.43
 10
986.25
 20
272.74
 10
985.53
 20
274.18
 10
984.38
 20
274.61
 10
983.66
 20
274.61
  0
LWPOLYLINE
  5
147C
330
17
100
AcDbEntity
  8
POLYLINES
100
AcDbPolyline
 90
18
 70
0
 10
947.08
 20
255.74
 10
946.65
 20
256.75
 10
945.93
 20
257.62
 10
945.21
 20
258.19
 10
943.63
 20
258.19
 10
942.91
 20
257.62
 10
942.19
 20
256.75
 10
941.75
 20
255.74
 10
941.47
 20
254.3
 10
941.47
 20
252.0
 10
941.75
 20
250.56
 10
942.19
 20
249.7
 10
942.91
 20
248.69
 10
943.63
 20
248.26
 10
945.21
 20
248.26
 10
945.93
 20
248.69
 10
946.65
 20
249.7
 10
947.08
 20
250.56
  0
LWPOLYLINE
  5
147D
330
17
100
AcDbEntity
  8
POLYLINES
100
AcDbPolyline
 90
20
 70
0
 10
954.57
 20
256.75
 10
953.85
 20
257.62
 10
952.7
 20
258.19
 10
951.26
 20
258.19
 10
950.11
 20
257.62
 10
949.39
 20
256.75
 10
949.39
 20
255.74
 10
949.67
 20
254.88
 10
950.11
 20
254.3
 10
950.83
 20
253.87
 10
953.13
 20
252.86
 10
953.85
 20
252.43
 10
954.28
 20
252.0
 10
954.57
 20
250.99
 10
954.57
 20
249.7
 10
953.85
 20
248.69
 10
952.7
 20
248.26
 10
951.26
 20
248.26
 10
950.11
 20
248.69
 10
949.39
 20
249.7
  0
LWPOLYLINE
  5
147E
330
17
100
AcDbEntity
  8
POLYLINES
100
AcDbPolyline
 90
20
 70
0
 10
962.2
 20
256.75
 10
961.48
 20
257.62
 10
960.33
 20
258.19
 10
958.75
 20
258.19
 10
957.59
 20
257.62
 10
956.87
 20
256.75
 10
956.87
 20
255.74
 10
957.31
 20
254.88
 10
957.59
 20
254.3
 10
958.46
 20
253.87
 10
960.62
 20
252.86
 10
961.48
 20
252.43
 10
961.77
 20
252.0
 10
962.2
 20
250.99
 10
962.2
 20
249.7
 10
961.48
 20
248.69
 10
960.33
 20
248.26
 10
958.75
 20
248.26
 10
957.59
 20
248.69
 10
956.87
 20
249.7
  0
LWPOLYLINE
  5
147F
330
17
100
AcDbEntity
  8
POLYLINES
100
AcDbPolyline
 90
4
 70
0
 10
974.3
 20
256.18
 10
975.02
 20
256.75
 10
976.17
 20
258.19
 10
976.17
 20
248.26
  0
LWPOLYLINE
  5
1480
330
17
100
AcDbEntity
  8
POLYLINES
100
AcDbPolyline
 90
23
 70
0
 10
984.81
 20
256.75
 10
984.52
 20
257.62
 10
983.37
 20
258.19
 10
982.65
 20
258.19
 10
981.5
 20
257.62
 10
980.78
 20
256.18
 10
980.35
 20
253.87
 10
980.35
 20
251.57
 10
980.78
 20
249.7
 10
981.5
 20
248.69
 10
982.65
 20
248.26
 10
982.94
 20
248.26
 10
984.09
 20
248.69
 10
984.81
 20
249.7
 10
985.24
 20
250.99
 10
985.24
 20
251.57
 10
984.81
 20
252.86
 10
984.09
 20
253.87
 10
982.94
 20
254.3
 10
982.65
 20
254.3
 10
981.5
 20
253.87
 10
980.78
 20
252.86
 10
980.35
 20
251.57
  0
LWPOLYLINE
  5
1481
330
17
100
AcDbEntity
  8
POLYLINES
100
AcDbPolyline
 90
3
 70
0
 10
1035.5
 20
264.82
 10
1036.94
 20
266.4
 10
1036.94
 20
256.46
  0
LWPOLYLINE
  5
1482
330
17
100
AcDbEntity
  8
POLYLINES
100
AcDbPolyline
 90
3
 70
0
 10
708.76
 20
238.03
 10
710.49
 20
239.76
 10
710.49
 20
229.82
  0
LWPOLYLINE
  5
1483
330
17
100
AcDbEntity
  8
POLYLINES
100
AcDbPolyline
 90
10
 70
0
 10
715.39
 20
238.03
 10
717.11
 20
239.76
 10
720.28
 20
239.76
 10
722.01
 20
238.03
 10
722.01
 20
236.45
 10
720.28
 20
234.72
 10
717.11
 20
234.72
 10
715.39
 20
233.14
 10
715.39
 20
229.82
 10
722.01
 20
229.82
  0
LWPOLYLINE
  5
1484
330
17
100
AcDbEntity
  8
POLYLINES
100
AcDbPolyline
 90
10
 70
0
 10
725.32
 20
234.72
 10
730.22
 20
234.72
 10
731.95
 20
233.14
 10
731.95
 20
231.41
 10
730.22
 20
229.82
 10
726.91
 20
229.82
 10
725.32
 20
231.41
 10
725.32
 20
236.45
 10
728.63
 20
239.76
 10
730.22
 20
239.76
  0
LWPOLYLINE
  5
1485
330
17
100
AcDbEntity
  8
POLYLINES
100
AcDbPolyline
 90
7
 70
0
 10
735.26
 20
229.82
 10
735.26
 20
239.76
 10
740.15
 20
239.76
 10
741.88
 20
238.03
 10
741.88
 20
236.45
 10
740.15
 20
234.72
 10
735.26
 20
234.72
  0
LWPOLYLINE
  5
1486
330
17
100
AcDbEntity
  8
POLYLINES
100
AcDbPolyline
 90
3
 70
0
 10
823.24
 20
233.86
 10
822.67
 20
231.7
 10
824.11
 20
230.54
  0
LWPOLYLINE
  5
1487
330
17
100
AcDbEntity
  8
POLYLINES
100
AcDbPolyline
 90
4
 70
0
 10
823.96
 20
233.71
 10
823.67
 20
231.84
 10
823.1
 20
230.54
 10
822.38
 20
229.82
  0
LWPOLYLINE
  5
1488
330
17
100
AcDbEntity
  8
POLYLINES
100
AcDbPolyline
 90
4
 70
0
 10
825.11
 20
238.75
 10
824.97
 20
236.88
 10
824.68
 20
235.58
 10
824.25
 20
233.57
  0
LWPOLYLINE
  5
1489
330
17
100
AcDbEntity
  8
POLYLINES
100
AcDbPolyline
 90
4
 70
0
 10
825.69
 20
235.73
 10
825.4
 20
233.14
 10
824.83
 20
231.26
 10
823.82
 20
229.54
  0
LWPOLYLINE
  5
148A
330
17
100
AcDbEntity
  8
POLYLINES
100
AcDbPolyline
 90
3
 70
0
 10
824.54
 20
234.43
 10
825.83
 20
229.97
 10
826.55
 20
229.97
  0
LWPOLYLINE
  5
148B
330
17
100
AcDbEntity
  8
POLYLINES
100
AcDbPolyline
 90
5
 70
0
 10
829.72
 20
234.72
 10
829.87
 20
233.14
 10
829.87
 20
231.26
 10
829.72
 20
229.68
 10
828.71
 20
230.98
  0
LWPOLYLINE
  5
148C
330
17
100
AcDbEntity
  8
POLYLINES
100
AcDbPolyline
 90
3
 70
0
 10
835.77
 20
230.98
 10
837.21
 20
231.12
 10
837.07
 20
232.99
  0
LWPOLYLINE
  5
148D
330
17
100
AcDbEntity
  8
POLYLINES
100
AcDbPolyline
 90
3
 70
0
 10
835.34
 20
235.3
 10
835.34
 20
231.55
 10
835.77
 20
230.98
  0
LWPOLYLINE
  5
148E
330
17
100
AcDbEntity
  8
POLYLINES
100
AcDbPolyline
 90
3
 70
0
 10
833.47
 20
237.89
 10
833.47
 20
235.44
 10
833.18
 20
233.57
  0
LWPOLYLINE
  5
148F
330
17
100
AcDbEntity
  8
POLYLINES
100
AcDbPolyline
 90
3
 70
0
 10
841.1
 20
231.98
 10
842.39
 20
229.97
 10
842.39
 20
232.13
  0
LWPOLYLINE
  5
1490
330
17
100
AcDbEntity
  8
POLYLINES
100
AcDbPolyline
 90
3
 70
0
 10
840.38
 20
238.9
 10
840.52
 20
234.14
 10
841.1
 20
231.98
  0
LWPOLYLINE
  5
1491
330
17
100
AcDbEntity
  8
POLYLINES
100
AcDbPolyline
 90
3
 70
0
 10
841.67
 20
234.14
 10
840.95
 20
232.56
 10
839.37
 20
230.54
  0
LWPOLYLINE
  5
1492
330
17
100
AcDbEntity
  8
POLYLINES
100
AcDbPolyline
 90
3
 70
0
 10
845.42
 20
237.46
 10
844.84
 20
234.29
 10
844.41
 20
235.44
  0
LWPOLYLINE
  5
1493
330
17
100
AcDbEntity
  8
POLYLINES
100
AcDbPolyline
 90
3
 70
0
 10
845.56
 20
233.14
 10
847.0
 20
230.4
 10
847.58
 20
230.4
  0
LWPOLYLINE
  5
1494
330
17
100
AcDbEntity
  8
POLYLINES
100
AcDbPolyline
 90
3
 70
0
 10
844.27
 20
236.88
 10
843.83
 20
235.3
 10
843.11
 20
233.57
  0
LWPOLYLINE
  5
1495
330
17
100
AcDbEntity
  8
POLYLINES
100
AcDbPolyline
 90
14
 70
0
 10
858.23
 20
237.31
 10
858.23
 20
237.89
 10
858.67
 20
238.75
 10
858.95
 20
239.18
 10
859.67
 20
239.76
 10
861.26
 20
239.76
 10
861.98
 20
239.18
 10
862.41
 20
238.75
 10
862.7
 20
237.89
 10
862.7
 20
236.88
 10
862.41
 20
235.87
 10
861.69
 20
234.58
 10
857.8
 20
229.82
 10
863.13
 20
229.82
  0
LWPOLYLINE
  5
1496
330
17
100
AcDbEntity
  8
POLYLINES
100
AcDbPolyline
 90
13
 70
0
 10
935.56
 20
229.82
 10
935.56
 20
239.76
 10
938.15
 20
239.76
 10
939.31
 20
239.18
 10
940.03
 20
238.32
 10
940.46
 20
237.31
 10
940.89
 20
235.87
 10
940.89
 20
233.57
 10
940.46
 20
232.13
 10
940.03
 20
231.26
 10
939.31
 20
230.26
 10
938.15
 20
229.82
 10
935.56
 20
229.82
  0
LWPOLYLINE
  5
1497
330
17
100
AcDbEntity
  8
POLYLINES
100
AcDbPolyline
 90
13
 70
0
 10
943.48
 20
229.82
 10
943.48
 20
239.76
 10
946.07
 20
239.76
 10
947.23
 20
239.18
 10
947.95
 20
238.32
 10
948.38
 20
237.31
 10
948.81
 20
235.87
 10
948.81
 20
233.57
 10
948.38
 20
232.13
 10
947.95
 20
231.26
 10
947.23
 20
230.26
 10
946.07
 20
229.82
 10
943.48
 20
229.82
  0
LWPOLYLINE
  5
1498
330
17
100
AcDbEntity
  8
POLYLINES
100
AcDbPolyline
 90
3
 70
0
 10
951.4
 20
229.82
 10
951.4
 20
239.76
 10
956.3
 20
239.76
  0
LWPOLYLINE
  5
1499
330
17
100
AcDbEntity
  8
POLYLINES
100
AcDbPolyline
 90
3
 70
0
 10
962.93
 20
238.16
 10
962.69
 20
231.32
 10
963.01
 20
230.92
  0
LWPOLYLINE
  5
149A
330
17
100
AcDbEntity
  8
POLYLINES
100
AcDbPolyline
 90
23
 70
0
 10
968.11
 20
238.32
 10
967.67
 20
239.18
 10
966.52
 20
239.76
 10
965.8
 20
239.76
 10
964.65
 20
239.18
 10
963.93
 20
237.89
 10
963.5
 20
235.44
 10
963.5
 20
233.14
 10
963.93
 20
231.26
 10
964.65
 20
230.26
 10
965.8
 20
229.82
 10
966.09
 20
229.82
 10
967.24
 20
230.26
 10
968.11
 20
231.26
 10
968.39
 20
232.56
 10
968.39
 20
233.14
 10
968.11
 20
234.58
 10
967.24
 20
235.44
 10
966.09
 20
235.87
 10
965.8
 20
235.87
 10
964.65
 20
235.44
 10
963.93
 20
234.58
 10
963.5
 20
233.14
  0
LWPOLYLINE
  5
149B
330
17
100
AcDbEntity
  8
POLYLINES
100
AcDbPolyline
 90
3
 70
0
 10
974.87
 20
239.76
 10
971.13
 20
233.14
 10
976.75
 20
233.14
  0
LWPOLYLINE
  5
149C
330
17
100
AcDbEntity
  8
POLYLINES
100
AcDbPolyline
 90
3
 70
0
 10
981.64
 20
234.14
 10
981.64
 20
229.68
 10
980.92
 20
230.54
  0
LWPOLYLINE
  5
149D
330
17
100
AcDbEntity
  8
POLYLINES
100
AcDbPolyline
 90
4
 70
0
 10
986.97
 20
234.29
 10
986.68
 20
232.42
 10
986.39
 20
231.12
 10
985.1
 20
229.68
  0
LWPOLYLINE
  5
149E
330
17
100
AcDbEntity
  8
POLYLINES
100
AcDbPolyline
 90
5
 70
0
 10
987.69
 20
234.43
 10
987.69
 20
230.4
 10
987.98
 20
229.97
 10
988.99
 20
229.97
 10
988.84
 20
231.84
  0
LWPOLYLINE
  5
149F
330
17
100
AcDbEntity
  8
POLYLINES
100
AcDbPolyline
 90
3
 70
0
 10
989.79
 20
230.92
 10
990.19
 20
237.75
 10
989.87
 20
238.16
  0
LWPOLYLINE
  5
14A0
330
17
100
AcDbEntity
  8
POLYLINES
100
AcDbPolyline
 90
9
 70
0
 10
1108.22
 20
239.04
 10
1108.65
 20
238.46
 10
1108.51
 20
238.61
 10
1108.51
 20
230.98
 10
1108.36
 20
231.55
 10
1108.36
 20
230.83
 10
1106.06
 20
229.54
 10
1105.91
 20
229.68
 10
1109.95
 20
231.41
  0
LWPOLYLINE
  5
14A1
330
17
100
AcDbEntity
  8
POLYLINES
100
AcDbPolyline
 90
11
 70
0
 10
1109.66
 20
232.85
 10
1115.71
 20
235.87
 10
1115.42
 20
236.3
 10
1115.27
 20
235.73
 10
1115.42
 20
235.87
 10
1114.99
 20
234.0
 10
1114.7
 20
232.27
 10
1114.27
 20
230.98
 10
1114.27
 20
230.83
 10
1113.4
 20
231.84
 10
1114.27
 20
230.98
  0
LWPOLYLINE
  5
14A2
330
17
100
AcDbEntity
  8
POLYLINES
100
AcDbPolyline
 90
6
 70
0
 10
1112.68
 20
239.76
 10
1112.97
 20
239.04
 10
1112.97
 20
239.18
 10
1112.83
 20
231.41
 10
1112.83
 20
230.11
 10
1112.83
 20
231.12
  0
LWPOLYLINE
  5
14A3
330
17
100
AcDbEntity
  8
POLYLINES
100
AcDbPolyline
 90
16
 70
0
 10
1110.67
 20
236.88
 10
1111.1
 20
236.16
 10
1110.95
 20
236.3
 10
1110.95
 20
232.56
 10
1111.1
 20
230.69
 10
1111.1
 20
229.39
 10
1111.24
 20
228.96
 10
1111.67
 20
228.53
 10
1112.39
 20
228.38
 10
1113.26
 20
228.24
 10
1114.7
 20
228.24
 10
1115.71
 20
228.38
 10
1116.28
 20
228.82
 10
1116.14
 20
231.12
 10
1116.14
 20
228.67
 10
1115.99
 20
228.53
  0
LWPOLYLINE
  5
14A4
330
17
100
AcDbEntity
  8
POLYLINES
100
AcDbPolyline
 90
6
 70
0
 10
1118.3
 20
239.18
 10
1118.44
 20
238.46
 10
1118.59
 20
231.26
 10
1118.59
 20
229.39
 10
1118.44
 20
229.97
 10
1118.59
 20
230.69
  0
LWPOLYLINE
  5
14A5
330
17
100
AcDbEntity
  8
POLYLINES
100
AcDbPolyline
 90
10
 70
0
 10
1118.59
 20
238.32
 10
1118.73
 20
238.46
 10
1126.07
 20
239.04
 10
1125.79
 20
239.18
 10
1125.79
 20
238.46
 10
1125.79
 20
231.84
 10
1125.64
 20
229.54
 10
1125.64
 20
228.67
 10
1123.77
 20
230.4
 10
1125.5
 20
228.96
  0
LWPOLYLINE
  5
14A6
330
17
100
AcDbEntity
  8
POLYLINES
100
AcDbPolyline
 90
3
 70
0
 10
1119.59
 20
236.45
 10
1121.61
 20
233.71
 10
1121.75
 20
233.14
  0
LWPOLYLINE
  5
14A7
330
17
100
AcDbEntity
  8
POLYLINES
100
AcDbPolyline
 90
5
 70
0
 10
1121.32
 20
237.31
 10
1121.47
 20
236.74
 10
1120.75
 20
234.58
 10
1120.17
 20
233.14
 10
1119.31
 20
231.55
  0
LWPOLYLINE
  5
14A8
330
17
100
AcDbEntity
  8
POLYLINES
100
AcDbPolyline
 90
3
 70
0
 10
1122.47
 20
236.45
 10
1124.35
 20
233.14
 10
1124.49
 20
232.42
  0
LWPOLYLINE
  5
14A9
330
17
100
AcDbEntity
  8
POLYLINES
100
AcDbPolyline
 90
6
 70
0
 10
1124.06
 20
237.74
 10
1124.2
 20
237.02
 10
1123.77
 20
235.73
 10
1122.91
 20
233.42
 10
1122.04
 20
232.13
 10
1121.32
 20
231.41
  0
LWPOLYLINE
  5
14AA
330
17
100
AcDbEntity
  8
POLYLINES
100
AcDbPolyline
 90
3
 70
0
 10
708.76
 20
216.29
 10
710.49
 20
218.02
 10
710.49
 20
208.08
  0
LWPOLYLINE
  5
14AB
330
17
100
AcDbEntity
  8
POLYLINES
100
AcDbPolyline
 90
10
 70
0
 10
715.39
 20
216.29
 10
717.11
 20
218.02
 10
720.28
 20
218.02
 10
722.01
 20
216.29
 10
722.01
 20
214.7
 10
720.28
 20
212.98
 10
717.11
 20
212.98
 10
715.39
 20
211.39
 10
715.39
 20
208.08
 10
722.01
 20
208.08
  0
LWPOLYLINE
  5
14AC
330
17
100
AcDbEntity
  8
POLYLINES
100
AcDbPolyline
 90
3
 70
0
 10
725.32
 20
218.02
 10
731.95
 20
218.02
 10
726.91
 20
208.08
  0
LWPOLYLINE
  5
14AD
330
17
100
AcDbEntity
  8
POLYLINES
100
AcDbPolyline
 90
7
 70
0
 10
735.26
 20
208.08
 10
735.26
 20
218.02
 10
740.15
 20
218.02
 10
741.88
 20
216.29
 10
741.88
 20
214.7
 10
740.15
 20
212.98
 10
735.26
 20
212.98
  0
LWPOLYLINE
  5
14AE
330
17
100
AcDbEntity
  8
POLYLINES
100
AcDbPolyline
 90
5
 70
0
 10
821.23
 20
215.14
 10
821.23
 20
208.94
 10
821.51
 20
208.37
 10
823.53
 20
208.51
 10
823.39
 20
210.38
  0
LWPOLYLINE
  5
14AF
330
17
100
AcDbEntity
  8
POLYLINES
100
AcDbPolyline
 90
3
 70
0
 10
823.24
 20
214.27
 10
822.67
 20
210.1
 10
822.38
 20
210.96
  0
LWPOLYLINE
  5
14B0
330
17
100
AcDbEntity
  8
POLYLINES
100
AcDbPolyline
 90
3
 70
0
 10
828.28
 20
217.01
 10
828.28
 20
208.22
 10
827.56
 20
209.66
  0
LWPOLYLINE
  5
14B1
330
17
100
AcDbEntity
  8
POLYLINES
100
AcDbPolyline
 90
4
 70
0
 10
832.31
 20
213.41
 10
832.31
 20
208.8
 10
832.75
 20
208.37
 10
834.04
 20
208.37
  0
LWPOLYLINE
  5
14B2
330
17
100
AcDbEntity
  8
POLYLINES
100
AcDbPolyline
 90
4
 70
0
 10
829.58
 20
208.08
 10
830.3
 20
208.94
 10
831.16
 20
210.67
 10
831.59
 20
213.26
  0
LWPOLYLINE
  5
14B3
330
17
100
AcDbEntity
  8
POLYLINES
100
AcDbPolyline
 90
7
 70
0
 10
837.07
 20
217.3
 10
837.07
 20
209.38
 10
837.21
 20
208.94
 10
837.35
 20
208.66
 10
837.79
 20
208.37
 10
839.51
 20
208.51
 10
839.37
 20
210.53
  0
LWPOLYLINE
  5
14B4
330
17
100
AcDbEntity
  8
POLYLINES
100
AcDbPolyline
 90
4
 70
0
 10
848.3
 20
214.7
 10
847.87
 20
212.98
 10
847.29
 20
211.39
 10
846.71
 20
209.81
  0
LWPOLYLINE
  5
14B5
330
17
100
AcDbEntity
  8
POLYLINES
100
AcDbPolyline
 90
3
 70
0
 10
848.44
 20
214.7
 10
850.03
 20
210.38
 10
850.31
 20
210.38
  0
LWPOLYLINE
  5
14B6
330
17
100
AcDbEntity
  8
POLYLINES
100
AcDbPolyline
 90
3
 70
0
 10
853.19
 20
215.14
 10
852.91
 20
213.84
 10
852.47
 20
212.54
  0
LWPOLYLINE
  5
14B7
330
17
100
AcDbEntity
  8
POLYLINES
100
AcDbPolyline
 90
3
 70
0
 10
852.19
 20
208.22
 10
853.34
 20
209.52
 10
853.91
 20
210.67
  0
LWPOLYLINE
  5
14B8
330
17
100
AcDbEntity
  8
POLYLINES
100
AcDbPolyline
 90
3
 70
0
 10
853.05
 20
211.82
 10
854.78
 20
208.22
 10
855.35
 20
208.22
  0
LWPOLYLINE
  5
14B9
330
17
100
AcDbEntity
  8
POLYLINES
100
AcDbPolyline
 90
5
 70
0
 10
854.2
 20
216.86
 10
854.2
 20
215.42
 10
854.2
 20
214.13
 10
854.63
 20
213.7
 10
855.35
 20
213.7
  0
LWPOLYLINE
  5
14BA
330
17
100
AcDbEntity
  8
POLYLINES
100
AcDbPolyline
 90
3
 70
0
 10
857.66
 20
214.99
 10
860.25
 20
211.82
 10
860.83
 20
211.97
  0
LWPOLYLINE
  5
14BB
330
17
100
AcDbEntity
  8
POLYLINES
100
AcDbPolyline
 90
4
 70
0
 10
859.67
 20
216.29
 10
858.52
 20
214.13
 10
857.23
 20
212.26
 10
855.93
 20
211.1
  0
LWPOLYLINE
  5
14BC
330
17
100
AcDbEntity
  8
POLYLINES
100
AcDbPolyline
 90
4
 70
0
 10
863.42
 20
213.26
 10
863.42
 20
211.39
 10
862.84
 20
209.52
 10
861.98
 20
208.22
  0
LWPOLYLINE
  5
14BD
330
17
100
AcDbEntity
  8
POLYLINES
100
AcDbPolyline
 90
4
 70
0
 10
862.55
 20
217.01
 10
862.55
 20
215.14
 10
862.27
 20
211.97
 10
861.4
 20
208.37
  0
LWPOLYLINE
  5
14BE
330
17
100
AcDbEntity
  8
POLYLINES
100
AcDbPolyline
 90
5
 70
0
 10
928.22
 20
208.08
 10
928.22
 20
218.02
 10
931.24
 20
208.08
 10
934.27
 20
218.02
 10
934.27
 20
208.08
  0
LWPOLYLINE
  5
14BF
330
17
100
AcDbEntity
  8
POLYLINES
100
AcDbPolyline
 90
13
 70
0
 10
937.29
 20
208.08
 10
937.29
 20
218.02
 10
939.88
 20
218.02
 10
941.03
 20
217.44
 10
941.75
 20
216.58
 10
942.19
 20
215.57
 10
942.62
 20
214.13
 10
942.62
 20
211.82
 10
942.19
 20
210.38
 10
941.75
 20
209.52
 10
941.03
 20
208.51
 10
939.88
 20
208.08
 10
937.29
 20
208.08
  0
LWPOLYLINE
  5
14C0
330
17
100
AcDbEntity
  8
POLYLINES
100
AcDbPolyline
 90
11
 70
0
 10
945.21
 20
208.08
 10
945.21
 20
218.02
 10
948.67
 20
218.02
 10
949.67
 20
217.44
 10
950.11
 20
217.01
 10
950.54
 20
216.14
 10
950.54
 20
214.7
 10
950.11
 20
213.7
 10
949.67
 20
213.26
 10
948.67
 20
212.83
 10
945.21
 20
212.83
  0
LWPOLYLINE
  5
14C1
330
17
100
AcDbEntity
  8
POLYLINES
100
AcDbPolyline
 90
15
 70
0
 10
963.64
 20
218.02
 10
967.82
 20
218.02
 10
965.66
 20
214.13
 10
966.67
 20
214.13
 10
967.53
 20
213.7
 10
967.82
 20
213.26
 10
968.25
 20
211.82
 10
968.25
 20
210.82
 10
967.82
 20
209.52
 10
967.1
 20
208.51
 10
965.95
 20
208.08
 10
964.79
 20
208.08
 10
963.64
 20
208.51
 10
963.35
 20
208.94
 10
962.92
 20
209.95
  0
LWPOLYLINE
  5
14C2
330
17
100
AcDbEntity
  8
POLYLINES
100
AcDbPolyline
 90
17
 70
0
 10
972.71
 20
218.02
 10
971.71
 20
217.44
 10
970.84
 20
216.14
 10
970.55
 20
213.7
 10
970.55
 20
212.26
 10
970.84
 20
209.95
 10
971.71
 20
208.51
 10
972.71
 20
208.08
 10
973.58
 20
208.08
 10
974.73
 20
208.51
 10
975.45
 20
209.95
 10
975.74
 20
212.26
 10
975.74
 20
213.7
 10
975.45
 20
216.14
 10
974.73
 20
217.44
 10
973.58
 20
218.02
 10
972.71
 20
218.02
  0
LWPOLYLINE
  5
14C3
330
17
100
AcDbEntity
  8
POLYLINES
100
AcDbPolyline
 90
17
 70
0
 10
980.35
 20
218.02
 10
979.19
 20
217.44
 10
978.47
 20
216.14
 10
978.04
 20
213.7
 10
978.04
 20
212.26
 10
978.47
 20
209.95
 10
979.19
 20
208.51
 10
980.35
 20
208.08
 10
981.07
 20
208.08
 10
982.22
 20
208.51
 10
982.94
 20
209.95
 10
983.37
 20
212.26
 10
983.37
 20
213.7
 10
982.94
 20
216.14
 10
982.22
 20
217.44
 10
981.07
 20
218.02
 10
980.35
 20
218.02
  0
LWPOLYLINE
  5
14C4
330
17
100
AcDbEntity
  8
POLYLINES
100
AcDbPolyline
 90
17
 70
0
 10
987.83
 20
218.02
 10
986.83
 20
217.44
 10
985.96
 20
216.14
 10
985.67
 20
213.7
 10
985.67
 20
212.26
 10
985.96
 20
209.95
 10
986.83
 20
208.51
 10
987.83
 20
208.08
 10
988.7
 20
208.08
 10
989.85
 20
208.51
 10
990.57
 20
209.95
 10
990.86
 20
212.26
 10
990.86
 20
213.7
 10
990.57
 20
216.14
 10
989.85
 20
217.44
 10
988.7
 20
218.02
 10
987.83
 20
218.02
  0
LWPOLYLINE
  5
14C5
330
17
100
AcDbEntity
  8
POLYLINES
100
AcDbPolyline
 90
13
 70
0
 10
993.16
 20
208.08
 10
993.16
 20
218.02
 10
995.9
 20
218.02
 10
996.91
 20
217.44
 10
997.77
 20
216.58
 10
998.06
 20
215.57
 10
998.49
 20
214.13
 10
998.49
 20
211.82
 10
998.06
 20
210.38
 10
997.77
 20
209.52
 10
996.91
 20
208.51
 10
995.9
 20
208.08
 10
993.16
 20
208.08
  0
LWPOLYLINE
  5
14C6
330
17
100
AcDbEntity
  8
POLYLINES
100
AcDbPolyline
 90
3
 70
0
 10
1035.5
 20
216.29
 10
1036.94
 20
218.02
 10
1036.94
 20
208.08
  0
LWPOLYLINE
  5
14C7
330
17
100
AcDbEntity
  8
POLYLINES
100
AcDbPolyline
 90
3
 70
0
 10
685.58
 20
194.54
 10
687.31
 20
196.27
 10
687.31
 20
186.34
  0
LWPOLYLINE
  5
14C8
330
17
100
AcDbEntity
  8
POLYLINES
100
AcDbPolyline
 90
10
 70
0
 10
692.2
 20
194.54
 10
693.93
 20
196.27
 10
697.24
 20
196.27
 10
698.83
 20
194.54
 10
698.83
 20
192.96
 10
697.24
 20
191.23
 10
693.93
 20
191.23
 10
692.2
 20
189.65
 10
692.2
 20
186.34
 10
698.83
 20
186.34
  0
LWPOLYLINE
  5
14C9
330
17
100
AcDbEntity
  8
POLYLINES
100
AcDbPolyline
 90
12
 70
0
 10
703.87
 20
186.34
 10
702.14
 20
187.92
 10
702.14
 20
189.65
 10
703.87
 20
191.23
 10
707.18
 20
191.23
 10
708.76
 20
192.96
 10
708.76
 20
194.54
 10
707.18
 20
196.27
 10
703.87
 20
196.27
 10
702.14
 20
194.54
 10
702.14
 20
192.96
 10
703.87
 20
191.23
  0
LWPOLYLINE
  5
14CA
330
17
100
AcDbEntity
  8
POLYLINES
100
AcDbPolyline
 90
5
 70
0
 10
707.18
 20
191.23
 10
708.76
 20
189.65
 10
708.76
 20
187.92
 10
707.18
 20
186.34
 10
703.87
 20
186.34
  0
LWPOLYLINE
  5
14CB
330
17
100
AcDbEntity
  8
POLYLINES
100
AcDbPolyline
 90
7
 70
0
 10
712.07
 20
186.34
 10
712.07
 20
196.27
 10
717.11
 20
196.27
 10
718.7
 20
194.54
 10
718.7
 20
192.96
 10
717.11
 20
191.23
 10
712.07
 20
191.23
  0
LWPOLYLINE
  5
14CC
330
17
100
AcDbEntity
  8
POLYLINES
100
AcDbPolyline
 90
4
 70
0
 10
722.01
 20
191.23
 10
723.59
 20
192.96
 10
726.91
 20
191.23
 10
728.63
 20
192.96
  0
LWPOLYLINE
  5
14CD
330
17
100
AcDbEntity
  8
POLYLINES
100
AcDbPolyline
 90
3
 70
0
 10
731.95
 20
194.54
 10
733.53
 20
196.27
 10
733.53
 20
186.34
  0
LWPOLYLINE
  5
14CE
330
17
100
AcDbEntity
  8
POLYLINES
100
AcDbPolyline
 90
7
 70
0
 10
738.57
 20
194.54
 10
740.15
 20
196.27
 10
743.47
 20
196.27
 10
745.19
 20
194.54
 10
745.19
 20
192.96
 10
743.47
 20
191.23
 10
741.88
 20
191.23
  0
LWPOLYLINE
  5
14CF
330
17
100
AcDbEntity
  8
POLYLINES
100
AcDbPolyline
 90
6
 70
0
 10
743.47
 20
191.23
 10
745.19
 20
189.65
 10
745.19
 20
187.92
 10
743.47
 20
186.34
 10
740.15
 20
186.34
 10
738.57
 20
187.92
  0
LWPOLYLINE
  5
14D0
330
17
100
AcDbEntity
  8
POLYLINES
100
AcDbPolyline
 90
4
 70
0
 10
755.13
 20
189.65
 10
748.51
 20
189.65
 10
753.4
 20
196.27
 10
753.4
 20
186.34
  0
LWPOLYLINE
  5
14D1
330
17
100
AcDbEntity
  8
POLYLINES
100
AcDbPolyline
 90
7
 70
0
 10
758.44
 20
186.34
 10
758.44
 20
196.27
 10
763.34
 20
196.27
 10
765.07
 20
194.54
 10
765.07
 20
192.96
 10
763.34
 20
191.23
 10
758.44
 20
191.23
  0
LWPOLYLINE
  5
14D2
330
17
100
AcDbEntity
  8
POLYLINES
100
AcDbPolyline
 90
3
 70
0
 10
833.75
 20
193.39
 10
833.61
 20
187.92
 10
833.03
 20
188.93
  0
LWPOLYLINE
  5
14D3
330
17
100
AcDbEntity
  8
POLYLINES
100
AcDbPolyline
 90
3
 70
0
 10
829.87
 20
188.35
 10
830.87
 20
188.21
 10
833.9
 20
186.48
  0
LWPOLYLINE
  5
14D4
330
17
100
AcDbEntity
  8
POLYLINES
100
AcDbPolyline
 90
4
 70
0
 10
831.31
 20
192.1
 10
830.87
 20
190.37
 10
831.16
 20
189.5
 10
830.87
 20
188.21
  0
LWPOLYLINE
  5
14D5
330
17
100
AcDbEntity
  8
POLYLINES
100
AcDbPolyline
 90
3
 70
0
 10
841.82
 20
193.25
 10
844.41
 20
190.08
 10
844.99
 20
190.22
  0
LWPOLYLINE
  5
14D6
330
17
100
AcDbEntity
  8
POLYLINES
100
AcDbPolyline
 90
4
 70
0
 10
843.83
 20
194.54
 10
842.68
 20
192.38
 10
841.39
 20
190.51
 10
840.23
 20
189.36
  0
LWPOLYLINE
  5
14D7
330
17
100
AcDbEntity
  8
POLYLINES
100
AcDbPolyline
 90
3
 70
0
 10
849.74
 20
194.98
 10
849.74
 20
186.48
 10
848.87
 20
187.92
  0
LWPOLYLINE
  5
14D8
330
17
100
AcDbEntity
  8
POLYLINES
100
AcDbPolyline
 90
4
 70
0
 10
845.85
 20
187.06
 10
846.43
 20
188.64
 10
846.71
 20
191.66
 10
846.71
 20
195.12
  0
LWPOLYLINE
  5
14D9
330
17
100
AcDbEntity
  8
POLYLINES
100
AcDbPolyline
 90
4
 70
0
 10
852.91
 20
191.52
 10
852.76
 20
189.65
 10
852.33
 20
187.78
 10
851.47
 20
186.48
  0
LWPOLYLINE
  5
14DA
330
17
100
AcDbEntity
  8
POLYLINES
100
AcDbPolyline
 90
4
 70
0
 10
852.04
 20
195.26
 10
852.04
 20
193.39
 10
851.61
 20
190.22
 10
850.89
 20
186.62
  0
LWPOLYLINE
  5
14DB
330
17
100
AcDbEntity
  8
POLYLINES
100
AcDbPolyline
 90
3
 70
0
 10
1031.03
 20
194.54
 10
1032.76
 20
196.27
 10
1032.76
 20
186.34
  0
LWPOLYLINE
  5
14DC
330
17
100
AcDbEntity
  8
POLYLINES
100
AcDbPolyline
 90
9
 70
0
 10
1039.39
 20
186.34
 10
1037.66
 20
187.92
 10
1037.66
 20
194.54
 10
1039.39
 20
196.27
 10
1040.97
 20
196.27
 10
1042.7
 20
194.54
 10
1042.7
 20
187.92
 10
1040.97
 20
186.34
 10
1039.39
 20
186.34
  0
LWPOLYLINE
  5
14DD
330
17
100
AcDbEntity
  8
POLYLINES
100
AcDbPolyline
 90
3
 70
0
 10
1106.06
 20
188.64
 10
1106.92
 20
188.5
 10
1110.09
 20
186.77
  0
LWPOLYLINE
  5
14DE
330
17
100
AcDbEntity
  8
POLYLINES
100
AcDbPolyline
 90
4
 70
0
 10
1107.35
 20
192.38
 10
1107.07
 20
190.66
 10
1107.35
 20
189.79
 10
1106.92
 20
188.5
  0
LWPOLYLINE
  5
14DF
330
17
100
AcDbEntity
  8
POLYLINES
100
AcDbPolyline
 90
4
 70
0
 10
1109.23
 20
189.36
 10
1109.66
 20
189.07
 10
1110.23
 20
189.07
 10
1110.23
 20
191.09
  0
LWPOLYLINE
  5
14E0
330
17
100
AcDbEntity
  8
POLYLINES
100
AcDbPolyline
 90
3
 70
0
 10
1115.71
 20
194.83
 10
1115.71
 20
186.34
 10
1114.99
 20
187.2
  0
LWPOLYLINE
  5
14E1
330
17
100
AcDbEntity
  8
POLYLINES
100
AcDbPolyline
 90
4
 70
0
 10
1119.74
 20
192.1
 10
1119.74
 20
189.07
 10
1119.45
 20
187.78
 10
1118.44
 20
186.48
  0
LWPOLYLINE
  5
14E2
330
17
100
AcDbEntity
  8
POLYLINES
100
AcDbPolyline
 90
3
 70
0
 10
1117.87
 20
191.95
 10
1117.87
 20
187.2
 10
1117.15
 20
188.21
  0
LWPOLYLINE
  5
14E3
330
17
100
AcDbEntity
  8
POLYLINES
100
AcDbPolyline
 90
3
 70
0
 10
1126.07
 20
194.69
 10
1125.5
 20
190.8
 10
1125.07
 20
191.81
  0
LWPOLYLINE
  5
14E4
330
17
100
AcDbEntity
  8
POLYLINES
100
AcDbPolyline
 90
3
 70
0
 10
1124.92
 20
193.82
 10
1124.49
 20
192.1
 10
1123.77
 20
190.51
  0
LWPOLYLINE
  5
14E5
330
17
100
AcDbEntity
  8
POLYLINES
100
AcDbPolyline
 90
3
 70
0
 10
873.5
 20
818.64
 10
873.35
 20
810.72
 10
872.78
 20
812.16
  0
LWPOLYLINE
  5
14E6
330
17
100
AcDbEntity
  8
POLYLINES
100
AcDbPolyline
 90
3
 70
0
 10
869.32
 20
811.3
 10
870.33
 20
811.15
 10
873.64
 20
808.7
  0
LWPOLYLINE
  5
14E7
330
17
100
AcDbEntity
  8
POLYLINES
100
AcDbPolyline
 90
4
 70
0
 10
870.76
 20
816.77
 10
870.47
 20
814.18
 10
870.76
 20
813.02
 10
870.33
 20
811.15
  0
LWPOLYLINE
  5
14E8
330
17
100
AcDbEntity
  8
POLYLINES
100
AcDbPolyline
 90
4
 70
0
 10
882.71
 20
815.9
 10
882.57
 20
813.17
 10
882.14
 20
810.58
 10
881.13
 20
808.7
  0
LWPOLYLINE
  5
14E9
330
17
100
AcDbEntity
  8
POLYLINES
100
AcDbPolyline
 90
4
 70
0
 10
881.71
 20
821.23
 10
881.71
 20
818.5
 10
881.42
 20
814.03
 10
880.41
 20
808.85
  0
LWPOLYLINE
  5
14EA
330
17
100
AcDbEntity
  8
POLYLINES
100
AcDbPolyline
 90
3
 70
0
 10
896.39
 20
820.8
 10
896.39
 20
808.56
 10
895.39
 20
810.72
  0
LWPOLYLINE
  5
14EB
330
17
100
AcDbEntity
  8
POLYLINES
100
AcDbPolyline
 90
4
 70
0
 10
892.22
 20
809.42
 10
892.79
 20
811.73
 10
893.08
 20
816.19
 10
893.08
 20
820.94
  0
LWPOLYLINE
  5
14EC
330
17
100
AcDbEntity
  8
POLYLINES
100
AcDbPolyline
 90
5
 70
0
 10
898.84
 20
816.05
 10
898.27
 20
813.74
 10
898.41
 20
812.59
 10
898.12
 20
810.86
 10
897.55
 20
810.86
  0
LWPOLYLINE
  5
14ED
330
17
100
AcDbEntity
  8
POLYLINES
100
AcDbPolyline
 90
3
 70
0
 10
898.12
 20
810.86
 10
901.72
 20
808.56
 10
902.44
 20
808.85
  0
LWPOLYLINE
  5
14EE
330
17
100
AcDbEntity
  8
POLYLINES
100
AcDbPolyline
 90
3
 70
0
 10
900.71
 20
820.51
 10
901.87
 20
816.77
 10
902.44
 20
816.77
  0
LWPOLYLINE
  5
14EF
330
17
100
AcDbEntity
  8
POLYLINES
100
AcDbPolyline
 90
3
 70
0
 10
900.71
 20
816.48
 10
900.71
 20
810.29
 10
900.14
 20
811.73
  0
LWPOLYLINE
  5
14F0
330
17
100
AcDbEntity
  8
POLYLINES
100
AcDbPolyline
 90
3
 70
0
 10
900.86
 20
821.38
 10
899.85
 20
817.63
 10
899.27
 20
815.9
  0
LWPOLYLINE
  5
14F1
330
17
100
AcDbEntity
  8
POLYLINES
100
AcDbPolyline
 90
3
 70
0
 10
912.23
 20
820.94
 10
911.95
 20
818.78
 10
911.37
 20
816.77
  0
LWPOLYLINE
  5
14F2
330
17
100
AcDbEntity
  8
POLYLINES
100
AcDbPolyline
 90
5
 70
0
 10
911.66
 20
812.02
 10
911.66
 20
808.7
 10
911.8
 20
808.27
 10
913.82
 20
808.42
 10
913.67
 20
811.44
  0
LWPOLYLINE
  5
14F3
330
17
100
AcDbEntity
  8
POLYLINES
100
AcDbPolyline
 90
3
 70
0
 10
916.84
 20
815.33
 10
915.83
 20
813.17
 10
914.25
 20
810.43
  0
LWPOLYLINE
  5
14F4
330
17
100
AcDbEntity
  8
POLYLINES
100
AcDbPolyline
 90
3
 70
0
 10
916.84
 20
815.04
 10
918.43
 20
809.57
 10
919.43
 20
809.57
  0
LWPOLYLINE
  5
14F5
330
17
100
AcDbEntity
  8
POLYLINES
100
AcDbPolyline
 90
5
 70
0
 10
103.24
 20
123.26
 10
103.24
 20
120.1
 10
103.53
 20
119.81
 10
104.54
 20
119.81
 10
104.39
 20
121.54
  0
LWPOLYLINE
  5
14F6
330
17
100
AcDbEntity
  8
POLYLINES
100
AcDbPolyline
 90
3
 70
0
 10
108.14
 20
126.86
 10
108.14
 20
119.66
 10
107.56
 20
120.67
  0
LWPOLYLINE
  5
14F7
330
17
100
AcDbEntity
  8
POLYLINES
100
AcDbPolyline
 90
7
 70
0
 10
106.99
 20
127.3
 10
106.99
 20
126.58
 10
106.99
 20
124.7
 10
106.84
 20
122.98
 10
106.7
 20
121.25
 10
106.27
 20
120.24
 10
105.83
 20
119.52
  0
LWPOLYLINE
  5
14F8
330
17
100
AcDbEntity
  8
POLYLINES
100
AcDbPolyline
 90
5
 70
0
 10
109.29
 20
124.99
 10
108.86
 20
124.7
 10
109.29
 20
124.27
 10
109.58
 20
124.7
 10
109.29
 20
124.99
  0
LWPOLYLINE
  5
14F9
330
17
100
AcDbEntity
  8
POLYLINES
100
AcDbPolyline
 90
5
 70
0
 10
109.29
 20
120.38
 10
108.86
 20
119.95
 10
109.29
 20
119.66
 10
109.58
 20
119.95
 10
109.29
 20
120.38
  0
LWPOLYLINE
  5
14FA
330
17
100
AcDbEntity
  8
POLYLINES
100
AcDbPolyline
 90
4
 70
0
 10
131.32
 20
126.14
 10
131.9
 20
126.58
 10
132.91
 20
127.73
 10
132.91
 20
119.66
  0
LWPOLYLINE
  5
14FB
330
17
100
AcDbEntity
  8
POLYLINES
100
AcDbPolyline
 90
4
 70
0
 10
136.65
 20
120.38
 10
136.22
 20
119.95
 10
136.65
 20
119.66
 10
136.94
 20
119.95
  0
LWPOLYLINE
  5
14FC
330
17
100
AcDbEntity
  8
POLYLINES
100
AcDbPolyline
 90
3
 70
0
 10
141.55
 20
124.85
 10
140.68
 20
122.98
 10
139.67
 20
120.82
  0
LWPOLYLINE
  5
14FD
330
17
100
AcDbEntity
  8
POLYLINES
100
AcDbPolyline
 90
3
 70
0
 10
141.83
 20
124.85
 10
143.13
 20
121.25
 10
143.56
 20
121.25
  0
LWPOLYLINE
  5
14FE
330
17
100
AcDbEntity
  8
POLYLINES
100
AcDbPolyline
 90
4
 70
0
 10
150.76
 20
126.72
 10
150.04
 20
124.56
 10
149.32
 20
123.26
 10
148.31
 20
122.11
  0
LWPOLYLINE
  5
14FF
330
17
100
AcDbEntity
  8
POLYLINES
100
AcDbPolyline
 90
3
 70
0
 10
154.79
 20
125.42
 10
154.51
 20
124.42
 10
154.22
 20
123.41
  0
LWPOLYLINE
  5
1500
330
17
100
AcDbEntity
  8
POLYLINES
100
AcDbPolyline
 90
3
 70
0
 10
153.93
 20
119.66
 10
154.79
 20
120.82
 10
155.37
 20
121.82
  0
LWPOLYLINE
  5
1501
330
17
100
AcDbEntity
  8
POLYLINES
100
AcDbPolyline
 90
3
 70
0
 10
154.65
 20
122.69
 10
156.09
 20
119.81
 10
156.67
 20
119.81
  0
LWPOLYLINE
  5
1502
330
17
100
AcDbEntity
  8
POLYLINES
100
AcDbPolyline
 90
5
 70
0
 10
155.51
 20
126.86
 10
155.51
 20
125.71
 10
155.66
 20
124.56
 10
155.95
 20
124.13
 10
156.52
 20
124.13
  0
LWPOLYLINE
  5
1503
330
17
100
AcDbEntity
  8
POLYLINES
100
AcDbPolyline
 90
3
 70
0
 10
162.71
 20
123.98
 10
162.14
 20
122.69
 10
161.56
 20
121.54
  0
LWPOLYLINE
  5
1504
330
17
100
AcDbEntity
  8
POLYLINES
100
AcDbPolyline
 90
3
 70
0
 10
161.85
 20
126.29
 10
162.43
 20
125.14
 10
162.71
 20
123.84
  0
LWPOLYLINE
  5
1505
330
17
100
AcDbEntity
  8
POLYLINES
100
AcDbPolyline
 90
3
 70
0
 10
162.71
 20
123.84
 10
162.57
 20
119.52
 10
161.99
 20
120.82
  0
LWPOLYLINE
  5
1506
330
17
100
AcDbEntity
  8
POLYLINES
100
AcDbPolyline
 90
3
 70
0
 10
169.19
 20
125.42
 10
169.05
 20
120.82
 10
168.62
 20
121.68
  0
LWPOLYLINE
  5
1507
330
17
100
AcDbEntity
  8
POLYLINES
100
AcDbPolyline
 90
3
 70
0
 10
166.03
 20
121.25
 10
166.75
 20
121.1
 10
169.34
 20
119.81
  0
LWPOLYLINE
  5
1508
330
17
100
AcDbEntity
  8
POLYLINES
100
AcDbPolyline
 90
4
 70
0
 10
167.18
 20
124.42
 10
166.89
 20
122.98
 10
167.03
 20
122.26
 10
166.75
 20
121.1
  0
LWPOLYLINE
  5
1509
330
17
100
AcDbEntity
  8
POLYLINES
100
AcDbPolyline
 90
5
 70
0
 10
178.41
 20
121.68
 10
178.41
 20
120.24
 10
177.83
 20
120.24
 10
177.55
 20
120.96
 10
177.55
 20
126.43
  0
LWPOLYLINE
  5
150A
330
17
100
AcDbEntity
  8
POLYLINES
100
AcDbPolyline
 90
4
 70
0
 10
175.96
 20
119.66
 10
176.54
 20
121.1
 10
176.68
 20
123.12
 10
176.68
 20
126.43
  0
LWPOLYLINE
  5
150B
330
17
100
AcDbEntity
  8
POLYLINES
100
AcDbPolyline
 90
4
 70
0
 10
179.99
 20
126.58
 10
179.85
 20
123.98
 10
179.56
 20
122.26
 10
178.84
 20
120.1
  0
LWPOLYLINE
  5
150C
330
17
100
AcDbEntity
  8
POLYLINES
100
AcDbPolyline
 90
3
 70
0
 10
181.0
 20
123.12
 10
180.57
 20
121.97
 10
182.01
 20
122.11
  0
LWPOLYLINE
  5
150D
330
17
100
AcDbEntity
  8
POLYLINES
100
AcDbPolyline
 90
3
 70
0
 10
180.57
 20
121.97
 10
179.99
 20
120.38
 10
179.42
 20
119.66
  0
LWPOLYLINE
  5
150E
330
17
100
AcDbEntity
  8
POLYLINES
100
AcDbPolyline
 90
3
 70
0
 10
182.01
 20
122.26
 10
181.29
 20
119.66
 10
180.86
 20
120.38
  0
LWPOLYLINE
  5
150F
330
17
100
AcDbEntity
  8
POLYLINES
100
AcDbPolyline
 90
5
 70
0
 10
184.03
 20
121.82
 10
184.03
 20
121.39
 10
183.88
 20
120.96
 10
183.59
 20
120.67
 10
183.31
 20
120.53
  0
LWPOLYLINE
  5
1510
330
17
100
AcDbEntity
  8
POLYLINES
100
AcDbPolyline
 90
3
 70
0
 10
183.55
 20
121.9
 10
183.82
 20
121.56
 10
184.09
 20
121.9
  0
LWPOLYLINE
  5
1511
330
17
100
AcDbEntity
  8
POLYLINES
100
AcDbPolyline
 90
3
 70
0
 10
184.09
 20
121.9
 10
183.82
 20
122.24
 10
183.55
 20
121.9
  0
LWPOLYLINE
  5
1512
330
17
100
AcDbEntity
  8
POLYLINES
100
AcDbPolyline
 90
3
 70
0
 10
184.02
 20
121.9
 10
183.82
 20
122.16
 10
183.61
 20
121.9
  0
LWPOLYLINE
  5
1513
330
17
100
AcDbEntity
  8
POLYLINES
100
AcDbPolyline
 90
3
 70
0
 10
183.61
 20
121.9
 10
183.82
 20
121.65
 10
184.02
 20
121.9
  0
LWPOLYLINE
  5
1514
330
17
100
AcDbEntity
  8
POLYLINES
100
AcDbPolyline
 90
3
 70
0
 10
191.08
 20
125.42
 10
190.94
 20
120.82
 10
190.36
 20
121.68
  0
LWPOLYLINE
  5
1515
330
17
100
AcDbEntity
  8
POLYLINES
100
AcDbPolyline
 90
3
 70
0
 10
187.77
 20
121.25
 10
188.63
 20
121.1
 10
191.08
 20
119.81
  0
LWPOLYLINE
  5
1516
330
17
100
AcDbEntity
  8
POLYLINES
100
AcDbPolyline
 90
4
 70
0
 10
188.92
 20
124.42
 10
188.63
 20
122.98
 10
188.92
 20
122.26
 10
188.63
 20
121.1
  0
LWPOLYLINE
  5
1517
330
17
100
AcDbEntity
  8
POLYLINES
100
AcDbPolyline
 90
3
 70
0
 10
198.28
 20
125.42
 10
198.14
 20
124.42
 10
197.71
 20
123.41
  0
LWPOLYLINE
  5
1518
330
17
100
AcDbEntity
  8
POLYLINES
100
AcDbPolyline
 90
3
 70
0
 10
197.42
 20
119.66
 10
198.43
 20
120.82
 10
198.86
 20
121.82
  0
LWPOLYLINE
  5
1519
330
17
100
AcDbEntity
  8
POLYLINES
100
AcDbPolyline
 90
3
 70
0
 10
198.14
 20
122.69
 10
199.58
 20
119.81
 10
200.15
 20
119.81
  0
LWPOLYLINE
  5
151A
330
17
100
AcDbEntity
  8
POLYLINES
100
AcDbPolyline
 90
5
 70
0
 10
199.15
 20
126.86
 10
199.15
 20
125.71
 10
199.15
 20
124.56
 10
199.43
 20
124.13
 10
200.01
 20
124.13
  0
LWPOLYLINE
  5
151B
330
17
100
AcDbEntity
  8
POLYLINES
100
AcDbPolyline
 90
3
 70
0
 10
202.03
 20
125.28
 10
204.19
 20
122.69
 10
204.62
 20
122.83
  0
LWPOLYLINE
  5
151C
330
17
100
AcDbEntity
  8
POLYLINES
100
AcDbPolyline
 90
4
 70
0
 10
203.61
 20
126.29
 10
202.6
 20
124.56
 10
201.59
 20
123.12
 10
200.59
 20
122.11
  0
LWPOLYLINE
  5
151D
330
17
100
AcDbEntity
  8
POLYLINES
100
AcDbPolyline
 90
3
 70
0
 10
207.07
 20
121.1
 10
206.49
 20
120.24
 10
205.19
 20
119.52
  0
LWPOLYLINE
  5
151E
330
17
100
AcDbEntity
  8
POLYLINES
100
AcDbPolyline
 90
3
 70
0
 10
207.64
 20
123.41
 10
207.5
 20
122.4
 10
207.07
 20
121.1
  0
LWPOLYLINE
  5
151F
330
17
100
AcDbEntity
  8
POLYLINES
100
AcDbPolyline
 90
3
 70
0
 10
211.24
 20
122.54
 10
212.68
 20
119.81
 10
213.26
 20
119.81
  0
LWPOLYLINE
  5
1520
330
17
100
AcDbEntity
  8
POLYLINES
100
AcDbPolyline
 90
3
 70
0
 10
211.39
 20
122.69
 10
210.81
 20
121.68
 10
209.37
 20
120.24
  0
LWPOLYLINE
  5
1521
330
17
100
AcDbEntity
  8
POLYLINES
100
AcDbPolyline
 90
3
 70
0
 10
222.47
 20
121.54
 10
222.91
 20
120.82
 10
223.63
 20
124.13
  0
LWPOLYLINE
  5
1522
330
17
100
AcDbEntity
  8
POLYLINES
100
AcDbPolyline
 90
3
 70
0
 10
228.81
 20
125.42
 10
228.52
 20
124.42
 10
228.23
 20
123.41
  0
LWPOLYLINE
  5
1523
330
17
100
AcDbEntity
  8
POLYLINES
100
AcDbPolyline
 90
3
 70
0
 10
227.95
 20
119.66
 10
228.81
 20
120.82
 10
229.39
 20
121.82
  0
LWPOLYLINE
  5
1524
330
17
100
AcDbEntity
  8
POLYLINES
100
AcDbPolyline
 90
3
 70
0
 10
228.67
 20
122.69
 10
230.11
 20
119.81
 10
230.68
 20
119.81
  0
LWPOLYLINE
  5
1525
330
17
100
AcDbEntity
  8
POLYLINES
100
AcDbPolyline
 90
5
 70
0
 10
229.53
 20
126.86
 10
229.53
 20
125.71
 10
229.67
 20
124.56
 10
229.96
 20
124.13
 10
230.54
 20
124.13
  0
LWPOLYLINE
  5
1526
330
17
100
AcDbEntity
  8
POLYLINES
100
AcDbPolyline
 90
3
 70
0
 10
232.41
 20
125.28
 10
234.57
 20
122.69
 10
235.0
 20
122.83
  0
LWPOLYLINE
  5
1527
330
17
100
AcDbEntity
  8
POLYLINES
100
AcDbPolyline
 90
4
 70
0
 10
234.14
 20
126.29
 10
233.13
 20
124.56
 10
232.12
 20
123.12
 10
231.11
 20
122.11
  0
LWPOLYLINE
  5
1528
330
17
100
AcDbEntity
  8
POLYLINES
100
AcDbPolyline
 90
3
 70
0
 10
241.77
 20
124.85
 10
241.48
 20
123.41
 10
240.76
 20
121.25
  0
LWPOLYLINE
  5
1529
330
17
100
AcDbEntity
  8
POLYLINES
100
AcDbPolyline
 90
3
 70
0
 10
243.21
 20
125.42
 10
242.92
 20
119.66
 10
242.2
 20
120.82
  0
LWPOLYLINE
  5
152A
330
17
100
AcDbEntity
  8
POLYLINES
100
AcDbPolyline
 90
5
 70
0
 10
245.08
 20
121.82
 10
245.08
 20
121.39
 10
244.94
 20
120.96
 10
244.51
 20
120.67
 10
244.22
 20
120.53
  0
LWPOLYLINE
  5
152B
330
17
100
AcDbEntity
  8
POLYLINES
100
AcDbPolyline
 90
3
 70
0
 10
244.5
 20
121.9
 10
244.77
 20
121.56
 10
245.04
 20
121.9
  0
LWPOLYLINE
  5
152C
330
17
100
AcDbEntity
  8
POLYLINES
100
AcDbPolyline
 90
3
 70
0
 10
245.04
 20
121.9
 10
244.77
 20
122.24
 10
244.5
 20
121.9
  0
LWPOLYLINE
  5
152D
330
17
100
AcDbEntity
  8
POLYLINES
100
AcDbPolyline
 90
3
 70
0
 10
244.98
 20
121.9
 10
244.77
 20
122.16
 10
244.57
 20
121.9
  0
LWPOLYLINE
  5
152E
330
17
100
AcDbEntity
  8
POLYLINES
100
AcDbPolyline
 90
3
 70
0
 10
244.57
 20
121.9
 10
244.77
 20
121.65
 10
244.98
 20
121.9
  0
LWPOLYLINE
  5
152F
330
17
100
AcDbEntity
  8
POLYLINES
100
AcDbPolyline
 90
4
 70
0
 10
250.7
 20
123.98
 10
250.7
 20
120.24
 10
251.13
 20
119.81
 10
252.14
 20
119.81
  0
LINE
  5
1530
330
17
100
AcDbEntity
  8
LINES
100
AcDbLine
 10
248.83
 20
119.95
 30
0.0
 11
250.05
 21
122.83
 31
0.0
  0
LWPOLYLINE
  5
1531
330
17
100
AcDbEntity
  8
POLYLINES
100
AcDbPolyline
 90
3
 70
0
 10
259.91
 20
120.67
 10
261.07
 20
120.67
 10
260.92
 20
122.26
  0
LWPOLYLINE
  5
1532
330
17
100
AcDbEntity
  8
POLYLINES
100
AcDbPolyline
 90
3
 70
0
 10
259.48
 20
124.13
 10
259.48
 20
121.1
 10
259.91
 20
120.67
  0
LWPOLYLINE
  5
1533
330
17
100
AcDbEntity
  8
POLYLINES
100
AcDbPolyline
 90
3
 70
0
 10
258.04
 20
126.29
 10
258.04
 20
124.27
 10
257.9
 20
122.69
  0
LWPOLYLINE
  5
1534
330
17
100
AcDbEntity
  8
POLYLINES
100
AcDbPolyline
 90
3
 70
0
 10
264.38
 20
121.39
 10
265.39
 20
119.81
 10
265.39
 20
121.54
  0
LWPOLYLINE
  5
1535
330
17
100
AcDbEntity
  8
POLYLINES
100
AcDbPolyline
 90
3
 70
0
 10
263.66
 20
127.15
 10
263.95
 20
123.12
 10
264.38
 20
121.39
  0
LWPOLYLINE
  5
1536
330
17
100
AcDbEntity
  8
POLYLINES
100
AcDbPolyline
 90
3
 70
0
 10
264.81
 20
123.12
 10
264.23
 20
121.97
 10
262.94
 20
120.24
  0
LWPOLYLINE
  5
1537
330
17
100
AcDbEntity
  8
POLYLINES
100
AcDbPolyline
 90
3
 70
0
 10
267.83
 20
125.86
 10
267.4
 20
123.41
 10
266.97
 20
124.27
  0
LWPOLYLINE
  5
1538
330
17
100
AcDbEntity
  8
POLYLINES
100
AcDbPolyline
 90
3
 70
0
 10
267.98
 20
122.4
 10
269.13
 20
120.1
 10
269.71
 20
120.1
  0
LWPOLYLINE
  5
1539
330
17
100
AcDbEntity
  8
POLYLINES
100
AcDbPolyline
 90
3
 70
0
 10
266.97
 20
125.42
 10
266.54
 20
124.13
 10
265.96
 20
122.69
  0
LWPOLYLINE
  5
153A
330
17
100
AcDbEntity
  8
POLYLINES
100
AcDbPolyline
 90
4
 70
0
 10
272.01
 20
123.84
 10
272.01
 20
122.4
 10
271.58
 20
120.82
 10
270.86
 20
119.81
  0
LWPOLYLINE
  5
153B
330
17
100
AcDbEntity
  8
POLYLINES
100
AcDbPolyline
 90
4
 70
0
 10
271.29
 20
127.01
 10
271.29
 20
125.42
 10
271.0
 20
122.83
 10
270.28
 20
119.81
  0
LWPOLYLINE
  5
153C
330
17
100
AcDbEntity
  8
POLYLINES
100
AcDbPolyline
 90
4
 70
0
 10
280.22
 20
126.86
 10
280.22
 20
123.7
 10
279.93
 20
121.68
 10
278.92
 20
119.52
  0
LWPOLYLINE
  5
153D
330
17
100
AcDbEntity
  8
POLYLINES
100
AcDbPolyline
 90
3
 70
0
 10
280.51
 20
123.7
 10
282.09
 20
119.81
 10
282.81
 20
119.81
  0
LWPOLYLINE
  5
153E
330
17
100
AcDbEntity
  8
POLYLINES
100
AcDbPolyline
 90
3
 70
0
 10
285.98
 20
127.3
 10
285.83
 20
119.81
 10
285.11
 20
120.82
  0
LWPOLYLINE
  5
153F
330
17
100
AcDbEntity
  8
POLYLINES
100
AcDbPolyline
 90
3
 70
0
 10
289.29
 20
124.42
 10
288.86
 20
121.82
 10
287.71
 20
119.66
  0
LWPOLYLINE
  5
1540
330
17
100
AcDbEntity
  8
POLYLINES
100
AcDbPolyline
 90
3
 70
0
 10
294.33
 20
121.97
 10
294.76
 20
123.41
 10
295.05
 20
126.72
  0
LWPOLYLINE
  5
1541
330
17
100
AcDbEntity
  8
POLYLINES
100
AcDbPolyline
 90
3
 70
0
 10
298.36
 20
123.55
 10
299.8
 20
120.82
 10
300.23
 20
120.82
  0
LWPOLYLINE
  5
1542
330
17
100
AcDbEntity
  8
POLYLINES
100
AcDbPolyline
 90
3
 70
0
 10
304.27
 20
126.72
 10
304.27
 20
119.66
 10
303.69
 20
120.82
  0
LWPOLYLINE
  5
1543
330
17
100
AcDbEntity
  8
POLYLINES
100
AcDbPolyline
 90
4
 70
0
 10
301.1
 20
120.24
 10
301.53
 20
121.54
 10
301.82
 20
123.98
 10
301.82
 20
126.86
  0
LWPOLYLINE
  5
1544
330
17
100
AcDbEntity
  8
POLYLINES
100
AcDbPolyline
 90
14
 70
0
 10
305.13
 20
125.86
 10
305.13
 20
126.14
 10
305.42
 20
127.01
 10
305.71
 20
127.44
 10
306.43
 20
127.73
 10
307.58
 20
127.73
 10
308.3
 20
127.44
 10
308.59
 20
127.01
 10
308.87
 20
126.14
 10
308.87
 20
125.42
 10
308.59
 20
124.7
 10
308.01
 20
123.55
 10
304.84
 20
119.66
 10
309.16
 20
119.66
  0
LWPOLYLINE
  5
1545
330
17
100
AcDbEntity
  8
POLYLINES
100
AcDbPolyline
 90
14
 70
0
 10
311.32
 20
125.86
 10
311.32
 20
126.14
 10
311.75
 20
127.01
 10
312.04
 20
127.44
 10
312.62
 20
127.73
 10
313.91
 20
127.73
 10
314.49
 20
127.44
 10
314.78
 20
127.01
 10
315.07
 20
126.14
 10
315.07
 20
125.42
 10
314.78
 20
124.7
 10
314.2
 20
123.55
 10
311.03
 20
119.66
 10
315.35
 20
119.66
  0
LWPOLYLINE
  5
1546
330
17
100
AcDbEntity
  8
POLYLINES
100
AcDbPolyline
 90
23
 70
0
 10
320.97
 20
126.58
 10
320.68
 20
127.44
 10
319.82
 20
127.73
 10
319.1
 20
127.73
 10
318.23
 20
127.44
 10
317.66
 20
126.14
 10
317.23
 20
124.27
 10
317.23
 20
122.4
 10
317.66
 20
120.82
 10
318.23
 20
119.95
 10
319.1
 20
119.66
 10
319.53
 20
119.66
 10
320.39
 20
119.95
 10
320.97
 20
120.82
 10
321.26
 20
121.97
 10
321.26
 20
122.4
 10
320.97
 20
123.55
 10
320.39
 20
124.27
 10
319.53
 20
124.7
 10
319.1
 20
124.7
 10
318.23
 20
124.27
 10
317.66
 20
123.55
 10
317.23
 20
122.4
  0
LWPOLYLINE
  5
1547
330
17
100
AcDbEntity
  8
POLYLINES
100
AcDbPolyline
 90
17
 70
0
 10
325.43
 20
127.73
 10
324.43
 20
127.44
 10
323.85
 20
126.14
 10
323.56
 20
124.27
 10
323.56
 20
123.12
 10
323.85
 20
121.1
 10
324.43
 20
119.95
 10
325.43
 20
119.66
 10
326.01
 20
119.66
 10
326.87
 20
119.95
 10
327.59
 20
121.1
 10
327.88
 20
123.12
 10
327.88
 20
124.27
 10
327.59
 20
126.14
 10
326.87
 20
127.44
 10
326.01
 20
127.73
 10
325.43
 20
127.73
  0
LWPOLYLINE
  5
1548
330
17
100
AcDbEntity
  8
POLYLINES
100
AcDbPolyline
 90
7
 70
0
 10
329.75
 20
123.55
 10
330.62
 20
124.7
 10
331.34
 20
124.99
 10
332.2
 20
124.99
 10
332.78
 20
124.7
 10
333.21
 20
123.55
 10
333.21
 20
119.66
  0
LWPOLYLINE
  5
1549
330
17
100
AcDbEntity
  8
POLYLINES
100
AcDbPolyline
 90
7
 70
0
 10
333.21
 20
123.55
 10
334.07
 20
124.7
 10
334.65
 20
124.99
 10
335.66
 20
124.99
 10
336.23
 20
124.7
 10
336.52
 20
123.55
 10
336.52
 20
119.66
  0
LWPOLYLINE
  5
154A
330
17
100
AcDbEntity
  8
POLYLINES
100
AcDbPolyline
 90
7
 70
0
 10
339.11
 20
123.55
 10
339.98
 20
124.7
 10
340.55
 20
124.99
 10
341.56
 20
124.99
 10
342.14
 20
124.7
 10
342.43
 20
123.55
 10
342.43
 20
119.66
  0
LWPOLYLINE
  5
154B
330
17
100
AcDbEntity
  8
POLYLINES
100
AcDbPolyline
 90
7
 70
0
 10
342.43
 20
123.55
 10
343.43
 20
124.7
 10
344.01
 20
124.99
 10
345.02
 20
124.99
 10
345.59
 20
124.7
 10
345.88
 20
123.55
 10
345.88
 20
119.66
  0
LWPOLYLINE
  5
154C
330
17
100
AcDbEntity
  8
POLYLINES
100
AcDbPolyline
 90
29
 70
0
 10
354.23
 20
127.73
 10
353.37
 20
127.44
 10
353.08
 20
126.58
 10
353.08
 20
125.86
 10
353.37
 20
124.99
 10
353.95
 20
124.7
 10
355.24
 20
124.27
 10
356.11
 20
123.84
 10
356.83
 20
123.12
 10
357.11
 20
122.4
 10
357.11
 20
121.1
 10
356.83
 20
120.38
 10
356.54
 20
119.95
 10
355.53
 20
119.66
 10
354.23
 20
119.66
 10
353.37
 20
119.95
 10
353.08
 20
120.38
 10
352.79
 20
121.1
 10
352.79
 20
122.4
 10
353.08
 20
123.12
 10
353.66
 20
123.84
 10
354.67
 20
124.27
 10
355.82
 20
124.7
 10
356.54
 20
124.99
 10
356.83
 20
125.86
 10
356.83
 20
126.58
 10
356.54
 20
127.44
 10
355.53
 20
127.73
 10
354.23
 20
127.73
  0
LWPOLYLINE
  5
154D
330
17
100
AcDbEntity
  8
POLYLINES
100
AcDbPolyline
 90
17
 70
0
 10
360.86
 20
127.73
 10
359.85
 20
127.44
 10
359.27
 20
126.14
 10
358.99
 20
124.27
 10
358.99
 20
123.12
 10
359.27
 20
121.1
 10
359.85
 20
119.95
 10
360.86
 20
119.66
 10
361.43
 20
119.66
 10
362.44
 20
119.95
 10
363.02
 20
121.1
 10
363.31
 20
123.12
 10
363.31
 20
124.27
 10
363.02
 20
126.14
 10
362.44
 20
127.44
 10
361.43
 20
127.73
 10
360.86
 20
127.73
  0
LWPOLYLINE
  5
154E
330
17
100
AcDbEntity
  8
POLYLINES
100
AcDbPolyline
 90
17
 70
0
 10
367.05
 20
127.73
 10
366.04
 20
127.44
 10
365.47
 20
126.14
 10
365.18
 20
124.27
 10
365.18
 20
123.12
 10
365.47
 20
121.1
 10
366.04
 20
119.95
 10
367.05
 20
119.66
 10
367.63
 20
119.66
 10
368.63
 20
119.95
 10
369.21
 20
121.1
 10
369.5
 20
123.12
 10
369.5
 20
124.27
 10
369.21
 20
126.14
 10
368.63
 20
127.44
 10
367.63
 20
127.73
 10
367.05
 20
127.73
  0
LWPOLYLINE
  5
154F
330
17
100
AcDbEntity
  8
POLYLINES
100
AcDbPolyline
 90
7
 70
0
 10
371.37
 20
123.55
 10
372.38
 20
124.7
 10
372.95
 20
124.99
 10
373.82
 20
124.99
 10
374.54
 20
124.7
 10
374.83
 20
123.55
 10
374.83
 20
119.66
  0
LWPOLYLINE
  5
1550
330
17
100
AcDbEntity
  8
POLYLINES
100
AcDbPolyline
 90
7
 70
0
 10
374.83
 20
123.55
 10
375.69
 20
124.7
 10
376.41
 20
124.99
 10
377.27
 20
124.99
 10
377.99
 20
124.7
 10
378.28
 20
123.55
 10
378.28
 20
119.66
  0
LWPOLYLINE
  5
1551
330
17
100
AcDbEntity
  8
POLYLINES
100
AcDbPolyline
 90
7
 70
0
 10
380.73
 20
123.55
 10
381.59
 20
124.7
 10
382.31
 20
124.99
 10
383.18
 20
124.99
 10
383.9
 20
124.7
 10
384.19
 20
123.55
 10
384.19
 20
119.66
  0
LWPOLYLINE
  5
1552
330
17
100
AcDbEntity
  8
POLYLINES
100
AcDbPolyline
 90
7
 70
0
 10
384.19
 20
123.55
 10
385.05
 20
124.7
 10
385.77
 20
124.99
 10
386.63
 20
124.99
 10
387.21
 20
124.7
 10
387.64
 20
123.55
 10
387.64
 20
119.66
  0
LWPOLYLINE
  5
1553
330
17
100
AcDbEntity
  8
POLYLINES
100
AcDbPolyline
 90
3
 70
0
 10
393.94
 20
126.5
 10
393.74
 20
120.87
 10
394.0
 20
120.54
  0
LWPOLYLINE
  5
1554
330
17
100
AcDbEntity
  8
POLYLINES
100
AcDbPolyline
 90
5
 70
0
 10
396.86
 20
121.82
 10
396.86
 20
120.1
 10
397.0
 20
119.66
 10
398.59
 20
119.66
 10
398.44
 20
121.25
  0
LWPOLYLINE
  5
1555
330
17
100
AcDbEntity
  8
POLYLINES
100
AcDbPolyline
 90
4
 70
0
 10
396.71
 20
122.54
 10
396.43
 20
121.25
 10
395.85
 20
120.24
 10
394.7
 20
119.52
  0
LWPOLYLINE
  5
1556
330
17
100
AcDbEntity
  8
POLYLINES
100
AcDbPolyline
 90
3
 70
0
 10
399.24
 20
120.54
 10
399.57
 20
126.16
 10
399.31
 20
126.5
  0
LWPOLYLINE
  5
1557
330
17
100
AcDbEntity
  8
POLYLINES
100
AcDbPolyline
 90
23
 70
0
 10
411.26
 20
126.58
 10
410.83
 20
127.44
 10
409.96
 20
127.73
 10
409.39
 20
127.73
 10
408.38
 20
127.44
 10
407.8
 20
126.14
 10
407.51
 20
124.27
 10
407.51
 20
122.4
 10
407.8
 20
120.82
 10
408.38
 20
119.95
 10
409.39
 20
119.66
 10
409.67
 20
119.66
 10
410.54
 20
119.95
 10
411.26
 20
120.82
 10
411.55
 20
121.97
 10
411.55
 20
122.4
 10
411.26
 20
123.55
 10
410.54
 20
124.27
 10
409.67
 20
124.7
 10
409.39
 20
124.7
 10
408.38
 20
124.27
 10
407.8
 20
123.55
 10
407.51
 20
122.4
  0
LWPOLYLINE
  5
1558
330
17
100
AcDbEntity
  8
POLYLINES
100
AcDbPolyline
 90
17
 70
0
 10
415.58
 20
127.73
 10
414.57
 20
127.44
 10
413.99
 20
126.14
 10
413.71
 20
124.27
 10
413.71
 20
123.12
 10
413.99
 20
121.1
 10
414.57
 20
119.95
 10
415.58
 20
119.66
 10
416.15
 20
119.66
 10
417.16
 20
119.95
 10
417.74
 20
121.1
 10
418.03
 20
123.12
 10
418.03
 20
124.27
 10
417.74
 20
126.14
 10
417.16
 20
127.44
 10
416.15
 20
127.73
 10
415.58
 20
127.73
  0
LWPOLYLINE
  5
1559
330
17
100
AcDbEntity
  8
POLYLINES
100
AcDbPolyline
 90
17
 70
0
 10
421.77
 20
127.73
 10
420.91
 20
127.44
 10
420.19
 20
126.14
 10
419.9
 20
124.27
 10
419.9
 20
123.12
 10
420.19
 20
121.1
 10
420.91
 20
119.95
 10
421.77
 20
119.66
 10
422.35
 20
119.66
 10
423.35
 20
119.95
 10
423.93
 20
121.1
 10
424.22
 20
123.12
 10
424.22
 20
124.27
 10
423.93
 20
126.14
 10
423.35
 20
127.44
 10
422.35
 20
127.73
 10
421.77
 20
127.73
  0
LWPOLYLINE
  5
155A
330
17
100
AcDbEntity
  8
POLYLINES
100
AcDbPolyline
 90
7
 70
0
 10
426.09
 20
123.55
 10
427.1
 20
124.7
 10
427.67
 20
124.99
 10
428.68
 20
124.99
 10
429.26
 20
124.7
 10
429.55
 20
123.55
 10
429.55
 20
119.66
  0
LWPOLYLINE
  5
155B
330
17
100
AcDbEntity
  8
POLYLINES
100
AcDbPolyline
 90
7
 70
0
 10
429.55
 20
123.55
 10
430.55
 20
124.7
 10
431.13
 20
124.99
 10
431.99
 20
124.99
 10
432.71
 20
124.7
 10
433.0
 20
123.55
 10
433.0
 20
119.66
  0
LWPOLYLINE
  5
155C
330
17
100
AcDbEntity
  8
POLYLINES
100
AcDbPolyline
 90
7
 70
0
 10
435.45
 20
123.55
 10
436.46
 20
124.7
 10
437.03
 20
124.99
 10
437.9
 20
124.99
 10
438.62
 20
124.7
 10
438.91
 20
123.55
 10
438.91
 20
119.66
  0
LWPOLYLINE
  5
155D
330
17
100
AcDbEntity
  8
POLYLINES
100
AcDbPolyline
 90
7
 70
0
 10
438.91
 20
123.55
 10
439.77
 20
124.7
 10
440.49
 20
124.99
 10
441.35
 20
124.99
 10
441.93
 20
124.7
 10
442.36
 20
123.55
 10
442.36
 20
119.66
  0
LWPOLYLINE
  5
155E
330
17
100
AcDbEntity
  8
POLYLINES
100
AcDbPolyline
 90
5
 70
0
 10
445.96
 20
121.82
 10
445.96
 20
121.39
 10
445.82
 20
120.96
 10
445.53
 20
120.67
 10
445.1
 20
120.53
  0
LWPOLYLINE
  5
155F
330
17
100
AcDbEntity
  8
POLYLINES
100
AcDbPolyline
 90
3
 70
0
 10
445.41
 20
121.9
 10
445.68
 20
121.56
 10
445.95
 20
121.9
  0
LWPOLYLINE
  5
1560
330
17
100
AcDbEntity
  8
POLYLINES
100
AcDbPolyline
 90
3
 70
0
 10
445.95
 20
121.9
 10
445.68
 20
122.24
 10
445.41
 20
121.9
  0
LWPOLYLINE
  5
1561
330
17
100
AcDbEntity
  8
POLYLINES
100
AcDbPolyline
 90
3
 70
0
 10
445.88
 20
121.9
 10
445.68
 20
122.16
 10
445.48
 20
121.9
  0
LWPOLYLINE
  5
1562
330
17
100
AcDbEntity
  8
POLYLINES
100
AcDbPolyline
 90
3
 70
0
 10
445.48
 20
121.9
 10
445.68
 20
121.65
 10
445.88
 20
121.9
  0
LWPOLYLINE
  5
1563
330
17
100
AcDbEntity
  8
POLYLINES
100
AcDbPolyline
 90
3
 70
0
 10
450.57
 20
122.98
 10
450.14
 20
121.1
 10
451.29
 20
120.24
  0
LWPOLYLINE
  5
1564
330
17
100
AcDbEntity
  8
POLYLINES
100
AcDbPolyline
 90
4
 70
0
 10
451.15
 20
122.83
 10
450.86
 20
121.25
 10
450.43
 20
120.24
 10
449.85
 20
119.66
  0
LWPOLYLINE
  5
1565
330
17
100
AcDbEntity
  8
POLYLINES
100
AcDbPolyline
 90
4
 70
0
 10
452.01
 20
127.01
 10
452.01
 20
125.42
 10
451.72
 20
124.42
 10
451.29
 20
122.69
  0
LWPOLYLINE
  5
1566
330
17
100
AcDbEntity
  8
POLYLINES
100
AcDbPolyline
 90
4
 70
0
 10
452.44
 20
124.56
 10
452.3
 20
122.4
 10
451.87
 20
120.82
 10
451.0
 20
119.38
  0
LWPOLYLINE
  5
1567
330
17
100
AcDbEntity
  8
POLYLINES
100
AcDbPolyline
 90
3
 70
0
 10
451.58
 20
123.41
 10
452.59
 20
119.81
 10
453.16
 20
119.81
  0
LWPOLYLINE
  5
1568
330
17
100
AcDbEntity
  8
POLYLINES
100
AcDbPolyline
 90
4
 70
0
 10
455.75
 20
126.43
 10
455.75
 20
124.42
 10
455.61
 20
121.68
 10
455.18
 20
119.52
  0
LWPOLYLINE
  5
1569
330
17
100
AcDbEntity
  8
POLYLINES
100
AcDbPolyline
 90
3
 70
0
 10
454.46
 20
120.67
 10
454.89
 20
119.66
 10
454.89
 20
127.01
  0
LWPOLYLINE
  5
156A
330
17
100
AcDbEntity
  8
POLYLINES
100
AcDbPolyline
 90
3
 70
0
 10
461.66
 20
125.42
 10
461.51
 20
120.82
 10
460.94
 20
121.68
  0
LWPOLYLINE
  5
156B
330
17
100
AcDbEntity
  8
POLYLINES
100
AcDbPolyline
 90
3
 70
0
 10
458.35
 20
121.25
 10
459.21
 20
121.1
 10
461.66
 20
119.81
  0
LWPOLYLINE
  5
156C
330
17
100
AcDbEntity
  8
POLYLINES
100
AcDbPolyline
 90
4
 70
0
 10
459.5
 20
124.42
 10
459.21
 20
122.98
 10
459.35
 20
122.26
 10
459.21
 20
121.1
  0
LWPOLYLINE
  5
156D
330
17
100
AcDbEntity
  8
POLYLINES
100
AcDbPolyline
 90
3
 70
0
 10
470.15
 20
127.01
 10
470.15
 20
119.81
 10
469.58
 20
120.82
  0
LWPOLYLINE
  5
156E
330
17
100
AcDbEntity
  8
POLYLINES
100
AcDbPolyline
 90
4
 70
0
 10
472.89
 20
123.84
 10
472.89
 20
122.4
 10
472.46
 20
120.82
 10
471.74
 20
119.81
  0
LWPOLYLINE
  5
156F
330
17
100
AcDbEntity
  8
POLYLINES
100
AcDbPolyline
 90
4
 70
0
 10
472.17
 20
127.01
 10
472.17
 20
125.42
 10
471.88
 20
122.83
 10
471.31
 20
119.81
  0
LWPOLYLINE
  5
1570
330
17
100
AcDbEntity
  8
POLYLINES
100
AcDbPolyline
 90
4
 70
0
 10
481.1
 20
126.86
 10
481.1
 20
123.7
 10
480.81
 20
121.68
 10
479.95
 20
119.52
  0
LWPOLYLINE
  5
1571
330
17
100
AcDbEntity
  8
POLYLINES
100
AcDbPolyline
 90
3
 70
0
 10
481.39
 20
123.7
 10
482.97
 20
119.81
 10
483.69
 20
119.81
  0
LWPOLYLINE
  5
1572
330
17
100
AcDbEntity
  8
POLYLINES
100
AcDbPolyline
 90
3
 70
0
 10
486.86
 20
127.3
 10
486.71
 20
119.81
 10
485.99
 20
120.82
  0
LWPOLYLINE
  5
1573
330
17
100
AcDbEntity
  8
POLYLINES
100
AcDbPolyline
 90
3
 70
0
 10
490.17
 20
124.42
 10
489.74
 20
121.82
 10
488.73
 20
119.66
  0
LWPOLYLINE
  5
1574
330
17
100
AcDbEntity
  8
POLYLINES
100
AcDbPolyline
 90
3
 70
0
 10
495.21
 20
121.97
 10
495.64
 20
123.41
 10
495.93
 20
126.72
  0
LWPOLYLINE
  5
1575
330
17
100
AcDbEntity
  8
POLYLINES
100
AcDbPolyline
 90
3
 70
0
 10
499.24
 20
123.55
 10
500.68
 20
120.82
 10
501.26
 20
120.82
  0
LWPOLYLINE
  5
1576
330
17
100
AcDbEntity
  8
POLYLINES
100
AcDbPolyline
 90
3
 70
0
 10
128.15
 20
113.18
 10
128.15
 20
106.13
 10
127.43
 20
107.28
  0
LWPOLYLINE
  5
1577
330
17
100
AcDbEntity
  8
POLYLINES
100
AcDbPolyline
 90
4
 70
0
 10
124.99
 20
106.56
 10
125.42
 20
107.86
 10
125.71
 20
110.45
 10
125.71
 20
113.18
  0
LWPOLYLINE
  5
1578
330
17
100
AcDbEntity
  8
POLYLINES
100
AcDbPolyline
 90
14
 70
0
 10
129.02
 20
112.18
 10
129.02
 20
112.61
 10
129.31
 20
113.33
 10
129.59
 20
113.76
 10
130.31
 20
114.19
 10
131.47
 20
114.19
 10
132.19
 20
113.76
 10
132.47
 20
113.33
 10
132.76
 20
112.61
 10
132.76
 20
111.89
 10
132.47
 20
111.02
 10
131.75
 20
109.87
 10
128.73
 20
105.98
 10
133.05
 20
105.98
  0
LWPOLYLINE
  5
1579
330
17
100
AcDbEntity
  8
POLYLINES
100
AcDbPolyline
 90
14
 70
0
 10
135.21
 20
112.18
 10
135.21
 20
112.61
 10
135.5
 20
113.33
 10
135.93
 20
113.76
 10
136.51
 20
114.19
 10
137.8
 20
114.19
 10
138.38
 20
113.76
 10
138.67
 20
113.33
 10
138.95
 20
112.61
 10
138.95
 20
111.89
 10
138.67
 20
111.02
 10
138.09
 20
109.87
 10
134.92
 20
105.98
 10
139.24
 20
105.98
  0
LWPOLYLINE
  5
157A
330
17
100
AcDbEntity
  8
POLYLINES
100
AcDbPolyline
 90
23
 70
0
 10
144.86
 20
113.04
 10
144.57
 20
113.76
 10
143.71
 20
114.19
 10
142.99
 20
114.19
 10
142.12
 20
113.76
 10
141.4
 20
112.61
 10
141.11
 20
110.74
 10
141.11
 20
108.72
 10
141.4
 20
107.14
 10
142.12
 20
106.42
 10
142.99
 20
105.98
 10
143.27
 20
105.98
 10
144.28
 20
106.42
 10
144.86
 20
107.14
 10
145.15
 20
108.29
 10
145.15
 20
108.72
 10
144.86
 20
109.87
 10
144.28
 20
110.74
 10
143.27
 20
111.02
 10
142.99
 20
111.02
 10
142.12
 20
110.74
 10
141.4
 20
109.87
 10
141.11
 20
108.72
  0
LWPOLYLINE
  5
157B
330
17
100
AcDbEntity
  8
POLYLINES
100
AcDbPolyline
 90
17
 70
0
 10
149.18
 20
114.19
 10
148.31
 20
113.76
 10
147.74
 20
112.61
 10
147.31
 20
110.74
 10
147.31
 20
109.44
 10
147.74
 20
107.57
 10
148.31
 20
106.42
 10
149.18
 20
105.98
 10
149.9
 20
105.98
 10
150.76
 20
106.42
 10
151.48
 20
107.57
 10
151.77
 20
109.44
 10
151.77
 20
110.74
 10
151.48
 20
112.61
 10
150.76
 20
113.76
 10
149.9
 20
114.19
 10
149.18
 20
114.19
  0
LWPOLYLINE
  5
157C
330
17
100
AcDbEntity
  8
POLYLINES
100
AcDbPolyline
 90
7
 70
0
 10
153.64
 20
109.87
 10
154.51
 20
111.02
 10
155.08
 20
111.46
 10
156.09
 20
111.46
 10
156.67
 20
111.02
 10
156.95
 20
109.87
 10
156.95
 20
105.98
  0
LWPOLYLINE
  5
157D
330
17
100
AcDbEntity
  8
POLYLINES
100
AcDbPolyline
 90
7
 70
0
 10
156.95
 20
109.87
 10
157.96
 20
111.02
 10
158.54
 20
111.46
 10
159.55
 20
111.46
 10
160.12
 20
111.02
 10
160.41
 20
109.87
 10
160.41
 20
105.98
  0
LWPOLYLINE
  5
157E
330
17
100
AcDbEntity
  8
POLYLINES
100
AcDbPolyline
 90
7
 70
0
 10
162.86
 20
109.87
 10
163.87
 20
111.02
 10
164.44
 20
111.46
 10
165.45
 20
111.46
 10
166.03
 20
111.02
 10
166.31
 20
109.87
 10
166.31
 20
105.98
  0
LWPOLYLINE
  5
157F
330
17
100
AcDbEntity
  8
POLYLINES
100
AcDbPolyline
 90
7
 70
0
 10
166.31
 20
109.87
 10
167.32
 20
111.02
 10
167.9
 20
111.46
 10
168.76
 20
111.46
 10
169.48
 20
111.02
 10
169.77
 20
109.87
 10
169.77
 20
105.98
  0
LWPOLYLINE
  5
1580
330
17
100
AcDbEntity
  8
POLYLINES
100
AcDbPolyline
 90
23
 70
0
 10
180.28
 20
113.04
 10
179.99
 20
113.76
 10
179.13
 20
114.19
 10
178.41
 20
114.19
 10
177.55
 20
113.76
 10
176.97
 20
112.61
 10
176.54
 20
110.74
 10
176.54
 20
108.72
 10
176.97
 20
107.14
 10
177.55
 20
106.42
 10
178.41
 20
105.98
 10
178.84
 20
105.98
 10
179.71
 20
106.42
 10
180.28
 20
107.14
 10
180.71
 20
108.29
 10
180.71
 20
108.72
 10
180.28
 20
109.87
 10
179.71
 20
110.74
 10
178.84
 20
111.02
 10
178.41
 20
111.02
 10
177.55
 20
110.74
 10
176.97
 20
109.87
 10
176.54
 20
108.72
  0
LWPOLYLINE
  5
1581
330
17
100
AcDbEntity
  8
POLYLINES
100
AcDbPolyline
 90
17
 70
0
 10
184.75
 20
114.19
 10
183.74
 20
113.76
 10
183.16
 20
112.61
 10
182.87
 20
110.74
 10
182.87
 20
109.44
 10
183.16
 20
107.57
 10
183.74
 20
106.42
 10
184.75
 20
105.98
 10
185.32
 20
105.98
 10
186.19
 20
106.42
 10
186.91
 20
107.57
 10
187.19
 20
109.44
 10
187.19
 20
110.74
 10
186.91
 20
112.61
 10
186.19
 20
113.76
 10
185.32
 20
114.19
 10
184.75
 20
114.19
  0
LWPOLYLINE
  5
1582
330
17
100
AcDbEntity
  8
POLYLINES
100
AcDbPolyline
 90
17
 70
0
 10
190.94
 20
114.19
 10
189.93
 20
113.76
 10
189.35
 20
112.61
 10
189.07
 20
110.74
 10
189.07
 20
109.44
 10
189.35
 20
107.57
 10
189.93
 20
106.42
 10
190.94
 20
105.98
 10
191.51
 20
105.98
 10
192.52
 20
106.42
 10
193.1
 20
107.57
 10
193.39
 20
109.44
 10
193.39
 20
110.74
 10
193.1
 20
112.61
 10
192.52
 20
113.76
 10
191.51
 20
114.19
 10
190.94
 20
114.19
  0
LWPOLYLINE
  5
1583
330
17
100
AcDbEntity
  8
POLYLINES
100
AcDbPolyline
 90
7
 70
0
 10
195.26
 20
109.87
 10
196.27
 20
111.02
 10
196.84
 20
111.46
 10
197.71
 20
111.46
 10
198.43
 20
111.02
 10
198.71
 20
109.87
 10
198.71
 20
105.98
  0
LWPOLYLINE
  5
1584
330
17
100
AcDbEntity
  8
POLYLINES
100
AcDbPolyline
 90
7
 70
0
 10
198.71
 20
109.87
 10
199.58
 20
111.02
 10
200.3
 20
111.46
 10
201.16
 20
111.46
 10
201.74
 20
111.02
 10
202.17
 20
109.87
 10
202.17
 20
105.98
  0
LWPOLYLINE
  5
1585
330
17
100
AcDbEntity
  8
POLYLINES
100
AcDbPolyline
 90
7
 70
0
 10
204.62
 20
109.87
 10
205.48
 20
111.02
 10
206.2
 20
111.46
 10
207.07
 20
111.46
 10
207.64
 20
111.02
 10
208.07
 20
109.87
 10
208.07
 20
105.98
  0
LWPOLYLINE
  5
1586
330
17
100
AcDbEntity
  8
POLYLINES
100
AcDbPolyline
 90
7
 70
0
 10
208.07
 20
109.87
 10
208.94
 20
111.02
 10
209.51
 20
111.46
 10
210.52
 20
111.46
 10
211.1
 20
111.02
 10
211.39
 20
109.87
 10
211.39
 20
105.98
  0
LWPOLYLINE
  5
1587
330
17
100
AcDbEntity
  8
POLYLINES
100
AcDbPolyline
 90
4
 70
0
 10
218.3
 20
112.61
 10
218.87
 20
113.04
 10
219.88
 20
114.19
 10
219.88
 20
105.98
  0
LWPOLYLINE
  5
1588
330
17
100
AcDbEntity
  8
POLYLINES
100
AcDbPolyline
 90
17
 70
0
 10
225.07
 20
114.19
 10
224.2
 20
113.76
 10
223.63
 20
112.61
 10
223.19
 20
110.74
 10
223.19
 20
109.44
 10
223.63
 20
107.57
 10
224.2
 20
106.42
 10
225.07
 20
105.98
 10
225.79
 20
105.98
 10
226.65
 20
106.42
 10
227.37
 20
107.57
 10
227.66
 20
109.44
 10
227.66
 20
110.74
 10
227.37
 20
112.61
 10
226.65
 20
113.76
 10
225.79
 20
114.19
 10
225.07
 20
114.19
  0
LWPOLYLINE
  5
1589
330
17
100
AcDbEntity
  8
POLYLINES
100
AcDbPolyline
 90
17
 70
0
 10
231.4
 20
114.19
 10
230.39
 20
113.76
 10
229.82
 20
112.61
 10
229.53
 20
110.74
 10
229.53
 20
109.44
 10
229.82
 20
107.57
 10
230.39
 20
106.42
 10
231.4
 20
105.98
 10
231.98
 20
105.98
 10
232.84
 20
106.42
 10
233.56
 20
107.57
 10
233.85
 20
109.44
 10
233.85
 20
110.74
 10
233.56
 20
112.61
 10
232.84
 20
113.76
 10
231.98
 20
114.19
 10
231.4
 20
114.19
  0
LWPOLYLINE
  5
158A
330
17
100
AcDbEntity
  8
POLYLINES
100
AcDbPolyline
 90
17
 70
0
 10
237.59
 20
114.19
 10
236.59
 20
113.76
 10
236.01
 20
112.61
 10
235.72
 20
110.74
 10
235.72
 20
109.44
 10
236.01
 20
107.57
 10
236.59
 20
106.42
 10
237.59
 20
105.98
 10
238.17
 20
105.98
 10
239.18
 20
106.42
 10
239.75
 20
107.57
 10
240.04
 20
109.44
 10
240.04
 20
110.74
 10
239.75
 20
112.61
 10
239.18
 20
113.76
 10
238.17
 20
114.19
 10
237.59
 20
114.19
  0
LWPOLYLINE
  5
158B
330
17
100
AcDbEntity
  8
POLYLINES
100
AcDbPolyline
 90
7
 70
0
 10
241.91
 20
109.87
 10
242.78
 20
111.02
 10
243.5
 20
111.46
 10
244.36
 20
111.46
 10
245.08
 20
111.02
 10
245.37
 20
109.87
 10
245.37
 20
105.98
  0
LWPOLYLINE
  5
158C
330
17
100
AcDbEntity
  8
POLYLINES
100
AcDbPolyline
 90
7
 70
0
 10
245.37
 20
109.87
 10
246.23
 20
111.02
 10
246.95
 20
111.46
 10
247.82
 20
111.46
 10
248.39
 20
111.02
 10
248.83
 20
109.87
 10
248.83
 20
105.98
  0
LWPOLYLINE
  5
158D
330
17
100
AcDbEntity
  8
POLYLINES
100
AcDbPolyline
 90
7
 70
0
 10
251.27
 20
109.87
 10
252.14
 20
111.02
 10
252.86
 20
111.46
 10
253.72
 20
111.46
 10
254.3
 20
111.02
 10
254.73
 20
109.87
 10
254.73
 20
105.98
  0
LWPOLYLINE
  5
158E
330
17
100
AcDbEntity
  8
POLYLINES
100
AcDbPolyline
 90
7
 70
0
 10
254.73
 20
109.87
 10
255.59
 20
111.02
 10
256.17
 20
111.46
 10
257.18
 20
111.46
 10
257.75
 20
111.02
 10
258.04
 20
109.87
 10
258.04
 20
105.98
  0
LWPOLYLINE
  5
158F
330
17
100
AcDbEntity
  8
POLYLINES
100
AcDbPolyline
 90
3
 70
0
 10
264.45
 20
112.89
 10
264.25
 20
107.26
 10
264.52
 20
106.94
  0
LWPOLYLINE
  5
1590
330
17
100
AcDbEntity
  8
POLYLINES
100
AcDbPolyline
 90
3
 70
0
 10
267.26
 20
111.89
 10
267.11
 20
111.17
 10
266.54
 20
109.87
  0
LWPOLYLINE
  5
1591
330
17
100
AcDbEntity
  8
POLYLINES
100
AcDbPolyline
 90
3
 70
0
 10
267.4
 20
109.15
 10
266.97
 20
108.0
 10
266.11
 20
106.56
  0
LWPOLYLINE
  5
1592
330
17
100
AcDbEntity
  8
POLYLINES
100
AcDbPolyline
 90
3
 70
0
 10
269.76
 20
106.94
 10
270.09
 20
112.56
 10
269.83
 20
112.89
  0
LWPOLYLINE
  5
1593
330
17
100
AcDbEntity
  8
POLYLINES
100
AcDbPolyline
 90
5
 70
0
 10
274.75
 20
108.14
 10
274.75
 20
107.86
 10
274.6
 20
107.42
 10
274.31
 20
106.99
 10
274.03
 20
106.99
  0
LWPOLYLINE
  5
1594
330
17
100
AcDbEntity
  8
POLYLINES
100
AcDbPolyline
 90
3
 70
0
 10
274.25
 20
108.3
 10
274.52
 20
107.96
 10
274.79
 20
108.3
  0
LWPOLYLINE
  5
1595
330
17
100
AcDbEntity
  8
POLYLINES
100
AcDbPolyline
 90
3
 70
0
 10
274.79
 20
108.3
 10
274.52
 20
108.64
 10
274.25
 20
108.3
  0
LWPOLYLINE
  5
1596
330
17
100
AcDbEntity
  8
POLYLINES
100
AcDbPolyline
 90
3
 70
0
 10
274.73
 20
108.3
 10
274.52
 20
108.55
 10
274.32
 20
108.3
  0
LWPOLYLINE
  5
1597
330
17
100
AcDbEntity
  8
POLYLINES
100
AcDbPolyline
 90
3
 70
0
 10
274.32
 20
108.3
 10
274.52
 20
108.04
 10
274.73
 20
108.3
  0
LWPOLYLINE
  5
1598
330
17
100
AcDbEntity
  8
POLYLINES
100
AcDbPolyline
 90
3
 70
0
 10
285.98
 20
111.74
 10
285.69
 20
108.14
 10
285.4
 20
109.01
  0
LWPOLYLINE
  5
1599
330
17
100
AcDbEntity
  8
POLYLINES
100
AcDbPolyline
 90
5
 70
0
 10
284.39
 20
111.6
 10
284.39
 20
106.7
 10
284.68
 20
106.27
 10
286.55
 20
106.27
 10
286.41
 20
108.14
  0
LWPOLYLINE
  5
159A
330
17
100
AcDbEntity
  8
POLYLINES
100
AcDbPolyline
 90
4
 70
0
 10
288.71
 20
110.3
 10
288.71
 20
108.72
 10
288.28
 20
107.14
 10
287.56
 20
106.13
  0
LWPOLYLINE
  5
159B
330
17
100
AcDbEntity
  8
POLYLINES
100
AcDbPolyline
 90
4
 70
0
 10
287.99
 20
113.33
 10
287.99
 20
111.74
 10
287.71
 20
109.3
 10
286.99
 20
106.27
  0
LWPOLYLINE
  5
159C
330
17
100
AcDbEntity
  8
POLYLINES
100
AcDbPolyline
 90
4
 70
0
 10
296.92
 20
113.33
 10
296.78
 20
110.02
 10
296.63
 20
108.14
 10
295.63
 20
105.98
  0
LWPOLYLINE
  5
159D
330
17
100
AcDbEntity
  8
POLYLINES
100
AcDbPolyline
 90
3
 70
0
 10
297.21
 20
110.02
 10
298.79
 20
106.27
 10
299.51
 20
106.27
  0
LWPOLYLINE
  5
159E
330
17
100
AcDbEntity
  8
POLYLINES
100
AcDbPolyline
 90
3
 70
0
 10
302.68
 20
113.62
 10
302.54
 20
106.13
 10
301.82
 20
107.28
  0
LWPOLYLINE
  5
159F
330
17
100
AcDbEntity
  8
POLYLINES
100
AcDbPolyline
 90
3
 70
0
 10
305.99
 20
110.74
 10
305.42
 20
108.14
 10
304.41
 20
106.13
  0
LWPOLYLINE
  5
15A0
330
17
100
AcDbEntity
  8
POLYLINES
100
AcDbPolyline
 90
3
 70
0
 10
311.03
 20
108.29
 10
311.47
 20
109.87
 10
311.75
 20
113.04
  0
LWPOLYLINE
  5
15A1
330
17
100
AcDbEntity
  8
POLYLINES
100
AcDbPolyline
 90
3
 70
0
 10
315.07
 20
109.87
 10
316.36
 20
107.28
 10
316.94
 20
107.28
  0
LWPOLYLINE
  5
15A2
330
17
100
AcDbEntity
  8
POLYLINES
100
AcDbPolyline
 90
3
 70
0
 10
320.97
 20
113.18
 10
320.97
 20
106.13
 10
320.25
 20
107.28
  0
LWPOLYLINE
  5
15A3
330
17
100
AcDbEntity
  8
POLYLINES
100
AcDbPolyline
 90
4
 70
0
 10
317.8
 20
106.56
 10
318.23
 20
107.86
 10
318.52
 20
110.45
 10
318.52
 20
113.18
  0
LWPOLYLINE
  5
15A4
330
17
100
AcDbEntity
  8
POLYLINES
100
AcDbPolyline
 90
14
 70
0
 10
321.83
 20
112.18
 10
321.83
 20
112.61
 10
322.12
 20
113.33
 10
322.41
 20
113.76
 10
323.13
 20
114.19
 10
324.28
 20
114.19
 10
325.0
 20
113.76
 10
325.29
 20
113.33
 10
325.58
 20
112.61
 10
325.58
 20
111.89
 10
325.29
 20
111.02
 10
324.57
 20
109.87
 10
321.55
 20
105.98
 10
325.87
 20
105.98
  0
LWPOLYLINE
  5
15A5
330
17
100
AcDbEntity
  8
POLYLINES
100
AcDbPolyline
 90
14
 70
0
 10
328.03
 20
112.18
 10
328.03
 20
112.61
 10
328.31
 20
113.33
 10
328.75
 20
113.76
 10
329.32
 20
114.19
 10
330.62
 20
114.19
 10
331.19
 20
113.76
 10
331.48
 20
113.33
 10
331.77
 20
112.61
 10
331.77
 20
111.89
 10
331.48
 20
111.02
 10
330.91
 20
109.87
 10
327.74
 20
105.98
 10
332.06
 20
105.98
  0
LWPOLYLINE
  5
15A6
330
17
100
AcDbEntity
  8
POLYLINES
100
AcDbPolyline
 90
23
 70
0
 10
337.67
 20
113.04
 10
337.39
 20
113.76
 10
336.52
 20
114.19
 10
335.8
 20
114.19
 10
334.94
 20
113.76
 10
334.22
 20
112.61
 10
333.93
 20
110.74
 10
333.93
 20
108.72
 10
334.22
 20
107.14
 10
334.94
 20
106.42
 10
335.8
 20
105.98
 10
336.09
 20
105.98
 10
337.1
 20
106.42
 10
337.67
 20
107.14
 10
337.96
 20
108.29
 10
337.96
 20
108.72
 10
337.67
 20
109.87
 10
337.1
 20
110.74
 10
336.09
 20
111.02
 10
335.8
 20
111.02
 10
334.94
 20
110.74
 10
334.22
 20
109.87
 10
333.93
 20
108.72
  0
LWPOLYLINE
  5
15A7
330
17
100
AcDbEntity
  8
POLYLINES
100
AcDbPolyline
 90
17
 70
0
 10
341.99
 20
114.19
 10
341.13
 20
113.76
 10
340.55
 20
112.61
 10
340.12
 20
110.74
 10
340.12
 20
109.44
 10
340.55
 20
107.57
 10
341.13
 20
106.42
 10
341.99
 20
105.98
 10
342.71
 20
105.98
 10
343.58
 20
106.42
 10
344.3
 20
107.57
 10
344.59
 20
109.44
 10
344.59
 20
110.74
 10
344.3
 20
112.61
 10
343.58
 20
113.76
 10
342.71
 20
114.19
 10
341.99
 20
114.19
  0
LWPOLYLINE
  5
15A8
330
17
100
AcDbEntity
  8
POLYLINES
100
AcDbPolyline
 90
7
 70
0
 10
346.46
 20
109.87
 10
347.32
 20
111.02
 10
347.9
 20
111.46
 10
348.91
 20
111.46
 10
349.48
 20
111.02
 10
349.77
 20
109.87
 10
349.77
 20
105.98
  0
LWPOLYLINE
  5
15A9
330
17
100
AcDbEntity
  8
POLYLINES
100
AcDbPolyline
 90
7
 70
0
 10
349.77
 20
109.87
 10
350.78
 20
111.02
 10
351.35
 20
111.46
 10
352.36
 20
111.46
 10
352.94
 20
111.02
 10
353.23
 20
109.87
 10
353.23
 20
105.98
  0
LWPOLYLINE
  5
15AA
330
17
100
AcDbEntity
  8
POLYLINES
100
AcDbPolyline
 90
7
 70
0
 10
355.67
 20
109.87
 10
356.68
 20
111.02
 10
357.26
 20
111.46
 10
358.27
 20
111.46
 10
358.84
 20
111.02
 10
359.13
 20
109.87
 10
359.13
 20
105.98
  0
LWPOLYLINE
  5
15AB
330
17
100
AcDbEntity
  8
POLYLINES
100
AcDbPolyline
 90
7
 70
0
 10
359.13
 20
109.87
 10
360.14
 20
111.02
 10
360.71
 20
111.46
 10
361.72
 20
111.46
 10
362.3
 20
111.02
 10
362.59
 20
109.87
 10
362.59
 20
105.98
  0
LWPOLYLINE
  5
15AC
330
17
100
AcDbEntity
  8
POLYLINES
100
AcDbPolyline
 90
23
 70
0
 10
373.1
 20
113.04
 10
372.81
 20
113.76
 10
371.95
 20
114.19
 10
371.23
 20
114.19
 10
370.36
 20
113.76
 10
369.79
 20
112.61
 10
369.35
 20
110.74
 10
369.35
 20
108.72
 10
369.79
 20
107.14
 10
370.36
 20
106.42
 10
371.23
 20
105.98
 10
371.66
 20
105.98
 10
372.52
 20
106.42
 10
373.1
 20
107.14
 10
373.53
 20
108.29
 10
373.53
 20
108.72
 10
373.1
 20
109.87
 10
372.52
 20
110.74
 10
371.66
 20
111.02
 10
371.23
 20
111.02
 10
370.36
 20
110.74
 10
369.79
 20
109.87
 10
369.35
 20
108.72
  0
LWPOLYLINE
  5
15AD
330
17
100
AcDbEntity
  8
POLYLINES
100
AcDbPolyline
 90
17
 70
0
 10
377.56
 20
114.19
 10
376.55
 20
113.76
 10
375.98
 20
112.61
 10
375.69
 20
110.74
 10
375.69
 20
109.44
 10
375.98
 20
107.57
 10
376.55
 20
106.42
 10
377.56
 20
105.98
 10
378.14
 20
105.98
 10
379.0
 20
106.42
 10
379.72
 20
107.57
 10
380.01
 20
109.44
 10
380.01
 20
110.74
 10
379.72
 20
112.61
 10
379.0
 20
113.76
 10
378.14
 20
114.19
 10
377.56
 20
114.19
  0
LWPOLYLINE
  5
15AE
330
17
100
AcDbEntity
  8
POLYLINES
100
AcDbPolyline
 90
17
 70
0
 10
383.75
 20
114.19
 10
382.75
 20
113.76
 10
382.17
 20
112.61
 10
381.88
 20
110.74
 10
381.88
 20
109.44
 10
382.17
 20
107.57
 10
382.75
 20
106.42
 10
383.75
 20
105.98
 10
384.33
 20
105.98
 10
385.34
 20
106.42
 10
385.91
 20
107.57
 10
386.2
 20
109.44
 10
386.2
 20
110.74
 10
385.91
 20
112.61
 10
385.34
 20
113.76
 10
384.33
 20
114.19
 10
383.75
 20
114.19
  0
LWPOLYLINE
  5
15AF
330
17
100
AcDbEntity
  8
POLYLINES
100
AcDbPolyline
 90
7
 70
0
 10
388.07
 20
109.87
 10
389.08
 20
111.02
 10
389.66
 20
111.46
 10
390.52
 20
111.46
 10
391.24
 20
111.02
 10
391.53
 20
109.87
 10
391.53
 20
105.98
  0
LWPOLYLINE
  5
15B0
330
17
100
AcDbEntity
  8
POLYLINES
100
AcDbPolyline
 90
7
 70
0
 10
391.53
 20
109.87
 10
392.39
 20
111.02
 10
393.11
 20
111.46
 10
393.98
 20
111.46
 10
394.55
 20
111.02
 10
394.99
 20
109.87
 10
394.99
 20
105.98
  0
LWPOLYLINE
  5
15B1
330
17
100
AcDbEntity
  8
POLYLINES
100
AcDbPolyline
 90
7
 70
0
 10
397.43
 20
109.87
 10
398.3
 20
111.02
 10
399.02
 20
111.46
 10
399.88
 20
111.46
 10
400.46
 20
111.02
 10
400.89
 20
109.87
 10
400.89
 20
105.98
  0
LWPOLYLINE
  5
15B2
330
17
100
AcDbEntity
  8
POLYLINES
100
AcDbPolyline
 90
7
 70
0
 10
400.89
 20
109.87
 10
401.75
 20
111.02
 10
402.33
 20
111.46
 10
403.34
 20
111.46
 10
403.91
 20
111.02
 10
404.2
 20
109.87
 10
404.2
 20
105.98
  0
LWPOLYLINE
  5
15B3
330
17
100
AcDbEntity
  8
POLYLINES
100
AcDbPolyline
 90
23
 70
0
 10
414.86
 20
113.04
 10
414.57
 20
113.76
 10
413.56
 20
114.19
 10
412.99
 20
114.19
 10
411.98
 20
113.76
 10
411.4
 20
112.61
 10
411.11
 20
110.74
 10
411.11
 20
108.72
 10
411.4
 20
107.14
 10
411.98
 20
106.42
 10
412.99
 20
105.98
 10
413.27
 20
105.98
 10
414.28
 20
106.42
 10
414.86
 20
107.14
 10
415.15
 20
108.29
 10
415.15
 20
108.72
 10
414.86
 20
109.87
 10
414.28
 20
110.74
 10
413.27
 20
111.02
 10
412.99
 20
111.02
 10
411.98
 20
110.74
 10
411.4
 20
109.87
 10
411.11
 20
108.72
  0
LWPOLYLINE
  5
15B4
330
17
100
AcDbEntity
  8
POLYLINES
100
AcDbPolyline
 90
17
 70
0
 10
419.18
 20
114.19
 10
418.31
 20
113.76
 10
417.59
 20
112.61
 10
417.31
 20
110.74
 10
417.31
 20
109.44
 10
417.59
 20
107.57
 10
418.31
 20
106.42
 10
419.18
 20
105.98
 10
419.75
 20
105.98
 10
420.76
 20
106.42
 10
421.34
 20
107.57
 10
421.63
 20
109.44
 10
421.63
 20
110.74
 10
421.34
 20
112.61
 10
420.76
 20
113.76
 10
419.75
 20
114.19
 10
419.18
 20
114.19
  0
LWPOLYLINE
  5
15B5
330
17
100
AcDbEntity
  8
POLYLINES
100
AcDbPolyline
 90
17
 70
0
 10
425.37
 20
114.19
 10
424.51
 20
113.76
 10
423.79
 20
112.61
 10
423.5
 20
110.74
 10
423.5
 20
109.44
 10
423.79
 20
107.57
 10
424.51
 20
106.42
 10
425.37
 20
105.98
 10
426.09
 20
105.98
 10
426.95
 20
106.42
 10
427.53
 20
107.57
 10
427.96
 20
109.44
 10
427.96
 20
110.74
 10
427.53
 20
112.61
 10
426.95
 20
113.76
 10
426.09
 20
114.19
 10
425.37
 20
114.19
  0
LWPOLYLINE
  5
15B6
330
17
100
AcDbEntity
  8
POLYLINES
100
AcDbPolyline
 90
7
 70
0
 10
429.69
 20
109.87
 10
430.7
 20
111.02
 10
431.27
 20
111.46
 10
432.28
 20
111.46
 10
432.86
 20
111.02
 10
433.15
 20
109.87
 10
433.15
 20
105.98
  0
LWPOLYLINE
  5
15B7
330
17
100
AcDbEntity
  8
POLYLINES
100
AcDbPolyline
 90
7
 70
0
 10
433.15
 20
109.87
 10
434.15
 20
111.02
 10
434.73
 20
111.46
 10
435.74
 20
111.46
 10
436.31
 20
111.02
 10
436.6
 20
109.87
 10
436.6
 20
105.98
  0
LWPOLYLINE
  5
15B8
330
17
100
AcDbEntity
  8
POLYLINES
100
AcDbPolyline
 90
7
 70
0
 10
439.05
 20
109.87
 10
440.06
 20
111.02
 10
440.63
 20
111.46
 10
441.64
 20
111.46
 10
442.22
 20
111.02
 10
442.51
 20
109.87
 10
442.51
 20
105.98
  0
LWPOLYLINE
  5
15B9
330
17
100
AcDbEntity
  8
POLYLINES
100
AcDbPolyline
 90
7
 70
0
 10
442.51
 20
109.87
 10
443.51
 20
111.02
 10
444.09
 20
111.46
 10
444.95
 20
111.46
 10
445.67
 20
111.02
 10
445.96
 20
109.87
 10
445.96
 20
105.98
  0
LWPOLYLINE
  5
15BA
330
17
100
AcDbEntity
  8
POLYLINES
100
AcDbPolyline
 90
3
 70
0
 10
449.17
 20
107.36
 10
449.65
 20
106.77
 10
450.12
 20
107.36
  0
LWPOLYLINE
  5
15BB
330
17
100
AcDbEntity
  8
POLYLINES
100
AcDbPolyline
 90
3
 70
0
 10
450.12
 20
107.36
 10
449.65
 20
107.96
 10
449.17
 20
107.36
  0
LWPOLYLINE
  5
15BC
330
17
100
AcDbEntity
  8
POLYLINES
100
AcDbPolyline
 90
3
 70
0
 10
450.19
 20
107.36
 10
449.65
 20
108.04
 10
449.1
 20
107.36
  0
LWPOLYLINE
  5
15BD
330
17
100
AcDbEntity
  8
POLYLINES
100
AcDbPolyline
 90
3
 70
0
 10
449.1
 20
107.36
 10
449.65
 20
106.68
 10
450.19
 20
107.36
  0
LWPOLYLINE
  5
15BE
330
17
100
AcDbEntity
  8
POLYLINES
100
AcDbPolyline
 90
14
 70
0
 10
148.03
 20
98.64
 10
148.03
 20
99.07
 10
148.31
 20
99.79
 10
148.75
 20
100.22
 10
149.32
 20
100.51
 10
150.62
 20
100.51
 10
151.19
 20
100.22
 10
151.48
 20
99.79
 10
151.77
 20
99.07
 10
151.77
 20
98.21
 10
151.48
 20
97.49
 10
150.91
 20
96.34
 10
147.74
 20
92.45
 10
152.06
 20
92.45
  0
LWPOLYLINE
  5
15BF
330
17
100
AcDbEntity
  8
POLYLINES
100
AcDbPolyline
 90
4
 70
0
 10
154.22
 20
93.17
 10
153.93
 20
92.74
 10
154.22
 20
92.45
 10
154.65
 20
92.74
  0
LWPOLYLINE
  5
15C0
330
17
100
AcDbEntity
  8
POLYLINES
100
AcDbPolyline
 90
4
 70
0
 10
163.0
 20
99.07
 10
163.58
 20
99.36
 10
164.59
 20
100.51
 10
164.59
 20
92.45
  0
LWPOLYLINE
  5
15C1
330
17
100
AcDbEntity
  8
POLYLINES
100
AcDbPolyline
 90
4
 70
0
 10
167.9
 20
99.07
 10
168.62
 20
99.36
 10
169.48
 20
100.51
 10
169.48
 20
92.45
  0
LWPOLYLINE
  5
15C2
330
17
100
AcDbEntity
  8
POLYLINES
100
AcDbPolyline
 90
17
 70
0
 10
176.68
 20
100.51
 10
173.51
 20
100.51
 10
173.23
 20
97.06
 10
173.51
 20
97.49
 10
174.52
 20
97.78
 10
175.39
 20
97.78
 10
176.39
 20
97.49
 10
176.97
 20
96.62
 10
177.26
 20
95.47
 10
177.26
 20
94.75
 10
176.97
 20
93.6
 10
176.39
 20
92.74
 10
175.39
 20
92.45
 10
174.52
 20
92.45
 10
173.51
 20
92.74
 10
173.23
 20
93.17
 10
172.94
 20
93.89
  0
LWPOLYLINE
  5
15C3
330
17
100
AcDbEntity
  8
POLYLINES
100
AcDbPolyline
 90
11
 70
0
 10
179.13
 20
92.45
 10
179.13
 20
100.51
 10
182.01
 20
100.51
 10
182.87
 20
100.22
 10
183.16
 20
99.79
 10
183.45
 20
99.07
 10
183.45
 20
97.78
 10
183.16
 20
97.06
 10
182.87
 20
96.62
 10
182.01
 20
96.34
 10
179.13
 20
96.34
  0
LWPOLYLINE
  5
15C4
330
17
100
AcDbEntity
  8
POLYLINES
100
AcDbPolyline
 90
12
 70
0
 10
185.75
 20
94.75
 10
185.75
 20
95.47
 10
186.04
 20
96.62
 10
186.62
 20
97.06
 10
187.19
 20
97.06
 10
187.91
 20
96.62
 10
189.07
 20
95.47
 10
189.79
 20
95.18
 10
190.36
 20
95.18
 10
190.94
 20
95.47
 10
191.23
 20
96.34
 10
191.23
 20
97.06
  0
LWPOLYLINE
  5
15C5
330
17
100
AcDbEntity
  8
POLYLINES
100
AcDbPolyline
 90
4
 70
0
 10
193.82
 20
99.07
 10
194.39
 20
99.36
 10
195.4
 20
100.51
 10
195.4
 20
92.45
  0
LWPOLYLINE
  5
15C6
330
17
100
AcDbEntity
  8
POLYLINES
100
AcDbPolyline
 90
15
 70
0
 10
199.43
 20
100.51
 10
202.75
 20
100.51
 10
200.87
 20
97.49
 10
201.88
 20
97.49
 10
202.46
 20
97.06
 10
202.75
 20
96.62
 10
203.18
 20
95.47
 10
203.18
 20
94.75
 10
202.75
 20
93.6
 10
202.17
 20
92.74
 10
201.31
 20
92.45
 10
200.3
 20
92.45
 10
199.43
 20
92.74
 10
199.0
 20
93.17
 10
198.71
 20
93.89
  0
LWPOLYLINE
  5
15C7
330
17
100
AcDbEntity
  8
POLYLINES
100
AcDbPolyline
 90
3
 70
0
 10
208.07
 20
100.51
 10
204.91
 20
95.18
 10
209.66
 20
95.18
  0
LWPOLYLINE
  5
15C8
330
17
100
AcDbEntity
  8
POLYLINES
100
AcDbPolyline
 90
11
 70
0
 10
211.24
 20
92.45
 10
211.24
 20
100.51
 10
213.98
 20
100.51
 10
214.99
 20
100.22
 10
215.27
 20
99.79
 10
215.56
 20
99.07
 10
215.56
 20
97.78
 10
215.27
 20
97.06
 10
214.99
 20
96.62
 10
213.98
 20
96.34
 10
211.24
 20
96.34
  0
LWPOLYLINE
  5
15C9
330
17
100
AcDbEntity
  8
POLYLINES
100
AcDbPolyline
 90
3
 70
0
 10
221.61
 20
97.78
 10
221.03
 20
92.45
 10
220.17
 20
93.89
  0
LWPOLYLINE
  5
15CA
330
17
100
AcDbEntity
  8
POLYLINES
100
AcDbPolyline
 90
3
 70
0
 10
225.79
 20
98.21
 10
225.64
 20
93.6
 10
225.21
 20
94.46
  0
LWPOLYLINE
  5
15CB
330
17
100
AcDbEntity
  8
POLYLINES
100
AcDbPolyline
 90
3
 70
0
 10
222.62
 20
94.03
 10
223.34
 20
93.89
 10
225.93
 20
92.59
  0
LWPOLYLINE
  5
15CC
330
17
100
AcDbEntity
  8
POLYLINES
100
AcDbPolyline
 90
4
 70
0
 10
223.77
 20
97.2
 10
223.48
 20
95.76
 10
223.63
 20
95.04
 10
223.34
 20
93.89
  0
LWPOLYLINE
  5
15CD
330
17
100
AcDbEntity
  8
POLYLINES
100
AcDbPolyline
 90
4
 70
0
 10
232.84
 20
96.62
 10
232.7
 20
95.18
 10
232.41
 20
93.6
 10
231.55
 20
92.59
  0
LWPOLYLINE
  5
15CE
330
17
100
AcDbEntity
  8
POLYLINES
100
AcDbPolyline
 90
4
 70
0
 10
232.12
 20
99.79
 10
232.12
 20
98.21
 10
231.83
 20
95.62
 10
231.11
 20
92.59
  0
LWPOLYLINE
  5
15CF
330
17
100
AcDbEntity
  8
POLYLINES
100
AcDbPolyline
 90
5
 70
0
 10
240.62
 20
94.61
 10
240.62
 20
94.18
 10
240.47
 20
93.74
 10
240.19
 20
93.46
 10
239.9
 20
93.31
  0
LWPOLYLINE
  5
15D0
330
17
100
AcDbEntity
  8
POLYLINES
100
AcDbPolyline
 90
3
 70
0
 10
240.11
 20
94.69
 10
240.38
 20
94.35
 10
240.65
 20
94.69
  0
LWPOLYLINE
  5
15D1
330
17
100
AcDbEntity
  8
POLYLINES
100
AcDbPolyline
 90
3
 70
0
 10
240.65
 20
94.69
 10
240.38
 20
95.03
 10
240.11
 20
94.69
  0
LWPOLYLINE
  5
15D2
330
17
100
AcDbEntity
  8
POLYLINES
100
AcDbPolyline
 90
3
 70
0
 10
240.58
 20
94.69
 10
240.38
 20
94.95
 10
240.18
 20
94.69
  0
LWPOLYLINE
  5
15D3
330
17
100
AcDbEntity
  8
POLYLINES
100
AcDbPolyline
 90
3
 70
0
 10
240.18
 20
94.69
 10
240.38
 20
94.44
 10
240.58
 20
94.69
  0
LWPOLYLINE
  5
15D4
330
17
100
AcDbEntity
  8
POLYLINES
100
AcDbPolyline
 90
3
 70
0
 10
247.1
 20
95.76
 10
246.95
 20
93.02
 10
246.52
 20
93.6
  0
LWPOLYLINE
  5
15D5
330
17
100
AcDbEntity
  8
POLYLINES
100
AcDbPolyline
 90
3
 70
0
 10
256.46
 20
95.62
 10
255.59
 20
92.16
 10
255.02
 20
93.46
  0
LWPOLYLINE
  5
15D6
330
17
100
AcDbEntity
  8
POLYLINES
100
AcDbPolyline
 90
4
 70
0
 10
261.21
 20
97.06
 10
261.64
 20
95.9
 10
261.64
 20
94.9
 10
261.35
 20
94.03
  0
LWPOLYLINE
  5
15D7
330
17
100
AcDbEntity
  8
POLYLINES
100
AcDbPolyline
 90
3
 70
0
 10
264.67
 20
93.74
 10
264.38
 20
92.45
 10
263.95
 20
93.46
  0
LWPOLYLINE
  5
15D8
330
17
100
AcDbEntity
  8
POLYLINES
100
AcDbPolyline
 90
3
 70
0
 10
264.95
 20
97.78
 10
265.53
 20
95.76
 10
266.11
 20
95.76
  0
LWPOLYLINE
  5
15D9
330
17
100
AcDbEntity
  8
POLYLINES
100
AcDbPolyline
 90
3
 70
0
 10
263.8
 20
98.35
 10
263.08
 20
96.77
 10
262.22
 20
95.33
  0
LWPOLYLINE
  5
15DA
330
17
100
AcDbEntity
  8
POLYLINES
100
AcDbPolyline
 90
3
 70
0
 10
263.95
 20
95.76
 10
263.51
 20
93.74
 10
262.51
 20
92.45
  0
LWPOLYLINE
  5
15DB
330
17
100
AcDbEntity
  8
POLYLINES
100
AcDbPolyline
 90
3
 70
0
 10
270.14
 20
97.78
 10
269.56
 20
92.45
 10
268.7
 20
93.89
  0
LWPOLYLINE
  5
15DC
330
17
100
AcDbEntity
  8
POLYLINES
100
AcDbPolyline
 90
3
 70
0
 10
272.73
 20
97.63
 10
272.01
 20
95.76
 10
271.0
 20
93.6
  0
LWPOLYLINE
  5
15DD
330
17
100
AcDbEntity
  8
POLYLINES
100
AcDbPolyline
 90
3
 70
0
 10
273.02
 20
97.63
 10
274.31
 20
94.03
 10
274.75
 20
94.03
  0
LWPOLYLINE
  5
15DE
330
17
100
AcDbEntity
  8
POLYLINES
100
AcDbPolyline
 90
3
 70
0
 10
278.92
 20
99.36
 10
278.92
 20
92.45
 10
278.35
 20
93.02
  0
LWPOLYLINE
  5
15DF
330
17
100
AcDbEntity
  8
POLYLINES
100
AcDbPolyline
 90
3
 70
0
 10
283.1
 20
98.21
 10
282.95
 20
93.6
 10
282.38
 20
94.46
  0
LWPOLYLINE
  5
15E0
330
17
100
AcDbEntity
  8
POLYLINES
100
AcDbPolyline
 90
3
 70
0
 10
279.79
 20
94.03
 10
280.65
 20
93.89
 10
283.1
 20
92.59
  0
LWPOLYLINE
  5
15E1
330
17
100
AcDbEntity
  8
POLYLINES
100
AcDbPolyline
 90
4
 70
0
 10
280.94
 20
97.2
 10
280.65
 20
95.76
 10
280.94
 20
95.04
 10
280.65
 20
93.89
  0
LWPOLYLINE
  5
15E2
330
17
100
AcDbEntity
  8
POLYLINES
100
AcDbPolyline
 90
4
 70
0
 10
290.01
 20
96.62
 10
290.01
 20
95.18
 10
289.58
 20
93.6
 10
288.86
 20
92.59
  0
LWPOLYLINE
  5
15E3
330
17
100
AcDbEntity
  8
POLYLINES
100
AcDbPolyline
 90
4
 70
0
 10
289.29
 20
99.79
 10
289.29
 20
98.21
 10
289.0
 20
95.62
 10
288.28
 20
92.59
  0
LWPOLYLINE
  5
15E4
330
17
100
AcDbEntity
  8
POLYLINES
100
AcDbPolyline
 90
3
 70
0
 10
297.47
 20
93.76
 10
297.94
 20
93.16
 10
298.42
 20
93.76
  0
LWPOLYLINE
  5
15E5
330
17
100
AcDbEntity
  8
POLYLINES
100
AcDbPolyline
 90
3
 70
0
 10
298.42
 20
93.76
 10
297.94
 20
94.35
 10
297.47
 20
93.76
  0
LWPOLYLINE
  5
15E6
330
17
100
AcDbEntity
  8
POLYLINES
100
AcDbPolyline
 90
3
 70
0
 10
298.49
 20
93.76
 10
297.94
 20
94.44
 10
297.4
 20
93.76
  0
LWPOLYLINE
  5
15E7
330
17
100
AcDbEntity
  8
POLYLINES
100
AcDbPolyline
 90
3
 70
0
 10
297.4
 20
93.76
 10
297.94
 20
93.07
 10
298.49
 20
93.76
  0
LWPOLYLINE
  5
15E8
330
17
100
AcDbEntity
  8
POLYLINES
100
AcDbPolyline
 90
15
 70
0
 10
148.31
 20
86.98
 10
151.77
 20
86.98
 10
149.9
 20
83.81
 10
150.91
 20
83.81
 10
151.48
 20
83.52
 10
151.77
 20
83.09
 10
152.06
 20
81.94
 10
152.06
 20
81.07
 10
151.77
 20
79.92
 10
151.19
 20
79.2
 10
150.19
 20
78.77
 10
149.32
 20
78.77
 10
148.31
 20
79.2
 10
148.03
 20
79.63
 10
147.74
 20
80.35
  0
LWPOLYLINE
  5
15E9
330
17
100
AcDbEntity
  8
POLYLINES
100
AcDbPolyline
 90
4
 70
0
 10
154.22
 20
79.63
 10
153.93
 20
79.2
 10
154.22
 20
78.77
 10
154.65
 20
79.2
  0
LWPOLYLINE
  5
15EA
330
17
100
AcDbEntity
  8
POLYLINES
100
AcDbPolyline
 90
3
 70
0
 10
167.75
 20
80.78
 10
168.04
 20
79.92
 10
168.91
 20
83.38
  0
LWPOLYLINE
  5
15EB
330
17
100
AcDbEntity
  8
POLYLINES
100
AcDbPolyline
 90
4
 70
0
 10
173.8
 20
83.09
 10
173.66
 20
81.5
 10
173.23
 20
79.92
 10
172.51
 20
78.91
  0
LWPOLYLINE
  5
15EC
330
17
100
AcDbEntity
  8
POLYLINES
100
AcDbPolyline
 90
4
 70
0
 10
172.94
 20
86.26
 10
172.94
 20
84.53
 10
172.65
 20
82.08
 10
172.07
 20
79.06
  0
LWPOLYLINE
  5
15ED
330
17
100
AcDbEntity
  8
POLYLINES
100
AcDbPolyline
 90
4
 70
0
 10
182.87
 20
86.4
 10
182.44
 20
84.67
 10
181.72
 20
83.09
 10
180.71
 20
81.36
  0
LWPOLYLINE
  5
15EE
330
17
100
AcDbEntity
  8
POLYLINES
100
AcDbPolyline
 90
3
 70
0
 10
183.88
 20
83.23
 10
183.59
 20
79.63
 10
183.02
 20
80.78
  0
LWPOLYLINE
  5
15EF
330
17
100
AcDbEntity
  8
POLYLINES
100
AcDbPolyline
 90
4
 70
0
 10
192.38
 20
86.4
 10
192.23
 20
83.66
 10
191.95
 20
81.65
 10
192.95
 20
79.49
  0
LWPOLYLINE
  5
15F0
330
17
100
AcDbEntity
  8
POLYLINES
100
AcDbPolyline
 90
3
 70
0
 10
191.95
 20
81.65
 10
191.37
 20
80.35
 10
190.51
 20
79.06
  0
LWPOLYLINE
  5
15F1
330
17
100
AcDbEntity
  8
POLYLINES
100
AcDbPolyline
 90
7
 70
0
 10
195.55
 20
86.4
 10
195.55
 20
79.92
 10
195.69
 20
79.49
 10
195.83
 20
79.34
 10
196.12
 20
79.06
 10
197.56
 20
79.2
 10
197.42
 20
80.78
  0
LWPOLYLINE
  5
15F2
330
17
100
AcDbEntity
  8
POLYLINES
100
AcDbPolyline
 90
5
 70
0
 10
200.87
 20
83.09
 10
200.87
 20
81.65
 10
201.16
 20
79.92
 10
202.03
 20
78.48
 10
201.88
 20
80.35
  0
LWPOLYLINE
  5
15F3
330
17
100
AcDbEntity
  8
POLYLINES
100
AcDbPolyline
 90
3
 70
0
 10
206.92
 20
80.78
 10
207.21
 20
79.92
 10
208.07
 20
83.38
  0
LWPOLYLINE
  5
15F4
330
17
100
AcDbEntity
  8
POLYLINES
100
AcDbPolyline
 90
3
 70
0
 10
223.19
 20
79.2
 10
223.19
 20
79.34
 10
223.05
 20
79.78
  0
LWPOLYLINE
  5
15F5
330
17
100
AcDbEntity
  8
POLYLINES
100
AcDbPolyline
 90
3
 70
0
 10
221.47
 20
83.66
 10
222.76
 20
81.79
 10
223.19
 20
81.94
  0
LWPOLYLINE
  5
15F6
330
17
100
AcDbEntity
  8
POLYLINES
100
AcDbPolyline
 90
3
 70
0
 10
221.47
 20
82.51
 10
221.9
 20
83.09
 10
222.62
 20
84.67
  0
LWPOLYLINE
  5
15F7
330
17
100
AcDbEntity
  8
POLYLINES
100
AcDbPolyline
 90
5
 70
0
 10
226.94
 20
84.96
 10
227.08
 20
82.08
 10
227.37
 20
79.92
 10
228.09
 20
78.77
 10
228.09
 20
80.5
  0
LWPOLYLINE
  5
15F8
330
17
100
AcDbEntity
  8
POLYLINES
100
AcDbPolyline
 90
3
 70
0
 10
227.66
 20
85.54
 10
226.94
 20
84.96
 10
226.36
 20
84.53
  0
LWPOLYLINE
  5
15F9
330
17
100
AcDbEntity
  8
POLYLINES
100
AcDbPolyline
 90
3
 70
0
 10
232.27
 20
84.24
 10
231.55
 20
78.77
 10
230.68
 20
80.35
  0
LWPOLYLINE
  5
15FA
330
17
100
AcDbEntity
  8
POLYLINES
100
AcDbPolyline
 90
3
 70
0
 10
233.13
 20
80.93
 10
233.42
 20
80.21
 10
234.28
 20
83.95
  0
LWPOLYLINE
  5
15FB
330
17
100
AcDbEntity
  8
POLYLINES
100
AcDbPolyline
 90
3
 70
0
 10
237.76
 20
80.15
 10
238.23
 20
79.55
 10
238.71
 20
80.15
  0
LWPOLYLINE
  5
15FC
330
17
100
AcDbEntity
  8
POLYLINES
100
AcDbPolyline
 90
3
 70
0
 10
238.71
 20
80.15
 10
238.23
 20
80.74
 10
237.76
 20
80.15
  0
LWPOLYLINE
  5
15FD
330
17
100
AcDbEntity
  8
POLYLINES
100
AcDbPolyline
 90
3
 70
0
 10
238.78
 20
80.15
 10
238.23
 20
80.83
 10
237.69
 20
80.15
  0
LWPOLYLINE
  5
15FE
330
17
100
AcDbEntity
  8
POLYLINES
100
AcDbPolyline
 90
3
 70
0
 10
237.69
 20
80.15
 10
238.23
 20
79.47
 10
238.78
 20
80.15
  0
LWPOLYLINE
  5
15FF
330
17
100
AcDbEntity
  8
POLYLINES
100
AcDbPolyline
 90
3
 70
0
 10
150.91
 20
71.86
 10
147.74
 20
66.38
 10
152.35
 20
66.38
  0
LWPOLYLINE
  5
1600
330
17
100
AcDbEntity
  8
POLYLINES
100
AcDbPolyline
 90
4
 70
0
 10
154.22
 20
64.37
 10
153.93
 20
64.08
 10
154.22
 20
63.65
 10
154.65
 20
64.08
  0
LWPOLYLINE
  5
1601
330
17
100
AcDbEntity
  8
POLYLINES
100
AcDbPolyline
 90
3
 70
0
 10
160.7
 20
63.94
 10
160.7
 20
64.22
 10
160.55
 20
64.66
  0
LWPOLYLINE
  5
1602
330
17
100
AcDbEntity
  8
POLYLINES
100
AcDbPolyline
 90
3
 70
0
 10
158.97
 20
68.54
 10
160.27
 20
66.67
 10
160.55
 20
66.82
  0
LWPOLYLINE
  5
1603
330
17
100
AcDbEntity
  8
POLYLINES
100
AcDbPolyline
 90
3
 70
0
 10
158.97
 20
67.25
 10
159.4
 20
67.97
 10
160.12
 20
69.55
  0
LWPOLYLINE
  5
1604
330
17
100
AcDbEntity
  8
POLYLINES
100
AcDbPolyline
 90
5
 70
0
 10
164.44
 20
69.84
 10
164.59
 20
66.82
 10
164.87
 20
64.8
 10
165.45
 20
63.65
 10
165.45
 20
65.38
  0
LWPOLYLINE
  5
1605
330
17
100
AcDbEntity
  8
POLYLINES
100
AcDbPolyline
 90
3
 70
0
 10
165.16
 20
70.42
 10
164.44
 20
69.84
 10
163.87
 20
69.41
  0
LWPOLYLINE
  5
1606
330
17
100
AcDbEntity
  8
POLYLINES
100
AcDbPolyline
 90
3
 70
0
 10
170.49
 20
64.66
 10
171.07
 20
63.65
 10
171.79
 20
68.26
  0
LWPOLYLINE
  5
1607
330
17
100
AcDbEntity
  8
POLYLINES
100
AcDbPolyline
 90
3
 70
0
 10
187.19
 20
69.12
 10
186.47
 20
63.65
 10
185.61
 20
65.09
  0
LWPOLYLINE
  5
1608
330
17
100
AcDbEntity
  8
POLYLINES
100
AcDbPolyline
 90
7
 70
0
 10
187.63
 20
67.54
 10
188.49
 20
68.69
 10
189.07
 20
69.12
 10
190.07
 20
69.12
 10
190.65
 20
68.69
 10
190.94
 20
67.54
 10
190.94
 20
63.65
  0
LWPOLYLINE
  5
1609
330
17
100
AcDbEntity
  8
POLYLINES
100
AcDbPolyline
 90
7
 70
0
 10
190.94
 20
67.54
 10
191.95
 20
68.69
 10
192.52
 20
69.12
 10
193.53
 20
69.12
 10
194.11
 20
68.69
 10
194.39
 20
67.54
 10
194.39
 20
63.65
  0
LWPOLYLINE
  5
160A
330
17
100
AcDbEntity
  8
POLYLINES
100
AcDbPolyline
 90
7
 70
0
 10
196.84
 20
67.54
 10
197.85
 20
68.69
 10
198.43
 20
69.12
 10
199.43
 20
69.12
 10
200.01
 20
68.69
 10
200.3
 20
67.54
 10
200.3
 20
63.65
  0
LWPOLYLINE
  5
160B
330
17
100
AcDbEntity
  8
POLYLINES
100
AcDbPolyline
 90
7
 70
0
 10
200.3
 20
67.54
 10
201.31
 20
68.69
 10
201.88
 20
69.12
 10
202.75
 20
69.12
 10
203.47
 20
68.69
 10
203.75
 20
67.54
 10
203.75
 20
63.65
  0
LWPOLYLINE
  5
160C
330
17
100
AcDbEntity
  8
POLYLINES
100
AcDbPolyline
 90
10
 70
0
 10
208.36
 20
73.3
 10
207.79
 20
72.58
 10
207.21
 20
71.42
 10
206.49
 20
69.84
 10
206.2
 20
67.97
 10
206.2
 20
66.38
 10
206.49
 20
64.37
 10
207.21
 20
62.78
 10
207.79
 20
61.63
 10
208.36
 20
60.91
  0
LWPOLYLINE
  5
160D
330
17
100
AcDbEntity
  8
POLYLINES
100
AcDbPolyline
 90
3
 70
0
 10
212.68
 20
63.94
 10
212.97
 20
63.5
 10
214.12
 20
63.5
  0
LWPOLYLINE
  5
160E
330
17
100
AcDbEntity
  8
POLYLINES
100
AcDbPolyline
 90
3
 70
0
 10
214.55
 20
65.09
 10
214.55
 20
63.65
 10
214.12
 20
63.5
  0
LWPOLYLINE
  5
160F
330
17
100
AcDbEntity
  8
POLYLINES
100
AcDbPolyline
 90
3
 70
0
 10
217.0
 20
67.68
 10
216.28
 20
65.95
 10
215.27
 20
64.37
  0
LWPOLYLINE
  5
1610
330
17
100
AcDbEntity
  8
POLYLINES
100
AcDbPolyline
 90
3
 70
0
 10
217.43
 20
67.82
 10
218.59
 20
64.94
 10
219.02
 20
64.94
  0
LWPOLYLINE
  5
1611
330
17
100
AcDbEntity
  8
POLYLINES
100
AcDbPolyline
 90
10
 70
0
 10
219.31
 20
73.3
 10
219.88
 20
72.58
 10
220.46
 20
71.42
 10
221.18
 20
69.84
 10
221.47
 20
67.97
 10
221.47
 20
66.38
 10
221.18
 20
64.37
 10
220.46
 20
62.78
 10
219.88
 20
61.63
 10
219.31
 20
60.91
  0
LWPOLYLINE
  5
1612
330
17
100
AcDbEntity
  8
POLYLINES
100
AcDbPolyline
 90
3
 70
0
 10
224.38
 20
64.99
 10
224.86
 20
64.39
 10
225.33
 20
64.99
  0
LWPOLYLINE
  5
1613
330
17
100
AcDbEntity
  8
POLYLINES
100
AcDbPolyline
 90
3
 70
0
 10
225.33
 20
64.99
 10
224.86
 20
65.58
 10
224.38
 20
64.99
  0
LWPOLYLINE
  5
1614
330
17
100
AcDbEntity
  8
POLYLINES
100
AcDbPolyline
 90
3
 70
0
 10
225.4
 20
64.99
 10
224.86
 20
65.67
 10
224.31
 20
64.99
  0
LWPOLYLINE
  5
1615
330
17
100
AcDbEntity
  8
POLYLINES
100
AcDbPolyline
 90
3
 70
0
 10
224.31
 20
64.99
 10
224.86
 20
64.31
 10
225.4
 20
64.99
  0
LWPOLYLINE
  5
1616
330
17
100
AcDbEntity
  8
POLYLINES
100
AcDbPolyline
 90
3
 70
0
 10
232.7
 20
147.74
 10
231.98
 20
145.44
 10
230.97
 20
142.99
  0
LWPOLYLINE
  5
1617
330
17
100
AcDbEntity
  8
POLYLINES
100
AcDbPolyline
 90
3
 70
0
 10
232.84
 20
147.74
 10
233.99
 20
143.28
 10
234.57
 20
143.28
  0
LWPOLYLINE
  5
1618
330
17
100
AcDbEntity
  8
POLYLINES
100
AcDbPolyline
 90
3
 70
0
 10
238.17
 20
149.9
 10
238.17
 20
141.41
 10
237.74
 20
142.27
  0
LWPOLYLINE
  5
1619
330
17
100
AcDbEntity
  8
POLYLINES
100
AcDbPolyline
 90
4
 70
0
 10
241.05
 20
149.62
 10
240.91
 20
144.72
 10
240.91
 20
143.42
 10
240.62
 20
141.84
  0
LWPOLYLINE
  5
161A
330
17
100
AcDbEntity
  8
POLYLINES
100
AcDbPolyline
 90
3
 70
0
 10
239.9
 20
146.74
 10
239.9
 20
141.84
 10
239.61
 20
142.7
  0
LWPOLYLINE
  5
161B
330
17
100
AcDbEntity
  8
POLYLINES
100
AcDbPolyline
 90
3
 70
0
 10
249.98
 20
148.46
 10
249.83
 20
142.99
 10
249.4
 20
144.0
  0
LWPOLYLINE
  5
161C
330
17
100
AcDbEntity
  8
POLYLINES
100
AcDbPolyline
 90
3
 70
0
 10
246.95
 20
143.28
 10
247.67
 20
143.28
 10
249.98
 20
141.55
  0
LWPOLYLINE
  5
161D
330
17
100
AcDbEntity
  8
POLYLINES
100
AcDbPolyline
 90
4
 70
0
 10
248.11
 20
147.17
 10
247.82
 20
145.44
 10
247.96
 20
144.58
 10
247.67
 20
143.28
  0
LWPOLYLINE
  5
161E
330
17
100
AcDbEntity
  8
POLYLINES
100
AcDbPolyline
 90
4
 70
0
 10
256.31
 20
146.59
 10
256.31
 20
144.72
 10
255.88
 20
142.85
 10
255.16
 20
141.55
  0
LWPOLYLINE
  5
161F
330
17
100
AcDbEntity
  8
POLYLINES
100
AcDbPolyline
 90
4
 70
0
 10
255.59
 20
150.34
 10
255.59
 20
148.46
 10
255.45
 20
145.3
 10
254.73
 20
141.7
  0
LWPOLYLINE
  5
1620
330
17
100
AcDbEntity
  8
POLYLINES
100
AcDbPolyline
 90
3
 70
0
 10
467.85
 20
143.86
 10
468.28
 20
142.85
 10
469.0
 20
147.02
  0
LWPOLYLINE
  5
1621
330
17
100
AcDbEntity
  8
POLYLINES
100
AcDbPolyline
 90
4
 70
0
 10
473.47
 20
146.59
 10
473.32
 20
144.72
 10
473.03
 20
142.85
 10
472.31
 20
141.7
  0
LWPOLYLINE
  5
1622
330
17
100
AcDbEntity
  8
POLYLINES
100
AcDbPolyline
 90
4
 70
0
 10
472.75
 20
150.48
 10
472.75
 20
148.46
 10
472.46
 20
145.3
 10
471.88
 20
141.7
  0
LWPOLYLINE
  5
1623
330
17
100
AcDbEntity
  8
POLYLINES
100
AcDbPolyline
 90
3
 70
0
 10
351.07
 20
148.46
 10
350.92
 20
142.99
 10
350.49
 20
144.0
  0
LWPOLYLINE
  5
1624
330
17
100
AcDbEntity
  8
POLYLINES
100
AcDbPolyline
 90
3
 70
0
 10
348.04
 20
143.28
 10
348.76
 20
143.28
 10
351.07
 20
141.55
  0
LWPOLYLINE
  5
1625
330
17
100
AcDbEntity
  8
POLYLINES
100
AcDbPolyline
 90
4
 70
0
 10
349.05
 20
147.17
 10
348.91
 20
145.44
 10
349.05
 20
144.58
 10
348.76
 20
143.28
  0
LWPOLYLINE
  5
1626
330
17
100
AcDbEntity
  8
POLYLINES
100
AcDbPolyline
 90
3
 70
0
 10
356.97
 20
148.32
 10
358.99
 20
145.15
 10
359.42
 20
145.3
  0
LWPOLYLINE
  5
1627
330
17
100
AcDbEntity
  8
POLYLINES
100
AcDbPolyline
 90
4
 70
0
 10
358.55
 20
149.62
 10
357.69
 20
147.46
 10
356.68
 20
145.58
 10
355.82
 20
144.43
  0
LWPOLYLINE
  5
1628
330
17
100
AcDbEntity
  8
POLYLINES
100
AcDbPolyline
 90
3
 70
0
 10
363.02
 20
150.05
 10
363.02
 20
141.55
 10
362.3
 20
142.99
  0
LWPOLYLINE
  5
1629
330
17
100
AcDbEntity
  8
POLYLINES
100
AcDbPolyline
 90
4
 70
0
 10
359.99
 20
142.13
 10
360.43
 20
143.71
 10
360.71
 20
146.74
 10
360.71
 20
150.19
  0
LWPOLYLINE
  5
162A
330
17
100
AcDbEntity
  8
POLYLINES
100
AcDbPolyline
 90
4
 70
0
 10
365.32
 20
146.59
 10
365.32
 20
144.72
 10
364.89
 20
142.85
 10
364.17
 20
141.55
  0
LWPOLYLINE
  5
162B
330
17
100
AcDbEntity
  8
POLYLINES
100
AcDbPolyline
 90
4
 70
0
 10
364.6
 20
150.34
 10
364.6
 20
148.46
 10
364.46
 20
145.3
 10
363.74
 20
141.7
  0
LWPOLYLINE
  5
162C
330
17
100
AcDbEntity
  8
POLYLINES
100
AcDbPolyline
 90
2
 70
0
 10
524.59
 20
279.74
 10
545.32
 20
299.93
  0
LWPOLYLINE
  5
162D
330
17
100
AcDbEntity
  8
POLYLINES
100
AcDbPolyline
 90
2
 70
0
 10
545.32
 20
259.54
 10
524.59
 20
279.74
  0
LWPOLYLINE
  5
162E
330
17
100
AcDbEntity
  8
POLYLINES
100
AcDbPolyline
 90
6
 70
0
 10
516.23
 20
188.85
 10
514.67
 20
190.41
 10
513.11
 20
188.85
 10
514.67
 20
187.29
 10
516.23
 20
188.85
 10
516.23
 20
188.85
  0
LWPOLYLINE
  5
162F
330
17
100
AcDbEntity
  8
POLYLINES
100
AcDbPolyline
 90
8
 70
0
 10
524.59
 20
206.93
 10
524.59
 20
208.08
 10
520.41
 20
206.06
 10
524.59
 20
204.05
 10
524.59
 20
205.2
 10
537.98
 20
205.2
 10
537.98
 20
206.93
 10
524.59
 20
206.93
  0
LWPOLYLINE
  5
1630
330
17
100
AcDbEntity
  8
POLYLINES
100
AcDbPolyline
 90
8
 70
0
 10
524.59
 20
206.93
 10
524.59
 20
208.08
 10
520.41
 20
206.06
 10
524.59
 20
204.05
 10
524.59
 20
205.2
 10
537.98
 20
205.2
 10
537.98
 20
206.93
 10
524.59
 20
206.93
  0
LWPOLYLINE
  5
1631
330
17
100
AcDbEntity
  8
POLYLINES
100
AcDbPolyline
 90
3
 70
0
 10
537.98
 20
205.2
 10
524.59
 20
205.2
 10
524.59
 20
204.05
  0
LWPOLYLINE
  5
1632
330
17
100
AcDbEntity
  8
POLYLINES
100
AcDbPolyline
 90
3
 70
0
 10
537.98
 20
206.93
 10
524.59
 20
206.93
 10
524.59
 20
208.08
  0
LWPOLYLINE
  5
1633
330
17
100
AcDbEntity
  8
POLYLINES
100
AcDbPolyline
 90
8
 70
0
 10
136.22
 20
205.2
 10
136.22
 20
204.05
 10
140.54
 20
206.06
 10
136.22
 20
208.08
 10
136.22
 20
206.93
 10
122.97
 20
206.93
 10
122.97
 20
205.2
 10
136.22
 20
205.2
  0
LWPOLYLINE
  5
1634
330
17
100
AcDbEntity
  8
POLYLINES
100
AcDbPolyline
 90
8
 70
0
 10
136.22
 20
205.2
 10
136.22
 20
204.05
 10
140.54
 20
206.06
 10
136.22
 20
208.08
 10
136.22
 20
206.93
 10
122.97
 20
206.93
 10
122.97
 20
205.2
 10
136.22
 20
205.2
  0
LWPOLYLINE
  5
1635
330
17
100
AcDbEntity
  8
POLYLINES
100
AcDbPolyline
 90
3
 70
0
 10
122.97
 20
205.2
 10
136.22
 20
205.2
 10
136.22
 20
204.05
  0
LWPOLYLINE
  5
1636
330
17
100
AcDbEntity
  8
POLYLINES
100
AcDbPolyline
 90
3
 70
0
 10
122.97
 20
206.93
 10
136.22
 20
206.93
 10
136.22
 20
208.08
  0
LWPOLYLINE
  5
1637
330
17
100
AcDbEntity
  8
POLYLINES
100
AcDbPolyline
 90
4
 70
0
 10
520.41
 20
624.1
 10
509.03
 20
624.1
 10
509.03
 20
615.6
 10
520.41
 20
615.6
  0
LWPOLYLINE
  5
1638
330
17
100
AcDbEntity
  8
POLYLINES
100
AcDbPolyline
 90
33
 70
0
 10
510.19
 20
620.21
 10
509.9
 20
620.21
 10
509.75
 20
620.35
 10
509.61
 20
620.35
 10
509.61
 20
620.64
 10
509.61
 20
620.78
 10
509.61
 20
624.1
 10
509.03
 20
624.1
 10
509.03
 20
615.6
 10
509.61
 20
615.6
 10
509.61
 20
619.06
 10
509.61
 20
619.2
 10
509.61
 20
619.34
 10
509.75
 20
619.49
 10
509.9
 20
619.63
 10
510.19
 20
619.63
 10
519.26
 20
619.63
 10
519.4
 20
619.63
 10
519.55
 20
619.49
 10
519.69
 20
619.34
 10
519.69
 20
619.2
 10
519.83
 20
619.06
 10
519.83
 20
615.6
 10
520.41
 20
615.6
 10
520.41
 20
624.1
 10
519.83
 20
624.1
 10
519.83
 20
620.78
 10
519.69
 20
620.64
 10
519.69
 20
620.35
 10
519.55
 20
620.35
 10
519.4
 20
620.21
 10
519.26
 20
620.21
 10
510.19
 20
620.21
  0
LWPOLYLINE
  5
1639
330
17
100
AcDbEntity
  8
POLYLINES
100
AcDbPolyline
 90
33
 70
0
 10
510.19
 20
620.21
 10
509.9
 20
620.21
 10
509.75
 20
620.35
 10
509.61
 20
620.35
 10
509.61
 20
620.64
 10
509.61
 20
620.78
 10
509.61
 20
624.1
 10
509.03
 20
624.1
 10
509.03
 20
615.6
 10
509.61
 20
615.6
 10
509.61
 20
619.06
 10
509.61
 20
619.2
 10
509.61
 20
619.34
 10
509.75
 20
619.49
 10
509.9
 20
619.63
 10
510.19
 20
619.63
 10
519.26
 20
619.63
 10
519.4
 20
619.63
 10
519.55
 20
619.49
 10
519.69
 20
619.34
 10
519.69
 20
619.2
 10
519.83
 20
619.06
 10
519.83
 20
615.6
 10
520.41
 20
615.6
 10
520.41
 20
624.1
 10
519.83
 20
624.1
 10
519.83
 20
620.78
 10
519.69
 20
620.64
 10
519.69
 20
620.35
 10
519.55
 20
620.35
 10
519.4
 20
620.21
 10
519.26
 20
620.21
 10
510.19
 20
620.21
  0
LWPOLYLINE
  5
163A
330
17
100
AcDbEntity
  8
POLYLINES
100
AcDbPolyline
 90
2
 70
0
 10
510.14
 20
619.61
 10
509.57
 20
619.04
  0
LWPOLYLINE
  5
163B
330
17
100
AcDbEntity
  8
POLYLINES
100
AcDbPolyline
 90
2
 70
0
 10
519.77
 20
619.04
 10
519.21
 20
619.61
  0
LWPOLYLINE
  5
163C
330
17
100
AcDbEntity
  8
POLYLINES
100
AcDbPolyline
 90
2
 70
0
 10
509.57
 20
620.75
 10
510.14
 20
620.18
  0
LWPOLYLINE
  5
163D
330
17
100
AcDbEntity
  8
POLYLINES
100
AcDbPolyline
 90
2
 70
0
 10
519.21
 20
620.18
 10
519.77
 20
620.75
  0
LWPOLYLINE
  5
163E
330
17
100
AcDbEntity
  8
POLYLINES
100
AcDbPolyline
 90
4
 70
0
 10
520.41
 20
614.16
 10
507.59
 20
614.16
 10
507.59
 20
625.54
 10
520.41
 20
625.54
  0
LWPOLYLINE
  5
163F
330
17
100
AcDbEntity
  8
POLYLINES
100
AcDbPolyline
 90
4
 70
0
 10
520.41
 20
445.54
 10
509.03
 20
445.54
 10
509.03
 20
437.04
 10
520.41
 20
437.04
  0
LWPOLYLINE
  5
1640
330
17
100
AcDbEntity
  8
POLYLINES
100
AcDbPolyline
 90
33
 70
0
 10
509.61
 20
442.22
 10
509.61
 20
445.54
 10
509.03
 20
445.54
 10
509.03
 20
437.04
 10
509.61
 20
437.04
 10
509.61
 20
440.5
 10
509.61
 20
440.64
 10
509.61
 20
440.78
 10
509.75
 20
440.93
 10
509.9
 20
441.07
 10
510.19
 20
441.07
 10
519.26
 20
441.07
 10
519.4
 20
441.07
 10
519.55
 20
440.93
 10
519.69
 20
440.78
 10
519.69
 20
440.64
 10
519.83
 20
440.5
 10
519.83
 20
437.04
 10
520.41
 20
437.04
 10
520.41
 20
445.54
 10
519.83
 20
445.54
 10
519.83
 20
442.22
 10
519.69
 20
441.94
 10
519.69
 20
441.79
 10
519.55
 20
441.65
 10
519.4
 20
441.65
 10
519.26
 20
441.65
 10
510.19
 20
441.65
 10
509.9
 20
441.65
 10
509.75
 20
441.65
 10
509.61
 20
441.79
 10
509.61
 20
441.94
 10
509.61
 20
442.22
  0
LWPOLYLINE
  5
1641
330
17
100
AcDbEntity
  8
POLYLINES
100
AcDbPolyline
 90
33
 70
0
 10
509.61
 20
442.22
 10
509.61
 20
445.54
 10
509.03
 20
445.54
 10
509.03
 20
437.04
 10
509.61
 20
437.04
 10
509.61
 20
440.5
 10
509.61
 20
440.64
 10
509.61
 20
440.78
 10
509.75
 20
440.93
 10
509.9
 20
441.07
 10
510.19
 20
441.07
 10
519.26
 20
441.07
 10
519.4
 20
441.07
 10
519.55
 20
440.93
 10
519.69
 20
440.78
 10
519.69
 20
440.64
 10
519.83
 20
440.5
 10
519.83
 20
437.04
 10
520.41
 20
437.04
 10
520.41
 20
445.54
 10
519.83
 20
445.54
 10
519.83
 20
442.22
 10
519.69
 20
441.94
 10
519.69
 20
441.79
 10
519.55
 20
441.65
 10
519.4
 20
441.65
 10
519.26
 20
441.65
 10
510.19
 20
441.65
 10
509.9
 20
441.65
 10
509.75
 20
441.65
 10
509.61
 20
441.79
 10
509.61
 20
441.94
 10
509.61
 20
442.22
  0
LWPOLYLINE
  5
1642
330
17
100
AcDbEntity
  8
POLYLINES
100
AcDbPolyline
 90
2
 70
0
 10
510.14
 20
441.03
 10
509.57
 20
440.46
  0
LWPOLYLINE
  5
1643
330
17
100
AcDbEntity
  8
POLYLINES
100
AcDbPolyline
 90
2
 70
0
 10
519.77
 20
440.46
 10
519.21
 20
441.03
  0
LWPOLYLINE
  5
1644
330
17
100
AcDbEntity
  8
POLYLINES
100
AcDbPolyline
 90
2
 70
0
 10
509.57
 20
442.16
 10
510.14
 20
441.6
  0
LWPOLYLINE
  5
1645
330
17
100
AcDbEntity
  8
POLYLINES
100
AcDbPolyline
 90
2
 70
0
 10
519.21
 20
441.6
 10
519.77
 20
442.16
  0
LWPOLYLINE
  5
1646
330
17
100
AcDbEntity
  8
POLYLINES
100
AcDbPolyline
 90
4
 70
0
 10
520.41
 20
435.6
 10
507.59
 20
435.6
 10
507.59
 20
446.98
 10
520.41
 20
446.98
  0
LWPOLYLINE
  5
1647
330
17
100
AcDbEntity
  8
POLYLINES
100
AcDbPolyline
 90
4
 70
0
 10
520.41
 20
201.74
 10
509.03
 20
201.74
 10
509.03
 20
210.24
 10
520.41
 20
210.24
  0
LWPOLYLINE
  5
1648
330
17
100
AcDbEntity
  8
POLYLINES
100
AcDbPolyline
 90
33
 70
0
 10
519.26
 20
205.78
 10
519.4
 20
205.78
 10
519.55
 20
205.63
 10
519.69
 20
205.49
 10
519.69
 20
205.34
 10
519.83
 20
205.2
 10
519.83
 20
201.74
 10
520.41
 20
201.74
 10
520.41
 20
210.24
 10
519.83
 20
210.24
 10
519.83
 20
206.93
 10
519.69
 20
206.64
 10
519.69
 20
206.5
 10
519.55
 20
206.5
 10
519.4
 20
206.35
 10
519.26
 20
206.35
 10
510.19
 20
206.35
 10
509.9
 20
206.35
 10
509.75
 20
206.5
 10
509.61
 20
206.5
 10
509.61
 20
206.64
 10
509.61
 20
206.93
 10
509.61
 20
210.24
 10
509.03
 20
210.24
 10
509.03
 20
201.74
 10
509.61
 20
201.74
 10
509.61
 20
205.2
 10
509.61
 20
205.34
 10
509.61
 20
205.49
 10
509.75
 20
205.63
 10
509.9
 20
205.78
 10
510.19
 20
205.78
 10
519.26
 20
205.78
  0
LWPOLYLINE
  5
1649
330
17
100
AcDbEntity
  8
POLYLINES
100
AcDbPolyline
 90
33
 70
0
 10
519.26
 20
205.78
 10
519.4
 20
205.78
 10
519.55
 20
205.63
 10
519.69
 20
205.49
 10
519.69
 20
205.34
 10
519.83
 20
205.2
 10
519.83
 20
201.74
 10
520.41
 20
201.74
 10
520.41
 20
210.24
 10
519.83
 20
210.24
 10
519.83
 20
206.93
 10
519.69
 20
206.64
 10
519.69
 20
206.5
 10
519.55
 20
206.5
 10
519.4
 20
206.35
 10
519.26
 20
206.35
 10
510.19
 20
206.35
 10
509.9
 20
206.35
 10
509.75
 20
206.5
 10
509.61
 20
206.5
 10
509.61
 20
206.64
 10
509.61
 20
206.93
 10
509.61
 20
210.24
 10
509.03
 20
210.24
 10
509.03
 20
201.74
 10
509.61
 20
201.74
 10
509.61
 20
205.2
 10
509.61
 20
205.34
 10
509.61
 20
205.49
 10
509.75
 20
205.63
 10
509.9
 20
205.78
 10
510.19
 20
205.78
 10
519.26
 20
205.78
  0
LWPOLYLINE
  5
164A
330
17
100
AcDbEntity
  8
POLYLINES
100
AcDbPolyline
 90
2
 70
0
 10
509.57
 20
206.89
 10
510.14
 20
206.32
  0
LWPOLYLINE
  5
164B
330
17
100
AcDbEntity
  8
POLYLINES
100
AcDbPolyline
 90
2
 70
0
 10
519.21
 20
206.32
 10
519.77
 20
206.89
  0
LWPOLYLINE
  5
164C
330
17
100
AcDbEntity
  8
POLYLINES
100
AcDbPolyline
 90
2
 70
0
 10
510.14
 20
205.75
 10
509.57
 20
205.19
  0
LWPOLYLINE
  5
164D
330
17
100
AcDbEntity
  8
POLYLINES
100
AcDbPolyline
 90
2
 70
0
 10
519.77
 20
205.19
 10
519.21
 20
205.75
  0
LWPOLYLINE
  5
164E
330
17
100
AcDbEntity
  8
POLYLINES
100
AcDbPolyline
 90
4
 70
0
 10
520.41
 20
211.68
 10
507.59
 20
211.68
 10
507.59
 20
201.74
 10
520.41
 20
201.74
  0
LWPOLYLINE
  5
164F
330
17
100
AcDbEntity
  8
POLYLINES
100
AcDbPolyline
 90
4
 70
0
 10
310.6
 20
802.8
 10
321.98
 20
802.8
 10
321.98
 20
794.16
 10
310.6
 20
794.16
  0
LWPOLYLINE
  5
1650
330
17
100
AcDbEntity
  8
POLYLINES
100
AcDbPolyline
 90
33
 70
0
 10
310.6
 20
794.16
 10
311.18
 20
794.16
 10
311.18
 20
797.62
 10
311.18
 20
797.76
 10
311.32
 20
797.9
 10
311.32
 20
798.05
 10
311.47
 20
798.19
 10
311.75
 20
798.19
 10
320.83
 20
798.19
 10
320.97
 20
798.19
 10
321.11
 20
798.05
 10
321.26
 20
797.9
 10
321.26
 20
797.76
 10
321.4
 20
797.62
 10
321.4
 20
794.16
 10
321.98
 20
794.16
 10
321.98
 20
802.8
 10
321.4
 20
802.8
 10
321.4
 20
799.34
 10
321.26
 20
799.2
 10
321.26
 20
799.06
 10
321.11
 20
798.91
 10
320.97
 20
798.77
 10
320.83
 20
798.77
 10
311.75
 20
798.77
 10
311.47
 20
798.77
 10
311.32
 20
798.91
 10
311.32
 20
799.06
 10
311.18
 20
799.2
 10
311.18
 20
799.34
 10
311.18
 20
802.8
 10
310.6
 20
802.8
 10
310.6
 20
794.16
  0
LWPOLYLINE
  5
1651
330
17
100
AcDbEntity
  8
POLYLINES
100
AcDbPolyline
 90
33
 70
0
 10
310.6
 20
794.16
 10
311.18
 20
794.16
 10
311.18
 20
797.62
 10
311.18
 20
797.76
 10
311.32
 20
797.9
 10
311.32
 20
798.05
 10
311.47
 20
798.19
 10
311.75
 20
798.19
 10
320.83
 20
798.19
 10
320.97
 20
798.19
 10
321.11
 20
798.05
 10
321.26
 20
797.9
 10
321.26
 20
797.76
 10
321.4
 20
797.62
 10
321.4
 20
794.16
 10
321.98
 20
794.16
 10
321.98
 20
802.8
 10
321.4
 20
802.8
 10
321.4
 20
799.34
 10
321.26
 20
799.2
 10
321.26
 20
799.06
 10
321.11
 20
798.91
 10
320.97
 20
798.77
 10
320.83
 20
798.77
 10
311.75
 20
798.77
 10
311.47
 20
798.77
 10
311.32
 20
798.91
 10
311.32
 20
799.06
 10
311.18
 20
799.2
 10
311.18
 20
799.34
 10
311.18
 20
802.8
 10
310.6
 20
802.8
 10
310.6
 20
794.16
  0
LWPOLYLINE
  5
1652
330
17
100
AcDbEntity
  8
POLYLINES
100
AcDbPolyline
 90
2
 70
0
 10
321.35
 20
797.63
 10
320.78
 20
798.19
  0
LWPOLYLINE
  5
1653
330
17
100
AcDbEntity
  8
POLYLINES
100
AcDbPolyline
 90
2
 70
0
 10
311.71
 20
798.19
 10
311.15
 20
797.63
  0
LWPOLYLINE
  5
1654
330
17
100
AcDbEntity
  8
POLYLINES
100
AcDbPolyline
 90
2
 70
0
 10
320.78
 20
798.76
 10
321.35
 20
799.33
  0
LWPOLYLINE
  5
1655
330
17
100
AcDbEntity
  8
POLYLINES
100
AcDbPolyline
 90
2
 70
0
 10
311.15
 20
799.33
 10
311.71
 20
798.76
  0
LWPOLYLINE
  5
1656
330
17
100
AcDbEntity
  8
POLYLINES
100
AcDbPolyline
 90
4
 70
0
 10
310.6
 20
201.74
 10
321.98
 20
201.74
 10
321.98
 20
210.24
 10
310.6
 20
210.24
  0
LWPOLYLINE
  5
1657
330
17
100
AcDbEntity
  8
POLYLINES
100
AcDbPolyline
 90
32
 70
0
 10
321.4
 20
206.93
 10
321.26
 20
206.64
 10
321.26
 20
206.5
 10
321.11
 20
206.5
 10
320.97
 20
206.35
 10
320.83
 20
206.35
 10
311.75
 20
206.35
 10
311.47
 20
206.35
 10
311.32
 20
206.5
 10
311.18
 20
206.64
 10
311.18
 20
206.93
 10
311.18
 20
210.24
 10
310.6
 20
210.24
 10
310.6
 20
201.74
 10
311.18
 20
201.74
 10
311.18
 20
205.2
 10
311.18
 20
205.34
 10
311.32
 20
205.49
 10
311.32
 20
205.63
 10
311.47
 20
205.78
 10
311.75
 20
205.78
 10
320.83
 20
205.78
 10
320.97
 20
205.78
 10
321.11
 20
205.63
 10
321.26
 20
205.49
 10
321.26
 20
205.34
 10
321.4
 20
205.2
 10
321.4
 20
201.74
 10
321.98
 20
201.74
 10
321.98
 20
210.24
 10
321.4
 20
210.24
 10
321.4
 20
206.93
  0
LWPOLYLINE
  5
1658
330
17
100
AcDbEntity
  8
POLYLINES
100
AcDbPolyline
 90
32
 70
0
 10
321.4
 20
206.93
 10
321.26
 20
206.64
 10
321.26
 20
206.5
 10
321.11
 20
206.5
 10
320.97
 20
206.35
 10
320.83
 20
206.35
 10
311.75
 20
206.35
 10
311.47
 20
206.35
 10
311.32
 20
206.5
 10
311.18
 20
206.64
 10
311.18
 20
206.93
 10
311.18
 20
210.24
 10
310.6
 20
210.24
 10
310.6
 20
201.74
 10
311.18
 20
201.74
 10
311.18
 20
205.2
 10
311.18
 20
205.34
 10
311.32
 20
205.49
 10
311.32
 20
205.63
 10
311.47
 20
205.78
 10
311.75
 20
205.78
 10
320.83
 20
205.78
 10
320.97
 20
205.78
 10
321.11
 20
205.63
 10
321.26
 20
205.49
 10
321.26
 20
205.34
 10
321.4
 20
205.2
 10
321.4
 20
201.74
 10
321.98
 20
201.74
 10
321.98
 20
210.24
 10
321.4
 20
210.24
 10
321.4
 20
206.93
  0
LWPOLYLINE
  5
1659
330
17
100
AcDbEntity
  8
POLYLINES
100
AcDbPolyline
 90
2
 70
0
 10
320.78
 20
206.32
 10
321.35
 20
206.89
  0
LWPOLYLINE
  5
165A
330
17
100
AcDbEntity
  8
POLYLINES
100
AcDbPolyline
 90
2
 70
0
 10
311.15
 20
206.89
 10
311.71
 20
206.32
  0
LWPOLYLINE
  5
165B
330
17
100
AcDbEntity
  8
POLYLINES
100
AcDbPolyline
 90
2
 70
0
 10
321.35
 20
205.19
 10
320.78
 20
205.75
  0
LWPOLYLINE
  5
165C
330
17
100
AcDbEntity
  8
POLYLINES
100
AcDbPolyline
 90
2
 70
0
 10
311.71
 20
205.75
 10
311.15
 20
205.19
  0
LWPOLYLINE
  5
165D
330
17
100
AcDbEntity
  8
POLYLINES
100
AcDbPolyline
 90
4
 70
0
 10
140.54
 20
802.8
 10
151.77
 20
802.8
 10
151.77
 20
794.16
 10
140.54
 20
794.16
  0
LWPOLYLINE
  5
165E
330
17
100
AcDbEntity
  8
POLYLINES
100
AcDbPolyline
 90
33
 70
0
 10
140.54
 20
794.16
 10
141.11
 20
794.16
 10
141.11
 20
797.62
 10
141.11
 20
797.76
 10
141.11
 20
797.9
 10
141.26
 20
798.05
 10
141.4
 20
798.19
 10
141.69
 20
798.19
 10
150.76
 20
798.19
 10
150.91
 20
798.19
 10
151.05
 20
798.05
 10
151.19
 20
797.9
 10
151.19
 20
797.76
 10
151.34
 20
797.62
 10
151.34
 20
794.16
 10
151.77
 20
794.16
 10
151.77
 20
802.8
 10
151.34
 20
802.8
 10
151.34
 20
799.34
 10
151.19
 20
799.2
 10
151.19
 20
799.06
 10
151.05
 20
798.91
 10
150.91
 20
798.77
 10
150.76
 20
798.77
 10
141.69
 20
798.77
 10
141.4
 20
798.77
 10
141.26
 20
798.91
 10
141.11
 20
799.06
 10
141.11
 20
799.2
 10
141.11
 20
799.34
 10
141.11
 20
802.8
 10
140.54
 20
802.8
 10
140.54
 20
794.16
  0
LWPOLYLINE
  5
165F
330
17
100
AcDbEntity
  8
POLYLINES
100
AcDbPolyline
 90
33
 70
0
 10
140.54
 20
794.16
 10
141.11
 20
794.16
 10
141.11
 20
797.62
 10
141.11
 20
797.76
 10
141.11
 20
797.9
 10
141.26
 20
798.05
 10
141.4
 20
798.19
 10
141.69
 20
798.19
 10
150.76
 20
798.19
 10
150.91
 20
798.19
 10
151.05
 20
798.05
 10
151.19
 20
797.9
 10
151.19
 20
797.76
 10
151.34
 20
797.62
 10
151.34
 20
794.16
 10
151.77
 20
794.16
 10
151.77
 20
802.8
 10
151.34
 20
802.8
 10
151.34
 20
799.34
 10
151.19
 20
799.2
 10
151.19
 20
799.06
 10
151.05
 20
798.91
 10
150.91
 20
798.77
 10
150.76
 20
798.77
 10
141.69
 20
798.77
 10
141.4
 20
798.77
 10
141.26
 20
798.91
 10
141.11
 20
799.06
 10
141.11
 20
799.2
 10
141.11
 20
799.34
 10
141.11
 20
802.8
 10
140.54
 20
802.8
 10
140.54
 20
794.16
  0
LWPOLYLINE
  5
1660
330
17
100
AcDbEntity
  8
POLYLINES
100
AcDbPolyline
 90
2
 70
0
 10
151.27
 20
797.63
 10
150.7
 20
798.19
  0
LWPOLYLINE
  5
1661
330
17
100
AcDbEntity
  8
POLYLINES
100
AcDbPolyline
 90
2
 70
0
 10
141.63
 20
798.19
 10
141.07
 20
797.63
  0
LWPOLYLINE
  5
1662
330
17
100
AcDbEntity
  8
POLYLINES
100
AcDbPolyline
 90
2
 70
0
 10
150.7
 20
798.76
 10
151.27
 20
799.33
  0
LWPOLYLINE
  5
1663
330
17
100
AcDbEntity
  8
POLYLINES
100
AcDbPolyline
 90
2
 70
0
 10
141.07
 20
799.33
 10
141.63
 20
798.76
  0
LWPOLYLINE
  5
1664
330
17
100
AcDbEntity
  8
POLYLINES
100
AcDbPolyline
 90
4
 70
0
 10
140.54
 20
792.86
 10
153.21
 20
792.86
 10
153.21
 20
804.1
 10
140.54
 20
804.1
  0
LWPOLYLINE
  5
1665
330
17
100
AcDbEntity
  8
POLYLINES
100
AcDbPolyline
 90
4
 70
0
 10
140.54
 20
624.1
 10
151.77
 20
624.1
 10
151.77
 20
615.6
 10
140.54
 20
615.6
  0
LWPOLYLINE
  5
1666
330
17
100
AcDbEntity
  8
POLYLINES
100
AcDbPolyline
 90
33
 70
0
 10
140.54
 20
615.6
 10
141.11
 20
615.6
 10
141.11
 20
619.06
 10
141.11
 20
619.2
 10
141.11
 20
619.34
 10
141.26
 20
619.49
 10
141.4
 20
619.63
 10
141.69
 20
619.63
 10
150.76
 20
619.63
 10
150.91
 20
619.63
 10
151.05
 20
619.49
 10
151.19
 20
619.34
 10
151.19
 20
619.2
 10
151.34
 20
619.06
 10
151.34
 20
615.6
 10
151.77
 20
615.6
 10
151.77
 20
624.1
 10
151.34
 20
624.1
 10
151.34
 20
620.78
 10
151.19
 20
620.64
 10
151.19
 20
620.35
 10
151.05
 20
620.35
 10
150.91
 20
620.21
 10
150.76
 20
620.21
 10
141.69
 20
620.21
 10
141.4
 20
620.21
 10
141.26
 20
620.35
 10
141.11
 20
620.35
 10
141.11
 20
620.64
 10
141.11
 20
620.78
 10
141.11
 20
624.1
 10
140.54
 20
624.1
 10
140.54
 20
615.6
  0
LWPOLYLINE
  5
1667
330
17
100
AcDbEntity
  8
POLYLINES
100
AcDbPolyline
 90
33
 70
0
 10
140.54
 20
615.6
 10
141.11
 20
615.6
 10
141.11
 20
619.06
 10
141.11
 20
619.2
 10
141.11
 20
619.34
 10
141.26
 20
619.49
 10
141.4
 20
619.63
 10
141.69
 20
619.63
 10
150.76
 20
619.63
 10
150.91
 20
619.63
 10
151.05
 20
619.49
 10
151.19
 20
619.34
 10
151.19
 20
619.2
 10
151.34
 20
619.06
 10
151.34
 20
615.6
 10
151.77
 20
615.6
 10
151.77
 20
624.1
 10
151.34
 20
624.1
 10
151.34
 20
620.78
 10
151.19
 20
620.64
 10
151.19
 20
620.35
 10
151.05
 20
620.35
 10
150.91
 20
620.21
 10
150.76
 20
620.21
 10
141.69
 20
620.21
 10
141.4
 20
620.21
 10
141.26
 20
620.35
 10
141.11
 20
620.35
 10
141.11
 20
620.64
 10
141.11
 20
620.78
 10
141.11
 20
624.1
 10
140.54
 20
624.1
 10
140.54
 20
615.6
  0
LWPOLYLINE
  5
1668
330
17
100
AcDbEntity
  8
POLYLINES
100
AcDbPolyline
 90
2
 70
0
 10
151.27
 20
619.04
 10
150.7
 20
619.61
  0
LWPOLYLINE
  5
1669
330
17
100
AcDbEntity
  8
POLYLINES
100
AcDbPolyline
 90
2
 70
0
 10
141.63
 20
619.61
 10
141.07
 20
619.04
  0
LWPOLYLINE
  5
166A
330
17
100
AcDbEntity
  8
POLYLINES
100
AcDbPolyline
 90
2
 70
0
 10
150.7
 20
620.18
 10
151.27
 20
620.75
  0
LWPOLYLINE
  5
166B
330
17
100
AcDbEntity
  8
POLYLINES
100
AcDbPolyline
 90
2
 70
0
 10
141.07
 20
620.75
 10
141.63
 20
620.18
  0
LWPOLYLINE
  5
166C
330
17
100
AcDbEntity
  8
POLYLINES
100
AcDbPolyline
 90
4
 70
0
 10
140.54
 20
614.16
 10
153.21
 20
614.16
 10
153.21
 20
625.54
 10
140.54
 20
625.54
  0
LWPOLYLINE
  5
166D
330
17
100
AcDbEntity
  8
POLYLINES
100
AcDbPolyline
 90
4
 70
0
 10
140.54
 20
445.54
 10
151.77
 20
445.54
 10
151.77
 20
437.04
 10
140.54
 20
437.04
  0
LWPOLYLINE
  5
166E
330
17
100
AcDbEntity
  8
POLYLINES
100
AcDbPolyline
 90
33
 70
0
 10
140.54
 20
437.04
 10
141.11
 20
437.04
 10
141.11
 20
440.5
 10
141.11
 20
440.64
 10
141.11
 20
440.78
 10
141.26
 20
440.93
 10
141.4
 20
441.07
 10
141.69
 20
441.07
 10
150.76
 20
441.07
 10
150.91
 20
441.07
 10
151.05
 20
440.93
 10
151.19
 20
440.78
 10
151.19
 20
440.64
 10
151.34
 20
440.5
 10
151.34
 20
437.04
 10
151.77
 20
437.04
 10
151.77
 20
445.54
 10
151.34
 20
445.54
 10
151.34
 20
442.22
 10
151.19
 20
441.94
 10
151.19
 20
441.79
 10
151.05
 20
441.65
 10
150.91
 20
441.65
 10
150.76
 20
441.65
 10
141.69
 20
441.65
 10
141.4
 20
441.65
 10
141.26
 20
441.65
 10
141.11
 20
441.79
 10
141.11
 20
441.94
 10
141.11
 20
442.22
 10
141.11
 20
445.54
 10
140.54
 20
445.54
 10
140.54
 20
437.04
  0
LWPOLYLINE
  5
166F
330
17
100
AcDbEntity
  8
POLYLINES
100
AcDbPolyline
 90
33
 70
0
 10
140.54
 20
437.04
 10
141.11
 20
437.04
 10
141.11
 20
440.5
 10
141.11
 20
440.64
 10
141.11
 20
440.78
 10
141.26
 20
440.93
 10
141.4
 20
441.07
 10
141.69
 20
441.07
 10
150.76
 20
441.07
 10
150.91
 20
441.07
 10
151.05
 20
440.93
 10
151.19
 20
440.78
 10
151.19
 20
440.64
 10
151.34
 20
440.5
 10
151.34
 20
437.04
 10
151.77
 20
437.04
 10
151.77
 20
445.54
 10
151.34
 20
445.54
 10
151.34
 20
442.22
 10
151.19
 20
441.94
 10
151.19
 20
441.79
 10
151.05
 20
441.65
 10
150.91
 20
441.65
 10
150.76
 20
441.65
 10
141.69
 20
441.65
 10
141.4
 20
441.65
 10
141.26
 20
441.65
 10
141.11
 20
441.79
 10
141.11
 20
441.94
 10
141.11
 20
442.22
 10
141.11
 20
445.54
 10
140.54
 20
445.54
 10
140.54
 20
437.04
  0
LWPOLYLINE
  5
1670
330
17
100
AcDbEntity
  8
POLYLINES
100
AcDbPolyline
 90
2
 70
0
 10
151.27
 20
440.46
 10
150.7
 20
441.03
  0
LWPOLYLINE
  5
1671
330
17
100
AcDbEntity
  8
POLYLINES
100
AcDbPolyline
 90
2
 70
0
 10
141.63
 20
441.03
 10
141.07
 20
440.46
  0
LWPOLYLINE
  5
1672
330
17
100
AcDbEntity
  8
POLYLINES
100
AcDbPolyline
 90
2
 70
0
 10
150.7
 20
441.6
 10
151.27
 20
442.16
  0
LWPOLYLINE
  5
1673
330
17
100
AcDbEntity
  8
POLYLINES
100
AcDbPolyline
 90
2
 70
0
 10
141.07
 20
442.16
 10
141.63
 20
441.6
  0
LWPOLYLINE
  5
1674
330
17
100
AcDbEntity
  8
POLYLINES
100
AcDbPolyline
 90
4
 70
0
 10
140.54
 20
435.6
 10
153.21
 20
435.6
 10
153.21
 20
446.98
 10
140.54
 20
446.98
  0
LWPOLYLINE
  5
1675
330
17
100
AcDbEntity
  8
POLYLINES
100
AcDbPolyline
 90
4
 70
0
 10
140.54
 20
201.74
 10
151.77
 20
201.74
 10
151.77
 20
210.24
 10
140.54
 20
210.24
  0
LWPOLYLINE
  5
1676
330
17
100
AcDbEntity
  8
POLYLINES
100
AcDbPolyline
 90
33
 70
0
 10
151.34
 20
206.93
 10
151.19
 20
206.64
 10
151.19
 20
206.5
 10
151.05
 20
206.5
 10
150.91
 20
206.35
 10
150.76
 20
206.35
 10
141.69
 20
206.35
 10
141.4
 20
206.35
 10
141.26
 20
206.5
 10
141.11
 20
206.5
 10
141.11
 20
206.64
 10
141.11
 20
206.93
 10
141.11
 20
210.24
 10
140.54
 20
210.24
 10
140.54
 20
201.74
 10
141.11
 20
201.74
 10
141.11
 20
205.2
 10
141.11
 20
205.34
 10
141.11
 20
205.49
 10
141.26
 20
205.63
 10
141.4
 20
205.78
 10
141.69
 20
205.78
 10
150.76
 20
205.78
 10
150.91
 20
205.78
 10
151.05
 20
205.63
 10
151.19
 20
205.49
 10
151.19
 20
205.34
 10
151.34
 20
205.2
 10
151.34
 20
201.74
 10
151.77
 20
201.74
 10
151.77
 20
210.24
 10
151.34
 20
210.24
 10
151.34
 20
206.93
  0
LWPOLYLINE
  5
1677
330
17
100
AcDbEntity
  8
POLYLINES
100
AcDbPolyline
 90
33
 70
0
 10
151.34
 20
206.93
 10
151.19
 20
206.64
 10
151.19
 20
206.5
 10
151.05
 20
206.5
 10
150.91
 20
206.35
 10
150.76
 20
206.35
 10
141.69
 20
206.35
 10
141.4
 20
206.35
 10
141.26
 20
206.5
 10
141.11
 20
206.5
 10
141.11
 20
206.64
 10
141.11
 20
206.93
 10
141.11
 20
210.24
 10
140.54
 20
210.24
 10
140.54
 20
201.74
 10
141.11
 20
201.74
 10
141.11
 20
205.2
 10
141.11
 20
205.34
 10
141.11
 20
205.49
 10
141.26
 20
205.63
 10
141.4
 20
205.78
 10
141.69
 20
205.78
 10
150.76
 20
205.78
 10
150.91
 20
205.78
 10
151.05
 20
205.63
 10
151.19
 20
205.49
 10
151.19
 20
205.34
 10
151.34
 20
205.2
 10
151.34
 20
201.74
 10
151.77
 20
201.74
 10
151.77
 20
210.24
 10
151.34
 20
210.24
 10
151.34
 20
206.93
  0
LWPOLYLINE
  5
1678
330
17
100
AcDbEntity
  8
POLYLINES
100
AcDbPolyline
 90
2
 70
0
 10
150.7
 20
206.32
 10
151.27
 20
206.89
  0
LWPOLYLINE
  5
1679
330
17
100
AcDbEntity
  8
POLYLINES
100
AcDbPolyline
 90
2
 70
0
 10
141.07
 20
206.89
 10
141.63
 20
206.32
  0
LWPOLYLINE
  5
167A
330
17
100
AcDbEntity
  8
POLYLINES
100
AcDbPolyline
 90
2
 70
0
 10
151.27
 20
205.19
 10
150.7
 20
205.75
  0
LWPOLYLINE
  5
167B
330
17
100
AcDbEntity
  8
POLYLINES
100
AcDbPolyline
 90
2
 70
0
 10
141.63
 20
205.75
 10
141.07
 20
205.19
  0
LWPOLYLINE
  5
167C
330
17
100
AcDbEntity
  8
POLYLINES
100
AcDbPolyline
 90
4
 70
0
 10
140.54
 20
211.68
 10
153.21
 20
211.68
 10
153.21
 20
201.74
 10
140.54
 20
201.74
  0
LWPOLYLINE
  5
167D
330
17
100
AcDbEntity
  8
POLYLINES
100
AcDbPolyline
 90
4
 70
0
 10
520.41
 20
802.8
 10
509.03
 20
802.8
 10
509.03
 20
794.16
 10
520.41
 20
794.16
  0
LWPOLYLINE
  5
167E
330
17
100
AcDbEntity
  8
POLYLINES
100
AcDbPolyline
 90
33
 70
0
 10
510.19
 20
798.77
 10
509.9
 20
798.77
 10
509.75
 20
798.91
 10
509.61
 20
799.06
 10
509.61
 20
799.2
 10
509.61
 20
799.34
 10
509.61
 20
802.8
 10
509.03
 20
802.8
 10
509.03
 20
794.16
 10
509.61
 20
794.16
 10
509.61
 20
797.62
 10
509.61
 20
797.76
 10
509.61
 20
797.9
 10
509.75
 20
798.05
 10
509.9
 20
798.19
 10
510.19
 20
798.19
 10
519.26
 20
798.19
 10
519.4
 20
798.19
 10
519.55
 20
798.05
 10
519.69
 20
797.9
 10
519.69
 20
797.76
 10
519.83
 20
797.62
 10
519.83
 20
794.16
 10
520.41
 20
794.16
 10
520.41
 20
802.8
 10
519.83
 20
802.8
 10
519.83
 20
799.34
 10
519.69
 20
799.2
 10
519.69
 20
799.06
 10
519.55
 20
798.91
 10
519.4
 20
798.77
 10
519.26
 20
798.77
 10
510.19
 20
798.77
  0
LWPOLYLINE
  5
167F
330
17
100
AcDbEntity
  8
POLYLINES
100
AcDbPolyline
 90
33
 70
0
 10
510.19
 20
798.77
 10
509.9
 20
798.77
 10
509.75
 20
798.91
 10
509.61
 20
799.06
 10
509.61
 20
799.2
 10
509.61
 20
799.34
 10
509.61
 20
802.8
 10
509.03
 20
802.8
 10
509.03
 20
794.16
 10
509.61
 20
794.16
 10
509.61
 20
797.62
 10
509.61
 20
797.76
 10
509.61
 20
797.9
 10
509.75
 20
798.05
 10
509.9
 20
798.19
 10
510.19
 20
798.19
 10
519.26
 20
798.19
 10
519.4
 20
798.19
 10
519.55
 20
798.05
 10
519.69
 20
797.9
 10
519.69
 20
797.76
 10
519.83
 20
797.62
 10
519.83
 20
794.16
 10
520.41
 20
794.16
 10
520.41
 20
802.8
 10
519.83
 20
802.8
 10
519.83
 20
799.34
 10
519.69
 20
799.2
 10
519.69
 20
799.06
 10
519.55
 20
798.91
 10
519.4
 20
798.77
 10
519.26
 20
798.77
 10
510.19
 20
798.77
  0
LWPOLYLINE
  5
1680
330
17
100
AcDbEntity
  8
POLYLINES
100
AcDbPolyline
 90
2
 70
0
 10
510.14
 20
798.19
 10
509.57
 20
797.63
  0
LWPOLYLINE
  5
1681
330
17
100
AcDbEntity
  8
POLYLINES
100
AcDbPolyline
 90
2
 70
0
 10
519.77
 20
797.63
 10
519.21
 20
798.19
  0
LWPOLYLINE
  5
1682
330
17
100
AcDbEntity
  8
POLYLINES
100
AcDbPolyline
 90
2
 70
0
 10
509.57
 20
799.33
 10
510.14
 20
798.76
  0
LWPOLYLINE
  5
1683
330
17
100
AcDbEntity
  8
POLYLINES
100
AcDbPolyline
 90
2
 70
0
 10
519.21
 20
798.76
 10
519.77
 20
799.33
  0
LWPOLYLINE
  5
1684
330
17
100
AcDbEntity
  8
POLYLINES
100
AcDbPolyline
 90
4
 70
0
 10
520.41
 20
792.86
 10
507.59
 20
792.86
 10
507.59
 20
804.1
 10
520.41
 20
804.1
  0
LWPOLYLINE
  5
1685
330
17
100
AcDbEntity
  8
POLYLINES
100
AcDbPolyline
 90
4
 70
0
 10
146.15
 20
767.23
 10
149.03
 20
766.8
 10
149.03
 20
767.81
 10
146.15
 20
767.23
  0
LWPOLYLINE
  5
1686
330
17
100
AcDbEntity
  8
POLYLINES
100
AcDbPolyline
 90
4
 70
0
 10
146.15
 20
767.23
 10
149.03
 20
766.8
 10
149.03
 20
767.81
 10
146.15
 20
767.23
  0
LWPOLYLINE
  5
1687
330
17
100
AcDbEntity
  8
POLYLINES
100
AcDbPolyline
 90
4
 70
0
 10
188.63
 20
767.23
 10
185.9
 20
766.8
 10
185.9
 20
767.81
 10
188.63
 20
767.23
  0
LWPOLYLINE
  5
1688
330
17
100
AcDbEntity
  8
POLYLINES
100
AcDbPolyline
 90
4
 70
0
 10
188.63
 20
767.23
 10
185.9
 20
766.8
 10
185.9
 20
767.81
 10
188.63
 20
767.23
  0
LWPOLYLINE
  5
1689
330
17
100
AcDbEntity
  8
POLYLINES
100
AcDbPolyline
 90
4
 70
0
 10
188.63
 20
767.23
 10
191.51
 20
766.8
 10
191.51
 20
767.81
 10
188.63
 20
767.23
  0
LWPOLYLINE
  5
168A
330
17
100
AcDbEntity
  8
POLYLINES
100
AcDbPolyline
 90
4
 70
0
 10
188.63
 20
767.23
 10
191.51
 20
766.8
 10
191.51
 20
767.81
 10
188.63
 20
767.23
  0
LWPOLYLINE
  5
168B
330
17
100
AcDbEntity
  8
POLYLINES
100
AcDbPolyline
 90
4
 70
0
 10
466.55
 20
767.23
 10
463.67
 20
766.8
 10
463.67
 20
767.81
 10
466.55
 20
767.23
  0
LWPOLYLINE
  5
168C
330
17
100
AcDbEntity
  8
POLYLINES
100
AcDbPolyline
 90
4
 70
0
 10
466.55
 20
767.23
 10
463.67
 20
766.8
 10
463.67
 20
767.81
 10
466.55
 20
767.23
  0
LWPOLYLINE
  5
168D
330
17
100
AcDbEntity
  8
POLYLINES
100
AcDbPolyline
 90
4
 70
0
 10
466.55
 20
767.23
 10
469.29
 20
766.8
 10
469.29
 20
767.81
 10
466.55
 20
767.23
  0
LWPOLYLINE
  5
168E
330
17
100
AcDbEntity
  8
POLYLINES
100
AcDbPolyline
 90
4
 70
0
 10
466.55
 20
767.23
 10
469.29
 20
766.8
 10
469.29
 20
767.81
 10
466.55
 20
767.23
  0
LWPOLYLINE
  5
168F
330
17
100
AcDbEntity
  8
POLYLINES
100
AcDbPolyline
 90
4
 70
0
 10
514.65
 20
767.23
 10
511.77
 20
766.8
 10
511.77
 20
767.81
 10
514.65
 20
767.23
  0
LWPOLYLINE
  5
1690
330
17
100
AcDbEntity
  8
POLYLINES
100
AcDbPolyline
 90
4
 70
0
 10
514.65
 20
767.23
 10
511.77
 20
766.8
 10
511.77
 20
767.81
 10
514.65
 20
767.23
  0
LWPOLYLINE
  5
1691
330
17
100
AcDbEntity
  8
POLYLINES
100
AcDbPolyline
 90
4
 70
0
 10
222.19
 20
756.0
 10
222.76
 20
753.12
 10
223.19
 20
756.0
 10
222.19
 20
756.0
  0
LWPOLYLINE
  5
1692
330
17
100
AcDbEntity
  8
POLYLINES
100
AcDbPolyline
 90
4
 70
0
 10
222.19
 20
756.0
 10
222.76
 20
753.12
 10
223.19
 20
756.0
 10
222.19
 20
756.0
  0
LWPOLYLINE
  5
1693
330
17
100
AcDbEntity
  8
POLYLINES
100
AcDbPolyline
 90
4
 70
0
 10
222.76
 20
798.48
 10
223.19
 20
795.6
 10
222.19
 20
795.6
 10
222.76
 20
798.48
  0
LWPOLYLINE
  5
1694
330
17
100
AcDbEntity
  8
POLYLINES
100
AcDbPolyline
 90
4
 70
0
 10
222.76
 20
798.48
 10
223.19
 20
795.6
 10
222.19
 20
795.6
 10
222.76
 20
798.48
  0
LWPOLYLINE
  5
1695
330
17
100
AcDbEntity
  8
POLYLINES
100
AcDbPolyline
 90
4
 70
0
 10
188.63
 20
755.86
 10
191.51
 20
755.28
 10
191.51
 20
756.29
 10
188.63
 20
755.86
  0
LWPOLYLINE
  5
1696
330
17
100
AcDbEntity
  8
POLYLINES
100
AcDbPolyline
 90
4
 70
0
 10
188.63
 20
755.86
 10
191.51
 20
755.28
 10
191.51
 20
756.29
 10
188.63
 20
755.86
  0
LWPOLYLINE
  5
1697
330
17
100
AcDbEntity
  8
POLYLINES
100
AcDbPolyline
 90
4
 70
0
 10
205.63
 20
755.86
 10
202.89
 20
755.28
 10
202.89
 20
756.29
 10
205.63
 20
755.86
  0
LWPOLYLINE
  5
1698
330
17
100
AcDbEntity
  8
POLYLINES
100
AcDbPolyline
 90
4
 70
0
 10
205.63
 20
755.86
 10
202.89
 20
755.28
 10
202.89
 20
756.29
 10
205.63
 20
755.86
  0
LWPOLYLINE
  5
1699
330
17
100
AcDbEntity
  8
POLYLINES
100
AcDbPolyline
 90
4
 70
0
 10
184.17
 20
739.01
 10
184.6
 20
736.13
 10
185.03
 20
739.01
 10
184.17
 20
739.01
  0
LWPOLYLINE
  5
169A
330
17
100
AcDbEntity
  8
POLYLINES
100
AcDbPolyline
 90
4
 70
0
 10
184.17
 20
739.01
 10
184.6
 20
736.13
 10
185.03
 20
739.01
 10
184.17
 20
739.01
  0
LWPOLYLINE
  5
169B
330
17
100
AcDbEntity
  8
POLYLINES
100
AcDbPolyline
 90
4
 70
0
 10
184.6
 20
753.12
 10
185.03
 20
750.24
 10
184.17
 20
750.24
 10
184.6
 20
753.12
  0
LWPOLYLINE
  5
169C
330
17
100
AcDbEntity
  8
POLYLINES
100
AcDbPolyline
 90
4
 70
0
 10
184.6
 20
753.12
 10
185.03
 20
750.24
 10
184.17
 20
750.24
 10
184.6
 20
753.12
  0
LWPOLYLINE
  5
169D
330
17
100
AcDbEntity
  8
POLYLINES
100
AcDbPolyline
 90
4
 70
0
 10
474.47
 20
727.63
 10
474.91
 20
724.75
 10
475.48
 20
727.63
 10
474.47
 20
727.63
  0
LWPOLYLINE
  5
169E
330
17
100
AcDbEntity
  8
POLYLINES
100
AcDbPolyline
 90
4
 70
0
 10
474.47
 20
727.63
 10
474.91
 20
724.75
 10
475.48
 20
727.63
 10
474.47
 20
727.63
  0
LWPOLYLINE
  5
169F
330
17
100
AcDbEntity
  8
POLYLINES
100
AcDbPolyline
 90
4
 70
0
 10
474.91
 20
753.12
 10
475.48
 20
750.24
 10
474.47
 20
750.24
 10
474.91
 20
753.12
  0
LWPOLYLINE
  5
16A0
330
17
100
AcDbEntity
  8
POLYLINES
100
AcDbPolyline
 90
4
 70
0
 10
474.91
 20
753.12
 10
475.48
 20
750.24
 10
474.47
 20
750.24
 10
474.91
 20
753.12
  0
LWPOLYLINE
  5
16A1
330
17
100
AcDbEntity
  8
POLYLINES
100
AcDbPolyline
 90
4
 70
0
 10
474.47
 20
690.77
 10
474.91
 20
687.89
 10
475.48
 20
690.77
 10
474.47
 20
690.77
  0
LWPOLYLINE
  5
16A2
330
17
100
AcDbEntity
  8
POLYLINES
100
AcDbPolyline
 90
4
 70
0
 10
474.47
 20
690.77
 10
474.91
 20
687.89
 10
475.48
 20
690.77
 10
474.47
 20
690.77
  0
LWPOLYLINE
  5
16A3
330
17
100
AcDbEntity
  8
POLYLINES
100
AcDbPolyline
 90
4
 70
0
 10
474.91
 20
724.75
 10
475.48
 20
721.87
 10
474.47
 20
721.87
 10
474.91
 20
724.75
  0
LWPOLYLINE
  5
16A4
330
17
100
AcDbEntity
  8
POLYLINES
100
AcDbPolyline
 90
4
 70
0
 10
474.91
 20
724.75
 10
475.48
 20
721.87
 10
474.47
 20
721.87
 10
474.91
 20
724.75
  0
LWPOLYLINE
  5
16A5
330
17
100
AcDbEntity
  8
POLYLINES
100
AcDbPolyline
 90
4
 70
0
 10
474.91
 20
687.89
 10
475.48
 20
685.15
 10
474.47
 20
685.15
 10
474.91
 20
687.89
  0
LWPOLYLINE
  5
16A6
330
17
100
AcDbEntity
  8
POLYLINES
100
AcDbPolyline
 90
4
 70
0
 10
474.91
 20
687.89
 10
475.48
 20
685.15
 10
474.47
 20
685.15
 10
474.91
 20
687.89
  0
LWPOLYLINE
  5
16A7
330
17
100
AcDbEntity
  8
POLYLINES
100
AcDbPolyline
 90
4
 70
0
 10
474.47
 20
673.78
 10
474.91
 20
670.9
 10
475.48
 20
673.78
 10
474.47
 20
673.78
  0
LWPOLYLINE
  5
16A8
330
17
100
AcDbEntity
  8
POLYLINES
100
AcDbPolyline
 90
4
 70
0
 10
474.47
 20
673.78
 10
474.91
 20
670.9
 10
475.48
 20
673.78
 10
474.47
 20
673.78
  0
LWPOLYLINE
  5
16A9
330
17
100
AcDbEntity
  8
POLYLINES
100
AcDbPolyline
 90
4
 70
0
 10
474.91
 20
631.3
 10
475.48
 20
628.42
 10
474.47
 20
628.42
 10
474.91
 20
631.3
  0
LWPOLYLINE
  5
16AA
330
17
100
AcDbEntity
  8
POLYLINES
100
AcDbPolyline
 90
4
 70
0
 10
474.91
 20
631.3
 10
475.48
 20
628.42
 10
474.47
 20
628.42
 10
474.91
 20
631.3
  0
LWPOLYLINE
  5
16AB
330
17
100
AcDbEntity
  8
POLYLINES
100
AcDbPolyline
 90
4
 70
0
 10
474.47
 20
611.42
 10
474.91
 20
608.54
 10
475.48
 20
611.42
 10
474.47
 20
611.42
  0
LWPOLYLINE
  5
16AC
330
17
100
AcDbEntity
  8
POLYLINES
100
AcDbPolyline
 90
4
 70
0
 10
474.47
 20
611.42
 10
474.91
 20
608.54
 10
475.48
 20
611.42
 10
474.47
 20
611.42
  0
LWPOLYLINE
  5
16AD
330
17
100
AcDbEntity
  8
POLYLINES
100
AcDbPolyline
 90
4
 70
0
 10
474.91
 20
608.54
 10
475.48
 20
605.66
 10
474.47
 20
605.66
 10
474.91
 20
608.54
  0
LWPOLYLINE
  5
16AE
330
17
100
AcDbEntity
  8
POLYLINES
100
AcDbPolyline
 90
4
 70
0
 10
474.91
 20
608.54
 10
475.48
 20
605.66
 10
474.47
 20
605.66
 10
474.91
 20
608.54
  0
LWPOLYLINE
  5
16AF
330
17
100
AcDbEntity
  8
POLYLINES
100
AcDbPolyline
 90
4
 70
0
 10
474.47
 20
574.56
 10
474.91
 20
571.68
 10
475.48
 20
574.56
 10
474.47
 20
574.56
  0
LWPOLYLINE
  5
16B0
330
17
100
AcDbEntity
  8
POLYLINES
100
AcDbPolyline
 90
4
 70
0
 10
474.47
 20
574.56
 10
474.91
 20
571.68
 10
475.48
 20
574.56
 10
474.47
 20
574.56
  0
LWPOLYLINE
  5
16B1
330
17
100
AcDbEntity
  8
POLYLINES
100
AcDbPolyline
 90
4
 70
0
 10
474.91
 20
571.68
 10
475.48
 20
568.8
 10
474.47
 20
568.8
 10
474.91
 20
571.68
  0
LWPOLYLINE
  5
16B2
330
17
100
AcDbEntity
  8
POLYLINES
100
AcDbPolyline
 90
4
 70
0
 10
474.91
 20
571.68
 10
475.48
 20
568.8
 10
474.47
 20
568.8
 10
474.91
 20
571.68
  0
LWPOLYLINE
  5
16B3
330
17
100
AcDbEntity
  8
POLYLINES
100
AcDbPolyline
 90
4
 70
0
 10
474.47
 20
557.57
 10
474.91
 20
554.69
 10
475.48
 20
557.57
 10
474.47
 20
557.57
  0
LWPOLYLINE
  5
16B4
330
17
100
AcDbEntity
  8
POLYLINES
100
AcDbPolyline
 90
4
 70
0
 10
474.47
 20
557.57
 10
474.91
 20
554.69
 10
475.48
 20
557.57
 10
474.47
 20
557.57
  0
LWPOLYLINE
  5
16B5
330
17
100
AcDbEntity
  8
POLYLINES
100
AcDbPolyline
 90
4
 70
0
 10
189.79
 20
574.56
 10
190.22
 20
571.68
 10
190.79
 20
574.56
 10
189.79
 20
574.56
  0
LWPOLYLINE
  5
16B6
330
17
100
AcDbEntity
  8
POLYLINES
100
AcDbPolyline
 90
4
 70
0
 10
189.79
 20
574.56
 10
190.22
 20
571.68
 10
190.79
 20
574.56
 10
189.79
 20
574.56
  0
LWPOLYLINE
  5
16B7
330
17
100
AcDbEntity
  8
POLYLINES
100
AcDbPolyline
 90
4
 70
0
 10
190.22
 20
614.16
 10
190.79
 20
611.42
 10
189.79
 20
611.42
 10
190.22
 20
614.16
  0
LWPOLYLINE
  5
16B8
330
17
100
AcDbEntity
  8
POLYLINES
100
AcDbPolyline
 90
4
 70
0
 10
190.22
 20
614.16
 10
190.79
 20
611.42
 10
189.79
 20
611.42
 10
190.22
 20
614.16
  0
LWPOLYLINE
  5
16B9
330
17
100
AcDbEntity
  8
POLYLINES
100
AcDbPolyline
 90
4
 70
0
 10
474.47
 20
512.21
 10
474.91
 20
509.33
 10
475.48
 20
512.21
 10
474.47
 20
512.21
  0
LWPOLYLINE
  5
16BA
330
17
100
AcDbEntity
  8
POLYLINES
100
AcDbPolyline
 90
4
 70
0
 10
474.47
 20
512.21
 10
474.91
 20
509.33
 10
475.48
 20
512.21
 10
474.47
 20
512.21
  0
LWPOLYLINE
  5
16BB
330
17
100
AcDbEntity
  8
POLYLINES
100
AcDbPolyline
 90
4
 70
0
 10
474.91
 20
554.69
 10
475.48
 20
551.81
 10
474.47
 20
551.81
 10
474.91
 20
554.69
  0
LWPOLYLINE
  5
16BC
330
17
100
AcDbEntity
  8
POLYLINES
100
AcDbPolyline
 90
4
 70
0
 10
474.91
 20
554.69
 10
475.48
 20
551.81
 10
474.47
 20
551.81
 10
474.91
 20
554.69
  0
LWPOLYLINE
  5
16BD
330
17
100
AcDbEntity
  8
POLYLINES
100
AcDbPolyline
 90
4
 70
0
 10
474.91
 20
509.33
 10
475.48
 20
506.45
 10
474.47
 20
506.45
 10
474.91
 20
509.33
  0
LWPOLYLINE
  5
16BE
330
17
100
AcDbEntity
  8
POLYLINES
100
AcDbPolyline
 90
4
 70
0
 10
474.91
 20
509.33
 10
475.48
 20
506.45
 10
474.47
 20
506.45
 10
474.91
 20
509.33
  0
LWPOLYLINE
  5
16BF
330
17
100
AcDbEntity
  8
POLYLINES
100
AcDbPolyline
 90
4
 70
0
 10
474.47
 20
495.22
 10
474.91
 20
492.34
 10
475.48
 20
495.22
 10
474.47
 20
495.22
  0
LWPOLYLINE
  5
16C0
330
17
100
AcDbEntity
  8
POLYLINES
100
AcDbPolyline
 90
4
 70
0
 10
474.47
 20
495.22
 10
474.91
 20
492.34
 10
475.48
 20
495.22
 10
474.47
 20
495.22
  0
LWPOLYLINE
  5
16C1
330
17
100
AcDbEntity
  8
POLYLINES
100
AcDbPolyline
 90
4
 70
0
 10
474.91
 20
492.34
 10
475.48
 20
489.46
 10
474.47
 20
489.46
 10
474.91
 20
492.34
  0
LWPOLYLINE
  5
16C2
330
17
100
AcDbEntity
  8
POLYLINES
100
AcDbPolyline
 90
4
 70
0
 10
474.91
 20
492.34
 10
475.48
 20
489.46
 10
474.47
 20
489.46
 10
474.91
 20
492.34
  0
LWPOLYLINE
  5
16C3
330
17
100
AcDbEntity
  8
POLYLINES
100
AcDbPolyline
 90
4
 70
0
 10
474.47
 20
458.35
 10
474.91
 20
455.47
 10
475.48
 20
458.35
 10
474.47
 20
458.35
  0
LWPOLYLINE
  5
16C4
330
17
100
AcDbEntity
  8
POLYLINES
100
AcDbPolyline
 90
4
 70
0
 10
474.47
 20
458.35
 10
474.91
 20
455.47
 10
475.48
 20
458.35
 10
474.47
 20
458.35
  0
LWPOLYLINE
  5
16C5
330
17
100
AcDbEntity
  8
POLYLINES
100
AcDbPolyline
 90
4
 70
0
 10
474.91
 20
455.47
 10
475.48
 20
452.59
 10
474.47
 20
452.59
 10
474.91
 20
455.47
  0
LWPOLYLINE
  5
16C6
330
17
100
AcDbEntity
  8
POLYLINES
100
AcDbPolyline
 90
4
 70
0
 10
474.91
 20
455.47
 10
475.48
 20
452.59
 10
474.47
 20
452.59
 10
474.91
 20
455.47
  0
LWPOLYLINE
  5
16C7
330
17
100
AcDbEntity
  8
POLYLINES
100
AcDbPolyline
 90
4
 70
0
 10
474.47
 20
441.36
 10
474.91
 20
438.48
 10
475.48
 20
441.36
 10
474.47
 20
441.36
  0
LWPOLYLINE
  5
16C8
330
17
100
AcDbEntity
  8
POLYLINES
100
AcDbPolyline
 90
4
 70
0
 10
474.47
 20
441.36
 10
474.91
 20
438.48
 10
475.48
 20
441.36
 10
474.47
 20
441.36
  0
LWPOLYLINE
  5
16C9
330
17
100
AcDbEntity
  8
POLYLINES
100
AcDbPolyline
 90
4
 70
0
 10
474.91
 20
438.48
 10
475.48
 20
435.6
 10
474.47
 20
435.6
 10
474.91
 20
438.48
  0
LWPOLYLINE
  5
16CA
330
17
100
AcDbEntity
  8
POLYLINES
100
AcDbPolyline
 90
4
 70
0
 10
474.91
 20
438.48
 10
475.48
 20
435.6
 10
474.47
 20
435.6
 10
474.91
 20
438.48
  0
LWPOLYLINE
  5
16CB
330
17
100
AcDbEntity
  8
POLYLINES
100
AcDbPolyline
 90
4
 70
0
 10
474.47
 20
401.62
 10
474.91
 20
398.74
 10
475.48
 20
401.62
 10
474.47
 20
401.62
  0
LWPOLYLINE
  5
16CC
330
17
100
AcDbEntity
  8
POLYLINES
100
AcDbPolyline
 90
4
 70
0
 10
474.47
 20
401.62
 10
474.91
 20
398.74
 10
475.48
 20
401.62
 10
474.47
 20
401.62
  0
LWPOLYLINE
  5
16CD
330
17
100
AcDbEntity
  8
POLYLINES
100
AcDbPolyline
 90
4
 70
0
 10
474.91
 20
398.74
 10
475.48
 20
396.0
 10
474.47
 20
396.0
 10
474.91
 20
398.74
  0
LWPOLYLINE
  5
16CE
330
17
100
AcDbEntity
  8
POLYLINES
100
AcDbPolyline
 90
4
 70
0
 10
474.91
 20
398.74
 10
475.48
 20
396.0
 10
474.47
 20
396.0
 10
474.91
 20
398.74
  0
LWPOLYLINE
  5
16CF
330
17
100
AcDbEntity
  8
POLYLINES
100
AcDbPolyline
 90
4
 70
0
 10
474.47
 20
384.62
 10
474.91
 20
381.74
 10
475.48
 20
384.62
 10
474.47
 20
384.62
  0
LWPOLYLINE
  5
16D0
330
17
100
AcDbEntity
  8
POLYLINES
100
AcDbPolyline
 90
4
 70
0
 10
474.47
 20
384.62
 10
474.91
 20
381.74
 10
475.48
 20
384.62
 10
474.47
 20
384.62
  0
LWPOLYLINE
  5
16D1
330
17
100
AcDbEntity
  8
POLYLINES
100
AcDbPolyline
 90
4
 70
0
 10
474.91
 20
316.66
 10
475.48
 20
313.78
 10
474.47
 20
313.78
 10
474.91
 20
316.66
  0
LWPOLYLINE
  5
16D2
330
17
100
AcDbEntity
  8
POLYLINES
100
AcDbPolyline
 90
4
 70
0
 10
474.91
 20
316.66
 10
475.48
 20
313.78
 10
474.47
 20
313.78
 10
474.91
 20
316.66
  0
LWPOLYLINE
  5
16D3
330
17
100
AcDbEntity
  8
POLYLINES
100
AcDbPolyline
 90
4
 70
0
 10
474.47
 20
279.79
 10
474.91
 20
276.91
 10
475.48
 20
279.79
 10
474.47
 20
279.79
  0
LWPOLYLINE
  5
16D4
330
17
100
AcDbEntity
  8
POLYLINES
100
AcDbPolyline
 90
4
 70
0
 10
474.47
 20
279.79
 10
474.91
 20
276.91
 10
475.48
 20
279.79
 10
474.47
 20
279.79
  0
LWPOLYLINE
  5
16D5
330
17
100
AcDbEntity
  8
POLYLINES
100
AcDbPolyline
 90
4
 70
0
 10
474.91
 20
276.91
 10
475.48
 20
274.03
 10
474.47
 20
274.03
 10
474.91
 20
276.91
  0
LWPOLYLINE
  5
16D6
330
17
100
AcDbEntity
  8
POLYLINES
100
AcDbPolyline
 90
4
 70
0
 10
474.91
 20
276.91
 10
475.48
 20
274.03
 10
474.47
 20
274.03
 10
474.91
 20
276.91
  0
LWPOLYLINE
  5
16D7
330
17
100
AcDbEntity
  8
POLYLINES
100
AcDbPolyline
 90
4
 70
0
 10
474.47
 20
251.42
 10
474.91
 20
248.54
 10
475.48
 20
251.42
 10
474.47
 20
251.42
  0
LWPOLYLINE
  5
16D8
330
17
100
AcDbEntity
  8
POLYLINES
100
AcDbPolyline
 90
4
 70
0
 10
474.47
 20
251.42
 10
474.91
 20
248.54
 10
475.48
 20
251.42
 10
474.47
 20
251.42
  0
LWPOLYLINE
  5
16D9
330
17
100
AcDbEntity
  8
POLYLINES
100
AcDbPolyline
 90
4
 70
0
 10
190.79
 20
276.91
 10
191.23
 20
274.03
 10
190.36
 20
274.03
 10
190.79
 20
276.91
  0
LWPOLYLINE
  5
16DA
330
17
100
AcDbEntity
  8
POLYLINES
100
AcDbPolyline
 90
4
 70
0
 10
190.79
 20
276.91
 10
191.23
 20
274.03
 10
190.36
 20
274.03
 10
190.79
 20
276.91
  0
LWPOLYLINE
  5
16DB
330
17
100
AcDbEntity
  8
POLYLINES
100
AcDbPolyline
 90
4
 70
0
 10
190.36
 20
262.8
 10
190.79
 20
259.92
 10
191.23
 20
262.8
 10
190.36
 20
262.8
  0
LWPOLYLINE
  5
16DC
330
17
100
AcDbEntity
  8
POLYLINES
100
AcDbPolyline
 90
4
 70
0
 10
190.36
 20
262.8
 10
190.79
 20
259.92
 10
191.23
 20
262.8
 10
190.36
 20
262.8
  0
LWPOLYLINE
  5
16DD
330
17
100
AcDbEntity
  8
POLYLINES
100
AcDbPolyline
 90
4
 70
0
 10
205.63
 20
755.86
 10
208.51
 20
755.28
 10
208.51
 20
756.29
 10
205.63
 20
755.86
  0
LWPOLYLINE
  5
16DE
330
17
100
AcDbEntity
  8
POLYLINES
100
AcDbPolyline
 90
4
 70
0
 10
205.63
 20
755.86
 10
208.51
 20
755.28
 10
208.51
 20
756.29
 10
205.63
 20
755.86
  0
LWPOLYLINE
  5
16DF
330
17
100
AcDbEntity
  8
POLYLINES
100
AcDbPolyline
 90
4
 70
0
 10
222.76
 20
755.86
 10
219.88
 20
755.28
 10
219.88
 20
756.29
 10
222.76
 20
755.86
  0
LWPOLYLINE
  5
16E0
330
17
100
AcDbEntity
  8
POLYLINES
100
AcDbPolyline
 90
4
 70
0
 10
222.76
 20
755.86
 10
219.88
 20
755.28
 10
219.88
 20
756.29
 10
222.76
 20
755.86
  0
LWPOLYLINE
  5
16E1
330
17
100
AcDbEntity
  8
POLYLINES
100
AcDbPolyline
 90
4
 70
0
 10
222.76
 20
755.86
 10
225.5
 20
755.28
 10
225.5
 20
756.29
 10
222.76
 20
755.86
  0
LWPOLYLINE
  5
16E2
330
17
100
AcDbEntity
  8
POLYLINES
100
AcDbPolyline
 90
4
 70
0
 10
222.76
 20
755.86
 10
225.5
 20
755.28
 10
225.5
 20
756.29
 10
222.76
 20
755.86
  0
LWPOLYLINE
  5
16E3
330
17
100
AcDbEntity
  8
POLYLINES
100
AcDbPolyline
 90
4
 70
0
 10
239.75
 20
755.86
 10
236.87
 20
755.28
 10
236.87
 20
756.29
 10
239.75
 20
755.86
  0
LWPOLYLINE
  5
16E4
330
17
100
AcDbEntity
  8
POLYLINES
100
AcDbPolyline
 90
4
 70
0
 10
239.75
 20
755.86
 10
236.87
 20
755.28
 10
236.87
 20
756.29
 10
239.75
 20
755.86
  0
LWPOLYLINE
  5
16E5
330
17
100
AcDbEntity
  8
POLYLINES
100
AcDbPolyline
 90
4
 70
0
 10
239.75
 20
755.86
 10
242.49
 20
755.28
 10
242.49
 20
756.29
 10
239.75
 20
755.86
  0
LWPOLYLINE
  5
16E6
330
17
100
AcDbEntity
  8
POLYLINES
100
AcDbPolyline
 90
4
 70
0
 10
239.75
 20
755.86
 10
242.49
 20
755.28
 10
242.49
 20
756.29
 10
239.75
 20
755.86
  0
LWPOLYLINE
  5
16E7
330
17
100
AcDbEntity
  8
POLYLINES
100
AcDbPolyline
 90
4
 70
0
 10
256.75
 20
755.86
 10
253.87
 20
755.28
 10
253.87
 20
756.29
 10
256.75
 20
755.86
  0
LWPOLYLINE
  5
16E8
330
17
100
AcDbEntity
  8
POLYLINES
100
AcDbPolyline
 90
4
 70
0
 10
256.75
 20
755.86
 10
253.87
 20
755.28
 10
253.87
 20
756.29
 10
256.75
 20
755.86
  0
LWPOLYLINE
  5
16E9
330
17
100
AcDbEntity
  8
POLYLINES
100
AcDbPolyline
 90
4
 70
0
 10
256.75
 20
755.86
 10
259.63
 20
755.28
 10
259.63
 20
756.29
 10
256.75
 20
755.86
  0
LWPOLYLINE
  5
16EA
330
17
100
AcDbEntity
  8
POLYLINES
100
AcDbPolyline
 90
4
 70
0
 10
256.75
 20
755.86
 10
259.63
 20
755.28
 10
259.63
 20
756.29
 10
256.75
 20
755.86
  0
LWPOLYLINE
  5
16EB
330
17
100
AcDbEntity
  8
POLYLINES
100
AcDbPolyline
 90
4
 70
0
 10
273.74
 20
755.86
 10
270.86
 20
755.28
 10
270.86
 20
756.29
 10
273.74
 20
755.86
  0
LWPOLYLINE
  5
16EC
330
17
100
AcDbEntity
  8
POLYLINES
100
AcDbPolyline
 90
4
 70
0
 10
273.74
 20
755.86
 10
270.86
 20
755.28
 10
270.86
 20
756.29
 10
273.74
 20
755.86
  0
LWPOLYLINE
  5
16ED
330
17
100
AcDbEntity
  8
POLYLINES
100
AcDbPolyline
 90
4
 70
0
 10
273.74
 20
755.86
 10
276.62
 20
755.28
 10
276.62
 20
756.29
 10
273.74
 20
755.86
  0
LWPOLYLINE
  5
16EE
330
17
100
AcDbEntity
  8
POLYLINES
100
AcDbPolyline
 90
4
 70
0
 10
273.74
 20
755.86
 10
276.62
 20
755.28
 10
276.62
 20
756.29
 10
273.74
 20
755.86
  0
LWPOLYLINE
  5
16EF
330
17
100
AcDbEntity
  8
POLYLINES
100
AcDbPolyline
 90
4
 70
0
 10
290.73
 20
755.86
 10
287.85
 20
755.28
 10
287.85
 20
756.29
 10
290.73
 20
755.86
  0
LWPOLYLINE
  5
16F0
330
17
100
AcDbEntity
  8
POLYLINES
100
AcDbPolyline
 90
4
 70
0
 10
290.73
 20
755.86
 10
287.85
 20
755.28
 10
287.85
 20
756.29
 10
290.73
 20
755.86
  0
LWPOLYLINE
  5
16F1
330
17
100
AcDbEntity
  8
POLYLINES
100
AcDbPolyline
 90
4
 70
0
 10
290.73
 20
755.86
 10
293.61
 20
755.28
 10
293.61
 20
756.29
 10
290.73
 20
755.86
  0
LWPOLYLINE
  5
16F2
330
17
100
AcDbEntity
  8
POLYLINES
100
AcDbPolyline
 90
4
 70
0
 10
290.73
 20
755.86
 10
293.61
 20
755.28
 10
293.61
 20
756.29
 10
290.73
 20
755.86
  0
LWPOLYLINE
  5
16F3
330
17
100
AcDbEntity
  8
POLYLINES
100
AcDbPolyline
 90
4
 70
0
 10
313.48
 20
755.86
 10
310.6
 20
755.28
 10
310.6
 20
756.29
 10
313.48
 20
755.86
  0
LWPOLYLINE
  5
16F4
330
17
100
AcDbEntity
  8
POLYLINES
100
AcDbPolyline
 90
4
 70
0
 10
313.48
 20
755.86
 10
310.6
 20
755.28
 10
310.6
 20
756.29
 10
313.48
 20
755.86
  0
LWPOLYLINE
  5
16F5
330
17
100
AcDbEntity
  8
POLYLINES
100
AcDbPolyline
 90
4
 70
0
 10
330.47
 20
755.86
 10
333.21
 20
755.28
 10
333.21
 20
756.29
 10
330.47
 20
755.86
  0
LWPOLYLINE
  5
16F6
330
17
100
AcDbEntity
  8
POLYLINES
100
AcDbPolyline
 90
4
 70
0
 10
330.47
 20
755.86
 10
333.21
 20
755.28
 10
333.21
 20
756.29
 10
330.47
 20
755.86
  0
LWPOLYLINE
  5
16F7
330
17
100
AcDbEntity
  8
POLYLINES
100
AcDbPolyline
 90
4
 70
0
 10
347.47
 20
755.86
 10
344.59
 20
755.28
 10
344.59
 20
756.29
 10
347.47
 20
755.86
  0
LWPOLYLINE
  5
16F8
330
17
100
AcDbEntity
  8
POLYLINES
100
AcDbPolyline
 90
4
 70
0
 10
347.47
 20
755.86
 10
344.59
 20
755.28
 10
344.59
 20
756.29
 10
347.47
 20
755.86
  0
LWPOLYLINE
  5
16F9
330
17
100
AcDbEntity
  8
POLYLINES
100
AcDbPolyline
 90
4
 70
0
 10
347.47
 20
755.86
 10
350.2
 20
755.28
 10
350.2
 20
756.29
 10
347.47
 20
755.86
  0
LWPOLYLINE
  5
16FA
330
17
100
AcDbEntity
  8
POLYLINES
100
AcDbPolyline
 90
4
 70
0
 10
347.47
 20
755.86
 10
350.2
 20
755.28
 10
350.2
 20
756.29
 10
347.47
 20
755.86
  0
LWPOLYLINE
  5
16FB
330
17
100
AcDbEntity
  8
POLYLINES
100
AcDbPolyline
 90
4
 70
0
 10
364.46
 20
755.86
 10
361.58
 20
755.28
 10
361.58
 20
756.29
 10
364.46
 20
755.86
  0
LWPOLYLINE
  5
16FC
330
17
100
AcDbEntity
  8
POLYLINES
100
AcDbPolyline
 90
4
 70
0
 10
364.46
 20
755.86
 10
361.58
 20
755.28
 10
361.58
 20
756.29
 10
364.46
 20
755.86
  0
LWPOLYLINE
  5
16FD
330
17
100
AcDbEntity
  8
POLYLINES
100
AcDbPolyline
 90
4
 70
0
 10
364.46
 20
755.86
 10
367.34
 20
755.28
 10
367.34
 20
756.29
 10
364.46
 20
755.86
  0
LWPOLYLINE
  5
16FE
330
17
100
AcDbEntity
  8
POLYLINES
100
AcDbPolyline
 90
4
 70
0
 10
364.46
 20
755.86
 10
367.34
 20
755.28
 10
367.34
 20
756.29
 10
364.46
 20
755.86
  0
LWPOLYLINE
  5
16FF
330
17
100
AcDbEntity
  8
POLYLINES
100
AcDbPolyline
 90
4
 70
0
 10
381.45
 20
755.86
 10
378.57
 20
755.28
 10
378.57
 20
756.29
 10
381.45
 20
755.86
  0
LWPOLYLINE
  5
1700
330
17
100
AcDbEntity
  8
POLYLINES
100
AcDbPolyline
 90
4
 70
0
 10
381.45
 20
755.86
 10
378.57
 20
755.28
 10
378.57
 20
756.29
 10
381.45
 20
755.86
  0
LWPOLYLINE
  5
1701
330
17
100
AcDbEntity
  8
POLYLINES
100
AcDbPolyline
 90
4
 70
0
 10
381.45
 20
755.86
 10
384.33
 20
755.28
 10
384.33
 20
756.29
 10
381.45
 20
755.86
  0
LWPOLYLINE
  5
1702
330
17
100
AcDbEntity
  8
POLYLINES
100
AcDbPolyline
 90
4
 70
0
 10
381.45
 20
755.86
 10
384.33
 20
755.28
 10
384.33
 20
756.29
 10
381.45
 20
755.86
  0
LWPOLYLINE
  5
1703
330
17
100
AcDbEntity
  8
POLYLINES
100
AcDbPolyline
 90
4
 70
0
 10
398.44
 20
755.86
 10
395.56
 20
755.28
 10
395.56
 20
756.29
 10
398.44
 20
755.86
  0
LWPOLYLINE
  5
1704
330
17
100
AcDbEntity
  8
POLYLINES
100
AcDbPolyline
 90
4
 70
0
 10
398.44
 20
755.86
 10
395.56
 20
755.28
 10
395.56
 20
756.29
 10
398.44
 20
755.86
  0
LWPOLYLINE
  5
1705
330
17
100
AcDbEntity
  8
POLYLINES
100
AcDbPolyline
 90
4
 70
0
 10
398.44
 20
755.86
 10
401.32
 20
755.28
 10
401.32
 20
756.29
 10
398.44
 20
755.86
  0
LWPOLYLINE
  5
1706
330
17
100
AcDbEntity
  8
POLYLINES
100
AcDbPolyline
 90
4
 70
0
 10
398.44
 20
755.86
 10
401.32
 20
755.28
 10
401.32
 20
756.29
 10
398.44
 20
755.86
  0
LWPOLYLINE
  5
1707
330
17
100
AcDbEntity
  8
POLYLINES
100
AcDbPolyline
 90
4
 70
0
 10
415.43
 20
755.86
 10
412.55
 20
755.28
 10
412.55
 20
756.29
 10
415.43
 20
755.86
  0
LWPOLYLINE
  5
1708
330
17
100
AcDbEntity
  8
POLYLINES
100
AcDbPolyline
 90
4
 70
0
 10
415.43
 20
755.86
 10
412.55
 20
755.28
 10
412.55
 20
756.29
 10
415.43
 20
755.86
  0
LWPOLYLINE
  5
1709
330
17
100
AcDbEntity
  8
POLYLINES
100
AcDbPolyline
 90
4
 70
0
 10
415.43
 20
755.86
 10
418.31
 20
755.28
 10
418.31
 20
756.29
 10
415.43
 20
755.86
  0
LWPOLYLINE
  5
170A
330
17
100
AcDbEntity
  8
POLYLINES
100
AcDbPolyline
 90
4
 70
0
 10
415.43
 20
755.86
 10
418.31
 20
755.28
 10
418.31
 20
756.29
 10
415.43
 20
755.86
  0
LWPOLYLINE
  5
170B
330
17
100
AcDbEntity
  8
POLYLINES
100
AcDbPolyline
 90
4
 70
0
 10
432.43
 20
755.86
 10
429.69
 20
755.28
 10
429.69
 20
756.29
 10
432.43
 20
755.86
  0
LWPOLYLINE
  5
170C
330
17
100
AcDbEntity
  8
POLYLINES
100
AcDbPolyline
 90
4
 70
0
 10
432.43
 20
755.86
 10
429.69
 20
755.28
 10
429.69
 20
756.29
 10
432.43
 20
755.86
  0
LWPOLYLINE
  5
170D
330
17
100
AcDbEntity
  8
POLYLINES
100
AcDbPolyline
 90
4
 70
0
 10
432.43
 20
755.86
 10
435.31
 20
755.28
 10
435.31
 20
756.29
 10
432.43
 20
755.86
  0
LWPOLYLINE
  5
170E
330
17
100
AcDbEntity
  8
POLYLINES
100
AcDbPolyline
 90
4
 70
0
 10
432.43
 20
755.86
 10
435.31
 20
755.28
 10
435.31
 20
756.29
 10
432.43
 20
755.86
  0
LWPOLYLINE
  5
170F
330
17
100
AcDbEntity
  8
POLYLINES
100
AcDbPolyline
 90
4
 70
0
 10
449.42
 20
755.86
 10
446.68
 20
755.28
 10
446.68
 20
756.29
 10
449.42
 20
755.86
  0
LWPOLYLINE
  5
1710
330
17
100
AcDbEntity
  8
POLYLINES
100
AcDbPolyline
 90
4
 70
0
 10
449.42
 20
755.86
 10
446.68
 20
755.28
 10
446.68
 20
756.29
 10
449.42
 20
755.86
  0
LWPOLYLINE
  5
1711
330
17
100
AcDbEntity
  8
POLYLINES
100
AcDbPolyline
 90
4
 70
0
 10
449.42
 20
755.86
 10
452.3
 20
755.28
 10
452.3
 20
756.29
 10
449.42
 20
755.86
  0
LWPOLYLINE
  5
1712
330
17
100
AcDbEntity
  8
POLYLINES
100
AcDbPolyline
 90
4
 70
0
 10
449.42
 20
755.86
 10
452.3
 20
755.28
 10
452.3
 20
756.29
 10
449.42
 20
755.86
  0
LWPOLYLINE
  5
1713
330
17
100
AcDbEntity
  8
POLYLINES
100
AcDbPolyline
 90
4
 70
0
 10
466.55
 20
755.86
 10
463.67
 20
755.28
 10
463.67
 20
756.29
 10
466.55
 20
755.86
  0
LWPOLYLINE
  5
1714
330
17
100
AcDbEntity
  8
POLYLINES
100
AcDbPolyline
 90
4
 70
0
 10
466.55
 20
755.86
 10
463.67
 20
755.28
 10
463.67
 20
756.29
 10
466.55
 20
755.86
  0
LWPOLYLINE
  5
1715
330
17
100
AcDbEntity
  8
POLYLINES
100
AcDbPolyline
 90
4
 70
0
 10
466.55
 20
662.54
 10
463.67
 20
661.97
 10
463.67
 20
662.98
 10
466.55
 20
662.54
  0
LWPOLYLINE
  5
1716
330
17
100
AcDbEntity
  8
POLYLINES
100
AcDbPolyline
 90
4
 70
0
 10
466.55
 20
662.54
 10
463.67
 20
661.97
 10
463.67
 20
662.98
 10
466.55
 20
662.54
  0
LWPOLYLINE
  5
1717
330
17
100
AcDbEntity
  8
POLYLINES
100
AcDbPolyline
 90
4
 70
0
 10
443.8
 20
662.54
 10
446.68
 20
661.97
 10
446.68
 20
662.98
 10
443.8
 20
662.54
  0
LWPOLYLINE
  5
1718
330
17
100
AcDbEntity
  8
POLYLINES
100
AcDbPolyline
 90
4
 70
0
 10
443.8
 20
662.54
 10
446.68
 20
661.97
 10
446.68
 20
662.98
 10
443.8
 20
662.54
  0
LWPOLYLINE
  5
1719
330
17
100
AcDbEntity
  8
POLYLINES
100
AcDbPolyline
 90
4
 70
0
 10
443.8
 20
662.54
 10
440.92
 20
661.97
 10
440.92
 20
662.98
 10
443.8
 20
662.54
  0
LWPOLYLINE
  5
171A
330
17
100
AcDbEntity
  8
POLYLINES
100
AcDbPolyline
 90
4
 70
0
 10
443.8
 20
662.54
 10
440.92
 20
661.97
 10
440.92
 20
662.98
 10
443.8
 20
662.54
  0
LWPOLYLINE
  5
171B
330
17
100
AcDbEntity
  8
POLYLINES
100
AcDbPolyline
 90
4
 70
0
 10
421.19
 20
662.54
 10
423.93
 20
661.97
 10
423.93
 20
662.98
 10
421.19
 20
662.54
  0
LWPOLYLINE
  5
171C
330
17
100
AcDbEntity
  8
POLYLINES
100
AcDbPolyline
 90
4
 70
0
 10
421.19
 20
662.54
 10
423.93
 20
661.97
 10
423.93
 20
662.98
 10
421.19
 20
662.54
  0
LWPOLYLINE
  5
171D
330
17
100
AcDbEntity
  8
POLYLINES
100
AcDbPolyline
 90
4
 70
0
 10
421.19
 20
662.54
 10
418.31
 20
661.97
 10
418.31
 20
662.98
 10
421.19
 20
662.54
  0
LWPOLYLINE
  5
171E
330
17
100
AcDbEntity
  8
POLYLINES
100
AcDbPolyline
 90
4
 70
0
 10
421.19
 20
662.54
 10
418.31
 20
661.97
 10
418.31
 20
662.98
 10
421.19
 20
662.54
  0
LWPOLYLINE
  5
171F
330
17
100
AcDbEntity
  8
POLYLINES
100
AcDbPolyline
 90
4
 70
0
 10
398.44
 20
662.54
 10
401.32
 20
661.97
 10
401.32
 20
662.98
 10
398.44
 20
662.54
  0
LWPOLYLINE
  5
1720
330
17
100
AcDbEntity
  8
POLYLINES
100
AcDbPolyline
 90
4
 70
0
 10
398.44
 20
662.54
 10
401.32
 20
661.97
 10
401.32
 20
662.98
 10
398.44
 20
662.54
  0
LWPOLYLINE
  5
1721
330
17
100
AcDbEntity
  8
POLYLINES
100
AcDbPolyline
 90
4
 70
0
 10
398.44
 20
662.54
 10
395.56
 20
661.97
 10
395.56
 20
662.98
 10
398.44
 20
662.54
  0
LWPOLYLINE
  5
1722
330
17
100
AcDbEntity
  8
POLYLINES
100
AcDbPolyline
 90
4
 70
0
 10
398.44
 20
662.54
 10
395.56
 20
661.97
 10
395.56
 20
662.98
 10
398.44
 20
662.54
  0
LWPOLYLINE
  5
1723
330
17
100
AcDbEntity
  8
POLYLINES
100
AcDbPolyline
 90
4
 70
0
 10
375.83
 20
662.54
 10
378.57
 20
661.97
 10
378.57
 20
662.98
 10
375.83
 20
662.54
  0
LWPOLYLINE
  5
1724
330
17
100
AcDbEntity
  8
POLYLINES
100
AcDbPolyline
 90
4
 70
0
 10
375.83
 20
662.54
 10
378.57
 20
661.97
 10
378.57
 20
662.98
 10
375.83
 20
662.54
  0
LWPOLYLINE
  5
1725
330
17
100
AcDbEntity
  8
POLYLINES
100
AcDbPolyline
 90
4
 70
0
 10
375.83
 20
662.54
 10
372.95
 20
661.97
 10
372.95
 20
662.98
 10
375.83
 20
662.54
  0
LWPOLYLINE
  5
1726
330
17
100
AcDbEntity
  8
POLYLINES
100
AcDbPolyline
 90
4
 70
0
 10
375.83
 20
662.54
 10
372.95
 20
661.97
 10
372.95
 20
662.98
 10
375.83
 20
662.54
  0
LWPOLYLINE
  5
1727
330
17
100
AcDbEntity
  8
POLYLINES
100
AcDbPolyline
 90
4
 70
0
 10
353.08
 20
662.54
 10
355.96
 20
661.97
 10
355.96
 20
662.98
 10
353.08
 20
662.54
  0
LWPOLYLINE
  5
1728
330
17
100
AcDbEntity
  8
POLYLINES
100
AcDbPolyline
 90
4
 70
0
 10
353.08
 20
662.54
 10
355.96
 20
661.97
 10
355.96
 20
662.98
 10
353.08
 20
662.54
  0
LWPOLYLINE
  5
1729
330
17
100
AcDbEntity
  8
POLYLINES
100
AcDbPolyline
 90
4
 70
0
 10
353.08
 20
662.54
 10
350.2
 20
661.97
 10
350.2
 20
662.98
 10
353.08
 20
662.54
  0
LWPOLYLINE
  5
172A
330
17
100
AcDbEntity
  8
POLYLINES
100
AcDbPolyline
 90
4
 70
0
 10
353.08
 20
662.54
 10
350.2
 20
661.97
 10
350.2
 20
662.98
 10
353.08
 20
662.54
  0
LWPOLYLINE
  5
172B
330
17
100
AcDbEntity
  8
POLYLINES
100
AcDbPolyline
 90
4
 70
0
 10
330.47
 20
662.54
 10
333.21
 20
661.97
 10
333.21
 20
662.98
 10
330.47
 20
662.54
  0
LWPOLYLINE
  5
172C
330
17
100
AcDbEntity
  8
POLYLINES
100
AcDbPolyline
 90
4
 70
0
 10
330.47
 20
662.54
 10
333.21
 20
661.97
 10
333.21
 20
662.98
 10
330.47
 20
662.54
  0
LWPOLYLINE
  5
172D
330
17
100
AcDbEntity
  8
POLYLINES
100
AcDbPolyline
 90
4
 70
0
 10
330.47
 20
662.54
 10
327.59
 20
661.97
 10
327.59
 20
662.98
 10
330.47
 20
662.54
  0
LWPOLYLINE
  5
172E
330
17
100
AcDbEntity
  8
POLYLINES
100
AcDbPolyline
 90
4
 70
0
 10
330.47
 20
662.54
 10
327.59
 20
661.97
 10
327.59
 20
662.98
 10
330.47
 20
662.54
  0
LWPOLYLINE
  5
172F
330
17
100
AcDbEntity
  8
POLYLINES
100
AcDbPolyline
 90
4
 70
0
 10
307.72
 20
662.54
 10
310.6
 20
661.97
 10
310.6
 20
662.98
 10
307.72
 20
662.54
  0
LWPOLYLINE
  5
1730
330
17
100
AcDbEntity
  8
POLYLINES
100
AcDbPolyline
 90
4
 70
0
 10
307.72
 20
662.54
 10
310.6
 20
661.97
 10
310.6
 20
662.98
 10
307.72
 20
662.54
  0
LWPOLYLINE
  5
1731
330
17
100
AcDbEntity
  8
POLYLINES
100
AcDbPolyline
 90
4
 70
0
 10
307.72
 20
662.54
 10
304.84
 20
661.97
 10
304.84
 20
662.98
 10
307.72
 20
662.54
  0
LWPOLYLINE
  5
1732
330
17
100
AcDbEntity
  8
POLYLINES
100
AcDbPolyline
 90
4
 70
0
 10
307.72
 20
662.54
 10
304.84
 20
661.97
 10
304.84
 20
662.98
 10
307.72
 20
662.54
  0
LWPOLYLINE
  5
1733
330
17
100
AcDbEntity
  8
POLYLINES
100
AcDbPolyline
 90
4
 70
0
 10
285.11
 20
662.54
 10
287.85
 20
661.97
 10
287.85
 20
662.98
 10
285.11
 20
662.54
  0
LWPOLYLINE
  5
1734
330
17
100
AcDbEntity
  8
POLYLINES
100
AcDbPolyline
 90
4
 70
0
 10
285.11
 20
662.54
 10
287.85
 20
661.97
 10
287.85
 20
662.98
 10
285.11
 20
662.54
  0
LWPOLYLINE
  5
1735
330
17
100
AcDbEntity
  8
POLYLINES
100
AcDbPolyline
 90
4
 70
0
 10
285.11
 20
662.54
 10
282.23
 20
661.97
 10
282.23
 20
662.98
 10
285.11
 20
662.54
  0
LWPOLYLINE
  5
1736
330
17
100
AcDbEntity
  8
POLYLINES
100
AcDbPolyline
 90
4
 70
0
 10
285.11
 20
662.54
 10
282.23
 20
661.97
 10
282.23
 20
662.98
 10
285.11
 20
662.54
  0
LWPOLYLINE
  5
1737
330
17
100
AcDbEntity
  8
POLYLINES
100
AcDbPolyline
 90
4
 70
0
 10
262.36
 20
662.54
 10
265.24
 20
661.97
 10
265.24
 20
662.98
 10
262.36
 20
662.54
  0
LWPOLYLINE
  5
1738
330
17
100
AcDbEntity
  8
POLYLINES
100
AcDbPolyline
 90
4
 70
0
 10
262.36
 20
662.54
 10
265.24
 20
661.97
 10
265.24
 20
662.98
 10
262.36
 20
662.54
  0
LWPOLYLINE
  5
1739
330
17
100
AcDbEntity
  8
POLYLINES
100
AcDbPolyline
 90
4
 70
0
 10
262.36
 20
662.54
 10
259.63
 20
661.97
 10
259.63
 20
662.98
 10
262.36
 20
662.54
  0
LWPOLYLINE
  5
173A
330
17
100
AcDbEntity
  8
POLYLINES
100
AcDbPolyline
 90
4
 70
0
 10
262.36
 20
662.54
 10
259.63
 20
661.97
 10
259.63
 20
662.98
 10
262.36
 20
662.54
  0
LWPOLYLINE
  5
173B
330
17
100
AcDbEntity
  8
POLYLINES
100
AcDbPolyline
 90
4
 70
0
 10
239.75
 20
662.54
 10
242.49
 20
661.97
 10
242.49
 20
662.98
 10
239.75
 20
662.54
  0
LWPOLYLINE
  5
173C
330
17
100
AcDbEntity
  8
POLYLINES
100
AcDbPolyline
 90
4
 70
0
 10
239.75
 20
662.54
 10
242.49
 20
661.97
 10
242.49
 20
662.98
 10
239.75
 20
662.54
  0
LWPOLYLINE
  5
173D
330
17
100
AcDbEntity
  8
POLYLINES
100
AcDbPolyline
 90
4
 70
0
 10
239.75
 20
662.54
 10
236.87
 20
661.97
 10
236.87
 20
662.98
 10
239.75
 20
662.54
  0
LWPOLYLINE
  5
173E
330
17
100
AcDbEntity
  8
POLYLINES
100
AcDbPolyline
 90
4
 70
0
 10
239.75
 20
662.54
 10
236.87
 20
661.97
 10
236.87
 20
662.98
 10
239.75
 20
662.54
  0
LWPOLYLINE
  5
173F
330
17
100
AcDbEntity
  8
POLYLINES
100
AcDbPolyline
 90
4
 70
0
 10
217.0
 20
662.54
 10
219.88
 20
661.97
 10
219.88
 20
662.98
 10
217.0
 20
662.54
  0
LWPOLYLINE
  5
1740
330
17
100
AcDbEntity
  8
POLYLINES
100
AcDbPolyline
 90
4
 70
0
 10
217.0
 20
662.54
 10
219.88
 20
661.97
 10
219.88
 20
662.98
 10
217.0
 20
662.54
  0
LWPOLYLINE
  5
1741
330
17
100
AcDbEntity
  8
POLYLINES
100
AcDbPolyline
 90
4
 70
0
 10
217.0
 20
662.54
 10
214.27
 20
661.97
 10
214.27
 20
662.98
 10
217.0
 20
662.54
  0
LWPOLYLINE
  5
1742
330
17
100
AcDbEntity
  8
POLYLINES
100
AcDbPolyline
 90
4
 70
0
 10
217.0
 20
662.54
 10
214.27
 20
661.97
 10
214.27
 20
662.98
 10
217.0
 20
662.54
  0
LWPOLYLINE
  5
1743
330
17
100
AcDbEntity
  8
POLYLINES
100
AcDbPolyline
 90
4
 70
0
 10
194.39
 20
662.54
 10
197.13
 20
661.97
 10
197.13
 20
662.98
 10
194.39
 20
662.54
  0
LWPOLYLINE
  5
1744
330
17
100
AcDbEntity
  8
POLYLINES
100
AcDbPolyline
 90
4
 70
0
 10
194.39
 20
662.54
 10
197.13
 20
661.97
 10
197.13
 20
662.98
 10
194.39
 20
662.54
  0
LWPOLYLINE
  5
1745
330
17
100
AcDbEntity
  8
POLYLINES
100
AcDbPolyline
 90
4
 70
0
 10
189.79
 20
617.04
 10
190.22
 20
614.16
 10
190.79
 20
617.04
 10
189.79
 20
617.04
  0
LWPOLYLINE
  5
1746
330
17
100
AcDbEntity
  8
POLYLINES
100
AcDbPolyline
 90
4
 70
0
 10
189.79
 20
617.04
 10
190.22
 20
614.16
 10
190.79
 20
617.04
 10
189.79
 20
617.04
  0
LWPOLYLINE
  5
1747
330
17
100
AcDbEntity
  8
POLYLINES
100
AcDbPolyline
 90
4
 70
0
 10
190.22
 20
631.3
 10
190.79
 20
628.42
 10
189.79
 20
628.42
 10
190.22
 20
631.3
  0
LWPOLYLINE
  5
1748
330
17
100
AcDbEntity
  8
POLYLINES
100
AcDbPolyline
 90
4
 70
0
 10
190.22
 20
631.3
 10
190.79
 20
628.42
 10
189.79
 20
628.42
 10
190.22
 20
631.3
  0
LWPOLYLINE
  5
1749
330
17
100
AcDbEntity
  8
POLYLINES
100
AcDbPolyline
 90
4
 70
0
 10
474.91
 20
670.9
 10
475.48
 20
668.02
 10
474.47
 20
668.02
 10
474.91
 20
670.9
  0
LWPOLYLINE
  5
174A
330
17
100
AcDbEntity
  8
POLYLINES
100
AcDbPolyline
 90
4
 70
0
 10
474.91
 20
670.9
 10
475.48
 20
668.02
 10
474.47
 20
668.02
 10
474.91
 20
670.9
  0
LWPOLYLINE
  5
174B
330
17
100
AcDbEntity
  8
POLYLINES
100
AcDbPolyline
 90
4
 70
0
 10
474.47
 20
634.03
 10
474.91
 20
631.3
 10
475.48
 20
634.03
 10
474.47
 20
634.03
  0
LWPOLYLINE
  5
174C
330
17
100
AcDbEntity
  8
POLYLINES
100
AcDbPolyline
 90
4
 70
0
 10
474.47
 20
634.03
 10
474.91
 20
631.3
 10
475.48
 20
634.03
 10
474.47
 20
634.03
  0
LWPOLYLINE
  5
174D
330
17
100
AcDbEntity
  8
POLYLINES
100
AcDbPolyline
 90
4
 70
0
 10
474.91
 20
248.54
 10
475.48
 20
245.66
 10
474.47
 20
245.66
 10
474.91
 20
248.54
  0
LWPOLYLINE
  5
174E
330
17
100
AcDbEntity
  8
POLYLINES
100
AcDbPolyline
 90
4
 70
0
 10
474.91
 20
248.54
 10
475.48
 20
245.66
 10
474.47
 20
245.66
 10
474.91
 20
248.54
  0
LWPOLYLINE
  5
174F
330
17
100
AcDbEntity
  8
POLYLINES
100
AcDbPolyline
 90
4
 70
0
 10
474.47
 20
208.8
 10
474.91
 20
206.06
 10
475.48
 20
208.8
 10
474.47
 20
208.8
  0
LWPOLYLINE
  5
1750
330
17
100
AcDbEntity
  8
POLYLINES
100
AcDbPolyline
 90
4
 70
0
 10
474.47
 20
208.8
 10
474.91
 20
206.06
 10
475.48
 20
208.8
 10
474.47
 20
208.8
  0
LWPOLYLINE
  5
1751
330
17
100
AcDbEntity
  8
POLYLINES
100
AcDbPolyline
 90
4
 70
0
 10
191.08
 20
259.92
 10
191.51
 20
257.04
 10
190.51
 20
257.04
 10
191.08
 20
259.92
  0
LWPOLYLINE
  5
1752
330
17
100
AcDbEntity
  8
POLYLINES
100
AcDbPolyline
 90
4
 70
0
 10
191.08
 20
259.92
 10
191.51
 20
257.04
 10
190.51
 20
257.04
 10
191.08
 20
259.92
  0
LWPOLYLINE
  5
1753
330
17
100
AcDbEntity
  8
POLYLINES
100
AcDbPolyline
 90
4
 70
0
 10
190.51
 20
208.8
 10
191.08
 20
206.06
 10
191.51
 20
208.8
 10
190.51
 20
208.8
  0
LWPOLYLINE
  5
1754
330
17
100
AcDbEntity
  8
POLYLINES
100
AcDbPolyline
 90
4
 70
0
 10
190.51
 20
208.8
 10
191.08
 20
206.06
 10
191.51
 20
208.8
 10
190.51
 20
208.8
  0
LWPOLYLINE
  5
1755
330
17
100
AcDbEntity
  8
POLYLINES
100
AcDbPolyline
 90
4
 70
0
 10
474.91
 20
333.65
 10
475.48
 20
330.77
 10
474.47
 20
330.77
 10
474.91
 20
333.65
  0
LWPOLYLINE
  5
1756
330
17
100
AcDbEntity
  8
POLYLINES
100
AcDbPolyline
 90
4
 70
0
 10
474.91
 20
333.65
 10
475.48
 20
330.77
 10
474.47
 20
330.77
 10
474.91
 20
333.65
  0
LWPOLYLINE
  5
1757
330
17
100
AcDbEntity
  8
POLYLINES
100
AcDbPolyline
 90
4
 70
0
 10
474.47
 20
319.39
 10
474.91
 20
316.66
 10
475.48
 20
319.39
 10
474.47
 20
319.39
  0
LWPOLYLINE
  5
1758
330
17
100
AcDbEntity
  8
POLYLINES
100
AcDbPolyline
 90
4
 70
0
 10
474.47
 20
319.39
 10
474.91
 20
316.66
 10
475.48
 20
319.39
 10
474.47
 20
319.39
  0
LWPOLYLINE
  5
1759
330
17
100
AcDbEntity
  8
POLYLINES
100
AcDbPolyline
 90
4
 70
0
 10
474.91
 20
381.74
 10
475.48
 20
379.01
 10
474.47
 20
379.01
 10
474.91
 20
381.74
  0
LWPOLYLINE
  5
175A
330
17
100
AcDbEntity
  8
POLYLINES
100
AcDbPolyline
 90
4
 70
0
 10
474.91
 20
381.74
 10
475.48
 20
379.01
 10
474.47
 20
379.01
 10
474.91
 20
381.74
  0
LWPOLYLINE
  5
175B
330
17
100
AcDbEntity
  8
POLYLINES
100
AcDbPolyline
 90
4
 70
0
 10
474.47
 20
336.38
 10
474.91
 20
333.65
 10
475.48
 20
336.38
 10
474.47
 20
336.38
  0
LWPOLYLINE
  5
175C
330
17
100
AcDbEntity
  8
POLYLINES
100
AcDbPolyline
 90
4
 70
0
 10
474.47
 20
336.38
 10
474.91
 20
333.65
 10
475.48
 20
336.38
 10
474.47
 20
336.38
  0
LWPOLYLINE
  5
175D
330
17
100
AcDbEntity
  8
POLYLINES
100
AcDbPolyline
 90
4
 70
0
 10
313.48
 20
755.86
 10
316.22
 20
755.28
 10
316.22
 20
756.29
 10
313.48
 20
755.86
  0
LWPOLYLINE
  5
175E
330
17
100
AcDbEntity
  8
POLYLINES
100
AcDbPolyline
 90
4
 70
0
 10
313.48
 20
755.86
 10
316.22
 20
755.28
 10
316.22
 20
756.29
 10
313.48
 20
755.86
  0
LWPOLYLINE
  5
175F
330
17
100
AcDbEntity
  8
POLYLINES
100
AcDbPolyline
 90
4
 70
0
 10
330.47
 20
755.86
 10
327.59
 20
755.28
 10
327.59
 20
756.29
 10
330.47
 20
755.86
  0
LWPOLYLINE
  5
1760
330
17
100
AcDbEntity
  8
POLYLINES
100
AcDbPolyline
 90
4
 70
0
 10
330.47
 20
755.86
 10
327.59
 20
755.28
 10
327.59
 20
756.29
 10
330.47
 20
755.86
  0
LWPOLYLINE
  5
1761
330
17
100
AcDbEntity
  8
POLYLINES
100
AcDbPolyline
 90
4
 70
0
 10
358.7
 20
551.09
 10
361.58
 20
550.66
 10
361.58
 20
551.66
 10
358.7
 20
551.09
  0
LWPOLYLINE
  5
1762
330
17
100
AcDbEntity
  8
POLYLINES
100
AcDbPolyline
 90
4
 70
0
 10
358.7
 20
551.09
 10
361.58
 20
550.66
 10
361.58
 20
551.66
 10
358.7
 20
551.09
  0
LWPOLYLINE
  5
1763
330
17
100
AcDbEntity
  8
POLYLINES
100
AcDbPolyline
 90
4
 70
0
 10
381.45
 20
551.09
 10
378.57
 20
550.66
 10
378.57
 20
551.66
 10
381.45
 20
551.09
  0
LWPOLYLINE
  5
1764
330
17
100
AcDbEntity
  8
POLYLINES
100
AcDbPolyline
 90
4
 70
0
 10
381.45
 20
551.09
 10
378.57
 20
550.66
 10
378.57
 20
551.66
 10
381.45
 20
551.09
  0
LWPOLYLINE
  5
1765
330
17
100
AcDbEntity
  8
POLYLINES
100
AcDbPolyline
 90
4
 70
0
 10
184.46
 20
690.77
 10
184.89
 20
687.89
 10
185.32
 20
690.77
 10
184.46
 20
690.77
  0
LWPOLYLINE
  5
1766
330
17
100
AcDbEntity
  8
POLYLINES
100
AcDbPolyline
 90
4
 70
0
 10
184.46
 20
690.77
 10
184.89
 20
687.89
 10
185.32
 20
690.77
 10
184.46
 20
690.77
  0
LWPOLYLINE
  5
1767
330
17
100
AcDbEntity
  8
POLYLINES
100
AcDbPolyline
 90
4
 70
0
 10
184.89
 20
736.13
 10
185.32
 20
733.25
 10
184.46
 20
733.25
 10
184.89
 20
736.13
  0
LWPOLYLINE
  5
1768
330
17
100
AcDbEntity
  8
POLYLINES
100
AcDbPolyline
 90
4
 70
0
 10
184.89
 20
736.13
 10
185.32
 20
733.25
 10
184.46
 20
733.25
 10
184.89
 20
736.13
  0
LWPOLYLINE
  5
1769
330
17
100
AcDbEntity
  8
POLYLINES
100
AcDbPolyline
 90
4
 70
0
 10
262.36
 20
308.16
 10
259.63
 20
307.73
 10
259.63
 20
308.59
 10
262.36
 20
308.16
  0
LWPOLYLINE
  5
176A
330
17
100
AcDbEntity
  8
POLYLINES
100
AcDbPolyline
 90
4
 70
0
 10
262.36
 20
308.16
 10
259.63
 20
307.73
 10
259.63
 20
308.59
 10
262.36
 20
308.16
  0
LWPOLYLINE
  5
176B
330
17
100
AcDbEntity
  8
POLYLINES
100
AcDbPolyline
 90
4
 70
0
 10
239.75
 20
308.16
 10
242.49
 20
307.73
 10
242.49
 20
308.59
 10
239.75
 20
308.16
  0
LWPOLYLINE
  5
176C
330
17
100
AcDbEntity
  8
POLYLINES
100
AcDbPolyline
 90
4
 70
0
 10
239.75
 20
308.16
 10
242.49
 20
307.73
 10
242.49
 20
308.59
 10
239.75
 20
308.16
  0
LWPOLYLINE
  5
176D
330
17
100
AcDbEntity
  8
POLYLINES
100
AcDbPolyline
 90
4
 70
0
 10
239.75
 20
308.16
 10
236.87
 20
307.73
 10
236.87
 20
308.59
 10
239.75
 20
308.16
  0
LWPOLYLINE
  5
176E
330
17
100
AcDbEntity
  8
POLYLINES
100
AcDbPolyline
 90
4
 70
0
 10
239.75
 20
308.16
 10
236.87
 20
307.73
 10
236.87
 20
308.59
 10
239.75
 20
308.16
  0
LWPOLYLINE
  5
176F
330
17
100
AcDbEntity
  8
POLYLINES
100
AcDbPolyline
 90
4
 70
0
 10
217.0
 20
308.16
 10
219.88
 20
307.73
 10
219.88
 20
308.59
 10
217.0
 20
308.16
  0
LWPOLYLINE
  5
1770
330
17
100
AcDbEntity
  8
POLYLINES
100
AcDbPolyline
 90
4
 70
0
 10
217.0
 20
308.16
 10
219.88
 20
307.73
 10
219.88
 20
308.59
 10
217.0
 20
308.16
  0
LWPOLYLINE
  5
1771
330
17
100
AcDbEntity
  8
POLYLINES
100
AcDbPolyline
 90
4
 70
0
 10
217.0
 20
308.16
 10
214.27
 20
307.73
 10
214.27
 20
308.59
 10
217.0
 20
308.16
  0
LWPOLYLINE
  5
1772
330
17
100
AcDbEntity
  8
POLYLINES
100
AcDbPolyline
 90
4
 70
0
 10
217.0
 20
308.16
 10
214.27
 20
307.73
 10
214.27
 20
308.59
 10
217.0
 20
308.16
  0
LWPOLYLINE
  5
1773
330
17
100
AcDbEntity
  8
POLYLINES
100
AcDbPolyline
 90
4
 70
0
 10
194.39
 20
308.16
 10
197.13
 20
307.73
 10
197.13
 20
308.59
 10
194.39
 20
308.16
  0
LWPOLYLINE
  5
1774
330
17
100
AcDbEntity
  8
POLYLINES
100
AcDbPolyline
 90
4
 70
0
 10
194.39
 20
308.16
 10
197.13
 20
307.73
 10
197.13
 20
308.59
 10
194.39
 20
308.16
  0
LWPOLYLINE
  5
1775
330
17
100
AcDbEntity
  8
POLYLINES
100
AcDbPolyline
 90
4
 70
0
 10
190.79
 20
344.88
 10
191.23
 20
342.14
 10
190.36
 20
342.14
 10
190.79
 20
344.88
  0
LWPOLYLINE
  5
1776
330
17
100
AcDbEntity
  8
POLYLINES
100
AcDbPolyline
 90
4
 70
0
 10
190.79
 20
344.88
 10
191.23
 20
342.14
 10
190.36
 20
342.14
 10
190.79
 20
344.88
  0
LWPOLYLINE
  5
1777
330
17
100
AcDbEntity
  8
POLYLINES
100
AcDbPolyline
 90
4
 70
0
 10
190.36
 20
319.39
 10
190.79
 20
316.66
 10
191.23
 20
319.39
 10
190.36
 20
319.39
  0
LWPOLYLINE
  5
1778
330
17
100
AcDbEntity
  8
POLYLINES
100
AcDbPolyline
 90
4
 70
0
 10
190.36
 20
319.39
 10
190.79
 20
316.66
 10
191.23
 20
319.39
 10
190.36
 20
319.39
  0
LWPOLYLINE
  5
1779
330
17
100
AcDbEntity
  8
POLYLINES
100
AcDbPolyline
 90
4
 70
0
 10
190.36
 20
347.76
 10
190.79
 20
344.88
 10
191.23
 20
347.76
 10
190.36
 20
347.76
  0
LWPOLYLINE
  5
177A
330
17
100
AcDbEntity
  8
POLYLINES
100
AcDbPolyline
 90
4
 70
0
 10
190.36
 20
347.76
 10
190.79
 20
344.88
 10
191.23
 20
347.76
 10
190.36
 20
347.76
  0
LWPOLYLINE
  5
177B
330
17
100
AcDbEntity
  8
POLYLINES
100
AcDbPolyline
 90
4
 70
0
 10
190.79
 20
381.74
 10
191.23
 20
379.01
 10
190.36
 20
379.01
 10
190.79
 20
381.74
  0
LWPOLYLINE
  5
177C
330
17
100
AcDbEntity
  8
POLYLINES
100
AcDbPolyline
 90
4
 70
0
 10
190.79
 20
381.74
 10
191.23
 20
379.01
 10
190.36
 20
379.01
 10
190.79
 20
381.74
  0
LWPOLYLINE
  5
177D
330
17
100
AcDbEntity
  8
POLYLINES
100
AcDbPolyline
 90
4
 70
0
 10
194.39
 20
687.89
 10
191.51
 20
687.46
 10
191.51
 20
688.46
 10
194.39
 20
687.89
  0
LWPOLYLINE
  5
177E
330
17
100
AcDbEntity
  8
POLYLINES
100
AcDbPolyline
 90
4
 70
0
 10
194.39
 20
687.89
 10
191.51
 20
687.46
 10
191.51
 20
688.46
 10
194.39
 20
687.89
  0
LWPOLYLINE
  5
177F
330
17
100
AcDbEntity
  8
POLYLINES
100
AcDbPolyline
 90
4
 70
0
 10
146.15
 20
687.89
 10
149.03
 20
687.46
 10
149.03
 20
688.46
 10
146.15
 20
687.89
  0
LWPOLYLINE
  5
1780
330
17
100
AcDbEntity
  8
POLYLINES
100
AcDbPolyline
 90
4
 70
0
 10
146.15
 20
687.89
 10
149.03
 20
687.46
 10
149.03
 20
688.46
 10
146.15
 20
687.89
  0
LINE
  5
1781
330
17
100
AcDbEntity
  8
LINES
100
AcDbLine
 10
668.87
 20
45.22
 30
0.0
 11
512.92
 21
45.22
 31
0.0
  0
LINE
  5
1782
330
17
100
AcDbEntity
  8
LINES
100
AcDbLine
 10
668.87
 20
118.94
 30
0.0
 11
668.87
 21
45.22
 31
0.0
  0
LINE
  5
1783
330
17
100
AcDbEntity
  8
LINES
100
AcDbLine
 10
512.92
 20
118.94
 30
0.0
 11
668.87
 21
118.94
 31
0.0
  0
LINE
  5
1784
330
17
100
AcDbEntity
  8
LINES
100
AcDbLine
 10
512.92
 20
45.22
 30
0.0
 11
512.92
 21
118.94
 31
0.0
  0
LINE
  5
1785
330
17
100
AcDbEntity
  8
LINES
100
AcDbLine
 10
1179.07
 20
45.22
 30
0.0
 11
668.87
 21
45.22
 31
0.0
  0
LINE
  5
1786
330
17
100
AcDbEntity
  8
LINES
100
AcDbLine
 10
1179.07
 20
158.69
 30
0.0
 11
1179.07
 21
45.22
 31
0.0
  0
LINE
  5
1787
330
17
100
AcDbEntity
  8
LINES
100
AcDbLine
 10
668.87
 20
158.69
 30
0.0
 11
1179.07
 21
158.69
 31
0.0
  0
LINE
  5
1788
330
17
100
AcDbEntity
  8
LINES
100
AcDbLine
 10
668.87
 20
45.22
 30
0.0
 11
668.87
 21
158.69
 31
0.0
  0
LWPOLYLINE
  5
1789
330
17
100
AcDbEntity
  8
POLYLINES
100
AcDbPolyline
 90
193
 70
0
 10
696.81
 20
148.32
 10
696.81
 20
148.61
 10
696.67
 20
148.75
 10
696.67
 20
148.9
 10
696.52
 20
149.04
 10
696.52
 20
149.18
 10
696.23
 20
149.18
 10
695.8
 20
149.18
 10
694.36
 20
149.18
 10
692.92
 20
149.18
 10
692.35
 20
149.18
 10
692.2
 20
149.18
 10
693.79
 20
150.19
 10
694.94
 20
150.91
 10
695.8
 20
151.34
 10
695.95
 20
151.34
 10
696.09
 20
151.49
 10
695.95
 20
151.63
 10
695.95
 20
151.92
 10
695.95
 20
152.06
 10
695.8
 20
152.06
 10
695.8
 20
152.21
 10
695.66
 20
152.35
 10
695.51
 20
152.35
 10
695.08
 20
152.35
 10
693.64
 20
152.35
 10
692.2
 20
152.35
 10
691.77
 20
152.35
 10
691.63
 20
152.35
 10
693.07
 20
153.36
 10
694.22
 20
153.94
 10
694.94
 20
154.37
 10
695.23
 20
154.37
 10
695.23
 20
154.51
 10
695.08
 20
154.66
 10
695.08
 20
154.94
 10
694.94
 20
155.23
 10
694.79
 20
155.38
 10
694.65
 20
155.38
 10
693.93
 20
155.38
 10
692.92
 20
155.38
 10
691.63
 20
155.38
 10
690.19
 20
155.38
 10
688.46
 20
155.38
 10
684.71
 20
155.38
 10
680.97
 20
155.38
 10
679.24
 20
155.38
 10
677.66
 20
155.38
 10
676.36
 20
155.38
 10
675.35
 20
155.38
 10
674.78
 20
155.38
 10
674.49
 20
155.38
 10
674.49
 20
155.23
 10
674.35
 20
155.09
 10
674.35
 20
154.94
 10
674.2
 20
154.66
 10
674.06
 20
154.51
 10
674.2
 20
154.37
 10
674.35
 20
154.37
 10
675.21
 20
153.94
 10
676.36
 20
153.36
 10
677.8
 20
152.35
 10
677.66
 20
152.35
 10
677.08
 20
152.35
 10
675.64
 20
152.35
 10
674.2
 20
152.35
 10
673.77
 20
152.35
 10
673.63
 20
152.35
 10
673.48
 20
152.21
 10
673.48
 20
152.06
 10
673.48
 20
151.92
 10
673.34
 20
151.78
 10
673.19
 20
151.49
 10
673.34
 20
151.34
 10
673.48
 20
151.34
 10
674.35
 20
150.91
 10
675.64
 20
150.19
 10
677.08
 20
149.18
 10
676.94
 20
149.18
 10
676.51
 20
149.18
 10
674.92
 20
149.18
 10
673.48
 20
149.18
 10
673.05
 20
149.18
 10
672.91
 20
149.18
 10
672.76
 20
149.18
 10
672.76
 20
149.04
 10
672.76
 20
148.9
 10
672.76
 20
148.75
 10
672.62
 20
148.75
 10
672.62
 20
148.46
 10
672.47
 20
148.32
 10
672.76
 20
148.18
 10
673.34
 20
147.89
 10
674.2
 20
147.46
 10
675.21
 20
146.74
 10
676.51
 20
145.87
 10
677.95
 20
144.72
 10
679.39
 20
143.42
 10
680.83
 20
141.84
 10
679.39
 20
138.53
 10
678.23
 20
134.78
 10
677.95
 20
132.77
 10
677.51
 20
130.61
 10
677.37
 20
128.3
 10
677.37
 20
126.0
 10
677.51
 20
126.0
 10
677.95
 20
126.0
 10
678.23
 20
126.0
 10
678.38
 20
126.0
 10
678.52
 20
128.16
 10
678.67
 20
130.32
 10
679.24
 20
134.21
 10
680.25
 20
137.66
 10
681.55
 20
140.83
 10
682.12
 20
139.97
 10
682.55
 20
139.1
 10
681.55
 20
136.37
 10
680.68
 20
133.2
 10
680.25
 20
129.74
 10
680.11
 20
126.0
 10
680.25
 20
126.0
 10
680.68
 20
126.0
 10
680.97
 20
126.0
 10
681.11
 20
126.0
 10
681.26
 20
129.46
 10
681.69
 20
132.48
 10
682.27
 20
135.36
 10
683.27
 20
137.95
 10
683.71
 20
136.8
 10
684.14
 20
135.79
 10
683.56
 20
133.63
 10
682.99
 20
131.33
 10
682.84
 20
128.74
 10
682.84
 20
126.0
 10
682.99
 20
126.0
 10
683.27
 20
126.0
 10
683.71
 20
126.0
 10
683.85
 20
126.0
 10
683.85
 20
128.16
 10
683.99
 20
130.32
 10
684.28
 20
132.19
 10
684.71
 20
134.06
 10
685.15
 20
132.19
 10
685.43
 20
130.32
 10
685.58
 20
128.16
 10
685.58
 20
126.0
 10
685.72
 20
126.0
 10
686.01
 20
126.0
 10
686.44
 20
126.0
 10
686.59
 20
126.0
 10
686.59
 20
128.74
 10
686.3
 20
131.33
 10
685.87
 20
133.63
 10
685.29
 20
135.79
 10
685.58
 20
136.8
 10
686.15
 20
137.81
 10
687.02
 20
135.36
 10
687.59
 20
132.48
 10
688.03
 20
129.31
 10
688.17
 20
126.0
 10
688.31
 20
126.0
 10
688.75
 20
126.0
 10
689.03
 20
126.0
 10
689.18
 20
126.0
 10
689.03
 20
129.74
 10
688.6
 20
133.2
 10
687.74
 20
136.22
 10
686.73
 20
139.1
 10
687.31
 20
139.97
 10
687.88
 20
140.83
 10
689.18
 20
137.66
 10
690.04
 20
134.21
 10
690.76
 20
130.32
 10
690.91
 20
128.16
 10
690.91
 20
126.0
 10
691.05
 20
126.0
 10
691.48
 20
126.0
 10
691.77
 20
126.0
 10
691.91
 20
126.0
 10
691.91
 20
128.3
 10
691.77
 20
130.61
 10
691.48
 20
132.77
 10
691.05
 20
134.78
 10
689.9
 20
138.53
 10
688.6
 20
141.7
 10
689.9
 20
143.42
 10
691.34
 20
144.72
 10
692.78
 20
145.87
 10
694.07
 20
146.74
 10
695.23
 20
147.46
 10
696.09
 20
147.89
 10
696.67
 20
148.18
 10
696.81
 20
148.32
  0
LWPOLYLINE
  5
178A
330
17
100
AcDbEntity
  8
POLYLINES
100
AcDbPolyline
 90
21
 70
0
 10
680.83
 20
151.34
 10
680.97
 20
151.34
 10
681.26
 20
151.34
 10
682.12
 20
151.34
 10
683.27
 20
151.34
 10
684.71
 20
151.34
 10
686.01
 20
151.34
 10
687.31
 20
151.34
 10
688.17
 20
151.34
 10
688.31
 20
151.34
 10
688.46
 20
151.34
 10
687.31
 20
150.34
 10
686.15
 20
149.18
 10
686.01
 20
149.18
 10
685.72
 20
149.18
 10
684.71
 20
149.18
 10
683.71
 20
149.18
 10
683.27
 20
149.18
 10
683.13
 20
149.18
 10
681.98
 20
150.34
 10
680.83
 20
151.34
  0
LWPOLYLINE
  5
178B
330
17
100
AcDbEntity
  8
POLYLINES
100
AcDbPolyline
 90
15
 70
0
 10
674.92
 20
148.18
 10
675.07
 20
148.18
 10
675.5
 20
148.18
 10
676.65
 20
148.18
 10
677.95
 20
148.18
 10
678.38
 20
148.18
 10
678.52
 20
148.18
 10
680.39
 20
146.45
 10
682.27
 20
144.43
 10
681.83
 20
143.57
 10
681.26
 20
142.7
 10
679.67
 20
144.58
 10
677.95
 20
146.16
 10
676.36
 20
147.31
 10
674.92
 20
148.18
  0
LWPOLYLINE
  5
178C
330
17
100
AcDbEntity
  8
POLYLINES
100
AcDbPolyline
 90
18
 70
0
 10
675.79
 20
151.34
 10
675.64
 20
151.34
 10
675.93
 20
151.34
 10
676.22
 20
151.34
 10
677.51
 20
151.34
 10
678.67
 20
151.34
 10
679.1
 20
151.34
 10
679.24
 20
151.34
 10
680.39
 20
150.34
 10
681.69
 20
149.18
 10
681.55
 20
149.18
 10
681.26
 20
149.18
 10
680.25
 20
149.18
 10
679.24
 20
149.18
 10
678.95
 20
149.18
 10
678.81
 20
149.18
 10
677.23
 20
150.48
 10
675.79
 20
151.34
  0
LWPOLYLINE
  5
178D
330
17
100
AcDbEntity
  8
POLYLINES
100
AcDbPolyline
 90
9
 70
0
 10
684.71
 20
137.23
 10
684.28
 20
138.24
 10
683.71
 20
139.1
 10
684.14
 20
139.97
 10
684.71
 20
140.83
 10
685.15
 20
139.97
 10
685.58
 20
139.1
 10
685.15
 20
138.24
 10
684.71
 20
137.23
  0
LWPOLYLINE
  5
178E
330
17
100
AcDbEntity
  8
POLYLINES
100
AcDbPolyline
 90
13
 70
0
 10
682.7
 20
148.18
 10
683.42
 20
147.46
 10
683.99
 20
146.74
 10
683.42
 20
146.02
 10
682.84
 20
145.3
 10
681.55
 20
146.88
 10
680.11
 20
148.18
 10
680.25
 20
148.18
 10
680.54
 20
148.18
 10
681.4
 20
148.18
 10
682.27
 20
148.18
 10
682.55
 20
148.18
 10
682.7
 20
148.18
  0
LWPOLYLINE
  5
178F
330
17
100
AcDbEntity
  8
POLYLINES
100
AcDbPolyline
 90
9
 70
0
 10
685.15
 20
148.18
 10
684.86
 20
147.89
 10
684.71
 20
147.6
 10
684.43
 20
147.89
 10
684.14
 20
148.18
 10
684.28
 20
148.18
 10
684.71
 20
148.18
 10
685.0
 20
148.18
 10
685.15
 20
148.18
  0
LWPOLYLINE
  5
1790
330
17
100
AcDbEntity
  8
POLYLINES
100
AcDbPolyline
 90
9
 70
0
 10
681.98
 20
141.84
 10
682.55
 20
142.7
 10
682.99
 20
143.57
 10
683.56
 20
142.7
 10
683.99
 20
141.98
 10
683.56
 20
141.12
 10
683.13
 20
140.26
 10
682.55
 20
141.12
 10
681.98
 20
141.84
  0
LWPOLYLINE
  5
1791
330
17
100
AcDbEntity
  8
POLYLINES
100
AcDbPolyline
 90
29
 70
0
 10
676.51
 20
154.37
 10
676.79
 20
154.37
 10
677.23
 20
154.37
 10
678.09
 20
154.37
 10
679.1
 20
154.37
 10
681.69
 20
154.37
 10
684.71
 20
154.37
 10
687.59
 20
154.37
 10
690.19
 20
154.37
 10
691.34
 20
154.37
 10
692.06
 20
154.37
 10
692.63
 20
154.37
 10
692.78
 20
154.37
 10
691.34
 20
153.5
 10
689.75
 20
152.35
 10
689.61
 20
152.35
 10
689.32
 20
152.35
 10
688.89
 20
152.35
 10
688.17
 20
152.35
 10
686.59
 20
152.35
 10
684.71
 20
152.35
 10
682.84
 20
152.35
 10
681.11
 20
152.35
 10
680.54
 20
152.35
 10
679.96
 20
152.35
 10
679.67
 20
152.35
 10
679.53
 20
152.35
 10
677.95
 20
153.5
 10
676.51
 20
154.37
  0
LWPOLYLINE
  5
1792
330
17
100
AcDbEntity
  8
POLYLINES
100
AcDbPolyline
 90
9
 70
0
 10
684.71
 20
146.02
 10
685.15
 20
145.15
 10
685.72
 20
144.43
 10
685.15
 20
143.71
 10
684.71
 20
142.85
 10
684.14
 20
143.71
 10
683.56
 20
144.43
 10
684.14
 20
145.15
 10
684.71
 20
146.02
  0
LWPOLYLINE
  5
1793
330
17
100
AcDbEntity
  8
POLYLINES
100
AcDbPolyline
 90
9
 70
0
 10
686.15
 20
140.26
 10
685.72
 20
141.12
 10
685.29
 20
141.98
 10
685.87
 20
142.7
 10
686.3
 20
143.57
 10
686.87
 20
142.7
 10
687.31
 20
141.84
 10
686.73
 20
141.12
 10
686.15
 20
140.26
  0
LWPOLYLINE
  5
1794
330
17
100
AcDbEntity
  8
POLYLINES
100
AcDbPolyline
 90
12
 70
0
 10
685.29
 20
146.74
 10
686.01
 20
147.46
 10
686.59
 20
148.18
 10
686.73
 20
148.18
 10
687.02
 20
148.18
 10
687.88
 20
148.18
 10
688.89
 20
148.18
 10
689.18
 20
148.18
 10
687.88
 20
146.88
 10
686.44
 20
145.3
 10
685.87
 20
146.02
 10
685.29
 20
146.74
  0
LWPOLYLINE
  5
1795
330
17
100
AcDbEntity
  8
POLYLINES
100
AcDbPolyline
 90
17
 70
0
 10
693.64
 20
151.34
 10
692.2
 20
150.48
 10
690.47
 20
149.18
 10
690.33
 20
149.18
 10
690.04
 20
149.18
 10
689.03
 20
149.18
 10
688.03
 20
149.18
 10
687.74
 20
149.18
 10
687.59
 20
149.18
 10
688.89
 20
150.34
 10
690.04
 20
151.34
 10
690.19
 20
151.34
 10
690.62
 20
151.34
 10
691.91
 20
151.34
 10
693.07
 20
151.34
 10
693.5
 20
151.34
 10
693.64
 20
151.34
  0
LWPOLYLINE
  5
1796
330
17
100
AcDbEntity
  8
POLYLINES
100
AcDbPolyline
 90
16
 70
0
 10
694.51
 20
148.18
 10
694.36
 20
148.18
 10
693.07
 20
147.31
 10
691.48
 20
146.16
 10
689.75
 20
144.58
 10
688.03
 20
142.7
 10
687.59
 20
143.57
 10
687.02
 20
144.43
 10
688.89
 20
146.45
 10
690.91
 20
148.18
 10
691.05
 20
148.18
 10
691.34
 20
148.18
 10
692.63
 20
148.18
 10
693.93
 20
148.18
 10
694.22
 20
148.18
 10
694.51
 20
148.18
  0
LWPOLYLINE
  5
1797
330
17
100
AcDbEntity
  8
POLYLINES
100
AcDbPolyline
 90
193
 70
0
 10
696.81
 20
148.32
 10
696.81
 20
148.61
 10
696.67
 20
148.75
 10
696.67
 20
148.9
 10
696.52
 20
149.04
 10
696.52
 20
149.18
 10
696.23
 20
149.18
 10
695.8
 20
149.18
 10
694.36
 20
149.18
 10
692.92
 20
149.18
 10
692.35
 20
149.18
 10
692.2
 20
149.18
 10
693.79
 20
150.19
 10
694.94
 20
150.91
 10
695.8
 20
151.34
 10
695.95
 20
151.34
 10
696.09
 20
151.49
 10
695.95
 20
151.63
 10
695.95
 20
151.92
 10
695.95
 20
152.06
 10
695.8
 20
152.06
 10
695.8
 20
152.21
 10
695.66
 20
152.35
 10
695.51
 20
152.35
 10
695.08
 20
152.35
 10
693.64
 20
152.35
 10
692.2
 20
152.35
 10
691.77
 20
152.35
 10
691.63
 20
152.35
 10
693.07
 20
153.36
 10
694.22
 20
153.94
 10
694.94
 20
154.37
 10
695.23
 20
154.37
 10
695.23
 20
154.51
 10
695.08
 20
154.66
 10
695.08
 20
154.94
 10
694.94
 20
155.23
 10
694.79
 20
155.38
 10
694.65
 20
155.38
 10
693.93
 20
155.38
 10
692.92
 20
155.38
 10
691.63
 20
155.38
 10
690.19
 20
155.38
 10
688.46
 20
155.38
 10
684.71
 20
155.38
 10
680.97
 20
155.38
 10
679.24
 20
155.38
 10
677.66
 20
155.38
 10
676.36
 20
155.38
 10
675.35
 20
155.38
 10
674.78
 20
155.38
 10
674.49
 20
155.38
 10
674.49
 20
155.23
 10
674.35
 20
155.09
 10
674.35
 20
154.94
 10
674.2
 20
154.66
 10
674.06
 20
154.51
 10
674.2
 20
154.37
 10
674.35
 20
154.37
 10
675.21
 20
153.94
 10
676.36
 20
153.36
 10
677.8
 20
152.35
 10
677.66
 20
152.35
 10
677.08
 20
152.35
 10
675.64
 20
152.35
 10
674.2
 20
152.35
 10
673.77
 20
152.35
 10
673.63
 20
152.35
 10
673.48
 20
152.21
 10
673.48
 20
152.06
 10
673.48
 20
151.92
 10
673.34
 20
151.78
 10
673.19
 20
151.49
 10
673.34
 20
151.34
 10
673.48
 20
151.34
 10
674.35
 20
150.91
 10
675.64
 20
150.19
 10
677.08
 20
149.18
 10
676.94
 20
149.18
 10
676.51
 20
149.18
 10
674.92
 20
149.18
 10
673.48
 20
149.18
 10
673.05
 20
149.18
 10
672.91
 20
149.18
 10
672.76
 20
149.18
 10
672.76
 20
149.04
 10
672.76
 20
148.9
 10
672.76
 20
148.75
 10
672.62
 20
148.75
 10
672.62
 20
148.46
 10
672.47
 20
148.32
 10
672.76
 20
148.18
 10
673.34
 20
147.89
 10
674.2
 20
147.46
 10
675.21
 20
146.74
 10
676.51
 20
145.87
 10
677.95
 20
144.72
 10
679.39
 20
143.42
 10
680.83
 20
141.84
 10
679.39
 20
138.53
 10
678.23
 20
134.78
 10
677.95
 20
132.77
 10
677.51
 20
130.61
 10
677.37
 20
128.3
 10
677.37
 20
126.0
 10
677.51
 20
126.0
 10
677.95
 20
126.0
 10
678.23
 20
126.0
 10
678.38
 20
126.0
 10
678.52
 20
128.16
 10
678.67
 20
130.32
 10
679.24
 20
134.21
 10
680.25
 20
137.66
 10
681.55
 20
140.83
 10
682.12
 20
139.97
 10
682.55
 20
139.1
 10
681.55
 20
136.37
 10
680.68
 20
133.2
 10
680.25
 20
129.74
 10
680.11
 20
126.0
 10
680.25
 20
126.0
 10
680.68
 20
126.0
 10
680.97
 20
126.0
 10
681.11
 20
126.0
 10
681.26
 20
129.46
 10
681.69
 20
132.48
 10
682.27
 20
135.36
 10
683.27
 20
137.95
 10
683.71
 20
136.8
 10
684.14
 20
135.79
 10
683.56
 20
133.63
 10
682.99
 20
131.33
 10
682.84
 20
128.74
 10
682.84
 20
126.0
 10
682.99
 20
126.0
 10
683.27
 20
126.0
 10
683.71
 20
126.0
 10
683.85
 20
126.0
 10
683.85
 20
128.16
 10
683.99
 20
130.32
 10
684.28
 20
132.19
 10
684.71
 20
134.06
 10
685.15
 20
132.19
 10
685.43
 20
130.32
 10
685.58
 20
128.16
 10
685.58
 20
126.0
 10
685.72
 20
126.0
 10
686.01
 20
126.0
 10
686.44
 20
126.0
 10
686.59
 20
126.0
 10
686.59
 20
128.74
 10
686.3
 20
131.33
 10
685.87
 20
133.63
 10
685.29
 20
135.79
 10
685.58
 20
136.8
 10
686.15
 20
137.81
 10
687.02
 20
135.36
 10
687.59
 20
132.48
 10
688.03
 20
129.31
 10
688.17
 20
126.0
 10
688.31
 20
126.0
 10
688.75
 20
126.0
 10
689.03
 20
126.0
 10
689.18
 20
126.0
 10
689.03
 20
129.74
 10
688.6
 20
133.2
 10
687.74
 20
136.22
 10
686.73
 20
139.1
 10
687.31
 20
139.97
 10
687.88
 20
140.83
 10
689.18
 20
137.66
 10
690.04
 20
134.21
 10
690.76
 20
130.32
 10
690.91
 20
128.16
 10
690.91
 20
126.0
 10
691.05
 20
126.0
 10
691.48
 20
126.0
 10
691.77
 20
126.0
 10
691.91
 20
126.0
 10
691.91
 20
128.3
 10
691.77
 20
130.61
 10
691.48
 20
132.77
 10
691.05
 20
134.78
 10
689.9
 20
138.53
 10
688.6
 20
141.7
 10
689.9
 20
143.42
 10
691.34
 20
144.72
 10
692.78
 20
145.87
 10
694.07
 20
146.74
 10
695.23
 20
147.46
 10
696.09
 20
147.89
 10
696.67
 20
148.18
 10
696.81
 20
148.32
  0
LWPOLYLINE
  5
1798
330
17
100
AcDbEntity
  8
POLYLINES
100
AcDbPolyline
 90
21
 70
0
 10
680.83
 20
151.34
 10
680.97
 20
151.34
 10
681.26
 20
151.34
 10
682.12
 20
151.34
 10
683.27
 20
151.34
 10
684.71
 20
151.34
 10
686.01
 20
151.34
 10
687.31
 20
151.34
 10
688.17
 20
151.34
 10
688.31
 20
151.34
 10
688.46
 20
151.34
 10
687.31
 20
150.34
 10
686.15
 20
149.18
 10
686.01
 20
149.18
 10
685.72
 20
149.18
 10
684.71
 20
149.18
 10
683.71
 20
149.18
 10
683.27
 20
149.18
 10
683.13
 20
149.18
 10
681.98
 20
150.34
 10
680.83
 20
151.34
  0
LWPOLYLINE
  5
1799
330
17
100
AcDbEntity
  8
POLYLINES
100
AcDbPolyline
 90
15
 70
0
 10
674.92
 20
148.18
 10
675.07
 20
148.18
 10
675.5
 20
148.18
 10
676.65
 20
148.18
 10
677.95
 20
148.18
 10
678.38
 20
148.18
 10
678.52
 20
148.18
 10
680.39
 20
146.45
 10
682.27
 20
144.43
 10
681.83
 20
143.57
 10
681.26
 20
142.7
 10
679.67
 20
144.58
 10
677.95
 20
146.16
 10
676.36
 20
147.31
 10
674.92
 20
148.18
  0
LWPOLYLINE
  5
179A
330
17
100
AcDbEntity
  8
POLYLINES
100
AcDbPolyline
 90
18
 70
0
 10
675.79
 20
151.34
 10
675.64
 20
151.34
 10
675.93
 20
151.34
 10
676.22
 20
151.34
 10
677.51
 20
151.34
 10
678.67
 20
151.34
 10
679.1
 20
151.34
 10
679.24
 20
151.34
 10
680.39
 20
150.34
 10
681.69
 20
149.18
 10
681.55
 20
149.18
 10
681.26
 20
149.18
 10
680.25
 20
149.18
 10
679.24
 20
149.18
 10
678.95
 20
149.18
 10
678.81
 20
149.18
 10
677.23
 20
150.48
 10
675.79
 20
151.34
  0
LWPOLYLINE
  5
179B
330
17
100
AcDbEntity
  8
POLYLINES
100
AcDbPolyline
 90
9
 70
0
 10
684.71
 20
137.23
 10
684.28
 20
138.24
 10
683.71
 20
139.1
 10
684.14
 20
139.97
 10
684.71
 20
140.83
 10
685.15
 20
139.97
 10
685.58
 20
139.1
 10
685.15
 20
138.24
 10
684.71
 20
137.23
  0
LWPOLYLINE
  5
179C
330
17
100
AcDbEntity
  8
POLYLINES
100
AcDbPolyline
 90
13
 70
0
 10
682.7
 20
148.18
 10
683.42
 20
147.46
 10
683.99
 20
146.74
 10
683.42
 20
146.02
 10
682.84
 20
145.3
 10
681.55
 20
146.88
 10
680.11
 20
148.18
 10
680.25
 20
148.18
 10
680.54
 20
148.18
 10
681.4
 20
148.18
 10
682.27
 20
148.18
 10
682.55
 20
148.18
 10
682.7
 20
148.18
  0
LWPOLYLINE
  5
179D
330
17
100
AcDbEntity
  8
POLYLINES
100
AcDbPolyline
 90
9
 70
0
 10
685.15
 20
148.18
 10
684.86
 20
147.89
 10
684.71
 20
147.6
 10
684.43
 20
147.89
 10
684.14
 20
148.18
 10
684.28
 20
148.18
 10
684.71
 20
148.18
 10
685.0
 20
148.18
 10
685.15
 20
148.18
  0
LWPOLYLINE
  5
179E
330
17
100
AcDbEntity
  8
POLYLINES
100
AcDbPolyline
 90
9
 70
0
 10
681.98
 20
141.84
 10
682.55
 20
142.7
 10
682.99
 20
143.57
 10
683.56
 20
142.7
 10
683.99
 20
141.98
 10
683.56
 20
141.12
 10
683.13
 20
140.26
 10
682.55
 20
141.12
 10
681.98
 20
141.84
  0
LWPOLYLINE
  5
179F
330
17
100
AcDbEntity
  8
POLYLINES
100
AcDbPolyline
 90
29
 70
0
 10
676.51
 20
154.37
 10
676.79
 20
154.37
 10
677.23
 20
154.37
 10
678.09
 20
154.37
 10
679.1
 20
154.37
 10
681.69
 20
154.37
 10
684.71
 20
154.37
 10
687.59
 20
154.37
 10
690.19
 20
154.37
 10
691.34
 20
154.37
 10
692.06
 20
154.37
 10
692.63
 20
154.37
 10
692.78
 20
154.37
 10
691.34
 20
153.5
 10
689.75
 20
152.35
 10
689.61
 20
152.35
 10
689.32
 20
152.35
 10
688.89
 20
152.35
 10
688.17
 20
152.35
 10
686.59
 20
152.35
 10
684.71
 20
152.35
 10
682.84
 20
152.35
 10
681.11
 20
152.35
 10
680.54
 20
152.35
 10
679.96
 20
152.35
 10
679.67
 20
152.35
 10
679.53
 20
152.35
 10
677.95
 20
153.5
 10
676.51
 20
154.37
  0
LWPOLYLINE
  5
17A0
330
17
100
AcDbEntity
  8
POLYLINES
100
AcDbPolyline
 90
9
 70
0
 10
684.71
 20
146.02
 10
685.15
 20
145.15
 10
685.72
 20
144.43
 10
685.15
 20
143.71
 10
684.71
 20
142.85
 10
684.14
 20
143.71
 10
683.56
 20
144.43
 10
684.14
 20
145.15
 10
684.71
 20
146.02
  0
LWPOLYLINE
  5
17A1
330
17
100
AcDbEntity
  8
POLYLINES
100
AcDbPolyline
 90
9
 70
0
 10
686.15
 20
140.26
 10
685.72
 20
141.12
 10
685.29
 20
141.98
 10
685.87
 20
142.7
 10
686.3
 20
143.57
 10
686.87
 20
142.7
 10
687.31
 20
141.84
 10
686.73
 20
141.12
 10
686.15
 20
140.26
  0
LWPOLYLINE
  5
17A2
330
17
100
AcDbEntity
  8
POLYLINES
100
AcDbPolyline
 90
12
 70
0
 10
685.29
 20
146.74
 10
686.01
 20
147.46
 10
686.59
 20
148.18
 10
686.73
 20
148.18
 10
687.02
 20
148.18
 10
687.88
 20
148.18
 10
688.89
 20
148.18
 10
689.18
 20
148.18
 10
687.88
 20
146.88
 10
686.44
 20
145.3
 10
685.87
 20
146.02
 10
685.29
 20
146.74
  0
LWPOLYLINE
  5
17A3
330
17
100
AcDbEntity
  8
POLYLINES
100
AcDbPolyline
 90
17
 70
0
 10
693.64
 20
151.34
 10
692.2
 20
150.48
 10
690.47
 20
149.18
 10
690.33
 20
149.18
 10
690.04
 20
149.18
 10
689.03
 20
149.18
 10
688.03
 20
149.18
 10
687.74
 20
149.18
 10
687.59
 20
149.18
 10
688.89
 20
150.34
 10
690.04
 20
151.34
 10
690.19
 20
151.34
 10
690.62
 20
151.34
 10
691.91
 20
151.34
 10
693.07
 20
151.34
 10
693.5
 20
151.34
 10
693.64
 20
151.34
  0
LWPOLYLINE
  5
17A4
330
17
100
AcDbEntity
  8
POLYLINES
100
AcDbPolyline
 90
16
 70
0
 10
694.51
 20
148.18
 10
694.36
 20
148.18
 10
693.07
 20
147.31
 10
691.48
 20
146.16
 10
689.75
 20
144.58
 10
688.03
 20
142.7
 10
687.59
 20
143.57
 10
687.02
 20
144.43
 10
688.89
 20
146.45
 10
690.91
 20
148.18
 10
691.05
 20
148.18
 10
691.34
 20
148.18
 10
692.63
 20
148.18
 10
693.93
 20
148.18
 10
694.22
 20
148.18
 10
694.51
 20
148.18
  0
LINE
  5
17A5
330
17
100
AcDbEntity
  8
LINES
100
AcDbLine
 10
87.76
 20
830.45
 30
0.0
 11
87.76
 21
45.22
 31
0.0
  0
LINE
  5
17A6
330
17
100
AcDbEntity
  8
LINES
100
AcDbLine
 10
1179.14
 20
830.45
 30
0.0
 11
87.76
 21
830.45
 31
0.0
  0
LINE
  5
17A7
330
17
100
AcDbEntity
  8
LINES
100
AcDbLine
 10
1179.14
 20
45.22
 30
0.0
 11
1179.14
 21
830.45
 31
0.0
  0
LINE
  5
17A8
330
17
100
AcDbEntity
  8
LINES
100
AcDbLine
 10
87.76
 20
45.22
 30
0.0
 11
1179.14
 21
45.22
 31
0.0
  0
TEXT
  5
17A9
330
17
100
AcDbEntity
  8
TEXTS
100
AcDbText
 10
868.75
 20
805.62
 30
0.0
 40
14.85
  1
通信屏柜用途一览表
 41
0.38177066666666754
100
AcDbText
  0
TEXT
  5
17AA
330
17
100
AcDbEntity
  8
TEXTS
100
AcDbText
 10
716.39
 20
771.47
 30
0.0
 40
10.39
  1
屏号
 41
0.8483800000000008
100
AcDbText
  0
TEXT
  5
17AB
330
17
100
AcDbEntity
  8
TEXTS
100
AcDbText
 10
829.29
 20
771.47
 30
0.0
 40
10.39
  1
名称
 41
1.2257683314787924
100
AcDbText
  0
TEXT
  5
17AC
330
17
100
AcDbEntity
  8
TEXTS
100
AcDbText
 10
950.25
 20
771.47
 30
0.0
 40
10.39
  1
型式
 41
1.2326947456014685
100
AcDbText
  0
TEXT
  5
17AD
330
17
100
AcDbEntity
  8
TEXTS
100
AcDbText
 10
1027.87
 20
771.47
 30
0.0
 40
10.39
  1
数量
 41
0.8483800000000008
100
AcDbText
  0
TEXT
  5
17AE
330
17
100
AcDbEntity
  8
TEXTS
100
AcDbText
 10
1095.26
 20
771.47
 30
0.0
 40
10.39
  1
备
 41
1.4072266666666604
100
AcDbText
  0
TEXT
  5
17AF
330
17
100
AcDbEntity
  8
TEXTS
100
AcDbText
 10
1122.04
 20
771.47
 30
0.0
 40
10.39
  1
注
 41
1.4072266666666604
100
AcDbText
  0
TEXT
  5
17B0
330
17
100
AcDbEntity
  8
TEXTS
100
AcDbText
 10
160.12
 20
766.52
 30
0.0
 40
7.6
  1
1500
 41
0.7777777777777769
100
AcDbText
  0
TEXT
  5
17B1
330
17
100
AcDbEntity
  8
TEXTS
100
AcDbText
 10
320.54
 20
766.52
 30
0.0
 40
7.6
  1
9800
 41
0.7777777777777785
100
AcDbText
  0
TEXT
  5
17B2
330
17
100
AcDbEntity
  8
TEXTS
100
AcDbText
 10
483.26
 20
766.52
 30
0.0
 40
7.6
  1
1700
 41
0.7777777777777785
100
AcDbText
  0
TEXT
  5
17B3
330
17
100
AcDbEntity
  8
TEXTS
100
AcDbText
 10
191.95
 20
755.15
 30
0.0
 40
7.6
  1
600 600 600 600 600 600
 41
1.0225245986893094
100
AcDbText
  0
TEXT
  5
17B4
330
17
100
AcDbEntity
  8
TEXTS
100
AcDbText
 10
296.78
 20
755.15
 30
0.0
 40
7.6
  1
800
 41
0.7777777777777775
100
AcDbText
  0
TEXT
  5
17B5
330
17
100
AcDbEntity
  8
TEXTS
100
AcDbText
 10
316.65
 20
755.15
 30
0.0
 40
7.6
  1
600 600 600 600 600 600 600 600 600
 41
1.0377542074781454
100
AcDbText
  0
TEXT
  5
17B6
330
17
100
AcDbEntity
  8
TEXTS
100
AcDbText
 10
702.14
 20
751.22
 30
0.0
 40
10.39
  1
1~114P
 41
1.3253650000000048
100
AcDbText
  0
TEXT
  5
17B7
330
17
100
AcDbEntity
  8
TEXTS
100
AcDbText
 10
1028.01
 20
751.22
 30
0.0
 40
10.39
  1
114
 41
1.0500875466666617
100
AcDbText
  0
TEXT
  5
17B8
330
17
100
AcDbEntity
  8
TEXTS
100
AcDbText
 10
1067.32
 20
750.45
 30
0.0
 40
10.39
  1
二次屏，见电气二次设计
 41
0.8466000000000031
100
AcDbText
  0
TEXT
  5
17B9
330
17
100
AcDbEntity
  8
TEXTS
100
AcDbText
 10
815.32
 20
750.45
 30
0.0
 40
10.39
  1
电气二次屏位
 41
0.8483800000000027
100
AcDbText
  0
TEXT
  5
17BA
330
17
100
AcDbEntity
  8
TEXTS
100
AcDbText
 10
191.8
 20
739.74
 30
0.0
 40
7.6
  1
16P 15P 14P 13P 12P 11P
 41
1.0240647740460516
100
AcDbText
  0
TEXT
  5
17BB
330
17
100
AcDbEntity
  8
TEXTS
100
AcDbText
 10
296.35
 20
739.74
 30
0.0
 40
7.6
  1
10P
 41
0.7777777777777775
100
AcDbText
  0
TEXT
  5
17BC
330
17
100
AcDbEntity
  8
TEXTS
100
AcDbText
 10
318.38
 20
739.74
 30
0.0
 40
7.6
  1
9P
 41
0.7777777777777816
100
AcDbText
  0
TEXT
  5
17BD
330
17
100
AcDbEntity
  8
TEXTS
100
AcDbText
 10
335.37
 20
739.74
 30
0.0
 40
7.6
  1
8P
 41
0.7777777777777816
100
AcDbText
  0
TEXT
  5
17BE
330
17
100
AcDbEntity
  8
TEXTS
100
AcDbText
 10
352.36
 20
739.74
 30
0.0
 40
7.6
  1
7P
 41
0.7777777777777816
100
AcDbText
  0
TEXT
  5
17BF
330
17
100
AcDbEntity
  8
TEXTS
100
AcDbText
 10
369.35
 20
739.74
 30
0.0
 40
7.6
  1
6P
 41
0.7777777777777816
100
AcDbText
  0
TEXT
  5
17C0
330
17
100
AcDbEntity
  8
TEXTS
100
AcDbText
 10
386.35
 20
739.74
 30
0.0
 40
7.6
  1
5P
 41
0.7777777777777816
100
AcDbText
  0
TEXT
  5
17C1
330
17
100
AcDbEntity
  8
TEXTS
100
AcDbText
 10
403.34
 20
739.74
 30
0.0
 40
7.6
  1
4P
 41
0.7777777777777816
100
AcDbText
  0
TEXT
  5
17C2
330
17
100
AcDbEntity
  8
TEXTS
100
AcDbText
 10
420.47
 20
739.74
 30
0.0
 40
7.6
  1
3P
 41
0.7777777777777816
100
AcDbText
  0
TEXT
  5
17C3
330
17
100
AcDbEntity
  8
TEXTS
100
AcDbText
 10
437.47
 20
739.74
 30
0.0
 40
7.6
  1
2P
 41
0.7777777777777816
100
AcDbText
  0
TEXT
  5
17C4
330
17
100
AcDbEntity
  8
TEXTS
100
AcDbText
 10
454.46
 20
739.74
 30
0.0
 40
7.6
  1
1P
 41
0.7777777777777816
100
AcDbText
  0
TEXT
  5
17C5
330
17
100
AcDbEntity
  8
TEXTS
100
AcDbText
 10
825.55
 20
729.62
 30
0.0
 40
10.39
  1
调度数据网屏1
 41
0.5504583725586442
100
AcDbText
  0
TEXT
  5
17C6
330
17
100
AcDbEntity
  8
TEXTS
100
AcDbText
 10
717.11
 20
729.62
 30
0.0
 40
10.39
  1
4P
 41
1.5905250888888904
100
AcDbText
  0
TEXT
  5
17C7
330
17
100
AcDbEntity
  8
TEXTS
100
AcDbText
 10
1035.5
 20
729.62
 30
0.0
 40
10.39
  1
1
 41
0.8481471111111083
100
AcDbText
  0
TEXT
  5
17C8
330
17
100
AcDbEntity
  8
TEXTS
100
AcDbText
 10
1067.32
 20
728.7
 30
0.0
 40
10.39
  1
二次屏，见电气二次设计
 41
0.8466000000000031
100
AcDbText
  0
TEXT
  5
17C9
330
17
100
AcDbEntity
  8
TEXTS
100
AcDbText
 10
823.82
 20
707.87
 30
0.0
 40
10.39
  1
调度数据网屏2
 41
0.5733163402031328
100
AcDbText
  0
TEXT
  5
17CA
330
17
100
AcDbEntity
  8
TEXTS
100
AcDbText
 10
717.11
 20
707.87
 30
0.0
 40
10.39
  1
5P
 41
1.5905250888888904
100
AcDbText
  0
TEXT
  5
17CB
330
17
100
AcDbEntity
  8
TEXTS
100
AcDbText
 10
1035.5
 20
707.87
 30
0.0
 40
10.39
  1
1
 41
0.8481471111111083
100
AcDbText
  0
TEXT
  5
17CC
330
17
100
AcDbEntity
  8
TEXTS
100
AcDbText
 10
1067.32
 20
707.1
 30
0.0
 40
10.39
  1
二次屏，见电气二次设计
 41
0.8466000000000031
100
AcDbText
  0
TEXT
  5
17CD
330
17
100
AcDbEntity
  8
TEXTS
100
AcDbText
 10
816.47
 20
686.13
 30
0.0
 40
10.39
  1
UPS电源系统屏1
 41
0.731137454525402
100
AcDbText
  0
TEXT
  5
17CE
330
17
100
AcDbEntity
  8
TEXTS
100
AcDbText
 10
712.07
 20
686.13
 30
0.0
 40
10.39
  1
26P
 41
1.5904523555555596
100
AcDbText
  0
TEXT
  5
17CF
330
17
100
AcDbEntity
  8
TEXTS
100
AcDbText
 10
1035.5
 20
686.13
 30
0.0
 40
10.39
  1
1
 41
0.8481471111111083
100
AcDbText
  0
TEXT
  5
17D0
330
17
100
AcDbEntity
  8
TEXTS
100
AcDbText
 10
1067.32
 20
685.36
 30
0.0
 40
10.39
  1
二次屏，见电气二次设计
 41
0.8466000000000031
100
AcDbText
  0
TEXT
  5
17D1
330
17
100
AcDbEntity
  8
TEXTS
100
AcDbText
 10
163.0
 20
687.18
 30
0.0
 40
7.6
  1
1700
 41
0.7777777777777769
100
AcDbText
  0
TEXT
  5
17D2
330
17
100
AcDbEntity
  8
TEXTS
100
AcDbText
 10
200.44
 20
674.51
 30
0.0
 40
7.6
  1
17P
 41
0.7777777777777753
100
AcDbText
  0
TEXT
  5
17D3
330
17
100
AcDbEntity
  8
TEXTS
100
AcDbText
 10
223.05
 20
674.51
 30
0.0
 40
7.6
  1
18P
 41
0.7777777777777753
100
AcDbText
  0
TEXT
  5
17D4
330
17
100
AcDbEntity
  8
TEXTS
100
AcDbText
 10
245.66
 20
674.51
 30
0.0
 40
7.6
  1
19P
 41
0.7777777777777775
100
AcDbText
  0
TEXT
  5
17D5
330
17
100
AcDbEntity
  8
TEXTS
100
AcDbText
 10
268.41
 20
674.51
 30
0.0
 40
7.6
  1
20P
 41
0.7777777777777775
100
AcDbText
  0
TEXT
  5
17D6
330
17
100
AcDbEntity
  8
TEXTS
100
AcDbText
 10
291.02
 20
674.51
 30
0.0
 40
7.6
  1
21P
 41
0.7777777777777775
100
AcDbText
  0
TEXT
  5
17D7
330
17
100
AcDbEntity
  8
TEXTS
100
AcDbText
 10
313.77
 20
674.51
 30
0.0
 40
7.6
  1
22P
 41
0.7777777777777775
100
AcDbText
  0
TEXT
  5
17D8
330
17
100
AcDbEntity
  8
TEXTS
100
AcDbText
 10
336.38
 20
674.51
 30
0.0
 40
7.6
  1
23P
 41
0.7777777777777775
100
AcDbText
  0
TEXT
  5
17D9
330
17
100
AcDbEntity
  8
TEXTS
100
AcDbText
 10
359.13
 20
674.51
 30
0.0
 40
7.6
  1
24P
 41
0.7777777777777775
100
AcDbText
  0
TEXT
  5
17DA
330
17
100
AcDbEntity
  8
TEXTS
100
AcDbText
 10
381.74
 20
674.51
 30
0.0
 40
7.6
  1
25P
 41
0.7777777777777775
100
AcDbText
  0
TEXT
  5
17DB
330
17
100
AcDbEntity
  8
TEXTS
100
AcDbText
 10
404.49
 20
674.51
 30
0.0
 40
7.6
  1
26P
 41
0.7777777777777775
100
AcDbText
  0
TEXT
  5
17DC
330
17
100
AcDbEntity
  8
TEXTS
100
AcDbText
 10
427.1
 20
674.51
 30
0.0
 40
7.6
  1
27P
 41
0.7777777777777775
100
AcDbText
  0
TEXT
  5
17DD
330
17
100
AcDbEntity
  8
TEXTS
100
AcDbText
 10
449.85
 20
674.51
 30
0.0
 40
7.6
  1
28P
 41
0.7777777777777775
100
AcDbText
  0
TEXT
  5
17DE
330
17
100
AcDbEntity
  8
TEXTS
100
AcDbText
 10
814.75
 20
664.39
 30
0.0
 40
10.39
  1
UPS电源系统屏2
 41
0.7512929744966121
100
AcDbText
  0
TEXT
  5
17DF
330
17
100
AcDbEntity
  8
TEXTS
100
AcDbText
 10
712.07
 20
664.39
 30
0.0
 40
10.39
  1
27P
 41
1.5904523555555596
100
AcDbText
  0
TEXT
  5
17E0
330
17
100
AcDbEntity
  8
TEXTS
100
AcDbText
 10
1035.5
 20
664.39
 30
0.0
 40
10.39
  1
1
 41
0.8481471111111083
100
AcDbText
  0
TEXT
  5
17E1
330
17
100
AcDbEntity
  8
TEXTS
100
AcDbText
 10
1067.32
 20
663.61
 30
0.0
 40
10.39
  1
二次屏，见电气二次设计
 41
0.8466000000000031
100
AcDbText
  0
TEXT
  5
17E2
330
17
100
AcDbEntity
  8
TEXTS
100
AcDbText
 10
200.44
 20
661.69
 30
0.0
 40
7.6
  1
800
 41
0.7777777777777753
100
AcDbText
  0
TEXT
  5
17E3
330
17
100
AcDbEntity
  8
TEXTS
100
AcDbText
 10
223.05
 20
661.69
 30
0.0
 40
7.6
  1
800
 41
0.7777777777777753
100
AcDbText
  0
TEXT
  5
17E4
330
17
100
AcDbEntity
  8
TEXTS
100
AcDbText
 10
245.8
 20
661.69
 30
0.0
 40
7.6
  1
800
 41
0.7777777777777775
100
AcDbText
  0
TEXT
  5
17E5
330
17
100
AcDbEntity
  8
TEXTS
100
AcDbText
 10
268.41
 20
661.69
 30
0.0
 40
7.6
  1
800
 41
0.7777777777777775
100
AcDbText
  0
TEXT
  5
17E6
330
17
100
AcDbEntity
  8
TEXTS
100
AcDbText
 10
291.16
 20
661.69
 30
0.0
 40
7.6
  1
800
 41
0.7777777777777775
100
AcDbText
  0
TEXT
  5
17E7
330
17
100
AcDbEntity
  8
TEXTS
100
AcDbText
 10
313.77
 20
661.69
 30
0.0
 40
7.6
  1
800
 41
0.7777777777777775
100
AcDbText
  0
TEXT
  5
17E8
330
17
100
AcDbEntity
  8
TEXTS
100
AcDbText
 10
336.52
 20
661.69
 30
0.0
 40
7.6
  1
800
 41
0.7777777777777775
100
AcDbText
  0
TEXT
  5
17E9
330
17
100
AcDbEntity
  8
TEXTS
100
AcDbText
 10
359.13
 20
661.69
 30
0.0
 40
7.6
  1
800
 41
0.7777777777777775
100
AcDbText
  0
TEXT
  5
17EA
330
17
100
AcDbEntity
  8
TEXTS
100
AcDbText
 10
381.88
 20
661.69
 30
0.0
 40
7.6
  1
800
 41
0.7777777777777775
100
AcDbText
  0
TEXT
  5
17EB
330
17
100
AcDbEntity
  8
TEXTS
100
AcDbText
 10
404.49
 20
661.69
 30
0.0
 40
7.6
  1
800
 41
0.7777777777777775
100
AcDbText
  0
TEXT
  5
17EC
330
17
100
AcDbEntity
  8
TEXTS
100
AcDbText
 10
427.24
 20
661.69
 30
0.0
 40
7.6
  1
800
 41
0.7777777777777775
100
AcDbText
  0
TEXT
  5
17ED
330
17
100
AcDbEntity
  8
TEXTS
100
AcDbText
 10
449.85
 20
661.69
 30
0.0
 40
7.6
  1
800
 41
0.7777777777777775
100
AcDbText
  0
TEXT
  5
17EE
330
17
100
AcDbEntity
  8
TEXTS
100
AcDbText
 10
804.67
 20
642.64
 30
0.0
 40
10.39
  1
220kV光纤复用接口屏1
 41
0.7248312354228397
100
AcDbText
  0
TEXT
  5
17EF
330
17
100
AcDbEntity
  8
TEXTS
100
AcDbText
 10
709.63
 20
642.64
 30
0.0
 40
10.39
  1
108P
 41
1.3916081111111145
100
AcDbText
  0
TEXT
  5
17F0
330
17
100
AcDbEntity
  8
TEXTS
100
AcDbText
 10
1035.5
 20
642.64
 30
0.0
 40
10.39
  1
1
 41
0.8481471111111083
100
AcDbText
  0
TEXT
  5
17F1
330
17
100
AcDbEntity
  8
TEXTS
100
AcDbText
 10
1067.32
 20
641.87
 30
0.0
 40
10.39
  1
二次屏，见电气二次设计
 41
0.8466000000000031
100
AcDbText
  0
TEXT
  5
17F2
330
17
100
AcDbEntity
  8
TEXTS
100
AcDbText
 10
803.08
 20
620.9
 30
0.0
 40
10.39
  1
220kV光纤复用接口屏2
 41
0.7373272005368263
100
AcDbText
  0
TEXT
  5
17F3
330
17
100
AcDbEntity
  8
TEXTS
100
AcDbText
 10
709.63
 20
620.9
 30
0.0
 40
10.39
  1
109P
 41
1.3916081111111145
100
AcDbText
  0
TEXT
  5
17F4
330
17
100
AcDbEntity
  8
TEXTS
100
AcDbText
 10
1035.5
 20
620.9
 30
0.0
 40
10.39
  1
1
 41
0.8481471111111083
100
AcDbText
  0
TEXT
  5
17F5
330
17
100
AcDbEntity
  8
TEXTS
100
AcDbText
 10
1067.32
 20
620.13
 30
0.0
 40
10.39
  1
二次屏，见电气二次设计
 41
0.8466000000000031
100
AcDbText
  0
TEXT
  5
17F6
330
17
100
AcDbEntity
  8
TEXTS
100
AcDbText
 10
200.3
 20
617.77
 30
0.0
 40
7.6
  1
40P
 41
0.7777777777777753
100
AcDbText
  0
TEXT
  5
17F7
330
17
100
AcDbEntity
  8
TEXTS
100
AcDbText
 10
223.34
 20
617.77
 30
0.0
 40
7.6
  1
39P
 41
0.7777777777777753
100
AcDbText
  0
TEXT
  5
17F8
330
17
100
AcDbEntity
  8
TEXTS
100
AcDbText
 10
245.37
 20
617.77
 30
0.0
 40
7.6
  1
38P
 41
0.7777777777777775
100
AcDbText
  0
TEXT
  5
17F9
330
17
100
AcDbEntity
  8
TEXTS
100
AcDbText
 10
268.41
 20
617.77
 30
0.0
 40
7.6
  1
37P
 41
0.7777777777777775
100
AcDbText
  0
TEXT
  5
17FA
330
17
100
AcDbEntity
  8
TEXTS
100
AcDbText
 10
291.02
 20
617.77
 30
0.0
 40
7.6
  1
36P
 41
0.7777777777777775
100
AcDbText
  0
TEXT
  5
17FB
330
17
100
AcDbEntity
  8
TEXTS
100
AcDbText
 10
313.77
 20
617.77
 30
0.0
 40
7.6
  1
35P
 41
0.7777777777777775
100
AcDbText
  0
TEXT
  5
17FC
330
17
100
AcDbEntity
  8
TEXTS
100
AcDbText
 10
336.38
 20
617.77
 30
0.0
 40
7.6
  1
34P
 41
0.7777777777777775
100
AcDbText
  0
TEXT
  5
17FD
330
17
100
AcDbEntity
  8
TEXTS
100
AcDbText
 10
359.13
 20
617.77
 30
0.0
 40
7.6
  1
33P
 41
0.7777777777777775
100
AcDbText
  0
TEXT
  5
17FE
330
17
100
AcDbEntity
  8
TEXTS
100
AcDbText
 10
381.74
 20
617.77
 30
0.0
 40
7.6
  1
32P
 41
0.7777777777777775
100
AcDbText
  0
TEXT
  5
17FF
330
17
100
AcDbEntity
  8
TEXTS
100
AcDbText
 10
404.49
 20
617.77
 30
0.0
 40
7.6
  1
31P
 41
0.7777777777777775
100
AcDbText
  0
TEXT
  5
1800
330
17
100
AcDbEntity
  8
TEXTS
100
AcDbText
 10
427.1
 20
617.77
 30
0.0
 40
7.6
  1
30P
 41
0.7777777777777775
100
AcDbText
  0
TEXT
  5
1801
330
17
100
AcDbEntity
  8
TEXTS
100
AcDbText
 10
449.85
 20
617.77
 30
0.0
 40
7.6
  1
29P
 41
0.7777777777777775
100
AcDbText
  0
TEXT
  5
1802
330
17
100
AcDbEntity
  8
TEXTS
100
AcDbText
 10
807.4
 20
599.15
 30
0.0
 40
10.39
  1
110kV光纤复用接口屏
 41
0.6792283449262809
100
AcDbText
  0
TEXT
  5
1803
330
17
100
AcDbEntity
  8
TEXTS
100
AcDbText
 10
711.21
 20
599.15
 30
0.0
 40
10.39
  1
110P
 41
1.2590709166666687
100
AcDbText
  0
TEXT
  5
1804
330
17
100
AcDbEntity
  8
TEXTS
100
AcDbText
 10
1035.5
 20
599.15
 30
0.0
 40
10.39
  1
1
 41
0.8481471111111083
100
AcDbText
  0
TEXT
  5
1805
330
17
100
AcDbEntity
  8
TEXTS
100
AcDbText
 10
1067.32
 20
598.38
 30
0.0
 40
10.39
  1
二次屏，见电气二次设计
 41
0.8466000000000031
100
AcDbText
  0
TEXT
  5
1806
330
17
100
AcDbEntity
  8
TEXTS
100
AcDbText
 10
828.14
 20
577.41
 30
0.0
 40
10.39
  1
通信电源屏1
 41
0.5580409057991608
100
AcDbText
  0
TEXT
  5
1807
330
17
100
AcDbEntity
  8
TEXTS
100
AcDbText
 10
1097.27
 20
578.37
 30
0.0
 40
10.39
  1
由电气二次开列
 41
0.509028000000003
100
AcDbText
  0
TEXT
  5
1808
330
17
100
AcDbEntity
  8
TEXTS
100
AcDbText
 10
712.07
 20
577.41
 30
0.0
 40
10.39
  1
111P
 41
1.192804913888894
100
AcDbText
  0
TEXT
  5
1809
330
17
100
AcDbEntity
  8
TEXTS
100
AcDbText
 10
1035.5
 20
577.41
 30
0.0
 40
10.39
  1
1
 41
0.8481471111111083
100
AcDbText
  0
TEXT
  5
180A
330
17
100
AcDbEntity
  8
TEXTS
100
AcDbText
 10
828.14
 20
555.67
 30
0.0
 40
10.39
  1
通信馈线屏1
 41
0.5580409057991608
100
AcDbText
  0
TEXT
  5
180B
330
17
100
AcDbEntity
  8
TEXTS
100
AcDbText
 10
1097.27
 20
556.62
 30
0.0
 40
10.39
  1
由电气二次开列
 41
0.509028000000003
100
AcDbText
  0
TEXT
  5
180C
330
17
100
AcDbEntity
  8
TEXTS
100
AcDbText
 10
710.49
 20
555.67
 30
0.0
 40
10.39
  1
112P
 41
1.325333027777781
100
AcDbText
  0
TEXT
  5
180D
330
17
100
AcDbEntity
  8
TEXTS
100
AcDbText
 10
1035.5
 20
555.67
 30
0.0
 40
10.39
  1
1
 41
0.8481471111111083
100
AcDbText
  0
TEXT
  5
180E
330
17
100
AcDbEntity
  8
TEXTS
100
AcDbText
 10
191.8
 20
558.3
 30
0.0
 40
7.6
  1
41P 42P 43P 44P 45P 46P 47P 48P 49P
 41
1.0377542074781454
100
AcDbText
  0
TEXT
  5
180F
330
17
100
AcDbEntity
  8
TEXTS
100
AcDbText
 10
344.87
 20
558.3
 30
0.0
 40
7.6
  1
50P
 41
0.7777777777777775
100
AcDbText
  0
TEXT
  5
1810
330
17
100
AcDbEntity
  8
TEXTS
100
AcDbText
 10
365.47
 20
558.3
 30
0.0
 40
7.6
  1
51P
 41
0.7777777777777775
100
AcDbText
  0
TEXT
  5
1811
330
17
100
AcDbEntity
  8
TEXTS
100
AcDbText
 10
384.62
 20
558.3
 30
0.0
 40
7.6
  1
52P 53P 54P 55P 56P
100
AcDbText
  0
TEXT
  5
1812
330
17
100
AcDbEntity
  8
TEXTS
100
AcDbText
 10
364.75
 20
541.74
 30
0.0
 40
7.6
  1
800
 41
0.7777777777777775
100
AcDbText
  0
TEXT
  5
1813
330
17
100
AcDbEntity
  8
TEXTS
100
AcDbText
 10
826.41
 20
533.92
 30
0.0
 40
10.39
  1
通信馈线屏2
 41
0.5853770019515934
100
AcDbText
  0
TEXT
  5
1814
330
17
100
AcDbEntity
  8
TEXTS
100
AcDbText
 10
1097.27
 20
534.88
 30
0.0
 40
10.39
  1
由电气二次开列
 41
0.509028000000003
100
AcDbText
  0
TEXT
  5
1815
330
17
100
AcDbEntity
  8
TEXTS
100
AcDbText
 10
710.49
 20
533.92
 30
0.0
 40
10.39
  1
113P
 41
1.325333027777781
100
AcDbText
  0
TEXT
  5
1816
330
17
100
AcDbEntity
  8
TEXTS
100
AcDbText
 10
1035.5
 20
533.92
 30
0.0
 40
10.39
  1
1
 41
0.8481471111111083
100
AcDbText
  0
TEXT
  5
1817
330
17
100
AcDbEntity
  8
TEXTS
100
AcDbText
 10
826.41
 20
512.18
 30
0.0
 40
10.39
  1
通信电源屏2
 41
0.5853770019515934
100
AcDbText
  0
TEXT
  5
1818
330
17
100
AcDbEntity
  8
TEXTS
100
AcDbText
 10
1097.27
 20
513.13
 30
0.0
 40
10.39
  1
由电气二次开列
 41
0.509028000000003
100
AcDbText
  0
TEXT
  5
1819
330
17
100
AcDbEntity
  8
TEXTS
100
AcDbText
 10
710.49
 20
512.18
 30
0.0
 40
10.39
  1
114P
 41
1.325333027777781
100
AcDbText
  0
TEXT
  5
181A
330
17
100
AcDbEntity
  8
TEXTS
100
AcDbText
 10
1035.5
 20
512.18
 30
0.0
 40
10.39
  1
1
 41
0.8481471111111083
100
AcDbText
  0
TEXT
  5
181B
330
17
100
AcDbEntity
  8
TEXTS
100
AcDbText
 10
197.56
 20
495.95
 30
0.0
 40
7.6
  1
72P 71P 70P 69P 68P 67P 66P 65P 64P
 41
1.0377542074781447
100
AcDbText
  0
TEXT
  5
181C
330
17
100
AcDbEntity
  8
TEXTS
100
AcDbText
 10
350.63
 20
495.95
 30
0.0
 40
7.6
  1
63P 62P 61P 60P 59P 58P 57P
 41
1.0299588356626466
100
AcDbText
  0
TEXT
  5
181D
330
17
100
AcDbEntity
  8
TEXTS
100
AcDbText
 10
829.29
 20
491.39
 30
0.0
 40
10.39
  1
通信备用屏
 41
0.5090279999999984
100
AcDbText
  0
TEXT
  5
181E
330
17
100
AcDbEntity
  8
TEXTS
100
AcDbText
 10
1089.07
 20
490.43
 30
0.0
 40
10.39
  1
600宽，远期预留
 41
0.6726083005596266
100
AcDbText
  0
TEXT
  5
181F
330
17
100
AcDbEntity
  8
TEXTS
100
AcDbText
 10
710.49
 20
490.43
 30
0.0
 40
10.39
  1
115P
 41
1.325333027777776
100
AcDbText
  0
TEXT
  5
1820
330
17
100
AcDbEntity
  8
TEXTS
100
AcDbText
 10
1035.21
 20
490.43
 30
0.0
 40
10.39
  1
1
 41
1.0601845066666609
100
AcDbText
  0
TEXT
  5
1821
330
17
100
AcDbEntity
  8
TEXTS
100
AcDbText
 10
829.29
 20
469.79
 30
0.0
 40
10.39
  1
通信备用屏
 41
0.5090279999999984
100
AcDbText
  0
TEXT
  5
1822
330
17
100
AcDbEntity
  8
TEXTS
100
AcDbText
 10
1089.07
 20
468.83
 30
0.0
 40
10.39
  1
800宽，远期预留
 41
0.6726083005596266
100
AcDbText
  0
TEXT
  5
1823
330
17
100
AcDbEntity
  8
TEXTS
100
AcDbText
 10
710.49
 20
468.83
 30
0.0
 40
10.39
  1
116P
 41
1.325333027777776
100
AcDbText
  0
TEXT
  5
1824
330
17
100
AcDbEntity
  8
TEXTS
100
AcDbText
 10
1035.21
 20
468.83
 30
0.0
 40
10.39
  1
1
 41
1.0601845066666609
100
AcDbText
  0
TEXT
  5
1825
330
17
100
AcDbEntity
  8
TEXTS
100
AcDbText
 10
817.19
 20
447.09
 30
0.0
 40
10.39
  1
ODF配线架
 41
0.9358989551830411
100
AcDbText
  0
TEXT
  5
1826
330
17
100
AcDbEntity
  8
TEXTS
100
AcDbText
 10
863.85
 20
447.09
 30
0.0
 40
10.39
  1
-1
 41
0.6509544455555561
100
AcDbText
  0
TEXT
  5
1827
330
17
100
AcDbEntity
  8
TEXTS
100
AcDbText
 10
934.27
 20
447.09
 30
0.0
 40
10.39
  1
ODF（480芯）
 41
0.8966852477556795
100
AcDbText
  0
TEXT
  5
1828
330
17
100
AcDbEntity
  8
TEXTS
100
AcDbText
 10
1035.5
 20
447.09
 30
0.0
 40
10.39
  1
1
 41
0.8481471111111049
100
AcDbText
  0
TEXT
  5
1829
330
17
100
AcDbEntity
  8
TEXTS
100
AcDbText
 10
1102.17
 20
447.09
 30
0.0
 40
10.39
  1
800宽
 41
0.958743411079372
100
AcDbText
  0
TEXT
  5
182A
330
17
100
AcDbEntity
  8
TEXTS
100
AcDbText
 10
664.41
 20
445.49
 30
0.0
 40
8.91
  1
*
 41
0.9691805333333425
100
AcDbText
  0
TEXT
  5
182B
330
17
100
AcDbEntity
  8
TEXTS
100
AcDbText
 10
710.49
 20
447.09
 30
0.0
 40
10.39
  1
117P
 41
1.325333027777776
100
AcDbText
  0
TEXT
  5
182C
330
17
100
AcDbEntity
  8
TEXTS
100
AcDbText
 10
197.56
 20
442.09
 30
0.0
 40
7.6
  1
73P 74P 75P 76P 77P 78P 79P 80P 81P
 41
1.0377542074781447
100
AcDbText
  0
TEXT
  5
182D
330
17
100
AcDbEntity
  8
TEXTS
100
AcDbText
 10
350.63
 20
442.09
 30
0.0
 40
7.6
  1
82P 83P 84P 85P 86P 87P 88P
 41
1.0299588356626466
100
AcDbText
  0
TEXT
  5
182E
330
17
100
AcDbEntity
  8
TEXTS
100
AcDbText
 10
815.47
 20
425.35
 30
0.0
 40
10.39
  1
ODF配线架
 41
0.962592978720845
100
AcDbText
  0
TEXT
  5
182F
330
17
100
AcDbEntity
  8
TEXTS
100
AcDbText
 10
863.42
 20
425.35
 30
0.0
 40
10.39
  1
-2
 41
0.668912245555551
100
AcDbText
  0
TEXT
  5
1830
330
17
100
AcDbEntity
  8
TEXTS
100
AcDbText
 10
934.27
 20
425.35
 30
0.0
 40
10.39
  1
ODF（480芯）
 41
0.8966852477556795
100
AcDbText
  0
TEXT
  5
1831
330
17
100
AcDbEntity
  8
TEXTS
100
AcDbText
 10
1035.5
 20
425.35
 30
0.0
 40
10.39
  1
1
 41
0.8481471111111049
100
AcDbText
  0
TEXT
  5
1832
330
17
100
AcDbEntity
  8
TEXTS
100
AcDbText
 10
1102.17
 20
425.35
 30
0.0
 40
10.39
  1
800宽
 41
0.958743411079372
100
AcDbText
  0
TEXT
  5
1833
330
17
100
AcDbEntity
  8
TEXTS
100
AcDbText
 10
664.41
 20
421.73
 30
0.0
 40
8.91
  1
*
 41
0.9691805333333425
100
AcDbText
  0
TEXT
  5
1834
330
17
100
AcDbEntity
  8
TEXTS
100
AcDbText
 10
710.49
 20
425.35
 30
0.0
 40
10.39
  1
118P
 41
1.325333027777776
100
AcDbText
  0
TEXT
  5
1835
330
17
100
AcDbEntity
  8
TEXTS
100
AcDbText
 10
803.8
 20
403.6
 30
0.0
 40
10.39
  1
数据通信网设备及IAD设备屏
 41
0.5827184694409423
100
AcDbText
  0
TEXT
  5
1836
330
17
100
AcDbEntity
  8
TEXTS
100
AcDbText
 10
1035.5
 20
403.6
 30
0.0
 40
10.39
  1
1
 41
0.8481471111111049
100
AcDbText
  0
TEXT
  5
1837
330
17
100
AcDbEntity
  8
TEXTS
100
AcDbText
 10
1090.94
 20
403.6
 30
0.0
 40
10.39
  1
交流，1000深
 41
0.7481808632013286
100
AcDbText
  0
TEXT
  5
1838
330
17
100
AcDbEntity
  8
TEXTS
100
AcDbText
 10
664.41
 20
400.27
 30
0.0
 40
8.91
  1
*
 41
0.9691805333333425
100
AcDbText
  0
TEXT
  5
1839
330
17
100
AcDbEntity
  8
TEXTS
100
AcDbText
 10
710.49
 20
403.6
 30
0.0
 40
10.39
  1
119P
 41
1.325333027777776
100
AcDbText
  0
TEXT
  5
183A
330
17
100
AcDbEntity
  8
TEXTS
100
AcDbText
 10
804.95
 20
381.86
 30
0.0
 40
10.39
  1
省网A1平面SDH设备屏
 41
0.7225934450784187
100
AcDbText
  0
TEXT
  5
183B
330
17
100
AcDbEntity
  8
TEXTS
100
AcDbText
 10
936.43
 20
381.86
 30
0.0
 40
10.39
  1
华为E9624X
 41
0.9547657525188248
100
AcDbText
  0
TEXT
  5
183C
330
17
100
AcDbEntity
  8
TEXTS
100
AcDbText
 10
1035.5
 20
381.86
 30
0.0
 40
10.39
  1
1
 41
0.8481471111111049
100
AcDbText
  0
TEXT
  5
183D
330
17
100
AcDbEntity
  8
TEXTS
100
AcDbText
 10
664.41
 20
377.67
 30
0.0
 40
8.91
  1
*
 41
0.9691805333333425
100
AcDbText
  0
TEXT
  5
183E
330
17
100
AcDbEntity
  8
TEXTS
100
AcDbText
 10
709.63
 20
381.86
 30
0.0
 40
10.39
  1
120P
 41
1.391608111111109
100
AcDbText
  0
TEXT
  5
183F
330
17
100
AcDbEntity
  8
TEXTS
100
AcDbText
 10
195.83
 20
385.35
 30
0.0
 40
7.6
  1
104P103P102P101P100P 99P 98P 97P 96P 95P 94P 93P 92P 91P 90P 89P
100
AcDbText
  0
TEXT
  5
1840
330
17
100
AcDbEntity
  8
TEXTS
100
AcDbText
 10
804.23
 20
356.37
 30
0.0
 40
10.39
  1
省网A2平面SDH设备屏
 41
0.7378977076747093
100
AcDbText
  0
TEXT
  5
1841
330
17
100
AcDbEntity
  8
TEXTS
100
AcDbText
 10
943.63
 20
356.37
 30
0.0
 40
10.39
  1
中兴S385
 41
0.8899471496735938
100
AcDbText
  0
TEXT
  5
1842
330
17
100
AcDbEntity
  8
TEXTS
100
AcDbText
 10
1035.5
 20
356.37
 30
0.0
 40
10.39
  1
1
 41
0.8481471111111049
100
AcDbText
  0
TEXT
  5
1843
330
17
100
AcDbEntity
  8
TEXTS
100
AcDbText
 10
664.41
 20
354.91
 30
0.0
 40
8.91
  1
*
 41
0.9691805333333425
100
AcDbText
  0
TEXT
  5
1844
330
17
100
AcDbEntity
  8
TEXTS
100
AcDbText
 10
710.49
 20
356.37
 30
0.0
 40
10.39
  1
121P
 41
1.325333027777776
100
AcDbText
  0
TEXT
  5
1845
330
17
100
AcDbEntity
  8
TEXTS
100
AcDbText
 10
823.24
 20
331.84
 30
0.0
 40
10.39
  1
数字配线架
 41
0.691477333333332
100
AcDbText
  0
TEXT
  5
1846
330
17
100
AcDbEntity
  8
TEXTS
100
AcDbText
 10
859.24
 20
330.88
 30
0.0
 40
10.39
  1
-1
 41
0.5122694577777827
100
AcDbText
  0
TEXT
  5
1847
330
17
100
AcDbEntity
  8
TEXTS
100
AcDbText
 10
932.54
 20
330.88
 30
0.0
 40
10.39
  1
DDF（160系统）
 41
0.8226921836473797
100
AcDbText
  0
TEXT
  5
1848
330
17
100
AcDbEntity
  8
TEXTS
100
AcDbText
 10
1035.5
 20
330.88
 30
0.0
 40
10.39
  1
1
 41
0.8481471111111049
100
AcDbText
  0
TEXT
  5
1849
330
17
100
AcDbEntity
  8
TEXTS
100
AcDbText
 10
664.41
 20
329.28
 30
0.0
 40
8.91
  1
*
 41
0.9691805333333425
100
AcDbText
  0
TEXT
  5
184A
330
17
100
AcDbEntity
  8
TEXTS
100
AcDbText
 10
708.76
 20
330.88
 30
0.0
 40
10.39
  1
122P
 41
1.457870222222221
100
AcDbText
  0
TEXT
  5
184B
330
17
100
AcDbEntity
  8
TEXTS
100
AcDbText
 10
1105.05
 20
330.25
 30
0.0
 40
10.39
  1
省网
 41
1.0604746666666596
100
AcDbText
  0
TEXT
  5
184C
330
17
100
AcDbEntity
  8
TEXTS
100
AcDbText
 10
197.85
 20
320.27
 30
0.0
 40
7.6
  1
105P 106P
 41
0.9269086974007962
100
AcDbText
  0
TEXT
  5
184D
330
17
100
AcDbEntity
  8
TEXTS
100
AcDbText
 10
243.21
 20
320.27
 30
0.0
 40
7.6
  1
107P 108P109P110P111P112P113P114P115P 116P
 41
0.9268276434076793
100
AcDbText
  0
TEXT
  5
184E
330
17
100
AcDbEntity
  8
TEXTS
100
AcDbText
 10
425.23
 20
320.27
 30
0.0
 40
7.6
  1
117P
 41
0.7777777777777785
100
AcDbText
  0
TEXT
  5
184F
330
17
100
AcDbEntity
  8
TEXTS
100
AcDbText
 10
447.83
 20
320.27
 30
0.0
 40
7.6
  1
118P
 41
0.7777777777777785
100
AcDbText
  0
TEXT
  5
1850
330
17
100
AcDbEntity
  8
TEXTS
100
AcDbText
 10
818.78
 20
306.21
 30
0.0
 40
10.39
  1
省网光电一体设备屏
 41
0.5090279999999986
100
AcDbText
  0
TEXT
  5
1851
330
17
100
AcDbEntity
  8
TEXTS
100
AcDbText
 10
664.41
 20
305.52
 30
0.0
 40
8.91
  1
*
 41
0.9691805333333425
100
AcDbText
  0
TEXT
  5
1852
330
17
100
AcDbEntity
  8
TEXTS
100
AcDbText
 10
708.76
 20
305.25
 30
0.0
 40
10.39
  1
123P
 41
1.457870222222221
100
AcDbText
  0
TEXT
  5
1853
330
17
100
AcDbEntity
  8
TEXTS
100
AcDbText
 10
928.22
 20
305.25
 30
0.0
 40
10.39
  1
MDP-3000D
 41
1.2992764360493805
100
AcDbText
  0
TEXT
  5
1854
330
17
100
AcDbEntity
  8
TEXTS
100
AcDbText
 10
1035.5
 20
305.25
 30
0.0
 40
10.39
  1
1
 41
0.8481471111111049
100
AcDbText
  0
TEXT
  5
1855
330
17
100
AcDbEntity
  8
TEXTS
100
AcDbText
 10
200.44
 20
307.45
 30
0.0
 40
7.6
  1
800
 41
0.7777777777777753
100
AcDbText
  0
TEXT
  5
1856
330
17
100
AcDbEntity
  8
TEXTS
100
AcDbText
 10
223.05
 20
307.45
 30
0.0
 40
7.6
  1
800
 41
0.7777777777777753
100
AcDbText
  0
TEXT
  5
1857
330
17
100
AcDbEntity
  8
TEXTS
100
AcDbText
 10
245.8
 20
307.45
 30
0.0
 40
7.6
  1
800
 41
0.7777777777777775
100
AcDbText
  0
TEXT
  5
1858
330
17
100
AcDbEntity
  8
TEXTS
100
AcDbText
 10
431.42
 20
300.19
 30
0.0
 40
8.91
  1
*
 41
0.9691805333333319
100
AcDbText
  0
TEXT
  5
1859
330
17
100
AcDbEntity
  8
TEXTS
100
AcDbText
 10
454.17
 20
299.91
 30
0.0
 40
8.91
  1
*
 41
0.9691805333333319
100
AcDbText
  0
TEXT
  5
185A
330
17
100
AcDbEntity
  8
TEXTS
100
AcDbText
 10
829.29
 20
284.46
 30
0.0
 40
10.39
  1
音配配线架
 41
0.5090279999999984
100
AcDbText
  0
TEXT
  5
185B
330
17
100
AcDbEntity
  8
TEXTS
100
AcDbText
 10
934.55
 20
283.51
 30
0.0
 40
10.39
  1
VDF（200回）
 41
0.887289670802125
100
AcDbText
  0
TEXT
  5
185C
330
17
100
AcDbEntity
  8
TEXTS
100
AcDbText
 10
1035.5
 20
283.51
 30
0.0
 40
10.39
  1
1
 41
0.8481471111111049
100
AcDbText
  0
TEXT
  5
185D
330
17
100
AcDbEntity
  8
TEXTS
100
AcDbText
 10
664.41
 20
284.07
 30
0.0
 40
8.91
  1
*
 41
0.9691805333333425
100
AcDbText
  0
TEXT
  5
185E
330
17
100
AcDbEntity
  8
TEXTS
100
AcDbText
 10
708.76
 20
283.51
 30
0.0
 40
10.39
  1
124P
 41
1.457870222222221
100
AcDbText
  0
TEXT
  5
185F
330
17
100
AcDbEntity
  8
TEXTS
100
AcDbText
 10
370.94
 20
275.28
 30
0.0
 40
8.91
  1
*
 41
0.9691805333333319
100
AcDbText
  0
TEXT
  5
1860
330
17
100
AcDbEntity
  8
TEXTS
100
AcDbText
 10
386.78
 20
275.43
 30
0.0
 40
8.91
  1
*
 41
0.9691805333333319
100
AcDbText
  0
TEXT
  5
1861
330
17
100
AcDbEntity
  8
TEXTS
100
AcDbText
 10
404.78
 20
275.28
 30
0.0
 40
8.91
  1
*
 41
0.9691805333333319
100
AcDbText
  0
TEXT
  5
1862
330
17
100
AcDbEntity
  8
TEXTS
100
AcDbText
 10
420.47
 20
274.99
 30
0.0
 40
8.91
  1
*
 41
0.9691805333333319
100
AcDbText
  0
TEXT
  5
1863
330
17
100
AcDbEntity
  8
TEXTS
100
AcDbText
 10
437.75
 20
274.99
 30
0.0
 40
8.91
  1
*
 41
0.9691805333333319
100
AcDbText
  0
TEXT
  5
1864
330
17
100
AcDbEntity
  8
TEXTS
100
AcDbText
 10
455.18
 20
275.14
 30
0.0
 40
8.91
  1
*
 41
0.9691805333333319
100
AcDbText
  0
TEXT
  5
1865
330
17
100
AcDbEntity
  8
TEXTS
100
AcDbText
 10
939.02
 20
262.86
 30
0.0
 40
10.39
  1
阿尔卡特
 41
0.844333333333331
100
AcDbText
  0
TEXT
  5
1866
330
17
100
AcDbEntity
  8
TEXTS
100
AcDbText
 10
941.47
 20
245.35
 30
0.0
 40
10.39
  1
CSS-16
 41
1.242105526666666
100
AcDbText
  0
TEXT
  5
1867
330
17
100
AcDbEntity
  8
TEXTS
100
AcDbText
 10
974.15
 20
261.91
 30
0.0
 40
10.39
  1
1660
 41
0.7824155555555575
100
AcDbText
  0
TEXT
  5
1868
330
17
100
AcDbEntity
  8
TEXTS
100
AcDbText
 10
1035.5
 20
253.55
 30
0.0
 40
10.39
  1
1
 41
0.8481471111111066
100
AcDbText
  0
TEXT
  5
1869
330
17
100
AcDbEntity
  8
TEXTS
100
AcDbText
 10
195.83
 20
263.39
 30
0.0
 40
7.6
  1
134P133P132P131P130P129P128P127P126P125P124P123P122P121P120P119P
 41
0.9213250052451608
100
AcDbText
  0
TEXT
  5
186A
330
17
100
AcDbEntity
  8
TEXTS
100
AcDbText
 10
817.34
 20
253.55
 30
0.0
 40
10.39
  1
地网SDH设备屏
 41
0.7115140155240078
100
AcDbText
  0
TEXT
  5
186B
330
17
100
AcDbEntity
  8
TEXTS
100
AcDbText
 10
664.41
 20
252.24
 30
0.0
 40
8.91
  1
*
 41
0.9691805333333401
100
AcDbText
  0
TEXT
  5
186C
330
17
100
AcDbEntity
  8
TEXTS
100
AcDbText
 10
708.76
 20
253.55
 30
0.0
 40
10.39
  1
125P
 41
1.457870222222224
100
AcDbText
  0
TEXT
  5
186D
330
17
100
AcDbEntity
  8
TEXTS
100
AcDbText
 10
821.51
 20
227.87
 30
0.0
 40
10.39
  1
数字配线架
 41
0.716173333333333
100
AcDbText
  0
TEXT
  5
186E
330
17
100
AcDbEntity
  8
TEXTS
100
AcDbText
 10
858.81
 20
226.91
 30
0.0
 40
10.39
  1
-2
 41
0.530565077777777
100
AcDbText
  0
TEXT
  5
186F
330
17
100
AcDbEntity
  8
TEXTS
100
AcDbText
 10
935.56
 20
226.91
 30
0.0
 40
10.39
  1
DDF（64系统）
 41
0.8101481603423316
100
AcDbText
  0
TEXT
  5
1870
330
17
100
AcDbEntity
  8
TEXTS
100
AcDbText
 10
664.41
 20
224.88
 30
0.0
 40
8.91
  1
*
 41
0.9691805333333425
100
AcDbText
  0
TEXT
  5
1871
330
17
100
AcDbEntity
  8
TEXTS
100
AcDbText
 10
708.76
 20
226.91
 30
0.0
 40
10.39
  1
126P
 41
1.457870222222224
100
AcDbText
  0
TEXT
  5
1872
330
17
100
AcDbEntity
  8
TEXTS
100
AcDbText
 10
1105.34
 20
226.14
 30
0.0
 40
10.39
  1
地网
 41
1.0604746666666596
100
AcDbText
  0
TEXT
  5
1873
330
17
100
AcDbEntity
  8
TEXTS
100
AcDbText
 10
818.63
 20
206.13
 30
0.0
 40
10.39
  1
地网光电一体设备屏
 41
0.5090279999999986
100
AcDbText
  0
TEXT
  5
1874
330
17
100
AcDbEntity
  8
TEXTS
100
AcDbText
 10
663.4
 20
203.71
 30
0.0
 40
8.91
  1
*
 41
0.9691805333333425
100
AcDbText
  0
TEXT
  5
1875
330
17
100
AcDbEntity
  8
TEXTS
100
AcDbText
 10
708.76
 20
205.17
 30
0.0
 40
10.39
  1
127P
 41
1.457870222222224
100
AcDbText
  0
TEXT
  5
1876
330
17
100
AcDbEntity
  8
TEXTS
100
AcDbText
 10
928.22
 20
205.17
 30
0.0
 40
10.39
  1
MDP-3000D
 41
1.2992764360493831
100
AcDbText
  0
TEXT
  5
1877
330
17
100
AcDbEntity
  8
TEXTS
100
AcDbText
 10
1035.5
 20
205.17
 30
0.0
 40
10.39
  1
1
 41
0.8481471111111066
100
AcDbText
  0
TEXT
  5
1878
330
17
100
AcDbEntity
  8
TEXTS
100
AcDbText
 10
829.29
 20
184.38
 30
0.0
 40
10.39
  1
通信备用屏
 41
0.5090279999999984
100
AcDbText
  0
TEXT
  5
1879
330
17
100
AcDbEntity
  8
TEXTS
100
AcDbText
 10
1105.63
 20
184.38
 30
0.0
 40
10.39
  1
远期预留
 41
0.5090280000000017
100
AcDbText
  0
TEXT
  5
187A
330
17
100
AcDbEntity
  8
TEXTS
100
AcDbText
 10
685.58
 20
183.43
 30
0.0
 40
10.39
  1
128P~134P
 41
1.4726378222222236
100
AcDbText
  0
TEXT
  5
187B
330
17
100
AcDbEntity
  8
TEXTS
100
AcDbText
 10
1031.03
 20
183.43
 30
0.0
 40
10.39
  1
10
 41
1.1927077244444455
100
AcDbText
  0
TEXT
  5
187C
330
17
100
AcDbEntity
  8
TEXTS
100
AcDbText
 10
206.49
 20
152.42
 30
0.0
 40
7.48
  1
*
 41
0.7268836711111132
100
AcDbText
  0
TEXT
  5
187D
330
17
100
AcDbEntity
  8
TEXTS
100
AcDbText
 10
230.68
 20
139.45
 30
0.0
 40
10.39
  1
本期新上通信屏柜
 41
0.3817706666666662
100
AcDbText
  0
TEXT
  5
187E
330
17
100
AcDbEntity
  8
TEXTS
100
AcDbText
 10
347.61
 20
139.45
 30
0.0
 40
10.39
  1
通信备用屏柜
 41
0.3817706666666664
100
AcDbText
  0
TEXT
  5
187F
330
17
100
AcDbEntity
  8
TEXTS
100
AcDbText
 10
463.67
 20
139.45
 30
0.0
 40
10.39
  1
二次屏柜
 41
0.3817706666666669
100
AcDbText
  0
TEXT
  5
1880
330
17
100
AcDbEntity
  8
TEXTS
100
AcDbText
 10
699.83
 20
127.55
 30
0.0
 40
17.78
  1
湖南经研电力设计有限公司
 41
1.0363698430438792
100
AcDbText
  0
TEXT
  5
1881
330
17
100
AcDbEntity
  8
TEXTS
100
AcDbText
 10
1013.47
 20
134.81
 30
0.0
 40
8.3
  1
/工程
 41
0.8974358974358928
100
AcDbText
  0
TEXT
  5
1882
330
17
100
AcDbEntity
  8
TEXTS
100
AcDbText
 10
1123.63
 20
134.81
 30
0.0
 40
8.3
  1
施工图设计阶段
 41
0.9333333333333325
100
AcDbText
  0
TEXT
  5
1883
330
17
100
AcDbEntity
  8
TEXTS
100
AcDbText
 10
100.22
 20
118.06
 30
0.0
 40
8.55
  1
说明
 41
1.0393840000000003
100
AcDbText
  0
TEXT
  5
1884
330
17
100
AcDbEntity
  8
TEXTS
100
AcDbText
 10
117.93
 20
117.27
 30
0.0
 40
8.55
  1
: 1.本站不设单独通信机房，通信设备安装在二次设备室内，光纤配线架屏柜尺寸建议采用2260mm×800mm（宽）×600mm，数据通信网屏柜尺寸建议采
 41
0.6700928014985514
100
AcDbText
  0
TEXT
  5
1885
330
17
100
AcDbEntity
  8
TEXTS
100
AcDbText
 10
124.41
 20
104.38
 30
0.0
 40
8.55
  1
用
 41
0.9701413333333349
100
AcDbText
  0
TEXT
  5
1886
330
17
100
AcDbEntity
  8
TEXTS
100
AcDbText
 10
132.62
 20
103.59
 30
0.0
 40
8.55
  1
2260mm×600mm×1000mm（深），其他屏柜尺寸建议采用2260mm×600mm×600mm
100
AcDbText
  0
TEXT
  5
1887
330
17
100
AcDbEntity
  8
TEXTS
100
AcDbText
 10
448.12
 20
104.38
 30
0.0
 40
8.55
  1
。
 41
0.9701413333333349
100
AcDbText
  0
TEXT
  5
1888
330
17
100
AcDbEntity
  8
TEXTS
100
AcDbText
 10
639.07
 20
101.84
 30
0.0
 40
8.23
  1
日期
 41
1.1666666666666627
100
AcDbText
  0
TEXT
  5
1889
330
17
100
AcDbEntity
  8
TEXTS
100
AcDbText
 10
688.03
 20
103.42
 30
0.0
 40
8.3
  1
批准
 41
0.9333333333333261
100
AcDbText
  0
TEXT
  5
188A
330
17
100
AcDbEntity
  8
TEXTS
100
AcDbText
 10
806.11
 20
103.42
 30
0.0
 40
8.3
  1
设计/勘测
 41
0.9130434782608684
100
AcDbText
  0
TEXT
  5
188B
330
17
100
AcDbEntity
  8
TEXTS
100
AcDbText
 10
524.87
 20
101.41
 30
0.0
 40
8.23
  1
专业
 41
1.1666666666666612
100
AcDbText
  0
TEXT
  5
188C
330
17
100
AcDbEntity
  8
TEXTS
100
AcDbText
 10
575.99
 20
101.12
 30
0.0
 40
8.23
  1
会签人
 41
1.2444444444444411
100
AcDbText
  0
TEXT
  5
188D
330
17
100
AcDbEntity
  8
TEXTS
100
AcDbText
 10
117.04
 20
90.05
 30
0.0
 40
8.55
  1
2.
 41
0.6041431133333331
100
AcDbText
  0
TEXT
  5
188E
330
17
100
AcDbEntity
  8
TEXTS
100
AcDbText
 10
125.31
 20
90.05
 30
0.0
 40
8.55
  1
115P~134P为通信屏柜，带
 41
0.8583007739634788
100
AcDbText
  0
TEXT
  5
188F
330
17
100
AcDbEntity
  8
TEXTS
100
AcDbText
 10
216.43
 20
90.05
 30
0.0
 40
8.55
  1
*
 41
0.5635771488888894
100
AcDbText
  0
TEXT
  5
1890
330
17
100
AcDbEntity
  8
TEXTS
100
AcDbText
 10
219.31
 20
90.84
 30
0.0
 40
8.55
  1
号部分为本期通信屏柜。
 41
0.869270666666667
100
AcDbText
  0
TEXT
  5
1891
330
17
100
AcDbEntity
  8
TEXTS
100
AcDbText
 10
989.56
 20
90.89
 30
0.0
 40
8.3
  1
二次设备室平面布置图（桃江西变）
 41
0.9333333333333327
100
AcDbText
  0
TEXT
  5
1892
330
17
100
AcDbEntity
  8
TEXTS
100
AcDbText
 10
687.59
 20
77.93
 30
0.0
 40
8.3
  1
审核
 41
0.9333333333333261
100
AcDbText
  0
TEXT
  5
1893
330
17
100
AcDbEntity
  8
TEXTS
100
AcDbText
 10
815.47
 20
77.93
 30
0.0
 40
8.3
  1
比例
 41
0.9333333333333261
100
AcDbText
  0
TEXT
  5
1894
330
17
100
AcDbEntity
  8
TEXTS
100
AcDbText
 10
115.19
 20
76.37
 30
0.0
 40
8.55
  1
3.
 41
0.5365557533333333
100
AcDbText
  0
TEXT
  5
1895
330
17
100
AcDbEntity
  8
TEXTS
100
AcDbText
 10
122.54
 20
77.16
 30
0.0
 40
8.55
  1
二次屏柜布置以电气二次专业图纸为准。
 41
0.7720226666666665
100
AcDbText
  0
TEXT
  5
1896
330
17
100
AcDbEntity
  8
TEXTS
100
AcDbText
 10
118.93
 20
61.25
 30
0.0
 40
8.55
  1
4.
 41
0.6732566933333324
100
AcDbText
  0
TEXT
  5
1897
330
17
100
AcDbEntity
  8
TEXTS
100
AcDbText
 10
125.85
 20
61.25
 30
0.0
 40
8.55
  1
图纸标注单位为mm(毫米
100
AcDbText
  0
TEXT
  5
1898
330
17
100
AcDbEntity
  8
TEXTS
100
AcDbText
 10
217.0
 20
61.25
 30
0.0
 40
8.55
  1
)
 41
0.5376366399999971
100
AcDbText
  0
TEXT
  5
1899
330
17
100
AcDbEntity
  8
TEXTS
100
AcDbText
 10
219.74
 20
62.04
 30
0.0
 40
8.55
  1
。
 41
0.968714666666667
100
AcDbText
  0
TEXT
  5
189A
330
17
100
AcDbEntity
  8
TEXTS
100
AcDbText
 10
1033.34
 20
52.73
 30
0.0
 40
8.3
  1
BA22015S-U0101-14
 41
0.7777777777777779
100
AcDbText
  0
TEXT
  5
189B
330
17
100
AcDbEntity
  8
TEXTS
100
AcDbText
 10
814.89
 20
52.3
 30
0.0
 40
8.3
  1
日期
 41
0.9333333333333267
100
AcDbText
  0
TEXT
  5
189C
330
17
100
AcDbEntity
  8
TEXTS
100
AcDbText
 10
688.03
 20
52.01
 30
0.0
 40
8.3
  1
校核
 41
0.9333333333333267
100
AcDbText
  0
TEXT
  5
189D
330
17
100
AcDbEntity
  8
TEXTS
100
AcDbText
 10
937.43
 20
52.01
 30
0.0
 40
8.3
  1
图号
 41
0.9333333333333267
100
AcDbText
  0
TEXT
  5
189E
330
17
100
AcDbEntity
  8
TEXTS
100
AcDbText
 10
811.15
 20
25.94
 30
0.0
 40
8.3
  1
服务承诺：接到您通知1小时内予以答复并及时提供工代服务。服务电话：0731-85948331，0731-85948342。
 41
0.8831341301460816
100
AcDbText
  0
TEXT
  5
189F
330
17
100
AcDbEntity
  8
TEXTS
100
AcDbText
 10
213.34
 20
779.17
 30
0.0
 40
2.66
  1
0
100
AcDbText
  0
TEXT
  5
18A0
330
17
100
AcDbEntity
  8
TEXTS
100
AcDbText
 10
213.34
 20
775.62
 30
0.0
 40
2.66
  1
0
100
AcDbText
  0
TEXT
  5
18A1
330
17
100
AcDbEntity
  8
TEXTS
100
AcDbText
 10
213.34
 20
772.08
 30
0.0
 40
2.66
  1
6
100
AcDbText
  0
TEXT
  5
18A2
330
17
100
AcDbEntity
  8
TEXTS
100
AcDbText
 10
213.34
 20
768.53
 30
0.0
 40
2.66
  1
1
100
AcDbText
  0
TEXT
  5
18A3
330
17
100
AcDbEntity
  8
TEXTS
100
AcDbText
 10
175.18
 20
746.39
 30
0.0
 40
2.66
  1
0
100
AcDbText
  0
TEXT
  5
18A4
330
17
100
AcDbEntity
  8
TEXTS
100
AcDbText
 10
175.18
 20
742.84
 30
0.0
 40
2.66
  1
0
100
AcDbText
  0
TEXT
  5
18A5
330
17
100
AcDbEntity
  8
TEXTS
100
AcDbText
 10
465.48
 20
742.31
 30
0.0
 40
2.66
  1
0
100
AcDbText
  0
TEXT
  5
18A6
330
17
100
AcDbEntity
  8
TEXTS
100
AcDbText
 10
175.18
 20
739.3
 30
0.0
 40
2.66
  1
6
100
AcDbText
  0
TEXT
  5
18A7
330
17
100
AcDbEntity
  8
TEXTS
100
AcDbText
 10
465.48
 20
738.76
 30
0.0
 40
2.66
  1
0
100
AcDbText
  0
TEXT
  5
18A8
330
17
100
AcDbEntity
  8
TEXTS
100
AcDbText
 10
465.48
 20
735.21
 30
0.0
 40
2.66
  1
0
100
AcDbText
  0
TEXT
  5
18A9
330
17
100
AcDbEntity
  8
TEXTS
100
AcDbText
 10
465.48
 20
731.66
 30
0.0
 40
2.66
  1
1
100
AcDbText
  0
TEXT
  5
18AA
330
17
100
AcDbEntity
  8
TEXTS
100
AcDbText
 10
175.46
 20
715.38
 30
0.0
 40
2.66
  1
0
100
AcDbText
  0
TEXT
  5
18AB
330
17
100
AcDbEntity
  8
TEXTS
100
AcDbText
 10
175.46
 20
711.83
 30
0.0
 40
2.66
  1
0
100
AcDbText
  0
TEXT
  5
18AC
330
17
100
AcDbEntity
  8
TEXTS
100
AcDbText
 10
465.48
 20
709.62
 30
0.0
 40
2.66
  1
0
100
AcDbText
  0
TEXT
  5
18AD
330
17
100
AcDbEntity
  8
TEXTS
100
AcDbText
 10
175.46
 20
708.28
 30
0.0
 40
2.66
  1
7
100
AcDbText
  0
TEXT
  5
18AE
330
17
100
AcDbEntity
  8
TEXTS
100
AcDbText
 10
465.48
 20
706.07
 30
0.0
 40
2.66
  1
0
100
AcDbText
  0
TEXT
  5
18AF
330
17
100
AcDbEntity
  8
TEXTS
100
AcDbText
 10
175.46
 20
704.74
 30
0.0
 40
2.66
  1
1
100
AcDbText
  0
TEXT
  5
18B0
330
17
100
AcDbEntity
  8
TEXTS
100
AcDbText
 10
465.48
 20
702.52
 30
0.0
 40
2.66
  1
3
100
AcDbText
  0
TEXT
  5
18B1
330
17
100
AcDbEntity
  8
TEXTS
100
AcDbText
 10
465.48
 20
698.98
 30
0.0
 40
2.66
  1
1
100
AcDbText
  0
TEXT
  5
18B2
330
17
100
AcDbEntity
  8
TEXTS
100
AcDbText
 10
465.48
 20
681.16
 30
0.0
 40
2.66
  1
0
100
AcDbText
  0
TEXT
  5
18B3
330
17
100
AcDbEntity
  8
TEXTS
100
AcDbText
 10
465.48
 20
677.61
 30
0.0
 40
2.66
  1
0
100
AcDbText
  0
TEXT
  5
18B4
330
17
100
AcDbEntity
  8
TEXTS
100
AcDbText
 10
465.48
 20
674.06
 30
0.0
 40
2.66
  1
6
100
AcDbText
  0
TEXT
  5
18B5
330
17
100
AcDbEntity
  8
TEXTS
100
AcDbText
 10
465.48
 20
654.47
 30
0.0
 40
2.66
  1
0
100
AcDbText
  0
TEXT
  5
18B6
330
17
100
AcDbEntity
  8
TEXTS
100
AcDbText
 10
465.48
 20
650.92
 30
0.0
 40
2.66
  1
0
100
AcDbText
  0
TEXT
  5
18B7
330
17
100
AcDbEntity
  8
TEXTS
100
AcDbText
 10
465.48
 20
647.37
 30
0.0
 40
2.66
  1
4
100
AcDbText
  0
TEXT
  5
18B8
330
17
100
AcDbEntity
  8
TEXTS
100
AcDbText
 10
465.48
 20
643.82
 30
0.0
 40
2.66
  1
1
100
AcDbText
  0
TEXT
  5
18B9
330
17
100
AcDbEntity
  8
TEXTS
100
AcDbText
 10
180.94
 20
624.57
 30
0.0
 40
2.66
  1
0
100
AcDbText
  0
TEXT
  5
18BA
330
17
100
AcDbEntity
  8
TEXTS
100
AcDbText
 10
465.48
 20
621.69
 30
0.0
 40
2.66
  1
0
100
AcDbText
  0
TEXT
  5
18BB
330
17
100
AcDbEntity
  8
TEXTS
100
AcDbText
 10
180.94
 20
621.02
 30
0.0
 40
2.66
  1
0
100
AcDbText
  0
TEXT
  5
18BC
330
17
100
AcDbEntity
  8
TEXTS
100
AcDbText
 10
465.48
 20
618.14
 30
0.0
 40
2.66
  1
0
100
AcDbText
  0
TEXT
  5
18BD
330
17
100
AcDbEntity
  8
TEXTS
100
AcDbText
 10
180.94
 20
617.47
 30
0.0
 40
2.66
  1
6
100
AcDbText
  0
TEXT
  5
18BE
330
17
100
AcDbEntity
  8
TEXTS
100
AcDbText
 10
465.48
 20
614.59
 30
0.0
 40
2.66
  1
8
100
AcDbText
  0
TEXT
  5
18BF
330
17
100
AcDbEntity
  8
TEXTS
100
AcDbText
 10
180.94
 20
596.29
 30
0.0
 40
2.66
  1
0
100
AcDbText
  0
TEXT
  5
18C0
330
17
100
AcDbEntity
  8
TEXTS
100
AcDbText
 10
465.48
 20
593.41
 30
0.0
 40
2.66
  1
0
100
AcDbText
  0
TEXT
  5
18C1
330
17
100
AcDbEntity
  8
TEXTS
100
AcDbText
 10
180.94
 20
592.74
 30
0.0
 40
2.66
  1
0
100
AcDbText
  0
TEXT
  5
18C2
330
17
100
AcDbEntity
  8
TEXTS
100
AcDbText
 10
465.48
 20
589.86
 30
0.0
 40
2.66
  1
0
100
AcDbText
  0
TEXT
  5
18C3
330
17
100
AcDbEntity
  8
TEXTS
100
AcDbText
 10
180.94
 20
589.2
 30
0.0
 40
2.66
  1
5
100
AcDbText
  0
TEXT
  5
18C4
330
17
100
AcDbEntity
  8
TEXTS
100
AcDbText
 10
465.48
 20
586.32
 30
0.0
 40
2.66
  1
3
100
AcDbText
  0
TEXT
  5
18C5
330
17
100
AcDbEntity
  8
TEXTS
100
AcDbText
 10
180.94
 20
585.65
 30
0.0
 40
2.66
  1
1
100
AcDbText
  0
TEXT
  5
18C6
330
17
100
AcDbEntity
  8
TEXTS
100
AcDbText
 10
465.48
 20
582.77
 30
0.0
 40
2.66
  1
1
100
AcDbText
  0
TEXT
  5
18C7
330
17
100
AcDbEntity
  8
TEXTS
100
AcDbText
 10
465.48
 20
564.95
 30
0.0
 40
2.66
  1
0
100
AcDbText
  0
TEXT
  5
18C8
330
17
100
AcDbEntity
  8
TEXTS
100
AcDbText
 10
465.48
 20
561.4
 30
0.0
 40
2.66
  1
0
100
AcDbText
  0
TEXT
  5
18C9
330
17
100
AcDbEntity
  8
TEXTS
100
AcDbText
 10
465.48
 20
557.86
 30
0.0
 40
2.66
  1
6
100
AcDbText
  0
TEXT
  5
18CA
330
17
100
AcDbEntity
  8
TEXTS
100
AcDbText
 10
465.48
 20
535.38
 30
0.0
 40
2.66
  1
0
100
AcDbText
  0
TEXT
  5
18CB
330
17
100
AcDbEntity
  8
TEXTS
100
AcDbText
 10
465.48
 20
531.83
 30
0.0
 40
2.66
  1
0
100
AcDbText
  0
TEXT
  5
18CC
330
17
100
AcDbEntity
  8
TEXTS
100
AcDbText
 10
465.48
 20
528.28
 30
0.0
 40
2.66
  1
6
100
AcDbText
  0
TEXT
  5
18CD
330
17
100
AcDbEntity
  8
TEXTS
100
AcDbText
 10
465.48
 20
524.74
 30
0.0
 40
2.66
  1
1
100
AcDbText
  0
TEXT
  5
18CE
330
17
100
AcDbEntity
  8
TEXTS
100
AcDbText
 10
465.48
 20
502.6
 30
0.0
 40
2.66
  1
0
100
AcDbText
  0
TEXT
  5
18CF
330
17
100
AcDbEntity
  8
TEXTS
100
AcDbText
 10
465.48
 20
499.05
 30
0.0
 40
2.66
  1
0
100
AcDbText
  0
TEXT
  5
18D0
330
17
100
AcDbEntity
  8
TEXTS
100
AcDbText
 10
465.48
 20
495.5
 30
0.0
 40
2.66
  1
6
100
AcDbText
  0
TEXT
  5
18D1
330
17
100
AcDbEntity
  8
TEXTS
100
AcDbText
 10
465.48
 20
477.2
 30
0.0
 40
2.66
  1
0
100
AcDbText
  0
TEXT
  5
18D2
330
17
100
AcDbEntity
  8
TEXTS
100
AcDbText
 10
465.48
 20
473.65
 30
0.0
 40
2.66
  1
0
100
AcDbText
  0
TEXT
  5
18D3
330
17
100
AcDbEntity
  8
TEXTS
100
AcDbText
 10
465.48
 20
470.11
 30
0.0
 40
2.66
  1
3
100
AcDbText
  0
TEXT
  5
18D4
330
17
100
AcDbEntity
  8
TEXTS
100
AcDbText
 10
465.48
 20
466.56
 30
0.0
 40
2.66
  1
1
100
AcDbText
  0
TEXT
  5
18D5
330
17
100
AcDbEntity
  8
TEXTS
100
AcDbText
 10
465.48
 20
448.74
 30
0.0
 40
2.66
  1
0
100
AcDbText
  0
TEXT
  5
18D6
330
17
100
AcDbEntity
  8
TEXTS
100
AcDbText
 10
465.48
 20
445.2
 30
0.0
 40
2.66
  1
0
100
AcDbText
  0
TEXT
  5
18D7
330
17
100
AcDbEntity
  8
TEXTS
100
AcDbText
 10
465.48
 20
441.65
 30
0.0
 40
2.66
  1
6
100
AcDbText
  0
TEXT
  5
18D8
330
17
100
AcDbEntity
  8
TEXTS
100
AcDbText
 10
465.48
 20
421.91
 30
0.0
 40
2.66
  1
0
100
AcDbText
  0
TEXT
  5
18D9
330
17
100
AcDbEntity
  8
TEXTS
100
AcDbText
 10
465.48
 20
418.36
 30
0.0
 40
2.66
  1
0
100
AcDbText
  0
TEXT
  5
18DA
330
17
100
AcDbEntity
  8
TEXTS
100
AcDbText
 10
465.48
 20
414.81
 30
0.0
 40
2.66
  1
4
100
AcDbText
  0
TEXT
  5
18DB
330
17
100
AcDbEntity
  8
TEXTS
100
AcDbText
 10
465.48
 20
411.26
 30
0.0
 40
2.66
  1
1
100
AcDbText
  0
TEXT
  5
18DC
330
17
100
AcDbEntity
  8
TEXTS
100
AcDbText
 10
465.48
 20
392.01
 30
0.0
 40
2.66
  1
0
100
AcDbText
  0
TEXT
  5
18DD
330
17
100
AcDbEntity
  8
TEXTS
100
AcDbText
 10
465.48
 20
388.46
 30
0.0
 40
2.66
  1
0
100
AcDbText
  0
TEXT
  5
18DE
330
17
100
AcDbEntity
  8
TEXTS
100
AcDbText
 10
465.48
 20
384.91
 30
0.0
 40
2.66
  1
6
100
AcDbText
  0
TEXT
  5
18DF
330
17
100
AcDbEntity
  8
TEXTS
100
AcDbText
 10
181.37
 20
366.75
 30
0.0
 40
2.66
  1
0
100
AcDbText
  0
TEXT
  5
18E0
330
17
100
AcDbEntity
  8
TEXTS
100
AcDbText
 10
181.37
 20
363.21
 30
0.0
 40
2.66
  1
0
100
AcDbText
  0
TEXT
  5
18E1
330
17
100
AcDbEntity
  8
TEXTS
100
AcDbText
 10
465.48
 20
360.99
 30
0.0
 40
2.66
  1
0
100
AcDbText
  0
TEXT
  5
18E2
330
17
100
AcDbEntity
  8
TEXTS
100
AcDbText
 10
181.37
 20
359.66
 30
0.0
 40
2.66
  1
3
100
AcDbText
  0
TEXT
  5
18E3
330
17
100
AcDbEntity
  8
TEXTS
100
AcDbText
 10
465.48
 20
357.45
 30
0.0
 40
2.66
  1
0
100
AcDbText
  0
TEXT
  5
18E4
330
17
100
AcDbEntity
  8
TEXTS
100
AcDbText
 10
181.37
 20
356.11
 30
0.0
 40
2.66
  1
1
100
AcDbText
  0
TEXT
  5
18E5
330
17
100
AcDbEntity
  8
TEXTS
100
AcDbText
 10
465.48
 20
353.9
 30
0.0
 40
2.66
  1
7
100
AcDbText
  0
TEXT
  5
18E6
330
17
100
AcDbEntity
  8
TEXTS
100
AcDbText
 10
465.48
 20
350.35
 30
0.0
 40
2.66
  1
1
100
AcDbText
  0
TEXT
  5
18E7
330
17
100
AcDbEntity
  8
TEXTS
100
AcDbText
 10
181.37
 20
334.07
 30
0.0
 40
2.66
  1
0
100
AcDbText
  0
TEXT
  5
18E8
330
17
100
AcDbEntity
  8
TEXTS
100
AcDbText
 10
181.37
 20
330.52
 30
0.0
 40
2.66
  1
0
100
AcDbText
  0
TEXT
  5
18E9
330
17
100
AcDbEntity
  8
TEXTS
100
AcDbText
 10
181.37
 20
326.97
 30
0.0
 40
2.66
  1
0
100
AcDbText
  0
TEXT
  5
18EA
330
17
100
AcDbEntity
  8
TEXTS
100
AcDbText
 10
465.48
 20
326.92
 30
0.0
 40
2.66
  1
0
100
AcDbText
  0
TEXT
  5
18EB
330
17
100
AcDbEntity
  8
TEXTS
100
AcDbText
 10
181.37
 20
323.42
 30
0.0
 40
2.66
  1
1
100
AcDbText
  0
TEXT
  5
18EC
330
17
100
AcDbEntity
  8
TEXTS
100
AcDbText
 10
465.48
 20
323.37
 30
0.0
 40
2.66
  1
0
100
AcDbText
  0
TEXT
  5
18ED
330
17
100
AcDbEntity
  8
TEXTS
100
AcDbText
 10
465.48
 20
319.82
 30
0.0
 40
2.66
  1
6
100
AcDbText
  0
TEXT
  5
18EE
330
17
100
AcDbEntity
  8
TEXTS
100
AcDbText
 10
465.48
 20
300.08
 30
0.0
 40
2.66
  1
0
100
AcDbText
  0
TEXT
  5
18EF
330
17
100
AcDbEntity
  8
TEXTS
100
AcDbText
 10
465.48
 20
296.53
 30
0.0
 40
2.66
  1
0
100
AcDbText
  0
TEXT
  5
18F0
330
17
100
AcDbEntity
  8
TEXTS
100
AcDbText
 10
465.48
 20
292.99
 30
0.0
 40
2.66
  1
4
100
AcDbText
  0
TEXT
  5
18F1
330
17
100
AcDbEntity
  8
TEXTS
100
AcDbText
 10
465.48
 20
289.44
 30
0.0
 40
2.66
  1
1
100
AcDbText
  0
TEXT
  5
18F2
330
17
100
AcDbEntity
  8
TEXTS
100
AcDbText
 10
181.37
 20
270.18
 30
0.0
 40
2.66
  1
0
100
AcDbText
  0
TEXT
  5
18F3
330
17
100
AcDbEntity
  8
TEXTS
100
AcDbText
 10
181.37
 20
266.64
 30
0.0
 40
2.66
  1
0
100
AcDbText
  0
TEXT
  5
18F4
330
17
100
AcDbEntity
  8
TEXTS
100
AcDbText
 10
465.48
 20
266.1
 30
0.0
 40
2.66
  1
0
100
AcDbText
  0
TEXT
  5
18F5
330
17
100
AcDbEntity
  8
TEXTS
100
AcDbText
 10
181.37
 20
263.09
 30
0.0
 40
2.66
  1
6
100
AcDbText
  0
TEXT
  5
18F6
330
17
100
AcDbEntity
  8
TEXTS
100
AcDbText
 10
465.48
 20
262.55
 30
0.0
 40
2.66
  1
0
100
AcDbText
  0
TEXT
  5
18F7
330
17
100
AcDbEntity
  8
TEXTS
100
AcDbText
 10
465.48
 20
259.0
 30
0.0
 40
2.66
  1
0
100
AcDbText
  0
TEXT
  5
18F8
330
17
100
AcDbEntity
  8
TEXTS
100
AcDbText
 10
465.48
 20
255.46
 30
0.0
 40
2.66
  1
1
100
AcDbText
  0
TEXT
  5
18F9
330
17
100
AcDbEntity
  8
TEXTS
100
AcDbText
 10
181.66
 20
236.29
 30
0.0
 40
2.66
  1
0
100
AcDbText
  0
TEXT
  5
18FA
330
17
100
AcDbEntity
  8
TEXTS
100
AcDbText
 10
181.66
 20
232.74
 30
0.0
 40
2.66
  1
0
100
AcDbText
  0
TEXT
  5
18FB
330
17
100
AcDbEntity
  8
TEXTS
100
AcDbText
 10
465.48
 20
230.67
 30
0.0
 40
2.66
  1
0
100
AcDbText
  0
TEXT
  5
18FC
330
17
100
AcDbEntity
  8
TEXTS
100
AcDbText
 10
181.66
 20
229.2
 30
0.0
 40
2.66
  1
9
100
AcDbText
  0
TEXT
  5
18FD
330
17
100
AcDbEntity
  8
TEXTS
100
AcDbText
 10
465.48
 20
227.13
 30
0.0
 40
2.66
  1
0
100
AcDbText
  0
TEXT
  5
18FE
330
17
100
AcDbEntity
  8
TEXTS
100
AcDbText
 10
181.66
 20
225.65
 30
0.0
 40
2.66
  1
1
100
AcDbText
  0
TEXT
  5
18FF
330
17
100
AcDbEntity
  8
TEXTS
100
AcDbText
 10
465.48
 20
223.58
 30
0.0
 40
2.66
  1
5
100
AcDbText
  0
TEXT
  5
1900
330
17
100
AcDbEntity
  8
TEXTS
100
AcDbText
 10
465.48
 20
220.03
 30
0.0
 40
2.66
  1
1
100
AcDbText
  0
ENDSEC
  0
SECTION
  2
OBJECTS
  0
DICTIONARY
  5
A
330
0
100
AcDbDictionary
281
1
  3
ACAD_COLOR
350
B
  3
ACAD_GROUP
350
C
  3
ACAD_LAYOUT
350
D
  3
ACAD_MATERIAL
350
E
  3
ACAD_MLEADERSTYLE
350
F
  3
ACAD_MLINESTYLE
350
10
  3
ACAD_PLOTSETTINGS
350
11
  3
ACAD_PLOTSTYLENAME
350
12
  3
ACAD_SCALELIST
350
14
  3
ACAD_TABLESTYLE
350
15
  3
ACAD_VISUALSTYLE
350
16
  3
EZDXF_META
350
2D
  0
DICTIONARY
  5
B
330
A
100
AcDbDictionary
281
1
  0
DICTIONARY
  5
C
330
A
100
AcDbDictionary
281
1
  0
DICTIONARY
  5
D
330
A
100
AcDbDictionary
281
1
  3
Model
350
1A
  3
Layout1
350
1E
  0
DICTIONARY
  5
E
330
A
100
AcDbDictionary
281
1
  3
ByBlock
350
1F
  3
ByLayer
350
20
  3
Global
350
21
  0
DICTIONARY
  5
F
330
A
100
AcDbDictionary
281
1
  3
Standard
350
2C
  0
DICTIONARY
  5
10
330
A
100
AcDbDictionary
281
1
  3
Standard
350
22
  0
DICTIONARY
  5
11
330
A
100
AcDbDictionary
281
1
  0
ACDBDICTIONARYWDFLT
  5
12
330
A
100
AcDbDictionary
281
1
  3
Normal
350
13
100
AcDbDictionaryWithDefault
340
13
  0
ACDBPLACEHOLDER
  5
13
330
12
  0
DICTIONARY
  5
14
330
A
100
AcDbDictionary
281
1
  0
DICTIONARY
  5
15
330
A
100
AcDbDictionary
281
1
  0
DICTIONARY
  5
16
330
A
100
AcDbDictionary
281
1
  0
LAYOUT
  5
1A
330
D
100
AcDbPlotSettings
  1

  4
A3
  6

 40
7.5
 41
20.0
 42
7.5
 43
20.0
 44
420.0
 45
297.0
 46
0.0
 47
0.0
 48
0.0
 49
0.0
140
0.0
141
0.0
142
1.0
143
1.0
 70
1024
 72
1
 73
0
 74
5
  7

 75
16
 76
0
 77
2
 78
300
147
1.0
148
0.0
149
0.0
100
AcDbLayout
  1
Model
 70
1
 71
0
 10
0.0
 20
0.0
 11
420.0
 21
297.0
 12
0.0
 22
0.0
 32
0.0
 14
1e+20
 24
1e+20
 34
1e+20
 15
-1e+20
 25
-1e+20
 35
-1e+20
146
0.0
 13
0.0
 23
0.0
 33
0.0
 16
1.0
 26
0.0
 36
0.0
 17
0.0
 27
1.0
 37
0.0
 76
1
330
17
  0
LAYOUT
  5
1E
330
D
100
AcDbPlotSettings
  1

  4
A3
  6

 40
7.5
 41
20.0
 42
7.5
 43
20.0
 44
420.0
 45
297.0
 46
0.0
 47
0.0
 48
0.0
 49
0.0
140
0.0
141
0.0
142
1.0
143
1.0
 70
0
 72
1
 73
0
 74
5
  7

 75
16
 76
0
 77
2
 78
300
147
1.0
148
0.0
149
0.0
100
AcDbLayout
  1
Layout1
 70
1
 71
1
 10
0.0
 20
0.0
 11
420.0
 21
297.0
 12
0.0
 22
0.0
 32
0.0
 14
1e+20
 24
1e+20
 34
1e+20
 15
-1e+20
 25
-1e+20
 35
-1e+20
146
0.0
 13
0.0
 23
0.0
 33
0.0
 16
1.0
 26
0.0
 36
0.0
 17
0.0
 27
1.0
 37
0.0
 76
1
330
1B
  0
MATERIAL
  5
1F
102
{ACAD_REACTORS
330
E
102
}
330
E
100
AcDbMaterial
  1
ByBlock
  2

 70
0
 40
1.0
 71
1
 41
1.0
 91
-1023410177
 42
1.0
 72
1
  3

 73
1
 74
1
 75
1
 44
0.5
 73
0
 45
1.0
 46
1.0
 77
1
  4

 78
1
 79
1
170
1
 48
1.0
171
1
  6

172
1
173
1
174
1
140
1.0
141
1.0
175
1
  7

176
1
177
1
178
1
143
1.0
179
1
  8

270
1
271
1
272
1
145
1.0
146
1.0
273
1
  9

274
1
275
1
276
1
 42
1.0
 72
1
  3

 73
1
 74
1
 75
1
 94
63
  0
MATERIAL
  5
20
102
{ACAD_REACTORS
330
E
102
}
330
E
100
AcDbMaterial
  1
ByLayer
  2

 70
0
 40
1.0
 71
1
 41
1.0
 91
-1023410177
 42
1.0
 72
1
  3

 73
1
 74
1
 75
1
 44
0.5
 73
0
 45
1.0
 46
1.0
 77
1
  4

 78
1
 79
1
170
1
 48
1.0
171
1
  6

172
1
173
1
174
1
140
1.0
141
1.0
175
1
  7

176
1
177
1
178
1
143
1.0
179
1
  8

270
1
271
1
272
1
145
1.0
146
1.0
273
1
  9

274
1
275
1
276
1
 42
1.0
 72
1
  3

 73
1
 74
1
 75
1
 94
63
  0
MATERIAL
  5
21
102
{ACAD_REACTORS
330
E
102
}
330
E
100
AcDbMaterial
  1
Global
  2

 70
0
 40
1.0
 71
1
 41
1.0
 91
-1023410177
 42
1.0
 72
1
  3

 73
1
 74
1
 75
1
 44
0.5
 73
0
 45
1.0
 46
1.0
 77
1
  4

 78
1
 79
1
170
1
 48
1.0
171
1
  6

172
1
173
1
174
1
140
1.0
141
1.0
175
1
  7

176
1
177
1
178
1
143
1.0
179
1
  8

270
1
271
1
272
1
145
1.0
146
1.0
273
1
  9

274
1
275
1
276
1
 42
1.0
 72
1
  3

 73
1
 74
1
 75
1
 94
63
  0
MLINESTYLE
  5
22
102
{ACAD_REACTORS
330
10
102
}
330
10
100
AcDbMlineStyle
  2
Standard
 70
0
  3

 62
256
 51
90.0
 52
90.0
 71
2
 49
0.5
 62
256
  6
BYLAYER
 49
-0.5
 62
256
  6
BYLAYER
  0
MLEADERSTYLE
  5
2C
102
{ACAD_REACTORS
330
F
102
}
330
F
100
AcDbMLeaderStyle
179
2
170
2
171
1
172
0
 90
2
 40
0.0
 41
0.0
173
1
 91
-1056964608
 92
-2
290
1
 42
2.0
291
1
 43
8.0
  3
Standard
 44
4.0
300

342
29
174
1
175
1
176
0
178
1
 93
-1056964608
 45
4.0
292
0
297
0
 46
4.0
 94
-1056964608
 47
1.0
 49
1.0
140
1.0
294
1
141
0.0
177
0
142
1.0
295
0
296
0
143
3.75
271
0
272
9
273
9
  0
DICTIONARY
  5
2D
330
A
100
AcDbDictionary
280
1
281
1
  3
CREATED_BY_EZDXF
350
2E
  3
WRITTEN_BY_EZDXF
350
1903
  0
DICTIONARYVAR
  5
2E
330
2D
100
DictionaryVariables
280
0
  1
1.4.4 @ 2026-09-03T14:13:47.753017+00:00
  0
DICTIONARYVAR
  5
1903
330
2D
100
DictionaryVariables
280
0
  1
1.4.4 @ 2026-09-03T14:13:49.139821+00:00
  0
ENDSEC
  0
EOF
