  0
SECTION
  2
HEADER
  9
$ACADVER
  1
AC1024
  9
$ACADMAINTVER
 70
6
  9
$DWGCODEPAGE
  3
ANSI_1252
  9
$LASTSAVEDBY
  1
ezdxf
  9
$INSBASE
 10
0.0
 20
0.0
 30
0.0
  9
$EXTMIN
 10
1e+20
 20
1e+20
 30
1e+20
  9
$EXTMAX
 10
-1e+20
 20
-1e+20
 30
-1e+20
  9
$LIMMIN
 10
0.0
 20
0.0
  9
$LIMMAX
 10
420.0
 20
297.0
  9
$ORTHOMODE
 70
0
  9
$REGENMODE
 70
1
  9
$FILLMODE
 70
1
  9
$QTEXTMODE
 70
0
  9
$MIRRTEXT
 70
1
  9
$LTSCALE
 40
1.0
  9
$ATTMODE
 70
1
  9
$TEXTSIZE
 40
2.5
  9
$TRACEWID
 40
1.0
  9
$TEXTSTYLE
  7
Standard
  9
$CLAYER
  8
0
  9
$CELTYPE
  6
ByLayer
  9
$CECOLOR
 62
256
  9
$CELTSCALE
 40
1.0
  9
$DISPSILH
 70
0
  9
$DIMSCALE
 40
1.0
  9
$DIMASZ
 40
2.5
  9
$DIMEXO
 40
0.625
  9
$DIMDLI
 40
3.75
  9
$DIMRND
 40
0.0
  9
$DIMDLE
 40
0.0
  9
$DIMEXE
 40
1.25
  9
$DIMTP
 40
0.0
  9
$DIMTM
 40
0.0
  9
$DIMTXT
 40
2.5
  9
$DIMCEN
 40
2.5
  9
$DIMTSZ
 40
0.0
  9
$DIMTOL
 70
0
  9
$DIMLIM
 70
0
  9
$DIMTIH
 70
0
  9
$DIMTOH
 70
0
  9
$DIMSE1
 70
0
  9
$DIMSE2
 70
0
  9
$DIMTAD
 70
1
  9
$DIMZIN
 70
8
  9
$DIMBLK
  1

  9
$DIMASO
 70
1
  9
$DIMSHO
 70
1
  9
$DIMPOST
  1

  9
$DIMAPOST
  1

  9
$DIMALT
 70
0
  9
$DIMALTD
 70
3
  9
$DIMALTF
 40
0.03937007874
  9
$DIMLFAC
 40
1.0
  9
$DIMTOFL
 70
1
  9
$DIMTVP
 40
0.0
  9
$DIMTIX
 70
0
  9
$DIMSOXD
 70
0
  9
$DIMSAH
 70
0
  9
$DIMBLK1
  1

  9
$DIMBLK2
  1

  9
$DIMSTYLE
  2
ISO-25
  9
$DIMCLRD
 70
0
  9
$DIMCLRE
 70
0
  9
$DIMCLRT
 70
0
  9
$DIMTFAC
 40
1.0
  9
$DIMGAP
 40
0.625
  9
$DIMJUST
 70
0
  9
$DIMSD1
 70
0
  9
$DIMSD2
 70
0
  9
$DIMTOLJ
 70
0
  9
$DIMTZIN
 70
8
  9
$DIMALTZ
 70
0
  9
$DIMALTTZ
 70
0
  9
$DIMUPT
 70
0
  9
$DIMDEC
 70
2
  9
$DIMTDEC
 70
2
  9
$DIMALTU
 70
2
  9
$DIMALTTD
 70
3
  9
$DIMTXSTY
  7
Standard
  9
$DIMAUNIT
 70
0
  9
$DIMADEC
 70
0
  9
$DIMALTRND
 40
0.0
  9
$DIMAZIN
 70
0
  9
$DIMDSEP
 70
44
  9
$DIMATFIT
 70
3
  9
$DIMFRAC
 70
0
  9
$DIMLDRBLK
  1

  9
$DIMLUNIT
 70
2
  9
$DIMLWD
 70
-2
  9
$DIMLWE
 70
-2
  9
$DIMTMOVE
 70
0
  9
$DIMFXL
 40
1.0
  9
$DIMFXLON
 70
0
  9
$DIMJOGANG
 40
0.785398163397
  9
$DIMTFILL
 70
0
  9
$DIMTFILLCLR
 70
0
  9
$DIMARCSYM
 70
0
  9
$DIMLTYPE
  6

  9
$DIMLTEX1
  6

  9
$DIMLTEX2
  6

  9
$DIMTXTDIRECTION
 70
0
  9
$LUNITS
 70
2
  9
$LUPREC
 70
4
  9
$SKETCHINC
 40
1.0
  9
$FILLETRAD
 40
10.0
  9
$AUNITS
 70
0
  9
$AUPREC
 70
2
  9
$MENU
  1
.
  9
$ELEVATION
 40
0.0
  9
$PELEVATION
 40
0.0
  9
$THICKNESS
 40
0.0
  9
$LIMCHECK
 70
0
  9
$CHAMFERA
 40
0.0
  9
$CHAMFERB
 40
0.0
  9
$CHAMFERC
 40
0.0
  9
$CHAMFERD
 40
0.0
  9
$SKPOLY
 70
0
  9
$TDCREATE
 40
2461287.9265625
  9
$TDUCREATE
 40
2458532.153996898
  9
$TDUPDATE
 40
2461287.926574074
  9
$TDUUPDATE
 40
2458532.1544311
  9
$TDINDWG
 40
0.0
  9
$TDUSRTIMER
 40
0.0
  9
$USRTIMER
 70
1
  9
$ANGBASE
 50
0.0
  9
$ANGDIR
 70
0
  9
$PDMODE
 70
0
  9
$PDSIZE
 40
0.0
  9
$PLINEWID
 40
0.0
  9
$SPLFRAME
 70
0
  9
$SPLINETYPE
 70
6
  9
$SPLINESEGS
 70
8
  9
$HANDSEED
  5
1727
  9
$SURFTAB1
 70
6
  9
$SURFTAB2
 70
6
  9
$SURFTYPE
 70
6
  9
$SURFU
 70
6
  9
$SURFV
 70
6
  9
$UCSBASE
  2

  9
$UCSNAME
  2

  9
$UCSORG
 10
0.0
 20
0.0
 30
0.0
  9
$UCSXDIR
 10
1.0
 20
0.0
 30
0.0
  9
$UCSYDIR
 10
0.0
 20
1.0
 30
0.0
  9
$UCSORTHOREF
  2

  9
$UCSORTHOVIEW
 70
0
  9
$UCSORGTOP
 10
0.0
 20
0.0
 30
0.0
  9
$UCSORGBOTTOM
 10
0.0
 20
0.0
 30
0.0
  9
$UCSORGLEFT
 10
0.0
 20
0.0
 30
0.0
  9
$UCSORGRIGHT
 10
0.0
 20
0.0
 30
0.0
  9
$UCSORGFRONT
 10
0.0
 20
0.0
 30
0.0
  9
$UCSORGBACK
 10
0.0
 20
0.0
 30
0.0
  9
$PUCSBASE
  2

  9
$PUCSNAME
  2

  9
$PUCSORG
 10
0.0
 20
0.0
 30
0.0
  9
$PUCSXDIR
 10
1.0
 20
0.0
 30
0.0
  9
$PUCSYDIR
 10
0.0
 20
1.0
 30
0.0
  9
$PUCSORTHOREF
  2

  9
$PUCSORTHOVIEW
 70
0
  9
$PUCSORGTOP
 10
0.0
 20
0.0
 30
0.0
  9
$PUCSORGBOTTOM
 10
0.0
 20
0.0
 30
0.0
  9
$PUCSORGLEFT
 10
0.0
 20
0.0
 30
0.0
  9
$PUCSORGRIGHT
 10
0.0
 20
0.0
 30
0.0
  9
$PUCSORGFRONT
 10
0.0
 20
0.0
 30
0.0
  9
$PUCSORGBACK
 10
0.0
 20
0.0
 30
0.0
  9
$USERI1
 70
0
  9
$USERI2
 70
0
  9
$USERI3
 70
0
  9
$USERI4
 70
0
  9
$USERI5
 70
0
  9
$USERR1
 40
0.0
  9
$USERR2
 40
0.0
  9
$USERR3
 40
0.0
  9
$USERR4
 40
0.0
  9
$USERR5
 40
0.0
  9
$WORLDVIEW
 70
1
  9
$SHADEDGE
 70
3
  9
$SHADEDIF
 70
70
  9
$TILEMODE
 70
1
  9
$MAXACTVP
 70
64
  9
$PINSBASE
 10
0.0
 20
0.0
 30
0.0
  9
$PLIMCHECK
 70
0
  9
$PEXTMIN
 10
1e+20
 20
1e+20
 30
1e+20
  9
$PEXTMAX
 10
-1e+20
 20
-1e+20
 30
-1e+20
  9
$PLIMMIN
 10
0.0
 20
0.0
  9
$PLIMMAX
 10
420.0
 20
297.0
  9
$UNITMODE
 70
0
  9
$VISRETAIN
 70
1
  9
$PLINEGEN
 70
0
  9
$PSLTSCALE
 70
1
  9
$TREEDEPTH
 70
3020
  9
$CMLSTYLE
  2
Standard
  9
$CMLJUST
 70
0
  9
$CMLSCALE
 40
20.0
  9
$PROXYGRAPHICS
 70
1
  9
$MEASUREMENT
 70
1
  9
$CELWEIGHT
370
-1
  9
$ENDCAPS
280
0
  9
$JOINSTYLE
280
0
  9
$LWDISPLAY
290
0
  9
$INSUNITS
 70
6
  9
$HYPERLINKBASE
  1

  9
$STYLESHEET
  1

  9
$XEDIT
290
1
  9
$CEPSNTYPE
380
0
  9
$PSTYLEMODE
290
1
  9
$FINGERPRINTGUID
  2
{90E92E7E-C25D-4EAF-8203-BB4CF37E30E0}
  9
$VERSIONGUID
  2
{E88E20AE-1666-49A1-BDE3-2709C2D4AF3A}
  9
$EXTNAMES
290
1
  9
$PSVPSCALE
 40
0.0
  9
$OLESTARTUP
290
0
  9
$SORTENTS
280
127
  9
$INDEXCTL
280
0
  9
$HIDETEXT
280
1
  9
$XCLIPFRAME
280
1
  9
$HALOGAP
280
0
  9
$OBSCOLOR
 70
257
  9
$OBSLTYPE
280
0
  9
$INTERSECTIONDISPLAY
280
0
  9
$INTERSECTIONCOLOR
 70
257
  9
$DIMASSOC
280
2
  9
$PROJECTNAME
  1

  9
$CAMERADISPLAY
290
0
  9
$LENSLENGTH
 40
50.0
  9
$CAMERAHEIGHT
 40
0.0
  9
$STEPSPERSEC
 40
24.0
  9
$STEPSIZE
 40
100.0
  9
$3DDWFPREC
 40
2.0
  9
$PSOLWIDTH
 40
0.005
  9
$PSOLHEIGHT
 40
0.08
  9
$LOFTANG1
 40
1.570796326795
  9
$LOFTANG2
 40
1.570796326795
  9
$LOFTMAG1
 40
0.0
  9
$LOFTMAG2
 40
0.0
  9
$LOFTPARAM
 70
7
  9
$LOFTNORMALS
280
1
  9
$LATITUDE
 40
37.795
  9
$LONGITUDE
 40
-122.394
  9
$NORTHDIRECTION
 40
0.0
  9
$TIMEZONE
 70
-8000
  9
$LIGHTGLYPHDISPLAY
280
1
  9
$TILEMODELIGHTSYNCH
280
1
  9
$CMATERIAL
347
20
  9
$SOLIDHIST
280
0
  9
$SHOWHIST
280
1
  9
$DWFFRAME
280
2
  9
$DGNFRAME
280
2
  9
$REALWORLDSCALE
290
1
  9
$INTERFERECOLOR
 62
256
  9
$CSHADOW
280
0
  9
$SHADOWPLANELOCATION
 40
0.0
  0
ENDSEC
  0
SECTION
  2
CLASSES
  0
CLASS
  1
ACDBDICTIONARYWDFLT
  2
AcDbDictionaryWithDefault
  3
ObjectDBX Classes
 90
0
 91
0
280
0
281
0
  0
CLASS
  1
SUN
  2
AcDbSun
  3
SCENEOE
 90
1153
 91
0
280
0
281
0
  0
CLASS
  1
VISUALSTYLE
  2
AcDbVisualStyle
  3
ObjectDBX Classes
 90
4095
 91
0
280
0
281
0
  0
CLASS
  1
MATERIAL
  2
AcDbMaterial
  3
ObjectDBX Classes
 90
1153
 91
0
280
0
281
0
  0
CLASS
  1
SCALE
  2
AcDbScale
  3
ObjectDBX Classes
 90
1153
 91
0
280
0
281
0
  0
CLASS
  1
TABLESTYLE
  2
AcDbTableStyle
  3
ObjectDBX Classes
 90
4095
 91
0
280
0
281
0
  0
CLASS
  1
MLEADERSTYLE
  2
AcDbMLeaderStyle
  3
ACDB_MLEADERSTYLE_CLASS
 90
4095
 91
0
280
0
281
0
  0
CLASS
  1
DICTIONARYVAR
  2
AcDbDictionaryVar
  3
ObjectDBX Classes
 90
0
 91
0
280
0
281
0
  0
CLASS
  1
CELLSTYLEMAP
  2
AcDbCellStyleMap
  3
ObjectDBX Classes
 90
1152
 91
0
280
0
281
0
  0
CLASS
  1
MENTALRAYRENDERSETTINGS
  2
AcDbMentalRayRenderSettings
  3
SCENEOE
 90
1024
 91
0
280
0
281
0
  0
CLASS
  1
ACDBDETAILVIEWSTYLE
  2
AcDbDetailViewStyle
  3
ObjectDBX Classes
 90
1025
 91
0
280
0
281
0
  0
CLASS
  1
ACDBSECTIONVIEWSTYLE
  2
AcDbSectionViewStyle
  3
ObjectDBX Classes
 90
1025
 91
0
280
0
281
0
  0
CLASS
  1
RASTERVARIABLES
  2
AcDbRasterVariables
  3
ISM
 90
0
 91
0
280
0
281
0
  0
CLASS
  1
LAYOUT
  2
AcDbLayout
  3
ObjectDBX Classes
 90
0
 91
0
280
0
281
0
  0
CLASS
  1
ACDBPLACEHOLDER
  2
AcDbPlaceHolder
  3
ObjectDBX Classes
 90
0
 91
0
280
0
281
0
  0
ENDSEC
  0
SECTION
  2
TABLES
  0
TABLE
  2
VPORT
  5
8
330
0
100
AcDbSymbolTable
 70
1
  0
VPORT
  5
23
330
8
100
AcDbSymbolTableRecord
100
AcDbViewportTableRecord
  2
*Active
 70
0
 10
0.0
 20
0.0
 11
1.0
 21
1.0
 12
0.0
 22
0.0
 13
0.0
 23
0.0
 14
0.5
 24
0.5
 15
0.5
 25
0.5
 16
0.0
 26
0.0
 36
1.0
 17
0.0
 27
0.0
 37
0.0
 40
1000.0
 41
1.34
 42
50.0
 43
0.0
 44
0.0
 50
0.0
 51
0.0
 71
0
 72
1000
 73
1
 74
3
 75
0
 76
0
 77
0
 78
0
281
0
 65
0
146
0.0
  0
ENDTAB
  0
TABLE
  2
LTYPE
  5
2
330
0
100
AcDbSymbolTable
 70
3
  0
LTYPE
  5
24
330
2
100
AcDbSymbolTableRecord
100
AcDbLinetypeTableRecord
  2
ByBlock
 70
0
  3

 72
65
 73
0
 40
0.0
  0
LTYPE
  5
25
330
2
100
AcDbSymbolTableRecord
100
AcDbLinetypeTableRecord
  2
ByLayer
 70
0
  3

 72
65
 73
0
 40
0.0
  0
LTYPE
  5
26
330
2
100
AcDbSymbolTableRecord
100
AcDbLinetypeTableRecord
  2
Continuous
 70
0
  3

 72
65
 73
0
 40
0.0
  0
ENDTAB
  0
TABLE
  2
LAYER
  5
1
330
0
100
AcDbSymbolTable
 70
6
  0
LAYER
  5
27
330
1
100
AcDbSymbolTableRecord
100
AcDbLayerTableRecord
  2
0
 70
0
 62
7
  6
Continuous
370
-3
390
13
347
21
  0
LAYER
  5
28
330
1
100
AcDbSymbolTableRecord
100
AcDbLayerTableRecord
  2
Defpoints
 70
0
 62
7
  6
Continuous
290
0
370
-3
390
13
347
21
  0
LAYER
  5
2F
330
1
100
AcDbSymbolTableRecord
100
AcDbLayerTableRecord
  2
LINES
 70
0
 62
7
  6
Continuous
370
-3
390
13
347
21
  0
LAYER
  5
30
330
1
100
AcDbSymbolTableRecord
100
AcDbLayerTableRecord
  2
RECTS
 70
0
 62
7
  6
Continuous
370
-3
390
13
347
21
  0
LAYER
  5
31
330
1
100
AcDbSymbolTableRecord
100
AcDbLayerTableRecord
  2
TEXTS
 70
0
 62
3
  6
Continuous
370
-3
390
13
347
21
  0
LAYER
  5
32
330
1
100
AcDbSymbolTableRecord
100
AcDbLayerTableRecord
  2
POLYLINES
 70
0
 62
4
  6
Continuous
370
-3
390
13
347
21
  0
ENDTAB
  0
TABLE
  2
STYLE
  5
5
330
0
100
AcDbSymbolTable
 70
1
  0
STYLE
  5
29
330
5
100
AcDbSymbolTableRecord
100
AcDbTextStyleTableRecord
  2
Standard
 70
0
 40
0.0
 41
1.0
 50
0.0
 71
0
 42
2.5
  3
txt
  4

  0
ENDTAB
  0
TABLE
  2
VIEW
  5
7
330
0
100
AcDbSymbolTable
 70
0
  0
ENDTAB
  0
TABLE
  2
UCS
  5
6
330
0
100
AcDbSymbolTable
 70
0
  0
ENDTAB
  0
TABLE
  2
APPID
  5
3
330
0
100
AcDbSymbolTable
 70
3
  0
APPID
  5
2A
330
3
100
AcDbSymbolTableRecord
100
AcDbRegAppTableRecord
  2
ACAD
 70
0
  0
APPID
  5
1724
330
3
100
AcDbSymbolTableRecord
100
AcDbRegAppTableRecord
  2
HATCHBACKGROUNDCOLOR
 70
0
  0
APPID
  5
1725
330
3
100
AcDbSymbolTableRecord
100
AcDbRegAppTableRecord
  2
EZDXF
 70
0
  0
ENDTAB
  0
TABLE
  2
DIMSTYLE
  5
4
330
0
100
AcDbSymbolTable
 70
1
100
AcDbDimStyleTable
  0
DIMSTYLE
105
2B
330
4
100
AcDbSymbolTableRecord
100
AcDbDimStyleTableRecord
  2
Standard
 70
0
 40
1.0
 41
2.5
 42
0.625
 43
3.75
 44
1.25
 45
0.0
 46
0.0
 47
0.0
 48
0.0
 49
2.5
140
2.5
141
2.5
142
0.0
143
0.03937007874
144
1.0
145
0.0
146
1.0
147
0.625
148
0.0
 69
0
 70
0
 71
0
 72
0
 73
0
 74
0
 75
0
 76
0
 77
1
 78
8
 79
3
170
0
171
3
172
1
173
0
174
0
175
0
176
0
177
0
178
0
179
2
271
2
272
2
273
2
274
3
275
0
276
0
277
2
278
44
279
0
280
0
281
0
282
0
283
0
284
8
285
0
286
0
288
0
289
3
290
0
371
-2
372
-2
  0
ENDTAB
  0
TABLE
  2
BLOCK_RECORD
  5
9
330
0
100
AcDbSymbolTable
 70
2
  0
BLOCK_RECORD
  5
17
330
9
100
AcDbSymbolTableRecord
100
AcDbBlockTableRecord
  2
*Model_Space
340
1A
 70
0
280
1
281
0
  0
BLOCK_RECORD
  5
1B
330
9
100
AcDbSymbolTableRecord
100
AcDbBlockTableRecord
  2
*Paper_Space
340
1E
 70
0
280
1
281
0
  0
ENDTAB
  0
ENDSEC
  0
SECTION
  2
BLOCKS
  0
BLOCK
  5
18
330
17
100
AcDbEntity
  8
0
100
AcDbBlockBegin
  2
*Model_Space
 70
0
 10
0.0
 20
0.0
 30
0.0
  3
*Model_Space
  1

  0
ENDBLK
  5
19
330
17
100
AcDbEntity
  8
0
100
AcDbBlockEnd
  0
BLOCK
  5
1C
330
1B
100
AcDbEntity
  8
0
100
AcDbBlockBegin
  2
*Paper_Space
 70
0
 10
0.0
 20
0.0
 30
0.0
  3
*Paper_Space
  1

  0
ENDBLK
  5
1D
330
1B
100
AcDbEntity
  8
0
100
AcDbBlockEnd
  0
ENDSEC
  0
SECTION
  2
ENTITIES
  0
LINE
  5
33
330
17
100
AcDbEntity
  8
LINES
100
AcDbLine
 10
152.49
 20
217.58
 30
0.0
 11
328.75
 21
217.58
 31
0.0
  0
LINE
  5
34
330
17
100
AcDbEntity
  8
LINES
100
AcDbLine
 10
152.49
 20
805.39
 30
0.0
 11
328.75
 21
805.39
 31
0.0
  0
LINE
  5
35
330
17
100
AcDbEntity
  8
LINES
100
AcDbLine
 10
152.49
 20
235.87
 30
0.0
 11
328.75
 21
235.87
 31
0.0
  0
LINE
  5
36
330
17
100
AcDbEntity
  8
LINES
100
AcDbLine
 10
152.49
 20
780.48
 30
0.0
 11
328.75
 21
780.48
 31
0.0
  0
LINE
  5
37
330
17
100
AcDbEntity
  8
LINES
100
AcDbLine
 10
167.9
 20
765.07
 30
0.0
 11
167.9
 21
253.58
 31
0.0
  0
LINE
  5
38
330
17
100
AcDbEntity
  8
LINES
100
AcDbLine
 10
167.9
 20
765.07
 30
0.0
 11
158.39
 21
765.07
 31
0.0
  0
LINE
  5
39
330
17
100
AcDbEntity
  8
LINES
100
AcDbLine
 10
158.39
 20
765.07
 30
0.0
 11
158.39
 21
780.48
 31
0.0
  0
LINE
  5
3A
330
17
100
AcDbEntity
  8
LINES
100
AcDbLine
 10
322.55
 20
764.21
 30
0.0
 11
322.55
 21
780.48
 31
0.0
  0
LINE
  5
3B
330
17
100
AcDbEntity
  8
LINES
100
AcDbLine
 10
313.48
 20
764.21
 30
0.0
 11
313.48
 21
252.72
 31
0.0
  0
LINE
  5
3C
330
17
100
AcDbEntity
  8
LINES
100
AcDbLine
 10
322.55
 20
764.21
 30
0.0
 11
313.48
 21
764.21
 31
0.0
  0
LINE
  5
3D
330
17
100
AcDbEntity
  8
LINES
100
AcDbLine
 10
313.48
 20
252.72
 30
0.0
 11
325.15
 21
252.72
 31
0.0
  0
LINE
  5
3E
330
17
100
AcDbEntity
  8
LINES
100
AcDbLine
 10
325.15
 20
252.72
 30
0.0
 11
325.15
 21
235.87
 31
0.0
  0
LINE
  5
3F
330
17
100
AcDbEntity
  8
LINES
100
AcDbLine
 10
156.09
 20
253.58
 30
0.0
 11
167.9
 21
253.58
 31
0.0
  0
LINE
  5
40
330
17
100
AcDbEntity
  8
LINES
100
AcDbLine
 10
156.09
 20
253.58
 30
0.0
 11
156.09
 21
235.87
 31
0.0
  0
LINE
  5
41
330
17
100
AcDbEntity
  8
LINES
100
AcDbLine
 10
152.49
 20
805.39
 30
0.0
 11
152.49
 21
217.58
 31
0.0
  0
LINE
  5
42
330
17
100
AcDbEntity
  8
LINES
100
AcDbLine
 10
328.75
 20
805.39
 30
0.0
 11
328.75
 21
217.58
 31
0.0
  0
LINE
  5
43
330
17
100
AcDbEntity
  8
LINES
100
AcDbLine
 10
283.96
 20
618.05
 30
0.0
 11
283.96
 21
613.15
 31
0.0
  0
LINE
  5
44
330
17
100
AcDbEntity
  8
LINES
100
AcDbLine
 10
159.11
 20
562.18
 30
0.0
 11
163.43
 21
561.31
 31
0.0
  0
LINE
  5
45
330
17
100
AcDbEntity
  8
LINES
100
AcDbLine
 10
161.56
 20
563.62
 30
0.0
 11
160.84
 21
559.87
 31
0.0
  0
LINE
  5
46
330
17
100
AcDbEntity
  8
LINES
100
AcDbLine
 10
158.97
 20
562.18
 30
0.0
 11
163.43
 21
561.31
 31
0.0
  0
LINE
  5
47
330
17
100
AcDbEntity
  8
LINES
100
AcDbLine
 10
161.56
 20
563.76
 30
0.0
 11
160.84
 21
559.87
 31
0.0
  0
LINE
  5
48
330
17
100
AcDbEntity
  8
LINES
100
AcDbLine
 10
159.11
 20
602.06
 30
0.0
 11
163.43
 21
601.34
 31
0.0
  0
LINE
  5
49
330
17
100
AcDbEntity
  8
LINES
100
AcDbLine
 10
161.56
 20
603.65
 30
0.0
 11
160.84
 21
599.9
 31
0.0
  0
LINE
  5
4A
330
17
100
AcDbEntity
  8
LINES
100
AcDbLine
 10
158.97
 20
602.21
 30
0.0
 11
163.43
 21
601.2
 31
0.0
  0
LINE
  5
4B
330
17
100
AcDbEntity
  8
LINES
100
AcDbLine
 10
320.11
 20
602.06
 30
0.0
 11
319.39
 21
598.32
 31
0.0
  0
LINE
  5
4C
330
17
100
AcDbEntity
  8
LINES
100
AcDbLine
 10
317.51
 20
600.62
 30
0.0
 11
321.98
 21
599.62
 31
0.0
  0
LINE
  5
4D
330
17
100
AcDbEntity
  8
LINES
100
AcDbLine
 10
320.11
 20
602.06
 30
0.0
 11
319.39
 21
598.18
 31
0.0
  0
LINE
  5
4E
330
17
100
AcDbEntity
  8
LINES
100
AcDbLine
 10
317.66
 20
600.48
 30
0.0
 11
321.98
 21
599.76
 31
0.0
  0
LINE
  5
4F
330
17
100
AcDbEntity
  8
LINES
100
AcDbLine
 10
317.95
 20
561.6
 30
0.0
 11
322.41
 21
560.88
 31
0.0
  0
LINE
  5
50
330
17
100
AcDbEntity
  8
LINES
100
AcDbLine
 10
320.54
 20
563.18
 30
0.0
 11
319.67
 21
559.3
 31
0.0
  0
LINE
  5
51
330
17
100
AcDbEntity
  8
LINES
100
AcDbLine
 10
317.95
 20
561.74
 30
0.0
 11
322.41
 21
560.74
 31
0.0
  0
LINE
  5
52
330
17
100
AcDbEntity
  8
LINES
100
AcDbLine
 10
320.54
 20
563.18
 30
0.0
 11
319.82
 21
559.44
 31
0.0
  0
LINE
  5
53
330
17
100
AcDbEntity
  8
LINES
100
AcDbLine
 10
167.9
 20
619.49
 30
0.0
 11
326.87
 21
619.49
 31
0.0
  0
LINE
  5
54
330
17
100
AcDbEntity
  8
LINES
100
AcDbLine
 10
154.94
 20
543.46
 30
0.0
 11
327.16
 21
543.46
 31
0.0
  0
LINE
  5
55
330
17
100
AcDbEntity
  8
LINES
100
AcDbLine
 10
167.9
 20
619.49
 30
0.0
 11
188.49
 21
619.49
 31
0.0
  0
LINE
  5
56
330
17
100
AcDbEntity
  8
LINES
100
AcDbLine
 10
206.2
 20
619.49
 30
0.0
 11
206.2
 21
561.89
 31
0.0
  0
LINE
  5
57
330
17
100
AcDbEntity
  8
LINES
100
AcDbLine
 10
167.9
 20
619.49
 30
0.0
 11
208.07
 21
619.49
 31
0.0
  0
LINE
  5
58
330
17
100
AcDbEntity
  8
LINES
100
AcDbLine
 10
154.94
 20
619.49
 30
0.0
 11
226.07
 21
619.49
 31
0.0
  0
LINE
  5
59
330
17
100
AcDbEntity
  8
LINES
100
AcDbLine
 10
313.48
 20
619.49
 30
0.0
 11
240.62
 21
619.49
 31
0.0
  0
LINE
  5
5A
330
17
100
AcDbEntity
  8
LINES
100
AcDbLine
 10
313.48
 20
619.49
 30
0.0
 11
313.48
 21
543.46
 31
0.0
  0
LINE
  5
5B
330
17
100
AcDbEntity
  8
LINES
100
AcDbLine
 10
263.08
 20
619.63
 30
0.0
 11
263.08
 21
562.03
 31
0.0
  0
LINE
  5
5C
330
17
100
AcDbEntity
  8
LINES
100
AcDbLine
 10
199.43
 20
619.49
 30
0.0
 11
199.43
 21
561.89
 31
0.0
  0
LINE
  5
5D
330
17
100
AcDbEntity
  8
LINES
100
AcDbLine
 10
240.62
 20
619.49
 30
0.0
 11
240.62
 21
561.89
 31
0.0
  0
LINE
  5
5E
330
17
100
AcDbEntity
  8
LINES
100
AcDbLine
 10
247.39
 20
619.49
 30
0.0
 11
247.39
 21
561.89
 31
0.0
  0
LINE
  5
5F
330
17
100
AcDbEntity
  8
LINES
100
AcDbLine
 10
254.44
 20
619.49
 30
0.0
 11
254.44
 21
561.89
 31
0.0
  0
LINE
  5
60
330
17
100
AcDbEntity
  8
LINES
100
AcDbLine
 10
269.85
 20
619.34
 30
0.0
 11
269.85
 21
561.89
 31
0.0
  0
LINE
  5
61
330
17
100
AcDbEntity
  8
LINES
100
AcDbLine
 10
278.35
 20
619.34
 30
0.0
 11
278.35
 21
561.89
 31
0.0
  0
LINE
  5
62
330
17
100
AcDbEntity
  8
LINES
100
AcDbLine
 10
288.57
 20
619.49
 30
0.0
 11
288.57
 21
561.89
 31
0.0
  0
LINE
  5
63
330
17
100
AcDbEntity
  8
LINES
100
AcDbLine
 10
297.07
 20
619.49
 30
0.0
 11
297.07
 21
561.89
 31
0.0
  0
LINE
  5
64
330
17
100
AcDbEntity
  8
LINES
100
AcDbLine
 10
219.88
 20
619.49
 30
0.0
 11
219.88
 21
561.89
 31
0.0
  0
LINE
  5
65
330
17
100
AcDbEntity
  8
LINES
100
AcDbLine
 10
212.97
 20
619.49
 30
0.0
 11
212.97
 21
561.89
 31
0.0
  0
LINE
  5
66
330
17
100
AcDbEntity
  8
LINES
100
AcDbLine
 10
226.51
 20
619.49
 30
0.0
 11
226.51
 21
561.89
 31
0.0
  0
LINE
  5
67
330
17
100
AcDbEntity
  8
LINES
100
AcDbLine
 10
234.14
 20
619.49
 30
0.0
 11
234.14
 21
561.89
 31
0.0
  0
LINE
  5
68
330
17
100
AcDbEntity
  8
LINES
100
AcDbLine
 10
327.16
 20
619.2
 30
0.0
 11
327.16
 21
543.46
 31
0.0
  0
LINE
  5
69
330
17
100
AcDbEntity
  8
LINES
100
AcDbLine
 10
154.94
 20
619.49
 30
0.0
 11
154.94
 21
543.46
 31
0.0
  0
LINE
  5
6A
330
17
100
AcDbEntity
  8
LINES
100
AcDbLine
 10
168.19
 20
561.89
 30
0.0
 11
313.34
 21
561.89
 31
0.0
  0
LINE
  5
6B
330
17
100
AcDbEntity
  8
LINES
100
AcDbLine
 10
212.39
 20
618.34
 30
0.0
 11
212.39
 21
613.44
 31
0.0
  0
LINE
  5
6C
330
17
100
AcDbEntity
  8
LINES
100
AcDbLine
 10
318.09
 20
583.49
 30
0.0
 11
356.83
 21
583.49
 31
0.0
  0
LINE
  5
6D
330
17
100
AcDbEntity
  8
LINES
100
AcDbLine
 10
360.14
 20
584.64
 30
0.0
 11
360.43
 21
583.06
 31
0.0
  0
LINE
  5
6E
330
17
100
AcDbEntity
  8
LINES
100
AcDbLine
 10
358.41
 20
585.79
 30
0.0
 11
359.71
 21
581.62
 31
0.0
  0
LINE
  5
6F
330
17
100
AcDbEntity
  8
LINES
100
AcDbLine
 10
357.98
 20
586.22
 30
0.0
 11
359.56
 21
586.37
 31
0.0
  0
LINE
  5
70
330
17
100
AcDbEntity
  8
LINES
100
AcDbLine
 10
359.85
 20
585.36
 30
0.0
 11
361.87
 21
585.79
 31
0.0
  0
LINE
  5
71
330
17
100
AcDbEntity
  8
LINES
100
AcDbLine
 10
365.75
 20
583.78
 30
0.0
 11
365.18
 21
583.63
 31
0.0
  0
LINE
  5
72
330
17
100
AcDbEntity
  8
LINES
100
AcDbLine
 10
365.18
 20
585.22
 30
0.0
 11
365.75
 21
585.36
 31
0.0
  0
LINE
  5
73
330
17
100
AcDbEntity
  8
LINES
100
AcDbLine
 10
365.18
 20
586.8
 30
0.0
 11
365.9
 21
586.94
 31
0.0
  0
LINE
  5
74
330
17
100
AcDbEntity
  8
LINES
100
AcDbLine
 10
364.6
 20
584.06
 30
0.0
 11
363.88
 21
583.92
 31
0.0
  0
LINE
  5
75
330
17
100
AcDbEntity
  8
LINES
100
AcDbLine
 10
364.6
 20
582.48
 30
0.0
 11
364.75
 21
584.21
 31
0.0
  0
LINE
  5
76
330
17
100
AcDbEntity
  8
LINES
100
AcDbLine
 10
363.88
 20
582.34
 30
0.0
 11
364.6
 21
582.48
 31
0.0
  0
LINE
  5
77
330
17
100
AcDbEntity
  8
LINES
100
AcDbLine
 10
363.88
 20
584.35
 30
0.0
 11
363.88
 21
581.9
 31
0.0
  0
LINE
  5
78
330
17
100
AcDbEntity
  8
LINES
100
AcDbLine
 10
363.74
 20
585.5
 30
0.0
 11
364.89
 21
585.79
 31
0.0
  0
LINE
  5
79
330
17
100
AcDbEntity
  8
LINES
100
AcDbLine
 10
363.02
 20
587.66
 30
0.0
 11
363.59
 21
586.66
 31
0.0
  0
LINE
  5
7A
330
17
100
AcDbEntity
  8
LINES
100
AcDbLine
 10
362.44
 20
585.5
 30
0.0
 11
363.16
 21
584.35
 31
0.0
  0
LINE
  5
7B
330
17
100
AcDbEntity
  8
LINES
100
AcDbLine
 10
362.87
 20
581.04
 30
0.0
 11
363.45
 21
585.22
 31
0.0
  0
LINE
  5
7C
330
17
100
AcDbEntity
  8
LINES
100
AcDbLine
 10
365.18
 20
587.38
 30
0.0
 11
365.18
 21
584.21
 31
0.0
  0
LINE
  5
7D
330
17
100
AcDbEntity
  8
LINES
100
AcDbLine
 10
366.04
 20
587.38
 30
0.0
 11
366.04
 21
581.04
 31
0.0
  0
LINE
  5
7E
330
17
100
AcDbEntity
  8
LINES
100
AcDbLine
 10
364.31
 20
588.1
 30
0.0
 11
364.31
 21
584.06
 31
0.0
  0
LINE
  5
7F
330
17
100
AcDbEntity
  8
LINES
100
AcDbLine
 10
362.44
 20
582.05
 30
0.0
 11
362.87
 21
581.33
 31
0.0
  0
LINE
  5
80
330
17
100
AcDbEntity
  8
LINES
100
AcDbLine
 10
368.92
 20
583.34
 30
0.0
 11
368.78
 21
580.32
 31
0.0
  0
LINE
  5
81
330
17
100
AcDbEntity
  8
LINES
100
AcDbLine
 10
367.77
 20
582.05
 30
0.0
 11
369.93
 21
582.34
 31
0.0
  0
LINE
  5
82
330
17
100
AcDbEntity
  8
LINES
100
AcDbLine
 10
367.91
 20
583.2
 30
0.0
 11
369.79
 21
583.49
 31
0.0
  0
LINE
  5
83
330
17
100
AcDbEntity
  8
LINES
100
AcDbLine
 10
369.35
 20
585.07
 30
0.0
 11
369.21
 21
583.49
 31
0.0
  0
LINE
  5
84
330
17
100
AcDbEntity
  8
LINES
100
AcDbLine
 10
368.35
 20
584.93
 30
0.0
 11
368.63
 21
583.34
 31
0.0
  0
LINE
  5
85
330
17
100
AcDbEntity
  8
LINES
100
AcDbLine
 10
367.48
 20
584.93
 30
0.0
 11
370.36
 21
585.22
 31
0.0
  0
LINE
  5
86
330
17
100
AcDbEntity
  8
LINES
100
AcDbLine
 10
367.48
 20
585.5
 30
0.0
 11
367.48
 21
580.03
 31
0.0
  0
LINE
  5
87
330
17
100
AcDbEntity
  8
LINES
100
AcDbLine
 10
369.07
 20
588.1
 30
0.0
 11
368.92
 21
585.07
 31
0.0
  0
LINE
  5
88
330
17
100
AcDbEntity
  8
LINES
100
AcDbLine
 10
367.19
 20
586.22
 30
0.0
 11
370.65
 21
586.66
 31
0.0
  0
LINE
  5
89
330
17
100
AcDbEntity
  8
LINES
100
AcDbLine
 10
375.26
 20
585.65
 30
0.0
 11
374.39
 21
587.23
 31
0.0
  0
LINE
  5
8A
330
17
100
AcDbEntity
  8
LINES
100
AcDbLine
 10
371.95
 20
584.93
 30
0.0
 11
373.1
 21
587.23
 31
0.0
  0
LINE
  5
8B
330
17
100
AcDbEntity
  8
LINES
100
AcDbLine
 10
373.67
 20
588.1
 30
0.0
 11
373.67
 21
585.5
 31
0.0
  0
LINE
  5
8C
330
17
100
AcDbEntity
  8
LINES
100
AcDbLine
 10
372.67
 20
584.21
 30
0.0
 11
372.67
 21
580.32
 31
0.0
  0
LINE
  5
8D
330
17
100
AcDbEntity
  8
LINES
100
AcDbLine
 10
374.54
 20
580.32
 30
0.0
 11
374.68
 21
584.5
 31
0.0
  0
LINE
  5
8E
330
17
100
AcDbEntity
  8
LINES
100
AcDbLine
 10
374.68
 20
584.35
 30
0.0
 11
372.67
 21
583.92
 31
0.0
  0
LINE
  5
8F
330
17
100
AcDbEntity
  8
LINES
100
AcDbLine
 10
372.67
 20
582.77
 30
0.0
 11
374.25
 21
583.06
 31
0.0
  0
LINE
  5
90
330
17
100
AcDbEntity
  8
LINES
100
AcDbLine
 10
372.67
 20
581.76
 30
0.0
 11
374.25
 21
582.05
 31
0.0
  0
LINE
  5
91
330
17
100
AcDbEntity
  8
LINES
100
AcDbLine
 10
372.67
 20
580.75
 30
0.0
 11
374.54
 21
580.9
 31
0.0
  0
LINE
  5
92
330
17
100
AcDbEntity
  8
LINES
100
AcDbLine
 10
378.71
 20
586.94
 30
0.0
 11
378.71
 21
584.78
 31
0.0
  0
LINE
  5
93
330
17
100
AcDbEntity
  8
LINES
100
AcDbLine
 10
379.29
 20
583.78
 30
0.0
 11
379.15
 21
582.34
 31
0.0
  0
LINE
  5
94
330
17
100
AcDbEntity
  8
LINES
100
AcDbLine
 10
376.7
 20
581.04
 30
0.0
 11
377.42
 21
582.77
 31
0.0
  0
LINE
  5
95
330
17
100
AcDbEntity
  8
LINES
100
AcDbLine
 10
378.28
 20
582.05
 30
0.0
 11
379.29
 21
582.34
 31
0.0
  0
LINE
  5
96
330
17
100
AcDbEntity
  8
LINES
100
AcDbLine
 10
378.28
 20
583.34
 30
0.0
 11
379.29
 21
583.49
 31
0.0
  0
LINE
  5
97
330
17
100
AcDbEntity
  8
LINES
100
AcDbLine
 10
378.28
 20
583.78
 30
0.0
 11
378.28
 21
581.62
 31
0.0
  0
LINE
  5
98
330
17
100
AcDbEntity
  8
LINES
100
AcDbLine
 10
378.14
 20
584.64
 30
0.0
 11
379.43
 21
584.78
 31
0.0
  0
LINE
  5
99
330
17
100
AcDbEntity
  8
LINES
100
AcDbLine
 10
378.14
 20
585.65
 30
0.0
 11
379.43
 21
585.79
 31
0.0
  0
LINE
  5
9A
330
17
100
AcDbEntity
  8
LINES
100
AcDbLine
 10
377.85
 20
587.23
 30
0.0
 11
379.87
 21
587.38
 31
0.0
  0
LINE
  5
9B
330
17
100
AcDbEntity
  8
LINES
100
AcDbLine
 10
376.55
 20
587.66
 30
0.0
 11
377.13
 21
586.22
 31
0.0
  0
LINE
  5
9C
330
17
100
AcDbEntity
  8
LINES
100
AcDbLine
 10
376.84
 20
585.36
 30
0.0
 11
376.7
 21
581.18
 31
0.0
  0
LINE
  5
9D
330
17
100
AcDbEntity
  8
LINES
100
AcDbLine
 10
375.98
 20
584.78
 30
0.0
 11
376.84
 21
585.07
 31
0.0
  0
LINE
  5
9E
330
17
100
AcDbEntity
  8
LINES
100
AcDbLine
 10
382.6
 20
588.1
 30
0.0
 11
382.6
 21
584.64
 31
0.0
  0
LINE
  5
9F
330
17
100
AcDbEntity
  8
LINES
100
AcDbLine
 10
384.19
 20
584.93
 30
0.0
 11
380.87
 21
584.35
 31
0.0
  0
LINE
  5
A0
330
17
100
AcDbEntity
  8
LINES
100
AcDbLine
 10
384.33
 20
580.32
 30
0.0
 11
384.19
 21
582.05
 31
0.0
  0
LINE
  5
A1
330
17
100
AcDbEntity
  8
LINES
100
AcDbLine
 10
381.88
 20
585.5
 30
0.0
 11
381.45
 21
586.94
 31
0.0
  0
LINE
  5
A2
330
17
100
AcDbEntity
  8
LINES
100
AcDbLine
 10
382.89
 20
585.07
 30
0.0
 11
383.61
 21
586.94
 31
0.0
  0
LINE
  5
A3
330
17
100
AcDbEntity
  8
LINES
100
AcDbLine
 10
385.63
 20
586.66
 30
0.0
 11
385.63
 21
582.05
 31
0.0
  0
LINE
  5
A4
330
17
100
AcDbEntity
  8
LINES
100
AcDbLine
 10
385.63
 20
585.94
 30
0.0
 11
388.36
 21
586.22
 31
0.0
  0
LINE
  5
A5
330
17
100
AcDbEntity
  8
LINES
100
AcDbLine
 10
388.36
 20
586.51
 30
0.0
 11
388.07
 21
583.2
 31
0.0
  0
LINE
  5
A6
330
17
100
AcDbEntity
  8
LINES
100
AcDbLine
 10
388.22
 20
583.2
 30
0.0
 11
385.63
 21
582.77
 31
0.0
  0
LINE
  5
A7
330
17
100
AcDbEntity
  8
LINES
100
AcDbLine
 10
386.06
 20
584.5
 30
0.0
 11
387.64
 21
584.78
 31
0.0
  0
LINE
  5
A8
330
17
100
AcDbEntity
  8
LINES
100
AcDbLine
 10
389.66
 20
583.49
 30
0.0
 11
393.55
 21
583.92
 31
0.0
  0
LINE
  5
A9
330
17
100
AcDbEntity
  8
LINES
100
AcDbLine
 10
395.56
 20
587.81
 30
0.0
 11
394.12
 21
583.92
 31
0.0
  0
LINE
  5
AA
330
17
100
AcDbEntity
  8
LINES
100
AcDbLine
 10
396.71
 20
588.1
 30
0.0
 11
396.71
 21
580.03
 31
0.0
  0
LINE
  5
AB
330
17
100
AcDbEntity
  8
LINES
100
AcDbLine
 10
395.85
 20
582.34
 30
0.0
 11
397.43
 21
582.62
 31
0.0
  0
LINE
  5
AC
330
17
100
AcDbEntity
  8
LINES
100
AcDbLine
 10
394.99
 20
580.18
 30
0.0
 11
394.99
 21
586.22
 31
0.0
  0
LINE
  5
AD
330
17
100
AcDbEntity
  8
LINES
100
AcDbLine
 10
395.42
 20
585.65
 30
0.0
 11
398.01
 21
586.08
 31
0.0
  0
LINE
  5
AE
330
17
100
AcDbEntity
  8
LINES
100
AcDbLine
 10
400.46
 20
587.81
 30
0.0
 11
398.73
 21
584.06
 31
0.0
  0
LINE
  5
AF
330
17
100
AcDbEntity
  8
LINES
100
AcDbLine
 10
399.74
 20
586.22
 30
0.0
 11
399.74
 21
580.18
 31
0.0
  0
LINE
  5
B0
330
17
100
AcDbEntity
  8
LINES
100
AcDbLine
 10
402.33
 20
586.08
 30
0.0
 11
400.31
 21
583.06
 31
0.0
  0
LINE
  5
B1
330
17
100
AcDbEntity
  8
LINES
100
AcDbLine
 10
404.2
 20
584.93
 30
0.0
 11
403.19
 21
584.78
 31
0.0
  0
LINE
  5
B2
330
17
100
AcDbEntity
  8
LINES
100
AcDbLine
 10
404.2
 20
581.62
 30
0.0
 11
404.2
 21
585.36
 31
0.0
  0
LINE
  5
B3
330
17
100
AcDbEntity
  8
LINES
100
AcDbLine
 10
404.92
 20
582.62
 30
0.0
 11
403.91
 21
580.9
 31
0.0
  0
LINE
  5
B4
330
17
100
AcDbEntity
  8
LINES
100
AcDbLine
 10
403.77
 20
587.38
 30
0.0
 11
404.35
 21
586.22
 31
0.0
  0
LINE
  5
B5
330
17
100
AcDbEntity
  8
LINES
100
AcDbLine
 10
405.07
 20
584.06
 30
0.0
 11
406.36
 21
584.21
 31
0.0
  0
LINE
  5
B6
330
17
100
AcDbEntity
  8
LINES
100
AcDbLine
 10
406.51
 20
584.5
 30
0.0
 11
405.93
 21
582.48
 31
0.0
  0
LINE
  5
B7
330
17
100
AcDbEntity
  8
LINES
100
AcDbLine
 10
405.35
 20
587.66
 30
0.0
 11
405.35
 21
586.08
 31
0.0
  0
LINE
  5
B8
330
17
100
AcDbEntity
  8
LINES
100
AcDbLine
 10
405.35
 20
587.23
 30
0.0
 11
406.07
 21
587.38
 31
0.0
  0
LINE
  5
B9
330
17
100
AcDbEntity
  8
LINES
100
AcDbLine
 10
409.53
 20
587.81
 30
0.0
 11
408.81
 21
586.51
 31
0.0
  0
LINE
  5
BA
330
17
100
AcDbEntity
  8
LINES
100
AcDbLine
 10
409.82
 20
583.49
 30
0.0
 11
409.82
 21
580.9
 31
0.0
  0
LINE
  5
BB
330
17
100
AcDbEntity
  8
LINES
100
AcDbLine
 10
409.1
 20
582.05
 30
0.0
 11
410.39
 21
582.34
 31
0.0
  0
LINE
  5
BC
330
17
100
AcDbEntity
  8
LINES
100
AcDbLine
 10
410.68
 20
580.9
 30
0.0
 11
408.95
 21
580.75
 31
0.0
  0
LINE
  5
BD
330
17
100
AcDbEntity
  8
LINES
100
AcDbLine
 10
410.83
 20
583.92
 30
0.0
 11
410.68
 21
580.32
 31
0.0
  0
LINE
  5
BE
330
17
100
AcDbEntity
  8
LINES
100
AcDbLine
 10
408.95
 20
583.49
 30
0.0
 11
410.68
 21
583.78
 31
0.0
  0
LINE
  5
BF
330
17
100
AcDbEntity
  8
LINES
100
AcDbLine
 10
408.95
 20
583.78
 30
0.0
 11
408.95
 21
580.32
 31
0.0
  0
LINE
  5
C0
330
17
100
AcDbEntity
  8
LINES
100
AcDbLine
 10
408.95
 20
586.66
 30
0.0
 11
410.68
 21
586.94
 31
0.0
  0
LINE
  5
C1
330
17
100
AcDbEntity
  8
LINES
100
AcDbLine
 10
408.81
 20
586.51
 30
0.0
 11
408.09
 21
584.93
 31
0.0
  0
LINE
  5
C2
330
17
100
AcDbEntity
  8
LINES
100
AcDbLine
 10
173.95
 20
581.76
 30
0.0
 11
175.53
 21
578.59
 31
0.0
  0
LINE
  5
C3
330
17
100
AcDbEntity
  8
LINES
100
AcDbLine
 10
192.67
 20
619.34
 30
0.0
 11
192.67
 21
561.74
 31
0.0
  0
LINE
  5
C4
330
17
100
AcDbEntity
  8
LINES
100
AcDbLine
 10
167.9
 20
553.25
 30
0.0
 11
313.48
 21
553.25
 31
0.0
  0
LINE
  5
C5
330
17
100
AcDbEntity
  8
LINES
100
AcDbLine
 10
236.87
 20
557.42
 30
0.0
 11
238.6
 21
557.42
 31
0.0
  0
LINE
  5
C6
330
17
100
AcDbEntity
  8
LINES
100
AcDbLine
 10
241.19
 20
555.98
 30
0.0
 11
243.21
 21
555.98
 31
0.0
  0
LINE
  5
C7
330
17
100
AcDbEntity
  8
LINES
100
AcDbLine
 10
183.45
 20
709.78
 30
0.0
 11
184.89
 21
710.5
 31
0.0
  0
LINE
  5
C8
330
17
100
AcDbEntity
  8
LINES
100
AcDbLine
 10
185.03
 20
713.81
 30
0.0
 11
183.74
 21
710.06
 31
0.0
  0
LINE
  5
C9
330
17
100
AcDbEntity
  8
LINES
100
AcDbLine
 10
183.16
 20
712.37
 30
0.0
 11
184.6
 21
712.8
 31
0.0
  0
LINE
  5
CA
330
17
100
AcDbEntity
  8
LINES
100
AcDbLine
 10
183.16
 20
707.18
 30
0.0
 11
184.89
 21
708.62
 31
0.0
  0
LINE
  5
CB
330
17
100
AcDbEntity
  8
LINES
100
AcDbLine
 10
186.91
 20
716.26
 30
0.0
 11
186.76
 21
714.82
 31
0.0
  0
LINE
  5
CC
330
17
100
AcDbEntity
  8
LINES
100
AcDbLine
 10
186.04
 20
715.39
 30
0.0
 11
186.04
 21
711.65
 31
0.0
  0
LINE
  5
CD
330
17
100
AcDbEntity
  8
LINES
100
AcDbLine
 10
186.04
 20
711.94
 30
0.0
 11
187.91
 21
712.22
 31
0.0
  0
LINE
  5
CE
330
17
100
AcDbEntity
  8
LINES
100
AcDbLine
 10
187.63
 20
712.22
 30
0.0
 11
187.91
 21
715.1
 31
0.0
  0
LINE
  5
CF
330
17
100
AcDbEntity
  8
LINES
100
AcDbLine
 10
187.77
 20
714.96
 30
0.0
 11
186.04
 21
714.67
 31
0.0
  0
LINE
  5
D0
330
17
100
AcDbEntity
  8
LINES
100
AcDbLine
 10
186.04
 20
713.38
 30
0.0
 11
187.34
 21
713.66
 31
0.0
  0
LINE
  5
D1
330
17
100
AcDbEntity
  8
LINES
100
AcDbLine
 10
188.2
 20
706.75
 30
0.0
 11
187.63
 21
708.19
 31
0.0
  0
LINE
  5
D2
330
17
100
AcDbEntity
  8
LINES
100
AcDbLine
 10
186.91
 20
705.74
 30
0.0
 11
186.91
 21
711.94
 31
0.0
  0
LINE
  5
D3
330
17
100
AcDbEntity
  8
LINES
100
AcDbLine
 10
184.6
 20
715.82
 30
0.0
 11
183.31
 21
712.51
 31
0.0
  0
LINE
  5
D4
330
17
100
AcDbEntity
  8
LINES
100
AcDbLine
 10
185.61
 20
710.93
 30
0.0
 11
185.61
 21
706.9
 31
0.0
  0
LINE
  5
D5
330
17
100
AcDbEntity
  8
LINES
100
AcDbLine
 10
185.61
 20
710.21
 30
0.0
 11
188.35
 21
710.5
 31
0.0
  0
LINE
  5
D6
330
17
100
AcDbEntity
  8
LINES
100
AcDbLine
 10
188.35
 20
710.78
 30
0.0
 11
188.2
 21
706.9
 31
0.0
  0
LINE
  5
D7
330
17
100
AcDbEntity
  8
LINES
100
AcDbLine
 10
191.95
 20
713.95
 30
0.0
 11
193.82
 21
714.38
 31
0.0
  0
LINE
  5
D8
330
17
100
AcDbEntity
  8
LINES
100
AcDbLine
 10
191.95
 20
707.62
 30
0.0
 11
193.67
 21
707.9
 31
0.0
  0
LINE
  5
D9
330
17
100
AcDbEntity
  8
LINES
100
AcDbLine
 10
191.95
 20
710.93
 30
0.0
 11
193.39
 21
711.22
 31
0.0
  0
LINE
  5
DA
330
17
100
AcDbEntity
  8
LINES
100
AcDbLine
 10
193.82
 20
714.82
 30
0.0
 11
193.67
 21
706.75
 31
0.0
  0
LINE
  5
DB
330
17
100
AcDbEntity
  8
LINES
100
AcDbLine
 10
191.95
 20
714.96
 30
0.0
 11
191.95
 21
706.61
 31
0.0
  0
LINE
  5
DC
330
17
100
AcDbEntity
  8
LINES
100
AcDbLine
 10
189.79
 20
714.82
 30
0.0
 11
190.94
 21
715.1
 31
0.0
  0
LINE
  5
DD
330
17
100
AcDbEntity
  8
LINES
100
AcDbLine
 10
189.79
 20
715.82
 30
0.0
 11
189.79
 21
705.89
 31
0.0
  0
LINE
  5
DE
330
17
100
AcDbEntity
  8
LINES
100
AcDbLine
 10
196.55
 20
715.54
 30
0.0
 11
199.43
 21
715.82
 31
0.0
  0
LINE
  5
DF
330
17
100
AcDbEntity
  8
LINES
100
AcDbLine
 10
199.43
 20
716.11
 30
0.0
 11
199.15
 21
712.51
 31
0.0
  0
LINE
  5
E0
330
17
100
AcDbEntity
  8
LINES
100
AcDbLine
 10
199.43
 20
712.51
 30
0.0
 11
196.55
 21
712.22
 31
0.0
  0
LINE
  5
E1
330
17
100
AcDbEntity
  8
LINES
100
AcDbLine
 10
196.99
 20
713.81
 30
0.0
 11
198.86
 21
714.1
 31
0.0
  0
LINE
  5
E2
330
17
100
AcDbEntity
  8
LINES
100
AcDbLine
 10
199.58
 20
710.64
 30
0.0
 11
198.43
 21
708.77
 31
0.0
  0
LINE
  5
E3
330
17
100
AcDbEntity
  8
LINES
100
AcDbLine
 10
196.12
 20
710.93
 30
0.0
 11
196.84
 21
709.06
 31
0.0
  0
LINE
  5
E4
330
17
100
AcDbEntity
  8
LINES
100
AcDbLine
 10
203.61
 20
706.61
 30
0.0
 11
205.48
 21
706.75
 31
0.0
  0
LINE
  5
E5
330
17
100
AcDbEntity
  8
LINES
100
AcDbLine
 10
205.63
 20
709.63
 30
0.0
 11
205.34
 21
706.75
 31
0.0
  0
LINE
  5
E6
330
17
100
AcDbEntity
  8
LINES
100
AcDbLine
 10
203.61
 20
709.49
 30
0.0
 11
203.61
 21
705.89
 31
0.0
  0
LINE
  5
E7
330
17
100
AcDbEntity
  8
LINES
100
AcDbLine
 10
202.75
 20
713.52
 30
0.0
 11
206.49
 21
713.95
 31
0.0
  0
LINE
  5
E8
330
17
100
AcDbEntity
  8
LINES
100
AcDbLine
 10
204.33
 20
716.4
 30
0.0
 11
205.05
 21
714.38
 31
0.0
  0
LINE
  5
E9
330
17
100
AcDbEntity
  8
LINES
100
AcDbLine
 10
203.03
 20
716.4
 30
0.0
 11
201.16
 21
710.93
 31
0.0
  0
LINE
  5
EA
330
17
100
AcDbEntity
  8
LINES
100
AcDbLine
 10
202.31
 20
714.1
 30
0.0
 11
202.31
 21
705.89
 31
0.0
  0
LINE
  5
EB
330
17
100
AcDbEntity
  8
LINES
100
AcDbLine
 10
203.61
 20
712.08
 30
0.0
 11
205.77
 21
712.51
 31
0.0
  0
LINE
  5
EC
330
17
100
AcDbEntity
  8
LINES
100
AcDbLine
 10
205.77
 20
710.78
 30
0.0
 11
203.47
 21
710.5
 31
0.0
  0
LINE
  5
ED
330
17
100
AcDbEntity
  8
LINES
100
AcDbLine
 10
203.61
 20
708.91
 30
0.0
 11
205.48
 21
709.2
 31
0.0
  0
LINE
  5
EE
330
17
100
AcDbEntity
  8
LINES
100
AcDbLine
 10
209.95
 20
716.26
 30
0.0
 11
209.95
 21
711.79
 31
0.0
  0
LINE
  5
EF
330
17
100
AcDbEntity
  8
LINES
100
AcDbLine
 10
212.25
 20
711.94
 30
0.0
 11
207.64
 21
711.36
 31
0.0
  0
LINE
  5
F0
330
17
100
AcDbEntity
  8
LINES
100
AcDbLine
 10
212.39
 20
705.89
 30
0.0
 11
212.11
 21
708.34
 31
0.0
  0
LINE
  5
F1
330
17
100
AcDbEntity
  8
LINES
100
AcDbLine
 10
209.08
 20
712.8
 30
0.0
 11
208.51
 21
714.67
 31
0.0
  0
LINE
  5
F2
330
17
100
AcDbEntity
  8
LINES
100
AcDbLine
 10
210.52
 20
712.22
 30
0.0
 11
211.53
 21
714.82
 31
0.0
  0
LINE
  5
F3
330
17
100
AcDbEntity
  8
LINES
100
AcDbLine
 10
214.12
 20
714.38
 30
0.0
 11
214.12
 21
708.34
 31
0.0
  0
LINE
  5
F4
330
17
100
AcDbEntity
  8
LINES
100
AcDbLine
 10
214.12
 20
713.38
 30
0.0
 11
217.72
 21
713.81
 31
0.0
  0
LINE
  5
F5
330
17
100
AcDbEntity
  8
LINES
100
AcDbLine
 10
217.87
 20
714.24
 30
0.0
 11
217.29
 21
709.78
 31
0.0
  0
LINE
  5
F6
330
17
100
AcDbEntity
  8
LINES
100
AcDbLine
 10
217.58
 20
709.78
 30
0.0
 11
214.12
 21
709.2
 31
0.0
  0
LINE
  5
F7
330
17
100
AcDbEntity
  8
LINES
100
AcDbLine
 10
214.7
 20
711.5
 30
0.0
 11
216.86
 21
711.79
 31
0.0
  0
LINE
  5
F8
330
17
100
AcDbEntity
  8
LINES
100
AcDbLine
 10
219.45
 20
710.21
 30
0.0
 11
224.78
 21
710.64
 31
0.0
  0
LINE
  5
F9
330
17
100
AcDbEntity
  8
LINES
100
AcDbLine
 10
227.23
 20
715.97
 30
0.0
 11
225.35
 21
710.78
 31
0.0
  0
LINE
  5
FA
330
17
100
AcDbEntity
  8
LINES
100
AcDbLine
 10
228.81
 20
716.26
 30
0.0
 11
228.81
 21
705.6
 31
0.0
  0
LINE
  5
FB
330
17
100
AcDbEntity
  8
LINES
100
AcDbLine
 10
227.8
 20
708.48
 30
0.0
 11
229.82
 21
708.91
 31
0.0
  0
LINE
  5
FC
330
17
100
AcDbEntity
  8
LINES
100
AcDbLine
 10
226.51
 20
705.74
 30
0.0
 11
226.51
 21
713.81
 31
0.0
  0
LINE
  5
FD
330
17
100
AcDbEntity
  8
LINES
100
AcDbLine
 10
227.08
 20
713.09
 30
0.0
 11
230.68
 21
713.66
 31
0.0
  0
LINE
  5
FE
330
17
100
AcDbEntity
  8
LINES
100
AcDbLine
 10
233.85
 20
715.97
 30
0.0
 11
231.55
 21
710.93
 31
0.0
  0
LINE
  5
FF
330
17
100
AcDbEntity
  8
LINES
100
AcDbLine
 10
232.99
 20
713.81
 30
0.0
 11
232.99
 21
705.74
 31
0.0
  0
LINE
  5
100
330
17
100
AcDbEntity
  8
LINES
100
AcDbLine
 10
236.44
 20
713.66
 30
0.0
 11
233.56
 21
709.63
 31
0.0
  0
LINE
  5
101
330
17
100
AcDbEntity
  8
LINES
100
AcDbLine
 10
239.47
 20
713.52
 30
0.0
 11
237.59
 21
712.94
 31
0.0
  0
LINE
  5
102
330
17
100
AcDbEntity
  8
LINES
100
AcDbLine
 10
237.59
 20
709.63
 30
0.0
 11
239.47
 21
711.79
 31
0.0
  0
LINE
  5
103
330
17
100
AcDbEntity
  8
LINES
100
AcDbLine
 10
240.62
 20
716.4
 30
0.0
 11
241.34
 21
714.53
 31
0.0
  0
LINE
  5
104
330
17
100
AcDbEntity
  8
LINES
100
AcDbLine
 10
239.9
 20
713.81
 30
0.0
 11
242.49
 21
714.53
 31
0.0
  0
LINE
  5
105
330
17
100
AcDbEntity
  8
LINES
100
AcDbLine
 10
242.63
 20
711.94
 30
0.0
 11
239.75
 21
711.22
 31
0.0
  0
LINE
  5
106
330
17
100
AcDbEntity
  8
LINES
100
AcDbLine
 10
239.32
 20
709.34
 30
0.0
 11
242.92
 21
710.06
 31
0.0
  0
LINE
  5
107
330
17
100
AcDbEntity
  8
LINES
100
AcDbLine
 10
241.19
 20
707.76
 30
0.0
 11
240.33
 21
708.34
 31
0.0
  0
LINE
  5
108
330
17
100
AcDbEntity
  8
LINES
100
AcDbLine
 10
240.76
 20
712.08
 30
0.0
 11
240.47
 21
713.52
 31
0.0
  0
LINE
  5
109
330
17
100
AcDbEntity
  8
LINES
100
AcDbLine
 10
241.77
 20
714.38
 30
0.0
 11
241.48
 21
711.79
 31
0.0
  0
LINE
  5
10A
330
17
100
AcDbEntity
  8
LINES
100
AcDbLine
 10
241.19
 20
707.76
 30
0.0
 11
242.63
 21
706.03
 31
0.0
  0
LINE
  5
10B
330
17
100
AcDbEntity
  8
LINES
100
AcDbLine
 10
240.91
 20
711.5
 30
0.0
 11
240.33
 21
708.34
 31
0.0
  0
LINE
  5
10C
330
17
100
AcDbEntity
  8
LINES
100
AcDbLine
 10
241.77
 20
709.78
 30
0.0
 11
241.19
 21
707.62
 31
0.0
  0
LINE
  5
10D
330
17
100
AcDbEntity
  8
LINES
100
AcDbLine
 10
250.99
 20
712.08
 30
0.0
 11
249.69
 21
711.79
 31
0.0
  0
LINE
  5
10E
330
17
100
AcDbEntity
  8
LINES
100
AcDbLine
 10
250.99
 20
707.62
 30
0.0
 11
250.99
 21
712.51
 31
0.0
  0
LINE
  5
10F
330
17
100
AcDbEntity
  8
LINES
100
AcDbLine
 10
251.85
 20
709.06
 30
0.0
 11
250.55
 21
706.61
 31
0.0
  0
LINE
  5
110
330
17
100
AcDbEntity
  8
LINES
100
AcDbLine
 10
250.41
 20
715.39
 30
0.0
 11
251.13
 21
713.81
 31
0.0
  0
LINE
  5
111
330
17
100
AcDbEntity
  8
LINES
100
AcDbLine
 10
251.99
 20
710.93
 30
0.0
 11
253.87
 21
711.22
 31
0.0
  0
LINE
  5
112
330
17
100
AcDbEntity
  8
LINES
100
AcDbLine
 10
254.15
 20
711.5
 30
0.0
 11
253.29
 21
708.77
 31
0.0
  0
LINE
  5
113
330
17
100
AcDbEntity
  8
LINES
100
AcDbLine
 10
252.43
 20
715.82
 30
0.0
 11
252.43
 21
713.66
 31
0.0
  0
LINE
  5
114
330
17
100
AcDbEntity
  8
LINES
100
AcDbLine
 10
252.43
 20
715.1
 30
0.0
 11
253.58
 21
715.39
 31
0.0
  0
LINE
  5
115
330
17
100
AcDbEntity
  8
LINES
100
AcDbLine
 10
258.04
 20
715.97
 30
0.0
 11
257.18
 21
714.1
 31
0.0
  0
LINE
  5
116
330
17
100
AcDbEntity
  8
LINES
100
AcDbLine
 10
258.47
 20
710.21
 30
0.0
 11
258.47
 21
706.75
 31
0.0
  0
LINE
  5
117
330
17
100
AcDbEntity
  8
LINES
100
AcDbLine
 10
257.47
 20
708.34
 30
0.0
 11
259.34
 21
708.48
 31
0.0
  0
LINE
  5
118
330
17
100
AcDbEntity
  8
LINES
100
AcDbLine
 10
259.63
 20
706.75
 30
0.0
 11
257.18
 21
706.46
 31
0.0
  0
LINE
  5
119
330
17
100
AcDbEntity
  8
LINES
100
AcDbLine
 10
259.77
 20
710.64
 30
0.0
 11
259.63
 21
705.89
 31
0.0
  0
LINE
  5
11A
330
17
100
AcDbEntity
  8
LINES
100
AcDbLine
 10
257.18
 20
710.06
 30
0.0
 11
259.63
 21
710.5
 31
0.0
  0
LINE
  5
11B
330
17
100
AcDbEntity
  8
LINES
100
AcDbLine
 10
257.18
 20
710.5
 30
0.0
 11
257.18
 21
705.89
 31
0.0
  0
LINE
  5
11C
330
17
100
AcDbEntity
  8
LINES
100
AcDbLine
 10
257.32
 20
714.38
 30
0.0
 11
259.63
 21
714.82
 31
0.0
  0
LINE
  5
11D
330
17
100
AcDbEntity
  8
LINES
100
AcDbLine
 10
257.18
 20
714.1
 30
0.0
 11
256.03
 21
711.94
 31
0.0
  0
LINE
  5
11E
330
17
100
AcDbEntity
  8
LINES
100
AcDbLine
 10
167.9
 20
612.0
 30
0.0
 11
313.48
 21
612.0
 31
0.0
  0
LINE
  5
11F
330
17
100
AcDbEntity
  8
LINES
100
AcDbLine
 10
304.55
 20
619.49
 30
0.0
 11
304.55
 21
612.0
 31
0.0
  0
LINE
  5
120
330
17
100
AcDbEntity
  8
LINES
100
AcDbLine
 10
177.83
 20
619.49
 30
0.0
 11
177.83
 21
612.0
 31
0.0
  0
LINE
  5
121
330
17
100
AcDbEntity
  8
LINES
100
AcDbLine
 10
186.91
 20
619.49
 30
0.0
 11
186.91
 21
612.14
 31
0.0
  0
LINE
  5
122
330
17
100
AcDbEntity
  8
LINES
100
AcDbLine
 10
177.83
 20
612.0
 30
0.0
 11
177.83
 21
561.89
 31
0.0
  0
LINE
  5
123
330
17
100
AcDbEntity
  8
LINES
100
AcDbLine
 10
186.91
 20
612.14
 30
0.0
 11
186.91
 21
561.89
 31
0.0
  0
LINE
  5
124
330
17
100
AcDbEntity
  8
LINES
100
AcDbLine
 10
182.73
 20
581.47
 30
0.0
 11
184.31
 21
578.3
 31
0.0
  0
LINE
  5
125
330
17
100
AcDbEntity
  8
LINES
100
AcDbLine
 10
194.68
 20
596.59
 30
0.0
 11
196.55
 21
596.59
 31
0.0
  0
LINE
  5
126
330
17
100
AcDbEntity
  8
LINES
100
AcDbLine
 10
194.68
 20
593.57
 30
0.0
 11
197.56
 21
593.57
 31
0.0
  0
LINE
  5
127
330
17
100
AcDbEntity
  8
LINES
100
AcDbLine
 10
236.3
 20
586.51
 30
0.0
 11
239.47
 21
592.42
 31
0.0
  0
LINE
  5
128
330
17
100
AcDbEntity
  8
LINES
100
AcDbLine
 10
236.3
 20
592.42
 30
0.0
 11
239.47
 21
586.51
 31
0.0
  0
LINE
  5
129
330
17
100
AcDbEntity
  8
LINES
100
AcDbLine
 10
243.35
 20
586.37
 30
0.0
 11
246.52
 21
592.27
 31
0.0
  0
LINE
  5
12A
330
17
100
AcDbEntity
  8
LINES
100
AcDbLine
 10
243.35
 20
592.27
 30
0.0
 11
246.52
 21
586.37
 31
0.0
  0
LINE
  5
12B
330
17
100
AcDbEntity
  8
LINES
100
AcDbLine
 10
304.55
 20
612.0
 30
0.0
 11
304.55
 21
561.89
 31
0.0
  0
LINE
  5
12C
330
17
100
AcDbEntity
  8
LINES
100
AcDbLine
 10
291.74
 20
588.67
 30
0.0
 11
293.61
 21
588.67
 31
0.0
  0
LINE
  5
12D
330
17
100
AcDbEntity
  8
LINES
100
AcDbLine
 10
307.72
 20
596.59
 30
0.0
 11
309.59
 21
596.59
 31
0.0
  0
LINE
  5
12E
330
17
100
AcDbEntity
  8
LINES
100
AcDbLine
 10
307.72
 20
585.65
 30
0.0
 11
310.89
 21
591.55
 31
0.0
  0
LINE
  5
12F
330
17
100
AcDbEntity
  8
LINES
100
AcDbLine
 10
307.72
 20
591.55
 30
0.0
 11
310.89
 21
585.65
 31
0.0
  0
LINE
  5
130
330
17
100
AcDbEntity
  8
LINES
100
AcDbLine
 10
197.71
 20
203.04
 30
0.0
 11
196.7
 21
204.77
 31
0.0
  0
LINE
  5
131
330
17
100
AcDbEntity
  8
LINES
100
AcDbLine
 10
193.96
 20
202.18
 30
0.0
 11
195.11
 21
204.77
 31
0.0
  0
LINE
  5
132
330
17
100
AcDbEntity
  8
LINES
100
AcDbLine
 10
195.83
 20
205.92
 30
0.0
 11
195.83
 21
202.9
 31
0.0
  0
LINE
  5
133
330
17
100
AcDbEntity
  8
LINES
100
AcDbLine
 10
194.68
 20
201.31
 30
0.0
 11
194.68
 21
196.7
 31
0.0
  0
LINE
  5
134
330
17
100
AcDbEntity
  8
LINES
100
AcDbLine
 10
196.84
 20
196.7
 30
0.0
 11
196.99
 21
201.74
 31
0.0
  0
LINE
  5
135
330
17
100
AcDbEntity
  8
LINES
100
AcDbLine
 10
196.99
 20
201.46
 30
0.0
 11
194.68
 21
201.02
 31
0.0
  0
LINE
  5
136
330
17
100
AcDbEntity
  8
LINES
100
AcDbLine
 10
194.68
 20
199.73
 30
0.0
 11
196.55
 21
200.02
 31
0.0
  0
LINE
  5
137
330
17
100
AcDbEntity
  8
LINES
100
AcDbLine
 10
194.68
 20
198.43
 30
0.0
 11
196.55
 21
198.86
 31
0.0
  0
LINE
  5
138
330
17
100
AcDbEntity
  8
LINES
100
AcDbLine
 10
194.68
 20
197.28
 30
0.0
 11
196.84
 21
197.42
 31
0.0
  0
LINE
  5
139
330
17
100
AcDbEntity
  8
LINES
100
AcDbLine
 10
199.29
 20
205.49
 30
0.0
 11
199.29
 21
197.42
 31
0.0
  0
LINE
  5
13A
330
17
100
AcDbEntity
  8
LINES
100
AcDbLine
 10
199.29
 20
204.77
 30
0.0
 11
202.6
 21
205.2
 31
0.0
  0
LINE
  5
13B
330
17
100
AcDbEntity
  8
LINES
100
AcDbLine
 10
200.59
 20
203.76
 30
0.0
 11
199.58
 21
199.44
 31
0.0
  0
LINE
  5
13C
330
17
100
AcDbEntity
  8
LINES
100
AcDbLine
 10
199.72
 20
203.18
 30
0.0
 11
200.73
 21
200.59
 31
0.0
  0
LINE
  5
13D
330
17
100
AcDbEntity
  8
LINES
100
AcDbLine
 10
201.88
 20
204.05
 30
0.0
 11
200.59
 21
199.15
 31
0.0
  0
LINE
  5
13E
330
17
100
AcDbEntity
  8
LINES
100
AcDbLine
 10
201.02
 20
203.18
 30
0.0
 11
202.03
 21
200.02
 31
0.0
  0
LINE
  5
13F
330
17
100
AcDbEntity
  8
LINES
100
AcDbLine
 10
206.2
 20
205.78
 30
0.0
 11
206.2
 21
201.89
 31
0.0
  0
LINE
  5
140
330
17
100
AcDbEntity
  8
LINES
100
AcDbLine
 10
208.22
 20
202.18
 30
0.0
 11
204.19
 21
201.6
 31
0.0
  0
LINE
  5
141
330
17
100
AcDbEntity
  8
LINES
100
AcDbLine
 10
208.22
 20
196.85
 30
0.0
 11
208.07
 21
198.86
 31
0.0
  0
LINE
  5
142
330
17
100
AcDbEntity
  8
LINES
100
AcDbLine
 10
205.34
 20
202.9
 30
0.0
 11
204.91
 21
204.48
 31
0.0
  0
LINE
  5
143
330
17
100
AcDbEntity
  8
LINES
100
AcDbLine
 10
206.63
 20
202.32
 30
0.0
 11
207.5
 21
204.62
 31
0.0
  0
LINE
  5
144
330
17
100
AcDbEntity
  8
LINES
100
AcDbLine
 10
209.8
 20
204.34
 30
0.0
 11
209.8
 21
198.86
 31
0.0
  0
LINE
  5
145
330
17
100
AcDbEntity
  8
LINES
100
AcDbLine
 10
209.8
 20
203.33
 30
0.0
 11
212.97
 21
203.76
 31
0.0
  0
LINE
  5
146
330
17
100
AcDbEntity
  8
LINES
100
AcDbLine
 10
213.11
 20
204.05
 30
0.0
 11
212.68
 21
200.16
 31
0.0
  0
LINE
  5
147
330
17
100
AcDbEntity
  8
LINES
100
AcDbLine
 10
212.83
 20
200.16
 30
0.0
 11
209.8
 21
199.73
 31
0.0
  0
LINE
  5
148
330
17
100
AcDbEntity
  8
LINES
100
AcDbLine
 10
210.38
 20
201.74
 30
0.0
 11
212.25
 21
202.03
 31
0.0
  0
LINE
  5
149
330
17
100
AcDbEntity
  8
LINES
100
AcDbLine
 10
214.41
 20
200.59
 30
0.0
 11
219.16
 21
201.02
 31
0.0
  0
LINE
  5
14A
330
17
100
AcDbEntity
  8
LINES
100
AcDbLine
 10
221.32
 20
205.63
 30
0.0
 11
219.74
 21
201.02
 31
0.0
  0
LINE
  5
14B
330
17
100
AcDbEntity
  8
LINES
100
AcDbLine
 10
222.76
 20
205.78
 30
0.0
 11
222.76
 21
196.56
 31
0.0
  0
LINE
  5
14C
330
17
100
AcDbEntity
  8
LINES
100
AcDbLine
 10
221.75
 20
199.15
 30
0.0
 11
223.63
 21
199.44
 31
0.0
  0
LINE
  5
14D
330
17
100
AcDbEntity
  8
LINES
100
AcDbLine
 10
220.75
 20
196.7
 30
0.0
 11
220.75
 21
203.76
 31
0.0
  0
LINE
  5
14E
330
17
100
AcDbEntity
  8
LINES
100
AcDbLine
 10
221.18
 20
203.04
 30
0.0
 11
224.35
 21
203.62
 31
0.0
  0
LINE
  5
14F
330
17
100
AcDbEntity
  8
LINES
100
AcDbLine
 10
227.08
 20
205.63
 30
0.0
 11
225.07
 21
201.17
 31
0.0
  0
LINE
  5
150
330
17
100
AcDbEntity
  8
LINES
100
AcDbLine
 10
226.36
 20
203.76
 30
0.0
 11
226.36
 21
196.7
 31
0.0
  0
LINE
  5
151
330
17
100
AcDbEntity
  8
LINES
100
AcDbLine
 10
229.39
 20
203.62
 30
0.0
 11
226.94
 21
200.02
 31
0.0
  0
LINE
  5
152
330
17
100
AcDbEntity
  8
LINES
100
AcDbLine
 10
231.55
 20
202.18
 30
0.0
 11
230.39
 21
202.03
 31
0.0
  0
LINE
  5
153
330
17
100
AcDbEntity
  8
LINES
100
AcDbLine
 10
231.55
 20
198.29
 30
0.0
 11
231.55
 21
202.61
 31
0.0
  0
LINE
  5
154
330
17
100
AcDbEntity
  8
LINES
100
AcDbLine
 10
232.27
 20
199.58
 30
0.0
 11
231.11
 21
197.42
 31
0.0
  0
LINE
  5
155
330
17
100
AcDbEntity
  8
LINES
100
AcDbLine
 10
230.97
 20
205.06
 30
0.0
 11
231.69
 21
203.62
 31
0.0
  0
LINE
  5
156
330
17
100
AcDbEntity
  8
LINES
100
AcDbLine
 10
232.41
 20
201.17
 30
0.0
 11
234.14
 21
201.46
 31
0.0
  0
LINE
  5
157
330
17
100
AcDbEntity
  8
LINES
100
AcDbLine
 10
234.28
 20
201.74
 30
0.0
 11
233.56
 21
199.3
 31
0.0
  0
LINE
  5
158
330
17
100
AcDbEntity
  8
LINES
100
AcDbLine
 10
232.7
 20
205.49
 30
0.0
 11
232.7
 21
203.62
 31
0.0
  0
LINE
  5
159
330
17
100
AcDbEntity
  8
LINES
100
AcDbLine
 10
232.7
 20
204.91
 30
0.0
 11
233.71
 21
205.06
 31
0.0
  0
LINE
  5
15A
330
17
100
AcDbEntity
  8
LINES
100
AcDbLine
 10
237.59
 20
205.63
 30
0.0
 11
236.87
 21
204.05
 31
0.0
  0
LINE
  5
15B
330
17
100
AcDbEntity
  8
LINES
100
AcDbLine
 10
238.03
 20
200.59
 30
0.0
 11
238.03
 21
197.57
 31
0.0
  0
LINE
  5
15C
330
17
100
AcDbEntity
  8
LINES
100
AcDbLine
 10
237.16
 20
198.86
 30
0.0
 11
238.75
 21
199.15
 31
0.0
  0
LINE
  5
15D
330
17
100
AcDbEntity
  8
LINES
100
AcDbLine
 10
239.03
 20
197.57
 30
0.0
 11
237.02
 21
197.28
 31
0.0
  0
LINE
  5
15E
330
17
100
AcDbEntity
  8
LINES
100
AcDbLine
 10
239.18
 20
201.02
 30
0.0
 11
239.03
 21
196.85
 31
0.0
  0
LINE
  5
15F
330
17
100
AcDbEntity
  8
LINES
100
AcDbLine
 10
237.02
 20
200.45
 30
0.0
 11
239.18
 21
200.74
 31
0.0
  0
LINE
  5
160
330
17
100
AcDbEntity
  8
LINES
100
AcDbLine
 10
237.02
 20
200.88
 30
0.0
 11
237.02
 21
196.85
 31
0.0
  0
LINE
  5
161
330
17
100
AcDbEntity
  8
LINES
100
AcDbLine
 10
237.02
 20
204.34
 30
0.0
 11
239.03
 21
204.62
 31
0.0
  0
LINE
  5
162
330
17
100
AcDbEntity
  8
LINES
100
AcDbLine
 10
236.87
 20
204.05
 30
0.0
 11
236.01
 21
202.18
 31
0.0
  0
LINE
  5
163
330
17
100
AcDbEntity
  8
LINES
100
AcDbLine
 10
240.91
 20
198.86
 30
0.0
 11
242.2
 21
202.75
 31
0.0
  0
LINE
  5
164
330
17
100
AcDbEntity
  8
LINES
100
AcDbLine
 10
243.21
 20
203.18
 30
0.0
 11
241.05
 21
202.75
 31
0.0
  0
LINE
  5
165
330
17
100
AcDbEntity
  8
LINES
100
AcDbLine
 10
243.07
 20
200.74
 30
0.0
 11
242.2
 21
202.18
 31
0.0
  0
LINE
  5
166
330
17
100
AcDbEntity
  8
LINES
100
AcDbLine
 10
242.2
 20
196.99
 30
0.0
 11
242.2
 21
205.78
 31
0.0
  0
LINE
  5
167
330
17
100
AcDbEntity
  8
LINES
100
AcDbLine
 10
244.51
 20
204.48
 30
0.0
 11
243.64
 21
204.34
 31
0.0
  0
LINE
  5
168
330
17
100
AcDbEntity
  8
LINES
100
AcDbLine
 10
247.67
 20
205.78
 30
0.0
 11
247.39
 21
203.76
 31
0.0
  0
LINE
  5
169
330
17
100
AcDbEntity
  8
LINES
100
AcDbLine
 10
248.97
 20
204.48
 30
0.0
 11
248.97
 21
201.46
 31
0.0
  0
LINE
  5
16A
330
17
100
AcDbEntity
  8
LINES
100
AcDbLine
 10
248.97
 20
203.9
 30
0.0
 11
250.12
 21
204.05
 31
0.0
  0
LINE
  5
16B
330
17
100
AcDbEntity
  8
LINES
100
AcDbLine
 10
250.27
 20
204.34
 30
0.0
 11
250.12
 21
202.18
 31
0.0
  0
LINE
  5
16C
330
17
100
AcDbEntity
  8
LINES
100
AcDbLine
 10
250.27
 20
202.18
 30
0.0
 11
248.97
 21
202.03
 31
0.0
  0
LINE
  5
16D
330
17
100
AcDbEntity
  8
LINES
100
AcDbLine
 10
246.67
 20
199.87
 30
0.0
 11
250.41
 21
200.3
 31
0.0
  0
LINE
  5
16E
330
17
100
AcDbEntity
  8
LINES
100
AcDbLine
 10
248.54
 20
201.46
 30
0.0
 11
248.54
 21
196.56
 31
0.0
  0
LINE
  5
16F
330
17
100
AcDbEntity
  8
LINES
100
AcDbLine
 10
248.54
 20
200.02
 30
0.0
 11
246.38
 21
196.99
 31
0.0
  0
LINE
  5
170
330
17
100
AcDbEntity
  8
LINES
100
AcDbLine
 10
246.52
 20
203.62
 30
0.0
 11
248.39
 21
204.05
 31
0.0
  0
LINE
  5
171
330
17
100
AcDbEntity
  8
LINES
100
AcDbLine
 10
255.59
 20
205.06
 30
0.0
 11
252.14
 21
204.62
 31
0.0
  0
LINE
  5
172
330
17
100
AcDbEntity
  8
LINES
100
AcDbLine
 10
252.14
 20
197.57
 30
0.0
 11
255.31
 21
197.86
 31
0.0
  0
LINE
  5
173
330
17
100
AcDbEntity
  8
LINES
100
AcDbLine
 10
255.45
 20
197.42
 30
0.0
 11
255.59
 21
205.49
 31
0.0
  0
LINE
  5
174
330
17
100
AcDbEntity
  8
LINES
100
AcDbLine
 10
252.14
 20
205.49
 30
0.0
 11
252.14
 21
197.28
 31
0.0
  0
LINE
  5
175
330
17
100
AcDbEntity
  8
LINES
100
AcDbLine
 10
252.14
 20
205.49
 30
0.0
 11
252.14
 21
196.85
 31
0.0
  0
LINE
  5
176
330
17
100
AcDbEntity
  8
LINES
100
AcDbLine
 10
253.87
 20
204.19
 30
0.0
 11
252.57
 21
201.74
 31
0.0
  0
LINE
  5
177
330
17
100
AcDbEntity
  8
LINES
100
AcDbLine
 10
253.58
 20
200.45
 30
0.0
 11
254.15
 21
199.58
 31
0.0
  0
LINE
  5
178
330
17
100
AcDbEntity
  8
LINES
100
AcDbLine
 10
253.29
 20
199.3
 30
0.0
 11
254.15
 21
198.14
 31
0.0
  0
LINE
  5
179
330
17
100
AcDbEntity
  8
LINES
100
AcDbLine
 10
253.43
 20
203.18
 30
0.0
 11
254.44
 21
203.33
 31
0.0
  0
LINE
  5
17A
330
17
100
AcDbEntity
  8
LINES
100
AcDbLine
 10
252.28
 20
199.87
 30
0.0
 11
253.43
 21
201.02
 31
0.0
  0
LINE
  5
17B
330
17
100
AcDbEntity
  8
LINES
100
AcDbLine
 10
434.59
 20
218.74
 30
0.0
 11
610.99
 21
218.74
 31
0.0
  0
LINE
  5
17C
330
17
100
AcDbEntity
  8
LINES
100
AcDbLine
 10
434.59
 20
806.54
 30
0.0
 11
610.99
 21
806.54
 31
0.0
  0
LINE
  5
17D
330
17
100
AcDbEntity
  8
LINES
100
AcDbLine
 10
434.59
 20
237.17
 30
0.0
 11
610.99
 21
237.17
 31
0.0
  0
LINE
  5
17E
330
17
100
AcDbEntity
  8
LINES
100
AcDbLine
 10
434.59
 20
781.78
 30
0.0
 11
610.99
 21
781.78
 31
0.0
  0
LINE
  5
17F
330
17
100
AcDbEntity
  8
LINES
100
AcDbLine
 10
449.99
 20
766.22
 30
0.0
 11
449.99
 21
254.88
 31
0.0
  0
LINE
  5
180
330
17
100
AcDbEntity
  8
LINES
100
AcDbLine
 10
449.99
 20
766.22
 30
0.0
 11
440.49
 21
766.22
 31
0.0
  0
LINE
  5
181
330
17
100
AcDbEntity
  8
LINES
100
AcDbLine
 10
440.49
 20
766.22
 30
0.0
 11
440.49
 21
781.78
 31
0.0
  0
LINE
  5
182
330
17
100
AcDbEntity
  8
LINES
100
AcDbLine
 10
604.79
 20
765.5
 30
0.0
 11
604.79
 21
781.78
 31
0.0
  0
LINE
  5
183
330
17
100
AcDbEntity
  8
LINES
100
AcDbLine
 10
595.58
 20
765.5
 30
0.0
 11
595.58
 21
254.02
 31
0.0
  0
LINE
  5
184
330
17
100
AcDbEntity
  8
LINES
100
AcDbLine
 10
604.79
 20
765.5
 30
0.0
 11
595.58
 21
765.5
 31
0.0
  0
LINE
  5
185
330
17
100
AcDbEntity
  8
LINES
100
AcDbLine
 10
595.72
 20
254.02
 30
0.0
 11
607.39
 21
254.02
 31
0.0
  0
LINE
  5
186
330
17
100
AcDbEntity
  8
LINES
100
AcDbLine
 10
607.39
 20
254.02
 30
0.0
 11
607.39
 21
237.17
 31
0.0
  0
LINE
  5
187
330
17
100
AcDbEntity
  8
LINES
100
AcDbLine
 10
438.33
 20
254.88
 30
0.0
 11
449.99
 21
254.88
 31
0.0
  0
LINE
  5
188
330
17
100
AcDbEntity
  8
LINES
100
AcDbLine
 10
438.33
 20
254.88
 30
0.0
 11
438.33
 21
237.17
 31
0.0
  0
LINE
  5
189
330
17
100
AcDbEntity
  8
LINES
100
AcDbLine
 10
434.59
 20
806.54
 30
0.0
 11
434.59
 21
218.74
 31
0.0
  0
LINE
  5
18A
330
17
100
AcDbEntity
  8
LINES
100
AcDbLine
 10
610.99
 20
806.54
 30
0.0
 11
610.99
 21
218.74
 31
0.0
  0
LINE
  5
18B
330
17
100
AcDbEntity
  8
LINES
100
AcDbLine
 10
566.06
 20
619.34
 30
0.0
 11
566.06
 21
614.45
 31
0.0
  0
LINE
  5
18C
330
17
100
AcDbEntity
  8
LINES
100
AcDbLine
 10
441.21
 20
563.33
 30
0.0
 11
445.53
 21
562.61
 31
0.0
  0
LINE
  5
18D
330
17
100
AcDbEntity
  8
LINES
100
AcDbLine
 10
443.8
 20
564.91
 30
0.0
 11
442.94
 21
561.17
 31
0.0
  0
LINE
  5
18E
330
17
100
AcDbEntity
  8
LINES
100
AcDbLine
 10
441.21
 20
563.47
 30
0.0
 11
445.67
 21
562.46
 31
0.0
  0
LINE
  5
18F
330
17
100
AcDbEntity
  8
LINES
100
AcDbLine
 10
443.8
 20
564.91
 30
0.0
 11
443.08
 21
561.17
 31
0.0
  0
LINE
  5
190
330
17
100
AcDbEntity
  8
LINES
100
AcDbLine
 10
441.21
 20
603.36
 30
0.0
 11
445.53
 21
602.64
 31
0.0
  0
LINE
  5
191
330
17
100
AcDbEntity
  8
LINES
100
AcDbLine
 10
443.8
 20
604.94
 30
0.0
 11
442.94
 21
601.06
 31
0.0
  0
LINE
  5
192
330
17
100
AcDbEntity
  8
LINES
100
AcDbLine
 10
441.21
 20
603.5
 30
0.0
 11
445.67
 21
602.5
 31
0.0
  0
LINE
  5
193
330
17
100
AcDbEntity
  8
LINES
100
AcDbLine
 10
443.8
 20
604.94
 30
0.0
 11
443.08
 21
601.2
 31
0.0
  0
LINE
  5
194
330
17
100
AcDbEntity
  8
LINES
100
AcDbLine
 10
602.35
 20
603.36
 30
0.0
 11
601.48
 21
599.47
 31
0.0
  0
LINE
  5
195
330
17
100
AcDbEntity
  8
LINES
100
AcDbLine
 10
599.75
 20
601.92
 30
0.0
 11
604.22
 21
600.91
 31
0.0
  0
LINE
  5
196
330
17
100
AcDbEntity
  8
LINES
100
AcDbLine
 10
599.75
 20
601.78
 30
0.0
 11
604.07
 21
600.91
 31
0.0
  0
LINE
  5
197
330
17
100
AcDbEntity
  8
LINES
100
AcDbLine
 10
600.19
 20
562.9
 30
0.0
 11
604.51
 21
562.03
 31
0.0
  0
LINE
  5
198
330
17
100
AcDbEntity
  8
LINES
100
AcDbLine
 10
602.63
 20
564.48
 30
0.0
 11
601.91
 21
560.59
 31
0.0
  0
LINE
  5
199
330
17
100
AcDbEntity
  8
LINES
100
AcDbLine
 10
600.04
 20
563.04
 30
0.0
 11
604.51
 21
562.03
 31
0.0
  0
LINE
  5
19A
330
17
100
AcDbEntity
  8
LINES
100
AcDbLine
 10
602.78
 20
564.48
 30
0.0
 11
601.91
 21
560.59
 31
0.0
  0
LINE
  5
19B
330
17
100
AcDbEntity
  8
LINES
100
AcDbLine
 10
449.99
 20
620.64
 30
0.0
 11
609.11
 21
620.64
 31
0.0
  0
LINE
  5
19C
330
17
100
AcDbEntity
  8
LINES
100
AcDbLine
 10
437.03
 20
544.75
 30
0.0
 11
609.4
 21
544.75
 31
0.0
  0
LINE
  5
19D
330
17
100
AcDbEntity
  8
LINES
100
AcDbLine
 10
449.99
 20
620.64
 30
0.0
 11
470.59
 21
620.64
 31
0.0
  0
LINE
  5
19E
330
17
100
AcDbEntity
  8
LINES
100
AcDbLine
 10
488.3
 20
620.64
 30
0.0
 11
488.3
 21
563.18
 31
0.0
  0
LINE
  5
19F
330
17
100
AcDbEntity
  8
LINES
100
AcDbLine
 10
449.99
 20
620.64
 30
0.0
 11
490.17
 21
620.64
 31
0.0
  0
LINE
  5
1A0
330
17
100
AcDbEntity
  8
LINES
100
AcDbLine
 10
437.03
 20
620.64
 30
0.0
 11
508.17
 21
620.64
 31
0.0
  0
LINE
  5
1A1
330
17
100
AcDbEntity
  8
LINES
100
AcDbLine
 10
595.58
 20
620.64
 30
0.0
 11
522.86
 21
620.64
 31
0.0
  0
LINE
  5
1A2
330
17
100
AcDbEntity
  8
LINES
100
AcDbLine
 10
595.58
 20
620.64
 30
0.0
 11
595.58
 21
544.75
 31
0.0
  0
LINE
  5
1A3
330
17
100
AcDbEntity
  8
LINES
100
AcDbLine
 10
545.18
 20
620.93
 30
0.0
 11
545.18
 21
563.33
 31
0.0
  0
LINE
  5
1A4
330
17
100
AcDbEntity
  8
LINES
100
AcDbLine
 10
481.67
 20
620.64
 30
0.0
 11
481.67
 21
563.18
 31
0.0
  0
LINE
  5
1A5
330
17
100
AcDbEntity
  8
LINES
100
AcDbLine
 10
522.86
 20
620.64
 30
0.0
 11
522.86
 21
563.18
 31
0.0
  0
LINE
  5
1A6
330
17
100
AcDbEntity
  8
LINES
100
AcDbLine
 10
529.48
 20
620.78
 30
0.0
 11
529.48
 21
563.18
 31
0.0
  0
LINE
  5
1A7
330
17
100
AcDbEntity
  8
LINES
100
AcDbLine
 10
536.54
 20
620.64
 30
0.0
 11
536.54
 21
563.18
 31
0.0
  0
LINE
  5
1A8
330
17
100
AcDbEntity
  8
LINES
100
AcDbLine
 10
551.95
 20
620.64
 30
0.0
 11
551.95
 21
563.18
 31
0.0
  0
LINE
  5
1A9
330
17
100
AcDbEntity
  8
LINES
100
AcDbLine
 10
560.59
 20
620.64
 30
0.0
 11
560.59
 21
563.18
 31
0.0
  0
LINE
  5
1AA
330
17
100
AcDbEntity
  8
LINES
100
AcDbLine
 10
570.67
 20
620.64
 30
0.0
 11
570.67
 21
563.18
 31
0.0
  0
LINE
  5
1AB
330
17
100
AcDbEntity
  8
LINES
100
AcDbLine
 10
579.31
 20
620.64
 30
0.0
 11
579.31
 21
563.18
 31
0.0
  0
LINE
  5
1AC
330
17
100
AcDbEntity
  8
LINES
100
AcDbLine
 10
501.98
 20
620.64
 30
0.0
 11
501.98
 21
563.18
 31
0.0
  0
LINE
  5
1AD
330
17
100
AcDbEntity
  8
LINES
100
AcDbLine
 10
495.07
 20
620.64
 30
0.0
 11
495.07
 21
563.18
 31
0.0
  0
LINE
  5
1AE
330
17
100
AcDbEntity
  8
LINES
100
AcDbLine
 10
508.75
 20
620.64
 30
0.0
 11
508.75
 21
563.18
 31
0.0
  0
LINE
  5
1AF
330
17
100
AcDbEntity
  8
LINES
100
AcDbLine
 10
516.23
 20
620.64
 30
0.0
 11
516.23
 21
563.18
 31
0.0
  0
LINE
  5
1B0
330
17
100
AcDbEntity
  8
LINES
100
AcDbLine
 10
609.4
 20
620.5
 30
0.0
 11
609.4
 21
544.75
 31
0.0
  0
LINE
  5
1B1
330
17
100
AcDbEntity
  8
LINES
100
AcDbLine
 10
437.03
 20
620.64
 30
0.0
 11
437.03
 21
544.75
 31
0.0
  0
LINE
  5
1B2
330
17
100
AcDbEntity
  8
LINES
100
AcDbLine
 10
450.28
 20
563.18
 30
0.0
 11
595.43
 21
563.18
 31
0.0
  0
LINE
  5
1B3
330
17
100
AcDbEntity
  8
LINES
100
AcDbLine
 10
494.49
 20
619.63
 30
0.0
 11
494.49
 21
614.74
 31
0.0
  0
LINE
  5
1B4
330
17
100
AcDbEntity
  8
LINES
100
AcDbLine
 10
600.33
 20
584.78
 30
0.0
 11
639.07
 21
584.78
 31
0.0
  0
LINE
  5
1B5
330
17
100
AcDbEntity
  8
LINES
100
AcDbLine
 10
642.23
 20
585.94
 30
0.0
 11
642.52
 21
584.35
 31
0.0
  0
LINE
  5
1B6
330
17
100
AcDbEntity
  8
LINES
100
AcDbLine
 10
640.65
 20
587.09
 30
0.0
 11
641.8
 21
582.91
 31
0.0
  0
LINE
  5
1B7
330
17
100
AcDbEntity
  8
LINES
100
AcDbLine
 10
640.22
 20
587.52
 30
0.0
 11
641.8
 21
587.66
 31
0.0
  0
LINE
  5
1B8
330
17
100
AcDbEntity
  8
LINES
100
AcDbLine
 10
641.95
 20
586.66
 30
0.0
 11
643.96
 21
587.09
 31
0.0
  0
LINE
  5
1B9
330
17
100
AcDbEntity
  8
LINES
100
AcDbLine
 10
646.99
 20
584.78
 30
0.0
 11
646.99
 21
581.9
 31
0.0
  0
LINE
  5
1BA
330
17
100
AcDbEntity
  8
LINES
100
AcDbLine
 10
645.55
 20
584.64
 30
0.0
 11
647.71
 21
584.93
 31
0.0
  0
LINE
  5
1BB
330
17
100
AcDbEntity
  8
LINES
100
AcDbLine
 10
645.55
 20
584.93
 30
0.0
 11
645.55
 21
581.9
 31
0.0
  0
LINE
  5
1BC
330
17
100
AcDbEntity
  8
LINES
100
AcDbLine
 10
645.69
 20
585.36
 30
0.0
 11
644.68
 21
584.21
 31
0.0
  0
LINE
  5
1BD
330
17
100
AcDbEntity
  8
LINES
100
AcDbLine
 10
646.84
 20
586.51
 30
0.0
 11
648.14
 21
584.78
 31
0.0
  0
LINE
  5
1BE
330
17
100
AcDbEntity
  8
LINES
100
AcDbLine
 10
644.97
 20
587.09
 30
0.0
 11
648.28
 21
587.38
 31
0.0
  0
LINE
  5
1BF
330
17
100
AcDbEntity
  8
LINES
100
AcDbLine
 10
645.83
 20
588.82
 30
0.0
 11
646.41
 21
587.52
 31
0.0
  0
LINE
  5
1C0
330
17
100
AcDbEntity
  8
LINES
100
AcDbLine
 10
647.42
 20
589.1
 30
0.0
 11
646.99
 21
587.23
 31
0.0
  0
LINE
  5
1C1
330
17
100
AcDbEntity
  8
LINES
100
AcDbLine
 10
646.27
 20
586.51
 30
0.0
 11
645.69
 21
585.36
 31
0.0
  0
LINE
  5
1C2
330
17
100
AcDbEntity
  8
LINES
100
AcDbLine
 10
646.27
 20
584.78
 30
0.0
 11
646.27
 21
581.9
 31
0.0
  0
LINE
  5
1C3
330
17
100
AcDbEntity
  8
LINES
100
AcDbLine
 10
644.68
 20
581.76
 30
0.0
 11
648.28
 21
582.05
 31
0.0
  0
LINE
  5
1C4
330
17
100
AcDbEntity
  8
LINES
100
AcDbLine
 10
647.85
 20
584.93
 30
0.0
 11
647.71
 21
582.05
 31
0.0
  0
LINE
  5
1C5
330
17
100
AcDbEntity
  8
LINES
100
AcDbLine
 10
645.55
 20
584.64
 30
0.0
 11
647.85
 21
584.93
 31
0.0
  0
LINE
  5
1C6
330
17
100
AcDbEntity
  8
LINES
100
AcDbLine
 10
651.16
 20
587.66
 30
0.0
 11
652.6
 21
587.95
 31
0.0
  0
LINE
  5
1C7
330
17
100
AcDbEntity
  8
LINES
100
AcDbLine
 10
651.16
 20
582.91
 30
0.0
 11
652.46
 21
583.06
 31
0.0
  0
LINE
  5
1C8
330
17
100
AcDbEntity
  8
LINES
100
AcDbLine
 10
651.16
 20
585.36
 30
0.0
 11
652.31
 21
585.65
 31
0.0
  0
LINE
  5
1C9
330
17
100
AcDbEntity
  8
LINES
100
AcDbLine
 10
652.6
 20
588.24
 30
0.0
 11
652.46
 21
582.19
 31
0.0
  0
LINE
  5
1CA
330
17
100
AcDbEntity
  8
LINES
100
AcDbLine
 10
651.16
 20
588.38
 30
0.0
 11
651.16
 21
582.19
 31
0.0
  0
LINE
  5
1CB
330
17
100
AcDbEntity
  8
LINES
100
AcDbLine
 10
649.58
 20
588.24
 30
0.0
 11
650.44
 21
588.38
 31
0.0
  0
LINE
  5
1CC
330
17
100
AcDbEntity
  8
LINES
100
AcDbLine
 10
649.58
 20
589.1
 30
0.0
 11
649.58
 21
581.62
 31
0.0
  0
LINE
  5
1CD
330
17
100
AcDbEntity
  8
LINES
100
AcDbLine
 10
653.9
 20
585.22
 30
0.0
 11
655.19
 21
585.65
 31
0.0
  0
LINE
  5
1CE
330
17
100
AcDbEntity
  8
LINES
100
AcDbLine
 10
654.62
 20
588.67
 30
0.0
 11
654.62
 21
583.34
 31
0.0
  0
LINE
  5
1CF
330
17
100
AcDbEntity
  8
LINES
100
AcDbLine
 10
653.75
 20
582.48
 30
0.0
 11
655.34
 21
583.92
 31
0.0
  0
LINE
  5
1D0
330
17
100
AcDbEntity
  8
LINES
100
AcDbLine
 10
656.2
 20
589.39
 30
0.0
 11
656.2
 21
582.91
 31
0.0
  0
LINE
  5
1D1
330
17
100
AcDbEntity
  8
LINES
100
AcDbLine
 10
655.19
 20
584.78
 30
0.0
 11
657.21
 21
586.51
 31
0.0
  0
LINE
  5
1D2
330
17
100
AcDbEntity
  8
LINES
100
AcDbLine
 10
660.95
 20
588.24
 30
0.0
 11
660.95
 21
586.08
 31
0.0
  0
LINE
  5
1D3
330
17
100
AcDbEntity
  8
LINES
100
AcDbLine
 10
661.39
 20
584.93
 30
0.0
 11
661.39
 21
583.63
 31
0.0
  0
LINE
  5
1D4
330
17
100
AcDbEntity
  8
LINES
100
AcDbLine
 10
658.79
 20
582.34
 30
0.0
 11
659.66
 21
584.06
 31
0.0
  0
LINE
  5
1D5
330
17
100
AcDbEntity
  8
LINES
100
AcDbLine
 10
660.38
 20
583.34
 30
0.0
 11
661.53
 21
583.63
 31
0.0
  0
LINE
  5
1D6
330
17
100
AcDbEntity
  8
LINES
100
AcDbLine
 10
660.38
 20
584.64
 30
0.0
 11
661.39
 21
584.78
 31
0.0
  0
LINE
  5
1D7
330
17
100
AcDbEntity
  8
LINES
100
AcDbLine
 10
660.38
 20
585.07
 30
0.0
 11
660.38
 21
582.91
 31
0.0
  0
LINE
  5
1D8
330
17
100
AcDbEntity
  8
LINES
100
AcDbLine
 10
660.23
 20
585.94
 30
0.0
 11
661.67
 21
586.08
 31
0.0
  0
LINE
  5
1D9
330
17
100
AcDbEntity
  8
LINES
100
AcDbLine
 10
660.23
 20
586.94
 30
0.0
 11
661.53
 21
587.09
 31
0.0
  0
LINE
  5
1DA
330
17
100
AcDbEntity
  8
LINES
100
AcDbLine
 10
659.95
 20
588.53
 30
0.0
 11
661.96
 21
588.67
 31
0.0
  0
LINE
  5
1DB
330
17
100
AcDbEntity
  8
LINES
100
AcDbLine
 10
658.65
 20
588.82
 30
0.0
 11
659.23
 21
587.52
 31
0.0
  0
LINE
  5
1DC
330
17
100
AcDbEntity
  8
LINES
100
AcDbLine
 10
659.08
 20
586.51
 30
0.0
 11
658.94
 21
582.48
 31
0.0
  0
LINE
  5
1DD
330
17
100
AcDbEntity
  8
LINES
100
AcDbLine
 10
658.07
 20
586.08
 30
0.0
 11
659.08
 21
586.37
 31
0.0
  0
LINE
  5
1DE
330
17
100
AcDbEntity
  8
LINES
100
AcDbLine
 10
664.7
 20
589.39
 30
0.0
 11
664.7
 21
585.94
 31
0.0
  0
LINE
  5
1DF
330
17
100
AcDbEntity
  8
LINES
100
AcDbLine
 10
666.43
 20
586.08
 30
0.0
 11
662.97
 21
585.65
 31
0.0
  0
LINE
  5
1E0
330
17
100
AcDbEntity
  8
LINES
100
AcDbLine
 10
666.43
 20
581.62
 30
0.0
 11
666.28
 21
583.34
 31
0.0
  0
LINE
  5
1E1
330
17
100
AcDbEntity
  8
LINES
100
AcDbLine
 10
663.98
 20
586.8
 30
0.0
 11
663.69
 21
588.24
 31
0.0
  0
LINE
  5
1E2
330
17
100
AcDbEntity
  8
LINES
100
AcDbLine
 10
665.13
 20
586.37
 30
0.0
 11
665.85
 21
588.24
 31
0.0
  0
LINE
  5
1E3
330
17
100
AcDbEntity
  8
LINES
100
AcDbLine
 10
667.87
 20
587.95
 30
0.0
 11
667.87
 21
583.34
 31
0.0
  0
LINE
  5
1E4
330
17
100
AcDbEntity
  8
LINES
100
AcDbLine
 10
667.87
 20
587.23
 30
0.0
 11
670.46
 21
587.52
 31
0.0
  0
LINE
  5
1E5
330
17
100
AcDbEntity
  8
LINES
100
AcDbLine
 10
670.6
 20
587.81
 30
0.0
 11
670.17
 21
584.5
 31
0.0
  0
LINE
  5
1E6
330
17
100
AcDbEntity
  8
LINES
100
AcDbLine
 10
670.31
 20
584.5
 30
0.0
 11
667.87
 21
584.06
 31
0.0
  0
LINE
  5
1E7
330
17
100
AcDbEntity
  8
LINES
100
AcDbLine
 10
668.3
 20
585.79
 30
0.0
 11
669.88
 21
586.08
 31
0.0
  0
LINE
  5
1E8
330
17
100
AcDbEntity
  8
LINES
100
AcDbLine
 10
671.75
 20
584.78
 30
0.0
 11
675.79
 21
585.22
 31
0.0
  0
LINE
  5
1E9
330
17
100
AcDbEntity
  8
LINES
100
AcDbLine
 10
677.66
 20
589.1
 30
0.0
 11
676.22
 21
585.22
 31
0.0
  0
LINE
  5
1EA
330
17
100
AcDbEntity
  8
LINES
100
AcDbLine
 10
678.81
 20
589.39
 30
0.0
 11
678.81
 21
581.33
 31
0.0
  0
LINE
  5
1EB
330
17
100
AcDbEntity
  8
LINES
100
AcDbLine
 10
678.09
 20
583.63
 30
0.0
 11
679.53
 21
583.78
 31
0.0
  0
LINE
  5
1EC
330
17
100
AcDbEntity
  8
LINES
100
AcDbLine
 10
677.08
 20
581.47
 30
0.0
 11
677.08
 21
587.52
 31
0.0
  0
LINE
  5
1ED
330
17
100
AcDbEntity
  8
LINES
100
AcDbLine
 10
677.51
 20
586.94
 30
0.0
 11
680.25
 21
587.38
 31
0.0
  0
LINE
  5
1EE
330
17
100
AcDbEntity
  8
LINES
100
AcDbLine
 10
682.55
 20
589.1
 30
0.0
 11
680.83
 21
585.36
 31
0.0
  0
LINE
  5
1EF
330
17
100
AcDbEntity
  8
LINES
100
AcDbLine
 10
681.98
 20
587.52
 30
0.0
 11
681.98
 21
581.47
 31
0.0
  0
LINE
  5
1F0
330
17
100
AcDbEntity
  8
LINES
100
AcDbLine
 10
684.57
 20
587.38
 30
0.0
 11
682.41
 21
584.35
 31
0.0
  0
LINE
  5
1F1
330
17
100
AcDbEntity
  8
LINES
100
AcDbLine
 10
686.44
 20
586.22
 30
0.0
 11
685.43
 21
586.08
 31
0.0
  0
LINE
  5
1F2
330
17
100
AcDbEntity
  8
LINES
100
AcDbLine
 10
686.44
 20
582.91
 30
0.0
 11
686.44
 21
586.51
 31
0.0
  0
LINE
  5
1F3
330
17
100
AcDbEntity
  8
LINES
100
AcDbLine
 10
687.02
 20
583.92
 30
0.0
 11
686.01
 21
582.19
 31
0.0
  0
LINE
  5
1F4
330
17
100
AcDbEntity
  8
LINES
100
AcDbLine
 10
686.01
 20
588.67
 30
0.0
 11
686.59
 21
587.52
 31
0.0
  0
LINE
  5
1F5
330
17
100
AcDbEntity
  8
LINES
100
AcDbLine
 10
687.16
 20
585.36
 30
0.0
 11
688.6
 21
585.5
 31
0.0
  0
LINE
  5
1F6
330
17
100
AcDbEntity
  8
LINES
100
AcDbLine
 10
688.75
 20
585.79
 30
0.0
 11
688.03
 21
583.78
 31
0.0
  0
LINE
  5
1F7
330
17
100
AcDbEntity
  8
LINES
100
AcDbLine
 10
687.45
 20
588.96
 30
0.0
 11
687.45
 21
587.38
 31
0.0
  0
LINE
  5
1F8
330
17
100
AcDbEntity
  8
LINES
100
AcDbLine
 10
687.45
 20
588.53
 30
0.0
 11
688.31
 21
588.67
 31
0.0
  0
LINE
  5
1F9
330
17
100
AcDbEntity
  8
LINES
100
AcDbLine
 10
691.63
 20
589.1
 30
0.0
 11
691.05
 21
587.66
 31
0.0
  0
LINE
  5
1FA
330
17
100
AcDbEntity
  8
LINES
100
AcDbLine
 10
691.91
 20
584.78
 30
0.0
 11
691.91
 21
582.19
 31
0.0
  0
LINE
  5
1FB
330
17
100
AcDbEntity
  8
LINES
100
AcDbLine
 10
691.34
 20
583.34
 30
0.0
 11
692.63
 21
583.63
 31
0.0
  0
LINE
  5
1FC
330
17
100
AcDbEntity
  8
LINES
100
AcDbLine
 10
692.78
 20
582.19
 30
0.0
 11
691.05
 21
581.9
 31
0.0
  0
LINE
  5
1FD
330
17
100
AcDbEntity
  8
LINES
100
AcDbLine
 10
692.92
 20
585.22
 30
0.0
 11
692.78
 21
581.62
 31
0.0
  0
LINE
  5
1FE
330
17
100
AcDbEntity
  8
LINES
100
AcDbLine
 10
691.05
 20
584.78
 30
0.0
 11
692.92
 21
584.93
 31
0.0
  0
LINE
  5
1FF
330
17
100
AcDbEntity
  8
LINES
100
AcDbLine
 10
691.05
 20
585.07
 30
0.0
 11
691.05
 21
581.62
 31
0.0
  0
LINE
  5
200
330
17
100
AcDbEntity
  8
LINES
100
AcDbLine
 10
691.19
 20
587.95
 30
0.0
 11
692.78
 21
588.24
 31
0.0
  0
LINE
  5
201
330
17
100
AcDbEntity
  8
LINES
100
AcDbLine
 10
691.05
 20
587.66
 30
0.0
 11
690.19
 21
586.08
 31
0.0
  0
LINE
  5
202
330
17
100
AcDbEntity
  8
LINES
100
AcDbLine
 10
456.04
 20
583.06
 30
0.0
 11
457.63
 21
579.89
 31
0.0
  0
LINE
  5
203
330
17
100
AcDbEntity
  8
LINES
100
AcDbLine
 10
474.91
 20
620.64
 30
0.0
 11
474.91
 21
563.04
 31
0.0
  0
LINE
  5
204
330
17
100
AcDbEntity
  8
LINES
100
AcDbLine
 10
449.99
 20
554.54
 30
0.0
 11
595.58
 21
554.54
 31
0.0
  0
LINE
  5
205
330
17
100
AcDbEntity
  8
LINES
100
AcDbLine
 10
519.11
 20
558.58
 30
0.0
 11
520.7
 21
558.58
 31
0.0
  0
LINE
  5
206
330
17
100
AcDbEntity
  8
LINES
100
AcDbLine
 10
523.29
 20
557.28
 30
0.0
 11
525.31
 21
557.28
 31
0.0
  0
LINE
  5
207
330
17
100
AcDbEntity
  8
LINES
100
AcDbLine
 10
465.98
 20
711.07
 30
0.0
 11
467.27
 21
711.65
 31
0.0
  0
LINE
  5
208
330
17
100
AcDbEntity
  8
LINES
100
AcDbLine
 10
467.42
 20
715.1
 30
0.0
 11
466.12
 21
711.36
 31
0.0
  0
LINE
  5
209
330
17
100
AcDbEntity
  8
LINES
100
AcDbLine
 10
465.55
 20
713.66
 30
0.0
 11
466.99
 21
714.1
 31
0.0
  0
LINE
  5
20A
330
17
100
AcDbEntity
  8
LINES
100
AcDbLine
 10
465.55
 20
708.48
 30
0.0
 11
467.27
 21
709.92
 31
0.0
  0
LINE
  5
20B
330
17
100
AcDbEntity
  8
LINES
100
AcDbLine
 10
469.29
 20
717.55
 30
0.0
 11
469.15
 21
716.11
 31
0.0
  0
LINE
  5
20C
330
17
100
AcDbEntity
  8
LINES
100
AcDbLine
 10
468.43
 20
716.69
 30
0.0
 11
468.43
 21
712.94
 31
0.0
  0
LINE
  5
20D
330
17
100
AcDbEntity
  8
LINES
100
AcDbLine
 10
468.43
 20
713.23
 30
0.0
 11
470.3
 21
713.52
 31
0.0
  0
LINE
  5
20E
330
17
100
AcDbEntity
  8
LINES
100
AcDbLine
 10
470.01
 20
713.52
 30
0.0
 11
470.3
 21
716.4
 31
0.0
  0
LINE
  5
20F
330
17
100
AcDbEntity
  8
LINES
100
AcDbLine
 10
470.15
 20
716.26
 30
0.0
 11
468.43
 21
715.97
 31
0.0
  0
LINE
  5
210
330
17
100
AcDbEntity
  8
LINES
100
AcDbLine
 10
468.43
 20
714.67
 30
0.0
 11
469.72
 21
714.96
 31
0.0
  0
LINE
  5
211
330
17
100
AcDbEntity
  8
LINES
100
AcDbLine
 10
470.59
 20
708.05
 30
0.0
 11
470.01
 21
709.49
 31
0.0
  0
LINE
  5
212
330
17
100
AcDbEntity
  8
LINES
100
AcDbLine
 10
469.29
 20
707.04
 30
0.0
 11
469.29
 21
713.23
 31
0.0
  0
LINE
  5
213
330
17
100
AcDbEntity
  8
LINES
100
AcDbLine
 10
466.99
 20
717.12
 30
0.0
 11
465.69
 21
713.66
 31
0.0
  0
LINE
  5
214
330
17
100
AcDbEntity
  8
LINES
100
AcDbLine
 10
467.99
 20
712.22
 30
0.0
 11
467.99
 21
708.19
 31
0.0
  0
LINE
  5
215
330
17
100
AcDbEntity
  8
LINES
100
AcDbLine
 10
467.99
 20
711.5
 30
0.0
 11
470.73
 21
711.79
 31
0.0
  0
LINE
  5
216
330
17
100
AcDbEntity
  8
LINES
100
AcDbLine
 10
470.73
 20
712.08
 30
0.0
 11
470.59
 21
708.19
 31
0.0
  0
LINE
  5
217
330
17
100
AcDbEntity
  8
LINES
100
AcDbLine
 10
474.33
 20
715.25
 30
0.0
 11
476.2
 21
715.68
 31
0.0
  0
LINE
  5
218
330
17
100
AcDbEntity
  8
LINES
100
AcDbLine
 10
474.33
 20
708.91
 30
0.0
 11
476.06
 21
709.2
 31
0.0
  0
LINE
  5
219
330
17
100
AcDbEntity
  8
LINES
100
AcDbLine
 10
474.33
 20
712.22
 30
0.0
 11
475.77
 21
712.51
 31
0.0
  0
LINE
  5
21A
330
17
100
AcDbEntity
  8
LINES
100
AcDbLine
 10
476.2
 20
716.11
 30
0.0
 11
476.06
 21
708.05
 31
0.0
  0
LINE
  5
21B
330
17
100
AcDbEntity
  8
LINES
100
AcDbLine
 10
474.33
 20
716.26
 30
0.0
 11
474.33
 21
707.9
 31
0.0
  0
LINE
  5
21C
330
17
100
AcDbEntity
  8
LINES
100
AcDbLine
 10
472.31
 20
716.11
 30
0.0
 11
473.32
 21
716.26
 31
0.0
  0
LINE
  5
21D
330
17
100
AcDbEntity
  8
LINES
100
AcDbLine
 10
472.31
 20
717.12
 30
0.0
 11
472.31
 21
707.18
 31
0.0
  0
LINE
  5
21E
330
17
100
AcDbEntity
  8
LINES
100
AcDbLine
 10
478.94
 20
716.83
 30
0.0
 11
481.82
 21
717.12
 31
0.0
  0
LINE
  5
21F
330
17
100
AcDbEntity
  8
LINES
100
AcDbLine
 10
481.82
 20
717.41
 30
0.0
 11
481.53
 21
713.81
 31
0.0
  0
LINE
  5
220
330
17
100
AcDbEntity
  8
LINES
100
AcDbLine
 10
481.82
 20
713.81
 30
0.0
 11
478.94
 21
713.52
 31
0.0
  0
LINE
  5
221
330
17
100
AcDbEntity
  8
LINES
100
AcDbLine
 10
479.37
 20
715.1
 30
0.0
 11
481.24
 21
715.39
 31
0.0
  0
LINE
  5
222
330
17
100
AcDbEntity
  8
LINES
100
AcDbLine
 10
481.96
 20
711.94
 30
0.0
 11
480.81
 21
710.06
 31
0.0
  0
LINE
  5
223
330
17
100
AcDbEntity
  8
LINES
100
AcDbLine
 10
478.51
 20
712.22
 30
0.0
 11
479.23
 21
710.35
 31
0.0
  0
LINE
  5
224
330
17
100
AcDbEntity
  8
LINES
100
AcDbLine
 10
485.99
 20
707.76
 30
0.0
 11
487.87
 21
708.05
 31
0.0
  0
LINE
  5
225
330
17
100
AcDbEntity
  8
LINES
100
AcDbLine
 10
488.01
 20
710.93
 30
0.0
 11
487.72
 21
708.05
 31
0.0
  0
LINE
  5
226
330
17
100
AcDbEntity
  8
LINES
100
AcDbLine
 10
485.99
 20
710.78
 30
0.0
 11
485.99
 21
707.04
 31
0.0
  0
LINE
  5
227
330
17
100
AcDbEntity
  8
LINES
100
AcDbLine
 10
485.13
 20
714.82
 30
0.0
 11
488.87
 21
715.25
 31
0.0
  0
LINE
  5
228
330
17
100
AcDbEntity
  8
LINES
100
AcDbLine
 10
486.71
 20
717.55
 30
0.0
 11
487.43
 21
715.54
 31
0.0
  0
LINE
  5
229
330
17
100
AcDbEntity
  8
LINES
100
AcDbLine
 10
485.42
 20
717.55
 30
0.0
 11
483.55
 21
712.22
 31
0.0
  0
LINE
  5
22A
330
17
100
AcDbEntity
  8
LINES
100
AcDbLine
 10
484.7
 20
715.39
 30
0.0
 11
484.7
 21
707.04
 31
0.0
  0
LINE
  5
22B
330
17
100
AcDbEntity
  8
LINES
100
AcDbLine
 10
485.99
 20
713.38
 30
0.0
 11
488.15
 21
713.66
 31
0.0
  0
LINE
  5
22C
330
17
100
AcDbEntity
  8
LINES
100
AcDbLine
 10
488.15
 20
712.08
 30
0.0
 11
485.85
 21
711.65
 31
0.0
  0
LINE
  5
22D
330
17
100
AcDbEntity
  8
LINES
100
AcDbLine
 10
485.99
 20
710.21
 30
0.0
 11
487.87
 21
710.5
 31
0.0
  0
LINE
  5
22E
330
17
100
AcDbEntity
  8
LINES
100
AcDbLine
 10
492.33
 20
717.55
 30
0.0
 11
492.33
 21
712.94
 31
0.0
  0
LINE
  5
22F
330
17
100
AcDbEntity
  8
LINES
100
AcDbLine
 10
494.63
 20
713.23
 30
0.0
 11
490.17
 21
712.66
 31
0.0
  0
LINE
  5
230
330
17
100
AcDbEntity
  8
LINES
100
AcDbLine
 10
494.78
 20
707.18
 30
0.0
 11
494.49
 21
709.63
 31
0.0
  0
LINE
  5
231
330
17
100
AcDbEntity
  8
LINES
100
AcDbLine
 10
491.47
 20
714.1
 30
0.0
 11
490.89
 21
715.97
 31
0.0
  0
LINE
  5
232
330
17
100
AcDbEntity
  8
LINES
100
AcDbLine
 10
492.91
 20
713.52
 30
0.0
 11
493.91
 21
716.11
 31
0.0
  0
LINE
  5
233
330
17
100
AcDbEntity
  8
LINES
100
AcDbLine
 10
496.51
 20
715.68
 30
0.0
 11
496.51
 21
709.63
 31
0.0
  0
LINE
  5
234
330
17
100
AcDbEntity
  8
LINES
100
AcDbLine
 10
496.51
 20
714.67
 30
0.0
 11
500.11
 21
715.1
 31
0.0
  0
LINE
  5
235
330
17
100
AcDbEntity
  8
LINES
100
AcDbLine
 10
500.25
 20
715.54
 30
0.0
 11
499.67
 21
711.07
 31
0.0
  0
LINE
  5
236
330
17
100
AcDbEntity
  8
LINES
100
AcDbLine
 10
499.96
 20
711.07
 30
0.0
 11
496.51
 21
710.5
 31
0.0
  0
LINE
  5
237
330
17
100
AcDbEntity
  8
LINES
100
AcDbLine
 10
497.08
 20
712.8
 30
0.0
 11
499.24
 21
713.09
 31
0.0
  0
LINE
  5
238
330
17
100
AcDbEntity
  8
LINES
100
AcDbLine
 10
501.83
 20
711.5
 30
0.0
 11
507.16
 21
711.94
 31
0.0
  0
LINE
  5
239
330
17
100
AcDbEntity
  8
LINES
100
AcDbLine
 10
509.61
 20
717.26
 30
0.0
 11
507.74
 21
712.08
 31
0.0
  0
LINE
  5
23A
330
17
100
AcDbEntity
  8
LINES
100
AcDbLine
 10
511.34
 20
717.55
 30
0.0
 11
511.34
 21
706.9
 31
0.0
  0
LINE
  5
23B
330
17
100
AcDbEntity
  8
LINES
100
AcDbLine
 10
510.19
 20
709.78
 30
0.0
 11
512.2
 21
710.21
 31
0.0
  0
LINE
  5
23C
330
17
100
AcDbEntity
  8
LINES
100
AcDbLine
 10
508.89
 20
707.04
 30
0.0
 11
508.89
 21
715.1
 31
0.0
  0
LINE
  5
23D
330
17
100
AcDbEntity
  8
LINES
100
AcDbLine
 10
509.47
 20
714.24
 30
0.0
 11
513.07
 21
714.96
 31
0.0
  0
LINE
  5
23E
330
17
100
AcDbEntity
  8
LINES
100
AcDbLine
 10
516.23
 20
717.26
 30
0.0
 11
513.93
 21
712.22
 31
0.0
  0
LINE
  5
23F
330
17
100
AcDbEntity
  8
LINES
100
AcDbLine
 10
515.37
 20
715.1
 30
0.0
 11
515.37
 21
707.04
 31
0.0
  0
LINE
  5
240
330
17
100
AcDbEntity
  8
LINES
100
AcDbLine
 10
518.83
 20
714.96
 30
0.0
 11
515.95
 21
710.93
 31
0.0
  0
LINE
  5
241
330
17
100
AcDbEntity
  8
LINES
100
AcDbLine
 10
521.85
 20
714.82
 30
0.0
 11
520.12
 21
714.24
 31
0.0
  0
LINE
  5
242
330
17
100
AcDbEntity
  8
LINES
100
AcDbLine
 10
519.98
 20
710.93
 30
0.0
 11
521.85
 21
712.94
 31
0.0
  0
LINE
  5
243
330
17
100
AcDbEntity
  8
LINES
100
AcDbLine
 10
523.0
 20
717.55
 30
0.0
 11
523.72
 21
715.82
 31
0.0
  0
LINE
  5
244
330
17
100
AcDbEntity
  8
LINES
100
AcDbLine
 10
522.28
 20
715.1
 30
0.0
 11
524.87
 21
715.82
 31
0.0
  0
LINE
  5
245
330
17
100
AcDbEntity
  8
LINES
100
AcDbLine
 10
525.02
 20
713.23
 30
0.0
 11
522.14
 21
712.51
 31
0.0
  0
LINE
  5
246
330
17
100
AcDbEntity
  8
LINES
100
AcDbLine
 10
521.71
 20
710.64
 30
0.0
 11
525.31
 21
711.36
 31
0.0
  0
LINE
  5
247
330
17
100
AcDbEntity
  8
LINES
100
AcDbLine
 10
523.58
 20
709.06
 30
0.0
 11
522.71
 21
709.63
 31
0.0
  0
LINE
  5
248
330
17
100
AcDbEntity
  8
LINES
100
AcDbLine
 10
523.15
 20
713.38
 30
0.0
 11
522.86
 21
714.82
 31
0.0
  0
LINE
  5
249
330
17
100
AcDbEntity
  8
LINES
100
AcDbLine
 10
524.15
 20
715.54
 30
0.0
 11
523.87
 21
712.94
 31
0.0
  0
LINE
  5
24A
330
17
100
AcDbEntity
  8
LINES
100
AcDbLine
 10
523.58
 20
709.06
 30
0.0
 11
525.02
 21
707.33
 31
0.0
  0
LINE
  5
24B
330
17
100
AcDbEntity
  8
LINES
100
AcDbLine
 10
523.29
 20
712.8
 30
0.0
 11
522.71
 21
709.63
 31
0.0
  0
LINE
  5
24C
330
17
100
AcDbEntity
  8
LINES
100
AcDbLine
 10
524.15
 20
711.07
 30
0.0
 11
523.58
 21
708.91
 31
0.0
  0
LINE
  5
24D
330
17
100
AcDbEntity
  8
LINES
100
AcDbLine
 10
533.37
 20
713.38
 30
0.0
 11
532.07
 21
713.09
 31
0.0
  0
LINE
  5
24E
330
17
100
AcDbEntity
  8
LINES
100
AcDbLine
 10
533.37
 20
708.91
 30
0.0
 11
533.37
 21
713.81
 31
0.0
  0
LINE
  5
24F
330
17
100
AcDbEntity
  8
LINES
100
AcDbLine
 10
534.23
 20
710.35
 30
0.0
 11
532.94
 21
707.9
 31
0.0
  0
LINE
  5
250
330
17
100
AcDbEntity
  8
LINES
100
AcDbLine
 10
532.79
 20
716.69
 30
0.0
 11
533.51
 21
714.96
 31
0.0
  0
LINE
  5
251
330
17
100
AcDbEntity
  8
LINES
100
AcDbLine
 10
534.38
 20
712.22
 30
0.0
 11
536.25
 21
712.37
 31
0.0
  0
LINE
  5
252
330
17
100
AcDbEntity
  8
LINES
100
AcDbLine
 10
536.54
 20
712.8
 30
0.0
 11
535.67
 21
710.06
 31
0.0
  0
LINE
  5
253
330
17
100
AcDbEntity
  8
LINES
100
AcDbLine
 10
534.81
 20
716.98
 30
0.0
 11
534.81
 21
714.96
 31
0.0
  0
LINE
  5
254
330
17
100
AcDbEntity
  8
LINES
100
AcDbLine
 10
534.81
 20
716.4
 30
0.0
 11
535.96
 21
716.69
 31
0.0
  0
LINE
  5
255
330
17
100
AcDbEntity
  8
LINES
100
AcDbLine
 10
540.43
 20
717.26
 30
0.0
 11
539.56
 21
715.39
 31
0.0
  0
LINE
  5
256
330
17
100
AcDbEntity
  8
LINES
100
AcDbLine
 10
540.86
 20
711.5
 30
0.0
 11
540.86
 21
708.05
 31
0.0
  0
LINE
  5
257
330
17
100
AcDbEntity
  8
LINES
100
AcDbLine
 10
539.85
 20
709.63
 30
0.0
 11
541.72
 21
709.78
 31
0.0
  0
LINE
  5
258
330
17
100
AcDbEntity
  8
LINES
100
AcDbLine
 10
542.01
 20
708.05
 30
0.0
 11
539.56
 21
707.76
 31
0.0
  0
LINE
  5
259
330
17
100
AcDbEntity
  8
LINES
100
AcDbLine
 10
542.15
 20
711.94
 30
0.0
 11
542.01
 21
707.18
 31
0.0
  0
LINE
  5
25A
330
17
100
AcDbEntity
  8
LINES
100
AcDbLine
 10
539.56
 20
711.36
 30
0.0
 11
542.01
 21
711.65
 31
0.0
  0
LINE
  5
25B
330
17
100
AcDbEntity
  8
LINES
100
AcDbLine
 10
539.56
 20
711.79
 30
0.0
 11
539.56
 21
707.18
 31
0.0
  0
LINE
  5
25C
330
17
100
AcDbEntity
  8
LINES
100
AcDbLine
 10
539.71
 20
715.68
 30
0.0
 11
542.01
 21
716.11
 31
0.0
  0
LINE
  5
25D
330
17
100
AcDbEntity
  8
LINES
100
AcDbLine
 10
539.56
 20
715.39
 30
0.0
 11
538.41
 21
713.23
 31
0.0
  0
LINE
  5
25E
330
17
100
AcDbEntity
  8
LINES
100
AcDbLine
 10
449.99
 20
613.3
 30
0.0
 11
595.58
 21
613.3
 31
0.0
  0
LINE
  5
25F
330
17
100
AcDbEntity
  8
LINES
100
AcDbLine
 10
586.65
 20
620.64
 30
0.0
 11
586.65
 21
613.3
 31
0.0
  0
LINE
  5
260
330
17
100
AcDbEntity
  8
LINES
100
AcDbLine
 10
459.93
 20
620.64
 30
0.0
 11
459.93
 21
613.3
 31
0.0
  0
LINE
  5
261
330
17
100
AcDbEntity
  8
LINES
100
AcDbLine
 10
469.0
 20
620.78
 30
0.0
 11
469.0
 21
613.44
 31
0.0
  0
LINE
  5
262
330
17
100
AcDbEntity
  8
LINES
100
AcDbLine
 10
459.93
 20
613.3
 30
0.0
 11
459.93
 21
563.18
 31
0.0
  0
LINE
  5
263
330
17
100
AcDbEntity
  8
LINES
100
AcDbLine
 10
469.0
 20
613.44
 30
0.0
 11
469.0
 21
563.18
 31
0.0
  0
LINE
  5
264
330
17
100
AcDbEntity
  8
LINES
100
AcDbLine
 10
464.83
 20
582.77
 30
0.0
 11
466.41
 21
579.6
 31
0.0
  0
LINE
  5
265
330
17
100
AcDbEntity
  8
LINES
100
AcDbLine
 10
476.78
 20
597.89
 30
0.0
 11
478.65
 21
597.89
 31
0.0
  0
LINE
  5
266
330
17
100
AcDbEntity
  8
LINES
100
AcDbLine
 10
476.78
 20
594.86
 30
0.0
 11
479.8
 21
594.86
 31
0.0
  0
LINE
  5
267
330
17
100
AcDbEntity
  8
LINES
100
AcDbLine
 10
518.54
 20
587.81
 30
0.0
 11
521.71
 21
593.71
 31
0.0
  0
LINE
  5
268
330
17
100
AcDbEntity
  8
LINES
100
AcDbLine
 10
518.54
 20
593.71
 30
0.0
 11
521.71
 21
587.81
 31
0.0
  0
LINE
  5
269
330
17
100
AcDbEntity
  8
LINES
100
AcDbLine
 10
525.45
 20
587.66
 30
0.0
 11
528.62
 21
593.57
 31
0.0
  0
LINE
  5
26A
330
17
100
AcDbEntity
  8
LINES
100
AcDbLine
 10
525.45
 20
593.57
 30
0.0
 11
528.62
 21
587.66
 31
0.0
  0
LINE
  5
26B
330
17
100
AcDbEntity
  8
LINES
100
AcDbLine
 10
586.65
 20
613.3
 30
0.0
 11
586.65
 21
563.18
 31
0.0
  0
LINE
  5
26C
330
17
100
AcDbEntity
  8
LINES
100
AcDbLine
 10
573.98
 20
589.82
 30
0.0
 11
575.71
 21
589.82
 31
0.0
  0
LINE
  5
26D
330
17
100
AcDbEntity
  8
LINES
100
AcDbLine
 10
589.96
 20
597.89
 30
0.0
 11
591.69
 21
597.89
 31
0.0
  0
LINE
  5
26E
330
17
100
AcDbEntity
  8
LINES
100
AcDbLine
 10
589.96
 20
586.8
 30
0.0
 11
593.13
 21
592.85
 31
0.0
  0
LINE
  5
26F
330
17
100
AcDbEntity
  8
LINES
100
AcDbLine
 10
589.96
 20
592.85
 30
0.0
 11
593.13
 21
586.8
 31
0.0
  0
LINE
  5
270
330
17
100
AcDbEntity
  8
LINES
100
AcDbLine
 10
484.12
 20
202.32
 30
0.0
 11
485.56
 21
202.9
 31
0.0
  0
LINE
  5
271
330
17
100
AcDbEntity
  8
LINES
100
AcDbLine
 10
484.99
 20
206.35
 30
0.0
 11
484.99
 21
200.02
 31
0.0
  0
LINE
  5
272
330
17
100
AcDbEntity
  8
LINES
100
AcDbLine
 10
483.98
 20
199.15
 30
0.0
 11
485.85
 21
200.74
 31
0.0
  0
LINE
  5
273
330
17
100
AcDbEntity
  8
LINES
100
AcDbLine
 10
486.71
 20
207.07
 30
0.0
 11
486.71
 21
199.58
 31
0.0
  0
LINE
  5
274
330
17
100
AcDbEntity
  8
LINES
100
AcDbLine
 10
485.56
 20
201.74
 30
0.0
 11
487.87
 21
203.9
 31
0.0
  0
LINE
  5
275
330
17
100
AcDbEntity
  8
LINES
100
AcDbLine
 10
489.74
 20
206.78
 30
0.0
 11
489.74
 21
198.58
 31
0.0
  0
LINE
  5
276
330
17
100
AcDbEntity
  8
LINES
100
AcDbLine
 10
489.74
 20
206.06
 30
0.0
 11
493.05
 21
206.5
 31
0.0
  0
LINE
  5
277
330
17
100
AcDbEntity
  8
LINES
100
AcDbLine
 10
491.03
 20
205.06
 30
0.0
 11
490.03
 21
200.74
 31
0.0
  0
LINE
  5
278
330
17
100
AcDbEntity
  8
LINES
100
AcDbLine
 10
490.31
 20
204.48
 30
0.0
 11
491.18
 21
201.89
 31
0.0
  0
LINE
  5
279
330
17
100
AcDbEntity
  8
LINES
100
AcDbLine
 10
492.33
 20
205.34
 30
0.0
 11
491.03
 21
200.45
 31
0.0
  0
LINE
  5
27A
330
17
100
AcDbEntity
  8
LINES
100
AcDbLine
 10
491.61
 20
204.48
 30
0.0
 11
492.62
 21
201.17
 31
0.0
  0
LINE
  5
27B
330
17
100
AcDbEntity
  8
LINES
100
AcDbLine
 10
496.65
 20
207.07
 30
0.0
 11
496.65
 21
203.18
 31
0.0
  0
LINE
  5
27C
330
17
100
AcDbEntity
  8
LINES
100
AcDbLine
 10
498.67
 20
203.33
 30
0.0
 11
494.78
 21
202.9
 31
0.0
  0
LINE
  5
27D
330
17
100
AcDbEntity
  8
LINES
100
AcDbLine
 10
498.81
 20
198.14
 30
0.0
 11
498.67
 21
200.16
 31
0.0
  0
LINE
  5
27E
330
17
100
AcDbEntity
  8
LINES
100
AcDbLine
 10
495.93
 20
204.05
 30
0.0
 11
495.5
 21
205.78
 31
0.0
  0
LINE
  5
27F
330
17
100
AcDbEntity
  8
LINES
100
AcDbLine
 10
497.23
 20
203.62
 30
0.0
 11
497.95
 21
205.92
 31
0.0
  0
LINE
  5
280
330
17
100
AcDbEntity
  8
LINES
100
AcDbLine
 10
500.39
 20
205.49
 30
0.0
 11
500.39
 21
200.16
 31
0.0
  0
LINE
  5
281
330
17
100
AcDbEntity
  8
LINES
100
AcDbLine
 10
500.39
 20
204.62
 30
0.0
 11
503.42
 21
205.06
 31
0.0
  0
LINE
  5
282
330
17
100
AcDbEntity
  8
LINES
100
AcDbLine
 10
503.56
 20
205.34
 30
0.0
 11
503.13
 21
201.46
 31
0.0
  0
LINE
  5
283
330
17
100
AcDbEntity
  8
LINES
100
AcDbLine
 10
503.27
 20
201.46
 30
0.0
 11
500.39
 21
201.02
 31
0.0
  0
LINE
  5
284
330
17
100
AcDbEntity
  8
LINES
100
AcDbLine
 10
500.83
 20
203.04
 30
0.0
 11
502.7
 21
203.33
 31
0.0
  0
LINE
  5
285
330
17
100
AcDbEntity
  8
LINES
100
AcDbLine
 10
505.0
 20
201.89
 30
0.0
 11
509.61
 21
202.32
 31
0.0
  0
LINE
  5
286
330
17
100
AcDbEntity
  8
LINES
100
AcDbLine
 10
511.77
 20
206.93
 30
0.0
 11
510.19
 21
202.32
 31
0.0
  0
LINE
  5
287
330
17
100
AcDbEntity
  8
LINES
100
AcDbLine
 10
513.21
 20
207.07
 30
0.0
 11
513.21
 21
197.86
 31
0.0
  0
LINE
  5
288
330
17
100
AcDbEntity
  8
LINES
100
AcDbLine
 10
512.2
 20
200.45
 30
0.0
 11
514.07
 21
200.74
 31
0.0
  0
LINE
  5
289
330
17
100
AcDbEntity
  8
LINES
100
AcDbLine
 10
511.19
 20
197.86
 30
0.0
 11
511.19
 21
205.06
 31
0.0
  0
LINE
  5
28A
330
17
100
AcDbEntity
  8
LINES
100
AcDbLine
 10
511.63
 20
204.34
 30
0.0
 11
514.79
 21
204.77
 31
0.0
  0
LINE
  5
28B
330
17
100
AcDbEntity
  8
LINES
100
AcDbLine
 10
517.67
 20
206.93
 30
0.0
 11
515.51
 21
202.46
 31
0.0
  0
LINE
  5
28C
330
17
100
AcDbEntity
  8
LINES
100
AcDbLine
 10
516.81
 20
205.06
 30
0.0
 11
516.81
 21
197.86
 31
0.0
  0
LINE
  5
28D
330
17
100
AcDbEntity
  8
LINES
100
AcDbLine
 10
519.83
 20
204.77
 30
0.0
 11
517.39
 21
201.31
 31
0.0
  0
LINE
  5
28E
330
17
100
AcDbEntity
  8
LINES
100
AcDbLine
 10
521.99
 20
203.47
 30
0.0
 11
520.84
 21
203.33
 31
0.0
  0
LINE
  5
28F
330
17
100
AcDbEntity
  8
LINES
100
AcDbLine
 10
521.99
 20
199.58
 30
0.0
 11
521.99
 21
203.9
 31
0.0
  0
LINE
  5
290
330
17
100
AcDbEntity
  8
LINES
100
AcDbLine
 10
522.71
 20
200.74
 30
0.0
 11
521.56
 21
198.72
 31
0.0
  0
LINE
  5
291
330
17
100
AcDbEntity
  8
LINES
100
AcDbLine
 10
521.56
 20
206.35
 30
0.0
 11
522.14
 21
204.91
 31
0.0
  0
LINE
  5
292
330
17
100
AcDbEntity
  8
LINES
100
AcDbLine
 10
522.86
 20
202.46
 30
0.0
 11
524.59
 21
202.61
 31
0.0
  0
LINE
  5
293
330
17
100
AcDbEntity
  8
LINES
100
AcDbLine
 10
524.73
 20
203.04
 30
0.0
 11
524.01
 21
200.59
 31
0.0
  0
LINE
  5
294
330
17
100
AcDbEntity
  8
LINES
100
AcDbLine
 10
523.29
 20
206.64
 30
0.0
 11
523.29
 21
204.77
 31
0.0
  0
LINE
  5
295
330
17
100
AcDbEntity
  8
LINES
100
AcDbLine
 10
523.29
 20
206.21
 30
0.0
 11
524.3
 21
206.35
 31
0.0
  0
LINE
  5
296
330
17
100
AcDbEntity
  8
LINES
100
AcDbLine
 10
528.04
 20
206.93
 30
0.0
 11
527.32
 21
205.2
 31
0.0
  0
LINE
  5
297
330
17
100
AcDbEntity
  8
LINES
100
AcDbLine
 10
528.47
 20
201.89
 30
0.0
 11
528.47
 21
198.86
 31
0.0
  0
LINE
  5
298
330
17
100
AcDbEntity
  8
LINES
100
AcDbLine
 10
527.75
 20
200.16
 30
0.0
 11
529.34
 21
200.45
 31
0.0
  0
LINE
  5
299
330
17
100
AcDbEntity
  8
LINES
100
AcDbLine
 10
529.48
 20
198.86
 30
0.0
 11
527.47
 21
198.58
 31
0.0
  0
LINE
  5
29A
330
17
100
AcDbEntity
  8
LINES
100
AcDbLine
 10
529.63
 20
202.32
 30
0.0
 11
529.48
 21
198.14
 31
0.0
  0
LINE
  5
29B
330
17
100
AcDbEntity
  8
LINES
100
AcDbLine
 10
527.47
 20
201.74
 30
0.0
 11
529.63
 21
202.03
 31
0.0
  0
LINE
  5
29C
330
17
100
AcDbEntity
  8
LINES
100
AcDbLine
 10
527.47
 20
202.18
 30
0.0
 11
527.47
 21
198.14
 31
0.0
  0
LINE
  5
29D
330
17
100
AcDbEntity
  8
LINES
100
AcDbLine
 10
527.47
 20
205.49
 30
0.0
 11
529.48
 21
205.92
 31
0.0
  0
LINE
  5
29E
330
17
100
AcDbEntity
  8
LINES
100
AcDbLine
 10
527.32
 20
205.2
 30
0.0
 11
526.46
 21
203.33
 31
0.0
  0
LINE
  5
29F
330
17
100
AcDbEntity
  8
LINES
100
AcDbLine
 10
531.35
 20
200.02
 30
0.0
 11
532.79
 21
204.05
 31
0.0
  0
LINE
  5
2A0
330
17
100
AcDbEntity
  8
LINES
100
AcDbLine
 10
533.66
 20
204.48
 30
0.0
 11
531.64
 21
204.05
 31
0.0
  0
LINE
  5
2A1
330
17
100
AcDbEntity
  8
LINES
100
AcDbLine
 10
533.51
 20
201.89
 30
0.0
 11
532.79
 21
203.33
 31
0.0
  0
LINE
  5
2A2
330
17
100
AcDbEntity
  8
LINES
100
AcDbLine
 10
532.79
 20
198.29
 30
0.0
 11
532.79
 21
207.07
 31
0.0
  0
LINE
  5
2A3
330
17
100
AcDbEntity
  8
LINES
100
AcDbLine
 10
535.1
 20
205.78
 30
0.0
 11
534.09
 21
205.49
 31
0.0
  0
LINE
  5
2A4
330
17
100
AcDbEntity
  8
LINES
100
AcDbLine
 10
538.27
 20
207.07
 30
0.0
 11
537.83
 21
205.06
 31
0.0
  0
LINE
  5
2A5
330
17
100
AcDbEntity
  8
LINES
100
AcDbLine
 10
539.42
 20
205.78
 30
0.0
 11
539.42
 21
202.75
 31
0.0
  0
LINE
  5
2A6
330
17
100
AcDbEntity
  8
LINES
100
AcDbLine
 10
539.42
 20
205.2
 30
0.0
 11
540.71
 21
205.34
 31
0.0
  0
LINE
  5
2A7
330
17
100
AcDbEntity
  8
LINES
100
AcDbLine
 10
540.71
 20
205.63
 30
0.0
 11
540.57
 21
203.47
 31
0.0
  0
LINE
  5
2A8
330
17
100
AcDbEntity
  8
LINES
100
AcDbLine
 10
540.71
 20
203.47
 30
0.0
 11
539.42
 21
203.33
 31
0.0
  0
LINE
  5
2A9
330
17
100
AcDbEntity
  8
LINES
100
AcDbLine
 10
537.26
 20
201.17
 30
0.0
 11
540.86
 21
201.6
 31
0.0
  0
LINE
  5
2AA
330
17
100
AcDbEntity
  8
LINES
100
AcDbLine
 10
538.99
 20
202.75
 30
0.0
 11
538.99
 21
197.86
 31
0.0
  0
LINE
  5
2AB
330
17
100
AcDbEntity
  8
LINES
100
AcDbLine
 10
538.99
 20
201.31
 30
0.0
 11
536.83
 21
198.29
 31
0.0
  0
LINE
  5
2AC
330
17
100
AcDbEntity
  8
LINES
100
AcDbLine
 10
536.97
 20
204.91
 30
0.0
 11
538.84
 21
205.2
 31
0.0
  0
LINE
  5
2AD
330
17
100
AcDbEntity
  8
LINES
100
AcDbLine
 10
546.04
 20
206.35
 30
0.0
 11
542.59
 21
205.92
 31
0.0
  0
LINE
  5
2AE
330
17
100
AcDbEntity
  8
LINES
100
AcDbLine
 10
542.59
 20
198.86
 30
0.0
 11
545.75
 21
199.15
 31
0.0
  0
LINE
  5
2AF
330
17
100
AcDbEntity
  8
LINES
100
AcDbLine
 10
546.04
 20
198.58
 30
0.0
 11
546.04
 21
206.64
 31
0.0
  0
LINE
  5
2B0
330
17
100
AcDbEntity
  8
LINES
100
AcDbLine
 10
542.59
 20
206.64
 30
0.0
 11
542.59
 21
198.58
 31
0.0
  0
LINE
  5
2B1
330
17
100
AcDbEntity
  8
LINES
100
AcDbLine
 10
542.59
 20
206.78
 30
0.0
 11
542.59
 21
198.14
 31
0.0
  0
LINE
  5
2B2
330
17
100
AcDbEntity
  8
LINES
100
AcDbLine
 10
544.46
 20
205.49
 30
0.0
 11
543.02
 21
203.04
 31
0.0
  0
LINE
  5
2B3
330
17
100
AcDbEntity
  8
LINES
100
AcDbLine
 10
544.03
 20
201.74
 30
0.0
 11
544.6
 21
200.88
 31
0.0
  0
LINE
  5
2B4
330
17
100
AcDbEntity
  8
LINES
100
AcDbLine
 10
543.88
 20
200.59
 30
0.0
 11
544.6
 21
199.44
 31
0.0
  0
LINE
  5
2B5
330
17
100
AcDbEntity
  8
LINES
100
AcDbLine
 10
543.88
 20
204.48
 30
0.0
 11
545.03
 21
204.62
 31
0.0
  0
LINE
  5
2B6
330
17
100
AcDbEntity
  8
LINES
100
AcDbLine
 10
542.73
 20
201.17
 30
0.0
 11
543.88
 21
202.32
 31
0.0
  0
LINE
  5
2B7
330
17
100
AcDbEntity
  8
LINES
100
AcDbLine
 10
712.79
 20
223.34
 30
0.0
 11
889.19
 21
223.34
 31
0.0
  0
LINE
  5
2B8
330
17
100
AcDbEntity
  8
LINES
100
AcDbLine
 10
712.79
 20
811.15
 30
0.0
 11
889.19
 21
811.15
 31
0.0
  0
LINE
  5
2B9
330
17
100
AcDbEntity
  8
LINES
100
AcDbLine
 10
712.79
 20
241.63
 30
0.0
 11
889.19
 21
241.63
 31
0.0
  0
LINE
  5
2BA
330
17
100
AcDbEntity
  8
LINES
100
AcDbLine
 10
712.79
 20
786.24
 30
0.0
 11
889.19
 21
786.24
 31
0.0
  0
LINE
  5
2BB
330
17
100
AcDbEntity
  8
LINES
100
AcDbLine
 10
728.35
 20
770.83
 30
0.0
 11
728.35
 21
259.34
 31
0.0
  0
LINE
  5
2BC
330
17
100
AcDbEntity
  8
LINES
100
AcDbLine
 10
728.35
 20
770.83
 30
0.0
 11
718.7
 21
770.83
 31
0.0
  0
LINE
  5
2BD
330
17
100
AcDbEntity
  8
LINES
100
AcDbLine
 10
718.7
 20
770.83
 30
0.0
 11
718.7
 21
786.24
 31
0.0
  0
LINE
  5
2BE
330
17
100
AcDbEntity
  8
LINES
100
AcDbLine
 10
883.0
 20
769.97
 30
0.0
 11
883.0
 21
786.24
 31
0.0
  0
LINE
  5
2BF
330
17
100
AcDbEntity
  8
LINES
100
AcDbLine
 10
873.79
 20
769.97
 30
0.0
 11
873.79
 21
258.48
 31
0.0
  0
LINE
  5
2C0
330
17
100
AcDbEntity
  8
LINES
100
AcDbLine
 10
883.0
 20
769.97
 30
0.0
 11
873.79
 21
769.97
 31
0.0
  0
LINE
  5
2C1
330
17
100
AcDbEntity
  8
LINES
100
AcDbLine
 10
873.93
 20
258.48
 30
0.0
 11
885.59
 21
258.48
 31
0.0
  0
LINE
  5
2C2
330
17
100
AcDbEntity
  8
LINES
100
AcDbLine
 10
885.59
 20
258.48
 30
0.0
 11
885.59
 21
241.63
 31
0.0
  0
LINE
  5
2C3
330
17
100
AcDbEntity
  8
LINES
100
AcDbLine
 10
716.54
 20
259.34
 30
0.0
 11
728.35
 21
259.34
 31
0.0
  0
LINE
  5
2C4
330
17
100
AcDbEntity
  8
LINES
100
AcDbLine
 10
716.39
 20
259.2
 30
0.0
 11
716.39
 21
241.49
 31
0.0
  0
LINE
  5
2C5
330
17
100
AcDbEntity
  8
LINES
100
AcDbLine
 10
712.79
 20
810.86
 30
0.0
 11
712.79
 21
223.06
 31
0.0
  0
LINE
  5
2C6
330
17
100
AcDbEntity
  8
LINES
100
AcDbLine
 10
889.19
 20
811.15
 30
0.0
 11
889.19
 21
223.34
 31
0.0
  0
LINE
  5
2C7
330
17
100
AcDbEntity
  8
LINES
100
AcDbLine
 10
776.44
 20
200.88
 30
0.0
 11
776.44
 21
196.13
 31
0.0
  0
LINE
  5
2C8
330
17
100
AcDbEntity
  8
LINES
100
AcDbLine
 10
775.29
 20
198.0
 30
0.0
 11
777.74
 21
198.43
 31
0.0
  0
LINE
  5
2C9
330
17
100
AcDbEntity
  8
LINES
100
AcDbLine
 10
777.31
 20
200.45
 30
0.0
 11
777.02
 21
198.29
 31
0.0
  0
LINE
  5
2CA
330
17
100
AcDbEntity
  8
LINES
100
AcDbLine
 10
775.72
 20
200.02
 30
0.0
 11
776.15
 21
198.58
 31
0.0
  0
LINE
  5
2CB
330
17
100
AcDbEntity
  8
LINES
100
AcDbLine
 10
776.44
 20
198.14
 30
0.0
 11
775.15
 21
195.26
 31
0.0
  0
LINE
  5
2CC
330
17
100
AcDbEntity
  8
LINES
100
AcDbLine
 10
776.44
 20
197.86
 30
0.0
 11
777.45
 21
196.56
 31
0.0
  0
LINE
  5
2CD
330
17
100
AcDbEntity
  8
LINES
100
AcDbLine
 10
775.29
 20
194.69
 30
0.0
 11
777.02
 21
195.26
 31
0.0
  0
LINE
  5
2CE
330
17
100
AcDbEntity
  8
LINES
100
AcDbLine
 10
777.88
 20
197.71
 30
0.0
 11
779.47
 21
198.0
 31
0.0
  0
LINE
  5
2CF
330
17
100
AcDbEntity
  8
LINES
100
AcDbLine
 10
784.51
 20
194.83
 30
0.0
 11
783.07
 21
194.54
 31
0.0
  0
LINE
  5
2D0
330
17
100
AcDbEntity
  8
LINES
100
AcDbLine
 10
783.64
 20
198.14
 30
0.0
 11
783.64
 21
194.54
 31
0.0
  0
LINE
  5
2D1
330
17
100
AcDbEntity
  8
LINES
100
AcDbLine
 10
784.36
 20
200.02
 30
0.0
 11
782.78
 21
199.58
 31
0.0
  0
LINE
  5
2D2
330
17
100
AcDbEntity
  8
LINES
100
AcDbLine
 10
784.22
 20
198.29
 30
0.0
 11
784.36
 21
200.3
 31
0.0
  0
LINE
  5
2D3
330
17
100
AcDbEntity
  8
LINES
100
AcDbLine
 10
784.51
 20
198.29
 30
0.0
 11
782.78
 21
197.86
 31
0.0
  0
LINE
  5
2D4
330
17
100
AcDbEntity
  8
LINES
100
AcDbLine
 10
782.63
 20
196.13
 30
0.0
 11
784.94
 21
196.7
 31
0.0
  0
LINE
  5
2D5
330
17
100
AcDbEntity
  8
LINES
100
AcDbLine
 10
784.51
 20
192.67
 30
0.0
 11
784.51
 21
194.98
 31
0.0
  0
LINE
  5
2D6
330
17
100
AcDbEntity
  8
LINES
100
AcDbLine
 10
783.07
 20
192.53
 30
0.0
 11
784.65
 21
192.67
 31
0.0
  0
LINE
  5
2D7
330
17
100
AcDbEntity
  8
LINES
100
AcDbLine
 10
783.07
 20
194.98
 30
0.0
 11
783.07
 21
191.95
 31
0.0
  0
LINE
  5
2D8
330
17
100
AcDbEntity
  8
LINES
100
AcDbLine
 10
782.49
 20
196.99
 30
0.0
 11
780.91
 21
195.41
 31
0.0
  0
LINE
  5
2D9
330
17
100
AcDbEntity
  8
LINES
100
AcDbLine
 10
780.91
 20
197.86
 30
0.0
 11
782.49
 21
198.43
 31
0.0
  0
LINE
  5
2DA
330
17
100
AcDbEntity
  8
LINES
100
AcDbLine
 10
788.83
 20
198.58
 30
0.0
 11
788.83
 21
193.97
 31
0.0
  0
LINE
  5
2DB
330
17
100
AcDbEntity
  8
LINES
100
AcDbLine
 10
788.25
 20
195.7
 30
0.0
 11
789.55
 21
195.98
 31
0.0
  0
LINE
  5
2DC
330
17
100
AcDbEntity
  8
LINES
100
AcDbLine
 10
788.25
 20
197.14
 30
0.0
 11
789.26
 21
197.28
 31
0.0
  0
LINE
  5
2DD
330
17
100
AcDbEntity
  8
LINES
100
AcDbLine
 10
788.39
 20
199.73
 30
0.0
 11
788.97
 21
198.72
 31
0.0
  0
LINE
  5
2DE
330
17
100
AcDbEntity
  8
LINES
100
AcDbLine
 10
787.82
 20
198.43
 30
0.0
 11
789.83
 21
198.86
 31
0.0
  0
LINE
  5
2DF
330
17
100
AcDbEntity
  8
LINES
100
AcDbLine
 10
787.82
 20
198.86
 30
0.0
 11
787.82
 21
194.11
 31
0.0
  0
LINE
  5
2E0
330
17
100
AcDbEntity
  8
LINES
100
AcDbLine
 10
785.8
 20
196.99
 30
0.0
 11
787.24
 21
197.42
 31
0.0
  0
LINE
  5
2E1
330
17
100
AcDbEntity
  8
LINES
100
AcDbLine
 10
786.52
 20
200.3
 30
0.0
 11
787.1
 21
198.86
 31
0.0
  0
LINE
  5
2E2
330
17
100
AcDbEntity
  8
LINES
100
AcDbLine
 10
789.69
 20
201.02
 30
0.0
 11
788.68
 21
199.3
 31
0.0
  0
LINE
  5
2E3
330
17
100
AcDbEntity
  8
LINES
100
AcDbLine
 10
787.82
 20
200.45
 30
0.0
 11
789.55
 21
200.74
 31
0.0
  0
LINE
  5
2E4
330
17
100
AcDbEntity
  8
LINES
100
AcDbLine
 10
789.98
 20
192.24
 30
0.0
 11
790.41
 21
192.53
 31
0.0
  0
LINE
  5
2E5
330
17
100
AcDbEntity
  8
LINES
100
AcDbLine
 10
793.15
 20
192.67
 30
0.0
 11
794.73
 21
192.82
 31
0.0
  0
LINE
  5
2E6
330
17
100
AcDbEntity
  8
LINES
100
AcDbLine
 10
794.87
 20
195.26
 30
0.0
 11
794.59
 21
192.82
 31
0.0
  0
LINE
  5
2E7
330
17
100
AcDbEntity
  8
LINES
100
AcDbLine
 10
793.15
 20
195.26
 30
0.0
 11
793.15
 21
191.95
 31
0.0
  0
LINE
  5
2E8
330
17
100
AcDbEntity
  8
LINES
100
AcDbLine
 10
792.43
 20
198.72
 30
0.0
 11
795.59
 21
199.15
 31
0.0
  0
LINE
  5
2E9
330
17
100
AcDbEntity
  8
LINES
100
AcDbLine
 10
793.72
 20
201.17
 30
0.0
 11
794.3
 21
199.44
 31
0.0
  0
LINE
  5
2EA
330
17
100
AcDbEntity
  8
LINES
100
AcDbLine
 10
792.57
 20
201.17
 30
0.0
 11
790.84
 21
196.42
 31
0.0
  0
LINE
  5
2EB
330
17
100
AcDbEntity
  8
LINES
100
AcDbLine
 10
791.99
 20
199.3
 30
0.0
 11
791.99
 21
191.95
 31
0.0
  0
LINE
  5
2EC
330
17
100
AcDbEntity
  8
LINES
100
AcDbLine
 10
793.0
 20
197.42
 30
0.0
 11
794.87
 21
197.86
 31
0.0
  0
LINE
  5
2ED
330
17
100
AcDbEntity
  8
LINES
100
AcDbLine
 10
795.02
 20
196.42
 30
0.0
 11
793.0
 21
195.98
 31
0.0
  0
LINE
  5
2EE
330
17
100
AcDbEntity
  8
LINES
100
AcDbLine
 10
793.15
 20
194.69
 30
0.0
 11
794.73
 21
194.98
 31
0.0
  0
LINE
  5
2EF
330
17
100
AcDbEntity
  8
LINES
100
AcDbLine
 10
797.03
 20
200.74
 30
0.0
 11
797.03
 21
192.67
 31
0.0
  0
LINE
  5
2F0
330
17
100
AcDbEntity
  8
LINES
100
AcDbLine
 10
797.03
 20
200.02
 30
0.0
 11
800.35
 21
200.45
 31
0.0
  0
LINE
  5
2F1
330
17
100
AcDbEntity
  8
LINES
100
AcDbLine
 10
798.33
 20
199.01
 30
0.0
 11
797.32
 21
194.69
 31
0.0
  0
LINE
  5
2F2
330
17
100
AcDbEntity
  8
LINES
100
AcDbLine
 10
797.47
 20
198.43
 30
0.0
 11
798.47
 21
195.84
 31
0.0
  0
LINE
  5
2F3
330
17
100
AcDbEntity
  8
LINES
100
AcDbLine
 10
799.63
 20
199.3
 30
0.0
 11
798.33
 21
194.4
 31
0.0
  0
LINE
  5
2F4
330
17
100
AcDbEntity
  8
LINES
100
AcDbLine
 10
798.76
 20
198.43
 30
0.0
 11
799.77
 21
195.26
 31
0.0
  0
LINE
  5
2F5
330
17
100
AcDbEntity
  8
LINES
100
AcDbLine
 10
802.79
 20
197.42
 30
0.0
 11
801.64
 21
197.28
 31
0.0
  0
LINE
  5
2F6
330
17
100
AcDbEntity
  8
LINES
100
AcDbLine
 10
802.79
 20
193.54
 30
0.0
 11
802.79
 21
197.86
 31
0.0
  0
LINE
  5
2F7
330
17
100
AcDbEntity
  8
LINES
100
AcDbLine
 10
803.51
 20
194.83
 30
0.0
 11
802.36
 21
192.67
 31
0.0
  0
LINE
  5
2F8
330
17
100
AcDbEntity
  8
LINES
100
AcDbLine
 10
802.36
 20
200.45
 30
0.0
 11
802.94
 21
198.86
 31
0.0
  0
LINE
  5
2F9
330
17
100
AcDbEntity
  8
LINES
100
AcDbLine
 10
803.66
 20
196.42
 30
0.0
 11
805.39
 21
196.7
 31
0.0
  0
LINE
  5
2FA
330
17
100
AcDbEntity
  8
LINES
100
AcDbLine
 10
805.53
 20
196.99
 30
0.0
 11
804.81
 21
194.54
 31
0.0
  0
LINE
  5
2FB
330
17
100
AcDbEntity
  8
LINES
100
AcDbLine
 10
804.09
 20
200.74
 30
0.0
 11
804.09
 21
198.86
 31
0.0
  0
LINE
  5
2FC
330
17
100
AcDbEntity
  8
LINES
100
AcDbLine
 10
804.09
 20
200.16
 30
0.0
 11
804.95
 21
200.45
 31
0.0
  0
LINE
  5
2FD
330
17
100
AcDbEntity
  8
LINES
100
AcDbLine
 10
808.84
 20
200.88
 30
0.0
 11
808.12
 21
199.3
 31
0.0
  0
LINE
  5
2FE
330
17
100
AcDbEntity
  8
LINES
100
AcDbLine
 10
809.27
 20
195.84
 30
0.0
 11
809.27
 21
192.82
 31
0.0
  0
LINE
  5
2FF
330
17
100
AcDbEntity
  8
LINES
100
AcDbLine
 10
808.55
 20
194.11
 30
0.0
 11
810.14
 21
194.4
 31
0.0
  0
LINE
  5
300
330
17
100
AcDbEntity
  8
LINES
100
AcDbLine
 10
810.28
 20
192.82
 30
0.0
 11
808.27
 21
192.53
 31
0.0
  0
LINE
  5
301
330
17
100
AcDbEntity
  8
LINES
100
AcDbLine
 10
810.43
 20
196.27
 30
0.0
 11
810.28
 21
192.1
 31
0.0
  0
LINE
  5
302
330
17
100
AcDbEntity
  8
LINES
100
AcDbLine
 10
808.27
 20
195.7
 30
0.0
 11
810.43
 21
195.98
 31
0.0
  0
LINE
  5
303
330
17
100
AcDbEntity
  8
LINES
100
AcDbLine
 10
808.27
 20
196.13
 30
0.0
 11
808.27
 21
192.1
 31
0.0
  0
LINE
  5
304
330
17
100
AcDbEntity
  8
LINES
100
AcDbLine
 10
808.27
 20
199.58
 30
0.0
 11
810.28
 21
199.87
 31
0.0
  0
LINE
  5
305
330
17
100
AcDbEntity
  8
LINES
100
AcDbLine
 10
808.12
 20
199.3
 30
0.0
 11
807.26
 21
197.42
 31
0.0
  0
LINE
  5
306
330
17
100
AcDbEntity
  8
LINES
100
AcDbLine
 10
812.15
 20
194.11
 30
0.0
 11
813.59
 21
198.0
 31
0.0
  0
LINE
  5
307
330
17
100
AcDbEntity
  8
LINES
100
AcDbLine
 10
814.46
 20
198.43
 30
0.0
 11
812.44
 21
198.0
 31
0.0
  0
LINE
  5
308
330
17
100
AcDbEntity
  8
LINES
100
AcDbLine
 10
814.31
 20
195.98
 30
0.0
 11
813.59
 21
197.42
 31
0.0
  0
LINE
  5
309
330
17
100
AcDbEntity
  8
LINES
100
AcDbLine
 10
813.59
 20
192.24
 30
0.0
 11
813.59
 21
201.02
 31
0.0
  0
LINE
  5
30A
330
17
100
AcDbEntity
  8
LINES
100
AcDbLine
 10
815.9
 20
199.73
 30
0.0
 11
814.89
 21
199.58
 31
0.0
  0
LINE
  5
30B
330
17
100
AcDbEntity
  8
LINES
100
AcDbLine
 10
819.07
 20
201.17
 30
0.0
 11
818.63
 21
199.01
 31
0.0
  0
LINE
  5
30C
330
17
100
AcDbEntity
  8
LINES
100
AcDbLine
 10
820.22
 20
199.73
 30
0.0
 11
820.22
 21
196.7
 31
0.0
  0
LINE
  5
30D
330
17
100
AcDbEntity
  8
LINES
100
AcDbLine
 10
820.22
 20
199.15
 30
0.0
 11
821.51
 21
199.3
 31
0.0
  0
LINE
  5
30E
330
17
100
AcDbEntity
  8
LINES
100
AcDbLine
 10
821.51
 20
199.73
 30
0.0
 11
821.37
 21
197.42
 31
0.0
  0
LINE
  5
30F
330
17
100
AcDbEntity
  8
LINES
100
AcDbLine
 10
821.51
 20
197.42
 30
0.0
 11
820.22
 21
197.28
 31
0.0
  0
LINE
  5
310
330
17
100
AcDbEntity
  8
LINES
100
AcDbLine
 10
818.06
 20
195.12
 30
0.0
 11
821.66
 21
195.7
 31
0.0
  0
LINE
  5
311
330
17
100
AcDbEntity
  8
LINES
100
AcDbLine
 10
819.79
 20
196.7
 30
0.0
 11
819.79
 21
191.81
 31
0.0
  0
LINE
  5
312
330
17
100
AcDbEntity
  8
LINES
100
AcDbLine
 10
819.79
 20
195.26
 30
0.0
 11
817.63
 21
192.24
 31
0.0
  0
LINE
  5
313
330
17
100
AcDbEntity
  8
LINES
100
AcDbLine
 10
817.77
 20
198.86
 30
0.0
 11
819.64
 21
199.3
 31
0.0
  0
LINE
  5
314
330
17
100
AcDbEntity
  8
LINES
100
AcDbLine
 10
826.84
 20
200.3
 30
0.0
 11
823.39
 21
199.87
 31
0.0
  0
LINE
  5
315
330
17
100
AcDbEntity
  8
LINES
100
AcDbLine
 10
823.39
 20
192.82
 30
0.0
 11
826.55
 21
193.1
 31
0.0
  0
LINE
  5
316
330
17
100
AcDbEntity
  8
LINES
100
AcDbLine
 10
826.7
 20
192.67
 30
0.0
 11
826.84
 21
200.74
 31
0.0
  0
LINE
  5
317
330
17
100
AcDbEntity
  8
LINES
100
AcDbLine
 10
823.39
 20
200.74
 30
0.0
 11
823.39
 21
192.53
 31
0.0
  0
LINE
  5
318
330
17
100
AcDbEntity
  8
LINES
100
AcDbLine
 10
823.39
 20
200.74
 30
0.0
 11
823.39
 21
192.1
 31
0.0
  0
LINE
  5
319
330
17
100
AcDbEntity
  8
LINES
100
AcDbLine
 10
825.26
 20
199.44
 30
0.0
 11
823.82
 21
197.14
 31
0.0
  0
LINE
  5
31A
330
17
100
AcDbEntity
  8
LINES
100
AcDbLine
 10
824.83
 20
195.7
 30
0.0
 11
825.4
 21
194.98
 31
0.0
  0
LINE
  5
31B
330
17
100
AcDbEntity
  8
LINES
100
AcDbLine
 10
824.68
 20
194.54
 30
0.0
 11
825.4
 21
193.39
 31
0.0
  0
LINE
  5
31C
330
17
100
AcDbEntity
  8
LINES
100
AcDbLine
 10
824.68
 20
198.43
 30
0.0
 11
825.83
 21
198.58
 31
0.0
  0
LINE
  5
31D
330
17
100
AcDbEntity
  8
LINES
100
AcDbLine
 10
823.53
 20
195.12
 30
0.0
 11
824.68
 21
196.42
 31
0.0
  0
LINE
  5
31E
330
17
100
AcDbEntity
  8
LINES
100
AcDbLine
 10
714.95
 20
408.67
 30
0.0
 11
888.19
 21
408.67
 31
0.0
  0
LINE
  5
31F
330
17
100
AcDbEntity
  8
LINES
100
AcDbLine
 10
888.33
 20
408.38
 30
0.0
 11
888.33
 21
398.88
 31
0.0
  0
LINE
  5
320
330
17
100
AcDbEntity
  8
LINES
100
AcDbLine
 10
888.19
 20
377.86
 30
0.0
 11
714.95
 21
377.86
 31
0.0
  0
LINE
  5
321
330
17
100
AcDbEntity
  8
LINES
100
AcDbLine
 10
714.67
 20
398.88
 30
0.0
 11
714.67
 21
408.38
 31
0.0
  0
LINE
  5
322
330
17
100
AcDbEntity
  8
LINES
100
AcDbLine
 10
718.7
 20
379.01
 30
0.0
 11
715.39
 21
379.01
 31
0.0
  0
LINE
  5
323
330
17
100
AcDbEntity
  8
LINES
100
AcDbLine
 10
715.24
 20
379.15
 30
0.0
 11
715.24
 21
407.81
 31
0.0
  0
LINE
  5
324
330
17
100
AcDbEntity
  8
LINES
100
AcDbLine
 10
715.39
 20
408.1
 30
0.0
 11
887.32
 21
408.1
 31
0.0
  0
LINE
  5
325
330
17
100
AcDbEntity
  8
LINES
100
AcDbLine
 10
887.61
 20
407.81
 30
0.0
 11
887.61
 21
399.46
 31
0.0
  0
LINE
  5
326
330
17
100
AcDbEntity
  8
LINES
100
AcDbLine
 10
887.61
 20
399.46
 30
0.0
 11
887.32
 21
379.01
 31
0.0
  0
LINE
  5
327
330
17
100
AcDbEntity
  8
LINES
100
AcDbLine
 10
887.32
 20
379.01
 30
0.0
 11
718.7
 21
379.01
 31
0.0
  0
LINE
  5
328
330
17
100
AcDbEntity
  8
LINES
100
AcDbLine
 10
783.64
 20
393.98
 30
0.0
 11
785.08
 21
390.24
 31
0.0
  0
LINE
  5
329
330
17
100
AcDbEntity
  8
LINES
100
AcDbLine
 10
802.65
 20
390.24
 30
0.0
 11
805.53
 21
397.44
 31
0.0
  0
LINE
  5
32A
330
17
100
AcDbEntity
  8
LINES
100
AcDbLine
 10
802.65
 20
397.44
 30
0.0
 11
805.53
 21
390.24
 31
0.0
  0
LINE
  5
32B
330
17
100
AcDbEntity
  8
LINES
100
AcDbLine
 10
806.68
 20
393.26
 30
0.0
 11
810.28
 21
393.26
 31
0.0
  0
LINE
  5
32C
330
17
100
AcDbEntity
  8
LINES
100
AcDbLine
 10
820.51
 20
396.43
 30
0.0
 11
820.51
 21
394.27
 31
0.0
  0
LINE
  5
32D
330
17
100
AcDbEntity
  8
LINES
100
AcDbLine
 10
820.51
 20
395.86
 30
0.0
 11
821.23
 21
396.0
 31
0.0
  0
LINE
  5
32E
330
17
100
AcDbEntity
  8
LINES
100
AcDbLine
 10
821.23
 20
396.29
 30
0.0
 11
821.08
 21
394.85
 31
0.0
  0
LINE
  5
32F
330
17
100
AcDbEntity
  8
LINES
100
AcDbLine
 10
821.23
 20
394.85
 30
0.0
 11
820.51
 21
394.7
 31
0.0
  0
LINE
  5
330
330
17
100
AcDbEntity
  8
LINES
100
AcDbLine
 10
820.79
 20
393.26
 30
0.0
 11
821.37
 21
393.41
 31
0.0
  0
LINE
  5
331
330
17
100
AcDbEntity
  8
LINES
100
AcDbLine
 10
820.22
 20
391.1
 30
0.0
 11
821.37
 21
391.97
 31
0.0
  0
LINE
  5
332
330
17
100
AcDbEntity
  8
LINES
100
AcDbLine
 10
820.79
 20
394.85
 30
0.0
 11
820.79
 21
391.54
 31
0.0
  0
LINE
  5
333
330
17
100
AcDbEntity
  8
LINES
100
AcDbLine
 10
820.51
 20
391.25
 30
0.0
 11
820.51
 21
393.55
 31
0.0
  0
LINE
  5
334
330
17
100
AcDbEntity
  8
LINES
100
AcDbLine
 10
821.95
 20
396.58
 30
0.0
 11
821.37
 21
394.13
 31
0.0
  0
LINE
  5
335
330
17
100
AcDbEntity
  8
LINES
100
AcDbLine
 10
821.66
 20
395.42
 30
0.0
 11
822.38
 21
395.71
 31
0.0
  0
LINE
  5
336
330
17
100
AcDbEntity
  8
LINES
100
AcDbLine
 10
821.95
 20
394.27
 30
0.0
 11
821.23
 21
392.54
 31
0.0
  0
LINE
  5
337
330
17
100
AcDbEntity
  8
LINES
100
AcDbLine
 10
821.66
 20
392.69
 30
0.0
 11
821.66
 21
390.38
 31
0.0
  0
LINE
  5
338
330
17
100
AcDbEntity
  8
LINES
100
AcDbLine
 10
821.66
 20
392.4
 30
0.0
 11
822.38
 21
392.54
 31
0.0
  0
LINE
  5
339
330
17
100
AcDbEntity
  8
LINES
100
AcDbLine
 10
822.38
 20
392.69
 30
0.0
 11
822.38
 21
390.96
 31
0.0
  0
LINE
  5
33A
330
17
100
AcDbEntity
  8
LINES
100
AcDbLine
 10
822.38
 20
390.96
 30
0.0
 11
821.66
 21
390.67
 31
0.0
  0
LINE
  5
33B
330
17
100
AcDbEntity
  8
LINES
100
AcDbLine
 10
822.52
 20
395.86
 30
0.0
 11
821.95
 21
394.13
 31
0.0
  0
LINE
  5
33C
330
17
100
AcDbEntity
  8
LINES
100
AcDbLine
 10
824.39
 20
396.86
 30
0.0
 11
824.25
 21
391.1
 31
0.0
  0
LINE
  5
33D
330
17
100
AcDbEntity
  8
LINES
100
AcDbLine
 10
823.67
 20
392.83
 30
0.0
 11
824.83
 21
392.98
 31
0.0
  0
LINE
  5
33E
330
17
100
AcDbEntity
  8
LINES
100
AcDbLine
 10
825.11
 20
391.1
 30
0.0
 11
823.53
 21
390.96
 31
0.0
  0
LINE
  5
33F
330
17
100
AcDbEntity
  8
LINES
100
AcDbLine
 10
825.26
 20
394.85
 30
0.0
 11
825.11
 21
390.38
 31
0.0
  0
LINE
  5
340
330
17
100
AcDbEntity
  8
LINES
100
AcDbLine
 10
823.53
 20
394.56
 30
0.0
 11
825.26
 21
394.7
 31
0.0
  0
LINE
  5
341
330
17
100
AcDbEntity
  8
LINES
100
AcDbLine
 10
823.53
 20
394.99
 30
0.0
 11
823.53
 21
390.38
 31
0.0
  0
LINE
  5
342
330
17
100
AcDbEntity
  8
LINES
100
AcDbLine
 10
827.27
 20
390.82
 30
0.0
 11
827.99
 21
390.96
 31
0.0
  0
LINE
  5
343
330
17
100
AcDbEntity
  8
LINES
100
AcDbLine
 10
827.99
 20
392.4
 30
0.0
 11
827.99
 21
390.96
 31
0.0
  0
LINE
  5
344
330
17
100
AcDbEntity
  8
LINES
100
AcDbLine
 10
827.99
 20
392.4
 30
0.0
 11
827.27
 21
392.26
 31
0.0
  0
LINE
  5
345
330
17
100
AcDbEntity
  8
LINES
100
AcDbLine
 10
827.27
 20
390.38
 30
0.0
 11
827.27
 21
392.83
 31
0.0
  0
LINE
  5
346
330
17
100
AcDbEntity
  8
LINES
100
AcDbLine
 10
826.41
 20
390.96
 30
0.0
 11
826.99
 21
391.1
 31
0.0
  0
LINE
  5
347
330
17
100
AcDbEntity
  8
LINES
100
AcDbLine
 10
826.99
 20
392.69
 30
0.0
 11
826.99
 21
391.1
 31
0.0
  0
LINE
  5
348
330
17
100
AcDbEntity
  8
LINES
100
AcDbLine
 10
826.41
 20
392.4
 30
0.0
 11
826.99
 21
392.54
 31
0.0
  0
LINE
  5
349
330
17
100
AcDbEntity
  8
LINES
100
AcDbLine
 10
826.41
 20
392.54
 30
0.0
 11
826.41
 21
390.38
 31
0.0
  0
LINE
  5
34A
330
17
100
AcDbEntity
  8
LINES
100
AcDbLine
 10
826.27
 20
393.55
 30
0.0
 11
828.28
 21
393.98
 31
0.0
  0
LINE
  5
34B
330
17
100
AcDbEntity
  8
LINES
100
AcDbLine
 10
827.13
 20
395.14
 30
0.0
 11
826.55
 21
394.99
 31
0.0
  0
LINE
  5
34C
330
17
100
AcDbEntity
  8
LINES
100
AcDbLine
 10
827.42
 20
395.14
 30
0.0
 11
828.14
 21
395.28
 31
0.0
  0
LINE
  5
34D
330
17
100
AcDbEntity
  8
LINES
100
AcDbLine
 10
827.99
 20
396.72
 30
0.0
 11
827.99
 21
395.28
 31
0.0
  0
LINE
  5
34E
330
17
100
AcDbEntity
  8
LINES
100
AcDbLine
 10
827.42
 20
396.43
 30
0.0
 11
827.99
 21
396.58
 31
0.0
  0
LINE
  5
34F
330
17
100
AcDbEntity
  8
LINES
100
AcDbLine
 10
827.42
 20
394.7
 30
0.0
 11
827.42
 21
396.86
 31
0.0
  0
LINE
  5
350
330
17
100
AcDbEntity
  8
LINES
100
AcDbLine
 10
827.13
 20
396.58
 30
0.0
 11
826.99
 21
395.14
 31
0.0
  0
LINE
  5
351
330
17
100
AcDbEntity
  8
LINES
100
AcDbLine
 10
826.55
 20
396.29
 30
0.0
 11
826.99
 21
396.43
 31
0.0
  0
LINE
  5
352
330
17
100
AcDbEntity
  8
LINES
100
AcDbLine
 10
826.55
 20
396.72
 30
0.0
 11
826.55
 21
394.56
 31
0.0
  0
LINE
  5
353
330
17
100
AcDbEntity
  8
LINES
100
AcDbLine
 10
827.99
 20
394.99
 30
0.0
 11
828.28
 21
394.27
 31
0.0
  0
LINE
  5
354
330
17
100
AcDbEntity
  8
LINES
100
AcDbLine
 10
713.8
 20
474.91
 30
0.0
 11
886.89
 21
474.91
 31
0.0
  0
LINE
  5
355
330
17
100
AcDbEntity
  8
LINES
100
AcDbLine
 10
887.18
 20
474.62
 30
0.0
 11
887.18
 21
465.12
 31
0.0
  0
LINE
  5
356
330
17
100
AcDbEntity
  8
LINES
100
AcDbLine
 10
886.89
 20
464.83
 30
0.0
 11
713.8
 21
464.83
 31
0.0
  0
LINE
  5
357
330
17
100
AcDbEntity
  8
LINES
100
AcDbLine
 10
713.51
 20
465.12
 30
0.0
 11
713.51
 21
474.62
 31
0.0
  0
LINE
  5
358
330
17
100
AcDbEntity
  8
LINES
100
AcDbLine
 10
717.55
 20
465.41
 30
0.0
 11
714.23
 21
465.41
 31
0.0
  0
LINE
  5
359
330
17
100
AcDbEntity
  8
LINES
100
AcDbLine
 10
714.09
 20
465.55
 30
0.0
 11
714.09
 21
474.05
 31
0.0
  0
LINE
  5
35A
330
17
100
AcDbEntity
  8
LINES
100
AcDbLine
 10
714.23
 20
474.34
 30
0.0
 11
886.17
 21
474.34
 31
0.0
  0
LINE
  5
35B
330
17
100
AcDbEntity
  8
LINES
100
AcDbLine
 10
886.31
 20
474.05
 30
0.0
 11
886.31
 21
465.55
 31
0.0
  0
LINE
  5
35C
330
17
100
AcDbEntity
  8
LINES
100
AcDbLine
 10
886.17
 20
465.41
 30
0.0
 11
717.55
 21
465.41
 31
0.0
  0
LINE
  5
35D
330
17
100
AcDbEntity
  8
LINES
100
AcDbLine
 10
792.43
 20
472.61
 30
0.0
 11
792.71
 21
471.46
 31
0.0
  0
LINE
  5
35E
330
17
100
AcDbEntity
  8
LINES
100
AcDbLine
 10
791.56
 20
470.74
 30
0.0
 11
793.72
 21
471.31
 31
0.0
  0
LINE
  5
35F
330
17
100
AcDbEntity
  8
LINES
100
AcDbLine
 10
792.28
 20
470.59
 30
0.0
 11
791.56
 21
468.29
 31
0.0
  0
LINE
  5
360
330
17
100
AcDbEntity
  8
LINES
100
AcDbLine
 10
792.86
 20
470.59
 30
0.0
 11
793.58
 21
469.3
 31
0.0
  0
LINE
  5
361
330
17
100
AcDbEntity
  8
LINES
100
AcDbLine
 10
796.17
 20
471.46
 30
0.0
 11
795.74
 21
470.02
 31
0.0
  0
LINE
  5
362
330
17
100
AcDbEntity
  8
LINES
100
AcDbLine
 10
795.31
 20
471.17
 30
0.0
 11
796.17
 21
471.31
 31
0.0
  0
LINE
  5
363
330
17
100
AcDbEntity
  8
LINES
100
AcDbLine
 10
795.02
 20
469.58
 30
0.0
 11
794.15
 21
468.14
 31
0.0
  0
LINE
  5
364
330
17
100
AcDbEntity
  8
LINES
100
AcDbLine
 10
795.45
 20
472.32
 30
0.0
 11
795.02
 21
469.73
 31
0.0
  0
LINE
  5
365
330
17
100
AcDbEntity
  8
LINES
100
AcDbLine
 10
794.3
 20
470.45
 30
0.0
 11
795.02
 21
470.59
 31
0.0
  0
LINE
  5
366
330
17
100
AcDbEntity
  8
LINES
100
AcDbLine
 10
796.31
 20
470.16
 30
0.0
 11
795.31
 21
469.87
 31
0.0
  0
LINE
  5
367
330
17
100
AcDbEntity
  8
LINES
100
AcDbLine
 10
796.6
 20
468.58
 30
0.0
 11
794.87
 21
468.14
 31
0.0
  0
LINE
  5
368
330
17
100
AcDbEntity
  8
LINES
100
AcDbLine
 10
795.31
 20
470.02
 30
0.0
 11
795.31
 21
468.29
 31
0.0
  0
LINE
  5
369
330
17
100
AcDbEntity
  8
LINES
100
AcDbLine
 10
796.31
 20
470.3
 30
0.0
 11
796.31
 21
468.43
 31
0.0
  0
LINE
  5
36A
330
17
100
AcDbEntity
  8
LINES
100
AcDbLine
 10
797.03
 20
467.42
 30
0.0
 11
797.75
 21
470.3
 31
0.0
  0
LINE
  5
36B
330
17
100
AcDbEntity
  8
LINES
100
AcDbLine
 10
798.33
 20
470.59
 30
0.0
 11
797.18
 21
470.3
 31
0.0
  0
LINE
  5
36C
330
17
100
AcDbEntity
  8
LINES
100
AcDbLine
 10
798.19
 20
468.86
 30
0.0
 11
797.75
 21
469.87
 31
0.0
  0
LINE
  5
36D
330
17
100
AcDbEntity
  8
LINES
100
AcDbLine
 10
797.75
 20
466.13
 30
0.0
 11
797.75
 21
472.46
 31
0.0
  0
LINE
  5
36E
330
17
100
AcDbEntity
  8
LINES
100
AcDbLine
 10
799.05
 20
471.46
 30
0.0
 11
798.47
 21
471.31
 31
0.0
  0
LINE
  5
36F
330
17
100
AcDbEntity
  8
LINES
100
AcDbLine
 10
650.44
 20
392.83
 30
0.0
 11
650.73
 21
391.1
 31
0.0
  0
LINE
  5
370
330
17
100
AcDbEntity
  8
LINES
100
AcDbLine
 10
648.86
 20
393.84
 30
0.0
 11
650.01
 21
389.81
 31
0.0
  0
LINE
  5
371
330
17
100
AcDbEntity
  8
LINES
100
AcDbLine
 10
648.43
 20
394.27
 30
0.0
 11
650.01
 21
394.42
 31
0.0
  0
LINE
  5
372
330
17
100
AcDbEntity
  8
LINES
100
AcDbLine
 10
650.15
 20
393.41
 30
0.0
 11
652.31
 21
393.84
 31
0.0
  0
LINE
  5
373
330
17
100
AcDbEntity
  8
LINES
100
AcDbLine
 10
655.19
 20
391.68
 30
0.0
 11
655.19
 21
388.8
 31
0.0
  0
LINE
  5
374
330
17
100
AcDbEntity
  8
LINES
100
AcDbLine
 10
653.9
 20
391.39
 30
0.0
 11
656.06
 21
391.68
 31
0.0
  0
LINE
  5
375
330
17
100
AcDbEntity
  8
LINES
100
AcDbLine
 10
653.9
 20
391.68
 30
0.0
 11
653.9
 21
388.66
 31
0.0
  0
LINE
  5
376
330
17
100
AcDbEntity
  8
LINES
100
AcDbLine
 10
654.04
 20
392.26
 30
0.0
 11
653.03
 21
391.1
 31
0.0
  0
LINE
  5
377
330
17
100
AcDbEntity
  8
LINES
100
AcDbLine
 10
655.19
 20
393.26
 30
0.0
 11
656.35
 21
391.68
 31
0.0
  0
LINE
  5
378
330
17
100
AcDbEntity
  8
LINES
100
AcDbLine
 10
653.32
 20
393.84
 30
0.0
 11
656.49
 21
394.13
 31
0.0
  0
LINE
  5
379
330
17
100
AcDbEntity
  8
LINES
100
AcDbLine
 10
654.04
 20
395.71
 30
0.0
 11
654.62
 21
394.27
 31
0.0
  0
LINE
  5
37A
330
17
100
AcDbEntity
  8
LINES
100
AcDbLine
 10
655.63
 20
396.0
 30
0.0
 11
655.19
 21
394.13
 31
0.0
  0
LINE
  5
37B
330
17
100
AcDbEntity
  8
LINES
100
AcDbLine
 10
654.47
 20
393.41
 30
0.0
 11
654.04
 21
392.26
 31
0.0
  0
LINE
  5
37C
330
17
100
AcDbEntity
  8
LINES
100
AcDbLine
 10
654.47
 20
391.54
 30
0.0
 11
654.47
 21
388.8
 31
0.0
  0
LINE
  5
37D
330
17
100
AcDbEntity
  8
LINES
100
AcDbLine
 10
652.89
 20
388.66
 30
0.0
 11
656.63
 21
388.8
 31
0.0
  0
LINE
  5
37E
330
17
100
AcDbEntity
  8
LINES
100
AcDbLine
 10
656.06
 20
391.82
 30
0.0
 11
655.91
 21
388.8
 31
0.0
  0
LINE
  5
37F
330
17
100
AcDbEntity
  8
LINES
100
AcDbLine
 10
659.37
 20
394.42
 30
0.0
 11
660.81
 21
394.85
 31
0.0
  0
LINE
  5
380
330
17
100
AcDbEntity
  8
LINES
100
AcDbLine
 10
659.37
 20
389.66
 30
0.0
 11
660.81
 21
389.95
 31
0.0
  0
LINE
  5
381
330
17
100
AcDbEntity
  8
LINES
100
AcDbLine
 10
659.37
 20
392.11
 30
0.0
 11
660.52
 21
392.4
 31
0.0
  0
LINE
  5
382
330
17
100
AcDbEntity
  8
LINES
100
AcDbLine
 10
660.81
 20
395.14
 30
0.0
 11
660.81
 21
389.09
 31
0.0
  0
LINE
  5
383
330
17
100
AcDbEntity
  8
LINES
100
AcDbLine
 10
659.37
 20
395.14
 30
0.0
 11
659.37
 21
388.94
 31
0.0
  0
LINE
  5
384
330
17
100
AcDbEntity
  8
LINES
100
AcDbLine
 10
657.93
 20
395.14
 30
0.0
 11
658.65
 21
395.28
 31
0.0
  0
LINE
  5
385
330
17
100
AcDbEntity
  8
LINES
100
AcDbLine
 10
657.93
 20
395.86
 30
0.0
 11
657.93
 21
388.37
 31
0.0
  0
LINE
  5
386
330
17
100
AcDbEntity
  8
LINES
100
AcDbLine
 10
662.25
 20
392.11
 30
0.0
 11
663.4
 21
392.54
 31
0.0
  0
LINE
  5
387
330
17
100
AcDbEntity
  8
LINES
100
AcDbLine
 10
662.97
 20
395.42
 30
0.0
 11
662.97
 21
390.1
 31
0.0
  0
LINE
  5
388
330
17
100
AcDbEntity
  8
LINES
100
AcDbLine
 10
662.11
 20
389.38
 30
0.0
 11
663.55
 21
390.67
 31
0.0
  0
LINE
  5
389
330
17
100
AcDbEntity
  8
LINES
100
AcDbLine
 10
664.41
 20
396.14
 30
0.0
 11
664.41
 21
389.66
 31
0.0
  0
LINE
  5
38A
330
17
100
AcDbEntity
  8
LINES
100
AcDbLine
 10
663.4
 20
391.54
 30
0.0
 11
665.42
 21
393.41
 31
0.0
  0
LINE
  5
38B
330
17
100
AcDbEntity
  8
LINES
100
AcDbLine
 10
669.16
 20
394.99
 30
0.0
 11
669.16
 21
392.83
 31
0.0
  0
LINE
  5
38C
330
17
100
AcDbEntity
  8
LINES
100
AcDbLine
 10
669.74
 20
391.82
 30
0.0
 11
669.59
 21
390.53
 31
0.0
  0
LINE
  5
38D
330
17
100
AcDbEntity
  8
LINES
100
AcDbLine
 10
667.15
 20
389.09
 30
0.0
 11
667.87
 21
390.82
 31
0.0
  0
LINE
  5
38E
330
17
100
AcDbEntity
  8
LINES
100
AcDbLine
 10
668.73
 20
390.24
 30
0.0
 11
669.74
 21
390.38
 31
0.0
  0
LINE
  5
38F
330
17
100
AcDbEntity
  8
LINES
100
AcDbLine
 10
668.73
 20
391.39
 30
0.0
 11
669.74
 21
391.68
 31
0.0
  0
LINE
  5
390
330
17
100
AcDbEntity
  8
LINES
100
AcDbLine
 10
668.73
 20
391.82
 30
0.0
 11
668.73
 21
389.81
 31
0.0
  0
LINE
  5
391
330
17
100
AcDbEntity
  8
LINES
100
AcDbLine
 10
668.44
 20
392.69
 30
0.0
 11
669.88
 21
392.83
 31
0.0
  0
LINE
  5
392
330
17
100
AcDbEntity
  8
LINES
100
AcDbLine
 10
668.59
 20
393.7
 30
0.0
 11
669.88
 21
393.98
 31
0.0
  0
LINE
  5
393
330
17
100
AcDbEntity
  8
LINES
100
AcDbLine
 10
668.15
 20
395.28
 30
0.0
 11
670.31
 21
395.57
 31
0.0
  0
LINE
  5
394
330
17
100
AcDbEntity
  8
LINES
100
AcDbLine
 10
667.0
 20
395.71
 30
0.0
 11
667.43
 21
394.27
 31
0.0
  0
LINE
  5
395
330
17
100
AcDbEntity
  8
LINES
100
AcDbLine
 10
667.29
 20
393.41
 30
0.0
 11
667.15
 21
389.23
 31
0.0
  0
LINE
  5
396
330
17
100
AcDbEntity
  8
LINES
100
AcDbLine
 10
666.43
 20
392.83
 30
0.0
 11
667.29
 21
393.12
 31
0.0
  0
LINE
  5
397
330
17
100
AcDbEntity
  8
LINES
100
AcDbLine
 10
672.04
 20
396.0
 30
0.0
 11
672.04
 21
391.82
 31
0.0
  0
LINE
  5
398
330
17
100
AcDbEntity
  8
LINES
100
AcDbLine
 10
671.18
 20
393.41
 30
0.0
 11
673.19
 21
393.84
 31
0.0
  0
LINE
  5
399
330
17
100
AcDbEntity
  8
LINES
100
AcDbLine
 10
672.76
 20
395.57
 30
0.0
 11
672.47
 21
393.7
 31
0.0
  0
LINE
  5
39A
330
17
100
AcDbEntity
  8
LINES
100
AcDbLine
 10
671.47
 20
395.28
 30
0.0
 11
671.75
 21
393.98
 31
0.0
  0
LINE
  5
39B
330
17
100
AcDbEntity
  8
LINES
100
AcDbLine
 10
672.04
 20
393.55
 30
0.0
 11
670.89
 21
391.1
 31
0.0
  0
LINE
  5
39C
330
17
100
AcDbEntity
  8
LINES
100
AcDbLine
 10
672.04
 20
393.41
 30
0.0
 11
672.91
 21
392.26
 31
0.0
  0
LINE
  5
39D
330
17
100
AcDbEntity
  8
LINES
100
AcDbLine
 10
671.18
 20
390.67
 30
0.0
 11
672.62
 21
391.1
 31
0.0
  0
LINE
  5
39E
330
17
100
AcDbEntity
  8
LINES
100
AcDbLine
 10
673.34
 20
393.26
 30
0.0
 11
674.63
 21
393.41
 31
0.0
  0
LINE
  5
39F
330
17
100
AcDbEntity
  8
LINES
100
AcDbLine
 10
678.95
 20
390.67
 30
0.0
 11
677.8
 21
390.53
 31
0.0
  0
LINE
  5
3A0
330
17
100
AcDbEntity
  8
LINES
100
AcDbLine
 10
678.23
 20
393.55
 30
0.0
 11
678.23
 21
390.53
 31
0.0
  0
LINE
  5
3A1
330
17
100
AcDbEntity
  8
LINES
100
AcDbLine
 10
678.81
 20
395.28
 30
0.0
 11
677.51
 21
394.85
 31
0.0
  0
LINE
  5
3A2
330
17
100
AcDbEntity
  8
LINES
100
AcDbLine
 10
678.81
 20
393.7
 30
0.0
 11
678.81
 21
395.42
 31
0.0
  0
LINE
  5
3A3
330
17
100
AcDbEntity
  8
LINES
100
AcDbLine
 10
678.95
 20
393.7
 30
0.0
 11
677.51
 21
393.41
 31
0.0
  0
LINE
  5
3A4
330
17
100
AcDbEntity
  8
LINES
100
AcDbLine
 10
677.37
 20
391.82
 30
0.0
 11
679.39
 21
392.26
 31
0.0
  0
LINE
  5
3A5
330
17
100
AcDbEntity
  8
LINES
100
AcDbLine
 10
678.95
 20
388.94
 30
0.0
 11
678.95
 21
390.96
 31
0.0
  0
LINE
  5
3A6
330
17
100
AcDbEntity
  8
LINES
100
AcDbLine
 10
677.8
 20
388.8
 30
0.0
 11
679.1
 21
388.94
 31
0.0
  0
LINE
  5
3A7
330
17
100
AcDbEntity
  8
LINES
100
AcDbLine
 10
677.8
 20
390.82
 30
0.0
 11
677.8
 21
388.22
 31
0.0
  0
LINE
  5
3A8
330
17
100
AcDbEntity
  8
LINES
100
AcDbLine
 10
677.23
 20
392.54
 30
0.0
 11
675.93
 21
391.25
 31
0.0
  0
LINE
  5
3A9
330
17
100
AcDbEntity
  8
LINES
100
AcDbLine
 10
675.93
 20
393.41
 30
0.0
 11
677.23
 21
393.84
 31
0.0
  0
LINE
  5
3AA
330
17
100
AcDbEntity
  8
LINES
100
AcDbLine
 10
682.7
 20
393.98
 30
0.0
 11
682.7
 21
389.95
 31
0.0
  0
LINE
  5
3AB
330
17
100
AcDbEntity
  8
LINES
100
AcDbLine
 10
682.12
 20
391.54
 30
0.0
 11
683.27
 21
391.68
 31
0.0
  0
LINE
  5
3AC
330
17
100
AcDbEntity
  8
LINES
100
AcDbLine
 10
682.12
 20
392.69
 30
0.0
 11
683.13
 21
392.83
 31
0.0
  0
LINE
  5
3AD
330
17
100
AcDbEntity
  8
LINES
100
AcDbLine
 10
682.27
 20
394.85
 30
0.0
 11
682.84
 21
394.13
 31
0.0
  0
LINE
  5
3AE
330
17
100
AcDbEntity
  8
LINES
100
AcDbLine
 10
681.83
 20
393.84
 30
0.0
 11
683.56
 21
394.13
 31
0.0
  0
LINE
  5
3AF
330
17
100
AcDbEntity
  8
LINES
100
AcDbLine
 10
681.83
 20
394.27
 30
0.0
 11
681.83
 21
390.1
 31
0.0
  0
LINE
  5
3B0
330
17
100
AcDbEntity
  8
LINES
100
AcDbLine
 10
680.11
 20
392.54
 30
0.0
 11
681.26
 21
392.98
 31
0.0
  0
LINE
  5
3B1
330
17
100
AcDbEntity
  8
LINES
100
AcDbLine
 10
680.68
 20
395.42
 30
0.0
 11
681.11
 21
394.27
 31
0.0
  0
LINE
  5
3B2
330
17
100
AcDbEntity
  8
LINES
100
AcDbLine
 10
683.42
 20
396.0
 30
0.0
 11
682.55
 21
394.56
 31
0.0
  0
LINE
  5
3B3
330
17
100
AcDbEntity
  8
LINES
100
AcDbLine
 10
681.83
 20
395.57
 30
0.0
 11
683.27
 21
395.71
 31
0.0
  0
LINE
  5
3B4
330
17
100
AcDbEntity
  8
LINES
100
AcDbLine
 10
683.71
 20
388.51
 30
0.0
 11
684.14
 21
388.8
 31
0.0
  0
LINE
  5
3B5
330
17
100
AcDbEntity
  8
LINES
100
AcDbLine
 10
650.15
 20
374.69
 30
0.0
 11
651.59
 21
374.83
 31
0.0
  0
LINE
  5
3B6
330
17
100
AcDbEntity
  8
LINES
100
AcDbLine
 10
651.74
 20
376.99
 30
0.0
 11
651.45
 21
374.83
 31
0.0
  0
LINE
  5
3B7
330
17
100
AcDbEntity
  8
LINES
100
AcDbLine
 10
650.15
 20
376.85
 30
0.0
 11
650.15
 21
374.11
 31
0.0
  0
LINE
  5
3B8
330
17
100
AcDbEntity
  8
LINES
100
AcDbLine
 10
649.58
 20
379.87
 30
0.0
 11
652.31
 21
380.3
 31
0.0
  0
LINE
  5
3B9
330
17
100
AcDbEntity
  8
LINES
100
AcDbLine
 10
650.73
 20
382.03
 30
0.0
 11
651.31
 21
380.59
 31
0.0
  0
LINE
  5
3BA
330
17
100
AcDbEntity
  8
LINES
100
AcDbLine
 10
649.72
 20
382.03
 30
0.0
 11
648.28
 21
378.0
 31
0.0
  0
LINE
  5
3BB
330
17
100
AcDbEntity
  8
LINES
100
AcDbLine
 10
649.29
 20
380.3
 30
0.0
 11
649.29
 21
374.11
 31
0.0
  0
LINE
  5
3BC
330
17
100
AcDbEntity
  8
LINES
100
AcDbLine
 10
650.15
 20
378.86
 30
0.0
 11
651.74
 21
379.15
 31
0.0
  0
LINE
  5
3BD
330
17
100
AcDbEntity
  8
LINES
100
AcDbLine
 10
651.88
 20
377.86
 30
0.0
 11
650.01
 21
377.57
 31
0.0
  0
LINE
  5
3BE
330
17
100
AcDbEntity
  8
LINES
100
AcDbLine
 10
650.15
 20
376.42
 30
0.0
 11
651.59
 21
376.7
 31
0.0
  0
LINE
  5
3BF
330
17
100
AcDbEntity
  8
LINES
100
AcDbLine
 10
653.61
 20
381.74
 30
0.0
 11
653.61
 21
374.69
 31
0.0
  0
LINE
  5
3C0
330
17
100
AcDbEntity
  8
LINES
100
AcDbLine
 10
653.61
 20
381.02
 30
0.0
 11
656.35
 21
381.46
 31
0.0
  0
LINE
  5
3C1
330
17
100
AcDbEntity
  8
LINES
100
AcDbLine
 10
654.62
 20
380.16
 30
0.0
 11
653.75
 21
376.42
 31
0.0
  0
LINE
  5
3C2
330
17
100
AcDbEntity
  8
LINES
100
AcDbLine
 10
654.04
 20
379.58
 30
0.0
 11
654.76
 21
377.42
 31
0.0
  0
LINE
  5
3C3
330
17
100
AcDbEntity
  8
LINES
100
AcDbLine
 10
655.77
 20
380.45
 30
0.0
 11
654.62
 21
376.13
 31
0.0
  0
LINE
  5
3C4
330
17
100
AcDbEntity
  8
LINES
100
AcDbLine
 10
655.05
 20
379.58
 30
0.0
 11
655.91
 21
376.85
 31
0.0
  0
LINE
  5
3C5
330
17
100
AcDbEntity
  8
LINES
100
AcDbLine
 10
658.51
 20
378.86
 30
0.0
 11
657.5
 21
378.72
 31
0.0
  0
LINE
  5
3C6
330
17
100
AcDbEntity
  8
LINES
100
AcDbLine
 10
658.51
 20
375.55
 30
0.0
 11
658.51
 21
379.15
 31
0.0
  0
LINE
  5
3C7
330
17
100
AcDbEntity
  8
LINES
100
AcDbLine
 10
659.08
 20
376.56
 30
0.0
 11
658.22
 21
374.83
 31
0.0
  0
LINE
  5
3C8
330
17
100
AcDbEntity
  8
LINES
100
AcDbLine
 10
658.07
 20
381.31
 30
0.0
 11
658.65
 21
380.16
 31
0.0
  0
LINE
  5
3C9
330
17
100
AcDbEntity
  8
LINES
100
AcDbLine
 10
659.23
 20
378.0
 30
0.0
 11
660.67
 21
378.14
 31
0.0
  0
LINE
  5
3CA
330
17
100
AcDbEntity
  8
LINES
100
AcDbLine
 10
660.81
 20
378.43
 30
0.0
 11
660.23
 21
376.42
 31
0.0
  0
LINE
  5
3CB
330
17
100
AcDbEntity
  8
LINES
100
AcDbLine
 10
659.51
 20
381.6
 30
0.0
 11
659.51
 21
380.02
 31
0.0
  0
LINE
  5
3CC
330
17
100
AcDbEntity
  8
LINES
100
AcDbLine
 10
659.51
 20
381.17
 30
0.0
 11
660.38
 21
381.31
 31
0.0
  0
LINE
  5
3CD
330
17
100
AcDbEntity
  8
LINES
100
AcDbLine
 10
663.69
 20
381.74
 30
0.0
 11
663.11
 21
380.3
 31
0.0
  0
LINE
  5
3CE
330
17
100
AcDbEntity
  8
LINES
100
AcDbLine
 10
664.12
 20
377.42
 30
0.0
 11
664.12
 21
374.83
 31
0.0
  0
LINE
  5
3CF
330
17
100
AcDbEntity
  8
LINES
100
AcDbLine
 10
663.4
 20
375.98
 30
0.0
 11
664.7
 21
376.13
 31
0.0
  0
LINE
  5
3D0
330
17
100
AcDbEntity
  8
LINES
100
AcDbLine
 10
664.99
 20
374.83
 30
0.0
 11
663.11
 21
374.54
 31
0.0
  0
LINE
  5
3D1
330
17
100
AcDbEntity
  8
LINES
100
AcDbLine
 10
665.13
 20
377.86
 30
0.0
 11
664.99
 21
374.26
 31
0.0
  0
LINE
  5
3D2
330
17
100
AcDbEntity
  8
LINES
100
AcDbLine
 10
663.11
 20
377.28
 30
0.0
 11
664.99
 21
377.57
 31
0.0
  0
LINE
  5
3D3
330
17
100
AcDbEntity
  8
LINES
100
AcDbLine
 10
663.11
 20
377.71
 30
0.0
 11
663.11
 21
374.26
 31
0.0
  0
LINE
  5
3D4
330
17
100
AcDbEntity
  8
LINES
100
AcDbLine
 10
663.26
 20
380.59
 30
0.0
 11
664.99
 21
380.88
 31
0.0
  0
LINE
  5
3D5
330
17
100
AcDbEntity
  8
LINES
100
AcDbLine
 10
663.11
 20
380.3
 30
0.0
 11
662.39
 21
378.72
 31
0.0
  0
LINE
  5
3D6
330
17
100
AcDbEntity
  8
LINES
100
AcDbLine
 10
714.38
 20
545.9
 30
0.0
 11
887.61
 21
545.9
 31
0.0
  0
LINE
  5
3D7
330
17
100
AcDbEntity
  8
LINES
100
AcDbLine
 10
887.75
 20
545.76
 30
0.0
 11
887.75
 21
536.26
 31
0.0
  0
LINE
  5
3D8
330
17
100
AcDbEntity
  8
LINES
100
AcDbLine
 10
887.61
 20
535.97
 30
0.0
 11
714.38
 21
535.97
 31
0.0
  0
LINE
  5
3D9
330
17
100
AcDbEntity
  8
LINES
100
AcDbLine
 10
714.23
 20
536.26
 30
0.0
 11
714.23
 21
545.76
 31
0.0
  0
LINE
  5
3DA
330
17
100
AcDbEntity
  8
LINES
100
AcDbLine
 10
718.27
 20
536.54
 30
0.0
 11
714.95
 21
536.54
 31
0.0
  0
LINE
  5
3DB
330
17
100
AcDbEntity
  8
LINES
100
AcDbLine
 10
714.67
 20
536.69
 30
0.0
 11
714.67
 21
545.18
 31
0.0
  0
LINE
  5
3DC
330
17
100
AcDbEntity
  8
LINES
100
AcDbLine
 10
714.95
 20
545.33
 30
0.0
 11
886.75
 21
545.33
 31
0.0
  0
LINE
  5
3DD
330
17
100
AcDbEntity
  8
LINES
100
AcDbLine
 10
887.03
 20
545.18
 30
0.0
 11
887.03
 21
536.69
 31
0.0
  0
LINE
  5
3DE
330
17
100
AcDbEntity
  8
LINES
100
AcDbLine
 10
886.75
 20
536.54
 30
0.0
 11
718.27
 21
536.54
 31
0.0
  0
LINE
  5
3DF
330
17
100
AcDbEntity
  8
LINES
100
AcDbLine
 10
789.69
 20
539.86
 30
0.0
 11
790.7
 21
542.45
 31
0.0
  0
LINE
  5
3E0
330
17
100
AcDbEntity
  8
LINES
100
AcDbLine
 10
790.41
 20
541.73
 30
0.0
 11
790.41
 21
537.7
 31
0.0
  0
LINE
  5
3E1
330
17
100
AcDbEntity
  8
LINES
100
AcDbLine
 10
790.7
 20
541.58
 30
0.0
 11
791.99
 21
541.87
 31
0.0
  0
LINE
  5
3E2
330
17
100
AcDbEntity
  8
LINES
100
AcDbLine
 10
790.99
 20
543.02
 30
0.0
 11
791.71
 21
543.31
 31
0.0
  0
LINE
  5
3E3
330
17
100
AcDbEntity
  8
LINES
100
AcDbLine
 10
790.55
 20
543.89
 30
0.0
 11
789.83
 21
542.02
 31
0.0
  0
LINE
  5
3E4
330
17
100
AcDbEntity
  8
LINES
100
AcDbLine
 10
793.15
 20
542.59
 30
0.0
 11
793.15
 21
538.85
 31
0.0
  0
LINE
  5
3E5
330
17
100
AcDbEntity
  8
LINES
100
AcDbLine
 10
793.87
 20
541.44
 30
0.0
 11
794.73
 21
541.73
 31
0.0
  0
LINE
  5
3E6
330
17
100
AcDbEntity
  8
LINES
100
AcDbLine
 10
792.57
 20
542.45
 30
0.0
 11
793.58
 21
542.74
 31
0.0
  0
LINE
  5
3E7
330
17
100
AcDbEntity
  8
LINES
100
AcDbLine
 10
792.71
 20
541.3
 30
0.0
 11
792.71
 21
538.42
 31
0.0
  0
LINE
  5
3E8
330
17
100
AcDbEntity
  8
LINES
100
AcDbLine
 10
792.28
 20
538.13
 30
0.0
 11
793.58
 21
539.14
 31
0.0
  0
LINE
  5
3E9
330
17
100
AcDbEntity
  8
LINES
100
AcDbLine
 10
793.15
 20
540.86
 30
0.0
 11
793.58
 21
541.01
 31
0.0
  0
LINE
  5
3EA
330
17
100
AcDbEntity
  8
LINES
100
AcDbLine
 10
795.02
 20
537.41
 30
0.0
 11
795.02
 21
544.46
 31
0.0
  0
LINE
  5
3EB
330
17
100
AcDbEntity
  8
LINES
100
AcDbLine
 10
797.32
 20
539.71
 30
0.0
 11
799.34
 21
539.71
 31
0.0
  0
LINE
  5
3EC
330
17
100
AcDbEntity
  8
LINES
100
AcDbLine
 10
626.11
 20
542.74
 30
0.0
 11
626.39
 21
541.15
 31
0.0
  0
LINE
  5
3ED
330
17
100
AcDbEntity
  8
LINES
100
AcDbLine
 10
624.52
 20
543.89
 30
0.0
 11
625.67
 21
539.71
 31
0.0
  0
LINE
  5
3EE
330
17
100
AcDbEntity
  8
LINES
100
AcDbLine
 10
624.09
 20
544.32
 30
0.0
 11
625.67
 21
544.46
 31
0.0
  0
LINE
  5
3EF
330
17
100
AcDbEntity
  8
LINES
100
AcDbLine
 10
625.82
 20
543.46
 30
0.0
 11
627.83
 21
543.89
 31
0.0
  0
LINE
  5
3F0
330
17
100
AcDbEntity
  8
LINES
100
AcDbLine
 10
632.15
 20
543.74
 30
0.0
 11
631.43
 21
545.18
 31
0.0
  0
LINE
  5
3F1
330
17
100
AcDbEntity
  8
LINES
100
AcDbLine
 10
628.99
 20
542.88
 30
0.0
 11
629.99
 21
545.18
 31
0.0
  0
LINE
  5
3F2
330
17
100
AcDbEntity
  8
LINES
100
AcDbLine
 10
630.71
 20
546.19
 30
0.0
 11
630.71
 21
543.6
 31
0.0
  0
LINE
  5
3F3
330
17
100
AcDbEntity
  8
LINES
100
AcDbLine
 10
629.71
 20
542.3
 30
0.0
 11
629.71
 21
538.27
 31
0.0
  0
LINE
  5
3F4
330
17
100
AcDbEntity
  8
LINES
100
AcDbLine
 10
631.58
 20
538.27
 30
0.0
 11
631.72
 21
542.59
 31
0.0
  0
LINE
  5
3F5
330
17
100
AcDbEntity
  8
LINES
100
AcDbLine
 10
631.72
 20
542.45
 30
0.0
 11
629.71
 21
542.02
 31
0.0
  0
LINE
  5
3F6
330
17
100
AcDbEntity
  8
LINES
100
AcDbLine
 10
629.71
 20
540.86
 30
0.0
 11
631.29
 21
541.15
 31
0.0
  0
LINE
  5
3F7
330
17
100
AcDbEntity
  8
LINES
100
AcDbLine
 10
629.71
 20
539.86
 30
0.0
 11
631.29
 21
540.14
 31
0.0
  0
LINE
  5
3F8
330
17
100
AcDbEntity
  8
LINES
100
AcDbLine
 10
629.71
 20
538.85
 30
0.0
 11
631.58
 21
538.99
 31
0.0
  0
LINE
  5
3F9
330
17
100
AcDbEntity
  8
LINES
100
AcDbLine
 10
634.75
 20
542.74
 30
0.0
 11
634.03
 21
538.99
 31
0.0
  0
LINE
  5
3FA
330
17
100
AcDbEntity
  8
LINES
100
AcDbLine
 10
635.18
 20
541.01
 30
0.0
 11
636.19
 21
538.85
 31
0.0
  0
LINE
  5
3FB
330
17
100
AcDbEntity
  8
LINES
100
AcDbLine
 10
633.74
 20
538.99
 30
0.0
 11
635.9
 21
539.57
 31
0.0
  0
LINE
  5
3FC
330
17
100
AcDbEntity
  8
LINES
100
AcDbLine
 10
638.06
 20
543.74
 30
0.0
 11
640.36
 21
544.03
 31
0.0
  0
LINE
  5
3FD
330
17
100
AcDbEntity
  8
LINES
100
AcDbLine
 10
638.49
 20
542.88
 30
0.0
 11
638.49
 21
540.14
 31
0.0
  0
LINE
  5
3FE
330
17
100
AcDbEntity
  8
LINES
100
AcDbLine
 10
638.49
 20
540.58
 30
0.0
 11
639.93
 21
540.86
 31
0.0
  0
LINE
  5
3FF
330
17
100
AcDbEntity
  8
LINES
100
AcDbLine
 10
639.79
 20
540.86
 30
0.0
 11
639.93
 21
542.88
 31
0.0
  0
LINE
  5
400
330
17
100
AcDbEntity
  8
LINES
100
AcDbLine
 10
639.93
 20
542.74
 30
0.0
 11
638.49
 21
542.59
 31
0.0
  0
LINE
  5
401
330
17
100
AcDbEntity
  8
LINES
100
AcDbLine
 10
641.08
 20
545.76
 30
0.0
 11
638.2
 21
545.18
 31
0.0
  0
LINE
  5
402
330
17
100
AcDbEntity
  8
LINES
100
AcDbLine
 10
641.66
 20
538.27
 30
0.0
 11
641.66
 21
546.77
 31
0.0
  0
LINE
  5
403
330
17
100
AcDbEntity
  8
LINES
100
AcDbLine
 10
660.95
 20
538.7
 30
0.0
 11
660.95
 21
543.46
 31
0.0
  0
LINE
  5
404
330
17
100
AcDbEntity
  8
LINES
100
AcDbLine
 10
658.94
 20
538.56
 30
0.0
 11
662.68
 21
538.85
 31
0.0
  0
LINE
  5
405
330
17
100
AcDbEntity
  8
LINES
100
AcDbLine
 10
662.11
 20
541.44
 30
0.0
 11
659.66
 21
541.15
 31
0.0
  0
LINE
  5
406
330
17
100
AcDbEntity
  8
LINES
100
AcDbLine
 10
659.37
 20
543.31
 30
0.0
 11
662.39
 21
543.6
 31
0.0
  0
LINE
  5
407
330
17
100
AcDbEntity
  8
LINES
100
AcDbLine
 10
660.67
 20
546.05
 30
0.0
 11
661.1
 21
544.32
 31
0.0
  0
LINE
  5
408
330
17
100
AcDbEntity
  8
LINES
100
AcDbLine
 10
665.71
 20
538.99
 30
0.0
 11
667.15
 21
539.28
 31
0.0
  0
LINE
  5
409
330
17
100
AcDbEntity
  8
LINES
100
AcDbLine
 10
665.71
 20
541.15
 30
0.0
 11
667.15
 21
541.58
 31
0.0
  0
LINE
  5
40A
330
17
100
AcDbEntity
  8
LINES
100
AcDbLine
 10
665.71
 20
541.73
 30
0.0
 11
665.71
 21
538.56
 31
0.0
  0
LINE
  5
40B
330
17
100
AcDbEntity
  8
LINES
100
AcDbLine
 10
666.28
 20
543.31
 30
0.0
 11
667.29
 21
543.89
 31
0.0
  0
LINE
  5
40C
330
17
100
AcDbEntity
  8
LINES
100
AcDbLine
 10
663.55
 20
539.42
 30
0.0
 11
665.42
 21
540.58
 31
0.0
  0
LINE
  5
40D
330
17
100
AcDbEntity
  8
LINES
100
AcDbLine
 10
663.98
 20
542.3
 30
0.0
 11
664.27
 21
540.43
 31
0.0
  0
LINE
  5
40E
330
17
100
AcDbEntity
  8
LINES
100
AcDbLine
 10
663.55
 20
542.88
 30
0.0
 11
665.42
 21
543.46
 31
0.0
  0
LINE
  5
40F
330
17
100
AcDbEntity
  8
LINES
100
AcDbLine
 10
664.27
 20
545.18
 30
0.0
 11
664.7
 21
544.18
 31
0.0
  0
LINE
  5
410
330
17
100
AcDbEntity
  8
LINES
100
AcDbLine
 10
666.28
 20
541.3
 30
0.0
 11
666.28
 21
546.05
 31
0.0
  0
LINE
  5
411
330
17
100
AcDbEntity
  8
LINES
100
AcDbLine
 10
664.7
 20
540.14
 30
0.0
 11
664.84
 21
543.17
 31
0.0
  0
LINE
  5
412
330
17
100
AcDbEntity
  8
LINES
100
AcDbLine
 10
667.15
 20
541.73
 30
0.0
 11
667.0
 21
539.28
 31
0.0
  0
LINE
  5
413
330
17
100
AcDbEntity
  8
LINES
100
AcDbLine
 10
959.9
 20
766.22
 30
0.0
 11
959.9
 21
762.34
 31
0.0
  0
LINE
  5
414
330
17
100
AcDbEntity
  8
LINES
100
AcDbLine
 10
961.34
 20
762.48
 30
0.0
 11
958.31
 21
762.05
 31
0.0
  0
LINE
  5
415
330
17
100
AcDbEntity
  8
LINES
100
AcDbLine
 10
961.48
 20
757.3
 30
0.0
 11
961.34
 21
759.31
 31
0.0
  0
LINE
  5
416
330
17
100
AcDbEntity
  8
LINES
100
AcDbLine
 10
959.32
 20
763.2
 30
0.0
 11
958.89
 21
764.93
 31
0.0
  0
LINE
  5
417
330
17
100
AcDbEntity
  8
LINES
100
AcDbLine
 10
960.19
 20
762.77
 30
0.0
 11
960.91
 21
765.07
 31
0.0
  0
LINE
  5
418
330
17
100
AcDbEntity
  8
LINES
100
AcDbLine
 10
962.63
 20
764.64
 30
0.0
 11
962.63
 21
759.31
 31
0.0
  0
LINE
  5
419
330
17
100
AcDbEntity
  8
LINES
100
AcDbLine
 10
962.63
 20
763.78
 30
0.0
 11
964.94
 21
764.21
 31
0.0
  0
LINE
  5
41A
330
17
100
AcDbEntity
  8
LINES
100
AcDbLine
 10
965.08
 20
764.5
 30
0.0
 11
964.65
 21
760.61
 31
0.0
  0
LINE
  5
41B
330
17
100
AcDbEntity
  8
LINES
100
AcDbLine
 10
964.79
 20
760.61
 30
0.0
 11
962.63
 21
760.18
 31
0.0
  0
LINE
  5
41C
330
17
100
AcDbEntity
  8
LINES
100
AcDbLine
 10
962.92
 20
762.05
 30
0.0
 11
964.36
 21
762.48
 31
0.0
  0
LINE
  5
41D
330
17
100
AcDbEntity
  8
LINES
100
AcDbLine
 10
966.09
 20
761.04
 30
0.0
 11
969.55
 21
761.33
 31
0.0
  0
LINE
  5
41E
330
17
100
AcDbEntity
  8
LINES
100
AcDbLine
 10
971.27
 20
766.08
 30
0.0
 11
969.98
 21
761.47
 31
0.0
  0
LINE
  5
41F
330
17
100
AcDbEntity
  8
LINES
100
AcDbLine
 10
972.28
 20
766.22
 30
0.0
 11
972.28
 21
757.01
 31
0.0
  0
LINE
  5
420
330
17
100
AcDbEntity
  8
LINES
100
AcDbLine
 10
971.56
 20
759.46
 30
0.0
 11
972.86
 21
759.89
 31
0.0
  0
LINE
  5
421
330
17
100
AcDbEntity
  8
LINES
100
AcDbLine
 10
970.7
 20
757.01
 30
0.0
 11
970.7
 21
764.21
 31
0.0
  0
LINE
  5
422
330
17
100
AcDbEntity
  8
LINES
100
AcDbLine
 10
971.13
 20
763.49
 30
0.0
 11
973.43
 21
763.92
 31
0.0
  0
LINE
  5
423
330
17
100
AcDbEntity
  8
LINES
100
AcDbLine
 10
975.59
 20
766.08
 30
0.0
 11
974.01
 21
761.62
 31
0.0
  0
LINE
  5
424
330
17
100
AcDbEntity
  8
LINES
100
AcDbLine
 10
974.87
 20
764.21
 30
0.0
 11
974.87
 21
757.01
 31
0.0
  0
LINE
  5
425
330
17
100
AcDbEntity
  8
LINES
100
AcDbLine
 10
977.18
 20
763.92
 30
0.0
 11
975.31
 21
760.46
 31
0.0
  0
LINE
  5
426
330
17
100
AcDbEntity
  8
LINES
100
AcDbLine
 10
978.91
 20
762.62
 30
0.0
 11
978.04
 21
762.48
 31
0.0
  0
LINE
  5
427
330
17
100
AcDbEntity
  8
LINES
100
AcDbLine
 10
978.91
 20
758.74
 30
0.0
 11
978.91
 21
763.06
 31
0.0
  0
LINE
  5
428
330
17
100
AcDbEntity
  8
LINES
100
AcDbLine
 10
979.34
 20
759.89
 30
0.0
 11
978.47
 21
757.87
 31
0.0
  0
LINE
  5
429
330
17
100
AcDbEntity
  8
LINES
100
AcDbLine
 10
978.47
 20
765.5
 30
0.0
 11
978.91
 21
764.06
 31
0.0
  0
LINE
  5
42A
330
17
100
AcDbEntity
  8
LINES
100
AcDbLine
 10
979.48
 20
761.62
 30
0.0
 11
980.78
 21
761.76
 31
0.0
  0
LINE
  5
42B
330
17
100
AcDbEntity
  8
LINES
100
AcDbLine
 10
980.92
 20
762.05
 30
0.0
 11
980.35
 21
759.74
 31
0.0
  0
LINE
  5
42C
330
17
100
AcDbEntity
  8
LINES
100
AcDbLine
 10
979.77
 20
765.79
 30
0.0
 11
979.77
 21
763.92
 31
0.0
  0
LINE
  5
42D
330
17
100
AcDbEntity
  8
LINES
100
AcDbLine
 10
979.77
 20
765.36
 30
0.0
 11
980.49
 21
765.5
 31
0.0
  0
LINE
  5
42E
330
17
100
AcDbEntity
  8
LINES
100
AcDbLine
 10
983.37
 20
766.08
 30
0.0
 11
982.94
 21
764.35
 31
0.0
  0
LINE
  5
42F
330
17
100
AcDbEntity
  8
LINES
100
AcDbLine
 10
983.8
 20
761.04
 30
0.0
 11
983.8
 21
758.02
 31
0.0
  0
LINE
  5
430
330
17
100
AcDbEntity
  8
LINES
100
AcDbLine
 10
983.08
 20
759.31
 30
0.0
 11
984.23
 21
759.46
 31
0.0
  0
LINE
  5
431
330
17
100
AcDbEntity
  8
LINES
100
AcDbLine
 10
984.52
 20
758.02
 30
0.0
 11
982.94
 21
757.73
 31
0.0
  0
LINE
  5
432
330
17
100
AcDbEntity
  8
LINES
100
AcDbLine
 10
984.67
 20
761.33
 30
0.0
 11
984.52
 21
757.3
 31
0.0
  0
LINE
  5
433
330
17
100
AcDbEntity
  8
LINES
100
AcDbLine
 10
982.94
 20
760.9
 30
0.0
 11
984.52
 21
761.18
 31
0.0
  0
LINE
  5
434
330
17
100
AcDbEntity
  8
LINES
100
AcDbLine
 10
982.94
 20
761.33
 30
0.0
 11
982.94
 21
757.3
 31
0.0
  0
LINE
  5
435
330
17
100
AcDbEntity
  8
LINES
100
AcDbLine
 10
982.94
 20
764.64
 30
0.0
 11
984.52
 21
765.07
 31
0.0
  0
LINE
  5
436
330
17
100
AcDbEntity
  8
LINES
100
AcDbLine
 10
982.94
 20
764.35
 30
0.0
 11
982.22
 21
762.48
 31
0.0
  0
LINE
  5
437
330
17
100
AcDbEntity
  8
LINES
100
AcDbLine
 10
959.61
 20
744.77
 30
0.0
 11
960.04
 21
743.33
 31
0.0
  0
LINE
  5
438
330
17
100
AcDbEntity
  8
LINES
100
AcDbLine
 10
958.31
 20
742.32
 30
0.0
 11
961.34
 21
743.18
 31
0.0
  0
LINE
  5
439
330
17
100
AcDbEntity
  8
LINES
100
AcDbLine
 10
959.32
 20
742.18
 30
0.0
 11
958.31
 21
738.86
 31
0.0
  0
LINE
  5
43A
330
17
100
AcDbEntity
  8
LINES
100
AcDbLine
 10
960.19
 20
742.18
 30
0.0
 11
961.19
 21
740.16
 31
0.0
  0
LINE
  5
43B
330
17
100
AcDbEntity
  8
LINES
100
AcDbLine
 10
964.94
 20
743.76
 30
0.0
 11
962.78
 21
743.18
 31
0.0
  0
LINE
  5
43C
330
17
100
AcDbEntity
  8
LINES
100
AcDbLine
 10
963.64
 20
742.9
 30
0.0
 11
964.07
 21
741.46
 31
0.0
  0
LINE
  5
43D
330
17
100
AcDbEntity
  8
LINES
100
AcDbLine
 10
967.1
 20
744.34
 30
0.0
 11
967.1
 21
735.41
 31
0.0
  0
LINE
  5
43E
330
17
100
AcDbEntity
  8
LINES
100
AcDbLine
 10
967.1
 20
741.74
 30
0.0
 11
966.09
 21
737.71
 31
0.0
  0
LINE
  5
43F
330
17
100
AcDbEntity
  8
LINES
100
AcDbLine
 10
967.1
 20
740.74
 30
0.0
 11
967.67
 21
739.58
 31
0.0
  0
LINE
  5
440
330
17
100
AcDbEntity
  8
LINES
100
AcDbLine
 10
967.67
 20
742.18
 30
0.0
 11
966.38
 21
741.74
 31
0.0
  0
LINE
  5
441
330
17
100
AcDbEntity
  8
LINES
100
AcDbLine
 10
967.96
 20
743.18
 30
0.0
 11
969.4
 21
744.34
 31
0.0
  0
LINE
  5
442
330
17
100
AcDbEntity
  8
LINES
100
AcDbLine
 10
968.25
 20
741.46
 30
0.0
 11
969.11
 21
741.74
 31
0.0
  0
LINE
  5
443
330
17
100
AcDbEntity
  8
LINES
100
AcDbLine
 10
958.6
 20
721.58
 30
0.0
 11
958.6
 21
716.26
 31
0.0
  0
LINE
  5
444
330
17
100
AcDbEntity
  8
LINES
100
AcDbLine
 10
958.6
 20
720.72
 30
0.0
 11
961.05
 21
721.15
 31
0.0
  0
LINE
  5
445
330
17
100
AcDbEntity
  8
LINES
100
AcDbLine
 10
961.05
 20
721.44
 30
0.0
 11
960.76
 21
717.41
 31
0.0
  0
LINE
  5
446
330
17
100
AcDbEntity
  8
LINES
100
AcDbLine
 10
960.91
 20
717.41
 30
0.0
 11
958.6
 21
717.12
 31
0.0
  0
LINE
  5
447
330
17
100
AcDbEntity
  8
LINES
100
AcDbLine
 10
959.03
 20
718.99
 30
0.0
 11
960.47
 21
719.28
 31
0.0
  0
LINE
  5
448
330
17
100
AcDbEntity
  8
LINES
100
AcDbLine
 10
965.66
 20
715.25
 30
0.0
 11
965.08
 21
716.54
 31
0.0
  0
LINE
  5
449
330
17
100
AcDbEntity
  8
LINES
100
AcDbLine
 10
964.22
 20
716.54
 30
0.0
 11
963.5
 21
714.24
 31
0.0
  0
LINE
  5
44A
330
17
100
AcDbEntity
  8
LINES
100
AcDbLine
 10
964.65
 20
721.73
 30
0.0
 11
964.51
 21
720.29
 31
0.0
  0
LINE
  5
44B
330
17
100
AcDbEntity
  8
LINES
100
AcDbLine
 10
964.22
 20
718.85
 30
0.0
 11
965.08
 21
719.14
 31
0.0
  0
LINE
  5
44C
330
17
100
AcDbEntity
  8
LINES
100
AcDbLine
 10
965.23
 20
717.98
 30
0.0
 11
964.22
 21
717.7
 31
0.0
  0
LINE
  5
44D
330
17
100
AcDbEntity
  8
LINES
100
AcDbLine
 10
965.37
 20
720.58
 30
0.0
 11
965.23
 21
717.98
 31
0.0
  0
LINE
  5
44E
330
17
100
AcDbEntity
  8
LINES
100
AcDbLine
 10
964.22
 20
720.0
 30
0.0
 11
965.23
 21
720.43
 31
0.0
  0
LINE
  5
44F
330
17
100
AcDbEntity
  8
LINES
100
AcDbLine
 10
964.22
 20
720.72
 30
0.0
 11
964.22
 21
717.41
 31
0.0
  0
LINE
  5
450
330
17
100
AcDbEntity
  8
LINES
100
AcDbLine
 10
963.79
 20
721.87
 30
0.0
 11
965.51
 21
722.16
 31
0.0
  0
LINE
  5
451
330
17
100
AcDbEntity
  8
LINES
100
AcDbLine
 10
962.63
 20
722.16
 30
0.0
 11
963.07
 21
721.15
 31
0.0
  0
LINE
  5
452
330
17
100
AcDbEntity
  8
LINES
100
AcDbLine
 10
962.49
 20
714.96
 30
0.0
 11
963.21
 21
720.0
 31
0.0
  0
LINE
  5
453
330
17
100
AcDbEntity
  8
LINES
100
AcDbLine
 10
961.91
 20
720.14
 30
0.0
 11
962.63
 21
718.85
 31
0.0
  0
LINE
  5
454
330
17
100
AcDbEntity
  8
LINES
100
AcDbLine
 10
962.2
 20
715.97
 30
0.0
 11
962.49
 21
715.25
 31
0.0
  0
LINE
  5
455
330
17
100
AcDbEntity
  8
LINES
100
AcDbLine
 10
962.49
 20
714.96
 30
0.0
 11
963.21
 21
719.57
 31
0.0
  0
LINE
  5
456
330
17
100
AcDbEntity
  8
LINES
100
AcDbLine
 10
962.78
 20
714.24
 30
0.0
 11
963.35
 21
716.69
 31
0.0
  0
LINE
  5
457
330
17
100
AcDbEntity
  8
LINES
100
AcDbLine
 10
967.1
 20
722.88
 30
0.0
 11
967.1
 21
713.81
 31
0.0
  0
LINE
  5
458
330
17
100
AcDbEntity
  8
LINES
100
AcDbLine
 10
967.1
 20
720.14
 30
0.0
 11
966.09
 21
716.11
 31
0.0
  0
LINE
  5
459
330
17
100
AcDbEntity
  8
LINES
100
AcDbLine
 10
967.1
 20
719.28
 30
0.0
 11
967.67
 21
718.13
 31
0.0
  0
LINE
  5
45A
330
17
100
AcDbEntity
  8
LINES
100
AcDbLine
 10
967.67
 20
720.58
 30
0.0
 11
966.38
 21
720.29
 31
0.0
  0
LINE
  5
45B
330
17
100
AcDbEntity
  8
LINES
100
AcDbLine
 10
967.96
 20
721.73
 30
0.0
 11
969.4
 21
722.74
 31
0.0
  0
LINE
  5
45C
330
17
100
AcDbEntity
  8
LINES
100
AcDbLine
 10
968.25
 20
720.0
 30
0.0
 11
969.11
 21
720.29
 31
0.0
  0
LINE
  5
45D
330
17
100
AcDbEntity
  8
LINES
100
AcDbLine
 10
957.88
 20
676.08
 30
0.0
 11
960.04
 21
676.08
 31
0.0
  0
LINE
  5
45E
330
17
100
AcDbEntity
  8
LINES
100
AcDbLine
 10
962.92
 20
670.9
 30
0.0
 11
966.95
 21
680.83
 31
0.0
  0
LINE
  5
45F
330
17
100
AcDbEntity
  8
LINES
100
AcDbLine
 10
962.92
 20
680.83
 30
0.0
 11
966.95
 21
670.9
 31
0.0
  0
LINE
  5
460
330
17
100
AcDbEntity
  8
LINES
100
AcDbLine
 10
975.16
 20
677.66
 30
0.0
 11
977.47
 21
677.95
 31
0.0
  0
LINE
  5
461
330
17
100
AcDbEntity
  8
LINES
100
AcDbLine
 10
974.59
 20
672.77
 30
0.0
 11
978.04
 21
673.06
 31
0.0
  0
LINE
  5
462
330
17
100
AcDbEntity
  8
LINES
100
AcDbLine
 10
979.77
 20
674.93
 30
0.0
 11
978.62
 21
674.21
 31
0.0
  0
LINE
  5
463
330
17
100
AcDbEntity
  8
LINES
100
AcDbLine
 10
979.63
 20
677.81
 30
0.0
 11
978.76
 21
674.21
 31
0.0
  0
LINE
  5
464
330
17
100
AcDbEntity
  8
LINES
100
AcDbLine
 10
978.47
 20
676.37
 30
0.0
 11
979.48
 21
676.94
 31
0.0
  0
LINE
  5
465
330
17
100
AcDbEntity
  8
LINES
100
AcDbLine
 10
978.62
 20
672.34
 30
0.0
 11
979.91
 21
673.49
 31
0.0
  0
LINE
  5
466
330
17
100
AcDbEntity
  8
LINES
100
AcDbLine
 10
979.34
 20
679.54
 30
0.0
 11
978.62
 21
676.51
 31
0.0
  0
LINE
  5
467
330
17
100
AcDbEntity
  8
LINES
100
AcDbLine
 10
980.06
 20
676.8
 30
0.0
 11
981.35
 21
677.95
 31
0.0
  0
LINE
  5
468
330
17
100
AcDbEntity
  8
LINES
100
AcDbLine
 10
979.91
 20
675.22
 30
0.0
 11
981.5
 21
676.08
 31
0.0
  0
LINE
  5
469
330
17
100
AcDbEntity
  8
LINES
100
AcDbLine
 10
980.92
 20
679.39
 30
0.0
 11
981.35
 21
678.67
 31
0.0
  0
LINE
  5
46A
330
17
100
AcDbEntity
  8
LINES
100
AcDbLine
 10
983.51
 20
679.82
 30
0.0
 11
983.51
 21
670.75
 31
0.0
  0
LINE
  5
46B
330
17
100
AcDbEntity
  8
LINES
100
AcDbLine
 10
983.51
 20
677.09
 30
0.0
 11
982.51
 21
673.06
 31
0.0
  0
LINE
  5
46C
330
17
100
AcDbEntity
  8
LINES
100
AcDbLine
 10
983.51
 20
676.08
 30
0.0
 11
984.09
 21
675.07
 31
0.0
  0
LINE
  5
46D
330
17
100
AcDbEntity
  8
LINES
100
AcDbLine
 10
984.09
 20
677.52
 30
0.0
 11
982.79
 21
677.23
 31
0.0
  0
LINE
  5
46E
330
17
100
AcDbEntity
  8
LINES
100
AcDbLine
 10
984.38
 20
678.67
 30
0.0
 11
985.82
 21
679.68
 31
0.0
  0
LINE
  5
46F
330
17
100
AcDbEntity
  8
LINES
100
AcDbLine
 10
984.67
 20
676.8
 30
0.0
 11
985.67
 21
677.23
 31
0.0
  0
LINE
  5
470
330
17
100
AcDbEntity
  8
LINES
100
AcDbLine
 10
1008.71
 20
761.62
 30
0.0
 11
1009.58
 21
762.05
 31
0.0
  0
LINE
  5
471
330
17
100
AcDbEntity
  8
LINES
100
AcDbLine
 10
1009.72
 20
765.07
 30
0.0
 11
1008.86
 21
761.76
 31
0.0
  0
LINE
  5
472
330
17
100
AcDbEntity
  8
LINES
100
AcDbLine
 10
1008.43
 20
763.78
 30
0.0
 11
1009.43
 21
764.21
 31
0.0
  0
LINE
  5
473
330
17
100
AcDbEntity
  8
LINES
100
AcDbLine
 10
1008.43
 20
759.31
 30
0.0
 11
1009.58
 21
760.61
 31
0.0
  0
LINE
  5
474
330
17
100
AcDbEntity
  8
LINES
100
AcDbLine
 10
1010.87
 20
767.23
 30
0.0
 11
1010.73
 21
765.94
 31
0.0
  0
LINE
  5
475
330
17
100
AcDbEntity
  8
LINES
100
AcDbLine
 10
1010.3
 20
766.51
 30
0.0
 11
1010.3
 21
763.2
 31
0.0
  0
LINE
  5
476
330
17
100
AcDbEntity
  8
LINES
100
AcDbLine
 10
1010.3
 20
763.49
 30
0.0
 11
1011.59
 21
763.63
 31
0.0
  0
LINE
  5
477
330
17
100
AcDbEntity
  8
LINES
100
AcDbLine
 10
1011.45
 20
763.63
 30
0.0
 11
1011.59
 21
766.22
 31
0.0
  0
LINE
  5
478
330
17
100
AcDbEntity
  8
LINES
100
AcDbLine
 10
1011.45
 20
766.08
 30
0.0
 11
1010.3
 21
765.79
 31
0.0
  0
LINE
  5
479
330
17
100
AcDbEntity
  8
LINES
100
AcDbLine
 10
1010.3
 20
764.64
 30
0.0
 11
1011.16
 21
764.93
 31
0.0
  0
LINE
  5
47A
330
17
100
AcDbEntity
  8
LINES
100
AcDbLine
 10
1011.74
 20
758.88
 30
0.0
 11
1011.31
 21
760.18
 31
0.0
  0
LINE
  5
47B
330
17
100
AcDbEntity
  8
LINES
100
AcDbLine
 10
1010.87
 20
758.02
 30
0.0
 11
1010.87
 21
763.49
 31
0.0
  0
LINE
  5
47C
330
17
100
AcDbEntity
  8
LINES
100
AcDbLine
 10
1009.43
 20
766.8
 30
0.0
 11
1008.57
 21
763.92
 31
0.0
  0
LINE
  5
47D
330
17
100
AcDbEntity
  8
LINES
100
AcDbLine
 10
1010.01
 20
762.48
 30
0.0
 11
1010.01
 21
759.02
 31
0.0
  0
LINE
  5
47E
330
17
100
AcDbEntity
  8
LINES
100
AcDbLine
 10
1010.01
 20
761.9
 30
0.0
 11
1011.88
 21
762.19
 31
0.0
  0
LINE
  5
47F
330
17
100
AcDbEntity
  8
LINES
100
AcDbLine
 10
1011.88
 20
762.48
 30
0.0
 11
1011.74
 21
759.02
 31
0.0
  0
LINE
  5
480
330
17
100
AcDbEntity
  8
LINES
100
AcDbLine
 10
1014.19
 20
765.22
 30
0.0
 11
1015.48
 21
765.65
 31
0.0
  0
LINE
  5
481
330
17
100
AcDbEntity
  8
LINES
100
AcDbLine
 10
1014.19
 20
759.6
 30
0.0
 11
1015.34
 21
759.89
 31
0.0
  0
LINE
  5
482
330
17
100
AcDbEntity
  8
LINES
100
AcDbLine
 10
1014.19
 20
762.48
 30
0.0
 11
1015.19
 21
762.77
 31
0.0
  0
LINE
  5
483
330
17
100
AcDbEntity
  8
LINES
100
AcDbLine
 10
1015.48
 20
765.94
 30
0.0
 11
1015.34
 21
758.88
 31
0.0
  0
LINE
  5
484
330
17
100
AcDbEntity
  8
LINES
100
AcDbLine
 10
1014.19
 20
766.08
 30
0.0
 11
1014.19
 21
758.74
 31
0.0
  0
LINE
  5
485
330
17
100
AcDbEntity
  8
LINES
100
AcDbLine
 10
1012.89
 20
765.94
 30
0.0
 11
1013.47
 21
766.08
 31
0.0
  0
LINE
  5
486
330
17
100
AcDbEntity
  8
LINES
100
AcDbLine
 10
1012.89
 20
766.8
 30
0.0
 11
1012.89
 21
758.16
 31
0.0
  0
LINE
  5
487
330
17
100
AcDbEntity
  8
LINES
100
AcDbLine
 10
1017.21
 20
766.51
 30
0.0
 11
1019.08
 21
766.8
 31
0.0
  0
LINE
  5
488
330
17
100
AcDbEntity
  8
LINES
100
AcDbLine
 10
1019.08
 20
767.09
 30
0.0
 11
1018.94
 21
763.92
 31
0.0
  0
LINE
  5
489
330
17
100
AcDbEntity
  8
LINES
100
AcDbLine
 10
1019.08
 20
763.92
 30
0.0
 11
1017.21
 21
763.63
 31
0.0
  0
LINE
  5
48A
330
17
100
AcDbEntity
  8
LINES
100
AcDbLine
 10
1017.5
 20
765.07
 30
0.0
 11
1018.79
 21
765.36
 31
0.0
  0
LINE
  5
48B
330
17
100
AcDbEntity
  8
LINES
100
AcDbLine
 10
1019.23
 20
762.34
 30
0.0
 11
1018.51
 21
760.61
 31
0.0
  0
LINE
  5
48C
330
17
100
AcDbEntity
  8
LINES
100
AcDbLine
 10
1017.07
 20
762.48
 30
0.0
 11
1017.5
 21
760.9
 31
0.0
  0
LINE
  5
48D
330
17
100
AcDbEntity
  8
LINES
100
AcDbLine
 10
1021.96
 20
758.74
 30
0.0
 11
1023.11
 21
758.88
 31
0.0
  0
LINE
  5
48E
330
17
100
AcDbEntity
  8
LINES
100
AcDbLine
 10
1023.26
 20
761.33
 30
0.0
 11
1022.97
 21
758.88
 31
0.0
  0
LINE
  5
48F
330
17
100
AcDbEntity
  8
LINES
100
AcDbLine
 10
1021.96
 20
761.33
 30
0.0
 11
1021.96
 21
758.02
 31
0.0
  0
LINE
  5
490
330
17
100
AcDbEntity
  8
LINES
100
AcDbLine
 10
1021.39
 20
764.78
 30
0.0
 11
1023.69
 21
765.22
 31
0.0
  0
LINE
  5
491
330
17
100
AcDbEntity
  8
LINES
100
AcDbLine
 10
1022.39
 20
767.23
 30
0.0
 11
1022.83
 21
765.5
 31
0.0
  0
LINE
  5
492
330
17
100
AcDbEntity
  8
LINES
100
AcDbLine
 10
1021.53
 20
767.23
 30
0.0
 11
1020.23
 21
762.48
 31
0.0
  0
LINE
  5
493
330
17
100
AcDbEntity
  8
LINES
100
AcDbLine
 10
1021.1
 20
765.36
 30
0.0
 11
1021.1
 21
758.02
 31
0.0
  0
LINE
  5
494
330
17
100
AcDbEntity
  8
LINES
100
AcDbLine
 10
1021.82
 20
763.49
 30
0.0
 11
1023.26
 21
763.92
 31
0.0
  0
LINE
  5
495
330
17
100
AcDbEntity
  8
LINES
100
AcDbLine
 10
1023.26
 20
762.48
 30
0.0
 11
1021.82
 21
762.05
 31
0.0
  0
LINE
  5
496
330
17
100
AcDbEntity
  8
LINES
100
AcDbLine
 10
1021.96
 20
760.75
 30
0.0
 11
1023.11
 21
761.04
 31
0.0
  0
LINE
  5
497
330
17
100
AcDbEntity
  8
LINES
100
AcDbLine
 10
1042.7
 20
762.19
 30
0.0
 11
1047.88
 21
762.19
 31
0.0
  0
LINE
  5
498
330
17
100
AcDbEntity
  8
LINES
100
AcDbLine
 10
1135.43
 20
766.94
 30
0.0
 11
1138.17
 21
767.52
 31
0.0
  0
LINE
  5
499
330
17
100
AcDbEntity
  8
LINES
100
AcDbLine
 10
1136.15
 20
765.79
 30
0.0
 11
1136.15
 21
762.19
 31
0.0
  0
LINE
  5
49A
330
17
100
AcDbEntity
  8
LINES
100
AcDbLine
 10
1136.15
 20
765.36
 30
0.0
 11
1137.31
 21
765.65
 31
0.0
  0
LINE
  5
49B
330
17
100
AcDbEntity
  8
LINES
100
AcDbLine
 10
1136.15
 20
764.21
 30
0.0
 11
1137.31
 21
764.5
 31
0.0
  0
LINE
  5
49C
330
17
100
AcDbEntity
  8
LINES
100
AcDbLine
 10
1136.15
 20
763.2
 30
0.0
 11
1137.45
 21
763.63
 31
0.0
  0
LINE
  5
49D
330
17
100
AcDbEntity
  8
LINES
100
AcDbLine
 10
1135.29
 20
762.05
 30
0.0
 11
1138.03
 21
762.48
 31
0.0
  0
LINE
  5
49E
330
17
100
AcDbEntity
  8
LINES
100
AcDbLine
 10
1136.59
 20
762.19
 30
0.0
 11
1135.72
 21
760.32
 31
0.0
  0
LINE
  5
49F
330
17
100
AcDbEntity
  8
LINES
100
AcDbLine
 10
1135.58
 20
760.03
 30
0.0
 11
1137.45
 21
760.75
 31
0.0
  0
LINE
  5
4A0
330
17
100
AcDbEntity
  8
LINES
100
AcDbLine
 10
1137.02
 20
761.47
 30
0.0
 11
1137.59
 21
759.89
 31
0.0
  0
LINE
  5
4A1
330
17
100
AcDbEntity
  8
LINES
100
AcDbLine
 10
1135.0
 20
718.99
 30
0.0
 11
1136.3
 21
720.29
 31
0.0
  0
LINE
  5
4A2
330
17
100
AcDbEntity
  8
LINES
100
AcDbLine
 10
1136.3
 20
722.59
 30
0.0
 11
1135.0
 21
722.16
 31
0.0
  0
LINE
  5
4A3
330
17
100
AcDbEntity
  8
LINES
100
AcDbLine
 10
1135.87
 20
725.9
 30
0.0
 11
1135.87
 21
719.86
 31
0.0
  0
LINE
  5
4A4
330
17
100
AcDbEntity
  8
LINES
100
AcDbLine
 10
1136.44
 20
723.02
 30
0.0
 11
1137.88
 21
723.31
 31
0.0
  0
LINE
  5
4A5
330
17
100
AcDbEntity
  8
LINES
100
AcDbLine
 10
1136.3
 20
720.86
 30
0.0
 11
1138.46
 21
721.3
 31
0.0
  0
LINE
  5
4A6
330
17
100
AcDbEntity
  8
LINES
100
AcDbLine
 10
1137.88
 20
723.46
 30
0.0
 11
1137.74
 21
721.15
 31
0.0
  0
LINE
  5
4A7
330
17
100
AcDbEntity
  8
LINES
100
AcDbLine
 10
1135.0
 20
675.94
 30
0.0
 11
1136.3
 21
677.23
 31
0.0
  0
LINE
  5
4A8
330
17
100
AcDbEntity
  8
LINES
100
AcDbLine
 10
1136.3
 20
679.54
 30
0.0
 11
1135.0
 21
679.1
 31
0.0
  0
LINE
  5
4A9
330
17
100
AcDbEntity
  8
LINES
100
AcDbLine
 10
1135.87
 20
682.7
 30
0.0
 11
1135.87
 21
676.8
 31
0.0
  0
LINE
  5
4AA
330
17
100
AcDbEntity
  8
LINES
100
AcDbLine
 10
1136.44
 20
679.82
 30
0.0
 11
1137.88
 21
680.26
 31
0.0
  0
LINE
  5
4AB
330
17
100
AcDbEntity
  8
LINES
100
AcDbLine
 10
1136.3
 20
677.81
 30
0.0
 11
1138.46
 21
678.24
 31
0.0
  0
LINE
  5
4AC
330
17
100
AcDbEntity
  8
LINES
100
AcDbLine
 10
1137.88
 20
680.4
 30
0.0
 11
1137.74
 21
678.1
 31
0.0
  0
LINE
  5
4AD
330
17
100
AcDbEntity
  8
LINES
100
AcDbLine
 10
933.98
 20
681.98
 30
0.0
 11
933.98
 21
672.05
 31
0.0
  0
LINE
  5
4AE
330
17
100
AcDbEntity
  8
LINES
100
AcDbLine
 10
1022.83
 20
720.86
 30
0.0
 11
1024.84
 21
715.68
 31
0.0
  0
LINE
  5
4AF
330
17
100
AcDbEntity
  8
LINES
100
AcDbLine
 10
1008.14
 20
676.66
 30
0.0
 11
1010.44
 21
676.66
 31
0.0
  0
LINE
  5
4B0
330
17
100
AcDbEntity
  8
LINES
100
AcDbLine
 10
1013.18
 20
671.47
 30
0.0
 11
1017.21
 21
681.41
 31
0.0
  0
LINE
  5
4B1
330
17
100
AcDbEntity
  8
LINES
100
AcDbLine
 10
1013.18
 20
681.41
 30
0.0
 11
1017.21
 21
671.47
 31
0.0
  0
LINE
  5
4B2
330
17
100
AcDbEntity
  8
LINES
100
AcDbLine
 10
1025.42
 20
674.5
 30
0.0
 11
1025.42
 21
674.35
 31
0.0
  0
LINE
  5
4B3
330
17
100
AcDbEntity
  8
LINES
100
AcDbLine
 10
1025.42
 20
674.35
 30
0.0
 11
1025.42
 21
674.06
 31
0.0
  0
LINE
  5
4B4
330
17
100
AcDbEntity
  8
LINES
100
AcDbLine
 10
1025.27
 20
674.35
 30
0.0
 11
1025.42
 21
674.35
 31
0.0
  0
LINE
  5
4B5
330
17
100
AcDbEntity
  8
LINES
100
AcDbLine
 10
1039.39
 20
680.11
 30
0.0
 11
1039.39
 21
676.94
 31
0.0
  0
LINE
  5
4B6
330
17
100
AcDbEntity
  8
LINES
100
AcDbLine
 10
1039.39
 20
679.39
 30
0.0
 11
1040.25
 21
679.54
 31
0.0
  0
LINE
  5
4B7
330
17
100
AcDbEntity
  8
LINES
100
AcDbLine
 10
1040.39
 20
679.82
 30
0.0
 11
1040.25
 21
677.95
 31
0.0
  0
LINE
  5
4B8
330
17
100
AcDbEntity
  8
LINES
100
AcDbLine
 10
1040.39
 20
677.95
 30
0.0
 11
1039.39
 21
677.66
 31
0.0
  0
LINE
  5
4B9
330
17
100
AcDbEntity
  8
LINES
100
AcDbLine
 10
1039.82
 20
675.79
 30
0.0
 11
1040.54
 21
675.94
 31
0.0
  0
LINE
  5
4BA
330
17
100
AcDbEntity
  8
LINES
100
AcDbLine
 10
1039.1
 20
672.48
 30
0.0
 11
1040.54
 21
673.78
 31
0.0
  0
LINE
  5
4BB
330
17
100
AcDbEntity
  8
LINES
100
AcDbLine
 10
1039.82
 20
677.81
 30
0.0
 11
1039.82
 21
673.2
 31
0.0
  0
LINE
  5
4BC
330
17
100
AcDbEntity
  8
LINES
100
AcDbLine
 10
1039.24
 20
672.77
 30
0.0
 11
1039.24
 21
676.08
 31
0.0
  0
LINE
  5
4BD
330
17
100
AcDbEntity
  8
LINES
100
AcDbLine
 10
1041.4
 20
680.4
 30
0.0
 11
1040.54
 21
676.8
 31
0.0
  0
LINE
  5
4BE
330
17
100
AcDbEntity
  8
LINES
100
AcDbLine
 10
1040.97
 20
678.67
 30
0.0
 11
1041.98
 21
679.1
 31
0.0
  0
LINE
  5
4BF
330
17
100
AcDbEntity
  8
LINES
100
AcDbLine
 10
1041.4
 20
676.94
 30
0.0
 11
1040.25
 21
674.64
 31
0.0
  0
LINE
  5
4C0
330
17
100
AcDbEntity
  8
LINES
100
AcDbLine
 10
1040.97
 20
674.93
 30
0.0
 11
1040.97
 21
671.62
 31
0.0
  0
LINE
  5
4C1
330
17
100
AcDbEntity
  8
LINES
100
AcDbLine
 10
1040.97
 20
674.5
 30
0.0
 11
1041.98
 21
674.64
 31
0.0
  0
LINE
  5
4C2
330
17
100
AcDbEntity
  8
LINES
100
AcDbLine
 10
1041.98
 20
674.93
 30
0.0
 11
1041.98
 21
672.34
 31
0.0
  0
LINE
  5
4C3
330
17
100
AcDbEntity
  8
LINES
100
AcDbLine
 10
1041.98
 20
672.34
 30
0.0
 11
1040.97
 21
672.05
 31
0.0
  0
LINE
  5
4C4
330
17
100
AcDbEntity
  8
LINES
100
AcDbLine
 10
1042.12
 20
679.25
 30
0.0
 11
1041.4
 21
676.8
 31
0.0
  0
LINE
  5
4C5
330
17
100
AcDbEntity
  8
LINES
100
AcDbLine
 10
1047.88
 20
683.28
 30
0.0
 11
1042.7
 21
668.16
 31
0.0
  0
LINE
  5
4C6
330
17
100
AcDbEntity
  8
LINES
100
AcDbLine
 10
1050.19
 20
680.4
 30
0.0
 11
1050.19
 21
671.33
 31
0.0
  0
LINE
  5
4C7
330
17
100
AcDbEntity
  8
LINES
100
AcDbLine
 10
1050.19
 20
677.66
 30
0.0
 11
1049.32
 21
673.63
 31
0.0
  0
LINE
  5
4C8
330
17
100
AcDbEntity
  8
LINES
100
AcDbLine
 10
1050.19
 20
676.8
 30
0.0
 11
1050.76
 21
675.65
 31
0.0
  0
LINE
  5
4C9
330
17
100
AcDbEntity
  8
LINES
100
AcDbLine
 10
1050.91
 20
678.1
 30
0.0
 11
1049.47
 21
677.81
 31
0.0
  0
LINE
  5
4CA
330
17
100
AcDbEntity
  8
LINES
100
AcDbLine
 10
1051.05
 20
679.25
 30
0.0
 11
1052.49
 21
680.26
 31
0.0
  0
LINE
  5
4CB
330
17
100
AcDbEntity
  8
LINES
100
AcDbLine
 10
1051.34
 20
677.52
 30
0.0
 11
1052.35
 21
677.81
 31
0.0
  0
LINE
  5
4CC
330
17
100
AcDbEntity
  8
LINES
100
AcDbLine
 10
957.16
 20
610.56
 30
0.0
 11
958.17
 21
614.45
 31
0.0
  0
LINE
  5
4CD
330
17
100
AcDbEntity
  8
LINES
100
AcDbLine
 10
958.89
 20
614.88
 30
0.0
 11
957.31
 21
614.45
 31
0.0
  0
LINE
  5
4CE
330
17
100
AcDbEntity
  8
LINES
100
AcDbLine
 10
958.75
 20
612.43
 30
0.0
 11
958.17
 21
613.87
 31
0.0
  0
LINE
  5
4CF
330
17
100
AcDbEntity
  8
LINES
100
AcDbLine
 10
958.17
 20
608.69
 30
0.0
 11
958.17
 21
617.47
 31
0.0
  0
LINE
  5
4D0
330
17
100
AcDbEntity
  8
LINES
100
AcDbLine
 10
959.9
 20
616.18
 30
0.0
 11
959.18
 21
616.03
 31
0.0
  0
LINE
  5
4D1
330
17
100
AcDbEntity
  8
LINES
100
AcDbLine
 10
964.22
 20
614.02
 30
0.0
 11
963.07
 21
613.87
 31
0.0
  0
LINE
  5
4D2
330
17
100
AcDbEntity
  8
LINES
100
AcDbLine
 10
964.22
 20
611.57
 30
0.0
 11
964.22
 21
614.3
 31
0.0
  0
LINE
  5
4D3
330
17
100
AcDbEntity
  8
LINES
100
AcDbLine
 10
963.07
 20
611.42
 30
0.0
 11
964.22
 21
611.57
 31
0.0
  0
LINE
  5
4D4
330
17
100
AcDbEntity
  8
LINES
100
AcDbLine
 10
962.92
 20
608.83
 30
0.0
 11
964.65
 21
609.12
 31
0.0
  0
LINE
  5
4D5
330
17
100
AcDbEntity
  8
LINES
100
AcDbLine
 10
963.07
 20
616.9
 30
0.0
 11
963.07
 21
608.83
 31
0.0
  0
LINE
  5
4D6
330
17
100
AcDbEntity
  8
LINES
100
AcDbLine
 10
964.51
 20
616.32
 30
0.0
 11
963.07
 21
615.89
 31
0.0
  0
LINE
  5
4D7
330
17
100
AcDbEntity
  8
LINES
100
AcDbLine
 10
962.2
 20
614.16
 30
0.0
 11
962.63
 21
612.86
 31
0.0
  0
LINE
  5
4D8
330
17
100
AcDbEntity
  8
LINES
100
AcDbLine
 10
962.63
 20
615.17
 30
0.0
 11
961.34
 21
614.74
 31
0.0
  0
LINE
  5
4D9
330
17
100
AcDbEntity
  8
LINES
100
AcDbLine
 10
961.19
 20
610.99
 30
0.0
 11
962.2
 21
614.88
 31
0.0
  0
LINE
  5
4DA
330
17
100
AcDbEntity
  8
LINES
100
AcDbLine
 10
962.2
 20
617.62
 30
0.0
 11
962.2
 21
608.26
 31
0.0
  0
LINE
  5
4DB
330
17
100
AcDbEntity
  8
LINES
100
AcDbLine
 10
968.11
 20
614.45
 30
0.0
 11
967.1
 21
614.16
 31
0.0
  0
LINE
  5
4DC
330
17
100
AcDbEntity
  8
LINES
100
AcDbLine
 10
967.24
 20
614.3
 30
0.0
 11
968.11
 21
617.18
 31
0.0
  0
LINE
  5
4DD
330
17
100
AcDbEntity
  8
LINES
100
AcDbLine
 10
967.96
 20
617.04
 30
0.0
 11
965.8
 21
616.46
 31
0.0
  0
LINE
  5
4DE
330
17
100
AcDbEntity
  8
LINES
100
AcDbLine
 10
965.66
 20
610.56
 30
0.0
 11
965.08
 21
608.98
 31
0.0
  0
LINE
  5
4DF
330
17
100
AcDbEntity
  8
LINES
100
AcDbLine
 10
969.4
 20
616.9
 30
0.0
 11
970.12
 21
617.04
 31
0.0
  0
LINE
  5
4E0
330
17
100
AcDbEntity
  8
LINES
100
AcDbLine
 10
969.4
 20
617.62
 30
0.0
 11
969.4
 21
608.83
 31
0.0
  0
LINE
  5
4E1
330
17
100
AcDbEntity
  8
LINES
100
AcDbLine
 10
970.12
 20
617.18
 30
0.0
 11
969.83
 21
614.88
 31
0.0
  0
LINE
  5
4E2
330
17
100
AcDbEntity
  8
LINES
100
AcDbLine
 10
970.55
 20
615.46
 30
0.0
 11
970.55
 21
608.54
 31
0.0
  0
LINE
  5
4E3
330
17
100
AcDbEntity
  8
LINES
100
AcDbLine
 10
971.13
 20
614.3
 30
0.0
 11
972.43
 21
614.74
 31
0.0
  0
LINE
  5
4E4
330
17
100
AcDbEntity
  8
LINES
100
AcDbLine
 10
971.13
 20
613.58
 30
0.0
 11
971.56
 21
612.29
 31
0.0
  0
LINE
  5
4E5
330
17
100
AcDbEntity
  8
LINES
100
AcDbLine
 10
975.45
 20
617.62
 30
0.0
 11
975.45
 21
608.11
 31
0.0
  0
LINE
  5
4E6
330
17
100
AcDbEntity
  8
LINES
100
AcDbLine
 10
974.15
 20
611.71
 30
0.0
 11
976.6
 21
612.14
 31
0.0
  0
LINE
  5
4E7
330
17
100
AcDbEntity
  8
LINES
100
AcDbLine
 10
974.73
 20
614.16
 30
0.0
 11
976.31
 21
614.45
 31
0.0
  0
LINE
  5
4E8
330
17
100
AcDbEntity
  8
LINES
100
AcDbLine
 10
973.72
 20
615.6
 30
0.0
 11
973.72
 21
608.4
 31
0.0
  0
LINE
  5
4E9
330
17
100
AcDbEntity
  8
LINES
100
AcDbLine
 10
974.3
 20
617.62
 30
0.0
 11
973.0
 21
612.86
 31
0.0
  0
LINE
  5
4EA
330
17
100
AcDbEntity
  8
LINES
100
AcDbLine
 10
1135.43
 20
617.33
 30
0.0
 11
1135.72
 21
619.63
 31
0.0
  0
LINE
  5
4EB
330
17
100
AcDbEntity
  8
LINES
100
AcDbLine
 10
1136.87
 20
617.62
 30
0.0
 11
1134.57
 21
617.18
 31
0.0
  0
LINE
  5
4EC
330
17
100
AcDbEntity
  8
LINES
100
AcDbLine
 10
1135.87
 20
616.18
 30
0.0
 11
1135.29
 21
615.89
 31
0.0
  0
LINE
  5
4ED
330
17
100
AcDbEntity
  8
LINES
100
AcDbLine
 10
1135.29
 20
614.45
 30
0.0
 11
1135.87
 21
614.74
 31
0.0
  0
LINE
  5
4EE
330
17
100
AcDbEntity
  8
LINES
100
AcDbLine
 10
1136.15
 20
617.33
 30
0.0
 11
1136.15
 21
612.72
 31
0.0
  0
LINE
  5
4EF
330
17
100
AcDbEntity
  8
LINES
100
AcDbLine
 10
1135.29
 20
617.33
 30
0.0
 11
1135.29
 21
612.58
 31
0.0
  0
LINE
  5
4F0
330
17
100
AcDbEntity
  8
LINES
100
AcDbLine
 10
1136.87
 20
611.86
 30
0.0
 11
1137.02
 21
618.05
 31
0.0
  0
LINE
  5
4F1
330
17
100
AcDbEntity
  8
LINES
100
AcDbLine
 10
1134.57
 20
612.43
 30
0.0
 11
1136.87
 21
612.86
 31
0.0
  0
LINE
  5
4F2
330
17
100
AcDbEntity
  8
LINES
100
AcDbLine
 10
1134.57
 20
618.05
 30
0.0
 11
1134.57
 21
611.71
 31
0.0
  0
LINE
  5
4F3
330
17
100
AcDbEntity
  8
LINES
100
AcDbLine
 10
1137.31
 20
619.92
 30
0.0
 11
1134.14
 21
619.34
 31
0.0
  0
LINE
  5
4F4
330
17
100
AcDbEntity
  8
LINES
100
AcDbLine
 10
963.5
 20
656.06
 30
0.0
 11
965.8
 21
656.06
 31
0.0
  0
LINE
  5
4F5
330
17
100
AcDbEntity
  8
LINES
100
AcDbLine
 10
975.02
 20
659.09
 30
0.0
 11
975.02
 21
651.6
 31
0.0
  0
LINE
  5
4F6
330
17
100
AcDbEntity
  8
LINES
100
AcDbLine
 10
975.02
 20
652.46
 30
0.0
 11
977.47
 21
652.75
 31
0.0
  0
LINE
  5
4F7
330
17
100
AcDbEntity
  8
LINES
100
AcDbLine
 10
977.47
 20
651.89
 30
0.0
 11
977.61
 21
659.23
 31
0.0
  0
LINE
  5
4F8
330
17
100
AcDbEntity
  8
LINES
100
AcDbLine
 10
977.61
 20
658.8
 30
0.0
 11
975.02
 21
658.37
 31
0.0
  0
LINE
  5
4F9
330
17
100
AcDbEntity
  8
LINES
100
AcDbLine
 10
979.77
 20
654.91
 30
0.0
 11
978.62
 21
654.19
 31
0.0
  0
LINE
  5
4FA
330
17
100
AcDbEntity
  8
LINES
100
AcDbLine
 10
979.63
 20
657.79
 30
0.0
 11
978.76
 21
654.19
 31
0.0
  0
LINE
  5
4FB
330
17
100
AcDbEntity
  8
LINES
100
AcDbLine
 10
978.47
 20
656.35
 30
0.0
 11
979.48
 21
656.93
 31
0.0
  0
LINE
  5
4FC
330
17
100
AcDbEntity
  8
LINES
100
AcDbLine
 10
978.62
 20
652.32
 30
0.0
 11
979.91
 21
653.33
 31
0.0
  0
LINE
  5
4FD
330
17
100
AcDbEntity
  8
LINES
100
AcDbLine
 10
979.34
 20
659.52
 30
0.0
 11
978.62
 21
656.35
 31
0.0
  0
LINE
  5
4FE
330
17
100
AcDbEntity
  8
LINES
100
AcDbLine
 10
980.06
 20
656.78
 30
0.0
 11
981.35
 21
657.79
 31
0.0
  0
LINE
  5
4FF
330
17
100
AcDbEntity
  8
LINES
100
AcDbLine
 10
979.91
 20
655.2
 30
0.0
 11
981.5
 21
656.06
 31
0.0
  0
LINE
  5
500
330
17
100
AcDbEntity
  8
LINES
100
AcDbLine
 10
980.92
 20
659.38
 30
0.0
 11
981.35
 21
658.66
 31
0.0
  0
LINE
  5
501
330
17
100
AcDbEntity
  8
LINES
100
AcDbLine
 10
983.51
 20
659.66
 30
0.0
 11
983.51
 21
650.74
 31
0.0
  0
LINE
  5
502
330
17
100
AcDbEntity
  8
LINES
100
AcDbLine
 10
983.51
 20
657.07
 30
0.0
 11
982.51
 21
653.04
 31
0.0
  0
LINE
  5
503
330
17
100
AcDbEntity
  8
LINES
100
AcDbLine
 10
983.51
 20
656.06
 30
0.0
 11
984.09
 21
654.91
 31
0.0
  0
LINE
  5
504
330
17
100
AcDbEntity
  8
LINES
100
AcDbLine
 10
984.09
 20
657.36
 30
0.0
 11
982.79
 21
657.07
 31
0.0
  0
LINE
  5
505
330
17
100
AcDbEntity
  8
LINES
100
AcDbLine
 10
984.38
 20
658.51
 30
0.0
 11
985.82
 21
659.66
 31
0.0
  0
LINE
  5
506
330
17
100
AcDbEntity
  8
LINES
100
AcDbLine
 10
984.67
 20
656.78
 30
0.0
 11
985.67
 21
657.07
 31
0.0
  0
LINE
  5
507
330
17
100
AcDbEntity
  8
LINES
100
AcDbLine
 10
1135.0
 20
655.92
 30
0.0
 11
1136.3
 21
657.07
 31
0.0
  0
LINE
  5
508
330
17
100
AcDbEntity
  8
LINES
100
AcDbLine
 10
1136.3
 20
659.38
 30
0.0
 11
1135.0
 21
658.94
 31
0.0
  0
LINE
  5
509
330
17
100
AcDbEntity
  8
LINES
100
AcDbLine
 10
1135.87
 20
662.69
 30
0.0
 11
1135.87
 21
656.78
 31
0.0
  0
LINE
  5
50A
330
17
100
AcDbEntity
  8
LINES
100
AcDbLine
 10
1136.44
 20
659.81
 30
0.0
 11
1137.88
 21
660.1
 31
0.0
  0
LINE
  5
50B
330
17
100
AcDbEntity
  8
LINES
100
AcDbLine
 10
1136.3
 20
657.79
 30
0.0
 11
1138.46
 21
658.22
 31
0.0
  0
LINE
  5
50C
330
17
100
AcDbEntity
  8
LINES
100
AcDbLine
 10
1137.88
 20
660.38
 30
0.0
 11
1137.74
 21
658.08
 31
0.0
  0
LINE
  5
50D
330
17
100
AcDbEntity
  8
LINES
100
AcDbLine
 10
1013.75
 20
656.64
 30
0.0
 11
1016.06
 21
656.64
 31
0.0
  0
LINE
  5
50E
330
17
100
AcDbEntity
  8
LINES
100
AcDbLine
 10
1033.77
 20
659.95
 30
0.0
 11
1033.77
 21
656.93
 31
0.0
  0
LINE
  5
50F
330
17
100
AcDbEntity
  8
LINES
100
AcDbLine
 10
1033.77
 20
659.23
 30
0.0
 11
1034.63
 21
659.52
 31
0.0
  0
LINE
  5
510
330
17
100
AcDbEntity
  8
LINES
100
AcDbLine
 10
1034.63
 20
659.81
 30
0.0
 11
1034.63
 21
657.79
 31
0.0
  0
LINE
  5
511
330
17
100
AcDbEntity
  8
LINES
100
AcDbLine
 10
1034.63
 20
657.79
 30
0.0
 11
1033.77
 21
657.65
 31
0.0
  0
LINE
  5
512
330
17
100
AcDbEntity
  8
LINES
100
AcDbLine
 10
1034.2
 20
655.63
 30
0.0
 11
1034.92
 21
655.92
 31
0.0
  0
LINE
  5
513
330
17
100
AcDbEntity
  8
LINES
100
AcDbLine
 10
1033.34
 20
652.46
 30
0.0
 11
1034.92
 21
653.76
 31
0.0
  0
LINE
  5
514
330
17
100
AcDbEntity
  8
LINES
100
AcDbLine
 10
1034.2
 20
657.79
 30
0.0
 11
1034.2
 21
653.18
 31
0.0
  0
LINE
  5
515
330
17
100
AcDbEntity
  8
LINES
100
AcDbLine
 10
1033.63
 20
652.61
 30
0.0
 11
1033.63
 21
656.06
 31
0.0
  0
LINE
  5
516
330
17
100
AcDbEntity
  8
LINES
100
AcDbLine
 10
1035.64
 20
660.38
 30
0.0
 11
1034.92
 21
656.78
 31
0.0
  0
LINE
  5
517
330
17
100
AcDbEntity
  8
LINES
100
AcDbLine
 10
1035.35
 20
658.66
 30
0.0
 11
1036.36
 21
658.94
 31
0.0
  0
LINE
  5
518
330
17
100
AcDbEntity
  8
LINES
100
AcDbLine
 10
1035.79
 20
656.93
 30
0.0
 11
1034.63
 21
654.62
 31
0.0
  0
LINE
  5
519
330
17
100
AcDbEntity
  8
LINES
100
AcDbLine
 10
1035.21
 20
654.91
 30
0.0
 11
1035.21
 21
651.6
 31
0.0
  0
LINE
  5
51A
330
17
100
AcDbEntity
  8
LINES
100
AcDbLine
 10
1035.21
 20
654.48
 30
0.0
 11
1036.36
 21
654.62
 31
0.0
  0
LINE
  5
51B
330
17
100
AcDbEntity
  8
LINES
100
AcDbLine
 10
1036.36
 20
654.91
 30
0.0
 11
1036.22
 21
652.32
 31
0.0
  0
LINE
  5
51C
330
17
100
AcDbEntity
  8
LINES
100
AcDbLine
 10
1036.36
 20
652.32
 30
0.0
 11
1035.21
 21
652.03
 31
0.0
  0
LINE
  5
51D
330
17
100
AcDbEntity
  8
LINES
100
AcDbLine
 10
1036.36
 20
659.23
 30
0.0
 11
1035.79
 21
656.78
 31
0.0
  0
LINE
  5
51E
330
17
100
AcDbEntity
  8
LINES
100
AcDbLine
 10
1042.12
 20
663.26
 30
0.0
 11
1037.08
 21
648.14
 31
0.0
  0
LINE
  5
51F
330
17
100
AcDbEntity
  8
LINES
100
AcDbLine
 10
1044.57
 20
660.38
 30
0.0
 11
1044.57
 21
651.31
 31
0.0
  0
LINE
  5
520
330
17
100
AcDbEntity
  8
LINES
100
AcDbLine
 10
1044.57
 20
657.65
 30
0.0
 11
1043.56
 21
653.62
 31
0.0
  0
LINE
  5
521
330
17
100
AcDbEntity
  8
LINES
100
AcDbLine
 10
1044.57
 20
656.64
 30
0.0
 11
1045.15
 21
655.63
 31
0.0
  0
LINE
  5
522
330
17
100
AcDbEntity
  8
LINES
100
AcDbLine
 10
1045.15
 20
658.08
 30
0.0
 11
1043.85
 21
657.79
 31
0.0
  0
LINE
  5
523
330
17
100
AcDbEntity
  8
LINES
100
AcDbLine
 10
1045.43
 20
659.23
 30
0.0
 11
1046.87
 21
660.24
 31
0.0
  0
LINE
  5
524
330
17
100
AcDbEntity
  8
LINES
100
AcDbLine
 10
1045.72
 20
657.36
 30
0.0
 11
1046.73
 21
657.79
 31
0.0
  0
LINE
  5
525
330
17
100
AcDbEntity
  8
LINES
100
AcDbLine
 10
913.24
 20
753.26
 30
0.0
 11
1173.45
 21
753.26
 31
0.0
  0
LINE
  5
526
330
17
100
AcDbEntity
  8
LINES
100
AcDbLine
 10
1029.88
 20
609.55
 30
0.0
 11
1029.88
 21
616.18
 31
0.0
  0
LINE
  5
527
330
17
100
AcDbEntity
  8
LINES
100
AcDbLine
 10
1038.38
 20
609.55
 30
0.0
 11
1038.38
 21
616.18
 31
0.0
  0
LINE
  5
528
330
17
100
AcDbEntity
  8
LINES
100
AcDbLine
 10
1048.31
 20
619.49
 30
0.0
 11
1048.31
 21
613.73
 31
0.0
  0
LINE
  5
529
330
17
100
AcDbEntity
  8
LINES
100
AcDbLine
 10
1046.87
 20
618.05
 30
0.0
 11
1049.75
 21
615.17
 31
0.0
  0
LINE
  5
52A
330
17
100
AcDbEntity
  8
LINES
100
AcDbLine
 10
1049.75
 20
618.05
 30
0.0
 11
1046.87
 21
615.17
 31
0.0
  0
LINE
  5
52B
330
17
100
AcDbEntity
  8
LINES
100
AcDbLine
 10
1068.47
 20
609.55
 30
0.0
 11
1068.47
 21
616.18
 31
0.0
  0
LINE
  5
52C
330
17
100
AcDbEntity
  8
LINES
100
AcDbLine
 10
1076.97
 20
609.55
 30
0.0
 11
1076.97
 21
616.18
 31
0.0
  0
LINE
  5
52D
330
17
100
AcDbEntity
  8
LINES
100
AcDbLine
 10
1086.76
 20
619.49
 30
0.0
 11
1086.76
 21
613.73
 31
0.0
  0
LINE
  5
52E
330
17
100
AcDbEntity
  8
LINES
100
AcDbLine
 10
1085.47
 20
618.05
 30
0.0
 11
1088.2
 21
615.17
 31
0.0
  0
LINE
  5
52F
330
17
100
AcDbEntity
  8
LINES
100
AcDbLine
 10
1088.2
 20
618.05
 30
0.0
 11
1085.47
 21
615.17
 31
0.0
  0
LINE
  5
530
330
17
100
AcDbEntity
  8
LINES
100
AcDbLine
 10
1106.92
 20
609.55
 30
0.0
 11
1106.92
 21
616.18
 31
0.0
  0
LINE
  5
531
330
17
100
AcDbEntity
  8
LINES
100
AcDbLine
 10
1115.42
 20
609.55
 30
0.0
 11
1115.42
 21
616.18
 31
0.0
  0
LINE
  5
532
330
17
100
AcDbEntity
  8
LINES
100
AcDbLine
 10
913.24
 20
731.66
 30
0.0
 11
1173.45
 21
731.66
 31
0.0
  0
LINE
  5
533
330
17
100
AcDbEntity
  8
LINES
100
AcDbLine
 10
913.24
 20
710.21
 30
0.0
 11
1173.45
 21
710.21
 31
0.0
  0
LINE
  5
534
330
17
100
AcDbEntity
  8
LINES
100
AcDbLine
 10
913.24
 20
688.61
 30
0.0
 11
1173.45
 21
688.61
 31
0.0
  0
LINE
  5
535
330
17
100
AcDbEntity
  8
LINES
100
AcDbLine
 10
913.24
 20
667.15
 30
0.0
 11
1173.45
 21
667.15
 31
0.0
  0
LINE
  5
536
330
17
100
AcDbEntity
  8
LINES
100
AcDbLine
 10
913.24
 20
645.55
 30
0.0
 11
1173.45
 21
645.55
 31
0.0
  0
LINE
  5
537
330
17
100
AcDbEntity
  8
LINES
100
AcDbLine
 10
913.24
 20
604.22
 30
0.0
 11
1173.45
 21
604.22
 31
0.0
  0
LINE
  5
538
330
17
100
AcDbEntity
  8
LINES
100
AcDbLine
 10
957.88
 20
697.68
 30
0.0
 11
960.04
 21
697.68
 31
0.0
  0
LINE
  5
539
330
17
100
AcDbEntity
  8
LINES
100
AcDbLine
 10
957.88
 20
692.35
 30
0.0
 11
961.48
 21
692.35
 31
0.0
  0
LINE
  5
53A
330
17
100
AcDbEntity
  8
LINES
100
AcDbLine
 10
969.11
 20
701.28
 30
0.0
 11
969.11
 21
692.35
 31
0.0
  0
LINE
  5
53B
330
17
100
AcDbEntity
  8
LINES
100
AcDbLine
 10
969.11
 20
698.54
 30
0.0
 11
968.11
 21
694.51
 31
0.0
  0
LINE
  5
53C
330
17
100
AcDbEntity
  8
LINES
100
AcDbLine
 10
969.11
 20
697.68
 30
0.0
 11
969.55
 21
696.53
 31
0.0
  0
LINE
  5
53D
330
17
100
AcDbEntity
  8
LINES
100
AcDbLine
 10
969.69
 20
698.98
 30
0.0
 11
968.25
 21
698.69
 31
0.0
  0
LINE
  5
53E
330
17
100
AcDbEntity
  8
LINES
100
AcDbLine
 10
969.98
 20
700.13
 30
0.0
 11
971.27
 21
701.14
 31
0.0
  0
LINE
  5
53F
330
17
100
AcDbEntity
  8
LINES
100
AcDbLine
 10
970.12
 20
698.4
 30
0.0
 11
971.13
 21
698.69
 31
0.0
  0
LINE
  5
540
330
17
100
AcDbEntity
  8
LINES
100
AcDbLine
 10
1135.0
 20
697.54
 30
0.0
 11
1136.3
 21
698.69
 31
0.0
  0
LINE
  5
541
330
17
100
AcDbEntity
  8
LINES
100
AcDbLine
 10
1136.3
 20
700.99
 30
0.0
 11
1135.0
 21
700.56
 31
0.0
  0
LINE
  5
542
330
17
100
AcDbEntity
  8
LINES
100
AcDbLine
 10
1135.87
 20
704.3
 30
0.0
 11
1135.87
 21
698.26
 31
0.0
  0
LINE
  5
543
330
17
100
AcDbEntity
  8
LINES
100
AcDbLine
 10
1136.44
 20
701.42
 30
0.0
 11
1137.88
 21
701.71
 31
0.0
  0
LINE
  5
544
330
17
100
AcDbEntity
  8
LINES
100
AcDbLine
 10
1136.3
 20
699.41
 30
0.0
 11
1138.46
 21
699.84
 31
0.0
  0
LINE
  5
545
330
17
100
AcDbEntity
  8
LINES
100
AcDbLine
 10
1137.88
 20
702.0
 30
0.0
 11
1137.74
 21
699.7
 31
0.0
  0
LINE
  5
546
330
17
100
AcDbEntity
  8
LINES
100
AcDbLine
 10
1008.14
 20
698.26
 30
0.0
 11
1010.44
 21
698.26
 31
0.0
  0
LINE
  5
547
330
17
100
AcDbEntity
  8
LINES
100
AcDbLine
 10
1008.14
 20
693.07
 30
0.0
 11
1011.88
 21
693.07
 31
0.0
  0
LINE
  5
548
330
17
100
AcDbEntity
  8
LINES
100
AcDbLine
 10
1027.29
 20
701.57
 30
0.0
 11
1027.29
 21
698.54
 31
0.0
  0
LINE
  5
549
330
17
100
AcDbEntity
  8
LINES
100
AcDbLine
 10
1027.29
 20
700.85
 30
0.0
 11
1028.15
 21
701.14
 31
0.0
  0
LINE
  5
54A
330
17
100
AcDbEntity
  8
LINES
100
AcDbLine
 10
1028.15
 20
701.42
 30
0.0
 11
1028.01
 21
699.41
 31
0.0
  0
LINE
  5
54B
330
17
100
AcDbEntity
  8
LINES
100
AcDbLine
 10
1028.15
 20
699.41
 30
0.0
 11
1027.29
 21
699.26
 31
0.0
  0
LINE
  5
54C
330
17
100
AcDbEntity
  8
LINES
100
AcDbLine
 10
1027.72
 20
697.25
 30
0.0
 11
1028.3
 21
697.54
 31
0.0
  0
LINE
  5
54D
330
17
100
AcDbEntity
  8
LINES
100
AcDbLine
 10
1026.86
 20
694.08
 30
0.0
 11
1028.3
 21
695.38
 31
0.0
  0
LINE
  5
54E
330
17
100
AcDbEntity
  8
LINES
100
AcDbLine
 10
1027.72
 20
699.41
 30
0.0
 11
1027.72
 21
694.8
 31
0.0
  0
LINE
  5
54F
330
17
100
AcDbEntity
  8
LINES
100
AcDbLine
 10
1027.15
 20
694.22
 30
0.0
 11
1027.15
 21
697.68
 31
0.0
  0
LINE
  5
550
330
17
100
AcDbEntity
  8
LINES
100
AcDbLine
 10
1029.16
 20
702.0
 30
0.0
 11
1028.3
 21
698.4
 31
0.0
  0
LINE
  5
551
330
17
100
AcDbEntity
  8
LINES
100
AcDbLine
 10
1028.73
 20
700.27
 30
0.0
 11
1029.74
 21
700.56
 31
0.0
  0
LINE
  5
552
330
17
100
AcDbEntity
  8
LINES
100
AcDbLine
 10
1029.16
 20
698.54
 30
0.0
 11
1028.15
 21
696.24
 31
0.0
  0
LINE
  5
553
330
17
100
AcDbEntity
  8
LINES
100
AcDbLine
 10
1028.73
 20
696.38
 30
0.0
 11
1028.73
 21
693.22
 31
0.0
  0
LINE
  5
554
330
17
100
AcDbEntity
  8
LINES
100
AcDbLine
 10
1028.73
 20
696.1
 30
0.0
 11
1029.74
 21
696.24
 31
0.0
  0
LINE
  5
555
330
17
100
AcDbEntity
  8
LINES
100
AcDbLine
 10
1029.88
 20
696.38
 30
0.0
 11
1029.74
 21
693.94
 31
0.0
  0
LINE
  5
556
330
17
100
AcDbEntity
  8
LINES
100
AcDbLine
 10
1029.88
 20
693.94
 30
0.0
 11
1028.73
 21
693.65
 31
0.0
  0
LINE
  5
557
330
17
100
AcDbEntity
  8
LINES
100
AcDbLine
 10
1029.88
 20
700.85
 30
0.0
 11
1029.16
 21
698.4
 31
0.0
  0
LINE
  5
558
330
17
100
AcDbEntity
  8
LINES
100
AcDbLine
 10
1035.64
 20
704.88
 30
0.0
 11
1030.46
 21
689.76
 31
0.0
  0
LINE
  5
559
330
17
100
AcDbEntity
  8
LINES
100
AcDbLine
 10
1038.09
 20
702.0
 30
0.0
 11
1038.09
 21
692.93
 31
0.0
  0
LINE
  5
55A
330
17
100
AcDbEntity
  8
LINES
100
AcDbLine
 10
1038.09
 20
699.26
 30
0.0
 11
1037.08
 21
695.23
 31
0.0
  0
LINE
  5
55B
330
17
100
AcDbEntity
  8
LINES
100
AcDbLine
 10
1038.09
 20
698.26
 30
0.0
 11
1038.67
 21
697.1
 31
0.0
  0
LINE
  5
55C
330
17
100
AcDbEntity
  8
LINES
100
AcDbLine
 10
1038.67
 20
699.7
 30
0.0
 11
1037.37
 21
699.41
 31
0.0
  0
LINE
  5
55D
330
17
100
AcDbEntity
  8
LINES
100
AcDbLine
 10
1038.95
 20
700.85
 30
0.0
 11
1040.39
 21
701.86
 31
0.0
  0
LINE
  5
55E
330
17
100
AcDbEntity
  8
LINES
100
AcDbLine
 10
1039.24
 20
698.98
 30
0.0
 11
1040.11
 21
699.41
 31
0.0
  0
LINE
  5
55F
330
17
100
AcDbEntity
  8
LINES
100
AcDbLine
 10
913.24
 20
775.3
 30
0.0
 11
1173.45
 21
775.3
 31
0.0
  0
LINE
  5
560
330
17
100
AcDbEntity
  8
LINES
100
AcDbLine
 10
913.24
 20
797.18
 30
0.0
 11
913.24
 21
604.22
 31
0.0
  0
LINE
  5
561
330
17
100
AcDbEntity
  8
LINES
100
AcDbLine
 10
948.52
 20
797.18
 30
0.0
 11
948.52
 21
604.22
 31
0.0
  0
LINE
  5
562
330
17
100
AcDbEntity
  8
LINES
100
AcDbLine
 10
1002.38
 20
797.18
 30
0.0
 11
1002.38
 21
604.22
 31
0.0
  0
LINE
  5
563
330
17
100
AcDbEntity
  8
LINES
100
AcDbLine
 10
1124.78
 20
797.18
 30
0.0
 11
1124.78
 21
604.22
 31
0.0
  0
LINE
  5
564
330
17
100
AcDbEntity
  8
LINES
100
AcDbLine
 10
1148.54
 20
797.18
 30
0.0
 11
1148.54
 21
604.22
 31
0.0
  0
LINE
  5
565
330
17
100
AcDbEntity
  8
LINES
100
AcDbLine
 10
1173.45
 20
797.18
 30
0.0
 11
1173.45
 21
604.22
 31
0.0
  0
LINE
  5
566
330
17
100
AcDbEntity
  8
LINES
100
AcDbLine
 10
913.24
 20
797.18
 30
0.0
 11
1173.45
 21
797.18
 31
0.0
  0
LINE
  5
567
330
17
100
AcDbEntity
  8
LINES
100
AcDbLine
 10
1134.57
 20
791.71
 30
0.0
 11
1135.0
 21
789.84
 31
0.0
  0
LINE
  5
568
330
17
100
AcDbEntity
  8
LINES
100
AcDbLine
 10
1136.01
 20
791.71
 30
0.0
 11
1135.58
 21
789.55
 31
0.0
  0
LINE
  5
569
330
17
100
AcDbEntity
  8
LINES
100
AcDbLine
 10
1134.43
 20
789.84
 30
0.0
 11
1134.43
 21
786.24
 31
0.0
  0
LINE
  5
56A
330
17
100
AcDbEntity
  8
LINES
100
AcDbLine
 10
1134.43
 20
786.53
 30
0.0
 11
1136.44
 21
786.82
 31
0.0
  0
LINE
  5
56B
330
17
100
AcDbEntity
  8
LINES
100
AcDbLine
 10
1136.3
 20
789.55
 30
0.0
 11
1134.43
 21
789.26
 31
0.0
  0
LINE
  5
56C
330
17
100
AcDbEntity
  8
LINES
100
AcDbLine
 10
1134.71
 20
787.97
 30
0.0
 11
1136.01
 21
788.26
 31
0.0
  0
LINE
  5
56D
330
17
100
AcDbEntity
  8
LINES
100
AcDbLine
 10
1133.56
 20
785.23
 30
0.0
 11
1137.02
 21
785.81
 31
0.0
  0
LINE
  5
56E
330
17
100
AcDbEntity
  8
LINES
100
AcDbLine
 10
1136.3
 20
789.84
 30
0.0
 11
1136.15
 21
786.82
 31
0.0
  0
LINE
  5
56F
330
17
100
AcDbEntity
  8
LINES
100
AcDbLine
 10
1135.29
 20
782.5
 30
0.0
 11
1135.29
 21
789.41
 31
0.0
  0
LINE
  5
570
330
17
100
AcDbEntity
  8
LINES
100
AcDbLine
 10
1138.75
 20
791.71
 30
0.0
 11
1137.31
 21
786.96
 31
0.0
  0
LINE
  5
571
330
17
100
AcDbEntity
  8
LINES
100
AcDbLine
 10
1138.17
 20
789.84
 30
0.0
 11
1138.17
 21
782.5
 31
0.0
  0
LINE
  5
572
330
17
100
AcDbEntity
  8
LINES
100
AcDbLine
 10
1139.47
 20
791.42
 30
0.0
 11
1139.9
 21
789.84
 31
0.0
  0
LINE
  5
573
330
17
100
AcDbEntity
  8
LINES
100
AcDbLine
 10
1138.6
 20
788.69
 30
0.0
 11
1140.76
 21
789.12
 31
0.0
  0
LINE
  5
574
330
17
100
AcDbEntity
  8
LINES
100
AcDbLine
 10
1139.03
 20
787.68
 30
0.0
 11
1139.47
 21
785.38
 31
0.0
  0
LINE
  5
575
330
17
100
AcDbEntity
  8
LINES
100
AcDbLine
 10
1140.19
 20
787.97
 30
0.0
 11
1139.75
 21
783.94
 31
0.0
  0
LINE
  5
576
330
17
100
AcDbEntity
  8
LINES
100
AcDbLine
 10
1138.46
 20
783.65
 30
0.0
 11
1140.91
 21
783.94
 31
0.0
  0
LINE
  5
577
330
17
100
AcDbEntity
  8
LINES
100
AcDbLine
 10
1158.04
 20
792.0
 30
0.0
 11
1158.04
 21
787.25
 31
0.0
  0
LINE
  5
578
330
17
100
AcDbEntity
  8
LINES
100
AcDbLine
 10
1157.18
 20
789.12
 30
0.0
 11
1158.91
 21
789.55
 31
0.0
  0
LINE
  5
579
330
17
100
AcDbEntity
  8
LINES
100
AcDbLine
 10
1158.62
 20
791.42
 30
0.0
 11
1158.33
 21
789.41
 31
0.0
  0
LINE
  5
57A
330
17
100
AcDbEntity
  8
LINES
100
AcDbLine
 10
1157.47
 20
791.14
 30
0.0
 11
1157.75
 21
789.7
 31
0.0
  0
LINE
  5
57B
330
17
100
AcDbEntity
  8
LINES
100
AcDbLine
 10
1158.04
 20
789.26
 30
0.0
 11
1157.03
 21
786.38
 31
0.0
  0
LINE
  5
57C
330
17
100
AcDbEntity
  8
LINES
100
AcDbLine
 10
1158.04
 20
788.98
 30
0.0
 11
1158.76
 21
787.68
 31
0.0
  0
LINE
  5
57D
330
17
100
AcDbEntity
  8
LINES
100
AcDbLine
 10
1157.18
 20
785.81
 30
0.0
 11
1158.47
 21
786.38
 31
0.0
  0
LINE
  5
57E
330
17
100
AcDbEntity
  8
LINES
100
AcDbLine
 10
1159.05
 20
788.83
 30
0.0
 11
1160.2
 21
789.12
 31
0.0
  0
LINE
  5
57F
330
17
100
AcDbEntity
  8
LINES
100
AcDbLine
 10
1161.93
 20
791.86
 30
0.0
 11
1161.93
 21
788.98
 31
0.0
  0
LINE
  5
580
330
17
100
AcDbEntity
  8
LINES
100
AcDbLine
 10
1161.93
 20
791.28
 30
0.0
 11
1163.66
 21
791.42
 31
0.0
  0
LINE
  5
581
330
17
100
AcDbEntity
  8
LINES
100
AcDbLine
 10
1163.8
 20
791.71
 30
0.0
 11
1163.66
 21
789.55
 31
0.0
  0
LINE
  5
582
330
17
100
AcDbEntity
  8
LINES
100
AcDbLine
 10
1163.66
 20
789.55
 30
0.0
 11
1161.93
 21
789.26
 31
0.0
  0
LINE
  5
583
330
17
100
AcDbEntity
  8
LINES
100
AcDbLine
 10
1161.07
 20
788.26
 30
0.0
 11
1164.38
 21
788.54
 31
0.0
  0
LINE
  5
584
330
17
100
AcDbEntity
  8
LINES
100
AcDbLine
 10
1161.93
 20
787.82
 30
0.0
 11
1161.93
 21
784.94
 31
0.0
  0
LINE
  5
585
330
17
100
AcDbEntity
  8
LINES
100
AcDbLine
 10
1161.93
 20
787.25
 30
0.0
 11
1163.66
 21
787.54
 31
0.0
  0
LINE
  5
586
330
17
100
AcDbEntity
  8
LINES
100
AcDbLine
 10
1163.8
 20
787.82
 30
0.0
 11
1163.66
 21
785.52
 31
0.0
  0
LINE
  5
587
330
17
100
AcDbEntity
  8
LINES
100
AcDbLine
 10
1163.66
 20
785.52
 30
0.0
 11
1161.93
 21
785.23
 31
0.0
  0
LINE
  5
588
330
17
100
AcDbEntity
  8
LINES
100
AcDbLine
 10
1162.79
 20
787.39
 30
0.0
 11
1162.79
 21
783.22
 31
0.0
  0
LINE
  5
589
330
17
100
AcDbEntity
  8
LINES
100
AcDbLine
 10
1161.21
 20
783.07
 30
0.0
 11
1164.09
 21
783.36
 31
0.0
  0
LINE
  5
58A
330
17
100
AcDbEntity
  8
LINES
100
AcDbLine
 10
1161.79
 20
784.22
 30
0.0
 11
1163.66
 21
784.51
 31
0.0
  0
LINE
  5
58B
330
17
100
AcDbEntity
  8
LINES
100
AcDbLine
 10
1162.22
 20
786.38
 30
0.0
 11
1163.37
 21
786.38
 31
0.0
  0
LINE
  5
58C
330
17
100
AcDbEntity
  8
LINES
100
AcDbLine
 10
1161.93
 20
790.27
 30
0.0
 11
1163.51
 21
790.42
 31
0.0
  0
LINE
  5
58D
330
17
100
AcDbEntity
  8
LINES
100
AcDbLine
 10
1073.95
 20
782.21
 30
0.0
 11
1075.67
 21
782.35
 31
0.0
  0
LINE
  5
58E
330
17
100
AcDbEntity
  8
LINES
100
AcDbLine
 10
1073.08
 20
780.34
 30
0.0
 11
1076.54
 21
780.62
 31
0.0
  0
LINE
  5
58F
330
17
100
AcDbEntity
  8
LINES
100
AcDbLine
 10
1074.81
 20
784.22
 30
0.0
 11
1074.81
 21
780.48
 31
0.0
  0
LINE
  5
590
330
17
100
AcDbEntity
  8
LINES
100
AcDbLine
 10
1073.51
 20
788.11
 30
0.0
 11
1075.1
 21
788.4
 31
0.0
  0
LINE
  5
591
330
17
100
AcDbEntity
  8
LINES
100
AcDbLine
 10
1074.52
 20
788.26
 30
0.0
 11
1074.52
 21
783.36
 31
0.0
  0
LINE
  5
592
330
17
100
AcDbEntity
  8
LINES
100
AcDbLine
 10
1073.08
 20
785.66
 30
0.0
 11
1075.24
 21
786.1
 31
0.0
  0
LINE
  5
593
330
17
100
AcDbEntity
  8
LINES
100
AcDbLine
 10
1075.53
 20
788.11
 30
0.0
 11
1075.53
 21
784.51
 31
0.0
  0
LINE
  5
594
330
17
100
AcDbEntity
  8
LINES
100
AcDbLine
 10
1077.98
 20
789.26
 30
0.0
 11
1077.98
 21
785.95
 31
0.0
  0
LINE
  5
595
330
17
100
AcDbEntity
  8
LINES
100
AcDbLine
 10
1077.98
 20
788.54
 30
0.0
 11
1079.56
 21
788.69
 31
0.0
  0
LINE
  5
596
330
17
100
AcDbEntity
  8
LINES
100
AcDbLine
 10
1079.71
 20
789.12
 30
0.0
 11
1079.56
 21
786.67
 31
0.0
  0
LINE
  5
597
330
17
100
AcDbEntity
  8
LINES
100
AcDbLine
 10
1079.71
 20
786.67
 30
0.0
 11
1077.98
 21
786.38
 31
0.0
  0
LINE
  5
598
330
17
100
AcDbEntity
  8
LINES
100
AcDbLine
 10
1077.11
 20
785.09
 30
0.0
 11
1080.28
 21
785.52
 31
0.0
  0
LINE
  5
599
330
17
100
AcDbEntity
  8
LINES
100
AcDbLine
 10
1078.27
 20
785.23
 30
0.0
 11
1077.98
 21
783.36
 31
0.0
  0
LINE
  5
59A
330
17
100
AcDbEntity
  8
LINES
100
AcDbLine
 10
1079.71
 20
783.79
 30
0.0
 11
1077.83
 21
783.36
 31
0.0
  0
LINE
  5
59B
330
17
100
AcDbEntity
  8
LINES
100
AcDbLine
 10
978.62
 20
790.56
 30
0.0
 11
976.89
 21
786.82
 31
0.0
  0
LINE
  5
59C
330
17
100
AcDbEntity
  8
LINES
100
AcDbLine
 10
977.9
 20
788.69
 30
0.0
 11
979.19
 21
788.83
 31
0.0
  0
LINE
  5
59D
330
17
100
AcDbEntity
  8
LINES
100
AcDbLine
 10
977.61
 20
785.23
 30
0.0
 11
976.31
 21
783.79
 31
0.0
  0
LINE
  5
59E
330
17
100
AcDbEntity
  8
LINES
100
AcDbLine
 10
977.75
 20
785.38
 30
0.0
 11
977.75
 21
781.49
 31
0.0
  0
LINE
  5
59F
330
17
100
AcDbEntity
  8
LINES
100
AcDbLine
 10
977.75
 20
782.35
 30
0.0
 11
979.34
 21
782.64
 31
0.0
  0
LINE
  5
5A0
330
17
100
AcDbEntity
  8
LINES
100
AcDbLine
 10
979.19
 20
782.64
 30
0.0
 11
979.34
 21
785.38
 31
0.0
  0
LINE
  5
5A1
330
17
100
AcDbEntity
  8
LINES
100
AcDbLine
 10
977.47
 20
787.97
 30
0.0
 11
978.04
 21
786.67
 31
0.0
  0
LINE
  5
5A2
330
17
100
AcDbEntity
  8
LINES
100
AcDbLine
 10
977.75
 20
784.66
 30
0.0
 11
979.19
 21
785.09
 31
0.0
  0
LINE
  5
5A3
330
17
100
AcDbEntity
  8
LINES
100
AcDbLine
 10
981.21
 20
786.82
 30
0.0
 11
981.79
 21
785.66
 31
0.0
  0
LINE
  5
5A4
330
17
100
AcDbEntity
  8
LINES
100
AcDbLine
 10
981.21
 20
789.41
 30
0.0
 11
981.21
 21
781.78
 31
0.0
  0
LINE
  5
5A5
330
17
100
AcDbEntity
  8
LINES
100
AcDbLine
 10
980.35
 20
787.25
 30
0.0
 11
981.93
 21
787.68
 31
0.0
  0
LINE
  5
5A6
330
17
100
AcDbEntity
  8
LINES
100
AcDbLine
 10
981.79
 20
790.56
 30
0.0
 11
980.49
 21
788.69
 31
0.0
  0
LINE
  5
5A7
330
17
100
AcDbEntity
  8
LINES
100
AcDbLine
 10
982.36
 20
787.97
 30
0.0
 11
983.51
 21
788.4
 31
0.0
  0
LINE
  5
5A8
330
17
100
AcDbEntity
  8
LINES
100
AcDbLine
 10
983.66
 20
788.54
 30
0.0
 11
983.23
 21
786.96
 31
0.0
  0
LINE
  5
5A9
330
17
100
AcDbEntity
  8
LINES
100
AcDbLine
 10
982.36
 20
785.81
 30
0.0
 11
981.64
 21
783.22
 31
0.0
  0
LINE
  5
5AA
330
17
100
AcDbEntity
  8
LINES
100
AcDbLine
 10
983.08
 20
785.52
 30
0.0
 11
983.66
 21
783.79
 31
0.0
  0
LINE
  5
5AB
330
17
100
AcDbEntity
  8
LINES
100
AcDbLine
 10
926.78
 20
790.56
 30
0.0
 11
927.07
 21
788.98
 31
0.0
  0
LINE
  5
5AC
330
17
100
AcDbEntity
  8
LINES
100
AcDbLine
 10
925.91
 20
788.26
 30
0.0
 11
928.36
 21
788.83
 31
0.0
  0
LINE
  5
5AD
330
17
100
AcDbEntity
  8
LINES
100
AcDbLine
 10
927.07
 20
786.1
 30
0.0
 11
927.35
 21
785.52
 31
0.0
  0
LINE
  5
5AE
330
17
100
AcDbEntity
  8
LINES
100
AcDbLine
 10
927.64
 20
787.39
 30
0.0
 11
926.49
 21
787.1
 31
0.0
  0
LINE
  5
5AF
330
17
100
AcDbEntity
  8
LINES
100
AcDbLine
 10
926.06
 20
784.51
 30
0.0
 11
928.36
 21
785.09
 31
0.0
  0
LINE
  5
5B0
330
17
100
AcDbEntity
  8
LINES
100
AcDbLine
 10
928.36
 20
785.66
 30
0.0
 11
928.07
 21
783.79
 31
0.0
  0
LINE
  5
5B1
330
17
100
AcDbEntity
  8
LINES
100
AcDbLine
 10
927.93
 20
787.68
 30
0.0
 11
927.21
 21
785.95
 31
0.0
  0
LINE
  5
5B2
330
17
100
AcDbEntity
  8
LINES
100
AcDbLine
 10
929.95
 20
790.42
 30
0.0
 11
929.95
 21
787.1
 31
0.0
  0
LINE
  5
5B3
330
17
100
AcDbEntity
  8
LINES
100
AcDbLine
 10
929.95
 20
789.55
 30
0.0
 11
931.53
 21
789.7
 31
0.0
  0
LINE
  5
5B4
330
17
100
AcDbEntity
  8
LINES
100
AcDbLine
 10
931.53
 20
790.13
 30
0.0
 11
931.39
 21
787.68
 31
0.0
  0
LINE
  5
5B5
330
17
100
AcDbEntity
  8
LINES
100
AcDbLine
 10
931.53
 20
787.68
 30
0.0
 11
929.95
 21
787.54
 31
0.0
  0
LINE
  5
5B6
330
17
100
AcDbEntity
  8
LINES
100
AcDbLine
 10
928.94
 20
786.1
 30
0.0
 11
932.25
 21
786.53
 31
0.0
  0
LINE
  5
5B7
330
17
100
AcDbEntity
  8
LINES
100
AcDbLine
 10
930.09
 20
786.24
 30
0.0
 11
929.95
 21
784.51
 31
0.0
  0
LINE
  5
5B8
330
17
100
AcDbEntity
  8
LINES
100
AcDbLine
 10
931.53
 20
784.8
 30
0.0
 11
929.8
 21
784.37
 31
0.0
  0
LINE
  5
5B9
330
17
100
AcDbEntity
  8
LINES
100
AcDbLine
 10
1014.04
 20
737.86
 30
0.0
 11
1018.07
 21
747.79
 31
0.0
  0
LINE
  5
5BA
330
17
100
AcDbEntity
  8
LINES
100
AcDbLine
 10
1014.04
 20
747.79
 30
0.0
 11
1018.07
 21
737.86
 31
0.0
  0
LINE
  5
5BB
330
17
100
AcDbEntity
  8
LINES
100
AcDbLine
 10
1135.15
 20
740.16
 30
0.0
 11
1136.59
 21
741.31
 31
0.0
  0
LINE
  5
5BC
330
17
100
AcDbEntity
  8
LINES
100
AcDbLine
 10
1136.59
 20
743.62
 30
0.0
 11
1135.29
 21
743.18
 31
0.0
  0
LINE
  5
5BD
330
17
100
AcDbEntity
  8
LINES
100
AcDbLine
 10
1136.01
 20
746.93
 30
0.0
 11
1136.01
 21
740.88
 31
0.0
  0
LINE
  5
5BE
330
17
100
AcDbEntity
  8
LINES
100
AcDbLine
 10
1136.73
 20
744.05
 30
0.0
 11
1138.03
 21
744.34
 31
0.0
  0
LINE
  5
5BF
330
17
100
AcDbEntity
  8
LINES
100
AcDbLine
 10
1136.59
 20
742.03
 30
0.0
 11
1138.6
 21
742.32
 31
0.0
  0
LINE
  5
5C0
330
17
100
AcDbEntity
  8
LINES
100
AcDbLine
 10
1138.17
 20
744.62
 30
0.0
 11
1138.03
 21
742.32
 31
0.0
  0
LINE
  5
5C1
330
17
100
AcDbEntity
  8
LINES
100
AcDbLine
 10
913.24
 20
625.68
 30
0.0
 11
1173.45
 21
625.68
 31
0.0
  0
LINE
  5
5C2
330
17
100
AcDbEntity
  8
LINES
100
AcDbLine
 10
916.99
 20
805.97
 30
0.0
 11
916.99
 21
812.45
 31
0.0
  0
LINE
  5
5C3
330
17
100
AcDbEntity
  8
LINES
100
AcDbLine
 10
914.97
 20
805.82
 30
0.0
 11
918.71
 21
806.26
 31
0.0
  0
LINE
  5
5C4
330
17
100
AcDbEntity
  8
LINES
100
AcDbLine
 10
918.14
 20
809.71
 30
0.0
 11
915.69
 21
809.28
 31
0.0
  0
LINE
  5
5C5
330
17
100
AcDbEntity
  8
LINES
100
AcDbLine
 10
915.4
 20
812.16
 30
0.0
 11
918.43
 21
812.59
 31
0.0
  0
LINE
  5
5C6
330
17
100
AcDbEntity
  8
LINES
100
AcDbLine
 10
916.7
 20
815.76
 30
0.0
 11
916.99
 21
813.6
 31
0.0
  0
LINE
  5
5C7
330
17
100
AcDbEntity
  8
LINES
100
AcDbLine
 10
919.72
 20
815.18
 30
0.0
 11
922.89
 21
815.76
 31
0.0
  0
LINE
  5
5C8
330
17
100
AcDbEntity
  8
LINES
100
AcDbLine
 10
921.74
 20
815.47
 30
0.0
 11
921.74
 21
811.44
 31
0.0
  0
LINE
  5
5C9
330
17
100
AcDbEntity
  8
LINES
100
AcDbLine
 10
921.02
 20
811.3
 30
0.0
 11
921.02
 21
815.33
 31
0.0
  0
LINE
  5
5CA
330
17
100
AcDbEntity
  8
LINES
100
AcDbLine
 10
922.6
 20
811.58
 30
0.0
 11
920.3
 21
811.15
 31
0.0
  0
LINE
  5
5CB
330
17
100
AcDbEntity
  8
LINES
100
AcDbLine
 10
922.6
 20
814.18
 30
0.0
 11
922.46
 21
811.58
 31
0.0
  0
LINE
  5
5CC
330
17
100
AcDbEntity
  8
LINES
100
AcDbLine
 10
919.43
 20
809.14
 30
0.0
 11
923.47
 21
809.86
 31
0.0
  0
LINE
  5
5CD
330
17
100
AcDbEntity
  8
LINES
100
AcDbLine
 10
920.59
 20
807.98
 30
0.0
 11
922.89
 21
805.54
 31
0.0
  0
LINE
  5
5CE
330
17
100
AcDbEntity
  8
LINES
100
AcDbLine
 10
922.17
 20
809.57
 30
0.0
 11
921.45
 21
807.26
 31
0.0
  0
LINE
  5
5CF
330
17
100
AcDbEntity
  8
LINES
100
AcDbLine
 10
921.31
 20
807.26
 30
0.0
 11
919.58
 21
805.54
 31
0.0
  0
LINE
  5
5D0
330
17
100
AcDbEntity
  8
LINES
100
AcDbLine
 10
920.3
 20
814.03
 30
0.0
 11
920.3
 21
810.43
 31
0.0
  0
LINE
  5
5D1
330
17
100
AcDbEntity
  8
LINES
100
AcDbLine
 10
920.3
 20
813.31
 30
0.0
 11
922.6
 21
813.74
 31
0.0
  0
LINE
  5
5D2
330
17
100
AcDbEntity
  8
LINES
100
AcDbLine
 10
921.45
 20
811.01
 30
0.0
 11
920.59
 21
807.98
 31
0.0
  0
LINE
  5
5D3
330
17
100
AcDbEntity
  8
LINES
100
AcDbLine
 10
924.04
 20
806.11
 30
0.0
 11
927.93
 21
806.54
 31
0.0
  0
LINE
  5
5D4
330
17
100
AcDbEntity
  8
LINES
100
AcDbLine
 10
926.35
 20
806.54
 30
0.0
 11
926.35
 21
815.62
 31
0.0
  0
LINE
  5
5D5
330
17
100
AcDbEntity
  8
LINES
100
AcDbLine
 10
925.63
 20
814.9
 30
0.0
 11
925.63
 21
806.4
 31
0.0
  0
LINE
  5
5D6
330
17
100
AcDbEntity
  8
LINES
100
AcDbLine
 10
924.62
 20
812.59
 30
0.0
 11
925.19
 21
808.85
 31
0.0
  0
LINE
  5
5D7
330
17
100
AcDbEntity
  8
LINES
100
AcDbLine
 10
926.35
 20
808.85
 30
0.0
 11
927.5
 21
812.88
 31
0.0
  0
LINE
  5
5D8
330
17
100
AcDbEntity
  8
LINES
100
AcDbLine
 10
929.95
 20
814.46
 30
0.0
 11
931.39
 21
814.75
 31
0.0
  0
LINE
  5
5D9
330
17
100
AcDbEntity
  8
LINES
100
AcDbLine
 10
929.51
 20
809.42
 30
0.0
 11
931.39
 21
809.86
 31
0.0
  0
LINE
  5
5DA
330
17
100
AcDbEntity
  8
LINES
100
AcDbLine
 10
934.27
 20
815.62
 30
0.0
 11
934.27
 21
805.25
 31
0.0
  0
LINE
  5
5DB
330
17
100
AcDbEntity
  8
LINES
100
AcDbLine
 10
934.27
 20
812.59
 30
0.0
 11
933.11
 21
807.98
 31
0.0
  0
LINE
  5
5DC
330
17
100
AcDbEntity
  8
LINES
100
AcDbLine
 10
934.27
 20
811.44
 30
0.0
 11
934.84
 21
810.14
 31
0.0
  0
LINE
  5
5DD
330
17
100
AcDbEntity
  8
LINES
100
AcDbLine
 10
934.99
 20
813.02
 30
0.0
 11
933.4
 21
812.59
 31
0.0
  0
LINE
  5
5DE
330
17
100
AcDbEntity
  8
LINES
100
AcDbLine
 10
935.13
 20
814.32
 30
0.0
 11
936.86
 21
815.47
 31
0.0
  0
LINE
  5
5DF
330
17
100
AcDbEntity
  8
LINES
100
AcDbLine
 10
935.42
 20
812.3
 30
0.0
 11
936.57
 21
812.59
 31
0.0
  0
LINE
  5
5E0
330
17
100
AcDbEntity
  8
LINES
100
AcDbLine
 10
940.31
 20
816.05
 30
0.0
 11
940.31
 21
805.25
 31
0.0
  0
LINE
  5
5E1
330
17
100
AcDbEntity
  8
LINES
100
AcDbLine
 10
938.87
 20
809.28
 30
0.0
 11
941.61
 21
809.71
 31
0.0
  0
LINE
  5
5E2
330
17
100
AcDbEntity
  8
LINES
100
AcDbLine
 10
939.45
 20
812.02
 30
0.0
 11
941.32
 21
812.45
 31
0.0
  0
LINE
  5
5E3
330
17
100
AcDbEntity
  8
LINES
100
AcDbLine
 10
938.44
 20
813.74
 30
0.0
 11
938.44
 21
805.54
 31
0.0
  0
LINE
  5
5E4
330
17
100
AcDbEntity
  8
LINES
100
AcDbLine
 10
939.02
 20
815.9
 30
0.0
 11
937.43
 21
810.58
 31
0.0
  0
LINE
  5
5E5
330
17
100
AcDbEntity
  8
LINES
100
AcDbLine
 10
943.05
 20
807.84
 30
0.0
 11
945.21
 21
807.98
 31
0.0
  0
LINE
  5
5E6
330
17
100
AcDbEntity
  8
LINES
100
AcDbLine
 10
942.19
 20
805.68
 30
0.0
 11
946.07
 21
805.97
 31
0.0
  0
LINE
  5
5E7
330
17
100
AcDbEntity
  8
LINES
100
AcDbLine
 10
944.06
 20
810.0
 30
0.0
 11
944.06
 21
805.97
 31
0.0
  0
LINE
  5
5E8
330
17
100
AcDbEntity
  8
LINES
100
AcDbLine
 10
942.62
 20
814.46
 30
0.0
 11
944.35
 21
814.9
 31
0.0
  0
LINE
  5
5E9
330
17
100
AcDbEntity
  8
LINES
100
AcDbLine
 10
943.91
 20
814.75
 30
0.0
 11
943.91
 21
809.28
 31
0.0
  0
LINE
  5
5EA
330
17
100
AcDbEntity
  8
LINES
100
AcDbLine
 10
942.19
 20
811.87
 30
0.0
 11
944.49
 21
812.3
 31
0.0
  0
LINE
  5
5EB
330
17
100
AcDbEntity
  8
LINES
100
AcDbLine
 10
944.92
 20
814.46
 30
0.0
 11
944.92
 21
810.58
 31
0.0
  0
LINE
  5
5EC
330
17
100
AcDbEntity
  8
LINES
100
AcDbLine
 10
947.8
 20
815.9
 30
0.0
 11
947.8
 21
812.16
 31
0.0
  0
LINE
  5
5ED
330
17
100
AcDbEntity
  8
LINES
100
AcDbLine
 10
947.8
 20
815.04
 30
0.0
 11
949.53
 21
815.18
 31
0.0
  0
LINE
  5
5EE
330
17
100
AcDbEntity
  8
LINES
100
AcDbLine
 10
949.67
 20
815.76
 30
0.0
 11
949.53
 21
812.88
 31
0.0
  0
LINE
  5
5EF
330
17
100
AcDbEntity
  8
LINES
100
AcDbLine
 10
949.67
 20
812.88
 30
0.0
 11
947.8
 21
812.59
 31
0.0
  0
LINE
  5
5F0
330
17
100
AcDbEntity
  8
LINES
100
AcDbLine
 10
946.79
 20
811.15
 30
0.0
 11
950.39
 21
811.58
 31
0.0
  0
LINE
  5
5F1
330
17
100
AcDbEntity
  8
LINES
100
AcDbLine
 10
948.09
 20
811.15
 30
0.0
 11
947.8
 21
809.28
 31
0.0
  0
LINE
  5
5F2
330
17
100
AcDbEntity
  8
LINES
100
AcDbLine
 10
949.67
 20
809.57
 30
0.0
 11
947.66
 21
809.14
 31
0.0
  0
LINE
  5
5F3
330
17
100
AcDbEntity
  8
LINES
100
AcDbLine
 10
951.26
 20
809.86
 30
0.0
 11
955.15
 21
810.43
 31
0.0
  0
LINE
  5
5F4
330
17
100
AcDbEntity
  8
LINES
100
AcDbLine
 10
956.73
 20
814.9
 30
0.0
 11
956.73
 21
811.58
 31
0.0
  0
LINE
  5
5F5
330
17
100
AcDbEntity
  8
LINES
100
AcDbLine
 10
958.17
 20
813.74
 30
0.0
 11
959.75
 21
814.03
 31
0.0
  0
LINE
  5
5F6
330
17
100
AcDbEntity
  8
LINES
100
AcDbLine
 10
957.02
 20
811.3
 30
0.0
 11
957.02
 21
807.12
 31
0.0
  0
LINE
  5
5F7
330
17
100
AcDbEntity
  8
LINES
100
AcDbLine
 10
957.02
 20
810.72
 30
0.0
 11
958.75
 21
811.01
 31
0.0
  0
LINE
  5
5F8
330
17
100
AcDbEntity
  8
LINES
100
AcDbLine
 10
958.75
 20
811.3
 30
0.0
 11
958.6
 21
807.12
 31
0.0
  0
LINE
  5
5F9
330
17
100
AcDbEntity
  8
LINES
100
AcDbLine
 10
957.45
 20
807.12
 30
0.0
 11
957.88
 21
809.71
 31
0.0
  0
LINE
  5
5FA
330
17
100
AcDbEntity
  8
LINES
100
AcDbLine
 10
956.87
 20
805.97
 30
0.0
 11
955.72
 21
805.25
 31
0.0
  0
LINE
  5
5FB
330
17
100
AcDbEntity
  8
LINES
100
AcDbLine
 10
957.45
 20
811.3
 30
0.0
 11
957.45
 21
815.47
 31
0.0
  0
LINE
  5
5FC
330
17
100
AcDbEntity
  8
LINES
100
AcDbLine
 10
957.45
 20
807.26
 30
0.0
 11
956.87
 21
806.11
 31
0.0
  0
LINE
  5
5FD
330
17
100
AcDbEntity
  8
LINES
100
AcDbLine
 10
958.6
 20
813.89
 30
0.0
 11
958.89
 21
812.02
 31
0.0
  0
LINE
  5
5FE
330
17
100
AcDbEntity
  8
LINES
100
AcDbLine
 10
962.2
 20
815.9
 30
0.0
 11
962.2
 21
811.15
 31
0.0
  0
LINE
  5
5FF
330
17
100
AcDbEntity
  8
LINES
100
AcDbLine
 10
961.19
 20
812.45
 30
0.0
 11
963.21
 21
812.74
 31
0.0
  0
LINE
  5
600
330
17
100
AcDbEntity
  8
LINES
100
AcDbLine
 10
961.63
 20
809.57
 30
0.0
 11
961.63
 21
805.54
 31
0.0
  0
LINE
  5
601
330
17
100
AcDbEntity
  8
LINES
100
AcDbLine
 10
961.48
 20
805.25
 30
0.0
 11
962.49
 21
807.26
 31
0.0
  0
LINE
  5
602
330
17
100
AcDbEntity
  8
LINES
100
AcDbLine
 10
963.5
 20
810.43
 30
0.0
 11
962.78
 21
808.56
 31
0.0
  0
LINE
  5
603
330
17
100
AcDbEntity
  8
LINES
100
AcDbLine
 10
964.07
 20
811.3
 30
0.0
 11
960.33
 21
810.72
 31
0.0
  0
LINE
  5
604
330
17
100
AcDbEntity
  8
LINES
100
AcDbLine
 10
960.91
 20
813.89
 30
0.0
 11
963.64
 21
814.46
 31
0.0
  0
LINE
  5
605
330
17
100
AcDbEntity
  8
LINES
100
AcDbLine
 10
999.79
 20
818.93
 30
0.0
 11
993.88
 21
801.65
 31
0.0
  0
LINE
  5
606
330
17
100
AcDbEntity
  8
LINES
100
AcDbLine
 10
1031.47
 20
810.29
 30
0.0
 11
1031.47
 21
810.0
 31
0.0
  0
LINE
  5
607
330
17
100
AcDbEntity
  8
LINES
100
AcDbLine
 10
1031.47
 20
810.0
 30
0.0
 11
1031.47
 21
809.86
 31
0.0
  0
LINE
  5
608
330
17
100
AcDbEntity
  8
LINES
100
AcDbLine
 10
1031.32
 20
810.0
 30
0.0
 11
1031.47
 21
810.0
 31
0.0
  0
LINE
  5
609
330
17
100
AcDbEntity
  8
LINES
100
AcDbLine
 10
1031.47
 20
807.55
 30
0.0
 11
1031.47
 21
807.26
 31
0.0
  0
LINE
  5
60A
330
17
100
AcDbEntity
  8
LINES
100
AcDbLine
 10
1031.47
 20
807.26
 30
0.0
 11
1031.47
 21
807.12
 31
0.0
  0
LINE
  5
60B
330
17
100
AcDbEntity
  8
LINES
100
AcDbLine
 10
1031.32
 20
807.26
 30
0.0
 11
1031.47
 21
807.26
 31
0.0
  0
LINE
  5
60C
330
17
100
AcDbEntity
  8
LINES
100
AcDbLine
 10
722.59
 20
392.26
 30
0.0
 11
683.85
 21
392.26
 31
0.0
  0
LINE
  5
60D
330
17
100
AcDbEntity
  8
LINES
100
AcDbLine
 10
719.99
 20
540.72
 30
0.0
 11
681.26
 21
540.72
 31
0.0
  0
LINE
  5
60E
330
17
100
AcDbEntity
  8
LINES
100
AcDbLine
 10
914.68
 20
526.03
 30
0.0
 11
1173.16
 21
526.03
 31
0.0
  0
LINE
  5
60F
330
17
100
AcDbEntity
  8
LINES
100
AcDbLine
 10
914.68
 20
548.06
 30
0.0
 11
914.68
 21
358.42
 31
0.0
  0
LINE
  5
610
330
17
100
AcDbEntity
  8
LINES
100
AcDbLine
 10
949.82
 20
548.06
 30
0.0
 11
949.82
 21
358.42
 31
0.0
  0
LINE
  5
611
330
17
100
AcDbEntity
  8
LINES
100
AcDbLine
 10
995.75
 20
548.06
 30
0.0
 11
995.75
 21
358.42
 31
0.0
  0
LINE
  5
612
330
17
100
AcDbEntity
  8
LINES
100
AcDbLine
 10
1124.49
 20
548.06
 30
0.0
 11
1124.49
 21
358.42
 31
0.0
  0
LINE
  5
613
330
17
100
AcDbEntity
  8
LINES
100
AcDbLine
 10
1148.25
 20
548.06
 30
0.0
 11
1148.25
 21
358.42
 31
0.0
  0
LINE
  5
614
330
17
100
AcDbEntity
  8
LINES
100
AcDbLine
 10
1173.16
 20
548.06
 30
0.0
 11
1173.16
 21
358.42
 31
0.0
  0
LINE
  5
615
330
17
100
AcDbEntity
  8
LINES
100
AcDbLine
 10
914.68
 20
548.06
 30
0.0
 11
1173.16
 21
548.06
 31
0.0
  0
LINE
  5
616
330
17
100
AcDbEntity
  8
LINES
100
AcDbLine
 10
1134.28
 20
542.45
 30
0.0
 11
1134.71
 21
540.72
 31
0.0
  0
LINE
  5
617
330
17
100
AcDbEntity
  8
LINES
100
AcDbLine
 10
1135.72
 20
542.59
 30
0.0
 11
1135.15
 21
540.43
 31
0.0
  0
LINE
  5
618
330
17
100
AcDbEntity
  8
LINES
100
AcDbLine
 10
1133.99
 20
540.58
 30
0.0
 11
1133.99
 21
536.98
 31
0.0
  0
LINE
  5
619
330
17
100
AcDbEntity
  8
LINES
100
AcDbLine
 10
1133.99
 20
537.26
 30
0.0
 11
1136.01
 21
537.7
 31
0.0
  0
LINE
  5
61A
330
17
100
AcDbEntity
  8
LINES
100
AcDbLine
 10
1135.87
 20
540.43
 30
0.0
 11
1133.99
 21
540.14
 31
0.0
  0
LINE
  5
61B
330
17
100
AcDbEntity
  8
LINES
100
AcDbLine
 10
1134.28
 20
538.85
 30
0.0
 11
1135.72
 21
539.14
 31
0.0
  0
LINE
  5
61C
330
17
100
AcDbEntity
  8
LINES
100
AcDbLine
 10
1133.13
 20
536.11
 30
0.0
 11
1136.73
 21
536.54
 31
0.0
  0
LINE
  5
61D
330
17
100
AcDbEntity
  8
LINES
100
AcDbLine
 10
1136.01
 20
540.58
 30
0.0
 11
1135.87
 21
537.7
 31
0.0
  0
LINE
  5
61E
330
17
100
AcDbEntity
  8
LINES
100
AcDbLine
 10
1135.0
 20
533.38
 30
0.0
 11
1135.0
 21
540.29
 31
0.0
  0
LINE
  5
61F
330
17
100
AcDbEntity
  8
LINES
100
AcDbLine
 10
1138.31
 20
542.59
 30
0.0
 11
1137.02
 21
537.84
 31
0.0
  0
LINE
  5
620
330
17
100
AcDbEntity
  8
LINES
100
AcDbLine
 10
1137.88
 20
540.58
 30
0.0
 11
1137.88
 21
533.38
 31
0.0
  0
LINE
  5
621
330
17
100
AcDbEntity
  8
LINES
100
AcDbLine
 10
1139.18
 20
542.3
 30
0.0
 11
1139.47
 21
540.58
 31
0.0
  0
LINE
  5
622
330
17
100
AcDbEntity
  8
LINES
100
AcDbLine
 10
1138.31
 20
539.57
 30
0.0
 11
1140.33
 21
539.86
 31
0.0
  0
LINE
  5
623
330
17
100
AcDbEntity
  8
LINES
100
AcDbLine
 10
1138.75
 20
538.56
 30
0.0
 11
1139.03
 21
536.26
 31
0.0
  0
LINE
  5
624
330
17
100
AcDbEntity
  8
LINES
100
AcDbLine
 10
1139.9
 20
538.85
 30
0.0
 11
1139.47
 21
534.67
 31
0.0
  0
LINE
  5
625
330
17
100
AcDbEntity
  8
LINES
100
AcDbLine
 10
1138.03
 20
534.53
 30
0.0
 11
1140.62
 21
534.82
 31
0.0
  0
LINE
  5
626
330
17
100
AcDbEntity
  8
LINES
100
AcDbLine
 10
1157.61
 20
542.88
 30
0.0
 11
1157.61
 21
538.13
 31
0.0
  0
LINE
  5
627
330
17
100
AcDbEntity
  8
LINES
100
AcDbLine
 10
1156.75
 20
540.0
 30
0.0
 11
1158.62
 21
540.43
 31
0.0
  0
LINE
  5
628
330
17
100
AcDbEntity
  8
LINES
100
AcDbLine
 10
1158.33
 20
542.3
 30
0.0
 11
1158.04
 21
540.29
 31
0.0
  0
LINE
  5
629
330
17
100
AcDbEntity
  8
LINES
100
AcDbLine
 10
1157.03
 20
542.02
 30
0.0
 11
1157.32
 21
540.58
 31
0.0
  0
LINE
  5
62A
330
17
100
AcDbEntity
  8
LINES
100
AcDbLine
 10
1157.61
 20
540.0
 30
0.0
 11
1156.6
 21
537.26
 31
0.0
  0
LINE
  5
62B
330
17
100
AcDbEntity
  8
LINES
100
AcDbLine
 10
1157.61
 20
539.86
 30
0.0
 11
1158.33
 21
538.56
 31
0.0
  0
LINE
  5
62C
330
17
100
AcDbEntity
  8
LINES
100
AcDbLine
 10
1156.75
 20
536.69
 30
0.0
 11
1158.04
 21
537.12
 31
0.0
  0
LINE
  5
62D
330
17
100
AcDbEntity
  8
LINES
100
AcDbLine
 10
1158.76
 20
539.71
 30
0.0
 11
1159.91
 21
540.0
 31
0.0
  0
LINE
  5
62E
330
17
100
AcDbEntity
  8
LINES
100
AcDbLine
 10
1161.64
 20
542.74
 30
0.0
 11
1161.64
 21
539.71
 31
0.0
  0
LINE
  5
62F
330
17
100
AcDbEntity
  8
LINES
100
AcDbLine
 10
1161.64
 20
542.16
 30
0.0
 11
1163.37
 21
542.3
 31
0.0
  0
LINE
  5
630
330
17
100
AcDbEntity
  8
LINES
100
AcDbLine
 10
1163.51
 20
542.59
 30
0.0
 11
1163.37
 21
540.43
 31
0.0
  0
LINE
  5
631
330
17
100
AcDbEntity
  8
LINES
100
AcDbLine
 10
1163.37
 20
540.43
 30
0.0
 11
1161.64
 21
540.14
 31
0.0
  0
LINE
  5
632
330
17
100
AcDbEntity
  8
LINES
100
AcDbLine
 10
1160.63
 20
538.99
 30
0.0
 11
1164.09
 21
539.28
 31
0.0
  0
LINE
  5
633
330
17
100
AcDbEntity
  8
LINES
100
AcDbLine
 10
1161.64
 20
538.56
 30
0.0
 11
1161.64
 21
535.82
 31
0.0
  0
LINE
  5
634
330
17
100
AcDbEntity
  8
LINES
100
AcDbLine
 10
1161.64
 20
538.13
 30
0.0
 11
1163.37
 21
538.27
 31
0.0
  0
LINE
  5
635
330
17
100
AcDbEntity
  8
LINES
100
AcDbLine
 10
1163.51
 20
538.56
 30
0.0
 11
1163.37
 21
536.4
 31
0.0
  0
LINE
  5
636
330
17
100
AcDbEntity
  8
LINES
100
AcDbLine
 10
1163.37
 20
536.4
 30
0.0
 11
1161.64
 21
536.11
 31
0.0
  0
LINE
  5
637
330
17
100
AcDbEntity
  8
LINES
100
AcDbLine
 10
1162.51
 20
538.27
 30
0.0
 11
1162.51
 21
534.1
 31
0.0
  0
LINE
  5
638
330
17
100
AcDbEntity
  8
LINES
100
AcDbLine
 10
1160.78
 20
533.81
 30
0.0
 11
1163.8
 21
534.24
 31
0.0
  0
LINE
  5
639
330
17
100
AcDbEntity
  8
LINES
100
AcDbLine
 10
1161.35
 20
535.1
 30
0.0
 11
1163.37
 21
535.25
 31
0.0
  0
LINE
  5
63A
330
17
100
AcDbEntity
  8
LINES
100
AcDbLine
 10
1161.79
 20
537.12
 30
0.0
 11
1163.08
 21
537.26
 31
0.0
  0
LINE
  5
63B
330
17
100
AcDbEntity
  8
LINES
100
AcDbLine
 10
1161.64
 20
541.15
 30
0.0
 11
1163.08
 21
541.3
 31
0.0
  0
LINE
  5
63C
330
17
100
AcDbEntity
  8
LINES
100
AcDbLine
 10
1067.18
 20
533.09
 30
0.0
 11
1069.05
 21
533.23
 31
0.0
  0
LINE
  5
63D
330
17
100
AcDbEntity
  8
LINES
100
AcDbLine
 10
1066.46
 20
531.22
 30
0.0
 11
1069.77
 21
531.5
 31
0.0
  0
LINE
  5
63E
330
17
100
AcDbEntity
  8
LINES
100
AcDbLine
 10
1068.19
 20
534.96
 30
0.0
 11
1068.19
 21
531.36
 31
0.0
  0
LINE
  5
63F
330
17
100
AcDbEntity
  8
LINES
100
AcDbLine
 10
1066.89
 20
538.85
 30
0.0
 11
1068.33
 21
539.28
 31
0.0
  0
LINE
  5
640
330
17
100
AcDbEntity
  8
LINES
100
AcDbLine
 10
1067.9
 20
539.14
 30
0.0
 11
1067.9
 21
534.24
 31
0.0
  0
LINE
  5
641
330
17
100
AcDbEntity
  8
LINES
100
AcDbLine
 10
1066.46
 20
536.54
 30
0.0
 11
1068.47
 21
536.98
 31
0.0
  0
LINE
  5
642
330
17
100
AcDbEntity
  8
LINES
100
AcDbLine
 10
1068.76
 20
538.85
 30
0.0
 11
1068.76
 21
535.39
 31
0.0
  0
LINE
  5
643
330
17
100
AcDbEntity
  8
LINES
100
AcDbLine
 10
1071.35
 20
540.14
 30
0.0
 11
1071.35
 21
536.83
 31
0.0
  0
LINE
  5
644
330
17
100
AcDbEntity
  8
LINES
100
AcDbLine
 10
1071.35
 20
539.28
 30
0.0
 11
1072.94
 21
539.57
 31
0.0
  0
LINE
  5
645
330
17
100
AcDbEntity
  8
LINES
100
AcDbLine
 10
1072.94
 20
540.0
 30
0.0
 11
1072.79
 21
537.41
 31
0.0
  0
LINE
  5
646
330
17
100
AcDbEntity
  8
LINES
100
AcDbLine
 10
1072.94
 20
537.41
 30
0.0
 11
1071.35
 21
537.26
 31
0.0
  0
LINE
  5
647
330
17
100
AcDbEntity
  8
LINES
100
AcDbLine
 10
1070.49
 20
535.97
 30
0.0
 11
1073.66
 21
536.4
 31
0.0
  0
LINE
  5
648
330
17
100
AcDbEntity
  8
LINES
100
AcDbLine
 10
1071.64
 20
535.97
 30
0.0
 11
1071.35
 21
534.24
 31
0.0
  0
LINE
  5
649
330
17
100
AcDbEntity
  8
LINES
100
AcDbLine
 10
1072.94
 20
534.53
 30
0.0
 11
1071.21
 21
534.1
 31
0.0
  0
LINE
  5
64A
330
17
100
AcDbEntity
  8
LINES
100
AcDbLine
 10
970.27
 20
541.3
 30
0.0
 11
968.54
 21
537.55
 31
0.0
  0
LINE
  5
64B
330
17
100
AcDbEntity
  8
LINES
100
AcDbLine
 10
969.55
 20
539.42
 30
0.0
 11
970.99
 21
539.71
 31
0.0
  0
LINE
  5
64C
330
17
100
AcDbEntity
  8
LINES
100
AcDbLine
 10
969.26
 20
536.11
 30
0.0
 11
968.11
 21
534.67
 31
0.0
  0
LINE
  5
64D
330
17
100
AcDbEntity
  8
LINES
100
AcDbLine
 10
969.4
 20
536.26
 30
0.0
 11
969.4
 21
532.37
 31
0.0
  0
LINE
  5
64E
330
17
100
AcDbEntity
  8
LINES
100
AcDbLine
 10
969.4
 20
533.23
 30
0.0
 11
970.99
 21
533.52
 31
0.0
  0
LINE
  5
64F
330
17
100
AcDbEntity
  8
LINES
100
AcDbLine
 10
970.84
 20
533.52
 30
0.0
 11
970.99
 21
536.11
 31
0.0
  0
LINE
  5
650
330
17
100
AcDbEntity
  8
LINES
100
AcDbLine
 10
969.26
 20
538.85
 30
0.0
 11
969.69
 21
537.55
 31
0.0
  0
LINE
  5
651
330
17
100
AcDbEntity
  8
LINES
100
AcDbLine
 10
969.4
 20
535.54
 30
0.0
 11
970.99
 21
535.97
 31
0.0
  0
LINE
  5
652
330
17
100
AcDbEntity
  8
LINES
100
AcDbLine
 10
973.0
 20
537.55
 30
0.0
 11
973.58
 21
536.54
 31
0.0
  0
LINE
  5
653
330
17
100
AcDbEntity
  8
LINES
100
AcDbLine
 10
973.0
 20
540.29
 30
0.0
 11
973.0
 21
532.51
 31
0.0
  0
LINE
  5
654
330
17
100
AcDbEntity
  8
LINES
100
AcDbLine
 10
972.14
 20
538.13
 30
0.0
 11
973.58
 21
538.56
 31
0.0
  0
LINE
  5
655
330
17
100
AcDbEntity
  8
LINES
100
AcDbLine
 10
973.43
 20
541.3
 30
0.0
 11
972.28
 21
539.57
 31
0.0
  0
LINE
  5
656
330
17
100
AcDbEntity
  8
LINES
100
AcDbLine
 10
974.01
 20
538.85
 30
0.0
 11
975.31
 21
539.14
 31
0.0
  0
LINE
  5
657
330
17
100
AcDbEntity
  8
LINES
100
AcDbLine
 10
975.45
 20
539.42
 30
0.0
 11
975.02
 21
537.84
 31
0.0
  0
LINE
  5
658
330
17
100
AcDbEntity
  8
LINES
100
AcDbLine
 10
974.01
 20
536.54
 30
0.0
 11
973.29
 21
533.95
 31
0.0
  0
LINE
  5
659
330
17
100
AcDbEntity
  8
LINES
100
AcDbLine
 10
974.87
 20
536.4
 30
0.0
 11
975.45
 21
534.67
 31
0.0
  0
LINE
  5
65A
330
17
100
AcDbEntity
  8
LINES
100
AcDbLine
 10
928.22
 20
541.44
 30
0.0
 11
928.51
 21
539.71
 31
0.0
  0
LINE
  5
65B
330
17
100
AcDbEntity
  8
LINES
100
AcDbLine
 10
927.35
 20
539.14
 30
0.0
 11
929.8
 21
539.71
 31
0.0
  0
LINE
  5
65C
330
17
100
AcDbEntity
  8
LINES
100
AcDbLine
 10
928.36
 20
536.98
 30
0.0
 11
928.65
 21
536.4
 31
0.0
  0
LINE
  5
65D
330
17
100
AcDbEntity
  8
LINES
100
AcDbLine
 10
929.08
 20
538.27
 30
0.0
 11
927.79
 21
537.84
 31
0.0
  0
LINE
  5
65E
330
17
100
AcDbEntity
  8
LINES
100
AcDbLine
 10
927.35
 20
535.39
 30
0.0
 11
929.66
 21
535.97
 31
0.0
  0
LINE
  5
65F
330
17
100
AcDbEntity
  8
LINES
100
AcDbLine
 10
929.8
 20
536.4
 30
0.0
 11
929.51
 21
534.53
 31
0.0
  0
LINE
  5
660
330
17
100
AcDbEntity
  8
LINES
100
AcDbLine
 10
929.23
 20
538.56
 30
0.0
 11
928.65
 21
536.69
 31
0.0
  0
LINE
  5
661
330
17
100
AcDbEntity
  8
LINES
100
AcDbLine
 10
931.24
 20
541.15
 30
0.0
 11
931.24
 21
537.84
 31
0.0
  0
LINE
  5
662
330
17
100
AcDbEntity
  8
LINES
100
AcDbLine
 10
931.24
 20
540.43
 30
0.0
 11
932.83
 21
540.58
 31
0.0
  0
LINE
  5
663
330
17
100
AcDbEntity
  8
LINES
100
AcDbLine
 10
932.83
 20
541.01
 30
0.0
 11
932.68
 21
538.56
 31
0.0
  0
LINE
  5
664
330
17
100
AcDbEntity
  8
LINES
100
AcDbLine
 10
932.83
 20
538.56
 30
0.0
 11
931.24
 21
538.27
 31
0.0
  0
LINE
  5
665
330
17
100
AcDbEntity
  8
LINES
100
AcDbLine
 10
930.38
 20
536.98
 30
0.0
 11
933.55
 21
537.41
 31
0.0
  0
LINE
  5
666
330
17
100
AcDbEntity
  8
LINES
100
AcDbLine
 10
931.53
 20
537.12
 30
0.0
 11
931.24
 21
535.25
 31
0.0
  0
LINE
  5
667
330
17
100
AcDbEntity
  8
LINES
100
AcDbLine
 10
932.83
 20
535.68
 30
0.0
 11
931.1
 21
535.25
 31
0.0
  0
LINE
  5
668
330
17
100
AcDbEntity
  8
LINES
100
AcDbLine
 10
922.03
 20
560.88
 30
0.0
 11
922.03
 21
567.36
 31
0.0
  0
LINE
  5
669
330
17
100
AcDbEntity
  8
LINES
100
AcDbLine
 10
920.01
 20
560.74
 30
0.0
 11
923.9
 21
561.17
 31
0.0
  0
LINE
  5
66A
330
17
100
AcDbEntity
  8
LINES
100
AcDbLine
 10
923.18
 20
564.62
 30
0.0
 11
920.87
 21
564.19
 31
0.0
  0
LINE
  5
66B
330
17
100
AcDbEntity
  8
LINES
100
AcDbLine
 10
920.59
 20
567.07
 30
0.0
 11
923.47
 21
567.5
 31
0.0
  0
LINE
  5
66C
330
17
100
AcDbEntity
  8
LINES
100
AcDbLine
 10
921.74
 20
570.67
 30
0.0
 11
922.17
 21
568.51
 31
0.0
  0
LINE
  5
66D
330
17
100
AcDbEntity
  8
LINES
100
AcDbLine
 10
924.91
 20
570.1
 30
0.0
 11
928.07
 21
570.67
 31
0.0
  0
LINE
  5
66E
330
17
100
AcDbEntity
  8
LINES
100
AcDbLine
 10
926.92
 20
570.38
 30
0.0
 11
926.78
 21
566.35
 31
0.0
  0
LINE
  5
66F
330
17
100
AcDbEntity
  8
LINES
100
AcDbLine
 10
926.06
 20
566.21
 30
0.0
 11
926.06
 21
570.24
 31
0.0
  0
LINE
  5
670
330
17
100
AcDbEntity
  8
LINES
100
AcDbLine
 10
927.64
 20
566.5
 30
0.0
 11
925.34
 21
566.06
 31
0.0
  0
LINE
  5
671
330
17
100
AcDbEntity
  8
LINES
100
AcDbLine
 10
927.79
 20
569.09
 30
0.0
 11
927.64
 21
566.5
 31
0.0
  0
LINE
  5
672
330
17
100
AcDbEntity
  8
LINES
100
AcDbLine
 10
924.62
 20
564.05
 30
0.0
 11
928.51
 21
564.77
 31
0.0
  0
LINE
  5
673
330
17
100
AcDbEntity
  8
LINES
100
AcDbLine
 10
925.63
 20
562.9
 30
0.0
 11
927.93
 21
560.45
 31
0.0
  0
LINE
  5
674
330
17
100
AcDbEntity
  8
LINES
100
AcDbLine
 10
927.21
 20
564.48
 30
0.0
 11
926.49
 21
562.18
 31
0.0
  0
LINE
  5
675
330
17
100
AcDbEntity
  8
LINES
100
AcDbLine
 10
926.35
 20
562.18
 30
0.0
 11
924.76
 21
560.45
 31
0.0
  0
LINE
  5
676
330
17
100
AcDbEntity
  8
LINES
100
AcDbLine
 10
925.34
 20
568.94
 30
0.0
 11
925.34
 21
565.34
 31
0.0
  0
LINE
  5
677
330
17
100
AcDbEntity
  8
LINES
100
AcDbLine
 10
925.34
 20
568.22
 30
0.0
 11
927.64
 21
568.66
 31
0.0
  0
LINE
  5
678
330
17
100
AcDbEntity
  8
LINES
100
AcDbLine
 10
926.49
 20
565.92
 30
0.0
 11
925.63
 21
562.9
 31
0.0
  0
LINE
  5
679
330
17
100
AcDbEntity
  8
LINES
100
AcDbLine
 10
929.23
 20
561.02
 30
0.0
 11
932.97
 21
561.46
 31
0.0
  0
LINE
  5
67A
330
17
100
AcDbEntity
  8
LINES
100
AcDbLine
 10
931.39
 20
561.46
 30
0.0
 11
931.53
 21
570.53
 31
0.0
  0
LINE
  5
67B
330
17
100
AcDbEntity
  8
LINES
100
AcDbLine
 10
930.67
 20
569.81
 30
0.0
 11
930.67
 21
561.31
 31
0.0
  0
LINE
  5
67C
330
17
100
AcDbEntity
  8
LINES
100
AcDbLine
 10
929.66
 20
567.5
 30
0.0
 11
930.23
 21
563.76
 31
0.0
  0
LINE
  5
67D
330
17
100
AcDbEntity
  8
LINES
100
AcDbLine
 10
931.53
 20
563.76
 30
0.0
 11
932.54
 21
567.79
 31
0.0
  0
LINE
  5
67E
330
17
100
AcDbEntity
  8
LINES
100
AcDbLine
 10
935.13
 20
569.38
 30
0.0
 11
936.57
 21
569.66
 31
0.0
  0
LINE
  5
67F
330
17
100
AcDbEntity
  8
LINES
100
AcDbLine
 10
934.55
 20
564.34
 30
0.0
 11
936.57
 21
564.77
 31
0.0
  0
LINE
  5
680
330
17
100
AcDbEntity
  8
LINES
100
AcDbLine
 10
939.31
 20
570.53
 30
0.0
 11
939.31
 21
560.16
 31
0.0
  0
LINE
  5
681
330
17
100
AcDbEntity
  8
LINES
100
AcDbLine
 10
939.31
 20
567.5
 30
0.0
 11
938.15
 21
562.9
 31
0.0
  0
LINE
  5
682
330
17
100
AcDbEntity
  8
LINES
100
AcDbLine
 10
939.31
 20
566.35
 30
0.0
 11
939.88
 21
565.06
 31
0.0
  0
LINE
  5
683
330
17
100
AcDbEntity
  8
LINES
100
AcDbLine
 10
940.03
 20
567.94
 30
0.0
 11
938.44
 21
567.5
 31
0.0
  0
LINE
  5
684
330
17
100
AcDbEntity
  8
LINES
100
AcDbLine
 10
940.31
 20
569.23
 30
0.0
 11
941.9
 21
570.38
 31
0.0
  0
LINE
  5
685
330
17
100
AcDbEntity
  8
LINES
100
AcDbLine
 10
940.6
 20
567.22
 30
0.0
 11
941.75
 21
567.5
 31
0.0
  0
LINE
  5
686
330
17
100
AcDbEntity
  8
LINES
100
AcDbLine
 10
945.5
 20
570.96
 30
0.0
 11
945.5
 21
560.16
 31
0.0
  0
LINE
  5
687
330
17
100
AcDbEntity
  8
LINES
100
AcDbLine
 10
944.06
 20
564.19
 30
0.0
 11
946.79
 21
564.62
 31
0.0
  0
LINE
  5
688
330
17
100
AcDbEntity
  8
LINES
100
AcDbLine
 10
944.63
 20
566.93
 30
0.0
 11
946.51
 21
567.36
 31
0.0
  0
LINE
  5
689
330
17
100
AcDbEntity
  8
LINES
100
AcDbLine
 10
943.48
 20
568.66
 30
0.0
 11
943.48
 21
560.45
 31
0.0
  0
LINE
  5
68A
330
17
100
AcDbEntity
  8
LINES
100
AcDbLine
 10
944.06
 20
570.82
 30
0.0
 11
942.62
 21
565.49
 31
0.0
  0
LINE
  5
68B
330
17
100
AcDbEntity
  8
LINES
100
AcDbLine
 10
948.23
 20
562.75
 30
0.0
 11
950.25
 21
562.9
 31
0.0
  0
LINE
  5
68C
330
17
100
AcDbEntity
  8
LINES
100
AcDbLine
 10
947.37
 20
560.59
 30
0.0
 11
951.11
 21
560.88
 31
0.0
  0
LINE
  5
68D
330
17
100
AcDbEntity
  8
LINES
100
AcDbLine
 10
949.24
 20
564.91
 30
0.0
 11
949.24
 21
560.88
 31
0.0
  0
LINE
  5
68E
330
17
100
AcDbEntity
  8
LINES
100
AcDbLine
 10
947.8
 20
569.38
 30
0.0
 11
949.53
 21
569.81
 31
0.0
  0
LINE
  5
68F
330
17
100
AcDbEntity
  8
LINES
100
AcDbLine
 10
948.95
 20
569.66
 30
0.0
 11
948.95
 21
564.19
 31
0.0
  0
LINE
  5
690
330
17
100
AcDbEntity
  8
LINES
100
AcDbLine
 10
947.23
 20
566.78
 30
0.0
 11
949.67
 21
567.22
 31
0.0
  0
LINE
  5
691
330
17
100
AcDbEntity
  8
LINES
100
AcDbLine
 10
949.96
 20
569.38
 30
0.0
 11
949.96
 21
565.49
 31
0.0
  0
LINE
  5
692
330
17
100
AcDbEntity
  8
LINES
100
AcDbLine
 10
952.99
 20
570.82
 30
0.0
 11
952.99
 21
567.07
 31
0.0
  0
LINE
  5
693
330
17
100
AcDbEntity
  8
LINES
100
AcDbLine
 10
952.99
 20
569.95
 30
0.0
 11
954.71
 21
570.1
 31
0.0
  0
LINE
  5
694
330
17
100
AcDbEntity
  8
LINES
100
AcDbLine
 10
954.71
 20
570.67
 30
0.0
 11
954.57
 21
567.79
 31
0.0
  0
LINE
  5
695
330
17
100
AcDbEntity
  8
LINES
100
AcDbLine
 10
954.71
 20
567.79
 30
0.0
 11
952.99
 21
567.5
 31
0.0
  0
LINE
  5
696
330
17
100
AcDbEntity
  8
LINES
100
AcDbLine
 10
951.83
 20
566.06
 30
0.0
 11
955.58
 21
566.5
 31
0.0
  0
LINE
  5
697
330
17
100
AcDbEntity
  8
LINES
100
AcDbLine
 10
953.27
 20
566.06
 30
0.0
 11
952.99
 21
564.19
 31
0.0
  0
LINE
  5
698
330
17
100
AcDbEntity
  8
LINES
100
AcDbLine
 10
954.71
 20
564.48
 30
0.0
 11
952.84
 21
564.05
 31
0.0
  0
LINE
  5
699
330
17
100
AcDbEntity
  8
LINES
100
AcDbLine
 10
956.3
 20
564.77
 30
0.0
 11
960.33
 21
565.34
 31
0.0
  0
LINE
  5
69A
330
17
100
AcDbEntity
  8
LINES
100
AcDbLine
 10
961.91
 20
569.81
 30
0.0
 11
961.91
 21
566.5
 31
0.0
  0
LINE
  5
69B
330
17
100
AcDbEntity
  8
LINES
100
AcDbLine
 10
963.35
 20
568.66
 30
0.0
 11
964.79
 21
568.94
 31
0.0
  0
LINE
  5
69C
330
17
100
AcDbEntity
  8
LINES
100
AcDbLine
 10
962.2
 20
566.21
 30
0.0
 11
962.2
 21
562.03
 31
0.0
  0
LINE
  5
69D
330
17
100
AcDbEntity
  8
LINES
100
AcDbLine
 10
962.2
 20
565.63
 30
0.0
 11
963.79
 21
565.92
 31
0.0
  0
LINE
  5
69E
330
17
100
AcDbEntity
  8
LINES
100
AcDbLine
 10
963.93
 20
566.21
 30
0.0
 11
963.79
 21
562.03
 31
0.0
  0
LINE
  5
69F
330
17
100
AcDbEntity
  8
LINES
100
AcDbLine
 10
962.49
 20
562.03
 30
0.0
 11
962.92
 21
564.62
 31
0.0
  0
LINE
  5
6A0
330
17
100
AcDbEntity
  8
LINES
100
AcDbLine
 10
962.06
 20
560.88
 30
0.0
 11
960.91
 21
560.16
 31
0.0
  0
LINE
  5
6A1
330
17
100
AcDbEntity
  8
LINES
100
AcDbLine
 10
962.49
 20
566.21
 30
0.0
 11
962.49
 21
570.38
 31
0.0
  0
LINE
  5
6A2
330
17
100
AcDbEntity
  8
LINES
100
AcDbLine
 10
962.49
 20
562.18
 30
0.0
 11
962.06
 21
561.02
 31
0.0
  0
LINE
  5
6A3
330
17
100
AcDbEntity
  8
LINES
100
AcDbLine
 10
963.64
 20
568.8
 30
0.0
 11
964.07
 21
566.93
 31
0.0
  0
LINE
  5
6A4
330
17
100
AcDbEntity
  8
LINES
100
AcDbLine
 10
967.24
 20
570.82
 30
0.0
 11
967.24
 21
566.06
 31
0.0
  0
LINE
  5
6A5
330
17
100
AcDbEntity
  8
LINES
100
AcDbLine
 10
966.38
 20
567.36
 30
0.0
 11
968.39
 21
567.65
 31
0.0
  0
LINE
  5
6A6
330
17
100
AcDbEntity
  8
LINES
100
AcDbLine
 10
966.81
 20
564.48
 30
0.0
 11
966.81
 21
560.45
 31
0.0
  0
LINE
  5
6A7
330
17
100
AcDbEntity
  8
LINES
100
AcDbLine
 10
966.67
 20
560.16
 30
0.0
 11
967.53
 21
562.18
 31
0.0
  0
LINE
  5
6A8
330
17
100
AcDbEntity
  8
LINES
100
AcDbLine
 10
968.54
 20
565.34
 30
0.0
 11
967.82
 21
563.47
 31
0.0
  0
LINE
  5
6A9
330
17
100
AcDbEntity
  8
LINES
100
AcDbLine
 10
969.26
 20
566.21
 30
0.0
 11
965.51
 21
565.63
 31
0.0
  0
LINE
  5
6AA
330
17
100
AcDbEntity
  8
LINES
100
AcDbLine
 10
965.95
 20
568.8
 30
0.0
 11
968.83
 21
569.38
 31
0.0
  0
LINE
  5
6AB
330
17
100
AcDbEntity
  8
LINES
100
AcDbLine
 10
1004.39
 20
565.2
 30
0.0
 11
1004.39
 21
564.91
 31
0.0
  0
LINE
  5
6AC
330
17
100
AcDbEntity
  8
LINES
100
AcDbLine
 10
1004.39
 20
564.91
 30
0.0
 11
1004.39
 21
564.77
 31
0.0
  0
LINE
  5
6AD
330
17
100
AcDbEntity
  8
LINES
100
AcDbLine
 10
1004.39
 20
564.91
 30
0.0
 11
1004.54
 21
564.91
 31
0.0
  0
LINE
  5
6AE
330
17
100
AcDbEntity
  8
LINES
100
AcDbLine
 10
1004.39
 20
562.46
 30
0.0
 11
1004.39
 21
562.18
 31
0.0
  0
LINE
  5
6AF
330
17
100
AcDbEntity
  8
LINES
100
AcDbLine
 10
1004.39
 20
562.18
 30
0.0
 11
1004.39
 21
562.03
 31
0.0
  0
LINE
  5
6B0
330
17
100
AcDbEntity
  8
LINES
100
AcDbLine
 10
1004.39
 20
562.18
 30
0.0
 11
1004.54
 21
562.18
 31
0.0
  0
LINE
  5
6B1
330
17
100
AcDbEntity
  8
LINES
100
AcDbLine
 10
952.55
 20
364.46
 30
0.0
 11
953.56
 21
368.35
 31
0.0
  0
LINE
  5
6B2
330
17
100
AcDbEntity
  8
LINES
100
AcDbLine
 10
954.28
 20
368.78
 30
0.0
 11
952.7
 21
368.35
 31
0.0
  0
LINE
  5
6B3
330
17
100
AcDbEntity
  8
LINES
100
AcDbLine
 10
954.14
 20
366.34
 30
0.0
 11
953.56
 21
367.78
 31
0.0
  0
LINE
  5
6B4
330
17
100
AcDbEntity
  8
LINES
100
AcDbLine
 10
953.56
 20
362.59
 30
0.0
 11
953.56
 21
371.38
 31
0.0
  0
LINE
  5
6B5
330
17
100
AcDbEntity
  8
LINES
100
AcDbLine
 10
955.29
 20
370.08
 30
0.0
 11
954.57
 21
369.94
 31
0.0
  0
LINE
  5
6B6
330
17
100
AcDbEntity
  8
LINES
100
AcDbLine
 10
959.61
 20
367.92
 30
0.0
 11
958.46
 21
367.78
 31
0.0
  0
LINE
  5
6B7
330
17
100
AcDbEntity
  8
LINES
100
AcDbLine
 10
959.61
 20
365.47
 30
0.0
 11
959.61
 21
368.21
 31
0.0
  0
LINE
  5
6B8
330
17
100
AcDbEntity
  8
LINES
100
AcDbLine
 10
958.46
 20
365.33
 30
0.0
 11
959.61
 21
365.47
 31
0.0
  0
LINE
  5
6B9
330
17
100
AcDbEntity
  8
LINES
100
AcDbLine
 10
958.31
 20
362.74
 30
0.0
 11
960.04
 21
363.02
 31
0.0
  0
LINE
  5
6BA
330
17
100
AcDbEntity
  8
LINES
100
AcDbLine
 10
958.46
 20
370.8
 30
0.0
 11
958.46
 21
362.74
 31
0.0
  0
LINE
  5
6BB
330
17
100
AcDbEntity
  8
LINES
100
AcDbLine
 10
959.9
 20
370.22
 30
0.0
 11
958.46
 21
369.79
 31
0.0
  0
LINE
  5
6BC
330
17
100
AcDbEntity
  8
LINES
100
AcDbLine
 10
957.59
 20
368.06
 30
0.0
 11
958.03
 21
366.77
 31
0.0
  0
LINE
  5
6BD
330
17
100
AcDbEntity
  8
LINES
100
AcDbLine
 10
958.03
 20
369.07
 30
0.0
 11
956.73
 21
368.64
 31
0.0
  0
LINE
  5
6BE
330
17
100
AcDbEntity
  8
LINES
100
AcDbLine
 10
956.59
 20
364.9
 30
0.0
 11
957.59
 21
368.78
 31
0.0
  0
LINE
  5
6BF
330
17
100
AcDbEntity
  8
LINES
100
AcDbLine
 10
957.59
 20
371.52
 30
0.0
 11
957.59
 21
362.16
 31
0.0
  0
LINE
  5
6C0
330
17
100
AcDbEntity
  8
LINES
100
AcDbLine
 10
963.35
 20
368.35
 30
0.0
 11
962.49
 21
368.06
 31
0.0
  0
LINE
  5
6C1
330
17
100
AcDbEntity
  8
LINES
100
AcDbLine
 10
962.63
 20
368.21
 30
0.0
 11
963.35
 21
371.09
 31
0.0
  0
LINE
  5
6C2
330
17
100
AcDbEntity
  8
LINES
100
AcDbLine
 10
963.35
 20
370.94
 30
0.0
 11
961.19
 21
370.37
 31
0.0
  0
LINE
  5
6C3
330
17
100
AcDbEntity
  8
LINES
100
AcDbLine
 10
961.05
 20
364.46
 30
0.0
 11
960.47
 21
362.88
 31
0.0
  0
LINE
  5
6C4
330
17
100
AcDbEntity
  8
LINES
100
AcDbLine
 10
964.79
 20
370.8
 30
0.0
 11
965.51
 21
370.94
 31
0.0
  0
LINE
  5
6C5
330
17
100
AcDbEntity
  8
LINES
100
AcDbLine
 10
964.79
 20
371.52
 30
0.0
 11
964.79
 21
362.74
 31
0.0
  0
LINE
  5
6C6
330
17
100
AcDbEntity
  8
LINES
100
AcDbLine
 10
965.51
 20
371.09
 30
0.0
 11
965.23
 21
368.78
 31
0.0
  0
LINE
  5
6C7
330
17
100
AcDbEntity
  8
LINES
100
AcDbLine
 10
965.95
 20
369.36
 30
0.0
 11
965.95
 21
362.45
 31
0.0
  0
LINE
  5
6C8
330
17
100
AcDbEntity
  8
LINES
100
AcDbLine
 10
966.52
 20
368.21
 30
0.0
 11
967.82
 21
368.64
 31
0.0
  0
LINE
  5
6C9
330
17
100
AcDbEntity
  8
LINES
100
AcDbLine
 10
966.52
 20
367.49
 30
0.0
 11
966.95
 21
366.19
 31
0.0
  0
LINE
  5
6CA
330
17
100
AcDbEntity
  8
LINES
100
AcDbLine
 10
970.84
 20
371.52
 30
0.0
 11
970.84
 21
362.02
 31
0.0
  0
LINE
  5
6CB
330
17
100
AcDbEntity
  8
LINES
100
AcDbLine
 10
969.55
 20
365.62
 30
0.0
 11
971.99
 21
366.05
 31
0.0
  0
LINE
  5
6CC
330
17
100
AcDbEntity
  8
LINES
100
AcDbLine
 10
970.12
 20
368.06
 30
0.0
 11
971.71
 21
368.35
 31
0.0
  0
LINE
  5
6CD
330
17
100
AcDbEntity
  8
LINES
100
AcDbLine
 10
969.11
 20
369.5
 30
0.0
 11
969.11
 21
362.3
 31
0.0
  0
LINE
  5
6CE
330
17
100
AcDbEntity
  8
LINES
100
AcDbLine
 10
969.69
 20
371.52
 30
0.0
 11
968.39
 21
366.77
 31
0.0
  0
LINE
  5
6CF
330
17
100
AcDbEntity
  8
LINES
100
AcDbLine
 10
1136.01
 20
369.07
 30
0.0
 11
1136.3
 21
371.38
 31
0.0
  0
LINE
  5
6D0
330
17
100
AcDbEntity
  8
LINES
100
AcDbLine
 10
1137.45
 20
369.22
 30
0.0
 11
1135.15
 21
368.93
 31
0.0
  0
LINE
  5
6D1
330
17
100
AcDbEntity
  8
LINES
100
AcDbLine
 10
1136.44
 20
367.78
 30
0.0
 11
1135.87
 21
367.63
 31
0.0
  0
LINE
  5
6D2
330
17
100
AcDbEntity
  8
LINES
100
AcDbLine
 10
1135.87
 20
366.19
 30
0.0
 11
1136.44
 21
366.34
 31
0.0
  0
LINE
  5
6D3
330
17
100
AcDbEntity
  8
LINES
100
AcDbLine
 10
1136.73
 20
369.07
 30
0.0
 11
1136.59
 21
364.46
 31
0.0
  0
LINE
  5
6D4
330
17
100
AcDbEntity
  8
LINES
100
AcDbLine
 10
1135.87
 20
368.93
 30
0.0
 11
1135.87
 21
364.32
 31
0.0
  0
LINE
  5
6D5
330
17
100
AcDbEntity
  8
LINES
100
AcDbLine
 10
1137.31
 20
363.46
 30
0.0
 11
1137.45
 21
369.79
 31
0.0
  0
LINE
  5
6D6
330
17
100
AcDbEntity
  8
LINES
100
AcDbLine
 10
1135.15
 20
364.03
 30
0.0
 11
1137.31
 21
364.46
 31
0.0
  0
LINE
  5
6D7
330
17
100
AcDbEntity
  8
LINES
100
AcDbLine
 10
1135.15
 20
369.65
 30
0.0
 11
1135.15
 21
363.31
 31
0.0
  0
LINE
  5
6D8
330
17
100
AcDbEntity
  8
LINES
100
AcDbLine
 10
1137.88
 20
371.52
 30
0.0
 11
1134.71
 21
371.09
 31
0.0
  0
LINE
  5
6D9
330
17
100
AcDbEntity
  8
LINES
100
AcDbLine
 10
1023.98
 20
362.88
 30
0.0
 11
1023.98
 21
369.36
 31
0.0
  0
LINE
  5
6DA
330
17
100
AcDbEntity
  8
LINES
100
AcDbLine
 10
1032.47
 20
362.88
 30
0.0
 11
1032.47
 21
369.36
 31
0.0
  0
LINE
  5
6DB
330
17
100
AcDbEntity
  8
LINES
100
AcDbLine
 10
1042.41
 20
372.67
 30
0.0
 11
1042.41
 21
367.06
 31
0.0
  0
LINE
  5
6DC
330
17
100
AcDbEntity
  8
LINES
100
AcDbLine
 10
1040.97
 20
371.38
 30
0.0
 11
1043.85
 21
368.5
 31
0.0
  0
LINE
  5
6DD
330
17
100
AcDbEntity
  8
LINES
100
AcDbLine
 10
1043.85
 20
371.38
 30
0.0
 11
1040.97
 21
368.5
 31
0.0
  0
LINE
  5
6DE
330
17
100
AcDbEntity
  8
LINES
100
AcDbLine
 10
1062.57
 20
362.88
 30
0.0
 11
1062.57
 21
369.36
 31
0.0
  0
LINE
  5
6DF
330
17
100
AcDbEntity
  8
LINES
100
AcDbLine
 10
1071.07
 20
362.88
 30
0.0
 11
1071.07
 21
369.36
 31
0.0
  0
LINE
  5
6E0
330
17
100
AcDbEntity
  8
LINES
100
AcDbLine
 10
1081.0
 20
372.67
 30
0.0
 11
1081.0
 21
367.06
 31
0.0
  0
LINE
  5
6E1
330
17
100
AcDbEntity
  8
LINES
100
AcDbLine
 10
1079.56
 20
371.38
 30
0.0
 11
1082.44
 21
368.5
 31
0.0
  0
LINE
  5
6E2
330
17
100
AcDbEntity
  8
LINES
100
AcDbLine
 10
1082.44
 20
371.38
 30
0.0
 11
1079.56
 21
368.5
 31
0.0
  0
LINE
  5
6E3
330
17
100
AcDbEntity
  8
LINES
100
AcDbLine
 10
1105.63
 20
362.88
 30
0.0
 11
1105.63
 21
369.36
 31
0.0
  0
LINE
  5
6E4
330
17
100
AcDbEntity
  8
LINES
100
AcDbLine
 10
1114.12
 20
362.88
 30
0.0
 11
1114.12
 21
369.36
 31
0.0
  0
LINE
  5
6E5
330
17
100
AcDbEntity
  8
LINES
100
AcDbLine
 10
914.54
 20
506.74
 30
0.0
 11
1173.16
 21
506.74
 31
0.0
  0
LINE
  5
6E6
330
17
100
AcDbEntity
  8
LINES
100
AcDbLine
 10
914.54
 20
444.38
 30
0.0
 11
1173.16
 21
444.38
 31
0.0
  0
LINE
  5
6E7
330
17
100
AcDbEntity
  8
LINES
100
AcDbLine
 10
914.54
 20
422.78
 30
0.0
 11
1173.16
 21
422.78
 31
0.0
  0
LINE
  5
6E8
330
17
100
AcDbEntity
  8
LINES
100
AcDbLine
 10
952.84
 20
519.7
 30
0.0
 11
952.84
 21
514.94
 31
0.0
  0
LINE
  5
6E9
330
17
100
AcDbEntity
  8
LINES
100
AcDbLine
 10
951.98
 20
516.82
 30
0.0
 11
953.71
 21
517.25
 31
0.0
  0
LINE
  5
6EA
330
17
100
AcDbEntity
  8
LINES
100
AcDbLine
 10
953.42
 20
519.12
 30
0.0
 11
953.13
 21
517.1
 31
0.0
  0
LINE
  5
6EB
330
17
100
AcDbEntity
  8
LINES
100
AcDbLine
 10
952.12
 20
518.83
 30
0.0
 11
952.41
 21
517.39
 31
0.0
  0
LINE
  5
6EC
330
17
100
AcDbEntity
  8
LINES
100
AcDbLine
 10
952.84
 20
516.96
 30
0.0
 11
951.69
 21
514.08
 31
0.0
  0
LINE
  5
6ED
330
17
100
AcDbEntity
  8
LINES
100
AcDbLine
 10
952.84
 20
516.67
 30
0.0
 11
953.42
 21
515.38
 31
0.0
  0
LINE
  5
6EE
330
17
100
AcDbEntity
  8
LINES
100
AcDbLine
 10
951.98
 20
513.5
 30
0.0
 11
953.27
 21
513.94
 31
0.0
  0
LINE
  5
6EF
330
17
100
AcDbEntity
  8
LINES
100
AcDbLine
 10
953.85
 20
516.53
 30
0.0
 11
955.0
 21
516.82
 31
0.0
  0
LINE
  5
6F0
330
17
100
AcDbEntity
  8
LINES
100
AcDbLine
 10
958.75
 20
513.65
 30
0.0
 11
957.74
 21
513.22
 31
0.0
  0
LINE
  5
6F1
330
17
100
AcDbEntity
  8
LINES
100
AcDbLine
 10
958.17
 20
516.96
 30
0.0
 11
958.17
 21
513.36
 31
0.0
  0
LINE
  5
6F2
330
17
100
AcDbEntity
  8
LINES
100
AcDbLine
 10
958.6
 20
518.83
 30
0.0
 11
957.45
 21
518.4
 31
0.0
  0
LINE
  5
6F3
330
17
100
AcDbEntity
  8
LINES
100
AcDbLine
 10
958.6
 20
517.1
 30
0.0
 11
958.6
 21
519.12
 31
0.0
  0
LINE
  5
6F4
330
17
100
AcDbEntity
  8
LINES
100
AcDbLine
 10
958.75
 20
517.1
 30
0.0
 11
957.45
 21
516.67
 31
0.0
  0
LINE
  5
6F5
330
17
100
AcDbEntity
  8
LINES
100
AcDbLine
 10
957.45
 20
514.94
 30
0.0
 11
959.03
 21
515.38
 31
0.0
  0
LINE
  5
6F6
330
17
100
AcDbEntity
  8
LINES
100
AcDbLine
 10
958.75
 20
511.49
 30
0.0
 11
958.75
 21
513.79
 31
0.0
  0
LINE
  5
6F7
330
17
100
AcDbEntity
  8
LINES
100
AcDbLine
 10
957.74
 20
511.34
 30
0.0
 11
958.89
 21
511.49
 31
0.0
  0
LINE
  5
6F8
330
17
100
AcDbEntity
  8
LINES
100
AcDbLine
 10
957.74
 20
513.65
 30
0.0
 11
957.74
 21
510.62
 31
0.0
  0
LINE
  5
6F9
330
17
100
AcDbEntity
  8
LINES
100
AcDbLine
 10
957.31
 20
515.81
 30
0.0
 11
956.01
 21
514.22
 31
0.0
  0
LINE
  5
6FA
330
17
100
AcDbEntity
  8
LINES
100
AcDbLine
 10
956.15
 20
516.67
 30
0.0
 11
957.31
 21
517.25
 31
0.0
  0
LINE
  5
6FB
330
17
100
AcDbEntity
  8
LINES
100
AcDbLine
 10
962.06
 20
517.39
 30
0.0
 11
962.06
 21
512.78
 31
0.0
  0
LINE
  5
6FC
330
17
100
AcDbEntity
  8
LINES
100
AcDbLine
 10
961.63
 20
514.51
 30
0.0
 11
962.49
 21
514.66
 31
0.0
  0
LINE
  5
6FD
330
17
100
AcDbEntity
  8
LINES
100
AcDbLine
 10
961.63
 20
515.81
 30
0.0
 11
962.35
 21
516.1
 31
0.0
  0
LINE
  5
6FE
330
17
100
AcDbEntity
  8
LINES
100
AcDbLine
 10
961.77
 20
518.4
 30
0.0
 11
962.2
 21
517.54
 31
0.0
  0
LINE
  5
6FF
330
17
100
AcDbEntity
  8
LINES
100
AcDbLine
 10
961.34
 20
517.25
 30
0.0
 11
962.78
 21
517.68
 31
0.0
  0
LINE
  5
700
330
17
100
AcDbEntity
  8
LINES
100
AcDbLine
 10
961.34
 20
517.68
 30
0.0
 11
961.34
 21
512.93
 31
0.0
  0
LINE
  5
701
330
17
100
AcDbEntity
  8
LINES
100
AcDbLine
 10
959.75
 20
515.81
 30
0.0
 11
960.91
 21
516.24
 31
0.0
  0
LINE
  5
702
330
17
100
AcDbEntity
  8
LINES
100
AcDbLine
 10
960.33
 20
519.12
 30
0.0
 11
960.76
 21
517.68
 31
0.0
  0
LINE
  5
703
330
17
100
AcDbEntity
  8
LINES
100
AcDbLine
 10
962.63
 20
519.84
 30
0.0
 11
961.91
 21
517.97
 31
0.0
  0
LINE
  5
704
330
17
100
AcDbEntity
  8
LINES
100
AcDbLine
 10
961.34
 20
519.12
 30
0.0
 11
962.49
 21
519.41
 31
0.0
  0
LINE
  5
705
330
17
100
AcDbEntity
  8
LINES
100
AcDbLine
 10
962.92
 20
511.06
 30
0.0
 11
963.21
 21
511.34
 31
0.0
  0
LINE
  5
706
330
17
100
AcDbEntity
  8
LINES
100
AcDbLine
 10
965.23
 20
511.34
 30
0.0
 11
966.52
 21
511.63
 31
0.0
  0
LINE
  5
707
330
17
100
AcDbEntity
  8
LINES
100
AcDbLine
 10
966.52
 20
514.08
 30
0.0
 11
966.38
 21
511.63
 31
0.0
  0
LINE
  5
708
330
17
100
AcDbEntity
  8
LINES
100
AcDbLine
 10
965.23
 20
513.94
 30
0.0
 11
965.23
 21
510.77
 31
0.0
  0
LINE
  5
709
330
17
100
AcDbEntity
  8
LINES
100
AcDbLine
 10
964.65
 20
517.54
 30
0.0
 11
967.1
 21
517.97
 31
0.0
  0
LINE
  5
70A
330
17
100
AcDbEntity
  8
LINES
100
AcDbLine
 10
965.66
 20
519.98
 30
0.0
 11
966.23
 21
518.26
 31
0.0
  0
LINE
  5
70B
330
17
100
AcDbEntity
  8
LINES
100
AcDbLine
 10
964.79
 20
519.98
 30
0.0
 11
963.5
 21
515.23
 31
0.0
  0
LINE
  5
70C
330
17
100
AcDbEntity
  8
LINES
100
AcDbLine
 10
964.36
 20
517.97
 30
0.0
 11
964.36
 21
510.77
 31
0.0
  0
LINE
  5
70D
330
17
100
AcDbEntity
  8
LINES
100
AcDbLine
 10
965.23
 20
516.24
 30
0.0
 11
966.67
 21
516.53
 31
0.0
  0
LINE
  5
70E
330
17
100
AcDbEntity
  8
LINES
100
AcDbLine
 10
966.67
 20
515.09
 30
0.0
 11
965.08
 21
514.8
 31
0.0
  0
LINE
  5
70F
330
17
100
AcDbEntity
  8
LINES
100
AcDbLine
 10
965.23
 20
513.5
 30
0.0
 11
966.52
 21
513.79
 31
0.0
  0
LINE
  5
710
330
17
100
AcDbEntity
  8
LINES
100
AcDbLine
 10
968.11
 20
519.55
 30
0.0
 11
968.11
 21
511.34
 31
0.0
  0
LINE
  5
711
330
17
100
AcDbEntity
  8
LINES
100
AcDbLine
 10
968.11
 20
518.83
 30
0.0
 11
970.7
 21
519.26
 31
0.0
  0
LINE
  5
712
330
17
100
AcDbEntity
  8
LINES
100
AcDbLine
 10
969.11
 20
517.82
 30
0.0
 11
968.39
 21
513.5
 31
0.0
  0
LINE
  5
713
330
17
100
AcDbEntity
  8
LINES
100
AcDbLine
 10
968.54
 20
517.25
 30
0.0
 11
969.26
 21
514.66
 31
0.0
  0
LINE
  5
714
330
17
100
AcDbEntity
  8
LINES
100
AcDbLine
 10
970.12
 20
518.11
 30
0.0
 11
969.11
 21
513.22
 31
0.0
  0
LINE
  5
715
330
17
100
AcDbEntity
  8
LINES
100
AcDbLine
 10
969.55
 20
517.25
 30
0.0
 11
970.27
 21
513.94
 31
0.0
  0
LINE
  5
716
330
17
100
AcDbEntity
  8
LINES
100
AcDbLine
 10
972.43
 20
516.24
 30
0.0
 11
971.56
 21
516.1
 31
0.0
  0
LINE
  5
717
330
17
100
AcDbEntity
  8
LINES
100
AcDbLine
 10
972.43
 20
512.35
 30
0.0
 11
972.43
 21
516.67
 31
0.0
  0
LINE
  5
718
330
17
100
AcDbEntity
  8
LINES
100
AcDbLine
 10
973.0
 20
513.65
 30
0.0
 11
972.14
 21
511.49
 31
0.0
  0
LINE
  5
719
330
17
100
AcDbEntity
  8
LINES
100
AcDbLine
 10
972.14
 20
519.12
 30
0.0
 11
972.57
 21
517.68
 31
0.0
  0
LINE
  5
71A
330
17
100
AcDbEntity
  8
LINES
100
AcDbLine
 10
973.15
 20
515.23
 30
0.0
 11
974.44
 21
515.38
 31
0.0
  0
LINE
  5
71B
330
17
100
AcDbEntity
  8
LINES
100
AcDbLine
 10
974.59
 20
515.81
 30
0.0
 11
974.01
 21
513.36
 31
0.0
  0
LINE
  5
71C
330
17
100
AcDbEntity
  8
LINES
100
AcDbLine
 10
973.43
 20
519.41
 30
0.0
 11
973.43
 21
517.68
 31
0.0
  0
LINE
  5
71D
330
17
100
AcDbEntity
  8
LINES
100
AcDbLine
 10
973.43
 20
518.98
 30
0.0
 11
974.15
 21
519.12
 31
0.0
  0
LINE
  5
71E
330
17
100
AcDbEntity
  8
LINES
100
AcDbLine
 10
977.03
 20
519.7
 30
0.0
 11
976.46
 21
517.97
 31
0.0
  0
LINE
  5
71F
330
17
100
AcDbEntity
  8
LINES
100
AcDbLine
 10
977.32
 20
514.66
 30
0.0
 11
977.32
 21
511.63
 31
0.0
  0
LINE
  5
720
330
17
100
AcDbEntity
  8
LINES
100
AcDbLine
 10
976.75
 20
512.93
 30
0.0
 11
977.9
 21
513.22
 31
0.0
  0
LINE
  5
721
330
17
100
AcDbEntity
  8
LINES
100
AcDbLine
 10
978.19
 20
511.63
 30
0.0
 11
976.6
 21
511.34
 31
0.0
  0
LINE
  5
722
330
17
100
AcDbEntity
  8
LINES
100
AcDbLine
 10
978.33
 20
515.09
 30
0.0
 11
978.19
 21
510.91
 31
0.0
  0
LINE
  5
723
330
17
100
AcDbEntity
  8
LINES
100
AcDbLine
 10
976.6
 20
514.51
 30
0.0
 11
978.19
 21
514.8
 31
0.0
  0
LINE
  5
724
330
17
100
AcDbEntity
  8
LINES
100
AcDbLine
 10
976.6
 20
514.94
 30
0.0
 11
976.6
 21
510.91
 31
0.0
  0
LINE
  5
725
330
17
100
AcDbEntity
  8
LINES
100
AcDbLine
 10
976.6
 20
518.4
 30
0.0
 11
978.19
 21
518.69
 31
0.0
  0
LINE
  5
726
330
17
100
AcDbEntity
  8
LINES
100
AcDbLine
 10
976.46
 20
517.97
 30
0.0
 11
975.88
 21
516.24
 31
0.0
  0
LINE
  5
727
330
17
100
AcDbEntity
  8
LINES
100
AcDbLine
 10
914.54
 20
467.28
 30
0.0
 11
1173.16
 21
467.28
 31
0.0
  0
LINE
  5
728
330
17
100
AcDbEntity
  8
LINES
100
AcDbLine
 10
956.15
 20
499.39
 30
0.0
 11
956.15
 21
496.37
 31
0.0
  0
LINE
  5
729
330
17
100
AcDbEntity
  8
LINES
100
AcDbLine
 10
956.15
 20
498.67
 30
0.0
 11
957.02
 21
498.82
 31
0.0
  0
LINE
  5
72A
330
17
100
AcDbEntity
  8
LINES
100
AcDbLine
 10
957.02
 20
499.25
 30
0.0
 11
956.87
 21
497.23
 31
0.0
  0
LINE
  5
72B
330
17
100
AcDbEntity
  8
LINES
100
AcDbLine
 10
957.02
 20
497.23
 30
0.0
 11
956.15
 21
497.09
 31
0.0
  0
LINE
  5
72C
330
17
100
AcDbEntity
  8
LINES
100
AcDbLine
 10
956.59
 20
495.07
 30
0.0
 11
957.31
 21
495.22
 31
0.0
  0
LINE
  5
72D
330
17
100
AcDbEntity
  8
LINES
100
AcDbLine
 10
955.72
 20
491.9
 30
0.0
 11
957.31
 21
493.06
 31
0.0
  0
LINE
  5
72E
330
17
100
AcDbEntity
  8
LINES
100
AcDbLine
 10
956.59
 20
497.09
 30
0.0
 11
956.59
 21
492.62
 31
0.0
  0
LINE
  5
72F
330
17
100
AcDbEntity
  8
LINES
100
AcDbLine
 10
956.01
 20
492.05
 30
0.0
 11
956.01
 21
495.5
 31
0.0
  0
LINE
  5
730
330
17
100
AcDbEntity
  8
LINES
100
AcDbLine
 10
958.03
 20
499.68
 30
0.0
 11
957.31
 21
496.22
 31
0.0
  0
LINE
  5
731
330
17
100
AcDbEntity
  8
LINES
100
AcDbLine
 10
957.74
 20
498.1
 30
0.0
 11
958.75
 21
498.38
 31
0.0
  0
LINE
  5
732
330
17
100
AcDbEntity
  8
LINES
100
AcDbLine
 10
958.17
 20
496.37
 30
0.0
 11
957.02
 21
494.06
 31
0.0
  0
LINE
  5
733
330
17
100
AcDbEntity
  8
LINES
100
AcDbLine
 10
957.59
 20
494.21
 30
0.0
 11
957.59
 21
490.9
 31
0.0
  0
LINE
  5
734
330
17
100
AcDbEntity
  8
LINES
100
AcDbLine
 10
957.59
 20
493.78
 30
0.0
 11
958.75
 21
494.06
 31
0.0
  0
LINE
  5
735
330
17
100
AcDbEntity
  8
LINES
100
AcDbLine
 10
958.75
 20
494.21
 30
0.0
 11
958.6
 21
491.62
 31
0.0
  0
LINE
  5
736
330
17
100
AcDbEntity
  8
LINES
100
AcDbLine
 10
958.75
 20
491.62
 30
0.0
 11
957.59
 21
491.47
 31
0.0
  0
LINE
  5
737
330
17
100
AcDbEntity
  8
LINES
100
AcDbLine
 10
958.75
 20
498.53
 30
0.0
 11
958.17
 21
496.22
 31
0.0
  0
LINE
  5
738
330
17
100
AcDbEntity
  8
LINES
100
AcDbLine
 10
961.48
 20
499.97
 30
0.0
 11
961.34
 21
491.9
 31
0.0
  0
LINE
  5
739
330
17
100
AcDbEntity
  8
LINES
100
AcDbLine
 10
960.62
 20
494.5
 30
0.0
 11
962.2
 21
494.64
 31
0.0
  0
LINE
  5
73A
330
17
100
AcDbEntity
  8
LINES
100
AcDbLine
 10
962.49
 20
491.9
 30
0.0
 11
960.19
 21
491.62
 31
0.0
  0
LINE
  5
73B
330
17
100
AcDbEntity
  8
LINES
100
AcDbLine
 10
962.78
 20
497.23
 30
0.0
 11
962.49
 21
490.9
 31
0.0
  0
LINE
  5
73C
330
17
100
AcDbEntity
  8
LINES
100
AcDbLine
 10
960.19
 20
496.66
 30
0.0
 11
962.78
 21
497.09
 31
0.0
  0
LINE
  5
73D
330
17
100
AcDbEntity
  8
LINES
100
AcDbLine
 10
960.19
 20
497.38
 30
0.0
 11
960.19
 21
491.04
 31
0.0
  0
LINE
  5
73E
330
17
100
AcDbEntity
  8
LINES
100
AcDbLine
 10
965.66
 20
491.62
 30
0.0
 11
966.67
 21
491.76
 31
0.0
  0
LINE
  5
73F
330
17
100
AcDbEntity
  8
LINES
100
AcDbLine
 10
966.52
 20
493.78
 30
0.0
 11
966.52
 21
491.76
 31
0.0
  0
LINE
  5
740
330
17
100
AcDbEntity
  8
LINES
100
AcDbLine
 10
966.52
 20
493.78
 30
0.0
 11
965.66
 21
493.63
 31
0.0
  0
LINE
  5
741
330
17
100
AcDbEntity
  8
LINES
100
AcDbLine
 10
965.66
 20
491.04
 30
0.0
 11
965.66
 21
494.35
 31
0.0
  0
LINE
  5
742
330
17
100
AcDbEntity
  8
LINES
100
AcDbLine
 10
964.36
 20
491.62
 30
0.0
 11
965.23
 21
491.9
 31
0.0
  0
LINE
  5
743
330
17
100
AcDbEntity
  8
LINES
100
AcDbLine
 10
965.23
 20
494.21
 30
0.0
 11
965.08
 21
491.9
 31
0.0
  0
LINE
  5
744
330
17
100
AcDbEntity
  8
LINES
100
AcDbLine
 10
964.36
 20
493.78
 30
0.0
 11
965.08
 21
493.92
 31
0.0
  0
LINE
  5
745
330
17
100
AcDbEntity
  8
LINES
100
AcDbLine
 10
964.36
 20
493.92
 30
0.0
 11
964.36
 21
490.9
 31
0.0
  0
LINE
  5
746
330
17
100
AcDbEntity
  8
LINES
100
AcDbLine
 10
964.07
 20
495.5
 30
0.0
 11
967.1
 21
495.94
 31
0.0
  0
LINE
  5
747
330
17
100
AcDbEntity
  8
LINES
100
AcDbLine
 10
965.23
 20
497.66
 30
0.0
 11
964.51
 21
497.38
 31
0.0
  0
LINE
  5
748
330
17
100
AcDbEntity
  8
LINES
100
AcDbLine
 10
965.8
 20
497.66
 30
0.0
 11
966.67
 21
497.81
 31
0.0
  0
LINE
  5
749
330
17
100
AcDbEntity
  8
LINES
100
AcDbLine
 10
966.67
 20
499.82
 30
0.0
 11
966.52
 21
497.81
 31
0.0
  0
LINE
  5
74A
330
17
100
AcDbEntity
  8
LINES
100
AcDbLine
 10
965.8
 20
499.39
 30
0.0
 11
966.52
 21
499.54
 31
0.0
  0
LINE
  5
74B
330
17
100
AcDbEntity
  8
LINES
100
AcDbLine
 10
965.8
 20
496.94
 30
0.0
 11
965.8
 21
499.97
 31
0.0
  0
LINE
  5
74C
330
17
100
AcDbEntity
  8
LINES
100
AcDbLine
 10
965.23
 20
499.54
 30
0.0
 11
965.23
 21
497.52
 31
0.0
  0
LINE
  5
74D
330
17
100
AcDbEntity
  8
LINES
100
AcDbLine
 10
964.51
 20
499.25
 30
0.0
 11
965.23
 21
499.39
 31
0.0
  0
LINE
  5
74E
330
17
100
AcDbEntity
  8
LINES
100
AcDbLine
 10
964.51
 20
499.82
 30
0.0
 11
964.51
 21
496.66
 31
0.0
  0
LINE
  5
74F
330
17
100
AcDbEntity
  8
LINES
100
AcDbLine
 10
966.52
 20
497.38
 30
0.0
 11
966.95
 21
496.37
 31
0.0
  0
LINE
  5
750
330
17
100
AcDbEntity
  8
LINES
100
AcDbLine
 10
1135.58
 20
501.7
 30
0.0
 11
1133.99
 21
497.09
 31
0.0
  0
LINE
  5
751
330
17
100
AcDbEntity
  8
LINES
100
AcDbLine
 10
1133.99
 20
496.94
 30
0.0
 11
1136.44
 21
497.52
 31
0.0
  0
LINE
  5
752
330
17
100
AcDbEntity
  8
LINES
100
AcDbLine
 10
1136.15
 20
492.77
 30
0.0
 11
1134.43
 21
492.62
 31
0.0
  0
LINE
  5
753
330
17
100
AcDbEntity
  8
LINES
100
AcDbLine
 10
1136.3
 20
496.08
 30
0.0
 11
1136.15
 21
492.77
 31
0.0
  0
LINE
  5
754
330
17
100
AcDbEntity
  8
LINES
100
AcDbLine
 10
1134.43
 20
495.5
 30
0.0
 11
1136.15
 21
495.79
 31
0.0
  0
LINE
  5
755
330
17
100
AcDbEntity
  8
LINES
100
AcDbLine
 10
1135.72
 20
499.39
 30
0.0
 11
1136.87
 21
496.37
 31
0.0
  0
LINE
  5
756
330
17
100
AcDbEntity
  8
LINES
100
AcDbLine
 10
1134.43
 20
496.22
 30
0.0
 11
1134.43
 21
492.19
 31
0.0
  0
LINE
  5
757
330
17
100
AcDbEntity
  8
LINES
100
AcDbLine
 10
914.54
 20
378.29
 30
0.0
 11
1173.16
 21
378.29
 31
0.0
  0
LINE
  5
758
330
17
100
AcDbEntity
  8
LINES
100
AcDbLine
 10
959.61
 20
455.47
 30
0.0
 11
959.61
 21
451.44
 31
0.0
  0
LINE
  5
759
330
17
100
AcDbEntity
  8
LINES
100
AcDbLine
 10
961.05
 20
451.73
 30
0.0
 11
958.17
 21
451.15
 31
0.0
  0
LINE
  5
75A
330
17
100
AcDbEntity
  8
LINES
100
AcDbLine
 10
961.19
 20
446.4
 30
0.0
 11
961.05
 21
448.56
 31
0.0
  0
LINE
  5
75B
330
17
100
AcDbEntity
  8
LINES
100
AcDbLine
 10
959.03
 20
452.45
 30
0.0
 11
958.75
 21
454.03
 31
0.0
  0
LINE
  5
75C
330
17
100
AcDbEntity
  8
LINES
100
AcDbLine
 10
960.04
 20
451.87
 30
0.0
 11
960.62
 21
454.18
 31
0.0
  0
LINE
  5
75D
330
17
100
AcDbEntity
  8
LINES
100
AcDbLine
 10
963.07
 20
453.02
 30
0.0
 11
961.91
 21
452.59
 31
0.0
  0
LINE
  5
75E
330
17
100
AcDbEntity
  8
LINES
100
AcDbLine
 10
961.91
 20
449.71
 30
0.0
 11
963.07
 21
451.44
 31
0.0
  0
LINE
  5
75F
330
17
100
AcDbEntity
  8
LINES
100
AcDbLine
 10
963.79
 20
455.47
 30
0.0
 11
964.36
 21
454.03
 31
0.0
  0
LINE
  5
760
330
17
100
AcDbEntity
  8
LINES
100
AcDbLine
 10
963.35
 20
453.31
 30
0.0
 11
965.08
 21
454.03
 31
0.0
  0
LINE
  5
761
330
17
100
AcDbEntity
  8
LINES
100
AcDbLine
 10
965.23
 20
451.73
 30
0.0
 11
963.21
 21
451.15
 31
0.0
  0
LINE
  5
762
330
17
100
AcDbEntity
  8
LINES
100
AcDbLine
 10
963.07
 20
449.42
 30
0.0
 11
965.37
 21
450.0
 31
0.0
  0
LINE
  5
763
330
17
100
AcDbEntity
  8
LINES
100
AcDbLine
 10
964.22
 20
447.98
 30
0.0
 11
963.64
 21
448.56
 31
0.0
  0
LINE
  5
764
330
17
100
AcDbEntity
  8
LINES
100
AcDbLine
 10
963.93
 20
451.87
 30
0.0
 11
963.64
 21
453.02
 31
0.0
  0
LINE
  5
765
330
17
100
AcDbEntity
  8
LINES
100
AcDbLine
 10
964.51
 20
453.74
 30
0.0
 11
964.36
 21
451.44
 31
0.0
  0
LINE
  5
766
330
17
100
AcDbEntity
  8
LINES
100
AcDbLine
 10
964.22
 20
447.98
 30
0.0
 11
965.23
 21
446.54
 31
0.0
  0
LINE
  5
767
330
17
100
AcDbEntity
  8
LINES
100
AcDbLine
 10
964.07
 20
451.3
 30
0.0
 11
963.64
 21
448.56
 31
0.0
  0
LINE
  5
768
330
17
100
AcDbEntity
  8
LINES
100
AcDbLine
 10
964.51
 20
449.86
 30
0.0
 11
964.22
 21
447.84
 31
0.0
  0
LINE
  5
769
330
17
100
AcDbEntity
  8
LINES
100
AcDbLine
 10
966.52
 20
453.6
 30
0.0
 11
966.67
 21
448.13
 31
0.0
  0
LINE
  5
76A
330
17
100
AcDbEntity
  8
LINES
100
AcDbLine
 10
966.52
 20
452.88
 30
0.0
 11
968.54
 21
453.31
 31
0.0
  0
LINE
  5
76B
330
17
100
AcDbEntity
  8
LINES
100
AcDbLine
 10
968.39
 20
449.14
 30
0.0
 11
968.54
 21
453.74
 31
0.0
  0
LINE
  5
76C
330
17
100
AcDbEntity
  8
LINES
100
AcDbLine
 10
966.67
 20
448.85
 30
0.0
 11
968.54
 21
449.14
 31
0.0
  0
LINE
  5
76D
330
17
100
AcDbEntity
  8
LINES
100
AcDbLine
 10
966.67
 20
452.88
 30
0.0
 11
968.54
 21
453.31
 31
0.0
  0
LINE
  5
76E
330
17
100
AcDbEntity
  8
LINES
100
AcDbLine
 10
972.14
 20
448.99
 30
0.0
 11
972.86
 21
446.54
 31
0.0
  0
LINE
  5
76F
330
17
100
AcDbEntity
  8
LINES
100
AcDbLine
 10
971.56
 20
451.44
 30
0.0
 11
972.43
 21
451.58
 31
0.0
  0
LINE
  5
770
330
17
100
AcDbEntity
  8
LINES
100
AcDbLine
 10
972.86
 20
452.88
 30
0.0
 11
972.71
 21
450.72
 31
0.0
  0
LINE
  5
771
330
17
100
AcDbEntity
  8
LINES
100
AcDbLine
 10
971.13
 20
448.99
 30
0.0
 11
973.29
 21
449.42
 31
0.0
  0
LINE
  5
772
330
17
100
AcDbEntity
  8
LINES
100
AcDbLine
 10
971.56
 20
450.43
 30
0.0
 11
972.86
 21
450.72
 31
0.0
  0
LINE
  5
773
330
17
100
AcDbEntity
  8
LINES
100
AcDbLine
 10
971.56
 20
452.45
 30
0.0
 11
972.71
 21
452.74
 31
0.0
  0
LINE
  5
774
330
17
100
AcDbEntity
  8
LINES
100
AcDbLine
 10
971.56
 20
452.74
 30
0.0
 11
971.56
 21
450.14
 31
0.0
  0
LINE
  5
775
330
17
100
AcDbEntity
  8
LINES
100
AcDbLine
 10
972.86
 20
446.54
 30
0.0
 11
973.29
 21
446.54
 31
0.0
  0
LINE
  5
776
330
17
100
AcDbEntity
  8
LINES
100
AcDbLine
 10
970.55
 20
451.87
 30
0.0
 11
970.84
 21
450.86
 31
0.0
  0
LINE
  5
777
330
17
100
AcDbEntity
  8
LINES
100
AcDbLine
 10
969.83
 20
452.16
 30
0.0
 11
971.13
 21
452.74
 31
0.0
  0
LINE
  5
778
330
17
100
AcDbEntity
  8
LINES
100
AcDbLine
 10
970.55
 20
452.45
 30
0.0
 11
969.83
 21
448.27
 31
0.0
  0
LINE
  5
779
330
17
100
AcDbEntity
  8
LINES
100
AcDbLine
 10
970.55
 20
455.33
 30
0.0
 11
970.55
 21
446.4
 31
0.0
  0
LINE
  5
77A
330
17
100
AcDbEntity
  8
LINES
100
AcDbLine
 10
971.71
 20
455.18
 30
0.0
 11
971.71
 21
452.74
 31
0.0
  0
LINE
  5
77B
330
17
100
AcDbEntity
  8
LINES
100
AcDbLine
 10
972.43
 20
455.33
 30
0.0
 11
972.28
 21
452.74
 31
0.0
  0
LINE
  5
77C
330
17
100
AcDbEntity
  8
LINES
100
AcDbLine
 10
971.13
 20
453.46
 30
0.0
 11
973.0
 21
453.89
 31
0.0
  0
LINE
  5
77D
330
17
100
AcDbEntity
  8
LINES
100
AcDbLine
 10
973.72
 20
448.42
 30
0.0
 11
975.16
 21
449.71
 31
0.0
  0
LINE
  5
77E
330
17
100
AcDbEntity
  8
LINES
100
AcDbLine
 10
975.16
 20
451.87
 30
0.0
 11
973.87
 21
451.44
 31
0.0
  0
LINE
  5
77F
330
17
100
AcDbEntity
  8
LINES
100
AcDbLine
 10
974.59
 20
455.18
 30
0.0
 11
974.59
 21
449.28
 31
0.0
  0
LINE
  5
780
330
17
100
AcDbEntity
  8
LINES
100
AcDbLine
 10
975.31
 20
452.3
 30
0.0
 11
976.6
 21
452.59
 31
0.0
  0
LINE
  5
781
330
17
100
AcDbEntity
  8
LINES
100
AcDbLine
 10
975.02
 20
450.29
 30
0.0
 11
977.18
 21
450.72
 31
0.0
  0
LINE
  5
782
330
17
100
AcDbEntity
  8
LINES
100
AcDbLine
 10
976.6
 20
452.88
 30
0.0
 11
976.6
 21
450.58
 31
0.0
  0
LINE
  5
783
330
17
100
AcDbEntity
  8
LINES
100
AcDbLine
 10
1135.87
 20
447.98
 30
0.0
 11
1135.87
 21
454.46
 31
0.0
  0
LINE
  5
784
330
17
100
AcDbEntity
  8
LINES
100
AcDbLine
 10
1003.1
 20
458.35
 30
0.0
 11
1003.1
 21
454.46
 31
0.0
  0
LINE
  5
785
330
17
100
AcDbEntity
  8
LINES
100
AcDbLine
 10
1004.54
 20
454.75
 30
0.0
 11
1001.66
 21
454.18
 31
0.0
  0
LINE
  5
786
330
17
100
AcDbEntity
  8
LINES
100
AcDbLine
 10
1004.68
 20
449.42
 30
0.0
 11
1004.54
 21
451.44
 31
0.0
  0
LINE
  5
787
330
17
100
AcDbEntity
  8
LINES
100
AcDbLine
 10
1002.52
 20
455.47
 30
0.0
 11
1002.09
 21
457.06
 31
0.0
  0
LINE
  5
788
330
17
100
AcDbEntity
  8
LINES
100
AcDbLine
 10
1003.53
 20
454.9
 30
0.0
 11
1004.11
 21
457.2
 31
0.0
  0
LINE
  5
789
330
17
100
AcDbEntity
  8
LINES
100
AcDbLine
 10
1007.56
 20
452.02
 30
0.0
 11
1008.43
 21
449.57
 31
0.0
  0
LINE
  5
78A
330
17
100
AcDbEntity
  8
LINES
100
AcDbLine
 10
1007.13
 20
454.32
 30
0.0
 11
1007.99
 21
454.61
 31
0.0
  0
LINE
  5
78B
330
17
100
AcDbEntity
  8
LINES
100
AcDbLine
 10
1008.43
 20
455.9
 30
0.0
 11
1008.28
 21
453.74
 31
0.0
  0
LINE
  5
78C
330
17
100
AcDbEntity
  8
LINES
100
AcDbLine
 10
1006.55
 20
452.02
 30
0.0
 11
1008.86
 21
452.45
 31
0.0
  0
LINE
  5
78D
330
17
100
AcDbEntity
  8
LINES
100
AcDbLine
 10
1007.13
 20
453.46
 30
0.0
 11
1008.43
 21
453.74
 31
0.0
  0
LINE
  5
78E
330
17
100
AcDbEntity
  8
LINES
100
AcDbLine
 10
1007.13
 20
455.47
 30
0.0
 11
1008.28
 21
455.76
 31
0.0
  0
LINE
  5
78F
330
17
100
AcDbEntity
  8
LINES
100
AcDbLine
 10
1007.13
 20
455.76
 30
0.0
 11
1007.13
 21
453.17
 31
0.0
  0
LINE
  5
790
330
17
100
AcDbEntity
  8
LINES
100
AcDbLine
 10
1008.43
 20
449.57
 30
0.0
 11
1008.86
 21
449.57
 31
0.0
  0
LINE
  5
791
330
17
100
AcDbEntity
  8
LINES
100
AcDbLine
 10
1006.12
 20
454.75
 30
0.0
 11
1006.41
 21
453.89
 31
0.0
  0
LINE
  5
792
330
17
100
AcDbEntity
  8
LINES
100
AcDbLine
 10
1005.4
 20
455.18
 30
0.0
 11
1006.55
 21
455.76
 31
0.0
  0
LINE
  5
793
330
17
100
AcDbEntity
  8
LINES
100
AcDbLine
 10
1006.12
 20
455.47
 30
0.0
 11
1005.26
 21
451.3
 31
0.0
  0
LINE
  5
794
330
17
100
AcDbEntity
  8
LINES
100
AcDbLine
 10
1006.12
 20
458.35
 30
0.0
 11
1006.12
 21
449.28
 31
0.0
  0
LINE
  5
795
330
17
100
AcDbEntity
  8
LINES
100
AcDbLine
 10
1007.13
 20
458.06
 30
0.0
 11
1007.27
 21
455.76
 31
0.0
  0
LINE
  5
796
330
17
100
AcDbEntity
  8
LINES
100
AcDbLine
 10
1007.99
 20
458.35
 30
0.0
 11
1007.85
 21
455.76
 31
0.0
  0
LINE
  5
797
330
17
100
AcDbEntity
  8
LINES
100
AcDbLine
 10
1006.7
 20
456.48
 30
0.0
 11
1008.57
 21
456.91
 31
0.0
  0
LINE
  5
798
330
17
100
AcDbEntity
  8
LINES
100
AcDbLine
 10
1009.29
 20
451.44
 30
0.0
 11
1010.59
 21
452.59
 31
0.0
  0
LINE
  5
799
330
17
100
AcDbEntity
  8
LINES
100
AcDbLine
 10
1010.59
 20
454.9
 30
0.0
 11
1009.29
 21
454.46
 31
0.0
  0
LINE
  5
79A
330
17
100
AcDbEntity
  8
LINES
100
AcDbLine
 10
1010.15
 20
458.21
 30
0.0
 11
1010.15
 21
452.16
 31
0.0
  0
LINE
  5
79B
330
17
100
AcDbEntity
  8
LINES
100
AcDbLine
 10
1010.73
 20
455.33
 30
0.0
 11
1012.17
 21
455.62
 31
0.0
  0
LINE
  5
79C
330
17
100
AcDbEntity
  8
LINES
100
AcDbLine
 10
1010.59
 20
453.17
 30
0.0
 11
1012.75
 21
453.6
 31
0.0
  0
LINE
  5
79D
330
17
100
AcDbEntity
  8
LINES
100
AcDbLine
 10
1012.17
 20
455.76
 30
0.0
 11
1012.03
 21
453.6
 31
0.0
  0
LINE
  5
79E
330
17
100
AcDbEntity
  8
LINES
100
AcDbLine
 10
1018.79
 20
458.5
 30
0.0
 11
1016.63
 21
456.19
 31
0.0
  0
LINE
  5
79F
330
17
100
AcDbEntity
  8
LINES
100
AcDbLine
 10
1016.06
 20
454.03
 30
0.0
 11
1019.51
 21
454.75
 31
0.0
  0
LINE
  5
7A0
330
17
100
AcDbEntity
  8
LINES
100
AcDbLine
 10
1017.79
 20
457.49
 30
0.0
 11
1017.79
 21
449.14
 31
0.0
  0
LINE
  5
7A1
330
17
100
AcDbEntity
  8
LINES
100
AcDbLine
 10
1022.11
 20
453.46
 30
0.0
 11
1022.97
 21
452.16
 31
0.0
  0
LINE
  5
7A2
330
17
100
AcDbEntity
  8
LINES
100
AcDbLine
 10
1022.97
 20
456.19
 30
0.0
 11
1022.11
 21
454.18
 31
0.0
  0
LINE
  5
7A3
330
17
100
AcDbEntity
  8
LINES
100
AcDbLine
 10
1020.52
 20
456.34
 30
0.0
 11
1020.95
 21
454.75
 31
0.0
  0
LINE
  5
7A4
330
17
100
AcDbEntity
  8
LINES
100
AcDbLine
 10
1020.23
 20
452.45
 30
0.0
 11
1021.24
 21
454.03
 31
0.0
  0
LINE
  5
7A5
330
17
100
AcDbEntity
  8
LINES
100
AcDbLine
 10
1025.13
 20
458.35
 30
0.0
 11
1025.56
 21
456.48
 31
0.0
  0
LINE
  5
7A6
330
17
100
AcDbEntity
  8
LINES
100
AcDbLine
 10
1026.57
 20
458.35
 30
0.0
 11
1025.99
 21
456.19
 31
0.0
  0
LINE
  5
7A7
330
17
100
AcDbEntity
  8
LINES
100
AcDbLine
 10
1024.84
 20
456.48
 30
0.0
 11
1024.84
 21
452.88
 31
0.0
  0
LINE
  5
7A8
330
17
100
AcDbEntity
  8
LINES
100
AcDbLine
 10
1024.84
 20
453.17
 30
0.0
 11
1026.86
 21
453.46
 31
0.0
  0
LINE
  5
7A9
330
17
100
AcDbEntity
  8
LINES
100
AcDbLine
 10
1026.71
 20
456.19
 30
0.0
 11
1024.84
 21
455.9
 31
0.0
  0
LINE
  5
7AA
330
17
100
AcDbEntity
  8
LINES
100
AcDbLine
 10
1025.13
 20
454.75
 30
0.0
 11
1026.57
 21
454.9
 31
0.0
  0
LINE
  5
7AB
330
17
100
AcDbEntity
  8
LINES
100
AcDbLine
 10
1023.98
 20
451.87
 30
0.0
 11
1027.43
 21
452.45
 31
0.0
  0
LINE
  5
7AC
330
17
100
AcDbEntity
  8
LINES
100
AcDbLine
 10
1026.86
 20
456.48
 30
0.0
 11
1026.71
 21
453.46
 31
0.0
  0
LINE
  5
7AD
330
17
100
AcDbEntity
  8
LINES
100
AcDbLine
 10
1025.85
 20
449.28
 30
0.0
 11
1025.85
 21
456.05
 31
0.0
  0
LINE
  5
7AE
330
17
100
AcDbEntity
  8
LINES
100
AcDbLine
 10
1030.31
 20
452.02
 30
0.0
 11
1031.03
 21
449.57
 31
0.0
  0
LINE
  5
7AF
330
17
100
AcDbEntity
  8
LINES
100
AcDbLine
 10
1029.74
 20
454.32
 30
0.0
 11
1030.6
 21
454.61
 31
0.0
  0
LINE
  5
7B0
330
17
100
AcDbEntity
  8
LINES
100
AcDbLine
 10
1031.03
 20
455.9
 30
0.0
 11
1030.89
 21
453.74
 31
0.0
  0
LINE
  5
7B1
330
17
100
AcDbEntity
  8
LINES
100
AcDbLine
 10
1029.31
 20
452.02
 30
0.0
 11
1031.47
 21
452.45
 31
0.0
  0
LINE
  5
7B2
330
17
100
AcDbEntity
  8
LINES
100
AcDbLine
 10
1029.74
 20
453.46
 30
0.0
 11
1031.03
 21
453.74
 31
0.0
  0
LINE
  5
7B3
330
17
100
AcDbEntity
  8
LINES
100
AcDbLine
 10
1029.74
 20
455.47
 30
0.0
 11
1031.03
 21
455.76
 31
0.0
  0
LINE
  5
7B4
330
17
100
AcDbEntity
  8
LINES
100
AcDbLine
 10
1029.74
 20
455.76
 30
0.0
 11
1029.74
 21
453.17
 31
0.0
  0
LINE
  5
7B5
330
17
100
AcDbEntity
  8
LINES
100
AcDbLine
 10
1031.03
 20
449.57
 30
0.0
 11
1031.47
 21
449.57
 31
0.0
  0
LINE
  5
7B6
330
17
100
AcDbEntity
  8
LINES
100
AcDbLine
 10
1028.87
 20
454.75
 30
0.0
 11
1029.16
 21
453.89
 31
0.0
  0
LINE
  5
7B7
330
17
100
AcDbEntity
  8
LINES
100
AcDbLine
 10
1028.01
 20
455.18
 30
0.0
 11
1029.31
 21
455.76
 31
0.0
  0
LINE
  5
7B8
330
17
100
AcDbEntity
  8
LINES
100
AcDbLine
 10
1028.87
 20
455.47
 30
0.0
 11
1028.01
 21
451.3
 31
0.0
  0
LINE
  5
7B9
330
17
100
AcDbEntity
  8
LINES
100
AcDbLine
 10
1028.87
 20
458.35
 30
0.0
 11
1028.87
 21
449.28
 31
0.0
  0
LINE
  5
7BA
330
17
100
AcDbEntity
  8
LINES
100
AcDbLine
 10
1029.88
 20
458.06
 30
0.0
 11
1030.03
 21
455.76
 31
0.0
  0
LINE
  5
7BB
330
17
100
AcDbEntity
  8
LINES
100
AcDbLine
 10
1030.6
 20
458.35
 30
0.0
 11
1030.46
 21
455.76
 31
0.0
  0
LINE
  5
7BC
330
17
100
AcDbEntity
  8
LINES
100
AcDbLine
 10
1029.31
 20
456.48
 30
0.0
 11
1031.32
 21
456.91
 31
0.0
  0
LINE
  5
7BD
330
17
100
AcDbEntity
  8
LINES
100
AcDbLine
 10
1032.47
 20
452.16
 30
0.0
 11
1032.47
 21
452.02
 31
0.0
  0
LINE
  5
7BE
330
17
100
AcDbEntity
  8
LINES
100
AcDbLine
 10
1032.47
 20
452.02
 30
0.0
 11
1032.47
 21
451.73
 31
0.0
  0
LINE
  5
7BF
330
17
100
AcDbEntity
  8
LINES
100
AcDbLine
 10
1032.47
 20
452.02
 30
0.0
 11
1032.47
 21
452.02
 31
0.0
  0
LINE
  5
7C0
330
17
100
AcDbEntity
  8
LINES
100
AcDbLine
 10
1047.02
 20
449.28
 30
0.0
 11
1047.02
 21
459.07
 31
0.0
  0
LINE
  5
7C1
330
17
100
AcDbEntity
  8
LINES
100
AcDbLine
 10
1049.75
 20
455.76
 30
0.0
 11
1047.02
 21
451.15
 31
0.0
  0
LINE
  5
7C2
330
17
100
AcDbEntity
  8
LINES
100
AcDbLine
 10
1048.17
 20
453.02
 30
0.0
 11
1050.04
 21
449.28
 31
0.0
  0
LINE
  5
7C3
330
17
100
AcDbEntity
  8
LINES
100
AcDbLine
 10
1051.77
 20
449.28
 30
0.0
 11
1051.77
 21
455.76
 31
0.0
  0
LINE
  5
7C4
330
17
100
AcDbEntity
  8
LINES
100
AcDbLine
 10
935.27
 20
434.59
 30
0.0
 11
935.27
 21
424.8
 31
0.0
  0
LINE
  5
7C5
330
17
100
AcDbEntity
  8
LINES
100
AcDbLine
 10
958.6
 20
433.87
 30
0.0
 11
958.6
 21
429.98
 31
0.0
  0
LINE
  5
7C6
330
17
100
AcDbEntity
  8
LINES
100
AcDbLine
 10
960.04
 20
430.13
 30
0.0
 11
957.02
 21
429.7
 31
0.0
  0
LINE
  5
7C7
330
17
100
AcDbEntity
  8
LINES
100
AcDbLine
 10
960.04
 20
424.94
 30
0.0
 11
960.04
 21
426.96
 31
0.0
  0
LINE
  5
7C8
330
17
100
AcDbEntity
  8
LINES
100
AcDbLine
 10
957.88
 20
430.85
 30
0.0
 11
957.59
 21
432.58
 31
0.0
  0
LINE
  5
7C9
330
17
100
AcDbEntity
  8
LINES
100
AcDbLine
 10
958.89
 20
430.42
 30
0.0
 11
959.47
 21
432.72
 31
0.0
  0
LINE
  5
7CA
330
17
100
AcDbEntity
  8
LINES
100
AcDbLine
 10
962.06
 20
431.57
 30
0.0
 11
960.91
 21
430.99
 31
0.0
  0
LINE
  5
7CB
330
17
100
AcDbEntity
  8
LINES
100
AcDbLine
 10
960.76
 20
428.11
 30
0.0
 11
962.06
 21
429.98
 31
0.0
  0
LINE
  5
7CC
330
17
100
AcDbEntity
  8
LINES
100
AcDbLine
 10
962.78
 20
434.02
 30
0.0
 11
963.21
 21
432.43
 31
0.0
  0
LINE
  5
7CD
330
17
100
AcDbEntity
  8
LINES
100
AcDbLine
 10
962.2
 20
431.86
 30
0.0
 11
963.93
 21
432.43
 31
0.0
  0
LINE
  5
7CE
330
17
100
AcDbEntity
  8
LINES
100
AcDbLine
 10
964.07
 20
430.13
 30
0.0
 11
962.2
 21
429.55
 31
0.0
  0
LINE
  5
7CF
330
17
100
AcDbEntity
  8
LINES
100
AcDbLine
 10
961.91
 20
427.82
 30
0.0
 11
964.22
 21
428.54
 31
0.0
  0
LINE
  5
7D0
330
17
100
AcDbEntity
  8
LINES
100
AcDbLine
 10
963.07
 20
426.38
 30
0.0
 11
962.63
 21
426.96
 31
0.0
  0
LINE
  5
7D1
330
17
100
AcDbEntity
  8
LINES
100
AcDbLine
 10
962.92
 20
430.27
 30
0.0
 11
962.63
 21
431.57
 31
0.0
  0
LINE
  5
7D2
330
17
100
AcDbEntity
  8
LINES
100
AcDbLine
 10
963.5
 20
432.29
 30
0.0
 11
963.35
 21
429.98
 31
0.0
  0
LINE
  5
7D3
330
17
100
AcDbEntity
  8
LINES
100
AcDbLine
 10
963.07
 20
426.38
 30
0.0
 11
964.07
 21
424.94
 31
0.0
  0
LINE
  5
7D4
330
17
100
AcDbEntity
  8
LINES
100
AcDbLine
 10
962.92
 20
429.7
 30
0.0
 11
962.63
 21
426.96
 31
0.0
  0
LINE
  5
7D5
330
17
100
AcDbEntity
  8
LINES
100
AcDbLine
 10
963.5
 20
428.26
 30
0.0
 11
963.21
 21
426.38
 31
0.0
  0
LINE
  5
7D6
330
17
100
AcDbEntity
  8
LINES
100
AcDbLine
 10
965.51
 20
432.0
 30
0.0
 11
965.66
 21
426.53
 31
0.0
  0
LINE
  5
7D7
330
17
100
AcDbEntity
  8
LINES
100
AcDbLine
 10
965.51
 20
431.42
 30
0.0
 11
967.53
 21
431.71
 31
0.0
  0
LINE
  5
7D8
330
17
100
AcDbEntity
  8
LINES
100
AcDbLine
 10
967.24
 20
427.54
 30
0.0
 11
967.53
 21
432.14
 31
0.0
  0
LINE
  5
7D9
330
17
100
AcDbEntity
  8
LINES
100
AcDbLine
 10
965.66
 20
427.25
 30
0.0
 11
967.53
 21
427.54
 31
0.0
  0
LINE
  5
7DA
330
17
100
AcDbEntity
  8
LINES
100
AcDbLine
 10
970.99
 20
427.54
 30
0.0
 11
971.85
 21
424.94
 31
0.0
  0
LINE
  5
7DB
330
17
100
AcDbEntity
  8
LINES
100
AcDbLine
 10
970.41
 20
429.84
 30
0.0
 11
971.42
 21
430.13
 31
0.0
  0
LINE
  5
7DC
330
17
100
AcDbEntity
  8
LINES
100
AcDbLine
 10
971.71
 20
431.42
 30
0.0
 11
971.56
 21
429.26
 31
0.0
  0
LINE
  5
7DD
330
17
100
AcDbEntity
  8
LINES
100
AcDbLine
 10
969.98
 20
427.54
 30
0.0
 11
972.14
 21
427.82
 31
0.0
  0
LINE
  5
7DE
330
17
100
AcDbEntity
  8
LINES
100
AcDbLine
 10
970.41
 20
428.98
 30
0.0
 11
971.71
 21
429.26
 31
0.0
  0
LINE
  5
7DF
330
17
100
AcDbEntity
  8
LINES
100
AcDbLine
 10
970.41
 20
430.85
 30
0.0
 11
971.71
 21
431.14
 31
0.0
  0
LINE
  5
7E0
330
17
100
AcDbEntity
  8
LINES
100
AcDbLine
 10
970.41
 20
431.14
 30
0.0
 11
970.41
 21
428.69
 31
0.0
  0
LINE
  5
7E1
330
17
100
AcDbEntity
  8
LINES
100
AcDbLine
 10
971.85
 20
424.94
 30
0.0
 11
972.28
 21
424.94
 31
0.0
  0
LINE
  5
7E2
330
17
100
AcDbEntity
  8
LINES
100
AcDbLine
 10
969.55
 20
430.27
 30
0.0
 11
969.83
 21
429.41
 31
0.0
  0
LINE
  5
7E3
330
17
100
AcDbEntity
  8
LINES
100
AcDbLine
 10
968.83
 20
430.7
 30
0.0
 11
969.98
 21
431.14
 31
0.0
  0
LINE
  5
7E4
330
17
100
AcDbEntity
  8
LINES
100
AcDbLine
 10
969.55
 20
430.85
 30
0.0
 11
968.68
 21
426.82
 31
0.0
  0
LINE
  5
7E5
330
17
100
AcDbEntity
  8
LINES
100
AcDbLine
 10
969.55
 20
433.73
 30
0.0
 11
969.55
 21
424.8
 31
0.0
  0
LINE
  5
7E6
330
17
100
AcDbEntity
  8
LINES
100
AcDbLine
 10
970.55
 20
433.58
 30
0.0
 11
970.7
 21
431.14
 31
0.0
  0
LINE
  5
7E7
330
17
100
AcDbEntity
  8
LINES
100
AcDbLine
 10
971.42
 20
433.73
 30
0.0
 11
971.13
 21
431.14
 31
0.0
  0
LINE
  5
7E8
330
17
100
AcDbEntity
  8
LINES
100
AcDbLine
 10
970.12
 20
431.86
 30
0.0
 11
971.99
 21
432.29
 31
0.0
  0
LINE
  5
7E9
330
17
100
AcDbEntity
  8
LINES
100
AcDbLine
 10
972.57
 20
426.82
 30
0.0
 11
974.01
 21
428.11
 31
0.0
  0
LINE
  5
7EA
330
17
100
AcDbEntity
  8
LINES
100
AcDbLine
 10
974.01
 20
430.42
 30
0.0
 11
972.71
 21
429.98
 31
0.0
  0
LINE
  5
7EB
330
17
100
AcDbEntity
  8
LINES
100
AcDbLine
 10
973.43
 20
433.73
 30
0.0
 11
973.43
 21
427.68
 31
0.0
  0
LINE
  5
7EC
330
17
100
AcDbEntity
  8
LINES
100
AcDbLine
 10
974.15
 20
430.85
 30
0.0
 11
975.59
 21
431.14
 31
0.0
  0
LINE
  5
7ED
330
17
100
AcDbEntity
  8
LINES
100
AcDbLine
 10
974.01
 20
428.69
 30
0.0
 11
976.03
 21
429.12
 31
0.0
  0
LINE
  5
7EE
330
17
100
AcDbEntity
  8
LINES
100
AcDbLine
 10
975.59
 20
431.28
 30
0.0
 11
975.45
 21
428.98
 31
0.0
  0
LINE
  5
7EF
330
17
100
AcDbEntity
  8
LINES
100
AcDbLine
 10
1135.87
 20
426.38
 30
0.0
 11
1135.87
 21
432.86
 31
0.0
  0
LINE
  5
7F0
330
17
100
AcDbEntity
  8
LINES
100
AcDbLine
 10
1003.1
 20
436.9
 30
0.0
 11
1003.1
 21
433.01
 31
0.0
  0
LINE
  5
7F1
330
17
100
AcDbEntity
  8
LINES
100
AcDbLine
 10
1004.54
 20
433.15
 30
0.0
 11
1001.66
 21
432.58
 31
0.0
  0
LINE
  5
7F2
330
17
100
AcDbEntity
  8
LINES
100
AcDbLine
 10
1004.68
 20
427.82
 30
0.0
 11
1004.54
 21
429.98
 31
0.0
  0
LINE
  5
7F3
330
17
100
AcDbEntity
  8
LINES
100
AcDbLine
 10
1002.52
 20
433.87
 30
0.0
 11
1002.09
 21
435.46
 31
0.0
  0
LINE
  5
7F4
330
17
100
AcDbEntity
  8
LINES
100
AcDbLine
 10
1003.53
 20
433.3
 30
0.0
 11
1004.11
 21
435.6
 31
0.0
  0
LINE
  5
7F5
330
17
100
AcDbEntity
  8
LINES
100
AcDbLine
 10
1007.56
 20
430.42
 30
0.0
 11
1008.43
 21
427.97
 31
0.0
  0
LINE
  5
7F6
330
17
100
AcDbEntity
  8
LINES
100
AcDbLine
 10
1007.13
 20
432.86
 30
0.0
 11
1007.99
 21
433.01
 31
0.0
  0
LINE
  5
7F7
330
17
100
AcDbEntity
  8
LINES
100
AcDbLine
 10
1008.43
 20
434.45
 30
0.0
 11
1008.28
 21
432.14
 31
0.0
  0
LINE
  5
7F8
330
17
100
AcDbEntity
  8
LINES
100
AcDbLine
 10
1006.55
 20
430.42
 30
0.0
 11
1008.86
 21
430.85
 31
0.0
  0
LINE
  5
7F9
330
17
100
AcDbEntity
  8
LINES
100
AcDbLine
 10
1007.13
 20
431.86
 30
0.0
 11
1008.43
 21
432.14
 31
0.0
  0
LINE
  5
7FA
330
17
100
AcDbEntity
  8
LINES
100
AcDbLine
 10
1007.13
 20
433.87
 30
0.0
 11
1008.28
 21
434.16
 31
0.0
  0
LINE
  5
7FB
330
17
100
AcDbEntity
  8
LINES
100
AcDbLine
 10
1007.13
 20
434.16
 30
0.0
 11
1007.13
 21
431.57
 31
0.0
  0
LINE
  5
7FC
330
17
100
AcDbEntity
  8
LINES
100
AcDbLine
 10
1008.43
 20
427.97
 30
0.0
 11
1008.86
 21
427.97
 31
0.0
  0
LINE
  5
7FD
330
17
100
AcDbEntity
  8
LINES
100
AcDbLine
 10
1006.12
 20
433.3
 30
0.0
 11
1006.41
 21
432.29
 31
0.0
  0
LINE
  5
7FE
330
17
100
AcDbEntity
  8
LINES
100
AcDbLine
 10
1005.4
 20
433.73
 30
0.0
 11
1006.55
 21
434.16
 31
0.0
  0
LINE
  5
7FF
330
17
100
AcDbEntity
  8
LINES
100
AcDbLine
 10
1006.12
 20
433.87
 30
0.0
 11
1005.26
 21
429.7
 31
0.0
  0
LINE
  5
800
330
17
100
AcDbEntity
  8
LINES
100
AcDbLine
 10
1006.12
 20
436.75
 30
0.0
 11
1006.12
 21
427.82
 31
0.0
  0
LINE
  5
801
330
17
100
AcDbEntity
  8
LINES
100
AcDbLine
 10
1007.13
 20
436.61
 30
0.0
 11
1007.27
 21
434.16
 31
0.0
  0
LINE
  5
802
330
17
100
AcDbEntity
  8
LINES
100
AcDbLine
 10
1007.99
 20
436.75
 30
0.0
 11
1007.85
 21
434.16
 31
0.0
  0
LINE
  5
803
330
17
100
AcDbEntity
  8
LINES
100
AcDbLine
 10
1006.7
 20
434.88
 30
0.0
 11
1008.57
 21
435.31
 31
0.0
  0
LINE
  5
804
330
17
100
AcDbEntity
  8
LINES
100
AcDbLine
 10
1009.29
 20
429.84
 30
0.0
 11
1010.59
 21
431.14
 31
0.0
  0
LINE
  5
805
330
17
100
AcDbEntity
  8
LINES
100
AcDbLine
 10
1010.59
 20
433.3
 30
0.0
 11
1009.29
 21
433.01
 31
0.0
  0
LINE
  5
806
330
17
100
AcDbEntity
  8
LINES
100
AcDbLine
 10
1010.15
 20
436.61
 30
0.0
 11
1010.15
 21
430.7
 31
0.0
  0
LINE
  5
807
330
17
100
AcDbEntity
  8
LINES
100
AcDbLine
 10
1010.73
 20
433.73
 30
0.0
 11
1012.17
 21
434.02
 31
0.0
  0
LINE
  5
808
330
17
100
AcDbEntity
  8
LINES
100
AcDbLine
 10
1010.59
 20
431.71
 30
0.0
 11
1012.75
 21
432.14
 31
0.0
  0
LINE
  5
809
330
17
100
AcDbEntity
  8
LINES
100
AcDbLine
 10
1012.17
 20
434.3
 30
0.0
 11
1012.03
 21
432.0
 31
0.0
  0
LINE
  5
80A
330
17
100
AcDbEntity
  8
LINES
100
AcDbLine
 10
1013.75
 20
430.7
 30
0.0
 11
1013.75
 21
430.42
 31
0.0
  0
LINE
  5
80B
330
17
100
AcDbEntity
  8
LINES
100
AcDbLine
 10
1013.75
 20
430.42
 30
0.0
 11
1013.75
 21
430.27
 31
0.0
  0
LINE
  5
80C
330
17
100
AcDbEntity
  8
LINES
100
AcDbLine
 10
1013.75
 20
430.42
 30
0.0
 11
1013.75
 21
430.42
 31
0.0
  0
LINE
  5
80D
330
17
100
AcDbEntity
  8
LINES
100
AcDbLine
 10
1019.95
 20
436.9
 30
0.0
 11
1017.79
 21
434.74
 31
0.0
  0
LINE
  5
80E
330
17
100
AcDbEntity
  8
LINES
100
AcDbLine
 10
1017.21
 20
432.58
 30
0.0
 11
1020.67
 21
433.15
 31
0.0
  0
LINE
  5
80F
330
17
100
AcDbEntity
  8
LINES
100
AcDbLine
 10
1018.94
 20
435.89
 30
0.0
 11
1018.94
 21
427.54
 31
0.0
  0
LINE
  5
810
330
17
100
AcDbEntity
  8
LINES
100
AcDbLine
 10
1023.26
 20
431.86
 30
0.0
 11
1024.12
 21
430.56
 31
0.0
  0
LINE
  5
811
330
17
100
AcDbEntity
  8
LINES
100
AcDbLine
 10
1024.12
 20
434.59
 30
0.0
 11
1023.26
 21
432.58
 31
0.0
  0
LINE
  5
812
330
17
100
AcDbEntity
  8
LINES
100
AcDbLine
 10
1021.67
 20
434.74
 30
0.0
 11
1022.11
 21
433.15
 31
0.0
  0
LINE
  5
813
330
17
100
AcDbEntity
  8
LINES
100
AcDbLine
 10
1021.39
 20
430.85
 30
0.0
 11
1022.39
 21
432.58
 31
0.0
  0
LINE
  5
814
330
17
100
AcDbEntity
  8
LINES
100
AcDbLine
 10
1026.28
 20
436.75
 30
0.0
 11
1026.71
 21
435.02
 31
0.0
  0
LINE
  5
815
330
17
100
AcDbEntity
  8
LINES
100
AcDbLine
 10
1027.58
 20
436.9
 30
0.0
 11
1027.15
 21
434.74
 31
0.0
  0
LINE
  5
816
330
17
100
AcDbEntity
  8
LINES
100
AcDbLine
 10
1025.99
 20
434.88
 30
0.0
 11
1025.99
 21
431.28
 31
0.0
  0
LINE
  5
817
330
17
100
AcDbEntity
  8
LINES
100
AcDbLine
 10
1025.99
 20
431.57
 30
0.0
 11
1028.01
 21
431.86
 31
0.0
  0
LINE
  5
818
330
17
100
AcDbEntity
  8
LINES
100
AcDbLine
 10
1027.87
 20
434.74
 30
0.0
 11
1025.99
 21
434.45
 31
0.0
  0
LINE
  5
819
330
17
100
AcDbEntity
  8
LINES
100
AcDbLine
 10
1026.28
 20
433.15
 30
0.0
 11
1027.58
 21
433.3
 31
0.0
  0
LINE
  5
81A
330
17
100
AcDbEntity
  8
LINES
100
AcDbLine
 10
1025.13
 20
430.42
 30
0.0
 11
1028.59
 21
430.85
 31
0.0
  0
LINE
  5
81B
330
17
100
AcDbEntity
  8
LINES
100
AcDbLine
 10
1028.01
 20
434.88
 30
0.0
 11
1027.87
 21
431.86
 31
0.0
  0
LINE
  5
81C
330
17
100
AcDbEntity
  8
LINES
100
AcDbLine
 10
1027.0
 20
427.68
 30
0.0
 11
1027.0
 21
434.45
 31
0.0
  0
LINE
  5
81D
330
17
100
AcDbEntity
  8
LINES
100
AcDbLine
 10
1031.47
 20
430.42
 30
0.0
 11
1032.19
 21
427.97
 31
0.0
  0
LINE
  5
81E
330
17
100
AcDbEntity
  8
LINES
100
AcDbLine
 10
1030.89
 20
432.86
 30
0.0
 11
1031.75
 21
433.01
 31
0.0
  0
LINE
  5
81F
330
17
100
AcDbEntity
  8
LINES
100
AcDbLine
 10
1032.19
 20
434.45
 30
0.0
 11
1032.04
 21
432.14
 31
0.0
  0
LINE
  5
820
330
17
100
AcDbEntity
  8
LINES
100
AcDbLine
 10
1030.46
 20
430.42
 30
0.0
 11
1032.62
 21
430.85
 31
0.0
  0
LINE
  5
821
330
17
100
AcDbEntity
  8
LINES
100
AcDbLine
 10
1030.89
 20
431.86
 30
0.0
 11
1032.19
 21
432.14
 31
0.0
  0
LINE
  5
822
330
17
100
AcDbEntity
  8
LINES
100
AcDbLine
 10
1030.89
 20
433.87
 30
0.0
 11
1032.04
 21
434.16
 31
0.0
  0
LINE
  5
823
330
17
100
AcDbEntity
  8
LINES
100
AcDbLine
 10
1030.89
 20
434.16
 30
0.0
 11
1030.89
 21
431.57
 31
0.0
  0
LINE
  5
824
330
17
100
AcDbEntity
  8
LINES
100
AcDbLine
 10
1032.19
 20
427.97
 30
0.0
 11
1032.62
 21
427.97
 31
0.0
  0
LINE
  5
825
330
17
100
AcDbEntity
  8
LINES
100
AcDbLine
 10
1029.88
 20
433.3
 30
0.0
 11
1030.31
 21
432.29
 31
0.0
  0
LINE
  5
826
330
17
100
AcDbEntity
  8
LINES
100
AcDbLine
 10
1029.16
 20
433.73
 30
0.0
 11
1030.46
 21
434.16
 31
0.0
  0
LINE
  5
827
330
17
100
AcDbEntity
  8
LINES
100
AcDbLine
 10
1029.88
 20
433.87
 30
0.0
 11
1029.16
 21
429.7
 31
0.0
  0
LINE
  5
828
330
17
100
AcDbEntity
  8
LINES
100
AcDbLine
 10
1029.88
 20
436.75
 30
0.0
 11
1029.88
 21
427.82
 31
0.0
  0
LINE
  5
829
330
17
100
AcDbEntity
  8
LINES
100
AcDbLine
 10
1031.03
 20
436.61
 30
0.0
 11
1031.18
 21
434.16
 31
0.0
  0
LINE
  5
82A
330
17
100
AcDbEntity
  8
LINES
100
AcDbLine
 10
1031.75
 20
436.75
 30
0.0
 11
1031.61
 21
434.16
 31
0.0
  0
LINE
  5
82B
330
17
100
AcDbEntity
  8
LINES
100
AcDbLine
 10
1030.46
 20
434.88
 30
0.0
 11
1032.47
 21
435.31
 31
0.0
  0
LINE
  5
82C
330
17
100
AcDbEntity
  8
LINES
100
AcDbLine
 10
1033.63
 20
430.7
 30
0.0
 11
1033.63
 21
430.42
 31
0.0
  0
LINE
  5
82D
330
17
100
AcDbEntity
  8
LINES
100
AcDbLine
 10
1033.63
 20
430.42
 30
0.0
 11
1033.63
 21
430.27
 31
0.0
  0
LINE
  5
82E
330
17
100
AcDbEntity
  8
LINES
100
AcDbLine
 10
1033.48
 20
430.42
 30
0.0
 11
1033.63
 21
430.42
 31
0.0
  0
LINE
  5
82F
330
17
100
AcDbEntity
  8
LINES
100
AcDbLine
 10
1039.53
 20
437.62
 30
0.0
 11
1039.53
 21
427.68
 31
0.0
  0
LINE
  5
830
330
17
100
AcDbEntity
  8
LINES
100
AcDbLine
 10
1048.17
 20
427.68
 30
0.0
 11
1048.17
 21
437.62
 31
0.0
  0
LINE
  5
831
330
17
100
AcDbEntity
  8
LINES
100
AcDbLine
 10
1050.91
 20
434.3
 30
0.0
 11
1048.17
 21
429.55
 31
0.0
  0
LINE
  5
832
330
17
100
AcDbEntity
  8
LINES
100
AcDbLine
 10
1049.18
 20
431.42
 30
0.0
 11
1051.19
 21
427.68
 31
0.0
  0
LINE
  5
833
330
17
100
AcDbEntity
  8
LINES
100
AcDbLine
 10
1052.92
 20
427.68
 30
0.0
 11
1052.92
 21
434.3
 31
0.0
  0
LINE
  5
834
330
17
100
AcDbEntity
  8
LINES
100
AcDbLine
 10
914.54
 20
358.42
 30
0.0
 11
1173.16
 21
358.42
 31
0.0
  0
LINE
  5
835
330
17
100
AcDbEntity
  8
LINES
100
AcDbLine
 10
952.7
 20
380.88
 30
0.0
 11
952.7
 21
390.82
 31
0.0
  0
LINE
  5
836
330
17
100
AcDbEntity
  8
LINES
100
AcDbLine
 10
955.87
 20
384.19
 30
0.0
 11
958.75
 21
384.19
 31
0.0
  0
LINE
  5
837
330
17
100
AcDbEntity
  8
LINES
100
AcDbLine
 10
968.39
 20
386.5
 30
0.0
 11
967.53
 21
386.21
 31
0.0
  0
LINE
  5
838
330
17
100
AcDbEntity
  8
LINES
100
AcDbLine
 10
968.39
 20
382.61
 30
0.0
 11
968.39
 21
386.93
 31
0.0
  0
LINE
  5
839
330
17
100
AcDbEntity
  8
LINES
100
AcDbLine
 10
968.97
 20
383.76
 30
0.0
 11
968.11
 21
381.74
 31
0.0
  0
LINE
  5
83A
330
17
100
AcDbEntity
  8
LINES
100
AcDbLine
 10
967.96
 20
389.38
 30
0.0
 11
968.54
 21
387.94
 31
0.0
  0
LINE
  5
83B
330
17
100
AcDbEntity
  8
LINES
100
AcDbLine
 10
969.11
 20
385.49
 30
0.0
 11
970.27
 21
385.63
 31
0.0
  0
LINE
  5
83C
330
17
100
AcDbEntity
  8
LINES
100
AcDbLine
 10
970.41
 20
385.92
 30
0.0
 11
969.83
 21
383.62
 31
0.0
  0
LINE
  5
83D
330
17
100
AcDbEntity
  8
LINES
100
AcDbLine
 10
969.26
 20
389.66
 30
0.0
 11
969.26
 21
387.79
 31
0.0
  0
LINE
  5
83E
330
17
100
AcDbEntity
  8
LINES
100
AcDbLine
 10
969.26
 20
389.23
 30
0.0
 11
970.12
 21
389.38
 31
0.0
  0
LINE
  5
83F
330
17
100
AcDbEntity
  8
LINES
100
AcDbLine
 10
973.0
 20
389.95
 30
0.0
 11
972.43
 21
388.22
 31
0.0
  0
LINE
  5
840
330
17
100
AcDbEntity
  8
LINES
100
AcDbLine
 10
973.29
 20
384.77
 30
0.0
 11
973.29
 21
381.89
 31
0.0
  0
LINE
  5
841
330
17
100
AcDbEntity
  8
LINES
100
AcDbLine
 10
972.71
 20
383.18
 30
0.0
 11
973.87
 21
383.33
 31
0.0
  0
LINE
  5
842
330
17
100
AcDbEntity
  8
LINES
100
AcDbLine
 10
974.01
 20
381.89
 30
0.0
 11
972.43
 21
381.46
 31
0.0
  0
LINE
  5
843
330
17
100
AcDbEntity
  8
LINES
100
AcDbLine
 10
974.15
 20
385.2
 30
0.0
 11
974.01
 21
381.17
 31
0.0
  0
LINE
  5
844
330
17
100
AcDbEntity
  8
LINES
100
AcDbLine
 10
972.43
 20
384.77
 30
0.0
 11
974.01
 21
385.06
 31
0.0
  0
LINE
  5
845
330
17
100
AcDbEntity
  8
LINES
100
AcDbLine
 10
972.43
 20
385.2
 30
0.0
 11
972.43
 21
381.17
 31
0.0
  0
LINE
  5
846
330
17
100
AcDbEntity
  8
LINES
100
AcDbLine
 10
972.57
 20
388.51
 30
0.0
 11
974.01
 21
388.8
 31
0.0
  0
LINE
  5
847
330
17
100
AcDbEntity
  8
LINES
100
AcDbLine
 10
972.43
 20
388.22
 30
0.0
 11
971.71
 21
386.35
 31
0.0
  0
LINE
  5
848
330
17
100
AcDbEntity
  8
LINES
100
AcDbLine
 10
1136.44
 20
393.12
 30
0.0
 11
1134.86
 21
388.51
 31
0.0
  0
LINE
  5
849
330
17
100
AcDbEntity
  8
LINES
100
AcDbLine
 10
1134.86
 20
388.51
 30
0.0
 11
1137.31
 21
388.94
 31
0.0
  0
LINE
  5
84A
330
17
100
AcDbEntity
  8
LINES
100
AcDbLine
 10
1137.16
 20
384.19
 30
0.0
 11
1135.29
 21
384.05
 31
0.0
  0
LINE
  5
84B
330
17
100
AcDbEntity
  8
LINES
100
AcDbLine
 10
1137.16
 20
387.5
 30
0.0
 11
1137.02
 21
384.19
 31
0.0
  0
LINE
  5
84C
330
17
100
AcDbEntity
  8
LINES
100
AcDbLine
 10
1135.29
 20
387.07
 30
0.0
 11
1137.16
 21
387.22
 31
0.0
  0
LINE
  5
84D
330
17
100
AcDbEntity
  8
LINES
100
AcDbLine
 10
1136.73
 20
390.82
 30
0.0
 11
1137.74
 21
387.79
 31
0.0
  0
LINE
  5
84E
330
17
100
AcDbEntity
  8
LINES
100
AcDbLine
 10
1135.29
 20
387.65
 30
0.0
 11
1135.29
 21
383.62
 31
0.0
  0
LINE
  5
84F
330
17
100
AcDbEntity
  8
LINES
100
AcDbLine
 10
914.54
 20
487.44
 30
0.0
 11
1173.16
 21
487.44
 31
0.0
  0
LINE
  5
850
330
17
100
AcDbEntity
  8
LINES
100
AcDbLine
 10
957.16
 20
480.96
 30
0.0
 11
957.59
 21
479.52
 31
0.0
  0
LINE
  5
851
330
17
100
AcDbEntity
  8
LINES
100
AcDbLine
 10
955.87
 20
478.51
 30
0.0
 11
958.89
 21
479.23
 31
0.0
  0
LINE
  5
852
330
17
100
AcDbEntity
  8
LINES
100
AcDbLine
 10
956.87
 20
478.22
 30
0.0
 11
956.01
 21
474.91
 31
0.0
  0
LINE
  5
853
330
17
100
AcDbEntity
  8
LINES
100
AcDbLine
 10
957.74
 20
478.22
 30
0.0
 11
958.75
 21
476.35
 31
0.0
  0
LINE
  5
854
330
17
100
AcDbEntity
  8
LINES
100
AcDbLine
 10
962.35
 20
479.52
 30
0.0
 11
961.77
 21
477.36
 31
0.0
  0
LINE
  5
855
330
17
100
AcDbEntity
  8
LINES
100
AcDbLine
 10
961.19
 20
478.94
 30
0.0
 11
962.35
 21
479.23
 31
0.0
  0
LINE
  5
856
330
17
100
AcDbEntity
  8
LINES
100
AcDbLine
 10
960.91
 20
476.64
 30
0.0
 11
959.61
 21
474.77
 31
0.0
  0
LINE
  5
857
330
17
100
AcDbEntity
  8
LINES
100
AcDbLine
 10
961.48
 20
480.67
 30
0.0
 11
960.91
 21
477.07
 31
0.0
  0
LINE
  5
858
330
17
100
AcDbEntity
  8
LINES
100
AcDbLine
 10
959.61
 20
477.94
 30
0.0
 11
960.76
 21
478.22
 31
0.0
  0
LINE
  5
859
330
17
100
AcDbEntity
  8
LINES
100
AcDbLine
 10
962.63
 20
477.5
 30
0.0
 11
961.19
 21
477.22
 31
0.0
  0
LINE
  5
85A
330
17
100
AcDbEntity
  8
LINES
100
AcDbLine
 10
963.07
 20
475.34
 30
0.0
 11
960.62
 21
474.77
 31
0.0
  0
LINE
  5
85B
330
17
100
AcDbEntity
  8
LINES
100
AcDbLine
 10
961.19
 20
477.36
 30
0.0
 11
961.19
 21
474.91
 31
0.0
  0
LINE
  5
85C
330
17
100
AcDbEntity
  8
LINES
100
AcDbLine
 10
962.63
 20
477.79
 30
0.0
 11
962.49
 21
475.2
 31
0.0
  0
LINE
  5
85D
330
17
100
AcDbEntity
  8
LINES
100
AcDbLine
 10
963.64
 20
473.76
 30
0.0
 11
964.65
 21
477.79
 31
0.0
  0
LINE
  5
85E
330
17
100
AcDbEntity
  8
LINES
100
AcDbLine
 10
965.37
 20
478.08
 30
0.0
 11
963.79
 21
477.79
 31
0.0
  0
LINE
  5
85F
330
17
100
AcDbEntity
  8
LINES
100
AcDbLine
 10
965.23
 20
475.63
 30
0.0
 11
964.65
 21
477.07
 31
0.0
  0
LINE
  5
860
330
17
100
AcDbEntity
  8
LINES
100
AcDbLine
 10
964.65
 20
471.89
 30
0.0
 11
964.65
 21
480.67
 31
0.0
  0
LINE
  5
861
330
17
100
AcDbEntity
  8
LINES
100
AcDbLine
 10
966.38
 20
479.52
 30
0.0
 11
965.66
 21
479.23
 31
0.0
  0
LINE
  5
862
330
17
100
AcDbEntity
  8
LINES
100
AcDbLine
 10
1135.58
 20
480.53
 30
0.0
 11
1133.99
 21
475.92
 31
0.0
  0
LINE
  5
863
330
17
100
AcDbEntity
  8
LINES
100
AcDbLine
 10
1133.99
 20
475.92
 30
0.0
 11
1136.44
 21
476.35
 31
0.0
  0
LINE
  5
864
330
17
100
AcDbEntity
  8
LINES
100
AcDbLine
 10
1136.3
 20
471.6
 30
0.0
 11
1134.43
 21
471.46
 31
0.0
  0
LINE
  5
865
330
17
100
AcDbEntity
  8
LINES
100
AcDbLine
 10
1136.3
 20
474.91
 30
0.0
 11
1136.15
 21
471.6
 31
0.0
  0
LINE
  5
866
330
17
100
AcDbEntity
  8
LINES
100
AcDbLine
 10
1134.43
 20
474.48
 30
0.0
 11
1136.3
 21
474.62
 31
0.0
  0
LINE
  5
867
330
17
100
AcDbEntity
  8
LINES
100
AcDbLine
 10
1135.87
 20
478.22
 30
0.0
 11
1136.87
 21
475.2
 31
0.0
  0
LINE
  5
868
330
17
100
AcDbEntity
  8
LINES
100
AcDbLine
 10
1134.43
 20
475.06
 30
0.0
 11
1134.43
 21
471.02
 31
0.0
  0
LINE
  5
869
330
17
100
AcDbEntity
  8
LINES
100
AcDbLine
 10
1014.33
 20
496.22
 30
0.0
 11
1016.35
 21
491.04
 31
0.0
  0
LINE
  5
86A
330
17
100
AcDbEntity
  8
LINES
100
AcDbLine
 10
1040.97
 20
491.04
 30
0.0
 11
1045.0
 21
500.98
 31
0.0
  0
LINE
  5
86B
330
17
100
AcDbEntity
  8
LINES
100
AcDbLine
 10
1040.97
 20
500.98
 30
0.0
 11
1045.0
 21
491.04
 31
0.0
  0
LINE
  5
86C
330
17
100
AcDbEntity
  8
LINES
100
AcDbLine
 10
1046.73
 20
495.22
 30
0.0
 11
1051.77
 21
495.22
 31
0.0
  0
LINE
  5
86D
330
17
100
AcDbEntity
  8
LINES
100
AcDbLine
 10
1001.37
 20
478.94
 30
0.0
 11
1001.37
 21
471.74
 31
0.0
  0
LINE
  5
86E
330
17
100
AcDbEntity
  8
LINES
100
AcDbLine
 10
1001.8
 20
480.67
 30
0.0
 11
1000.65
 21
476.5
 31
0.0
  0
LINE
  5
86F
330
17
100
AcDbEntity
  8
LINES
100
AcDbLine
 10
1003.67
 20
480.1
 30
0.0
 11
1002.23
 21
478.51
 31
0.0
  0
LINE
  5
870
330
17
100
AcDbEntity
  8
LINES
100
AcDbLine
 10
1002.09
 20
472.61
 30
0.0
 11
1002.95
 21
474.77
 31
0.0
  0
LINE
  5
871
330
17
100
AcDbEntity
  8
LINES
100
AcDbLine
 10
1002.23
 20
476.21
 30
0.0
 11
1004.11
 21
477.07
 31
0.0
  0
LINE
  5
872
330
17
100
AcDbEntity
  8
LINES
100
AcDbLine
 10
1002.95
 20
479.38
 30
0.0
 11
1003.1
 21
476.64
 31
0.0
  0
LINE
  5
873
330
17
100
AcDbEntity
  8
LINES
100
AcDbLine
 10
1004.11
 20
471.89
 30
0.0
 11
1004.11
 21
474.77
 31
0.0
  0
LINE
  5
874
330
17
100
AcDbEntity
  8
LINES
100
AcDbLine
 10
1002.81
 20
473.62
 30
0.0
 11
1003.24
 21
472.46
 31
0.0
  0
LINE
  5
875
330
17
100
AcDbEntity
  8
LINES
100
AcDbLine
 10
1002.23
 20
473.04
 30
0.0
 11
1002.23
 21
479.38
 31
0.0
  0
LINE
  5
876
330
17
100
AcDbEntity
  8
LINES
100
AcDbLine
 10
1003.1
 20
476.64
 30
0.0
 11
1003.24
 21
475.06
 31
0.0
  0
LINE
  5
877
330
17
100
AcDbEntity
  8
LINES
100
AcDbLine
 10
1003.67
 20
473.18
 30
0.0
 11
1004.11
 21
471.89
 31
0.0
  0
LINE
  5
878
330
17
100
AcDbEntity
  8
LINES
100
AcDbLine
 10
1003.67
 20
473.18
 30
0.0
 11
1003.24
 21
475.06
 31
0.0
  0
LINE
  5
879
330
17
100
AcDbEntity
  8
LINES
100
AcDbLine
 10
1004.54
 20
473.47
 30
0.0
 11
1005.98
 21
474.91
 31
0.0
  0
LINE
  5
87A
330
17
100
AcDbEntity
  8
LINES
100
AcDbLine
 10
1005.83
 20
477.22
 30
0.0
 11
1005.55
 21
474.48
 31
0.0
  0
LINE
  5
87B
330
17
100
AcDbEntity
  8
LINES
100
AcDbLine
 10
1004.97
 20
476.64
 30
0.0
 11
1005.11
 21
475.06
 31
0.0
  0
LINE
  5
87C
330
17
100
AcDbEntity
  8
LINES
100
AcDbLine
 10
1004.68
 20
477.22
 30
0.0
 11
1005.98
 21
477.94
 31
0.0
  0
LINE
  5
87D
330
17
100
AcDbEntity
  8
LINES
100
AcDbLine
 10
1005.26
 20
479.95
 30
0.0
 11
1005.55
 21
478.37
 31
0.0
  0
LINE
  5
87E
330
17
100
AcDbEntity
  8
LINES
100
AcDbLine
 10
1007.13
 20
480.96
 30
0.0
 11
1007.13
 21
478.37
 31
0.0
  0
LINE
  5
87F
330
17
100
AcDbEntity
  8
LINES
100
AcDbLine
 10
1006.55
 20
479.81
 30
0.0
 11
1006.55
 21
478.08
 31
0.0
  0
LINE
  5
880
330
17
100
AcDbEntity
  8
LINES
100
AcDbLine
 10
1006.41
 20
478.08
 30
0.0
 11
1007.71
 21
478.37
 31
0.0
  0
LINE
  5
881
330
17
100
AcDbEntity
  8
LINES
100
AcDbLine
 10
1007.85
 20
480.24
 30
0.0
 11
1007.71
 21
478.08
 31
0.0
  0
LINE
  5
882
330
17
100
AcDbEntity
  8
LINES
100
AcDbLine
 10
1006.12
 20
476.5
 30
0.0
 11
1008.14
 21
477.07
 31
0.0
  0
LINE
  5
883
330
17
100
AcDbEntity
  8
LINES
100
AcDbLine
 10
1007.13
 20
476.78
 30
0.0
 11
1006.84
 21
475.34
 31
0.0
  0
LINE
  5
884
330
17
100
AcDbEntity
  8
LINES
100
AcDbLine
 10
1006.27
 20
475.06
 30
0.0
 11
1007.99
 21
475.49
 31
0.0
  0
LINE
  5
885
330
17
100
AcDbEntity
  8
LINES
100
AcDbLine
 10
1006.7
 20
475.2
 30
0.0
 11
1006.7
 21
472.18
 31
0.0
  0
LINE
  5
886
330
17
100
AcDbEntity
  8
LINES
100
AcDbLine
 10
1007.27
 20
475.34
 30
0.0
 11
1007.27
 21
472.18
 31
0.0
  0
LINE
  5
887
330
17
100
AcDbEntity
  8
LINES
100
AcDbLine
 10
959.18
 20
415.01
 30
0.0
 11
959.18
 21
410.98
 31
0.0
  0
LINE
  5
888
330
17
100
AcDbEntity
  8
LINES
100
AcDbLine
 10
960.62
 20
411.26
 30
0.0
 11
957.59
 21
410.69
 31
0.0
  0
LINE
  5
889
330
17
100
AcDbEntity
  8
LINES
100
AcDbLine
 10
960.76
 20
405.94
 30
0.0
 11
960.62
 21
408.1
 31
0.0
  0
LINE
  5
88A
330
17
100
AcDbEntity
  8
LINES
100
AcDbLine
 10
958.46
 20
411.98
 30
0.0
 11
958.17
 21
413.57
 31
0.0
  0
LINE
  5
88B
330
17
100
AcDbEntity
  8
LINES
100
AcDbLine
 10
959.47
 20
411.41
 30
0.0
 11
960.19
 21
413.71
 31
0.0
  0
LINE
  5
88C
330
17
100
AcDbEntity
  8
LINES
100
AcDbLine
 10
962.63
 20
412.56
 30
0.0
 11
961.48
 21
412.13
 31
0.0
  0
LINE
  5
88D
330
17
100
AcDbEntity
  8
LINES
100
AcDbLine
 10
961.34
 20
409.25
 30
0.0
 11
962.63
 21
410.98
 31
0.0
  0
LINE
  5
88E
330
17
100
AcDbEntity
  8
LINES
100
AcDbLine
 10
963.35
 20
415.01
 30
0.0
 11
963.79
 21
413.57
 31
0.0
  0
LINE
  5
88F
330
17
100
AcDbEntity
  8
LINES
100
AcDbLine
 10
962.92
 20
412.85
 30
0.0
 11
964.65
 21
413.57
 31
0.0
  0
LINE
  5
890
330
17
100
AcDbEntity
  8
LINES
100
AcDbLine
 10
964.79
 20
411.26
 30
0.0
 11
962.78
 21
410.69
 31
0.0
  0
LINE
  5
891
330
17
100
AcDbEntity
  8
LINES
100
AcDbLine
 10
962.49
 20
408.96
 30
0.0
 11
964.79
 21
409.54
 31
0.0
  0
LINE
  5
892
330
17
100
AcDbEntity
  8
LINES
100
AcDbLine
 10
963.79
 20
407.52
 30
0.0
 11
963.21
 21
408.1
 31
0.0
  0
LINE
  5
893
330
17
100
AcDbEntity
  8
LINES
100
AcDbLine
 10
963.5
 20
411.41
 30
0.0
 11
963.21
 21
412.56
 31
0.0
  0
LINE
  5
894
330
17
100
AcDbEntity
  8
LINES
100
AcDbLine
 10
964.07
 20
413.28
 30
0.0
 11
963.93
 21
410.98
 31
0.0
  0
LINE
  5
895
330
17
100
AcDbEntity
  8
LINES
100
AcDbLine
 10
963.79
 20
407.52
 30
0.0
 11
964.79
 21
406.08
 31
0.0
  0
LINE
  5
896
330
17
100
AcDbEntity
  8
LINES
100
AcDbLine
 10
963.5
 20
410.83
 30
0.0
 11
963.21
 21
408.1
 31
0.0
  0
LINE
  5
897
330
17
100
AcDbEntity
  8
LINES
100
AcDbLine
 10
964.07
 20
409.39
 30
0.0
 11
963.79
 21
407.38
 31
0.0
  0
LINE
  5
898
330
17
100
AcDbEntity
  8
LINES
100
AcDbLine
 10
966.09
 20
413.14
 30
0.0
 11
966.23
 21
407.66
 31
0.0
  0
LINE
  5
899
330
17
100
AcDbEntity
  8
LINES
100
AcDbLine
 10
966.09
 20
412.56
 30
0.0
 11
968.11
 21
412.85
 31
0.0
  0
LINE
  5
89A
330
17
100
AcDbEntity
  8
LINES
100
AcDbLine
 10
967.82
 20
408.67
 30
0.0
 11
968.11
 21
413.28
 31
0.0
  0
LINE
  5
89B
330
17
100
AcDbEntity
  8
LINES
100
AcDbLine
 10
966.23
 20
408.38
 30
0.0
 11
968.11
 21
408.67
 31
0.0
  0
LINE
  5
89C
330
17
100
AcDbEntity
  8
LINES
100
AcDbLine
 10
971.56
 20
408.53
 30
0.0
 11
972.43
 21
406.08
 31
0.0
  0
LINE
  5
89D
330
17
100
AcDbEntity
  8
LINES
100
AcDbLine
 10
970.99
 20
410.98
 30
0.0
 11
971.99
 21
411.12
 31
0.0
  0
LINE
  5
89E
330
17
100
AcDbEntity
  8
LINES
100
AcDbLine
 10
972.28
 20
412.56
 30
0.0
 11
972.28
 21
410.26
 31
0.0
  0
LINE
  5
89F
330
17
100
AcDbEntity
  8
LINES
100
AcDbLine
 10
970.55
 20
408.53
 30
0.0
 11
972.71
 21
408.96
 31
0.0
  0
LINE
  5
8A0
330
17
100
AcDbEntity
  8
LINES
100
AcDbLine
 10
970.99
 20
409.97
 30
0.0
 11
972.28
 21
410.26
 31
0.0
  0
LINE
  5
8A1
330
17
100
AcDbEntity
  8
LINES
100
AcDbLine
 10
970.99
 20
411.98
 30
0.0
 11
972.28
 21
412.27
 31
0.0
  0
LINE
  5
8A2
330
17
100
AcDbEntity
  8
LINES
100
AcDbLine
 10
970.99
 20
412.27
 30
0.0
 11
970.99
 21
409.68
 31
0.0
  0
LINE
  5
8A3
330
17
100
AcDbEntity
  8
LINES
100
AcDbLine
 10
972.43
 20
406.08
 30
0.0
 11
972.86
 21
406.08
 31
0.0
  0
LINE
  5
8A4
330
17
100
AcDbEntity
  8
LINES
100
AcDbLine
 10
970.12
 20
411.41
 30
0.0
 11
970.41
 21
410.4
 31
0.0
  0
LINE
  5
8A5
330
17
100
AcDbEntity
  8
LINES
100
AcDbLine
 10
969.4
 20
411.7
 30
0.0
 11
970.55
 21
412.27
 31
0.0
  0
LINE
  5
8A6
330
17
100
AcDbEntity
  8
LINES
100
AcDbLine
 10
970.12
 20
411.98
 30
0.0
 11
969.26
 21
407.81
 31
0.0
  0
LINE
  5
8A7
330
17
100
AcDbEntity
  8
LINES
100
AcDbLine
 10
970.12
 20
414.86
 30
0.0
 11
970.12
 21
405.94
 31
0.0
  0
LINE
  5
8A8
330
17
100
AcDbEntity
  8
LINES
100
AcDbLine
 10
971.13
 20
414.72
 30
0.0
 11
971.27
 21
412.27
 31
0.0
  0
LINE
  5
8A9
330
17
100
AcDbEntity
  8
LINES
100
AcDbLine
 10
971.99
 20
414.86
 30
0.0
 11
971.85
 21
412.27
 31
0.0
  0
LINE
  5
8AA
330
17
100
AcDbEntity
  8
LINES
100
AcDbLine
 10
970.7
 20
412.99
 30
0.0
 11
972.57
 21
413.42
 31
0.0
  0
LINE
  5
8AB
330
17
100
AcDbEntity
  8
LINES
100
AcDbLine
 10
973.15
 20
407.95
 30
0.0
 11
974.59
 21
409.25
 31
0.0
  0
LINE
  5
8AC
330
17
100
AcDbEntity
  8
LINES
100
AcDbLine
 10
974.59
 20
411.41
 30
0.0
 11
973.29
 21
410.98
 31
0.0
  0
LINE
  5
8AD
330
17
100
AcDbEntity
  8
LINES
100
AcDbLine
 10
974.15
 20
414.72
 30
0.0
 11
974.15
 21
408.82
 31
0.0
  0
LINE
  5
8AE
330
17
100
AcDbEntity
  8
LINES
100
AcDbLine
 10
974.73
 20
411.84
 30
0.0
 11
976.17
 21
412.13
 31
0.0
  0
LINE
  5
8AF
330
17
100
AcDbEntity
  8
LINES
100
AcDbLine
 10
974.59
 20
409.82
 30
0.0
 11
976.75
 21
410.26
 31
0.0
  0
LINE
  5
8B0
330
17
100
AcDbEntity
  8
LINES
100
AcDbLine
 10
976.17
 20
412.42
 30
0.0
 11
976.03
 21
410.11
 31
0.0
  0
LINE
  5
8B1
330
17
100
AcDbEntity
  8
LINES
100
AcDbLine
 10
1160.35
 20
417.74
 30
0.0
 11
1160.35
 21
407.81
 31
0.0
  0
LINE
  5
8B2
330
17
100
AcDbEntity
  8
LINES
100
AcDbLine
 10
1136.44
 20
407.52
 30
0.0
 11
1136.44
 21
414.0
 31
0.0
  0
LINE
  5
8B3
330
17
100
AcDbEntity
  8
LINES
100
AcDbLine
 10
1003.67
 20
417.89
 30
0.0
 11
1003.67
 21
414.0
 31
0.0
  0
LINE
  5
8B4
330
17
100
AcDbEntity
  8
LINES
100
AcDbLine
 10
1005.11
 20
414.29
 30
0.0
 11
1002.23
 21
413.71
 31
0.0
  0
LINE
  5
8B5
330
17
100
AcDbEntity
  8
LINES
100
AcDbLine
 10
1005.26
 20
408.96
 30
0.0
 11
1005.11
 21
410.98
 31
0.0
  0
LINE
  5
8B6
330
17
100
AcDbEntity
  8
LINES
100
AcDbLine
 10
1003.1
 20
415.01
 30
0.0
 11
1002.81
 21
416.59
 31
0.0
  0
LINE
  5
8B7
330
17
100
AcDbEntity
  8
LINES
100
AcDbLine
 10
1004.11
 20
414.43
 30
0.0
 11
1004.68
 21
416.74
 31
0.0
  0
LINE
  5
8B8
330
17
100
AcDbEntity
  8
LINES
100
AcDbLine
 10
1008.28
 20
411.55
 30
0.0
 11
1009.0
 21
409.1
 31
0.0
  0
LINE
  5
8B9
330
17
100
AcDbEntity
  8
LINES
100
AcDbLine
 10
1007.71
 20
413.86
 30
0.0
 11
1008.57
 21
414.14
 31
0.0
  0
LINE
  5
8BA
330
17
100
AcDbEntity
  8
LINES
100
AcDbLine
 10
1009.0
 20
415.44
 30
0.0
 11
1008.86
 21
413.28
 31
0.0
  0
LINE
  5
8BB
330
17
100
AcDbEntity
  8
LINES
100
AcDbLine
 10
1007.27
 20
411.55
 30
0.0
 11
1009.43
 21
411.98
 31
0.0
  0
LINE
  5
8BC
330
17
100
AcDbEntity
  8
LINES
100
AcDbLine
 10
1007.71
 20
412.99
 30
0.0
 11
1009.0
 21
413.28
 31
0.0
  0
LINE
  5
8BD
330
17
100
AcDbEntity
  8
LINES
100
AcDbLine
 10
1007.71
 20
415.01
 30
0.0
 11
1008.86
 21
415.3
 31
0.0
  0
LINE
  5
8BE
330
17
100
AcDbEntity
  8
LINES
100
AcDbLine
 10
1007.71
 20
415.3
 30
0.0
 11
1007.71
 21
412.7
 31
0.0
  0
LINE
  5
8BF
330
17
100
AcDbEntity
  8
LINES
100
AcDbLine
 10
1009.0
 20
409.1
 30
0.0
 11
1009.43
 21
409.1
 31
0.0
  0
LINE
  5
8C0
330
17
100
AcDbEntity
  8
LINES
100
AcDbLine
 10
1006.7
 20
414.29
 30
0.0
 11
1006.99
 21
413.42
 31
0.0
  0
LINE
  5
8C1
330
17
100
AcDbEntity
  8
LINES
100
AcDbLine
 10
1005.98
 20
414.72
 30
0.0
 11
1007.27
 21
415.3
 31
0.0
  0
LINE
  5
8C2
330
17
100
AcDbEntity
  8
LINES
100
AcDbLine
 10
1006.7
 20
415.01
 30
0.0
 11
1005.98
 21
410.83
 31
0.0
  0
LINE
  5
8C3
330
17
100
AcDbEntity
  8
LINES
100
AcDbLine
 10
1006.7
 20
417.89
 30
0.0
 11
1006.7
 21
408.82
 31
0.0
  0
LINE
  5
8C4
330
17
100
AcDbEntity
  8
LINES
100
AcDbLine
 10
1007.85
 20
417.6
 30
0.0
 11
1007.85
 21
415.3
 31
0.0
  0
LINE
  5
8C5
330
17
100
AcDbEntity
  8
LINES
100
AcDbLine
 10
1008.57
 20
417.89
 30
0.0
 11
1008.43
 21
415.3
 31
0.0
  0
LINE
  5
8C6
330
17
100
AcDbEntity
  8
LINES
100
AcDbLine
 10
1007.27
 20
416.02
 30
0.0
 11
1009.15
 21
416.45
 31
0.0
  0
LINE
  5
8C7
330
17
100
AcDbEntity
  8
LINES
100
AcDbLine
 10
1009.87
 20
410.98
 30
0.0
 11
1011.31
 21
412.13
 31
0.0
  0
LINE
  5
8C8
330
17
100
AcDbEntity
  8
LINES
100
AcDbLine
 10
1011.31
 20
414.43
 30
0.0
 11
1010.01
 21
414.0
 31
0.0
  0
LINE
  5
8C9
330
17
100
AcDbEntity
  8
LINES
100
AcDbLine
 10
1010.73
 20
417.74
 30
0.0
 11
1010.73
 21
411.7
 31
0.0
  0
LINE
  5
8CA
330
17
100
AcDbEntity
  8
LINES
100
AcDbLine
 10
1011.31
 20
414.86
 30
0.0
 11
1012.75
 21
415.15
 31
0.0
  0
LINE
  5
8CB
330
17
100
AcDbEntity
  8
LINES
100
AcDbLine
 10
1011.16
 20
412.85
 30
0.0
 11
1013.32
 21
413.14
 31
0.0
  0
LINE
  5
8CC
330
17
100
AcDbEntity
  8
LINES
100
AcDbLine
 10
1012.75
 20
415.3
 30
0.0
 11
1012.75
 21
413.14
 31
0.0
  0
LINE
  5
8CD
330
17
100
AcDbEntity
  8
LINES
100
AcDbLine
 10
1014.33
 20
411.7
 30
0.0
 11
1014.33
 21
411.55
 31
0.0
  0
LINE
  5
8CE
330
17
100
AcDbEntity
  8
LINES
100
AcDbLine
 10
1014.33
 20
411.55
 30
0.0
 11
1014.33
 21
411.26
 31
0.0
  0
LINE
  5
8CF
330
17
100
AcDbEntity
  8
LINES
100
AcDbLine
 10
1014.33
 20
411.55
 30
0.0
 11
1014.47
 21
411.55
 31
0.0
  0
LINE
  5
8D0
330
17
100
AcDbEntity
  8
LINES
100
AcDbLine
 10
1020.52
 20
418.03
 30
0.0
 11
1018.36
 21
415.73
 31
0.0
  0
LINE
  5
8D1
330
17
100
AcDbEntity
  8
LINES
100
AcDbLine
 10
1017.79
 20
413.57
 30
0.0
 11
1021.24
 21
414.29
 31
0.0
  0
LINE
  5
8D2
330
17
100
AcDbEntity
  8
LINES
100
AcDbLine
 10
1019.51
 20
417.02
 30
0.0
 11
1019.51
 21
408.67
 31
0.0
  0
LINE
  5
8D3
330
17
100
AcDbEntity
  8
LINES
100
AcDbLine
 10
1023.83
 20
412.99
 30
0.0
 11
1024.7
 21
411.7
 31
0.0
  0
LINE
  5
8D4
330
17
100
AcDbEntity
  8
LINES
100
AcDbLine
 10
1024.7
 20
415.73
 30
0.0
 11
1023.83
 21
413.71
 31
0.0
  0
LINE
  5
8D5
330
17
100
AcDbEntity
  8
LINES
100
AcDbLine
 10
1022.25
 20
415.87
 30
0.0
 11
1022.68
 21
414.29
 31
0.0
  0
LINE
  5
8D6
330
17
100
AcDbEntity
  8
LINES
100
AcDbLine
 10
1021.96
 20
411.98
 30
0.0
 11
1022.97
 21
413.57
 31
0.0
  0
LINE
  5
8D7
330
17
100
AcDbEntity
  8
LINES
100
AcDbLine
 10
1026.86
 20
415.73
 30
0.0
 11
1027.43
 21
414.43
 31
0.0
  0
LINE
  5
8D8
330
17
100
AcDbEntity
  8
LINES
100
AcDbLine
 10
1027.58
 20
412.85
 30
0.0
 11
1028.87
 21
413.14
 31
0.0
  0
LINE
  5
8D9
330
17
100
AcDbEntity
  8
LINES
100
AcDbLine
 10
1028.73
 20
417.02
 30
0.0
 11
1027.87
 21
414.58
 31
0.0
  0
LINE
  5
8DA
330
17
100
AcDbEntity
  8
LINES
100
AcDbLine
 10
1027.29
 20
411.98
 30
0.0
 11
1027.72
 21
410.54
 31
0.0
  0
LINE
  5
8DB
330
17
100
AcDbEntity
  8
LINES
100
AcDbLine
 10
1027.87
 20
414.58
 30
0.0
 11
1026.57
 21
412.27
 31
0.0
  0
LINE
  5
8DC
330
17
100
AcDbEntity
  8
LINES
100
AcDbLine
 10
1027.0
 20
416.3
 30
0.0
 11
1028.59
 21
416.59
 31
0.0
  0
LINE
  5
8DD
330
17
100
AcDbEntity
  8
LINES
100
AcDbLine
 10
1032.04
 20
411.55
 30
0.0
 11
1032.76
 21
409.1
 31
0.0
  0
LINE
  5
8DE
330
17
100
AcDbEntity
  8
LINES
100
AcDbLine
 10
1031.47
 20
413.86
 30
0.0
 11
1032.33
 21
414.14
 31
0.0
  0
LINE
  5
8DF
330
17
100
AcDbEntity
  8
LINES
100
AcDbLine
 10
1032.76
 20
415.44
 30
0.0
 11
1032.62
 21
413.28
 31
0.0
  0
LINE
  5
8E0
330
17
100
AcDbEntity
  8
LINES
100
AcDbLine
 10
1031.03
 20
411.55
 30
0.0
 11
1033.19
 21
411.98
 31
0.0
  0
LINE
  5
8E1
330
17
100
AcDbEntity
  8
LINES
100
AcDbLine
 10
1031.47
 20
412.99
 30
0.0
 11
1032.76
 21
413.28
 31
0.0
  0
LINE
  5
8E2
330
17
100
AcDbEntity
  8
LINES
100
AcDbLine
 10
1031.47
 20
415.01
 30
0.0
 11
1032.76
 21
415.3
 31
0.0
  0
LINE
  5
8E3
330
17
100
AcDbEntity
  8
LINES
100
AcDbLine
 10
1031.47
 20
415.3
 30
0.0
 11
1031.47
 21
412.7
 31
0.0
  0
LINE
  5
8E4
330
17
100
AcDbEntity
  8
LINES
100
AcDbLine
 10
1032.76
 20
409.1
 30
0.0
 11
1033.19
 21
409.1
 31
0.0
  0
LINE
  5
8E5
330
17
100
AcDbEntity
  8
LINES
100
AcDbLine
 10
1030.6
 20
414.29
 30
0.0
 11
1030.89
 21
413.42
 31
0.0
  0
LINE
  5
8E6
330
17
100
AcDbEntity
  8
LINES
100
AcDbLine
 10
1029.74
 20
414.72
 30
0.0
 11
1031.03
 21
415.3
 31
0.0
  0
LINE
  5
8E7
330
17
100
AcDbEntity
  8
LINES
100
AcDbLine
 10
1030.6
 20
415.01
 30
0.0
 11
1029.74
 21
410.83
 31
0.0
  0
LINE
  5
8E8
330
17
100
AcDbEntity
  8
LINES
100
AcDbLine
 10
1030.6
 20
417.89
 30
0.0
 11
1030.6
 21
408.82
 31
0.0
  0
LINE
  5
8E9
330
17
100
AcDbEntity
  8
LINES
100
AcDbLine
 10
1031.61
 20
417.6
 30
0.0
 11
1031.75
 21
415.3
 31
0.0
  0
LINE
  5
8EA
330
17
100
AcDbEntity
  8
LINES
100
AcDbLine
 10
1032.33
 20
417.89
 30
0.0
 11
1032.19
 21
415.3
 31
0.0
  0
LINE
  5
8EB
330
17
100
AcDbEntity
  8
LINES
100
AcDbLine
 10
1031.03
 20
416.02
 30
0.0
 11
1033.05
 21
416.45
 31
0.0
  0
LINE
  5
8EC
330
17
100
AcDbEntity
  8
LINES
100
AcDbLine
 10
1034.2
 20
411.7
 30
0.0
 11
1034.2
 21
411.55
 31
0.0
  0
LINE
  5
8ED
330
17
100
AcDbEntity
  8
LINES
100
AcDbLine
 10
1034.2
 20
411.55
 30
0.0
 11
1034.2
 21
411.26
 31
0.0
  0
LINE
  5
8EE
330
17
100
AcDbEntity
  8
LINES
100
AcDbLine
 10
1034.2
 20
411.55
 30
0.0
 11
1034.2
 21
411.55
 31
0.0
  0
LINE
  5
8EF
330
17
100
AcDbEntity
  8
LINES
100
AcDbLine
 10
1051.48
 20
408.82
 30
0.0
 11
1051.48
 21
418.61
 31
0.0
  0
LINE
  5
8F0
330
17
100
AcDbEntity
  8
LINES
100
AcDbLine
 10
1054.36
 20
415.3
 30
0.0
 11
1051.48
 21
410.69
 31
0.0
  0
LINE
  5
8F1
330
17
100
AcDbEntity
  8
LINES
100
AcDbLine
 10
1052.63
 20
412.56
 30
0.0
 11
1054.65
 21
408.82
 31
0.0
  0
LINE
  5
8F2
330
17
100
AcDbEntity
  8
LINES
100
AcDbLine
 10
1056.38
 20
408.82
 30
0.0
 11
1056.38
 21
415.3
 31
0.0
  0
LINE
  5
8F3
330
17
100
AcDbEntity
  8
LINES
100
AcDbLine
 10
914.54
 20
398.16
 30
0.0
 11
1173.16
 21
398.16
 31
0.0
  0
LINE
  5
8F4
330
17
100
AcDbEntity
  8
LINES
100
AcDbLine
 10
102.52
 20
177.98
 30
0.0
 11
103.24
 21
176.69
 31
0.0
  0
LINE
  5
8F5
330
17
100
AcDbEntity
  8
LINES
100
AcDbLine
 10
101.66
 20
175.25
 30
0.0
 11
102.38
 21
173.81
 31
0.0
  0
LINE
  5
8F6
330
17
100
AcDbEntity
  8
LINES
100
AcDbLine
 10
103.82
 20
176.69
 30
0.0
 11
106.55
 21
177.12
 31
0.0
  0
LINE
  5
8F7
330
17
100
AcDbEntity
  8
LINES
100
AcDbLine
 10
105.26
 20
176.83
 30
0.0
 11
105.11
 21
169.78
 31
0.0
  0
LINE
  5
8F8
330
17
100
AcDbEntity
  8
LINES
100
AcDbLine
 10
104.68
 20
178.99
 30
0.0
 11
105.26
 21
177.26
 31
0.0
  0
LINE
  5
8F9
330
17
100
AcDbEntity
  8
LINES
100
AcDbLine
 10
103.96
 20
172.8
 30
0.0
 11
106.27
 21
173.23
 31
0.0
  0
LINE
  5
8FA
330
17
100
AcDbEntity
  8
LINES
100
AcDbLine
 10
106.84
 20
169.78
 30
0.0
 11
103.24
 21
169.2
 31
0.0
  0
LINE
  5
8FB
330
17
100
AcDbEntity
  8
LINES
100
AcDbLine
 10
108.43
 20
173.52
 30
0.0
 11
108.28
 21
173.52
 31
0.0
  0
LINE
  5
8FC
330
17
100
AcDbEntity
  8
LINES
100
AcDbLine
 10
108.43
 20
170.78
 30
0.0
 11
108.28
 21
170.78
 31
0.0
  0
LINE
  5
8FD
330
17
100
AcDbEntity
  8
LINES
100
AcDbLine
 10
127.15
 20
175.97
 30
0.0
 11
127.72
 21
174.67
 31
0.0
  0
LINE
  5
8FE
330
17
100
AcDbEntity
  8
LINES
100
AcDbLine
 10
127.87
 20
179.28
 30
0.0
 11
127.87
 21
172.8
 31
0.0
  0
LINE
  5
8FF
330
17
100
AcDbEntity
  8
LINES
100
AcDbLine
 10
128.73
 20
174.1
 30
0.0
 11
129.88
 21
172.51
 31
0.0
  0
LINE
  5
900
330
17
100
AcDbEntity
  8
LINES
100
AcDbLine
 10
129.88
 20
177.12
 30
0.0
 11
128.73
 21
174.67
 31
0.0
  0
LINE
  5
901
330
17
100
AcDbEntity
  8
LINES
100
AcDbLine
 10
126.71
 20
172.66
 30
0.0
 11
127.87
 21
173.95
 31
0.0
  0
LINE
  5
902
330
17
100
AcDbEntity
  8
LINES
100
AcDbLine
 10
126.43
 20
175.82
 30
0.0
 11
127.15
 21
174.38
 31
0.0
  0
LINE
  5
903
330
17
100
AcDbEntity
  8
LINES
100
AcDbLine
 10
126.43
 20
176.11
 30
0.0
 11
124.84
 21
172.22
 31
0.0
  0
LINE
  5
904
330
17
100
AcDbEntity
  8
LINES
100
AcDbLine
 10
125.13
 20
176.26
 30
0.0
 11
127.29
 21
176.69
 31
0.0
  0
LINE
  5
905
330
17
100
AcDbEntity
  8
LINES
100
AcDbLine
 10
126.43
 20
179.71
 30
0.0
 11
126.43
 21
169.2
 31
0.0
  0
LINE
  5
906
330
17
100
AcDbEntity
  8
LINES
100
AcDbLine
 10
131.61
 20
170.35
 30
0.0
 11
131.32
 21
171.36
 31
0.0
  0
LINE
  5
907
330
17
100
AcDbEntity
  8
LINES
100
AcDbLine
 10
131.61
 20
178.99
 30
0.0
 11
132.33
 21
177.55
 31
0.0
  0
LINE
  5
908
330
17
100
AcDbEntity
  8
LINES
100
AcDbLine
 10
131.75
 20
174.67
 30
0.0
 11
130.75
 21
175.97
 31
0.0
  0
LINE
  5
909
330
17
100
AcDbEntity
  8
LINES
100
AcDbLine
 10
131.61
 20
170.06
 30
0.0
 11
132.62
 21
175.97
 31
0.0
  0
LINE
  5
90A
330
17
100
AcDbEntity
  8
LINES
100
AcDbLine
 10
134.49
 20
177.26
 30
0.0
 11
134.35
 21
170.93
 31
0.0
  0
LINE
  5
90B
330
17
100
AcDbEntity
  8
LINES
100
AcDbLine
 10
132.33
 20
170.78
 30
0.0
 11
136.22
 21
171.07
 31
0.0
  0
LINE
  5
90C
330
17
100
AcDbEntity
  8
LINES
100
AcDbLine
 10
133.05
 20
177.26
 30
0.0
 11
135.93
 21
177.55
 31
0.0
  0
LINE
  5
90D
330
17
100
AcDbEntity
  8
LINES
100
AcDbLine
 10
137.23
 20
177.98
 30
0.0
 11
142.12
 21
178.56
 31
0.0
  0
LINE
  5
90E
330
17
100
AcDbEntity
  8
LINES
100
AcDbLine
 10
138.09
 20
176.4
 30
0.0
 11
138.23
 21
169.2
 31
0.0
  0
LINE
  5
90F
330
17
100
AcDbEntity
  8
LINES
100
AcDbLine
 10
141.55
 20
169.49
 30
0.0
 11
141.69
 21
176.54
 31
0.0
  0
LINE
  5
910
330
17
100
AcDbEntity
  8
LINES
100
AcDbLine
 10
141.69
 20
176.11
 30
0.0
 11
138.09
 21
175.82
 31
0.0
  0
LINE
  5
911
330
17
100
AcDbEntity
  8
LINES
100
AcDbLine
 10
168.47
 20
168.91
 30
0.0
 11
168.47
 21
180.29
 31
0.0
  0
LINE
  5
912
330
17
100
AcDbEntity
  8
LINES
100
AcDbLine
 10
172.79
 20
176.54
 30
0.0
 11
168.47
 21
171.07
 31
0.0
  0
LINE
  5
913
330
17
100
AcDbEntity
  8
LINES
100
AcDbLine
 10
170.2
 20
173.23
 30
0.0
 11
173.23
 21
168.91
 31
0.0
  0
LINE
  5
914
330
17
100
AcDbEntity
  8
LINES
100
AcDbLine
 10
187.19
 20
179.57
 30
0.0
 11
187.77
 21
178.13
 31
0.0
  0
LINE
  5
915
330
17
100
AcDbEntity
  8
LINES
100
AcDbLine
 10
185.47
 20
177.12
 30
0.0
 11
189.93
 21
177.98
 31
0.0
  0
LINE
  5
916
330
17
100
AcDbEntity
  8
LINES
100
AcDbLine
 10
187.05
 20
177.26
 30
0.0
 11
187.05
 21
174.1
 31
0.0
  0
LINE
  5
917
330
17
100
AcDbEntity
  8
LINES
100
AcDbLine
 10
188.2
 20
177.55
 30
0.0
 11
188.2
 21
174.1
 31
0.0
  0
LINE
  5
918
330
17
100
AcDbEntity
  8
LINES
100
AcDbLine
 10
186.33
 20
176.11
 30
0.0
 11
185.18
 21
173.09
 31
0.0
  0
LINE
  5
919
330
17
100
AcDbEntity
  8
LINES
100
AcDbLine
 10
188.78
 20
176.26
 30
0.0
 11
189.79
 21
174.1
 31
0.0
  0
LINE
  5
91A
330
17
100
AcDbEntity
  8
LINES
100
AcDbLine
 10
186.33
 20
173.38
 30
0.0
 11
188.49
 21
173.81
 31
0.0
  0
LINE
  5
91B
330
17
100
AcDbEntity
  8
LINES
100
AcDbLine
 10
193.82
 20
175.54
 30
0.0
 11
193.24
 21
172.94
 31
0.0
  0
LINE
  5
91C
330
17
100
AcDbEntity
  8
LINES
100
AcDbLine
 10
191.66
 20
175.1
 30
0.0
 11
195.98
 21
175.97
 31
0.0
  0
LINE
  5
91D
330
17
100
AcDbEntity
  8
LINES
100
AcDbLine
 10
193.96
 20
174.1
 30
0.0
 11
194.68
 21
172.08
 31
0.0
  0
LINE
  5
91E
330
17
100
AcDbEntity
  8
LINES
100
AcDbLine
 10
192.38
 20
178.56
 30
0.0
 11
193.24
 21
176.54
 31
0.0
  0
LINE
  5
91F
330
17
100
AcDbEntity
  8
LINES
100
AcDbLine
 10
191.37
 20
169.2
 30
0.0
 11
193.24
 21
172.94
 31
0.0
  0
LINE
  5
920
330
17
100
AcDbEntity
  8
LINES
100
AcDbLine
 10
193.82
 20
175.54
 30
0.0
 11
194.25
 21
179.57
 31
0.0
  0
LINE
  5
921
330
17
100
AcDbEntity
  8
LINES
100
AcDbLine
 10
201.45
 20
175.39
 30
0.0
 11
201.45
 21
168.91
 31
0.0
  0
LINE
  5
922
330
17
100
AcDbEntity
  8
LINES
100
AcDbLine
 10
200.3
 20
175.39
 30
0.0
 11
202.31
 21
175.68
 31
0.0
  0
LINE
  5
923
330
17
100
AcDbEntity
  8
LINES
100
AcDbLine
 10
201.88
 20
178.99
 30
0.0
 11
200.44
 21
177.26
 31
0.0
  0
LINE
  5
924
330
17
100
AcDbEntity
  8
LINES
100
AcDbLine
 10
199.0
 20
172.66
 30
0.0
 11
199.87
 21
171.36
 31
0.0
  0
LINE
  5
925
330
17
100
AcDbEntity
  8
LINES
100
AcDbLine
 10
198.14
 20
172.66
 30
0.0
 11
197.13
 21
170.5
 31
0.0
  0
LINE
  5
926
330
17
100
AcDbEntity
  8
LINES
100
AcDbLine
 10
197.56
 20
173.23
 30
0.0
 11
199.72
 21
173.66
 31
0.0
  0
LINE
  5
927
330
17
100
AcDbEntity
  8
LINES
100
AcDbLine
 10
197.13
 20
174.82
 30
0.0
 11
199.87
 21
175.39
 31
0.0
  0
LINE
  5
928
330
17
100
AcDbEntity
  8
LINES
100
AcDbLine
 10
199.0
 20
177.55
 30
0.0
 11
198.86
 21
175.39
 31
0.0
  0
LINE
  5
929
330
17
100
AcDbEntity
  8
LINES
100
AcDbLine
 10
197.99
 20
176.98
 30
0.0
 11
198.28
 21
175.68
 31
0.0
  0
LINE
  5
92A
330
17
100
AcDbEntity
  8
LINES
100
AcDbLine
 10
197.56
 20
177.41
 30
0.0
 11
199.72
 21
177.84
 31
0.0
  0
LINE
  5
92B
330
17
100
AcDbEntity
  8
LINES
100
AcDbLine
 10
198.28
 20
179.28
 30
0.0
 11
198.71
 21
178.27
 31
0.0
  0
LINE
  5
92C
330
17
100
AcDbEntity
  8
LINES
100
AcDbLine
 10
203.18
 20
169.92
 30
0.0
 11
208.36
 21
170.35
 31
0.0
  0
LINE
  5
92D
330
17
100
AcDbEntity
  8
LINES
100
AcDbLine
 10
205.77
 20
179.28
 30
0.0
 11
205.77
 21
170.06
 31
0.0
  0
LINE
  5
92E
330
17
100
AcDbEntity
  8
LINES
100
AcDbLine
 10
207.64
 20
175.54
 30
0.0
 11
205.77
 21
175.25
 31
0.0
  0
LINE
  5
92F
330
17
100
AcDbEntity
  8
LINES
100
AcDbLine
 10
212.11
 20
169.92
 30
0.0
 11
214.12
 21
170.21
 31
0.0
  0
LINE
  5
930
330
17
100
AcDbEntity
  8
LINES
100
AcDbLine
 10
212.11
 20
172.8
 30
0.0
 11
214.12
 21
173.38
 31
0.0
  0
LINE
  5
931
330
17
100
AcDbEntity
  8
LINES
100
AcDbLine
 10
212.11
 20
173.66
 30
0.0
 11
212.11
 21
169.34
 31
0.0
  0
LINE
  5
932
330
17
100
AcDbEntity
  8
LINES
100
AcDbLine
 10
212.97
 20
175.82
 30
0.0
 11
214.41
 21
176.4
 31
0.0
  0
LINE
  5
933
330
17
100
AcDbEntity
  8
LINES
100
AcDbLine
 10
209.23
 20
170.5
 30
0.0
 11
211.82
 21
172.08
 31
0.0
  0
LINE
  5
934
330
17
100
AcDbEntity
  8
LINES
100
AcDbLine
 10
209.95
 20
174.24
 30
0.0
 11
210.23
 21
171.94
 31
0.0
  0
LINE
  5
935
330
17
100
AcDbEntity
  8
LINES
100
AcDbLine
 10
209.37
 20
175.1
 30
0.0
 11
211.67
 21
175.97
 31
0.0
  0
LINE
  5
936
330
17
100
AcDbEntity
  8
LINES
100
AcDbLine
 10
210.23
 20
178.27
 30
0.0
 11
210.81
 21
176.83
 31
0.0
  0
LINE
  5
937
330
17
100
AcDbEntity
  8
LINES
100
AcDbLine
 10
212.97
 20
173.09
 30
0.0
 11
212.97
 21
179.28
 31
0.0
  0
LINE
  5
938
330
17
100
AcDbEntity
  8
LINES
100
AcDbLine
 10
210.81
 20
171.36
 30
0.0
 11
211.1
 21
175.39
 31
0.0
  0
LINE
  5
939
330
17
100
AcDbEntity
  8
LINES
100
AcDbLine
 10
214.12
 20
173.66
 30
0.0
 11
213.83
 21
170.21
 31
0.0
  0
LINE
  5
93A
330
17
100
AcDbEntity
  8
LINES
100
AcDbLine
 10
216.71
 20
176.11
 30
0.0
 11
216.71
 21
172.08
 31
0.0
  0
LINE
  5
93B
330
17
100
AcDbEntity
  8
LINES
100
AcDbLine
 10
216.71
 20
172.51
 30
0.0
 11
219.02
 21
172.8
 31
0.0
  0
LINE
  5
93C
330
17
100
AcDbEntity
  8
LINES
100
AcDbLine
 10
219.02
 20
172.8
 30
0.0
 11
219.02
 21
175.82
 31
0.0
  0
LINE
  5
93D
330
17
100
AcDbEntity
  8
LINES
100
AcDbLine
 10
219.02
 20
175.54
 30
0.0
 11
216.71
 21
175.25
 31
0.0
  0
LINE
  5
93E
330
17
100
AcDbEntity
  8
LINES
100
AcDbLine
 10
217.87
 20
175.39
 30
0.0
 11
217.87
 21
179.57
 31
0.0
  0
LINE
  5
93F
330
17
100
AcDbEntity
  8
LINES
100
AcDbLine
 10
217.87
 20
177.26
 30
0.0
 11
219.88
 21
177.55
 31
0.0
  0
LINE
  5
940
330
17
100
AcDbEntity
  8
LINES
100
AcDbLine
 10
215.99
 20
172.08
 30
0.0
 11
215.56
 21
169.06
 31
0.0
  0
LINE
  5
941
330
17
100
AcDbEntity
  8
LINES
100
AcDbLine
 10
217.0
 20
171.5
 30
0.0
 11
217.43
 21
169.34
 31
0.0
  0
LINE
  5
942
330
17
100
AcDbEntity
  8
LINES
100
AcDbLine
 10
218.3
 20
171.5
 30
0.0
 11
218.59
 21
169.49
 31
0.0
  0
LINE
  5
943
330
17
100
AcDbEntity
  8
LINES
100
AcDbLine
 10
219.02
 20
171.94
 30
0.0
 11
219.88
 21
169.06
 31
0.0
  0
LINE
  5
944
330
17
100
AcDbEntity
  8
LINES
100
AcDbLine
 10
222.04
 20
172.08
 30
0.0
 11
221.9
 21
172.08
 31
0.0
  0
LINE
  5
945
330
17
100
AcDbEntity
  8
LINES
100
AcDbLine
 10
229.96
 20
179.42
 30
0.0
 11
229.96
 21
168.77
 31
0.0
  0
LINE
  5
946
330
17
100
AcDbEntity
  8
LINES
100
AcDbLine
 10
227.51
 20
175.97
 30
0.0
 11
232.41
 21
176.69
 31
0.0
  0
LINE
  5
947
330
17
100
AcDbEntity
  8
LINES
100
AcDbLine
 10
228.67
 20
171.65
 30
0.0
 11
231.11
 21
172.08
 31
0.0
  0
LINE
  5
948
330
17
100
AcDbEntity
  8
LINES
100
AcDbLine
 10
237.16
 20
173.38
 30
0.0
 11
236.44
 21
168.91
 31
0.0
  0
LINE
  5
949
330
17
100
AcDbEntity
  8
LINES
100
AcDbLine
 10
237.16
 20
175.82
 30
0.0
 11
238.17
 21
175.97
 31
0.0
  0
LINE
  5
94A
330
17
100
AcDbEntity
  8
LINES
100
AcDbLine
 10
237.16
 20
173.38
 30
0.0
 11
238.17
 21
173.66
 31
0.0
  0
LINE
  5
94B
330
17
100
AcDbEntity
  8
LINES
100
AcDbLine
 10
233.71
 20
176.98
 30
0.0
 11
236.59
 21
177.55
 31
0.0
  0
LINE
  5
94C
330
17
100
AcDbEntity
  8
LINES
100
AcDbLine
 10
234.43
 20
179.28
 30
0.0
 11
234.43
 21
172.66
 31
0.0
  0
LINE
  5
94D
330
17
100
AcDbEntity
  8
LINES
100
AcDbLine
 10
233.42
 20
172.37
 30
0.0
 11
236.59
 21
172.94
 31
0.0
  0
LINE
  5
94E
330
17
100
AcDbEntity
  8
LINES
100
AcDbLine
 10
236.01
 20
179.42
 30
0.0
 11
235.72
 21
172.8
 31
0.0
  0
LINE
  5
94F
330
17
100
AcDbEntity
  8
LINES
100
AcDbLine
 10
234.43
 20
175.68
 30
0.0
 11
235.58
 21
175.97
 31
0.0
  0
LINE
  5
950
330
17
100
AcDbEntity
  8
LINES
100
AcDbLine
 10
234.43
 20
174.1
 30
0.0
 11
235.58
 21
174.53
 31
0.0
  0
LINE
  5
951
330
17
100
AcDbEntity
  8
LINES
100
AcDbLine
 10
234.43
 20
171.94
 30
0.0
 11
233.42
 21
169.34
 31
0.0
  0
LINE
  5
952
330
17
100
AcDbEntity
  8
LINES
100
AcDbLine
 10
235.29
 20
172.08
 30
0.0
 11
235.87
 21
170.21
 31
0.0
  0
LINE
  5
953
330
17
100
AcDbEntity
  8
LINES
100
AcDbLine
 10
237.16
 20
177.98
 30
0.0
 11
238.31
 21
178.27
 31
0.0
  0
LINE
  5
954
330
17
100
AcDbEntity
  8
LINES
100
AcDbLine
 10
237.16
 20
178.56
 30
0.0
 11
237.16
 21
173.23
 31
0.0
  0
LINE
  5
955
330
17
100
AcDbEntity
  8
LINES
100
AcDbLine
 10
243.79
 20
175.39
 30
0.0
 11
243.79
 21
168.91
 31
0.0
  0
LINE
  5
956
330
17
100
AcDbEntity
  8
LINES
100
AcDbLine
 10
242.63
 20
175.39
 30
0.0
 11
244.65
 21
175.68
 31
0.0
  0
LINE
  5
957
330
17
100
AcDbEntity
  8
LINES
100
AcDbLine
 10
244.22
 20
178.99
 30
0.0
 11
242.78
 21
177.26
 31
0.0
  0
LINE
  5
958
330
17
100
AcDbEntity
  8
LINES
100
AcDbLine
 10
241.34
 20
172.66
 30
0.0
 11
242.2
 21
171.36
 31
0.0
  0
LINE
  5
959
330
17
100
AcDbEntity
  8
LINES
100
AcDbLine
 10
240.47
 20
172.66
 30
0.0
 11
239.47
 21
170.5
 31
0.0
  0
LINE
  5
95A
330
17
100
AcDbEntity
  8
LINES
100
AcDbLine
 10
239.9
 20
173.23
 30
0.0
 11
242.06
 21
173.66
 31
0.0
  0
LINE
  5
95B
330
17
100
AcDbEntity
  8
LINES
100
AcDbLine
 10
239.47
 20
174.82
 30
0.0
 11
242.2
 21
175.39
 31
0.0
  0
LINE
  5
95C
330
17
100
AcDbEntity
  8
LINES
100
AcDbLine
 10
241.34
 20
177.55
 30
0.0
 11
241.19
 21
175.39
 31
0.0
  0
LINE
  5
95D
330
17
100
AcDbEntity
  8
LINES
100
AcDbLine
 10
240.33
 20
176.98
 30
0.0
 11
240.62
 21
175.68
 31
0.0
  0
LINE
  5
95E
330
17
100
AcDbEntity
  8
LINES
100
AcDbLine
 10
239.9
 20
177.41
 30
0.0
 11
242.06
 21
177.84
 31
0.0
  0
LINE
  5
95F
330
17
100
AcDbEntity
  8
LINES
100
AcDbLine
 10
240.62
 20
179.28
 30
0.0
 11
241.05
 21
178.27
 31
0.0
  0
LINE
  5
960
330
17
100
AcDbEntity
  8
LINES
100
AcDbLine
 10
245.51
 20
169.92
 30
0.0
 11
250.7
 21
170.35
 31
0.0
  0
LINE
  5
961
330
17
100
AcDbEntity
  8
LINES
100
AcDbLine
 10
248.11
 20
179.28
 30
0.0
 11
248.11
 21
170.06
 31
0.0
  0
LINE
  5
962
330
17
100
AcDbEntity
  8
LINES
100
AcDbLine
 10
249.98
 20
175.54
 30
0.0
 11
248.11
 21
175.25
 31
0.0
  0
LINE
  5
963
330
17
100
AcDbEntity
  8
LINES
100
AcDbLine
 10
256.46
 20
176.26
 30
0.0
 11
255.31
 21
178.27
 31
0.0
  0
LINE
  5
964
330
17
100
AcDbEntity
  8
LINES
100
AcDbLine
 10
252.14
 20
175.25
 30
0.0
 11
253.58
 21
178.27
 31
0.0
  0
LINE
  5
965
330
17
100
AcDbEntity
  8
LINES
100
AcDbLine
 10
254.44
 20
179.57
 30
0.0
 11
254.44
 21
176.11
 31
0.0
  0
LINE
  5
966
330
17
100
AcDbEntity
  8
LINES
100
AcDbLine
 10
253.15
 20
174.24
 30
0.0
 11
253.15
 21
169.06
 31
0.0
  0
LINE
  5
967
330
17
100
AcDbEntity
  8
LINES
100
AcDbLine
 10
255.59
 20
169.06
 30
0.0
 11
255.74
 21
174.67
 31
0.0
  0
LINE
  5
968
330
17
100
AcDbEntity
  8
LINES
100
AcDbLine
 10
255.74
 20
174.53
 30
0.0
 11
253.15
 21
174.1
 31
0.0
  0
LINE
  5
969
330
17
100
AcDbEntity
  8
LINES
100
AcDbLine
 10
253.15
 20
172.51
 30
0.0
 11
255.31
 21
172.8
 31
0.0
  0
LINE
  5
96A
330
17
100
AcDbEntity
  8
LINES
100
AcDbLine
 10
253.15
 20
171.07
 30
0.0
 11
255.31
 21
171.36
 31
0.0
  0
LINE
  5
96B
330
17
100
AcDbEntity
  8
LINES
100
AcDbLine
 10
253.15
 20
169.63
 30
0.0
 11
255.59
 21
169.92
 31
0.0
  0
LINE
  5
96C
330
17
100
AcDbEntity
  8
LINES
100
AcDbLine
 10
258.33
 20
179.14
 30
0.0
 11
258.33
 21
169.78
 31
0.0
  0
LINE
  5
96D
330
17
100
AcDbEntity
  8
LINES
100
AcDbLine
 10
258.33
 20
178.27
 30
0.0
 11
262.07
 21
178.7
 31
0.0
  0
LINE
  5
96E
330
17
100
AcDbEntity
  8
LINES
100
AcDbLine
 10
259.77
 20
177.12
 30
0.0
 11
258.62
 21
172.08
 31
0.0
  0
LINE
  5
96F
330
17
100
AcDbEntity
  8
LINES
100
AcDbLine
 10
258.91
 20
176.4
 30
0.0
 11
260.06
 21
173.38
 31
0.0
  0
LINE
  5
970
330
17
100
AcDbEntity
  8
LINES
100
AcDbLine
 10
261.35
 20
177.41
 30
0.0
 11
259.77
 21
171.79
 31
0.0
  0
LINE
  5
971
330
17
100
AcDbEntity
  8
LINES
100
AcDbLine
 10
260.35
 20
176.4
 30
0.0
 11
261.5
 21
172.66
 31
0.0
  0
LINE
  5
972
330
17
100
AcDbEntity
  8
LINES
100
AcDbLine
 10
266.25
 20
179.42
 30
0.0
 11
266.25
 21
174.96
 31
0.0
  0
LINE
  5
973
330
17
100
AcDbEntity
  8
LINES
100
AcDbLine
 10
268.55
 20
175.25
 30
0.0
 11
263.95
 21
174.67
 31
0.0
  0
LINE
  5
974
330
17
100
AcDbEntity
  8
LINES
100
AcDbLine
 10
268.55
 20
169.2
 30
0.0
 11
268.41
 21
171.5
 31
0.0
  0
LINE
  5
975
330
17
100
AcDbEntity
  8
LINES
100
AcDbLine
 10
265.24
 20
175.97
 30
0.0
 11
264.81
 21
177.98
 31
0.0
  0
LINE
  5
976
330
17
100
AcDbEntity
  8
LINES
100
AcDbLine
 10
266.83
 20
175.39
 30
0.0
 11
267.69
 21
177.98
 31
0.0
  0
LINE
  5
977
330
17
100
AcDbEntity
  8
LINES
100
AcDbLine
 10
270.43
 20
177.7
 30
0.0
 11
270.43
 21
171.5
 31
0.0
  0
LINE
  5
978
330
17
100
AcDbEntity
  8
LINES
100
AcDbLine
 10
270.43
 20
176.69
 30
0.0
 11
274.03
 21
177.12
 31
0.0
  0
LINE
  5
979
330
17
100
AcDbEntity
  8
LINES
100
AcDbLine
 10
274.03
 20
177.41
 30
0.0
 11
273.59
 21
172.94
 31
0.0
  0
LINE
  5
97A
330
17
100
AcDbEntity
  8
LINES
100
AcDbLine
 10
273.74
 20
172.94
 30
0.0
 11
270.43
 21
172.51
 31
0.0
  0
LINE
  5
97B
330
17
100
AcDbEntity
  8
LINES
100
AcDbLine
 10
271.0
 20
174.67
 30
0.0
 11
273.16
 21
175.1
 31
0.0
  0
LINE
  5
97C
330
17
100
AcDbEntity
  8
LINES
100
AcDbLine
 10
275.75
 20
173.38
 30
0.0
 11
280.94
 21
173.95
 31
0.0
  0
LINE
  5
97D
330
17
100
AcDbEntity
  8
LINES
100
AcDbLine
 10
283.53
 20
179.28
 30
0.0
 11
281.66
 21
174.1
 31
0.0
  0
LINE
  5
97E
330
17
100
AcDbEntity
  8
LINES
100
AcDbLine
 10
285.11
 20
179.42
 30
0.0
 11
285.11
 21
168.77
 31
0.0
  0
LINE
  5
97F
330
17
100
AcDbEntity
  8
LINES
100
AcDbLine
 10
283.96
 20
171.79
 30
0.0
 11
286.12
 21
172.08
 31
0.0
  0
LINE
  5
980
330
17
100
AcDbEntity
  8
LINES
100
AcDbLine
 10
282.81
 20
168.91
 30
0.0
 11
282.81
 21
177.12
 31
0.0
  0
LINE
  5
981
330
17
100
AcDbEntity
  8
LINES
100
AcDbLine
 10
283.39
 20
176.26
 30
0.0
 11
286.99
 21
176.83
 31
0.0
  0
LINE
  5
982
330
17
100
AcDbEntity
  8
LINES
100
AcDbLine
 10
290.15
 20
179.28
 30
0.0
 11
287.85
 21
174.1
 31
0.0
  0
LINE
  5
983
330
17
100
AcDbEntity
  8
LINES
100
AcDbLine
 10
289.15
 20
177.12
 30
0.0
 11
289.15
 21
168.91
 31
0.0
  0
LINE
  5
984
330
17
100
AcDbEntity
  8
LINES
100
AcDbLine
 10
292.75
 20
176.83
 30
0.0
 11
289.87
 21
172.8
 31
0.0
  0
LINE
  5
985
330
17
100
AcDbEntity
  8
LINES
100
AcDbLine
 10
295.77
 20
176.69
 30
0.0
 11
293.9
 21
176.11
 31
0.0
  0
LINE
  5
986
330
17
100
AcDbEntity
  8
LINES
100
AcDbLine
 10
293.9
 20
172.8
 30
0.0
 11
295.77
 21
174.96
 31
0.0
  0
LINE
  5
987
330
17
100
AcDbEntity
  8
LINES
100
AcDbLine
 10
296.92
 20
179.57
 30
0.0
 11
297.64
 21
177.84
 31
0.0
  0
LINE
  5
988
330
17
100
AcDbEntity
  8
LINES
100
AcDbLine
 10
296.06
 20
177.12
 30
0.0
 11
298.79
 21
177.84
 31
0.0
  0
LINE
  5
989
330
17
100
AcDbEntity
  8
LINES
100
AcDbLine
 10
298.94
 20
175.25
 30
0.0
 11
296.06
 21
174.53
 31
0.0
  0
LINE
  5
98A
330
17
100
AcDbEntity
  8
LINES
100
AcDbLine
 10
295.63
 20
172.66
 30
0.0
 11
299.08
 21
173.38
 31
0.0
  0
LINE
  5
98B
330
17
100
AcDbEntity
  8
LINES
100
AcDbLine
 10
297.35
 20
170.93
 30
0.0
 11
296.63
 21
171.5
 31
0.0
  0
LINE
  5
98C
330
17
100
AcDbEntity
  8
LINES
100
AcDbLine
 10
297.07
 20
175.39
 30
0.0
 11
296.63
 21
176.69
 31
0.0
  0
LINE
  5
98D
330
17
100
AcDbEntity
  8
LINES
100
AcDbLine
 10
297.93
 20
177.55
 30
0.0
 11
297.64
 21
174.96
 31
0.0
  0
LINE
  5
98E
330
17
100
AcDbEntity
  8
LINES
100
AcDbLine
 10
297.35
 20
170.93
 30
0.0
 11
298.94
 21
169.34
 31
0.0
  0
LINE
  5
98F
330
17
100
AcDbEntity
  8
LINES
100
AcDbLine
 10
297.07
 20
174.67
 30
0.0
 11
296.63
 21
171.5
 31
0.0
  0
LINE
  5
990
330
17
100
AcDbEntity
  8
LINES
100
AcDbLine
 10
297.93
 20
173.09
 30
0.0
 11
297.5
 21
170.78
 31
0.0
  0
LINE
  5
991
330
17
100
AcDbEntity
  8
LINES
100
AcDbLine
 10
307.29
 20
175.39
 30
0.0
 11
305.99
 21
175.1
 31
0.0
  0
LINE
  5
992
330
17
100
AcDbEntity
  8
LINES
100
AcDbLine
 10
307.29
 20
170.78
 30
0.0
 11
307.29
 21
175.82
 31
0.0
  0
LINE
  5
993
330
17
100
AcDbEntity
  8
LINES
100
AcDbLine
 10
308.15
 20
172.22
 30
0.0
 11
306.71
 21
169.92
 31
0.0
  0
LINE
  5
994
330
17
100
AcDbEntity
  8
LINES
100
AcDbLine
 10
306.71
 20
178.56
 30
0.0
 11
307.43
 21
176.98
 31
0.0
  0
LINE
  5
995
330
17
100
AcDbEntity
  8
LINES
100
AcDbLine
 10
308.3
 20
174.1
 30
0.0
 11
310.17
 21
174.38
 31
0.0
  0
LINE
  5
996
330
17
100
AcDbEntity
  8
LINES
100
AcDbLine
 10
310.31
 20
174.67
 30
0.0
 11
309.45
 21
172.08
 31
0.0
  0
LINE
  5
997
330
17
100
AcDbEntity
  8
LINES
100
AcDbLine
 10
308.73
 20
178.99
 30
0.0
 11
308.73
 21
176.83
 31
0.0
  0
LINE
  5
998
330
17
100
AcDbEntity
  8
LINES
100
AcDbLine
 10
308.73
 20
178.42
 30
0.0
 11
309.74
 21
178.56
 31
0.0
  0
LINE
  5
999
330
17
100
AcDbEntity
  8
LINES
100
AcDbLine
 10
314.2
 20
179.28
 30
0.0
 11
313.34
 21
177.26
 31
0.0
  0
LINE
  5
99A
330
17
100
AcDbEntity
  8
LINES
100
AcDbLine
 10
314.78
 20
173.38
 30
0.0
 11
314.78
 21
170.06
 31
0.0
  0
LINE
  5
99B
330
17
100
AcDbEntity
  8
LINES
100
AcDbLine
 10
313.77
 20
171.5
 30
0.0
 11
315.5
 21
171.79
 31
0.0
  0
LINE
  5
99C
330
17
100
AcDbEntity
  8
LINES
100
AcDbLine
 10
315.79
 20
170.06
 30
0.0
 11
313.48
 21
169.63
 31
0.0
  0
LINE
  5
99D
330
17
100
AcDbEntity
  8
LINES
100
AcDbLine
 10
316.07
 20
173.95
 30
0.0
 11
315.79
 21
169.2
 31
0.0
  0
LINE
  5
99E
330
17
100
AcDbEntity
  8
LINES
100
AcDbLine
 10
313.48
 20
173.38
 30
0.0
 11
315.93
 21
173.66
 31
0.0
  0
LINE
  5
99F
330
17
100
AcDbEntity
  8
LINES
100
AcDbLine
 10
313.48
 20
173.81
 30
0.0
 11
313.48
 21
169.2
 31
0.0
  0
LINE
  5
9A0
330
17
100
AcDbEntity
  8
LINES
100
AcDbLine
 10
313.63
 20
177.7
 30
0.0
 11
315.79
 21
177.98
 31
0.0
  0
LINE
  5
9A1
330
17
100
AcDbEntity
  8
LINES
100
AcDbLine
 10
313.34
 20
177.26
 30
0.0
 11
312.33
 21
175.25
 31
0.0
  0
LINE
  5
9A2
330
17
100
AcDbEntity
  8
LINES
100
AcDbLine
 10
346.03
 20
173.81
 30
0.0
 11
353.8
 21
173.81
 31
0.0
  0
LINE
  5
9A3
330
17
100
AcDbEntity
  8
LINES
100
AcDbLine
 10
417.16
 20
176.98
 30
0.0
 11
421.34
 21
177.55
 31
0.0
  0
LINE
  5
9A4
330
17
100
AcDbEntity
  8
LINES
100
AcDbLine
 10
418.46
 20
175.68
 30
0.0
 11
418.46
 21
171.5
 31
0.0
  0
LINE
  5
9A5
330
17
100
AcDbEntity
  8
LINES
100
AcDbLine
 10
418.46
 20
175.1
 30
0.0
 11
420.04
 21
175.39
 31
0.0
  0
LINE
  5
9A6
330
17
100
AcDbEntity
  8
LINES
100
AcDbLine
 10
418.46
 20
173.81
 30
0.0
 11
420.04
 21
174.1
 31
0.0
  0
LINE
  5
9A7
330
17
100
AcDbEntity
  8
LINES
100
AcDbLine
 10
418.46
 20
172.66
 30
0.0
 11
420.19
 21
173.09
 31
0.0
  0
LINE
  5
9A8
330
17
100
AcDbEntity
  8
LINES
100
AcDbLine
 10
417.02
 20
171.36
 30
0.0
 11
421.19
 21
171.94
 31
0.0
  0
LINE
  5
9A9
330
17
100
AcDbEntity
  8
LINES
100
AcDbLine
 10
418.89
 20
171.36
 30
0.0
 11
417.74
 21
169.34
 31
0.0
  0
LINE
  5
9AA
330
17
100
AcDbEntity
  8
LINES
100
AcDbLine
 10
417.59
 20
169.06
 30
0.0
 11
420.19
 21
169.92
 31
0.0
  0
LINE
  5
9AB
330
17
100
AcDbEntity
  8
LINES
100
AcDbLine
 10
419.61
 20
170.78
 30
0.0
 11
420.62
 21
168.91
 31
0.0
  0
LINE
  5
9AC
330
17
100
AcDbEntity
  8
LINES
100
AcDbLine
 10
424.07
 20
169.78
 30
0.0
 11
423.93
 21
169.63
 31
0.0
  0
LINE
  5
9AD
330
17
100
AcDbEntity
  8
LINES
100
AcDbLine
 10
424.07
 20
170.21
 30
0.0
 11
424.07
 21
169.78
 31
0.0
  0
LINE
  5
9AE
330
17
100
AcDbEntity
  8
LINES
100
AcDbLine
 10
423.93
 20
170.78
 30
0.0
 11
424.07
 21
170.21
 31
0.0
  0
LINE
  5
9AF
330
17
100
AcDbEntity
  8
LINES
100
AcDbLine
 10
423.79
 20
170.06
 30
0.0
 11
423.64
 21
171.22
 31
0.0
  0
LINE
  5
9B0
330
17
100
AcDbEntity
  8
LINES
100
AcDbLine
 10
423.79
 20
169.78
 30
0.0
 11
423.79
 21
170.06
 31
0.0
  0
LINE
  5
9B1
330
17
100
AcDbEntity
  8
LINES
100
AcDbLine
 10
422.78
 20
172.08
 30
0.0
 11
423.5
 21
171.36
 31
0.0
  0
LINE
  5
9B2
330
17
100
AcDbEntity
  8
LINES
100
AcDbLine
 10
423.93
 20
169.63
 30
0.0
 11
423.79
 21
169.78
 31
0.0
  0
LINE
  5
9B3
330
17
100
AcDbEntity
  8
LINES
100
AcDbLine
 10
423.5
 20
171.36
 30
0.0
 11
423.93
 21
170.78
 31
0.0
  0
LINE
  5
9B4
330
17
100
AcDbEntity
  8
LINES
100
AcDbLine
 10
428.97
 20
174.1
 30
0.0
 11
430.7
 21
174.67
 31
0.0
  0
LINE
  5
9B5
330
17
100
AcDbEntity
  8
LINES
100
AcDbLine
 10
429.98
 20
178.56
 30
0.0
 11
429.98
 21
171.36
 31
0.0
  0
LINE
  5
9B6
330
17
100
AcDbEntity
  8
LINES
100
AcDbLine
 10
428.83
 20
170.35
 30
0.0
 11
430.84
 21
172.22
 31
0.0
  0
LINE
  5
9B7
330
17
100
AcDbEntity
  8
LINES
100
AcDbLine
 10
431.99
 20
179.42
 30
0.0
 11
431.99
 21
170.78
 31
0.0
  0
LINE
  5
9B8
330
17
100
AcDbEntity
  8
LINES
100
AcDbLine
 10
430.55
 20
173.38
 30
0.0
 11
433.29
 21
175.82
 31
0.0
  0
LINE
  5
9B9
330
17
100
AcDbEntity
  8
LINES
100
AcDbLine
 10
435.45
 20
179.14
 30
0.0
 11
435.45
 21
169.78
 31
0.0
  0
LINE
  5
9BA
330
17
100
AcDbEntity
  8
LINES
100
AcDbLine
 10
435.45
 20
178.27
 30
0.0
 11
439.19
 21
178.7
 31
0.0
  0
LINE
  5
9BB
330
17
100
AcDbEntity
  8
LINES
100
AcDbLine
 10
436.89
 20
177.12
 30
0.0
 11
435.74
 21
172.08
 31
0.0
  0
LINE
  5
9BC
330
17
100
AcDbEntity
  8
LINES
100
AcDbLine
 10
436.03
 20
176.4
 30
0.0
 11
437.03
 21
173.38
 31
0.0
  0
LINE
  5
9BD
330
17
100
AcDbEntity
  8
LINES
100
AcDbLine
 10
438.47
 20
177.41
 30
0.0
 11
436.89
 21
171.79
 31
0.0
  0
LINE
  5
9BE
330
17
100
AcDbEntity
  8
LINES
100
AcDbLine
 10
437.47
 20
176.4
 30
0.0
 11
438.62
 21
172.66
 31
0.0
  0
LINE
  5
9BF
330
17
100
AcDbEntity
  8
LINES
100
AcDbLine
 10
443.37
 20
179.42
 30
0.0
 11
443.37
 21
174.96
 31
0.0
  0
LINE
  5
9C0
330
17
100
AcDbEntity
  8
LINES
100
AcDbLine
 10
445.67
 20
175.25
 30
0.0
 11
441.07
 21
174.67
 31
0.0
  0
LINE
  5
9C1
330
17
100
AcDbEntity
  8
LINES
100
AcDbLine
 10
445.67
 20
169.2
 30
0.0
 11
445.53
 21
171.5
 31
0.0
  0
LINE
  5
9C2
330
17
100
AcDbEntity
  8
LINES
100
AcDbLine
 10
442.36
 20
175.97
 30
0.0
 11
441.93
 21
177.98
 31
0.0
  0
LINE
  5
9C3
330
17
100
AcDbEntity
  8
LINES
100
AcDbLine
 10
443.95
 20
175.39
 30
0.0
 11
444.81
 21
177.98
 31
0.0
  0
LINE
  5
9C4
330
17
100
AcDbEntity
  8
LINES
100
AcDbLine
 10
447.55
 20
177.7
 30
0.0
 11
447.55
 21
171.5
 31
0.0
  0
LINE
  5
9C5
330
17
100
AcDbEntity
  8
LINES
100
AcDbLine
 10
447.55
 20
176.69
 30
0.0
 11
451.15
 21
177.12
 31
0.0
  0
LINE
  5
9C6
330
17
100
AcDbEntity
  8
LINES
100
AcDbLine
 10
451.15
 20
177.41
 30
0.0
 11
450.71
 21
172.94
 31
0.0
  0
LINE
  5
9C7
330
17
100
AcDbEntity
  8
LINES
100
AcDbLine
 10
450.86
 20
172.94
 30
0.0
 11
447.55
 21
172.51
 31
0.0
  0
LINE
  5
9C8
330
17
100
AcDbEntity
  8
LINES
100
AcDbLine
 10
448.12
 20
174.67
 30
0.0
 11
450.28
 21
175.1
 31
0.0
  0
LINE
  5
9C9
330
17
100
AcDbEntity
  8
LINES
100
AcDbLine
 10
452.73
 20
173.38
 30
0.0
 11
458.06
 21
173.95
 31
0.0
  0
LINE
  5
9CA
330
17
100
AcDbEntity
  8
LINES
100
AcDbLine
 10
460.65
 20
179.28
 30
0.0
 11
458.78
 21
174.1
 31
0.0
  0
LINE
  5
9CB
330
17
100
AcDbEntity
  8
LINES
100
AcDbLine
 10
462.23
 20
179.42
 30
0.0
 11
462.23
 21
168.77
 31
0.0
  0
LINE
  5
9CC
330
17
100
AcDbEntity
  8
LINES
100
AcDbLine
 10
461.08
 20
171.79
 30
0.0
 11
463.24
 21
172.08
 31
0.0
  0
LINE
  5
9CD
330
17
100
AcDbEntity
  8
LINES
100
AcDbLine
 10
459.93
 20
168.91
 30
0.0
 11
459.93
 21
177.12
 31
0.0
  0
LINE
  5
9CE
330
17
100
AcDbEntity
  8
LINES
100
AcDbLine
 10
460.51
 20
176.26
 30
0.0
 11
463.96
 21
176.83
 31
0.0
  0
LINE
  5
9CF
330
17
100
AcDbEntity
  8
LINES
100
AcDbLine
 10
467.27
 20
179.28
 30
0.0
 11
464.83
 21
174.1
 31
0.0
  0
LINE
  5
9D0
330
17
100
AcDbEntity
  8
LINES
100
AcDbLine
 10
466.27
 20
177.12
 30
0.0
 11
466.27
 21
168.91
 31
0.0
  0
LINE
  5
9D1
330
17
100
AcDbEntity
  8
LINES
100
AcDbLine
 10
469.72
 20
176.83
 30
0.0
 11
466.99
 21
172.8
 31
0.0
  0
LINE
  5
9D2
330
17
100
AcDbEntity
  8
LINES
100
AcDbLine
 10
472.75
 20
176.69
 30
0.0
 11
471.02
 21
176.11
 31
0.0
  0
LINE
  5
9D3
330
17
100
AcDbEntity
  8
LINES
100
AcDbLine
 10
470.87
 20
172.8
 30
0.0
 11
472.75
 21
174.96
 31
0.0
  0
LINE
  5
9D4
330
17
100
AcDbEntity
  8
LINES
100
AcDbLine
 10
473.9
 20
179.57
 30
0.0
 11
474.76
 21
177.84
 31
0.0
  0
LINE
  5
9D5
330
17
100
AcDbEntity
  8
LINES
100
AcDbLine
 10
473.18
 20
177.12
 30
0.0
 11
475.77
 21
177.84
 31
0.0
  0
LINE
  5
9D6
330
17
100
AcDbEntity
  8
LINES
100
AcDbLine
 10
476.06
 20
175.25
 30
0.0
 11
473.03
 21
174.53
 31
0.0
  0
LINE
  5
9D7
330
17
100
AcDbEntity
  8
LINES
100
AcDbLine
 10
472.75
 20
172.66
 30
0.0
 11
476.2
 21
173.38
 31
0.0
  0
LINE
  5
9D8
330
17
100
AcDbEntity
  8
LINES
100
AcDbLine
 10
474.47
 20
170.93
 30
0.0
 11
473.61
 21
171.5
 31
0.0
  0
LINE
  5
9D9
330
17
100
AcDbEntity
  8
LINES
100
AcDbLine
 10
474.19
 20
175.39
 30
0.0
 11
473.75
 21
176.69
 31
0.0
  0
LINE
  5
9DA
330
17
100
AcDbEntity
  8
LINES
100
AcDbLine
 10
475.05
 20
177.55
 30
0.0
 11
474.76
 21
174.96
 31
0.0
  0
LINE
  5
9DB
330
17
100
AcDbEntity
  8
LINES
100
AcDbLine
 10
474.47
 20
170.93
 30
0.0
 11
476.06
 21
169.34
 31
0.0
  0
LINE
  5
9DC
330
17
100
AcDbEntity
  8
LINES
100
AcDbLine
 10
474.19
 20
174.67
 30
0.0
 11
473.61
 21
171.5
 31
0.0
  0
LINE
  5
9DD
330
17
100
AcDbEntity
  8
LINES
100
AcDbLine
 10
475.05
 20
173.09
 30
0.0
 11
474.62
 21
170.78
 31
0.0
  0
LINE
  5
9DE
330
17
100
AcDbEntity
  8
LINES
100
AcDbLine
 10
484.41
 20
175.39
 30
0.0
 11
482.97
 21
175.1
 31
0.0
  0
LINE
  5
9DF
330
17
100
AcDbEntity
  8
LINES
100
AcDbLine
 10
484.41
 20
170.78
 30
0.0
 11
484.41
 21
175.82
 31
0.0
  0
LINE
  5
9E0
330
17
100
AcDbEntity
  8
LINES
100
AcDbLine
 10
485.13
 20
172.22
 30
0.0
 11
483.83
 21
169.92
 31
0.0
  0
LINE
  5
9E1
330
17
100
AcDbEntity
  8
LINES
100
AcDbLine
 10
483.83
 20
178.56
 30
0.0
 11
484.55
 21
176.98
 31
0.0
  0
LINE
  5
9E2
330
17
100
AcDbEntity
  8
LINES
100
AcDbLine
 10
485.42
 20
174.1
 30
0.0
 11
487.29
 21
174.38
 31
0.0
  0
LINE
  5
9E3
330
17
100
AcDbEntity
  8
LINES
100
AcDbLine
 10
487.43
 20
174.67
 30
0.0
 11
486.57
 21
172.08
 31
0.0
  0
LINE
  5
9E4
330
17
100
AcDbEntity
  8
LINES
100
AcDbLine
 10
485.71
 20
178.99
 30
0.0
 11
485.71
 21
176.83
 31
0.0
  0
LINE
  5
9E5
330
17
100
AcDbEntity
  8
LINES
100
AcDbLine
 10
485.71
 20
178.42
 30
0.0
 11
486.86
 21
178.56
 31
0.0
  0
LINE
  5
9E6
330
17
100
AcDbEntity
  8
LINES
100
AcDbLine
 10
491.32
 20
179.28
 30
0.0
 11
490.46
 21
177.26
 31
0.0
  0
LINE
  5
9E7
330
17
100
AcDbEntity
  8
LINES
100
AcDbLine
 10
491.75
 20
173.38
 30
0.0
 11
491.75
 21
170.06
 31
0.0
  0
LINE
  5
9E8
330
17
100
AcDbEntity
  8
LINES
100
AcDbLine
 10
490.89
 20
171.5
 30
0.0
 11
492.62
 21
171.79
 31
0.0
  0
LINE
  5
9E9
330
17
100
AcDbEntity
  8
LINES
100
AcDbLine
 10
492.91
 20
170.06
 30
0.0
 11
490.6
 21
169.63
 31
0.0
  0
LINE
  5
9EA
330
17
100
AcDbEntity
  8
LINES
100
AcDbLine
 10
493.19
 20
173.95
 30
0.0
 11
492.91
 21
169.2
 31
0.0
  0
LINE
  5
9EB
330
17
100
AcDbEntity
  8
LINES
100
AcDbLine
 10
490.6
 20
173.38
 30
0.0
 11
493.05
 21
173.66
 31
0.0
  0
LINE
  5
9EC
330
17
100
AcDbEntity
  8
LINES
100
AcDbLine
 10
490.6
 20
173.81
 30
0.0
 11
490.6
 21
169.2
 31
0.0
  0
LINE
  5
9ED
330
17
100
AcDbEntity
  8
LINES
100
AcDbLine
 10
490.75
 20
177.7
 30
0.0
 11
492.91
 21
177.98
 31
0.0
  0
LINE
  5
9EE
330
17
100
AcDbEntity
  8
LINES
100
AcDbLine
 10
490.46
 20
177.26
 30
0.0
 11
489.45
 21
175.25
 31
0.0
  0
LINE
  5
9EF
330
17
100
AcDbEntity
  8
LINES
100
AcDbLine
 10
523.15
 20
173.81
 30
0.0
 11
530.92
 21
173.81
 31
0.0
  0
LINE
  5
9F0
330
17
100
AcDbEntity
  8
LINES
100
AcDbLine
 10
594.28
 20
176.98
 30
0.0
 11
598.46
 21
177.55
 31
0.0
  0
LINE
  5
9F1
330
17
100
AcDbEntity
  8
LINES
100
AcDbLine
 10
595.43
 20
175.68
 30
0.0
 11
595.43
 21
171.5
 31
0.0
  0
LINE
  5
9F2
330
17
100
AcDbEntity
  8
LINES
100
AcDbLine
 10
595.43
 20
175.1
 30
0.0
 11
597.16
 21
175.39
 31
0.0
  0
LINE
  5
9F3
330
17
100
AcDbEntity
  8
LINES
100
AcDbLine
 10
595.43
 20
173.81
 30
0.0
 11
597.16
 21
174.1
 31
0.0
  0
LINE
  5
9F4
330
17
100
AcDbEntity
  8
LINES
100
AcDbLine
 10
595.43
 20
172.66
 30
0.0
 11
597.31
 21
173.09
 31
0.0
  0
LINE
  5
9F5
330
17
100
AcDbEntity
  8
LINES
100
AcDbLine
 10
594.14
 20
171.36
 30
0.0
 11
598.31
 21
171.94
 31
0.0
  0
LINE
  5
9F6
330
17
100
AcDbEntity
  8
LINES
100
AcDbLine
 10
596.01
 20
171.36
 30
0.0
 11
594.86
 21
169.34
 31
0.0
  0
LINE
  5
9F7
330
17
100
AcDbEntity
  8
LINES
100
AcDbLine
 10
594.57
 20
169.06
 30
0.0
 11
597.31
 21
169.92
 31
0.0
  0
LINE
  5
9F8
330
17
100
AcDbEntity
  8
LINES
100
AcDbLine
 10
596.73
 20
170.78
 30
0.0
 11
597.59
 21
168.91
 31
0.0
  0
LINE
  5
9F9
330
17
100
AcDbEntity
  8
LINES
100
AcDbLine
 10
606.38
 20
176.26
 30
0.0
 11
610.27
 21
176.83
 31
0.0
  0
LINE
  5
9FA
330
17
100
AcDbEntity
  8
LINES
100
AcDbLine
 10
606.38
 20
177.41
 30
0.0
 11
606.38
 21
172.22
 31
0.0
  0
LINE
  5
9FB
330
17
100
AcDbEntity
  8
LINES
100
AcDbLine
 10
608.39
 20
179.57
 30
0.0
 11
608.39
 21
169.06
 31
0.0
  0
LINE
  5
9FC
330
17
100
AcDbEntity
  8
LINES
100
AcDbLine
 10
610.41
 20
177.12
 30
0.0
 11
610.12
 21
173.52
 31
0.0
  0
LINE
  5
9FD
330
17
100
AcDbEntity
  8
LINES
100
AcDbLine
 10
610.27
 20
173.52
 30
0.0
 11
606.38
 21
172.94
 31
0.0
  0
LINE
  5
9FE
330
17
100
AcDbEntity
  8
LINES
100
AcDbLine
 10
615.88
 20
173.66
 30
0.0
 11
617.03
 21
171.07
 31
0.0
  0
LINE
  5
9FF
330
17
100
AcDbEntity
  8
LINES
100
AcDbLine
 10
614.73
 20
173.95
 30
0.0
 11
613.43
 21
170.78
 31
0.0
  0
LINE
  5
A00
330
17
100
AcDbEntity
  8
LINES
100
AcDbLine
 10
615.45
 20
169.06
 30
0.0
 11
614.44
 21
170.64
 31
0.0
  0
LINE
  5
A01
330
17
100
AcDbEntity
  8
LINES
100
AcDbLine
 10
613.87
 20
175.25
 30
0.0
 11
617.03
 21
175.82
 31
0.0
  0
LINE
  5
A02
330
17
100
AcDbEntity
  8
LINES
100
AcDbLine
 10
614.3
 20
177.98
 30
0.0
 11
616.31
 21
178.42
 31
0.0
  0
LINE
  5
A03
330
17
100
AcDbEntity
  8
LINES
100
AcDbLine
 10
613.0
 20
175.82
 30
0.0
 11
613.58
 21
174.24
 31
0.0
  0
LINE
  5
A04
330
17
100
AcDbEntity
  8
LINES
100
AcDbLine
 10
613.0
 20
175.82
 30
0.0
 11
611.71
 21
172.22
 31
0.0
  0
LINE
  5
A05
330
17
100
AcDbEntity
  8
LINES
100
AcDbLine
 10
613.0
 20
179.28
 30
0.0
 11
613.0
 21
169.2
 31
0.0
  0
LINE
  5
A06
330
17
100
AcDbEntity
  8
LINES
100
AcDbLine
 10
613.58
 20
176.69
 30
0.0
 11
611.85
 21
176.11
 31
0.0
  0
LINE
  5
A07
330
17
100
AcDbEntity
  8
LINES
100
AcDbLine
 10
615.45
 20
169.2
 30
0.0
 11
615.45
 21
175.54
 31
0.0
  0
LINE
  5
A08
330
17
100
AcDbEntity
  8
LINES
100
AcDbLine
 10
618.76
 20
177.84
 30
0.0
 11
623.08
 21
178.13
 31
0.0
  0
LINE
  5
A09
330
17
100
AcDbEntity
  8
LINES
100
AcDbLine
 10
628.99
 20
178.13
 30
0.0
 11
628.41
 21
176.26
 31
0.0
  0
LINE
  5
A0A
330
17
100
AcDbEntity
  8
LINES
100
AcDbLine
 10
624.81
 20
178.13
 30
0.0
 11
624.52
 21
175.82
 31
0.0
  0
LINE
  5
A0B
330
17
100
AcDbEntity
  8
LINES
100
AcDbLine
 10
624.81
 20
177.41
 30
0.0
 11
628.84
 21
177.98
 31
0.0
  0
LINE
  5
A0C
330
17
100
AcDbEntity
  8
LINES
100
AcDbLine
 10
626.11
 20
179.42
 30
0.0
 11
626.83
 21
178.56
 31
0.0
  0
LINE
  5
A0D
330
17
100
AcDbEntity
  8
LINES
100
AcDbLine
 10
625.24
 20
175.68
 30
0.0
 11
627.83
 21
176.11
 31
0.0
  0
LINE
  5
A0E
330
17
100
AcDbEntity
  8
LINES
100
AcDbLine
 10
626.83
 20
175.97
 30
0.0
 11
624.52
 21
173.38
 31
0.0
  0
LINE
  5
A0F
330
17
100
AcDbEntity
  8
LINES
100
AcDbLine
 10
626.11
 20
175.1
 30
0.0
 11
626.83
 21
173.52
 31
0.0
  0
LINE
  5
A10
330
17
100
AcDbEntity
  8
LINES
100
AcDbLine
 10
626.54
 20
174.1
 30
0.0
 11
624.52
 21
171.79
 31
0.0
  0
LINE
  5
A11
330
17
100
AcDbEntity
  8
LINES
100
AcDbLine
 10
626.83
 20
173.23
 30
0.0
 11
628.12
 21
174.96
 31
0.0
  0
LINE
  5
A12
330
17
100
AcDbEntity
  8
LINES
100
AcDbLine
 10
630.57
 20
173.52
 30
0.0
 11
630.43
 21
173.52
 31
0.0
  0
LINE
  5
A13
330
17
100
AcDbEntity
  8
LINES
100
AcDbLine
 10
630.57
 20
170.78
 30
0.0
 11
630.43
 21
170.78
 31
0.0
  0
LINE
  5
A14
330
17
100
AcDbEntity
  8
LINES
100
AcDbLine
 10
636.33
 20
173.09
 30
0.0
 11
637.63
 21
173.66
 31
0.0
  0
LINE
  5
A15
330
17
100
AcDbEntity
  8
LINES
100
AcDbLine
 10
637.77
 20
177.12
 30
0.0
 11
636.47
 21
173.38
 31
0.0
  0
LINE
  5
A16
330
17
100
AcDbEntity
  8
LINES
100
AcDbLine
 10
635.9
 20
175.54
 30
0.0
 11
637.34
 21
175.97
 31
0.0
  0
LINE
  5
A17
330
17
100
AcDbEntity
  8
LINES
100
AcDbLine
 10
635.9
 20
170.5
 30
0.0
 11
637.77
 21
171.94
 31
0.0
  0
LINE
  5
A18
330
17
100
AcDbEntity
  8
LINES
100
AcDbLine
 10
639.64
 20
179.42
 30
0.0
 11
639.5
 21
177.98
 31
0.0
  0
LINE
  5
A19
330
17
100
AcDbEntity
  8
LINES
100
AcDbLine
 10
638.78
 20
178.56
 30
0.0
 11
638.78
 21
174.82
 31
0.0
  0
LINE
  5
A1A
330
17
100
AcDbEntity
  8
LINES
100
AcDbLine
 10
638.78
 20
175.25
 30
0.0
 11
640.65
 21
175.39
 31
0.0
  0
LINE
  5
A1B
330
17
100
AcDbEntity
  8
LINES
100
AcDbLine
 10
640.51
 20
175.39
 30
0.0
 11
640.65
 21
178.42
 31
0.0
  0
LINE
  5
A1C
330
17
100
AcDbEntity
  8
LINES
100
AcDbLine
 10
640.51
 20
178.13
 30
0.0
 11
638.78
 21
177.98
 31
0.0
  0
LINE
  5
A1D
330
17
100
AcDbEntity
  8
LINES
100
AcDbLine
 10
638.78
 20
176.69
 30
0.0
 11
640.22
 21
176.83
 31
0.0
  0
LINE
  5
A1E
330
17
100
AcDbEntity
  8
LINES
100
AcDbLine
 10
640.94
 20
170.06
 30
0.0
 11
640.36
 21
171.36
 31
0.0
  0
LINE
  5
A1F
330
17
100
AcDbEntity
  8
LINES
100
AcDbLine
 10
639.64
 20
168.91
 30
0.0
 11
639.64
 21
175.25
 31
0.0
  0
LINE
  5
A20
330
17
100
AcDbEntity
  8
LINES
100
AcDbLine
 10
637.34
 20
179.14
 30
0.0
 11
636.19
 21
175.68
 31
0.0
  0
LINE
  5
A21
330
17
100
AcDbEntity
  8
LINES
100
AcDbLine
 10
638.35
 20
174.1
 30
0.0
 11
638.35
 21
170.06
 31
0.0
  0
LINE
  5
A22
330
17
100
AcDbEntity
  8
LINES
100
AcDbLine
 10
638.35
 20
173.38
 30
0.0
 11
641.08
 21
173.81
 31
0.0
  0
LINE
  5
A23
330
17
100
AcDbEntity
  8
LINES
100
AcDbLine
 10
641.08
 20
174.1
 30
0.0
 11
640.94
 21
170.06
 31
0.0
  0
LINE
  5
A24
330
17
100
AcDbEntity
  8
LINES
100
AcDbLine
 10
644.68
 20
177.26
 30
0.0
 11
646.55
 21
177.7
 31
0.0
  0
LINE
  5
A25
330
17
100
AcDbEntity
  8
LINES
100
AcDbLine
 10
644.68
 20
170.78
 30
0.0
 11
646.55
 21
171.22
 31
0.0
  0
LINE
  5
A26
330
17
100
AcDbEntity
  8
LINES
100
AcDbLine
 10
644.68
 20
174.1
 30
0.0
 11
646.27
 21
174.53
 31
0.0
  0
LINE
  5
A27
330
17
100
AcDbEntity
  8
LINES
100
AcDbLine
 10
646.55
 20
177.98
 30
0.0
 11
646.55
 21
170.06
 31
0.0
  0
LINE
  5
A28
330
17
100
AcDbEntity
  8
LINES
100
AcDbLine
 10
644.68
 20
178.13
 30
0.0
 11
644.68
 21
169.92
 31
0.0
  0
LINE
  5
A29
330
17
100
AcDbEntity
  8
LINES
100
AcDbLine
 10
642.67
 20
177.98
 30
0.0
 11
643.67
 21
178.27
 31
0.0
  0
LINE
  5
A2A
330
17
100
AcDbEntity
  8
LINES
100
AcDbLine
 10
642.67
 20
179.14
 30
0.0
 11
642.67
 21
169.2
 31
0.0
  0
LINE
  5
A2B
330
17
100
AcDbEntity
  8
LINES
100
AcDbLine
 10
649.29
 20
178.7
 30
0.0
 11
652.17
 21
179.14
 31
0.0
  0
LINE
  5
A2C
330
17
100
AcDbEntity
  8
LINES
100
AcDbLine
 10
652.17
 20
179.28
 30
0.0
 11
652.03
 21
175.82
 31
0.0
  0
LINE
  5
A2D
330
17
100
AcDbEntity
  8
LINES
100
AcDbLine
 10
652.17
 20
175.82
 30
0.0
 11
649.29
 21
175.39
 31
0.0
  0
LINE
  5
A2E
330
17
100
AcDbEntity
  8
LINES
100
AcDbLine
 10
649.72
 20
177.12
 30
0.0
 11
651.59
 21
177.26
 31
0.0
  0
LINE
  5
A2F
330
17
100
AcDbEntity
  8
LINES
100
AcDbLine
 10
652.31
 20
173.95
 30
0.0
 11
651.31
 21
172.08
 31
0.0
  0
LINE
  5
A30
330
17
100
AcDbEntity
  8
LINES
100
AcDbLine
 10
649.0
 20
174.1
 30
0.0
 11
649.58
 21
172.22
 31
0.0
  0
LINE
  5
A31
330
17
100
AcDbEntity
  8
LINES
100
AcDbLine
 10
656.49
 20
169.78
 30
0.0
 11
658.36
 21
170.06
 31
0.0
  0
LINE
  5
A32
330
17
100
AcDbEntity
  8
LINES
100
AcDbLine
 10
658.36
 20
172.8
 30
0.0
 11
658.07
 21
170.06
 31
0.0
  0
LINE
  5
A33
330
17
100
AcDbEntity
  8
LINES
100
AcDbLine
 10
656.49
 20
172.66
 30
0.0
 11
656.49
 21
169.06
 31
0.0
  0
LINE
  5
A34
330
17
100
AcDbEntity
  8
LINES
100
AcDbLine
 10
655.63
 20
176.69
 30
0.0
 11
659.23
 21
177.26
 31
0.0
  0
LINE
  5
A35
330
17
100
AcDbEntity
  8
LINES
100
AcDbLine
 10
657.07
 20
179.57
 30
0.0
 11
657.79
 21
177.55
 31
0.0
  0
LINE
  5
A36
330
17
100
AcDbEntity
  8
LINES
100
AcDbLine
 10
655.77
 20
179.57
 30
0.0
 11
653.9
 21
174.1
 31
0.0
  0
LINE
  5
A37
330
17
100
AcDbEntity
  8
LINES
100
AcDbLine
 10
655.05
 20
177.26
 30
0.0
 11
655.05
 21
169.06
 31
0.0
  0
LINE
  5
A38
330
17
100
AcDbEntity
  8
LINES
100
AcDbLine
 10
656.35
 20
175.39
 30
0.0
 11
658.51
 21
175.68
 31
0.0
  0
LINE
  5
A39
330
17
100
AcDbEntity
  8
LINES
100
AcDbLine
 10
658.65
 20
174.1
 30
0.0
 11
656.2
 21
173.66
 31
0.0
  0
LINE
  5
A3A
330
17
100
AcDbEntity
  8
LINES
100
AcDbLine
 10
656.49
 20
172.08
 30
0.0
 11
658.36
 21
172.51
 31
0.0
  0
LINE
  5
A3B
330
17
100
AcDbEntity
  8
LINES
100
AcDbLine
 10
660.81
 20
177.7
 30
0.0
 11
660.81
 21
171.5
 31
0.0
  0
LINE
  5
A3C
330
17
100
AcDbEntity
  8
LINES
100
AcDbLine
 10
660.81
 20
176.69
 30
0.0
 11
664.41
 21
177.12
 31
0.0
  0
LINE
  5
A3D
330
17
100
AcDbEntity
  8
LINES
100
AcDbLine
 10
664.55
 20
177.41
 30
0.0
 11
664.12
 21
172.94
 31
0.0
  0
LINE
  5
A3E
330
17
100
AcDbEntity
  8
LINES
100
AcDbLine
 10
664.27
 20
172.94
 30
0.0
 11
660.81
 21
172.51
 31
0.0
  0
LINE
  5
A3F
330
17
100
AcDbEntity
  8
LINES
100
AcDbLine
 10
661.39
 20
174.67
 30
0.0
 11
663.55
 21
175.1
 31
0.0
  0
LINE
  5
A40
330
17
100
AcDbEntity
  8
LINES
100
AcDbLine
 10
102.52
 20
158.26
 30
0.0
 11
105.83
 21
158.83
 31
0.0
  0
LINE
  5
A41
330
17
100
AcDbEntity
  8
LINES
100
AcDbLine
 10
105.83
 20
158.98
 30
0.0
 11
104.39
 21
156.24
 31
0.0
  0
LINE
  5
A42
330
17
100
AcDbEntity
  8
LINES
100
AcDbLine
 10
106.7
 20
155.38
 30
0.0
 11
101.66
 21
154.37
 31
0.0
  0
LINE
  5
A43
330
17
100
AcDbEntity
  8
LINES
100
AcDbLine
 10
107.85
 20
156.96
 30
0.0
 11
112.75
 21
157.68
 31
0.0
  0
LINE
  5
A44
330
17
100
AcDbEntity
  8
LINES
100
AcDbLine
 10
109.43
 20
155.95
 30
0.0
 11
109.43
 21
149.04
 31
0.0
  0
LINE
  5
A45
330
17
100
AcDbEntity
  8
LINES
100
AcDbLine
 10
109.43
 20
155.52
 30
0.0
 11
111.74
 21
155.81
 31
0.0
  0
LINE
  5
A46
330
17
100
AcDbEntity
  8
LINES
100
AcDbLine
 10
109.43
 20
153.79
 30
0.0
 11
111.31
 21
154.22
 31
0.0
  0
LINE
  5
A47
330
17
100
AcDbEntity
  8
LINES
100
AcDbLine
 10
111.31
 20
152.35
 30
0.0
 11
109.43
 21
151.92
 31
0.0
  0
LINE
  5
A48
330
17
100
AcDbEntity
  8
LINES
100
AcDbLine
 10
115.05
 20
159.12
 30
0.0
 11
114.76
 21
156.38
 31
0.0
  0
LINE
  5
A49
330
17
100
AcDbEntity
  8
LINES
100
AcDbLine
 10
113.9
 20
159.55
 30
0.0
 11
113.9
 21
149.47
 31
0.0
  0
LINE
  5
A4A
330
17
100
AcDbEntity
  8
LINES
100
AcDbLine
 10
113.9
 20
158.69
 30
0.0
 11
115.05
 21
158.98
 31
0.0
  0
LINE
  5
A4B
330
17
100
AcDbEntity
  8
LINES
100
AcDbLine
 10
115.77
 20
158.69
 30
0.0
 11
117.64
 21
158.98
 31
0.0
  0
LINE
  5
A4C
330
17
100
AcDbEntity
  8
LINES
100
AcDbLine
 10
117.79
 20
154.8
 30
0.0
 11
116.78
 21
153.36
 31
0.0
  0
LINE
  5
A4D
330
17
100
AcDbEntity
  8
LINES
100
AcDbLine
 10
115.77
 20
157.1
 30
0.0
 11
117.07
 21
157.39
 31
0.0
  0
LINE
  5
A4E
330
17
100
AcDbEntity
  8
LINES
100
AcDbLine
 10
121.1
 20
154.22
 30
0.0
 11
123.4
 21
154.37
 31
0.0
  0
LINE
  5
A4F
330
17
100
AcDbEntity
  8
LINES
100
AcDbLine
 10
122.54
 20
151.34
 30
0.0
 11
123.69
 21
149.18
 31
0.0
  0
LINE
  5
A50
330
17
100
AcDbEntity
  8
LINES
100
AcDbLine
 10
120.95
 20
154.66
 30
0.0
 11
121.1
 21
151.34
 31
0.0
  0
LINE
  5
A51
330
17
100
AcDbEntity
  8
LINES
100
AcDbLine
 10
123.4
 20
154.66
 30
0.0
 11
123.4
 21
151.34
 31
0.0
  0
LINE
  5
A52
330
17
100
AcDbEntity
  8
LINES
100
AcDbLine
 10
120.67
 20
157.97
 30
0.0
 11
123.98
 21
158.26
 31
0.0
  0
LINE
  5
A53
330
17
100
AcDbEntity
  8
LINES
100
AcDbLine
 10
123.69
 20
156.96
 30
0.0
 11
121.1
 21
156.82
 31
0.0
  0
LINE
  5
A54
330
17
100
AcDbEntity
  8
LINES
100
AcDbLine
 10
119.8
 20
155.23
 30
0.0
 11
124.7
 21
155.66
 31
0.0
  0
LINE
  5
A55
330
17
100
AcDbEntity
  8
LINES
100
AcDbLine
 10
122.25
 20
155.66
 30
0.0
 11
122.25
 21
159.7
 31
0.0
  0
LINE
  5
A56
330
17
100
AcDbEntity
  8
LINES
100
AcDbLine
 10
126.71
 20
157.39
 30
0.0
 11
126.71
 21
149.04
 31
0.0
  0
LINE
  5
A57
330
17
100
AcDbEntity
  8
LINES
100
AcDbLine
 10
127.43
 20
159.41
 30
0.0
 11
125.56
 21
154.8
 31
0.0
  0
LINE
  5
A58
330
17
100
AcDbEntity
  8
LINES
100
AcDbLine
 10
127.29
 20
153.79
 30
0.0
 11
130.89
 21
154.51
 31
0.0
  0
LINE
  5
A59
330
17
100
AcDbEntity
  8
LINES
100
AcDbLine
 10
127.43
 20
150.34
 30
0.0
 11
130.6
 21
150.77
 31
0.0
  0
LINE
  5
A5A
330
17
100
AcDbEntity
  8
LINES
100
AcDbLine
 10
129.02
 20
150.48
 30
0.0
 11
129.02
 21
157.39
 31
0.0
  0
LINE
  5
A5B
330
17
100
AcDbEntity
  8
LINES
100
AcDbLine
 10
130.17
 20
158.4
 30
0.0
 11
127.43
 21
156.1
 31
0.0
  0
LINE
  5
A5C
330
17
100
AcDbEntity
  8
LINES
100
AcDbLine
 10
134.06
 20
155.09
 30
0.0
 11
133.05
 21
150.19
 31
0.0
  0
LINE
  5
A5D
330
17
100
AcDbEntity
  8
LINES
100
AcDbLine
 10
134.63
 20
152.78
 30
0.0
 11
136.07
 21
149.76
 31
0.0
  0
LINE
  5
A5E
330
17
100
AcDbEntity
  8
LINES
100
AcDbLine
 10
132.62
 20
150.05
 30
0.0
 11
135.5
 21
150.91
 31
0.0
  0
LINE
  5
A5F
330
17
100
AcDbEntity
  8
LINES
100
AcDbLine
 10
138.38
 20
156.38
 30
0.0
 11
141.55
 21
156.96
 31
0.0
  0
LINE
  5
A60
330
17
100
AcDbEntity
  8
LINES
100
AcDbLine
 10
139.1
 20
155.38
 30
0.0
 11
139.1
 21
151.63
 31
0.0
  0
LINE
  5
A61
330
17
100
AcDbEntity
  8
LINES
100
AcDbLine
 10
139.1
 20
152.35
 30
0.0
 11
140.83
 21
152.5
 31
0.0
  0
LINE
  5
A62
330
17
100
AcDbEntity
  8
LINES
100
AcDbLine
 10
140.68
 20
152.5
 30
0.0
 11
140.83
 21
155.38
 31
0.0
  0
LINE
  5
A63
330
17
100
AcDbEntity
  8
LINES
100
AcDbLine
 10
140.83
 20
155.09
 30
0.0
 11
139.1
 21
154.94
 31
0.0
  0
LINE
  5
A64
330
17
100
AcDbEntity
  8
LINES
100
AcDbLine
 10
142.41
 20
159.12
 30
0.0
 11
138.67
 21
158.26
 31
0.0
  0
LINE
  5
A65
330
17
100
AcDbEntity
  8
LINES
100
AcDbLine
 10
150.62
 20
152.35
 30
0.0
 11
150.47
 21
152.35
 31
0.0
  0
LINE
  5
A66
330
17
100
AcDbEntity
  8
LINES
100
AcDbLine
 10
155.8
 20
151.63
 30
0.0
 11
157.39
 21
156.1
 31
0.0
  0
LINE
  5
A67
330
17
100
AcDbEntity
  8
LINES
100
AcDbLine
 10
158.39
 20
156.53
 30
0.0
 11
156.09
 21
156.1
 31
0.0
  0
LINE
  5
A68
330
17
100
AcDbEntity
  8
LINES
100
AcDbLine
 10
158.25
 20
153.65
 30
0.0
 11
157.39
 21
155.38
 31
0.0
  0
LINE
  5
A69
330
17
100
AcDbEntity
  8
LINES
100
AcDbLine
 10
157.39
 20
149.47
 30
0.0
 11
157.39
 21
159.55
 31
0.0
  0
LINE
  5
A6A
330
17
100
AcDbEntity
  8
LINES
100
AcDbLine
 10
159.98
 20
158.11
 30
0.0
 11
158.83
 21
157.82
 31
0.0
  0
LINE
  5
A6B
330
17
100
AcDbEntity
  8
LINES
100
AcDbLine
 10
166.46
 20
155.66
 30
0.0
 11
164.87
 21
155.38
 31
0.0
  0
LINE
  5
A6C
330
17
100
AcDbEntity
  8
LINES
100
AcDbLine
 10
166.46
 20
152.78
 30
0.0
 11
166.46
 21
155.95
 31
0.0
  0
LINE
  5
A6D
330
17
100
AcDbEntity
  8
LINES
100
AcDbLine
 10
164.87
 20
152.5
 30
0.0
 11
166.6
 21
152.78
 31
0.0
  0
LINE
  5
A6E
330
17
100
AcDbEntity
  8
LINES
100
AcDbLine
 10
164.59
 20
149.76
 30
0.0
 11
167.18
 21
149.9
 31
0.0
  0
LINE
  5
A6F
330
17
100
AcDbEntity
  8
LINES
100
AcDbLine
 10
164.87
 20
158.83
 30
0.0
 11
164.87
 21
149.76
 31
0.0
  0
LINE
  5
A70
330
17
100
AcDbEntity
  8
LINES
100
AcDbLine
 10
167.03
 20
158.26
 30
0.0
 11
164.87
 21
157.68
 31
0.0
  0
LINE
  5
A71
330
17
100
AcDbEntity
  8
LINES
100
AcDbLine
 10
163.43
 20
155.66
 30
0.0
 11
164.3
 21
154.37
 31
0.0
  0
LINE
  5
A72
330
17
100
AcDbEntity
  8
LINES
100
AcDbLine
 10
164.3
 20
156.96
 30
0.0
 11
162.14
 21
156.38
 31
0.0
  0
LINE
  5
A73
330
17
100
AcDbEntity
  8
LINES
100
AcDbLine
 10
161.85
 20
152.06
 30
0.0
 11
163.43
 21
156.53
 31
0.0
  0
LINE
  5
A74
330
17
100
AcDbEntity
  8
LINES
100
AcDbLine
 10
163.43
 20
159.7
 30
0.0
 11
163.43
 21
149.04
 31
0.0
  0
LINE
  5
A75
330
17
100
AcDbEntity
  8
LINES
100
AcDbLine
 10
169.48
 20
154.8
 30
0.0
 11
172.22
 21
155.23
 31
0.0
  0
LINE
  5
A76
330
17
100
AcDbEntity
  8
LINES
100
AcDbLine
 10
171.93
 20
155.23
 30
0.0
 11
172.36
 21
159.26
 31
0.0
  0
LINE
  5
A77
330
17
100
AcDbEntity
  8
LINES
100
AcDbLine
 10
172.22
 20
158.83
 30
0.0
 11
169.48
 21
158.4
 31
0.0
  0
LINE
  5
A78
330
17
100
AcDbEntity
  8
LINES
100
AcDbLine
 10
176.11
 20
152.78
 30
0.0
 11
175.53
 21
155.09
 31
0.0
  0
LINE
  5
A79
330
17
100
AcDbEntity
  8
LINES
100
AcDbLine
 10
173.95
 20
155.81
 30
0.0
 11
179.27
 21
156.53
 31
0.0
  0
LINE
  5
A7A
330
17
100
AcDbEntity
  8
LINES
100
AcDbLine
 10
184.6
 20
155.09
 30
0.0
 11
183.16
 21
155.09
 31
0.0
  0
LINE
  5
A7B
330
17
100
AcDbEntity
  8
LINES
100
AcDbLine
 10
182.73
 20
155.66
 30
0.0
 11
182.73
 21
159.7
 31
0.0
  0
LINE
  5
A7C
330
17
100
AcDbEntity
  8
LINES
100
AcDbLine
 10
182.73
 20
155.66
 30
0.0
 11
183.16
 21
155.09
 31
0.0
  0
LINE
  5
A7D
330
17
100
AcDbEntity
  8
LINES
100
AcDbLine
 10
181.29
 20
149.9
 30
0.0
 11
183.31
 21
150.05
 31
0.0
  0
LINE
  5
A7E
330
17
100
AcDbEntity
  8
LINES
100
AcDbLine
 10
181.29
 20
151.78
 30
0.0
 11
183.02
 21
152.06
 31
0.0
  0
LINE
  5
A7F
330
17
100
AcDbEntity
  8
LINES
100
AcDbLine
 10
183.31
 20
149.18
 30
0.0
 11
183.45
 21
154.08
 31
0.0
  0
LINE
  5
A80
330
17
100
AcDbEntity
  8
LINES
100
AcDbLine
 10
181.29
 20
153.65
 30
0.0
 11
183.45
 21
153.79
 31
0.0
  0
LINE
  5
A81
330
17
100
AcDbEntity
  8
LINES
100
AcDbLine
 10
181.29
 20
154.08
 30
0.0
 11
181.29
 21
149.18
 31
0.0
  0
LINE
  5
A82
330
17
100
AcDbEntity
  8
LINES
100
AcDbLine
 10
182.3
 20
155.09
 30
0.0
 11
182.01
 21
153.65
 31
0.0
  0
LINE
  5
A83
330
17
100
AcDbEntity
  8
LINES
100
AcDbLine
 10
184.6
 20
155.09
 30
0.0
 11
184.6
 21
157.39
 31
0.0
  0
LINE
  5
A84
330
17
100
AcDbEntity
  8
LINES
100
AcDbLine
 10
180.86
 20
157.39
 30
0.0
 11
182.01
 21
157.68
 31
0.0
  0
LINE
  5
A85
330
17
100
AcDbEntity
  8
LINES
100
AcDbLine
 10
180.57
 20
154.8
 30
0.0
 11
182.44
 21
156.1
 31
0.0
  0
LINE
  5
A86
330
17
100
AcDbEntity
  8
LINES
100
AcDbLine
 10
180.86
 20
159.41
 30
0.0
 11
180.86
 21
154.94
 31
0.0
  0
LINE
  5
A87
330
17
100
AcDbEntity
  8
LINES
100
AcDbLine
 10
182.73
 20
156.53
 30
0.0
 11
184.17
 21
158.11
 31
0.0
  0
LINE
  5
A88
330
17
100
AcDbEntity
  8
LINES
100
AcDbLine
 10
188.92
 20
155.66
 30
0.0
 11
188.2
 21
153.07
 31
0.0
  0
LINE
  5
A89
330
17
100
AcDbEntity
  8
LINES
100
AcDbLine
 10
186.76
 20
155.23
 30
0.0
 11
190.94
 21
156.24
 31
0.0
  0
LINE
  5
A8A
330
17
100
AcDbEntity
  8
LINES
100
AcDbLine
 10
189.07
 20
154.22
 30
0.0
 11
189.79
 21
152.35
 31
0.0
  0
LINE
  5
A8B
330
17
100
AcDbEntity
  8
LINES
100
AcDbLine
 10
187.34
 20
158.83
 30
0.0
 11
188.2
 21
156.67
 31
0.0
  0
LINE
  5
A8C
330
17
100
AcDbEntity
  8
LINES
100
AcDbLine
 10
186.47
 20
149.33
 30
0.0
 11
188.2
 21
153.07
 31
0.0
  0
LINE
  5
A8D
330
17
100
AcDbEntity
  8
LINES
100
AcDbLine
 10
188.92
 20
155.66
 30
0.0
 11
189.35
 21
159.7
 31
0.0
  0
LINE
  5
A8E
330
17
100
AcDbEntity
  8
LINES
100
AcDbLine
 10
226.22
 20
149.04
 30
0.0
 11
226.22
 21
156.67
 31
0.0
  0
LINE
  5
A8F
330
17
100
AcDbEntity
  8
LINES
100
AcDbLine
 10
239.18
 20
149.04
 30
0.0
 11
239.18
 21
156.67
 31
0.0
  0
LINE
  5
A90
330
17
100
AcDbEntity
  8
LINES
100
AcDbLine
 10
260.92
 20
158.4
 30
0.0
 11
263.23
 21
154.22
 31
0.0
  0
LINE
  5
A91
330
17
100
AcDbEntity
  8
LINES
100
AcDbLine
 10
260.78
 20
156.38
 30
0.0
 11
261.35
 21
155.09
 31
0.0
  0
LINE
  5
A92
330
17
100
AcDbEntity
  8
LINES
100
AcDbLine
 10
262.22
 20
154.94
 30
0.0
 11
261.35
 21
152.21
 31
0.0
  0
LINE
  5
A93
330
17
100
AcDbEntity
  8
LINES
100
AcDbLine
 10
262.36
 20
152.5
 30
0.0
 11
262.22
 21
149.76
 31
0.0
  0
LINE
  5
A94
330
17
100
AcDbEntity
  8
LINES
100
AcDbLine
 10
260.06
 20
152.35
 30
0.0
 11
260.2
 21
149.04
 31
0.0
  0
LINE
  5
A95
330
17
100
AcDbEntity
  8
LINES
100
AcDbLine
 10
260.2
 20
149.47
 30
0.0
 11
262.36
 21
149.76
 31
0.0
  0
LINE
  5
A96
330
17
100
AcDbEntity
  8
LINES
100
AcDbLine
 10
260.06
 20
151.78
 30
0.0
 11
262.36
 21
152.06
 31
0.0
  0
LINE
  5
A97
330
17
100
AcDbEntity
  8
LINES
100
AcDbLine
 10
259.77
 20
154.08
 30
0.0
 11
262.07
 21
154.66
 31
0.0
  0
LINE
  5
A98
330
17
100
AcDbEntity
  8
LINES
100
AcDbLine
 10
263.23
 20
154.22
 30
0.0
 11
263.8
 21
154.22
 31
0.0
  0
LINE
  5
A99
330
17
100
AcDbEntity
  8
LINES
100
AcDbLine
 10
281.51
 20
149.04
 30
0.0
 11
281.51
 21
156.67
 31
0.0
  0
LINE
  5
A9A
330
17
100
AcDbEntity
  8
LINES
100
AcDbLine
 10
294.47
 20
149.04
 30
0.0
 11
294.47
 21
156.67
 31
0.0
  0
LINE
  5
A9B
330
17
100
AcDbEntity
  8
LINES
100
AcDbLine
 10
309.31
 20
155.52
 30
0.0
 11
309.74
 21
154.37
 31
0.0
  0
LINE
  5
A9C
330
17
100
AcDbEntity
  8
LINES
100
AcDbLine
 10
308.15
 20
155.95
 30
0.0
 11
310.03
 21
156.53
 31
0.0
  0
LINE
  5
A9D
330
17
100
AcDbEntity
  8
LINES
100
AcDbLine
 10
309.31
 20
156.24
 30
0.0
 11
308.15
 21
151.49
 31
0.0
  0
LINE
  5
A9E
330
17
100
AcDbEntity
  8
LINES
100
AcDbLine
 10
309.31
 20
159.55
 30
0.0
 11
309.31
 21
149.18
 31
0.0
  0
LINE
  5
A9F
330
17
100
AcDbEntity
  8
LINES
100
AcDbLine
 10
310.89
 20
158.26
 30
0.0
 11
312.91
 21
158.54
 31
0.0
  0
LINE
  5
AA0
330
17
100
AcDbEntity
  8
LINES
100
AcDbLine
 10
312.91
 20
158.83
 30
0.0
 11
312.76
 21
156.24
 31
0.0
  0
LINE
  5
AA1
330
17
100
AcDbEntity
  8
LINES
100
AcDbLine
 10
312.91
 20
156.24
 30
0.0
 11
310.89
 21
155.95
 31
0.0
  0
LINE
  5
AA2
330
17
100
AcDbEntity
  8
LINES
100
AcDbLine
 10
311.18
 20
154.66
 30
0.0
 11
311.18
 21
149.04
 31
0.0
  0
LINE
  5
AA3
330
17
100
AcDbEntity
  8
LINES
100
AcDbLine
 10
311.18
 20
154.22
 30
0.0
 11
312.76
 21
154.51
 31
0.0
  0
LINE
  5
AA4
330
17
100
AcDbEntity
  8
LINES
100
AcDbLine
 10
312.76
 20
154.8
 30
0.0
 11
312.62
 21
149.04
 31
0.0
  0
LINE
  5
AA5
330
17
100
AcDbEntity
  8
LINES
100
AcDbLine
 10
311.18
 20
152.78
 30
0.0
 11
312.19
 21
153.07
 31
0.0
  0
LINE
  5
AA6
330
17
100
AcDbEntity
  8
LINES
100
AcDbLine
 10
311.18
 20
151.06
 30
0.0
 11
312.19
 21
151.34
 31
0.0
  0
LINE
  5
AA7
330
17
100
AcDbEntity
  8
LINES
100
AcDbLine
 10
311.9
 20
158.26
 30
0.0
 11
311.75
 21
156.1
 31
0.0
  0
LINE
  5
AA8
330
17
100
AcDbEntity
  8
LINES
100
AcDbLine
 10
314.78
 20
152.35
 30
0.0
 11
314.63
 21
152.35
 31
0.0
  0
LINE
  5
AA9
330
17
100
AcDbEntity
  8
LINES
100
AcDbLine
 10
323.42
 20
153.36
 30
0.0
 11
323.27
 21
151.34
 31
0.0
  0
LINE
  5
AAA
330
17
100
AcDbEntity
  8
LINES
100
AcDbLine
 10
321.69
 20
153.36
 30
0.0
 11
321.69
 21
150.48
 31
0.0
  0
LINE
  5
AAB
330
17
100
AcDbEntity
  8
LINES
100
AcDbLine
 10
320.54
 20
154.94
 30
0.0
 11
320.54
 21
149.33
 31
0.0
  0
LINE
  5
AAC
330
17
100
AcDbEntity
  8
LINES
100
AcDbLine
 10
323.71
 20
157.39
 30
0.0
 11
323.42
 21
155.52
 31
0.0
  0
LINE
  5
AAD
330
17
100
AcDbEntity
  8
LINES
100
AcDbLine
 10
321.4
 20
157.39
 30
0.0
 11
321.4
 21
154.66
 31
0.0
  0
LINE
  5
AAE
330
17
100
AcDbEntity
  8
LINES
100
AcDbLine
 10
320.39
 20
157.82
 30
0.0
 11
324.71
 21
158.4
 31
0.0
  0
LINE
  5
AAF
330
17
100
AcDbEntity
  8
LINES
100
AcDbLine
 10
322.27
 20
159.7
 30
0.0
 11
322.7
 21
158.69
 31
0.0
  0
LINE
  5
AB0
330
17
100
AcDbEntity
  8
LINES
100
AcDbLine
 10
321.4
 20
155.23
 30
0.0
 11
323.71
 21
155.52
 31
0.0
  0
LINE
  5
AB1
330
17
100
AcDbEntity
  8
LINES
100
AcDbLine
 10
321.4
 20
156.82
 30
0.0
 11
323.56
 21
156.96
 31
0.0
  0
LINE
  5
AB2
330
17
100
AcDbEntity
  8
LINES
100
AcDbLine
 10
321.69
 20
151.06
 30
0.0
 11
323.42
 21
151.2
 31
0.0
  0
LINE
  5
AB3
330
17
100
AcDbEntity
  8
LINES
100
AcDbLine
 10
321.69
 20
152.78
 30
0.0
 11
323.42
 21
153.07
 31
0.0
  0
LINE
  5
AB4
330
17
100
AcDbEntity
  8
LINES
100
AcDbLine
 10
320.54
 20
153.94
 30
0.0
 11
324.57
 21
154.37
 31
0.0
  0
LINE
  5
AB5
330
17
100
AcDbEntity
  8
LINES
100
AcDbLine
 10
331.63
 20
149.04
 30
0.0
 11
336.38
 21
156.67
 31
0.0
  0
LINE
  5
AB6
330
17
100
AcDbEntity
  8
LINES
100
AcDbLine
 10
336.38
 20
149.04
 30
0.0
 11
331.63
 21
156.67
 31
0.0
  0
LINE
  5
AB7
330
17
100
AcDbEntity
  8
LINES
100
AcDbLine
 10
364.89
 20
149.04
 30
0.0
 11
364.89
 21
156.67
 31
0.0
  0
LINE
  5
AB8
330
17
100
AcDbEntity
  8
LINES
100
AcDbLine
 10
377.85
 20
149.04
 30
0.0
 11
377.85
 21
156.67
 31
0.0
  0
LINE
  5
AB9
330
17
100
AcDbEntity
  8
LINES
100
AcDbLine
 10
390.81
 20
149.04
 30
0.0
 11
395.56
 21
156.67
 31
0.0
  0
LINE
  5
ABA
330
17
100
AcDbEntity
  8
LINES
100
AcDbLine
 10
395.56
 20
149.04
 30
0.0
 11
390.81
 21
156.67
 31
0.0
  0
LINE
  5
ABB
330
17
100
AcDbEntity
  8
LINES
100
AcDbLine
 10
424.07
 20
149.04
 30
0.0
 11
424.07
 21
156.67
 31
0.0
  0
LINE
  5
ABC
330
17
100
AcDbEntity
  8
LINES
100
AcDbLine
 10
437.03
 20
149.04
 30
0.0
 11
437.03
 21
156.67
 31
0.0
  0
LINE
  5
ABD
330
17
100
AcDbEntity
  8
LINES
100
AcDbLine
 10
459.07
 20
159.55
 30
0.0
 11
459.07
 21
149.04
 31
0.0
  0
LINE
  5
ABE
330
17
100
AcDbEntity
  8
LINES
100
AcDbLine
 10
456.62
 20
156.24
 30
0.0
 11
461.66
 21
156.96
 31
0.0
  0
LINE
  5
ABF
330
17
100
AcDbEntity
  8
LINES
100
AcDbLine
 10
457.91
 20
151.78
 30
0.0
 11
460.36
 21
152.21
 31
0.0
  0
LINE
  5
AC0
330
17
100
AcDbEntity
  8
LINES
100
AcDbLine
 10
467.13
 20
158.69
 30
0.0
 11
463.24
 21
158.26
 31
0.0
  0
LINE
  5
AC1
330
17
100
AcDbEntity
  8
LINES
100
AcDbLine
 10
463.24
 20
150.19
 30
0.0
 11
466.84
 21
150.48
 31
0.0
  0
LINE
  5
AC2
330
17
100
AcDbEntity
  8
LINES
100
AcDbLine
 10
467.13
 20
149.9
 30
0.0
 11
467.13
 21
159.12
 31
0.0
  0
LINE
  5
AC3
330
17
100
AcDbEntity
  8
LINES
100
AcDbLine
 10
463.24
 20
159.12
 30
0.0
 11
463.24
 21
149.76
 31
0.0
  0
LINE
  5
AC4
330
17
100
AcDbEntity
  8
LINES
100
AcDbLine
 10
463.24
 20
159.26
 30
0.0
 11
463.24
 21
149.33
 31
0.0
  0
LINE
  5
AC5
330
17
100
AcDbEntity
  8
LINES
100
AcDbLine
 10
465.26
 20
157.68
 30
0.0
 11
463.82
 21
154.94
 31
0.0
  0
LINE
  5
AC6
330
17
100
AcDbEntity
  8
LINES
100
AcDbLine
 10
464.83
 20
153.5
 30
0.0
 11
465.55
 21
152.5
 31
0.0
  0
LINE
  5
AC7
330
17
100
AcDbEntity
  8
LINES
100
AcDbLine
 10
464.68
 20
152.21
 30
0.0
 11
465.55
 21
150.91
 31
0.0
  0
LINE
  5
AC8
330
17
100
AcDbEntity
  8
LINES
100
AcDbLine
 10
464.68
 20
156.53
 30
0.0
 11
465.98
 21
156.82
 31
0.0
  0
LINE
  5
AC9
330
17
100
AcDbEntity
  8
LINES
100
AcDbLine
 10
463.39
 20
152.78
 30
0.0
 11
464.68
 21
154.22
 31
0.0
  0
LINE
  5
ACA
330
17
100
AcDbEntity
  8
LINES
100
AcDbLine
 10
471.45
 20
149.04
 30
0.0
 11
471.45
 21
159.55
 31
0.0
  0
LINE
  5
ACB
330
17
100
AcDbEntity
  8
LINES
100
AcDbLine
 10
469.72
 20
156.38
 30
0.0
 11
473.18
 21
156.82
 31
0.0
  0
LINE
  5
ACC
330
17
100
AcDbEntity
  8
LINES
100
AcDbLine
 10
468.86
 20
154.22
 30
0.0
 11
473.75
 21
154.8
 31
0.0
  0
LINE
  5
ACD
330
17
100
AcDbEntity
  8
LINES
100
AcDbLine
 10
476.49
 20
154.37
 30
0.0
 11
478.07
 21
154.8
 31
0.0
  0
LINE
  5
ACE
330
17
100
AcDbEntity
  8
LINES
100
AcDbLine
 10
479.23
 20
149.47
 30
0.0
 11
479.23
 21
155.23
 31
0.0
  0
LINE
  5
ACF
330
17
100
AcDbEntity
  8
LINES
100
AcDbLine
 10
475.34
 20
150.05
 30
0.0
 11
479.23
 21
150.48
 31
0.0
  0
LINE
  5
AD0
330
17
100
AcDbEntity
  8
LINES
100
AcDbLine
 10
475.34
 20
154.94
 30
0.0
 11
475.34
 21
149.76
 31
0.0
  0
LINE
  5
AD1
330
17
100
AcDbEntity
  8
LINES
100
AcDbLine
 10
477.21
 20
156.38
 30
0.0
 11
477.21
 21
152.35
 31
0.0
  0
LINE
  5
AD2
330
17
100
AcDbEntity
  8
LINES
100
AcDbLine
 10
478.36
 20
156.67
 30
0.0
 11
476.2
 21
156.24
 31
0.0
  0
LINE
  5
AD3
330
17
100
AcDbEntity
  8
LINES
100
AcDbLine
 10
478.36
 20
152.5
 30
0.0
 11
478.36
 21
156.96
 31
0.0
  0
LINE
  5
AD4
330
17
100
AcDbEntity
  8
LINES
100
AcDbLine
 10
476.2
 20
152.21
 30
0.0
 11
478.36
 21
152.5
 31
0.0
  0
LINE
  5
AD5
330
17
100
AcDbEntity
  8
LINES
100
AcDbLine
 10
476.2
 20
157.1
 30
0.0
 11
476.2
 21
151.63
 31
0.0
  0
LINE
  5
AD6
330
17
100
AcDbEntity
  8
LINES
100
AcDbLine
 10
479.51
 20
158.83
 30
0.0
 11
475.05
 21
158.26
 31
0.0
  0
LINE
  5
AD7
330
17
100
AcDbEntity
  8
LINES
100
AcDbLine
 10
481.82
 20
157.68
 30
0.0
 11
481.82
 21
153.79
 31
0.0
  0
LINE
  5
AD8
330
17
100
AcDbEntity
  8
LINES
100
AcDbLine
 10
481.82
 20
154.22
 30
0.0
 11
484.84
 21
154.37
 31
0.0
  0
LINE
  5
AD9
330
17
100
AcDbEntity
  8
LINES
100
AcDbLine
 10
484.99
 20
157.68
 30
0.0
 11
484.99
 21
153.94
 31
0.0
  0
LINE
  5
ADA
330
17
100
AcDbEntity
  8
LINES
100
AcDbLine
 10
483.26
 20
159.55
 30
0.0
 11
483.26
 21
150.05
 31
0.0
  0
LINE
  5
ADB
330
17
100
AcDbEntity
  8
LINES
100
AcDbLine
 10
481.67
 20
149.76
 30
0.0
 11
484.99
 21
150.05
 31
0.0
  0
LINE
  5
ADC
330
17
100
AcDbEntity
  8
LINES
100
AcDbLine
 10
485.13
 20
152.93
 30
0.0
 11
484.99
 21
149.18
 31
0.0
  0
LINE
  5
ADD
330
17
100
AcDbEntity
  8
LINES
100
AcDbLine
 10
481.67
 20
149.18
 30
0.0
 11
481.67
 21
152.64
 31
0.0
  0
LINE
  5
ADE
330
17
100
AcDbEntity
  8
LINES
100
AcDbLine
 10
491.32
 20
153.79
 30
0.0
 11
490.46
 21
153.65
 31
0.0
  0
LINE
  5
ADF
330
17
100
AcDbEntity
  8
LINES
100
AcDbLine
 10
490.46
 20
155.81
 30
0.0
 11
491.32
 21
155.95
 31
0.0
  0
LINE
  5
AE0
330
17
100
AcDbEntity
  8
LINES
100
AcDbLine
 10
490.46
 20
157.97
 30
0.0
 11
491.47
 21
158.11
 31
0.0
  0
LINE
  5
AE1
330
17
100
AcDbEntity
  8
LINES
100
AcDbLine
 10
489.59
 20
154.37
 30
0.0
 11
488.73
 21
154.22
 31
0.0
  0
LINE
  5
AE2
330
17
100
AcDbEntity
  8
LINES
100
AcDbLine
 10
489.59
 20
152.21
 30
0.0
 11
489.74
 21
154.51
 31
0.0
  0
LINE
  5
AE3
330
17
100
AcDbEntity
  8
LINES
100
AcDbLine
 10
488.73
 20
152.06
 30
0.0
 11
489.59
 21
152.21
 31
0.0
  0
LINE
  5
AE4
330
17
100
AcDbEntity
  8
LINES
100
AcDbLine
 10
488.73
 20
154.66
 30
0.0
 11
488.73
 21
151.34
 31
0.0
  0
LINE
  5
AE5
330
17
100
AcDbEntity
  8
LINES
100
AcDbLine
 10
488.59
 20
156.24
 30
0.0
 11
490.03
 21
156.53
 31
0.0
  0
LINE
  5
AE6
330
17
100
AcDbEntity
  8
LINES
100
AcDbLine
 10
487.43
 20
159.12
 30
0.0
 11
488.3
 21
157.68
 31
0.0
  0
LINE
  5
AE7
330
17
100
AcDbEntity
  8
LINES
100
AcDbLine
 10
486.71
 20
156.24
 30
0.0
 11
487.72
 21
154.8
 31
0.0
  0
LINE
  5
AE8
330
17
100
AcDbEntity
  8
LINES
100
AcDbLine
 10
487.43
 20
150.34
 30
0.0
 11
488.01
 21
155.81
 31
0.0
  0
LINE
  5
AE9
330
17
100
AcDbEntity
  8
LINES
100
AcDbLine
 10
490.46
 20
158.69
 30
0.0
 11
490.46
 21
154.37
 31
0.0
  0
LINE
  5
AEA
330
17
100
AcDbEntity
  8
LINES
100
AcDbLine
 10
491.61
 20
158.69
 30
0.0
 11
491.61
 21
150.34
 31
0.0
  0
LINE
  5
AEB
330
17
100
AcDbEntity
  8
LINES
100
AcDbLine
 10
489.31
 20
159.7
 30
0.0
 11
489.31
 21
154.37
 31
0.0
  0
LINE
  5
AEC
330
17
100
AcDbEntity
  8
LINES
100
AcDbLine
 10
486.86
 20
151.63
 30
0.0
 11
487.43
 21
150.62
 31
0.0
  0
LINE
  5
AED
330
17
100
AcDbEntity
  8
LINES
100
AcDbLine
 10
495.35
 20
153.36
 30
0.0
 11
495.21
 21
149.18
 31
0.0
  0
LINE
  5
AEE
330
17
100
AcDbEntity
  8
LINES
100
AcDbLine
 10
493.91
 20
151.63
 30
0.0
 11
496.79
 21
151.92
 31
0.0
  0
LINE
  5
AEF
330
17
100
AcDbEntity
  8
LINES
100
AcDbLine
 10
494.06
 20
153.22
 30
0.0
 11
496.65
 21
153.5
 31
0.0
  0
LINE
  5
AF0
330
17
100
AcDbEntity
  8
LINES
100
AcDbLine
 10
496.07
 20
155.66
 30
0.0
 11
495.79
 21
153.65
 31
0.0
  0
LINE
  5
AF1
330
17
100
AcDbEntity
  8
LINES
100
AcDbLine
 10
494.63
 20
155.52
 30
0.0
 11
495.07
 21
153.36
 31
0.0
  0
LINE
  5
AF2
330
17
100
AcDbEntity
  8
LINES
100
AcDbLine
 10
493.48
 20
155.38
 30
0.0
 11
497.37
 21
155.81
 31
0.0
  0
LINE
  5
AF3
330
17
100
AcDbEntity
  8
LINES
100
AcDbLine
 10
493.48
 20
156.24
 30
0.0
 11
493.48
 21
149.04
 31
0.0
  0
LINE
  5
AF4
330
17
100
AcDbEntity
  8
LINES
100
AcDbLine
 10
495.5
 20
159.7
 30
0.0
 11
495.35
 21
155.66
 31
0.0
  0
LINE
  5
AF5
330
17
100
AcDbEntity
  8
LINES
100
AcDbLine
 10
493.05
 20
157.25
 30
0.0
 11
497.66
 21
157.82
 31
0.0
  0
LINE
  5
AF6
330
17
100
AcDbEntity
  8
LINES
100
AcDbLine
 10
503.85
 20
156.38
 30
0.0
 11
502.7
 21
158.4
 31
0.0
  0
LINE
  5
AF7
330
17
100
AcDbEntity
  8
LINES
100
AcDbLine
 10
499.53
 20
155.38
 30
0.0
 11
500.83
 21
158.4
 31
0.0
  0
LINE
  5
AF8
330
17
100
AcDbEntity
  8
LINES
100
AcDbLine
 10
501.69
 20
159.7
 30
0.0
 11
501.69
 21
156.24
 31
0.0
  0
LINE
  5
AF9
330
17
100
AcDbEntity
  8
LINES
100
AcDbLine
 10
500.39
 20
154.37
 30
0.0
 11
500.39
 21
149.18
 31
0.0
  0
LINE
  5
AFA
330
17
100
AcDbEntity
  8
LINES
100
AcDbLine
 10
502.84
 20
149.18
 30
0.0
 11
503.13
 21
154.94
 31
0.0
  0
LINE
  5
AFB
330
17
100
AcDbEntity
  8
LINES
100
AcDbLine
 10
503.13
 20
154.66
 30
0.0
 11
500.39
 21
154.22
 31
0.0
  0
LINE
  5
AFC
330
17
100
AcDbEntity
  8
LINES
100
AcDbLine
 10
500.39
 20
152.64
 30
0.0
 11
502.55
 21
153.07
 31
0.0
  0
LINE
  5
AFD
330
17
100
AcDbEntity
  8
LINES
100
AcDbLine
 10
500.39
 20
151.2
 30
0.0
 11
502.55
 21
151.63
 31
0.0
  0
LINE
  5
AFE
330
17
100
AcDbEntity
  8
LINES
100
AcDbLine
 10
500.39
 20
149.76
 30
0.0
 11
502.84
 21
150.05
 31
0.0
  0
LINE
  5
AFF
330
17
100
AcDbEntity
  8
LINES
100
AcDbLine
 10
508.6
 20
158.11
 30
0.0
 11
508.6
 21
155.23
 31
0.0
  0
LINE
  5
B00
330
17
100
AcDbEntity
  8
LINES
100
AcDbLine
 10
509.18
 20
153.79
 30
0.0
 11
509.18
 21
152.06
 31
0.0
  0
LINE
  5
B01
330
17
100
AcDbEntity
  8
LINES
100
AcDbLine
 10
505.72
 20
150.34
 30
0.0
 11
506.73
 21
152.5
 31
0.0
  0
LINE
  5
B02
330
17
100
AcDbEntity
  8
LINES
100
AcDbLine
 10
507.88
 20
151.63
 30
0.0
 11
509.32
 21
151.92
 31
0.0
  0
LINE
  5
B03
330
17
100
AcDbEntity
  8
LINES
100
AcDbLine
 10
507.88
 20
153.36
 30
0.0
 11
509.18
 21
153.65
 31
0.0
  0
LINE
  5
B04
330
17
100
AcDbEntity
  8
LINES
100
AcDbLine
 10
507.88
 20
153.94
 30
0.0
 11
507.88
 21
151.06
 31
0.0
  0
LINE
  5
B05
330
17
100
AcDbEntity
  8
LINES
100
AcDbLine
 10
507.59
 20
154.94
 30
0.0
 11
509.47
 21
155.23
 31
0.0
  0
LINE
  5
B06
330
17
100
AcDbEntity
  8
LINES
100
AcDbLine
 10
507.74
 20
156.38
 30
0.0
 11
509.47
 21
156.67
 31
0.0
  0
LINE
  5
B07
330
17
100
AcDbEntity
  8
LINES
100
AcDbLine
 10
507.16
 20
158.54
 30
0.0
 11
509.9
 21
158.83
 31
0.0
  0
LINE
  5
B08
330
17
100
AcDbEntity
  8
LINES
100
AcDbLine
 10
505.58
 20
158.98
 30
0.0
 11
506.3
 21
157.1
 31
0.0
  0
LINE
  5
B09
330
17
100
AcDbEntity
  8
LINES
100
AcDbLine
 10
506.01
 20
155.95
 30
0.0
 11
505.87
 21
150.34
 31
0.0
  0
LINE
  5
B0A
330
17
100
AcDbEntity
  8
LINES
100
AcDbLine
 10
504.71
 20
155.23
 30
0.0
 11
506.01
 21
155.66
 31
0.0
  0
LINE
  5
B0B
330
17
100
AcDbEntity
  8
LINES
100
AcDbLine
 10
512.49
 20
149.9
 30
0.0
 11
512.2
 21
149.76
 31
0.0
  0
LINE
  5
B0C
330
17
100
AcDbEntity
  8
LINES
100
AcDbLine
 10
512.49
 20
150.34
 30
0.0
 11
512.49
 21
149.9
 31
0.0
  0
LINE
  5
B0D
330
17
100
AcDbEntity
  8
LINES
100
AcDbLine
 10
512.35
 20
150.91
 30
0.0
 11
512.49
 21
150.34
 31
0.0
  0
LINE
  5
B0E
330
17
100
AcDbEntity
  8
LINES
100
AcDbLine
 10
512.2
 20
150.34
 30
0.0
 11
511.91
 21
151.34
 31
0.0
  0
LINE
  5
B0F
330
17
100
AcDbEntity
  8
LINES
100
AcDbLine
 10
512.2
 20
149.9
 30
0.0
 11
512.2
 21
150.34
 31
0.0
  0
LINE
  5
B10
330
17
100
AcDbEntity
  8
LINES
100
AcDbLine
 10
511.05
 20
152.21
 30
0.0
 11
511.91
 21
151.63
 31
0.0
  0
LINE
  5
B11
330
17
100
AcDbEntity
  8
LINES
100
AcDbLine
 10
512.2
 20
149.76
 30
0.0
 11
512.2
 21
149.9
 31
0.0
  0
LINE
  5
B12
330
17
100
AcDbEntity
  8
LINES
100
AcDbLine
 10
511.91
 20
151.63
 30
0.0
 11
512.35
 21
150.91
 31
0.0
  0
LINE
  5
B13
330
17
100
AcDbEntity
  8
LINES
100
AcDbLine
 10
520.12
 20
153.65
 30
0.0
 11
520.12
 21
149.76
 31
0.0
  0
LINE
  5
B14
330
17
100
AcDbEntity
  8
LINES
100
AcDbLine
 10
518.25
 20
153.36
 30
0.0
 11
521.27
 21
153.65
 31
0.0
  0
LINE
  5
B15
330
17
100
AcDbEntity
  8
LINES
100
AcDbLine
 10
518.25
 20
153.65
 30
0.0
 11
518.25
 21
149.76
 31
0.0
  0
LINE
  5
B16
330
17
100
AcDbEntity
  8
LINES
100
AcDbLine
 10
518.54
 20
154.37
 30
0.0
 11
517.1
 21
152.93
 31
0.0
  0
LINE
  5
B17
330
17
100
AcDbEntity
  8
LINES
100
AcDbLine
 10
520.12
 20
155.81
 30
0.0
 11
521.71
 21
153.65
 31
0.0
  0
LINE
  5
B18
330
17
100
AcDbEntity
  8
LINES
100
AcDbLine
 10
517.53
 20
156.53
 30
0.0
 11
521.85
 21
156.96
 31
0.0
  0
LINE
  5
B19
330
17
100
AcDbEntity
  8
LINES
100
AcDbLine
 10
518.68
 20
158.98
 30
0.0
 11
519.26
 21
157.1
 31
0.0
  0
LINE
  5
B1A
330
17
100
AcDbEntity
  8
LINES
100
AcDbLine
 10
520.7
 20
159.41
 30
0.0
 11
520.12
 21
156.96
 31
0.0
  0
LINE
  5
B1B
330
17
100
AcDbEntity
  8
LINES
100
AcDbLine
 10
519.26
 20
155.95
 30
0.0
 11
518.54
 21
154.37
 31
0.0
  0
LINE
  5
B1C
330
17
100
AcDbEntity
  8
LINES
100
AcDbLine
 10
519.26
 20
153.5
 30
0.0
 11
519.26
 21
149.76
 31
0.0
  0
LINE
  5
B1D
330
17
100
AcDbEntity
  8
LINES
100
AcDbLine
 10
517.1
 20
149.62
 30
0.0
 11
521.99
 21
149.9
 31
0.0
  0
LINE
  5
B1E
330
17
100
AcDbEntity
  8
LINES
100
AcDbLine
 10
521.27
 20
153.79
 30
0.0
 11
521.13
 21
149.9
 31
0.0
  0
LINE
  5
B1F
330
17
100
AcDbEntity
  8
LINES
100
AcDbLine
 10
525.74
 20
157.39
 30
0.0
 11
527.61
 21
157.82
 31
0.0
  0
LINE
  5
B20
330
17
100
AcDbEntity
  8
LINES
100
AcDbLine
 10
525.74
 20
151.06
 30
0.0
 11
527.61
 21
151.34
 31
0.0
  0
LINE
  5
B21
330
17
100
AcDbEntity
  8
LINES
100
AcDbLine
 10
525.74
 20
154.37
 30
0.0
 11
527.32
 21
154.66
 31
0.0
  0
LINE
  5
B22
330
17
100
AcDbEntity
  8
LINES
100
AcDbLine
 10
527.61
 20
158.26
 30
0.0
 11
527.61
 21
150.19
 31
0.0
  0
LINE
  5
B23
330
17
100
AcDbEntity
  8
LINES
100
AcDbLine
 10
525.74
 20
158.26
 30
0.0
 11
525.74
 21
150.05
 31
0.0
  0
LINE
  5
B24
330
17
100
AcDbEntity
  8
LINES
100
AcDbLine
 10
523.72
 20
158.26
 30
0.0
 11
524.73
 21
158.4
 31
0.0
  0
LINE
  5
B25
330
17
100
AcDbEntity
  8
LINES
100
AcDbLine
 10
523.72
 20
159.26
 30
0.0
 11
523.72
 21
149.33
 31
0.0
  0
LINE
  5
B26
330
17
100
AcDbEntity
  8
LINES
100
AcDbLine
 10
529.48
 20
154.22
 30
0.0
 11
531.07
 21
154.8
 31
0.0
  0
LINE
  5
B27
330
17
100
AcDbEntity
  8
LINES
100
AcDbLine
 10
530.35
 20
158.69
 30
0.0
 11
530.35
 21
151.63
 31
0.0
  0
LINE
  5
B28
330
17
100
AcDbEntity
  8
LINES
100
AcDbLine
 10
529.19
 20
150.48
 30
0.0
 11
531.35
 21
152.35
 31
0.0
  0
LINE
  5
B29
330
17
100
AcDbEntity
  8
LINES
100
AcDbLine
 10
532.51
 20
159.55
 30
0.0
 11
532.51
 21
151.06
 31
0.0
  0
LINE
  5
B2A
330
17
100
AcDbEntity
  8
LINES
100
AcDbLine
 10
531.07
 20
153.5
 30
0.0
 11
533.8
 21
155.95
 31
0.0
  0
LINE
  5
B2B
330
17
100
AcDbEntity
  8
LINES
100
AcDbLine
 10
538.84
 20
158.11
 30
0.0
 11
538.84
 21
155.23
 31
0.0
  0
LINE
  5
B2C
330
17
100
AcDbEntity
  8
LINES
100
AcDbLine
 10
539.42
 20
153.79
 30
0.0
 11
539.42
 21
152.06
 31
0.0
  0
LINE
  5
B2D
330
17
100
AcDbEntity
  8
LINES
100
AcDbLine
 10
535.96
 20
150.34
 30
0.0
 11
536.97
 21
152.5
 31
0.0
  0
LINE
  5
B2E
330
17
100
AcDbEntity
  8
LINES
100
AcDbLine
 10
538.12
 20
151.63
 30
0.0
 11
539.56
 21
151.92
 31
0.0
  0
LINE
  5
B2F
330
17
100
AcDbEntity
  8
LINES
100
AcDbLine
 10
538.12
 20
153.36
 30
0.0
 11
539.42
 21
153.65
 31
0.0
  0
LINE
  5
B30
330
17
100
AcDbEntity
  8
LINES
100
AcDbLine
 10
538.12
 20
153.94
 30
0.0
 11
538.12
 21
151.06
 31
0.0
  0
LINE
  5
B31
330
17
100
AcDbEntity
  8
LINES
100
AcDbLine
 10
537.83
 20
154.94
 30
0.0
 11
539.71
 21
155.23
 31
0.0
  0
LINE
  5
B32
330
17
100
AcDbEntity
  8
LINES
100
AcDbLine
 10
537.98
 20
156.38
 30
0.0
 11
539.71
 21
156.67
 31
0.0
  0
LINE
  5
B33
330
17
100
AcDbEntity
  8
LINES
100
AcDbLine
 10
537.4
 20
158.54
 30
0.0
 11
540.14
 21
158.83
 31
0.0
  0
LINE
  5
B34
330
17
100
AcDbEntity
  8
LINES
100
AcDbLine
 10
535.82
 20
158.98
 30
0.0
 11
536.54
 21
157.1
 31
0.0
  0
LINE
  5
B35
330
17
100
AcDbEntity
  8
LINES
100
AcDbLine
 10
536.25
 20
155.95
 30
0.0
 11
536.11
 21
150.34
 31
0.0
  0
LINE
  5
B36
330
17
100
AcDbEntity
  8
LINES
100
AcDbLine
 10
534.95
 20
155.23
 30
0.0
 11
536.25
 21
155.66
 31
0.0
  0
LINE
  5
B37
330
17
100
AcDbEntity
  8
LINES
100
AcDbLine
 10
542.87
 20
159.41
 30
0.0
 11
542.3
 21
156.53
 31
0.0
  0
LINE
  5
B38
330
17
100
AcDbEntity
  8
LINES
100
AcDbLine
 10
541.87
 20
151.34
 30
0.0
 11
543.16
 21
151.63
 31
0.0
  0
LINE
  5
B39
330
17
100
AcDbEntity
  8
LINES
100
AcDbLine
 10
543.45
 20
150.62
 30
0.0
 11
543.59
 21
156.96
 31
0.0
  0
LINE
  5
B3A
330
17
100
AcDbEntity
  8
LINES
100
AcDbLine
 10
543.45
 20
156.53
 30
0.0
 11
542.01
 21
156.24
 31
0.0
  0
LINE
  5
B3B
330
17
100
AcDbEntity
  8
LINES
100
AcDbLine
 10
541.87
 20
153.94
 30
0.0
 11
543.02
 21
154.22
 31
0.0
  0
LINE
  5
B3C
330
17
100
AcDbEntity
  8
LINES
100
AcDbLine
 10
544.89
 20
159.55
 30
0.0
 11
543.88
 21
154.94
 31
0.0
  0
LINE
  5
B3D
330
17
100
AcDbEntity
  8
LINES
100
AcDbLine
 10
545.61
 20
149.18
 30
0.0
 11
544.89
 21
150.91
 31
0.0
  0
LINE
  5
B3E
330
17
100
AcDbEntity
  8
LINES
100
AcDbLine
 10
544.6
 20
154.94
 30
0.0
 11
545.18
 21
153.07
 31
0.0
  0
LINE
  5
B3F
330
17
100
AcDbEntity
  8
LINES
100
AcDbLine
 10
544.31
 20
156.38
 30
0.0
 11
546.19
 21
156.82
 31
0.0
  0
LINE
  5
B40
330
17
100
AcDbEntity
  8
LINES
100
AcDbLine
 10
541.87
 20
156.96
 30
0.0
 11
541.87
 21
150.62
 31
0.0
  0
LINE
  5
B41
330
17
100
AcDbEntity
  8
LINES
100
AcDbLine
 10
549.79
 20
159.55
 30
0.0
 11
549.79
 21
155.09
 31
0.0
  0
LINE
  5
B42
330
17
100
AcDbEntity
  8
LINES
100
AcDbLine
 10
552.09
 20
155.38
 30
0.0
 11
547.63
 21
154.8
 31
0.0
  0
LINE
  5
B43
330
17
100
AcDbEntity
  8
LINES
100
AcDbLine
 10
552.23
 20
149.33
 30
0.0
 11
551.95
 21
151.63
 31
0.0
  0
LINE
  5
B44
330
17
100
AcDbEntity
  8
LINES
100
AcDbLine
 10
548.92
 20
156.24
 30
0.0
 11
548.49
 21
158.11
 31
0.0
  0
LINE
  5
B45
330
17
100
AcDbEntity
  8
LINES
100
AcDbLine
 10
550.36
 20
155.66
 30
0.0
 11
551.37
 21
158.26
 31
0.0
  0
LINE
  5
B46
330
17
100
AcDbEntity
  8
LINES
100
AcDbLine
 10
553.96
 20
157.82
 30
0.0
 11
553.96
 21
151.63
 31
0.0
  0
LINE
  5
B47
330
17
100
AcDbEntity
  8
LINES
100
AcDbLine
 10
553.96
 20
156.82
 30
0.0
 11
557.56
 21
157.25
 31
0.0
  0
LINE
  5
B48
330
17
100
AcDbEntity
  8
LINES
100
AcDbLine
 10
557.71
 20
157.68
 30
0.0
 11
557.27
 21
153.07
 31
0.0
  0
LINE
  5
B49
330
17
100
AcDbEntity
  8
LINES
100
AcDbLine
 10
557.42
 20
153.07
 30
0.0
 11
553.96
 21
152.64
 31
0.0
  0
LINE
  5
B4A
330
17
100
AcDbEntity
  8
LINES
100
AcDbLine
 10
554.54
 20
154.94
 30
0.0
 11
556.7
 21
155.23
 31
0.0
  0
LINE
  5
B4B
330
17
100
AcDbEntity
  8
LINES
100
AcDbLine
 10
559.29
 20
153.65
 30
0.0
 11
564.62
 21
154.08
 31
0.0
  0
LINE
  5
B4C
330
17
100
AcDbEntity
  8
LINES
100
AcDbLine
 10
567.07
 20
159.41
 30
0.0
 11
565.19
 21
154.22
 31
0.0
  0
LINE
  5
B4D
330
17
100
AcDbEntity
  8
LINES
100
AcDbLine
 10
568.79
 20
159.55
 30
0.0
 11
568.79
 21
149.04
 31
0.0
  0
LINE
  5
B4E
330
17
100
AcDbEntity
  8
LINES
100
AcDbLine
 10
567.64
 20
151.92
 30
0.0
 11
569.66
 21
152.35
 31
0.0
  0
LINE
  5
B4F
330
17
100
AcDbEntity
  8
LINES
100
AcDbLine
 10
566.35
 20
149.04
 30
0.0
 11
566.35
 21
157.25
 31
0.0
  0
LINE
  5
B50
330
17
100
AcDbEntity
  8
LINES
100
AcDbLine
 10
566.92
 20
156.38
 30
0.0
 11
570.52
 21
156.96
 31
0.0
  0
LINE
  5
B51
330
17
100
AcDbEntity
  8
LINES
100
AcDbLine
 10
573.69
 20
159.41
 30
0.0
 11
571.39
 21
154.37
 31
0.0
  0
LINE
  5
B52
330
17
100
AcDbEntity
  8
LINES
100
AcDbLine
 10
572.83
 20
157.25
 30
0.0
 11
572.83
 21
149.04
 31
0.0
  0
LINE
  5
B53
330
17
100
AcDbEntity
  8
LINES
100
AcDbLine
 10
576.28
 20
156.96
 30
0.0
 11
573.4
 21
153.07
 31
0.0
  0
LINE
  5
B54
330
17
100
AcDbEntity
  8
LINES
100
AcDbLine
 10
578.73
 20
155.52
 30
0.0
 11
577.43
 21
155.23
 31
0.0
  0
LINE
  5
B55
330
17
100
AcDbEntity
  8
LINES
100
AcDbLine
 10
578.73
 20
151.06
 30
0.0
 11
578.73
 21
155.95
 31
0.0
  0
LINE
  5
B56
330
17
100
AcDbEntity
  8
LINES
100
AcDbLine
 10
579.59
 20
152.35
 30
0.0
 11
578.3
 21
150.05
 31
0.0
  0
LINE
  5
B57
330
17
100
AcDbEntity
  8
LINES
100
AcDbLine
 10
578.15
 20
158.83
 30
0.0
 11
578.87
 21
157.1
 31
0.0
  0
LINE
  5
B58
330
17
100
AcDbEntity
  8
LINES
100
AcDbLine
 10
579.74
 20
154.37
 30
0.0
 11
581.61
 21
154.51
 31
0.0
  0
LINE
  5
B59
330
17
100
AcDbEntity
  8
LINES
100
AcDbLine
 10
581.9
 20
154.94
 30
0.0
 11
581.03
 21
152.21
 31
0.0
  0
LINE
  5
B5A
330
17
100
AcDbEntity
  8
LINES
100
AcDbLine
 10
580.17
 20
159.12
 30
0.0
 11
580.17
 21
156.96
 31
0.0
  0
LINE
  5
B5B
330
17
100
AcDbEntity
  8
LINES
100
AcDbLine
 10
580.17
 20
158.54
 30
0.0
 11
581.32
 21
158.83
 31
0.0
  0
LINE
  5
B5C
330
17
100
AcDbEntity
  8
LINES
100
AcDbLine
 10
585.79
 20
159.41
 30
0.0
 11
584.92
 21
157.54
 31
0.0
  0
LINE
  5
B5D
330
17
100
AcDbEntity
  8
LINES
100
AcDbLine
 10
586.22
 20
153.65
 30
0.0
 11
586.22
 21
150.19
 31
0.0
  0
LINE
  5
B5E
330
17
100
AcDbEntity
  8
LINES
100
AcDbLine
 10
585.21
 20
151.63
 30
0.0
 11
587.08
 21
151.92
 31
0.0
  0
LINE
  5
B5F
330
17
100
AcDbEntity
  8
LINES
100
AcDbLine
 10
587.37
 20
150.19
 30
0.0
 11
584.92
 21
149.76
 31
0.0
  0
LINE
  5
B60
330
17
100
AcDbEntity
  8
LINES
100
AcDbLine
 10
587.51
 20
154.08
 30
0.0
 11
587.37
 21
149.33
 31
0.0
  0
LINE
  5
B61
330
17
100
AcDbEntity
  8
LINES
100
AcDbLine
 10
584.92
 20
153.5
 30
0.0
 11
587.51
 21
153.79
 31
0.0
  0
LINE
  5
B62
330
17
100
AcDbEntity
  8
LINES
100
AcDbLine
 10
584.92
 20
153.94
 30
0.0
 11
584.92
 21
149.33
 31
0.0
  0
LINE
  5
B63
330
17
100
AcDbEntity
  8
LINES
100
AcDbLine
 10
585.07
 20
157.82
 30
0.0
 11
587.37
 21
158.26
 31
0.0
  0
LINE
  5
B64
330
17
100
AcDbEntity
  8
LINES
100
AcDbLine
 10
584.92
 20
157.54
 30
0.0
 11
583.91
 21
155.38
 31
0.0
  0
LINE
  5
B65
330
17
100
AcDbEntity
  8
LINES
100
AcDbLine
 10
590.39
 20
152.35
 30
0.0
 11
590.25
 21
152.35
 31
0.0
  0
LINE
  5
B66
330
17
100
AcDbEntity
  8
LINES
100
AcDbLine
 10
598.75
 20
153.65
 30
0.0
 11
598.75
 21
149.76
 31
0.0
  0
LINE
  5
B67
330
17
100
AcDbEntity
  8
LINES
100
AcDbLine
 10
596.87
 20
153.36
 30
0.0
 11
599.75
 21
153.65
 31
0.0
  0
LINE
  5
B68
330
17
100
AcDbEntity
  8
LINES
100
AcDbLine
 10
596.87
 20
153.65
 30
0.0
 11
596.87
 21
149.76
 31
0.0
  0
LINE
  5
B69
330
17
100
AcDbEntity
  8
LINES
100
AcDbLine
 10
597.02
 20
154.37
 30
0.0
 11
595.72
 21
152.93
 31
0.0
  0
LINE
  5
B6A
330
17
100
AcDbEntity
  8
LINES
100
AcDbLine
 10
598.75
 20
155.81
 30
0.0
 11
600.33
 21
153.65
 31
0.0
  0
LINE
  5
B6B
330
17
100
AcDbEntity
  8
LINES
100
AcDbLine
 10
596.15
 20
156.53
 30
0.0
 11
600.47
 21
156.96
 31
0.0
  0
LINE
  5
B6C
330
17
100
AcDbEntity
  8
LINES
100
AcDbLine
 10
597.31
 20
158.98
 30
0.0
 11
597.88
 21
157.1
 31
0.0
  0
LINE
  5
B6D
330
17
100
AcDbEntity
  8
LINES
100
AcDbLine
 10
599.32
 20
159.41
 30
0.0
 11
598.75
 21
156.96
 31
0.0
  0
LINE
  5
B6E
330
17
100
AcDbEntity
  8
LINES
100
AcDbLine
 10
597.88
 20
155.95
 30
0.0
 11
597.02
 21
154.37
 31
0.0
  0
LINE
  5
B6F
330
17
100
AcDbEntity
  8
LINES
100
AcDbLine
 10
597.88
 20
153.5
 30
0.0
 11
597.88
 21
149.76
 31
0.0
  0
LINE
  5
B70
330
17
100
AcDbEntity
  8
LINES
100
AcDbLine
 10
595.72
 20
149.62
 30
0.0
 11
600.62
 21
149.9
 31
0.0
  0
LINE
  5
B71
330
17
100
AcDbEntity
  8
LINES
100
AcDbLine
 10
599.9
 20
153.79
 30
0.0
 11
599.75
 21
149.9
 31
0.0
  0
LINE
  5
B72
330
17
100
AcDbEntity
  8
LINES
100
AcDbLine
 10
596.87
 20
153.36
 30
0.0
 11
599.9
 21
153.65
 31
0.0
  0
LINE
  5
B73
330
17
100
AcDbEntity
  8
LINES
100
AcDbLine
 10
604.36
 20
157.39
 30
0.0
 11
606.23
 21
157.82
 31
0.0
  0
LINE
  5
B74
330
17
100
AcDbEntity
  8
LINES
100
AcDbLine
 10
604.36
 20
151.06
 30
0.0
 11
606.09
 21
151.34
 31
0.0
  0
LINE
  5
B75
330
17
100
AcDbEntity
  8
LINES
100
AcDbLine
 10
604.36
 20
154.37
 30
0.0
 11
605.8
 21
154.66
 31
0.0
  0
LINE
  5
B76
330
17
100
AcDbEntity
  8
LINES
100
AcDbLine
 10
606.23
 20
158.26
 30
0.0
 11
606.09
 21
150.19
 31
0.0
  0
LINE
  5
B77
330
17
100
AcDbEntity
  8
LINES
100
AcDbLine
 10
604.36
 20
158.26
 30
0.0
 11
604.36
 21
150.05
 31
0.0
  0
LINE
  5
B78
330
17
100
AcDbEntity
  8
LINES
100
AcDbLine
 10
602.35
 20
158.26
 30
0.0
 11
603.35
 21
158.4
 31
0.0
  0
LINE
  5
B79
330
17
100
AcDbEntity
  8
LINES
100
AcDbLine
 10
602.35
 20
159.26
 30
0.0
 11
602.35
 21
149.33
 31
0.0
  0
LINE
  5
B7A
330
17
100
AcDbEntity
  8
LINES
100
AcDbLine
 10
608.11
 20
154.22
 30
0.0
 11
609.69
 21
154.8
 31
0.0
  0
LINE
  5
B7B
330
17
100
AcDbEntity
  8
LINES
100
AcDbLine
 10
608.97
 20
158.69
 30
0.0
 11
608.97
 21
151.63
 31
0.0
  0
LINE
  5
B7C
330
17
100
AcDbEntity
  8
LINES
100
AcDbLine
 10
607.82
 20
150.48
 30
0.0
 11
609.98
 21
152.35
 31
0.0
  0
LINE
  5
B7D
330
17
100
AcDbEntity
  8
LINES
100
AcDbLine
 10
611.13
 20
159.55
 30
0.0
 11
611.13
 21
151.06
 31
0.0
  0
LINE
  5
B7E
330
17
100
AcDbEntity
  8
LINES
100
AcDbLine
 10
609.69
 20
153.5
 30
0.0
 11
612.43
 21
155.95
 31
0.0
  0
LINE
  5
B7F
330
17
100
AcDbEntity
  8
LINES
100
AcDbLine
 10
617.47
 20
158.11
 30
0.0
 11
617.47
 21
155.23
 31
0.0
  0
LINE
  5
B80
330
17
100
AcDbEntity
  8
LINES
100
AcDbLine
 10
618.04
 20
153.79
 30
0.0
 11
617.9
 21
152.06
 31
0.0
  0
LINE
  5
B81
330
17
100
AcDbEntity
  8
LINES
100
AcDbLine
 10
614.59
 20
150.34
 30
0.0
 11
615.59
 21
152.5
 31
0.0
  0
LINE
  5
B82
330
17
100
AcDbEntity
  8
LINES
100
AcDbLine
 10
616.75
 20
151.63
 30
0.0
 11
618.19
 21
151.92
 31
0.0
  0
LINE
  5
B83
330
17
100
AcDbEntity
  8
LINES
100
AcDbLine
 10
616.75
 20
153.36
 30
0.0
 11
618.04
 21
153.65
 31
0.0
  0
LINE
  5
B84
330
17
100
AcDbEntity
  8
LINES
100
AcDbLine
 10
616.75
 20
153.94
 30
0.0
 11
616.75
 21
151.06
 31
0.0
  0
LINE
  5
B85
330
17
100
AcDbEntity
  8
LINES
100
AcDbLine
 10
616.46
 20
154.94
 30
0.0
 11
618.33
 21
155.23
 31
0.0
  0
LINE
  5
B86
330
17
100
AcDbEntity
  8
LINES
100
AcDbLine
 10
616.6
 20
156.38
 30
0.0
 11
618.19
 21
156.67
 31
0.0
  0
LINE
  5
B87
330
17
100
AcDbEntity
  8
LINES
100
AcDbLine
 10
616.03
 20
158.54
 30
0.0
 11
618.76
 21
158.83
 31
0.0
  0
LINE
  5
B88
330
17
100
AcDbEntity
  8
LINES
100
AcDbLine
 10
614.44
 20
158.98
 30
0.0
 11
615.16
 21
157.1
 31
0.0
  0
LINE
  5
B89
330
17
100
AcDbEntity
  8
LINES
100
AcDbLine
 10
614.87
 20
155.95
 30
0.0
 11
614.59
 21
150.34
 31
0.0
  0
LINE
  5
B8A
330
17
100
AcDbEntity
  8
LINES
100
AcDbLine
 10
613.58
 20
155.23
 30
0.0
 11
614.87
 21
155.66
 31
0.0
  0
LINE
  5
B8B
330
17
100
AcDbEntity
  8
LINES
100
AcDbLine
 10
622.65
 20
160.56
 30
0.0
 11
622.65
 21
155.66
 31
0.0
  0
LINE
  5
B8C
330
17
100
AcDbEntity
  8
LINES
100
AcDbLine
 10
625.1
 20
155.95
 30
0.0
 11
620.2
 21
155.23
 31
0.0
  0
LINE
  5
B8D
330
17
100
AcDbEntity
  8
LINES
100
AcDbLine
 10
625.24
 20
149.33
 30
0.0
 11
624.95
 21
151.92
 31
0.0
  0
LINE
  5
B8E
330
17
100
AcDbEntity
  8
LINES
100
AcDbLine
 10
621.64
 20
156.82
 30
0.0
 11
621.07
 21
158.83
 31
0.0
  0
LINE
  5
B8F
330
17
100
AcDbEntity
  8
LINES
100
AcDbLine
 10
623.23
 20
156.1
 30
0.0
 11
624.23
 21
158.98
 31
0.0
  0
LINE
  5
B90
330
17
100
AcDbEntity
  8
LINES
100
AcDbLine
 10
627.11
 20
158.54
 30
0.0
 11
627.11
 21
151.92
 31
0.0
  0
LINE
  5
B91
330
17
100
AcDbEntity
  8
LINES
100
AcDbLine
 10
627.11
 20
157.39
 30
0.0
 11
631.0
 21
157.97
 31
0.0
  0
LINE
  5
B92
330
17
100
AcDbEntity
  8
LINES
100
AcDbLine
 10
631.15
 20
158.26
 30
0.0
 11
630.71
 21
153.5
 31
0.0
  0
LINE
  5
B93
330
17
100
AcDbEntity
  8
LINES
100
AcDbLine
 10
630.86
 20
153.5
 30
0.0
 11
627.11
 21
152.93
 31
0.0
  0
LINE
  5
B94
330
17
100
AcDbEntity
  8
LINES
100
AcDbLine
 10
627.83
 20
155.38
 30
0.0
 11
630.14
 21
155.81
 31
0.0
  0
LINE
  5
B95
330
17
100
AcDbEntity
  8
LINES
100
AcDbLine
 10
632.87
 20
153.94
 30
0.0
 11
638.63
 21
154.51
 31
0.0
  0
LINE
  5
B96
330
17
100
AcDbEntity
  8
LINES
100
AcDbLine
 10
641.37
 20
160.27
 30
0.0
 11
639.35
 21
154.66
 31
0.0
  0
LINE
  5
B97
330
17
100
AcDbEntity
  8
LINES
100
AcDbLine
 10
643.1
 20
160.56
 30
0.0
 11
643.1
 21
149.04
 31
0.0
  0
LINE
  5
B98
330
17
100
AcDbEntity
  8
LINES
100
AcDbLine
 10
641.95
 20
152.21
 30
0.0
 11
644.11
 21
152.5
 31
0.0
  0
LINE
  5
B99
330
17
100
AcDbEntity
  8
LINES
100
AcDbLine
 10
640.65
 20
149.04
 30
0.0
 11
640.65
 21
157.97
 31
0.0
  0
LINE
  5
B9A
330
17
100
AcDbEntity
  8
LINES
100
AcDbLine
 10
641.23
 20
157.1
 30
0.0
 11
645.11
 21
157.68
 31
0.0
  0
LINE
  5
B9B
330
17
100
AcDbEntity
  8
LINES
100
AcDbLine
 10
647.42
 20
155.95
 30
0.0
 11
645.98
 21
155.81
 31
0.0
  0
LINE
  5
B9C
330
17
100
AcDbEntity
  8
LINES
100
AcDbLine
 10
647.42
 20
151.2
 30
0.0
 11
647.42
 21
156.53
 31
0.0
  0
LINE
  5
B9D
330
17
100
AcDbEntity
  8
LINES
100
AcDbLine
 10
648.43
 20
152.64
 30
0.0
 11
646.99
 21
150.19
 31
0.0
  0
LINE
  5
B9E
330
17
100
AcDbEntity
  8
LINES
100
AcDbLine
 10
646.84
 20
159.55
 30
0.0
 11
647.71
 21
157.82
 31
0.0
  0
LINE
  5
B9F
330
17
100
AcDbEntity
  8
LINES
100
AcDbLine
 10
648.57
 20
154.8
 30
0.0
 11
650.59
 21
154.94
 31
0.0
  0
LINE
  5
BA0
330
17
100
AcDbEntity
  8
LINES
100
AcDbLine
 10
650.87
 20
155.38
 30
0.0
 11
649.87
 21
152.5
 31
0.0
  0
LINE
  5
BA1
330
17
100
AcDbEntity
  8
LINES
100
AcDbLine
 10
649.0
 20
159.98
 30
0.0
 11
649.0
 21
157.68
 31
0.0
  0
LINE
  5
BA2
330
17
100
AcDbEntity
  8
LINES
100
AcDbLine
 10
649.0
 20
159.41
 30
0.0
 11
650.15
 21
159.55
 31
0.0
  0
LINE
  5
BA3
330
17
100
AcDbEntity
  8
LINES
100
AcDbLine
 10
655.05
 20
160.27
 30
0.0
 11
654.04
 21
158.26
 31
0.0
  0
LINE
  5
BA4
330
17
100
AcDbEntity
  8
LINES
100
AcDbLine
 10
655.48
 20
153.94
 30
0.0
 11
655.48
 21
150.19
 31
0.0
  0
LINE
  5
BA5
330
17
100
AcDbEntity
  8
LINES
100
AcDbLine
 10
654.47
 20
151.92
 30
0.0
 11
656.49
 21
152.21
 31
0.0
  0
LINE
  5
BA6
330
17
100
AcDbEntity
  8
LINES
100
AcDbLine
 10
656.78
 20
150.19
 30
0.0
 11
654.19
 21
149.9
 31
0.0
  0
LINE
  5
BA7
330
17
100
AcDbEntity
  8
LINES
100
AcDbLine
 10
656.92
 20
154.51
 30
0.0
 11
656.78
 21
149.33
 31
0.0
  0
LINE
  5
BA8
330
17
100
AcDbEntity
  8
LINES
100
AcDbLine
 10
654.19
 20
153.79
 30
0.0
 11
656.92
 21
154.22
 31
0.0
  0
LINE
  5
BA9
330
17
100
AcDbEntity
  8
LINES
100
AcDbLine
 10
654.19
 20
154.37
 30
0.0
 11
654.19
 21
149.33
 31
0.0
  0
LINE
  5
BAA
330
17
100
AcDbEntity
  8
LINES
100
AcDbLine
 10
654.33
 20
158.54
 30
0.0
 11
656.78
 21
158.98
 31
0.0
  0
LINE
  5
BAB
330
17
100
AcDbEntity
  8
LINES
100
AcDbLine
 10
654.04
 20
158.26
 30
0.0
 11
653.03
 21
155.95
 31
0.0
  0
LINE
  5
BAC
330
17
100
AcDbEntity
  8
LINES
100
AcDbLine
 10
658.94
 20
153.07
 30
0.0
 11
661.53
 21
155.23
 31
0.0
  0
LINE
  5
BAD
330
17
100
AcDbEntity
  8
LINES
100
AcDbLine
 10
659.23
 20
156.53
 30
0.0
 11
661.53
 21
156.96
 31
0.0
  0
LINE
  5
BAE
330
17
100
AcDbEntity
  8
LINES
100
AcDbLine
 10
662.83
 20
160.56
 30
0.0
 11
663.55
 21
158.83
 31
0.0
  0
LINE
  5
BAF
330
17
100
AcDbEntity
  8
LINES
100
AcDbLine
 10
664.7
 20
158.26
 30
0.0
 11
662.25
 21
157.82
 31
0.0
  0
LINE
  5
BB0
330
17
100
AcDbEntity
  8
LINES
100
AcDbLine
 10
106.84
 20
139.25
 30
0.0
 11
106.27
 21
137.09
 31
0.0
  0
LINE
  5
BB1
330
17
100
AcDbEntity
  8
LINES
100
AcDbLine
 10
102.38
 20
138.96
 30
0.0
 11
102.09
 21
136.37
 31
0.0
  0
LINE
  5
BB2
330
17
100
AcDbEntity
  8
LINES
100
AcDbLine
 10
103.82
 20
140.4
 30
0.0
 11
104.54
 21
139.25
 31
0.0
  0
LINE
  5
BB3
330
17
100
AcDbEntity
  8
LINES
100
AcDbLine
 10
102.38
 20
138.1
 30
0.0
 11
106.7
 21
138.82
 31
0.0
  0
LINE
  5
BB4
330
17
100
AcDbEntity
  8
LINES
100
AcDbLine
 10
103.53
 20
136.94
 30
0.0
 11
102.09
 21
134.21
 31
0.0
  0
LINE
  5
BB5
330
17
100
AcDbEntity
  8
LINES
100
AcDbLine
 10
104.97
 20
136.94
 30
0.0
 11
105.98
 21
135.36
 31
0.0
  0
LINE
  5
BB6
330
17
100
AcDbEntity
  8
LINES
100
AcDbLine
 10
103.39
 20
132.34
 30
0.0
 11
103.39
 21
128.74
 31
0.0
  0
LINE
  5
BB7
330
17
100
AcDbEntity
  8
LINES
100
AcDbLine
 10
103.39
 20
131.9
 30
0.0
 11
105.4
 21
132.19
 31
0.0
  0
LINE
  5
BB8
330
17
100
AcDbEntity
  8
LINES
100
AcDbLine
 10
105.55
 20
132.34
 30
0.0
 11
105.26
 21
129.74
 31
0.0
  0
LINE
  5
BB9
330
17
100
AcDbEntity
  8
LINES
100
AcDbLine
 10
105.55
 20
129.74
 30
0.0
 11
103.39
 21
129.46
 31
0.0
  0
LINE
  5
BBA
330
17
100
AcDbEntity
  8
LINES
100
AcDbLine
 10
107.56
 20
135.36
 30
0.0
 11
111.31
 21
135.36
 31
0.0
  0
LINE
  5
BBB
330
17
100
AcDbEntity
  8
LINES
100
AcDbLine
 10
115.91
 20
128.88
 30
0.0
 11
122.54
 21
141.26
 31
0.0
  0
LINE
  5
BBC
330
17
100
AcDbEntity
  8
LINES
100
AcDbLine
 10
115.91
 20
141.26
 30
0.0
 11
122.54
 21
128.88
 31
0.0
  0
LINE
  5
BBD
330
17
100
AcDbEntity
  8
LINES
100
AcDbLine
 10
137.8
 20
139.97
 30
0.0
 11
137.8
 21
128.88
 31
0.0
  0
LINE
  5
BBE
330
17
100
AcDbEntity
  8
LINES
100
AcDbLine
 10
137.8
 20
136.66
 30
0.0
 11
136.07
 21
131.62
 31
0.0
  0
LINE
  5
BBF
330
17
100
AcDbEntity
  8
LINES
100
AcDbLine
 10
137.8
 20
135.5
 30
0.0
 11
138.67
 21
134.06
 31
0.0
  0
LINE
  5
BC0
330
17
100
AcDbEntity
  8
LINES
100
AcDbLine
 10
138.81
 20
137.09
 30
0.0
 11
136.51
 21
136.8
 31
0.0
  0
LINE
  5
BC1
330
17
100
AcDbEntity
  8
LINES
100
AcDbLine
 10
139.24
 20
138.53
 30
0.0
 11
141.55
 21
139.82
 31
0.0
  0
LINE
  5
BC2
330
17
100
AcDbEntity
  8
LINES
100
AcDbLine
 10
139.67
 20
136.37
 30
0.0
 11
141.26
 21
136.8
 31
0.0
  0
LINE
  5
BC3
330
17
100
AcDbEntity
  8
LINES
100
AcDbLine
 10
144.28
 20
129.89
 30
0.0
 11
144.14
 21
129.74
 31
0.0
  0
LINE
  5
BC4
330
17
100
AcDbEntity
  8
LINES
100
AcDbLine
 10
144.28
 20
130.32
 30
0.0
 11
144.28
 21
129.89
 31
0.0
  0
LINE
  5
BC5
330
17
100
AcDbEntity
  8
LINES
100
AcDbLine
 10
144.28
 20
130.9
 30
0.0
 11
144.28
 21
130.32
 31
0.0
  0
LINE
  5
BC6
330
17
100
AcDbEntity
  8
LINES
100
AcDbLine
 10
143.99
 20
130.18
 30
0.0
 11
143.85
 21
131.33
 31
0.0
  0
LINE
  5
BC7
330
17
100
AcDbEntity
  8
LINES
100
AcDbLine
 10
143.99
 20
129.89
 30
0.0
 11
143.99
 21
130.18
 31
0.0
  0
LINE
  5
BC8
330
17
100
AcDbEntity
  8
LINES
100
AcDbLine
 10
142.84
 20
132.34
 30
0.0
 11
143.71
 21
131.62
 31
0.0
  0
LINE
  5
BC9
330
17
100
AcDbEntity
  8
LINES
100
AcDbLine
 10
144.14
 20
129.74
 30
0.0
 11
143.99
 21
129.89
 31
0.0
  0
LINE
  5
BCA
330
17
100
AcDbEntity
  8
LINES
100
AcDbLine
 10
143.71
 20
131.62
 30
0.0
 11
144.28
 21
130.9
 31
0.0
  0
LINE
  5
BCB
330
17
100
AcDbEntity
  8
LINES
100
AcDbLine
 10
171.93
 20
139.97
 30
0.0
 11
171.93
 21
128.88
 31
0.0
  0
LINE
  5
BCC
330
17
100
AcDbEntity
  8
LINES
100
AcDbLine
 10
171.93
 20
136.66
 30
0.0
 11
170.35
 21
131.62
 31
0.0
  0
LINE
  5
BCD
330
17
100
AcDbEntity
  8
LINES
100
AcDbLine
 10
171.93
 20
135.5
 30
0.0
 11
172.79
 21
134.06
 31
0.0
  0
LINE
  5
BCE
330
17
100
AcDbEntity
  8
LINES
100
AcDbLine
 10
172.94
 20
137.09
 30
0.0
 11
170.78
 21
136.8
 31
0.0
  0
LINE
  5
BCF
330
17
100
AcDbEntity
  8
LINES
100
AcDbLine
 10
173.37
 20
138.53
 30
0.0
 11
175.67
 21
139.82
 31
0.0
  0
LINE
  5
BD0
330
17
100
AcDbEntity
  8
LINES
100
AcDbLine
 10
173.8
 20
136.37
 30
0.0
 11
175.39
 21
136.8
 31
0.0
  0
LINE
  5
BD1
330
17
100
AcDbEntity
  8
LINES
100
AcDbLine
 10
178.84
 20
137.81
 30
0.0
 11
181.15
 21
138.1
 31
0.0
  0
LINE
  5
BD2
330
17
100
AcDbEntity
  8
LINES
100
AcDbLine
 10
178.55
 20
132.91
 30
0.0
 11
178.7
 21
128.88
 31
0.0
  0
LINE
  5
BD3
330
17
100
AcDbEntity
  8
LINES
100
AcDbLine
 10
178.55
 20
132.34
 30
0.0
 11
181.15
 21
132.48
 31
0.0
  0
LINE
  5
BD4
330
17
100
AcDbEntity
  8
LINES
100
AcDbLine
 10
181.15
 20
132.91
 30
0.0
 11
181.0
 21
129.89
 31
0.0
  0
LINE
  5
BD5
330
17
100
AcDbEntity
  8
LINES
100
AcDbLine
 10
178.7
 20
129.6
 30
0.0
 11
181.29
 21
129.89
 31
0.0
  0
LINE
  5
BD6
330
17
100
AcDbEntity
  8
LINES
100
AcDbLine
 10
190.79
 20
131.62
 30
0.0
 11
193.1
 21
133.2
 31
0.0
  0
LINE
  5
BD7
330
17
100
AcDbEntity
  8
LINES
100
AcDbLine
 10
193.1
 20
135.94
 30
0.0
 11
190.94
 21
135.5
 31
0.0
  0
LINE
  5
BD8
330
17
100
AcDbEntity
  8
LINES
100
AcDbLine
 10
192.23
 20
140.11
 30
0.0
 11
192.23
 21
132.62
 31
0.0
  0
LINE
  5
BD9
330
17
100
AcDbEntity
  8
LINES
100
AcDbLine
 10
193.39
 20
136.51
 30
0.0
 11
195.55
 21
136.94
 31
0.0
  0
LINE
  5
BDA
330
17
100
AcDbEntity
  8
LINES
100
AcDbLine
 10
193.1
 20
133.92
 30
0.0
 11
196.55
 21
134.5
 31
0.0
  0
LINE
  5
BDB
330
17
100
AcDbEntity
  8
LINES
100
AcDbLine
 10
195.69
 20
137.09
 30
0.0
 11
195.55
 21
134.35
 31
0.0
  0
LINE
  5
BDC
330
17
100
AcDbEntity
  8
LINES
100
AcDbLine
 10
150.04
 20
116.78
 30
0.0
 11
150.62
 21
115.34
 31
0.0
  0
LINE
  5
BDD
330
17
100
AcDbEntity
  8
LINES
100
AcDbLine
 10
150.76
 20
120.1
 30
0.0
 11
150.76
 21
113.62
 31
0.0
  0
LINE
  5
BDE
330
17
100
AcDbEntity
  8
LINES
100
AcDbLine
 10
151.63
 20
114.91
 30
0.0
 11
152.78
 21
113.33
 31
0.0
  0
LINE
  5
BDF
330
17
100
AcDbEntity
  8
LINES
100
AcDbLine
 10
152.92
 20
117.94
 30
0.0
 11
151.63
 21
115.49
 31
0.0
  0
LINE
  5
BE0
330
17
100
AcDbEntity
  8
LINES
100
AcDbLine
 10
149.61
 20
113.33
 30
0.0
 11
150.76
 21
114.62
 31
0.0
  0
LINE
  5
BE1
330
17
100
AcDbEntity
  8
LINES
100
AcDbLine
 10
149.32
 20
116.64
 30
0.0
 11
150.04
 21
115.2
 31
0.0
  0
LINE
  5
BE2
330
17
100
AcDbEntity
  8
LINES
100
AcDbLine
 10
149.32
 20
116.93
 30
0.0
 11
147.74
 21
113.04
 31
0.0
  0
LINE
  5
BE3
330
17
100
AcDbEntity
  8
LINES
100
AcDbLine
 10
148.03
 20
117.07
 30
0.0
 11
150.19
 21
117.5
 31
0.0
  0
LINE
  5
BE4
330
17
100
AcDbEntity
  8
LINES
100
AcDbLine
 10
149.32
 20
120.53
 30
0.0
 11
149.32
 21
110.02
 31
0.0
  0
LINE
  5
BE5
330
17
100
AcDbEntity
  8
LINES
100
AcDbLine
 10
154.65
 20
111.17
 30
0.0
 11
154.22
 21
112.03
 31
0.0
  0
LINE
  5
BE6
330
17
100
AcDbEntity
  8
LINES
100
AcDbLine
 10
154.51
 20
119.81
 30
0.0
 11
155.23
 21
118.37
 31
0.0
  0
LINE
  5
BE7
330
17
100
AcDbEntity
  8
LINES
100
AcDbLine
 10
154.65
 20
115.34
 30
0.0
 11
153.79
 21
116.78
 31
0.0
  0
LINE
  5
BE8
330
17
100
AcDbEntity
  8
LINES
100
AcDbLine
 10
154.65
 20
110.88
 30
0.0
 11
155.66
 21
116.64
 31
0.0
  0
LINE
  5
BE9
330
17
100
AcDbEntity
  8
LINES
100
AcDbLine
 10
157.39
 20
118.08
 30
0.0
 11
157.39
 21
111.74
 31
0.0
  0
LINE
  5
BEA
330
17
100
AcDbEntity
  8
LINES
100
AcDbLine
 10
155.23
 20
111.46
 30
0.0
 11
159.26
 21
111.89
 31
0.0
  0
LINE
  5
BEB
330
17
100
AcDbEntity
  8
LINES
100
AcDbLine
 10
155.95
 20
117.94
 30
0.0
 11
158.83
 21
118.37
 31
0.0
  0
LINE
  5
BEC
330
17
100
AcDbEntity
  8
LINES
100
AcDbLine
 10
160.12
 20
118.66
 30
0.0
 11
165.02
 21
119.23
 31
0.0
  0
LINE
  5
BED
330
17
100
AcDbEntity
  8
LINES
100
AcDbLine
 10
160.99
 20
117.22
 30
0.0
 11
161.13
 21
110.02
 31
0.0
  0
LINE
  5
BEE
330
17
100
AcDbEntity
  8
LINES
100
AcDbLine
 10
164.44
 20
110.3
 30
0.0
 11
164.59
 21
117.36
 31
0.0
  0
LINE
  5
BEF
330
17
100
AcDbEntity
  8
LINES
100
AcDbLine
 10
164.59
 20
116.93
 30
0.0
 11
160.99
 21
116.64
 31
0.0
  0
LINE
  5
BF0
330
17
100
AcDbEntity
  8
LINES
100
AcDbLine
 10
191.51
 20
109.73
 30
0.0
 11
191.51
 21
121.1
 31
0.0
  0
LINE
  5
BF1
330
17
100
AcDbEntity
  8
LINES
100
AcDbLine
 10
195.83
 20
117.36
 30
0.0
 11
191.51
 21
111.89
 31
0.0
  0
LINE
  5
BF2
330
17
100
AcDbEntity
  8
LINES
100
AcDbLine
 10
193.24
 20
114.05
 30
0.0
 11
196.27
 21
109.73
 31
0.0
  0
LINE
  5
BF3
330
17
100
AcDbEntity
  8
LINES
100
AcDbLine
 10
210.23
 20
120.38
 30
0.0
 11
210.81
 21
118.94
 31
0.0
  0
LINE
  5
BF4
330
17
100
AcDbEntity
  8
LINES
100
AcDbLine
 10
208.36
 20
117.94
 30
0.0
 11
212.83
 21
118.66
 31
0.0
  0
LINE
  5
BF5
330
17
100
AcDbEntity
  8
LINES
100
AcDbLine
 10
209.95
 20
118.08
 30
0.0
 11
209.95
 21
114.91
 31
0.0
  0
LINE
  5
BF6
330
17
100
AcDbEntity
  8
LINES
100
AcDbLine
 10
211.1
 20
118.37
 30
0.0
 11
211.1
 21
114.91
 31
0.0
  0
LINE
  5
BF7
330
17
100
AcDbEntity
  8
LINES
100
AcDbLine
 10
209.37
 20
116.93
 30
0.0
 11
208.07
 21
113.9
 31
0.0
  0
LINE
  5
BF8
330
17
100
AcDbEntity
  8
LINES
100
AcDbLine
 10
211.67
 20
117.07
 30
0.0
 11
212.68
 21
114.77
 31
0.0
  0
LINE
  5
BF9
330
17
100
AcDbEntity
  8
LINES
100
AcDbLine
 10
209.23
 20
114.05
 30
0.0
 11
211.39
 21
114.62
 31
0.0
  0
LINE
  5
BFA
330
17
100
AcDbEntity
  8
LINES
100
AcDbLine
 10
216.57
 20
120.24
 30
0.0
 11
216.57
 21
109.58
 31
0.0
  0
LINE
  5
BFB
330
17
100
AcDbEntity
  8
LINES
100
AcDbLine
 10
214.12
 20
116.78
 30
0.0
 11
219.02
 21
117.5
 31
0.0
  0
LINE
  5
BFC
330
17
100
AcDbEntity
  8
LINES
100
AcDbLine
 10
215.42
 20
112.46
 30
0.0
 11
217.87
 21
112.75
 31
0.0
  0
LINE
  5
BFD
330
17
100
AcDbEntity
  8
LINES
100
AcDbLine
 10
223.77
 20
114.05
 30
0.0
 11
223.19
 21
109.73
 31
0.0
  0
LINE
  5
BFE
330
17
100
AcDbEntity
  8
LINES
100
AcDbLine
 10
223.91
 20
116.64
 30
0.0
 11
224.78
 21
116.78
 31
0.0
  0
LINE
  5
BFF
330
17
100
AcDbEntity
  8
LINES
100
AcDbLine
 10
223.77
 20
114.19
 30
0.0
 11
224.78
 21
114.48
 31
0.0
  0
LINE
  5
C00
330
17
100
AcDbEntity
  8
LINES
100
AcDbLine
 10
220.31
 20
117.79
 30
0.0
 11
223.19
 21
118.37
 31
0.0
  0
LINE
  5
C01
330
17
100
AcDbEntity
  8
LINES
100
AcDbLine
 10
221.18
 20
119.95
 30
0.0
 11
221.18
 21
113.47
 31
0.0
  0
LINE
  5
C02
330
17
100
AcDbEntity
  8
LINES
100
AcDbLine
 10
220.17
 20
113.18
 30
0.0
 11
223.19
 21
113.76
 31
0.0
  0
LINE
  5
C03
330
17
100
AcDbEntity
  8
LINES
100
AcDbLine
 10
222.62
 20
120.24
 30
0.0
 11
222.33
 21
113.62
 31
0.0
  0
LINE
  5
C04
330
17
100
AcDbEntity
  8
LINES
100
AcDbLine
 10
221.18
 20
116.5
 30
0.0
 11
222.33
 21
116.64
 31
0.0
  0
LINE
  5
C05
330
17
100
AcDbEntity
  8
LINES
100
AcDbLine
 10
221.18
 20
114.91
 30
0.0
 11
222.33
 21
115.34
 31
0.0
  0
LINE
  5
C06
330
17
100
AcDbEntity
  8
LINES
100
AcDbLine
 10
221.18
 20
112.75
 30
0.0
 11
220.03
 21
110.16
 31
0.0
  0
LINE
  5
C07
330
17
100
AcDbEntity
  8
LINES
100
AcDbLine
 10
222.04
 20
112.75
 30
0.0
 11
222.62
 21
111.02
 31
0.0
  0
LINE
  5
C08
330
17
100
AcDbEntity
  8
LINES
100
AcDbLine
 10
223.91
 20
118.8
 30
0.0
 11
225.07
 21
119.09
 31
0.0
  0
LINE
  5
C09
330
17
100
AcDbEntity
  8
LINES
100
AcDbLine
 10
223.91
 20
119.23
 30
0.0
 11
223.77
 21
114.05
 31
0.0
  0
LINE
  5
C0A
330
17
100
AcDbEntity
  8
LINES
100
AcDbLine
 10
230.39
 20
116.21
 30
0.0
 11
230.39
 21
109.73
 31
0.0
  0
LINE
  5
C0B
330
17
100
AcDbEntity
  8
LINES
100
AcDbLine
 10
229.24
 20
116.06
 30
0.0
 11
231.26
 21
116.5
 31
0.0
  0
LINE
  5
C0C
330
17
100
AcDbEntity
  8
LINES
100
AcDbLine
 10
230.83
 20
119.81
 30
0.0
 11
229.39
 21
118.08
 31
0.0
  0
LINE
  5
C0D
330
17
100
AcDbEntity
  8
LINES
100
AcDbLine
 10
228.09
 20
113.33
 30
0.0
 11
228.81
 21
112.03
 31
0.0
  0
LINE
  5
C0E
330
17
100
AcDbEntity
  8
LINES
100
AcDbLine
 10
227.23
 20
113.33
 30
0.0
 11
226.22
 21
111.31
 31
0.0
  0
LINE
  5
C0F
330
17
100
AcDbEntity
  8
LINES
100
AcDbLine
 10
226.51
 20
114.05
 30
0.0
 11
228.67
 21
114.48
 31
0.0
  0
LINE
  5
C10
330
17
100
AcDbEntity
  8
LINES
100
AcDbLine
 10
226.22
 20
115.63
 30
0.0
 11
228.95
 21
116.06
 31
0.0
  0
LINE
  5
C11
330
17
100
AcDbEntity
  8
LINES
100
AcDbLine
 10
228.09
 20
118.37
 30
0.0
 11
227.8
 21
116.06
 31
0.0
  0
LINE
  5
C12
330
17
100
AcDbEntity
  8
LINES
100
AcDbLine
 10
226.94
 20
117.79
 30
0.0
 11
227.23
 21
116.5
 31
0.0
  0
LINE
  5
C13
330
17
100
AcDbEntity
  8
LINES
100
AcDbLine
 10
226.51
 20
118.22
 30
0.0
 11
228.67
 21
118.66
 31
0.0
  0
LINE
  5
C14
330
17
100
AcDbEntity
  8
LINES
100
AcDbLine
 10
227.23
 20
120.1
 30
0.0
 11
227.66
 21
119.09
 31
0.0
  0
LINE
  5
C15
330
17
100
AcDbEntity
  8
LINES
100
AcDbLine
 10
232.12
 20
110.74
 30
0.0
 11
237.45
 21
111.17
 31
0.0
  0
LINE
  5
C16
330
17
100
AcDbEntity
  8
LINES
100
AcDbLine
 10
234.71
 20
119.95
 30
0.0
 11
234.71
 21
110.88
 31
0.0
  0
LINE
  5
C17
330
17
100
AcDbEntity
  8
LINES
100
AcDbLine
 10
236.59
 20
116.35
 30
0.0
 11
234.71
 21
116.06
 31
0.0
  0
LINE
  5
C18
330
17
100
AcDbEntity
  8
LINES
100
AcDbLine
 10
239.61
 20
119.95
 30
0.0
 11
239.61
 21
114.62
 31
0.0
  0
LINE
  5
C19
330
17
100
AcDbEntity
  8
LINES
100
AcDbLine
 10
238.31
 20
116.64
 30
0.0
 11
241.05
 21
117.22
 31
0.0
  0
LINE
  5
C1A
330
17
100
AcDbEntity
  8
LINES
100
AcDbLine
 10
240.62
 20
119.38
 30
0.0
 11
240.19
 21
117.07
 31
0.0
  0
LINE
  5
C1B
330
17
100
AcDbEntity
  8
LINES
100
AcDbLine
 10
238.75
 20
119.09
 30
0.0
 11
239.18
 21
117.36
 31
0.0
  0
LINE
  5
C1C
330
17
100
AcDbEntity
  8
LINES
100
AcDbLine
 10
239.61
 20
116.78
 30
0.0
 11
238.03
 21
113.62
 31
0.0
  0
LINE
  5
C1D
330
17
100
AcDbEntity
  8
LINES
100
AcDbLine
 10
239.61
 20
116.64
 30
0.0
 11
240.76
 21
115.06
 31
0.0
  0
LINE
  5
C1E
330
17
100
AcDbEntity
  8
LINES
100
AcDbLine
 10
238.31
 20
112.9
 30
0.0
 11
240.33
 21
113.47
 31
0.0
  0
LINE
  5
C1F
330
17
100
AcDbEntity
  8
LINES
100
AcDbLine
 10
241.34
 20
116.35
 30
0.0
 11
243.07
 21
116.64
 31
0.0
  0
LINE
  5
C20
330
17
100
AcDbEntity
  8
LINES
100
AcDbLine
 10
248.83
 20
113.04
 30
0.0
 11
247.24
 21
112.75
 31
0.0
  0
LINE
  5
C21
330
17
100
AcDbEntity
  8
LINES
100
AcDbLine
 10
247.82
 20
116.78
 30
0.0
 11
247.82
 21
112.75
 31
0.0
  0
LINE
  5
C22
330
17
100
AcDbEntity
  8
LINES
100
AcDbLine
 10
248.68
 20
119.09
 30
0.0
 11
246.81
 21
118.51
 31
0.0
  0
LINE
  5
C23
330
17
100
AcDbEntity
  8
LINES
100
AcDbLine
 10
248.54
 20
117.07
 30
0.0
 11
248.68
 21
119.23
 31
0.0
  0
LINE
  5
C24
330
17
100
AcDbEntity
  8
LINES
100
AcDbLine
 10
248.68
 20
117.07
 30
0.0
 11
246.81
 21
116.64
 31
0.0
  0
LINE
  5
C25
330
17
100
AcDbEntity
  8
LINES
100
AcDbLine
 10
246.81
 20
114.62
 30
0.0
 11
249.26
 21
115.2
 31
0.0
  0
LINE
  5
C26
330
17
100
AcDbEntity
  8
LINES
100
AcDbLine
 10
248.68
 20
110.74
 30
0.0
 11
248.83
 21
113.33
 31
0.0
  0
LINE
  5
C27
330
17
100
AcDbEntity
  8
LINES
100
AcDbLine
 10
247.24
 20
110.45
 30
0.0
 11
248.97
 21
110.74
 31
0.0
  0
LINE
  5
C28
330
17
100
AcDbEntity
  8
LINES
100
AcDbLine
 10
247.24
 20
113.18
 30
0.0
 11
247.24
 21
109.73
 31
0.0
  0
LINE
  5
C29
330
17
100
AcDbEntity
  8
LINES
100
AcDbLine
 10
246.52
 20
115.49
 30
0.0
 11
244.65
 21
113.76
 31
0.0
  0
LINE
  5
C2A
330
17
100
AcDbEntity
  8
LINES
100
AcDbLine
 10
244.79
 20
116.64
 30
0.0
 11
246.52
 21
117.22
 31
0.0
  0
LINE
  5
C2B
330
17
100
AcDbEntity
  8
LINES
100
AcDbLine
 10
253.72
 20
117.36
 30
0.0
 11
253.72
 21
112.03
 31
0.0
  0
LINE
  5
C2C
330
17
100
AcDbEntity
  8
LINES
100
AcDbLine
 10
253.15
 20
114.05
 30
0.0
 11
254.44
 21
114.34
 31
0.0
  0
LINE
  5
C2D
330
17
100
AcDbEntity
  8
LINES
100
AcDbLine
 10
253.15
 20
115.63
 30
0.0
 11
254.3
 21
115.92
 31
0.0
  0
LINE
  5
C2E
330
17
100
AcDbEntity
  8
LINES
100
AcDbLine
 10
253.29
 20
118.66
 30
0.0
 11
253.87
 21
117.5
 31
0.0
  0
LINE
  5
C2F
330
17
100
AcDbEntity
  8
LINES
100
AcDbLine
 10
252.57
 20
117.22
 30
0.0
 11
255.02
 21
117.65
 31
0.0
  0
LINE
  5
C30
330
17
100
AcDbEntity
  8
LINES
100
AcDbLine
 10
252.57
 20
117.79
 30
0.0
 11
252.57
 21
112.18
 31
0.0
  0
LINE
  5
C31
330
17
100
AcDbEntity
  8
LINES
100
AcDbLine
 10
250.41
 20
115.49
 30
0.0
 11
251.99
 21
116.06
 31
0.0
  0
LINE
  5
C32
330
17
100
AcDbEntity
  8
LINES
100
AcDbLine
 10
251.13
 20
119.23
 30
0.0
 11
251.71
 21
117.79
 31
0.0
  0
LINE
  5
C33
330
17
100
AcDbEntity
  8
LINES
100
AcDbLine
 10
254.73
 20
120.1
 30
0.0
 11
253.58
 21
118.08
 31
0.0
  0
LINE
  5
C34
330
17
100
AcDbEntity
  8
LINES
100
AcDbLine
 10
252.57
 20
119.38
 30
0.0
 11
254.44
 21
119.81
 31
0.0
  0
LINE
  5
C35
330
17
100
AcDbEntity
  8
LINES
100
AcDbLine
 10
255.02
 20
110.16
 30
0.0
 11
255.59
 21
110.45
 31
0.0
  0
LINE
  5
C36
330
17
100
AcDbEntity
  8
LINES
100
AcDbLine
 10
258.62
 20
110.59
 30
0.0
 11
260.49
 21
110.74
 31
0.0
  0
LINE
  5
C37
330
17
100
AcDbEntity
  8
LINES
100
AcDbLine
 10
260.63
 20
113.62
 30
0.0
 11
260.35
 21
110.74
 31
0.0
  0
LINE
  5
C38
330
17
100
AcDbEntity
  8
LINES
100
AcDbLine
 10
258.62
 20
113.47
 30
0.0
 11
258.62
 21
109.87
 31
0.0
  0
LINE
  5
C39
330
17
100
AcDbEntity
  8
LINES
100
AcDbLine
 10
257.75
 20
117.5
 30
0.0
 11
261.5
 21
117.94
 31
0.0
  0
LINE
  5
C3A
330
17
100
AcDbEntity
  8
LINES
100
AcDbLine
 10
259.34
 20
120.38
 30
0.0
 11
260.06
 21
118.37
 31
0.0
  0
LINE
  5
C3B
330
17
100
AcDbEntity
  8
LINES
100
AcDbLine
 10
258.04
 20
120.38
 30
0.0
 11
256.17
 21
114.91
 31
0.0
  0
LINE
  5
C3C
330
17
100
AcDbEntity
  8
LINES
100
AcDbLine
 10
257.32
 20
118.08
 30
0.0
 11
257.32
 21
109.87
 31
0.0
  0
LINE
  5
C3D
330
17
100
AcDbEntity
  8
LINES
100
AcDbLine
 10
258.62
 20
116.06
 30
0.0
 11
260.78
 21
116.5
 31
0.0
  0
LINE
  5
C3E
330
17
100
AcDbEntity
  8
LINES
100
AcDbLine
 10
260.78
 20
114.77
 30
0.0
 11
258.47
 21
114.48
 31
0.0
  0
LINE
  5
C3F
330
17
100
AcDbEntity
  8
LINES
100
AcDbLine
 10
258.62
 20
112.9
 30
0.0
 11
260.49
 21
113.33
 31
0.0
  0
LINE
  5
C40
330
17
100
AcDbEntity
  8
LINES
100
AcDbLine
 10
263.08
 20
119.95
 30
0.0
 11
263.08
 21
110.59
 31
0.0
  0
LINE
  5
C41
330
17
100
AcDbEntity
  8
LINES
100
AcDbLine
 10
263.08
 20
119.09
 30
0.0
 11
266.83
 21
119.52
 31
0.0
  0
LINE
  5
C42
330
17
100
AcDbEntity
  8
LINES
100
AcDbLine
 10
264.67
 20
117.94
 30
0.0
 11
263.37
 21
112.9
 31
0.0
  0
LINE
  5
C43
330
17
100
AcDbEntity
  8
LINES
100
AcDbLine
 10
263.66
 20
117.22
 30
0.0
 11
264.81
 21
114.19
 31
0.0
  0
LINE
  5
C44
330
17
100
AcDbEntity
  8
LINES
100
AcDbLine
 10
266.11
 20
118.22
 30
0.0
 11
264.67
 21
112.61
 31
0.0
  0
LINE
  5
C45
330
17
100
AcDbEntity
  8
LINES
100
AcDbLine
 10
265.24
 20
117.22
 30
0.0
 11
266.25
 21
113.47
 31
0.0
  0
LINE
  5
C46
330
17
100
AcDbEntity
  8
LINES
100
AcDbLine
 10
268.99
 20
119.52
 30
0.0
 11
268.99
 21
116.06
 31
0.0
  0
LINE
  5
C47
330
17
100
AcDbEntity
  8
LINES
100
AcDbLine
 10
268.99
 20
118.66
 30
0.0
 11
270.28
 21
118.94
 31
0.0
  0
LINE
  5
C48
330
17
100
AcDbEntity
  8
LINES
100
AcDbLine
 10
270.43
 20
119.23
 30
0.0
 11
270.14
 21
117.07
 31
0.0
  0
LINE
  5
C49
330
17
100
AcDbEntity
  8
LINES
100
AcDbLine
 10
270.43
 20
117.07
 30
0.0
 11
268.99
 21
116.78
 31
0.0
  0
LINE
  5
C4A
330
17
100
AcDbEntity
  8
LINES
100
AcDbLine
 10
269.56
 20
114.62
 30
0.0
 11
270.71
 21
114.77
 31
0.0
  0
LINE
  5
C4B
330
17
100
AcDbEntity
  8
LINES
100
AcDbLine
 10
268.41
 20
110.88
 30
0.0
 11
270.71
 21
112.32
 31
0.0
  0
LINE
  5
C4C
330
17
100
AcDbEntity
  8
LINES
100
AcDbLine
 10
269.56
 20
116.93
 30
0.0
 11
269.56
 21
111.74
 31
0.0
  0
LINE
  5
C4D
330
17
100
AcDbEntity
  8
LINES
100
AcDbLine
 10
268.7
 20
111.17
 30
0.0
 11
268.7
 21
115.06
 31
0.0
  0
LINE
  5
C4E
330
17
100
AcDbEntity
  8
LINES
100
AcDbLine
 10
271.87
 20
119.95
 30
0.0
 11
270.71
 21
115.92
 31
0.0
  0
LINE
  5
C4F
330
17
100
AcDbEntity
  8
LINES
100
AcDbLine
 10
271.29
 20
117.94
 30
0.0
 11
272.87
 21
118.37
 31
0.0
  0
LINE
  5
C50
330
17
100
AcDbEntity
  8
LINES
100
AcDbLine
 10
272.01
 20
116.06
 30
0.0
 11
270.28
 21
113.33
 31
0.0
  0
LINE
  5
C51
330
17
100
AcDbEntity
  8
LINES
100
AcDbLine
 10
271.29
 20
113.62
 30
0.0
 11
271.29
 21
109.87
 31
0.0
  0
LINE
  5
C52
330
17
100
AcDbEntity
  8
LINES
100
AcDbLine
 10
271.29
 20
113.18
 30
0.0
 11
272.87
 21
113.33
 31
0.0
  0
LINE
  5
C53
330
17
100
AcDbEntity
  8
LINES
100
AcDbLine
 10
272.87
 20
113.62
 30
0.0
 11
272.73
 21
110.74
 31
0.0
  0
LINE
  5
C54
330
17
100
AcDbEntity
  8
LINES
100
AcDbLine
 10
272.87
 20
110.74
 30
0.0
 11
271.29
 21
110.45
 31
0.0
  0
LINE
  5
C55
330
17
100
AcDbEntity
  8
LINES
100
AcDbLine
 10
273.02
 20
118.66
 30
0.0
 11
272.01
 21
115.92
 31
0.0
  0
LINE
  5
C56
330
17
100
AcDbEntity
  8
LINES
100
AcDbLine
 10
277.05
 20
120.24
 30
0.0
 11
277.05
 21
110.88
 31
0.0
  0
LINE
  5
C57
330
17
100
AcDbEntity
  8
LINES
100
AcDbLine
 10
275.75
 20
113.9
 30
0.0
 11
278.06
 21
114.05
 31
0.0
  0
LINE
  5
C58
330
17
100
AcDbEntity
  8
LINES
100
AcDbLine
 10
278.63
 20
111.02
 30
0.0
 11
275.18
 21
110.74
 31
0.0
  0
LINE
  5
C59
330
17
100
AcDbEntity
  8
LINES
100
AcDbLine
 10
279.07
 20
117.07
 30
0.0
 11
278.63
 21
109.87
 31
0.0
  0
LINE
  5
C5A
330
17
100
AcDbEntity
  8
LINES
100
AcDbLine
 10
275.18
 20
116.5
 30
0.0
 11
278.92
 21
116.78
 31
0.0
  0
LINE
  5
C5B
330
17
100
AcDbEntity
  8
LINES
100
AcDbLine
 10
275.18
 20
117.36
 30
0.0
 11
275.18
 21
110.02
 31
0.0
  0
LINE
  5
C5C
330
17
100
AcDbEntity
  8
LINES
100
AcDbLine
 10
283.39
 20
110.59
 30
0.0
 11
284.97
 21
110.74
 31
0.0
  0
LINE
  5
C5D
330
17
100
AcDbEntity
  8
LINES
100
AcDbLine
 10
284.83
 20
113.18
 30
0.0
 11
284.68
 21
110.74
 31
0.0
  0
LINE
  5
C5E
330
17
100
AcDbEntity
  8
LINES
100
AcDbLine
 10
284.83
 20
113.18
 30
0.0
 11
283.39
 21
112.9
 31
0.0
  0
LINE
  5
C5F
330
17
100
AcDbEntity
  8
LINES
100
AcDbLine
 10
283.39
 20
110.02
 30
0.0
 11
283.39
 21
113.76
 31
0.0
  0
LINE
  5
C60
330
17
100
AcDbEntity
  8
LINES
100
AcDbLine
 10
281.37
 20
110.74
 30
0.0
 11
282.81
 21
110.88
 31
0.0
  0
LINE
  5
C61
330
17
100
AcDbEntity
  8
LINES
100
AcDbLine
 10
282.81
 20
113.62
 30
0.0
 11
282.67
 21
110.88
 31
0.0
  0
LINE
  5
C62
330
17
100
AcDbEntity
  8
LINES
100
AcDbLine
 10
281.37
 20
113.04
 30
0.0
 11
282.67
 21
113.33
 31
0.0
  0
LINE
  5
C63
330
17
100
AcDbEntity
  8
LINES
100
AcDbLine
 10
281.37
 20
113.33
 30
0.0
 11
281.37
 21
109.87
 31
0.0
  0
LINE
  5
C64
330
17
100
AcDbEntity
  8
LINES
100
AcDbLine
 10
281.08
 20
115.06
 30
0.0
 11
285.55
 21
115.63
 31
0.0
  0
LINE
  5
C65
330
17
100
AcDbEntity
  8
LINES
100
AcDbLine
 10
282.81
 20
117.5
 30
0.0
 11
281.66
 21
117.36
 31
0.0
  0
LINE
  5
C66
330
17
100
AcDbEntity
  8
LINES
100
AcDbLine
 10
283.67
 20
117.5
 30
0.0
 11
284.97
 21
117.79
 31
0.0
  0
LINE
  5
C67
330
17
100
AcDbEntity
  8
LINES
100
AcDbLine
 10
284.97
 20
119.95
 30
0.0
 11
284.83
 21
117.79
 31
0.0
  0
LINE
  5
C68
330
17
100
AcDbEntity
  8
LINES
100
AcDbLine
 10
283.67
 20
119.52
 30
0.0
 11
284.83
 21
119.81
 31
0.0
  0
LINE
  5
C69
330
17
100
AcDbEntity
  8
LINES
100
AcDbLine
 10
283.67
 20
116.64
 30
0.0
 11
283.67
 21
120.1
 31
0.0
  0
LINE
  5
C6A
330
17
100
AcDbEntity
  8
LINES
100
AcDbLine
 10
282.81
 20
119.81
 30
0.0
 11
282.81
 21
117.36
 31
0.0
  0
LINE
  5
C6B
330
17
100
AcDbEntity
  8
LINES
100
AcDbLine
 10
281.66
 20
119.23
 30
0.0
 11
282.81
 21
119.52
 31
0.0
  0
LINE
  5
C6C
330
17
100
AcDbEntity
  8
LINES
100
AcDbLine
 10
281.66
 20
119.95
 30
0.0
 11
281.66
 21
116.5
 31
0.0
  0
LINE
  5
C6D
330
17
100
AcDbEntity
  8
LINES
100
AcDbLine
 10
284.68
 20
117.36
 30
0.0
 11
285.4
 21
116.06
 31
0.0
  0
LINE
  5
C6E
330
17
100
AcDbEntity
  8
LINES
100
AcDbLine
 10
307.29
 20
115.63
 30
0.0
 11
310.31
 21
109.73
 31
0.0
  0
LINE
  5
C6F
330
17
100
AcDbEntity
  8
LINES
100
AcDbLine
 10
347.75
 20
109.73
 30
0.0
 11
353.8
 21
121.1
 31
0.0
  0
LINE
  5
C70
330
17
100
AcDbEntity
  8
LINES
100
AcDbLine
 10
347.75
 20
121.1
 30
0.0
 11
353.8
 21
109.73
 31
0.0
  0
LINE
  5
C71
330
17
100
AcDbEntity
  8
LINES
100
AcDbLine
 10
356.39
 20
114.62
 30
0.0
 11
364.17
 21
114.62
 31
0.0
  0
LINE
  5
C72
330
17
100
AcDbEntity
  8
LINES
100
AcDbLine
 10
403.63
 20
120.38
 30
0.0
 11
401.47
 21
115.2
 31
0.0
  0
LINE
  5
C73
330
17
100
AcDbEntity
  8
LINES
100
AcDbLine
 10
401.18
 20
115.06
 30
0.0
 11
405.07
 21
115.63
 31
0.0
  0
LINE
  5
C74
330
17
100
AcDbEntity
  8
LINES
100
AcDbLine
 10
404.78
 20
110.16
 30
0.0
 11
402.04
 21
110.02
 31
0.0
  0
LINE
  5
C75
330
17
100
AcDbEntity
  8
LINES
100
AcDbLine
 10
404.78
 20
114.05
 30
0.0
 11
404.49
 21
110.16
 31
0.0
  0
LINE
  5
C76
330
17
100
AcDbEntity
  8
LINES
100
AcDbLine
 10
402.04
 20
113.33
 30
0.0
 11
404.78
 21
113.62
 31
0.0
  0
LINE
  5
C77
330
17
100
AcDbEntity
  8
LINES
100
AcDbLine
 10
404.06
 20
117.79
 30
0.0
 11
405.64
 21
114.34
 31
0.0
  0
LINE
  5
C78
330
17
100
AcDbEntity
  8
LINES
100
AcDbLine
 10
402.04
 20
114.05
 30
0.0
 11
402.04
 21
109.44
 31
0.0
  0
LINE
  5
C79
330
17
100
AcDbEntity
  8
LINES
100
AcDbLine
 10
413.27
 20
117.07
 30
0.0
 11
417.31
 21
117.65
 31
0.0
  0
LINE
  5
C7A
330
17
100
AcDbEntity
  8
LINES
100
AcDbLine
 10
413.27
 20
118.22
 30
0.0
 11
413.27
 21
113.04
 31
0.0
  0
LINE
  5
C7B
330
17
100
AcDbEntity
  8
LINES
100
AcDbLine
 10
415.29
 20
120.38
 30
0.0
 11
415.29
 21
109.87
 31
0.0
  0
LINE
  5
C7C
330
17
100
AcDbEntity
  8
LINES
100
AcDbLine
 10
417.45
 20
117.94
 30
0.0
 11
417.16
 21
114.34
 31
0.0
  0
LINE
  5
C7D
330
17
100
AcDbEntity
  8
LINES
100
AcDbLine
 10
417.31
 20
114.34
 30
0.0
 11
413.27
 21
113.76
 31
0.0
  0
LINE
  5
C7E
330
17
100
AcDbEntity
  8
LINES
100
AcDbLine
 10
422.92
 20
114.48
 30
0.0
 11
423.93
 21
111.89
 31
0.0
  0
LINE
  5
C7F
330
17
100
AcDbEntity
  8
LINES
100
AcDbLine
 10
421.63
 20
114.62
 30
0.0
 11
420.47
 21
111.6
 31
0.0
  0
LINE
  5
C80
330
17
100
AcDbEntity
  8
LINES
100
AcDbLine
 10
422.35
 20
109.87
 30
0.0
 11
421.34
 21
111.46
 31
0.0
  0
LINE
  5
C81
330
17
100
AcDbEntity
  8
LINES
100
AcDbLine
 10
420.76
 20
116.06
 30
0.0
 11
423.93
 21
116.64
 31
0.0
  0
LINE
  5
C82
330
17
100
AcDbEntity
  8
LINES
100
AcDbLine
 10
421.19
 20
118.66
 30
0.0
 11
423.21
 21
119.23
 31
0.0
  0
LINE
  5
C83
330
17
100
AcDbEntity
  8
LINES
100
AcDbLine
 10
419.9
 20
116.64
 30
0.0
 11
420.47
 21
115.06
 31
0.0
  0
LINE
  5
C84
330
17
100
AcDbEntity
  8
LINES
100
AcDbLine
 10
419.9
 20
116.64
 30
0.0
 11
418.75
 21
113.04
 31
0.0
  0
LINE
  5
C85
330
17
100
AcDbEntity
  8
LINES
100
AcDbLine
 10
419.9
 20
120.1
 30
0.0
 11
419.9
 21
110.02
 31
0.0
  0
LINE
  5
C86
330
17
100
AcDbEntity
  8
LINES
100
AcDbLine
 10
420.62
 20
117.36
 30
0.0
 11
418.75
 21
116.93
 31
0.0
  0
LINE
  5
C87
330
17
100
AcDbEntity
  8
LINES
100
AcDbLine
 10
422.35
 20
110.02
 30
0.0
 11
422.35
 21
116.35
 31
0.0
  0
LINE
  5
C88
330
17
100
AcDbEntity
  8
LINES
100
AcDbLine
 10
425.8
 20
118.66
 30
0.0
 11
429.98
 21
118.94
 31
0.0
  0
LINE
  5
C89
330
17
100
AcDbEntity
  8
LINES
100
AcDbLine
 10
435.88
 20
118.94
 30
0.0
 11
435.31
 21
117.07
 31
0.0
  0
LINE
  5
C8A
330
17
100
AcDbEntity
  8
LINES
100
AcDbLine
 10
431.71
 20
118.94
 30
0.0
 11
431.56
 21
116.64
 31
0.0
  0
LINE
  5
C8B
330
17
100
AcDbEntity
  8
LINES
100
AcDbLine
 10
431.71
 20
118.22
 30
0.0
 11
435.74
 21
118.66
 31
0.0
  0
LINE
  5
C8C
330
17
100
AcDbEntity
  8
LINES
100
AcDbLine
 10
433.0
 20
120.24
 30
0.0
 11
433.72
 21
119.23
 31
0.0
  0
LINE
  5
C8D
330
17
100
AcDbEntity
  8
LINES
100
AcDbLine
 10
432.28
 20
116.5
 30
0.0
 11
434.73
 21
116.93
 31
0.0
  0
LINE
  5
C8E
330
17
100
AcDbEntity
  8
LINES
100
AcDbLine
 10
433.87
 20
116.64
 30
0.0
 11
431.56
 21
114.19
 31
0.0
  0
LINE
  5
C8F
330
17
100
AcDbEntity
  8
LINES
100
AcDbLine
 10
433.0
 20
115.92
 30
0.0
 11
433.87
 21
114.34
 31
0.0
  0
LINE
  5
C90
330
17
100
AcDbEntity
  8
LINES
100
AcDbLine
 10
433.58
 20
114.77
 30
0.0
 11
431.42
 21
112.61
 31
0.0
  0
LINE
  5
C91
330
17
100
AcDbEntity
  8
LINES
100
AcDbLine
 10
433.87
 20
114.05
 30
0.0
 11
435.16
 21
115.78
 31
0.0
  0
LINE
  5
C92
330
17
100
AcDbEntity
  8
LINES
100
AcDbLine
 10
437.61
 20
114.34
 30
0.0
 11
437.47
 21
114.34
 31
0.0
  0
LINE
  5
C93
330
17
100
AcDbEntity
  8
LINES
100
AcDbLine
 10
437.61
 20
111.6
 30
0.0
 11
437.47
 21
111.6
 31
0.0
  0
LINE
  5
C94
330
17
100
AcDbEntity
  8
LINES
100
AcDbLine
 10
444.23
 20
116.06
 30
0.0
 11
442.94
 21
115.92
 31
0.0
  0
LINE
  5
C95
330
17
100
AcDbEntity
  8
LINES
100
AcDbLine
 10
444.23
 20
111.6
 30
0.0
 11
444.23
 21
116.5
 31
0.0
  0
LINE
  5
C96
330
17
100
AcDbEntity
  8
LINES
100
AcDbLine
 10
443.66
 20
119.52
 30
0.0
 11
444.38
 21
117.94
 31
0.0
  0
LINE
  5
C97
330
17
100
AcDbEntity
  8
LINES
100
AcDbLine
 10
445.1
 20
113.04
 30
0.0
 11
443.8
 21
110.74
 31
0.0
  0
LINE
  5
C98
330
17
100
AcDbEntity
  8
LINES
100
AcDbLine
 10
445.67
 20
119.95
 30
0.0
 11
444.81
 21
115.49
 31
0.0
  0
LINE
  5
C99
330
17
100
AcDbEntity
  8
LINES
100
AcDbLine
 10
448.12
 20
114.48
 30
0.0
 11
444.52
 21
114.05
 31
0.0
  0
LINE
  5
C9A
330
17
100
AcDbEntity
  8
LINES
100
AcDbLine
 10
446.25
 20
109.58
 30
0.0
 11
446.25
 21
117.36
 31
0.0
  0
LINE
  5
C9B
330
17
100
AcDbEntity
  8
LINES
100
AcDbLine
 10
445.1
 20
117.22
 30
0.0
 11
447.4
 21
117.5
 31
0.0
  0
LINE
  5
C9C
330
17
100
AcDbEntity
  8
LINES
100
AcDbLine
 10
450.71
 20
116.93
 30
0.0
 11
449.27
 21
113.04
 31
0.0
  0
LINE
  5
C9D
330
17
100
AcDbEntity
  8
LINES
100
AcDbLine
 10
449.13
 20
112.9
 30
0.0
 11
450.71
 21
113.9
 31
0.0
  0
LINE
  5
C9E
330
17
100
AcDbEntity
  8
LINES
100
AcDbLine
 10
450.71
 20
112.03
 30
0.0
 11
448.99
 21
110.74
 31
0.0
  0
LINE
  5
C9F
330
17
100
AcDbEntity
  8
LINES
100
AcDbLine
 10
450.43
 20
116.06
 30
0.0
 11
448.99
 21
115.78
 31
0.0
  0
LINE
  5
CA0
330
17
100
AcDbEntity
  8
LINES
100
AcDbLine
 10
450.43
 20
119.52
 30
0.0
 11
449.27
 21
115.92
 31
0.0
  0
LINE
  5
CA1
330
17
100
AcDbEntity
  8
LINES
100
AcDbLine
 10
451.0
 20
110.3
 30
0.0
 11
454.03
 21
110.74
 31
0.0
  0
LINE
  5
CA2
330
17
100
AcDbEntity
  8
LINES
100
AcDbLine
 10
452.59
 20
111.31
 30
0.0
 11
452.73
 21
119.81
 31
0.0
  0
LINE
  5
CA3
330
17
100
AcDbEntity
  8
LINES
100
AcDbLine
 10
451.72
 20
117.79
 30
0.0
 11
452.15
 21
116.5
 31
0.0
  0
LINE
  5
CA4
330
17
100
AcDbEntity
  8
LINES
100
AcDbLine
 10
451.72
 20
115.2
 30
0.0
 11
453.74
 21
115.49
 31
0.0
  0
LINE
  5
CA5
330
17
100
AcDbEntity
  8
LINES
100
AcDbLine
 10
453.02
 20
114.34
 30
0.0
 11
453.59
 21
112.9
 31
0.0
  0
LINE
  5
CA6
330
17
100
AcDbEntity
  8
LINES
100
AcDbLine
 10
452.59
 20
115.06
 30
0.0
 11
451.58
 21
112.32
 31
0.0
  0
LINE
  5
CA7
330
17
100
AcDbEntity
  8
LINES
100
AcDbLine
 10
453.59
 20
118.22
 30
0.0
 11
453.16
 21
116.06
 31
0.0
  0
LINE
  5
CA8
330
17
100
AcDbEntity
  8
LINES
100
AcDbLine
 10
451.15
 20
118.8
 30
0.0
 11
451.15
 21
110.45
 31
0.0
  0
LINE
  5
CA9
330
17
100
AcDbEntity
  8
LINES
100
AcDbLine
 10
455.75
 20
118.51
 30
0.0
 11
455.75
 21
112.32
 31
0.0
  0
LINE
  5
CAA
330
17
100
AcDbEntity
  8
LINES
100
AcDbLine
 10
455.75
 20
117.36
 30
0.0
 11
459.35
 21
117.94
 31
0.0
  0
LINE
  5
CAB
330
17
100
AcDbEntity
  8
LINES
100
AcDbLine
 10
459.5
 20
118.22
 30
0.0
 11
458.92
 21
113.76
 31
0.0
  0
LINE
  5
CAC
330
17
100
AcDbEntity
  8
LINES
100
AcDbLine
 10
459.21
 20
113.76
 30
0.0
 11
455.75
 21
113.33
 31
0.0
  0
LINE
  5
CAD
330
17
100
AcDbEntity
  8
LINES
100
AcDbLine
 10
456.33
 20
115.49
 30
0.0
 11
458.49
 21
115.92
 31
0.0
  0
LINE
  5
CAE
330
17
100
AcDbEntity
  8
LINES
100
AcDbLine
 10
463.24
 20
120.38
 30
0.0
 11
461.08
 21
115.92
 31
0.0
  0
LINE
  5
CAF
330
17
100
AcDbEntity
  8
LINES
100
AcDbLine
 10
462.52
 20
118.37
 30
0.0
 11
465.69
 21
118.66
 31
0.0
  0
LINE
  5
CB0
330
17
100
AcDbEntity
  8
LINES
100
AcDbLine
 10
462.52
 20
116.78
 30
0.0
 11
464.97
 21
117.22
 31
0.0
  0
LINE
  5
CB1
330
17
100
AcDbEntity
  8
LINES
100
AcDbLine
 10
461.66
 20
114.91
 30
0.0
 11
464.83
 21
115.34
 31
0.0
  0
LINE
  5
CB2
330
17
100
AcDbEntity
  8
LINES
100
AcDbLine
 10
468.71
 20
114.62
 30
0.0
 11
467.71
 21
114.62
 31
0.0
  0
LINE
  5
CB3
330
17
100
AcDbEntity
  8
LINES
100
AcDbLine
 10
467.85
 20
116.64
 30
0.0
 11
468.71
 21
116.78
 31
0.0
  0
LINE
  5
CB4
330
17
100
AcDbEntity
  8
LINES
100
AcDbLine
 10
467.85
 20
119.09
 30
0.0
 11
469.29
 21
119.23
 31
0.0
  0
LINE
  5
CB5
330
17
100
AcDbEntity
  8
LINES
100
AcDbLine
 10
470.3
 20
119.23
 30
0.0
 11
471.45
 21
119.52
 31
0.0
  0
LINE
  5
CB6
330
17
100
AcDbEntity
  8
LINES
100
AcDbLine
 10
469.87
 20
115.2
 30
0.0
 11
471.45
 21
115.34
 31
0.0
  0
LINE
  5
CB7
330
17
100
AcDbEntity
  8
LINES
100
AcDbLine
 10
470.73
 20
112.61
 30
0.0
 11
469.29
 21
109.87
 31
0.0
  0
LINE
  5
CB8
330
17
100
AcDbEntity
  8
LINES
100
AcDbLine
 10
474.91
 20
120.24
 30
0.0
 11
472.89
 21
114.77
 31
0.0
  0
LINE
  5
CB9
330
17
100
AcDbEntity
  8
LINES
100
AcDbLine
 10
474.19
 20
117.94
 30
0.0
 11
474.19
 21
109.73
 31
0.0
  0
LINE
  5
CBA
330
17
100
AcDbEntity
  8
LINES
100
AcDbLine
 10
475.34
 20
114.62
 30
0.0
 11
477.5
 21
115.34
 31
0.0
  0
LINE
  5
CBB
330
17
100
AcDbEntity
  8
LINES
100
AcDbLine
 10
479.51
 20
117.65
 30
0.0
 11
484.41
 21
118.37
 31
0.0
  0
LINE
  5
CBC
330
17
100
AcDbEntity
  8
LINES
100
AcDbLine
 10
481.1
 20
116.64
 30
0.0
 11
481.1
 21
109.73
 31
0.0
  0
LINE
  5
CBD
330
17
100
AcDbEntity
  8
LINES
100
AcDbLine
 10
481.1
 20
116.06
 30
0.0
 11
483.4
 21
116.5
 31
0.0
  0
LINE
  5
CBE
330
17
100
AcDbEntity
  8
LINES
100
AcDbLine
 10
481.1
 20
114.48
 30
0.0
 11
482.97
 21
114.77
 31
0.0
  0
LINE
  5
CBF
330
17
100
AcDbEntity
  8
LINES
100
AcDbLine
 10
482.97
 20
112.9
 30
0.0
 11
481.1
 21
112.61
 31
0.0
  0
LINE
  5
CC0
330
17
100
AcDbEntity
  8
LINES
100
AcDbLine
 10
486.71
 20
119.81
 30
0.0
 11
486.43
 21
117.07
 31
0.0
  0
LINE
  5
CC1
330
17
100
AcDbEntity
  8
LINES
100
AcDbLine
 10
485.56
 20
120.24
 30
0.0
 11
485.56
 21
110.16
 31
0.0
  0
LINE
  5
CC2
330
17
100
AcDbEntity
  8
LINES
100
AcDbLine
 10
485.56
 20
119.23
 30
0.0
 11
486.71
 21
119.52
 31
0.0
  0
LINE
  5
CC3
330
17
100
AcDbEntity
  8
LINES
100
AcDbLine
 10
487.43
 20
119.23
 30
0.0
 11
489.31
 21
119.66
 31
0.0
  0
LINE
  5
CC4
330
17
100
AcDbEntity
  8
LINES
100
AcDbLine
 10
489.45
 20
115.34
 30
0.0
 11
488.44
 21
114.05
 31
0.0
  0
LINE
  5
CC5
330
17
100
AcDbEntity
  8
LINES
100
AcDbLine
 10
487.43
 20
117.79
 30
0.0
 11
488.73
 21
117.94
 31
0.0
  0
LINE
  5
CC6
330
17
100
AcDbEntity
  8
LINES
100
AcDbLine
 10
493.63
 20
115.78
 30
0.0
 11
492.62
 21
110.74
 31
0.0
  0
LINE
  5
CC7
330
17
100
AcDbEntity
  8
LINES
100
AcDbLine
 10
494.2
 20
113.33
 30
0.0
 11
495.64
 21
110.45
 31
0.0
  0
LINE
  5
CC8
330
17
100
AcDbEntity
  8
LINES
100
AcDbLine
 10
492.19
 20
110.74
 30
0.0
 11
495.21
 21
111.46
 31
0.0
  0
LINE
  5
CC9
330
17
100
AcDbEntity
  8
LINES
100
AcDbLine
 10
497.95
 20
117.07
 30
0.0
 11
501.11
 21
117.5
 31
0.0
  0
LINE
  5
CCA
330
17
100
AcDbEntity
  8
LINES
100
AcDbLine
 10
498.67
 20
116.06
 30
0.0
 11
498.67
 21
112.18
 31
0.0
  0
LINE
  5
CCB
330
17
100
AcDbEntity
  8
LINES
100
AcDbLine
 10
498.67
 20
112.9
 30
0.0
 11
500.39
 21
113.18
 31
0.0
  0
LINE
  5
CCC
330
17
100
AcDbEntity
  8
LINES
100
AcDbLine
 10
500.25
 20
113.18
 30
0.0
 11
500.39
 21
116.06
 31
0.0
  0
LINE
  5
CCD
330
17
100
AcDbEntity
  8
LINES
100
AcDbLine
 10
500.39
 20
115.78
 30
0.0
 11
498.67
 21
115.49
 31
0.0
  0
LINE
  5
CCE
330
17
100
AcDbEntity
  8
LINES
100
AcDbLine
 10
501.98
 20
119.81
 30
0.0
 11
498.23
 21
118.94
 31
0.0
  0
LINE
  5
CCF
330
17
100
AcDbEntity
  8
LINES
100
AcDbLine
 10
510.33
 20
112.9
 30
0.0
 11
510.04
 21
112.9
 31
0.0
  0
LINE
  5
CD0
330
17
100
AcDbEntity
  8
LINES
100
AcDbLine
 10
516.95
 20
119.95
 30
0.0
 11
516.95
 21
114.62
 31
0.0
  0
LINE
  5
CD1
330
17
100
AcDbEntity
  8
LINES
100
AcDbLine
 10
515.66
 20
116.64
 30
0.0
 11
518.39
 21
117.22
 31
0.0
  0
LINE
  5
CD2
330
17
100
AcDbEntity
  8
LINES
100
AcDbLine
 10
517.96
 20
119.38
 30
0.0
 11
517.53
 21
117.07
 31
0.0
  0
LINE
  5
CD3
330
17
100
AcDbEntity
  8
LINES
100
AcDbLine
 10
516.09
 20
119.09
 30
0.0
 11
516.52
 21
117.36
 31
0.0
  0
LINE
  5
CD4
330
17
100
AcDbEntity
  8
LINES
100
AcDbLine
 10
516.95
 20
116.78
 30
0.0
 11
515.37
 21
113.62
 31
0.0
  0
LINE
  5
CD5
330
17
100
AcDbEntity
  8
LINES
100
AcDbLine
 10
516.95
 20
116.64
 30
0.0
 11
517.96
 21
115.06
 31
0.0
  0
LINE
  5
CD6
330
17
100
AcDbEntity
  8
LINES
100
AcDbLine
 10
515.66
 20
112.9
 30
0.0
 11
517.67
 21
113.47
 31
0.0
  0
LINE
  5
CD7
330
17
100
AcDbEntity
  8
LINES
100
AcDbLine
 10
518.54
 20
116.35
 30
0.0
 11
520.41
 21
116.64
 31
0.0
  0
LINE
  5
CD8
330
17
100
AcDbEntity
  8
LINES
100
AcDbLine
 10
526.17
 20
113.04
 30
0.0
 11
524.59
 21
112.75
 31
0.0
  0
LINE
  5
CD9
330
17
100
AcDbEntity
  8
LINES
100
AcDbLine
 10
525.16
 20
116.78
 30
0.0
 11
525.16
 21
112.75
 31
0.0
  0
LINE
  5
CDA
330
17
100
AcDbEntity
  8
LINES
100
AcDbLine
 10
525.88
 20
119.09
 30
0.0
 11
524.15
 21
118.51
 31
0.0
  0
LINE
  5
CDB
330
17
100
AcDbEntity
  8
LINES
100
AcDbLine
 10
525.88
 20
117.07
 30
0.0
 11
525.88
 21
119.23
 31
0.0
  0
LINE
  5
CDC
330
17
100
AcDbEntity
  8
LINES
100
AcDbLine
 10
526.03
 20
117.07
 30
0.0
 11
524.15
 21
116.64
 31
0.0
  0
LINE
  5
CDD
330
17
100
AcDbEntity
  8
LINES
100
AcDbLine
 10
524.01
 20
114.62
 30
0.0
 11
526.6
 21
115.2
 31
0.0
  0
LINE
  5
CDE
330
17
100
AcDbEntity
  8
LINES
100
AcDbLine
 10
526.03
 20
110.74
 30
0.0
 11
526.17
 21
113.33
 31
0.0
  0
LINE
  5
CDF
330
17
100
AcDbEntity
  8
LINES
100
AcDbLine
 10
524.59
 20
110.45
 30
0.0
 11
526.17
 21
110.74
 31
0.0
  0
LINE
  5
CE0
330
17
100
AcDbEntity
  8
LINES
100
AcDbLine
 10
524.59
 20
113.18
 30
0.0
 11
524.59
 21
109.73
 31
0.0
  0
LINE
  5
CE1
330
17
100
AcDbEntity
  8
LINES
100
AcDbLine
 10
523.72
 20
115.49
 30
0.0
 11
521.99
 21
113.76
 31
0.0
  0
LINE
  5
CE2
330
17
100
AcDbEntity
  8
LINES
100
AcDbLine
 10
522.14
 20
116.64
 30
0.0
 11
523.87
 21
117.22
 31
0.0
  0
LINE
  5
CE3
330
17
100
AcDbEntity
  8
LINES
100
AcDbLine
 10
531.07
 20
117.36
 30
0.0
 11
531.07
 21
112.03
 31
0.0
  0
LINE
  5
CE4
330
17
100
AcDbEntity
  8
LINES
100
AcDbLine
 10
530.35
 20
114.05
 30
0.0
 11
531.79
 21
114.34
 31
0.0
  0
LINE
  5
CE5
330
17
100
AcDbEntity
  8
LINES
100
AcDbLine
 10
530.35
 20
115.63
 30
0.0
 11
531.64
 21
115.92
 31
0.0
  0
LINE
  5
CE6
330
17
100
AcDbEntity
  8
LINES
100
AcDbLine
 10
530.63
 20
118.66
 30
0.0
 11
531.21
 21
117.5
 31
0.0
  0
LINE
  5
CE7
330
17
100
AcDbEntity
  8
LINES
100
AcDbLine
 10
529.91
 20
117.22
 30
0.0
 11
532.22
 21
117.65
 31
0.0
  0
LINE
  5
CE8
330
17
100
AcDbEntity
  8
LINES
100
AcDbLine
 10
529.91
 20
117.79
 30
0.0
 11
529.91
 21
112.18
 31
0.0
  0
LINE
  5
CE9
330
17
100
AcDbEntity
  8
LINES
100
AcDbLine
 10
527.61
 20
115.49
 30
0.0
 11
529.19
 21
116.06
 31
0.0
  0
LINE
  5
CEA
330
17
100
AcDbEntity
  8
LINES
100
AcDbLine
 10
528.47
 20
119.23
 30
0.0
 11
529.05
 21
117.79
 31
0.0
  0
LINE
  5
CEB
330
17
100
AcDbEntity
  8
LINES
100
AcDbLine
 10
532.07
 20
120.1
 30
0.0
 11
530.92
 21
118.08
 31
0.0
  0
LINE
  5
CEC
330
17
100
AcDbEntity
  8
LINES
100
AcDbLine
 10
529.91
 20
119.38
 30
0.0
 11
531.79
 21
119.81
 31
0.0
  0
LINE
  5
CED
330
17
100
AcDbEntity
  8
LINES
100
AcDbLine
 10
532.36
 20
110.16
 30
0.0
 11
532.94
 21
110.45
 31
0.0
  0
LINE
  5
CEE
330
17
100
AcDbEntity
  8
LINES
100
AcDbLine
 10
535.96
 20
110.59
 30
0.0
 11
537.83
 21
110.74
 31
0.0
  0
LINE
  5
CEF
330
17
100
AcDbEntity
  8
LINES
100
AcDbLine
 10
537.98
 20
113.62
 30
0.0
 11
537.69
 21
110.74
 31
0.0
  0
LINE
  5
CF0
330
17
100
AcDbEntity
  8
LINES
100
AcDbLine
 10
535.96
 20
113.47
 30
0.0
 11
535.96
 21
109.87
 31
0.0
  0
LINE
  5
CF1
330
17
100
AcDbEntity
  8
LINES
100
AcDbLine
 10
535.1
 20
117.5
 30
0.0
 11
538.84
 21
117.94
 31
0.0
  0
LINE
  5
CF2
330
17
100
AcDbEntity
  8
LINES
100
AcDbLine
 10
536.68
 20
120.38
 30
0.0
 11
537.4
 21
118.37
 31
0.0
  0
LINE
  5
CF3
330
17
100
AcDbEntity
  8
LINES
100
AcDbLine
 10
535.24
 20
120.38
 30
0.0
 11
533.37
 21
114.91
 31
0.0
  0
LINE
  5
CF4
330
17
100
AcDbEntity
  8
LINES
100
AcDbLine
 10
534.67
 20
118.08
 30
0.0
 11
534.67
 21
109.87
 31
0.0
  0
LINE
  5
CF5
330
17
100
AcDbEntity
  8
LINES
100
AcDbLine
 10
535.82
 20
116.06
 30
0.0
 11
537.98
 21
116.5
 31
0.0
  0
LINE
  5
CF6
330
17
100
AcDbEntity
  8
LINES
100
AcDbLine
 10
538.12
 20
114.77
 30
0.0
 11
535.82
 21
114.48
 31
0.0
  0
LINE
  5
CF7
330
17
100
AcDbEntity
  8
LINES
100
AcDbLine
 10
535.96
 20
112.9
 30
0.0
 11
537.83
 21
113.33
 31
0.0
  0
LINE
  5
CF8
330
17
100
AcDbEntity
  8
LINES
100
AcDbLine
 10
540.43
 20
119.95
 30
0.0
 11
540.43
 21
110.59
 31
0.0
  0
LINE
  5
CF9
330
17
100
AcDbEntity
  8
LINES
100
AcDbLine
 10
540.43
 20
119.09
 30
0.0
 11
544.17
 21
119.52
 31
0.0
  0
LINE
  5
CFA
330
17
100
AcDbEntity
  8
LINES
100
AcDbLine
 10
541.87
 20
117.94
 30
0.0
 11
540.71
 21
112.9
 31
0.0
  0
LINE
  5
CFB
330
17
100
AcDbEntity
  8
LINES
100
AcDbLine
 10
541.0
 20
117.22
 30
0.0
 11
542.15
 21
114.19
 31
0.0
  0
LINE
  5
CFC
330
17
100
AcDbEntity
  8
LINES
100
AcDbLine
 10
543.45
 20
118.22
 30
0.0
 11
541.87
 21
112.61
 31
0.0
  0
LINE
  5
CFD
330
17
100
AcDbEntity
  8
LINES
100
AcDbLine
 10
542.44
 20
117.22
 30
0.0
 11
543.59
 21
113.47
 31
0.0
  0
LINE
  5
CFE
330
17
100
AcDbEntity
  8
LINES
100
AcDbLine
 10
547.91
 20
120.38
 30
0.0
 11
548.49
 21
118.66
 31
0.0
  0
LINE
  5
CFF
330
17
100
AcDbEntity
  8
LINES
100
AcDbLine
 10
546.04
 20
117.5
 30
0.0
 11
550.65
 21
118.51
 31
0.0
  0
LINE
  5
D00
330
17
100
AcDbEntity
  8
LINES
100
AcDbLine
 10
547.63
 20
117.36
 30
0.0
 11
546.04
 21
113.47
 31
0.0
  0
LINE
  5
D01
330
17
100
AcDbEntity
  8
LINES
100
AcDbLine
 10
548.92
 20
117.36
 30
0.0
 11
550.36
 21
115.06
 31
0.0
  0
LINE
  5
D02
330
17
100
AcDbEntity
  8
LINES
100
AcDbLine
 10
555.83
 20
118.66
 30
0.0
 11
555.11
 21
116.21
 31
0.0
  0
LINE
  5
D03
330
17
100
AcDbEntity
  8
LINES
100
AcDbLine
 10
554.11
 20
118.08
 30
0.0
 11
555.83
 21
118.51
 31
0.0
  0
LINE
  5
D04
330
17
100
AcDbEntity
  8
LINES
100
AcDbLine
 10
553.53
 20
115.49
 30
0.0
 11
551.66
 21
113.33
 31
0.0
  0
LINE
  5
D05
330
17
100
AcDbEntity
  8
LINES
100
AcDbLine
 10
554.54
 20
119.95
 30
0.0
 11
553.53
 21
115.92
 31
0.0
  0
LINE
  5
D06
330
17
100
AcDbEntity
  8
LINES
100
AcDbLine
 10
551.8
 20
116.93
 30
0.0
 11
553.39
 21
117.36
 31
0.0
  0
LINE
  5
D07
330
17
100
AcDbEntity
  8
LINES
100
AcDbLine
 10
556.12
 20
116.5
 30
0.0
 11
553.96
 21
116.06
 31
0.0
  0
LINE
  5
D08
330
17
100
AcDbEntity
  8
LINES
100
AcDbLine
 10
556.99
 20
114.05
 30
0.0
 11
553.24
 21
113.33
 31
0.0
  0
LINE
  5
D09
330
17
100
AcDbEntity
  8
LINES
100
AcDbLine
 10
553.96
 20
116.35
 30
0.0
 11
553.96
 21
113.47
 31
0.0
  0
LINE
  5
D0A
330
17
100
AcDbEntity
  8
LINES
100
AcDbLine
 10
556.12
 20
116.78
 30
0.0
 11
556.12
 21
113.9
 31
0.0
  0
LINE
  5
D0B
330
17
100
AcDbEntity
  8
LINES
100
AcDbLine
 10
557.85
 20
112.18
 30
0.0
 11
559.29
 21
116.64
 31
0.0
  0
LINE
  5
D0C
330
17
100
AcDbEntity
  8
LINES
100
AcDbLine
 10
560.3
 20
117.22
 30
0.0
 11
557.99
 21
116.64
 31
0.0
  0
LINE
  5
D0D
330
17
100
AcDbEntity
  8
LINES
100
AcDbLine
 10
560.15
 20
114.34
 30
0.0
 11
559.29
 21
116.06
 31
0.0
  0
LINE
  5
D0E
330
17
100
AcDbEntity
  8
LINES
100
AcDbLine
 10
559.29
 20
110.16
 30
0.0
 11
559.29
 21
120.1
 31
0.0
  0
LINE
  5
D0F
330
17
100
AcDbEntity
  8
LINES
100
AcDbLine
 10
561.88
 20
118.66
 30
0.0
 11
560.87
 21
118.51
 31
0.0
  0
LINE
  5
D10
330
17
100
AcDbEntity
  8
LINES
100
AcDbLine
 10
573.83
 20
120.38
 30
0.0
 11
571.53
 21
115.2
 31
0.0
  0
LINE
  5
D11
330
17
100
AcDbEntity
  8
LINES
100
AcDbLine
 10
571.39
 20
115.06
 30
0.0
 11
575.13
 21
115.63
 31
0.0
  0
LINE
  5
D12
330
17
100
AcDbEntity
  8
LINES
100
AcDbLine
 10
574.84
 20
110.16
 30
0.0
 11
572.11
 21
110.02
 31
0.0
  0
LINE
  5
D13
330
17
100
AcDbEntity
  8
LINES
100
AcDbLine
 10
574.99
 20
114.05
 30
0.0
 11
574.7
 21
110.16
 31
0.0
  0
LINE
  5
D14
330
17
100
AcDbEntity
  8
LINES
100
AcDbLine
 10
572.11
 20
113.33
 30
0.0
 11
574.84
 21
113.62
 31
0.0
  0
LINE
  5
D15
330
17
100
AcDbEntity
  8
LINES
100
AcDbLine
 10
574.27
 20
117.79
 30
0.0
 11
575.85
 21
114.34
 31
0.0
  0
LINE
  5
D16
330
17
100
AcDbEntity
  8
LINES
100
AcDbLine
 10
572.11
 20
114.05
 30
0.0
 11
572.11
 21
109.44
 31
0.0
  0
LINE
  5
D17
330
17
100
AcDbEntity
  8
LINES
100
AcDbLine
 10
583.48
 20
117.07
 30
0.0
 11
587.51
 21
117.65
 31
0.0
  0
LINE
  5
D18
330
17
100
AcDbEntity
  8
LINES
100
AcDbLine
 10
583.48
 20
118.22
 30
0.0
 11
583.48
 21
113.04
 31
0.0
  0
LINE
  5
D19
330
17
100
AcDbEntity
  8
LINES
100
AcDbLine
 10
585.5
 20
120.38
 30
0.0
 11
585.5
 21
109.87
 31
0.0
  0
LINE
  5
D1A
330
17
100
AcDbEntity
  8
LINES
100
AcDbLine
 10
587.51
 20
117.94
 30
0.0
 11
587.23
 21
114.34
 31
0.0
  0
LINE
  5
D1B
330
17
100
AcDbEntity
  8
LINES
100
AcDbLine
 10
587.51
 20
114.34
 30
0.0
 11
583.48
 21
113.76
 31
0.0
  0
LINE
  5
D1C
330
17
100
AcDbEntity
  8
LINES
100
AcDbLine
 10
592.99
 20
114.48
 30
0.0
 11
594.14
 21
111.89
 31
0.0
  0
LINE
  5
D1D
330
17
100
AcDbEntity
  8
LINES
100
AcDbLine
 10
591.83
 20
114.62
 30
0.0
 11
590.54
 21
111.6
 31
0.0
  0
LINE
  5
D1E
330
17
100
AcDbEntity
  8
LINES
100
AcDbLine
 10
592.55
 20
109.87
 30
0.0
 11
591.55
 21
111.46
 31
0.0
  0
LINE
  5
D1F
330
17
100
AcDbEntity
  8
LINES
100
AcDbLine
 10
590.97
 20
116.06
 30
0.0
 11
594.14
 21
116.64
 31
0.0
  0
LINE
  5
D20
330
17
100
AcDbEntity
  8
LINES
100
AcDbLine
 10
591.4
 20
118.66
 30
0.0
 11
593.42
 21
119.23
 31
0.0
  0
LINE
  5
D21
330
17
100
AcDbEntity
  8
LINES
100
AcDbLine
 10
590.11
 20
116.64
 30
0.0
 11
590.68
 21
115.06
 31
0.0
  0
LINE
  5
D22
330
17
100
AcDbEntity
  8
LINES
100
AcDbLine
 10
590.11
 20
116.64
 30
0.0
 11
588.95
 21
113.04
 31
0.0
  0
LINE
  5
D23
330
17
100
AcDbEntity
  8
LINES
100
AcDbLine
 10
590.11
 20
120.1
 30
0.0
 11
590.11
 21
110.02
 31
0.0
  0
LINE
  5
D24
330
17
100
AcDbEntity
  8
LINES
100
AcDbLine
 10
590.83
 20
117.36
 30
0.0
 11
588.95
 21
116.93
 31
0.0
  0
LINE
  5
D25
330
17
100
AcDbEntity
  8
LINES
100
AcDbLine
 10
592.55
 20
110.02
 30
0.0
 11
592.55
 21
116.35
 31
0.0
  0
LINE
  5
D26
330
17
100
AcDbEntity
  8
LINES
100
AcDbLine
 10
596.01
 20
118.66
 30
0.0
 11
600.19
 21
118.94
 31
0.0
  0
LINE
  5
D27
330
17
100
AcDbEntity
  8
LINES
100
AcDbLine
 10
606.09
 20
118.94
 30
0.0
 11
605.51
 21
117.07
 31
0.0
  0
LINE
  5
D28
330
17
100
AcDbEntity
  8
LINES
100
AcDbLine
 10
601.91
 20
118.94
 30
0.0
 11
601.77
 21
116.64
 31
0.0
  0
LINE
  5
D29
330
17
100
AcDbEntity
  8
LINES
100
AcDbLine
 10
601.91
 20
118.22
 30
0.0
 11
605.95
 21
118.66
 31
0.0
  0
LINE
  5
D2A
330
17
100
AcDbEntity
  8
LINES
100
AcDbLine
 10
603.21
 20
120.24
 30
0.0
 11
603.93
 21
119.23
 31
0.0
  0
LINE
  5
D2B
330
17
100
AcDbEntity
  8
LINES
100
AcDbLine
 10
602.35
 20
116.5
 30
0.0
 11
604.94
 21
116.93
 31
0.0
  0
LINE
  5
D2C
330
17
100
AcDbEntity
  8
LINES
100
AcDbLine
 10
604.07
 20
116.64
 30
0.0
 11
601.77
 21
114.19
 31
0.0
  0
LINE
  5
D2D
330
17
100
AcDbEntity
  8
LINES
100
AcDbLine
 10
603.21
 20
115.92
 30
0.0
 11
604.07
 21
114.34
 31
0.0
  0
LINE
  5
D2E
330
17
100
AcDbEntity
  8
LINES
100
AcDbLine
 10
603.79
 20
114.77
 30
0.0
 11
601.63
 21
112.61
 31
0.0
  0
LINE
  5
D2F
330
17
100
AcDbEntity
  8
LINES
100
AcDbLine
 10
604.07
 20
114.05
 30
0.0
 11
605.37
 21
115.78
 31
0.0
  0
LINE
  5
D30
330
17
100
AcDbEntity
  8
LINES
100
AcDbLine
 10
607.82
 20
114.34
 30
0.0
 11
607.53
 21
114.34
 31
0.0
  0
LINE
  5
D31
330
17
100
AcDbEntity
  8
LINES
100
AcDbLine
 10
607.82
 20
111.6
 30
0.0
 11
607.53
 21
111.6
 31
0.0
  0
LINE
  5
D32
330
17
100
AcDbEntity
  8
LINES
100
AcDbLine
 10
616.17
 20
110.74
 30
0.0
 11
616.17
 21
119.95
 31
0.0
  0
LINE
  5
D33
330
17
100
AcDbEntity
  8
LINES
100
AcDbLine
 10
617.75
 20
116.5
 30
0.0
 11
616.17
 21
114.19
 31
0.0
  0
LINE
  5
D34
330
17
100
AcDbEntity
  8
LINES
100
AcDbLine
 10
613.15
 20
111.6
 30
0.0
 11
615.02
 21
113.33
 31
0.0
  0
LINE
  5
D35
330
17
100
AcDbEntity
  8
LINES
100
AcDbLine
 10
613.29
 20
115.78
 30
0.0
 11
615.02
 21
116.06
 31
0.0
  0
LINE
  5
D36
330
17
100
AcDbEntity
  8
LINES
100
AcDbLine
 10
615.02
 20
119.52
 30
0.0
 11
615.02
 21
110.16
 31
0.0
  0
LINE
  5
D37
330
17
100
AcDbEntity
  8
LINES
100
AcDbLine
 10
623.23
 20
117.36
 30
0.0
 11
623.08
 21
114.62
 31
0.0
  0
LINE
  5
D38
330
17
100
AcDbEntity
  8
LINES
100
AcDbLine
 10
620.78
 20
114.19
 30
0.0
 11
623.37
 21
114.62
 31
0.0
  0
LINE
  5
D39
330
17
100
AcDbEntity
  8
LINES
100
AcDbLine
 10
619.19
 20
117.94
 30
0.0
 11
624.38
 21
118.8
 31
0.0
  0
LINE
  5
D3A
330
17
100
AcDbEntity
  8
LINES
100
AcDbLine
 10
620.78
 20
116.93
 30
0.0
 11
620.78
 21
113.76
 31
0.0
  0
LINE
  5
D3B
330
17
100
AcDbEntity
  8
LINES
100
AcDbLine
 10
620.78
 20
116.5
 30
0.0
 11
623.23
 21
116.93
 31
0.0
  0
LINE
  5
D3C
330
17
100
AcDbEntity
  8
LINES
100
AcDbLine
 10
620.92
 20
113.18
 30
0.0
 11
619.34
 21
110.45
 31
0.0
  0
LINE
  5
D3D
330
17
100
AcDbEntity
  8
LINES
100
AcDbLine
 10
622.79
 20
112.9
 30
0.0
 11
624.09
 21
111.02
 31
0.0
  0
LINE
  5
D3E
330
17
100
AcDbEntity
  8
LINES
100
AcDbLine
 10
622.22
 20
118.8
 30
0.0
 11
621.64
 21
120.38
 31
0.0
  0
LINE
  5
D3F
330
17
100
AcDbEntity
  8
LINES
100
AcDbLine
 10
625.82
 20
117.07
 30
0.0
 11
629.85
 21
117.65
 31
0.0
  0
LINE
  5
D40
330
17
100
AcDbEntity
  8
LINES
100
AcDbLine
 10
625.82
 20
118.22
 30
0.0
 11
625.82
 21
113.04
 31
0.0
  0
LINE
  5
D41
330
17
100
AcDbEntity
  8
LINES
100
AcDbLine
 10
627.83
 20
120.38
 30
0.0
 11
627.83
 21
109.87
 31
0.0
  0
LINE
  5
D42
330
17
100
AcDbEntity
  8
LINES
100
AcDbLine
 10
629.85
 20
117.94
 30
0.0
 11
629.56
 21
114.34
 31
0.0
  0
LINE
  5
D43
330
17
100
AcDbEntity
  8
LINES
100
AcDbLine
 10
629.85
 20
114.34
 30
0.0
 11
625.82
 21
113.76
 31
0.0
  0
LINE
  5
D44
330
17
100
AcDbEntity
  8
LINES
100
AcDbLine
 10
632.01
 20
118.51
 30
0.0
 11
632.01
 21
112.32
 31
0.0
  0
LINE
  5
D45
330
17
100
AcDbEntity
  8
LINES
100
AcDbLine
 10
632.01
 20
117.36
 30
0.0
 11
635.61
 21
117.94
 31
0.0
  0
LINE
  5
D46
330
17
100
AcDbEntity
  8
LINES
100
AcDbLine
 10
635.61
 20
118.22
 30
0.0
 11
635.18
 21
113.76
 31
0.0
  0
LINE
  5
D47
330
17
100
AcDbEntity
  8
LINES
100
AcDbLine
 10
635.32
 20
113.76
 30
0.0
 11
632.01
 21
113.33
 31
0.0
  0
LINE
  5
D48
330
17
100
AcDbEntity
  8
LINES
100
AcDbLine
 10
632.59
 20
115.49
 30
0.0
 11
634.75
 21
115.92
 31
0.0
  0
LINE
  5
D49
330
17
100
AcDbEntity
  8
LINES
100
AcDbLine
 10
640.51
 20
116.06
 30
0.0
 11
641.95
 21
118.37
 31
0.0
  0
LINE
  5
D4A
330
17
100
AcDbEntity
  8
LINES
100
AcDbLine
 10
641.8
 20
114.05
 30
0.0
 11
640.36
 21
116.21
 31
0.0
  0
LINE
  5
D4B
330
17
100
AcDbEntity
  8
LINES
100
AcDbLine
 10
637.48
 20
118.66
 30
0.0
 11
640.36
 21
119.38
 31
0.0
  0
LINE
  5
D4C
330
17
100
AcDbEntity
  8
LINES
100
AcDbLine
 10
645.26
 20
120.38
 30
0.0
 11
643.39
 21
116.06
 31
0.0
  0
LINE
  5
D4D
330
17
100
AcDbEntity
  8
LINES
100
AcDbLine
 10
644.68
 20
119.09
 30
0.0
 11
644.68
 21
114.05
 31
0.0
  0
LINE
  5
D4E
330
17
100
AcDbEntity
  8
LINES
100
AcDbLine
 10
647.71
 20
119.52
 30
0.0
 11
645.55
 21
116.64
 31
0.0
  0
LINE
  5
D4F
330
17
100
AcDbEntity
  8
LINES
100
AcDbLine
 10
643.39
 20
112.75
 30
0.0
 11
648.57
 21
113.47
 31
0.0
  0
LINE
  5
D50
330
17
100
AcDbEntity
  8
LINES
100
AcDbLine
 10
645.98
 20
114.91
 30
0.0
 11
645.98
 21
109.44
 31
0.0
  0
LINE
  5
D51
330
17
100
AcDbEntity
  8
LINES
100
AcDbLine
 10
652.89
 20
117.36
 30
0.0
 11
652.89
 21
112.03
 31
0.0
  0
LINE
  5
D52
330
17
100
AcDbEntity
  8
LINES
100
AcDbLine
 10
652.17
 20
114.05
 30
0.0
 11
653.61
 21
114.34
 31
0.0
  0
LINE
  5
D53
330
17
100
AcDbEntity
  8
LINES
100
AcDbLine
 10
652.17
 20
115.63
 30
0.0
 11
653.47
 21
115.92
 31
0.0
  0
LINE
  5
D54
330
17
100
AcDbEntity
  8
LINES
100
AcDbLine
 10
652.31
 20
118.66
 30
0.0
 11
653.03
 21
117.5
 31
0.0
  0
LINE
  5
D55
330
17
100
AcDbEntity
  8
LINES
100
AcDbLine
 10
651.74
 20
117.22
 30
0.0
 11
654.04
 21
117.65
 31
0.0
  0
LINE
  5
D56
330
17
100
AcDbEntity
  8
LINES
100
AcDbLine
 10
651.74
 20
117.79
 30
0.0
 11
651.74
 21
112.18
 31
0.0
  0
LINE
  5
D57
330
17
100
AcDbEntity
  8
LINES
100
AcDbLine
 10
649.43
 20
115.49
 30
0.0
 11
651.02
 21
116.06
 31
0.0
  0
LINE
  5
D58
330
17
100
AcDbEntity
  8
LINES
100
AcDbLine
 10
650.15
 20
119.23
 30
0.0
 11
650.87
 21
117.79
 31
0.0
  0
LINE
  5
D59
330
17
100
AcDbEntity
  8
LINES
100
AcDbLine
 10
653.9
 20
120.1
 30
0.0
 11
652.75
 21
118.08
 31
0.0
  0
LINE
  5
D5A
330
17
100
AcDbEntity
  8
LINES
100
AcDbLine
 10
651.74
 20
119.38
 30
0.0
 11
653.61
 21
119.81
 31
0.0
  0
LINE
  5
D5B
330
17
100
AcDbEntity
  8
LINES
100
AcDbLine
 10
654.19
 20
110.16
 30
0.0
 11
654.76
 21
110.45
 31
0.0
  0
LINE
  5
D5C
330
17
100
AcDbEntity
  8
LINES
100
AcDbLine
 10
657.79
 20
110.59
 30
0.0
 11
659.66
 21
110.74
 31
0.0
  0
LINE
  5
D5D
330
17
100
AcDbEntity
  8
LINES
100
AcDbLine
 10
659.8
 20
113.62
 30
0.0
 11
659.51
 21
110.74
 31
0.0
  0
LINE
  5
D5E
330
17
100
AcDbEntity
  8
LINES
100
AcDbLine
 10
657.79
 20
113.47
 30
0.0
 11
657.79
 21
109.87
 31
0.0
  0
LINE
  5
D5F
330
17
100
AcDbEntity
  8
LINES
100
AcDbLine
 10
656.92
 20
117.5
 30
0.0
 11
660.67
 21
117.94
 31
0.0
  0
LINE
  5
D60
330
17
100
AcDbEntity
  8
LINES
100
AcDbLine
 10
658.36
 20
120.38
 30
0.0
 11
659.23
 21
118.37
 31
0.0
  0
LINE
  5
D61
330
17
100
AcDbEntity
  8
LINES
100
AcDbLine
 10
657.07
 20
120.38
 30
0.0
 11
655.19
 21
114.91
 31
0.0
  0
LINE
  5
D62
330
17
100
AcDbEntity
  8
LINES
100
AcDbLine
 10
656.49
 20
118.08
 30
0.0
 11
656.49
 21
109.87
 31
0.0
  0
LINE
  5
D63
330
17
100
AcDbEntity
  8
LINES
100
AcDbLine
 10
657.64
 20
116.06
 30
0.0
 11
659.8
 21
116.5
 31
0.0
  0
LINE
  5
D64
330
17
100
AcDbEntity
  8
LINES
100
AcDbLine
 10
659.95
 20
114.77
 30
0.0
 11
657.64
 21
114.48
 31
0.0
  0
LINE
  5
D65
330
17
100
AcDbEntity
  8
LINES
100
AcDbLine
 10
657.79
 20
112.9
 30
0.0
 11
659.66
 21
113.33
 31
0.0
  0
LINE
  5
D66
330
17
100
AcDbEntity
  8
LINES
100
AcDbLine
 10
661.82
 20
117.65
 30
0.0
 11
666.71
 21
118.37
 31
0.0
  0
LINE
  5
D67
330
17
100
AcDbEntity
  8
LINES
100
AcDbLine
 10
663.4
 20
116.64
 30
0.0
 11
663.4
 21
109.73
 31
0.0
  0
LINE
  5
D68
330
17
100
AcDbEntity
  8
LINES
100
AcDbLine
 10
663.4
 20
116.06
 30
0.0
 11
665.71
 21
116.5
 31
0.0
  0
LINE
  5
D69
330
17
100
AcDbEntity
  8
LINES
100
AcDbLine
 10
663.4
 20
114.48
 30
0.0
 11
665.27
 21
114.77
 31
0.0
  0
LINE
  5
D6A
330
17
100
AcDbEntity
  8
LINES
100
AcDbLine
 10
665.27
 20
112.9
 30
0.0
 11
663.4
 21
112.61
 31
0.0
  0
LINE
  5
D6B
330
17
100
AcDbEntity
  8
LINES
100
AcDbLine
 10
102.81
 20
100.94
 30
0.0
 11
102.52
 21
98.21
 31
0.0
  0
LINE
  5
D6C
330
17
100
AcDbEntity
  8
LINES
100
AcDbLine
 10
101.66
 20
101.38
 30
0.0
 11
101.66
 21
91.15
 31
0.0
  0
LINE
  5
D6D
330
17
100
AcDbEntity
  8
LINES
100
AcDbLine
 10
101.66
 20
100.37
 30
0.0
 11
102.81
 21
100.66
 31
0.0
  0
LINE
  5
D6E
330
17
100
AcDbEntity
  8
LINES
100
AcDbLine
 10
103.53
 20
100.37
 30
0.0
 11
105.26
 21
100.8
 31
0.0
  0
LINE
  5
D6F
330
17
100
AcDbEntity
  8
LINES
100
AcDbLine
 10
105.55
 20
96.48
 30
0.0
 11
104.39
 21
95.04
 31
0.0
  0
LINE
  5
D70
330
17
100
AcDbEntity
  8
LINES
100
AcDbLine
 10
103.53
 20
98.93
 30
0.0
 11
104.68
 21
99.07
 31
0.0
  0
LINE
  5
D71
330
17
100
AcDbEntity
  8
LINES
100
AcDbLine
 10
109.58
 20
96.91
 30
0.0
 11
108.57
 21
91.87
 31
0.0
  0
LINE
  5
D72
330
17
100
AcDbEntity
  8
LINES
100
AcDbLine
 10
110.15
 20
94.46
 30
0.0
 11
111.59
 21
91.58
 31
0.0
  0
LINE
  5
D73
330
17
100
AcDbEntity
  8
LINES
100
AcDbLine
 10
108.28
 20
91.73
 30
0.0
 11
111.16
 21
92.59
 31
0.0
  0
LINE
  5
D74
330
17
100
AcDbEntity
  8
LINES
100
AcDbLine
 10
114.04
 20
98.21
 30
0.0
 11
117.07
 21
98.64
 31
0.0
  0
LINE
  5
D75
330
17
100
AcDbEntity
  8
LINES
100
AcDbLine
 10
114.62
 20
97.06
 30
0.0
 11
114.62
 21
93.31
 31
0.0
  0
LINE
  5
D76
330
17
100
AcDbEntity
  8
LINES
100
AcDbLine
 10
114.62
 20
94.03
 30
0.0
 11
116.49
 21
94.32
 31
0.0
  0
LINE
  5
D77
330
17
100
AcDbEntity
  8
LINES
100
AcDbLine
 10
116.2
 20
94.32
 30
0.0
 11
116.49
 21
97.06
 31
0.0
  0
LINE
  5
D78
330
17
100
AcDbEntity
  8
LINES
100
AcDbLine
 10
116.49
 20
96.91
 30
0.0
 11
114.62
 21
96.62
 31
0.0
  0
LINE
  5
D79
330
17
100
AcDbEntity
  8
LINES
100
AcDbLine
 10
118.07
 20
100.94
 30
0.0
 11
114.33
 21
100.08
 31
0.0
  0
LINE
  5
D7A
330
17
100
AcDbEntity
  8
LINES
100
AcDbLine
 10
126.28
 20
94.03
 30
0.0
 11
126.14
 21
94.03
 31
0.0
  0
LINE
  5
D7B
330
17
100
AcDbEntity
  8
LINES
100
AcDbLine
 10
135.21
 20
99.79
 30
0.0
 11
135.21
 21
96.91
 31
0.0
  0
LINE
  5
D7C
330
17
100
AcDbEntity
  8
LINES
100
AcDbLine
 10
135.79
 20
95.62
 30
0.0
 11
135.79
 21
93.74
 31
0.0
  0
LINE
  5
D7D
330
17
100
AcDbEntity
  8
LINES
100
AcDbLine
 10
132.33
 20
92.02
 30
0.0
 11
133.34
 21
94.32
 31
0.0
  0
LINE
  5
D7E
330
17
100
AcDbEntity
  8
LINES
100
AcDbLine
 10
134.49
 20
93.46
 30
0.0
 11
135.93
 21
93.74
 31
0.0
  0
LINE
  5
D7F
330
17
100
AcDbEntity
  8
LINES
100
AcDbLine
 10
134.49
 20
95.04
 30
0.0
 11
135.79
 21
95.33
 31
0.0
  0
LINE
  5
D80
330
17
100
AcDbEntity
  8
LINES
100
AcDbLine
 10
134.49
 20
95.62
 30
0.0
 11
134.49
 21
92.88
 31
0.0
  0
LINE
  5
D81
330
17
100
AcDbEntity
  8
LINES
100
AcDbLine
 10
134.2
 20
96.77
 30
0.0
 11
136.07
 21
96.91
 31
0.0
  0
LINE
  5
D82
330
17
100
AcDbEntity
  8
LINES
100
AcDbLine
 10
134.35
 20
98.21
 30
0.0
 11
136.07
 21
98.35
 31
0.0
  0
LINE
  5
D83
330
17
100
AcDbEntity
  8
LINES
100
AcDbLine
 10
133.77
 20
100.22
 30
0.0
 11
136.51
 21
100.51
 31
0.0
  0
LINE
  5
D84
330
17
100
AcDbEntity
  8
LINES
100
AcDbLine
 10
132.19
 20
100.8
 30
0.0
 11
132.91
 21
98.93
 31
0.0
  0
LINE
  5
D85
330
17
100
AcDbEntity
  8
LINES
100
AcDbLine
 10
132.62
 20
97.63
 30
0.0
 11
132.47
 21
92.16
 31
0.0
  0
LINE
  5
D86
330
17
100
AcDbEntity
  8
LINES
100
AcDbLine
 10
131.32
 20
96.91
 30
0.0
 11
132.62
 21
97.34
 31
0.0
  0
LINE
  5
D87
330
17
100
AcDbEntity
  8
LINES
100
AcDbLine
 10
140.39
 20
101.38
 30
0.0
 11
140.83
 21
99.5
 31
0.0
  0
LINE
  5
D88
330
17
100
AcDbEntity
  8
LINES
100
AcDbLine
 10
139.1
 20
98.78
 30
0.0
 11
142.84
 21
99.36
 31
0.0
  0
LINE
  5
D89
330
17
100
AcDbEntity
  8
LINES
100
AcDbLine
 10
140.11
 20
98.78
 30
0.0
 11
140.11
 21
95.18
 31
0.0
  0
LINE
  5
D8A
330
17
100
AcDbEntity
  8
LINES
100
AcDbLine
 10
140.11
 20
95.62
 30
0.0
 11
141.55
 21
95.76
 31
0.0
  0
LINE
  5
D8B
330
17
100
AcDbEntity
  8
LINES
100
AcDbLine
 10
141.4
 20
95.76
 30
0.0
 11
141.55
 21
98.93
 31
0.0
  0
LINE
  5
D8C
330
17
100
AcDbEntity
  8
LINES
100
AcDbLine
 10
139.82
 20
94.32
 30
0.0
 11
141.69
 21
94.75
 31
0.0
  0
LINE
  5
D8D
330
17
100
AcDbEntity
  8
LINES
100
AcDbLine
 10
140.68
 20
92.3
 30
0.0
 11
138.38
 21
90.43
 31
0.0
  0
LINE
  5
D8E
330
17
100
AcDbEntity
  8
LINES
100
AcDbLine
 10
139.1
 20
96.91
 30
0.0
 11
142.84
 21
97.34
 31
0.0
  0
LINE
  5
D8F
330
17
100
AcDbEntity
  8
LINES
100
AcDbLine
 10
151.34
 20
90.86
 30
0.0
 11
151.34
 21
102.24
 31
0.0
  0
LINE
  5
D90
330
17
100
AcDbEntity
  8
LINES
100
AcDbLine
 10
156.09
 20
94.61
 30
0.0
 11
160.41
 21
94.61
 31
0.0
  0
LINE
  5
D91
330
17
100
AcDbEntity
  8
LINES
100
AcDbLine
 10
175.1
 20
97.2
 30
0.0
 11
173.8
 21
96.91
 31
0.0
  0
LINE
  5
D92
330
17
100
AcDbEntity
  8
LINES
100
AcDbLine
 10
175.1
 20
92.74
 30
0.0
 11
175.1
 21
97.63
 31
0.0
  0
LINE
  5
D93
330
17
100
AcDbEntity
  8
LINES
100
AcDbLine
 10
175.96
 20
94.18
 30
0.0
 11
174.67
 21
91.73
 31
0.0
  0
LINE
  5
D94
330
17
100
AcDbEntity
  8
LINES
100
AcDbLine
 10
174.52
 20
100.51
 30
0.0
 11
175.39
 21
98.93
 31
0.0
  0
LINE
  5
D95
330
17
100
AcDbEntity
  8
LINES
100
AcDbLine
 10
176.11
 20
96.05
 30
0.0
 11
178.12
 21
96.34
 31
0.0
  0
LINE
  5
D96
330
17
100
AcDbEntity
  8
LINES
100
AcDbLine
 10
178.27
 20
96.62
 30
0.0
 11
177.4
 21
93.89
 31
0.0
  0
LINE
  5
D97
330
17
100
AcDbEntity
  8
LINES
100
AcDbLine
 10
176.54
 20
100.94
 30
0.0
 11
176.54
 21
98.78
 31
0.0
  0
LINE
  5
D98
330
17
100
AcDbEntity
  8
LINES
100
AcDbLine
 10
176.54
 20
100.22
 30
0.0
 11
177.69
 21
100.51
 31
0.0
  0
LINE
  5
D99
330
17
100
AcDbEntity
  8
LINES
100
AcDbLine
 10
182.15
 20
101.09
 30
0.0
 11
181.29
 21
99.22
 31
0.0
  0
LINE
  5
D9A
330
17
100
AcDbEntity
  8
LINES
100
AcDbLine
 10
182.59
 20
95.33
 30
0.0
 11
182.59
 21
91.87
 31
0.0
  0
LINE
  5
D9B
330
17
100
AcDbEntity
  8
LINES
100
AcDbLine
 10
181.58
 20
93.46
 30
0.0
 11
183.45
 21
93.74
 31
0.0
  0
LINE
  5
D9C
330
17
100
AcDbEntity
  8
LINES
100
AcDbLine
 10
183.74
 20
91.87
 30
0.0
 11
181.29
 21
91.58
 31
0.0
  0
LINE
  5
D9D
330
17
100
AcDbEntity
  8
LINES
100
AcDbLine
 10
183.88
 20
95.76
 30
0.0
 11
183.74
 21
91.01
 31
0.0
  0
LINE
  5
D9E
330
17
100
AcDbEntity
  8
LINES
100
AcDbLine
 10
181.29
 20
95.18
 30
0.0
 11
183.88
 21
95.62
 31
0.0
  0
LINE
  5
D9F
330
17
100
AcDbEntity
  8
LINES
100
AcDbLine
 10
181.29
 20
95.62
 30
0.0
 11
181.29
 21
91.01
 31
0.0
  0
LINE
  5
DA0
330
17
100
AcDbEntity
  8
LINES
100
AcDbLine
 10
181.43
 20
99.65
 30
0.0
 11
183.74
 21
99.94
 31
0.0
  0
LINE
  5
DA1
330
17
100
AcDbEntity
  8
LINES
100
AcDbLine
 10
181.29
 20
99.22
 30
0.0
 11
180.28
 21
97.06
 31
0.0
  0
LINE
  5
DA2
330
17
100
AcDbEntity
  8
LINES
100
AcDbLine
 10
195.98
 20
101.52
 30
0.0
 11
193.67
 21
96.34
 31
0.0
  0
LINE
  5
DA3
330
17
100
AcDbEntity
  8
LINES
100
AcDbLine
 10
193.53
 20
96.19
 30
0.0
 11
197.27
 21
96.77
 31
0.0
  0
LINE
  5
DA4
330
17
100
AcDbEntity
  8
LINES
100
AcDbLine
 10
196.99
 20
91.3
 30
0.0
 11
194.25
 21
91.01
 31
0.0
  0
LINE
  5
DA5
330
17
100
AcDbEntity
  8
LINES
100
AcDbLine
 10
197.13
 20
95.04
 30
0.0
 11
196.84
 21
91.3
 31
0.0
  0
LINE
  5
DA6
330
17
100
AcDbEntity
  8
LINES
100
AcDbLine
 10
194.25
 20
94.46
 30
0.0
 11
196.99
 21
94.75
 31
0.0
  0
LINE
  5
DA7
330
17
100
AcDbEntity
  8
LINES
100
AcDbLine
 10
196.27
 20
98.93
 30
0.0
 11
197.85
 21
95.47
 31
0.0
  0
LINE
  5
DA8
330
17
100
AcDbEntity
  8
LINES
100
AcDbLine
 10
194.25
 20
95.18
 30
0.0
 11
194.25
 21
90.58
 31
0.0
  0
LINE
  5
DA9
330
17
100
AcDbEntity
  8
LINES
100
AcDbLine
 10
205.63
 20
98.21
 30
0.0
 11
209.51
 21
98.78
 31
0.0
  0
LINE
  5
DAA
330
17
100
AcDbEntity
  8
LINES
100
AcDbLine
 10
205.63
 20
99.36
 30
0.0
 11
205.63
 21
94.18
 31
0.0
  0
LINE
  5
DAB
330
17
100
AcDbEntity
  8
LINES
100
AcDbLine
 10
207.5
 20
101.52
 30
0.0
 11
207.5
 21
91.01
 31
0.0
  0
LINE
  5
DAC
330
17
100
AcDbEntity
  8
LINES
100
AcDbLine
 10
209.66
 20
98.93
 30
0.0
 11
209.37
 21
95.47
 31
0.0
  0
LINE
  5
DAD
330
17
100
AcDbEntity
  8
LINES
100
AcDbLine
 10
209.51
 20
95.47
 30
0.0
 11
205.63
 21
94.9
 31
0.0
  0
LINE
  5
DAE
330
17
100
AcDbEntity
  8
LINES
100
AcDbLine
 10
215.13
 20
95.62
 30
0.0
 11
216.28
 21
93.02
 31
0.0
  0
LINE
  5
DAF
330
17
100
AcDbEntity
  8
LINES
100
AcDbLine
 10
213.83
 20
95.76
 30
0.0
 11
212.68
 21
92.74
 31
0.0
  0
LINE
  5
DB0
330
17
100
AcDbEntity
  8
LINES
100
AcDbLine
 10
214.7
 20
91.01
 30
0.0
 11
213.55
 21
92.45
 31
0.0
  0
LINE
  5
DB1
330
17
100
AcDbEntity
  8
LINES
100
AcDbLine
 10
212.97
 20
97.06
 30
0.0
 11
216.28
 21
97.63
 31
0.0
  0
LINE
  5
DB2
330
17
100
AcDbEntity
  8
LINES
100
AcDbLine
 10
213.55
 20
99.79
 30
0.0
 11
215.42
 21
100.22
 31
0.0
  0
LINE
  5
DB3
330
17
100
AcDbEntity
  8
LINES
100
AcDbLine
 10
212.25
 20
97.63
 30
0.0
 11
212.68
 21
96.19
 31
0.0
  0
LINE
  5
DB4
330
17
100
AcDbEntity
  8
LINES
100
AcDbLine
 10
212.25
 20
97.63
 30
0.0
 11
210.95
 21
94.18
 31
0.0
  0
LINE
  5
DB5
330
17
100
AcDbEntity
  8
LINES
100
AcDbLine
 10
212.25
 20
101.23
 30
0.0
 11
212.25
 21
91.01
 31
0.0
  0
LINE
  5
DB6
330
17
100
AcDbEntity
  8
LINES
100
AcDbLine
 10
212.83
 20
98.5
 30
0.0
 11
211.1
 21
98.06
 31
0.0
  0
LINE
  5
DB7
330
17
100
AcDbEntity
  8
LINES
100
AcDbLine
 10
214.7
 20
91.01
 30
0.0
 11
214.7
 21
97.49
 31
0.0
  0
LINE
  5
DB8
330
17
100
AcDbEntity
  8
LINES
100
AcDbLine
 10
218.01
 20
99.65
 30
0.0
 11
222.33
 21
100.08
 31
0.0
  0
LINE
  5
DB9
330
17
100
AcDbEntity
  8
LINES
100
AcDbLine
 10
228.09
 20
100.08
 30
0.0
 11
227.51
 21
98.21
 31
0.0
  0
LINE
  5
DBA
330
17
100
AcDbEntity
  8
LINES
100
AcDbLine
 10
224.06
 20
100.08
 30
0.0
 11
223.77
 21
97.63
 31
0.0
  0
LINE
  5
DBB
330
17
100
AcDbEntity
  8
LINES
100
AcDbLine
 10
224.06
 20
99.36
 30
0.0
 11
228.09
 21
99.79
 31
0.0
  0
LINE
  5
DBC
330
17
100
AcDbEntity
  8
LINES
100
AcDbLine
 10
225.35
 20
101.38
 30
0.0
 11
225.93
 21
100.37
 31
0.0
  0
LINE
  5
DBD
330
17
100
AcDbEntity
  8
LINES
100
AcDbLine
 10
224.49
 20
97.63
 30
0.0
 11
227.08
 21
98.06
 31
0.0
  0
LINE
  5
DBE
330
17
100
AcDbEntity
  8
LINES
100
AcDbLine
 10
226.07
 20
97.78
 30
0.0
 11
223.77
 21
95.33
 31
0.0
  0
LINE
  5
DBF
330
17
100
AcDbEntity
  8
LINES
100
AcDbLine
 10
225.35
 20
96.91
 30
0.0
 11
226.07
 21
95.47
 31
0.0
  0
LINE
  5
DC0
330
17
100
AcDbEntity
  8
LINES
100
AcDbLine
 10
225.79
 20
95.9
 30
0.0
 11
223.77
 21
93.74
 31
0.0
  0
LINE
  5
DC1
330
17
100
AcDbEntity
  8
LINES
100
AcDbLine
 10
226.07
 20
95.04
 30
0.0
 11
227.37
 21
96.91
 31
0.0
  0
LINE
  5
DC2
330
17
100
AcDbEntity
  8
LINES
100
AcDbLine
 10
229.82
 20
95.47
 30
0.0
 11
229.67
 21
95.47
 31
0.0
  0
LINE
  5
DC3
330
17
100
AcDbEntity
  8
LINES
100
AcDbLine
 10
229.82
 20
92.74
 30
0.0
 11
229.67
 21
92.74
 31
0.0
  0
LINE
  5
DC4
330
17
100
AcDbEntity
  8
LINES
100
AcDbLine
 10
235.87
 20
100.22
 30
0.0
 11
235.87
 21
91.73
 31
0.0
  0
LINE
  5
DC5
330
17
100
AcDbEntity
  8
LINES
100
AcDbLine
 10
235.87
 20
92.74
 30
0.0
 11
239.61
 21
93.02
 31
0.0
  0
LINE
  5
DC6
330
17
100
AcDbEntity
  8
LINES
100
AcDbLine
 10
239.61
 20
92.16
 30
0.0
 11
239.9
 21
100.51
 31
0.0
  0
LINE
  5
DC7
330
17
100
AcDbEntity
  8
LINES
100
AcDbLine
 10
239.75
 20
99.94
 30
0.0
 11
235.87
 21
99.5
 31
0.0
  0
LINE
  5
DC8
330
17
100
AcDbEntity
  8
LINES
100
AcDbLine
 10
243.21
 20
95.04
 30
0.0
 11
243.21
 21
96.91
 31
0.0
  0
LINE
  5
DC9
330
17
100
AcDbEntity
  8
LINES
100
AcDbLine
 10
243.21
 20
100.66
 30
0.0
 11
243.21
 21
96.91
 31
0.0
  0
LINE
  5
DCA
330
17
100
AcDbEntity
  8
LINES
100
AcDbLine
 10
244.65
 20
93.74
 30
0.0
 11
244.65
 21
99.5
 31
0.0
  0
LINE
  5
DCB
330
17
100
AcDbEntity
  8
LINES
100
AcDbLine
 10
246.09
 20
101.09
 30
0.0
 11
246.09
 21
91.01
 31
0.0
  0
LINE
  5
DCC
330
17
100
AcDbEntity
  8
LINES
100
AcDbLine
 10
250.7
 20
93.6
 30
0.0
 11
251.85
 21
91.87
 31
0.0
  0
LINE
  5
DCD
330
17
100
AcDbEntity
  8
LINES
100
AcDbLine
 10
249.11
 20
93.74
 30
0.0
 11
247.39
 21
91.3
 31
0.0
  0
LINE
  5
DCE
330
17
100
AcDbEntity
  8
LINES
100
AcDbLine
 10
251.13
 20
96.05
 30
0.0
 11
248.68
 21
95.76
 31
0.0
  0
LINE
  5
DCF
330
17
100
AcDbEntity
  8
LINES
100
AcDbLine
 10
250.99
 20
94.61
 30
0.0
 11
251.27
 21
96.48
 31
0.0
  0
LINE
  5
DD0
330
17
100
AcDbEntity
  8
LINES
100
AcDbLine
 10
248.68
 20
94.32
 30
0.0
 11
251.27
 21
94.61
 31
0.0
  0
LINE
  5
DD1
330
17
100
AcDbEntity
  8
LINES
100
AcDbLine
 10
248.68
 20
96.48
 30
0.0
 11
248.68
 21
93.89
 31
0.0
  0
LINE
  5
DD2
330
17
100
AcDbEntity
  8
LINES
100
AcDbLine
 10
249.83
 20
98.21
 30
0.0
 11
249.98
 21
97.06
 31
0.0
  0
LINE
  5
DD3
330
17
100
AcDbEntity
  8
LINES
100
AcDbLine
 10
247.39
 20
96.77
 30
0.0
 11
252.28
 21
97.2
 31
0.0
  0
LINE
  5
DD4
330
17
100
AcDbEntity
  8
LINES
100
AcDbLine
 10
248.68
 20
101.23
 30
0.0
 11
248.68
 21
97.78
 31
0.0
  0
LINE
  5
DD5
330
17
100
AcDbEntity
  8
LINES
100
AcDbLine
 10
248.68
 20
100.51
 30
0.0
 11
251.42
 21
100.8
 31
0.0
  0
LINE
  5
DD6
330
17
100
AcDbEntity
  8
LINES
100
AcDbLine
 10
251.42
 20
100.94
 30
0.0
 11
251.27
 21
98.5
 31
0.0
  0
LINE
  5
DD7
330
17
100
AcDbEntity
  8
LINES
100
AcDbLine
 10
251.42
 20
98.5
 30
0.0
 11
248.68
 21
98.21
 31
0.0
  0
LINE
  5
DD8
330
17
100
AcDbEntity
  8
LINES
100
AcDbLine
 10
248.68
 20
99.36
 30
0.0
 11
250.99
 21
99.65
 31
0.0
  0
LINE
  5
DD9
330
17
100
AcDbEntity
  8
LINES
100
AcDbLine
 10
257.75
 20
91.73
 30
0.0
 11
256.03
 21
91.44
 31
0.0
  0
LINE
  5
DDA
330
17
100
AcDbEntity
  8
LINES
100
AcDbLine
 10
257.75
 20
94.32
 30
0.0
 11
257.61
 21
91.73
 31
0.0
  0
LINE
  5
DDB
330
17
100
AcDbEntity
  8
LINES
100
AcDbLine
 10
256.03
 20
93.74
 30
0.0
 11
257.75
 21
94.03
 31
0.0
  0
LINE
  5
DDC
330
17
100
AcDbEntity
  8
LINES
100
AcDbLine
 10
256.03
 20
94.32
 30
0.0
 11
256.03
 21
91.15
 31
0.0
  0
LINE
  5
DDD
330
17
100
AcDbEntity
  8
LINES
100
AcDbLine
 10
253.72
 20
97.63
 30
0.0
 11
255.02
 21
97.92
 31
0.0
  0
LINE
  5
DDE
330
17
100
AcDbEntity
  8
LINES
100
AcDbLine
 10
253.72
 20
95.62
 30
0.0
 11
254.59
 21
95.9
 31
0.0
  0
LINE
  5
DDF
330
17
100
AcDbEntity
  8
LINES
100
AcDbLine
 10
254.87
 20
93.74
 30
0.0
 11
253.72
 21
93.6
 31
0.0
  0
LINE
  5
DE0
330
17
100
AcDbEntity
  8
LINES
100
AcDbLine
 10
255.02
 20
98.21
 30
0.0
 11
254.87
 21
93.17
 31
0.0
  0
LINE
  5
DE1
330
17
100
AcDbEntity
  8
LINES
100
AcDbLine
 10
253.72
 20
98.93
 30
0.0
 11
253.72
 21
92.88
 31
0.0
  0
LINE
  5
DE2
330
17
100
AcDbEntity
  8
LINES
100
AcDbLine
 10
253.87
 20
97.78
 30
0.0
 11
254.3
 21
100.66
 31
0.0
  0
LINE
  5
DE3
330
17
100
AcDbEntity
  8
LINES
100
AcDbLine
 10
255.88
 20
98.21
 30
0.0
 11
258.04
 21
98.5
 31
0.0
  0
LINE
  5
DE4
330
17
100
AcDbEntity
  8
LINES
100
AcDbLine
 10
256.89
 20
101.09
 30
0.0
 11
256.89
 21
95.62
 31
0.0
  0
LINE
  5
DE5
330
17
100
AcDbEntity
  8
LINES
100
AcDbLine
 10
255.16
 20
95.18
 30
0.0
 11
258.62
 21
95.76
 31
0.0
  0
LINE
  5
DE6
330
17
100
AcDbEntity
  8
LINES
100
AcDbLine
 10
261.5
 20
101.09
 30
0.0
 11
259.77
 21
99.07
 31
0.0
  0
LINE
  5
DE7
330
17
100
AcDbEntity
  8
LINES
100
AcDbLine
 10
259.48
 20
97.49
 30
0.0
 11
261.64
 21
97.92
 31
0.0
  0
LINE
  5
DE8
330
17
100
AcDbEntity
  8
LINES
100
AcDbLine
 10
260.78
 20
100.08
 30
0.0
 11
260.78
 21
91.15
 31
0.0
  0
LINE
  5
DE9
330
17
100
AcDbEntity
  8
LINES
100
AcDbLine
 10
260.78
 20
97.06
 30
0.0
 11
261.64
 21
95.76
 31
0.0
  0
LINE
  5
DEA
330
17
100
AcDbEntity
  8
LINES
100
AcDbLine
 10
263.23
 20
101.52
 30
0.0
 11
263.23
 21
91.01
 31
0.0
  0
LINE
  5
DEB
330
17
100
AcDbEntity
  8
LINES
100
AcDbLine
 10
262.22
 20
100.08
 30
0.0
 11
262.65
 21
98.78
 31
0.0
  0
LINE
  5
DEC
330
17
100
AcDbEntity
  8
LINES
100
AcDbLine
 10
262.07
 20
97.63
 30
0.0
 11
262.65
 21
96.34
 31
0.0
  0
LINE
  5
DED
330
17
100
AcDbEntity
  8
LINES
100
AcDbLine
 10
261.35
 20
94.75
 30
0.0
 11
264.52
 21
95.33
 31
0.0
  0
LINE
  5
DEE
330
17
100
AcDbEntity
  8
LINES
100
AcDbLine
 10
265.53
 20
97.63
 30
0.0
 11
267.55
 21
98.06
 31
0.0
  0
LINE
  5
DEF
330
17
100
AcDbEntity
  8
LINES
100
AcDbLine
 10
265.24
 20
94.46
 30
0.0
 11
267.55
 21
96.48
 31
0.0
  0
LINE
  5
DF0
330
17
100
AcDbEntity
  8
LINES
100
AcDbLine
 10
267.69
 20
97.92
 30
0.0
 11
270.28
 21
98.5
 31
0.0
  0
LINE
  5
DF1
330
17
100
AcDbEntity
  8
LINES
100
AcDbLine
 10
268.84
 20
101.38
 30
0.0
 11
268.84
 21
96.34
 31
0.0
  0
LINE
  5
DF2
330
17
100
AcDbEntity
  8
LINES
100
AcDbLine
 10
267.83
 20
96.19
 30
0.0
 11
269.71
 21
96.62
 31
0.0
  0
LINE
  5
DF3
330
17
100
AcDbEntity
  8
LINES
100
AcDbLine
 10
271.87
 20
98.78
 30
0.0
 11
276.76
 21
99.5
 31
0.0
  0
LINE
  5
DF4
330
17
100
AcDbEntity
  8
LINES
100
AcDbLine
 10
273.45
 20
97.63
 30
0.0
 11
273.45
 21
90.86
 31
0.0
  0
LINE
  5
DF5
330
17
100
AcDbEntity
  8
LINES
100
AcDbLine
 10
273.45
 20
97.2
 30
0.0
 11
275.61
 21
97.63
 31
0.0
  0
LINE
  5
DF6
330
17
100
AcDbEntity
  8
LINES
100
AcDbLine
 10
273.45
 20
95.62
 30
0.0
 11
275.18
 21
95.9
 31
0.0
  0
LINE
  5
DF7
330
17
100
AcDbEntity
  8
LINES
100
AcDbLine
 10
275.18
 20
94.03
 30
0.0
 11
273.45
 21
93.74
 31
0.0
  0
LINE
  5
DF8
330
17
100
AcDbEntity
  8
LINES
100
AcDbLine
 10
278.92
 20
100.94
 30
0.0
 11
278.63
 21
98.21
 31
0.0
  0
LINE
  5
DF9
330
17
100
AcDbEntity
  8
LINES
100
AcDbLine
 10
277.91
 20
101.38
 30
0.0
 11
277.91
 21
91.15
 31
0.0
  0
LINE
  5
DFA
330
17
100
AcDbEntity
  8
LINES
100
AcDbLine
 10
277.91
 20
100.37
 30
0.0
 11
278.92
 21
100.66
 31
0.0
  0
LINE
  5
DFB
330
17
100
AcDbEntity
  8
LINES
100
AcDbLine
 10
279.79
 20
100.37
 30
0.0
 11
281.51
 21
100.8
 31
0.0
  0
LINE
  5
DFC
330
17
100
AcDbEntity
  8
LINES
100
AcDbLine
 10
281.66
 20
96.48
 30
0.0
 11
280.65
 21
95.04
 31
0.0
  0
LINE
  5
DFD
330
17
100
AcDbEntity
  8
LINES
100
AcDbLine
 10
279.79
 20
98.93
 30
0.0
 11
280.94
 21
99.07
 31
0.0
  0
LINE
  5
DFE
330
17
100
AcDbEntity
  8
LINES
100
AcDbLine
 10
284.97
 20
95.9
 30
0.0
 11
287.27
 21
96.19
 31
0.0
  0
LINE
  5
DFF
330
17
100
AcDbEntity
  8
LINES
100
AcDbLine
 10
286.41
 20
93.02
 30
0.0
 11
287.71
 21
91.01
 31
0.0
  0
LINE
  5
E00
330
17
100
AcDbEntity
  8
LINES
100
AcDbLine
 10
284.97
 20
96.34
 30
0.0
 11
284.97
 21
93.02
 31
0.0
  0
LINE
  5
E01
330
17
100
AcDbEntity
  8
LINES
100
AcDbLine
 10
287.42
 20
96.34
 30
0.0
 11
287.27
 21
93.02
 31
0.0
  0
LINE
  5
E02
330
17
100
AcDbEntity
  8
LINES
100
AcDbLine
 10
284.54
 20
99.65
 30
0.0
 11
287.99
 21
100.08
 31
0.0
  0
LINE
  5
E03
330
17
100
AcDbEntity
  8
LINES
100
AcDbLine
 10
287.71
 20
98.78
 30
0.0
 11
284.97
 21
98.5
 31
0.0
  0
LINE
  5
E04
330
17
100
AcDbEntity
  8
LINES
100
AcDbLine
 10
283.67
 20
96.91
 30
0.0
 11
288.57
 21
97.49
 31
0.0
  0
LINE
  5
E05
330
17
100
AcDbEntity
  8
LINES
100
AcDbLine
 10
286.12
 20
97.34
 30
0.0
 11
286.12
 21
101.52
 31
0.0
  0
LINE
  5
E06
330
17
100
AcDbEntity
  8
LINES
100
AcDbLine
 10
290.59
 20
99.07
 30
0.0
 11
290.59
 21
90.86
 31
0.0
  0
LINE
  5
E07
330
17
100
AcDbEntity
  8
LINES
100
AcDbLine
 10
291.45
 20
101.09
 30
0.0
 11
289.43
 21
96.48
 31
0.0
  0
LINE
  5
E08
330
17
100
AcDbEntity
  8
LINES
100
AcDbLine
 10
291.16
 20
95.62
 30
0.0
 11
294.91
 21
96.34
 31
0.0
  0
LINE
  5
E09
330
17
100
AcDbEntity
  8
LINES
100
AcDbLine
 10
291.31
 20
92.02
 30
0.0
 11
294.62
 21
92.45
 31
0.0
  0
LINE
  5
E0A
330
17
100
AcDbEntity
  8
LINES
100
AcDbLine
 10
293.03
 20
92.3
 30
0.0
 11
293.03
 21
99.07
 31
0.0
  0
LINE
  5
E0B
330
17
100
AcDbEntity
  8
LINES
100
AcDbLine
 10
294.04
 20
100.22
 30
0.0
 11
291.45
 21
97.78
 31
0.0
  0
LINE
  5
E0C
330
17
100
AcDbEntity
  8
LINES
100
AcDbLine
 10
297.93
 20
96.91
 30
0.0
 11
296.92
 21
91.87
 31
0.0
  0
LINE
  5
E0D
330
17
100
AcDbEntity
  8
LINES
100
AcDbLine
 10
298.51
 20
94.46
 30
0.0
 11
299.95
 21
91.58
 31
0.0
  0
LINE
  5
E0E
330
17
100
AcDbEntity
  8
LINES
100
AcDbLine
 10
296.49
 20
91.73
 30
0.0
 11
299.51
 21
92.59
 31
0.0
  0
LINE
  5
E0F
330
17
100
AcDbEntity
  8
LINES
100
AcDbLine
 10
302.25
 20
98.21
 30
0.0
 11
305.42
 21
98.64
 31
0.0
  0
LINE
  5
E10
330
17
100
AcDbEntity
  8
LINES
100
AcDbLine
 10
302.97
 20
97.06
 30
0.0
 11
302.97
 21
93.31
 31
0.0
  0
LINE
  5
E11
330
17
100
AcDbEntity
  8
LINES
100
AcDbLine
 10
302.97
 20
94.03
 30
0.0
 11
304.84
 21
94.32
 31
0.0
  0
LINE
  5
E12
330
17
100
AcDbEntity
  8
LINES
100
AcDbLine
 10
304.55
 20
94.32
 30
0.0
 11
304.84
 21
97.06
 31
0.0
  0
LINE
  5
E13
330
17
100
AcDbEntity
  8
LINES
100
AcDbLine
 10
304.84
 20
96.91
 30
0.0
 11
302.97
 21
96.62
 31
0.0
  0
LINE
  5
E14
330
17
100
AcDbEntity
  8
LINES
100
AcDbLine
 10
306.43
 20
100.94
 30
0.0
 11
302.54
 21
100.08
 31
0.0
  0
LINE
  5
E15
330
17
100
AcDbEntity
  8
LINES
100
AcDbLine
 10
314.63
 20
94.03
 30
0.0
 11
314.35
 21
94.03
 31
0.0
  0
LINE
  5
E16
330
17
100
AcDbEntity
  8
LINES
100
AcDbLine
 10
319.96
 20
94.9
 30
0.0
 11
322.12
 21
98.93
 31
0.0
  0
LINE
  5
E17
330
17
100
AcDbEntity
  8
LINES
100
AcDbLine
 10
321.4
 20
97.63
 30
0.0
 11
321.4
 21
91.15
 31
0.0
  0
LINE
  5
E18
330
17
100
AcDbEntity
  8
LINES
100
AcDbLine
 10
322.12
 20
97.49
 30
0.0
 11
325.0
 21
98.06
 31
0.0
  0
LINE
  5
E19
330
17
100
AcDbEntity
  8
LINES
100
AcDbLine
 10
322.7
 20
99.94
 30
0.0
 11
324.28
 21
100.22
 31
0.0
  0
LINE
  5
E1A
330
17
100
AcDbEntity
  8
LINES
100
AcDbLine
 10
321.83
 20
101.23
 30
0.0
 11
320.25
 21
98.21
 31
0.0
  0
LINE
  5
E1B
330
17
100
AcDbEntity
  8
LINES
100
AcDbLine
 10
327.31
 20
99.22
 30
0.0
 11
327.31
 21
93.17
 31
0.0
  0
LINE
  5
E1C
330
17
100
AcDbEntity
  8
LINES
100
AcDbLine
 10
329.03
 20
97.34
 30
0.0
 11
330.76
 21
97.63
 31
0.0
  0
LINE
  5
E1D
330
17
100
AcDbEntity
  8
LINES
100
AcDbLine
 10
326.01
 20
98.93
 30
0.0
 11
328.46
 21
99.36
 31
0.0
  0
LINE
  5
E1E
330
17
100
AcDbEntity
  8
LINES
100
AcDbLine
 10
326.44
 20
97.06
 30
0.0
 11
326.44
 21
92.45
 31
0.0
  0
LINE
  5
E1F
330
17
100
AcDbEntity
  8
LINES
100
AcDbLine
 10
325.72
 20
92.02
 30
0.0
 11
328.46
 21
93.6
 31
0.0
  0
LINE
  5
E20
330
17
100
AcDbEntity
  8
LINES
100
AcDbLine
 10
327.31
 20
96.34
 30
0.0
 11
328.31
 21
96.48
 31
0.0
  0
LINE
  5
E21
330
17
100
AcDbEntity
  8
LINES
100
AcDbLine
 10
339.69
 20
90.86
 30
0.0
 11
339.69
 21
102.24
 31
0.0
  0
LINE
  5
E22
330
17
100
AcDbEntity
  8
LINES
100
AcDbLine
 10
344.44
 20
94.61
 30
0.0
 11
348.76
 21
94.61
 31
0.0
  0
LINE
  5
E23
330
17
100
AcDbEntity
  8
LINES
100
AcDbLine
 10
363.45
 20
97.2
 30
0.0
 11
362.15
 21
96.91
 31
0.0
  0
LINE
  5
E24
330
17
100
AcDbEntity
  8
LINES
100
AcDbLine
 10
363.45
 20
92.74
 30
0.0
 11
363.45
 21
97.63
 31
0.0
  0
LINE
  5
E25
330
17
100
AcDbEntity
  8
LINES
100
AcDbLine
 10
364.31
 20
94.18
 30
0.0
 11
363.02
 21
91.73
 31
0.0
  0
LINE
  5
E26
330
17
100
AcDbEntity
  8
LINES
100
AcDbLine
 10
362.87
 20
100.51
 30
0.0
 11
363.59
 21
98.93
 31
0.0
  0
LINE
  5
E27
330
17
100
AcDbEntity
  8
LINES
100
AcDbLine
 10
364.46
 20
96.05
 30
0.0
 11
366.33
 21
96.34
 31
0.0
  0
LINE
  5
E28
330
17
100
AcDbEntity
  8
LINES
100
AcDbLine
 10
366.62
 20
96.62
 30
0.0
 11
365.75
 21
93.89
 31
0.0
  0
LINE
  5
E29
330
17
100
AcDbEntity
  8
LINES
100
AcDbLine
 10
364.89
 20
100.94
 30
0.0
 11
364.89
 21
98.78
 31
0.0
  0
LINE
  5
E2A
330
17
100
AcDbEntity
  8
LINES
100
AcDbLine
 10
364.89
 20
100.22
 30
0.0
 11
366.04
 21
100.51
 31
0.0
  0
LINE
  5
E2B
330
17
100
AcDbEntity
  8
LINES
100
AcDbLine
 10
370.51
 20
101.09
 30
0.0
 11
369.64
 21
99.22
 31
0.0
  0
LINE
  5
E2C
330
17
100
AcDbEntity
  8
LINES
100
AcDbLine
 10
370.94
 20
95.33
 30
0.0
 11
370.94
 21
91.87
 31
0.0
  0
LINE
  5
E2D
330
17
100
AcDbEntity
  8
LINES
100
AcDbLine
 10
369.93
 20
93.46
 30
0.0
 11
371.8
 21
93.74
 31
0.0
  0
LINE
  5
E2E
330
17
100
AcDbEntity
  8
LINES
100
AcDbLine
 10
372.09
 20
91.87
 30
0.0
 11
369.64
 21
91.58
 31
0.0
  0
LINE
  5
E2F
330
17
100
AcDbEntity
  8
LINES
100
AcDbLine
 10
372.23
 20
95.76
 30
0.0
 11
372.09
 21
91.01
 31
0.0
  0
LINE
  5
E30
330
17
100
AcDbEntity
  8
LINES
100
AcDbLine
 10
369.64
 20
95.18
 30
0.0
 11
372.09
 21
95.62
 31
0.0
  0
LINE
  5
E31
330
17
100
AcDbEntity
  8
LINES
100
AcDbLine
 10
369.64
 20
95.62
 30
0.0
 11
369.64
 21
91.01
 31
0.0
  0
LINE
  5
E32
330
17
100
AcDbEntity
  8
LINES
100
AcDbLine
 10
369.79
 20
99.65
 30
0.0
 11
372.09
 21
99.94
 31
0.0
  0
LINE
  5
E33
330
17
100
AcDbEntity
  8
LINES
100
AcDbLine
 10
369.64
 20
99.22
 30
0.0
 11
368.49
 21
97.06
 31
0.0
  0
LINE
  5
E34
330
17
100
AcDbEntity
  8
LINES
100
AcDbLine
 10
384.19
 20
101.52
 30
0.0
 11
382.03
 21
96.34
 31
0.0
  0
LINE
  5
E35
330
17
100
AcDbEntity
  8
LINES
100
AcDbLine
 10
381.74
 20
96.19
 30
0.0
 11
385.63
 21
96.77
 31
0.0
  0
LINE
  5
E36
330
17
100
AcDbEntity
  8
LINES
100
AcDbLine
 10
385.34
 20
91.3
 30
0.0
 11
382.6
 21
91.01
 31
0.0
  0
LINE
  5
E37
330
17
100
AcDbEntity
  8
LINES
100
AcDbLine
 10
385.34
 20
95.04
 30
0.0
 11
385.05
 21
91.3
 31
0.0
  0
LINE
  5
E38
330
17
100
AcDbEntity
  8
LINES
100
AcDbLine
 10
382.6
 20
94.46
 30
0.0
 11
385.34
 21
94.75
 31
0.0
  0
LINE
  5
E39
330
17
100
AcDbEntity
  8
LINES
100
AcDbLine
 10
384.62
 20
98.93
 30
0.0
 11
386.2
 21
95.47
 31
0.0
  0
LINE
  5
E3A
330
17
100
AcDbEntity
  8
LINES
100
AcDbLine
 10
382.6
 20
95.18
 30
0.0
 11
382.6
 21
90.58
 31
0.0
  0
LINE
  5
E3B
330
17
100
AcDbEntity
  8
LINES
100
AcDbLine
 10
393.83
 20
98.21
 30
0.0
 11
397.87
 21
98.78
 31
0.0
  0
LINE
  5
E3C
330
17
100
AcDbEntity
  8
LINES
100
AcDbLine
 10
393.83
 20
99.36
 30
0.0
 11
393.83
 21
94.18
 31
0.0
  0
LINE
  5
E3D
330
17
100
AcDbEntity
  8
LINES
100
AcDbLine
 10
395.85
 20
101.52
 30
0.0
 11
395.85
 21
91.01
 31
0.0
  0
LINE
  5
E3E
330
17
100
AcDbEntity
  8
LINES
100
AcDbLine
 10
398.01
 20
98.93
 30
0.0
 11
397.72
 21
95.47
 31
0.0
  0
LINE
  5
E3F
330
17
100
AcDbEntity
  8
LINES
100
AcDbLine
 10
397.87
 20
95.47
 30
0.0
 11
393.83
 21
94.9
 31
0.0
  0
LINE
  5
E40
330
17
100
AcDbEntity
  8
LINES
100
AcDbLine
 10
403.48
 20
95.62
 30
0.0
 11
404.63
 21
93.02
 31
0.0
  0
LINE
  5
E41
330
17
100
AcDbEntity
  8
LINES
100
AcDbLine
 10
402.19
 20
95.76
 30
0.0
 11
401.03
 21
92.74
 31
0.0
  0
LINE
  5
E42
330
17
100
AcDbEntity
  8
LINES
100
AcDbLine
 10
402.91
 20
91.01
 30
0.0
 11
401.9
 21
92.45
 31
0.0
  0
LINE
  5
E43
330
17
100
AcDbEntity
  8
LINES
100
AcDbLine
 10
401.32
 20
97.06
 30
0.0
 11
404.63
 21
97.63
 31
0.0
  0
LINE
  5
E44
330
17
100
AcDbEntity
  8
LINES
100
AcDbLine
 10
401.9
 20
99.79
 30
0.0
 11
403.77
 21
100.22
 31
0.0
  0
LINE
  5
E45
330
17
100
AcDbEntity
  8
LINES
100
AcDbLine
 10
400.46
 20
97.63
 30
0.0
 11
401.03
 21
96.19
 31
0.0
  0
LINE
  5
E46
330
17
100
AcDbEntity
  8
LINES
100
AcDbLine
 10
400.46
 20
97.63
 30
0.0
 11
399.31
 21
94.18
 31
0.0
  0
LINE
  5
E47
330
17
100
AcDbEntity
  8
LINES
100
AcDbLine
 10
400.46
 20
101.23
 30
0.0
 11
400.46
 21
91.01
 31
0.0
  0
LINE
  5
E48
330
17
100
AcDbEntity
  8
LINES
100
AcDbLine
 10
401.18
 20
98.5
 30
0.0
 11
399.31
 21
98.06
 31
0.0
  0
LINE
  5
E49
330
17
100
AcDbEntity
  8
LINES
100
AcDbLine
 10
402.91
 20
91.01
 30
0.0
 11
402.91
 21
97.49
 31
0.0
  0
LINE
  5
E4A
330
17
100
AcDbEntity
  8
LINES
100
AcDbLine
 10
406.36
 20
99.65
 30
0.0
 11
410.68
 21
100.08
 31
0.0
  0
LINE
  5
E4B
330
17
100
AcDbEntity
  8
LINES
100
AcDbLine
 10
416.44
 20
100.08
 30
0.0
 11
415.87
 21
98.21
 31
0.0
  0
LINE
  5
E4C
330
17
100
AcDbEntity
  8
LINES
100
AcDbLine
 10
412.27
 20
100.08
 30
0.0
 11
412.12
 21
97.63
 31
0.0
  0
LINE
  5
E4D
330
17
100
AcDbEntity
  8
LINES
100
AcDbLine
 10
412.27
 20
99.36
 30
0.0
 11
416.44
 21
99.79
 31
0.0
  0
LINE
  5
E4E
330
17
100
AcDbEntity
  8
LINES
100
AcDbLine
 10
413.71
 20
101.38
 30
0.0
 11
414.28
 21
100.37
 31
0.0
  0
LINE
  5
E4F
330
17
100
AcDbEntity
  8
LINES
100
AcDbLine
 10
412.84
 20
97.63
 30
0.0
 11
415.29
 21
98.06
 31
0.0
  0
LINE
  5
E50
330
17
100
AcDbEntity
  8
LINES
100
AcDbLine
 10
414.43
 20
97.78
 30
0.0
 11
412.12
 21
95.33
 31
0.0
  0
LINE
  5
E51
330
17
100
AcDbEntity
  8
LINES
100
AcDbLine
 10
413.71
 20
96.91
 30
0.0
 11
414.43
 21
95.47
 31
0.0
  0
LINE
  5
E52
330
17
100
AcDbEntity
  8
LINES
100
AcDbLine
 10
414.14
 20
95.9
 30
0.0
 11
411.98
 21
93.74
 31
0.0
  0
LINE
  5
E53
330
17
100
AcDbEntity
  8
LINES
100
AcDbLine
 10
414.43
 20
95.04
 30
0.0
 11
415.72
 21
96.91
 31
0.0
  0
LINE
  5
E54
330
17
100
AcDbEntity
  8
LINES
100
AcDbLine
 10
418.17
 20
95.47
 30
0.0
 11
418.03
 21
95.47
 31
0.0
  0
LINE
  5
E55
330
17
100
AcDbEntity
  8
LINES
100
AcDbLine
 10
418.17
 20
92.74
 30
0.0
 11
418.03
 21
92.74
 31
0.0
  0
LINE
  5
E56
330
17
100
AcDbEntity
  8
LINES
100
AcDbLine
 10
427.96
 20
95.62
 30
0.0
 11
427.1
 21
95.47
 31
0.0
  0
LINE
  5
E57
330
17
100
AcDbEntity
  8
LINES
100
AcDbLine
 10
427.1
 20
97.63
 30
0.0
 11
427.96
 21
97.63
 31
0.0
  0
LINE
  5
E58
330
17
100
AcDbEntity
  8
LINES
100
AcDbLine
 10
427.1
 20
99.65
 30
0.0
 11
428.25
 21
99.79
 31
0.0
  0
LINE
  5
E59
330
17
100
AcDbEntity
  8
LINES
100
AcDbLine
 10
426.38
 20
96.05
 30
0.0
 11
425.51
 21
95.9
 31
0.0
  0
LINE
  5
E5A
330
17
100
AcDbEntity
  8
LINES
100
AcDbLine
 10
426.23
 20
93.89
 30
0.0
 11
426.52
 21
96.34
 31
0.0
  0
LINE
  5
E5B
330
17
100
AcDbEntity
  8
LINES
100
AcDbLine
 10
425.51
 20
93.74
 30
0.0
 11
426.38
 21
93.89
 31
0.0
  0
LINE
  5
E5C
330
17
100
AcDbEntity
  8
LINES
100
AcDbLine
 10
425.51
 20
96.34
 30
0.0
 11
425.51
 21
93.02
 31
0.0
  0
LINE
  5
E5D
330
17
100
AcDbEntity
  8
LINES
100
AcDbLine
 10
425.23
 20
98.06
 30
0.0
 11
426.81
 21
98.21
 31
0.0
  0
LINE
  5
E5E
330
17
100
AcDbEntity
  8
LINES
100
AcDbLine
 10
424.22
 20
100.94
 30
0.0
 11
424.94
 21
99.5
 31
0.0
  0
LINE
  5
E5F
330
17
100
AcDbEntity
  8
LINES
100
AcDbLine
 10
423.5
 20
97.92
 30
0.0
 11
424.36
 21
96.48
 31
0.0
  0
LINE
  5
E60
330
17
100
AcDbEntity
  8
LINES
100
AcDbLine
 10
424.07
 20
92.02
 30
0.0
 11
424.79
 21
97.63
 31
0.0
  0
LINE
  5
E61
330
17
100
AcDbEntity
  8
LINES
100
AcDbLine
 10
427.1
 20
100.37
 30
0.0
 11
427.1
 21
96.19
 31
0.0
  0
LINE
  5
E62
330
17
100
AcDbEntity
  8
LINES
100
AcDbLine
 10
428.25
 20
100.37
 30
0.0
 11
428.25
 21
92.02
 31
0.0
  0
LINE
  5
E63
330
17
100
AcDbEntity
  8
LINES
100
AcDbLine
 10
426.09
 20
101.52
 30
0.0
 11
426.09
 21
96.05
 31
0.0
  0
LINE
  5
E64
330
17
100
AcDbEntity
  8
LINES
100
AcDbLine
 10
423.5
 20
93.46
 30
0.0
 11
424.07
 21
92.3
 31
0.0
  0
LINE
  5
E65
330
17
100
AcDbEntity
  8
LINES
100
AcDbLine
 10
432.14
 20
95.04
 30
0.0
 11
431.99
 21
91.01
 31
0.0
  0
LINE
  5
E66
330
17
100
AcDbEntity
  8
LINES
100
AcDbLine
 10
430.7
 20
93.46
 30
0.0
 11
433.43
 21
93.74
 31
0.0
  0
LINE
  5
E67
330
17
100
AcDbEntity
  8
LINES
100
AcDbLine
 10
430.84
 20
95.04
 30
0.0
 11
433.43
 21
95.18
 31
0.0
  0
LINE
  5
E68
330
17
100
AcDbEntity
  8
LINES
100
AcDbLine
 10
432.86
 20
97.34
 30
0.0
 11
432.57
 21
95.33
 31
0.0
  0
LINE
  5
E69
330
17
100
AcDbEntity
  8
LINES
100
AcDbLine
 10
431.42
 20
97.2
 30
0.0
 11
431.85
 21
95.04
 31
0.0
  0
LINE
  5
E6A
330
17
100
AcDbEntity
  8
LINES
100
AcDbLine
 10
430.27
 20
97.06
 30
0.0
 11
434.01
 21
97.63
 31
0.0
  0
LINE
  5
E6B
330
17
100
AcDbEntity
  8
LINES
100
AcDbLine
 10
430.27
 20
97.92
 30
0.0
 11
430.27
 21
90.72
 31
0.0
  0
LINE
  5
E6C
330
17
100
AcDbEntity
  8
LINES
100
AcDbLine
 10
432.28
 20
101.52
 30
0.0
 11
432.14
 21
97.34
 31
0.0
  0
LINE
  5
E6D
330
17
100
AcDbEntity
  8
LINES
100
AcDbLine
 10
429.83
 20
98.93
 30
0.0
 11
434.44
 21
99.65
 31
0.0
  0
LINE
  5
E6E
330
17
100
AcDbEntity
  8
LINES
100
AcDbLine
 10
436.75
 20
95.04
 30
0.0
 11
439.91
 21
95.62
 31
0.0
  0
LINE
  5
E6F
330
17
100
AcDbEntity
  8
LINES
100
AcDbLine
 10
436.89
 20
96.62
 30
0.0
 11
435.88
 21
93.31
 31
0.0
  0
LINE
  5
E70
330
17
100
AcDbEntity
  8
LINES
100
AcDbLine
 10
437.03
 20
100.66
 30
0.0
 11
437.03
 21
97.2
 31
0.0
  0
LINE
  5
E71
330
17
100
AcDbEntity
  8
LINES
100
AcDbLine
 10
437.03
 20
100.8
 30
0.0
 11
437.03
 21
97.06
 31
0.0
  0
LINE
  5
E72
330
17
100
AcDbEntity
  8
LINES
100
AcDbLine
 10
438.19
 20
97.2
 30
0.0
 11
438.33
 21
91.73
 31
0.0
  0
LINE
  5
E73
330
17
100
AcDbEntity
  8
LINES
100
AcDbLine
 10
439.63
 20
93.74
 30
0.0
 11
437.03
 21
93.31
 31
0.0
  0
LINE
  5
E74
330
17
100
AcDbEntity
  8
LINES
100
AcDbLine
 10
435.74
 20
91.44
 30
0.0
 11
440.63
 21
91.87
 31
0.0
  0
LINE
  5
E75
330
17
100
AcDbEntity
  8
LINES
100
AcDbLine
 10
437.03
 20
97.34
 30
0.0
 11
439.48
 21
97.63
 31
0.0
  0
LINE
  5
E76
330
17
100
AcDbEntity
  8
LINES
100
AcDbLine
 10
439.48
 20
97.63
 30
0.0
 11
439.63
 21
100.94
 31
0.0
  0
LINE
  5
E77
330
17
100
AcDbEntity
  8
LINES
100
AcDbLine
 10
439.63
 20
100.66
 30
0.0
 11
437.03
 21
100.22
 31
0.0
  0
LINE
  5
E78
330
17
100
AcDbEntity
  8
LINES
100
AcDbLine
 10
437.03
 20
98.78
 30
0.0
 11
438.91
 21
98.93
 31
0.0
  0
LINE
  5
E79
330
17
100
AcDbEntity
  8
LINES
100
AcDbLine
 10
445.1
 20
98.5
 30
0.0
 11
445.1
 21
93.17
 31
0.0
  0
LINE
  5
E7A
330
17
100
AcDbEntity
  8
LINES
100
AcDbLine
 10
444.38
 20
95.18
 30
0.0
 11
445.82
 21
95.47
 31
0.0
  0
LINE
  5
E7B
330
17
100
AcDbEntity
  8
LINES
100
AcDbLine
 10
444.38
 20
96.77
 30
0.0
 11
445.67
 21
96.91
 31
0.0
  0
LINE
  5
E7C
330
17
100
AcDbEntity
  8
LINES
100
AcDbLine
 10
444.67
 20
99.65
 30
0.0
 11
445.24
 21
98.64
 31
0.0
  0
LINE
  5
E7D
330
17
100
AcDbEntity
  8
LINES
100
AcDbLine
 10
443.95
 20
98.21
 30
0.0
 11
446.39
 21
98.78
 31
0.0
  0
LINE
  5
E7E
330
17
100
AcDbEntity
  8
LINES
100
AcDbLine
 10
443.95
 20
98.93
 30
0.0
 11
443.95
 21
93.31
 31
0.0
  0
LINE
  5
E7F
330
17
100
AcDbEntity
  8
LINES
100
AcDbLine
 10
441.64
 20
96.62
 30
0.0
 11
443.37
 21
97.06
 31
0.0
  0
LINE
  5
E80
330
17
100
AcDbEntity
  8
LINES
100
AcDbLine
 10
442.51
 20
100.37
 30
0.0
 11
443.08
 21
98.93
 31
0.0
  0
LINE
  5
E81
330
17
100
AcDbEntity
  8
LINES
100
AcDbLine
 10
446.11
 20
101.23
 30
0.0
 11
444.95
 21
99.22
 31
0.0
  0
LINE
  5
E82
330
17
100
AcDbEntity
  8
LINES
100
AcDbLine
 10
443.95
 20
100.51
 30
0.0
 11
445.82
 21
100.94
 31
0.0
  0
LINE
  5
E83
330
17
100
AcDbEntity
  8
LINES
100
AcDbLine
 10
446.39
 20
91.15
 30
0.0
 11
446.97
 21
91.58
 31
0.0
  0
LINE
  5
E84
330
17
100
AcDbEntity
  8
LINES
100
AcDbLine
 10
448.41
 20
99.65
 30
0.0
 11
448.41
 21
93.46
 31
0.0
  0
LINE
  5
E85
330
17
100
AcDbEntity
  8
LINES
100
AcDbLine
 10
448.41
 20
98.5
 30
0.0
 11
452.01
 21
98.93
 31
0.0
  0
LINE
  5
E86
330
17
100
AcDbEntity
  8
LINES
100
AcDbLine
 10
452.15
 20
99.36
 30
0.0
 11
451.58
 21
94.9
 31
0.0
  0
LINE
  5
E87
330
17
100
AcDbEntity
  8
LINES
100
AcDbLine
 10
451.87
 20
94.9
 30
0.0
 11
448.41
 21
94.32
 31
0.0
  0
LINE
  5
E88
330
17
100
AcDbEntity
  8
LINES
100
AcDbLine
 10
448.99
 20
96.62
 30
0.0
 11
451.15
 21
96.91
 31
0.0
  0
LINE
  5
E89
330
17
100
AcDbEntity
  8
LINES
100
AcDbLine
 10
454.31
 20
97.34
 30
0.0
 11
458.49
 21
98.06
 31
0.0
  0
LINE
  5
E8A
330
17
100
AcDbEntity
  8
LINES
100
AcDbLine
 10
462.09
 20
91.73
 30
0.0
 11
463.96
 21
91.87
 31
0.0
  0
LINE
  5
E8B
330
17
100
AcDbEntity
  8
LINES
100
AcDbLine
 10
464.11
 20
94.75
 30
0.0
 11
463.82
 21
91.87
 31
0.0
  0
LINE
  5
E8C
330
17
100
AcDbEntity
  8
LINES
100
AcDbLine
 10
462.09
 20
94.61
 30
0.0
 11
462.09
 21
91.01
 31
0.0
  0
LINE
  5
E8D
330
17
100
AcDbEntity
  8
LINES
100
AcDbLine
 10
461.23
 20
98.64
 30
0.0
 11
464.97
 21
99.07
 31
0.0
  0
LINE
  5
E8E
330
17
100
AcDbEntity
  8
LINES
100
AcDbLine
 10
462.81
 20
101.52
 30
0.0
 11
463.53
 21
99.5
 31
0.0
  0
LINE
  5
E8F
330
17
100
AcDbEntity
  8
LINES
100
AcDbLine
 10
461.51
 20
101.52
 30
0.0
 11
459.5
 21
96.05
 31
0.0
  0
LINE
  5
E90
330
17
100
AcDbEntity
  8
LINES
100
AcDbLine
 10
460.79
 20
99.22
 30
0.0
 11
460.79
 21
91.01
 31
0.0
  0
LINE
  5
E91
330
17
100
AcDbEntity
  8
LINES
100
AcDbLine
 10
462.09
 20
97.2
 30
0.0
 11
464.25
 21
97.63
 31
0.0
  0
LINE
  5
E92
330
17
100
AcDbEntity
  8
LINES
100
AcDbLine
 10
464.25
 20
95.9
 30
0.0
 11
461.95
 21
95.62
 31
0.0
  0
LINE
  5
E93
330
17
100
AcDbEntity
  8
LINES
100
AcDbLine
 10
462.09
 20
94.03
 30
0.0
 11
463.96
 21
94.32
 31
0.0
  0
LINE
  5
E94
330
17
100
AcDbEntity
  8
LINES
100
AcDbLine
 10
468.86
 20
101.38
 30
0.0
 11
468.14
 21
99.65
 31
0.0
  0
LINE
  5
E95
330
17
100
AcDbEntity
  8
LINES
100
AcDbLine
 10
467.27
 20
100.22
 30
0.0
 11
467.27
 21
95.33
 31
0.0
  0
LINE
  5
E96
330
17
100
AcDbEntity
  8
LINES
100
AcDbLine
 10
467.27
 20
95.62
 30
0.0
 11
470.01
 21
96.05
 31
0.0
  0
LINE
  5
E97
330
17
100
AcDbEntity
  8
LINES
100
AcDbLine
 10
469.72
 20
96.05
 30
0.0
 11
469.87
 21
99.94
 31
0.0
  0
LINE
  5
E98
330
17
100
AcDbEntity
  8
LINES
100
AcDbLine
 10
469.72
 20
99.65
 30
0.0
 11
467.27
 21
99.36
 31
0.0
  0
LINE
  5
E99
330
17
100
AcDbEntity
  8
LINES
100
AcDbLine
 10
467.27
 20
98.06
 30
0.0
 11
469.29
 21
98.21
 31
0.0
  0
LINE
  5
E9A
330
17
100
AcDbEntity
  8
LINES
100
AcDbLine
 10
469.29
 20
97.06
 30
0.0
 11
467.27
 21
96.91
 31
0.0
  0
LINE
  5
E9B
330
17
100
AcDbEntity
  8
LINES
100
AcDbLine
 10
466.41
 20
94.61
 30
0.0
 11
466.12
 21
91.73
 31
0.0
  0
LINE
  5
E9C
330
17
100
AcDbEntity
  8
LINES
100
AcDbLine
 10
470.15
 20
90.86
 30
0.0
 11
469.87
 21
92.59
 31
0.0
  0
LINE
  5
E9D
330
17
100
AcDbEntity
  8
LINES
100
AcDbLine
 10
468.14
 20
94.32
 30
0.0
 11
468.86
 21
93.02
 31
0.0
  0
LINE
  5
E9E
330
17
100
AcDbEntity
  8
LINES
100
AcDbLine
 10
470.01
 20
93.89
 30
0.0
 11
470.87
 21
92.45
 31
0.0
  0
LINE
  5
E9F
330
17
100
AcDbEntity
  8
LINES
100
AcDbLine
 10
468.71
 20
91.15
 30
0.0
 11
470.15
 21
90.86
 31
0.0
  0
LINE
  5
EA0
330
17
100
AcDbEntity
  8
LINES
100
AcDbLine
 10
475.34
 20
98.5
 30
0.0
 11
475.34
 21
93.17
 31
0.0
  0
LINE
  5
EA1
330
17
100
AcDbEntity
  8
LINES
100
AcDbLine
 10
474.62
 20
95.18
 30
0.0
 11
476.06
 21
95.47
 31
0.0
  0
LINE
  5
EA2
330
17
100
AcDbEntity
  8
LINES
100
AcDbLine
 10
474.62
 20
96.77
 30
0.0
 11
475.91
 21
96.91
 31
0.0
  0
LINE
  5
EA3
330
17
100
AcDbEntity
  8
LINES
100
AcDbLine
 10
474.91
 20
99.65
 30
0.0
 11
475.48
 21
98.64
 31
0.0
  0
LINE
  5
EA4
330
17
100
AcDbEntity
  8
LINES
100
AcDbLine
 10
474.19
 20
98.21
 30
0.0
 11
476.63
 21
98.78
 31
0.0
  0
LINE
  5
EA5
330
17
100
AcDbEntity
  8
LINES
100
AcDbLine
 10
474.19
 20
98.93
 30
0.0
 11
474.19
 21
93.31
 31
0.0
  0
LINE
  5
EA6
330
17
100
AcDbEntity
  8
LINES
100
AcDbLine
 10
471.88
 20
96.62
 30
0.0
 11
473.61
 21
97.06
 31
0.0
  0
LINE
  5
EA7
330
17
100
AcDbEntity
  8
LINES
100
AcDbLine
 10
472.75
 20
100.37
 30
0.0
 11
473.32
 21
98.93
 31
0.0
  0
LINE
  5
EA8
330
17
100
AcDbEntity
  8
LINES
100
AcDbLine
 10
476.35
 20
101.23
 30
0.0
 11
475.19
 21
99.22
 31
0.0
  0
LINE
  5
EA9
330
17
100
AcDbEntity
  8
LINES
100
AcDbLine
 10
474.19
 20
100.51
 30
0.0
 11
476.06
 21
100.94
 31
0.0
  0
LINE
  5
EAA
330
17
100
AcDbEntity
  8
LINES
100
AcDbLine
 10
476.63
 20
91.15
 30
0.0
 11
477.21
 21
91.58
 31
0.0
  0
LINE
  5
EAB
330
17
100
AcDbEntity
  8
LINES
100
AcDbLine
 10
480.23
 20
91.73
 30
0.0
 11
482.11
 21
91.87
 31
0.0
  0
LINE
  5
EAC
330
17
100
AcDbEntity
  8
LINES
100
AcDbLine
 10
482.25
 20
94.75
 30
0.0
 11
481.96
 21
91.87
 31
0.0
  0
LINE
  5
EAD
330
17
100
AcDbEntity
  8
LINES
100
AcDbLine
 10
480.23
 20
94.61
 30
0.0
 11
480.23
 21
91.01
 31
0.0
  0
LINE
  5
EAE
330
17
100
AcDbEntity
  8
LINES
100
AcDbLine
 10
479.37
 20
98.64
 30
0.0
 11
483.11
 21
99.07
 31
0.0
  0
LINE
  5
EAF
330
17
100
AcDbEntity
  8
LINES
100
AcDbLine
 10
480.95
 20
101.52
 30
0.0
 11
481.67
 21
99.5
 31
0.0
  0
LINE
  5
EB0
330
17
100
AcDbEntity
  8
LINES
100
AcDbLine
 10
479.66
 20
101.52
 30
0.0
 11
477.64
 21
96.05
 31
0.0
  0
LINE
  5
EB1
330
17
100
AcDbEntity
  8
LINES
100
AcDbLine
 10
478.94
 20
99.22
 30
0.0
 11
478.94
 21
91.01
 31
0.0
  0
LINE
  5
EB2
330
17
100
AcDbEntity
  8
LINES
100
AcDbLine
 10
480.09
 20
97.2
 30
0.0
 11
482.39
 21
97.63
 31
0.0
  0
LINE
  5
EB3
330
17
100
AcDbEntity
  8
LINES
100
AcDbLine
 10
482.39
 20
95.9
 30
0.0
 11
480.09
 21
95.62
 31
0.0
  0
LINE
  5
EB4
330
17
100
AcDbEntity
  8
LINES
100
AcDbLine
 10
480.23
 20
94.03
 30
0.0
 11
482.11
 21
94.32
 31
0.0
  0
LINE
  5
EB5
330
17
100
AcDbEntity
  8
LINES
100
AcDbLine
 10
484.27
 20
98.78
 30
0.0
 11
489.16
 21
99.5
 31
0.0
  0
LINE
  5
EB6
330
17
100
AcDbEntity
  8
LINES
100
AcDbLine
 10
485.99
 20
97.63
 30
0.0
 11
485.99
 21
90.86
 31
0.0
  0
LINE
  5
EB7
330
17
100
AcDbEntity
  8
LINES
100
AcDbLine
 10
485.99
 20
97.2
 30
0.0
 11
488.15
 21
97.63
 31
0.0
  0
LINE
  5
EB8
330
17
100
AcDbEntity
  8
LINES
100
AcDbLine
 10
485.99
 20
95.62
 30
0.0
 11
487.72
 21
95.9
 31
0.0
  0
LINE
  5
EB9
330
17
100
AcDbEntity
  8
LINES
100
AcDbLine
 10
487.72
 20
94.03
 30
0.0
 11
485.99
 21
93.74
 31
0.0
  0
LINE
  5
EBA
330
17
100
AcDbEntity
  8
LINES
100
AcDbLine
 10
491.47
 20
100.94
 30
0.0
 11
491.18
 21
98.21
 31
0.0
  0
LINE
  5
EBB
330
17
100
AcDbEntity
  8
LINES
100
AcDbLine
 10
490.31
 20
101.38
 30
0.0
 11
490.31
 21
91.15
 31
0.0
  0
LINE
  5
EBC
330
17
100
AcDbEntity
  8
LINES
100
AcDbLine
 10
490.31
 20
100.37
 30
0.0
 11
491.47
 21
100.66
 31
0.0
  0
LINE
  5
EBD
330
17
100
AcDbEntity
  8
LINES
100
AcDbLine
 10
492.19
 20
100.37
 30
0.0
 11
494.06
 21
100.8
 31
0.0
  0
LINE
  5
EBE
330
17
100
AcDbEntity
  8
LINES
100
AcDbLine
 10
494.2
 20
96.48
 30
0.0
 11
493.19
 21
95.04
 31
0.0
  0
LINE
  5
EBF
330
17
100
AcDbEntity
  8
LINES
100
AcDbLine
 10
492.19
 20
98.93
 30
0.0
 11
493.48
 21
99.07
 31
0.0
  0
LINE
  5
EC0
330
17
100
AcDbEntity
  8
LINES
100
AcDbLine
 10
498.38
 20
96.91
 30
0.0
 11
497.37
 21
91.87
 31
0.0
  0
LINE
  5
EC1
330
17
100
AcDbEntity
  8
LINES
100
AcDbLine
 10
498.95
 20
94.46
 30
0.0
 11
500.39
 21
91.58
 31
0.0
  0
LINE
  5
EC2
330
17
100
AcDbEntity
  8
LINES
100
AcDbLine
 10
496.94
 20
91.73
 30
0.0
 11
499.96
 21
92.59
 31
0.0
  0
LINE
  5
EC3
330
17
100
AcDbEntity
  8
LINES
100
AcDbLine
 10
502.7
 20
98.21
 30
0.0
 11
505.87
 21
98.64
 31
0.0
  0
LINE
  5
EC4
330
17
100
AcDbEntity
  8
LINES
100
AcDbLine
 10
503.42
 20
97.06
 30
0.0
 11
503.42
 21
93.31
 31
0.0
  0
LINE
  5
EC5
330
17
100
AcDbEntity
  8
LINES
100
AcDbLine
 10
503.42
 20
94.03
 30
0.0
 11
505.15
 21
94.32
 31
0.0
  0
LINE
  5
EC6
330
17
100
AcDbEntity
  8
LINES
100
AcDbLine
 10
505.0
 20
94.32
 30
0.0
 11
505.15
 21
97.06
 31
0.0
  0
LINE
  5
EC7
330
17
100
AcDbEntity
  8
LINES
100
AcDbLine
 10
505.15
 20
96.91
 30
0.0
 11
503.42
 21
96.62
 31
0.0
  0
LINE
  5
EC8
330
17
100
AcDbEntity
  8
LINES
100
AcDbLine
 10
506.87
 20
100.94
 30
0.0
 11
502.99
 21
100.08
 31
0.0
  0
LINE
  5
EC9
330
17
100
AcDbEntity
  8
LINES
100
AcDbLine
 10
515.08
 20
94.03
 30
0.0
 11
514.79
 21
94.03
 31
0.0
  0
LINE
  5
ECA
330
17
100
AcDbEntity
  8
LINES
100
AcDbLine
 10
521.56
 20
91.3
 30
0.0
 11
524.15
 21
91.58
 31
0.0
  0
LINE
  5
ECB
330
17
100
AcDbEntity
  8
LINES
100
AcDbLine
 10
521.56
 20
94.75
 30
0.0
 11
521.56
 21
90.86
 31
0.0
  0
LINE
  5
ECC
330
17
100
AcDbEntity
  8
LINES
100
AcDbLine
 10
524.01
 20
94.75
 30
0.0
 11
523.87
 21
91.58
 31
0.0
  0
LINE
  5
ECD
330
17
100
AcDbEntity
  8
LINES
100
AcDbLine
 10
521.56
 20
94.32
 30
0.0
 11
524.01
 21
94.46
 31
0.0
  0
LINE
  5
ECE
330
17
100
AcDbEntity
  8
LINES
100
AcDbLine
 10
524.73
 20
95.47
 30
0.0
 11
525.45
 21
95.47
 31
0.0
  0
LINE
  5
ECF
330
17
100
AcDbEntity
  8
LINES
100
AcDbLine
 10
522.86
 20
101.38
 30
0.0
 11
521.71
 21
97.63
 31
0.0
  0
LINE
  5
ED0
330
17
100
AcDbEntity
  8
LINES
100
AcDbLine
 10
522.43
 20
100.22
 30
0.0
 11
524.73
 21
95.47
 31
0.0
  0
LINE
  5
ED1
330
17
100
AcDbEntity
  8
LINES
100
AcDbLine
 10
521.56
 20
91.58
 30
0.0
 11
521.56
 21
91.3
 31
0.0
  0
LINE
  5
ED2
330
17
100
AcDbEntity
  8
LINES
100
AcDbLine
 10
521.42
 20
96.05
 30
0.0
 11
523.87
 21
96.34
 31
0.0
  0
LINE
  5
ED3
330
17
100
AcDbEntity
  8
LINES
100
AcDbLine
 10
521.71
 20
97.63
 30
0.0
 11
520.41
 21
95.04
 31
0.0
  0
LINE
  5
ED4
330
17
100
AcDbEntity
  8
LINES
100
AcDbLine
 10
530.92
 20
97.34
 30
0.0
 11
529.19
 21
97.06
 31
0.0
  0
LINE
  5
ED5
330
17
100
AcDbEntity
  8
LINES
100
AcDbLine
 10
530.92
 20
94.46
 30
0.0
 11
530.92
 21
97.63
 31
0.0
  0
LINE
  5
ED6
330
17
100
AcDbEntity
  8
LINES
100
AcDbLine
 10
529.19
 20
94.32
 30
0.0
 11
531.07
 21
94.46
 31
0.0
  0
LINE
  5
ED7
330
17
100
AcDbEntity
  8
LINES
100
AcDbLine
 10
529.05
 20
91.44
 30
0.0
 11
531.5
 21
91.73
 31
0.0
  0
LINE
  5
ED8
330
17
100
AcDbEntity
  8
LINES
100
AcDbLine
 10
529.19
 20
100.51
 30
0.0
 11
529.19
 21
91.44
 31
0.0
  0
LINE
  5
ED9
330
17
100
AcDbEntity
  8
LINES
100
AcDbLine
 10
531.35
 20
99.94
 30
0.0
 11
529.19
 21
99.5
 31
0.0
  0
LINE
  5
EDA
330
17
100
AcDbEntity
  8
LINES
100
AcDbLine
 10
527.75
 20
97.49
 30
0.0
 11
528.62
 21
96.05
 31
0.0
  0
LINE
  5
EDB
330
17
100
AcDbEntity
  8
LINES
100
AcDbLine
 10
528.62
 20
98.64
 30
0.0
 11
526.6
 21
98.21
 31
0.0
  0
LINE
  5
EDC
330
17
100
AcDbEntity
  8
LINES
100
AcDbLine
 10
526.31
 20
93.74
 30
0.0
 11
527.75
 21
98.21
 31
0.0
  0
LINE
  5
EDD
330
17
100
AcDbEntity
  8
LINES
100
AcDbLine
 10
527.75
 20
101.52
 30
0.0
 11
527.75
 21
90.72
 31
0.0
  0
LINE
  5
EDE
330
17
100
AcDbEntity
  8
LINES
100
AcDbLine
 10
534.81
 20
101.38
 30
0.0
 11
535.39
 21
99.65
 31
0.0
  0
LINE
  5
EDF
330
17
100
AcDbEntity
  8
LINES
100
AcDbLine
 10
537.4
 20
99.65
 30
0.0
 11
536.83
 21
97.78
 31
0.0
  0
LINE
  5
EE0
330
17
100
AcDbEntity
  8
LINES
100
AcDbLine
 10
533.23
 20
99.65
 30
0.0
 11
533.08
 21
97.34
 31
0.0
  0
LINE
  5
EE1
330
17
100
AcDbEntity
  8
LINES
100
AcDbLine
 10
533.23
 20
98.93
 30
0.0
 11
537.26
 21
99.5
 31
0.0
  0
LINE
  5
EE2
330
17
100
AcDbEntity
  8
LINES
100
AcDbLine
 10
534.95
 20
98.5
 30
0.0
 11
533.8
 21
93.74
 31
0.0
  0
LINE
  5
EE3
330
17
100
AcDbEntity
  8
LINES
100
AcDbLine
 10
533.95
 20
94.03
 30
0.0
 11
536.83
 21
91.01
 31
0.0
  0
LINE
  5
EE4
330
17
100
AcDbEntity
  8
LINES
100
AcDbLine
 10
537.55
 20
96.34
 30
0.0
 11
532.36
 21
95.62
 31
0.0
  0
LINE
  5
EE5
330
17
100
AcDbEntity
  8
LINES
100
AcDbLine
 10
538.55
 20
99.79
 30
0.0
 11
539.42
 21
98.78
 31
0.0
  0
LINE
  5
EE6
330
17
100
AcDbEntity
  8
LINES
100
AcDbLine
 10
538.41
 20
96.62
 30
0.0
 11
540.14
 21
97.92
 31
0.0
  0
LINE
  5
EE7
330
17
100
AcDbEntity
  8
LINES
100
AcDbLine
 10
540.14
 20
101.23
 30
0.0
 11
540.14
 21
95.76
 31
0.0
  0
LINE
  5
EE8
330
17
100
AcDbEntity
  8
LINES
100
AcDbLine
 10
540.43
 20
98.93
 30
0.0
 11
543.31
 21
99.36
 31
0.0
  0
LINE
  5
EE9
330
17
100
AcDbEntity
  8
LINES
100
AcDbLine
 10
541.72
 20
101.52
 30
0.0
 11
541.72
 21
97.06
 31
0.0
  0
LINE
  5
EEA
330
17
100
AcDbEntity
  8
LINES
100
AcDbLine
 10
540.57
 20
96.91
 30
0.0
 11
542.87
 21
97.2
 31
0.0
  0
LINE
  5
EEB
330
17
100
AcDbEntity
  8
LINES
100
AcDbLine
 10
540.71
 20
96.34
 30
0.0
 11
541.15
 21
95.47
 31
0.0
  0
LINE
  5
EEC
330
17
100
AcDbEntity
  8
LINES
100
AcDbLine
 10
538.7
 20
94.9
 30
0.0
 11
543.31
 21
95.47
 31
0.0
  0
LINE
  5
EED
330
17
100
AcDbEntity
  8
LINES
100
AcDbLine
 10
540.28
 20
93.74
 30
0.0
 11
540.28
 21
91.01
 31
0.0
  0
LINE
  5
EEE
330
17
100
AcDbEntity
  8
LINES
100
AcDbLine
 10
539.99
 20
90.72
 30
0.0
 11
541.43
 21
92.3
 31
0.0
  0
LINE
  5
EEF
330
17
100
AcDbEntity
  8
LINES
100
AcDbLine
 10
542.59
 20
94.46
 30
0.0
 11
541.72
 21
93.31
 31
0.0
  0
LINE
  5
EF0
330
17
100
AcDbEntity
  8
LINES
100
AcDbLine
 10
545.32
 20
94.03
 30
0.0
 11
545.03
 21
94.03
 31
0.0
  0
LINE
  5
EF1
330
17
100
AcDbEntity
  8
LINES
100
AcDbLine
 10
550.51
 20
93.31
 30
0.0
 11
551.95
 21
97.78
 31
0.0
  0
LINE
  5
EF2
330
17
100
AcDbEntity
  8
LINES
100
AcDbLine
 10
552.95
 20
98.21
 30
0.0
 11
550.65
 21
97.78
 31
0.0
  0
LINE
  5
EF3
330
17
100
AcDbEntity
  8
LINES
100
AcDbLine
 10
552.81
 20
95.47
 30
0.0
 11
551.95
 21
97.06
 31
0.0
  0
LINE
  5
EF4
330
17
100
AcDbEntity
  8
LINES
100
AcDbLine
 10
551.95
 20
91.15
 30
0.0
 11
551.95
 21
101.23
 31
0.0
  0
LINE
  5
EF5
330
17
100
AcDbEntity
  8
LINES
100
AcDbLine
 10
554.68
 20
99.79
 30
0.0
 11
553.53
 21
99.65
 31
0.0
  0
LINE
  5
EF6
330
17
100
AcDbEntity
  8
LINES
100
AcDbLine
 10
561.16
 20
97.34
 30
0.0
 11
559.43
 21
97.06
 31
0.0
  0
LINE
  5
EF7
330
17
100
AcDbEntity
  8
LINES
100
AcDbLine
 10
561.16
 20
94.46
 30
0.0
 11
561.16
 21
97.63
 31
0.0
  0
LINE
  5
EF8
330
17
100
AcDbEntity
  8
LINES
100
AcDbLine
 10
559.43
 20
94.32
 30
0.0
 11
561.16
 21
94.46
 31
0.0
  0
LINE
  5
EF9
330
17
100
AcDbEntity
  8
LINES
100
AcDbLine
 10
559.29
 20
91.44
 30
0.0
 11
561.74
 21
91.73
 31
0.0
  0
LINE
  5
EFA
330
17
100
AcDbEntity
  8
LINES
100
AcDbLine
 10
559.43
 20
100.51
 30
0.0
 11
559.43
 21
91.44
 31
0.0
  0
LINE
  5
EFB
330
17
100
AcDbEntity
  8
LINES
100
AcDbLine
 10
561.59
 20
99.94
 30
0.0
 11
559.43
 21
99.5
 31
0.0
  0
LINE
  5
EFC
330
17
100
AcDbEntity
  8
LINES
100
AcDbLine
 10
557.99
 20
97.49
 30
0.0
 11
558.86
 21
96.05
 31
0.0
  0
LINE
  5
EFD
330
17
100
AcDbEntity
  8
LINES
100
AcDbLine
 10
558.86
 20
98.64
 30
0.0
 11
556.84
 21
98.21
 31
0.0
  0
LINE
  5
EFE
330
17
100
AcDbEntity
  8
LINES
100
AcDbLine
 10
556.55
 20
93.74
 30
0.0
 11
557.99
 21
98.21
 31
0.0
  0
LINE
  5
EFF
330
17
100
AcDbEntity
  8
LINES
100
AcDbLine
 10
557.99
 20
101.52
 30
0.0
 11
557.99
 21
90.72
 31
0.0
  0
LINE
  5
F00
330
17
100
AcDbEntity
  8
LINES
100
AcDbLine
 10
564.04
 20
96.48
 30
0.0
 11
566.78
 21
96.91
 31
0.0
  0
LINE
  5
F01
330
17
100
AcDbEntity
  8
LINES
100
AcDbLine
 10
566.49
 20
96.91
 30
0.0
 11
566.92
 21
100.94
 31
0.0
  0
LINE
  5
F02
330
17
100
AcDbEntity
  8
LINES
100
AcDbLine
 10
566.78
 20
100.51
 30
0.0
 11
564.19
 21
100.22
 31
0.0
  0
LINE
  5
F03
330
17
100
AcDbEntity
  8
LINES
100
AcDbLine
 10
570.67
 20
94.46
 30
0.0
 11
570.09
 21
96.91
 31
0.0
  0
LINE
  5
F04
330
17
100
AcDbEntity
  8
LINES
100
AcDbLine
 10
568.65
 20
97.63
 30
0.0
 11
573.83
 21
98.21
 31
0.0
  0
LINE
  5
F05
330
17
100
AcDbEntity
  8
LINES
100
AcDbLine
 10
577.43
 20
97.49
 30
0.0
 11
576.86
 21
94.9
 31
0.0
  0
LINE
  5
F06
330
17
100
AcDbEntity
  8
LINES
100
AcDbLine
 10
575.27
 20
96.91
 30
0.0
 11
579.59
 21
97.92
 31
0.0
  0
LINE
  5
F07
330
17
100
AcDbEntity
  8
LINES
100
AcDbLine
 10
577.58
 20
95.9
 30
0.0
 11
578.3
 21
94.03
 31
0.0
  0
LINE
  5
F08
330
17
100
AcDbEntity
  8
LINES
100
AcDbLine
 10
575.99
 20
100.51
 30
0.0
 11
576.86
 21
98.35
 31
0.0
  0
LINE
  5
F09
330
17
100
AcDbEntity
  8
LINES
100
AcDbLine
 10
574.99
 20
91.01
 30
0.0
 11
576.86
 21
94.9
 31
0.0
  0
LINE
  5
F0A
330
17
100
AcDbEntity
  8
LINES
100
AcDbLine
 10
577.43
 20
97.49
 30
0.0
 11
577.87
 21
101.52
 31
0.0
  0
LINE
  5
F0B
330
17
100
AcDbEntity
  8
LINES
100
AcDbLine
 10
614.73
 20
90.86
 30
0.0
 11
614.73
 21
98.35
 31
0.0
  0
LINE
  5
F0C
330
17
100
AcDbEntity
  8
LINES
100
AcDbLine
 10
627.69
 20
90.86
 30
0.0
 11
627.69
 21
98.35
 31
0.0
  0
LINE
  5
F0D
330
17
100
AcDbEntity
  8
LINES
100
AcDbLine
 10
649.43
 20
100.22
 30
0.0
 11
651.88
 21
95.9
 31
0.0
  0
LINE
  5
F0E
330
17
100
AcDbEntity
  8
LINES
100
AcDbLine
 10
649.29
 20
98.21
 30
0.0
 11
650.01
 21
96.91
 31
0.0
  0
LINE
  5
F0F
330
17
100
AcDbEntity
  8
LINES
100
AcDbLine
 10
650.73
 20
96.62
 30
0.0
 11
649.87
 21
93.89
 31
0.0
  0
LINE
  5
F10
330
17
100
AcDbEntity
  8
LINES
100
AcDbLine
 10
651.02
 20
94.32
 30
0.0
 11
650.73
 21
91.58
 31
0.0
  0
LINE
  5
F11
330
17
100
AcDbEntity
  8
LINES
100
AcDbLine
 10
648.57
 20
94.18
 30
0.0
 11
648.71
 21
90.72
 31
0.0
  0
LINE
  5
F12
330
17
100
AcDbEntity
  8
LINES
100
AcDbLine
 10
648.71
 20
91.15
 30
0.0
 11
650.87
 21
91.44
 31
0.0
  0
LINE
  5
F13
330
17
100
AcDbEntity
  8
LINES
100
AcDbLine
 10
648.57
 20
93.6
 30
0.0
 11
650.87
 21
93.74
 31
0.0
  0
LINE
  5
F14
330
17
100
AcDbEntity
  8
LINES
100
AcDbLine
 10
648.28
 20
95.76
 30
0.0
 11
650.59
 21
96.34
 31
0.0
  0
LINE
  5
F15
330
17
100
AcDbEntity
  8
LINES
100
AcDbLine
 10
651.88
 20
95.9
 30
0.0
 11
652.46
 21
95.9
 31
0.0
  0
LINE
  5
F16
330
17
100
AcDbEntity
  8
LINES
100
AcDbLine
 10
118.94
 20
72.0
 30
0.0
 11
118.94
 21
79.49
 31
0.0
  0
LINE
  5
F17
330
17
100
AcDbEntity
  8
LINES
100
AcDbLine
 10
131.9
 20
72.0
 30
0.0
 11
131.9
 21
79.49
 31
0.0
  0
LINE
  5
F18
330
17
100
AcDbEntity
  8
LINES
100
AcDbLine
 10
146.73
 20
78.34
 30
0.0
 11
147.16
 21
77.18
 31
0.0
  0
LINE
  5
F19
330
17
100
AcDbEntity
  8
LINES
100
AcDbLine
 10
145.58
 20
78.77
 30
0.0
 11
147.45
 21
79.34
 31
0.0
  0
LINE
  5
F1A
330
17
100
AcDbEntity
  8
LINES
100
AcDbLine
 10
146.73
 20
79.06
 30
0.0
 11
145.43
 21
74.3
 31
0.0
  0
LINE
  5
F1B
330
17
100
AcDbEntity
  8
LINES
100
AcDbLine
 10
146.73
 20
82.37
 30
0.0
 11
146.73
 21
72.0
 31
0.0
  0
LINE
  5
F1C
330
17
100
AcDbEntity
  8
LINES
100
AcDbLine
 10
148.31
 20
81.07
 30
0.0
 11
150.33
 21
81.36
 31
0.0
  0
LINE
  5
F1D
330
17
100
AcDbEntity
  8
LINES
100
AcDbLine
 10
150.33
 20
81.65
 30
0.0
 11
150.04
 21
79.2
 31
0.0
  0
LINE
  5
F1E
330
17
100
AcDbEntity
  8
LINES
100
AcDbLine
 10
150.33
 20
79.2
 30
0.0
 11
148.31
 21
78.77
 31
0.0
  0
LINE
  5
F1F
330
17
100
AcDbEntity
  8
LINES
100
AcDbLine
 10
148.46
 20
77.47
 30
0.0
 11
148.46
 21
71.86
 31
0.0
  0
LINE
  5
F20
330
17
100
AcDbEntity
  8
LINES
100
AcDbLine
 10
148.46
 20
77.04
 30
0.0
 11
150.19
 21
77.33
 31
0.0
  0
LINE
  5
F21
330
17
100
AcDbEntity
  8
LINES
100
AcDbLine
 10
150.19
 20
77.62
 30
0.0
 11
150.04
 21
71.86
 31
0.0
  0
LINE
  5
F22
330
17
100
AcDbEntity
  8
LINES
100
AcDbLine
 10
148.46
 20
75.6
 30
0.0
 11
149.61
 21
75.89
 31
0.0
  0
LINE
  5
F23
330
17
100
AcDbEntity
  8
LINES
100
AcDbLine
 10
148.46
 20
74.02
 30
0.0
 11
149.61
 21
74.16
 31
0.0
  0
LINE
  5
F24
330
17
100
AcDbEntity
  8
LINES
100
AcDbLine
 10
149.18
 20
81.07
 30
0.0
 11
149.18
 21
78.91
 31
0.0
  0
LINE
  5
F25
330
17
100
AcDbEntity
  8
LINES
100
AcDbLine
 10
152.2
 20
75.17
 30
0.0
 11
152.06
 21
75.17
 31
0.0
  0
LINE
  5
F26
330
17
100
AcDbEntity
  8
LINES
100
AcDbLine
 10
160.84
 20
76.18
 30
0.0
 11
160.7
 21
74.16
 31
0.0
  0
LINE
  5
F27
330
17
100
AcDbEntity
  8
LINES
100
AcDbLine
 10
159.11
 20
76.18
 30
0.0
 11
159.11
 21
73.3
 31
0.0
  0
LINE
  5
F28
330
17
100
AcDbEntity
  8
LINES
100
AcDbLine
 10
157.96
 20
77.76
 30
0.0
 11
157.96
 21
72.14
 31
0.0
  0
LINE
  5
F29
330
17
100
AcDbEntity
  8
LINES
100
AcDbLine
 10
161.13
 20
80.21
 30
0.0
 11
160.84
 21
78.34
 31
0.0
  0
LINE
  5
F2A
330
17
100
AcDbEntity
  8
LINES
100
AcDbLine
 10
158.83
 20
80.21
 30
0.0
 11
158.83
 21
77.47
 31
0.0
  0
LINE
  5
F2B
330
17
100
AcDbEntity
  8
LINES
100
AcDbLine
 10
157.82
 20
80.64
 30
0.0
 11
162.14
 21
81.22
 31
0.0
  0
LINE
  5
F2C
330
17
100
AcDbEntity
  8
LINES
100
AcDbLine
 10
159.69
 20
82.51
 30
0.0
 11
159.98
 21
81.5
 31
0.0
  0
LINE
  5
F2D
330
17
100
AcDbEntity
  8
LINES
100
AcDbLine
 10
158.83
 20
78.05
 30
0.0
 11
161.13
 21
78.34
 31
0.0
  0
LINE
  5
F2E
330
17
100
AcDbEntity
  8
LINES
100
AcDbLine
 10
158.83
 20
79.63
 30
0.0
 11
160.99
 21
79.92
 31
0.0
  0
LINE
  5
F2F
330
17
100
AcDbEntity
  8
LINES
100
AcDbLine
 10
159.11
 20
73.87
 30
0.0
 11
160.84
 21
74.02
 31
0.0
  0
LINE
  5
F30
330
17
100
AcDbEntity
  8
LINES
100
AcDbLine
 10
159.11
 20
75.6
 30
0.0
 11
160.84
 21
75.89
 31
0.0
  0
LINE
  5
F31
330
17
100
AcDbEntity
  8
LINES
100
AcDbLine
 10
157.96
 20
76.75
 30
0.0
 11
161.99
 21
77.18
 31
0.0
  0
LINE
  5
F32
330
17
100
AcDbEntity
  8
LINES
100
AcDbLine
 10
169.05
 20
72.0
 30
0.0
 11
173.8
 21
79.49
 31
0.0
  0
LINE
  5
F33
330
17
100
AcDbEntity
  8
LINES
100
AcDbLine
 10
173.8
 20
72.0
 30
0.0
 11
169.05
 21
79.49
 31
0.0
  0
LINE
  5
F34
330
17
100
AcDbEntity
  8
LINES
100
AcDbLine
 10
202.31
 20
72.0
 30
0.0
 11
202.31
 21
79.49
 31
0.0
  0
LINE
  5
F35
330
17
100
AcDbEntity
  8
LINES
100
AcDbLine
 10
215.27
 20
72.0
 30
0.0
 11
215.27
 21
79.49
 31
0.0
  0
LINE
  5
F36
330
17
100
AcDbEntity
  8
LINES
100
AcDbLine
 10
228.23
 20
72.0
 30
0.0
 11
232.99
 21
79.49
 31
0.0
  0
LINE
  5
F37
330
17
100
AcDbEntity
  8
LINES
100
AcDbLine
 10
232.99
 20
72.0
 30
0.0
 11
228.23
 21
79.49
 31
0.0
  0
LINE
  5
F38
330
17
100
AcDbEntity
  8
LINES
100
AcDbLine
 10
268.41
 20
72.0
 30
0.0
 11
268.41
 21
79.49
 31
0.0
  0
LINE
  5
F39
330
17
100
AcDbEntity
  8
LINES
100
AcDbLine
 10
281.37
 20
72.0
 30
0.0
 11
281.37
 21
79.49
 31
0.0
  0
LINE
  5
F3A
330
17
100
AcDbEntity
  8
LINES
100
AcDbLine
 10
160.41
 20
59.47
 30
0.0
 11
160.41
 21
52.99
 31
0.0
  0
LINE
  5
F3B
330
17
100
AcDbEntity
  8
LINES
100
AcDbLine
 10
159.26
 20
59.47
 30
0.0
 11
161.27
 21
59.76
 31
0.0
  0
LINE
  5
F3C
330
17
100
AcDbEntity
  8
LINES
100
AcDbLine
 10
160.84
 20
63.07
 30
0.0
 11
159.4
 21
61.49
 31
0.0
  0
LINE
  5
F3D
330
17
100
AcDbEntity
  8
LINES
100
AcDbLine
 10
158.11
 20
56.74
 30
0.0
 11
158.83
 21
55.44
 31
0.0
  0
LINE
  5
F3E
330
17
100
AcDbEntity
  8
LINES
100
AcDbLine
 10
157.24
 20
56.74
 30
0.0
 11
156.23
 21
54.58
 31
0.0
  0
LINE
  5
F3F
330
17
100
AcDbEntity
  8
LINES
100
AcDbLine
 10
156.52
 20
57.31
 30
0.0
 11
158.68
 21
57.74
 31
0.0
  0
LINE
  5
F40
330
17
100
AcDbEntity
  8
LINES
100
AcDbLine
 10
156.23
 20
58.9
 30
0.0
 11
158.97
 21
59.47
 31
0.0
  0
LINE
  5
F41
330
17
100
AcDbEntity
  8
LINES
100
AcDbLine
 10
158.11
 20
61.63
 30
0.0
 11
157.82
 21
59.47
 31
0.0
  0
LINE
  5
F42
330
17
100
AcDbEntity
  8
LINES
100
AcDbLine
 10
156.95
 20
61.06
 30
0.0
 11
157.24
 21
59.76
 31
0.0
  0
LINE
  5
F43
330
17
100
AcDbEntity
  8
LINES
100
AcDbLine
 10
156.52
 20
61.49
 30
0.0
 11
158.68
 21
61.92
 31
0.0
  0
LINE
  5
F44
330
17
100
AcDbEntity
  8
LINES
100
AcDbLine
 10
157.24
 20
63.5
 30
0.0
 11
157.67
 21
62.35
 31
0.0
  0
LINE
  5
F45
330
17
100
AcDbEntity
  8
LINES
100
AcDbLine
 10
162.14
 20
54.0
 30
0.0
 11
167.47
 21
54.43
 31
0.0
  0
LINE
  5
F46
330
17
100
AcDbEntity
  8
LINES
100
AcDbLine
 10
164.73
 20
63.36
 30
0.0
 11
164.73
 21
54.29
 31
0.0
  0
LINE
  5
F47
330
17
100
AcDbEntity
  8
LINES
100
AcDbLine
 10
166.6
 20
59.62
 30
0.0
 11
164.73
 21
59.33
 31
0.0
  0
LINE
  5
F48
330
17
100
AcDbEntity
  8
LINES
100
AcDbLine
 10
169.48
 20
59.47
 30
0.0
 11
168.19
 21
59.18
 31
0.0
  0
LINE
  5
F49
330
17
100
AcDbEntity
  8
LINES
100
AcDbLine
 10
169.48
 20
54.86
 30
0.0
 11
169.48
 21
59.9
 31
0.0
  0
LINE
  5
F4A
330
17
100
AcDbEntity
  8
LINES
100
AcDbLine
 10
170.35
 20
56.3
 30
0.0
 11
169.05
 21
54.0
 31
0.0
  0
LINE
  5
F4B
330
17
100
AcDbEntity
  8
LINES
100
AcDbLine
 10
168.91
 20
62.78
 30
0.0
 11
169.63
 21
61.06
 31
0.0
  0
LINE
  5
F4C
330
17
100
AcDbEntity
  8
LINES
100
AcDbLine
 10
170.49
 20
58.18
 30
0.0
 11
172.36
 21
58.46
 31
0.0
  0
LINE
  5
F4D
330
17
100
AcDbEntity
  8
LINES
100
AcDbLine
 10
172.65
 20
58.9
 30
0.0
 11
171.79
 21
56.16
 31
0.0
  0
LINE
  5
F4E
330
17
100
AcDbEntity
  8
LINES
100
AcDbLine
 10
170.92
 20
63.07
 30
0.0
 11
170.92
 21
60.91
 31
0.0
  0
LINE
  5
F4F
330
17
100
AcDbEntity
  8
LINES
100
AcDbLine
 10
170.92
 20
62.5
 30
0.0
 11
172.07
 21
62.78
 31
0.0
  0
LINE
  5
F50
330
17
100
AcDbEntity
  8
LINES
100
AcDbLine
 10
176.54
 20
63.36
 30
0.0
 11
175.67
 21
61.49
 31
0.0
  0
LINE
  5
F51
330
17
100
AcDbEntity
  8
LINES
100
AcDbLine
 10
176.97
 20
57.6
 30
0.0
 11
176.97
 21
54.14
 31
0.0
  0
LINE
  5
F52
330
17
100
AcDbEntity
  8
LINES
100
AcDbLine
 10
175.96
 20
55.58
 30
0.0
 11
177.83
 21
55.87
 31
0.0
  0
LINE
  5
F53
330
17
100
AcDbEntity
  8
LINES
100
AcDbLine
 10
178.12
 20
54.14
 30
0.0
 11
175.67
 21
53.71
 31
0.0
  0
LINE
  5
F54
330
17
100
AcDbEntity
  8
LINES
100
AcDbLine
 10
178.27
 20
58.03
 30
0.0
 11
178.12
 21
53.28
 31
0.0
  0
LINE
  5
F55
330
17
100
AcDbEntity
  8
LINES
100
AcDbLine
 10
175.67
 20
57.46
 30
0.0
 11
178.12
 21
57.74
 31
0.0
  0
LINE
  5
F56
330
17
100
AcDbEntity
  8
LINES
100
AcDbLine
 10
175.67
 20
57.89
 30
0.0
 11
175.67
 21
53.28
 31
0.0
  0
LINE
  5
F57
330
17
100
AcDbEntity
  8
LINES
100
AcDbLine
 10
175.82
 20
61.78
 30
0.0
 11
178.12
 21
62.21
 31
0.0
  0
LINE
  5
F58
330
17
100
AcDbEntity
  8
LINES
100
AcDbLine
 10
175.67
 20
61.49
 30
0.0
 11
174.67
 21
59.33
 31
0.0
  0
LINE
  5
F59
330
17
100
AcDbEntity
  8
LINES
100
AcDbLine
 10
181.72
 20
63.36
 30
0.0
 11
181.72
 21
56.3
 31
0.0
  0
LINE
  5
F5A
330
17
100
AcDbEntity
  8
LINES
100
AcDbLine
 10
181.72
 20
62.64
 30
0.0
 11
184.03
 21
63.07
 31
0.0
  0
LINE
  5
F5B
330
17
100
AcDbEntity
  8
LINES
100
AcDbLine
 10
184.17
 20
63.5
 30
0.0
 11
183.88
 21
56.88
 31
0.0
  0
LINE
  5
F5C
330
17
100
AcDbEntity
  8
LINES
100
AcDbLine
 10
181.72
 20
61.06
 30
0.0
 11
183.45
 21
61.49
 31
0.0
  0
LINE
  5
F5D
330
17
100
AcDbEntity
  8
LINES
100
AcDbLine
 10
181.72
 20
59.47
 30
0.0
 11
183.45
 21
59.9
 31
0.0
  0
LINE
  5
F5E
330
17
100
AcDbEntity
  8
LINES
100
AcDbLine
 10
181.72
 20
58.03
 30
0.0
 11
183.45
 21
58.32
 31
0.0
  0
LINE
  5
F5F
330
17
100
AcDbEntity
  8
LINES
100
AcDbLine
 10
185.75
 20
56.88
 30
0.0
 11
180.14
 21
55.87
 31
0.0
  0
LINE
  5
F60
330
17
100
AcDbEntity
  8
LINES
100
AcDbLine
 10
182.15
 20
55.58
 30
0.0
 11
180.28
 21
52.85
 31
0.0
  0
LINE
  5
F61
330
17
100
AcDbEntity
  8
LINES
100
AcDbLine
 10
183.45
 20
55.73
 30
0.0
 11
185.03
 21
53.28
 31
0.0
  0
LINE
  5
F62
330
17
100
AcDbEntity
  8
LINES
100
AcDbLine
 10
188.06
 20
63.36
 30
0.0
 11
186.19
 21
58.18
 31
0.0
  0
LINE
  5
F63
330
17
100
AcDbEntity
  8
LINES
100
AcDbLine
 10
189.79
 20
63.5
 30
0.0
 11
189.79
 21
52.99
 31
0.0
  0
LINE
  5
F64
330
17
100
AcDbEntity
  8
LINES
100
AcDbLine
 10
188.63
 20
55.87
 30
0.0
 11
190.65
 21
56.16
 31
0.0
  0
LINE
  5
F65
330
17
100
AcDbEntity
  8
LINES
100
AcDbLine
 10
187.34
 20
52.99
 30
0.0
 11
187.34
 21
61.2
 31
0.0
  0
LINE
  5
F66
330
17
100
AcDbEntity
  8
LINES
100
AcDbLine
 10
187.91
 20
60.34
 30
0.0
 11
191.51
 21
60.91
 31
0.0
  0
LINE
  5
F67
330
17
100
AcDbEntity
  8
LINES
100
AcDbLine
 10
193.82
 20
63.22
 30
0.0
 11
193.82
 21
52.99
 31
0.0
  0
LINE
  5
F68
330
17
100
AcDbEntity
  8
LINES
100
AcDbLine
 10
193.82
 20
60.19
 30
0.0
 11
192.38
 21
55.58
 31
0.0
  0
LINE
  5
F69
330
17
100
AcDbEntity
  8
LINES
100
AcDbLine
 10
193.82
 20
59.04
 30
0.0
 11
194.68
 21
57.74
 31
0.0
  0
LINE
  5
F6A
330
17
100
AcDbEntity
  8
LINES
100
AcDbLine
 10
194.83
 20
60.62
 30
0.0
 11
192.81
 21
60.19
 31
0.0
  0
LINE
  5
F6B
330
17
100
AcDbEntity
  8
LINES
100
AcDbLine
 10
195.26
 20
61.92
 30
0.0
 11
197.42
 21
63.07
 31
0.0
  0
LINE
  5
F6C
330
17
100
AcDbEntity
  8
LINES
100
AcDbLine
 10
195.55
 20
59.9
 30
0.0
 11
197.13
 21
60.19
 31
0.0
  0
LINE
  5
F6D
330
17
100
AcDbEntity
  8
LINES
100
AcDbLine
 10
202.03
 20
63.65
 30
0.0
 11
202.03
 21
52.85
 31
0.0
  0
LINE
  5
F6E
330
17
100
AcDbEntity
  8
LINES
100
AcDbLine
 10
200.15
 20
56.88
 30
0.0
 11
203.75
 21
57.31
 31
0.0
  0
LINE
  5
F6F
330
17
100
AcDbEntity
  8
LINES
100
AcDbLine
 10
201.02
 20
59.62
 30
0.0
 11
203.47
 21
60.05
 31
0.0
  0
LINE
  5
F70
330
17
100
AcDbEntity
  8
LINES
100
AcDbLine
 10
199.43
 20
61.34
 30
0.0
 11
199.43
 21
53.14
 31
0.0
  0
LINE
  5
F71
330
17
100
AcDbEntity
  8
LINES
100
AcDbLine
 10
200.15
 20
63.5
 30
0.0
 11
198.28
 21
58.18
 31
0.0
  0
LINE
  5
F72
330
17
100
AcDbEntity
  8
LINES
100
AcDbLine
 10
206.92
 20
63.5
 30
0.0
 11
207.5
 21
61.92
 31
0.0
  0
LINE
  5
F73
330
17
100
AcDbEntity
  8
LINES
100
AcDbLine
 10
209.51
 20
61.92
 30
0.0
 11
208.94
 21
60.05
 31
0.0
  0
LINE
  5
F74
330
17
100
AcDbEntity
  8
LINES
100
AcDbLine
 10
205.34
 20
61.92
 30
0.0
 11
205.19
 21
59.47
 31
0.0
  0
LINE
  5
F75
330
17
100
AcDbEntity
  8
LINES
100
AcDbLine
 10
205.34
 20
61.2
 30
0.0
 11
209.51
 21
61.63
 31
0.0
  0
LINE
  5
F76
330
17
100
AcDbEntity
  8
LINES
100
AcDbLine
 10
207.07
 20
60.77
 30
0.0
 11
205.91
 21
56.02
 31
0.0
  0
LINE
  5
F77
330
17
100
AcDbEntity
  8
LINES
100
AcDbLine
 10
206.06
 20
56.16
 30
0.0
 11
208.94
 21
53.28
 31
0.0
  0
LINE
  5
F78
330
17
100
AcDbEntity
  8
LINES
100
AcDbLine
 10
209.8
 20
58.46
 30
0.0
 11
204.62
 21
57.89
 31
0.0
  0
LINE
  5
F79
330
17
100
AcDbEntity
  8
LINES
100
AcDbLine
 10
210.67
 20
62.06
 30
0.0
 11
211.53
 21
60.91
 31
0.0
  0
LINE
  5
F7A
330
17
100
AcDbEntity
  8
LINES
100
AcDbLine
 10
210.52
 20
58.9
 30
0.0
 11
212.25
 21
60.19
 31
0.0
  0
LINE
  5
F7B
330
17
100
AcDbEntity
  8
LINES
100
AcDbLine
 10
212.25
 20
63.5
 30
0.0
 11
212.25
 21
58.03
 31
0.0
  0
LINE
  5
F7C
330
17
100
AcDbEntity
  8
LINES
100
AcDbLine
 10
212.54
 20
61.06
 30
0.0
 11
215.42
 21
61.49
 31
0.0
  0
LINE
  5
F7D
330
17
100
AcDbEntity
  8
LINES
100
AcDbLine
 10
213.98
 20
63.65
 30
0.0
 11
213.98
 21
59.33
 31
0.0
  0
LINE
  5
F7E
330
17
100
AcDbEntity
  8
LINES
100
AcDbLine
 10
212.83
 20
59.04
 30
0.0
 11
214.99
 21
59.47
 31
0.0
  0
LINE
  5
F7F
330
17
100
AcDbEntity
  8
LINES
100
AcDbLine
 10
212.83
 20
58.61
 30
0.0
 11
213.26
 21
57.6
 31
0.0
  0
LINE
  5
F80
330
17
100
AcDbEntity
  8
LINES
100
AcDbLine
 10
210.95
 20
57.02
 30
0.0
 11
215.42
 21
57.6
 31
0.0
  0
LINE
  5
F81
330
17
100
AcDbEntity
  8
LINES
100
AcDbLine
 10
212.39
 20
56.02
 30
0.0
 11
212.39
 21
53.28
 31
0.0
  0
LINE
  5
F82
330
17
100
AcDbEntity
  8
LINES
100
AcDbLine
 10
212.11
 20
52.99
 30
0.0
 11
213.55
 21
54.58
 31
0.0
  0
LINE
  5
F83
330
17
100
AcDbEntity
  8
LINES
100
AcDbLine
 10
214.7
 20
56.74
 30
0.0
 11
213.98
 21
55.58
 31
0.0
  0
LINE
  5
F84
330
17
100
AcDbEntity
  8
LINES
100
AcDbLine
 10
216.71
 20
59.9
 30
0.0
 11
218.73
 21
60.19
 31
0.0
  0
LINE
  5
F85
330
17
100
AcDbEntity
  8
LINES
100
AcDbLine
 10
217.72
 20
63.65
 30
0.0
 11
217.72
 21
53.14
 31
0.0
  0
LINE
  5
F86
330
17
100
AcDbEntity
  8
LINES
100
AcDbLine
 10
217.72
 20
60.05
 30
0.0
 11
216.43
 21
55.58
 31
0.0
  0
LINE
  5
F87
330
17
100
AcDbEntity
  8
LINES
100
AcDbLine
 10
217.72
 20
59.47
 30
0.0
 11
218.3
 21
58.32
 31
0.0
  0
LINE
  5
F88
330
17
100
AcDbEntity
  8
LINES
100
AcDbLine
 10
218.73
 20
61.49
 30
0.0
 11
221.9
 21
62.21
 31
0.0
  0
LINE
  5
F89
330
17
100
AcDbEntity
  8
LINES
100
AcDbLine
 10
219.02
 20
60.34
 30
0.0
 11
219.02
 21
57.02
 31
0.0
  0
LINE
  5
F8A
330
17
100
AcDbEntity
  8
LINES
100
AcDbLine
 10
219.02
 20
60.05
 30
0.0
 11
221.47
 21
60.34
 31
0.0
  0
LINE
  5
F8B
330
17
100
AcDbEntity
  8
LINES
100
AcDbLine
 10
221.61
 20
60.62
 30
0.0
 11
221.32
 21
57.74
 31
0.0
  0
LINE
  5
F8C
330
17
100
AcDbEntity
  8
LINES
100
AcDbLine
 10
221.61
 20
57.74
 30
0.0
 11
219.02
 21
57.31
 31
0.0
  0
LINE
  5
F8D
330
17
100
AcDbEntity
  8
LINES
100
AcDbLine
 10
220.75
 20
63.79
 30
0.0
 11
220.6
 21
57.6
 31
0.0
  0
LINE
  5
F8E
330
17
100
AcDbEntity
  8
LINES
100
AcDbLine
 10
219.31
 20
56.59
 30
0.0
 11
219.31
 21
53.14
 31
0.0
  0
LINE
  5
F8F
330
17
100
AcDbEntity
  8
LINES
100
AcDbLine
 10
219.31
 20
56.16
 30
0.0
 11
221.32
 21
56.45
 31
0.0
  0
LINE
  5
F90
330
17
100
AcDbEntity
  8
LINES
100
AcDbLine
 10
221.32
 20
56.74
 30
0.0
 11
221.18
 21
53.14
 31
0.0
  0
LINE
  5
F91
330
17
100
AcDbEntity
  8
LINES
100
AcDbLine
 10
221.18
 20
53.57
 30
0.0
 11
219.31
 21
53.42
 31
0.0
  0
LINE
  5
F92
330
17
100
AcDbEntity
  8
LINES
100
AcDbLine
 10
219.31
 20
54.72
 30
0.0
 11
220.75
 21
54.86
 31
0.0
  0
LINE
  5
F93
330
17
100
AcDbEntity
  8
LINES
100
AcDbLine
 10
219.45
 20
58.75
 30
0.0
 11
221.03
 21
58.9
 31
0.0
  0
LINE
  5
F94
330
17
100
AcDbEntity
  8
LINES
100
AcDbLine
 10
219.74
 20
63.36
 30
0.0
 11
219.74
 21
57.46
 31
0.0
  0
LINE
  5
F95
330
17
100
AcDbEntity
  8
LINES
100
AcDbLine
 10
224.35
 20
63.5
 30
0.0
 11
222.47
 21
58.18
 31
0.0
  0
LINE
  5
F96
330
17
100
AcDbEntity
  8
LINES
100
AcDbLine
 10
223.63
 20
61.34
 30
0.0
 11
223.63
 21
52.99
 31
0.0
  0
LINE
  5
F97
330
17
100
AcDbEntity
  8
LINES
100
AcDbLine
 10
225.64
 20
63.22
 30
0.0
 11
226.22
 21
61.34
 31
0.0
  0
LINE
  5
F98
330
17
100
AcDbEntity
  8
LINES
100
AcDbLine
 10
224.35
 20
60.05
 30
0.0
 11
227.51
 21
60.48
 31
0.0
  0
LINE
  5
F99
330
17
100
AcDbEntity
  8
LINES
100
AcDbLine
 10
224.92
 20
58.9
 30
0.0
 11
225.5
 21
56.16
 31
0.0
  0
LINE
  5
F9A
330
17
100
AcDbEntity
  8
LINES
100
AcDbLine
 10
226.79
 20
59.33
 30
0.0
 11
226.07
 21
54.58
 31
0.0
  0
LINE
  5
F9B
330
17
100
AcDbEntity
  8
LINES
100
AcDbLine
 10
224.06
 20
54.29
 30
0.0
 11
227.95
 21
54.72
 31
0.0
  0
LINE
  5
F9C
330
17
100
AcDbEntity
  8
LINES
100
AcDbLine
 10
229.24
 20
62.78
 30
0.0
 11
229.82
 21
61.34
 31
0.0
  0
LINE
  5
F9D
330
17
100
AcDbEntity
  8
LINES
100
AcDbLine
 10
228.67
 20
59.04
 30
0.0
 11
229.82
 21
59.47
 31
0.0
  0
LINE
  5
F9E
330
17
100
AcDbEntity
  8
LINES
100
AcDbLine
 10
229.24
 20
54.0
 30
0.0
 11
230.39
 21
56.16
 31
0.0
  0
LINE
  5
F9F
330
17
100
AcDbEntity
  8
LINES
100
AcDbLine
 10
230.97
 20
61.78
 30
0.0
 11
233.42
 21
62.21
 31
0.0
  0
LINE
  5
FA0
330
17
100
AcDbEntity
  8
LINES
100
AcDbLine
 10
231.98
 20
63.5
 30
0.0
 11
231.98
 21
59.47
 31
0.0
  0
LINE
  5
FA1
330
17
100
AcDbEntity
  8
LINES
100
AcDbLine
 10
230.97
 20
60.48
 30
0.0
 11
233.13
 21
60.77
 31
0.0
  0
LINE
  5
FA2
330
17
100
AcDbEntity
  8
LINES
100
AcDbLine
 10
230.97
 20
58.61
 30
0.0
 11
230.97
 21
52.99
 31
0.0
  0
LINE
  5
FA3
330
17
100
AcDbEntity
  8
LINES
100
AcDbLine
 10
230.97
 20
58.03
 30
0.0
 11
233.13
 21
58.32
 31
0.0
  0
LINE
  5
FA4
330
17
100
AcDbEntity
  8
LINES
100
AcDbLine
 10
230.97
 20
56.88
 30
0.0
 11
232.55
 21
57.02
 31
0.0
  0
LINE
  5
FA5
330
17
100
AcDbEntity
  8
LINES
100
AcDbLine
 10
230.97
 20
55.44
 30
0.0
 11
232.55
 21
55.58
 31
0.0
  0
LINE
  5
FA6
330
17
100
AcDbEntity
  8
LINES
100
AcDbLine
 10
233.99
 20
59.62
 30
0.0
 11
230.39
 21
59.18
 31
0.0
  0
LINE
  5
FA7
330
17
100
AcDbEntity
  8
LINES
100
AcDbLine
 10
229.96
 20
59.62
 30
0.0
 11
229.53
 21
54.43
 31
0.0
  0
LINE
  5
FA8
330
17
100
AcDbEntity
  8
LINES
100
AcDbLine
 10
237.31
 20
63.65
 30
0.0
 11
236.01
 21
60.77
 31
0.0
  0
LINE
  5
FA9
330
17
100
AcDbEntity
  8
LINES
100
AcDbLine
 10
235.87
 20
60.62
 30
0.0
 11
238.46
 21
61.49
 31
0.0
  0
LINE
  5
FAA
330
17
100
AcDbEntity
  8
LINES
100
AcDbLine
 10
237.74
 20
62.5
 30
0.0
 11
238.89
 21
60.77
 31
0.0
  0
LINE
  5
FAB
330
17
100
AcDbEntity
  8
LINES
100
AcDbLine
 10
234.86
 20
59.04
 30
0.0
 11
239.75
 21
59.76
 31
0.0
  0
LINE
  5
FAC
330
17
100
AcDbEntity
  8
LINES
100
AcDbLine
 10
237.74
 20
58.18
 30
0.0
 11
235.87
 21
56.02
 31
0.0
  0
LINE
  5
FAD
330
17
100
AcDbEntity
  8
LINES
100
AcDbLine
 10
238.17
 20
57.02
 30
0.0
 11
236.15
 21
54.72
 31
0.0
  0
LINE
  5
FAE
330
17
100
AcDbEntity
  8
LINES
100
AcDbLine
 10
242.2
 20
63.36
 30
0.0
 11
242.2
 21
56.88
 31
0.0
  0
LINE
  5
FAF
330
17
100
AcDbEntity
  8
LINES
100
AcDbLine
 10
244.65
 20
56.88
 30
0.0
 11
244.94
 21
63.5
 31
0.0
  0
LINE
  5
FB0
330
17
100
AcDbEntity
  8
LINES
100
AcDbLine
 10
244.79
 20
62.93
 30
0.0
 11
242.2
 21
62.64
 31
0.0
  0
LINE
  5
FB1
330
17
100
AcDbEntity
  8
LINES
100
AcDbLine
 10
247.82
 20
61.92
 30
0.0
 11
252.14
 21
62.21
 31
0.0
  0
LINE
  5
FB2
330
17
100
AcDbEntity
  8
LINES
100
AcDbLine
 10
257.9
 20
62.21
 30
0.0
 11
257.32
 21
60.34
 31
0.0
  0
LINE
  5
FB3
330
17
100
AcDbEntity
  8
LINES
100
AcDbLine
 10
253.72
 20
62.21
 30
0.0
 11
253.58
 21
59.9
 31
0.0
  0
LINE
  5
FB4
330
17
100
AcDbEntity
  8
LINES
100
AcDbLine
 10
253.72
 20
61.49
 30
0.0
 11
257.9
 21
62.06
 31
0.0
  0
LINE
  5
FB5
330
17
100
AcDbEntity
  8
LINES
100
AcDbLine
 10
255.16
 20
63.5
 30
0.0
 11
255.74
 21
62.64
 31
0.0
  0
LINE
  5
FB6
330
17
100
AcDbEntity
  8
LINES
100
AcDbLine
 10
254.3
 20
59.76
 30
0.0
 11
256.75
 21
60.19
 31
0.0
  0
LINE
  5
FB7
330
17
100
AcDbEntity
  8
LINES
100
AcDbLine
 10
255.88
 20
60.05
 30
0.0
 11
253.58
 21
57.6
 31
0.0
  0
LINE
  5
FB8
330
17
100
AcDbEntity
  8
LINES
100
AcDbLine
 10
255.16
 20
59.18
 30
0.0
 11
255.88
 21
57.6
 31
0.0
  0
LINE
  5
FB9
330
17
100
AcDbEntity
  8
LINES
100
AcDbLine
 10
255.59
 20
58.18
 30
0.0
 11
253.43
 21
55.87
 31
0.0
  0
LINE
  5
FBA
330
17
100
AcDbEntity
  8
LINES
100
AcDbLine
 10
255.88
 20
57.31
 30
0.0
 11
257.18
 21
59.04
 31
0.0
  0
LINE
  5
FBB
330
17
100
AcDbEntity
  8
LINES
100
AcDbLine
 10
261.35
 20
63.5
 30
0.0
 11
261.93
 21
61.92
 31
0.0
  0
LINE
  5
FBC
330
17
100
AcDbEntity
  8
LINES
100
AcDbLine
 10
263.95
 20
61.92
 30
0.0
 11
263.37
 21
60.05
 31
0.0
  0
LINE
  5
FBD
330
17
100
AcDbEntity
  8
LINES
100
AcDbLine
 10
259.77
 20
61.92
 30
0.0
 11
259.63
 21
59.47
 31
0.0
  0
LINE
  5
FBE
330
17
100
AcDbEntity
  8
LINES
100
AcDbLine
 10
259.77
 20
61.2
 30
0.0
 11
263.95
 21
61.63
 31
0.0
  0
LINE
  5
FBF
330
17
100
AcDbEntity
  8
LINES
100
AcDbLine
 10
261.5
 20
60.77
 30
0.0
 11
260.35
 21
56.02
 31
0.0
  0
LINE
  5
FC0
330
17
100
AcDbEntity
  8
LINES
100
AcDbLine
 10
260.49
 20
56.16
 30
0.0
 11
263.37
 21
53.28
 31
0.0
  0
LINE
  5
FC1
330
17
100
AcDbEntity
  8
LINES
100
AcDbLine
 10
264.23
 20
58.46
 30
0.0
 11
258.91
 21
57.89
 31
0.0
  0
LINE
  5
FC2
330
17
100
AcDbEntity
  8
LINES
100
AcDbLine
 10
265.1
 20
62.06
 30
0.0
 11
265.96
 21
60.91
 31
0.0
  0
LINE
  5
FC3
330
17
100
AcDbEntity
  8
LINES
100
AcDbLine
 10
264.95
 20
58.9
 30
0.0
 11
266.68
 21
60.19
 31
0.0
  0
LINE
  5
FC4
330
17
100
AcDbEntity
  8
LINES
100
AcDbLine
 10
266.68
 20
63.5
 30
0.0
 11
266.68
 21
58.03
 31
0.0
  0
LINE
  5
FC5
330
17
100
AcDbEntity
  8
LINES
100
AcDbLine
 10
266.97
 20
61.06
 30
0.0
 11
269.85
 21
61.49
 31
0.0
  0
LINE
  5
FC6
330
17
100
AcDbEntity
  8
LINES
100
AcDbLine
 10
268.27
 20
63.65
 30
0.0
 11
268.27
 21
59.33
 31
0.0
  0
LINE
  5
FC7
330
17
100
AcDbEntity
  8
LINES
100
AcDbLine
 10
267.26
 20
59.04
 30
0.0
 11
269.42
 21
59.47
 31
0.0
  0
LINE
  5
FC8
330
17
100
AcDbEntity
  8
LINES
100
AcDbLine
 10
267.26
 20
58.61
 30
0.0
 11
267.69
 21
57.6
 31
0.0
  0
LINE
  5
FC9
330
17
100
AcDbEntity
  8
LINES
100
AcDbLine
 10
265.24
 20
57.02
 30
0.0
 11
269.85
 21
57.6
 31
0.0
  0
LINE
  5
FCA
330
17
100
AcDbEntity
  8
LINES
100
AcDbLine
 10
266.83
 20
56.02
 30
0.0
 11
266.83
 21
53.28
 31
0.0
  0
LINE
  5
FCB
330
17
100
AcDbEntity
  8
LINES
100
AcDbLine
 10
266.54
 20
52.99
 30
0.0
 11
267.98
 21
54.58
 31
0.0
  0
LINE
  5
FCC
330
17
100
AcDbEntity
  8
LINES
100
AcDbLine
 10
269.13
 20
56.74
 30
0.0
 11
268.27
 21
55.58
 31
0.0
  0
LINE
  5
FCD
330
17
100
AcDbEntity
  8
LINES
100
AcDbLine
 10
271.87
 20
53.71
 30
0.0
 11
272.87
 21
56.02
 31
0.0
  0
LINE
  5
FCE
330
17
100
AcDbEntity
  8
LINES
100
AcDbLine
 10
271.58
 20
62.64
 30
0.0
 11
272.44
 21
60.77
 31
0.0
  0
LINE
  5
FCF
330
17
100
AcDbEntity
  8
LINES
100
AcDbLine
 10
272.15
 20
59.47
 30
0.0
 11
271.87
 21
54.0
 31
0.0
  0
LINE
  5
FD0
330
17
100
AcDbEntity
  8
LINES
100
AcDbLine
 10
270.86
 20
58.9
 30
0.0
 11
272.15
 21
59.18
 31
0.0
  0
LINE
  5
FD1
330
17
100
AcDbEntity
  8
LINES
100
AcDbLine
 10
273.45
 20
63.22
 30
0.0
 11
274.03
 21
60.91
 31
0.0
  0
LINE
  5
FD2
330
17
100
AcDbEntity
  8
LINES
100
AcDbLine
 10
275.32
 20
63.5
 30
0.0
 11
274.6
 21
60.62
 31
0.0
  0
LINE
  5
FD3
330
17
100
AcDbEntity
  8
LINES
100
AcDbLine
 10
273.45
 20
61.06
 30
0.0
 11
273.45
 21
57.46
 31
0.0
  0
LINE
  5
FD4
330
17
100
AcDbEntity
  8
LINES
100
AcDbLine
 10
273.45
 20
60.34
 30
0.0
 11
275.47
 21
60.62
 31
0.0
  0
LINE
  5
FD5
330
17
100
AcDbEntity
  8
LINES
100
AcDbLine
 10
273.45
 20
58.03
 30
0.0
 11
275.47
 21
58.32
 31
0.0
  0
LINE
  5
FD6
330
17
100
AcDbEntity
  8
LINES
100
AcDbLine
 10
274.75
 20
58.18
 30
0.0
 11
274.75
 21
54.29
 31
0.0
  0
LINE
  5
FD7
330
17
100
AcDbEntity
  8
LINES
100
AcDbLine
 10
275.18
 20
53.42
 30
0.0
 11
276.47
 21
53.42
 31
0.0
  0
LINE
  5
FD8
330
17
100
AcDbEntity
  8
LINES
100
AcDbLine
 10
274.03
 20
58.18
 30
0.0
 11
273.74
 21
56.16
 31
0.0
  0
LINE
  5
FD9
330
17
100
AcDbEntity
  8
LINES
100
AcDbLine
 10
274.03
 20
58.18
 30
0.0
 11
273.59
 21
55.44
 31
0.0
  0
LINE
  5
FDA
330
17
100
AcDbEntity
  8
LINES
100
AcDbLine
 10
275.47
 20
60.77
 30
0.0
 11
275.18
 21
58.32
 31
0.0
  0
LINE
  5
FDB
330
17
100
AcDbEntity
  8
LINES
100
AcDbLine
 10
273.59
 20
55.3
 30
0.0
 11
272.3
 21
52.99
 31
0.0
  0
LINE
  5
FDC
330
17
100
AcDbEntity
  8
LINES
100
AcDbLine
 10
277.48
 20
62.5
 30
0.0
 11
277.48
 21
55.58
 31
0.0
  0
LINE
  5
FDD
330
17
100
AcDbEntity
  8
LINES
100
AcDbLine
 10
279.93
 20
62.64
 30
0.0
 11
281.51
 21
62.78
 31
0.0
  0
LINE
  5
FDE
330
17
100
AcDbEntity
  8
LINES
100
AcDbLine
 10
279.79
 20
57.74
 30
0.0
 11
281.37
 21
58.03
 31
0.0
  0
LINE
  5
FDF
330
17
100
AcDbEntity
  8
LINES
100
AcDbLine
 10
279.93
 20
60.19
 30
0.0
 11
281.37
 21
60.34
 31
0.0
  0
LINE
  5
FE0
330
17
100
AcDbEntity
  8
LINES
100
AcDbLine
 10
277.48
 20
61.78
 30
0.0
 11
278.92
 21
62.06
 31
0.0
  0
LINE
  5
FE1
330
17
100
AcDbEntity
  8
LINES
100
AcDbLine
 10
278.92
 20
62.35
 30
0.0
 11
278.78
 21
55.87
 31
0.0
  0
LINE
  5
FE2
330
17
100
AcDbEntity
  8
LINES
100
AcDbLine
 10
277.48
 20
59.47
 30
0.0
 11
278.63
 21
59.62
 31
0.0
  0
LINE
  5
FE3
330
17
100
AcDbEntity
  8
LINES
100
AcDbLine
 10
277.48
 20
56.74
 30
0.0
 11
278.78
 21
56.88
 31
0.0
  0
LINE
  5
FE4
330
17
100
AcDbEntity
  8
LINES
100
AcDbLine
 10
287.85
 20
58.9
 30
0.0
 11
283.39
 21
58.03
 31
0.0
  0
LINE
  5
FE5
330
17
100
AcDbEntity
  8
LINES
100
AcDbLine
 10
286.7
 20
58.75
 30
0.0
 11
286.99
 21
61.49
 31
0.0
  0
LINE
  5
FE6
330
17
100
AcDbEntity
  8
LINES
100
AcDbLine
 10
286.99
 20
61.2
 30
0.0
 11
284.25
 21
60.48
 31
0.0
  0
LINE
  5
FE7
330
17
100
AcDbEntity
  8
LINES
100
AcDbLine
 10
287.85
 20
60.91
 30
0.0
 11
286.99
 21
62.78
 31
0.0
  0
LINE
  5
FE8
330
17
100
AcDbEntity
  8
LINES
100
AcDbLine
 10
285.69
 20
63.79
 30
0.0
 11
285.69
 21
52.99
 31
0.0
  0
LINE
  5
FE9
330
17
100
AcDbEntity
  8
LINES
100
AcDbLine
 10
293.61
 20
60.05
 30
0.0
 11
292.17
 21
59.62
 31
0.0
  0
LINE
  5
FEA
330
17
100
AcDbEntity
  8
LINES
100
AcDbLine
 10
292.31
 20
59.76
 30
0.0
 11
293.61
 21
63.22
 31
0.0
  0
LINE
  5
FEB
330
17
100
AcDbEntity
  8
LINES
100
AcDbLine
 10
293.47
 20
62.93
 30
0.0
 11
290.3
 21
62.21
 31
0.0
  0
LINE
  5
FEC
330
17
100
AcDbEntity
  8
LINES
100
AcDbLine
 10
289.87
 20
55.58
 30
0.0
 11
289.15
 21
53.71
 31
0.0
  0
LINE
  5
FED
330
17
100
AcDbEntity
  8
LINES
100
AcDbLine
 10
295.19
 20
58.9
 30
0.0
 11
296.92
 21
59.33
 31
0.0
  0
LINE
  5
FEE
330
17
100
AcDbEntity
  8
LINES
100
AcDbLine
 10
296.06
 20
62.64
 30
0.0
 11
296.63
 21
61.06
 31
0.0
  0
LINE
  5
FEF
330
17
100
AcDbEntity
  8
LINES
100
AcDbLine
 10
297.64
 20
62.21
 30
0.0
 11
299.8
 21
62.64
 31
0.0
  0
LINE
  5
FF0
330
17
100
AcDbEntity
  8
LINES
100
AcDbLine
 10
297.5
 20
59.76
 30
0.0
 11
300.38
 21
60.34
 31
0.0
  0
LINE
  5
FF1
330
17
100
AcDbEntity
  8
LINES
100
AcDbLine
 10
299.37
 20
58.32
 30
0.0
 11
299.95
 21
55.87
 31
0.0
  0
LINE
  5
FF2
330
17
100
AcDbEntity
  8
LINES
100
AcDbLine
 10
297.5
 20
56.16
 30
0.0
 11
299.66
 21
57.02
 31
0.0
  0
LINE
  5
FF3
330
17
100
AcDbEntity
  8
LINES
100
AcDbLine
 10
298.65
 20
59.9
 30
0.0
 11
297.79
 21
56.16
 31
0.0
  0
LINE
  5
FF4
330
17
100
AcDbEntity
  8
LINES
100
AcDbLine
 10
301.24
 20
57.02
 30
0.0
 11
303.55
 21
61.2
 31
0.0
  0
LINE
  5
FF5
330
17
100
AcDbEntity
  8
LINES
100
AcDbLine
 10
302.83
 20
59.9
 30
0.0
 11
302.83
 21
53.42
 31
0.0
  0
LINE
  5
FF6
330
17
100
AcDbEntity
  8
LINES
100
AcDbLine
 10
303.55
 20
59.62
 30
0.0
 11
306.43
 21
60.19
 31
0.0
  0
LINE
  5
FF7
330
17
100
AcDbEntity
  8
LINES
100
AcDbLine
 10
303.98
 20
62.21
 30
0.0
 11
305.71
 21
62.5
 31
0.0
  0
LINE
  5
FF8
330
17
100
AcDbEntity
  8
LINES
100
AcDbLine
 10
303.26
 20
63.5
 30
0.0
 11
301.67
 21
60.34
 31
0.0
  0
LINE
  5
FF9
330
17
100
AcDbEntity
  8
LINES
100
AcDbLine
 10
308.87
 20
63.5
 30
0.0
 11
309.59
 21
61.49
 31
0.0
  0
LINE
  5
FFA
330
17
100
AcDbEntity
  8
LINES
100
AcDbLine
 10
311.03
 20
63.5
 30
0.0
 11
310.31
 21
61.06
 31
0.0
  0
LINE
  5
FFB
330
17
100
AcDbEntity
  8
LINES
100
AcDbLine
 10
308.59
 20
61.34
 30
0.0
 11
308.59
 21
57.17
 31
0.0
  0
LINE
  5
FFC
330
17
100
AcDbEntity
  8
LINES
100
AcDbLine
 10
308.59
 20
57.6
 30
0.0
 11
311.61
 21
57.89
 31
0.0
  0
LINE
  5
FFD
330
17
100
AcDbEntity
  8
LINES
100
AcDbLine
 10
311.47
 20
61.06
 30
0.0
 11
308.59
 21
60.77
 31
0.0
  0
LINE
  5
FFE
330
17
100
AcDbEntity
  8
LINES
100
AcDbLine
 10
309.02
 20
59.33
 30
0.0
 11
311.03
 21
59.47
 31
0.0
  0
LINE
  5
FFF
330
17
100
AcDbEntity
  8
LINES
100
AcDbLine
 10
307.29
 20
56.16
 30
0.0
 11
312.62
 21
56.74
 31
0.0
  0
LINE
  5
1000
330
17
100
AcDbEntity
  8
LINES
100
AcDbLine
 10
311.47
 20
61.34
 30
0.0
 11
311.32
 21
57.89
 31
0.0
  0
LINE
  5
1001
330
17
100
AcDbEntity
  8
LINES
100
AcDbLine
 10
310.03
 20
52.99
 30
0.0
 11
310.03
 21
60.77
 31
0.0
  0
LINE
  5
1002
330
17
100
AcDbEntity
  8
LINES
100
AcDbLine
 10
315.07
 20
63.5
 30
0.0
 11
313.05
 21
58.18
 31
0.0
  0
LINE
  5
1003
330
17
100
AcDbEntity
  8
LINES
100
AcDbLine
 10
314.35
 20
61.34
 30
0.0
 11
314.35
 21
52.99
 31
0.0
  0
LINE
  5
1004
330
17
100
AcDbEntity
  8
LINES
100
AcDbLine
 10
316.36
 20
63.22
 30
0.0
 11
316.94
 21
61.34
 31
0.0
  0
LINE
  5
1005
330
17
100
AcDbEntity
  8
LINES
100
AcDbLine
 10
315.07
 20
60.05
 30
0.0
 11
318.23
 21
60.48
 31
0.0
  0
LINE
  5
1006
330
17
100
AcDbEntity
  8
LINES
100
AcDbLine
 10
315.64
 20
58.9
 30
0.0
 11
316.22
 21
56.16
 31
0.0
  0
LINE
  5
1007
330
17
100
AcDbEntity
  8
LINES
100
AcDbLine
 10
317.51
 20
59.33
 30
0.0
 11
316.79
 21
54.58
 31
0.0
  0
LINE
  5
1008
330
17
100
AcDbEntity
  8
LINES
100
AcDbLine
 10
314.78
 20
54.29
 30
0.0
 11
318.67
 21
54.72
 31
0.0
  0
LINE
  5
1009
330
17
100
AcDbEntity
  8
LINES
100
AcDbLine
 10
320.11
 20
61.34
 30
0.0
 11
323.99
 21
61.78
 31
0.0
  0
LINE
  5
100A
330
17
100
AcDbEntity
  8
LINES
100
AcDbLine
 10
319.39
 20
54.86
 30
0.0
 11
324.57
 21
55.3
 31
0.0
  0
LINE
  5
100B
330
17
100
AcDbEntity
  8
LINES
100
AcDbLine
 10
322.12
 20
61.49
 30
0.0
 11
321.98
 21
55.01
 31
0.0
  0
LINE
  5
100C
330
17
100
AcDbEntity
  8
LINES
100
AcDbLine
 10
326.59
 20
61.34
 30
0.0
 11
326.59
 21
52.99
 31
0.0
  0
LINE
  5
100D
330
17
100
AcDbEntity
  8
LINES
100
AcDbLine
 10
328.31
 20
60.34
 30
0.0
 11
330.91
 21
60.77
 31
0.0
  0
LINE
  5
100E
330
17
100
AcDbEntity
  8
LINES
100
AcDbLine
 10
328.6
 20
58.18
 30
0.0
 11
330.19
 21
58.46
 31
0.0
  0
LINE
  5
100F
330
17
100
AcDbEntity
  8
LINES
100
AcDbLine
 10
330.47
 20
56.45
 30
0.0
 11
328.6
 21
56.16
 31
0.0
  0
LINE
  5
1010
330
17
100
AcDbEntity
  8
LINES
100
AcDbLine
 10
326.3
 20
60.77
 30
0.0
 11
325.43
 21
58.18
 31
0.0
  0
LINE
  5
1011
330
17
100
AcDbEntity
  8
LINES
100
AcDbLine
 10
328.6
 20
60.34
 30
0.0
 11
328.6
 21
52.99
 31
0.0
  0
LINE
  5
1012
330
17
100
AcDbEntity
  8
LINES
100
AcDbLine
 10
327.02
 20
63.36
 30
0.0
 11
326.3
 21
60.62
 31
0.0
  0
LINE
  5
1013
330
17
100
AcDbEntity
  8
LINES
100
AcDbLine
 10
334.94
 20
60.77
 30
0.0
 11
334.94
 21
55.44
 31
0.0
  0
LINE
  5
1014
330
17
100
AcDbEntity
  8
LINES
100
AcDbLine
 10
334.22
 20
57.46
 30
0.0
 11
335.66
 21
57.6
 31
0.0
  0
LINE
  5
1015
330
17
100
AcDbEntity
  8
LINES
100
AcDbLine
 10
334.22
 20
58.9
 30
0.0
 11
335.51
 21
59.18
 31
0.0
  0
LINE
  5
1016
330
17
100
AcDbEntity
  8
LINES
100
AcDbLine
 10
334.51
 20
61.92
 30
0.0
 11
335.08
 21
60.77
 31
0.0
  0
LINE
  5
1017
330
17
100
AcDbEntity
  8
LINES
100
AcDbLine
 10
333.79
 20
60.48
 30
0.0
 11
336.23
 21
60.91
 31
0.0
  0
LINE
  5
1018
330
17
100
AcDbEntity
  8
LINES
100
AcDbLine
 10
333.79
 20
61.06
 30
0.0
 11
333.79
 21
55.58
 31
0.0
  0
LINE
  5
1019
330
17
100
AcDbEntity
  8
LINES
100
AcDbLine
 10
331.48
 20
58.9
 30
0.0
 11
333.21
 21
59.33
 31
0.0
  0
LINE
  5
101A
330
17
100
AcDbEntity
  8
LINES
100
AcDbLine
 10
332.35
 20
62.64
 30
0.0
 11
332.92
 21
61.06
 31
0.0
  0
LINE
  5
101B
330
17
100
AcDbEntity
  8
LINES
100
AcDbLine
 10
335.95
 20
63.5
 30
0.0
 11
334.79
 21
61.49
 31
0.0
  0
LINE
  5
101C
330
17
100
AcDbEntity
  8
LINES
100
AcDbLine
 10
333.79
 20
62.78
 30
0.0
 11
335.66
 21
63.07
 31
0.0
  0
LINE
  5
101D
330
17
100
AcDbEntity
  8
LINES
100
AcDbLine
 10
336.23
 20
53.42
 30
0.0
 11
336.81
 21
53.71
 31
0.0
  0
LINE
  5
101E
330
17
100
AcDbEntity
  8
LINES
100
AcDbLine
 10
341.13
 20
60.91
 30
0.0
 11
341.13
 21
54.72
 31
0.0
  0
LINE
  5
101F
330
17
100
AcDbEntity
  8
LINES
100
AcDbLine
 10
341.13
 20
55.73
 30
0.0
 11
342.86
 21
56.02
 31
0.0
  0
LINE
  5
1020
330
17
100
AcDbEntity
  8
LINES
100
AcDbLine
 10
342.57
 20
56.02
 30
0.0
 11
342.71
 21
60.77
 31
0.0
  0
LINE
  5
1021
330
17
100
AcDbEntity
  8
LINES
100
AcDbLine
 10
342.71
 20
60.19
 30
0.0
 11
341.13
 21
60.05
 31
0.0
  0
LINE
  5
1022
330
17
100
AcDbEntity
  8
LINES
100
AcDbLine
 10
338.83
 20
60.48
 30
0.0
 11
340.55
 21
61.06
 31
0.0
  0
LINE
  5
1023
330
17
100
AcDbEntity
  8
LINES
100
AcDbLine
 10
340.55
 20
58.46
 30
0.0
 11
337.53
 21
57.6
 31
0.0
  0
LINE
  5
1024
330
17
100
AcDbEntity
  8
LINES
100
AcDbLine
 10
345.16
 20
63.5
 30
0.0
 11
345.88
 21
61.49
 31
0.0
  0
LINE
  5
1025
330
17
100
AcDbEntity
  8
LINES
100
AcDbLine
 10
347.32
 20
63.5
 30
0.0
 11
346.6
 21
61.06
 31
0.0
  0
LINE
  5
1026
330
17
100
AcDbEntity
  8
LINES
100
AcDbLine
 10
344.87
 20
61.34
 30
0.0
 11
344.87
 21
57.17
 31
0.0
  0
LINE
  5
1027
330
17
100
AcDbEntity
  8
LINES
100
AcDbLine
 10
344.87
 20
57.6
 30
0.0
 11
347.9
 21
57.89
 31
0.0
  0
LINE
  5
1028
330
17
100
AcDbEntity
  8
LINES
100
AcDbLine
 10
347.75
 20
61.06
 30
0.0
 11
344.87
 21
60.77
 31
0.0
  0
LINE
  5
1029
330
17
100
AcDbEntity
  8
LINES
100
AcDbLine
 10
345.31
 20
59.33
 30
0.0
 11
347.32
 21
59.47
 31
0.0
  0
LINE
  5
102A
330
17
100
AcDbEntity
  8
LINES
100
AcDbLine
 10
343.58
 20
56.16
 30
0.0
 11
348.91
 21
56.74
 31
0.0
  0
LINE
  5
102B
330
17
100
AcDbEntity
  8
LINES
100
AcDbLine
 10
347.75
 20
61.34
 30
0.0
 11
347.61
 21
57.89
 31
0.0
  0
LINE
  5
102C
330
17
100
AcDbEntity
  8
LINES
100
AcDbLine
 10
346.31
 20
52.99
 30
0.0
 11
346.31
 21
60.77
 31
0.0
  0
LINE
  5
102D
330
17
100
AcDbEntity
  8
LINES
100
AcDbLine
 10
714.38
 20
632.45
 30
0.0
 11
887.61
 21
632.45
 31
0.0
  0
LINE
  5
102E
330
17
100
AcDbEntity
  8
LINES
100
AcDbLine
 10
887.9
 20
632.16
 30
0.0
 11
887.9
 21
622.66
 31
0.0
  0
LINE
  5
102F
330
17
100
AcDbEntity
  8
LINES
100
AcDbLine
 10
887.61
 20
622.51
 30
0.0
 11
714.38
 21
622.51
 31
0.0
  0
LINE
  5
1030
330
17
100
AcDbEntity
  8
LINES
100
AcDbLine
 10
714.23
 20
622.66
 30
0.0
 11
714.23
 21
632.16
 31
0.0
  0
LINE
  5
1031
330
17
100
AcDbEntity
  8
LINES
100
AcDbLine
 10
718.27
 20
622.94
 30
0.0
 11
714.95
 21
622.94
 31
0.0
  0
LINE
  5
1032
330
17
100
AcDbEntity
  8
LINES
100
AcDbLine
 10
714.67
 20
623.23
 30
0.0
 11
714.67
 21
631.58
 31
0.0
  0
LINE
  5
1033
330
17
100
AcDbEntity
  8
LINES
100
AcDbLine
 10
714.95
 20
631.87
 30
0.0
 11
886.75
 21
631.87
 31
0.0
  0
LINE
  5
1034
330
17
100
AcDbEntity
  8
LINES
100
AcDbLine
 10
887.03
 20
631.58
 30
0.0
 11
887.03
 21
623.23
 31
0.0
  0
LINE
  5
1035
330
17
100
AcDbEntity
  8
LINES
100
AcDbLine
 10
886.75
 20
622.94
 30
0.0
 11
718.27
 21
622.94
 31
0.0
  0
LINE
  5
1036
330
17
100
AcDbEntity
  8
LINES
100
AcDbLine
 10
791.27
 20
629.57
 30
0.0
 11
791.27
 21
627.7
 31
0.0
  0
LINE
  5
1037
330
17
100
AcDbEntity
  8
LINES
100
AcDbLine
 10
791.71
 20
626.83
 30
0.0
 11
791.56
 21
625.68
 31
0.0
  0
LINE
  5
1038
330
17
100
AcDbEntity
  8
LINES
100
AcDbLine
 10
789.98
 20
624.67
 30
0.0
 11
790.55
 21
626.11
 31
0.0
  0
LINE
  5
1039
330
17
100
AcDbEntity
  8
LINES
100
AcDbLine
 10
790.99
 20
625.54
 30
0.0
 11
791.71
 21
625.68
 31
0.0
  0
LINE
  5
103A
330
17
100
AcDbEntity
  8
LINES
100
AcDbLine
 10
790.99
 20
626.54
 30
0.0
 11
791.71
 21
626.69
 31
0.0
  0
LINE
  5
103B
330
17
100
AcDbEntity
  8
LINES
100
AcDbLine
 10
790.99
 20
626.98
 30
0.0
 11
790.99
 21
625.1
 31
0.0
  0
LINE
  5
103C
330
17
100
AcDbEntity
  8
LINES
100
AcDbLine
 10
790.84
 20
627.55
 30
0.0
 11
791.85
 21
627.7
 31
0.0
  0
LINE
  5
103D
330
17
100
AcDbEntity
  8
LINES
100
AcDbLine
 10
790.99
 20
628.42
 30
0.0
 11
791.71
 21
628.56
 31
0.0
  0
LINE
  5
103E
330
17
100
AcDbEntity
  8
LINES
100
AcDbLine
 10
790.7
 20
629.86
 30
0.0
 11
791.99
 21
630.0
 31
0.0
  0
LINE
  5
103F
330
17
100
AcDbEntity
  8
LINES
100
AcDbLine
 10
789.98
 20
630.14
 30
0.0
 11
790.27
 21
628.99
 31
0.0
  0
LINE
  5
1040
330
17
100
AcDbEntity
  8
LINES
100
AcDbLine
 10
790.12
 20
628.13
 30
0.0
 11
790.12
 21
624.67
 31
0.0
  0
LINE
  5
1041
330
17
100
AcDbEntity
  8
LINES
100
AcDbLine
 10
789.55
 20
627.7
 30
0.0
 11
790.12
 21
627.98
 31
0.0
  0
LINE
  5
1042
330
17
100
AcDbEntity
  8
LINES
100
AcDbLine
 10
793.72
 20
630.43
 30
0.0
 11
794.01
 21
629.28
 31
0.0
  0
LINE
  5
1043
330
17
100
AcDbEntity
  8
LINES
100
AcDbLine
 10
793.15
 20
628.85
 30
0.0
 11
794.87
 21
629.28
 31
0.0
  0
LINE
  5
1044
330
17
100
AcDbEntity
  8
LINES
100
AcDbLine
 10
793.58
 20
628.85
 30
0.0
 11
793.58
 21
626.69
 31
0.0
  0
LINE
  5
1045
330
17
100
AcDbEntity
  8
LINES
100
AcDbLine
 10
793.58
 20
626.83
 30
0.0
 11
794.3
 21
626.98
 31
0.0
  0
LINE
  5
1046
330
17
100
AcDbEntity
  8
LINES
100
AcDbLine
 10
794.3
 20
626.98
 30
0.0
 11
794.3
 21
628.99
 31
0.0
  0
LINE
  5
1047
330
17
100
AcDbEntity
  8
LINES
100
AcDbLine
 10
793.58
 20
626.11
 30
0.0
 11
794.44
 21
626.4
 31
0.0
  0
LINE
  5
1048
330
17
100
AcDbEntity
  8
LINES
100
AcDbLine
 10
794.01
 20
624.82
 30
0.0
 11
792.86
 21
623.66
 31
0.0
  0
LINE
  5
1049
330
17
100
AcDbEntity
  8
LINES
100
AcDbLine
 10
793.15
 20
627.7
 30
0.0
 11
794.87
 21
627.98
 31
0.0
  0
LINE
  5
104A
330
17
100
AcDbEntity
  8
LINES
100
AcDbLine
 10
795.02
 20
623.95
 30
0.0
 11
795.02
 21
631.01
 31
0.0
  0
LINE
  5
104B
330
17
100
AcDbEntity
  8
LINES
100
AcDbLine
 10
797.32
 20
626.26
 30
0.0
 11
799.34
 21
626.26
 31
0.0
  0
LINE
  5
104C
330
17
100
AcDbEntity
  8
LINES
100
AcDbLine
 10
809.85
 20
630.58
 30
0.0
 11
810.14
 21
629.28
 31
0.0
  0
LINE
  5
104D
330
17
100
AcDbEntity
  8
LINES
100
AcDbLine
 10
809.13
 20
628.85
 30
0.0
 11
811.0
 21
629.14
 31
0.0
  0
LINE
  5
104E
330
17
100
AcDbEntity
  8
LINES
100
AcDbLine
 10
813.16
 20
626.11
 30
0.0
 11
812.3
 21
625.82
 31
0.0
  0
LINE
  5
104F
330
17
100
AcDbEntity
  8
LINES
100
AcDbLine
 10
813.16
 20
624.53
 30
0.0
 11
813.16
 21
626.4
 31
0.0
  0
LINE
  5
1050
330
17
100
AcDbEntity
  8
LINES
100
AcDbLine
 10
812.3
 20
624.38
 30
0.0
 11
813.16
 21
624.53
 31
0.0
  0
LINE
  5
1051
330
17
100
AcDbEntity
  8
LINES
100
AcDbLine
 10
812.3
 20
626.26
 30
0.0
 11
812.3
 21
623.95
 31
0.0
  0
LINE
  5
1052
330
17
100
AcDbEntity
  8
LINES
100
AcDbLine
 10
812.3
 20
627.12
 30
0.0
 11
813.16
 21
627.26
 31
0.0
  0
LINE
  5
1053
330
17
100
AcDbEntity
  8
LINES
100
AcDbLine
 10
812.01
 20
627.26
 30
0.0
 11
811.29
 21
627.12
 31
0.0
  0
LINE
  5
1054
330
17
100
AcDbEntity
  8
LINES
100
AcDbLine
 10
812.01
 20
629.28
 30
0.0
 11
811.87
 21
627.26
 31
0.0
  0
LINE
  5
1055
330
17
100
AcDbEntity
  8
LINES
100
AcDbLine
 10
811.29
 20
628.99
 30
0.0
 11
812.01
 21
629.14
 31
0.0
  0
LINE
  5
1056
330
17
100
AcDbEntity
  8
LINES
100
AcDbLine
 10
811.29
 20
629.42
 30
0.0
 11
811.29
 21
626.54
 31
0.0
  0
LINE
  5
1057
330
17
100
AcDbEntity
  8
LINES
100
AcDbLine
 10
924.04
 20
96.34
 30
0.0
 11
668.87
 21
96.34
 31
0.0
  0
LINE
  5
1058
330
17
100
AcDbEntity
  8
LINES
100
AcDbLine
 10
668.87
 20
121.82
 30
0.0
 11
1179.07
 21
121.82
 31
0.0
  0
LINE
  5
1059
330
17
100
AcDbEntity
  8
LINES
100
AcDbLine
 10
935.13
 20
70.7
 30
0.0
 11
1179.07
 21
70.7
 31
0.0
  0
LINE
  5
105A
330
17
100
AcDbEntity
  8
LINES
100
AcDbLine
 10
725.61
 20
45.36
 30
0.0
 11
725.61
 21
121.82
 31
0.0
  0
LINE
  5
105B
330
17
100
AcDbEntity
  8
LINES
100
AcDbLine
 10
924.04
 20
158.69
 30
0.0
 11
924.04
 21
45.36
 31
0.0
  0
LINE
  5
105C
330
17
100
AcDbEntity
  8
LINES
100
AcDbLine
 10
853.19
 20
45.36
 30
0.0
 11
853.19
 21
121.82
 31
0.0
  0
LINE
  5
105D
330
17
100
AcDbEntity
  8
LINES
100
AcDbLine
 10
796.46
 20
121.82
 30
0.0
 11
796.46
 21
45.36
 31
0.0
  0
LINE
  5
105E
330
17
100
AcDbEntity
  8
LINES
100
AcDbLine
 10
966.52
 20
45.22
 30
0.0
 11
966.52
 21
70.7
 31
0.0
  0
LINE
  5
105F
330
17
100
AcDbEntity
  8
LINES
100
AcDbLine
 10
935.13
 20
70.7
 30
0.0
 11
668.87
 21
70.7
 31
0.0
  0
LINE
  5
1060
330
17
100
AcDbEntity
  8
LINES
100
AcDbLine
 10
1122.47
 20
121.82
 30
0.0
 11
1122.47
 21
158.83
 31
0.0
  0
LINE
  5
1061
330
17
100
AcDbEntity
  8
LINES
100
AcDbLine
 10
713.51
 20
534.1
 30
0.0
 11
889.34
 21
534.1
 31
0.0
  0
LINE
  5
1062
330
17
100
AcDbEntity
  8
LINES
100
AcDbLine
 10
713.51
 20
620.64
 30
0.0
 11
889.34
 21
620.64
 31
0.0
  0
LWPOLYLINE
  5
1063
330
17
100
AcDbEntity
  8
RECTS
100
AcDbPolyline
 90
4
 70
0
 10
16.84
 20
858.82
 10
1207.43
 20
858.82
 10
1207.43
 20
16.85
 10
16.84
 20
16.85
  0
LWPOLYLINE
  5
1064
330
17
100
AcDbEntity
  8
POLYLINES
100
AcDbPolyline
 90
4
 70
0
 10
194.25
 20
617.33
 10
194.68
 20
617.47
 10
195.11
 20
618.19
 10
195.11
 20
613.3
  0
LWPOLYLINE
  5
1065
330
17
100
AcDbEntity
  8
POLYLINES
100
AcDbPolyline
 90
23
 70
0
 10
199.43
 20
617.47
 10
199.29
 20
618.05
 10
198.71
 20
618.19
 10
198.28
 20
618.19
 10
197.85
 20
618.05
 10
197.42
 20
617.33
 10
197.27
 20
616.18
 10
197.27
 20
615.02
 10
197.42
 20
614.02
 10
197.85
 20
613.58
 10
198.28
 20
613.3
 10
198.57
 20
613.3
 10
199.15
 20
613.58
 10
199.43
 20
614.02
 10
199.72
 20
614.74
 10
199.72
 20
615.02
 10
199.43
 20
615.6
 10
199.15
 20
616.18
 10
198.57
 20
616.32
 10
198.28
 20
616.32
 10
197.85
 20
616.18
 10
197.42
 20
615.6
 10
197.27
 20
615.02
  0
LWPOLYLINE
  5
1066
330
17
100
AcDbEntity
  8
POLYLINES
100
AcDbPolyline
 90
4
 70
0
 10
214.12
 20
617.47
 10
214.41
 20
617.62
 10
214.99
 20
618.34
 10
214.99
 20
613.44
  0
LWPOLYLINE
  5
1067
330
17
100
AcDbEntity
  8
POLYLINES
100
AcDbPolyline
 90
15
 70
0
 10
217.43
 20
618.34
 10
219.45
 20
618.34
 10
218.44
 20
616.46
 10
219.02
 20
616.46
 10
219.31
 20
616.32
 10
219.45
 20
616.03
 10
219.74
 20
615.31
 10
219.74
 20
614.88
 10
219.45
 20
614.16
 10
219.16
 20
613.73
 10
218.59
 20
613.44
 10
218.01
 20
613.44
 10
217.43
 20
613.73
 10
217.29
 20
613.87
 10
217.15
 20
614.45
  0
LWPOLYLINE
  5
1068
330
17
100
AcDbEntity
  8
POLYLINES
100
AcDbPolyline
 90
4
 70
0
 10
220.89
 20
617.47
 10
221.18
 20
617.62
 10
221.75
 20
618.34
 10
221.75
 20
613.44
  0
LWPOLYLINE
  5
1069
330
17
100
AcDbEntity
  8
POLYLINES
100
AcDbPolyline
 90
14
 70
0
 10
224.06
 20
617.18
 10
224.06
 20
617.47
 10
224.2
 20
617.9
 10
224.35
 20
618.19
 10
224.78
 20
618.34
 10
225.5
 20
618.34
 10
225.93
 20
618.19
 10
226.07
 20
617.9
 10
226.22
 20
617.47
 10
226.22
 20
617.04
 10
226.07
 20
616.46
 10
225.64
 20
615.74
 10
223.77
 20
613.44
 10
226.36
 20
613.44
  0
LWPOLYLINE
  5
106A
330
17
100
AcDbEntity
  8
POLYLINES
100
AcDbPolyline
 90
4
 70
0
 10
227.37
 20
617.47
 10
227.8
 20
617.62
 10
228.38
 20
618.34
 10
228.38
 20
613.44
  0
LWPOLYLINE
  5
106B
330
17
100
AcDbEntity
  8
POLYLINES
100
AcDbPolyline
 90
4
 70
0
 10
230.39
 20
617.47
 10
230.83
 20
617.62
 10
231.4
 20
618.34
 10
231.4
 20
613.44
  0
LWPOLYLINE
  5
106C
330
17
100
AcDbEntity
  8
POLYLINES
100
AcDbPolyline
 90
4
 70
0
 10
235.29
 20
617.47
 10
235.58
 20
617.62
 10
236.15
 20
618.34
 10
236.15
 20
613.44
  0
LWPOLYLINE
  5
106D
330
17
100
AcDbEntity
  8
POLYLINES
100
AcDbPolyline
 90
17
 70
0
 10
239.32
 20
618.34
 10
238.75
 20
618.19
 10
238.46
 20
617.47
 10
238.17
 20
616.32
 10
238.17
 20
615.6
 10
238.46
 20
614.45
 10
238.75
 20
613.73
 10
239.32
 20
613.44
 10
239.75
 20
613.44
 10
240.33
 20
613.73
 10
240.62
 20
614.45
 10
240.91
 20
615.6
 10
240.91
 20
616.32
 10
240.62
 20
617.47
 10
240.33
 20
618.19
 10
239.75
 20
618.34
 10
239.32
 20
618.34
  0
LWPOLYLINE
  5
106E
330
17
100
AcDbEntity
  8
POLYLINES
100
AcDbPolyline
 90
23
 70
0
 10
246.38
 20
616.75
 10
246.23
 20
616.03
 10
245.8
 20
615.6
 10
245.23
 20
615.31
 10
245.08
 20
615.31
 10
244.51
 20
615.6
 10
244.22
 20
616.03
 10
243.93
 20
616.75
 10
243.93
 20
617.04
 10
244.22
 20
617.62
 10
244.51
 20
618.19
 10
245.08
 20
618.34
 10
245.23
 20
618.34
 10
245.8
 20
618.19
 10
246.23
 20
617.62
 10
246.38
 20
616.75
 10
246.38
 20
615.6
 10
246.23
 20
614.45
 10
245.8
 20
613.73
 10
245.23
 20
613.44
 10
244.94
 20
613.44
 10
244.36
 20
613.73
 10
244.22
 20
614.16
  0
LWPOLYLINE
  5
106F
330
17
100
AcDbEntity
  8
POLYLINES
100
AcDbPolyline
 90
29
 70
0
 10
251.56
 20
618.48
 10
250.99
 20
618.19
 10
250.84
 20
617.76
 10
250.84
 20
617.18
 10
250.99
 20
616.75
 10
251.42
 20
616.61
 10
252.14
 20
616.32
 10
252.71
 20
616.03
 10
253.15
 20
615.6
 10
253.29
 20
615.17
 10
253.29
 20
614.45
 10
253.15
 20
614.02
 10
252.86
 20
613.73
 10
252.28
 20
613.44
 10
251.56
 20
613.44
 10
250.99
 20
613.73
 10
250.84
 20
614.02
 10
250.7
 20
614.45
 10
250.7
 20
615.17
 10
250.84
 20
615.6
 10
251.27
 20
616.03
 10
251.85
 20
616.32
 10
252.57
 20
616.61
 10
252.86
 20
616.75
 10
253.15
 20
617.18
 10
253.15
 20
617.76
 10
252.86
 20
618.19
 10
252.28
 20
618.48
 10
251.56
 20
618.48
  0
LWPOLYLINE
  5
1070
330
17
100
AcDbEntity
  8
POLYLINES
100
AcDbPolyline
 90
3
 70
0
 10
257.9
 20
618.48
 10
260.63
 20
618.48
 10
258.76
 20
613.44
  0
LWPOLYLINE
  5
1071
330
17
100
AcDbEntity
  8
POLYLINES
100
AcDbPolyline
 90
23
 70
0
 10
265.96
 20
617.33
 10
265.82
 20
617.76
 10
265.24
 20
618.05
 10
264.95
 20
618.05
 10
264.38
 20
617.76
 10
263.95
 20
617.04
 10
263.8
 20
615.89
 10
263.8
 20
614.74
 10
263.95
 20
613.87
 10
264.38
 20
613.3
 10
264.95
 20
613.15
 10
265.1
 20
613.15
 10
265.67
 20
613.3
 10
265.96
 20
613.87
 10
266.25
 20
614.45
 10
266.25
 20
614.74
 10
265.96
 20
615.46
 10
265.67
 20
615.89
 10
265.1
 20
616.18
 10
264.95
 20
616.18
 10
264.38
 20
615.89
 10
263.95
 20
615.46
 10
263.8
 20
614.74
  0
LWPOLYLINE
  5
1072
330
17
100
AcDbEntity
  8
POLYLINES
100
AcDbPolyline
 90
17
 70
0
 10
275.18
 20
618.05
 10
273.31
 20
618.05
 10
273.16
 20
615.89
 10
273.31
 20
616.18
 10
273.88
 20
616.32
 10
274.46
 20
616.32
 10
275.03
 20
616.18
 10
275.32
 20
615.74
 10
275.61
 20
615.02
 10
275.61
 20
614.45
 10
275.32
 20
613.87
 10
275.03
 20
613.3
 10
274.46
 20
613.15
 10
273.88
 20
613.15
 10
273.31
 20
613.3
 10
273.16
 20
613.58
 10
273.02
 20
614.02
  0
LWPOLYLINE
  5
1073
330
17
100
AcDbEntity
  8
POLYLINES
100
AcDbPolyline
 90
3
 70
0
 10
283.96
 20
618.05
 10
282.09
 20
614.74
 10
284.83
 20
614.74
  0
LWPOLYLINE
  5
1074
330
17
100
AcDbEntity
  8
POLYLINES
100
AcDbPolyline
 90
15
 70
0
 10
291.88
 20
618.05
 10
293.9
 20
618.05
 10
292.75
 20
616.18
 10
293.32
 20
616.18
 10
293.75
 20
615.89
 10
293.9
 20
615.74
 10
294.04
 20
615.02
 10
294.04
 20
614.45
 10
293.9
 20
613.87
 10
293.47
 20
613.3
 10
292.89
 20
613.15
 10
292.46
 20
613.15
 10
291.88
 20
613.3
 10
291.59
 20
613.58
 10
291.45
 20
614.02
  0
LWPOLYLINE
  5
1075
330
17
100
AcDbEntity
  8
POLYLINES
100
AcDbPolyline
 90
14
 70
0
 10
298.94
 20
616.9
 10
298.94
 20
617.04
 10
299.08
 20
617.62
 10
299.23
 20
617.76
 10
299.66
 20
618.05
 10
300.38
 20
618.05
 10
300.81
 20
617.76
 10
300.95
 20
617.62
 10
301.1
 20
617.04
 10
301.1
 20
616.61
 10
300.95
 20
616.18
 10
300.52
 20
615.46
 10
298.65
 20
613.15
 10
301.24
 20
613.15
  0
LWPOLYLINE
  5
1076
330
17
100
AcDbEntity
  8
POLYLINES
100
AcDbPolyline
 90
4
 70
0
 10
307.58
 20
617.04
 10
308.01
 20
617.33
 10
308.59
 20
618.05
 10
308.59
 20
613.15
  0
LWPOLYLINE
  5
1077
330
17
100
AcDbEntity
  8
POLYLINES
100
AcDbPolyline
 90
12
 70
0
 10
161.71
 20
563.76
 10
160.41
 20
563.9
 10
158.97
 20
562.32
 10
158.97
 20
562.18
 10
159.69
 20
560.02
 10
160.84
 20
559.87
 10
161.99
 20
559.58
 10
163.43
 20
561.31
 10
161.85
 20
561.6
 10
163.43
 20
561.31
 10
162.71
 20
563.47
 10
161.71
 20
563.76
  0
LWPOLYLINE
  5
1078
330
17
100
AcDbEntity
  8
POLYLINES
100
AcDbPolyline
 90
4
 70
0
 10
161.27
 20
561.74
 10
161.85
 20
561.6
 10
161.13
 20
561.74
 10
161.27
 20
561.74
  0
LWPOLYLINE
  5
1079
330
17
100
AcDbEntity
  8
POLYLINES
100
AcDbPolyline
 90
12
 70
0
 10
161.71
 20
563.76
 10
160.41
 20
563.9
 10
158.97
 20
562.32
 10
158.97
 20
562.18
 10
159.69
 20
560.02
 10
160.84
 20
559.87
 10
161.99
 20
559.58
 10
163.43
 20
561.31
 10
161.85
 20
561.6
 10
163.43
 20
561.31
 10
162.71
 20
563.47
 10
161.71
 20
563.76
  0
LWPOLYLINE
  5
107A
330
17
100
AcDbEntity
  8
POLYLINES
100
AcDbPolyline
 90
4
 70
0
 10
161.27
 20
561.74
 10
161.85
 20
561.6
 10
161.13
 20
561.74
 10
161.27
 20
561.74
  0
LWPOLYLINE
  5
107B
330
17
100
AcDbEntity
  8
POLYLINES
100
AcDbPolyline
 90
7
 70
0
 10
162.71
 20
563.47
 10
160.41
 20
563.9
 10
158.97
 20
562.18
 10
159.69
 20
560.02
 10
161.99
 20
559.58
 10
163.43
 20
561.31
 10
162.71
 20
563.47
  0
LWPOLYLINE
  5
107C
330
17
100
AcDbEntity
  8
POLYLINES
100
AcDbPolyline
 90
11
 70
0
 10
161.71
 20
603.79
 10
160.41
 20
603.94
 10
158.97
 20
602.21
 10
159.69
 20
600.05
 10
160.84
 20
599.9
 10
161.99
 20
599.62
 10
163.43
 20
601.2
 10
161.85
 20
601.63
 10
163.43
 20
601.34
 10
162.71
 20
603.5
 10
161.71
 20
603.79
  0
LWPOLYLINE
  5
107D
330
17
100
AcDbEntity
  8
POLYLINES
100
AcDbPolyline
 90
4
 70
0
 10
161.27
 20
601.78
 10
161.85
 20
601.63
 10
161.13
 20
601.78
 10
161.27
 20
601.78
  0
LWPOLYLINE
  5
107E
330
17
100
AcDbEntity
  8
POLYLINES
100
AcDbPolyline
 90
11
 70
0
 10
161.71
 20
603.79
 10
160.41
 20
603.94
 10
158.97
 20
602.21
 10
159.69
 20
600.05
 10
160.84
 20
599.9
 10
161.99
 20
599.62
 10
163.43
 20
601.2
 10
161.85
 20
601.63
 10
163.43
 20
601.34
 10
162.71
 20
603.5
 10
161.71
 20
603.79
  0
LWPOLYLINE
  5
107F
330
17
100
AcDbEntity
  8
POLYLINES
100
AcDbPolyline
 90
4
 70
0
 10
161.27
 20
601.78
 10
161.85
 20
601.63
 10
161.13
 20
601.78
 10
161.27
 20
601.78
  0
LWPOLYLINE
  5
1080
330
17
100
AcDbEntity
  8
POLYLINES
100
AcDbPolyline
 90
7
 70
0
 10
162.71
 20
603.5
 10
160.41
 20
603.94
 10
158.97
 20
602.21
 10
159.69
 20
600.05
 10
161.99
 20
599.62
 10
163.43
 20
601.34
 10
162.71
 20
603.5
  0
LWPOLYLINE
  5
1081
330
17
100
AcDbEntity
  8
POLYLINES
100
AcDbPolyline
 90
7
 70
0
 10
321.26
 20
601.92
 10
318.95
 20
602.35
 10
317.51
 20
600.62
 10
318.23
 20
598.46
 10
320.54
 20
598.03
 10
321.98
 20
599.76
 10
321.26
 20
601.92
  0
LWPOLYLINE
  5
1082
330
17
100
AcDbEntity
  8
POLYLINES
100
AcDbPolyline
 90
11
 70
0
 10
320.11
 20
602.06
 10
318.95
 20
602.35
 10
317.51
 20
600.62
 10
318.23
 20
598.46
 10
319.39
 20
598.18
 10
320.54
 20
598.03
 10
321.98
 20
599.62
 10
320.39
 20
600.05
 10
321.98
 20
599.76
 10
321.26
 20
601.92
 10
320.11
 20
602.06
  0
LWPOLYLINE
  5
1083
330
17
100
AcDbEntity
  8
POLYLINES
100
AcDbPolyline
 90
5
 70
0
 10
319.82
 20
600.19
 10
320.39
 20
600.05
 10
319.67
 20
600.05
 10
319.67
 20
600.19
 10
319.82
 20
600.19
  0
LWPOLYLINE
  5
1084
330
17
100
AcDbEntity
  8
POLYLINES
100
AcDbPolyline
 90
11
 70
0
 10
320.11
 20
602.06
 10
318.95
 20
602.35
 10
317.51
 20
600.62
 10
318.23
 20
598.46
 10
319.39
 20
598.18
 10
320.54
 20
598.03
 10
321.98
 20
599.62
 10
320.39
 20
600.05
 10
321.98
 20
599.76
 10
321.26
 20
601.92
 10
320.11
 20
602.06
  0
LWPOLYLINE
  5
1085
330
17
100
AcDbEntity
  8
POLYLINES
100
AcDbPolyline
 90
5
 70
0
 10
319.82
 20
600.19
 10
320.39
 20
600.05
 10
319.67
 20
600.05
 10
319.67
 20
600.19
 10
319.82
 20
600.19
  0
LWPOLYLINE
  5
1086
330
17
100
AcDbEntity
  8
POLYLINES
100
AcDbPolyline
 90
11
 70
0
 10
320.54
 20
563.18
 10
319.39
 20
563.47
 10
317.95
 20
561.74
 10
318.67
 20
559.58
 10
319.67
 20
559.3
 10
320.97
 20
559.15
 10
322.41
 20
560.74
 10
320.83
 20
561.17
 10
322.41
 20
560.88
 10
321.69
 20
563.04
 10
320.54
 20
563.18
  0
LWPOLYLINE
  5
1087
330
17
100
AcDbEntity
  8
POLYLINES
100
AcDbPolyline
 90
3
 70
0
 10
320.11
 20
561.31
 10
320.83
 20
561.17
 10
320.11
 20
561.31
  0
LWPOLYLINE
  5
1088
330
17
100
AcDbEntity
  8
POLYLINES
100
AcDbPolyline
 90
11
 70
0
 10
320.54
 20
563.18
 10
319.39
 20
563.47
 10
317.95
 20
561.74
 10
318.67
 20
559.58
 10
319.67
 20
559.3
 10
320.97
 20
559.15
 10
322.41
 20
560.74
 10
320.83
 20
561.17
 10
322.41
 20
560.88
 10
321.69
 20
563.04
 10
320.54
 20
563.18
  0
LWPOLYLINE
  5
1089
330
17
100
AcDbEntity
  8
POLYLINES
100
AcDbPolyline
 90
3
 70
0
 10
320.11
 20
561.31
 10
320.83
 20
561.17
 10
320.11
 20
561.31
  0
LWPOLYLINE
  5
108A
330
17
100
AcDbEntity
  8
POLYLINES
100
AcDbPolyline
 90
7
 70
0
 10
321.69
 20
563.04
 10
319.39
 20
563.47
 10
317.95
 20
561.74
 10
318.67
 20
559.58
 10
320.97
 20
559.15
 10
322.41
 20
560.88
 10
321.69
 20
563.04
  0
LWPOLYLINE
  5
108B
330
17
100
AcDbEntity
  8
POLYLINES
100
AcDbPolyline
 90
4
 70
0
 10
200.15
 20
617.47
 10
200.59
 20
617.62
 10
201.16
 20
618.34
 10
201.16
 20
613.44
  0
LWPOLYLINE
  5
108C
330
17
100
AcDbEntity
  8
POLYLINES
100
AcDbPolyline
 90
17
 70
0
 10
205.34
 20
618.34
 10
203.47
 20
618.34
 10
203.32
 20
616.32
 10
203.47
 20
616.46
 10
204.04
 20
616.75
 10
204.62
 20
616.75
 10
205.19
 20
616.46
 10
205.63
 20
616.03
 10
205.77
 20
615.31
 10
205.77
 20
614.88
 10
205.63
 20
614.16
 10
205.19
 20
613.73
 10
204.62
 20
613.44
 10
204.04
 20
613.44
 10
203.47
 20
613.73
 10
203.32
 20
613.87
 10
203.18
 20
614.45
  0
LWPOLYLINE
  5
108D
330
17
100
AcDbEntity
  8
POLYLINES
100
AcDbPolyline
 90
4
 70
0
 10
207.5
 20
617.47
 10
207.93
 20
617.62
 10
208.51
 20
618.34
 10
208.51
 20
613.44
  0
LWPOLYLINE
  5
108E
330
17
100
AcDbEntity
  8
POLYLINES
100
AcDbPolyline
 90
3
 70
0
 10
212.39
 20
618.34
 10
210.52
 20
615.17
 10
213.26
 20
615.17
  0
LWPOLYLINE
  5
108F
330
17
100
AcDbEntity
  8
POLYLINES
100
AcDbPolyline
 90
4
 70
0
 10
356.83
 20
583.49
 10
342.71
 20
581.04
 10
342.71
 20
585.79
 10
356.83
 20
583.49
  0
LWPOLYLINE
  5
1090
330
17
100
AcDbEntity
  8
POLYLINES
100
AcDbPolyline
 90
4
 70
0
 10
356.83
 20
583.49
 10
342.71
 20
581.04
 10
342.71
 20
585.79
 10
356.83
 20
583.49
  0
LWPOLYLINE
  5
1091
330
17
100
AcDbEntity
  8
POLYLINES
100
AcDbPolyline
 90
3
 70
0
 10
361.15
 20
588.1
 10
361.15
 20
580.32
 10
360.28
 20
581.47
  0
LWPOLYLINE
  5
1092
330
17
100
AcDbEntity
  8
POLYLINES
100
AcDbPolyline
 90
3
 70
0
 10
359.71
 20
586.8
 10
359.13
 20
583.92
 10
357.83
 20
580.9
  0
LWPOLYLINE
  5
1093
330
17
100
AcDbEntity
  8
POLYLINES
100
AcDbPolyline
 90
3
 70
0
 10
366.04
 20
580.9
 10
365.9
 20
580.32
 10
365.47
 20
581.33
  0
LWPOLYLINE
  5
1094
330
17
100
AcDbEntity
  8
POLYLINES
100
AcDbPolyline
 90
3
 70
0
 10
365.18
 20
584.21
 10
365.03
 20
582.34
 10
364.46
 20
580.46
  0
LWPOLYLINE
  5
1095
330
17
100
AcDbEntity
  8
POLYLINES
100
AcDbPolyline
 90
3
 70
0
 10
370.36
 20
585.5
 10
369.93
 20
580.03
 10
369.5
 20
581.04
  0
LWPOLYLINE
  5
1096
330
17
100
AcDbEntity
  8
POLYLINES
100
AcDbPolyline
 90
3
 70
0
 10
374.39
 20
586.37
 10
372.67
 20
584.21
 10
371.51
 20
583.06
  0
LWPOLYLINE
  5
1097
330
17
100
AcDbEntity
  8
POLYLINES
100
AcDbPolyline
 90
3
 70
0
 10
379.87
 20
587.66
 10
379.72
 20
580.32
 10
379.15
 20
581.33
  0
LWPOLYLINE
  5
1098
330
17
100
AcDbEntity
  8
POLYLINES
100
AcDbPolyline
 90
3
 70
0
 10
377.85
 20
587.81
 10
377.71
 20
583.2
 10
377.13
 20
580.32
  0
LWPOLYLINE
  5
1099
330
17
100
AcDbEntity
  8
POLYLINES
100
AcDbPolyline
 90
4
 70
0
 10
382.89
 20
584.78
 10
382.89
 20
580.75
 10
383.18
 20
580.46
 10
384.33
 20
580.46
  0
LWPOLYLINE
  5
109A
330
17
100
AcDbEntity
  8
POLYLINES
100
AcDbPolyline
 90
4
 70
0
 10
380.59
 20
580.18
 10
381.16
 20
580.9
 10
381.88
 20
582.48
 10
382.31
 20
584.64
  0
LWPOLYLINE
  5
109B
330
17
100
AcDbEntity
  8
POLYLINES
100
AcDbPolyline
 90
7
 70
0
 10
386.92
 20
588.1
 10
386.92
 20
581.33
 10
387.07
 20
580.9
 10
387.21
 20
580.75
 10
387.5
 20
580.46
 10
389.08
 20
580.46
 10
388.79
 20
582.34
  0
LWPOLYLINE
  5
109C
330
17
100
AcDbEntity
  8
POLYLINES
100
AcDbPolyline
 90
4
 70
0
 10
396.43
 20
585.79
 10
396.14
 20
584.35
 10
395.71
 20
583.06
 10
395.13
 20
581.62
  0
LWPOLYLINE
  5
109D
330
17
100
AcDbEntity
  8
POLYLINES
100
AcDbPolyline
 90
3
 70
0
 10
396.71
 20
585.79
 10
398.01
 20
582.19
 10
398.3
 20
582.19
  0
LWPOLYLINE
  5
109E
330
17
100
AcDbEntity
  8
POLYLINES
100
AcDbPolyline
 90
5
 70
0
 10
400.89
 20
587.81
 10
400.89
 20
580.9
 10
401.18
 20
580.61
 10
402.62
 20
580.61
 10
402.47
 20
582.62
  0
LWPOLYLINE
  5
109F
330
17
100
AcDbEntity
  8
POLYLINES
100
AcDbPolyline
 90
3
 70
0
 10
405.35
 20
586.22
 10
405.07
 20
585.07
 10
404.63
 20
584.06
  0
LWPOLYLINE
  5
10A0
330
17
100
AcDbEntity
  8
POLYLINES
100
AcDbPolyline
 90
3
 70
0
 10
404.35
 20
580.32
 10
405.35
 20
581.47
 10
405.93
 20
582.48
  0
LWPOLYLINE
  5
10A1
330
17
100
AcDbEntity
  8
POLYLINES
100
AcDbPolyline
 90
3
 70
0
 10
405.21
 20
583.49
 10
406.65
 20
580.32
 10
407.23
 20
580.32
  0
LWPOLYLINE
  5
10A2
330
17
100
AcDbEntity
  8
POLYLINES
100
AcDbPolyline
 90
5
 70
0
 10
406.07
 20
587.66
 10
406.07
 20
586.51
 10
406.22
 20
585.36
 10
406.51
 20
584.93
 10
407.08
 20
584.93
  0
LWPOLYLINE
  5
10A3
330
17
100
AcDbEntity
  8
POLYLINES
100
AcDbPolyline
 90
3
 70
0
 10
409.1
 20
586.08
 10
411.4
 20
583.49
 10
411.83
 20
583.49
  0
LWPOLYLINE
  5
10A4
330
17
100
AcDbEntity
  8
POLYLINES
100
AcDbPolyline
 90
4
 70
0
 10
410.83
 20
587.23
 10
409.82
 20
585.36
 10
408.67
 20
583.78
 10
407.66
 20
582.77
  0
LWPOLYLINE
  5
10A5
330
17
100
AcDbEntity
  8
POLYLINES
100
AcDbPolyline
 90
11
 70
0
 10
172.36
 20
594.43
 10
172.36
 20
600.34
 10
174.38
 20
600.34
 10
175.1
 20
600.05
 10
175.24
 20
599.76
 10
175.53
 20
599.18
 10
175.53
 20
598.32
 10
175.24
 20
597.89
 10
175.1
 20
597.6
 10
174.38
 20
597.31
 10
172.36
 20
597.31
  0
LWPOLYLINE
  5
10A6
330
17
100
AcDbEntity
  8
POLYLINES
100
AcDbPolyline
 90
5
 70
0
 10
172.36
 20
592.42
 10
173.51
 20
586.51
 10
174.52
 20
592.42
 10
175.67
 20
586.51
 10
176.83
 20
592.42
  0
LWPOLYLINE
  5
10A7
330
17
100
AcDbEntity
  8
POLYLINES
100
AcDbPolyline
 90
11
 70
0
 10
172.36
 20
578.59
 10
172.36
 20
584.5
 10
174.38
 20
584.5
 10
175.1
 20
584.21
 10
175.24
 20
583.92
 10
175.53
 20
583.49
 10
175.53
 20
582.91
 10
175.24
 20
582.34
 10
175.1
 20
582.05
 10
174.38
 20
581.76
 10
172.36
 20
581.76
  0
LWPOLYLINE
  5
10A8
330
17
100
AcDbEntity
  8
POLYLINES
100
AcDbPolyline
 90
4
 70
0
 10
187.63
 20
617.18
 10
188.06
 20
617.47
 10
188.63
 20
618.19
 10
188.63
 20
613.3
  0
LWPOLYLINE
  5
10A9
330
17
100
AcDbEntity
  8
POLYLINES
100
AcDbPolyline
 90
3
 70
0
 10
190.65
 20
618.19
 10
193.24
 20
618.19
 10
191.37
 20
613.3
  0
LWPOLYLINE
  5
10AA
330
17
100
AcDbEntity
  8
POLYLINES
100
AcDbPolyline
 90
4
 70
0
 10
179.85
 20
617.18
 10
180.14
 20
617.47
 10
180.71
 20
618.19
 10
180.71
 20
613.3
  0
LWPOLYLINE
  5
10AB
330
17
100
AcDbEntity
  8
POLYLINES
100
AcDbPolyline
 90
29
 70
0
 10
183.74
 20
618.19
 10
183.16
 20
617.9
 10
183.02
 20
617.47
 10
183.02
 20
617.04
 10
183.16
 20
616.46
 10
183.45
 20
616.32
 10
184.31
 20
616.03
 10
184.89
 20
615.74
 10
185.18
 20
615.31
 10
185.32
 20
614.88
 10
185.32
 20
614.16
 10
185.18
 20
613.73
 10
185.03
 20
613.44
 10
184.46
 20
613.3
 10
183.74
 20
613.3
 10
183.16
 20
613.44
 10
183.02
 20
613.73
 10
182.73
 20
614.16
 10
182.73
 20
614.88
 10
183.02
 20
615.31
 10
183.31
 20
615.74
 10
183.88
 20
616.03
 10
184.6
 20
616.32
 10
185.03
 20
616.46
 10
185.18
 20
617.04
 10
185.18
 20
617.47
 10
185.03
 20
617.9
 10
184.46
 20
618.19
 10
183.74
 20
618.19
  0
LWPOLYLINE
  5
10AC
330
17
100
AcDbEntity
  8
POLYLINES
100
AcDbPolyline
 90
3
 70
0
 10
236.87
 20
553.68
 10
236.87
 20
560.74
 10
239.61
 20
560.74
  0
LWPOLYLINE
  5
10AD
330
17
100
AcDbEntity
  8
POLYLINES
100
AcDbPolyline
 90
3
 70
0
 10
240.62
 20
553.68
 10
242.2
 20
560.74
 10
243.79
 20
553.68
  0
LWPOLYLINE
  5
10AE
330
17
100
AcDbEntity
  8
POLYLINES
100
AcDbPolyline
 90
4
 70
0
 10
245.08
 20
553.68
 10
245.08
 20
560.74
 10
247.82
 20
553.68
 10
247.82
 20
560.74
  0
LWPOLYLINE
  5
10AF
330
17
100
AcDbEntity
  8
POLYLINES
100
AcDbPolyline
 90
6
 70
0
 10
191.08
 20
715.39
 10
190.36
 20
712.51
 10
190.94
 20
711.36
 10
190.94
 20
709.78
 10
190.79
 20
708.77
 10
190.07
 20
709.92
  0
LWPOLYLINE
  5
10B0
330
17
100
AcDbEntity
  8
POLYLINES
100
AcDbPolyline
 90
4
 70
0
 10
197.99
 20
711.94
 10
197.42
 20
708.77
 10
196.7
 20
707.04
 10
195.55
 20
705.74
  0
LWPOLYLINE
  5
10B1
330
17
100
AcDbEntity
  8
POLYLINES
100
AcDbPolyline
 90
3
 70
0
 10
197.85
 20
710.35
 10
199.29
 20
706.32
 10
200.44
 20
706.32
  0
LWPOLYLINE
  5
10B2
330
17
100
AcDbEntity
  8
POLYLINES
100
AcDbPolyline
 90
4
 70
0
 10
210.38
 20
711.79
 10
210.38
 20
706.61
 10
210.81
 20
706.03
 10
212.39
 20
706.03
  0
LINE
  5
10B3
330
17
100
AcDbEntity
  8
LINES
100
AcDbLine
 10
207.71
 20
706.18
 30
0.0
 11
209.37
 21
710.21
 31
0.0
  0
LWPOLYLINE
  5
10B4
330
17
100
AcDbEntity
  8
POLYLINES
100
AcDbPolyline
 90
7
 70
0
 10
215.85
 20
716.4
 10
215.85
 20
707.18
 10
215.99
 20
706.75
 10
216.14
 20
706.46
 10
216.57
 20
706.03
 10
218.73
 20
706.18
 10
218.44
 20
708.48
  0
LWPOLYLINE
  5
10B5
330
17
100
AcDbEntity
  8
POLYLINES
100
AcDbPolyline
 90
4
 70
0
 10
228.52
 20
713.23
 10
228.09
 20
711.36
 10
227.51
 20
709.63
 10
226.79
 20
707.76
  0
LWPOLYLINE
  5
10B6
330
17
100
AcDbEntity
  8
POLYLINES
100
AcDbPolyline
 90
3
 70
0
 10
228.81
 20
713.23
 10
230.68
 20
708.48
 10
231.11
 20
708.48
  0
LWPOLYLINE
  5
10B7
330
17
100
AcDbEntity
  8
POLYLINES
100
AcDbPolyline
 90
5
 70
0
 10
234.57
 20
715.97
 10
234.57
 20
706.75
 10
234.86
 20
706.32
 10
236.87
 20
706.32
 10
236.59
 20
709.06
  0
LWPOLYLINE
  5
10B8
330
17
100
AcDbEntity
  8
POLYLINES
100
AcDbPolyline
 90
3
 70
0
 10
239.03
 20
716.26
 10
239.03
 20
705.74
 10
238.17
 20
707.18
  0
LWPOLYLINE
  5
10B9
330
17
100
AcDbEntity
  8
POLYLINES
100
AcDbPolyline
 90
3
 70
0
 10
239.32
 20
705.74
 10
240.62
 20
706.9
 10
241.19
 20
707.62
  0
LWPOLYLINE
  5
10BA
330
17
100
AcDbEntity
  8
POLYLINES
100
AcDbPolyline
 90
3
 70
0
 10
245.95
 20
715.1
 10
248.11
 20
706.75
 10
248.97
 20
706.75
  0
LWPOLYLINE
  5
10BB
330
17
100
AcDbEntity
  8
POLYLINES
100
AcDbPolyline
 90
4
 70
0
 10
246.52
 20
712.51
 10
245.66
 20
709.63
 10
245.08
 20
707.47
 10
243.64
 20
706.03
  0
LWPOLYLINE
  5
10BC
330
17
100
AcDbEntity
  8
POLYLINES
100
AcDbPolyline
 90
3
 70
0
 10
252.43
 20
713.81
 10
252.14
 20
712.37
 10
251.56
 20
710.93
  0
LWPOLYLINE
  5
10BD
330
17
100
AcDbEntity
  8
POLYLINES
100
AcDbPolyline
 90
3
 70
0
 10
251.13
 20
705.89
 10
252.43
 20
707.33
 10
253.29
 20
708.77
  0
LWPOLYLINE
  5
10BE
330
17
100
AcDbEntity
  8
POLYLINES
100
AcDbPolyline
 90
3
 70
0
 10
252.28
 20
710.06
 10
254.15
 20
705.89
 10
255.02
 20
705.89
  0
LWPOLYLINE
  5
10BF
330
17
100
AcDbEntity
  8
POLYLINES
100
AcDbPolyline
 90
5
 70
0
 10
253.58
 20
715.82
 10
253.58
 20
714.24
 10
253.58
 20
712.66
 10
254.01
 20
712.08
 10
254.87
 20
712.08
  0
LWPOLYLINE
  5
10C0
330
17
100
AcDbEntity
  8
POLYLINES
100
AcDbPolyline
 90
3
 70
0
 10
257.47
 20
713.66
 10
260.49
 20
710.06
 10
261.07
 20
710.21
  0
LWPOLYLINE
  5
10C1
330
17
100
AcDbEntity
  8
POLYLINES
100
AcDbPolyline
 90
4
 70
0
 10
259.77
 20
715.1
 10
258.47
 20
712.66
 10
256.89
 20
710.5
 10
255.59
 20
709.2
  0
LWPOLYLINE
  5
10C2
330
17
100
AcDbEntity
  8
POLYLINES
100
AcDbPolyline
 90
4
 70
0
 10
170.2
 20
617.33
 10
170.63
 20
617.62
 10
171.21
 20
618.34
 10
171.21
 20
613.44
  0
LWPOLYLINE
  5
10C3
330
17
100
AcDbEntity
  8
POLYLINES
100
AcDbPolyline
 90
23
 70
0
 10
175.67
 20
616.61
 10
175.53
 20
616.03
 10
175.1
 20
615.46
 10
174.52
 20
615.31
 10
174.38
 20
615.31
 10
173.8
 20
615.46
 10
173.37
 20
616.03
 10
173.23
 20
616.61
 10
173.23
 20
616.9
 10
173.37
 20
617.62
 10
173.8
 20
618.05
 10
174.38
 20
618.34
 10
174.52
 20
618.34
 10
175.1
 20
618.05
 10
175.53
 20
617.62
 10
175.67
 20
616.61
 10
175.67
 20
615.46
 10
175.53
 20
614.3
 10
175.1
 20
613.58
 10
174.52
 20
613.44
 10
174.23
 20
613.44
 10
173.66
 20
613.58
 10
173.37
 20
614.16
  0
LWPOLYLINE
  5
10C4
330
17
100
AcDbEntity
  8
POLYLINES
100
AcDbPolyline
 90
11
 70
0
 10
181.15
 20
594.14
 10
181.15
 20
600.05
 10
183.16
 20
600.05
 10
183.88
 20
599.76
 10
184.03
 20
599.47
 10
184.31
 20
599.04
 10
184.31
 20
598.18
 10
184.03
 20
597.6
 10
183.88
 20
597.31
 10
183.16
 20
597.02
 10
181.15
 20
597.02
  0
LWPOLYLINE
  5
10C5
330
17
100
AcDbEntity
  8
POLYLINES
100
AcDbPolyline
 90
5
 70
0
 10
181.15
 20
592.13
 10
182.3
 20
586.22
 10
183.45
 20
592.13
 10
184.46
 20
586.22
 10
185.61
 20
592.13
  0
LWPOLYLINE
  5
10C6
330
17
100
AcDbEntity
  8
POLYLINES
100
AcDbPolyline
 90
11
 70
0
 10
181.15
 20
578.3
 10
181.15
 20
584.35
 10
183.16
 20
584.35
 10
183.88
 20
584.06
 10
184.03
 20
583.78
 10
184.31
 20
583.2
 10
184.31
 20
582.62
 10
184.03
 20
582.05
 10
183.88
 20
581.76
 10
183.16
 20
581.47
 10
181.15
 20
581.47
  0
LWPOLYLINE
  5
10C7
330
17
100
AcDbEntity
  8
POLYLINES
100
AcDbPolyline
 90
3
 70
0
 10
194.68
 20
593.57
 10
194.68
 20
599.47
 10
197.56
 20
599.47
  0
LWPOLYLINE
  5
10C8
330
17
100
AcDbEntity
  8
POLYLINES
100
AcDbPolyline
 90
4
 70
0
 10
194.68
 20
590.4
 10
195.11
 20
590.69
 10
195.83
 20
591.55
 10
195.83
 20
585.65
  0
LWPOLYLINE
  5
10C9
330
17
100
AcDbEntity
  8
POLYLINES
100
AcDbPolyline
 90
13
 70
0
 10
236.3
 20
594.43
 10
236.3
 20
600.34
 10
237.88
 20
600.34
 10
238.6
 20
600.05
 10
239.03
 20
599.47
 10
239.32
 20
599.04
 10
239.47
 20
598.18
 10
239.47
 20
596.74
 10
239.32
 20
595.87
 10
239.03
 20
595.3
 10
238.6
 20
594.72
 10
237.88
 20
594.43
 10
236.3
 20
594.43
  0
LWPOLYLINE
  5
10CA
330
17
100
AcDbEntity
  8
POLYLINES
100
AcDbPolyline
 90
18
 70
0
 10
239.75
 20
583.2
 10
239.47
 20
583.78
 10
239.03
 20
584.35
 10
238.6
 20
584.64
 10
237.74
 20
584.64
 10
237.31
 20
584.35
 10
236.87
 20
583.78
 10
236.59
 20
583.2
 10
236.3
 20
582.34
 10
236.3
 20
580.9
 10
236.59
 20
580.03
 10
236.87
 20
579.46
 10
237.31
 20
578.88
 10
237.74
 20
578.59
 10
238.6
 20
578.59
 10
239.03
 20
578.88
 10
239.47
 20
579.46
 10
239.75
 20
580.03
  0
LWPOLYLINE
  5
10CB
330
17
100
AcDbEntity
  8
POLYLINES
100
AcDbPolyline
 90
13
 70
0
 10
243.35
 20
594.29
 10
243.35
 20
600.19
 10
244.94
 20
600.19
 10
245.51
 20
599.9
 10
245.95
 20
599.33
 10
246.23
 20
598.9
 10
246.52
 20
598.03
 10
246.52
 20
596.59
 10
246.23
 20
595.73
 10
245.95
 20
595.15
 10
245.51
 20
594.58
 10
244.94
 20
594.29
 10
243.35
 20
594.29
  0
LWPOLYLINE
  5
10CC
330
17
100
AcDbEntity
  8
POLYLINES
100
AcDbPolyline
 90
18
 70
0
 10
246.67
 20
583.06
 10
246.52
 20
583.63
 10
245.95
 20
584.21
 10
245.51
 20
584.5
 10
244.65
 20
584.5
 10
244.22
 20
584.21
 10
243.79
 20
583.63
 10
243.5
 20
583.06
 10
243.35
 20
582.19
 10
243.35
 20
580.75
 10
243.5
 20
579.89
 10
243.79
 20
579.31
 10
244.22
 20
578.74
 10
244.65
 20
578.45
 10
245.51
 20
578.45
 10
245.95
 20
578.74
 10
246.52
 20
579.31
 10
246.67
 20
579.89
  0
LWPOLYLINE
  5
10CD
330
17
100
AcDbEntity
  8
POLYLINES
100
AcDbPolyline
 90
3
 70
0
 10
291.74
 20
599.33
 10
293.61
 20
593.42
 10
295.34
 20
599.33
  0
LWPOLYLINE
  5
10CE
330
17
100
AcDbEntity
  8
POLYLINES
100
AcDbPolyline
 90
3
 70
0
 10
291.74
 20
585.5
 10
291.74
 20
591.41
 10
294.76
 20
591.41
  0
LWPOLYLINE
  5
10CF
330
17
100
AcDbEntity
  8
POLYLINES
100
AcDbPolyline
 90
29
 70
0
 10
292.89
 20
583.49
 10
292.17
 20
583.2
 10
292.03
 20
582.62
 10
292.03
 20
582.19
 10
292.17
 20
581.62
 10
292.6
 20
581.33
 10
293.61
 20
581.04
 10
294.19
 20
580.75
 10
294.76
 20
580.18
 10
294.91
 20
579.6
 10
294.91
 20
578.74
 10
294.76
 20
578.16
 10
294.47
 20
577.87
 10
293.75
 20
577.58
 10
292.89
 20
577.58
 10
292.17
 20
577.87
 10
292.03
 20
578.16
 10
291.74
 20
578.74
 10
291.74
 20
579.6
 10
292.03
 20
580.18
 10
292.46
 20
580.75
 10
293.18
 20
581.04
 10
294.04
 20
581.33
 10
294.47
 20
581.62
 10
294.76
 20
582.19
 10
294.76
 20
582.62
 10
294.47
 20
583.2
 10
293.75
 20
583.49
 10
292.89
 20
583.49
  0
LWPOLYLINE
  5
10D0
330
17
100
AcDbEntity
  8
POLYLINES
100
AcDbPolyline
 90
3
 70
0
 10
307.72
 20
593.42
 10
307.72
 20
599.47
 10
310.75
 20
599.47
  0
LWPOLYLINE
  5
10D1
330
17
100
AcDbEntity
  8
POLYLINES
100
AcDbPolyline
 90
20
 70
0
 10
310.89
 20
582.77
 10
310.46
 20
583.34
 10
309.74
 20
583.63
 10
308.87
 20
583.63
 10
308.15
 20
583.34
 10
307.72
 20
582.77
 10
307.72
 20
582.19
 10
308.01
 20
581.62
 10
308.15
 20
581.33
 10
308.73
 20
581.04
 10
310.03
 20
580.46
 10
310.46
 20
580.18
 10
310.75
 20
579.89
 10
310.89
 20
579.31
 10
310.89
 20
578.59
 10
310.46
 20
578.02
 10
309.74
 20
577.73
 10
308.87
 20
577.73
 10
308.15
 20
578.02
 10
307.72
 20
578.59
  0
LWPOLYLINE
  5
10D2
330
17
100
AcDbEntity
  8
POLYLINES
100
AcDbPolyline
 90
3
 70
0
 10
196.7
 20
203.9
 10
194.68
 20
201.31
 10
193.24
 20
200.02
  0
LWPOLYLINE
  5
10D3
330
17
100
AcDbEntity
  8
POLYLINES
100
AcDbPolyline
 90
3
 70
0
 10
202.6
 20
205.63
 10
202.6
 20
196.85
 10
201.88
 20
198.14
  0
LWPOLYLINE
  5
10D4
330
17
100
AcDbEntity
  8
POLYLINES
100
AcDbPolyline
 90
4
 70
0
 10
206.49
 20
202.03
 10
206.49
 20
197.42
 10
206.92
 20
196.99
 10
208.22
 20
196.99
  0
LWPOLYLINE
  5
10D5
330
17
100
AcDbEntity
  8
POLYLINES
100
AcDbPolyline
 90
4
 70
0
 10
203.9
 20
196.7
 10
204.62
 20
197.42
 10
205.34
 20
199.3
 10
205.91
 20
201.74
  0
LWPOLYLINE
  5
10D6
330
17
100
AcDbEntity
  8
POLYLINES
100
AcDbPolyline
 90
7
 70
0
 10
211.39
 20
205.92
 10
211.39
 20
198.0
 10
211.39
 20
197.57
 10
211.53
 20
197.28
 10
211.96
 20
196.99
 10
213.83
 20
196.99
 10
213.55
 20
199.15
  0
LWPOLYLINE
  5
10D7
330
17
100
AcDbEntity
  8
POLYLINES
100
AcDbPolyline
 90
4
 70
0
 10
222.47
 20
203.18
 10
222.04
 20
201.6
 10
221.61
 20
200.02
 10
220.89
 20
198.43
  0
LWPOLYLINE
  5
10D8
330
17
100
AcDbEntity
  8
POLYLINES
100
AcDbPolyline
 90
3
 70
0
 10
222.76
 20
203.18
 10
224.35
 20
199.01
 10
224.63
 20
199.01
  0
LWPOLYLINE
  5
10D9
330
17
100
AcDbEntity
  8
POLYLINES
100
AcDbPolyline
 90
5
 70
0
 10
227.66
 20
205.63
 10
227.66
 20
197.57
 10
228.09
 20
197.14
 10
229.67
 20
197.14
 10
229.53
 20
199.58
  0
LWPOLYLINE
  5
10DA
330
17
100
AcDbEntity
  8
POLYLINES
100
AcDbPolyline
 90
3
 70
0
 10
232.7
 20
203.62
 10
232.55
 20
202.46
 10
231.98
 20
201.17
  0
LWPOLYLINE
  5
10DB
330
17
100
AcDbEntity
  8
POLYLINES
100
AcDbPolyline
 90
3
 70
0
 10
231.69
 20
196.7
 10
232.84
 20
198.14
 10
233.56
 20
199.3
  0
LWPOLYLINE
  5
10DC
330
17
100
AcDbEntity
  8
POLYLINES
100
AcDbPolyline
 90
3
 70
0
 10
232.55
 20
200.45
 10
234.28
 20
196.85
 10
235.0
 20
196.85
  0
LWPOLYLINE
  5
10DD
330
17
100
AcDbEntity
  8
POLYLINES
100
AcDbPolyline
 90
5
 70
0
 10
233.71
 20
205.49
 10
233.71
 20
204.05
 10
233.85
 20
202.75
 10
234.14
 20
202.18
 10
234.86
 20
202.18
  0
LWPOLYLINE
  5
10DE
330
17
100
AcDbEntity
  8
POLYLINES
100
AcDbPolyline
 90
3
 70
0
 10
237.16
 20
203.62
 10
239.9
 20
200.45
 10
240.33
 20
200.59
  0
LWPOLYLINE
  5
10DF
330
17
100
AcDbEntity
  8
POLYLINES
100
AcDbPolyline
 90
4
 70
0
 10
239.18
 20
204.77
 10
238.03
 20
202.75
 10
236.73
 20
200.88
 10
235.58
 20
199.73
  0
LWPOLYLINE
  5
10E0
330
17
100
AcDbEntity
  8
POLYLINES
100
AcDbPolyline
 90
5
 70
0
 10
245.51
 20
199.15
 10
245.51
 20
197.42
 10
244.94
 20
197.42
 10
244.51
 20
198.29
 10
244.51
 20
204.91
  0
LWPOLYLINE
  5
10E1
330
17
100
AcDbEntity
  8
POLYLINES
100
AcDbPolyline
 90
4
 70
0
 10
242.63
 20
196.7
 10
243.21
 20
198.43
 10
243.64
 20
201.02
 10
243.64
 20
205.06
  0
LWPOLYLINE
  5
10E2
330
17
100
AcDbEntity
  8
POLYLINES
100
AcDbPolyline
 90
3
 70
0
 10
248.39
 20
204.34
 10
247.82
 20
201.17
 10
247.53
 20
202.32
  0
LWPOLYLINE
  5
10E3
330
17
100
AcDbEntity
  8
POLYLINES
100
AcDbPolyline
 90
3
 70
0
 10
248.68
 20
200.02
 10
249.98
 20
197.28
 10
250.7
 20
197.28
  0
LWPOLYLINE
  5
10E4
330
17
100
AcDbEntity
  8
POLYLINES
100
AcDbPolyline
 90
3
 70
0
 10
247.39
 20
203.76
 10
246.95
 20
202.18
 10
246.23
 20
200.45
  0
LWPOLYLINE
  5
10E5
330
17
100
AcDbEntity
  8
POLYLINES
100
AcDbPolyline
 90
3
 70
0
 10
255.45
 20
196.99
 10
255.45
 20
197.42
 10
255.31
 20
197.86
  0
LWPOLYLINE
  5
10E6
330
17
100
AcDbEntity
  8
POLYLINES
100
AcDbPolyline
 90
3
 70
0
 10
253.29
 20
202.46
 10
255.02
 20
200.3
 10
255.45
 20
200.45
  0
LWPOLYLINE
  5
10E7
330
17
100
AcDbEntity
  8
POLYLINES
100
AcDbPolyline
 90
3
 70
0
 10
253.43
 20
201.02
 10
253.87
 20
201.89
 10
254.73
 20
203.76
  0
LWPOLYLINE
  5
10E8
330
17
100
AcDbEntity
  8
POLYLINES
100
AcDbPolyline
 90
10
 70
0
 10
230.11
 20
255.74
 10
229.53
 20
254.74
 10
229.1
 20
253.44
 10
228.52
 20
251.71
 10
228.23
 20
249.41
 10
228.23
 20
247.68
 10
228.52
 20
245.38
 10
229.1
 20
243.65
 10
229.53
 20
242.21
 10
230.11
 20
241.34
  0
LWPOLYLINE
  5
10E9
330
17
100
AcDbEntity
  8
POLYLINES
100
AcDbPolyline
 90
4
 70
0
 10
231.98
 20
252.14
 10
232.55
 20
252.58
 10
233.27
 20
253.87
 10
233.27
 20
244.51
  0
LWPOLYLINE
  5
10EA
330
17
100
AcDbEntity
  8
POLYLINES
100
AcDbPolyline
 90
14
 70
0
 10
236.59
 20
251.71
 10
236.59
 20
252.14
 10
236.87
 20
253.01
 10
237.16
 20
253.44
 10
237.59
 20
253.87
 10
238.75
 20
253.87
 10
239.32
 20
253.44
 10
239.47
 20
253.01
 10
239.75
 20
252.14
 10
239.75
 20
251.14
 10
239.47
 20
250.27
 10
239.03
 20
248.98
 10
236.3
 20
244.51
 10
240.04
 20
244.51
  0
LWPOLYLINE
  5
10EB
330
17
100
AcDbEntity
  8
POLYLINES
100
AcDbPolyline
 90
15
 70
0
 10
242.2
 20
253.87
 10
245.23
 20
253.87
 10
243.5
 20
250.27
 10
244.36
 20
250.27
 10
244.94
 20
249.84
 10
245.23
 20
249.41
 10
245.37
 20
248.11
 10
245.37
 20
247.1
 10
245.23
 20
245.81
 10
244.65
 20
244.94
 10
243.79
 20
244.51
 10
243.07
 20
244.51
 10
242.2
 20
244.94
 10
241.91
 20
245.38
 10
241.63
 20
246.24
  0
LWPOLYLINE
  5
10EC
330
17
100
AcDbEntity
  8
POLYLINES
100
AcDbPolyline
 90
11
 70
0
 10
247.1
 20
244.51
 10
247.1
 20
253.87
 10
249.4
 20
253.87
 10
250.27
 20
253.44
 10
250.55
 20
253.01
 10
250.84
 20
252.14
 10
250.84
 20
250.7
 10
250.55
 20
249.84
 10
250.27
 20
249.41
 10
249.4
 20
248.98
 10
247.1
 20
248.98
  0
LWPOLYLINE
  5
10ED
330
17
100
AcDbEntity
  8
POLYLINES
100
AcDbPolyline
 90
10
 70
0
 10
252.71
 20
255.74
 10
253.29
 20
254.74
 10
253.72
 20
253.44
 10
254.3
 20
251.71
 10
254.59
 20
249.41
 10
254.59
 20
247.68
 10
254.3
 20
245.38
 10
253.72
 20
243.65
 10
253.29
 20
242.21
 10
252.71
 20
241.34
  0
LWPOLYLINE
  5
10EE
330
17
100
AcDbEntity
  8
POLYLINES
100
AcDbPolyline
 90
4
 70
0
 10
476.35
 20
618.62
 10
476.78
 20
618.77
 10
477.35
 20
619.49
 10
477.35
 20
614.59
  0
LWPOLYLINE
  5
10EF
330
17
100
AcDbEntity
  8
POLYLINES
100
AcDbPolyline
 90
23
 70
0
 10
481.67
 20
618.77
 10
481.39
 20
619.2
 10
480.95
 20
619.49
 10
480.52
 20
619.49
 10
479.95
 20
619.2
 10
479.51
 20
618.62
 10
479.37
 20
617.47
 10
479.37
 20
616.18
 10
479.51
 20
615.31
 10
479.95
 20
614.88
 10
480.52
 20
614.59
 10
480.67
 20
614.59
 10
481.24
 20
614.88
 10
481.67
 20
615.31
 10
481.82
 20
616.03
 10
481.82
 20
616.18
 10
481.67
 20
616.9
 10
481.24
 20
617.47
 10
480.67
 20
617.62
 10
480.52
 20
617.62
 10
479.95
 20
617.47
 10
479.51
 20
616.9
 10
479.37
 20
616.18
  0
LWPOLYLINE
  5
10F0
330
17
100
AcDbEntity
  8
POLYLINES
100
AcDbPolyline
 90
4
 70
0
 10
496.22
 20
618.77
 10
496.65
 20
618.91
 10
497.23
 20
619.63
 10
497.23
 20
614.74
  0
LWPOLYLINE
  5
10F1
330
17
100
AcDbEntity
  8
POLYLINES
100
AcDbPolyline
 90
15
 70
0
 10
499.67
 20
619.63
 10
501.69
 20
619.63
 10
500.54
 20
617.76
 10
501.11
 20
617.76
 10
501.55
 20
617.62
 10
501.69
 20
617.33
 10
501.83
 20
616.61
 10
501.83
 20
616.18
 10
501.69
 20
615.46
 10
501.26
 20
615.02
 10
500.68
 20
614.74
 10
500.25
 20
614.74
 10
499.67
 20
615.02
 10
499.39
 20
615.17
 10
499.24
 20
615.74
  0
LWPOLYLINE
  5
10F2
330
17
100
AcDbEntity
  8
POLYLINES
100
AcDbPolyline
 90
4
 70
0
 10
502.99
 20
618.77
 10
503.42
 20
618.91
 10
503.85
 20
619.63
 10
503.85
 20
614.74
  0
LWPOLYLINE
  5
10F3
330
17
100
AcDbEntity
  8
POLYLINES
100
AcDbPolyline
 90
14
 70
0
 10
506.15
 20
618.48
 10
506.15
 20
618.77
 10
506.3
 20
619.2
 10
506.59
 20
619.34
 10
506.87
 20
619.63
 10
507.59
 20
619.63
 10
508.03
 20
619.34
 10
508.17
 20
619.2
 10
508.46
 20
618.77
 10
508.46
 20
618.19
 10
508.17
 20
617.76
 10
507.88
 20
617.04
 10
506.01
 20
614.74
 10
508.6
 20
614.74
  0
LWPOLYLINE
  5
10F4
330
17
100
AcDbEntity
  8
POLYLINES
100
AcDbPolyline
 90
4
 70
0
 10
509.61
 20
618.77
 10
510.04
 20
618.91
 10
510.47
 20
619.63
 10
510.47
 20
614.74
  0
LWPOLYLINE
  5
10F5
330
17
100
AcDbEntity
  8
POLYLINES
100
AcDbPolyline
 90
4
 70
0
 10
512.63
 20
618.77
 10
512.92
 20
618.91
 10
513.5
 20
619.63
 10
513.5
 20
614.74
  0
LWPOLYLINE
  5
10F6
330
17
100
AcDbEntity
  8
POLYLINES
100
AcDbPolyline
 90
4
 70
0
 10
517.39
 20
618.77
 10
517.82
 20
618.91
 10
518.39
 20
619.63
 10
518.39
 20
614.74
  0
LWPOLYLINE
  5
10F7
330
17
100
AcDbEntity
  8
POLYLINES
100
AcDbPolyline
 90
17
 70
0
 10
521.56
 20
619.63
 10
520.99
 20
619.34
 10
520.55
 20
618.77
 10
520.41
 20
617.62
 10
520.41
 20
616.9
 10
520.55
 20
615.74
 10
520.99
 20
615.02
 10
521.56
 20
614.74
 10
521.85
 20
614.74
 10
522.43
 20
615.02
 10
522.86
 20
615.74
 10
523.0
 20
616.9
 10
523.0
 20
617.62
 10
522.86
 20
618.77
 10
522.43
 20
619.34
 10
521.85
 20
619.63
 10
521.56
 20
619.63
  0
LWPOLYLINE
  5
10F8
330
17
100
AcDbEntity
  8
POLYLINES
100
AcDbPolyline
 90
23
 70
0
 10
528.62
 20
618.05
 10
528.33
 20
617.33
 10
528.04
 20
616.9
 10
527.47
 20
616.61
 10
527.32
 20
616.61
 10
526.75
 20
616.9
 10
526.31
 20
617.33
 10
526.17
 20
618.05
 10
526.17
 20
618.19
 10
526.31
 20
618.91
 10
526.75
 20
619.34
 10
527.32
 20
619.63
 10
527.47
 20
619.63
 10
528.04
 20
619.34
 10
528.33
 20
618.91
 10
528.62
 20
618.05
 10
528.62
 20
616.9
 10
528.33
 20
615.74
 10
528.04
 20
615.02
 10
527.47
 20
614.74
 10
527.03
 20
614.74
 10
526.46
 20
615.02
 10
526.31
 20
615.46
  0
LWPOLYLINE
  5
10F9
330
17
100
AcDbEntity
  8
POLYLINES
100
AcDbPolyline
 90
29
 70
0
 10
533.8
 20
619.63
 10
533.23
 20
619.49
 10
533.08
 20
618.91
 10
533.08
 20
618.48
 10
533.23
 20
618.05
 10
533.51
 20
617.76
 10
534.38
 20
617.62
 10
534.95
 20
617.33
 10
535.24
 20
616.9
 10
535.39
 20
616.46
 10
535.39
 20
615.74
 10
535.24
 20
615.31
 10
535.1
 20
615.02
 10
534.52
 20
614.74
 10
533.8
 20
614.74
 10
533.23
 20
615.02
 10
533.08
 20
615.31
 10
532.79
 20
615.74
 10
532.79
 20
616.46
 10
533.08
 20
616.9
 10
533.37
 20
617.33
 10
533.95
 20
617.62
 10
534.67
 20
617.76
 10
535.1
 20
618.05
 10
535.24
 20
618.48
 10
535.24
 20
618.91
 10
535.1
 20
619.49
 10
534.52
 20
619.63
 10
533.8
 20
619.63
  0
LWPOLYLINE
  5
10FA
330
17
100
AcDbEntity
  8
POLYLINES
100
AcDbPolyline
 90
3
 70
0
 10
540.14
 20
619.63
 10
542.73
 20
619.63
 10
540.86
 20
614.74
  0
LWPOLYLINE
  5
10FB
330
17
100
AcDbEntity
  8
POLYLINES
100
AcDbPolyline
 90
23
 70
0
 10
548.2
 20
618.62
 10
548.06
 20
619.06
 10
547.48
 20
619.34
 10
547.05
 20
619.34
 10
546.47
 20
619.06
 10
546.19
 20
618.34
 10
545.9
 20
617.18
 10
545.9
 20
616.03
 10
546.19
 20
615.02
 10
546.47
 20
614.59
 10
547.05
 20
614.45
 10
547.19
 20
614.45
 10
547.77
 20
614.59
 10
548.2
 20
615.02
 10
548.35
 20
615.74
 10
548.35
 20
616.03
 10
548.2
 20
616.75
 10
547.77
 20
617.18
 10
547.19
 20
617.47
 10
547.05
 20
617.47
 10
546.47
 20
617.18
 10
546.19
 20
616.75
 10
545.9
 20
616.03
  0
LWPOLYLINE
  5
10FC
330
17
100
AcDbEntity
  8
POLYLINES
100
AcDbPolyline
 90
17
 70
0
 10
557.42
 20
619.34
 10
555.55
 20
619.34
 10
555.26
 20
617.18
 10
555.55
 20
617.47
 10
556.12
 20
617.62
 10
556.55
 20
617.62
 10
557.13
 20
617.47
 10
557.56
 20
616.9
 10
557.71
 20
616.32
 10
557.71
 20
615.74
 10
557.56
 20
615.02
 10
557.13
 20
614.59
 10
556.55
 20
614.45
 10
556.12
 20
614.45
 10
555.55
 20
614.59
 10
555.26
 20
614.88
 10
555.11
 20
615.31
  0
LWPOLYLINE
  5
10FD
330
17
100
AcDbEntity
  8
POLYLINES
100
AcDbPolyline
 90
3
 70
0
 10
566.06
 20
619.34
 10
564.19
 20
616.03
 10
567.07
 20
616.03
  0
LWPOLYLINE
  5
10FE
330
17
100
AcDbEntity
  8
POLYLINES
100
AcDbPolyline
 90
15
 70
0
 10
573.98
 20
619.34
 10
575.99
 20
619.34
 10
574.99
 20
617.47
 10
575.56
 20
617.47
 10
575.85
 20
617.18
 10
575.99
 20
616.9
 10
576.28
 20
616.32
 10
576.28
 20
615.74
 10
575.99
 20
615.02
 10
575.71
 20
614.59
 10
575.13
 20
614.45
 10
574.55
 20
614.45
 10
573.98
 20
614.59
 10
573.83
 20
614.88
 10
573.69
 20
615.31
  0
LWPOLYLINE
  5
10FF
330
17
100
AcDbEntity
  8
POLYLINES
100
AcDbPolyline
 90
14
 70
0
 10
581.03
 20
618.05
 10
581.03
 20
618.34
 10
581.18
 20
618.77
 10
581.47
 20
619.06
 10
581.75
 20
619.34
 10
582.47
 20
619.34
 10
582.91
 20
619.06
 10
583.05
 20
618.77
 10
583.34
 20
618.34
 10
583.34
 20
617.9
 10
583.05
 20
617.47
 10
582.76
 20
616.75
 10
580.89
 20
614.45
 10
583.48
 20
614.45
  0
LWPOLYLINE
  5
1100
330
17
100
AcDbEntity
  8
POLYLINES
100
AcDbPolyline
 90
4
 70
0
 10
589.82
 20
618.34
 10
590.11
 20
618.62
 10
590.68
 20
619.34
 10
590.68
 20
614.45
  0
LWPOLYLINE
  5
1101
330
17
100
AcDbEntity
  8
POLYLINES
100
AcDbPolyline
 90
12
 70
0
 10
443.8
 20
565.06
 10
442.65
 20
565.2
 10
441.21
 20
563.47
 10
441.07
 20
563.47
 10
441.93
 20
561.31
 10
442.94
 20
561.17
 10
444.09
 20
560.88
 10
445.53
 20
562.46
 10
444.09
 20
562.9
 10
445.67
 20
562.61
 10
444.95
 20
564.77
 10
443.8
 20
565.06
  0
LWPOLYLINE
  5
1102
330
17
100
AcDbEntity
  8
POLYLINES
100
AcDbPolyline
 90
3
 70
0
 10
443.37
 20
563.04
 10
444.09
 20
562.9
 10
443.37
 20
563.04
  0
LWPOLYLINE
  5
1103
330
17
100
AcDbEntity
  8
POLYLINES
100
AcDbPolyline
 90
12
 70
0
 10
443.8
 20
565.06
 10
442.65
 20
565.2
 10
441.21
 20
563.47
 10
441.07
 20
563.47
 10
441.93
 20
561.31
 10
442.94
 20
561.17
 10
444.09
 20
560.88
 10
445.53
 20
562.46
 10
444.09
 20
562.9
 10
445.67
 20
562.61
 10
444.95
 20
564.77
 10
443.8
 20
565.06
  0
LWPOLYLINE
  5
1104
330
17
100
AcDbEntity
  8
POLYLINES
100
AcDbPolyline
 90
3
 70
0
 10
443.37
 20
563.04
 10
444.09
 20
562.9
 10
443.37
 20
563.04
  0
LWPOLYLINE
  5
1105
330
17
100
AcDbEntity
  8
POLYLINES
100
AcDbPolyline
 90
7
 70
0
 10
444.95
 20
564.77
 10
442.65
 20
565.2
 10
441.07
 20
563.47
 10
441.93
 20
561.31
 10
444.09
 20
560.88
 10
445.67
 20
562.61
 10
444.95
 20
564.77
  0
LWPOLYLINE
  5
1106
330
17
100
AcDbEntity
  8
POLYLINES
100
AcDbPolyline
 90
12
 70
0
 10
443.8
 20
604.94
 10
442.65
 20
605.23
 10
441.21
 20
603.5
 10
441.07
 20
603.5
 10
441.93
 20
601.34
 10
442.94
 20
601.06
 10
444.09
 20
600.91
 10
445.53
 20
602.5
 10
444.09
 20
602.93
 10
445.67
 20
602.64
 10
444.95
 20
604.8
 10
443.8
 20
604.94
  0
LWPOLYLINE
  5
1107
330
17
100
AcDbEntity
  8
POLYLINES
100
AcDbPolyline
 90
3
 70
0
 10
443.37
 20
603.07
 10
444.09
 20
602.93
 10
443.37
 20
603.07
  0
LWPOLYLINE
  5
1108
330
17
100
AcDbEntity
  8
POLYLINES
100
AcDbPolyline
 90
12
 70
0
 10
443.8
 20
604.94
 10
442.65
 20
605.23
 10
441.21
 20
603.5
 10
441.07
 20
603.5
 10
441.93
 20
601.34
 10
442.94
 20
601.06
 10
444.09
 20
600.91
 10
445.53
 20
602.5
 10
444.09
 20
602.93
 10
445.67
 20
602.64
 10
444.95
 20
604.8
 10
443.8
 20
604.94
  0
LWPOLYLINE
  5
1109
330
17
100
AcDbEntity
  8
POLYLINES
100
AcDbPolyline
 90
3
 70
0
 10
443.37
 20
603.07
 10
444.09
 20
602.93
 10
443.37
 20
603.07
  0
LWPOLYLINE
  5
110A
330
17
100
AcDbEntity
  8
POLYLINES
100
AcDbPolyline
 90
7
 70
0
 10
444.95
 20
604.8
 10
442.65
 20
605.23
 10
441.07
 20
603.5
 10
441.93
 20
601.34
 10
444.09
 20
600.91
 10
445.67
 20
602.64
 10
444.95
 20
604.8
  0
LWPOLYLINE
  5
110B
330
17
100
AcDbEntity
  8
POLYLINES
100
AcDbPolyline
 90
7
 70
0
 10
603.5
 20
603.22
 10
601.19
 20
603.65
 10
599.61
 20
601.92
 10
600.47
 20
599.76
 10
602.63
 20
599.33
 10
604.22
 20
601.06
 10
603.5
 20
603.22
  0
LWPOLYLINE
  5
110C
330
17
100
AcDbEntity
  8
POLYLINES
100
AcDbPolyline
 90
13
 70
0
 10
602.35
 20
603.36
 10
601.19
 20
603.65
 10
599.75
 20
601.92
 10
599.61
 20
601.92
 10
600.47
 20
599.76
 10
601.48
 20
599.47
 10
602.63
 20
599.33
 10
604.07
 20
600.91
 10
602.63
 20
601.2
 10
604.22
 20
600.91
 10
604.22
 20
601.06
 10
603.5
 20
603.22
 10
602.35
 20
603.36
  0
LWPOLYLINE
  5
110D
330
17
100
AcDbEntity
  8
POLYLINES
100
AcDbPolyline
 90
5
 70
0
 10
601.91
 20
601.34
 10
602.63
 20
601.2
 10
601.91
 20
601.34
 10
601.91
 20
601.49
 10
601.91
 20
601.34
  0
LWPOLYLINE
  5
110E
330
17
100
AcDbEntity
  8
POLYLINES
100
AcDbPolyline
 90
13
 70
0
 10
602.35
 20
603.36
 10
601.19
 20
603.65
 10
599.75
 20
601.92
 10
599.61
 20
601.92
 10
600.47
 20
599.76
 10
601.48
 20
599.47
 10
602.63
 20
599.33
 10
604.07
 20
600.91
 10
602.63
 20
601.2
 10
604.22
 20
600.91
 10
604.22
 20
601.06
 10
603.5
 20
603.22
 10
602.35
 20
603.36
  0
LWPOLYLINE
  5
110F
330
17
100
AcDbEntity
  8
POLYLINES
100
AcDbPolyline
 90
5
 70
0
 10
601.91
 20
601.34
 10
602.63
 20
601.2
 10
601.91
 20
601.34
 10
601.91
 20
601.49
 10
601.91
 20
601.34
  0
LWPOLYLINE
  5
1110
330
17
100
AcDbEntity
  8
POLYLINES
100
AcDbPolyline
 90
12
 70
0
 10
602.78
 20
564.48
 10
601.63
 20
564.77
 10
600.04
 20
563.04
 10
600.76
 20
560.88
 10
601.91
 20
560.59
 10
603.07
 20
560.45
 10
604.51
 20
562.03
 10
602.92
 20
562.32
 10
604.51
 20
562.03
 10
604.65
 20
562.18
 10
603.79
 20
564.34
 10
602.78
 20
564.48
  0
LWPOLYLINE
  5
1111
330
17
100
AcDbEntity
  8
POLYLINES
100
AcDbPolyline
 90
5
 70
0
 10
602.35
 20
562.46
 10
602.92
 20
562.32
 10
602.35
 20
562.46
 10
602.35
 20
562.61
 10
602.35
 20
562.46
  0
LWPOLYLINE
  5
1112
330
17
100
AcDbEntity
  8
POLYLINES
100
AcDbPolyline
 90
12
 70
0
 10
602.78
 20
564.48
 10
601.63
 20
564.77
 10
600.04
 20
563.04
 10
600.76
 20
560.88
 10
601.91
 20
560.59
 10
603.07
 20
560.45
 10
604.51
 20
562.03
 10
602.92
 20
562.32
 10
604.51
 20
562.03
 10
604.65
 20
562.18
 10
603.79
 20
564.34
 10
602.78
 20
564.48
  0
LWPOLYLINE
  5
1113
330
17
100
AcDbEntity
  8
POLYLINES
100
AcDbPolyline
 90
5
 70
0
 10
602.35
 20
562.46
 10
602.92
 20
562.32
 10
602.35
 20
562.46
 10
602.35
 20
562.61
 10
602.35
 20
562.46
  0
LWPOLYLINE
  5
1114
330
17
100
AcDbEntity
  8
POLYLINES
100
AcDbPolyline
 90
7
 70
0
 10
603.79
 20
564.34
 10
601.63
 20
564.77
 10
600.04
 20
563.04
 10
600.76
 20
560.88
 10
603.07
 20
560.45
 10
604.65
 20
562.18
 10
603.79
 20
564.34
  0
LWPOLYLINE
  5
1115
330
17
100
AcDbEntity
  8
POLYLINES
100
AcDbPolyline
 90
4
 70
0
 10
482.25
 20
618.77
 10
482.68
 20
618.91
 10
483.26
 20
619.63
 10
483.26
 20
614.74
  0
LWPOLYLINE
  5
1116
330
17
100
AcDbEntity
  8
POLYLINES
100
AcDbPolyline
 90
17
 70
0
 10
487.58
 20
619.63
 10
485.71
 20
619.63
 10
485.42
 20
617.62
 10
485.71
 20
617.76
 10
486.28
 20
618.05
 10
486.86
 20
618.05
 10
487.29
 20
617.76
 10
487.72
 20
617.33
 10
487.87
 20
616.61
 10
487.87
 20
616.18
 10
487.72
 20
615.46
 10
487.29
 20
615.02
 10
486.86
 20
614.74
 10
486.28
 20
614.74
 10
485.71
 20
615.02
 10
485.42
 20
615.17
 10
485.27
 20
615.74
  0
LWPOLYLINE
  5
1117
330
17
100
AcDbEntity
  8
POLYLINES
100
AcDbPolyline
 90
4
 70
0
 10
489.74
 20
618.77
 10
490.03
 20
618.91
 10
490.6
 20
619.63
 10
490.6
 20
614.74
  0
LWPOLYLINE
  5
1118
330
17
100
AcDbEntity
  8
POLYLINES
100
AcDbPolyline
 90
3
 70
0
 10
494.49
 20
619.63
 10
492.62
 20
616.32
 10
495.5
 20
616.32
  0
LWPOLYLINE
  5
1119
330
17
100
AcDbEntity
  8
POLYLINES
100
AcDbPolyline
 90
4
 70
0
 10
639.07
 20
584.78
 10
624.81
 20
582.34
 10
624.81
 20
587.09
 10
639.07
 20
584.78
  0
LWPOLYLINE
  5
111A
330
17
100
AcDbEntity
  8
POLYLINES
100
AcDbPolyline
 90
4
 70
0
 10
639.07
 20
584.78
 10
624.81
 20
582.34
 10
624.81
 20
587.09
 10
639.07
 20
584.78
  0
LWPOLYLINE
  5
111B
330
17
100
AcDbEntity
  8
POLYLINES
100
AcDbPolyline
 90
3
 70
0
 10
643.24
 20
589.39
 10
643.24
 20
581.47
 10
642.38
 20
582.62
  0
LWPOLYLINE
  5
111C
330
17
100
AcDbEntity
  8
POLYLINES
100
AcDbPolyline
 90
3
 70
0
 10
641.95
 20
588.1
 10
641.23
 20
585.22
 10
640.07
 20
582.19
  0
LWPOLYLINE
  5
111D
330
17
100
AcDbEntity
  8
POLYLINES
100
AcDbPolyline
 90
6
 70
0
 10
650.59
 20
588.67
 10
650.01
 20
586.51
 10
650.44
 20
585.65
 10
650.44
 20
584.5
 10
650.3
 20
583.78
 10
649.72
 20
584.64
  0
LWPOLYLINE
  5
111E
330
17
100
AcDbEntity
  8
POLYLINES
100
AcDbPolyline
 90
5
 70
0
 10
655.48
 20
587.52
 10
655.48
 20
582.19
 10
655.63
 20
581.76
 10
657.5
 20
581.76
 10
657.35
 20
583.34
  0
LWPOLYLINE
  5
111F
330
17
100
AcDbEntity
  8
POLYLINES
100
AcDbPolyline
 90
3
 70
0
 10
657.21
 20
586.8
 10
656.78
 20
583.2
 10
656.49
 20
583.92
  0
LWPOLYLINE
  5
1120
330
17
100
AcDbEntity
  8
POLYLINES
100
AcDbPolyline
 90
3
 70
0
 10
661.96
 20
588.82
 10
661.96
 20
581.62
 10
661.24
 20
582.62
  0
LWPOLYLINE
  5
1121
330
17
100
AcDbEntity
  8
POLYLINES
100
AcDbPolyline
 90
3
 70
0
 10
659.95
 20
589.1
 10
659.95
 20
584.5
 10
659.37
 20
581.47
  0
LWPOLYLINE
  5
1122
330
17
100
AcDbEntity
  8
POLYLINES
100
AcDbPolyline
 90
4
 70
0
 10
664.99
 20
586.08
 10
664.99
 20
582.05
 10
665.27
 20
581.76
 10
666.43
 20
581.76
  0
LWPOLYLINE
  5
1123
330
17
100
AcDbEntity
  8
POLYLINES
100
AcDbPolyline
 90
4
 70
0
 10
662.68
 20
581.47
 10
663.26
 20
582.19
 10
663.98
 20
583.78
 10
664.41
 20
585.94
  0
LWPOLYLINE
  5
1124
330
17
100
AcDbEntity
  8
POLYLINES
100
AcDbPolyline
 90
7
 70
0
 10
669.02
 20
589.39
 10
669.02
 20
582.62
 10
669.16
 20
582.19
 10
669.31
 20
581.9
 10
669.59
 20
581.76
 10
671.18
 20
581.76
 10
671.03
 20
583.63
  0
LWPOLYLINE
  5
1125
330
17
100
AcDbEntity
  8
POLYLINES
100
AcDbPolyline
 90
4
 70
0
 10
678.67
 20
587.09
 10
678.23
 20
585.65
 10
677.95
 20
584.35
 10
677.37
 20
582.91
  0
LWPOLYLINE
  5
1126
330
17
100
AcDbEntity
  8
POLYLINES
100
AcDbPolyline
 90
3
 70
0
 10
678.81
 20
587.09
 10
680.25
 20
583.49
 10
680.54
 20
583.49
  0
LWPOLYLINE
  5
1127
330
17
100
AcDbEntity
  8
POLYLINES
100
AcDbPolyline
 90
5
 70
0
 10
683.13
 20
589.1
 10
683.13
 20
582.19
 10
683.42
 20
581.9
 10
684.86
 20
581.9
 10
684.71
 20
583.92
  0
LWPOLYLINE
  5
1128
330
17
100
AcDbEntity
  8
POLYLINES
100
AcDbPolyline
 90
3
 70
0
 10
687.45
 20
587.52
 10
687.16
 20
586.37
 10
686.87
 20
585.36
  0
LWPOLYLINE
  5
1129
330
17
100
AcDbEntity
  8
POLYLINES
100
AcDbPolyline
 90
3
 70
0
 10
686.59
 20
581.47
 10
687.45
 20
582.62
 10
688.03
 20
583.78
  0
LWPOLYLINE
  5
112A
330
17
100
AcDbEntity
  8
POLYLINES
100
AcDbPolyline
 90
3
 70
0
 10
687.31
 20
584.78
 10
688.75
 20
581.62
 10
689.32
 20
581.62
  0
LWPOLYLINE
  5
112B
330
17
100
AcDbEntity
  8
POLYLINES
100
AcDbPolyline
 90
5
 70
0
 10
688.31
 20
588.96
 10
688.31
 20
587.81
 10
688.31
 20
586.66
 10
688.6
 20
586.22
 10
689.32
 20
586.22
  0
LWPOLYLINE
  5
112C
330
17
100
AcDbEntity
  8
POLYLINES
100
AcDbPolyline
 90
3
 70
0
 10
691.34
 20
587.38
 10
693.5
 20
584.78
 10
693.93
 20
584.78
  0
LWPOLYLINE
  5
112D
330
17
100
AcDbEntity
  8
POLYLINES
100
AcDbPolyline
 90
4
 70
0
 10
692.92
 20
588.38
 10
691.91
 20
586.66
 10
690.91
 20
585.07
 10
689.9
 20
584.06
  0
LWPOLYLINE
  5
112E
330
17
100
AcDbEntity
  8
POLYLINES
100
AcDbPolyline
 90
11
 70
0
 10
454.46
 20
595.73
 10
454.46
 20
601.63
 10
456.47
 20
601.63
 10
457.19
 20
601.34
 10
457.48
 20
601.06
 10
457.63
 20
600.48
 10
457.63
 20
599.62
 10
457.48
 20
599.04
 10
457.19
 20
598.75
 10
456.47
 20
598.46
 10
454.46
 20
598.46
  0
LWPOLYLINE
  5
112F
330
17
100
AcDbEntity
  8
POLYLINES
100
AcDbPolyline
 90
5
 70
0
 10
454.46
 20
593.71
 10
455.61
 20
587.81
 10
456.76
 20
593.71
 10
457.91
 20
587.81
 10
459.07
 20
593.71
  0
LWPOLYLINE
  5
1130
330
17
100
AcDbEntity
  8
POLYLINES
100
AcDbPolyline
 90
11
 70
0
 10
454.46
 20
579.89
 10
454.46
 20
585.79
 10
456.47
 20
585.79
 10
457.19
 20
585.5
 10
457.48
 20
585.22
 10
457.63
 20
584.64
 10
457.63
 20
584.06
 10
457.48
 20
583.63
 10
457.19
 20
583.34
 10
456.47
 20
583.06
 10
454.46
 20
583.06
  0
LWPOLYLINE
  5
1131
330
17
100
AcDbEntity
  8
POLYLINES
100
AcDbPolyline
 90
4
 70
0
 10
469.87
 20
618.48
 10
470.3
 20
618.77
 10
470.73
 20
619.49
 10
470.73
 20
614.59
  0
LWPOLYLINE
  5
1132
330
17
100
AcDbEntity
  8
POLYLINES
100
AcDbPolyline
 90
3
 70
0
 10
472.89
 20
619.49
 10
475.48
 20
619.49
 10
473.61
 20
614.59
  0
LWPOLYLINE
  5
1133
330
17
100
AcDbEntity
  8
POLYLINES
100
AcDbPolyline
 90
4
 70
0
 10
461.95
 20
618.48
 10
462.38
 20
618.77
 10
462.81
 20
619.34
 10
462.81
 20
614.45
  0
LWPOLYLINE
  5
1134
330
17
100
AcDbEntity
  8
POLYLINES
100
AcDbPolyline
 90
29
 70
0
 10
465.83
 20
619.34
 10
465.26
 20
619.2
 10
465.11
 20
618.77
 10
465.11
 20
618.19
 10
465.26
 20
617.76
 10
465.69
 20
617.62
 10
466.41
 20
617.33
 10
466.99
 20
617.04
 10
467.42
 20
616.61
 10
467.56
 20
616.18
 10
467.56
 20
615.46
 10
467.42
 20
615.02
 10
467.13
 20
614.74
 10
466.55
 20
614.45
 10
465.83
 20
614.45
 10
465.26
 20
614.74
 10
465.11
 20
615.02
 10
464.97
 20
615.46
 10
464.97
 20
616.18
 10
465.11
 20
616.61
 10
465.55
 20
617.04
 10
465.98
 20
617.33
 10
466.84
 20
617.62
 10
467.13
 20
617.76
 10
467.42
 20
618.19
 10
467.42
 20
618.77
 10
467.13
 20
619.2
 10
466.55
 20
619.34
 10
465.83
 20
619.34
  0
LWPOLYLINE
  5
1135
330
17
100
AcDbEntity
  8
POLYLINES
100
AcDbPolyline
 90
3
 70
0
 10
519.11
 20
554.98
 10
519.11
 20
562.03
 10
521.71
 20
562.03
  0
LWPOLYLINE
  5
1136
330
17
100
AcDbEntity
  8
POLYLINES
100
AcDbPolyline
 90
3
 70
0
 10
522.71
 20
554.98
 10
524.3
 20
562.03
 10
526.03
 20
554.98
  0
LWPOLYLINE
  5
1137
330
17
100
AcDbEntity
  8
POLYLINES
100
AcDbPolyline
 90
4
 70
0
 10
527.18
 20
554.98
 10
527.18
 20
562.03
 10
530.06
 20
554.98
 10
530.06
 20
562.03
  0
LWPOLYLINE
  5
1138
330
17
100
AcDbEntity
  8
POLYLINES
100
AcDbPolyline
 90
6
 70
0
 10
473.47
 20
716.69
 10
472.75
 20
713.81
 10
473.32
 20
712.66
 10
473.32
 20
711.07
 10
473.18
 20
710.06
 10
472.46
 20
711.22
  0
LWPOLYLINE
  5
1139
330
17
100
AcDbEntity
  8
POLYLINES
100
AcDbPolyline
 90
4
 70
0
 10
480.38
 20
713.23
 10
479.8
 20
710.06
 10
479.08
 20
708.34
 10
477.93
 20
707.04
  0
LWPOLYLINE
  5
113A
330
17
100
AcDbEntity
  8
POLYLINES
100
AcDbPolyline
 90
3
 70
0
 10
480.23
 20
711.65
 10
481.67
 20
707.62
 10
482.83
 20
707.62
  0
LWPOLYLINE
  5
113B
330
17
100
AcDbEntity
  8
POLYLINES
100
AcDbPolyline
 90
4
 70
0
 10
492.76
 20
713.09
 10
492.76
 20
707.76
 10
493.19
 20
707.33
 10
494.78
 20
707.33
  0
LINE
  5
113C
330
17
100
AcDbEntity
  8
LINES
100
AcDbLine
 10
490.1
 20
707.47
 30
0.0
 11
491.75
 21
711.5
 31
0.0
  0
LWPOLYLINE
  5
113D
330
17
100
AcDbEntity
  8
POLYLINES
100
AcDbPolyline
 90
7
 70
0
 10
498.23
 20
717.55
 10
498.23
 20
708.48
 10
498.38
 20
708.05
 10
498.52
 20
707.76
 10
498.95
 20
707.33
 10
501.11
 20
707.47
 10
500.83
 20
709.78
  0
LWPOLYLINE
  5
113E
330
17
100
AcDbEntity
  8
POLYLINES
100
AcDbPolyline
 90
4
 70
0
 10
511.05
 20
714.53
 10
510.47
 20
712.66
 10
509.9
 20
710.93
 10
509.18
 20
709.06
  0
LWPOLYLINE
  5
113F
330
17
100
AcDbEntity
  8
POLYLINES
100
AcDbPolyline
 90
3
 70
0
 10
511.34
 20
714.53
 10
513.07
 20
709.63
 10
513.5
 20
709.63
  0
LWPOLYLINE
  5
1140
330
17
100
AcDbEntity
  8
POLYLINES
100
AcDbPolyline
 90
5
 70
0
 10
516.95
 20
717.26
 10
516.95
 20
708.05
 10
517.24
 20
707.62
 10
519.26
 20
707.62
 10
518.97
 20
710.35
  0
LWPOLYLINE
  5
1141
330
17
100
AcDbEntity
  8
POLYLINES
100
AcDbPolyline
 90
3
 70
0
 10
521.42
 20
717.55
 10
521.42
 20
707.04
 10
520.55
 20
708.48
  0
LWPOLYLINE
  5
1142
330
17
100
AcDbEntity
  8
POLYLINES
100
AcDbPolyline
 90
3
 70
0
 10
521.71
 20
707.04
 10
523.0
 20
708.19
 10
523.58
 20
708.91
  0
LWPOLYLINE
  5
1143
330
17
100
AcDbEntity
  8
POLYLINES
100
AcDbPolyline
 90
3
 70
0
 10
528.33
 20
716.4
 10
530.49
 20
708.05
 10
531.35
 20
708.05
  0
LWPOLYLINE
  5
1144
330
17
100
AcDbEntity
  8
POLYLINES
100
AcDbPolyline
 90
4
 70
0
 10
528.91
 20
713.81
 10
528.04
 20
710.93
 10
527.47
 20
708.77
 10
526.03
 20
707.33
  0
LWPOLYLINE
  5
1145
330
17
100
AcDbEntity
  8
POLYLINES
100
AcDbPolyline
 90
3
 70
0
 10
534.81
 20
714.96
 10
534.52
 20
713.66
 10
533.95
 20
712.22
  0
LWPOLYLINE
  5
1146
330
17
100
AcDbEntity
  8
POLYLINES
100
AcDbPolyline
 90
3
 70
0
 10
533.51
 20
707.04
 10
534.95
 20
708.62
 10
535.67
 20
710.06
  0
LWPOLYLINE
  5
1147
330
17
100
AcDbEntity
  8
POLYLINES
100
AcDbPolyline
 90
3
 70
0
 10
534.67
 20
711.36
 10
536.54
 20
707.18
 10
537.4
 20
707.18
  0
LWPOLYLINE
  5
1148
330
17
100
AcDbEntity
  8
POLYLINES
100
AcDbPolyline
 90
5
 70
0
 10
535.96
 20
716.98
 10
535.96
 20
715.54
 10
535.96
 20
713.95
 10
536.39
 20
713.38
 10
537.26
 20
713.38
  0
LWPOLYLINE
  5
1149
330
17
100
AcDbEntity
  8
POLYLINES
100
AcDbPolyline
 90
3
 70
0
 10
539.85
 20
714.96
 10
542.87
 20
711.36
 10
543.45
 20
711.5
  0
LWPOLYLINE
  5
114A
330
17
100
AcDbEntity
  8
POLYLINES
100
AcDbPolyline
 90
4
 70
0
 10
542.15
 20
716.26
 10
540.86
 20
713.95
 10
539.27
 20
711.79
 10
537.98
 20
710.5
  0
LWPOLYLINE
  5
114B
330
17
100
AcDbEntity
  8
POLYLINES
100
AcDbPolyline
 90
4
 70
0
 10
452.44
 20
618.62
 10
452.73
 20
618.91
 10
453.31
 20
619.63
 10
453.31
 20
614.74
  0
LWPOLYLINE
  5
114C
330
17
100
AcDbEntity
  8
POLYLINES
100
AcDbPolyline
 90
23
 70
0
 10
457.77
 20
617.9
 10
457.63
 20
617.18
 10
457.34
 20
616.75
 10
456.76
 20
616.61
 10
456.47
 20
616.61
 10
455.9
 20
616.75
 10
455.61
 20
617.18
 10
455.47
 20
617.9
 10
455.47
 20
618.19
 10
455.61
 20
618.91
 10
455.9
 20
619.34
 10
456.47
 20
619.63
 10
456.76
 20
619.63
 10
457.34
 20
619.34
 10
457.63
 20
618.91
 10
457.77
 20
617.9
 10
457.77
 20
616.75
 10
457.63
 20
615.6
 10
457.34
 20
614.88
 10
456.76
 20
614.74
 10
456.33
 20
614.74
 10
455.75
 20
614.88
 10
455.61
 20
615.31
  0
LWPOLYLINE
  5
114D
330
17
100
AcDbEntity
  8
POLYLINES
100
AcDbPolyline
 90
11
 70
0
 10
463.24
 20
595.44
 10
463.24
 20
601.34
 10
465.26
 20
601.34
 10
465.98
 20
601.06
 10
466.27
 20
600.77
 10
466.41
 20
600.19
 10
466.41
 20
599.47
 10
466.27
 20
598.9
 10
465.98
 20
598.61
 10
465.26
 20
598.32
 10
463.24
 20
598.32
  0
LWPOLYLINE
  5
114E
330
17
100
AcDbEntity
  8
POLYLINES
100
AcDbPolyline
 90
5
 70
0
 10
463.24
 20
593.42
 10
464.39
 20
587.52
 10
465.55
 20
593.42
 10
466.7
 20
587.52
 10
467.85
 20
593.42
  0
LWPOLYLINE
  5
114F
330
17
100
AcDbEntity
  8
POLYLINES
100
AcDbPolyline
 90
11
 70
0
 10
463.24
 20
579.6
 10
463.24
 20
585.5
 10
465.26
 20
585.5
 10
465.98
 20
585.22
 10
466.27
 20
584.93
 10
466.41
 20
584.5
 10
466.41
 20
583.92
 10
466.27
 20
583.34
 10
465.98
 20
583.06
 10
465.26
 20
582.77
 10
463.24
 20
582.77
  0
LWPOLYLINE
  5
1150
330
17
100
AcDbEntity
  8
POLYLINES
100
AcDbPolyline
 90
3
 70
0
 10
476.78
 20
594.86
 10
476.78
 20
600.77
 10
479.8
 20
600.77
  0
LWPOLYLINE
  5
1151
330
17
100
AcDbEntity
  8
POLYLINES
100
AcDbPolyline
 90
4
 70
0
 10
476.78
 20
591.7
 10
477.35
 20
591.98
 10
477.93
 20
592.85
 10
477.93
 20
586.94
  0
LWPOLYLINE
  5
1152
330
17
100
AcDbEntity
  8
POLYLINES
100
AcDbPolyline
 90
13
 70
0
 10
518.54
 20
595.73
 10
518.54
 20
601.63
 10
520.12
 20
601.63
 10
520.84
 20
601.34
 10
521.27
 20
600.77
 10
521.42
 20
600.19
 10
521.71
 20
599.47
 10
521.71
 20
598.03
 10
521.42
 20
597.17
 10
521.27
 20
596.59
 10
520.84
 20
596.02
 10
520.12
 20
595.73
 10
518.54
 20
595.73
  0
LWPOLYLINE
  5
1153
330
17
100
AcDbEntity
  8
POLYLINES
100
AcDbPolyline
 90
18
 70
0
 10
521.85
 20
584.5
 10
521.71
 20
585.07
 10
521.27
 20
585.5
 10
520.84
 20
585.79
 10
519.83
 20
585.79
 10
519.4
 20
585.5
 10
518.97
 20
585.07
 10
518.68
 20
584.5
 10
518.54
 20
583.63
 10
518.54
 20
582.19
 10
518.68
 20
581.33
 10
518.97
 20
580.75
 10
519.4
 20
580.18
 10
519.83
 20
579.89
 10
520.84
 20
579.89
 10
521.27
 20
580.18
 10
521.71
 20
580.75
 10
521.85
 20
581.33
  0
LWPOLYLINE
  5
1154
330
17
100
AcDbEntity
  8
POLYLINES
100
AcDbPolyline
 90
13
 70
0
 10
525.45
 20
595.58
 10
525.45
 20
601.49
 10
527.03
 20
601.49
 10
527.75
 20
601.2
 10
528.19
 20
600.62
 10
528.33
 20
600.05
 10
528.62
 20
599.33
 10
528.62
 20
597.89
 10
528.33
 20
597.02
 10
528.19
 20
596.45
 10
527.75
 20
595.87
 10
527.03
 20
595.58
 10
525.45
 20
595.58
  0
LWPOLYLINE
  5
1155
330
17
100
AcDbEntity
  8
POLYLINES
100
AcDbPolyline
 90
18
 70
0
 10
528.91
 20
584.35
 10
528.62
 20
584.78
 10
528.19
 20
585.36
 10
527.75
 20
585.65
 10
526.75
 20
585.65
 10
526.31
 20
585.36
 10
525.88
 20
584.78
 10
525.74
 20
584.35
 10
525.45
 20
583.49
 10
525.45
 20
582.05
 10
525.74
 20
581.18
 10
525.88
 20
580.61
 10
526.31
 20
580.03
 10
526.75
 20
579.74
 10
527.75
 20
579.74
 10
528.19
 20
580.03
 10
528.62
 20
580.61
 10
528.91
 20
581.18
  0
LWPOLYLINE
  5
1156
330
17
100
AcDbEntity
  8
POLYLINES
100
AcDbPolyline
 90
3
 70
0
 10
573.98
 20
600.62
 10
575.71
 20
594.72
 10
577.58
 20
600.62
  0
LWPOLYLINE
  5
1157
330
17
100
AcDbEntity
  8
POLYLINES
100
AcDbPolyline
 90
3
 70
0
 10
573.98
 20
586.8
 10
573.98
 20
592.7
 10
576.86
 20
592.7
  0
LWPOLYLINE
  5
1158
330
17
100
AcDbEntity
  8
POLYLINES
100
AcDbPolyline
 90
29
 70
0
 10
574.99
 20
584.78
 10
574.41
 20
584.5
 10
574.12
 20
583.92
 10
574.12
 20
583.34
 10
574.41
 20
582.77
 10
574.84
 20
582.48
 10
575.71
 20
582.34
 10
576.43
 20
582.05
 10
576.86
 20
581.47
 10
577.15
 20
580.9
 10
577.15
 20
580.03
 10
576.86
 20
579.46
 10
576.57
 20
579.17
 10
575.99
 20
578.88
 10
574.99
 20
578.88
 10
574.41
 20
579.17
 10
574.12
 20
579.46
 10
573.98
 20
580.03
 10
573.98
 20
580.9
 10
574.12
 20
581.47
 10
574.55
 20
582.05
 10
575.27
 20
582.34
 10
576.14
 20
582.48
 10
576.57
 20
582.77
 10
576.86
 20
583.34
 10
576.86
 20
583.92
 10
576.57
 20
584.5
 10
575.99
 20
584.78
 10
574.99
 20
584.78
  0
LWPOLYLINE
  5
1159
330
17
100
AcDbEntity
  8
POLYLINES
100
AcDbPolyline
 90
3
 70
0
 10
589.96
 20
594.72
 10
589.96
 20
600.62
 10
592.84
 20
600.62
  0
LWPOLYLINE
  5
115A
330
17
100
AcDbEntity
  8
POLYLINES
100
AcDbPolyline
 90
20
 70
0
 10
593.13
 20
584.06
 10
592.7
 20
584.64
 10
591.98
 20
584.93
 10
591.11
 20
584.93
 10
590.39
 20
584.64
 10
589.96
 20
584.06
 10
589.96
 20
583.49
 10
590.11
 20
582.91
 10
590.39
 20
582.62
 10
590.83
 20
582.34
 10
592.12
 20
581.76
 10
592.7
 20
581.47
 10
592.84
 20
581.18
 10
593.13
 20
580.61
 10
593.13
 20
579.74
 10
592.7
 20
579.17
 10
591.98
 20
578.88
 10
591.11
 20
578.88
 10
590.39
 20
579.17
 10
589.96
 20
579.74
  0
LWPOLYLINE
  5
115B
330
17
100
AcDbEntity
  8
POLYLINES
100
AcDbPolyline
 90
5
 70
0
 10
485.99
 20
204.91
 10
485.99
 20
198.72
 10
486.14
 20
198.29
 10
488.3
 20
198.29
 10
488.15
 20
200.16
  0
LWPOLYLINE
  5
115C
330
17
100
AcDbEntity
  8
POLYLINES
100
AcDbPolyline
 90
3
 70
0
 10
488.01
 20
204.05
 10
487.43
 20
200.02
 10
487.15
 20
200.74
  0
LWPOLYLINE
  5
115D
330
17
100
AcDbEntity
  8
POLYLINES
100
AcDbPolyline
 90
3
 70
0
 10
493.05
 20
206.93
 10
493.05
 20
198.14
 10
492.33
 20
199.44
  0
LWPOLYLINE
  5
115E
330
17
100
AcDbEntity
  8
POLYLINES
100
AcDbPolyline
 90
4
 70
0
 10
497.08
 20
203.33
 10
497.08
 20
198.58
 10
497.37
 20
198.29
 10
498.81
 20
198.29
  0
LWPOLYLINE
  5
115F
330
17
100
AcDbEntity
  8
POLYLINES
100
AcDbPolyline
 90
4
 70
0
 10
494.35
 20
197.86
 10
495.07
 20
198.72
 10
495.93
 20
200.59
 10
496.36
 20
203.04
  0
LWPOLYLINE
  5
1160
330
17
100
AcDbEntity
  8
POLYLINES
100
AcDbPolyline
 90
7
 70
0
 10
501.83
 20
207.22
 10
501.83
 20
199.3
 10
501.83
 20
198.86
 10
502.12
 20
198.58
 10
502.55
 20
198.29
 10
504.28
 20
198.29
 10
503.99
 20
200.45
  0
LWPOLYLINE
  5
1161
330
17
100
AcDbEntity
  8
POLYLINES
100
AcDbPolyline
 90
4
 70
0
 10
512.92
 20
204.48
 10
512.63
 20
202.9
 10
512.06
 20
201.31
 10
511.48
 20
199.73
  0
LWPOLYLINE
  5
1162
330
17
100
AcDbEntity
  8
POLYLINES
100
AcDbPolyline
 90
3
 70
0
 10
513.21
 20
204.48
 10
514.79
 20
200.3
 10
515.08
 20
200.3
  0
LWPOLYLINE
  5
1163
330
17
100
AcDbEntity
  8
POLYLINES
100
AcDbPolyline
 90
5
 70
0
 10
518.25
 20
206.93
 10
518.25
 20
198.86
 10
518.54
 20
198.43
 10
520.12
 20
198.43
 10
519.98
 20
200.74
  0
LWPOLYLINE
  5
1164
330
17
100
AcDbEntity
  8
POLYLINES
100
AcDbPolyline
 90
3
 70
0
 10
523.29
 20
204.91
 10
523.0
 20
203.76
 10
522.43
 20
202.46
  0
LWPOLYLINE
  5
1165
330
17
100
AcDbEntity
  8
POLYLINES
100
AcDbPolyline
 90
3
 70
0
 10
522.14
 20
198.0
 10
523.29
 20
199.3
 10
524.01
 20
200.59
  0
LWPOLYLINE
  5
1166
330
17
100
AcDbEntity
  8
POLYLINES
100
AcDbPolyline
 90
3
 70
0
 10
523.0
 20
201.74
 10
524.87
 20
198.14
 10
525.45
 20
198.14
  0
LWPOLYLINE
  5
1167
330
17
100
AcDbEntity
  8
POLYLINES
100
AcDbPolyline
 90
5
 70
0
 10
524.3
 20
206.64
 10
524.3
 20
205.34
 10
524.3
 20
204.05
 10
524.59
 20
203.47
 10
525.45
 20
203.47
  0
LWPOLYLINE
  5
1168
330
17
100
AcDbEntity
  8
POLYLINES
100
AcDbPolyline
 90
3
 70
0
 10
527.75
 20
204.77
 10
530.35
 20
201.74
 10
530.78
 20
201.89
  0
LWPOLYLINE
  5
1169
330
17
100
AcDbEntity
  8
POLYLINES
100
AcDbPolyline
 90
4
 70
0
 10
529.63
 20
206.06
 10
528.47
 20
204.05
 10
527.18
 20
202.18
 10
526.03
 20
201.02
  0
LWPOLYLINE
  5
116A
330
17
100
AcDbEntity
  8
POLYLINES
100
AcDbPolyline
 90
5
 70
0
 10
536.11
 20
200.45
 10
536.11
 20
198.72
 10
535.39
 20
198.72
 10
535.1
 20
199.58
 10
535.1
 20
206.21
  0
LWPOLYLINE
  5
116B
330
17
100
AcDbEntity
  8
POLYLINES
100
AcDbPolyline
 90
4
 70
0
 10
533.23
 20
198.0
 10
533.8
 20
199.73
 10
534.09
 20
202.32
 10
534.09
 20
206.35
  0
LWPOLYLINE
  5
116C
330
17
100
AcDbEntity
  8
POLYLINES
100
AcDbPolyline
 90
3
 70
0
 10
538.99
 20
205.49
 10
538.41
 20
202.46
 10
537.98
 20
203.62
  0
LWPOLYLINE
  5
116D
330
17
100
AcDbEntity
  8
POLYLINES
100
AcDbPolyline
 90
3
 70
0
 10
539.13
 20
201.31
 10
540.57
 20
198.58
 10
541.15
 20
198.58
  0
LWPOLYLINE
  5
116E
330
17
100
AcDbEntity
  8
POLYLINES
100
AcDbPolyline
 90
3
 70
0
 10
537.83
 20
205.06
 10
537.4
 20
203.33
 10
536.68
 20
201.74
  0
LWPOLYLINE
  5
116F
330
17
100
AcDbEntity
  8
POLYLINES
100
AcDbPolyline
 90
3
 70
0
 10
546.04
 20
198.29
 10
546.04
 20
198.58
 10
545.75
 20
199.15
  0
LWPOLYLINE
  5
1170
330
17
100
AcDbEntity
  8
POLYLINES
100
AcDbPolyline
 90
3
 70
0
 10
543.88
 20
203.76
 10
545.47
 20
201.6
 10
545.9
 20
201.74
  0
LWPOLYLINE
  5
1171
330
17
100
AcDbEntity
  8
POLYLINES
100
AcDbPolyline
 90
3
 70
0
 10
543.88
 20
202.32
 10
544.46
 20
203.18
 10
545.18
 20
205.06
  0
LWPOLYLINE
  5
1172
330
17
100
AcDbEntity
  8
POLYLINES
100
AcDbPolyline
 90
10
 70
0
 10
518.54
 20
258.48
 10
517.96
 20
257.62
 10
517.53
 20
256.32
 10
516.95
 20
254.45
 10
516.67
 20
252.29
 10
516.67
 20
250.42
 10
516.95
 20
248.26
 10
517.53
 20
246.38
 10
517.96
 20
245.09
 10
518.54
 20
244.22
  0
LWPOLYLINE
  5
1173
330
17
100
AcDbEntity
  8
POLYLINES
100
AcDbPolyline
 90
4
 70
0
 10
520.41
 20
254.88
 10
520.99
 20
255.31
 10
521.85
 20
256.75
 10
521.85
 20
247.25
  0
LWPOLYLINE
  5
1174
330
17
100
AcDbEntity
  8
POLYLINES
100
AcDbPolyline
 90
14
 70
0
 10
525.02
 20
254.45
 10
525.02
 20
254.88
 10
525.31
 20
255.89
 10
525.59
 20
256.32
 10
526.03
 20
256.75
 10
527.18
 20
256.75
 10
527.75
 20
256.32
 10
527.9
 20
255.89
 10
528.19
 20
254.88
 10
528.19
 20
254.02
 10
527.9
 20
253.15
 10
527.47
 20
251.86
 10
524.73
 20
247.25
 10
528.47
 20
247.25
  0
LWPOLYLINE
  5
1175
330
17
100
AcDbEntity
  8
POLYLINES
100
AcDbPolyline
 90
3
 70
0
 10
530.06
 20
256.75
 10
533.8
 20
256.75
 10
531.21
 20
247.25
  0
LWPOLYLINE
  5
1176
330
17
100
AcDbEntity
  8
POLYLINES
100
AcDbPolyline
 90
11
 70
0
 10
535.53
 20
247.25
 10
535.53
 20
256.75
 10
537.83
 20
256.75
 10
538.7
 20
256.32
 10
538.99
 20
255.89
 10
539.27
 20
254.88
 10
539.27
 20
253.58
 10
538.99
 20
252.72
 10
538.7
 20
252.29
 10
537.83
 20
251.86
 10
535.53
 20
251.86
  0
LWPOLYLINE
  5
1177
330
17
100
AcDbEntity
  8
POLYLINES
100
AcDbPolyline
 90
10
 70
0
 10
541.15
 20
258.48
 10
541.72
 20
257.62
 10
542.15
 20
256.32
 10
542.73
 20
254.45
 10
543.02
 20
252.29
 10
543.02
 20
250.42
 10
542.73
 20
248.26
 10
542.15
 20
246.38
 10
541.72
 20
245.09
 10
541.15
 20
244.22
  0
LWPOLYLINE
  5
1178
330
17
100
AcDbEntity
  8
POLYLINES
100
AcDbPolyline
 90
3
 70
0
 10
776.44
 20
195.98
 10
775.87
 20
193.82
 10
777.31
 20
192.67
  0
LWPOLYLINE
  5
1179
330
17
100
AcDbEntity
  8
POLYLINES
100
AcDbPolyline
 90
4
 70
0
 10
777.16
 20
195.84
 10
776.87
 20
193.97
 10
776.3
 20
192.67
 10
775.58
 20
191.95
  0
LWPOLYLINE
  5
117A
330
17
100
AcDbEntity
  8
POLYLINES
100
AcDbPolyline
 90
4
 70
0
 10
778.31
 20
200.88
 10
778.17
 20
198.86
 10
777.88
 20
197.71
 10
777.45
 20
195.7
  0
LWPOLYLINE
  5
117B
330
17
100
AcDbEntity
  8
POLYLINES
100
AcDbPolyline
 90
4
 70
0
 10
778.75
 20
197.86
 10
778.6
 20
195.26
 10
778.03
 20
193.39
 10
777.02
 20
191.66
  0
LWPOLYLINE
  5
117C
330
17
100
AcDbEntity
  8
POLYLINES
100
AcDbPolyline
 90
3
 70
0
 10
777.59
 20
196.56
 10
779.03
 20
192.1
 10
779.75
 20
192.1
  0
LWPOLYLINE
  5
117D
330
17
100
AcDbEntity
  8
POLYLINES
100
AcDbPolyline
 90
4
 70
0
 10
782.78
 20
200.16
 10
782.78
 20
197.71
 10
782.63
 20
194.54
 10
782.06
 20
191.81
  0
LWPOLYLINE
  5
117E
330
17
100
AcDbEntity
  8
POLYLINES
100
AcDbPolyline
 90
3
 70
0
 10
781.19
 20
193.25
 10
781.77
 20
191.95
 10
781.77
 20
200.88
  0
LWPOLYLINE
  5
117F
330
17
100
AcDbEntity
  8
POLYLINES
100
AcDbPolyline
 90
3
 70
0
 10
789.83
 20
199.01
 10
789.69
 20
193.39
 10
789.11
 20
194.54
  0
LWPOLYLINE
  5
1180
330
17
100
AcDbEntity
  8
POLYLINES
100
AcDbPolyline
 90
3
 70
0
 10
785.95
 20
193.82
 10
786.95
 20
193.82
 10
789.98
 20
192.1
  0
LWPOLYLINE
  5
1181
330
17
100
AcDbEntity
  8
POLYLINES
100
AcDbPolyline
 90
4
 70
0
 10
787.39
 20
197.71
 10
786.95
 20
195.98
 10
787.24
 20
195.12
 10
786.95
 20
193.82
  0
LWPOLYLINE
  5
1182
330
17
100
AcDbEntity
  8
POLYLINES
100
AcDbPolyline
 90
3
 70
0
 10
800.35
 20
200.88
 10
800.35
 20
192.1
 10
799.63
 20
193.39
  0
LWPOLYLINE
  5
1183
330
17
100
AcDbEntity
  8
POLYLINES
100
AcDbPolyline
 90
3
 70
0
 10
804.09
 20
198.86
 10
803.8
 20
197.71
 10
803.23
 20
196.42
  0
LWPOLYLINE
  5
1184
330
17
100
AcDbEntity
  8
POLYLINES
100
AcDbPolyline
 90
3
 70
0
 10
802.94
 20
191.95
 10
804.09
 20
193.39
 10
804.81
 20
194.54
  0
LWPOLYLINE
  5
1185
330
17
100
AcDbEntity
  8
POLYLINES
100
AcDbPolyline
 90
3
 70
0
 10
803.8
 20
195.7
 10
805.67
 20
192.1
 10
806.25
 20
192.1
  0
LWPOLYLINE
  5
1186
330
17
100
AcDbEntity
  8
POLYLINES
100
AcDbPolyline
 90
5
 70
0
 10
804.95
 20
200.74
 10
804.95
 20
199.3
 10
805.1
 20
198.0
 10
805.39
 20
197.42
 10
806.25
 20
197.42
  0
LWPOLYLINE
  5
1187
330
17
100
AcDbEntity
  8
POLYLINES
100
AcDbPolyline
 90
3
 70
0
 10
808.55
 20
198.86
 10
811.15
 20
195.7
 10
811.58
 20
195.84
  0
LWPOLYLINE
  5
1188
330
17
100
AcDbEntity
  8
POLYLINES
100
AcDbPolyline
 90
4
 70
0
 10
810.43
 20
200.02
 10
809.27
 20
198.0
 10
807.98
 20
196.13
 10
806.83
 20
194.98
  0
LWPOLYLINE
  5
1189
330
17
100
AcDbEntity
  8
POLYLINES
100
AcDbPolyline
 90
5
 70
0
 10
816.91
 20
194.54
 10
816.91
 20
192.67
 10
816.19
 20
192.67
 10
815.9
 20
193.54
 10
815.9
 20
200.16
  0
LWPOLYLINE
  5
118A
330
17
100
AcDbEntity
  8
POLYLINES
100
AcDbPolyline
 90
4
 70
0
 10
813.88
 20
191.95
 10
814.6
 20
193.82
 10
814.89
 20
196.27
 10
814.89
 20
200.3
  0
LWPOLYLINE
  5
118B
330
17
100
AcDbEntity
  8
POLYLINES
100
AcDbPolyline
 90
3
 70
0
 10
819.79
 20
199.58
 10
819.21
 20
196.42
 10
818.78
 20
197.57
  0
LWPOLYLINE
  5
118C
330
17
100
AcDbEntity
  8
POLYLINES
100
AcDbPolyline
 90
3
 70
0
 10
819.93
 20
195.26
 10
821.37
 20
192.53
 10
821.95
 20
192.53
  0
LWPOLYLINE
  5
118D
330
17
100
AcDbEntity
  8
POLYLINES
100
AcDbPolyline
 90
3
 70
0
 10
818.63
 20
199.01
 10
818.2
 20
197.42
 10
817.48
 20
195.7
  0
LWPOLYLINE
  5
118E
330
17
100
AcDbEntity
  8
POLYLINES
100
AcDbPolyline
 90
3
 70
0
 10
826.7
 20
192.38
 10
826.7
 20
192.67
 10
826.55
 20
193.1
  0
LWPOLYLINE
  5
118F
330
17
100
AcDbEntity
  8
POLYLINES
100
AcDbPolyline
 90
3
 70
0
 10
824.68
 20
197.86
 10
826.27
 20
195.7
 10
826.7
 20
195.7
  0
LWPOLYLINE
  5
1190
330
17
100
AcDbEntity
  8
POLYLINES
100
AcDbPolyline
 90
3
 70
0
 10
824.68
 20
196.42
 10
825.26
 20
197.14
 10
825.98
 20
199.01
  0
LWPOLYLINE
  5
1191
330
17
100
AcDbEntity
  8
POLYLINES
100
AcDbPolyline
 90
2
 70
0
 10
888.35
 20
408.44
 10
888.12
 20
408.67
  0
LWPOLYLINE
  5
1192
330
17
100
AcDbEntity
  8
POLYLINES
100
AcDbPolyline
 90
2
 70
0
 10
888.35
 20
398.91
 10
888.12
 20
377.81
  0
LWPOLYLINE
  5
1193
330
17
100
AcDbEntity
  8
POLYLINES
100
AcDbPolyline
 90
2
 70
0
 10
714.71
 20
398.91
 10
714.94
 20
377.81
  0
LWPOLYLINE
  5
1194
330
17
100
AcDbEntity
  8
POLYLINES
100
AcDbPolyline
 90
2
 70
0
 10
714.94
 20
408.67
 10
714.71
 20
408.44
  0
LWPOLYLINE
  5
1195
330
17
100
AcDbEntity
  8
POLYLINES
100
AcDbPolyline
 90
2
 70
0
 10
715.22
 20
379.17
 10
715.45
 20
378.98
  0
LWPOLYLINE
  5
1196
330
17
100
AcDbEntity
  8
POLYLINES
100
AcDbPolyline
 90
2
 70
0
 10
715.45
 20
408.11
 10
715.22
 20
407.88
  0
LWPOLYLINE
  5
1197
330
17
100
AcDbEntity
  8
POLYLINES
100
AcDbPolyline
 90
2
 70
0
 10
887.54
 20
407.88
 10
887.31
 20
408.11
  0
LWPOLYLINE
  5
1198
330
17
100
AcDbEntity
  8
POLYLINES
100
AcDbPolyline
 90
4
 70
0
 10
773.71
 20
390.24
 10
773.71
 20
397.44
 10
776.59
 20
390.24
 10
776.59
 20
397.44
  0
LWPOLYLINE
  5
1199
330
17
100
AcDbEntity
  8
POLYLINES
100
AcDbPolyline
 90
20
 70
0
 10
781.05
 20
396.43
 10
780.62
 20
397.01
 10
780.04
 20
397.44
 10
779.18
 20
397.44
 10
778.6
 20
397.01
 10
778.17
 20
396.43
 10
778.17
 20
395.71
 10
778.31
 20
394.99
 10
778.6
 20
394.7
 10
778.89
 20
394.42
 10
780.19
 20
393.7
 10
780.62
 20
393.26
 10
780.76
 20
392.98
 10
781.05
 20
392.26
 10
781.05
 20
391.25
 10
780.62
 20
390.67
 10
780.04
 20
390.24
 10
779.18
 20
390.24
 10
778.6
 20
390.67
 10
778.17
 20
391.25
  0
LWPOLYLINE
  5
119A
330
17
100
AcDbEntity
  8
POLYLINES
100
AcDbPolyline
 90
11
 70
0
 10
782.2
 20
390.24
 10
782.2
 20
397.44
 10
784.07
 20
397.44
 10
784.65
 20
397.01
 10
784.79
 20
396.72
 10
785.08
 20
396.0
 10
785.08
 20
395.42
 10
784.79
 20
394.7
 10
784.65
 20
394.42
 10
784.07
 20
393.98
 10
782.2
 20
393.98
  0
LWPOLYLINE
  5
119B
330
17
100
AcDbEntity
  8
POLYLINES
100
AcDbPolyline
 90
3
 70
0
 10
786.52
 20
397.44
 10
789.26
 20
397.44
 10
787.24
 20
390.24
  0
LWPOLYLINE
  5
119C
330
17
100
AcDbEntity
  8
POLYLINES
100
AcDbPolyline
 90
15
 70
0
 10
790.84
 20
397.44
 10
793.15
 20
397.44
 10
791.85
 20
394.7
 10
792.57
 20
394.7
 10
793.0
 20
394.42
 10
793.15
 20
393.98
 10
793.29
 20
392.98
 10
793.29
 20
392.26
 10
793.15
 20
391.25
 10
792.71
 20
390.67
 10
792.14
 20
390.24
 10
791.56
 20
390.24
 10
790.84
 20
390.67
 10
790.7
 20
390.96
 10
790.55
 20
391.68
  0
LWPOLYLINE
  5
119D
330
17
100
AcDbEntity
  8
POLYLINES
100
AcDbPolyline
 90
17
 70
0
 10
795.74
 20
397.44
 10
795.16
 20
397.01
 10
794.73
 20
396.0
 10
794.59
 20
394.42
 10
794.59
 20
393.26
 10
794.73
 20
391.68
 10
795.16
 20
390.67
 10
795.74
 20
390.24
 10
796.17
 20
390.24
 10
796.75
 20
390.67
 10
797.18
 20
391.68
 10
797.32
 20
393.26
 10
797.32
 20
394.42
 10
797.18
 20
396.0
 10
796.75
 20
397.01
 10
796.17
 20
397.44
 10
795.74
 20
397.44
  0
LWPOLYLINE
  5
119E
330
17
100
AcDbEntity
  8
POLYLINES
100
AcDbPolyline
 90
17
 70
0
 10
799.77
 20
397.44
 10
799.19
 20
397.01
 10
798.76
 20
396.0
 10
798.62
 20
394.42
 10
798.62
 20
393.26
 10
798.76
 20
391.68
 10
799.19
 20
390.67
 10
799.77
 20
390.24
 10
800.2
 20
390.24
 10
800.78
 20
390.67
 10
801.21
 20
391.68
 10
801.5
 20
393.26
 10
801.5
 20
394.42
 10
801.21
 20
396.0
 10
800.78
 20
397.01
 10
800.2
 20
397.44
 10
799.77
 20
397.44
  0
LWPOLYLINE
  5
119F
330
17
100
AcDbEntity
  8
POLYLINES
100
AcDbPolyline
 90
17
 70
0
 10
813.16
 20
397.44
 10
812.59
 20
397.01
 10
812.15
 20
396.0
 10
812.01
 20
394.42
 10
812.01
 20
393.26
 10
812.15
 20
391.68
 10
812.59
 20
390.67
 10
813.16
 20
390.24
 10
813.59
 20
390.24
 10
814.17
 20
390.67
 10
814.6
 20
391.68
 10
814.75
 20
393.26
 10
814.75
 20
394.42
 10
814.6
 20
396.0
 10
814.17
 20
397.01
 10
813.59
 20
397.44
 10
813.16
 20
397.44
  0
LWPOLYLINE
  5
11A0
330
17
100
AcDbEntity
  8
POLYLINES
100
AcDbPolyline
 90
29
 70
0
 10
817.05
 20
397.44
 10
816.47
 20
397.01
 10
816.19
 20
396.43
 10
816.19
 20
395.71
 10
816.47
 20
394.99
 10
816.76
 20
394.7
 10
817.63
 20
394.42
 10
818.2
 20
393.98
 10
818.63
 20
393.26
 10
818.78
 20
392.69
 10
818.78
 20
391.68
 10
818.63
 20
390.96
 10
818.49
 20
390.67
 10
817.77
 20
390.24
 10
817.05
 20
390.24
 10
816.47
 20
390.67
 10
816.19
 20
390.96
 10
816.04
 20
391.68
 10
816.04
 20
392.69
 10
816.19
 20
393.26
 10
816.62
 20
393.98
 10
817.19
 20
394.42
 10
818.06
 20
394.7
 10
818.49
 20
394.99
 10
818.63
 20
395.71
 10
818.63
 20
396.43
 10
818.49
 20
397.01
 10
817.77
 20
397.44
 10
817.05
 20
397.44
  0
LWPOLYLINE
  5
11A1
330
17
100
AcDbEntity
  8
POLYLINES
100
AcDbPolyline
 90
3
 70
0
 10
821.66
 20
395.14
 10
822.52
 20
392.83
 10
822.81
 20
392.83
  0
LWPOLYLINE
  5
11A2
330
17
100
AcDbEntity
  8
POLYLINES
100
AcDbPolyline
 90
3
 70
0
 10
827.42
 20
393.7
 10
828.28
 20
392.26
 10
828.57
 20
392.4
  0
LWPOLYLINE
  5
11A3
330
17
100
AcDbEntity
  8
POLYLINES
100
AcDbPolyline
 90
4
 70
0
 10
827.27
 20
394.7
 10
827.13
 20
393.7
 10
826.7
 20
392.98
 10
825.83
 20
391.82
  0
LWPOLYLINE
  5
11A4
330
17
100
AcDbEntity
  8
POLYLINES
100
AcDbPolyline
 90
2
 70
0
 10
887.17
 20
474.62
 10
886.94
 20
474.85
  0
LWPOLYLINE
  5
11A5
330
17
100
AcDbEntity
  8
POLYLINES
100
AcDbPolyline
 90
2
 70
0
 10
886.94
 20
464.86
 10
887.17
 20
465.09
  0
LWPOLYLINE
  5
11A6
330
17
100
AcDbEntity
  8
POLYLINES
100
AcDbPolyline
 90
2
 70
0
 10
713.53
 20
465.09
 10
713.76
 20
464.86
  0
LWPOLYLINE
  5
11A7
330
17
100
AcDbEntity
  8
POLYLINES
100
AcDbPolyline
 90
2
 70
0
 10
713.76
 20
474.85
 10
713.53
 20
474.62
  0
LWPOLYLINE
  5
11A8
330
17
100
AcDbEntity
  8
POLYLINES
100
AcDbPolyline
 90
2
 70
0
 10
714.04
 20
465.6
 10
714.27
 20
465.37
  0
LWPOLYLINE
  5
11A9
330
17
100
AcDbEntity
  8
POLYLINES
100
AcDbPolyline
 90
2
 70
0
 10
714.27
 20
474.28
 10
714.04
 20
474.05
  0
LWPOLYLINE
  5
11AA
330
17
100
AcDbEntity
  8
POLYLINES
100
AcDbPolyline
 90
2
 70
0
 10
886.36
 20
474.05
 10
886.13
 20
474.28
  0
LWPOLYLINE
  5
11AB
330
17
100
AcDbEntity
  8
POLYLINES
100
AcDbPolyline
 90
2
 70
0
 10
886.13
 20
465.37
 10
886.36
 20
465.6
  0
LWPOLYLINE
  5
11AC
330
17
100
AcDbEntity
  8
POLYLINES
100
AcDbPolyline
 90
3
 70
0
 10
792.14
 20
469.3
 10
793.43
 20
466.13
 10
793.87
 20
466.13
  0
LWPOLYLINE
  5
11AD
330
17
100
AcDbEntity
  8
POLYLINES
100
AcDbPolyline
 90
3
 70
0
 10
793.0
 20
469.87
 10
792.57
 20
468.14
 10
791.42
 20
465.84
  0
LWPOLYLINE
  5
11AE
330
17
100
AcDbEntity
  8
POLYLINES
100
AcDbPolyline
 90
3
 70
0
 10
795.74
 20
468.29
 10
796.46
 20
466.13
 10
796.75
 20
466.13
  0
LWPOLYLINE
  5
11AF
330
17
100
AcDbEntity
  8
POLYLINES
100
AcDbPolyline
 90
4
 70
0
 10
795.88
 20
470.02
 10
795.74
 20
468.29
 10
795.31
 20
466.85
 10
794.87
 20
465.98
  0
LWPOLYLINE
  5
11B0
330
17
100
AcDbEntity
  8
POLYLINES
100
AcDbPolyline
 90
3
 70
0
 10
794.73
 20
472.46
 10
794.73
 20
465.98
 10
794.3
 20
466.99
  0
LWPOLYLINE
  5
11B1
330
17
100
AcDbEntity
  8
POLYLINES
100
AcDbPolyline
 90
5
 70
0
 10
799.48
 20
467.71
 10
799.48
 20
466.56
 10
799.19
 20
466.56
 10
799.05
 20
467.14
 10
799.05
 20
471.89
  0
LWPOLYLINE
  5
11B2
330
17
100
AcDbEntity
  8
POLYLINES
100
AcDbPolyline
 90
4
 70
0
 10
798.04
 20
465.98
 10
798.33
 20
467.28
 10
798.47
 20
469.01
 10
798.47
 20
471.89
  0
LWPOLYLINE
  5
11B3
330
17
100
AcDbEntity
  8
POLYLINES
100
AcDbPolyline
 90
3
 70
0
 10
651.59
 20
396.29
 10
651.59
 20
388.37
 10
650.73
 20
389.52
  0
LWPOLYLINE
  5
11B4
330
17
100
AcDbEntity
  8
POLYLINES
100
AcDbPolyline
 90
3
 70
0
 10
650.15
 20
394.85
 10
649.43
 20
392.11
 10
648.28
 20
389.09
  0
LWPOLYLINE
  5
11B5
330
17
100
AcDbEntity
  8
POLYLINES
100
AcDbPolyline
 90
6
 70
0
 10
658.79
 20
395.57
 10
658.22
 20
393.41
 10
658.65
 20
392.54
 10
658.65
 20
391.39
 10
658.51
 20
390.53
 10
658.07
 20
391.39
  0
LWPOLYLINE
  5
11B6
330
17
100
AcDbEntity
  8
POLYLINES
100
AcDbPolyline
 90
5
 70
0
 10
663.69
 20
394.27
 10
663.69
 20
388.94
 10
663.98
 20
388.51
 10
665.71
 20
388.66
 10
665.56
 20
390.24
  0
LWPOLYLINE
  5
11B7
330
17
100
AcDbEntity
  8
POLYLINES
100
AcDbPolyline
 90
3
 70
0
 10
665.56
 20
393.55
 10
664.99
 20
389.95
 10
664.7
 20
390.67
  0
LWPOLYLINE
  5
11B8
330
17
100
AcDbEntity
  8
POLYLINES
100
AcDbPolyline
 90
3
 70
0
 10
670.31
 20
395.71
 10
670.17
 20
388.37
 10
669.59
 20
389.38
  0
LWPOLYLINE
  5
11B9
330
17
100
AcDbEntity
  8
POLYLINES
100
AcDbPolyline
 90
3
 70
0
 10
668.15
 20
395.86
 10
668.15
 20
391.25
 10
667.58
 20
388.37
  0
LWPOLYLINE
  5
11BA
330
17
100
AcDbEntity
  8
POLYLINES
100
AcDbPolyline
 90
3
 70
0
 10
672.04
 20
391.68
 10
671.61
 20
389.81
 10
672.76
 20
388.94
  0
LWPOLYLINE
  5
11BB
330
17
100
AcDbEntity
  8
POLYLINES
100
AcDbPolyline
 90
4
 70
0
 10
672.62
 20
391.68
 10
672.33
 20
389.95
 10
672.04
 20
388.94
 10
671.32
 20
388.22
  0
LWPOLYLINE
  5
11BC
330
17
100
AcDbEntity
  8
POLYLINES
100
AcDbPolyline
 90
4
 70
0
 10
673.63
 20
396.0
 10
673.48
 20
394.27
 10
673.34
 20
393.26
 10
672.91
 20
391.54
  0
LWPOLYLINE
  5
11BD
330
17
100
AcDbEntity
  8
POLYLINES
100
AcDbPolyline
 90
4
 70
0
 10
674.06
 20
393.41
 10
673.91
 20
391.1
 10
673.48
 20
389.52
 10
672.62
 20
388.08
  0
LWPOLYLINE
  5
11BE
330
17
100
AcDbEntity
  8
POLYLINES
100
AcDbPolyline
 90
3
 70
0
 10
673.05
 20
392.26
 10
674.2
 20
388.37
 10
674.92
 20
388.37
  0
LWPOLYLINE
  5
11BF
330
17
100
AcDbEntity
  8
POLYLINES
100
AcDbPolyline
 90
4
 70
0
 10
677.51
 20
395.28
 10
677.51
 20
393.26
 10
677.37
 20
390.53
 10
676.94
 20
388.22
  0
LWPOLYLINE
  5
11C0
330
17
100
AcDbEntity
  8
POLYLINES
100
AcDbPolyline
 90
3
 70
0
 10
676.07
 20
389.38
 10
676.65
 20
388.22
 10
676.65
 20
396.0
  0
LWPOLYLINE
  5
11C1
330
17
100
AcDbEntity
  8
POLYLINES
100
AcDbPolyline
 90
3
 70
0
 10
683.56
 20
394.42
 10
683.42
 20
389.52
 10
682.99
 20
390.53
  0
LWPOLYLINE
  5
11C2
330
17
100
AcDbEntity
  8
POLYLINES
100
AcDbPolyline
 90
3
 70
0
 10
680.25
 20
389.95
 10
680.97
 20
389.81
 10
683.71
 20
388.37
  0
LWPOLYLINE
  5
11C3
330
17
100
AcDbEntity
  8
POLYLINES
100
AcDbPolyline
 90
4
 70
0
 10
681.4
 20
393.26
 10
681.11
 20
391.68
 10
681.26
 20
390.96
 10
680.97
 20
389.81
  0
LWPOLYLINE
  5
11C4
330
17
100
AcDbEntity
  8
POLYLINES
100
AcDbPolyline
 90
3
 70
0
 10
656.35
 20
381.74
 10
656.35
 20
374.26
 10
655.77
 20
375.41
  0
LWPOLYLINE
  5
11C5
330
17
100
AcDbEntity
  8
POLYLINES
100
AcDbPolyline
 90
3
 70
0
 10
659.51
 20
380.16
 10
659.37
 20
379.01
 10
658.94
 20
378.0
  0
LWPOLYLINE
  5
11C6
330
17
100
AcDbEntity
  8
POLYLINES
100
AcDbPolyline
 90
3
 70
0
 10
658.65
 20
374.11
 10
659.66
 20
375.26
 10
660.23
 20
376.42
  0
LWPOLYLINE
  5
11C7
330
17
100
AcDbEntity
  8
POLYLINES
100
AcDbPolyline
 90
3
 70
0
 10
659.37
 20
377.28
 10
660.95
 20
374.26
 10
661.53
 20
374.26
  0
LWPOLYLINE
  5
11C8
330
17
100
AcDbEntity
  8
POLYLINES
100
AcDbPolyline
 90
5
 70
0
 10
660.38
 20
381.6
 10
660.38
 20
380.45
 10
660.52
 20
379.3
 10
660.81
 20
378.86
 10
661.39
 20
378.86
  0
LWPOLYLINE
  5
11C9
330
17
100
AcDbEntity
  8
POLYLINES
100
AcDbPolyline
 90
3
 70
0
 10
663.4
 20
380.02
 10
665.71
 20
377.28
 10
666.14
 20
377.42
  0
LWPOLYLINE
  5
11CA
330
17
100
AcDbEntity
  8
POLYLINES
100
AcDbPolyline
 90
4
 70
0
 10
665.13
 20
381.02
 10
664.12
 20
379.3
 10
662.97
 20
377.71
 10
661.96
 20
376.7
  0
LWPOLYLINE
  5
11CB
330
17
100
AcDbEntity
  8
POLYLINES
100
AcDbPolyline
 90
2
 70
0
 10
887.81
 20
545.72
 10
887.59
 20
545.95
  0
LWPOLYLINE
  5
11CC
330
17
100
AcDbEntity
  8
POLYLINES
100
AcDbPolyline
 90
2
 70
0
 10
887.59
 20
535.96
 10
887.81
 20
536.19
  0
LWPOLYLINE
  5
11CD
330
17
100
AcDbEntity
  8
POLYLINES
100
AcDbPolyline
 90
2
 70
0
 10
714.17
 20
536.19
 10
714.4
 20
535.96
  0
LWPOLYLINE
  5
11CE
330
17
100
AcDbEntity
  8
POLYLINES
100
AcDbPolyline
 90
2
 70
0
 10
714.4
 20
545.95
 10
714.17
 20
545.72
  0
LWPOLYLINE
  5
11CF
330
17
100
AcDbEntity
  8
POLYLINES
100
AcDbPolyline
 90
2
 70
0
 10
714.68
 20
536.71
 10
714.91
 20
536.48
  0
LWPOLYLINE
  5
11D0
330
17
100
AcDbEntity
  8
POLYLINES
100
AcDbPolyline
 90
2
 70
0
 10
714.91
 20
545.39
 10
714.68
 20
545.16
  0
LWPOLYLINE
  5
11D1
330
17
100
AcDbEntity
  8
POLYLINES
100
AcDbPolyline
 90
2
 70
0
 10
887.01
 20
545.16
 10
886.78
 20
545.39
  0
LWPOLYLINE
  5
11D2
330
17
100
AcDbEntity
  8
POLYLINES
100
AcDbPolyline
 90
2
 70
0
 10
886.78
 20
536.48
 10
887.01
 20
536.71
  0
LWPOLYLINE
  5
11D3
330
17
100
AcDbEntity
  8
POLYLINES
100
AcDbPolyline
 90
3
 70
0
 10
791.13
 20
538.56
 10
791.56
 20
537.55
 10
791.56
 20
541.58
  0
LWPOLYLINE
  5
11D4
330
17
100
AcDbEntity
  8
POLYLINES
100
AcDbPolyline
 90
4
 70
0
 10
794.15
 20
543.89
 10
794.01
 20
541.87
 10
793.87
 20
541.01
 10
793.58
 20
539.71
  0
LWPOLYLINE
  5
11D5
330
17
100
AcDbEntity
  8
POLYLINES
100
AcDbPolyline
 90
4
 70
0
 10
794.44
 20
541.58
 10
794.3
 20
540.14
 10
793.87
 20
538.42
 10
793.43
 20
537.41
  0
LWPOLYLINE
  5
11D6
330
17
100
AcDbEntity
  8
POLYLINES
100
AcDbPolyline
 90
3
 70
0
 10
793.87
 20
541.01
 10
794.44
 20
537.55
 10
795.02
 20
537.55
  0
LWPOLYLINE
  5
11D7
330
17
100
AcDbEntity
  8
POLYLINES
100
AcDbPolyline
 90
3
 70
0
 10
796.6
 20
537.41
 10
798.33
 20
544.46
 10
799.91
 20
537.41
  0
LWPOLYLINE
  5
11D8
330
17
100
AcDbEntity
  8
POLYLINES
100
AcDbPolyline
 90
13
 70
0
 10
801.07
 20
537.41
 10
801.07
 20
544.46
 10
802.51
 20
544.46
 10
803.08
 20
544.18
 10
803.51
 20
543.46
 10
803.8
 20
542.74
 10
803.95
 20
541.73
 10
803.95
 20
540.14
 10
803.8
 20
539.14
 10
803.51
 20
538.42
 10
803.08
 20
537.7
 10
802.51
 20
537.41
 10
801.07
 20
537.41
  0
LWPOLYLINE
  5
11D9
330
17
100
AcDbEntity
  8
POLYLINES
100
AcDbPolyline
 90
3
 70
0
 10
627.26
 20
546.19
 10
627.26
 20
538.27
 10
626.39
 20
539.42
  0
LWPOLYLINE
  5
11DA
330
17
100
AcDbEntity
  8
POLYLINES
100
AcDbPolyline
 90
3
 70
0
 10
625.82
 20
544.9
 10
625.1
 20
542.02
 10
623.95
 20
538.99
  0
LWPOLYLINE
  5
11DB
330
17
100
AcDbEntity
  8
POLYLINES
100
AcDbPolyline
 90
3
 70
0
 10
631.43
 20
544.46
 10
629.71
 20
542.3
 10
628.41
 20
541.15
  0
LWPOLYLINE
  5
11DC
330
17
100
AcDbEntity
  8
POLYLINES
100
AcDbPolyline
 90
3
 70
0
 10
635.03
 20
545.62
 10
636.33
 20
541.3
 10
636.91
 20
541.3
  0
LWPOLYLINE
  5
11DD
330
17
100
AcDbEntity
  8
POLYLINES
100
AcDbPolyline
 90
3
 70
0
 10
634.17
 20
544.61
 10
633.59
 20
542.45
 10
633.02
 20
540.86
  0
LWPOLYLINE
  5
11DE
330
17
100
AcDbEntity
  8
POLYLINES
100
AcDbPolyline
 90
4
 70
0
 10
640.07
 20
539.86
 10
640.65
 20
538.27
 10
640.79
 20
539.57
 10
641.08
 20
545.9
  0
LWPOLYLINE
  5
11DF
330
17
100
AcDbEntity
  8
POLYLINES
100
AcDbPolyline
 90
5
 70
0
 10
644.25
 20
538.27
 10
644.25
 20
546.77
 10
646.84
 20
538.27
 10
649.43
 20
546.77
 10
649.43
 20
538.27
  0
LWPOLYLINE
  5
11E0
330
17
100
AcDbEntity
  8
POLYLINES
100
AcDbPolyline
 90
20
 70
0
 10
656.63
 20
545.47
 10
655.91
 20
546.34
 10
655.05
 20
546.77
 10
653.75
 20
546.77
 10
652.75
 20
546.34
 10
652.03
 20
545.47
 10
652.03
 20
544.75
 10
652.46
 20
543.89
 10
652.75
 20
543.46
 10
653.32
 20
543.17
 10
655.34
 20
542.3
 10
655.91
 20
541.87
 10
656.35
 20
541.44
 10
656.63
 20
540.72
 10
656.63
 20
539.42
 10
655.91
 20
538.7
 10
655.05
 20
538.27
 10
653.75
 20
538.27
 10
652.75
 20
538.7
 10
652.03
 20
539.42
  0
LWPOLYLINE
  5
11E1
330
17
100
AcDbEntity
  8
POLYLINES
100
AcDbPolyline
 90
10
 70
0
 10
794.01
 20
259.49
 10
793.58
 20
258.48
 10
793.0
 20
257.18
 10
792.43
 20
255.46
 10
792.14
 20
253.15
 10
792.14
 20
251.42
 10
792.43
 20
249.12
 10
793.0
 20
247.39
 10
793.58
 20
245.95
 10
794.01
 20
245.09
  0
LWPOLYLINE
  5
11E2
330
17
100
AcDbEntity
  8
POLYLINES
100
AcDbPolyline
 90
4
 70
0
 10
795.88
 20
255.89
 10
796.46
 20
256.32
 10
797.32
 20
257.62
 10
797.32
 20
248.26
  0
LWPOLYLINE
  5
11E3
330
17
100
AcDbEntity
  8
POLYLINES
100
AcDbPolyline
 90
4
 70
0
 10
800.2
 20
255.89
 10
800.78
 20
256.32
 10
801.64
 20
257.62
 10
801.64
 20
248.26
  0
LWPOLYLINE
  5
11E4
330
17
100
AcDbEntity
  8
POLYLINES
100
AcDbPolyline
 90
23
 70
0
 10
807.98
 20
254.45
 10
807.83
 20
253.15
 10
807.26
 20
252.29
 10
806.39
 20
251.86
 10
806.11
 20
251.86
 10
805.39
 20
252.29
 10
804.81
 20
253.15
 10
804.52
 20
254.45
 10
804.52
 20
254.88
 10
804.81
 20
256.32
 10
805.39
 20
257.18
 10
806.11
 20
257.62
 10
806.39
 20
257.62
 10
807.26
 20
257.18
 10
807.83
 20
256.32
 10
807.98
 20
254.45
 10
807.98
 20
252.29
 10
807.83
 20
249.98
 10
807.26
 20
248.69
 10
806.39
 20
248.26
 10
805.82
 20
248.26
 10
805.1
 20
248.69
 10
804.81
 20
249.55
  0
LWPOLYLINE
  5
11E5
330
17
100
AcDbEntity
  8
POLYLINES
100
AcDbPolyline
 90
11
 70
0
 10
809.85
 20
248.26
 10
809.85
 20
257.62
 10
812.3
 20
257.62
 10
813.16
 20
257.18
 10
813.45
 20
256.75
 10
813.74
 20
255.89
 10
813.74
 20
254.45
 10
813.45
 20
253.58
 10
813.16
 20
253.15
 10
812.3
 20
252.72
 10
809.85
 20
252.72
  0
LWPOLYLINE
  5
11E6
330
17
100
AcDbEntity
  8
POLYLINES
100
AcDbPolyline
 90
10
 70
0
 10
815.61
 20
259.49
 10
816.04
 20
258.48
 10
816.62
 20
257.18
 10
817.19
 20
255.46
 10
817.48
 20
253.15
 10
817.48
 20
251.42
 10
817.19
 20
249.12
 10
816.62
 20
247.39
 10
816.04
 20
245.95
 10
815.61
 20
245.09
  0
LWPOLYLINE
  5
11E7
330
17
100
AcDbEntity
  8
POLYLINES
100
AcDbPolyline
 90
4
 70
0
 10
1159.19
 20
765.07
 10
1159.77
 20
765.5
 10
1160.49
 20
766.94
 10
1160.49
 20
757.01
  0
LWPOLYLINE
  5
11E8
330
17
100
AcDbEntity
  8
POLYLINES
100
AcDbPolyline
 90
14
 70
0
 10
1158.19
 20
743.04
 10
1158.19
 20
743.47
 10
1158.47
 20
744.48
 10
1158.76
 20
744.91
 10
1159.34
 20
745.49
 10
1160.35
 20
745.49
 10
1160.92
 20
744.91
 10
1161.21
 20
744.48
 10
1161.5
 20
743.47
 10
1161.5
 20
742.61
 10
1161.21
 20
741.6
 10
1160.63
 20
740.16
 10
1157.9
 20
735.55
 10
1161.79
 20
735.55
  0
LWPOLYLINE
  5
11E9
330
17
100
AcDbEntity
  8
POLYLINES
100
AcDbPolyline
 90
14
 70
0
 10
1158.19
 20
721.58
 10
1158.19
 20
722.02
 10
1158.47
 20
722.88
 10
1158.76
 20
723.46
 10
1159.34
 20
723.89
 10
1160.35
 20
723.89
 10
1160.92
 20
723.46
 10
1161.21
 20
722.88
 10
1161.5
 20
722.02
 10
1161.5
 20
721.01
 10
1161.21
 20
720.14
 10
1160.63
 20
718.7
 10
1157.9
 20
713.95
 10
1161.79
 20
713.95
  0
LWPOLYLINE
  5
11EA
330
17
100
AcDbEntity
  8
POLYLINES
100
AcDbPolyline
 90
4
 70
0
 10
1159.19
 20
678.96
 10
1159.77
 20
679.39
 10
1160.49
 20
680.83
 10
1160.49
 20
670.9
  0
LWPOLYLINE
  5
11EB
330
17
100
AcDbEntity
  8
POLYLINES
100
AcDbPolyline
 90
4
 70
0
 10
928.94
 20
765.07
 10
929.51
 20
765.5
 10
930.38
 20
766.94
 10
930.38
 20
757.01
  0
LWPOLYLINE
  5
11EC
330
17
100
AcDbEntity
  8
POLYLINES
100
AcDbPolyline
 90
14
 70
0
 10
926.92
 20
615.89
 10
926.92
 20
616.46
 10
927.21
 20
617.33
 10
927.5
 20
617.76
 10
928.07
 20
618.34
 10
929.23
 20
618.34
 10
929.8
 20
617.76
 10
930.09
 20
617.33
 10
930.38
 20
616.46
 10
930.38
 20
615.46
 10
930.09
 20
614.45
 10
929.51
 20
613.15
 10
926.63
 20
608.4
 10
930.67
 20
608.4
  0
LWPOLYLINE
  5
11ED
330
17
100
AcDbEntity
  8
POLYLINES
100
AcDbPolyline
 90
4
 70
0
 10
960.19
 20
762.48
 10
960.19
 20
757.73
 10
960.47
 20
757.3
 10
961.48
 20
757.3
  0
LINE
  5
11EE
330
17
100
AcDbEntity
  8
LINES
100
AcDbLine
 10
958.39
 20
757.44
 30
0.0
 11
959.47
 21
760.97
 31
0.0
  0
LWPOLYLINE
  5
11EF
330
17
100
AcDbEntity
  8
POLYLINES
100
AcDbPolyline
 90
7
 70
0
 10
963.79
 20
766.37
 10
963.79
 20
758.45
 10
963.79
 20
758.02
 10
963.93
 20
757.73
 10
964.22
 20
757.3
 10
965.51
 20
757.44
 10
965.37
 20
759.46
  0
LWPOLYLINE
  5
11F0
330
17
100
AcDbEntity
  8
POLYLINES
100
AcDbPolyline
 90
4
 70
0
 10
972.14
 20
763.63
 10
971.71
 20
762.05
 10
971.42
 20
760.46
 10
970.84
 20
758.74
  0
LWPOLYLINE
  5
11F1
330
17
100
AcDbEntity
  8
POLYLINES
100
AcDbPolyline
 90
3
 70
0
 10
972.28
 20
763.63
 10
973.43
 20
759.46
 10
973.72
 20
759.46
  0
LWPOLYLINE
  5
11F2
330
17
100
AcDbEntity
  8
POLYLINES
100
AcDbPolyline
 90
5
 70
0
 10
976.03
 20
766.08
 10
976.03
 20
758.02
 10
976.17
 20
757.58
 10
977.47
 20
757.58
 10
977.32
 20
759.89
  0
LWPOLYLINE
  5
11F3
330
17
100
AcDbEntity
  8
POLYLINES
100
AcDbPolyline
 90
3
 70
0
 10
979.77
 20
764.06
 10
979.63
 20
762.77
 10
979.19
 20
761.62
  0
LWPOLYLINE
  5
11F4
330
17
100
AcDbEntity
  8
POLYLINES
100
AcDbPolyline
 90
3
 70
0
 10
978.91
 20
757.15
 10
979.77
 20
758.45
 10
980.35
 20
759.74
  0
LWPOLYLINE
  5
11F5
330
17
100
AcDbEntity
  8
POLYLINES
100
AcDbPolyline
 90
3
 70
0
 10
979.63
 20
760.9
 10
980.92
 20
757.3
 10
981.5
 20
757.3
  0
LWPOLYLINE
  5
11F6
330
17
100
AcDbEntity
  8
POLYLINES
100
AcDbPolyline
 90
5
 70
0
 10
980.49
 20
765.79
 10
980.49
 20
764.5
 10
980.63
 20
763.2
 10
980.78
 20
762.62
 10
981.35
 20
762.62
  0
LWPOLYLINE
  5
11F7
330
17
100
AcDbEntity
  8
POLYLINES
100
AcDbPolyline
 90
3
 70
0
 10
983.08
 20
763.92
 10
985.1
 20
760.9
 10
985.53
 20
761.04
  0
LWPOLYLINE
  5
11F8
330
17
100
AcDbEntity
  8
POLYLINES
100
AcDbPolyline
 90
4
 70
0
 10
984.67
 20
765.22
 10
983.8
 20
763.2
 10
982.79
 20
761.33
 10
981.93
 20
760.18
  0
LWPOLYLINE
  5
11F9
330
17
100
AcDbEntity
  8
POLYLINES
100
AcDbPolyline
 90
3
 70
0
 10
959.18
 20
740.3
 10
960.91
 20
735.7
 10
961.48
 20
735.7
  0
LWPOLYLINE
  5
11FA
330
17
100
AcDbEntity
  8
POLYLINES
100
AcDbPolyline
 90
3
 70
0
 10
960.33
 20
741.02
 10
959.75
 20
738.58
 10
958.31
 20
735.41
  0
LWPOLYLINE
  5
11FB
330
17
100
AcDbEntity
  8
POLYLINES
100
AcDbPolyline
 90
3
 70
0
 10
963.07
 20
742.18
 10
964.94
 20
735.98
 10
965.37
 20
735.98
  0
LWPOLYLINE
  5
11FC
330
17
100
AcDbEntity
  8
POLYLINES
100
AcDbPolyline
 90
4
 70
0
 10
964.94
 20
743.9
 10
963.93
 20
739.3
 10
963.21
 20
736.99
 10
962.63
 20
735.84
  0
LWPOLYLINE
  5
11FD
330
17
100
AcDbEntity
  8
POLYLINES
100
AcDbPolyline
 90
3
 70
0
 10
967.96
 20
743.9
 10
967.82
 20
739.58
 10
967.53
 20
736.27
  0
LWPOLYLINE
  5
11FE
330
17
100
AcDbEntity
  8
POLYLINES
100
AcDbPolyline
 90
4
 70
0
 10
969.26
 20
742.03
 10
968.83
 20
738.86
 10
968.39
 20
737.71
 10
967.67
 20
736.13
  0
LWPOLYLINE
  5
11FF
330
17
100
AcDbEntity
  8
POLYLINES
100
AcDbPolyline
 90
3
 70
0
 10
968.25
 20
740.74
 10
969.55
 20
736.7
 10
969.69
 20
736.7
  0
LWPOLYLINE
  5
1200
330
17
100
AcDbEntity
  8
POLYLINES
100
AcDbPolyline
 90
7
 70
0
 10
959.75
 20
723.31
 10
959.75
 20
715.25
 10
959.75
 20
714.82
 10
959.9
 20
714.53
 10
960.19
 20
714.24
 10
961.63
 20
714.38
 10
961.48
 20
716.4
  0
LWPOLYLINE
  5
1201
330
17
100
AcDbEntity
  8
POLYLINES
100
AcDbPolyline
 90
3
 70
0
 10
964.65
 20
717.7
 10
964.65
 20
713.95
 10
964.22
 20
714.96
  0
LWPOLYLINE
  5
1202
330
17
100
AcDbEntity
  8
POLYLINES
100
AcDbPolyline
 90
3
 70
0
 10
963.79
 20
722.74
 10
963.64
 20
719.28
 10
963.35
 20
716.69
  0
LWPOLYLINE
  5
1203
330
17
100
AcDbEntity
  8
POLYLINES
100
AcDbPolyline
 90
3
 70
0
 10
967.96
 20
722.45
 10
967.82
 20
717.98
 10
967.53
 20
714.82
  0
LWPOLYLINE
  5
1204
330
17
100
AcDbEntity
  8
POLYLINES
100
AcDbPolyline
 90
4
 70
0
 10
969.26
 20
720.43
 10
968.83
 20
717.41
 10
968.39
 20
716.11
 10
967.67
 20
714.53
  0
LWPOLYLINE
  5
1205
330
17
100
AcDbEntity
  8
POLYLINES
100
AcDbPolyline
 90
3
 70
0
 10
968.25
 20
719.14
 10
969.55
 20
715.1
 10
969.69
 20
715.1
  0
LWPOLYLINE
  5
1206
330
17
100
AcDbEntity
  8
POLYLINES
100
AcDbPolyline
 90
3
 70
0
 10
957.88
 20
670.9
 10
957.88
 20
680.83
 10
961.48
 20
680.83
  0
LWPOLYLINE
  5
1207
330
17
100
AcDbEntity
  8
POLYLINES
100
AcDbPolyline
 90
20
 70
0
 10
972.57
 20
679.39
 10
971.99
 20
680.26
 10
971.13
 20
680.83
 10
969.98
 20
680.83
 10
969.11
 20
680.26
 10
968.54
 20
679.39
 10
968.54
 20
678.38
 10
968.83
 20
677.52
 10
969.11
 20
676.94
 10
969.69
 20
676.51
 10
971.42
 20
675.65
 10
971.99
 20
675.07
 10
972.28
 20
674.64
 10
972.57
 20
673.63
 10
972.57
 20
672.34
 10
971.99
 20
671.33
 10
971.13
 20
670.9
 10
969.98
 20
670.9
 10
969.11
 20
671.33
 10
968.54
 20
672.34
  0
LWPOLYLINE
  5
1208
330
17
100
AcDbEntity
  8
POLYLINES
100
AcDbPolyline
 90
3
 70
0
 10
981.07
 20
673.06
 10
981.93
 20
671.04
 10
981.93
 20
673.2
  0
LWPOLYLINE
  5
1209
330
17
100
AcDbEntity
  8
POLYLINES
100
AcDbPolyline
 90
3
 70
0
 10
980.35
 20
679.97
 10
980.63
 20
675.22
 10
981.07
 20
673.06
  0
LWPOLYLINE
  5
120A
330
17
100
AcDbEntity
  8
POLYLINES
100
AcDbPolyline
 90
3
 70
0
 10
981.5
 20
675.22
 10
980.92
 20
673.63
 10
979.77
 20
671.62
  0
LWPOLYLINE
  5
120B
330
17
100
AcDbEntity
  8
POLYLINES
100
AcDbPolyline
 90
3
 70
0
 10
984.38
 20
679.39
 10
984.38
 20
674.93
 10
983.95
 20
671.76
  0
LWPOLYLINE
  5
120C
330
17
100
AcDbEntity
  8
POLYLINES
100
AcDbPolyline
 90
4
 70
0
 10
985.67
 20
677.38
 10
985.24
 20
674.21
 10
984.81
 20
673.06
 10
984.09
 20
671.47
  0
LWPOLYLINE
  5
120D
330
17
100
AcDbEntity
  8
POLYLINES
100
AcDbPolyline
 90
3
 70
0
 10
984.81
 20
676.08
 10
985.96
 20
672.05
 10
986.11
 20
672.05
  0
LWPOLYLINE
  5
120E
330
17
100
AcDbEntity
  8
POLYLINES
100
AcDbPolyline
 90
6
 70
0
 10
1013.61
 20
766.51
 10
1013.18
 20
763.92
 10
1013.61
 20
762.91
 10
1013.61
 20
761.62
 10
1013.47
 20
760.61
 10
1013.03
 20
761.76
  0
LWPOLYLINE
  5
120F
330
17
100
AcDbEntity
  8
POLYLINES
100
AcDbPolyline
 90
4
 70
0
 10
1018.22
 20
763.49
 10
1017.79
 20
760.61
 10
1017.35
 20
759.17
 10
1016.63
 20
758.02
  0
LWPOLYLINE
  5
1210
330
17
100
AcDbEntity
  8
POLYLINES
100
AcDbPolyline
 90
3
 70
0
 10
1018.07
 20
762.05
 10
1019.08
 20
758.45
 10
1019.8
 20
758.45
  0
LWPOLYLINE
  5
1211
330
17
100
AcDbEntity
  8
POLYLINES
100
AcDbPolyline
 90
5
 70
0
 10
1023.98
 20
758.02
 10
1023.98
 20
767.95
 10
1026.28
 20
758.02
 10
1028.59
 20
767.95
 10
1028.59
 20
758.02
  0
LWPOLYLINE
  5
1212
330
17
100
AcDbEntity
  8
POLYLINES
100
AcDbPolyline
 90
13
 70
0
 10
1030.75
 20
758.02
 10
1030.75
 20
767.95
 10
1032.76
 20
767.95
 10
1033.63
 20
767.38
 10
1034.2
 20
766.51
 10
1034.49
 20
765.5
 10
1034.78
 20
764.06
 10
1034.78
 20
761.76
 10
1034.49
 20
760.32
 10
1034.2
 20
759.46
 10
1033.63
 20
758.45
 10
1032.76
 20
758.02
 10
1030.75
 20
758.02
  0
LWPOLYLINE
  5
1213
330
17
100
AcDbEntity
  8
POLYLINES
100
AcDbPolyline
 90
11
 70
0
 10
1036.79
 20
758.02
 10
1036.79
 20
767.95
 10
1039.24
 20
767.95
 10
1040.11
 20
767.38
 10
1040.39
 20
766.94
 10
1040.68
 20
765.94
 10
1040.68
 20
764.64
 10
1040.39
 20
763.63
 10
1040.11
 20
763.2
 10
1039.24
 20
762.62
 10
1036.79
 20
762.62
  0
LWPOLYLINE
  5
1214
330
17
100
AcDbEntity
  8
POLYLINES
100
AcDbPolyline
 90
15
 70
0
 10
1050.62
 20
767.95
 10
1053.79
 20
767.95
 10
1052.06
 20
764.06
 10
1052.92
 20
764.06
 10
1053.5
 20
763.63
 10
1053.79
 20
763.2
 10
1054.07
 20
761.76
 10
1054.07
 20
760.75
 10
1053.79
 20
759.46
 10
1053.21
 20
758.45
 10
1052.35
 20
758.02
 10
1051.48
 20
758.02
 10
1050.62
 20
758.45
 10
1050.33
 20
758.88
 10
1050.04
 20
759.89
  0
LWPOLYLINE
  5
1215
330
17
100
AcDbEntity
  8
POLYLINES
100
AcDbPolyline
 90
17
 70
0
 10
1057.39
 20
767.95
 10
1056.67
 20
767.38
 10
1056.09
 20
765.94
 10
1055.8
 20
763.63
 10
1055.8
 20
762.19
 10
1056.09
 20
759.89
 10
1056.67
 20
758.45
 10
1057.39
 20
758.02
 10
1057.96
 20
758.02
 10
1058.83
 20
758.45
 10
1059.4
 20
759.89
 10
1059.69
 20
762.19
 10
1059.69
 20
763.63
 10
1059.4
 20
765.94
 10
1058.83
 20
767.38
 10
1057.96
 20
767.95
 10
1057.39
 20
767.95
  0
LWPOLYLINE
  5
1216
330
17
100
AcDbEntity
  8
POLYLINES
100
AcDbPolyline
 90
17
 70
0
 10
1063.15
 20
767.95
 10
1062.28
 20
767.38
 10
1061.71
 20
765.94
 10
1061.42
 20
763.63
 10
1061.42
 20
762.19
 10
1061.71
 20
759.89
 10
1062.28
 20
758.45
 10
1063.15
 20
758.02
 10
1063.72
 20
758.02
 10
1064.59
 20
758.45
 10
1065.16
 20
759.89
 10
1065.45
 20
762.19
 10
1065.45
 20
763.63
 10
1065.16
 20
765.94
 10
1064.59
 20
767.38
 10
1063.72
 20
767.95
 10
1063.15
 20
767.95
  0
LWPOLYLINE
  5
1217
330
17
100
AcDbEntity
  8
POLYLINES
100
AcDbPolyline
 90
17
 70
0
 10
1068.76
 20
767.95
 10
1067.9
 20
767.38
 10
1067.32
 20
765.94
 10
1067.03
 20
763.63
 10
1067.03
 20
762.19
 10
1067.32
 20
759.89
 10
1067.9
 20
758.45
 10
1068.76
 20
758.02
 10
1069.34
 20
758.02
 10
1070.2
 20
758.45
 10
1070.78
 20
759.89
 10
1071.07
 20
762.19
 10
1071.07
 20
763.63
 10
1070.78
 20
765.94
 10
1070.2
 20
767.38
 10
1069.34
 20
767.95
 10
1068.76
 20
767.95
  0
LWPOLYLINE
  5
1218
330
17
100
AcDbEntity
  8
POLYLINES
100
AcDbPolyline
 90
13
 70
0
 10
1072.79
 20
758.02
 10
1072.79
 20
767.95
 10
1074.81
 20
767.95
 10
1075.53
 20
767.38
 10
1076.11
 20
766.51
 10
1076.39
 20
765.5
 10
1076.68
 20
764.06
 10
1076.68
 20
761.76
 10
1076.39
 20
760.32
 10
1076.11
 20
759.46
 10
1075.53
 20
758.45
 10
1074.81
 20
758.02
 10
1072.79
 20
758.02
  0
LWPOLYLINE
  5
1219
330
17
100
AcDbEntity
  8
POLYLINES
100
AcDbPolyline
 90
3
 70
0
 10
1136.87
 20
769.1
 10
1136.01
 20
765.79
 10
1134.86
 20
763.2
  0
LWPOLYLINE
  5
121A
330
17
100
AcDbEntity
  8
POLYLINES
100
AcDbPolyline
 90
3
 70
0
 10
1136.87
 20
767.23
 10
1137.88
 20
763.92
 10
1138.46
 20
763.92
  0
LWPOLYLINE
  5
121B
330
17
100
AcDbEntity
  8
POLYLINES
100
AcDbPolyline
 90
4
 70
0
 10
1137.16
 20
726.19
 10
1137.02
 20
721.15
 10
1136.59
 20
718.85
 10
1135.87
 20
716.98
  0
LWPOLYLINE
  5
121C
330
17
100
AcDbEntity
  8
POLYLINES
100
AcDbPolyline
 90
3
 70
0
 10
1137.16
 20
721.15
 10
1138.03
 20
717.12
 10
1138.46
 20
717.12
  0
LWPOLYLINE
  5
121D
330
17
100
AcDbEntity
  8
POLYLINES
100
AcDbPolyline
 90
4
 70
0
 10
1137.16
 20
683.14
 10
1137.02
 20
677.95
 10
1136.59
 20
675.79
 10
1135.87
 20
673.92
  0
LWPOLYLINE
  5
121E
330
17
100
AcDbEntity
  8
POLYLINES
100
AcDbPolyline
 90
3
 70
0
 10
1137.16
 20
677.95
 10
1138.03
 20
674.06
 10
1138.46
 20
674.06
  0
LWPOLYLINE
  5
121F
330
17
100
AcDbEntity
  8
POLYLINES
100
AcDbPolyline
 90
4
 70
0
 10
925.19
 20
743.47
 10
925.77
 20
744.05
 10
926.63
 20
745.49
 10
926.63
 20
735.55
  0
LWPOLYLINE
  5
1220
330
17
100
AcDbEntity
  8
POLYLINES
100
AcDbPolyline
 90
4
 70
0
 10
930.09
 20
736.42
 10
929.8
 20
735.98
 10
930.09
 20
735.55
 10
930.38
 20
735.98
  0
LWPOLYLINE
  5
1221
330
17
100
AcDbEntity
  8
POLYLINES
100
AcDbPolyline
 90
4
 70
0
 10
932.54
 20
743.47
 10
933.11
 20
744.05
 10
933.98
 20
745.49
 10
933.98
 20
735.55
  0
LWPOLYLINE
  5
1222
330
17
100
AcDbEntity
  8
POLYLINES
100
AcDbPolyline
 90
4
 70
0
 10
923.9
 20
722.02
 10
924.47
 20
722.45
 10
925.34
 20
723.89
 10
925.34
 20
713.95
  0
LWPOLYLINE
  5
1223
330
17
100
AcDbEntity
  8
POLYLINES
100
AcDbPolyline
 90
4
 70
0
 10
928.79
 20
714.96
 10
928.51
 20
714.38
 10
928.79
 20
713.95
 10
929.08
 20
714.38
  0
LWPOLYLINE
  5
1224
330
17
100
AcDbEntity
  8
POLYLINES
100
AcDbPolyline
 90
14
 70
0
 10
931.67
 20
721.58
 10
931.67
 20
722.02
 10
931.96
 20
722.88
 10
932.11
 20
723.46
 10
932.68
 20
723.89
 10
933.83
 20
723.89
 10
934.41
 20
723.46
 10
934.7
 20
722.88
 10
934.99
 20
722.02
 10
934.99
 20
721.01
 10
934.7
 20
720.14
 10
934.12
 20
718.7
 10
931.39
 20
713.95
 10
935.27
 20
713.95
  0
LWPOLYLINE
  5
1225
330
17
100
AcDbEntity
  8
POLYLINES
100
AcDbPolyline
 90
4
 70
0
 10
923.9
 20
700.42
 10
924.47
 20
700.85
 10
925.34
 20
702.29
 10
925.34
 20
692.35
  0
LWPOLYLINE
  5
1226
330
17
100
AcDbEntity
  8
POLYLINES
100
AcDbPolyline
 90
4
 70
0
 10
928.79
 20
693.36
 10
928.51
 20
692.93
 10
928.79
 20
692.35
 10
929.08
 20
692.93
  0
LWPOLYLINE
  5
1227
330
17
100
AcDbEntity
  8
POLYLINES
100
AcDbPolyline
 90
15
 70
0
 10
931.96
 20
702.29
 10
934.99
 20
702.29
 10
933.26
 20
698.54
 10
934.12
 20
698.54
 10
934.7
 20
698.11
 10
934.99
 20
697.68
 10
935.27
 20
696.24
 10
935.27
 20
695.23
 10
934.99
 20
693.79
 10
934.41
 20
692.93
 10
933.55
 20
692.35
 10
932.68
 20
692.35
 10
931.96
 20
692.93
 10
931.67
 20
693.36
 10
931.39
 20
694.37
  0
LWPOLYLINE
  5
1228
330
17
100
AcDbEntity
  8
POLYLINES
100
AcDbPolyline
 90
4
 70
0
 10
923.75
 20
679.97
 10
924.33
 20
680.54
 10
925.19
 20
681.98
 10
925.19
 20
672.05
  0
LWPOLYLINE
  5
1229
330
17
100
AcDbEntity
  8
POLYLINES
100
AcDbPolyline
 90
4
 70
0
 10
928.65
 20
672.91
 10
928.36
 20
672.48
 10
928.65
 20
672.05
 10
928.94
 20
672.48
  0
LWPOLYLINE
  5
122A
330
17
100
AcDbEntity
  8
POLYLINES
100
AcDbPolyline
 90
3
 70
0
 10
933.98
 20
681.98
 10
931.24
 20
675.36
 10
935.42
 20
675.36
  0
LWPOLYLINE
  5
122B
330
17
100
AcDbEntity
  8
POLYLINES
100
AcDbPolyline
 90
4
 70
0
 10
923.9
 20
657.36
 10
924.47
 20
657.79
 10
925.34
 20
659.23
 10
925.34
 20
649.3
  0
LWPOLYLINE
  5
122C
330
17
100
AcDbEntity
  8
POLYLINES
100
AcDbPolyline
 90
4
 70
0
 10
928.79
 20
650.3
 10
928.51
 20
649.73
 10
928.79
 20
649.3
 10
929.08
 20
649.73
  0
LWPOLYLINE
  5
122D
330
17
100
AcDbEntity
  8
POLYLINES
100
AcDbPolyline
 90
17
 70
0
 10
934.7
 20
659.23
 10
931.96
 20
659.23
 10
931.67
 20
655.06
 10
931.96
 20
655.49
 10
932.68
 20
655.92
 10
933.55
 20
655.92
 10
934.41
 20
655.49
 10
934.99
 20
654.48
 10
935.27
 20
653.04
 10
935.27
 20
652.18
 10
934.99
 20
650.74
 10
934.41
 20
649.73
 10
933.55
 20
649.3
 10
932.68
 20
649.3
 10
931.96
 20
649.73
 10
931.67
 20
650.3
 10
931.39
 20
651.17
  0
LWPOLYLINE
  5
122E
330
17
100
AcDbEntity
  8
POLYLINES
100
AcDbPolyline
 90
11
 70
0
 10
1008.14
 20
715.68
 10
1008.14
 20
725.62
 10
1010.73
 20
725.62
 10
1011.59
 20
725.18
 10
1011.88
 20
724.75
 10
1012.17
 20
723.74
 10
1012.17
 20
722.3
 10
1011.88
 20
721.44
 10
1011.59
 20
720.86
 10
1010.73
 20
720.43
 10
1008.14
 20
720.43
  0
LWPOLYLINE
  5
122F
330
17
100
AcDbEntity
  8
POLYLINES
100
AcDbPolyline
 90
5
 70
0
 10
1014.04
 20
725.62
 10
1015.48
 20
715.68
 10
1016.92
 20
725.62
 10
1018.36
 20
715.68
 10
1019.8
 20
725.62
  0
LWPOLYLINE
  5
1230
330
17
100
AcDbEntity
  8
POLYLINES
100
AcDbPolyline
 90
11
 70
0
 10
1020.95
 20
715.68
 10
1020.95
 20
725.62
 10
1023.4
 20
725.62
 10
1024.27
 20
725.18
 10
1024.55
 20
724.75
 10
1024.84
 20
723.74
 10
1024.84
 20
722.74
 10
1024.55
 20
721.87
 10
1024.27
 20
721.44
 10
1023.4
 20
720.86
 10
1020.95
 20
720.86
  0
LWPOLYLINE
  5
1231
330
17
100
AcDbEntity
  8
POLYLINES
100
AcDbPolyline
 90
3
 70
0
 10
1008.14
 20
671.47
 10
1008.14
 20
681.41
 10
1011.88
 20
681.41
  0
LWPOLYLINE
  5
1232
330
17
100
AcDbEntity
  8
POLYLINES
100
AcDbPolyline
 90
20
 70
0
 10
1022.83
 20
679.97
 10
1022.25
 20
680.98
 10
1021.39
 20
681.41
 10
1020.38
 20
681.41
 10
1019.51
 20
680.98
 10
1018.94
 20
679.97
 10
1018.94
 20
679.1
 10
1019.23
 20
678.1
 10
1019.51
 20
677.66
 10
1020.09
 20
677.23
 10
1021.67
 20
676.22
 10
1022.25
 20
675.79
 10
1022.54
 20
675.22
 10
1022.83
 20
674.35
 10
1022.83
 20
672.91
 10
1022.25
 20
671.9
 10
1021.39
 20
671.47
 10
1020.38
 20
671.47
 10
1019.51
 20
671.9
 10
1018.94
 20
672.91
  0
LWPOLYLINE
  5
1233
330
17
100
AcDbEntity
  8
POLYLINES
100
AcDbPolyline
 90
5
 70
0
 10
1025.56
 20
674.21
 10
1025.56
 20
673.63
 10
1025.56
 20
673.2
 10
1025.13
 20
672.77
 10
1024.84
 20
672.62
  0
LWPOLYLINE
  5
1234
330
17
100
AcDbEntity
  8
POLYLINES
100
AcDbPolyline
 90
3
 70
0
 10
1025.13
 20
674.29
 10
1025.38
 20
673.88
 10
1025.63
 20
674.29
  0
LWPOLYLINE
  5
1235
330
17
100
AcDbEntity
  8
POLYLINES
100
AcDbPolyline
 90
3
 70
0
 10
1025.63
 20
674.29
 10
1025.38
 20
674.7
 10
1025.13
 20
674.29
  0
LWPOLYLINE
  5
1236
330
17
100
AcDbEntity
  8
POLYLINES
100
AcDbPolyline
 90
3
 70
0
 10
1025.56
 20
674.29
 10
1025.38
 20
674.6
 10
1025.19
 20
674.29
  0
LWPOLYLINE
  5
1237
330
17
100
AcDbEntity
  8
POLYLINES
100
AcDbPolyline
 90
3
 70
0
 10
1025.19
 20
674.29
 10
1025.38
 20
673.98
 10
1025.56
 20
674.29
  0
LWPOLYLINE
  5
1238
330
17
100
AcDbEntity
  8
POLYLINES
100
AcDbPolyline
 90
4
 70
0
 10
1028.59
 20
679.54
 10
1029.16
 20
679.97
 10
1030.03
 20
681.41
 10
1030.03
 20
671.47
  0
LWPOLYLINE
  5
1239
330
17
100
AcDbEntity
  8
POLYLINES
100
AcDbPolyline
 90
23
 70
0
 10
1036.51
 20
679.97
 10
1036.22
 20
680.98
 10
1035.35
 20
681.41
 10
1034.78
 20
681.41
 10
1033.91
 20
680.98
 10
1033.34
 20
679.54
 10
1033.05
 20
677.23
 10
1033.05
 20
674.78
 10
1033.34
 20
672.91
 10
1033.91
 20
671.9
 10
1034.78
 20
671.47
 10
1035.07
 20
671.47
 10
1035.93
 20
671.9
 10
1036.51
 20
672.91
 10
1036.79
 20
674.35
 10
1036.79
 20
674.78
 10
1036.51
 20
676.22
 10
1035.93
 20
677.23
 10
1035.07
 20
677.66
 10
1034.78
 20
677.66
 10
1033.91
 20
677.23
 10
1033.34
 20
676.22
 10
1033.05
 20
674.78
  0
LWPOLYLINE
  5
123A
330
17
100
AcDbEntity
  8
POLYLINES
100
AcDbPolyline
 90
3
 70
0
 10
1040.97
 20
678.24
 10
1042.12
 20
675.07
 10
1042.55
 20
675.07
  0
LWPOLYLINE
  5
123B
330
17
100
AcDbEntity
  8
POLYLINES
100
AcDbPolyline
 90
3
 70
0
 10
1051.05
 20
679.97
 10
1051.05
 20
675.5
 10
1050.62
 20
672.34
  0
LWPOLYLINE
  5
123C
330
17
100
AcDbEntity
  8
POLYLINES
100
AcDbPolyline
 90
4
 70
0
 10
1052.49
 20
677.95
 10
1052.06
 20
674.93
 10
1051.63
 20
673.63
 10
1050.91
 20
672.05
  0
LWPOLYLINE
  5
123D
330
17
100
AcDbEntity
  8
POLYLINES
100
AcDbPolyline
 90
3
 70
0
 10
1051.48
 20
676.66
 10
1052.63
 20
672.62
 10
1052.92
 20
672.62
  0
LWPOLYLINE
  5
123E
330
17
100
AcDbEntity
  8
POLYLINES
100
AcDbPolyline
 90
5
 70
0
 10
960.62
 20
610.99
 10
960.62
 20
609.26
 10
960.19
 20
609.26
 10
959.9
 20
609.98
 10
959.9
 20
616.61
  0
LWPOLYLINE
  5
123F
330
17
100
AcDbEntity
  8
POLYLINES
100
AcDbPolyline
 90
4
 70
0
 10
958.46
 20
608.4
 10
958.89
 20
610.27
 10
959.18
 20
612.72
 10
959.18
 20
616.75
  0
LWPOLYLINE
  5
1240
330
17
100
AcDbEntity
  8
POLYLINES
100
AcDbPolyline
 90
4
 70
0
 10
965.66
 20
608.69
 10
966.67
 20
609.98
 10
967.24
 20
611.42
 10
968.11
 20
614.74
  0
LWPOLYLINE
  5
1241
330
17
100
AcDbEntity
  8
POLYLINES
100
AcDbPolyline
 90
3
 70
0
 10
966.67
 20
616.46
 10
966.52
 20
613.73
 10
965.66
 20
610.42
  0
LWPOLYLINE
  5
1242
330
17
100
AcDbEntity
  8
POLYLINES
100
AcDbPolyline
 90
3
 70
0
 10
966.52
 20
613.73
 10
968.11
 20
608.69
 10
968.68
 20
608.69
  0
LWPOLYLINE
  5
1243
330
17
100
AcDbEntity
  8
POLYLINES
100
AcDbPolyline
 90
4
 70
0
 10
969.83
 20
614.88
 10
970.12
 20
613.58
 10
969.83
 20
611.71
 10
969.55
 20
612.86
  0
LWPOLYLINE
  5
1244
330
17
100
AcDbEntity
  8
POLYLINES
100
AcDbPolyline
 90
3
 70
0
 10
970.99
 20
617.62
 10
970.55
 20
615.46
 10
970.12
 20
614.3
  0
LWPOLYLINE
  5
1245
330
17
100
AcDbEntity
  8
POLYLINES
100
AcDbPolyline
 90
3
 70
0
 10
971.85
 20
617.62
 10
971.85
 20
608.69
 10
971.27
 20
609.98
  0
LWPOLYLINE
  5
1246
330
17
100
AcDbEntity
  8
POLYLINES
100
AcDbPolyline
 90
3
 70
0
 10
974.87
 20
616.32
 10
974.73
 20
614.16
 10
974.3
 20
612.29
  0
LWPOLYLINE
  5
1247
330
17
100
AcDbEntity
  8
POLYLINES
100
AcDbPolyline
 90
4
 70
0
 10
1158.19
 20
616.46
 10
1158.76
 20
616.9
 10
1159.63
 20
618.34
 10
1159.63
 20
608.4
  0
LWPOLYLINE
  5
1248
330
17
100
AcDbEntity
  8
POLYLINES
100
AcDbPolyline
 90
3
 70
0
 10
957.88
 20
660.67
 10
960.04
 20
650.88
 10
962.35
 20
660.67
  0
LWPOLYLINE
  5
1249
330
17
100
AcDbEntity
  8
POLYLINES
100
AcDbPolyline
 90
3
 70
0
 10
963.5
 20
650.88
 10
963.5
 20
660.67
 10
967.24
 20
660.67
  0
LWPOLYLINE
  5
124A
330
17
100
AcDbEntity
  8
POLYLINES
100
AcDbPolyline
 90
29
 70
0
 10
969.98
 20
660.67
 10
969.11
 20
660.24
 10
968.83
 20
659.38
 10
968.83
 20
658.37
 10
969.11
 20
657.36
 10
969.69
 20
656.93
 10
970.84
 20
656.5
 10
971.71
 20
656.06
 10
972.28
 20
655.06
 10
972.57
 20
654.19
 10
972.57
 20
652.75
 10
972.28
 20
651.74
 10
971.99
 20
651.31
 10
971.13
 20
650.88
 10
969.98
 20
650.88
 10
969.11
 20
651.31
 10
968.83
 20
651.74
 10
968.54
 20
652.75
 10
968.54
 20
654.19
 10
968.83
 20
655.06
 10
969.4
 20
656.06
 10
970.27
 20
656.5
 10
971.42
 20
656.93
 10
971.99
 20
657.36
 10
972.28
 20
658.37
 10
972.28
 20
659.38
 10
971.99
 20
660.24
 10
971.13
 20
660.67
 10
969.98
 20
660.67
  0
LWPOLYLINE
  5
124B
330
17
100
AcDbEntity
  8
POLYLINES
100
AcDbPolyline
 90
4
 70
0
 10
976.03
 20
658.08
 10
975.88
 20
655.92
 10
975.74
 20
654.77
 10
975.16
 20
653.47
  0
LWPOLYLINE
  5
124C
330
17
100
AcDbEntity
  8
POLYLINES
100
AcDbPolyline
 90
4
 70
0
 10
976.75
 20
658.22
 10
976.6
 20
654.91
 10
976.75
 20
654.48
 10
977.47
 20
654.62
  0
LWPOLYLINE
  5
124D
330
17
100
AcDbEntity
  8
POLYLINES
100
AcDbPolyline
 90
3
 70
0
 10
981.07
 20
653.04
 10
981.93
 20
651.02
 10
981.93
 20
653.04
  0
LWPOLYLINE
  5
124E
330
17
100
AcDbEntity
  8
POLYLINES
100
AcDbPolyline
 90
3
 70
0
 10
980.35
 20
659.95
 10
980.63
 20
655.2
 10
981.07
 20
653.04
  0
LWPOLYLINE
  5
124F
330
17
100
AcDbEntity
  8
POLYLINES
100
AcDbPolyline
 90
3
 70
0
 10
981.5
 20
655.2
 10
980.92
 20
653.62
 10
979.77
 20
651.6
  0
LWPOLYLINE
  5
1250
330
17
100
AcDbEntity
  8
POLYLINES
100
AcDbPolyline
 90
3
 70
0
 10
984.38
 20
659.23
 10
984.38
 20
654.91
 10
983.95
 20
651.6
  0
LWPOLYLINE
  5
1251
330
17
100
AcDbEntity
  8
POLYLINES
100
AcDbPolyline
 90
4
 70
0
 10
985.67
 20
657.36
 10
985.24
 20
654.19
 10
984.81
 20
653.04
 10
984.09
 20
651.46
  0
LWPOLYLINE
  5
1252
330
17
100
AcDbEntity
  8
POLYLINES
100
AcDbPolyline
 90
3
 70
0
 10
984.81
 20
655.92
 10
985.96
 20
651.89
 10
986.11
 20
651.89
  0
LWPOLYLINE
  5
1253
330
17
100
AcDbEntity
  8
POLYLINES
100
AcDbPolyline
 90
4
 70
0
 10
1159.19
 20
658.8
 10
1159.77
 20
659.38
 10
1160.49
 20
660.67
 10
1160.49
 20
650.88
  0
LWPOLYLINE
  5
1254
330
17
100
AcDbEntity
  8
POLYLINES
100
AcDbPolyline
 90
4
 70
0
 10
1137.16
 20
662.98
 10
1137.02
 20
657.94
 10
1136.59
 20
655.63
 10
1135.87
 20
653.9
  0
LWPOLYLINE
  5
1255
330
17
100
AcDbEntity
  8
POLYLINES
100
AcDbPolyline
 90
3
 70
0
 10
1137.16
 20
657.94
 10
1138.03
 20
654.05
 10
1138.46
 20
654.05
  0
LWPOLYLINE
  5
1256
330
17
100
AcDbEntity
  8
POLYLINES
100
AcDbPolyline
 90
3
 70
0
 10
1008.14
 20
661.39
 10
1010.44
 20
651.46
 10
1012.6
 20
661.39
  0
LWPOLYLINE
  5
1257
330
17
100
AcDbEntity
  8
POLYLINES
100
AcDbPolyline
 90
3
 70
0
 10
1013.75
 20
651.46
 10
1013.75
 20
661.39
 10
1017.5
 20
661.39
  0
LWPOLYLINE
  5
1258
330
17
100
AcDbEntity
  8
POLYLINES
100
AcDbPolyline
 90
29
 70
0
 10
1020.38
 20
661.39
 10
1019.51
 20
660.82
 10
1019.23
 20
659.95
 10
1019.23
 20
658.94
 10
1019.51
 20
658.08
 10
1020.09
 20
657.65
 10
1021.1
 20
657.07
 10
1021.96
 20
656.64
 10
1022.54
 20
655.63
 10
1022.83
 20
654.77
 10
1022.83
 20
653.33
 10
1022.54
 20
652.32
 10
1022.25
 20
651.89
 10
1021.39
 20
651.46
 10
1020.38
 20
651.46
 10
1019.51
 20
651.89
 10
1019.23
 20
652.32
 10
1018.94
 20
653.33
 10
1018.94
 20
654.77
 10
1019.23
 20
655.63
 10
1019.8
 20
656.64
 10
1020.67
 20
657.07
 10
1021.67
 20
657.65
 10
1022.25
 20
658.08
 10
1022.54
 20
658.94
 10
1022.54
 20
659.95
 10
1022.25
 20
660.82
 10
1021.39
 20
661.39
 10
1020.38
 20
661.39
  0
LWPOLYLINE
  5
1259
330
17
100
AcDbEntity
  8
POLYLINES
100
AcDbPolyline
 90
8
 70
0
 10
1025.13
 20
651.89
 10
1024.84
 20
651.46
 10
1024.55
 20
651.89
 10
1024.84
 20
652.32
 10
1025.13
 20
651.89
 10
1025.13
 20
651.02
 10
1024.84
 20
650.02
 10
1024.55
 20
649.58
  0
LWPOLYLINE
  5
125A
330
17
100
AcDbEntity
  8
POLYLINES
100
AcDbPolyline
 90
29
 70
0
 10
1028.87
 20
661.39
 10
1028.01
 20
660.82
 10
1027.72
 20
659.95
 10
1027.72
 20
658.94
 10
1028.01
 20
658.08
 10
1028.59
 20
657.65
 10
1029.74
 20
657.07
 10
1030.46
 20
656.64
 10
1031.03
 20
655.63
 10
1031.32
 20
654.77
 10
1031.32
 20
653.33
 10
1031.03
 20
652.32
 10
1030.75
 20
651.89
 10
1030.03
 20
651.46
 10
1028.87
 20
651.46
 10
1028.01
 20
651.89
 10
1027.72
 20
652.32
 10
1027.43
 20
653.33
 10
1027.43
 20
654.77
 10
1027.72
 20
655.63
 10
1028.3
 20
656.64
 10
1029.16
 20
657.07
 10
1030.17
 20
657.65
 10
1030.75
 20
658.08
 10
1031.03
 20
658.94
 10
1031.03
 20
659.95
 10
1030.75
 20
660.82
 10
1030.03
 20
661.39
 10
1028.87
 20
661.39
  0
LWPOLYLINE
  5
125B
330
17
100
AcDbEntity
  8
POLYLINES
100
AcDbPolyline
 90
3
 70
0
 10
1035.21
 20
658.22
 10
1036.51
 20
655.06
 10
1036.79
 20
655.06
  0
LWPOLYLINE
  5
125C
330
17
100
AcDbEntity
  8
POLYLINES
100
AcDbPolyline
 90
3
 70
0
 10
1045.43
 20
659.95
 10
1045.43
 20
655.49
 10
1045.0
 20
652.32
  0
LWPOLYLINE
  5
125D
330
17
100
AcDbEntity
  8
POLYLINES
100
AcDbPolyline
 90
4
 70
0
 10
1046.73
 20
657.94
 10
1046.3
 20
654.91
 10
1046.01
 20
653.62
 10
1045.15
 20
652.03
  0
LWPOLYLINE
  5
125E
330
17
100
AcDbEntity
  8
POLYLINES
100
AcDbPolyline
 90
3
 70
0
 10
1045.87
 20
656.64
 10
1047.02
 20
652.61
 10
1047.31
 20
652.61
  0
LWPOLYLINE
  5
125F
330
17
100
AcDbEntity
  8
POLYLINES
100
AcDbPolyline
 90
14
 70
0
 10
1007.42
 20
617.04
 10
1007.42
 20
617.47
 10
1007.71
 20
618.48
 10
1007.99
 20
618.91
 10
1008.57
 20
619.49
 10
1009.72
 20
619.49
 10
1010.3
 20
618.91
 10
1010.59
 20
618.48
 10
1010.87
 20
617.47
 10
1010.87
 20
616.61
 10
1010.59
 20
615.6
 10
1010.01
 20
614.16
 10
1007.13
 20
609.55
 10
1011.16
 20
609.55
  0
LWPOLYLINE
  5
1260
330
17
100
AcDbEntity
  8
POLYLINES
100
AcDbPolyline
 90
14
 70
0
 10
1013.18
 20
617.04
 10
1013.18
 20
617.47
 10
1013.47
 20
618.48
 10
1013.75
 20
618.91
 10
1014.33
 20
619.49
 10
1015.34
 20
619.49
 10
1015.91
 20
618.91
 10
1016.2
 20
618.48
 10
1016.49
 20
617.47
 10
1016.49
 20
616.61
 10
1016.2
 20
615.6
 10
1015.63
 20
614.16
 10
1012.89
 20
609.55
 10
1016.78
 20
609.55
  0
LWPOLYLINE
  5
1261
330
17
100
AcDbEntity
  8
POLYLINES
100
AcDbPolyline
 90
23
 70
0
 10
1021.96
 20
618.05
 10
1021.67
 20
618.91
 10
1020.81
 20
619.49
 10
1020.23
 20
619.49
 10
1019.37
 20
618.91
 10
1018.79
 20
617.47
 10
1018.51
 20
615.17
 10
1018.51
 20
612.86
 10
1018.79
 20
610.85
 10
1019.37
 20
609.98
 10
1020.23
 20
609.55
 10
1020.52
 20
609.55
 10
1021.39
 20
609.98
 10
1021.96
 20
610.85
 10
1022.25
 20
612.29
 10
1022.25
 20
612.86
 10
1021.96
 20
614.16
 10
1021.39
 20
615.17
 10
1020.52
 20
615.6
 10
1020.23
 20
615.6
 10
1019.37
 20
615.17
 10
1018.79
 20
614.16
 10
1018.51
 20
612.86
  0
LWPOLYLINE
  5
1262
330
17
100
AcDbEntity
  8
POLYLINES
100
AcDbPolyline
 90
17
 70
0
 10
1025.85
 20
619.49
 10
1024.99
 20
618.91
 10
1024.41
 20
617.47
 10
1024.12
 20
615.17
 10
1024.12
 20
613.73
 10
1024.41
 20
611.42
 10
1024.99
 20
609.98
 10
1025.85
 20
609.55
 10
1026.43
 20
609.55
 10
1027.29
 20
609.98
 10
1027.87
 20
611.42
 10
1028.15
 20
613.73
 10
1028.15
 20
615.17
 10
1027.87
 20
617.47
 10
1027.29
 20
618.91
 10
1026.43
 20
619.49
 10
1025.85
 20
619.49
  0
LWPOLYLINE
  5
1263
330
17
100
AcDbEntity
  8
POLYLINES
100
AcDbPolyline
 90
7
 70
0
 10
1029.88
 20
614.16
 10
1030.75
 20
615.6
 10
1031.32
 20
616.18
 10
1032.19
 20
616.18
 10
1032.76
 20
615.6
 10
1032.91
 20
614.16
 10
1032.91
 20
609.55
  0
LWPOLYLINE
  5
1264
330
17
100
AcDbEntity
  8
POLYLINES
100
AcDbPolyline
 90
7
 70
0
 10
1032.91
 20
614.16
 10
1033.77
 20
615.6
 10
1034.35
 20
616.18
 10
1035.21
 20
616.18
 10
1035.79
 20
615.6
 10
1036.07
 20
614.16
 10
1036.07
 20
609.55
  0
LWPOLYLINE
  5
1265
330
17
100
AcDbEntity
  8
POLYLINES
100
AcDbPolyline
 90
7
 70
0
 10
1038.38
 20
614.16
 10
1039.24
 20
615.6
 10
1039.82
 20
616.18
 10
1040.68
 20
616.18
 10
1041.26
 20
615.6
 10
1041.55
 20
614.16
 10
1041.55
 20
609.55
  0
LWPOLYLINE
  5
1266
330
17
100
AcDbEntity
  8
POLYLINES
100
AcDbPolyline
 90
7
 70
0
 10
1041.55
 20
614.16
 10
1042.27
 20
615.6
 10
1042.84
 20
616.18
 10
1043.71
 20
616.18
 10
1044.28
 20
615.6
 10
1044.57
 20
614.16
 10
1044.57
 20
609.55
  0
LWPOLYLINE
  5
1267
330
17
100
AcDbEntity
  8
POLYLINES
100
AcDbPolyline
 90
23
 70
0
 10
1054.79
 20
618.05
 10
1054.51
 20
618.91
 10
1053.64
 20
619.49
 10
1053.07
 20
619.49
 10
1052.2
 20
618.91
 10
1051.63
 20
617.47
 10
1051.34
 20
615.17
 10
1051.34
 20
612.86
 10
1051.63
 20
610.85
 10
1052.2
 20
609.98
 10
1053.07
 20
609.55
 10
1053.35
 20
609.55
 10
1054.22
 20
609.98
 10
1054.79
 20
610.85
 10
1055.08
 20
612.29
 10
1055.08
 20
612.86
 10
1054.79
 20
614.16
 10
1054.22
 20
615.17
 10
1053.35
 20
615.6
 10
1053.07
 20
615.6
 10
1052.2
 20
615.17
 10
1051.63
 20
614.16
 10
1051.34
 20
612.86
  0
LWPOLYLINE
  5
1268
330
17
100
AcDbEntity
  8
POLYLINES
100
AcDbPolyline
 90
17
 70
0
 10
1058.83
 20
619.49
 10
1057.96
 20
618.91
 10
1057.39
 20
617.47
 10
1057.1
 20
615.17
 10
1057.1
 20
613.73
 10
1057.39
 20
611.42
 10
1057.96
 20
609.98
 10
1058.83
 20
609.55
 10
1059.4
 20
609.55
 10
1060.12
 20
609.98
 10
1060.7
 20
611.42
 10
1060.99
 20
613.73
 10
1060.99
 20
615.17
 10
1060.7
 20
617.47
 10
1060.12
 20
618.91
 10
1059.4
 20
619.49
 10
1058.83
 20
619.49
  0
LWPOLYLINE
  5
1269
330
17
100
AcDbEntity
  8
POLYLINES
100
AcDbPolyline
 90
17
 70
0
 10
1064.44
 20
619.49
 10
1063.58
 20
618.91
 10
1063.0
 20
617.47
 10
1062.71
 20
615.17
 10
1062.71
 20
613.73
 10
1063.0
 20
611.42
 10
1063.58
 20
609.98
 10
1064.44
 20
609.55
 10
1065.02
 20
609.55
 10
1065.88
 20
609.98
 10
1066.46
 20
611.42
 10
1066.75
 20
613.73
 10
1066.75
 20
615.17
 10
1066.46
 20
617.47
 10
1065.88
 20
618.91
 10
1065.02
 20
619.49
 10
1064.44
 20
619.49
  0
LWPOLYLINE
  5
126A
330
17
100
AcDbEntity
  8
POLYLINES
100
AcDbPolyline
 90
7
 70
0
 10
1068.47
 20
614.16
 10
1069.19
 20
615.6
 10
1069.77
 20
616.18
 10
1070.63
 20
616.18
 10
1071.21
 20
615.6
 10
1071.5
 20
614.16
 10
1071.5
 20
609.55
  0
LWPOLYLINE
  5
126B
330
17
100
AcDbEntity
  8
POLYLINES
100
AcDbPolyline
 90
7
 70
0
 10
1071.5
 20
614.16
 10
1072.36
 20
615.6
 10
1072.94
 20
616.18
 10
1073.8
 20
616.18
 10
1074.38
 20
615.6
 10
1074.67
 20
614.16
 10
1074.67
 20
609.55
  0
LWPOLYLINE
  5
126C
330
17
100
AcDbEntity
  8
POLYLINES
100
AcDbPolyline
 90
7
 70
0
 10
1076.97
 20
614.16
 10
1077.83
 20
615.6
 10
1078.27
 20
616.18
 10
1079.13
 20
616.18
 10
1079.71
 20
615.6
 10
1079.99
 20
614.16
 10
1079.99
 20
609.55
  0
LWPOLYLINE
  5
126D
330
17
100
AcDbEntity
  8
POLYLINES
100
AcDbPolyline
 90
7
 70
0
 10
1079.99
 20
614.16
 10
1080.86
 20
615.6
 10
1081.43
 20
616.18
 10
1082.3
 20
616.18
 10
1082.87
 20
615.6
 10
1083.16
 20
614.16
 10
1083.16
 20
609.55
  0
LWPOLYLINE
  5
126E
330
17
100
AcDbEntity
  8
POLYLINES
100
AcDbPolyline
 90
23
 70
0
 10
1093.39
 20
618.05
 10
1093.1
 20
618.91
 10
1092.23
 20
619.49
 10
1091.66
 20
619.49
 10
1090.79
 20
618.91
 10
1090.22
 20
617.47
 10
1089.93
 20
615.17
 10
1089.93
 20
612.86
 10
1090.22
 20
610.85
 10
1090.79
 20
609.98
 10
1091.66
 20
609.55
 10
1091.95
 20
609.55
 10
1092.81
 20
609.98
 10
1093.39
 20
610.85
 10
1093.67
 20
612.29
 10
1093.67
 20
612.86
 10
1093.39
 20
614.16
 10
1092.81
 20
615.17
 10
1091.95
 20
615.6
 10
1091.66
 20
615.6
 10
1090.79
 20
615.17
 10
1090.22
 20
614.16
 10
1089.93
 20
612.86
  0
LWPOLYLINE
  5
126F
330
17
100
AcDbEntity
  8
POLYLINES
100
AcDbPolyline
 90
17
 70
0
 10
1097.27
 20
619.49
 10
1096.41
 20
618.91
 10
1095.83
 20
617.47
 10
1095.69
 20
615.17
 10
1095.69
 20
613.73
 10
1095.83
 20
611.42
 10
1096.41
 20
609.98
 10
1097.27
 20
609.55
 10
1097.85
 20
609.55
 10
1098.71
 20
609.98
 10
1099.29
 20
611.42
 10
1099.58
 20
613.73
 10
1099.58
 20
615.17
 10
1099.29
 20
617.47
 10
1098.71
 20
618.91
 10
1097.85
 20
619.49
 10
1097.27
 20
619.49
  0
LWPOLYLINE
  5
1270
330
17
100
AcDbEntity
  8
POLYLINES
100
AcDbPolyline
 90
17
 70
0
 10
1103.03
 20
619.49
 10
1102.17
 20
618.91
 10
1101.59
 20
617.47
 10
1101.31
 20
615.17
 10
1101.31
 20
613.73
 10
1101.59
 20
611.42
 10
1102.17
 20
609.98
 10
1103.03
 20
609.55
 10
1103.61
 20
609.55
 10
1104.47
 20
609.98
 10
1104.91
 20
611.42
 10
1105.19
 20
613.73
 10
1105.19
 20
615.17
 10
1104.91
 20
617.47
 10
1104.47
 20
618.91
 10
1103.61
 20
619.49
 10
1103.03
 20
619.49
  0
LWPOLYLINE
  5
1271
330
17
100
AcDbEntity
  8
POLYLINES
100
AcDbPolyline
 90
7
 70
0
 10
1106.92
 20
614.16
 10
1107.79
 20
615.6
 10
1108.36
 20
616.18
 10
1109.23
 20
616.18
 10
1109.8
 20
615.6
 10
1110.09
 20
614.16
 10
1110.09
 20
609.55
  0
LWPOLYLINE
  5
1272
330
17
100
AcDbEntity
  8
POLYLINES
100
AcDbPolyline
 90
7
 70
0
 10
1110.09
 20
614.16
 10
1110.95
 20
615.6
 10
1111.53
 20
616.18
 10
1112.39
 20
616.18
 10
1112.97
 20
615.6
 10
1113.26
 20
614.16
 10
1113.26
 20
609.55
  0
LWPOLYLINE
  5
1273
330
17
100
AcDbEntity
  8
POLYLINES
100
AcDbPolyline
 90
7
 70
0
 10
1115.42
 20
614.16
 10
1116.28
 20
615.6
 10
1116.86
 20
616.18
 10
1117.72
 20
616.18
 10
1118.3
 20
615.6
 10
1118.59
 20
614.16
 10
1118.59
 20
609.55
  0
LWPOLYLINE
  5
1274
330
17
100
AcDbEntity
  8
POLYLINES
100
AcDbPolyline
 90
7
 70
0
 10
1118.59
 20
614.16
 10
1119.45
 20
615.6
 10
1120.03
 20
616.18
 10
1120.89
 20
616.18
 10
1121.47
 20
615.6
 10
1121.75
 20
614.16
 10
1121.75
 20
609.55
  0
LWPOLYLINE
  5
1275
330
17
100
AcDbEntity
  8
POLYLINES
100
AcDbPolyline
 90
4
 70
0
 10
1159.19
 20
700.42
 10
1159.77
 20
700.85
 10
1160.49
 20
702.29
 10
1160.49
 20
692.35
  0
LWPOLYLINE
  5
1276
330
17
100
AcDbEntity
  8
POLYLINES
100
AcDbPolyline
 90
3
 70
0
 10
957.88
 20
692.35
 10
957.88
 20
702.29
 10
961.48
 20
702.29
  0
LWPOLYLINE
  5
1277
330
17
100
AcDbEntity
  8
POLYLINES
100
AcDbPolyline
 90
4
 70
0
 10
963.21
 20
700.42
 10
963.79
 20
700.85
 10
964.65
 20
702.29
 10
964.65
 20
692.35
  0
LWPOLYLINE
  5
1278
330
17
100
AcDbEntity
  8
POLYLINES
100
AcDbPolyline
 90
3
 70
0
 10
969.98
 20
700.85
 10
969.83
 20
696.38
 10
969.55
 20
693.22
  0
LWPOLYLINE
  5
1279
330
17
100
AcDbEntity
  8
POLYLINES
100
AcDbPolyline
 90
4
 70
0
 10
971.27
 20
698.98
 10
970.84
 20
695.81
 10
970.41
 20
694.51
 10
969.69
 20
693.07
  0
LWPOLYLINE
  5
127A
330
17
100
AcDbEntity
  8
POLYLINES
100
AcDbPolyline
 90
3
 70
0
 10
970.27
 20
697.54
 10
971.42
 20
693.5
 10
971.71
 20
693.5
  0
LWPOLYLINE
  5
127B
330
17
100
AcDbEntity
  8
POLYLINES
100
AcDbPolyline
 90
4
 70
0
 10
1137.16
 20
704.59
 10
1137.02
 20
699.55
 10
1136.59
 20
697.25
 10
1135.87
 20
695.38
  0
LWPOLYLINE
  5
127C
330
17
100
AcDbEntity
  8
POLYLINES
100
AcDbPolyline
 90
3
 70
0
 10
1137.16
 20
699.55
 10
1138.03
 20
695.66
 10
1138.46
 20
695.66
  0
LWPOLYLINE
  5
127D
330
17
100
AcDbEntity
  8
POLYLINES
100
AcDbPolyline
 90
3
 70
0
 10
1008.14
 20
693.07
 10
1008.14
 20
703.01
 10
1011.88
 20
703.01
  0
LWPOLYLINE
  5
127E
330
17
100
AcDbEntity
  8
POLYLINES
100
AcDbPolyline
 90
4
 70
0
 10
1013.47
 20
701.14
 10
1014.04
 20
701.57
 10
1014.91
 20
703.01
 10
1014.91
 20
693.07
  0
LWPOLYLINE
  5
127F
330
17
100
AcDbEntity
  8
POLYLINES
100
AcDbPolyline
 90
8
 70
0
 10
1018.65
 20
693.5
 10
1018.36
 20
693.07
 10
1018.07
 20
693.5
 10
1018.36
 20
693.94
 10
1018.65
 20
693.5
 10
1018.65
 20
692.64
 10
1018.36
 20
691.63
 10
1018.07
 20
691.2
  0
LWPOLYLINE
  5
1280
330
17
100
AcDbEntity
  8
POLYLINES
100
AcDbPolyline
 90
29
 70
0
 10
1022.25
 20
703.01
 10
1021.39
 20
702.43
 10
1021.1
 20
701.57
 10
1021.1
 20
700.56
 10
1021.39
 20
699.7
 10
1021.96
 20
699.12
 10
1023.11
 20
698.69
 10
1023.98
 20
698.26
 10
1024.55
 20
697.25
 10
1024.84
 20
696.38
 10
1024.84
 20
694.94
 10
1024.55
 20
693.94
 10
1024.27
 20
693.5
 10
1023.4
 20
693.07
 10
1022.25
 20
693.07
 10
1021.39
 20
693.5
 10
1021.1
 20
693.94
 10
1020.95
 20
694.94
 10
1020.95
 20
696.38
 10
1021.1
 20
697.25
 10
1021.67
 20
698.26
 10
1022.54
 20
698.69
 10
1023.69
 20
699.12
 10
1024.27
 20
699.7
 10
1024.55
 20
700.56
 10
1024.55
 20
701.57
 10
1024.27
 20
702.43
 10
1023.4
 20
703.01
 10
1022.25
 20
703.01
  0
LWPOLYLINE
  5
1281
330
17
100
AcDbEntity
  8
POLYLINES
100
AcDbPolyline
 90
3
 70
0
 10
1028.73
 20
699.7
 10
1030.03
 20
696.67
 10
1030.31
 20
696.67
  0
LWPOLYLINE
  5
1282
330
17
100
AcDbEntity
  8
POLYLINES
100
AcDbPolyline
 90
3
 70
0
 10
1038.95
 20
701.57
 10
1038.81
 20
697.1
 10
1038.52
 20
693.94
  0
LWPOLYLINE
  5
1283
330
17
100
AcDbEntity
  8
POLYLINES
100
AcDbPolyline
 90
4
 70
0
 10
1040.25
 20
699.55
 10
1039.82
 20
696.38
 10
1039.39
 20
695.23
 10
1038.67
 20
693.65
  0
LWPOLYLINE
  5
1284
330
17
100
AcDbEntity
  8
POLYLINES
100
AcDbPolyline
 90
3
 70
0
 10
1039.24
 20
698.26
 10
1040.54
 20
694.22
 10
1040.68
 20
694.22
  0
LWPOLYLINE
  5
1285
330
17
100
AcDbEntity
  8
POLYLINES
100
AcDbPolyline
 90
3
 70
0
 10
1157.9
 20
787.1
 10
1157.61
 20
784.94
 10
1158.62
 20
783.79
  0
LWPOLYLINE
  5
1286
330
17
100
AcDbEntity
  8
POLYLINES
100
AcDbPolyline
 90
4
 70
0
 10
1158.47
 20
786.96
 10
1158.33
 20
785.09
 10
1157.9
 20
783.79
 10
1157.32
 20
783.07
  0
LWPOLYLINE
  5
1287
330
17
100
AcDbEntity
  8
POLYLINES
100
AcDbPolyline
 90
4
 70
0
 10
1159.34
 20
792.0
 10
1159.19
 20
789.98
 10
1159.05
 20
788.83
 10
1158.76
 20
786.82
  0
LWPOLYLINE
  5
1288
330
17
100
AcDbEntity
  8
POLYLINES
100
AcDbPolyline
 90
4
 70
0
 10
1159.77
 20
788.98
 10
1159.63
 20
786.38
 10
1159.19
 20
784.51
 10
1158.47
 20
782.78
  0
LWPOLYLINE
  5
1289
330
17
100
AcDbEntity
  8
POLYLINES
100
AcDbPolyline
 90
3
 70
0
 10
1158.91
 20
787.68
 10
1159.91
 20
783.22
 10
1160.49
 20
783.22
  0
LWPOLYLINE
  5
128A
330
17
100
AcDbEntity
  8
POLYLINES
100
AcDbPolyline
 90
4
 70
0
 10
1073.95
 20
788.11
 10
1073.95
 20
785.95
 10
1073.51
 20
783.79
 10
1073.08
 20
782.5
  0
LWPOLYLINE
  5
128B
330
17
100
AcDbEntity
  8
POLYLINES
100
AcDbPolyline
 90
3
 70
0
 10
1076.11
 20
788.98
 10
1076.11
 20
782.64
 10
1075.53
 20
784.08
  0
LWPOLYLINE
  5
128C
330
17
100
AcDbEntity
  8
POLYLINES
100
AcDbPolyline
 90
3
 70
0
 10
1079.71
 20
784.08
 10
1078.99
 20
779.76
 10
1078.41
 20
781.49
  0
LWPOLYLINE
  5
128D
330
17
100
AcDbEntity
  8
POLYLINES
100
AcDbPolyline
 90
3
 70
0
 10
979.48
 20
789.12
 10
978.47
 20
786.67
 10
977.61
 20
785.23
  0
LWPOLYLINE
  5
128E
330
17
100
AcDbEntity
  8
POLYLINES
100
AcDbPolyline
 90
3
 70
0
 10
981.21
 20
787.25
 10
980.78
 20
785.52
 10
980.2
 20
783.79
  0
LWPOLYLINE
  5
128F
330
17
100
AcDbEntity
  8
POLYLINES
100
AcDbPolyline
 90
3
 70
0
 10
982.51
 20
790.85
 10
982.22
 20
788.11
 10
981.93
 20
786.24
  0
LWPOLYLINE
  5
1290
330
17
100
AcDbEntity
  8
POLYLINES
100
AcDbPolyline
 90
3
 70
0
 10
982.79
 20
787.39
 10
982.79
 20
781.63
 10
982.22
 20
782.93
  0
LWPOLYLINE
  5
1291
330
17
100
AcDbEntity
  8
POLYLINES
100
AcDbPolyline
 90
4
 70
0
 10
925.91
 20
789.12
 10
925.77
 20
785.95
 10
925.48
 20
782.78
 10
924.91
 20
781.2
  0
LWPOLYLINE
  5
1292
330
17
100
AcDbEntity
  8
POLYLINES
100
AcDbPolyline
 90
3
 70
0
 10
927.21
 20
784.8
 10
927.21
 20
780.77
 10
926.78
 20
781.92
  0
LWPOLYLINE
  5
1293
330
17
100
AcDbEntity
  8
POLYLINES
100
AcDbPolyline
 90
3
 70
0
 10
931.53
 20
785.09
 10
930.81
 20
780.91
 10
930.23
 20
782.5
  0
LWPOLYLINE
  5
1294
330
17
100
AcDbEntity
  8
POLYLINES
100
AcDbPolyline
 90
13
 70
0
 10
1008.14
 20
737.86
 10
1008.14
 20
747.79
 10
1010.15
 20
747.79
 10
1011.02
 20
747.36
 10
1011.59
 20
746.35
 10
1011.88
 20
745.34
 10
1012.17
 20
744.05
 10
1012.17
 20
741.6
 10
1011.88
 20
740.16
 10
1011.59
 20
739.3
 10
1011.02
 20
738.29
 10
1010.15
 20
737.86
 10
1008.14
 20
737.86
  0
LWPOLYLINE
  5
1295
330
17
100
AcDbEntity
  8
POLYLINES
100
AcDbPolyline
 90
18
 70
0
 10
1023.98
 20
745.34
 10
1023.69
 20
746.35
 10
1023.11
 20
747.36
 10
1022.54
 20
747.79
 10
1021.39
 20
747.79
 10
1020.95
 20
747.36
 10
1020.38
 20
746.35
 10
1020.09
 20
745.34
 10
1019.8
 20
744.05
 10
1019.8
 20
741.6
 10
1020.09
 20
740.16
 10
1020.38
 20
739.3
 10
1020.95
 20
738.29
 10
1021.39
 20
737.86
 10
1022.54
 20
737.86
 10
1023.11
 20
738.29
 10
1023.69
 20
739.3
 10
1023.98
 20
740.16
  0
LWPOLYLINE
  5
1296
330
17
100
AcDbEntity
  8
POLYLINES
100
AcDbPolyline
 90
4
 70
0
 10
1137.45
 20
747.22
 10
1137.31
 20
742.18
 10
1136.87
 20
739.87
 10
1136.15
 20
738.0
  0
LWPOLYLINE
  5
1297
330
17
100
AcDbEntity
  8
POLYLINES
100
AcDbPolyline
 90
3
 70
0
 10
1137.45
 20
742.18
 10
1138.17
 20
738.29
 10
1138.75
 20
738.29
  0
LWPOLYLINE
  5
1298
330
17
100
AcDbEntity
  8
POLYLINES
100
AcDbPolyline
 90
3
 70
0
 10
930.38
 20
815.76
 10
929.8
 20
814.18
 10
929.08
 20
812.3
  0
LWPOLYLINE
  5
1299
330
17
100
AcDbEntity
  8
POLYLINES
100
AcDbPolyline
 90
3
 70
0
 10
931.53
 20
815.04
 10
930.52
 20
812.59
 10
928.65
 20
809.86
  0
LWPOLYLINE
  5
129A
330
17
100
AcDbEntity
  8
POLYLINES
100
AcDbPolyline
 90
3
 70
0
 10
929.95
 20
813.46
 10
932.11
 20
810.58
 10
932.54
 20
810.58
  0
LWPOLYLINE
  5
129B
330
17
100
AcDbEntity
  8
POLYLINES
100
AcDbPolyline
 90
4
 70
0
 10
930.52
 20
811.3
 10
930.23
 20
808.56
 10
929.8
 20
807.12
 10
928.94
 20
805.54
  0
LWPOLYLINE
  5
129C
330
17
100
AcDbEntity
  8
POLYLINES
100
AcDbPolyline
 90
3
 70
0
 10
931.53
 20
810.29
 10
931.1
 20
805.68
 10
930.52
 20
807.55
  0
LWPOLYLINE
  5
129D
330
17
100
AcDbEntity
  8
POLYLINES
100
AcDbPolyline
 90
3
 70
0
 10
935.13
 20
815.18
 10
935.13
 20
810.0
 10
934.7
 20
806.4
  0
LWPOLYLINE
  5
129E
330
17
100
AcDbEntity
  8
POLYLINES
100
AcDbPolyline
 90
4
 70
0
 10
936.71
 20
812.88
 10
936.14
 20
809.28
 10
935.71
 20
807.98
 10
934.99
 20
806.11
  0
LWPOLYLINE
  5
129F
330
17
100
AcDbEntity
  8
POLYLINES
100
AcDbPolyline
 90
3
 70
0
 10
935.56
 20
811.3
 10
937.0
 20
806.69
 10
937.29
 20
806.69
  0
LWPOLYLINE
  5
12A0
330
17
100
AcDbEntity
  8
POLYLINES
100
AcDbPolyline
 90
3
 70
0
 10
939.59
 20
814.46
 10
939.45
 20
812.02
 10
939.02
 20
809.86
  0
LWPOLYLINE
  5
12A1
330
17
100
AcDbEntity
  8
POLYLINES
100
AcDbPolyline
 90
4
 70
0
 10
943.19
 20
814.46
 10
943.19
 20
812.02
 10
942.76
 20
809.57
 10
942.19
 20
808.13
  0
LWPOLYLINE
  5
12A2
330
17
100
AcDbEntity
  8
POLYLINES
100
AcDbPolyline
 90
3
 70
0
 10
945.64
 20
815.62
 10
945.64
 20
808.42
 10
944.92
 20
809.86
  0
LWPOLYLINE
  5
12A3
330
17
100
AcDbEntity
  8
POLYLINES
100
AcDbPolyline
 90
3
 70
0
 10
949.67
 20
809.86
 10
948.81
 20
805.1
 10
948.23
 20
806.98
  0
LWPOLYLINE
  5
12A4
330
17
100
AcDbEntity
  8
POLYLINES
100
AcDbPolyline
 90
3
 70
0
 10
958.46
 20
815.47
 10
958.17
 20
813.74
 10
957.74
 20
812.02
  0
LWPOLYLINE
  5
12A5
330
17
100
AcDbEntity
  8
POLYLINES
100
AcDbPolyline
 90
5
 70
0
 10
958.03
 20
808.27
 10
958.03
 20
805.68
 10
958.17
 20
805.25
 10
959.75
 20
805.39
 10
959.61
 20
807.84
  0
LWPOLYLINE
  5
12A6
330
17
100
AcDbEntity
  8
POLYLINES
100
AcDbPolyline
 90
3
 70
0
 10
962.06
 20
811.01
 10
961.34
 20
809.28
 10
960.19
 20
806.98
  0
LWPOLYLINE
  5
12A7
330
17
100
AcDbEntity
  8
POLYLINES
100
AcDbPolyline
 90
3
 70
0
 10
962.06
 20
810.72
 10
963.35
 20
806.4
 10
964.22
 20
806.4
  0
LWPOLYLINE
  5
12A8
330
17
100
AcDbEntity
  8
POLYLINES
100
AcDbPolyline
 90
3
 70
0
 10
968.5
 20
815.0
 10
968.3
 20
807.18
 10
968.58
 20
806.73
  0
LWPOLYLINE
  5
12A9
330
17
100
AcDbEntity
  8
POLYLINES
100
AcDbPolyline
 90
4
 70
0
 10
968.97
 20
814.61
 10
969.69
 20
815.18
 10
970.55
 20
816.77
 10
970.55
 20
805.39
  0
LWPOLYLINE
  5
12AA
330
17
100
AcDbEntity
  8
POLYLINES
100
AcDbPolyline
 90
14
 70
0
 10
974.44
 20
814.03
 10
974.44
 20
814.61
 10
974.87
 20
815.76
 10
975.16
 20
816.19
 10
975.74
 20
816.77
 10
977.03
 20
816.77
 10
977.75
 20
816.19
 10
978.04
 20
815.76
 10
978.33
 20
814.61
 10
978.33
 20
813.6
 10
978.04
 20
812.45
 10
977.47
 20
810.86
 10
974.15
 20
805.39
 10
978.76
 20
805.39
  0
LWPOLYLINE
  5
12AB
330
17
100
AcDbEntity
  8
POLYLINES
100
AcDbPolyline
 90
15
 70
0
 10
981.35
 20
816.77
 10
984.81
 20
816.77
 10
982.94
 20
812.45
 10
983.95
 20
812.45
 10
984.52
 20
811.87
 10
984.81
 20
811.44
 10
985.24
 20
809.71
 10
985.24
 20
808.7
 10
984.81
 20
807.12
 10
984.23
 20
805.97
 10
983.23
 20
805.39
 10
982.22
 20
805.39
 10
981.35
 20
805.97
 10
980.92
 20
806.54
 10
980.63
 20
807.55
  0
LWPOLYLINE
  5
12AC
330
17
100
AcDbEntity
  8
POLYLINES
100
AcDbPolyline
 90
11
 70
0
 10
987.11
 20
805.39
 10
987.11
 20
816.77
 10
989.99
 20
816.77
 10
991.0
 20
816.19
 10
991.29
 20
815.76
 10
991.72
 20
814.61
 10
991.72
 20
813.02
 10
991.29
 20
811.87
 10
991.0
 20
811.44
 10
989.99
 20
810.86
 10
987.11
 20
810.86
  0
LWPOLYLINE
  5
12AD
330
17
100
AcDbEntity
  8
POLYLINES
100
AcDbPolyline
 90
4
 70
0
 10
1001.08
 20
814.61
 10
1001.66
 20
815.18
 10
1002.67
 20
816.77
 10
1002.67
 20
805.39
  0
LWPOLYLINE
  5
12AE
330
17
100
AcDbEntity
  8
POLYLINES
100
AcDbPolyline
 90
14
 70
0
 10
1006.55
 20
814.03
 10
1006.55
 20
814.61
 10
1006.84
 20
815.76
 10
1007.27
 20
816.19
 10
1007.85
 20
816.77
 10
1009.15
 20
816.77
 10
1009.87
 20
816.19
 10
1010.15
 20
815.76
 10
1010.44
 20
814.61
 10
1010.44
 20
813.6
 10
1010.15
 20
812.45
 10
1009.43
 20
810.86
 10
1006.27
 20
805.39
 10
1010.73
 20
805.39
  0
LWPOLYLINE
  5
12AF
330
17
100
AcDbEntity
  8
POLYLINES
100
AcDbPolyline
 90
17
 70
0
 10
1016.63
 20
816.77
 10
1013.32
 20
816.77
 10
1013.03
 20
811.87
 10
1013.32
 20
812.45
 10
1014.33
 20
813.02
 10
1015.34
 20
813.02
 10
1016.35
 20
812.45
 10
1016.92
 20
811.44
 10
1017.21
 20
809.71
 10
1017.21
 20
808.7
 10
1016.92
 20
807.12
 10
1016.35
 20
805.97
 10
1015.34
 20
805.39
 10
1014.33
 20
805.39
 10
1013.32
 20
805.97
 10
1013.03
 20
806.54
 10
1012.75
 20
807.55
  0
LWPOLYLINE
  5
12B0
330
17
100
AcDbEntity
  8
POLYLINES
100
AcDbPolyline
 90
11
 70
0
 10
1019.23
 20
805.39
 10
1019.23
 20
816.77
 10
1022.11
 20
816.77
 10
1023.11
 20
816.19
 10
1023.4
 20
815.76
 10
1023.69
 20
814.61
 10
1023.69
 20
813.02
 10
1023.4
 20
811.87
 10
1023.11
 20
811.44
 10
1022.11
 20
810.86
 10
1019.23
 20
810.86
  0
LWPOLYLINE
  5
12B1
330
17
100
AcDbEntity
  8
POLYLINES
100
AcDbPolyline
 90
3
 70
0
 10
1026.51
 20
806.73
 10
1026.86
 20
814.54
 10
1026.59
 20
815.0
  0
LWPOLYLINE
  5
12B2
330
17
100
AcDbEntity
  8
POLYLINES
100
AcDbPolyline
 90
3
 70
0
 10
1031.12
 20
810.04
 10
1031.4
 20
809.57
 10
1031.69
 20
810.04
  0
LWPOLYLINE
  5
12B3
330
17
100
AcDbEntity
  8
POLYLINES
100
AcDbPolyline
 90
3
 70
0
 10
1031.19
 20
810.04
 10
1031.4
 20
809.69
 10
1031.62
 20
810.04
  0
LWPOLYLINE
  5
12B4
330
17
100
AcDbEntity
  8
POLYLINES
100
AcDbPolyline
 90
3
 70
0
 10
1031.12
 20
807.32
 10
1031.4
 20
806.85
 10
1031.69
 20
807.32
  0
LWPOLYLINE
  5
12B5
330
17
100
AcDbEntity
  8
POLYLINES
100
AcDbPolyline
 90
3
 70
0
 10
1031.69
 20
807.32
 10
1031.4
 20
807.8
 10
1031.12
 20
807.32
  0
LWPOLYLINE
  5
12B6
330
17
100
AcDbEntity
  8
POLYLINES
100
AcDbPolyline
 90
3
 70
0
 10
1031.62
 20
807.32
 10
1031.4
 20
807.68
 10
1031.19
 20
807.32
  0
LWPOLYLINE
  5
12B7
330
17
100
AcDbEntity
  8
POLYLINES
100
AcDbPolyline
 90
3
 70
0
 10
1031.19
 20
807.32
 10
1031.4
 20
806.97
 10
1031.62
 20
807.32
  0
LWPOLYLINE
  5
12B8
330
17
100
AcDbEntity
  8
POLYLINES
100
AcDbPolyline
 90
3
 70
0
 10
1031.69
 20
810.04
 10
1031.4
 20
810.51
 10
1031.12
 20
810.04
  0
LWPOLYLINE
  5
12B9
330
17
100
AcDbEntity
  8
POLYLINES
100
AcDbPolyline
 90
3
 70
0
 10
1031.62
 20
810.04
 10
1031.4
 20
810.39
 10
1031.19
 20
810.04
  0
LWPOLYLINE
  5
12BA
330
17
100
AcDbEntity
  8
POLYLINES
100
AcDbPolyline
 90
4
 70
0
 10
697.96
 20
394.7
 10
697.96
 20
389.95
 10
683.85
 20
392.26
 10
697.96
 20
394.7
  0
LWPOLYLINE
  5
12BB
330
17
100
AcDbEntity
  8
POLYLINES
100
AcDbPolyline
 90
4
 70
0
 10
697.96
 20
394.7
 10
697.96
 20
389.95
 10
683.85
 20
392.26
 10
697.96
 20
394.7
  0
LWPOLYLINE
  5
12BC
330
17
100
AcDbEntity
  8
POLYLINES
100
AcDbPolyline
 90
4
 70
0
 10
695.37
 20
543.17
 10
695.37
 20
538.42
 10
681.26
 20
540.72
 10
695.37
 20
543.17
  0
LWPOLYLINE
  5
12BD
330
17
100
AcDbEntity
  8
POLYLINES
100
AcDbPolyline
 90
4
 70
0
 10
695.37
 20
543.17
 10
695.37
 20
538.42
 10
681.26
 20
540.72
 10
695.37
 20
543.17
  0
LWPOLYLINE
  5
12BE
330
17
100
AcDbEntity
  8
POLYLINES
100
AcDbPolyline
 90
3
 70
0
 10
1157.61
 20
537.84
 10
1157.18
 20
535.68
 10
1158.33
 20
534.67
  0
LWPOLYLINE
  5
12BF
330
17
100
AcDbEntity
  8
POLYLINES
100
AcDbPolyline
 90
4
 70
0
 10
1158.19
 20
537.84
 10
1157.9
 20
535.97
 10
1157.61
 20
534.67
 10
1157.03
 20
533.81
  0
LWPOLYLINE
  5
12C0
330
17
100
AcDbEntity
  8
POLYLINES
100
AcDbPolyline
 90
4
 70
0
 10
1159.05
 20
542.88
 10
1158.91
 20
540.86
 10
1158.76
 20
539.71
 10
1158.33
 20
537.7
  0
LWPOLYLINE
  5
12C1
330
17
100
AcDbEntity
  8
POLYLINES
100
AcDbPolyline
 90
4
 70
0
 10
1159.48
 20
539.86
 10
1159.19
 20
537.12
 10
1158.91
 20
535.25
 10
1158.04
 20
533.66
  0
LWPOLYLINE
  5
12C2
330
17
100
AcDbEntity
  8
POLYLINES
100
AcDbPolyline
 90
3
 70
0
 10
1158.47
 20
538.56
 10
1159.48
 20
534.1
 10
1160.06
 20
534.1
  0
LWPOLYLINE
  5
12C3
330
17
100
AcDbEntity
  8
POLYLINES
100
AcDbPolyline
 90
4
 70
0
 10
1067.32
 20
538.85
 10
1067.32
 20
536.69
 10
1066.89
 20
534.53
 10
1066.46
 20
533.38
  0
LWPOLYLINE
  5
12C4
330
17
100
AcDbEntity
  8
POLYLINES
100
AcDbPolyline
 90
3
 70
0
 10
1069.48
 20
539.86
 10
1069.48
 20
533.52
 10
1068.91
 20
534.96
  0
LWPOLYLINE
  5
12C5
330
17
100
AcDbEntity
  8
POLYLINES
100
AcDbPolyline
 90
3
 70
0
 10
1073.08
 20
534.96
 10
1072.22
 20
530.64
 10
1071.79
 20
532.37
  0
LWPOLYLINE
  5
12C6
330
17
100
AcDbEntity
  8
POLYLINES
100
AcDbPolyline
 90
3
 70
0
 10
971.13
 20
540.0
 10
970.12
 20
537.55
 10
969.26
 20
536.11
  0
LWPOLYLINE
  5
12C7
330
17
100
AcDbEntity
  8
POLYLINES
100
AcDbPolyline
 90
3
 70
0
 10
973.0
 20
538.13
 10
972.57
 20
536.4
 10
971.99
 20
534.67
  0
LWPOLYLINE
  5
12C8
330
17
100
AcDbEntity
  8
POLYLINES
100
AcDbPolyline
 90
3
 70
0
 10
974.3
 20
541.58
 10
974.01
 20
538.99
 10
973.58
 20
537.12
  0
LWPOLYLINE
  5
12C9
330
17
100
AcDbEntity
  8
POLYLINES
100
AcDbPolyline
 90
3
 70
0
 10
974.44
 20
538.27
 10
974.44
 20
532.51
 10
973.87
 20
533.81
  0
LWPOLYLINE
  5
12CA
330
17
100
AcDbEntity
  8
POLYLINES
100
AcDbPolyline
 90
4
 70
0
 10
927.35
 20
540.0
 10
927.21
 20
536.69
 10
926.78
 20
533.66
 10
926.35
 20
531.94
  0
LWPOLYLINE
  5
12CB
330
17
100
AcDbEntity
  8
POLYLINES
100
AcDbPolyline
 90
3
 70
0
 10
928.65
 20
535.68
 10
928.65
 20
531.65
 10
928.07
 20
532.8
  0
LWPOLYLINE
  5
12CC
330
17
100
AcDbEntity
  8
POLYLINES
100
AcDbPolyline
 90
3
 70
0
 10
932.97
 20
535.97
 10
932.25
 20
531.65
 10
931.67
 20
533.38
  0
LWPOLYLINE
  5
12CD
330
17
100
AcDbEntity
  8
POLYLINES
100
AcDbPolyline
 90
3
 70
0
 10
935.42
 20
570.67
 10
934.84
 20
569.09
 10
934.12
 20
567.22
  0
LWPOLYLINE
  5
12CE
330
17
100
AcDbEntity
  8
POLYLINES
100
AcDbPolyline
 90
3
 70
0
 10
936.57
 20
569.95
 10
935.71
 20
567.5
 10
933.69
 20
564.77
  0
LWPOLYLINE
  5
12CF
330
17
100
AcDbEntity
  8
POLYLINES
100
AcDbPolyline
 90
3
 70
0
 10
935.13
 20
568.37
 10
937.15
 20
565.49
 10
937.58
 20
565.49
  0
LWPOLYLINE
  5
12D0
330
17
100
AcDbEntity
  8
POLYLINES
100
AcDbPolyline
 90
4
 70
0
 10
935.56
 20
566.21
 10
935.27
 20
563.47
 10
934.99
 20
562.03
 10
934.12
 20
560.45
  0
LWPOLYLINE
  5
12D1
330
17
100
AcDbEntity
  8
POLYLINES
100
AcDbPolyline
 90
3
 70
0
 10
936.57
 20
565.2
 10
936.14
 20
560.59
 10
935.71
 20
562.46
  0
LWPOLYLINE
  5
12D2
330
17
100
AcDbEntity
  8
POLYLINES
100
AcDbPolyline
 90
3
 70
0
 10
940.31
 20
570.1
 10
940.17
 20
564.91
 10
939.74
 20
561.31
  0
LWPOLYLINE
  5
12D3
330
17
100
AcDbEntity
  8
POLYLINES
100
AcDbPolyline
 90
4
 70
0
 10
941.75
 20
567.79
 10
941.32
 20
564.19
 10
940.89
 20
562.9
 10
940.03
 20
561.02
  0
LWPOLYLINE
  5
12D4
330
17
100
AcDbEntity
  8
POLYLINES
100
AcDbPolyline
 90
3
 70
0
 10
940.75
 20
566.21
 10
942.04
 20
561.6
 10
942.33
 20
561.6
  0
LWPOLYLINE
  5
12D5
330
17
100
AcDbEntity
  8
POLYLINES
100
AcDbPolyline
 90
3
 70
0
 10
944.78
 20
569.38
 10
944.49
 20
566.93
 10
944.2
 20
564.77
  0
LWPOLYLINE
  5
12D6
330
17
100
AcDbEntity
  8
POLYLINES
100
AcDbPolyline
 90
4
 70
0
 10
948.38
 20
569.38
 10
948.23
 20
566.93
 10
947.8
 20
564.48
 10
947.37
 20
563.04
  0
LWPOLYLINE
  5
12D7
330
17
100
AcDbEntity
  8
POLYLINES
100
AcDbPolyline
 90
3
 70
0
 10
950.83
 20
570.53
 10
950.83
 20
563.33
 10
950.11
 20
564.77
  0
LWPOLYLINE
  5
12D8
330
17
100
AcDbEntity
  8
POLYLINES
100
AcDbPolyline
 90
3
 70
0
 10
954.86
 20
564.77
 10
953.99
 20
560.02
 10
953.27
 20
561.89
  0
LWPOLYLINE
  5
12D9
330
17
100
AcDbEntity
  8
POLYLINES
100
AcDbPolyline
 90
3
 70
0
 10
963.64
 20
570.38
 10
963.35
 20
568.66
 10
962.78
 20
566.93
  0
LWPOLYLINE
  5
12DA
330
17
100
AcDbEntity
  8
POLYLINES
100
AcDbPolyline
 90
5
 70
0
 10
963.07
 20
563.18
 10
963.07
 20
560.59
 10
963.21
 20
560.16
 10
964.79
 20
560.3
 10
964.79
 20
562.75
  0
LWPOLYLINE
  5
12DB
330
17
100
AcDbEntity
  8
POLYLINES
100
AcDbPolyline
 90
3
 70
0
 10
967.24
 20
565.92
 10
966.52
 20
564.19
 10
965.23
 20
561.89
  0
LWPOLYLINE
  5
12DC
330
17
100
AcDbEntity
  8
POLYLINES
100
AcDbPolyline
 90
3
 70
0
 10
967.24
 20
565.63
 10
968.54
 20
561.31
 10
969.4
 20
561.31
  0
LWPOLYLINE
  5
12DD
330
17
100
AcDbEntity
  8
POLYLINES
100
AcDbPolyline
 90
3
 70
0
 10
973.61
 20
569.91
 10
973.41
 20
562.1
 10
973.68
 20
561.65
  0
LWPOLYLINE
  5
12DE
330
17
100
AcDbEntity
  8
POLYLINES
100
AcDbPolyline
 90
4
 70
0
 10
974.15
 20
569.52
 10
974.73
 20
570.1
 10
975.74
 20
571.68
 10
975.74
 20
560.3
  0
LWPOLYLINE
  5
12DF
330
17
100
AcDbEntity
  8
POLYLINES
100
AcDbPolyline
 90
14
 70
0
 10
979.63
 20
568.94
 10
979.63
 20
569.52
 10
979.91
 20
570.67
 10
980.2
 20
571.1
 10
980.92
 20
571.68
 10
982.22
 20
571.68
 10
982.79
 20
571.1
 10
983.23
 20
570.67
 10
983.51
 20
569.52
 10
983.51
 20
568.51
 10
983.23
 20
567.36
 10
982.51
 20
565.78
 10
979.34
 20
560.3
 10
983.8
 20
560.3
  0
LWPOLYLINE
  5
12E0
330
17
100
AcDbEntity
  8
POLYLINES
100
AcDbPolyline
 90
17
 70
0
 10
987.69
 20
571.68
 10
986.68
 20
571.1
 10
986.11
 20
569.52
 10
985.82
 20
566.78
 10
985.82
 20
565.2
 10
986.11
 20
562.46
 10
986.68
 20
560.88
 10
987.69
 20
560.3
 10
988.41
 20
560.3
 10
989.27
 20
560.88
 10
989.99
 20
562.46
 10
990.28
 20
565.2
 10
990.28
 20
566.78
 10
989.99
 20
569.52
 10
989.27
 20
571.1
 10
988.41
 20
571.68
 10
987.69
 20
571.68
  0
LWPOLYLINE
  5
12E1
330
17
100
AcDbEntity
  8
POLYLINES
100
AcDbPolyline
 90
11
 70
0
 10
992.3
 20
560.3
 10
992.3
 20
571.68
 10
995.18
 20
571.68
 10
996.19
 20
571.1
 10
996.47
 20
570.67
 10
996.76
 20
569.52
 10
996.76
 20
567.94
 10
996.47
 20
566.78
 10
996.19
 20
566.35
 10
995.18
 20
565.78
 10
992.3
 20
565.78
  0
LWPOLYLINE
  5
12E2
330
17
100
AcDbEntity
  8
POLYLINES
100
AcDbPolyline
 90
3
 70
0
 10
999.55
 20
561.65
 10
999.89
 20
569.45
 10
999.62
 20
569.91
  0
LWPOLYLINE
  5
12E3
330
17
100
AcDbEntity
  8
POLYLINES
100
AcDbPolyline
 90
3
 70
0
 10
1004.16
 20
564.95
 10
1004.44
 20
564.48
 10
1004.72
 20
564.95
  0
LWPOLYLINE
  5
12E4
330
17
100
AcDbEntity
  8
POLYLINES
100
AcDbPolyline
 90
3
 70
0
 10
1004.23
 20
564.95
 10
1004.44
 20
564.6
 10
1004.65
 20
564.95
  0
LWPOLYLINE
  5
12E5
330
17
100
AcDbEntity
  8
POLYLINES
100
AcDbPolyline
 90
3
 70
0
 10
1004.16
 20
562.24
 10
1004.44
 20
561.76
 10
1004.72
 20
562.24
  0
LWPOLYLINE
  5
12E6
330
17
100
AcDbEntity
  8
POLYLINES
100
AcDbPolyline
 90
3
 70
0
 10
1004.72
 20
562.24
 10
1004.44
 20
562.71
 10
1004.16
 20
562.24
  0
LWPOLYLINE
  5
12E7
330
17
100
AcDbEntity
  8
POLYLINES
100
AcDbPolyline
 90
3
 70
0
 10
1004.65
 20
562.24
 10
1004.44
 20
562.59
 10
1004.23
 20
562.24
  0
LWPOLYLINE
  5
12E8
330
17
100
AcDbEntity
  8
POLYLINES
100
AcDbPolyline
 90
3
 70
0
 10
1004.23
 20
562.24
 10
1004.44
 20
561.88
 10
1004.65
 20
562.24
  0
LWPOLYLINE
  5
12E9
330
17
100
AcDbEntity
  8
POLYLINES
100
AcDbPolyline
 90
3
 70
0
 10
1004.72
 20
564.95
 10
1004.44
 20
565.42
 10
1004.16
 20
564.95
  0
LWPOLYLINE
  5
12EA
330
17
100
AcDbEntity
  8
POLYLINES
100
AcDbPolyline
 90
3
 70
0
 10
1004.65
 20
564.95
 10
1004.44
 20
565.31
 10
1004.23
 20
564.95
  0
LWPOLYLINE
  5
12EB
330
17
100
AcDbEntity
  8
POLYLINES
100
AcDbPolyline
 90
15
 70
0
 10
929.51
 20
372.53
 10
932.54
 20
372.53
 10
930.81
 20
368.64
 10
931.67
 20
368.64
 10
932.25
 20
368.21
 10
932.54
 20
367.78
 10
932.83
 20
366.34
 10
932.83
 20
365.33
 10
932.54
 20
363.89
 10
931.96
 20
363.02
 10
931.1
 20
362.59
 10
930.23
 20
362.59
 10
929.51
 20
363.02
 10
929.23
 20
363.46
 10
928.94
 20
364.46
  0
LWPOLYLINE
  5
12EC
330
17
100
AcDbEntity
  8
POLYLINES
100
AcDbPolyline
 90
5
 70
0
 10
956.01
 20
364.9
 10
956.01
 20
363.02
 10
955.58
 20
363.02
 10
955.29
 20
363.89
 10
955.29
 20
370.51
  0
LWPOLYLINE
  5
12ED
330
17
100
AcDbEntity
  8
POLYLINES
100
AcDbPolyline
 90
4
 70
0
 10
953.85
 20
362.3
 10
954.28
 20
364.18
 10
954.57
 20
366.62
 10
954.57
 20
370.66
  0
LWPOLYLINE
  5
12EE
330
17
100
AcDbEntity
  8
POLYLINES
100
AcDbPolyline
 90
4
 70
0
 10
961.05
 20
362.59
 10
962.06
 20
363.74
 10
962.63
 20
365.33
 10
963.5
 20
368.64
  0
LWPOLYLINE
  5
12EF
330
17
100
AcDbEntity
  8
POLYLINES
100
AcDbPolyline
 90
3
 70
0
 10
962.06
 20
370.37
 10
961.91
 20
367.63
 10
961.05
 20
364.32
  0
LWPOLYLINE
  5
12F0
330
17
100
AcDbEntity
  8
POLYLINES
100
AcDbPolyline
 90
3
 70
0
 10
961.91
 20
367.63
 10
963.5
 20
362.59
 10
964.07
 20
362.59
  0
LWPOLYLINE
  5
12F1
330
17
100
AcDbEntity
  8
POLYLINES
100
AcDbPolyline
 90
4
 70
0
 10
965.23
 20
368.78
 10
965.51
 20
367.49
 10
965.23
 20
365.62
 10
964.94
 20
366.77
  0
LWPOLYLINE
  5
12F2
330
17
100
AcDbEntity
  8
POLYLINES
100
AcDbPolyline
 90
3
 70
0
 10
966.38
 20
371.52
 10
965.95
 20
369.36
 10
965.51
 20
368.21
  0
LWPOLYLINE
  5
12F3
330
17
100
AcDbEntity
  8
POLYLINES
100
AcDbPolyline
 90
3
 70
0
 10
967.24
 20
371.52
 10
967.24
 20
362.59
 10
966.67
 20
363.89
  0
LWPOLYLINE
  5
12F4
330
17
100
AcDbEntity
  8
POLYLINES
100
AcDbPolyline
 90
3
 70
0
 10
970.27
 20
370.22
 10
970.12
 20
368.06
 10
969.69
 20
366.19
  0
LWPOLYLINE
  5
12F5
330
17
100
AcDbEntity
  8
POLYLINES
100
AcDbPolyline
 90
4
 70
0
 10
1158.91
 20
370.51
 10
1159.48
 20
371.09
 10
1160.35
 20
372.38
 10
1160.35
 20
362.59
  0
LWPOLYLINE
  5
12F6
330
17
100
AcDbEntity
  8
POLYLINES
100
AcDbPolyline
 90
14
 70
0
 10
1001.66
 20
370.37
 10
1001.66
 20
370.8
 10
1001.95
 20
371.81
 10
1002.23
 20
372.24
 10
1002.81
 20
372.67
 10
1003.96
 20
372.67
 10
1004.54
 20
372.24
 10
1004.83
 20
371.81
 10
1004.97
 20
370.8
 10
1004.97
 20
369.94
 10
1004.83
 20
368.93
 10
1004.25
 20
367.49
 10
1001.37
 20
362.88
 10
1005.26
 20
362.88
  0
LWPOLYLINE
  5
12F7
330
17
100
AcDbEntity
  8
POLYLINES
100
AcDbPolyline
 90
14
 70
0
 10
1007.27
 20
370.37
 10
1007.27
 20
370.8
 10
1007.56
 20
371.81
 10
1007.85
 20
372.24
 10
1008.43
 20
372.67
 10
1009.58
 20
372.67
 10
1010.15
 20
372.24
 10
1010.44
 20
371.81
 10
1010.73
 20
370.8
 10
1010.73
 20
369.94
 10
1010.44
 20
368.93
 10
1009.87
 20
367.49
 10
1006.99
 20
362.88
 10
1011.02
 20
362.88
  0
LWPOLYLINE
  5
12F8
330
17
100
AcDbEntity
  8
POLYLINES
100
AcDbPolyline
 90
23
 70
0
 10
1016.06
 20
371.38
 10
1015.77
 20
372.24
 10
1014.91
 20
372.67
 10
1014.33
 20
372.67
 10
1013.61
 20
372.24
 10
1013.03
 20
370.8
 10
1012.75
 20
368.5
 10
1012.75
 20
366.19
 10
1013.03
 20
364.18
 10
1013.61
 20
363.31
 10
1014.33
 20
362.88
 10
1014.62
 20
362.88
 10
1015.48
 20
363.31
 10
1016.06
 20
364.18
 10
1016.35
 20
365.62
 10
1016.35
 20
366.19
 10
1016.06
 20
367.49
 10
1015.48
 20
368.5
 10
1014.62
 20
368.93
 10
1014.33
 20
368.93
 10
1013.61
 20
368.5
 10
1013.03
 20
367.49
 10
1012.75
 20
366.19
  0
LWPOLYLINE
  5
12F9
330
17
100
AcDbEntity
  8
POLYLINES
100
AcDbPolyline
 90
17
 70
0
 10
1020.09
 20
372.67
 10
1019.23
 20
372.24
 10
1018.65
 20
370.8
 10
1018.36
 20
368.5
 10
1018.36
 20
367.06
 10
1018.65
 20
364.75
 10
1019.23
 20
363.31
 10
1020.09
 20
362.88
 10
1020.67
 20
362.88
 10
1021.53
 20
363.31
 10
1022.11
 20
364.75
 10
1022.39
 20
367.06
 10
1022.39
 20
368.5
 10
1022.11
 20
370.8
 10
1021.53
 20
372.24
 10
1020.67
 20
372.67
 10
1020.09
 20
372.67
  0
LWPOLYLINE
  5
12FA
330
17
100
AcDbEntity
  8
POLYLINES
100
AcDbPolyline
 90
7
 70
0
 10
1023.98
 20
367.49
 10
1024.84
 20
368.93
 10
1025.42
 20
369.36
 10
1026.28
 20
369.36
 10
1026.86
 20
368.93
 10
1027.15
 20
367.49
 10
1027.15
 20
362.88
  0
LWPOLYLINE
  5
12FB
330
17
100
AcDbEntity
  8
POLYLINES
100
AcDbPolyline
 90
7
 70
0
 10
1027.15
 20
367.49
 10
1028.01
 20
368.93
 10
1028.59
 20
369.36
 10
1029.45
 20
369.36
 10
1030.03
 20
368.93
 10
1030.31
 20
367.49
 10
1030.31
 20
362.88
  0
LWPOLYLINE
  5
12FC
330
17
100
AcDbEntity
  8
POLYLINES
100
AcDbPolyline
 90
7
 70
0
 10
1032.47
 20
367.49
 10
1033.34
 20
368.93
 10
1033.91
 20
369.36
 10
1034.78
 20
369.36
 10
1035.35
 20
368.93
 10
1035.64
 20
367.49
 10
1035.64
 20
362.88
  0
LWPOLYLINE
  5
12FD
330
17
100
AcDbEntity
  8
POLYLINES
100
AcDbPolyline
 90
7
 70
0
 10
1035.64
 20
367.49
 10
1036.51
 20
368.93
 10
1037.08
 20
369.36
 10
1037.95
 20
369.36
 10
1038.52
 20
368.93
 10
1038.81
 20
367.49
 10
1038.81
 20
362.88
  0
LWPOLYLINE
  5
12FE
330
17
100
AcDbEntity
  8
POLYLINES
100
AcDbPolyline
 90
23
 70
0
 10
1049.03
 20
371.38
 10
1048.75
 20
372.24
 10
1047.88
 20
372.67
 10
1047.31
 20
372.67
 10
1046.44
 20
372.24
 10
1045.87
 20
370.8
 10
1045.58
 20
368.5
 10
1045.58
 20
366.19
 10
1045.87
 20
364.18
 10
1046.44
 20
363.31
 10
1047.31
 20
362.88
 10
1047.59
 20
362.88
 10
1048.46
 20
363.31
 10
1049.03
 20
364.18
 10
1049.32
 20
365.62
 10
1049.32
 20
366.19
 10
1049.03
 20
367.49
 10
1048.46
 20
368.5
 10
1047.59
 20
368.93
 10
1047.31
 20
368.93
 10
1046.44
 20
368.5
 10
1045.87
 20
367.49
 10
1045.58
 20
366.19
  0
LWPOLYLINE
  5
12FF
330
17
100
AcDbEntity
  8
POLYLINES
100
AcDbPolyline
 90
17
 70
0
 10
1052.92
 20
372.67
 10
1052.06
 20
372.24
 10
1051.48
 20
370.8
 10
1051.19
 20
368.5
 10
1051.19
 20
367.06
 10
1051.48
 20
364.75
 10
1052.06
 20
363.31
 10
1052.92
 20
362.88
 10
1053.5
 20
362.88
 10
1054.36
 20
363.31
 10
1054.94
 20
364.75
 10
1055.23
 20
367.06
 10
1055.23
 20
368.5
 10
1054.94
 20
370.8
 10
1054.36
 20
372.24
 10
1053.5
 20
372.67
 10
1052.92
 20
372.67
  0
LWPOLYLINE
  5
1300
330
17
100
AcDbEntity
  8
POLYLINES
100
AcDbPolyline
 90
17
 70
0
 10
1058.68
 20
372.67
 10
1057.82
 20
372.24
 10
1057.24
 20
370.8
 10
1056.95
 20
368.5
 10
1056.95
 20
367.06
 10
1057.24
 20
364.75
 10
1057.82
 20
363.31
 10
1058.68
 20
362.88
 10
1059.11
 20
362.88
 10
1059.98
 20
363.31
 10
1060.55
 20
364.75
 10
1060.84
 20
367.06
 10
1060.84
 20
368.5
 10
1060.55
 20
370.8
 10
1059.98
 20
372.24
 10
1059.11
 20
372.67
 10
1058.68
 20
372.67
  0
LWPOLYLINE
  5
1301
330
17
100
AcDbEntity
  8
POLYLINES
100
AcDbPolyline
 90
7
 70
0
 10
1062.57
 20
367.49
 10
1063.43
 20
368.93
 10
1064.01
 20
369.36
 10
1064.87
 20
369.36
 10
1065.45
 20
368.93
 10
1065.74
 20
367.49
 10
1065.74
 20
362.88
  0
LWPOLYLINE
  5
1302
330
17
100
AcDbEntity
  8
POLYLINES
100
AcDbPolyline
 90
7
 70
0
 10
1065.74
 20
367.49
 10
1066.6
 20
368.93
 10
1067.18
 20
369.36
 10
1067.9
 20
369.36
 10
1068.47
 20
368.93
 10
1068.76
 20
367.49
 10
1068.76
 20
362.88
  0
LWPOLYLINE
  5
1303
330
17
100
AcDbEntity
  8
POLYLINES
100
AcDbPolyline
 90
7
 70
0
 10
1071.07
 20
367.49
 10
1071.93
 20
368.93
 10
1072.51
 20
369.36
 10
1073.37
 20
369.36
 10
1073.95
 20
368.93
 10
1074.23
 20
367.49
 10
1074.23
 20
362.88
  0
LWPOLYLINE
  5
1304
330
17
100
AcDbEntity
  8
POLYLINES
100
AcDbPolyline
 90
7
 70
0
 10
1074.23
 20
367.49
 10
1075.1
 20
368.93
 10
1075.67
 20
369.36
 10
1076.54
 20
369.36
 10
1076.97
 20
368.93
 10
1077.26
 20
367.49
 10
1077.26
 20
362.88
  0
LWPOLYLINE
  5
1305
330
17
100
AcDbEntity
  8
POLYLINES
100
AcDbPolyline
 90
4
 70
0
 10
1084.17
 20
370.8
 10
1084.75
 20
371.38
 10
1085.61
 20
372.67
 10
1085.61
 20
362.88
  0
LWPOLYLINE
  5
1306
330
17
100
AcDbEntity
  8
POLYLINES
100
AcDbPolyline
 90
14
 70
0
 10
1088.92
 20
370.37
 10
1088.92
 20
370.8
 10
1089.21
 20
371.81
 10
1089.5
 20
372.24
 10
1090.07
 20
372.67
 10
1091.23
 20
372.67
 10
1091.8
 20
372.24
 10
1092.09
 20
371.81
 10
1092.38
 20
370.8
 10
1092.38
 20
369.94
 10
1092.09
 20
368.93
 10
1091.51
 20
367.49
 10
1088.63
 20
362.88
 10
1092.67
 20
362.88
  0
LWPOLYLINE
  5
1307
330
17
100
AcDbEntity
  8
POLYLINES
100
AcDbPolyline
 90
17
 70
0
 10
1095.98
 20
372.67
 10
1095.11
 20
372.24
 10
1094.68
 20
370.8
 10
1094.39
 20
368.5
 10
1094.39
 20
367.06
 10
1094.68
 20
364.75
 10
1095.11
 20
363.31
 10
1095.98
 20
362.88
 10
1096.55
 20
362.88
 10
1097.42
 20
363.31
 10
1097.99
 20
364.75
 10
1098.28
 20
367.06
 10
1098.28
 20
368.5
 10
1097.99
 20
370.8
 10
1097.42
 20
372.24
 10
1096.55
 20
372.67
 10
1095.98
 20
372.67
  0
LWPOLYLINE
  5
1308
330
17
100
AcDbEntity
  8
POLYLINES
100
AcDbPolyline
 90
17
 70
0
 10
1101.74
 20
372.67
 10
1100.87
 20
372.24
 10
1100.3
 20
370.8
 10
1100.01
 20
368.5
 10
1100.01
 20
367.06
 10
1100.3
 20
364.75
 10
1100.87
 20
363.31
 10
1101.74
 20
362.88
 10
1102.31
 20
362.88
 10
1103.18
 20
363.31
 10
1103.75
 20
364.75
 10
1103.9
 20
367.06
 10
1103.9
 20
368.5
 10
1103.75
 20
370.8
 10
1103.18
 20
372.24
 10
1102.31
 20
372.67
 10
1101.74
 20
372.67
  0
LWPOLYLINE
  5
1309
330
17
100
AcDbEntity
  8
POLYLINES
100
AcDbPolyline
 90
7
 70
0
 10
1105.63
 20
367.49
 10
1106.49
 20
368.93
 10
1107.07
 20
369.36
 10
1107.93
 20
369.36
 10
1108.51
 20
368.93
 10
1108.79
 20
367.49
 10
1108.79
 20
362.88
  0
LWPOLYLINE
  5
130A
330
17
100
AcDbEntity
  8
POLYLINES
100
AcDbPolyline
 90
7
 70
0
 10
1108.79
 20
367.49
 10
1109.66
 20
368.93
 10
1110.23
 20
369.36
 10
1111.1
 20
369.36
 10
1111.67
 20
368.93
 10
1111.96
 20
367.49
 10
1111.96
 20
362.88
  0
LWPOLYLINE
  5
130B
330
17
100
AcDbEntity
  8
POLYLINES
100
AcDbPolyline
 90
7
 70
0
 10
1114.12
 20
367.49
 10
1114.99
 20
368.93
 10
1115.56
 20
369.36
 10
1116.43
 20
369.36
 10
1117.0
 20
368.93
 10
1117.29
 20
367.49
 10
1117.29
 20
362.88
  0
LWPOLYLINE
  5
130C
330
17
100
AcDbEntity
  8
POLYLINES
100
AcDbPolyline
 90
7
 70
0
 10
1117.29
 20
367.49
 10
1118.15
 20
368.93
 10
1118.73
 20
369.36
 10
1119.59
 20
369.36
 10
1120.17
 20
368.93
 10
1120.46
 20
367.49
 10
1120.46
 20
362.88
  0
LWPOLYLINE
  5
130D
330
17
100
AcDbEntity
  8
POLYLINES
100
AcDbPolyline
 90
4
 70
0
 10
930.23
 20
518.54
 10
930.67
 20
518.98
 10
931.53
 20
520.42
 10
931.53
 20
510.48
  0
LWPOLYLINE
  5
130E
330
17
100
AcDbEntity
  8
POLYLINES
100
AcDbPolyline
 90
3
 70
0
 10
952.7
 20
514.66
 10
952.41
 20
512.5
 10
953.42
 20
511.49
  0
LWPOLYLINE
  5
130F
330
17
100
AcDbEntity
  8
POLYLINES
100
AcDbPolyline
 90
4
 70
0
 10
953.27
 20
514.66
 10
952.99
 20
512.78
 10
952.7
 20
511.49
 10
952.12
 20
510.62
  0
LWPOLYLINE
  5
1310
330
17
100
AcDbEntity
  8
POLYLINES
100
AcDbPolyline
 90
4
 70
0
 10
954.14
 20
519.7
 10
953.99
 20
517.68
 10
953.85
 20
516.53
 10
953.42
 20
514.51
  0
LWPOLYLINE
  5
1311
330
17
100
AcDbEntity
  8
POLYLINES
100
AcDbPolyline
 90
4
 70
0
 10
954.57
 20
516.67
 10
954.28
 20
513.94
 10
953.99
 20
512.21
 10
953.27
 20
510.48
  0
LWPOLYLINE
  5
1312
330
17
100
AcDbEntity
  8
POLYLINES
100
AcDbPolyline
 90
3
 70
0
 10
953.71
 20
515.38
 10
954.57
 20
510.91
 10
955.15
 20
510.91
  0
LWPOLYLINE
  5
1313
330
17
100
AcDbEntity
  8
POLYLINES
100
AcDbPolyline
 90
4
 70
0
 10
957.45
 20
518.98
 10
957.45
 20
516.53
 10
957.31
 20
513.22
 10
957.02
 20
510.62
  0
LWPOLYLINE
  5
1314
330
17
100
AcDbEntity
  8
POLYLINES
100
AcDbPolyline
 90
3
 70
0
 10
956.3
 20
512.06
 10
956.73
 20
510.62
 10
956.73
 20
519.7
  0
LWPOLYLINE
  5
1315
330
17
100
AcDbEntity
  8
POLYLINES
100
AcDbPolyline
 90
3
 70
0
 10
962.78
 20
517.82
 10
962.63
 20
512.21
 10
962.2
 20
513.22
  0
LWPOLYLINE
  5
1316
330
17
100
AcDbEntity
  8
POLYLINES
100
AcDbPolyline
 90
3
 70
0
 10
959.9
 20
512.64
 10
960.62
 20
512.5
 10
962.92
 20
510.91
  0
LWPOLYLINE
  5
1317
330
17
100
AcDbEntity
  8
POLYLINES
100
AcDbPolyline
 90
4
 70
0
 10
960.91
 20
516.53
 10
960.62
 20
514.66
 10
960.91
 20
513.94
 10
960.62
 20
512.5
  0
LWPOLYLINE
  5
1318
330
17
100
AcDbEntity
  8
POLYLINES
100
AcDbPolyline
 90
3
 70
0
 10
970.7
 20
519.7
 10
970.7
 20
510.91
 10
970.12
 20
512.21
  0
LWPOLYLINE
  5
1319
330
17
100
AcDbEntity
  8
POLYLINES
100
AcDbPolyline
 90
3
 70
0
 10
973.43
 20
517.68
 10
973.29
 20
516.53
 10
972.86
 20
515.23
  0
LWPOLYLINE
  5
131A
330
17
100
AcDbEntity
  8
POLYLINES
100
AcDbPolyline
 90
3
 70
0
 10
972.57
 20
510.77
 10
973.43
 20
512.21
 10
974.01
 20
513.36
  0
LWPOLYLINE
  5
131B
330
17
100
AcDbEntity
  8
POLYLINES
100
AcDbPolyline
 90
3
 70
0
 10
973.29
 20
514.51
 10
974.59
 20
510.91
 10
975.16
 20
510.91
  0
LWPOLYLINE
  5
131C
330
17
100
AcDbEntity
  8
POLYLINES
100
AcDbPolyline
 90
5
 70
0
 10
974.15
 20
519.41
 10
974.15
 20
518.11
 10
974.3
 20
516.82
 10
974.44
 20
516.24
 10
975.02
 20
516.24
  0
LWPOLYLINE
  5
131D
330
17
100
AcDbEntity
  8
POLYLINES
100
AcDbPolyline
 90
3
 70
0
 10
976.75
 20
517.68
 10
978.76
 20
514.51
 10
979.19
 20
514.66
  0
LWPOLYLINE
  5
131E
330
17
100
AcDbEntity
  8
POLYLINES
100
AcDbPolyline
 90
4
 70
0
 10
978.33
 20
518.83
 10
977.32
 20
516.82
 10
976.46
 20
514.94
 10
975.59
 20
513.79
  0
LWPOLYLINE
  5
131F
330
17
100
AcDbEntity
  8
POLYLINES
100
AcDbPolyline
 90
4
 70
0
 10
925.91
 20
497.95
 10
926.49
 20
498.53
 10
927.35
 20
499.82
 10
927.35
 20
490.03
  0
LWPOLYLINE
  5
1320
330
17
100
AcDbEntity
  8
POLYLINES
100
AcDbPolyline
 90
4
 70
0
 10
930.81
 20
490.9
 10
930.52
 20
490.46
 10
930.81
 20
490.03
 10
931.1
 20
490.46
  0
LWPOLYLINE
  5
1321
330
17
100
AcDbEntity
  8
POLYLINES
100
AcDbPolyline
 90
4
 70
0
 10
933.4
 20
497.95
 10
933.83
 20
498.53
 10
934.7
 20
499.82
 10
934.7
 20
490.03
  0
LWPOLYLINE
  5
1322
330
17
100
AcDbEntity
  8
POLYLINES
100
AcDbPolyline
 90
3
 70
0
 10
957.59
 20
497.52
 10
958.89
 20
494.5
 10
959.18
 20
494.5
  0
LWPOLYLINE
  5
1323
330
17
100
AcDbEntity
  8
POLYLINES
100
AcDbPolyline
 90
3
 70
0
 10
965.8
 20
495.65
 10
966.95
 20
493.63
 10
967.24
 20
493.78
  0
LWPOLYLINE
  5
1324
330
17
100
AcDbEntity
  8
POLYLINES
100
AcDbPolyline
 90
4
 70
0
 10
965.51
 20
497.09
 10
965.23
 20
495.65
 10
964.65
 20
494.5
 10
963.64
 20
493.06
  0
LWPOLYLINE
  5
1325
330
17
100
AcDbEntity
  8
POLYLINES
100
AcDbPolyline
 90
4
 70
0
 10
1157.75
 20
497.52
 10
1158.33
 20
497.95
 10
1159.19
 20
499.39
 10
1159.19
 20
489.46
  0
LWPOLYLINE
  5
1326
330
17
100
AcDbEntity
  8
POLYLINES
100
AcDbPolyline
 90
4
 70
0
 10
925.19
 20
454.32
 10
925.77
 20
454.75
 10
926.63
 20
456.19
 10
926.63
 20
446.26
  0
LWPOLYLINE
  5
1327
330
17
100
AcDbEntity
  8
POLYLINES
100
AcDbPolyline
 90
4
 70
0
 10
930.09
 20
447.26
 10
929.8
 20
446.69
 10
930.09
 20
446.26
 10
930.23
 20
446.69
  0
LWPOLYLINE
  5
1328
330
17
100
AcDbEntity
  8
POLYLINES
100
AcDbPolyline
 90
15
 70
0
 10
933.11
 20
456.19
 10
936.28
 20
456.19
 10
934.55
 20
452.45
 10
935.42
 20
452.45
 10
935.99
 20
452.02
 10
936.28
 20
451.44
 10
936.57
 20
450.0
 10
936.57
 20
449.14
 10
936.28
 20
447.7
 10
935.71
 20
446.69
 10
934.84
 20
446.26
 10
933.98
 20
446.26
 10
933.11
 20
446.69
 10
932.83
 20
447.26
 10
932.54
 20
448.13
  0
LWPOLYLINE
  5
1329
330
17
100
AcDbEntity
  8
POLYLINES
100
AcDbPolyline
 90
4
 70
0
 10
959.9
 20
451.58
 10
959.9
 20
446.98
 10
960.19
 20
446.54
 10
961.19
 20
446.54
  0
LINE
  5
132A
330
17
100
AcDbEntity
  8
LINES
100
AcDbLine
 10
958.1
 20
446.69
 30
0.0
 11
959.18
 21
450.22
 31
0.0
  0
LWPOLYLINE
  5
132B
330
17
100
AcDbEntity
  8
POLYLINES
100
AcDbPolyline
 90
3
 70
0
 10
962.78
 20
455.47
 10
962.78
 20
446.26
 10
962.2
 20
447.55
  0
LWPOLYLINE
  5
132C
330
17
100
AcDbEntity
  8
POLYLINES
100
AcDbPolyline
 90
3
 70
0
 10
963.07
 20
446.26
 10
963.79
 20
447.26
 10
964.22
 20
447.84
  0
LWPOLYLINE
  5
132D
330
17
100
AcDbEntity
  8
POLYLINES
100
AcDbPolyline
 90
3
 70
0
 10
972.14
 20
450.58
 10
971.99
 20
449.28
 10
970.99
 20
446.26
  0
LWPOLYLINE
  5
132E
330
17
100
AcDbEntity
  8
POLYLINES
100
AcDbPolyline
 90
4
 70
0
 10
975.88
 20
455.47
 10
975.74
 20
450.43
 10
975.31
 20
448.13
 10
974.59
 20
446.4
  0
LWPOLYLINE
  5
132F
330
17
100
AcDbEntity
  8
POLYLINES
100
AcDbPolyline
 90
3
 70
0
 10
975.88
 20
450.43
 10
976.75
 20
446.54
 10
977.18
 20
446.54
  0
LWPOLYLINE
  5
1330
330
17
100
AcDbEntity
  8
POLYLINES
100
AcDbPolyline
 90
14
 70
0
 10
1157.32
 20
455.76
 10
1157.32
 20
456.34
 10
1157.61
 20
457.2
 10
1157.9
 20
457.78
 10
1158.47
 20
458.21
 10
1159.63
 20
458.21
 10
1160.06
 20
457.78
 10
1160.35
 20
457.2
 10
1160.63
 20
456.34
 10
1160.63
 20
455.33
 10
1160.35
 20
454.46
 10
1159.91
 20
453.02
 10
1157.03
 20
448.27
 10
1160.92
 20
448.27
  0
LWPOLYLINE
  5
1331
330
17
100
AcDbEntity
  8
POLYLINES
100
AcDbPolyline
 90
3
 70
0
 10
1135.87
 20
455.76
 10
1137.16
 20
452.45
 10
1137.59
 20
452.45
  0
LWPOLYLINE
  5
1332
330
17
100
AcDbEntity
  8
POLYLINES
100
AcDbPolyline
 90
4
 70
0
 10
1136.01
 20
456.91
 10
1135.72
 20
455.18
 10
1134.86
 20
453.17
 10
1134.14
 20
451.73
  0
LWPOLYLINE
  5
1333
330
17
100
AcDbEntity
  8
POLYLINES
100
AcDbPolyline
 90
4
 70
0
 10
1003.39
 20
454.61
 10
1003.39
 20
450.0
 10
1003.67
 20
449.57
 10
1004.68
 20
449.57
  0
LINE
  5
1334
330
17
100
AcDbEntity
  8
LINES
100
AcDbLine
 10
1001.59
 20
449.64
 30
0.0
 11
1002.67
 21
453.1
 31
0.0
  0
LWPOLYLINE
  5
1335
330
17
100
AcDbEntity
  8
POLYLINES
100
AcDbPolyline
 90
3
 70
0
 10
1007.71
 20
453.6
 10
1007.56
 20
452.3
 10
1006.55
 20
449.28
  0
LWPOLYLINE
  5
1336
330
17
100
AcDbEntity
  8
POLYLINES
100
AcDbPolyline
 90
4
 70
0
 10
1011.45
 20
458.5
 10
1011.31
 20
453.46
 10
1010.87
 20
451.15
 10
1010.15
 20
449.28
  0
LWPOLYLINE
  5
1337
330
17
100
AcDbEntity
  8
POLYLINES
100
AcDbPolyline
 90
3
 70
0
 10
1011.45
 20
453.46
 10
1012.31
 20
449.57
 10
1012.75
 20
449.57
  0
LWPOLYLINE
  5
1338
330
17
100
AcDbEntity
  8
POLYLINES
100
AcDbPolyline
 90
8
 70
0
 10
1013.47
 20
449.71
 10
1013.18
 20
449.28
 10
1012.89
 20
449.71
 10
1013.18
 20
450.14
 10
1013.47
 20
449.71
 10
1013.47
 20
448.7
 10
1013.18
 20
447.84
 10
1012.89
 20
447.26
  0
LWPOLYLINE
  5
1339
330
17
100
AcDbEntity
  8
POLYLINES
100
AcDbPolyline
 90
5
 70
0
 10
1022.11
 20
458.5
 10
1022.11
 20
450.0
 10
1022.54
 20
449.28
 10
1023.55
 20
449.28
 10
1023.4
 20
451.58
  0
LWPOLYLINE
  5
133A
330
17
100
AcDbEntity
  8
POLYLINES
100
AcDbPolyline
 90
6
 70
0
 10
1021.39
 20
458.21
 10
1021.39
 20
456.34
 10
1021.24
 20
454.18
 10
1021.24
 20
452.3
 10
1020.81
 20
450.86
 10
1020.09
 20
449.28
  0
LWPOLYLINE
  5
133B
330
17
100
AcDbEntity
  8
POLYLINES
100
AcDbPolyline
 90
3
 70
0
 10
1030.31
 20
453.6
 10
1030.17
 20
452.3
 10
1029.16
 20
449.28
  0
LWPOLYLINE
  5
133C
330
17
100
AcDbEntity
  8
POLYLINES
100
AcDbPolyline
 90
5
 70
0
 10
1032.76
 20
451.87
 10
1032.76
 20
451.44
 10
1032.62
 20
450.86
 10
1032.33
 20
450.43
 10
1031.9
 20
450.29
  0
LWPOLYLINE
  5
133D
330
17
100
AcDbEntity
  8
POLYLINES
100
AcDbPolyline
 90
3
 70
0
 10
1032.22
 20
452.0
 10
1032.46
 20
451.59
 10
1032.71
 20
452.0
  0
LWPOLYLINE
  5
133E
330
17
100
AcDbEntity
  8
POLYLINES
100
AcDbPolyline
 90
3
 70
0
 10
1032.71
 20
452.0
 10
1032.46
 20
452.41
 10
1032.22
 20
452.0
  0
LWPOLYLINE
  5
133F
330
17
100
AcDbEntity
  8
POLYLINES
100
AcDbPolyline
 90
3
 70
0
 10
1032.65
 20
452.0
 10
1032.46
 20
452.31
 10
1032.28
 20
452.0
  0
LWPOLYLINE
  5
1340
330
17
100
AcDbEntity
  8
POLYLINES
100
AcDbPolyline
 90
3
 70
0
 10
1032.28
 20
452.0
 10
1032.46
 20
451.69
 10
1032.65
 20
452.0
  0
LWPOLYLINE
  5
1341
330
17
100
AcDbEntity
  8
POLYLINES
100
AcDbPolyline
 90
29
 70
0
 10
1037.08
 20
459.07
 10
1036.22
 20
458.64
 10
1035.93
 20
457.78
 10
1035.93
 20
456.77
 10
1036.22
 20
455.76
 10
1036.79
 20
455.33
 10
1037.95
 20
454.9
 10
1038.81
 20
454.46
 10
1039.24
 20
453.46
 10
1039.53
 20
452.45
 10
1039.53
 20
451.15
 10
1039.24
 20
450.14
 10
1039.1
 20
449.71
 10
1038.23
 20
449.28
 10
1037.08
 20
449.28
 10
1036.22
 20
449.71
 10
1035.93
 20
450.14
 10
1035.64
 20
451.15
 10
1035.64
 20
452.45
 10
1035.93
 20
453.46
 10
1036.51
 20
454.46
 10
1037.37
 20
454.9
 10
1038.52
 20
455.33
 10
1039.1
 20
455.76
 10
1039.24
 20
456.77
 10
1039.24
 20
457.78
 10
1039.1
 20
458.64
 10
1038.23
 20
459.07
 10
1037.08
 20
459.07
  0
LWPOLYLINE
  5
1342
330
17
100
AcDbEntity
  8
POLYLINES
100
AcDbPolyline
 90
17
 70
0
 10
1042.99
 20
459.07
 10
1042.12
 20
458.64
 10
1041.55
 20
457.2
 10
1041.26
 20
454.9
 10
1041.26
 20
453.46
 10
1041.55
 20
451.15
 10
1042.12
 20
449.71
 10
1042.99
 20
449.28
 10
1043.56
 20
449.28
 10
1044.43
 20
449.71
 10
1045.0
 20
451.15
 10
1045.29
 20
453.46
 10
1045.29
 20
454.9
 10
1045.0
 20
457.2
 10
1044.43
 20
458.64
 10
1043.56
 20
459.07
 10
1042.99
 20
459.07
  0
LWPOLYLINE
  5
1343
330
17
100
AcDbEntity
  8
POLYLINES
100
AcDbPolyline
 90
7
 70
0
 10
1051.77
 20
453.89
 10
1052.63
 20
455.33
 10
1053.21
 20
455.76
 10
1054.07
 20
455.76
 10
1054.65
 20
455.33
 10
1054.94
 20
453.89
 10
1054.94
 20
449.28
  0
LWPOLYLINE
  5
1344
330
17
100
AcDbEntity
  8
POLYLINES
100
AcDbPolyline
 90
7
 70
0
 10
1054.94
 20
453.89
 10
1055.8
 20
455.33
 10
1056.38
 20
455.76
 10
1057.1
 20
455.76
 10
1057.67
 20
455.33
 10
1057.96
 20
453.89
 10
1057.96
 20
449.28
  0
LWPOLYLINE
  5
1345
330
17
100
AcDbEntity
  8
POLYLINES
100
AcDbPolyline
 90
4
 70
0
 10
925.05
 20
432.72
 10
925.63
 20
433.3
 10
926.49
 20
434.59
 10
926.49
 20
424.8
  0
LWPOLYLINE
  5
1346
330
17
100
AcDbEntity
  8
POLYLINES
100
AcDbPolyline
 90
4
 70
0
 10
929.95
 20
425.66
 10
929.66
 20
425.23
 10
929.95
 20
424.8
 10
930.23
 20
425.23
  0
LWPOLYLINE
  5
1347
330
17
100
AcDbEntity
  8
POLYLINES
100
AcDbPolyline
 90
3
 70
0
 10
935.27
 20
434.59
 10
932.39
 20
428.11
 10
936.71
 20
428.11
  0
LWPOLYLINE
  5
1348
330
17
100
AcDbEntity
  8
POLYLINES
100
AcDbPolyline
 90
4
 70
0
 10
958.75
 20
430.13
 10
958.75
 20
425.38
 10
959.03
 20
424.94
 10
960.04
 20
424.94
  0
LINE
  5
1349
330
17
100
AcDbEntity
  8
LINES
100
AcDbLine
 10
957.09
 20
425.09
 30
0.0
 11
958.1
 21
428.62
 31
0.0
  0
LWPOLYLINE
  5
134A
330
17
100
AcDbEntity
  8
POLYLINES
100
AcDbPolyline
 90
3
 70
0
 10
961.77
 20
433.87
 10
961.77
 20
424.66
 10
961.19
 20
426.1
  0
LWPOLYLINE
  5
134B
330
17
100
AcDbEntity
  8
POLYLINES
100
AcDbPolyline
 90
3
 70
0
 10
961.91
 20
424.66
 10
962.78
 20
425.66
 10
963.21
 20
426.38
  0
LWPOLYLINE
  5
134C
330
17
100
AcDbEntity
  8
POLYLINES
100
AcDbPolyline
 90
3
 70
0
 10
971.13
 20
428.98
 10
970.99
 20
427.82
 10
969.83
 20
424.66
  0
LWPOLYLINE
  5
134D
330
17
100
AcDbEntity
  8
POLYLINES
100
AcDbPolyline
 90
4
 70
0
 10
974.87
 20
434.02
 10
974.73
 20
428.98
 10
974.3
 20
426.67
 10
973.58
 20
424.8
  0
LWPOLYLINE
  5
134E
330
17
100
AcDbEntity
  8
POLYLINES
100
AcDbPolyline
 90
3
 70
0
 10
974.87
 20
428.98
 10
975.59
 20
424.94
 10
976.17
 20
424.94
  0
LWPOLYLINE
  5
134F
330
17
100
AcDbEntity
  8
POLYLINES
100
AcDbPolyline
 90
14
 70
0
 10
1157.32
 20
434.3
 10
1157.32
 20
434.74
 10
1157.61
 20
435.74
 10
1157.9
 20
436.18
 10
1158.47
 20
436.61
 10
1159.63
 20
436.61
 10
1160.06
 20
436.18
 10
1160.35
 20
435.74
 10
1160.63
 20
434.74
 10
1160.63
 20
433.87
 10
1160.35
 20
432.86
 10
1159.91
 20
431.42
 10
1157.03
 20
426.67
 10
1160.92
 20
426.67
  0
LWPOLYLINE
  5
1350
330
17
100
AcDbEntity
  8
POLYLINES
100
AcDbPolyline
 90
3
 70
0
 10
1135.87
 20
434.16
 10
1137.16
 20
430.85
 10
1137.59
 20
430.85
  0
LWPOLYLINE
  5
1351
330
17
100
AcDbEntity
  8
POLYLINES
100
AcDbPolyline
 90
4
 70
0
 10
1136.01
 20
435.31
 10
1135.72
 20
433.73
 10
1134.86
 20
431.57
 10
1134.14
 20
430.13
  0
LWPOLYLINE
  5
1352
330
17
100
AcDbEntity
  8
POLYLINES
100
AcDbPolyline
 90
4
 70
0
 10
1003.39
 20
433.01
 10
1003.39
 20
428.4
 10
1003.67
 20
427.97
 10
1004.68
 20
427.97
  0
LINE
  5
1353
330
17
100
AcDbEntity
  8
LINES
100
AcDbLine
 10
1001.59
 20
428.11
 30
0.0
 11
1002.67
 21
431.64
 31
0.0
  0
LWPOLYLINE
  5
1354
330
17
100
AcDbEntity
  8
POLYLINES
100
AcDbPolyline
 90
3
 70
0
 10
1007.71
 20
432.0
 10
1007.56
 20
430.7
 10
1006.55
 20
427.68
  0
LWPOLYLINE
  5
1355
330
17
100
AcDbEntity
  8
POLYLINES
100
AcDbPolyline
 90
4
 70
0
 10
1011.45
 20
436.9
 10
1011.31
 20
431.86
 10
1010.87
 20
429.7
 10
1010.15
 20
427.82
  0
LWPOLYLINE
  5
1356
330
17
100
AcDbEntity
  8
POLYLINES
100
AcDbPolyline
 90
3
 70
0
 10
1011.45
 20
431.86
 10
1012.31
 20
427.97
 10
1012.75
 20
427.97
  0
LWPOLYLINE
  5
1357
330
17
100
AcDbEntity
  8
POLYLINES
100
AcDbPolyline
 90
5
 70
0
 10
1014.04
 20
430.42
 10
1014.04
 20
429.84
 10
1013.9
 20
429.26
 10
1013.61
 20
428.98
 10
1013.32
 20
428.83
  0
LWPOLYLINE
  5
1358
330
17
100
AcDbEntity
  8
POLYLINES
100
AcDbPolyline
 90
3
 70
0
 10
1013.51
 20
430.46
 10
1013.76
 20
430.04
 10
1014.0
 20
430.46
  0
LWPOLYLINE
  5
1359
330
17
100
AcDbEntity
  8
POLYLINES
100
AcDbPolyline
 90
3
 70
0
 10
1014.0
 20
430.46
 10
1013.76
 20
430.87
 10
1013.51
 20
430.46
  0
LWPOLYLINE
  5
135A
330
17
100
AcDbEntity
  8
POLYLINES
100
AcDbPolyline
 90
3
 70
0
 10
1013.94
 20
430.46
 10
1013.76
 20
430.77
 10
1013.57
 20
430.46
  0
LWPOLYLINE
  5
135B
330
17
100
AcDbEntity
  8
POLYLINES
100
AcDbPolyline
 90
3
 70
0
 10
1013.57
 20
430.46
 10
1013.76
 20
430.15
 10
1013.94
 20
430.46
  0
LWPOLYLINE
  5
135C
330
17
100
AcDbEntity
  8
POLYLINES
100
AcDbPolyline
 90
5
 70
0
 10
1023.26
 20
436.9
 10
1023.26
 20
428.4
 10
1023.55
 20
427.82
 10
1024.7
 20
427.82
 10
1024.55
 20
429.98
  0
LWPOLYLINE
  5
135D
330
17
100
AcDbEntity
  8
POLYLINES
100
AcDbPolyline
 90
6
 70
0
 10
1022.54
 20
436.61
 10
1022.54
 20
434.74
 10
1022.39
 20
432.58
 10
1022.25
 20
430.7
 10
1021.96
 20
429.26
 10
1021.24
 20
427.68
  0
LWPOLYLINE
  5
135E
330
17
100
AcDbEntity
  8
POLYLINES
100
AcDbPolyline
 90
3
 70
0
 10
1031.47
 20
432.0
 10
1031.32
 20
430.7
 10
1030.31
 20
427.68
  0
LWPOLYLINE
  5
135F
330
17
100
AcDbEntity
  8
POLYLINES
100
AcDbPolyline
 90
5
 70
0
 10
1033.91
 20
430.42
 10
1033.91
 20
429.84
 10
1033.77
 20
429.26
 10
1033.48
 20
428.98
 10
1033.05
 20
428.83
  0
LWPOLYLINE
  5
1360
330
17
100
AcDbEntity
  8
POLYLINES
100
AcDbPolyline
 90
3
 70
0
 10
1033.35
 20
430.46
 10
1033.6
 20
430.04
 10
1033.85
 20
430.46
  0
LWPOLYLINE
  5
1361
330
17
100
AcDbEntity
  8
POLYLINES
100
AcDbPolyline
 90
3
 70
0
 10
1033.85
 20
430.46
 10
1033.6
 20
430.87
 10
1033.35
 20
430.46
  0
LWPOLYLINE
  5
1362
330
17
100
AcDbEntity
  8
POLYLINES
100
AcDbPolyline
 90
3
 70
0
 10
1033.78
 20
430.46
 10
1033.6
 20
430.77
 10
1033.41
 20
430.46
  0
LWPOLYLINE
  5
1363
330
17
100
AcDbEntity
  8
POLYLINES
100
AcDbPolyline
 90
3
 70
0
 10
1033.41
 20
430.46
 10
1033.6
 20
430.15
 10
1033.78
 20
430.46
  0
LWPOLYLINE
  5
1364
330
17
100
AcDbEntity
  8
POLYLINES
100
AcDbPolyline
 90
3
 70
0
 10
1039.53
 20
437.62
 10
1036.79
 20
430.99
 10
1040.97
 20
430.99
  0
LWPOLYLINE
  5
1365
330
17
100
AcDbEntity
  8
POLYLINES
100
AcDbPolyline
 90
17
 70
0
 10
1044.14
 20
437.62
 10
1043.27
 20
437.18
 10
1042.7
 20
435.74
 10
1042.41
 20
433.3
 10
1042.41
 20
431.86
 10
1042.7
 20
429.55
 10
1043.27
 20
428.11
 10
1044.14
 20
427.68
 10
1044.71
 20
427.68
 10
1045.58
 20
428.11
 10
1046.15
 20
429.55
 10
1046.44
 20
431.86
 10
1046.44
 20
433.3
 10
1046.15
 20
435.74
 10
1045.58
 20
437.18
 10
1044.71
 20
437.62
 10
1044.14
 20
437.62
  0
LWPOLYLINE
  5
1366
330
17
100
AcDbEntity
  8
POLYLINES
100
AcDbPolyline
 90
7
 70
0
 10
1052.92
 20
432.43
 10
1053.79
 20
433.87
 10
1054.36
 20
434.3
 10
1055.23
 20
434.3
 10
1055.8
 20
433.87
 10
1056.09
 20
432.43
 10
1056.09
 20
427.68
  0
LWPOLYLINE
  5
1367
330
17
100
AcDbEntity
  8
POLYLINES
100
AcDbPolyline
 90
7
 70
0
 10
1056.09
 20
432.43
 10
1056.95
 20
433.87
 10
1057.39
 20
434.3
 10
1058.25
 20
434.3
 10
1058.83
 20
433.87
 10
1059.11
 20
432.43
 10
1059.11
 20
427.68
  0
LWPOLYLINE
  5
1368
330
17
100
AcDbEntity
  8
POLYLINES
100
AcDbPolyline
 90
14
 70
0
 10
929.23
 20
388.51
 10
929.23
 20
388.94
 10
929.51
 20
389.95
 10
929.8
 20
390.38
 10
930.23
 20
390.82
 10
931.39
 20
390.82
 10
931.96
 20
390.38
 10
932.25
 20
389.95
 10
932.54
 20
388.94
 10
932.54
 20
387.94
 10
932.25
 20
387.07
 10
931.67
 20
385.63
 10
928.94
 20
380.88
 10
932.83
 20
380.88
  0
LWPOLYLINE
  5
1369
330
17
100
AcDbEntity
  8
POLYLINES
100
AcDbPolyline
 90
3
 70
0
 10
955.0
 20
380.88
 10
957.31
 20
390.82
 10
959.61
 20
380.88
  0
LWPOLYLINE
  5
136A
330
17
100
AcDbEntity
  8
POLYLINES
100
AcDbPolyline
 90
13
 70
0
 10
961.19
 20
380.88
 10
961.19
 20
390.82
 10
963.21
 20
390.82
 10
964.07
 20
390.38
 10
964.65
 20
389.38
 10
964.94
 20
388.51
 10
965.23
 20
387.07
 10
965.23
 20
384.62
 10
964.94
 20
383.33
 10
964.65
 20
382.32
 10
964.07
 20
381.31
 10
963.21
 20
380.88
 10
961.19
 20
380.88
  0
LWPOLYLINE
  5
136B
330
17
100
AcDbEntity
  8
POLYLINES
100
AcDbPolyline
 90
3
 70
0
 10
969.26
 20
387.94
 10
969.11
 20
386.64
 10
968.68
 20
385.49
  0
LWPOLYLINE
  5
136C
330
17
100
AcDbEntity
  8
POLYLINES
100
AcDbPolyline
 90
3
 70
0
 10
968.54
 20
381.02
 10
969.4
 20
382.32
 10
969.83
 20
383.62
  0
LWPOLYLINE
  5
136D
330
17
100
AcDbEntity
  8
POLYLINES
100
AcDbPolyline
 90
3
 70
0
 10
969.11
 20
384.77
 10
970.55
 20
381.17
 10
970.99
 20
381.17
  0
LWPOLYLINE
  5
136E
330
17
100
AcDbEntity
  8
POLYLINES
100
AcDbPolyline
 90
5
 70
0
 10
970.12
 20
389.66
 10
970.12
 20
388.37
 10
970.12
 20
387.07
 10
970.41
 20
386.5
 10
970.99
 20
386.5
  0
LWPOLYLINE
  5
136F
330
17
100
AcDbEntity
  8
POLYLINES
100
AcDbPolyline
 90
3
 70
0
 10
972.71
 20
387.79
 10
974.59
 20
384.77
 10
975.02
 20
384.77
  0
LWPOLYLINE
  5
1370
330
17
100
AcDbEntity
  8
POLYLINES
100
AcDbPolyline
 90
4
 70
0
 10
974.15
 20
389.09
 10
973.29
 20
387.07
 10
972.28
 20
385.2
 10
971.42
 20
384.05
  0
LWPOLYLINE
  5
1371
330
17
100
AcDbEntity
  8
POLYLINES
100
AcDbPolyline
 90
14
 70
0
 10
1157.75
 20
388.51
 10
1157.75
 20
388.94
 10
1158.04
 20
389.95
 10
1158.33
 20
390.38
 10
1158.76
 20
390.82
 10
1159.91
 20
390.82
 10
1160.49
 20
390.38
 10
1160.78
 20
389.95
 10
1161.07
 20
388.94
 10
1161.07
 20
387.94
 10
1160.78
 20
387.07
 10
1160.2
 20
385.63
 10
1157.47
 20
380.88
 10
1161.35
 20
380.88
  0
LWPOLYLINE
  5
1372
330
17
100
AcDbEntity
  8
POLYLINES
100
AcDbPolyline
 90
4
 70
0
 10
924.62
 20
478.8
 10
925.19
 20
479.23
 10
925.91
 20
480.67
 10
925.91
 20
470.74
  0
LWPOLYLINE
  5
1373
330
17
100
AcDbEntity
  8
POLYLINES
100
AcDbPolyline
 90
4
 70
0
 10
929.37
 20
471.74
 10
929.08
 20
471.31
 10
929.37
 20
470.74
 10
929.66
 20
471.31
  0
LWPOLYLINE
  5
1374
330
17
100
AcDbEntity
  8
POLYLINES
100
AcDbPolyline
 90
14
 70
0
 10
932.25
 20
478.37
 10
932.25
 20
478.8
 10
932.54
 20
479.81
 10
932.83
 20
480.24
 10
933.4
 20
480.67
 10
934.41
 20
480.67
 10
934.99
 20
480.24
 10
935.27
 20
479.81
 10
935.56
 20
478.8
 10
935.56
 20
477.94
 10
935.27
 20
476.93
 10
934.7
 20
475.49
 10
931.96
 20
470.74
 10
935.85
 20
470.74
  0
LWPOLYLINE
  5
1375
330
17
100
AcDbEntity
  8
POLYLINES
100
AcDbPolyline
 90
3
 70
0
 10
956.73
 20
476.35
 10
958.46
 20
471.89
 10
959.03
 20
471.89
  0
LWPOLYLINE
  5
1376
330
17
100
AcDbEntity
  8
POLYLINES
100
AcDbPolyline
 90
3
 70
0
 10
957.88
 20
477.07
 10
957.31
 20
474.77
 10
955.87
 20
471.46
  0
LWPOLYLINE
  5
1377
330
17
100
AcDbEntity
  8
POLYLINES
100
AcDbPolyline
 90
3
 70
0
 10
961.77
 20
475.06
 10
962.78
 20
471.89
 10
963.21
 20
471.89
  0
LWPOLYLINE
  5
1378
330
17
100
AcDbEntity
  8
POLYLINES
100
AcDbPolyline
 90
4
 70
0
 10
961.91
 20
477.36
 10
961.77
 20
475.06
 10
961.19
 20
473.04
 10
960.62
 20
471.74
  0
LWPOLYLINE
  5
1379
330
17
100
AcDbEntity
  8
POLYLINES
100
AcDbPolyline
 90
3
 70
0
 10
960.47
 20
480.82
 10
960.47
 20
471.74
 10
959.9
 20
473.18
  0
LWPOLYLINE
  5
137A
330
17
100
AcDbEntity
  8
POLYLINES
100
AcDbPolyline
 90
5
 70
0
 10
967.1
 20
474.19
 10
967.1
 20
472.46
 10
966.67
 20
472.46
 10
966.38
 20
473.33
 10
966.38
 20
479.95
  0
LWPOLYLINE
  5
137B
330
17
100
AcDbEntity
  8
POLYLINES
100
AcDbPolyline
 90
4
 70
0
 10
964.94
 20
471.74
 10
965.37
 20
473.47
 10
965.66
 20
475.92
 10
965.66
 20
479.95
  0
LWPOLYLINE
  5
137C
330
17
100
AcDbEntity
  8
POLYLINES
100
AcDbPolyline
 90
4
 70
0
 10
1157.75
 20
478.08
 10
1158.33
 20
478.66
 10
1159.19
 20
480.1
 10
1159.19
 20
470.16
  0
LWPOLYLINE
  5
137D
330
17
100
AcDbEntity
  8
POLYLINES
100
AcDbPolyline
 90
4
 70
0
 10
1000.51
 20
491.04
 10
1000.51
 20
500.98
 10
1004.54
 20
491.04
 10
1004.54
 20
500.98
  0
LWPOLYLINE
  5
137E
330
17
100
AcDbEntity
  8
POLYLINES
100
AcDbPolyline
 90
20
 70
0
 10
1010.73
 20
499.54
 10
1010.15
 20
500.4
 10
1009.29
 20
500.98
 10
1008.14
 20
500.98
 10
1007.27
 20
500.4
 10
1006.7
 20
499.54
 10
1006.7
 20
498.53
 10
1006.99
 20
497.66
 10
1007.27
 20
497.09
 10
1007.85
 20
496.66
 10
1009.58
 20
495.79
 10
1010.15
 20
495.22
 10
1010.44
 20
494.78
 10
1010.73
 20
493.78
 10
1010.73
 20
492.48
 10
1010.15
 20
491.47
 10
1009.29
 20
491.04
 10
1008.14
 20
491.04
 10
1007.27
 20
491.47
 10
1006.7
 20
492.48
  0
LWPOLYLINE
  5
137F
330
17
100
AcDbEntity
  8
POLYLINES
100
AcDbPolyline
 90
11
 70
0
 10
1012.46
 20
491.04
 10
1012.46
 20
500.98
 10
1014.91
 20
500.98
 10
1015.77
 20
500.4
 10
1016.06
 20
499.97
 10
1016.35
 20
498.96
 10
1016.35
 20
498.1
 10
1016.06
 20
497.09
 10
1015.77
 20
496.66
 10
1014.91
 20
496.22
 10
1012.46
 20
496.22
  0
LWPOLYLINE
  5
1380
330
17
100
AcDbEntity
  8
POLYLINES
100
AcDbPolyline
 90
3
 70
0
 10
1018.36
 20
500.98
 10
1022.39
 20
500.98
 10
1019.51
 20
491.04
  0
LWPOLYLINE
  5
1381
330
17
100
AcDbEntity
  8
POLYLINES
100
AcDbPolyline
 90
15
 70
0
 10
1024.55
 20
500.98
 10
1027.72
 20
500.98
 10
1025.99
 20
497.09
 10
1026.86
 20
497.09
 10
1027.43
 20
496.66
 10
1027.72
 20
496.22
 10
1028.01
 20
494.78
 10
1028.01
 20
493.78
 10
1027.72
 20
492.48
 10
1027.15
 20
491.47
 10
1026.28
 20
491.04
 10
1025.42
 20
491.04
 10
1024.55
 20
491.47
 10
1024.27
 20
491.9
 10
1023.98
 20
492.91
  0
LWPOLYLINE
  5
1382
330
17
100
AcDbEntity
  8
POLYLINES
100
AcDbPolyline
 90
17
 70
0
 10
1031.47
 20
500.98
 10
1030.6
 20
500.4
 10
1030.03
 20
498.96
 10
1029.74
 20
496.66
 10
1029.74
 20
495.22
 10
1030.03
 20
492.91
 10
1030.6
 20
491.47
 10
1031.47
 20
491.04
 10
1031.9
 20
491.04
 10
1032.76
 20
491.47
 10
1033.34
 20
492.91
 10
1033.63
 20
495.22
 10
1033.63
 20
496.66
 10
1033.34
 20
498.96
 10
1032.76
 20
500.4
 10
1031.9
 20
500.98
 10
1031.47
 20
500.98
  0
LWPOLYLINE
  5
1383
330
17
100
AcDbEntity
  8
POLYLINES
100
AcDbPolyline
 90
17
 70
0
 10
1037.08
 20
500.98
 10
1036.22
 20
500.4
 10
1035.64
 20
498.96
 10
1035.35
 20
496.66
 10
1035.35
 20
495.22
 10
1035.64
 20
492.91
 10
1036.22
 20
491.47
 10
1037.08
 20
491.04
 10
1037.66
 20
491.04
 10
1038.52
 20
491.47
 10
1039.1
 20
492.91
 10
1039.39
 20
495.22
 10
1039.39
 20
496.66
 10
1039.1
 20
498.96
 10
1038.52
 20
500.4
 10
1037.66
 20
500.98
 10
1037.08
 20
500.98
  0
LWPOLYLINE
  5
1384
330
17
100
AcDbEntity
  8
POLYLINES
100
AcDbPolyline
 90
17
 70
0
 10
1055.8
 20
500.98
 10
1054.94
 20
500.4
 10
1054.36
 20
498.96
 10
1054.07
 20
496.66
 10
1054.07
 20
495.22
 10
1054.36
 20
492.91
 10
1054.94
 20
491.47
 10
1055.8
 20
491.04
 10
1056.38
 20
491.04
 10
1057.24
 20
491.47
 10
1057.82
 20
492.91
 10
1058.11
 20
495.22
 10
1058.11
 20
496.66
 10
1057.82
 20
498.96
 10
1057.24
 20
500.4
 10
1056.38
 20
500.98
 10
1055.8
 20
500.98
  0
LWPOLYLINE
  5
1385
330
17
100
AcDbEntity
  8
POLYLINES
100
AcDbPolyline
 90
29
 70
0
 10
1061.13
 20
500.98
 10
1060.27
 20
500.4
 10
1059.98
 20
499.54
 10
1059.98
 20
498.53
 10
1060.27
 20
497.66
 10
1060.84
 20
497.09
 10
1061.99
 20
496.66
 10
1062.86
 20
496.22
 10
1063.43
 20
495.22
 10
1063.72
 20
494.35
 10
1063.72
 20
492.91
 10
1063.43
 20
491.9
 10
1063.15
 20
491.47
 10
1062.28
 20
491.04
 10
1061.13
 20
491.04
 10
1060.27
 20
491.47
 10
1059.98
 20
491.9
 10
1059.69
 20
492.91
 10
1059.69
 20
494.35
 10
1059.98
 20
495.22
 10
1060.55
 20
496.22
 10
1061.42
 20
496.66
 10
1062.57
 20
497.09
 10
1063.15
 20
497.66
 10
1063.43
 20
498.53
 10
1063.43
 20
499.54
 10
1063.15
 20
500.4
 10
1062.28
 20
500.98
 10
1061.13
 20
500.98
  0
LWPOLYLINE
  5
1386
330
17
100
AcDbEntity
  8
POLYLINES
100
AcDbPolyline
 90
3
 70
0
 10
1006.27
 20
475.34
 10
1006.27
 20
475.49
 10
1006.27
 20
471.74
  0
LWPOLYLINE
  5
1387
330
17
100
AcDbEntity
  8
POLYLINES
100
AcDbPolyline
 90
3
 70
0
 10
1007.99
 20
475.78
 10
1007.85
 20
471.74
 10
1007.56
 20
472.75
  0
LWPOLYLINE
  5
1388
330
17
100
AcDbEntity
  8
POLYLINES
100
AcDbPolyline
 90
4
 70
0
 10
925.77
 20
413.86
 10
926.35
 20
414.29
 10
927.21
 20
415.73
 10
927.21
 20
405.79
  0
LWPOLYLINE
  5
1389
330
17
100
AcDbEntity
  8
POLYLINES
100
AcDbPolyline
 90
4
 70
0
 10
930.67
 20
406.8
 10
930.38
 20
406.22
 10
930.67
 20
405.79
 10
930.95
 20
406.22
  0
LWPOLYLINE
  5
138A
330
17
100
AcDbEntity
  8
POLYLINES
100
AcDbPolyline
 90
17
 70
0
 10
936.57
 20
415.73
 10
933.69
 20
415.73
 10
933.4
 20
411.55
 10
933.69
 20
411.98
 10
934.55
 20
412.42
 10
935.42
 20
412.42
 10
936.28
 20
411.98
 10
936.86
 20
410.98
 10
937.15
 20
409.54
 10
937.15
 20
408.67
 10
936.86
 20
407.23
 10
936.28
 20
406.22
 10
935.42
 20
405.79
 10
934.55
 20
405.79
 10
933.69
 20
406.22
 10
933.4
 20
406.8
 10
933.11
 20
407.66
  0
LWPOLYLINE
  5
138B
330
17
100
AcDbEntity
  8
POLYLINES
100
AcDbPolyline
 90
4
 70
0
 10
959.32
 20
411.12
 10
959.32
 20
406.51
 10
959.75
 20
406.08
 10
960.76
 20
406.08
  0
LINE
  5
138C
330
17
100
AcDbEntity
  8
LINES
100
AcDbLine
 10
957.67
 20
406.22
 30
0.0
 11
958.67
 21
409.75
 31
0.0
  0
LWPOLYLINE
  5
138D
330
17
100
AcDbEntity
  8
POLYLINES
100
AcDbPolyline
 90
3
 70
0
 10
962.35
 20
415.01
 10
962.35
 20
405.79
 10
961.77
 20
407.09
  0
LWPOLYLINE
  5
138E
330
17
100
AcDbEntity
  8
POLYLINES
100
AcDbPolyline
 90
3
 70
0
 10
962.49
 20
405.79
 10
963.35
 20
406.8
 10
963.79
 20
407.38
  0
LWPOLYLINE
  5
138F
330
17
100
AcDbEntity
  8
POLYLINES
100
AcDbPolyline
 90
3
 70
0
 10
971.71
 20
410.11
 10
971.56
 20
408.82
 10
970.55
 20
405.79
  0
LWPOLYLINE
  5
1390
330
17
100
AcDbEntity
  8
POLYLINES
100
AcDbPolyline
 90
4
 70
0
 10
975.45
 20
415.01
 10
975.31
 20
409.97
 10
974.87
 20
407.66
 10
974.15
 20
405.94
  0
LWPOLYLINE
  5
1391
330
17
100
AcDbEntity
  8
POLYLINES
100
AcDbPolyline
 90
3
 70
0
 10
975.45
 20
409.97
 10
976.31
 20
406.08
 10
976.75
 20
406.08
  0
LWPOLYLINE
  5
1392
330
17
100
AcDbEntity
  8
POLYLINES
100
AcDbPolyline
 90
3
 70
0
 10
1160.35
 20
417.74
 10
1157.47
 20
411.12
 10
1161.79
 20
411.12
  0
LWPOLYLINE
  5
1393
330
17
100
AcDbEntity
  8
POLYLINES
100
AcDbPolyline
 90
3
 70
0
 10
1136.44
 20
415.3
 10
1137.74
 20
411.98
 10
1138.17
 20
411.98
  0
LWPOLYLINE
  5
1394
330
17
100
AcDbEntity
  8
POLYLINES
100
AcDbPolyline
 90
4
 70
0
 10
1136.59
 20
416.45
 10
1136.3
 20
414.72
 10
1135.58
 20
412.7
 10
1134.71
 20
411.26
  0
LWPOLYLINE
  5
1395
330
17
100
AcDbEntity
  8
POLYLINES
100
AcDbPolyline
 90
4
 70
0
 10
1003.96
 20
414.14
 10
1003.96
 20
409.54
 10
1004.25
 20
409.1
 10
1005.26
 20
409.1
  0
LINE
  5
1396
330
17
100
AcDbEntity
  8
LINES
100
AcDbLine
 10
1002.16
 20
409.18
 30
0.0
 11
1003.24
 21
412.63
 31
0.0
  0
LWPOLYLINE
  5
1397
330
17
100
AcDbEntity
  8
POLYLINES
100
AcDbPolyline
 90
3
 70
0
 10
1008.28
 20
413.14
 10
1008.14
 20
411.84
 10
1007.13
 20
408.82
  0
LWPOLYLINE
  5
1398
330
17
100
AcDbEntity
  8
POLYLINES
100
AcDbPolyline
 90
4
 70
0
 10
1012.03
 20
418.03
 10
1011.88
 20
412.99
 10
1011.45
 20
410.69
 10
1010.73
 20
408.82
  0
LWPOLYLINE
  5
1399
330
17
100
AcDbEntity
  8
POLYLINES
100
AcDbPolyline
 90
3
 70
0
 10
1012.03
 20
412.99
 10
1012.89
 20
409.1
 10
1013.32
 20
409.1
  0
LWPOLYLINE
  5
139A
330
17
100
AcDbEntity
  8
POLYLINES
100
AcDbPolyline
 90
5
 70
0
 10
1014.62
 20
411.41
 10
1014.62
 20
410.98
 10
1014.47
 20
410.4
 10
1014.19
 20
409.97
 10
1013.9
 20
409.82
  0
LWPOLYLINE
  5
139B
330
17
100
AcDbEntity
  8
POLYLINES
100
AcDbPolyline
 90
3
 70
0
 10
1014.1
 20
411.54
 10
1014.35
 20
411.12
 10
1014.6
 20
411.54
  0
LWPOLYLINE
  5
139C
330
17
100
AcDbEntity
  8
POLYLINES
100
AcDbPolyline
 90
3
 70
0
 10
1014.6
 20
411.54
 10
1014.35
 20
411.95
 10
1014.1
 20
411.54
  0
LWPOLYLINE
  5
139D
330
17
100
AcDbEntity
  8
POLYLINES
100
AcDbPolyline
 90
3
 70
0
 10
1014.54
 20
411.54
 10
1014.35
 20
411.85
 10
1014.17
 20
411.54
  0
LWPOLYLINE
  5
139E
330
17
100
AcDbEntity
  8
POLYLINES
100
AcDbPolyline
 90
3
 70
0
 10
1014.17
 20
411.54
 10
1014.35
 20
411.23
 10
1014.54
 20
411.54
  0
LWPOLYLINE
  5
139F
330
17
100
AcDbEntity
  8
POLYLINES
100
AcDbPolyline
 90
5
 70
0
 10
1023.83
 20
418.03
 10
1023.83
 20
409.54
 10
1024.27
 20
408.82
 10
1025.27
 20
408.82
 10
1025.13
 20
411.12
  0
LWPOLYLINE
  5
13A0
330
17
100
AcDbEntity
  8
POLYLINES
100
AcDbPolyline
 90
6
 70
0
 10
1023.11
 20
417.74
 10
1023.11
 20
415.87
 10
1022.97
 20
413.71
 10
1022.97
 20
411.84
 10
1022.54
 20
410.4
 10
1021.82
 20
408.82
  0
LWPOLYLINE
  5
13A1
330
17
100
AcDbEntity
  8
POLYLINES
100
AcDbPolyline
 90
3
 70
0
 10
1028.15
 20
414.43
 10
1027.29
 20
412.13
 10
1026.28
 20
410.54
  0
LWPOLYLINE
  5
13A2
330
17
100
AcDbEntity
  8
POLYLINES
100
AcDbPolyline
 90
3
 70
0
 10
1027.58
 20
418.18
 10
1027.15
 20
416.45
 10
1026.28
 20
414.0
  0
LWPOLYLINE
  5
13A3
330
17
100
AcDbEntity
  8
POLYLINES
100
AcDbPolyline
 90
4
 70
0
 10
1029.02
 20
413.57
 10
1028.3
 20
411.55
 10
1027.43
 20
409.82
 10
1026.14
 20
408.53
  0
LWPOLYLINE
  5
13A4
330
17
100
AcDbEntity
  8
POLYLINES
100
AcDbPolyline
 90
3
 70
0
 10
1032.04
 20
413.14
 10
1031.9
 20
411.84
 10
1030.89
 20
408.82
  0
LWPOLYLINE
  5
13A5
330
17
100
AcDbEntity
  8
POLYLINES
100
AcDbPolyline
 90
5
 70
0
 10
1034.49
 20
411.41
 10
1034.49
 20
410.98
 10
1034.35
 20
410.4
 10
1034.06
 20
409.97
 10
1033.77
 20
409.82
  0
LWPOLYLINE
  5
13A6
330
17
100
AcDbEntity
  8
POLYLINES
100
AcDbPolyline
 90
3
 70
0
 10
1033.95
 20
411.54
 10
1034.19
 20
411.12
 10
1034.44
 20
411.54
  0
LWPOLYLINE
  5
13A7
330
17
100
AcDbEntity
  8
POLYLINES
100
AcDbPolyline
 90
3
 70
0
 10
1034.44
 20
411.54
 10
1034.19
 20
411.95
 10
1033.95
 20
411.54
  0
LWPOLYLINE
  5
13A8
330
17
100
AcDbEntity
  8
POLYLINES
100
AcDbPolyline
 90
3
 70
0
 10
1034.38
 20
411.54
 10
1034.19
 20
411.85
 10
1034.01
 20
411.54
  0
LWPOLYLINE
  5
13A9
330
17
100
AcDbEntity
  8
POLYLINES
100
AcDbPolyline
 90
3
 70
0
 10
1034.01
 20
411.54
 10
1034.19
 20
411.23
 10
1034.38
 20
411.54
  0
LWPOLYLINE
  5
13AA
330
17
100
AcDbEntity
  8
POLYLINES
100
AcDbPolyline
 90
17
 70
0
 10
1039.1
 20
418.61
 10
1038.23
 20
418.18
 10
1037.66
 20
416.74
 10
1037.37
 20
414.43
 10
1037.37
 20
412.99
 10
1037.66
 20
410.69
 10
1038.23
 20
409.25
 10
1039.1
 20
408.82
 10
1039.67
 20
408.82
 10
1040.54
 20
409.25
 10
1040.97
 20
410.69
 10
1041.26
 20
412.99
 10
1041.26
 20
414.43
 10
1040.97
 20
416.74
 10
1040.54
 20
418.18
 10
1039.67
 20
418.61
 10
1039.1
 20
418.61
  0
LWPOLYLINE
  5
13AB
330
17
100
AcDbEntity
  8
POLYLINES
100
AcDbPolyline
 90
4
 70
0
 10
1043.27
 20
409.68
 10
1042.99
 20
409.25
 10
1043.27
 20
408.82
 10
1043.56
 20
409.25
  0
LWPOLYLINE
  5
13AC
330
17
100
AcDbEntity
  8
POLYLINES
100
AcDbPolyline
 90
17
 70
0
 10
1049.32
 20
418.61
 10
1046.44
 20
418.61
 10
1046.15
 20
414.43
 10
1046.44
 20
414.86
 10
1047.31
 20
415.3
 10
1048.17
 20
415.3
 10
1049.03
 20
414.86
 10
1049.61
 20
414.0
 10
1049.9
 20
412.56
 10
1049.9
 20
411.55
 10
1049.61
 20
410.11
 10
1049.03
 20
409.25
 10
1048.17
 20
408.82
 10
1047.31
 20
408.82
 10
1046.44
 20
409.25
 10
1046.15
 20
409.68
 10
1045.87
 20
410.69
  0
LWPOLYLINE
  5
13AD
330
17
100
AcDbEntity
  8
POLYLINES
100
AcDbPolyline
 90
7
 70
0
 10
1056.38
 20
413.42
 10
1057.24
 20
414.86
 10
1057.82
 20
415.3
 10
1058.68
 20
415.3
 10
1059.11
 20
414.86
 10
1059.4
 20
413.42
 10
1059.4
 20
408.82
  0
LWPOLYLINE
  5
13AE
330
17
100
AcDbEntity
  8
POLYLINES
100
AcDbPolyline
 90
7
 70
0
 10
1059.4
 20
413.42
 10
1060.27
 20
414.86
 10
1060.84
 20
415.3
 10
1061.71
 20
415.3
 10
1062.28
 20
414.86
 10
1062.57
 20
413.42
 10
1062.57
 20
408.82
  0
LWPOLYLINE
  5
13AF
330
17
100
AcDbEntity
  8
POLYLINES
100
AcDbPolyline
 90
3
 70
0
 10
101.66
 20
170.35
 10
102.38
 20
169.06
 10
103.53
 20
175.39
  0
LWPOLYLINE
  5
13B0
330
17
100
AcDbEntity
  8
POLYLINES
100
AcDbPolyline
 90
3
 70
0
 10
107.94
 20
173.55
 10
108.32
 20
173.08
 10
108.7
 20
173.55
  0
LWPOLYLINE
  5
13B1
330
17
100
AcDbEntity
  8
POLYLINES
100
AcDbPolyline
 90
3
 70
0
 10
108.04
 20
173.55
 10
108.32
 20
173.2
 10
108.61
 20
173.55
  0
LWPOLYLINE
  5
13B2
330
17
100
AcDbEntity
  8
POLYLINES
100
AcDbPolyline
 90
3
 70
0
 10
108.51
 20
173.55
 10
108.32
 20
173.79
 10
108.13
 20
173.55
  0
LWPOLYLINE
  5
13B3
330
17
100
AcDbEntity
  8
POLYLINES
100
AcDbPolyline
 90
3
 70
0
 10
108.13
 20
173.55
 10
108.32
 20
173.32
 10
108.51
 20
173.55
  0
LWPOLYLINE
  5
13B4
330
17
100
AcDbEntity
  8
POLYLINES
100
AcDbPolyline
 90
3
 70
0
 10
107.94
 20
170.84
 10
108.32
 20
170.36
 10
108.7
 20
170.84
  0
LWPOLYLINE
  5
13B5
330
17
100
AcDbEntity
  8
POLYLINES
100
AcDbPolyline
 90
3
 70
0
 10
108.7
 20
170.84
 10
108.32
 20
171.31
 10
107.94
 20
170.84
  0
LWPOLYLINE
  5
13B6
330
17
100
AcDbEntity
  8
POLYLINES
100
AcDbPolyline
 90
3
 70
0
 10
108.61
 20
170.84
 10
108.32
 20
171.19
 10
108.04
 20
170.84
  0
LWPOLYLINE
  5
13B7
330
17
100
AcDbEntity
  8
POLYLINES
100
AcDbPolyline
 90
3
 70
0
 10
108.04
 20
170.84
 10
108.32
 20
170.48
 10
108.61
 20
170.84
  0
LWPOLYLINE
  5
13B8
330
17
100
AcDbEntity
  8
POLYLINES
100
AcDbPolyline
 90
3
 70
0
 10
108.51
 20
170.84
 10
108.32
 20
171.07
 10
108.13
 20
170.84
  0
LWPOLYLINE
  5
13B9
330
17
100
AcDbEntity
  8
POLYLINES
100
AcDbPolyline
 90
3
 70
0
 10
108.13
 20
170.84
 10
108.32
 20
170.6
 10
108.51
 20
170.84
  0
LWPOLYLINE
  5
13BA
330
17
100
AcDbEntity
  8
POLYLINES
100
AcDbPolyline
 90
3
 70
0
 10
108.7
 20
173.55
 10
108.32
 20
174.03
 10
107.94
 20
173.55
  0
LWPOLYLINE
  5
13BB
330
17
100
AcDbEntity
  8
POLYLINES
100
AcDbPolyline
 90
3
 70
0
 10
108.61
 20
173.55
 10
108.32
 20
173.91
 10
108.04
 20
173.55
  0
LWPOLYLINE
  5
13BC
330
17
100
AcDbEntity
  8
POLYLINES
100
AcDbPolyline
 90
4
 70
0
 10
113.18
 20
178.13
 10
114.04
 20
178.7
 10
115.34
 20
180.29
 10
115.34
 20
168.91
  0
LWPOLYLINE
  5
13BD
330
17
100
AcDbEntity
  8
POLYLINES
100
AcDbPolyline
 90
4
 70
0
 10
120.52
 20
170.06
 10
120.09
 20
169.49
 10
120.52
 20
168.91
 10
120.95
 20
169.49
  0
LWPOLYLINE
  5
13BE
330
17
100
AcDbEntity
  8
POLYLINES
100
AcDbPolyline
 90
5
 70
0
 10
128.73
 20
179.57
 10
128.73
 20
169.92
 10
129.16
 20
169.49
 10
130.31
 20
169.49
 10
130.17
 20
171.5
  0
LWPOLYLINE
  5
13BF
330
17
100
AcDbEntity
  8
POLYLINES
100
AcDbPolyline
 90
4
 70
0
 10
127.87
 20
172.94
 10
127.72
 20
171.5
 10
127.15
 20
170.06
 10
126.57
 20
169.06
  0
LWPOLYLINE
  5
13C0
330
17
100
AcDbEntity
  8
POLYLINES
100
AcDbPolyline
 90
3
 70
0
 10
138.23
 20
170.21
 10
140.97
 20
170.64
 10
141.55
 20
169.78
  0
LWPOLYLINE
  5
13C1
330
17
100
AcDbEntity
  8
POLYLINES
100
AcDbPolyline
 90
4
 70
0
 10
139.39
 20
178.13
 10
139.24
 20
174.82
 10
138.95
 20
173.23
 10
138.23
 20
172.08
  0
LWPOLYLINE
  5
13C2
330
17
100
AcDbEntity
  8
POLYLINES
100
AcDbPolyline
 90
4
 70
0
 10
140.25
 20
178.27
 10
140.25
 20
173.23
 10
140.54
 20
172.8
 10
141.26
 20
172.8
  0
LWPOLYLINE
  5
13C3
330
17
100
AcDbEntity
  8
POLYLINES
100
AcDbPolyline
 90
14
 70
0
 10
142.99
 20
177.55
 10
142.99
 20
178.13
 10
143.42
 20
179.14
 10
143.85
 20
179.71
 10
144.71
 20
180.29
 10
146.44
 20
180.29
 10
147.31
 20
179.71
 10
147.74
 20
179.14
 10
148.17
 20
178.13
 10
148.17
 20
176.98
 10
147.74
 20
175.97
 10
146.87
 20
174.38
 10
142.55
 20
168.91
 10
148.6
 20
168.91
  0
LWPOLYLINE
  5
13C4
330
17
100
AcDbEntity
  8
POLYLINES
100
AcDbPolyline
 90
14
 70
0
 10
151.63
 20
177.55
 10
151.63
 20
178.13
 10
152.06
 20
179.14
 10
152.49
 20
179.71
 10
153.35
 20
180.29
 10
155.08
 20
180.29
 10
155.95
 20
179.71
 10
156.38
 20
179.14
 10
156.81
 20
178.13
 10
156.81
 20
176.98
 10
156.38
 20
175.97
 10
155.51
 20
174.38
 10
151.19
 20
168.91
 10
157.24
 20
168.91
  0
LWPOLYLINE
  5
13C5
330
17
100
AcDbEntity
  8
POLYLINES
100
AcDbPolyline
 90
17
 70
0
 10
162.43
 20
180.29
 10
161.13
 20
179.71
 10
160.27
 20
178.13
 10
159.83
 20
175.39
 10
159.83
 20
173.81
 10
160.27
 20
171.07
 10
161.13
 20
169.49
 10
162.43
 20
168.91
 10
163.29
 20
168.91
 10
164.59
 20
169.49
 10
165.45
 20
171.07
 10
165.88
 20
173.81
 10
165.88
 20
175.39
 10
165.45
 20
178.13
 10
164.59
 20
179.71
 10
163.29
 20
180.29
 10
162.43
 20
180.29
  0
LWPOLYLINE
  5
13C6
330
17
100
AcDbEntity
  8
POLYLINES
100
AcDbPolyline
 90
3
 70
0
 10
175.82
 20
180.29
 10
179.27
 20
168.91
 10
182.73
 20
180.29
  0
LWPOLYLINE
  5
13C7
330
17
100
AcDbEntity
  8
POLYLINES
100
AcDbPolyline
 90
3
 70
0
 10
186.76
 20
172.66
 10
189.07
 20
168.77
 10
190.07
 20
168.77
  0
LWPOLYLINE
  5
13C8
330
17
100
AcDbEntity
  8
POLYLINES
100
AcDbPolyline
 90
3
 70
0
 10
188.78
 20
174.1
 10
187.48
 20
171.36
 10
185.32
 20
168.77
  0
LWPOLYLINE
  5
13C9
330
17
100
AcDbEntity
  8
POLYLINES
100
AcDbPolyline
 90
3
 70
0
 10
195.98
 20
176.54
 10
195.11
 20
168.91
 10
193.96
 20
171.07
  0
LWPOLYLINE
  5
13CA
330
17
100
AcDbEntity
  8
POLYLINES
100
AcDbPolyline
 90
4
 70
0
 10
200.44
 20
178.42
 10
200.15
 20
172.66
 10
200.01
 20
171.36
 10
199.58
 20
169.49
  0
LWPOLYLINE
  5
13CB
330
17
100
AcDbEntity
  8
POLYLINES
100
AcDbPolyline
 90
3
 70
0
 10
198.57
 20
175.1
 10
198.57
 20
169.49
 10
197.99
 20
170.5
  0
LWPOLYLINE
  5
13CC
330
17
100
AcDbEntity
  8
POLYLINES
100
AcDbPolyline
 90
5
 70
0
 10
222.33
 20
172.08
 10
222.33
 20
171.36
 10
222.19
 20
170.78
 10
221.75
 20
170.35
 10
221.32
 20
170.21
  0
LWPOLYLINE
  5
13CD
330
17
100
AcDbEntity
  8
POLYLINES
100
AcDbPolyline
 90
3
 70
0
 10
221.64
 20
172.14
 10
222.02
 20
171.66
 10
222.4
 20
172.14
  0
LWPOLYLINE
  5
13CE
330
17
100
AcDbEntity
  8
POLYLINES
100
AcDbPolyline
 90
3
 70
0
 10
222.4
 20
172.14
 10
222.02
 20
172.61
 10
221.64
 20
172.14
  0
LWPOLYLINE
  5
13CF
330
17
100
AcDbEntity
  8
POLYLINES
100
AcDbPolyline
 90
3
 70
0
 10
222.3
 20
172.14
 10
222.02
 20
172.49
 10
221.74
 20
172.14
  0
LWPOLYLINE
  5
13D0
330
17
100
AcDbEntity
  8
POLYLINES
100
AcDbPolyline
 90
3
 70
0
 10
221.74
 20
172.14
 10
222.02
 20
171.78
 10
222.3
 20
172.14
  0
LWPOLYLINE
  5
13D1
330
17
100
AcDbEntity
  8
POLYLINES
100
AcDbPolyline
 90
3
 70
0
 10
222.21
 20
172.14
 10
222.02
 20
172.37
 10
221.83
 20
172.14
  0
LWPOLYLINE
  5
13D2
330
17
100
AcDbEntity
  8
POLYLINES
100
AcDbPolyline
 90
3
 70
0
 10
221.83
 20
172.14
 10
222.02
 20
171.9
 10
222.21
 20
172.14
  0
LWPOLYLINE
  5
13D3
330
17
100
AcDbEntity
  8
POLYLINES
100
AcDbPolyline
 90
3
 70
0
 10
229.82
 20
176.26
 10
228.67
 20
173.52
 10
227.37
 20
170.78
  0
LWPOLYLINE
  5
13D4
330
17
100
AcDbEntity
  8
POLYLINES
100
AcDbPolyline
 90
3
 70
0
 10
230.11
 20
176.26
 10
231.98
 20
171.22
 10
232.7
 20
171.22
  0
LWPOLYLINE
  5
13D5
330
17
100
AcDbEntity
  8
POLYLINES
100
AcDbPolyline
 90
3
 70
0
 10
238.31
 20
178.56
 10
238.31
 20
168.91
 10
237.59
 20
169.92
  0
LWPOLYLINE
  5
13D6
330
17
100
AcDbEntity
  8
POLYLINES
100
AcDbPolyline
 90
4
 70
0
 10
242.78
 20
178.42
 10
242.49
 20
172.66
 10
242.35
 20
171.36
 10
241.91
 20
169.49
  0
LWPOLYLINE
  5
13D7
330
17
100
AcDbEntity
  8
POLYLINES
100
AcDbPolyline
 90
3
 70
0
 10
240.91
 20
175.1
 10
240.91
 20
169.49
 10
240.33
 20
170.5
  0
LWPOLYLINE
  5
13D8
330
17
100
AcDbEntity
  8
POLYLINES
100
AcDbPolyline
 90
3
 70
0
 10
255.31
 20
177.26
 10
253.15
 20
174.24
 10
251.56
 20
172.8
  0
LWPOLYLINE
  5
13D9
330
17
100
AcDbEntity
  8
POLYLINES
100
AcDbPolyline
 90
3
 70
0
 10
262.07
 20
179.28
 10
262.07
 20
169.2
 10
261.21
 20
170.78
  0
LWPOLYLINE
  5
13DA
330
17
100
AcDbEntity
  8
POLYLINES
100
AcDbPolyline
 90
4
 70
0
 10
266.68
 20
175.1
 10
266.68
 20
169.78
 10
267.11
 20
169.34
 10
268.55
 20
169.34
  0
LWPOLYLINE
  5
13DB
330
17
100
AcDbEntity
  8
POLYLINES
100
AcDbPolyline
 90
4
 70
0
 10
263.66
 20
168.91
 10
264.38
 20
169.92
 10
265.24
 20
172.08
 10
265.82
 20
174.82
  0
LWPOLYLINE
  5
13DC
330
17
100
AcDbEntity
  8
POLYLINES
100
AcDbPolyline
 90
7
 70
0
 10
272.15
 20
179.57
 10
272.15
 20
170.5
 10
272.15
 20
170.06
 10
272.44
 20
169.63
 10
272.87
 20
169.34
 10
274.89
 20
169.49
 10
274.6
 20
171.79
  0
LWPOLYLINE
  5
13DD
330
17
100
AcDbEntity
  8
POLYLINES
100
AcDbPolyline
 90
4
 70
0
 10
284.83
 20
176.54
 10
284.39
 20
174.67
 10
283.82
 20
172.8
 10
283.1
 20
170.93
  0
LWPOLYLINE
  5
13DE
330
17
100
AcDbEntity
  8
POLYLINES
100
AcDbPolyline
 90
3
 70
0
 10
285.11
 20
176.54
 10
286.99
 20
171.65
 10
287.27
 20
171.65
  0
LWPOLYLINE
  5
13DF
330
17
100
AcDbEntity
  8
POLYLINES
100
AcDbPolyline
 90
5
 70
0
 10
290.87
 20
179.28
 10
290.87
 20
170.06
 10
291.16
 20
169.49
 10
293.03
 20
169.49
 10
292.89
 20
172.22
  0
LWPOLYLINE
  5
13E0
330
17
100
AcDbEntity
  8
POLYLINES
100
AcDbPolyline
 90
3
 70
0
 10
295.19
 20
179.42
 10
295.19
 20
168.91
 10
294.33
 20
170.5
  0
LWPOLYLINE
  5
13E1
330
17
100
AcDbEntity
  8
POLYLINES
100
AcDbPolyline
 90
3
 70
0
 10
295.63
 20
168.91
 10
296.92
 20
170.06
 10
297.5
 20
170.78
  0
LWPOLYLINE
  5
13E2
330
17
100
AcDbEntity
  8
POLYLINES
100
AcDbPolyline
 90
3
 70
0
 10
302.11
 20
178.42
 10
304.41
 20
170.06
 10
305.27
 20
170.06
  0
LWPOLYLINE
  5
13E3
330
17
100
AcDbEntity
  8
POLYLINES
100
AcDbPolyline
 90
4
 70
0
 10
302.83
 20
175.82
 10
301.96
 20
172.8
 10
301.24
 20
170.78
 10
299.95
 20
169.34
  0
LWPOLYLINE
  5
13E4
330
17
100
AcDbEntity
  8
POLYLINES
100
AcDbPolyline
 90
3
 70
0
 10
308.73
 20
176.98
 10
308.44
 20
175.54
 10
307.87
 20
174.1
  0
LWPOLYLINE
  5
13E5
330
17
100
AcDbEntity
  8
POLYLINES
100
AcDbPolyline
 90
3
 70
0
 10
307.43
 20
169.06
 10
308.73
 20
170.64
 10
309.45
 20
172.08
  0
LWPOLYLINE
  5
13E6
330
17
100
AcDbEntity
  8
POLYLINES
100
AcDbPolyline
 90
3
 70
0
 10
308.44
 20
173.38
 10
310.46
 20
169.2
 10
311.18
 20
169.2
  0
LWPOLYLINE
  5
13E7
330
17
100
AcDbEntity
  8
POLYLINES
100
AcDbPolyline
 90
5
 70
0
 10
309.74
 20
178.99
 10
309.74
 20
177.41
 10
309.88
 20
175.97
 10
310.31
 20
175.39
 10
311.18
 20
175.39
  0
LWPOLYLINE
  5
13E8
330
17
100
AcDbEntity
  8
POLYLINES
100
AcDbPolyline
 90
3
 70
0
 10
313.77
 20
176.83
 10
316.79
 20
173.38
 10
317.37
 20
173.38
  0
LWPOLYLINE
  5
13E9
330
17
100
AcDbEntity
  8
POLYLINES
100
AcDbPolyline
 90
4
 70
0
 10
316.07
 20
178.27
 10
314.78
 20
175.97
 10
313.19
 20
173.81
 10
311.9
 20
172.51
  0
LWPOLYLINE
  5
13EA
330
17
100
AcDbEntity
  8
POLYLINES
100
AcDbPolyline
 90
5
 70
0
 10
317.51
 20
168.91
 10
317.51
 20
180.29
 10
320.97
 20
168.91
 10
324.43
 20
180.29
 10
324.43
 20
168.91
  0
LWPOLYLINE
  5
13EB
330
17
100
AcDbEntity
  8
POLYLINES
100
AcDbPolyline
 90
13
 70
0
 10
327.88
 20
168.91
 10
327.88
 20
180.29
 10
330.91
 20
180.29
 10
332.2
 20
179.71
 10
333.07
 20
178.7
 10
333.5
 20
177.55
 10
333.93
 20
175.97
 10
333.93
 20
173.23
 10
333.5
 20
171.65
 10
333.07
 20
170.5
 10
332.2
 20
169.49
 10
330.91
 20
168.91
 10
327.88
 20
168.91
  0
LWPOLYLINE
  5
13EC
330
17
100
AcDbEntity
  8
POLYLINES
100
AcDbPolyline
 90
11
 70
0
 10
336.95
 20
168.91
 10
336.95
 20
180.29
 10
340.84
 20
180.29
 10
342.14
 20
179.71
 10
342.57
 20
179.14
 10
343.0
 20
178.13
 10
343.0
 20
176.54
 10
342.57
 20
175.39
 10
342.14
 20
174.82
 10
340.84
 20
174.38
 10
336.95
 20
174.38
  0
LWPOLYLINE
  5
13ED
330
17
100
AcDbEntity
  8
POLYLINES
100
AcDbPolyline
 90
15
 70
0
 10
358.12
 20
180.29
 10
362.87
 20
180.29
 10
360.28
 20
175.97
 10
361.58
 20
175.97
 10
362.44
 20
175.39
 10
362.87
 20
174.82
 10
363.31
 20
173.23
 10
363.31
 20
172.22
 10
362.87
 20
170.5
 10
362.01
 20
169.49
 10
360.71
 20
168.91
 10
359.42
 20
168.91
 10
358.12
 20
169.49
 10
357.69
 20
170.06
 10
357.26
 20
171.07
  0
LWPOLYLINE
  5
13EE
330
17
100
AcDbEntity
  8
POLYLINES
100
AcDbPolyline
 90
17
 70
0
 10
368.49
 20
180.29
 10
367.19
 20
179.71
 10
366.33
 20
178.13
 10
365.9
 20
175.39
 10
365.9
 20
173.81
 10
366.33
 20
171.07
 10
367.19
 20
169.49
 10
368.49
 20
168.91
 10
369.35
 20
168.91
 10
370.65
 20
169.49
 10
371.51
 20
171.07
 10
371.95
 20
173.81
 10
371.95
 20
175.39
 10
371.51
 20
178.13
 10
370.65
 20
179.71
 10
369.35
 20
180.29
 10
368.49
 20
180.29
  0
LWPOLYLINE
  5
13EF
330
17
100
AcDbEntity
  8
POLYLINES
100
AcDbPolyline
 90
17
 70
0
 10
377.13
 20
180.29
 10
375.83
 20
179.71
 10
374.97
 20
178.13
 10
374.54
 20
175.39
 10
374.54
 20
173.81
 10
374.97
 20
171.07
 10
375.83
 20
169.49
 10
377.13
 20
168.91
 10
377.99
 20
168.91
 10
379.29
 20
169.49
 10
380.15
 20
171.07
 10
380.59
 20
173.81
 10
380.59
 20
175.39
 10
380.15
 20
178.13
 10
379.29
 20
179.71
 10
377.99
 20
180.29
 10
377.13
 20
180.29
  0
LWPOLYLINE
  5
13F0
330
17
100
AcDbEntity
  8
POLYLINES
100
AcDbPolyline
 90
17
 70
0
 10
385.77
 20
180.29
 10
384.47
 20
179.71
 10
383.61
 20
178.13
 10
383.18
 20
175.39
 10
383.18
 20
173.81
 10
383.61
 20
171.07
 10
384.47
 20
169.49
 10
385.77
 20
168.91
 10
386.63
 20
168.91
 10
387.93
 20
169.49
 10
388.79
 20
171.07
 10
389.23
 20
173.81
 10
389.23
 20
175.39
 10
388.79
 20
178.13
 10
387.93
 20
179.71
 10
386.63
 20
180.29
 10
385.77
 20
180.29
  0
LWPOLYLINE
  5
13F1
330
17
100
AcDbEntity
  8
POLYLINES
100
AcDbPolyline
 90
13
 70
0
 10
391.82
 20
168.91
 10
391.82
 20
180.29
 10
394.84
 20
180.29
 10
396.14
 20
179.71
 10
397.0
 20
178.7
 10
397.43
 20
177.55
 10
397.87
 20
175.97
 10
397.87
 20
173.23
 10
397.43
 20
171.65
 10
397.0
 20
170.5
 10
396.14
 20
169.49
 10
394.84
 20
168.91
 10
391.82
 20
168.91
  0
LWPOLYLINE
  5
13F2
330
17
100
AcDbEntity
  8
POLYLINES
100
AcDbPolyline
 90
4
 70
0
 10
409.1
 20
178.13
 10
409.96
 20
178.7
 10
411.26
 20
180.29
 10
411.26
 20
168.91
  0
LWPOLYLINE
  5
13F3
330
17
100
AcDbEntity
  8
POLYLINES
100
AcDbPolyline
 90
3
 70
0
 10
419.47
 20
179.28
 10
418.17
 20
175.54
 10
416.44
 20
172.66
  0
LWPOLYLINE
  5
13F4
330
17
100
AcDbEntity
  8
POLYLINES
100
AcDbPolyline
 90
3
 70
0
 10
419.47
 20
177.26
 10
421.05
 20
173.38
 10
421.91
 20
173.52
  0
LWPOLYLINE
  5
13F5
330
17
100
AcDbEntity
  8
POLYLINES
100
AcDbPolyline
 90
5
 70
0
 10
430.99
 20
176.98
 10
430.99
 20
169.92
 10
431.27
 20
169.34
 10
433.72
 20
169.49
 10
433.58
 20
171.5
  0
LWPOLYLINE
  5
13F6
330
17
100
AcDbEntity
  8
POLYLINES
100
AcDbPolyline
 90
3
 70
0
 10
433.43
 20
175.97
 10
432.71
 20
171.36
 10
432.43
 20
172.22
  0
LWPOLYLINE
  5
13F7
330
17
100
AcDbEntity
  8
POLYLINES
100
AcDbPolyline
 90
3
 70
0
 10
439.19
 20
179.28
 10
439.19
 20
169.2
 10
438.33
 20
170.78
  0
LWPOLYLINE
  5
13F8
330
17
100
AcDbEntity
  8
POLYLINES
100
AcDbPolyline
 90
4
 70
0
 10
443.66
 20
175.1
 10
443.66
 20
169.78
 10
444.23
 20
169.34
 10
445.67
 20
169.34
  0
LWPOLYLINE
  5
13F9
330
17
100
AcDbEntity
  8
POLYLINES
100
AcDbPolyline
 90
4
 70
0
 10
440.63
 20
168.91
 10
441.5
 20
169.92
 10
442.36
 20
172.08
 10
442.94
 20
174.82
  0
LWPOLYLINE
  5
13FA
330
17
100
AcDbEntity
  8
POLYLINES
100
AcDbPolyline
 90
7
 70
0
 10
449.13
 20
179.57
 10
449.13
 20
170.5
 10
449.27
 20
170.06
 10
449.42
 20
169.63
 10
449.99
 20
169.34
 10
452.01
 20
169.49
 10
451.72
 20
171.79
  0
LWPOLYLINE
  5
13FB
330
17
100
AcDbEntity
  8
POLYLINES
100
AcDbPolyline
 90
4
 70
0
 10
461.95
 20
176.54
 10
461.51
 20
174.67
 10
460.94
 20
172.8
 10
460.22
 20
170.93
  0
LWPOLYLINE
  5
13FC
330
17
100
AcDbEntity
  8
POLYLINES
100
AcDbPolyline
 90
3
 70
0
 10
462.23
 20
176.54
 10
463.96
 20
171.65
 10
464.39
 20
171.65
  0
LWPOLYLINE
  5
13FD
330
17
100
AcDbEntity
  8
POLYLINES
100
AcDbPolyline
 90
5
 70
0
 10
467.85
 20
179.28
 10
467.85
 20
170.06
 10
468.28
 20
169.49
 10
470.15
 20
169.49
 10
470.01
 20
172.22
  0
LWPOLYLINE
  5
13FE
330
17
100
AcDbEntity
  8
POLYLINES
100
AcDbPolyline
 90
3
 70
0
 10
472.31
 20
179.42
 10
472.31
 20
168.91
 10
471.45
 20
170.5
  0
LWPOLYLINE
  5
13FF
330
17
100
AcDbEntity
  8
POLYLINES
100
AcDbPolyline
 90
3
 70
0
 10
472.75
 20
168.91
 10
473.9
 20
170.06
 10
474.62
 20
170.78
  0
LWPOLYLINE
  5
1400
330
17
100
AcDbEntity
  8
POLYLINES
100
AcDbPolyline
 90
3
 70
0
 10
479.23
 20
178.42
 10
481.53
 20
170.06
 10
482.39
 20
170.06
  0
LWPOLYLINE
  5
1401
330
17
100
AcDbEntity
  8
POLYLINES
100
AcDbPolyline
 90
4
 70
0
 10
479.95
 20
175.82
 10
479.08
 20
172.8
 10
478.36
 20
170.78
 10
476.92
 20
169.34
  0
LWPOLYLINE
  5
1402
330
17
100
AcDbEntity
  8
POLYLINES
100
AcDbPolyline
 90
3
 70
0
 10
485.71
 20
176.98
 10
485.42
 20
175.54
 10
484.84
 20
174.1
  0
LWPOLYLINE
  5
1403
330
17
100
AcDbEntity
  8
POLYLINES
100
AcDbPolyline
 90
3
 70
0
 10
484.55
 20
169.06
 10
485.85
 20
170.64
 10
486.57
 20
172.08
  0
LWPOLYLINE
  5
1404
330
17
100
AcDbEntity
  8
POLYLINES
100
AcDbPolyline
 90
3
 70
0
 10
485.56
 20
173.38
 10
487.58
 20
169.2
 10
488.3
 20
169.2
  0
LWPOLYLINE
  5
1405
330
17
100
AcDbEntity
  8
POLYLINES
100
AcDbPolyline
 90
5
 70
0
 10
486.86
 20
178.99
 10
486.86
 20
177.41
 10
487.0
 20
175.97
 10
487.43
 20
175.39
 10
488.15
 20
175.39
  0
LWPOLYLINE
  5
1406
330
17
100
AcDbEntity
  8
POLYLINES
100
AcDbPolyline
 90
3
 70
0
 10
490.89
 20
176.83
 10
493.91
 20
173.38
 10
494.49
 20
173.38
  0
LWPOLYLINE
  5
1407
330
17
100
AcDbEntity
  8
POLYLINES
100
AcDbPolyline
 90
4
 70
0
 10
493.19
 20
178.27
 10
491.75
 20
175.97
 10
490.31
 20
173.81
 10
489.02
 20
172.51
  0
LWPOLYLINE
  5
1408
330
17
100
AcDbEntity
  8
POLYLINES
100
AcDbPolyline
 90
5
 70
0
 10
494.63
 20
168.91
 10
494.63
 20
180.29
 10
498.09
 20
168.91
 10
501.55
 20
180.29
 10
501.55
 20
168.91
  0
LWPOLYLINE
  5
1409
330
17
100
AcDbEntity
  8
POLYLINES
100
AcDbPolyline
 90
13
 70
0
 10
505.0
 20
168.91
 10
505.0
 20
180.29
 10
508.03
 20
180.29
 10
509.32
 20
179.71
 10
510.19
 20
178.7
 10
510.62
 20
177.55
 10
511.05
 20
175.97
 10
511.05
 20
173.23
 10
510.62
 20
171.65
 10
510.19
 20
170.5
 10
509.32
 20
169.49
 10
508.03
 20
168.91
 10
505.0
 20
168.91
  0
LWPOLYLINE
  5
140A
330
17
100
AcDbEntity
  8
POLYLINES
100
AcDbPolyline
 90
11
 70
0
 10
514.07
 20
168.91
 10
514.07
 20
180.29
 10
517.96
 20
180.29
 10
519.26
 20
179.71
 10
519.69
 20
179.14
 10
520.12
 20
178.13
 10
520.12
 20
176.54
 10
519.69
 20
175.39
 10
519.26
 20
174.82
 10
517.96
 20
174.38
 10
514.07
 20
174.38
  0
LWPOLYLINE
  5
140B
330
17
100
AcDbEntity
  8
POLYLINES
100
AcDbPolyline
 90
15
 70
0
 10
535.24
 20
180.29
 10
539.99
 20
180.29
 10
537.4
 20
175.97
 10
538.7
 20
175.97
 10
539.56
 20
175.39
 10
539.99
 20
174.82
 10
540.43
 20
173.23
 10
540.43
 20
172.22
 10
539.99
 20
170.5
 10
539.13
 20
169.49
 10
537.83
 20
168.91
 10
536.54
 20
168.91
 10
535.24
 20
169.49
 10
534.81
 20
170.06
 10
534.38
 20
171.07
  0
LWPOLYLINE
  5
140C
330
17
100
AcDbEntity
  8
POLYLINES
100
AcDbPolyline
 90
17
 70
0
 10
545.61
 20
180.29
 10
544.31
 20
179.71
 10
543.45
 20
178.13
 10
543.02
 20
175.39
 10
543.02
 20
173.81
 10
543.45
 20
171.07
 10
544.31
 20
169.49
 10
545.61
 20
168.91
 10
546.47
 20
168.91
 10
547.77
 20
169.49
 10
548.63
 20
171.07
 10
549.07
 20
173.81
 10
549.07
 20
175.39
 10
548.63
 20
178.13
 10
547.77
 20
179.71
 10
546.47
 20
180.29
 10
545.61
 20
180.29
  0
LWPOLYLINE
  5
140D
330
17
100
AcDbEntity
  8
POLYLINES
100
AcDbPolyline
 90
17
 70
0
 10
554.25
 20
180.29
 10
552.95
 20
179.71
 10
552.09
 20
178.13
 10
551.66
 20
175.39
 10
551.66
 20
173.81
 10
552.09
 20
171.07
 10
552.95
 20
169.49
 10
554.25
 20
168.91
 10
555.11
 20
168.91
 10
556.41
 20
169.49
 10
557.27
 20
171.07
 10
557.71
 20
173.81
 10
557.71
 20
175.39
 10
557.27
 20
178.13
 10
556.41
 20
179.71
 10
555.11
 20
180.29
 10
554.25
 20
180.29
  0
LWPOLYLINE
  5
140E
330
17
100
AcDbEntity
  8
POLYLINES
100
AcDbPolyline
 90
17
 70
0
 10
562.89
 20
180.29
 10
561.59
 20
179.71
 10
560.73
 20
178.13
 10
560.3
 20
175.39
 10
560.3
 20
173.81
 10
560.73
 20
171.07
 10
561.59
 20
169.49
 10
562.89
 20
168.91
 10
563.75
 20
168.91
 10
565.05
 20
169.49
 10
565.91
 20
171.07
 10
566.35
 20
173.81
 10
566.35
 20
175.39
 10
565.91
 20
178.13
 10
565.05
 20
179.71
 10
563.75
 20
180.29
 10
562.89
 20
180.29
  0
LWPOLYLINE
  5
140F
330
17
100
AcDbEntity
  8
POLYLINES
100
AcDbPolyline
 90
13
 70
0
 10
568.94
 20
168.91
 10
568.94
 20
180.29
 10
571.96
 20
180.29
 10
573.26
 20
179.71
 10
574.12
 20
178.7
 10
574.55
 20
177.55
 10
574.99
 20
175.97
 10
574.99
 20
173.23
 10
574.55
 20
171.65
 10
574.12
 20
170.5
 10
573.26
 20
169.49
 10
571.96
 20
168.91
 10
568.94
 20
168.91
  0
LWPOLYLINE
  5
1410
330
17
100
AcDbEntity
  8
POLYLINES
100
AcDbPolyline
 90
4
 70
0
 10
586.22
 20
178.13
 10
587.08
 20
178.7
 10
588.38
 20
180.29
 10
588.38
 20
168.91
  0
LWPOLYLINE
  5
1411
330
17
100
AcDbEntity
  8
POLYLINES
100
AcDbPolyline
 90
3
 70
0
 10
596.59
 20
179.28
 10
595.29
 20
175.54
 10
593.56
 20
172.66
  0
LWPOLYLINE
  5
1412
330
17
100
AcDbEntity
  8
POLYLINES
100
AcDbPolyline
 90
3
 70
0
 10
596.59
 20
177.26
 10
598.17
 20
173.38
 10
599.03
 20
173.52
  0
LWPOLYLINE
  5
1413
330
17
100
AcDbEntity
  8
POLYLINES
100
AcDbPolyline
 90
3
 70
0
 10
604.56
 20
178.51
 10
604.29
 20
170.7
 10
604.66
 20
170.25
  0
LWPOLYLINE
  5
1414
330
17
100
AcDbEntity
  8
POLYLINES
100
AcDbPolyline
 90
4
 70
0
 10
618.76
 20
178.27
 10
618.76
 20
175.1
 10
618.47
 20
171.5
 10
617.75
 20
169.06
  0
LWPOLYLINE
  5
1415
330
17
100
AcDbEntity
  8
POLYLINES
100
AcDbPolyline
 90
3
 70
0
 10
627.11
 20
173.38
 10
628.41
 20
170.06
 10
629.13
 20
170.06
  0
LWPOLYLINE
  5
1416
330
17
100
AcDbEntity
  8
POLYLINES
100
AcDbPolyline
 90
4
 70
0
 10
626.83
 20
173.52
 10
626.83
 20
171.36
 10
626.68
 20
168.91
 10
625.67
 20
170.06
  0
LWPOLYLINE
  5
1417
330
17
100
AcDbEntity
  8
POLYLINES
100
AcDbPolyline
 90
3
 70
0
 10
626.83
 20
172.94
 10
625.67
 20
171.36
 10
623.8
 20
169.78
  0
LWPOLYLINE
  5
1418
330
17
100
AcDbEntity
  8
POLYLINES
100
AcDbPolyline
 90
3
 70
0
 10
630.17
 20
173.55
 10
630.55
 20
173.08
 10
630.92
 20
173.55
  0
LWPOLYLINE
  5
1419
330
17
100
AcDbEntity
  8
POLYLINES
100
AcDbPolyline
 90
3
 70
0
 10
630.26
 20
173.55
 10
630.55
 20
173.2
 10
630.83
 20
173.55
  0
LWPOLYLINE
  5
141A
330
17
100
AcDbEntity
  8
POLYLINES
100
AcDbPolyline
 90
3
 70
0
 10
630.73
 20
173.55
 10
630.55
 20
173.79
 10
630.36
 20
173.55
  0
LWPOLYLINE
  5
141B
330
17
100
AcDbEntity
  8
POLYLINES
100
AcDbPolyline
 90
3
 70
0
 10
630.36
 20
173.55
 10
630.55
 20
173.32
 10
630.73
 20
173.55
  0
LWPOLYLINE
  5
141C
330
17
100
AcDbEntity
  8
POLYLINES
100
AcDbPolyline
 90
3
 70
0
 10
630.17
 20
170.84
 10
630.55
 20
170.36
 10
630.92
 20
170.84
  0
LWPOLYLINE
  5
141D
330
17
100
AcDbEntity
  8
POLYLINES
100
AcDbPolyline
 90
3
 70
0
 10
630.92
 20
170.84
 10
630.55
 20
171.31
 10
630.17
 20
170.84
  0
LWPOLYLINE
  5
141E
330
17
100
AcDbEntity
  8
POLYLINES
100
AcDbPolyline
 90
3
 70
0
 10
630.83
 20
170.84
 10
630.55
 20
171.19
 10
630.26
 20
170.84
  0
LWPOLYLINE
  5
141F
330
17
100
AcDbEntity
  8
POLYLINES
100
AcDbPolyline
 90
3
 70
0
 10
630.26
 20
170.84
 10
630.55
 20
170.48
 10
630.83
 20
170.84
  0
LWPOLYLINE
  5
1420
330
17
100
AcDbEntity
  8
POLYLINES
100
AcDbPolyline
 90
3
 70
0
 10
630.73
 20
170.84
 10
630.55
 20
171.07
 10
630.36
 20
170.84
  0
LWPOLYLINE
  5
1421
330
17
100
AcDbEntity
  8
POLYLINES
100
AcDbPolyline
 90
3
 70
0
 10
630.36
 20
170.84
 10
630.55
 20
170.6
 10
630.73
 20
170.84
  0
LWPOLYLINE
  5
1422
330
17
100
AcDbEntity
  8
POLYLINES
100
AcDbPolyline
 90
3
 70
0
 10
630.92
 20
173.55
 10
630.55
 20
174.03
 10
630.17
 20
173.55
  0
LWPOLYLINE
  5
1423
330
17
100
AcDbEntity
  8
POLYLINES
100
AcDbPolyline
 90
3
 70
0
 10
630.83
 20
173.55
 10
630.55
 20
173.91
 10
630.26
 20
173.55
  0
LWPOLYLINE
  5
1424
330
17
100
AcDbEntity
  8
POLYLINES
100
AcDbPolyline
 90
6
 70
0
 10
643.82
 20
178.56
 10
643.1
 20
175.82
 10
643.82
 20
174.67
 10
643.82
 20
173.09
 10
643.53
 20
172.08
 10
642.81
 20
173.23
  0
LWPOLYLINE
  5
1425
330
17
100
AcDbEntity
  8
POLYLINES
100
AcDbPolyline
 90
4
 70
0
 10
650.73
 20
175.25
 10
650.15
 20
172.08
 10
649.43
 20
170.21
 10
648.28
 20
168.91
  0
LWPOLYLINE
  5
1426
330
17
100
AcDbEntity
  8
POLYLINES
100
AcDbPolyline
 90
3
 70
0
 10
650.73
 20
173.52
 10
652.03
 20
169.49
 10
653.18
 20
169.49
  0
LWPOLYLINE
  5
1427
330
17
100
AcDbEntity
  8
POLYLINES
100
AcDbPolyline
 90
7
 70
0
 10
662.54
 20
179.57
 10
662.54
 20
170.5
 10
662.68
 20
170.06
 10
662.83
 20
169.63
 10
663.4
 20
169.34
 10
665.42
 20
169.49
 10
665.13
 20
171.79
  0
LWPOLYLINE
  5
1428
330
17
100
AcDbEntity
  8
POLYLINES
100
AcDbPolyline
 90
5
 70
0
 10
104.11
 20
157.1
 10
104.54
 20
154.94
 10
104.54
 20
152.35
 10
104.11
 20
149.18
 10
102.95
 20
151.49
  0
LWPOLYLINE
  5
1429
330
17
100
AcDbEntity
  8
POLYLINES
100
AcDbPolyline
 90
3
 70
0
 10
111.74
 20
156.24
 10
111.74
 20
149.04
 10
110.87
 20
150.34
  0
LWPOLYLINE
  5
142A
330
17
100
AcDbEntity
  8
POLYLINES
100
AcDbPolyline
 90
3
 70
0
 10
110.44
 20
159.7
 10
109.43
 20
155.95
 10
107.56
 20
152.5
  0
LWPOLYLINE
  5
142B
330
17
100
AcDbEntity
  8
POLYLINES
100
AcDbPolyline
 90
4
 70
0
 10
114.76
 20
156.38
 10
115.05
 20
154.94
 10
114.76
 20
152.93
 10
114.33
 20
154.22
  0
LWPOLYLINE
  5
142C
330
17
100
AcDbEntity
  8
POLYLINES
100
AcDbPolyline
 90
3
 70
0
 10
117.64
 20
159.26
 10
117.35
 20
155.66
 10
115.77
 20
155.52
  0
LWPOLYLINE
  5
142D
330
17
100
AcDbEntity
  8
POLYLINES
100
AcDbPolyline
 90
3
 70
0
 10
116.06
 20
155.52
 10
117.79
 20
149.76
 10
118.36
 20
149.76
  0
LWPOLYLINE
  5
142E
330
17
100
AcDbEntity
  8
POLYLINES
100
AcDbPolyline
 90
3
 70
0
 10
115.77
 20
159.55
 10
115.77
 20
149.76
 10
116.49
 20
151.2
  0
LWPOLYLINE
  5
142F
330
17
100
AcDbEntity
  8
POLYLINES
100
AcDbPolyline
 90
3
 70
0
 10
122.25
 20
153.07
 10
121.67
 20
150.77
 10
120.23
 20
148.9
  0
LWPOLYLINE
  5
1430
330
17
100
AcDbEntity
  8
POLYLINES
100
AcDbPolyline
 90
3
 70
0
 10
134.35
 20
158.98
 10
136.22
 20
153.22
 10
136.94
 20
153.22
  0
LWPOLYLINE
  5
1431
330
17
100
AcDbEntity
  8
POLYLINES
100
AcDbPolyline
 90
3
 70
0
 10
133.34
 20
157.68
 10
132.47
 20
154.66
 10
131.61
 20
152.64
  0
LWPOLYLINE
  5
1432
330
17
100
AcDbEntity
  8
POLYLINES
100
AcDbPolyline
 90
4
 70
0
 10
141.11
 20
151.2
 10
141.98
 20
149.18
 10
142.12
 20
150.91
 10
142.41
 20
159.41
  0
LWPOLYLINE
  5
1433
330
17
100
AcDbEntity
  8
POLYLINES
100
AcDbPolyline
 90
3
 70
0
 10
143.94
 20
150.4
 10
144.4
 20
158.21
 10
144.04
 20
158.67
  0
LWPOLYLINE
  5
1434
330
17
100
AcDbEntity
  8
POLYLINES
100
AcDbPolyline
 90
5
 70
0
 10
150.91
 20
152.21
 10
150.91
 20
151.63
 10
150.76
 20
151.06
 10
150.33
 20
150.48
 10
149.75
 20
150.34
  0
LWPOLYLINE
  5
1435
330
17
100
AcDbEntity
  8
POLYLINES
100
AcDbPolyline
 90
3
 70
0
 10
150.18
 20
152.29
 10
150.56
 20
151.82
 10
150.94
 20
152.29
  0
LWPOLYLINE
  5
1436
330
17
100
AcDbEntity
  8
POLYLINES
100
AcDbPolyline
 90
3
 70
0
 10
150.94
 20
152.29
 10
150.56
 20
152.77
 10
150.18
 20
152.29
  0
LWPOLYLINE
  5
1437
330
17
100
AcDbEntity
  8
POLYLINES
100
AcDbPolyline
 90
3
 70
0
 10
150.84
 20
152.29
 10
150.56
 20
152.65
 10
150.28
 20
152.29
  0
LWPOLYLINE
  5
1438
330
17
100
AcDbEntity
  8
POLYLINES
100
AcDbPolyline
 90
3
 70
0
 10
150.28
 20
152.29
 10
150.56
 20
151.94
 10
150.84
 20
152.29
  0
LWPOLYLINE
  5
1439
330
17
100
AcDbEntity
  8
POLYLINES
100
AcDbPolyline
 90
3
 70
0
 10
150.75
 20
152.29
 10
150.56
 20
152.53
 10
150.37
 20
152.29
  0
LWPOLYLINE
  5
143A
330
17
100
AcDbEntity
  8
POLYLINES
100
AcDbPolyline
 90
3
 70
0
 10
150.37
 20
152.29
 10
150.56
 20
152.06
 10
150.75
 20
152.29
  0
LWPOLYLINE
  5
143B
330
17
100
AcDbEntity
  8
POLYLINES
100
AcDbPolyline
 90
5
 70
0
 10
161.13
 20
152.06
 10
161.13
 20
150.05
 10
160.41
 20
150.05
 10
159.98
 20
151.06
 10
159.98
 20
158.54
  0
LWPOLYLINE
  5
143C
330
17
100
AcDbEntity
  8
POLYLINES
100
AcDbPolyline
 90
4
 70
0
 10
157.82
 20
149.18
 10
158.54
 20
151.2
 10
158.83
 20
154.08
 10
158.83
 20
158.69
  0
LWPOLYLINE
  5
143D
330
17
100
AcDbEntity
  8
POLYLINES
100
AcDbPolyline
 90
4
 70
0
 10
169.48
 20
159.26
 10
169.48
 20
154.8
 10
169.05
 20
152.06
 10
167.9
 20
149.04
  0
LWPOLYLINE
  5
143E
330
17
100
AcDbEntity
  8
POLYLINES
100
AcDbPolyline
 90
3
 70
0
 10
169.91
 20
154.8
 10
172.22
 20
149.47
 10
173.08
 20
149.47
  0
LWPOLYLINE
  5
143F
330
17
100
AcDbEntity
  8
POLYLINES
100
AcDbPolyline
 90
3
 70
0
 10
177.55
 20
159.7
 10
177.26
 20
149.33
 10
176.39
 20
150.91
  0
LWPOLYLINE
  5
1440
330
17
100
AcDbEntity
  8
POLYLINES
100
AcDbPolyline
 90
3
 70
0
 10
191.08
 20
156.67
 10
190.22
 20
149.04
 10
189.07
 20
151.2
  0
LWPOLYLINE
  5
1441
330
17
100
AcDbEntity
  8
POLYLINES
100
AcDbPolyline
 90
14
 70
0
 10
192.09
 20
157.68
 10
192.09
 20
158.26
 10
192.52
 20
159.41
 10
192.95
 20
159.84
 10
193.82
 20
160.42
 10
195.55
 20
160.42
 10
196.41
 20
159.84
 10
196.84
 20
159.41
 10
197.27
 20
158.26
 10
197.27
 20
157.25
 10
196.84
 20
156.1
 10
195.98
 20
154.51
 10
191.66
 20
149.04
 10
197.71
 20
149.04
  0
LWPOLYLINE
  5
1442
330
17
100
AcDbEntity
  8
POLYLINES
100
AcDbPolyline
 90
14
 70
0
 10
200.73
 20
157.68
 10
200.73
 20
158.26
 10
201.16
 20
159.41
 10
201.59
 20
159.84
 10
202.46
 20
160.42
 10
204.19
 20
160.42
 10
205.05
 20
159.84
 10
205.48
 20
159.41
 10
205.91
 20
158.26
 10
205.91
 20
157.25
 10
205.48
 20
156.1
 10
204.62
 20
154.51
 10
200.3
 20
149.04
 10
206.35
 20
149.04
  0
LWPOLYLINE
  5
1443
330
17
100
AcDbEntity
  8
POLYLINES
100
AcDbPolyline
 90
23
 70
0
 10
214.12
 20
158.83
 10
213.69
 20
159.84
 10
212.39
 20
160.42
 10
211.53
 20
160.42
 10
210.23
 20
159.84
 10
209.37
 20
158.26
 10
208.94
 20
155.52
 10
208.94
 20
152.93
 10
209.37
 20
150.77
 10
210.23
 20
149.62
 10
211.53
 20
149.04
 10
211.96
 20
149.04
 10
213.26
 20
149.62
 10
214.12
 20
150.77
 10
214.55
 20
152.35
 10
214.55
 20
152.93
 10
214.12
 20
154.51
 10
213.26
 20
155.52
 10
211.96
 20
156.1
 10
211.53
 20
156.1
 10
210.23
 20
155.52
 10
209.37
 20
154.51
 10
208.94
 20
152.93
  0
LWPOLYLINE
  5
1444
330
17
100
AcDbEntity
  8
POLYLINES
100
AcDbPolyline
 90
17
 70
0
 10
220.17
 20
160.42
 10
218.87
 20
159.84
 10
218.01
 20
158.26
 10
217.58
 20
155.52
 10
217.58
 20
153.94
 10
218.01
 20
151.2
 10
218.87
 20
149.62
 10
220.17
 20
149.04
 10
221.03
 20
149.04
 10
222.33
 20
149.62
 10
223.19
 20
151.2
 10
223.63
 20
153.94
 10
223.63
 20
155.52
 10
223.19
 20
158.26
 10
222.33
 20
159.84
 10
221.03
 20
160.42
 10
220.17
 20
160.42
  0
LWPOLYLINE
  5
1445
330
17
100
AcDbEntity
  8
POLYLINES
100
AcDbPolyline
 90
7
 70
0
 10
226.22
 20
154.51
 10
227.51
 20
156.1
 10
228.38
 20
156.67
 10
229.67
 20
156.67
 10
230.54
 20
156.1
 10
230.97
 20
154.51
 10
230.97
 20
149.04
  0
LWPOLYLINE
  5
1446
330
17
100
AcDbEntity
  8
POLYLINES
100
AcDbPolyline
 90
7
 70
0
 10
230.97
 20
154.51
 10
232.27
 20
156.1
 10
233.13
 20
156.67
 10
234.43
 20
156.67
 10
235.29
 20
156.1
 10
235.72
 20
154.51
 10
235.72
 20
149.04
  0
LWPOLYLINE
  5
1447
330
17
100
AcDbEntity
  8
POLYLINES
100
AcDbPolyline
 90
7
 70
0
 10
239.18
 20
154.51
 10
240.47
 20
156.1
 10
241.34
 20
156.67
 10
242.63
 20
156.67
 10
243.5
 20
156.1
 10
243.93
 20
154.51
 10
243.93
 20
149.04
  0
LWPOLYLINE
  5
1448
330
17
100
AcDbEntity
  8
POLYLINES
100
AcDbPolyline
 90
7
 70
0
 10
243.93
 20
154.51
 10
245.23
 20
156.1
 10
246.09
 20
156.67
 10
247.39
 20
156.67
 10
248.25
 20
156.1
 10
248.68
 20
154.51
 10
248.68
 20
149.04
  0
LWPOLYLINE
  5
1449
330
17
100
AcDbEntity
  8
POLYLINES
100
AcDbPolyline
 90
3
 70
0
 10
257.52
 20
158.67
 10
257.24
 20
150.85
 10
257.61
 20
150.4
  0
LWPOLYLINE
  5
144A
330
17
100
AcDbEntity
  8
POLYLINES
100
AcDbPolyline
 90
3
 70
0
 10
261.21
 20
159.41
 10
260.2
 20
156.38
 10
258.62
 20
153.36
  0
LWPOLYLINE
  5
144B
330
17
100
AcDbEntity
  8
POLYLINES
100
AcDbPolyline
 90
23
 70
0
 10
269.42
 20
158.83
 10
268.99
 20
159.84
 10
267.69
 20
160.42
 10
266.83
 20
160.42
 10
265.53
 20
159.84
 10
264.67
 20
158.26
 10
264.23
 20
155.52
 10
264.23
 20
152.93
 10
264.67
 20
150.77
 10
265.53
 20
149.62
 10
266.83
 20
149.04
 10
267.26
 20
149.04
 10
268.55
 20
149.62
 10
269.42
 20
150.77
 10
269.85
 20
152.35
 10
269.85
 20
152.93
 10
269.42
 20
154.51
 10
268.55
 20
155.52
 10
267.26
 20
156.1
 10
266.83
 20
156.1
 10
265.53
 20
155.52
 10
264.67
 20
154.51
 10
264.23
 20
152.93
  0
LWPOLYLINE
  5
144C
330
17
100
AcDbEntity
  8
POLYLINES
100
AcDbPolyline
 90
17
 70
0
 10
275.47
 20
160.42
 10
274.17
 20
159.84
 10
273.31
 20
158.26
 10
272.87
 20
155.52
 10
272.87
 20
153.94
 10
273.31
 20
151.2
 10
274.17
 20
149.62
 10
275.47
 20
149.04
 10
276.33
 20
149.04
 10
277.63
 20
149.62
 10
278.49
 20
151.2
 10
278.92
 20
153.94
 10
278.92
 20
155.52
 10
278.49
 20
158.26
 10
277.63
 20
159.84
 10
276.33
 20
160.42
 10
275.47
 20
160.42
  0
LWPOLYLINE
  5
144D
330
17
100
AcDbEntity
  8
POLYLINES
100
AcDbPolyline
 90
7
 70
0
 10
281.51
 20
154.51
 10
282.81
 20
156.1
 10
283.67
 20
156.67
 10
284.97
 20
156.67
 10
285.83
 20
156.1
 10
286.27
 20
154.51
 10
286.27
 20
149.04
  0
LWPOLYLINE
  5
144E
330
17
100
AcDbEntity
  8
POLYLINES
100
AcDbPolyline
 90
7
 70
0
 10
286.27
 20
154.51
 10
287.56
 20
156.1
 10
288.43
 20
156.67
 10
289.72
 20
156.67
 10
290.59
 20
156.1
 10
291.02
 20
154.51
 10
291.02
 20
149.04
  0
LWPOLYLINE
  5
144F
330
17
100
AcDbEntity
  8
POLYLINES
100
AcDbPolyline
 90
7
 70
0
 10
294.47
 20
154.51
 10
295.77
 20
156.1
 10
296.63
 20
156.67
 10
297.93
 20
156.67
 10
298.79
 20
156.1
 10
299.23
 20
154.51
 10
299.23
 20
149.04
  0
LWPOLYLINE
  5
1450
330
17
100
AcDbEntity
  8
POLYLINES
100
AcDbPolyline
 90
7
 70
0
 10
299.23
 20
154.51
 10
300.52
 20
156.1
 10
301.39
 20
156.67
 10
302.68
 20
156.67
 10
303.55
 20
156.1
 10
303.98
 20
154.51
 10
303.98
 20
149.04
  0
LWPOLYLINE
  5
1451
330
17
100
AcDbEntity
  8
POLYLINES
100
AcDbPolyline
 90
4
 70
0
 10
310.89
 20
159.26
 10
310.75
 20
154.37
 10
310.31
 20
151.78
 10
309.74
 20
149.47
  0
LWPOLYLINE
  5
1452
330
17
100
AcDbEntity
  8
POLYLINES
100
AcDbPolyline
 90
3
 70
0
 10
311.18
 20
149.47
 10
312.47
 20
149.76
 10
312.62
 20
148.9
  0
LWPOLYLINE
  5
1453
330
17
100
AcDbEntity
  8
POLYLINES
100
AcDbPolyline
 90
5
 70
0
 10
315.07
 20
152.21
 10
315.07
 20
151.63
 10
314.92
 20
151.06
 10
314.35
 20
150.48
 10
313.91
 20
150.34
  0
LWPOLYLINE
  5
1454
330
17
100
AcDbEntity
  8
POLYLINES
100
AcDbPolyline
 90
3
 70
0
 10
314.32
 20
152.29
 10
314.7
 20
151.82
 10
315.08
 20
152.29
  0
LWPOLYLINE
  5
1455
330
17
100
AcDbEntity
  8
POLYLINES
100
AcDbPolyline
 90
3
 70
0
 10
315.08
 20
152.29
 10
314.7
 20
152.77
 10
314.32
 20
152.29
  0
LWPOLYLINE
  5
1456
330
17
100
AcDbEntity
  8
POLYLINES
100
AcDbPolyline
 90
3
 70
0
 10
314.98
 20
152.29
 10
314.7
 20
152.65
 10
314.42
 20
152.29
  0
LWPOLYLINE
  5
1457
330
17
100
AcDbEntity
  8
POLYLINES
100
AcDbPolyline
 90
3
 70
0
 10
314.42
 20
152.29
 10
314.7
 20
151.94
 10
314.98
 20
152.29
  0
LWPOLYLINE
  5
1458
330
17
100
AcDbEntity
  8
POLYLINES
100
AcDbPolyline
 90
3
 70
0
 10
314.89
 20
152.29
 10
314.7
 20
152.53
 10
314.51
 20
152.29
  0
LWPOLYLINE
  5
1459
330
17
100
AcDbEntity
  8
POLYLINES
100
AcDbPolyline
 90
3
 70
0
 10
314.51
 20
152.29
 10
314.7
 20
152.06
 10
314.89
 20
152.29
  0
LWPOLYLINE
  5
145A
330
17
100
AcDbEntity
  8
POLYLINES
100
AcDbPolyline
 90
3
 70
0
 10
324.71
 20
154.94
 10
324.28
 20
149.18
 10
323.42
 20
150.48
  0
LWPOLYLINE
  5
145B
330
17
100
AcDbEntity
  8
POLYLINES
100
AcDbPolyline
 90
3
 70
0
 10
326.23
 20
150.4
 10
326.68
 20
158.21
 10
326.32
 20
158.67
  0
LWPOLYLINE
  5
145C
330
17
100
AcDbEntity
  8
POLYLINES
100
AcDbPolyline
 90
23
 70
0
 10
344.15
 20
158.83
 10
343.72
 20
159.84
 10
342.43
 20
160.42
 10
341.56
 20
160.42
 10
340.27
 20
159.84
 10
339.4
 20
158.26
 10
338.97
 20
155.52
 10
338.97
 20
152.93
 10
339.4
 20
150.77
 10
340.27
 20
149.62
 10
341.56
 20
149.04
 10
341.99
 20
149.04
 10
343.29
 20
149.62
 10
344.15
 20
150.77
 10
344.59
 20
152.35
 10
344.59
 20
152.93
 10
344.15
 20
154.51
 10
343.29
 20
155.52
 10
341.99
 20
156.1
 10
341.56
 20
156.1
 10
340.27
 20
155.52
 10
339.4
 20
154.51
 10
338.97
 20
152.93
  0
LWPOLYLINE
  5
145D
330
17
100
AcDbEntity
  8
POLYLINES
100
AcDbPolyline
 90
17
 70
0
 10
350.2
 20
160.42
 10
348.91
 20
159.84
 10
348.04
 20
158.26
 10
347.61
 20
155.52
 10
347.61
 20
153.94
 10
348.04
 20
151.2
 10
348.91
 20
149.62
 10
350.2
 20
149.04
 10
351.07
 20
149.04
 10
352.36
 20
149.62
 10
353.23
 20
151.2
 10
353.66
 20
153.94
 10
353.66
 20
155.52
 10
353.23
 20
158.26
 10
352.36
 20
159.84
 10
351.07
 20
160.42
 10
350.2
 20
160.42
  0
LWPOLYLINE
  5
145E
330
17
100
AcDbEntity
  8
POLYLINES
100
AcDbPolyline
 90
17
 70
0
 10
358.84
 20
160.42
 10
357.55
 20
159.84
 10
356.68
 20
158.26
 10
356.25
 20
155.52
 10
356.25
 20
153.94
 10
356.68
 20
151.2
 10
357.55
 20
149.62
 10
358.84
 20
149.04
 10
359.71
 20
149.04
 10
361.0
 20
149.62
 10
361.87
 20
151.2
 10
362.3
 20
153.94
 10
362.3
 20
155.52
 10
361.87
 20
158.26
 10
361.0
 20
159.84
 10
359.71
 20
160.42
 10
358.84
 20
160.42
  0
LWPOLYLINE
  5
145F
330
17
100
AcDbEntity
  8
POLYLINES
100
AcDbPolyline
 90
7
 70
0
 10
364.89
 20
154.51
 10
366.19
 20
156.1
 10
367.05
 20
156.67
 10
368.35
 20
156.67
 10
369.21
 20
156.1
 10
369.64
 20
154.51
 10
369.64
 20
149.04
  0
LWPOLYLINE
  5
1460
330
17
100
AcDbEntity
  8
POLYLINES
100
AcDbPolyline
 90
7
 70
0
 10
369.64
 20
154.51
 10
370.94
 20
156.1
 10
371.8
 20
156.67
 10
373.1
 20
156.67
 10
373.96
 20
156.1
 10
374.39
 20
154.51
 10
374.39
 20
149.04
  0
LWPOLYLINE
  5
1461
330
17
100
AcDbEntity
  8
POLYLINES
100
AcDbPolyline
 90
7
 70
0
 10
377.85
 20
154.51
 10
379.15
 20
156.1
 10
380.01
 20
156.67
 10
381.31
 20
156.67
 10
382.17
 20
156.1
 10
382.6
 20
154.51
 10
382.6
 20
149.04
  0
LWPOLYLINE
  5
1462
330
17
100
AcDbEntity
  8
POLYLINES
100
AcDbPolyline
 90
7
 70
0
 10
382.6
 20
154.51
 10
383.9
 20
156.1
 10
384.76
 20
156.67
 10
386.06
 20
156.67
 10
386.92
 20
156.1
 10
387.35
 20
154.51
 10
387.35
 20
149.04
  0
LWPOLYLINE
  5
1463
330
17
100
AcDbEntity
  8
POLYLINES
100
AcDbPolyline
 90
23
 70
0
 10
403.34
 20
158.83
 10
402.91
 20
159.84
 10
401.61
 20
160.42
 10
400.75
 20
160.42
 10
399.45
 20
159.84
 10
398.59
 20
158.26
 10
398.15
 20
155.52
 10
398.15
 20
152.93
 10
398.59
 20
150.77
 10
399.45
 20
149.62
 10
400.75
 20
149.04
 10
401.18
 20
149.04
 10
402.47
 20
149.62
 10
403.34
 20
150.77
 10
403.77
 20
152.35
 10
403.77
 20
152.93
 10
403.34
 20
154.51
 10
402.47
 20
155.52
 10
401.18
 20
156.1
 10
400.75
 20
156.1
 10
399.45
 20
155.52
 10
398.59
 20
154.51
 10
398.15
 20
152.93
  0
LWPOLYLINE
  5
1464
330
17
100
AcDbEntity
  8
POLYLINES
100
AcDbPolyline
 90
17
 70
0
 10
409.39
 20
160.42
 10
408.09
 20
159.84
 10
407.23
 20
158.26
 10
406.79
 20
155.52
 10
406.79
 20
153.94
 10
407.23
 20
151.2
 10
408.09
 20
149.62
 10
409.39
 20
149.04
 10
410.25
 20
149.04
 10
411.55
 20
149.62
 10
412.41
 20
151.2
 10
412.84
 20
153.94
 10
412.84
 20
155.52
 10
412.41
 20
158.26
 10
411.55
 20
159.84
 10
410.25
 20
160.42
 10
409.39
 20
160.42
  0
LWPOLYLINE
  5
1465
330
17
100
AcDbEntity
  8
POLYLINES
100
AcDbPolyline
 90
17
 70
0
 10
418.03
 20
160.42
 10
416.73
 20
159.84
 10
415.87
 20
158.26
 10
415.43
 20
155.52
 10
415.43
 20
153.94
 10
415.87
 20
151.2
 10
416.73
 20
149.62
 10
418.03
 20
149.04
 10
418.89
 20
149.04
 10
420.19
 20
149.62
 10
421.05
 20
151.2
 10
421.48
 20
153.94
 10
421.48
 20
155.52
 10
421.05
 20
158.26
 10
420.19
 20
159.84
 10
418.89
 20
160.42
 10
418.03
 20
160.42
  0
LWPOLYLINE
  5
1466
330
17
100
AcDbEntity
  8
POLYLINES
100
AcDbPolyline
 90
7
 70
0
 10
424.07
 20
154.51
 10
425.37
 20
156.1
 10
426.23
 20
156.67
 10
427.53
 20
156.67
 10
428.39
 20
156.1
 10
428.83
 20
154.51
 10
428.83
 20
149.04
  0
LWPOLYLINE
  5
1467
330
17
100
AcDbEntity
  8
POLYLINES
100
AcDbPolyline
 90
7
 70
0
 10
428.83
 20
154.51
 10
430.12
 20
156.1
 10
430.99
 20
156.67
 10
432.28
 20
156.67
 10
433.15
 20
156.1
 10
433.58
 20
154.51
 10
433.58
 20
149.04
  0
LWPOLYLINE
  5
1468
330
17
100
AcDbEntity
  8
POLYLINES
100
AcDbPolyline
 90
7
 70
0
 10
437.03
 20
154.51
 10
438.33
 20
156.1
 10
439.19
 20
156.67
 10
440.49
 20
156.67
 10
441.35
 20
156.1
 10
441.79
 20
154.51
 10
441.79
 20
149.04
  0
LWPOLYLINE
  5
1469
330
17
100
AcDbEntity
  8
POLYLINES
100
AcDbPolyline
 90
7
 70
0
 10
441.79
 20
154.51
 10
443.08
 20
156.1
 10
443.95
 20
156.67
 10
445.24
 20
156.67
 10
446.11
 20
156.1
 10
446.54
 20
154.51
 10
446.54
 20
149.04
  0
LWPOLYLINE
  5
146A
330
17
100
AcDbEntity
  8
POLYLINES
100
AcDbPolyline
 90
3
 70
0
 10
451.0
 20
150.99
 10
451.67
 20
150.17
 10
452.33
 20
150.99
  0
LWPOLYLINE
  5
146B
330
17
100
AcDbEntity
  8
POLYLINES
100
AcDbPolyline
 90
3
 70
0
 10
452.33
 20
150.99
 10
451.67
 20
151.82
 10
451.0
 20
150.99
  0
LWPOLYLINE
  5
146C
330
17
100
AcDbEntity
  8
POLYLINES
100
AcDbPolyline
 90
3
 70
0
 10
452.42
 20
150.99
 10
451.67
 20
151.94
 10
450.91
 20
150.99
  0
LWPOLYLINE
  5
146D
330
17
100
AcDbEntity
  8
POLYLINES
100
AcDbPolyline
 90
3
 70
0
 10
450.91
 20
150.99
 10
451.67
 20
150.05
 10
452.42
 20
150.99
  0
LWPOLYLINE
  5
146E
330
17
100
AcDbEntity
  8
POLYLINES
100
AcDbPolyline
 90
3
 70
0
 10
459.07
 20
156.38
 10
457.91
 20
153.65
 10
456.47
 20
150.91
  0
LWPOLYLINE
  5
146F
330
17
100
AcDbEntity
  8
POLYLINES
100
AcDbPolyline
 90
3
 70
0
 10
459.35
 20
156.38
 10
461.08
 20
151.34
 10
461.8
 20
151.34
  0
LWPOLYLINE
  5
1470
330
17
100
AcDbEntity
  8
POLYLINES
100
AcDbPolyline
 90
3
 70
0
 10
467.13
 20
149.62
 10
467.13
 20
149.9
 10
466.84
 20
150.48
  0
LWPOLYLINE
  5
1471
330
17
100
AcDbEntity
  8
POLYLINES
100
AcDbPolyline
 90
3
 70
0
 10
464.68
 20
155.81
 10
466.55
 20
153.36
 10
466.99
 20
153.5
  0
LWPOLYLINE
  5
1472
330
17
100
AcDbEntity
  8
POLYLINES
100
AcDbPolyline
 90
3
 70
0
 10
464.68
 20
154.22
 10
465.26
 20
155.09
 10
466.27
 20
157.25
  0
LWPOLYLINE
  5
1473
330
17
100
AcDbEntity
  8
POLYLINES
100
AcDbPolyline
 90
4
 70
0
 10
471.31
 20
154.37
 10
470.15
 20
152.21
 10
469.29
 20
150.77
 10
468.43
 20
149.76
  0
LWPOLYLINE
  5
1474
330
17
100
AcDbEntity
  8
POLYLINES
100
AcDbPolyline
 90
3
 70
0
 10
471.59
 20
154.37
 10
473.18
 20
150.05
 10
474.04
 20
150.05
  0
LWPOLYLINE
  5
1475
330
17
100
AcDbEntity
  8
POLYLINES
100
AcDbPolyline
 90
3
 70
0
 10
491.61
 20
150.19
 10
491.47
 20
149.18
 10
490.89
 20
150.62
  0
LWPOLYLINE
  5
1476
330
17
100
AcDbEntity
  8
POLYLINES
100
AcDbPolyline
 90
3
 70
0
 10
490.46
 20
154.37
 10
490.17
 20
152.06
 10
489.31
 20
149.47
  0
LWPOLYLINE
  5
1477
330
17
100
AcDbEntity
  8
POLYLINES
100
AcDbPolyline
 90
3
 70
0
 10
497.37
 20
156.24
 10
496.79
 20
149.04
 10
496.22
 20
150.34
  0
LWPOLYLINE
  5
1478
330
17
100
AcDbEntity
  8
POLYLINES
100
AcDbPolyline
 90
3
 70
0
 10
502.7
 20
157.39
 10
500.39
 20
154.37
 10
498.81
 20
153.07
  0
LWPOLYLINE
  5
1479
330
17
100
AcDbEntity
  8
POLYLINES
100
AcDbPolyline
 90
3
 70
0
 10
509.9
 20
158.98
 10
509.9
 20
149.33
 10
509.03
 20
150.62
  0
LWPOLYLINE
  5
147A
330
17
100
AcDbEntity
  8
POLYLINES
100
AcDbPolyline
 90
3
 70
0
 10
507.16
 20
159.26
 10
507.16
 20
153.07
 10
506.44
 20
149.18
  0
LWPOLYLINE
  5
147B
330
17
100
AcDbEntity
  8
POLYLINES
100
AcDbPolyline
 90
6
 70
0
 10
524.87
 20
158.83
 10
524.15
 20
155.95
 10
524.73
 20
154.8
 10
524.73
 20
153.22
 10
524.59
 20
152.21
 10
523.87
 20
153.36
  0
LWPOLYLINE
  5
147C
330
17
100
AcDbEntity
  8
POLYLINES
100
AcDbPolyline
 90
5
 70
0
 10
531.5
 20
157.1
 10
531.5
 20
150.05
 10
531.79
 20
149.47
 10
534.09
 20
149.62
 10
533.95
 20
151.63
  0
LWPOLYLINE
  5
147D
330
17
100
AcDbEntity
  8
POLYLINES
100
AcDbPolyline
 90
3
 70
0
 10
533.8
 20
156.24
 10
533.23
 20
151.49
 10
532.79
 20
152.35
  0
LWPOLYLINE
  5
147E
330
17
100
AcDbEntity
  8
POLYLINES
100
AcDbPolyline
 90
3
 70
0
 10
540.14
 20
158.98
 10
540.14
 20
149.33
 10
539.27
 20
150.62
  0
LWPOLYLINE
  5
147F
330
17
100
AcDbEntity
  8
POLYLINES
100
AcDbPolyline
 90
3
 70
0
 10
537.4
 20
159.26
 10
537.4
 20
153.07
 10
536.68
 20
149.18
  0
LWPOLYLINE
  5
1480
330
17
100
AcDbEntity
  8
POLYLINES
100
AcDbPolyline
 90
3
 70
0
 10
545.61
 20
149.18
 10
545.9
 20
152.5
 10
546.19
 20
157.1
  0
LWPOLYLINE
  5
1481
330
17
100
AcDbEntity
  8
POLYLINES
100
AcDbPolyline
 90
4
 70
0
 10
550.22
 20
155.23
 10
550.22
 20
149.9
 10
550.65
 20
149.47
 10
552.23
 20
149.47
  0
LWPOLYLINE
  5
1482
330
17
100
AcDbEntity
  8
POLYLINES
100
AcDbPolyline
 90
4
 70
0
 10
547.19
 20
149.04
 10
547.91
 20
150.05
 10
548.92
 20
152.21
 10
549.5
 20
154.94
  0
LWPOLYLINE
  5
1483
330
17
100
AcDbEntity
  8
POLYLINES
100
AcDbPolyline
 90
7
 70
0
 10
555.69
 20
159.7
 10
555.69
 20
150.62
 10
555.83
 20
150.19
 10
555.98
 20
149.76
 10
556.41
 20
149.47
 10
558.57
 20
149.62
 10
558.28
 20
151.92
  0
LWPOLYLINE
  5
1484
330
17
100
AcDbEntity
  8
POLYLINES
100
AcDbPolyline
 90
4
 70
0
 10
568.51
 20
156.67
 10
567.93
 20
154.8
 10
567.35
 20
153.07
 10
566.63
 20
151.06
  0
LWPOLYLINE
  5
1485
330
17
100
AcDbEntity
  8
POLYLINES
100
AcDbPolyline
 90
3
 70
0
 10
568.79
 20
156.67
 10
570.52
 20
151.78
 10
570.95
 20
151.78
  0
LWPOLYLINE
  5
1486
330
17
100
AcDbEntity
  8
POLYLINES
100
AcDbPolyline
 90
5
 70
0
 10
574.41
 20
159.41
 10
574.41
 20
150.19
 10
574.84
 20
149.76
 10
576.71
 20
149.76
 10
576.43
 20
152.35
  0
LWPOLYLINE
  5
1487
330
17
100
AcDbEntity
  8
POLYLINES
100
AcDbPolyline
 90
3
 70
0
 10
580.17
 20
157.1
 10
579.88
 20
155.66
 10
579.31
 20
154.37
  0
LWPOLYLINE
  5
1488
330
17
100
AcDbEntity
  8
POLYLINES
100
AcDbPolyline
 90
3
 70
0
 10
578.87
 20
149.18
 10
580.31
 20
150.77
 10
581.03
 20
152.21
  0
LWPOLYLINE
  5
1489
330
17
100
AcDbEntity
  8
POLYLINES
100
AcDbPolyline
 90
3
 70
0
 10
580.03
 20
153.5
 10
581.9
 20
149.33
 10
582.76
 20
149.33
  0
LWPOLYLINE
  5
148A
330
17
100
AcDbEntity
  8
POLYLINES
100
AcDbPolyline
 90
5
 70
0
 10
581.32
 20
159.12
 10
581.32
 20
157.68
 10
581.47
 20
156.1
 10
581.75
 20
155.52
 10
582.62
 20
155.52
  0
LWPOLYLINE
  5
148B
330
17
100
AcDbEntity
  8
POLYLINES
100
AcDbPolyline
 90
3
 70
0
 10
585.21
 20
156.96
 10
588.23
 20
153.5
 10
588.81
 20
153.65
  0
LWPOLYLINE
  5
148C
330
17
100
AcDbEntity
  8
POLYLINES
100
AcDbPolyline
 90
4
 70
0
 10
587.51
 20
158.4
 10
586.22
 20
156.1
 10
584.63
 20
153.94
 10
583.34
 20
152.64
  0
LWPOLYLINE
  5
148D
330
17
100
AcDbEntity
  8
POLYLINES
100
AcDbPolyline
 90
5
 70
0
 10
590.68
 20
152.21
 10
590.68
 20
151.63
 10
590.54
 20
151.06
 10
589.96
 20
150.48
 10
589.53
 20
150.34
  0
LWPOLYLINE
  5
148E
330
17
100
AcDbEntity
  8
POLYLINES
100
AcDbPolyline
 90
3
 70
0
 10
589.9
 20
152.29
 10
590.28
 20
151.82
 10
590.66
 20
152.29
  0
LWPOLYLINE
  5
148F
330
17
100
AcDbEntity
  8
POLYLINES
100
AcDbPolyline
 90
3
 70
0
 10
590.66
 20
152.29
 10
590.28
 20
152.77
 10
589.9
 20
152.29
  0
LWPOLYLINE
  5
1490
330
17
100
AcDbEntity
  8
POLYLINES
100
AcDbPolyline
 90
3
 70
0
 10
590.56
 20
152.29
 10
590.28
 20
152.65
 10
590.0
 20
152.29
  0
LWPOLYLINE
  5
1491
330
17
100
AcDbEntity
  8
POLYLINES
100
AcDbPolyline
 90
3
 70
0
 10
590.0
 20
152.29
 10
590.28
 20
151.94
 10
590.56
 20
152.29
  0
LWPOLYLINE
  5
1492
330
17
100
AcDbEntity
  8
POLYLINES
100
AcDbPolyline
 90
3
 70
0
 10
590.47
 20
152.29
 10
590.28
 20
152.53
 10
590.09
 20
152.29
  0
LWPOLYLINE
  5
1493
330
17
100
AcDbEntity
  8
POLYLINES
100
AcDbPolyline
 90
3
 70
0
 10
590.09
 20
152.29
 10
590.28
 20
152.06
 10
590.47
 20
152.29
  0
LWPOLYLINE
  5
1494
330
17
100
AcDbEntity
  8
POLYLINES
100
AcDbPolyline
 90
6
 70
0
 10
603.5
 20
158.83
 10
602.78
 20
155.95
 10
603.35
 20
154.8
 10
603.35
 20
153.22
 10
603.21
 20
152.21
 10
602.49
 20
153.36
  0
LWPOLYLINE
  5
1495
330
17
100
AcDbEntity
  8
POLYLINES
100
AcDbPolyline
 90
5
 70
0
 10
610.12
 20
157.1
 10
610.12
 20
150.05
 10
610.41
 20
149.47
 10
612.71
 20
149.62
 10
612.57
 20
151.63
  0
LWPOLYLINE
  5
1496
330
17
100
AcDbEntity
  8
POLYLINES
100
AcDbPolyline
 90
3
 70
0
 10
612.43
 20
156.24
 10
611.85
 20
151.49
 10
611.42
 20
152.35
  0
LWPOLYLINE
  5
1497
330
17
100
AcDbEntity
  8
POLYLINES
100
AcDbPolyline
 90
3
 70
0
 10
618.76
 20
158.98
 10
618.76
 20
149.33
 10
617.9
 20
150.62
  0
LWPOLYLINE
  5
1498
330
17
100
AcDbEntity
  8
POLYLINES
100
AcDbPolyline
 90
3
 70
0
 10
616.03
 20
159.26
 10
616.03
 20
153.07
 10
615.16
 20
149.18
  0
LWPOLYLINE
  5
1499
330
17
100
AcDbEntity
  8
POLYLINES
100
AcDbPolyline
 90
4
 70
0
 10
623.08
 20
155.81
 10
623.08
 20
150.05
 10
623.66
 20
149.47
 10
625.24
 20
149.47
  0
LWPOLYLINE
  5
149A
330
17
100
AcDbEntity
  8
POLYLINES
100
AcDbPolyline
 90
4
 70
0
 10
619.77
 20
149.04
 10
620.63
 20
150.19
 10
621.64
 20
152.5
 10
622.22
 20
155.52
  0
LWPOLYLINE
  5
149B
330
17
100
AcDbEntity
  8
POLYLINES
100
AcDbPolyline
 90
7
 70
0
 10
628.99
 20
160.56
 10
628.99
 20
150.77
 10
629.13
 20
150.19
 10
629.27
 20
149.9
 10
629.85
 20
149.47
 10
632.15
 20
149.62
 10
631.72
 20
152.21
  0
LWPOLYLINE
  5
149C
330
17
100
AcDbEntity
  8
POLYLINES
100
AcDbPolyline
 90
4
 70
0
 10
642.81
 20
157.25
 10
642.38
 20
155.23
 10
641.66
 20
153.36
 10
640.94
 20
151.34
  0
LWPOLYLINE
  5
149D
330
17
100
AcDbEntity
  8
POLYLINES
100
AcDbPolyline
 90
3
 70
0
 10
643.1
 20
157.25
 10
645.11
 20
152.06
 10
645.55
 20
152.06
  0
LWPOLYLINE
  5
149E
330
17
100
AcDbEntity
  8
POLYLINES
100
AcDbPolyline
 90
3
 70
0
 10
649.0
 20
157.82
 10
648.71
 20
156.24
 10
647.99
 20
154.8
  0
LWPOLYLINE
  5
149F
330
17
100
AcDbEntity
  8
POLYLINES
100
AcDbPolyline
 90
3
 70
0
 10
647.71
 20
149.18
 10
649.15
 20
150.91
 10
649.87
 20
152.5
  0
LWPOLYLINE
  5
14A0
330
17
100
AcDbEntity
  8
POLYLINES
100
AcDbPolyline
 90
3
 70
0
 10
648.71
 20
153.79
 10
650.87
 20
149.33
 10
651.74
 20
149.33
  0
LWPOLYLINE
  5
14A1
330
17
100
AcDbEntity
  8
POLYLINES
100
AcDbPolyline
 90
5
 70
0
 10
650.15
 20
159.98
 10
650.15
 20
158.26
 10
650.3
 20
156.67
 10
650.73
 20
155.95
 10
651.59
 20
155.95
  0
LWPOLYLINE
  5
14A2
330
17
100
AcDbEntity
  8
POLYLINES
100
AcDbPolyline
 90
3
 70
0
 10
654.47
 20
157.68
 10
657.79
 20
153.79
 10
658.36
 20
153.94
  0
LWPOLYLINE
  5
14A3
330
17
100
AcDbEntity
  8
POLYLINES
100
AcDbPolyline
 90
4
 70
0
 10
656.92
 20
159.26
 10
655.48
 20
156.67
 10
653.9
 20
154.37
 10
652.46
 20
152.93
  0
LWPOLYLINE
  5
14A4
330
17
100
AcDbEntity
  8
POLYLINES
100
AcDbPolyline
 90
3
 70
0
 10
660.52
 20
160.56
 10
660.52
 20
149.18
 10
659.51
 20
150.77
  0
LWPOLYLINE
  5
14A5
330
17
100
AcDbEntity
  8
POLYLINES
100
AcDbPolyline
 90
4
 70
0
 10
662.25
 20
158.69
 10
662.11
 20
154.8
 10
661.82
 20
152.5
 10
660.95
 20
149.04
  0
LWPOLYLINE
  5
14A6
330
17
100
AcDbEntity
  8
POLYLINES
100
AcDbPolyline
 90
3
 70
0
 10
104.39
 20
135.94
 10
103.39
 20
133.63
 10
101.66
 20
130.9
  0
LWPOLYLINE
  5
14A7
330
17
100
AcDbEntity
  8
POLYLINES
100
AcDbPolyline
 90
3
 70
0
 10
104.25
 20
135.65
 10
106.7
 20
131.62
 10
107.27
 20
131.62
  0
LWPOLYLINE
  5
14A8
330
17
100
AcDbEntity
  8
POLYLINES
100
AcDbPolyline
 90
3
 70
0
 10
107.56
 20
128.88
 10
107.56
 20
141.26
 10
113.61
 20
141.26
  0
LWPOLYLINE
  5
14A9
330
17
100
AcDbEntity
  8
POLYLINES
100
AcDbPolyline
 90
21
 70
0
 10
128.15
 20
141.26
 10
127.15
 20
140.69
 10
126.28
 20
139.54
 10
125.85
 20
138.24
 10
125.27
 20
136.51
 10
125.27
 20
133.63
 10
125.85
 20
131.9
 10
126.28
 20
130.75
 10
127.15
 20
129.6
 10
128.15
 20
128.88
 10
130.03
 20
128.88
 10
130.89
 20
129.6
 10
131.9
 20
130.75
 10
132.33
 20
131.9
 10
132.76
 20
133.63
 10
132.76
 20
136.51
 10
132.33
 20
138.24
 10
131.9
 20
139.54
 10
130.89
 20
140.69
 10
130.03
 20
141.26
 10
128.15
 20
141.26
  0
LWPOLYLINE
  5
14AA
330
17
100
AcDbEntity
  8
POLYLINES
100
AcDbPolyline
 90
3
 70
0
 10
139.24
 20
139.39
 10
139.1
 20
133.92
 10
138.52
 20
130.03
  0
LWPOLYLINE
  5
14AB
330
17
100
AcDbEntity
  8
POLYLINES
100
AcDbPolyline
 90
4
 70
0
 10
141.4
 20
136.94
 10
140.68
 20
133.2
 10
139.96
 20
131.62
 10
138.81
 20
129.74
  0
LWPOLYLINE
  5
14AC
330
17
100
AcDbEntity
  8
POLYLINES
100
AcDbPolyline
 90
3
 70
0
 10
139.82
 20
135.36
 10
141.83
 20
130.32
 10
142.12
 20
130.32
  0
LWPOLYLINE
  5
14AD
330
17
100
AcDbEntity
  8
POLYLINES
100
AcDbPolyline
 90
5
 70
0
 10
148.75
 20
128.88
 10
148.75
 20
141.26
 10
152.49
 20
128.88
 10
156.23
 20
141.26
 10
156.23
 20
128.88
  0
LWPOLYLINE
  5
14AE
330
17
100
AcDbEntity
  8
POLYLINES
100
AcDbPolyline
 90
11
 70
0
 10
159.98
 20
128.88
 10
159.98
 20
141.26
 10
164.15
 20
141.26
 10
165.59
 20
140.69
 10
166.03
 20
140.11
 10
166.46
 20
138.96
 10
166.46
 20
137.09
 10
166.03
 20
135.94
 10
165.59
 20
135.36
 10
164.15
 20
134.78
 10
159.98
 20
134.78
  0
LWPOLYLINE
  5
14AF
330
17
100
AcDbEntity
  8
POLYLINES
100
AcDbPolyline
 90
3
 70
0
 10
173.37
 20
139.39
 10
173.23
 20
133.92
 10
172.65
 20
130.03
  0
LWPOLYLINE
  5
14B0
330
17
100
AcDbEntity
  8
POLYLINES
100
AcDbPolyline
 90
4
 70
0
 10
175.53
 20
136.94
 10
174.81
 20
133.2
 10
174.23
 20
131.62
 10
172.94
 20
129.74
  0
LWPOLYLINE
  5
14B1
330
17
100
AcDbEntity
  8
POLYLINES
100
AcDbPolyline
 90
3
 70
0
 10
173.95
 20
135.36
 10
175.96
 20
130.32
 10
176.39
 20
130.32
  0
LWPOLYLINE
  5
14B2
330
17
100
AcDbEntity
  8
POLYLINES
100
AcDbPolyline
 90
4
 70
0
 10
181.29
 20
138.53
 10
180.28
 20
136.08
 10
178.84
 20
133.78
 10
176.83
 20
131.9
  0
LWPOLYLINE
  5
14B3
330
17
100
AcDbEntity
  8
POLYLINES
100
AcDbPolyline
 90
3
 70
0
 10
178.55
 20
136.94
 10
181.72
 20
132.77
 10
182.73
 20
132.91
  0
LWPOLYLINE
  5
14B4
330
17
100
AcDbEntity
  8
POLYLINES
100
AcDbPolyline
 90
4
 70
0
 10
179.56
 20
140.11
 10
179.13
 20
138.24
 10
178.55
 20
136.94
 10
177.4
 20
134.78
  0
LWPOLYLINE
  5
14B5
330
17
100
AcDbEntity
  8
POLYLINES
100
AcDbPolyline
 90
4
 70
0
 10
182.87
 20
138.96
 10
183.88
 20
139.54
 10
185.18
 20
141.26
 10
185.18
 20
128.88
  0
LWPOLYLINE
  5
14B6
330
17
100
AcDbEntity
  8
POLYLINES
100
AcDbPolyline
 90
4
 70
0
 10
194.54
 20
140.4
 10
194.25
 20
134.21
 10
193.53
 20
131.33
 10
192.38
 20
129.02
  0
LWPOLYLINE
  5
14B7
330
17
100
AcDbEntity
  8
POLYLINES
100
AcDbPolyline
 90
3
 70
0
 10
194.54
 20
134.21
 10
195.83
 20
129.31
 10
196.55
 20
129.31
  0
LWPOLYLINE
  5
14B8
330
17
100
AcDbEntity
  8
POLYLINES
100
AcDbPolyline
 90
3
 70
0
 10
197.96
 20
130.84
 10
198.63
 20
130.01
 10
199.29
 20
130.84
  0
LWPOLYLINE
  5
14B9
330
17
100
AcDbEntity
  8
POLYLINES
100
AcDbPolyline
 90
3
 70
0
 10
199.29
 20
130.84
 10
198.63
 20
131.66
 10
197.96
 20
130.84
  0
LWPOLYLINE
  5
14BA
330
17
100
AcDbEntity
  8
POLYLINES
100
AcDbPolyline
 90
3
 70
0
 10
199.38
 20
130.84
 10
198.63
 20
131.78
 10
197.87
 20
130.84
  0
LWPOLYLINE
  5
14BB
330
17
100
AcDbEntity
  8
POLYLINES
100
AcDbPolyline
 90
3
 70
0
 10
197.87
 20
130.84
 10
198.63
 20
129.89
 10
199.38
 20
130.84
  0
LWPOLYLINE
  5
14BC
330
17
100
AcDbEntity
  8
POLYLINES
100
AcDbPolyline
 90
14
 70
0
 10
134.92
 20
118.37
 10
134.92
 20
118.94
 10
135.35
 20
119.95
 10
135.79
 20
120.53
 10
136.65
 20
121.1
 10
138.38
 20
121.1
 10
139.24
 20
120.53
 10
139.67
 20
119.95
 10
140.11
 20
118.94
 10
140.11
 20
117.79
 10
139.67
 20
116.78
 10
138.81
 20
115.2
 10
134.49
 20
109.73
 10
140.54
 20
109.73
  0
LWPOLYLINE
  5
14BD
330
17
100
AcDbEntity
  8
POLYLINES
100
AcDbPolyline
 90
4
 70
0
 10
143.56
 20
110.88
 10
143.13
 20
110.3
 10
143.56
 20
109.73
 10
143.99
 20
110.3
  0
LWPOLYLINE
  5
14BE
330
17
100
AcDbEntity
  8
POLYLINES
100
AcDbPolyline
 90
5
 70
0
 10
151.63
 20
120.38
 10
151.63
 20
110.74
 10
152.06
 20
110.16
 10
153.21
 20
110.16
 10
153.07
 20
112.32
  0
LWPOLYLINE
  5
14BF
330
17
100
AcDbEntity
  8
POLYLINES
100
AcDbPolyline
 90
4
 70
0
 10
150.76
 20
113.76
 10
150.62
 20
112.32
 10
150.19
 20
110.88
 10
149.61
 20
109.87
  0
LWPOLYLINE
  5
14C0
330
17
100
AcDbEntity
  8
POLYLINES
100
AcDbPolyline
 90
3
 70
0
 10
161.13
 20
111.02
 10
163.87
 20
111.46
 10
164.44
 20
110.59
  0
LWPOLYLINE
  5
14C1
330
17
100
AcDbEntity
  8
POLYLINES
100
AcDbPolyline
 90
4
 70
0
 10
162.28
 20
118.94
 10
162.28
 20
115.63
 10
161.99
 20
114.05
 10
161.13
 20
112.75
  0
LWPOLYLINE
  5
14C2
330
17
100
AcDbEntity
  8
POLYLINES
100
AcDbPolyline
 90
4
 70
0
 10
163.15
 20
119.09
 10
163.15
 20
114.05
 10
163.43
 20
113.62
 10
164.15
 20
113.62
  0
LWPOLYLINE
  5
14C3
330
17
100
AcDbEntity
  8
POLYLINES
100
AcDbPolyline
 90
14
 70
0
 10
166.03
 20
118.37
 10
166.03
 20
118.94
 10
166.46
 20
119.95
 10
166.89
 20
120.53
 10
167.75
 20
121.1
 10
169.48
 20
121.1
 10
170.35
 20
120.53
 10
170.78
 20
119.95
 10
171.21
 20
118.94
 10
171.21
 20
117.79
 10
170.78
 20
116.78
 10
169.91
 20
115.2
 10
165.59
 20
109.73
 10
171.64
 20
109.73
  0
LWPOLYLINE
  5
14C4
330
17
100
AcDbEntity
  8
POLYLINES
100
AcDbPolyline
 90
14
 70
0
 10
174.67
 20
118.37
 10
174.67
 20
118.94
 10
175.1
 20
119.95
 10
175.53
 20
120.53
 10
176.39
 20
121.1
 10
178.12
 20
121.1
 10
178.99
 20
120.53
 10
179.42
 20
119.95
 10
179.85
 20
118.94
 10
179.85
 20
117.79
 10
179.42
 20
116.78
 10
178.55
 20
115.2
 10
174.23
 20
109.73
 10
180.28
 20
109.73
  0
LWPOLYLINE
  5
14C5
330
17
100
AcDbEntity
  8
POLYLINES
100
AcDbPolyline
 90
17
 70
0
 10
185.47
 20
121.1
 10
184.17
 20
120.53
 10
183.31
 20
118.94
 10
182.87
 20
116.21
 10
182.87
 20
114.62
 10
183.31
 20
111.89
 10
184.17
 20
110.3
 10
185.47
 20
109.73
 10
186.33
 20
109.73
 10
187.63
 20
110.3
 10
188.49
 20
111.89
 10
188.92
 20
114.62
 10
188.92
 20
116.21
 10
188.49
 20
118.94
 10
187.63
 20
120.53
 10
186.33
 20
121.1
 10
185.47
 20
121.1
  0
LWPOLYLINE
  5
14C6
330
17
100
AcDbEntity
  8
POLYLINES
100
AcDbPolyline
 90
3
 70
0
 10
198.86
 20
121.1
 10
202.31
 20
109.73
 10
205.77
 20
121.1
  0
LWPOLYLINE
  5
14C7
330
17
100
AcDbEntity
  8
POLYLINES
100
AcDbPolyline
 90
3
 70
0
 10
209.66
 20
113.47
 10
211.96
 20
109.58
 10
212.97
 20
109.58
  0
LWPOLYLINE
  5
14C8
330
17
100
AcDbEntity
  8
POLYLINES
100
AcDbPolyline
 90
3
 70
0
 10
211.67
 20
114.91
 10
210.52
 20
112.03
 10
208.36
 20
109.58
  0
LWPOLYLINE
  5
14C9
330
17
100
AcDbEntity
  8
POLYLINES
100
AcDbPolyline
 90
3
 70
0
 10
216.57
 20
117.07
 10
215.42
 20
114.34
 10
213.98
 20
111.46
  0
LWPOLYLINE
  5
14CA
330
17
100
AcDbEntity
  8
POLYLINES
100
AcDbPolyline
 90
3
 70
0
 10
216.86
 20
117.07
 10
218.59
 20
112.03
 10
219.31
 20
112.03
  0
LWPOLYLINE
  5
14CB
330
17
100
AcDbEntity
  8
POLYLINES
100
AcDbPolyline
 90
3
 70
0
 10
225.07
 20
119.38
 10
225.07
 20
109.73
 10
224.2
 20
110.74
  0
LWPOLYLINE
  5
14CC
330
17
100
AcDbEntity
  8
POLYLINES
100
AcDbPolyline
 90
4
 70
0
 10
229.39
 20
119.23
 10
229.24
 20
113.47
 10
228.95
 20
112.03
 10
228.67
 20
110.3
  0
LWPOLYLINE
  5
14CD
330
17
100
AcDbEntity
  8
POLYLINES
100
AcDbPolyline
 90
3
 70
0
 10
227.51
 20
115.92
 10
227.51
 20
110.16
 10
226.94
 20
111.31
  0
LWPOLYLINE
  5
14CE
330
17
100
AcDbEntity
  8
POLYLINES
100
AcDbPolyline
 90
3
 70
0
 10
239.61
 20
114.34
 10
239.03
 20
111.89
 10
240.62
 20
110.74
  0
LWPOLYLINE
  5
14CF
330
17
100
AcDbEntity
  8
POLYLINES
100
AcDbPolyline
 90
4
 70
0
 10
240.47
 20
114.19
 10
240.04
 20
112.03
 10
239.47
 20
110.74
 10
238.6
 20
109.73
  0
LWPOLYLINE
  5
14D0
330
17
100
AcDbEntity
  8
POLYLINES
100
AcDbPolyline
 90
4
 70
0
 10
241.77
 20
119.95
 10
241.48
 20
117.79
 10
241.34
 20
116.35
 10
240.76
 20
114.05
  0
LWPOLYLINE
  5
14D1
330
17
100
AcDbEntity
  8
POLYLINES
100
AcDbPolyline
 90
4
 70
0
 10
242.35
 20
116.64
 10
242.06
 20
113.47
 10
241.48
 20
111.46
 10
240.33
 20
109.44
  0
LWPOLYLINE
  5
14D2
330
17
100
AcDbEntity
  8
POLYLINES
100
AcDbPolyline
 90
3
 70
0
 10
241.05
 20
115.06
 10
242.49
 20
110.02
 10
243.35
 20
110.02
  0
LWPOLYLINE
  5
14D3
330
17
100
AcDbEntity
  8
POLYLINES
100
AcDbPolyline
 90
4
 70
0
 10
246.81
 20
119.23
 10
246.81
 20
116.35
 10
246.67
 20
112.75
 10
246.09
 20
109.58
  0
LWPOLYLINE
  5
14D4
330
17
100
AcDbEntity
  8
POLYLINES
100
AcDbPolyline
 90
3
 70
0
 10
244.94
 20
111.31
 10
245.66
 20
109.73
 10
245.66
 20
119.95
  0
LWPOLYLINE
  5
14D5
330
17
100
AcDbEntity
  8
POLYLINES
100
AcDbPolyline
 90
3
 70
0
 10
255.02
 20
117.94
 10
254.73
 20
111.46
 10
254.15
 20
112.75
  0
LWPOLYLINE
  5
14D6
330
17
100
AcDbEntity
  8
POLYLINES
100
AcDbPolyline
 90
3
 70
0
 10
250.41
 20
112.03
 10
251.56
 20
111.89
 10
255.02
 20
110.02
  0
LWPOLYLINE
  5
14D7
330
17
100
AcDbEntity
  8
POLYLINES
100
AcDbPolyline
 90
4
 70
0
 10
251.99
 20
116.35
 10
251.71
 20
114.34
 10
251.99
 20
113.33
 10
251.56
 20
111.89
  0
LWPOLYLINE
  5
14D8
330
17
100
AcDbEntity
  8
POLYLINES
100
AcDbPolyline
 90
3
 70
0
 10
266.83
 20
119.95
 10
266.83
 20
110.02
 10
265.96
 20
111.46
  0
LWPOLYLINE
  5
14D9
330
17
100
AcDbEntity
  8
POLYLINES
100
AcDbPolyline
 90
3
 70
0
 10
271.29
 20
117.36
 10
273.16
 20
113.9
 10
273.74
 20
113.9
  0
LWPOLYLINE
  5
14DA
330
17
100
AcDbEntity
  8
POLYLINES
100
AcDbPolyline
 90
3
 70
0
 10
283.67
 20
115.34
 10
285.4
 20
112.9
 10
285.98
 20
113.04
  0
LWPOLYLINE
  5
14DB
330
17
100
AcDbEntity
  8
POLYLINES
100
AcDbPolyline
 90
4
 70
0
 10
283.24
 20
116.78
 10
282.81
 20
115.34
 10
281.95
 20
114.05
 10
280.36
 20
112.18
  0
LWPOLYLINE
  5
14DC
330
17
100
AcDbEntity
  8
POLYLINES
100
AcDbPolyline
 90
4
 70
0
 10
286.12
 20
109.73
 10
286.12
 20
121.1
 10
292.17
 20
109.73
 10
292.17
 20
121.1
  0
LWPOLYLINE
  5
14DD
330
17
100
AcDbEntity
  8
POLYLINES
100
AcDbPolyline
 90
20
 70
0
 10
301.67
 20
119.52
 10
300.81
 20
120.53
 10
299.51
 20
121.1
 10
297.79
 20
121.1
 10
296.49
 20
120.53
 10
295.63
 20
119.52
 10
295.63
 20
118.37
 10
296.06
 20
117.36
 10
296.49
 20
116.78
 10
297.35
 20
116.21
 10
299.95
 20
115.2
 10
300.81
 20
114.62
 10
301.24
 20
114.05
 10
301.67
 20
113.04
 10
301.67
 20
111.31
 10
300.81
 20
110.3
 10
299.51
 20
109.73
 10
297.79
 20
109.73
 10
296.49
 20
110.3
 10
295.63
 20
111.31
  0
LWPOLYLINE
  5
14DE
330
17
100
AcDbEntity
  8
POLYLINES
100
AcDbPolyline
 90
11
 70
0
 10
304.27
 20
109.73
 10
304.27
 20
121.1
 10
308.15
 20
121.1
 10
309.45
 20
120.53
 10
309.88
 20
119.95
 10
310.31
 20
118.94
 10
310.31
 20
117.79
 10
309.88
 20
116.78
 10
309.45
 20
116.21
 10
308.15
 20
115.63
 10
304.27
 20
115.63
  0
LWPOLYLINE
  5
14DF
330
17
100
AcDbEntity
  8
POLYLINES
100
AcDbPolyline
 90
3
 70
0
 10
313.34
 20
121.1
 10
319.39
 20
121.1
 10
315.07
 20
109.73
  0
LWPOLYLINE
  5
14E0
330
17
100
AcDbEntity
  8
POLYLINES
100
AcDbPolyline
 90
15
 70
0
 10
322.84
 20
121.1
 10
327.45
 20
121.1
 10
325.0
 20
116.78
 10
326.15
 20
116.78
 10
327.02
 20
116.21
 10
327.45
 20
115.63
 10
327.88
 20
114.05
 10
327.88
 20
113.04
 10
327.45
 20
111.31
 10
326.59
 20
110.3
 10
325.29
 20
109.73
 10
324.14
 20
109.73
 10
322.84
 20
110.3
 10
322.41
 20
110.88
 10
321.98
 20
111.89
  0
LWPOLYLINE
  5
14E1
330
17
100
AcDbEntity
  8
POLYLINES
100
AcDbPolyline
 90
17
 70
0
 10
333.07
 20
121.1
 10
331.77
 20
120.53
 10
330.91
 20
118.94
 10
330.47
 20
116.21
 10
330.47
 20
114.62
 10
330.91
 20
111.89
 10
331.77
 20
110.3
 10
333.07
 20
109.73
 10
333.93
 20
109.73
 10
335.23
 20
110.3
 10
336.09
 20
111.89
 10
336.52
 20
114.62
 10
336.52
 20
116.21
 10
336.09
 20
118.94
 10
335.23
 20
120.53
 10
333.93
 20
121.1
 10
333.07
 20
121.1
  0
LWPOLYLINE
  5
14E2
330
17
100
AcDbEntity
  8
POLYLINES
100
AcDbPolyline
 90
17
 70
0
 10
341.71
 20
121.1
 10
340.41
 20
120.53
 10
339.55
 20
118.94
 10
339.11
 20
116.21
 10
339.11
 20
114.62
 10
339.55
 20
111.89
 10
340.41
 20
110.3
 10
341.71
 20
109.73
 10
342.57
 20
109.73
 10
343.87
 20
110.3
 10
344.73
 20
111.89
 10
345.16
 20
114.62
 10
345.16
 20
116.21
 10
344.73
 20
118.94
 10
343.87
 20
120.53
 10
342.57
 20
121.1
 10
341.71
 20
121.1
  0
LWPOLYLINE
  5
14E3
330
17
100
AcDbEntity
  8
POLYLINES
100
AcDbPolyline
 90
17
 70
0
 10
370.22
 20
121.1
 10
368.92
 20
120.53
 10
368.06
 20
118.94
 10
367.63
 20
116.21
 10
367.63
 20
114.62
 10
368.06
 20
111.89
 10
368.92
 20
110.3
 10
370.22
 20
109.73
 10
371.08
 20
109.73
 10
372.38
 20
110.3
 10
373.24
 20
111.89
 10
373.67
 20
114.62
 10
373.67
 20
116.21
 10
373.24
 20
118.94
 10
372.38
 20
120.53
 10
371.08
 20
121.1
 10
370.22
 20
121.1
  0
LWPOLYLINE
  5
14E4
330
17
100
AcDbEntity
  8
POLYLINES
100
AcDbPolyline
 90
29
 70
0
 10
378.43
 20
121.1
 10
377.13
 20
120.53
 10
376.7
 20
119.52
 10
376.7
 20
118.37
 10
377.13
 20
117.36
 10
377.99
 20
116.78
 10
379.72
 20
116.21
 10
381.02
 20
115.63
 10
381.88
 20
114.62
 10
382.31
 20
113.47
 10
382.31
 20
111.89
 10
381.88
 20
110.88
 10
381.45
 20
110.3
 10
380.15
 20
109.73
 10
378.43
 20
109.73
 10
377.13
 20
110.3
 10
376.7
 20
110.88
 10
376.27
 20
111.89
 10
376.27
 20
113.47
 10
376.7
 20
114.62
 10
377.56
 20
115.63
 10
378.86
 20
116.21
 10
380.59
 20
116.78
 10
381.45
 20
117.36
 10
381.88
 20
118.37
 10
381.88
 20
119.52
 10
381.45
 20
120.53
 10
380.15
 20
121.1
 10
378.43
 20
121.1
  0
LWPOLYLINE
  5
14E5
330
17
100
AcDbEntity
  8
POLYLINES
100
AcDbPolyline
 90
4
 70
0
 10
393.11
 20
118.94
 10
393.98
 20
119.52
 10
395.27
 20
121.1
 10
395.27
 20
109.73
  0
LWPOLYLINE
  5
14E6
330
17
100
AcDbEntity
  8
POLYLINES
100
AcDbPolyline
 90
3
 70
0
 10
411.52
 20
119.3
 10
411.25
 20
111.48
 10
411.62
 20
111.03
  0
LWPOLYLINE
  5
14E7
330
17
100
AcDbEntity
  8
POLYLINES
100
AcDbPolyline
 90
4
 70
0
 10
425.8
 20
119.09
 10
425.66
 20
115.92
 10
425.37
 20
112.32
 10
424.65
 20
109.87
  0
LWPOLYLINE
  5
14E8
330
17
100
AcDbEntity
  8
POLYLINES
100
AcDbPolyline
 90
3
 70
0
 10
434.01
 20
114.19
 10
435.45
 20
110.88
 10
436.03
 20
110.88
  0
LWPOLYLINE
  5
14E9
330
17
100
AcDbEntity
  8
POLYLINES
100
AcDbPolyline
 90
4
 70
0
 10
433.87
 20
114.34
 10
433.87
 20
112.03
 10
433.58
 20
109.73
 10
432.71
 20
110.74
  0
LWPOLYLINE
  5
14EA
330
17
100
AcDbEntity
  8
POLYLINES
100
AcDbPolyline
 90
3
 70
0
 10
433.87
 20
113.76
 10
432.57
 20
112.18
 10
430.84
 20
110.59
  0
LWPOLYLINE
  5
14EB
330
17
100
AcDbEntity
  8
POLYLINES
100
AcDbPolyline
 90
3
 70
0
 10
437.13
 20
114.34
 10
437.51
 20
113.87
 10
437.88
 20
114.34
  0
LWPOLYLINE
  5
14EC
330
17
100
AcDbEntity
  8
POLYLINES
100
AcDbPolyline
 90
3
 70
0
 10
437.22
 20
114.34
 10
437.51
 20
113.99
 10
437.79
 20
114.34
  0
LWPOLYLINE
  5
14ED
330
17
100
AcDbEntity
  8
POLYLINES
100
AcDbPolyline
 90
3
 70
0
 10
437.7
 20
114.34
 10
437.51
 20
114.58
 10
437.32
 20
114.34
  0
LWPOLYLINE
  5
14EE
330
17
100
AcDbEntity
  8
POLYLINES
100
AcDbPolyline
 90
3
 70
0
 10
437.32
 20
114.34
 10
437.51
 20
114.11
 10
437.7
 20
114.34
  0
LWPOLYLINE
  5
14EF
330
17
100
AcDbEntity
  8
POLYLINES
100
AcDbPolyline
 90
3
 70
0
 10
437.13
 20
111.63
 10
437.51
 20
111.15
 10
437.88
 20
111.63
  0
LWPOLYLINE
  5
14F0
330
17
100
AcDbEntity
  8
POLYLINES
100
AcDbPolyline
 90
3
 70
0
 10
437.88
 20
111.63
 10
437.51
 20
112.1
 10
437.13
 20
111.63
  0
LWPOLYLINE
  5
14F1
330
17
100
AcDbEntity
  8
POLYLINES
100
AcDbPolyline
 90
3
 70
0
 10
437.79
 20
111.63
 10
437.51
 20
111.98
 10
437.22
 20
111.63
  0
LWPOLYLINE
  5
14F2
330
17
100
AcDbEntity
  8
POLYLINES
100
AcDbPolyline
 90
3
 70
0
 10
437.22
 20
111.63
 10
437.51
 20
111.27
 10
437.79
 20
111.63
  0
LWPOLYLINE
  5
14F3
330
17
100
AcDbEntity
  8
POLYLINES
100
AcDbPolyline
 90
3
 70
0
 10
437.7
 20
111.63
 10
437.51
 20
111.86
 10
437.32
 20
111.63
  0
LWPOLYLINE
  5
14F4
330
17
100
AcDbEntity
  8
POLYLINES
100
AcDbPolyline
 90
3
 70
0
 10
437.32
 20
111.63
 10
437.51
 20
111.39
 10
437.7
 20
111.63
  0
LWPOLYLINE
  5
14F5
330
17
100
AcDbEntity
  8
POLYLINES
100
AcDbPolyline
 90
3
 70
0
 10
437.88
 20
114.34
 10
437.51
 20
114.81
 10
437.13
 20
114.34
  0
LWPOLYLINE
  5
14F6
330
17
100
AcDbEntity
  8
POLYLINES
100
AcDbPolyline
 90
3
 70
0
 10
437.79
 20
114.34
 10
437.51
 20
114.7
 10
437.22
 20
114.34
  0
LWPOLYLINE
  5
14F7
330
17
100
AcDbEntity
  8
POLYLINES
100
AcDbPolyline
 90
7
 70
0
 10
457.48
 20
120.38
 10
457.48
 20
111.31
 10
457.48
 20
110.74
 10
457.77
 20
110.45
 10
458.2
 20
110.16
 10
460.22
 20
110.16
 10
459.93
 20
112.61
  0
LWPOLYLINE
  5
14F8
330
17
100
AcDbEntity
  8
POLYLINES
100
AcDbPolyline
 90
5
 70
0
 10
464.83
 20
115.78
 10
464.83
 20
113.76
 10
465.26
 20
111.46
 10
466.27
 20
109.44
 10
466.27
 20
111.89
  0
LWPOLYLINE
  5
14F9
330
17
100
AcDbEntity
  8
POLYLINES
100
AcDbPolyline
 90
3
 70
0
 10
467.85
 20
119.66
 10
467.71
 20
114.34
 10
466.84
 20
110.16
  0
LWPOLYLINE
  5
14FA
330
17
100
AcDbEntity
  8
POLYLINES
100
AcDbPolyline
 90
3
 70
0
 10
469.29
 20
119.52
 10
469.29
 20
110.16
 10
468.28
 20
111.6
  0
LWPOLYLINE
  5
14FB
330
17
100
AcDbEntity
  8
POLYLINES
100
AcDbPolyline
 90
4
 70
0
 10
471.45
 20
119.95
 10
471.45
 20
116.64
 10
471.59
 20
116.5
 10
472.31
 20
116.64
  0
LWPOLYLINE
  5
14FC
330
17
100
AcDbEntity
  8
POLYLINES
100
AcDbPolyline
 90
3
 70
0
 10
470.01
 20
114.48
 10
472.03
 20
110.16
 10
472.46
 20
110.16
  0
LWPOLYLINE
  5
14FD
330
17
100
AcDbEntity
  8
POLYLINES
100
AcDbPolyline
 90
3
 70
0
 10
471.59
 20
115.92
 10
471.31
 20
114.05
 10
470.73
 20
112.61
  0
LWPOLYLINE
  5
14FE
330
17
100
AcDbEntity
  8
POLYLINES
100
AcDbPolyline
 90
3
 70
0
 10
469.43
 20
115.49
 10
470.15
 20
117.07
 10
470.3
 20
119.95
  0
LWPOLYLINE
  5
14FF
330
17
100
AcDbEntity
  8
POLYLINES
100
AcDbPolyline
 90
3
 70
0
 10
477.07
 20
119.95
 10
478.36
 20
115.06
 10
478.65
 20
115.06
  0
LWPOLYLINE
  5
1500
330
17
100
AcDbEntity
  8
POLYLINES
100
AcDbPolyline
 90
3
 70
0
 10
477.64
 20
115.34
 10
476.92
 20
109.58
 10
476.06
 20
111.46
  0
LWPOLYLINE
  5
1501
330
17
100
AcDbEntity
  8
POLYLINES
100
AcDbPolyline
 90
4
 70
0
 10
476.2
 20
114.62
 10
475.91
 20
112.75
 10
475.34
 20
111.46
 10
474.47
 20
109.58
  0
LWPOLYLINE
  5
1502
330
17
100
AcDbEntity
  8
POLYLINES
100
AcDbPolyline
 90
4
 70
0
 10
474.19
 20
114.05
 10
475.05
 20
115.63
 10
475.48
 20
116.93
 10
476.06
 20
118.94
  0
LWPOLYLINE
  5
1503
330
17
100
AcDbEntity
  8
POLYLINES
100
AcDbPolyline
 90
3
 70
0
 10
483.4
 20
116.78
 10
483.4
 20
109.58
 10
482.54
 20
110.88
  0
LWPOLYLINE
  5
1504
330
17
100
AcDbEntity
  8
POLYLINES
100
AcDbPolyline
 90
3
 70
0
 10
482.11
 20
120.38
 10
481.1
 20
116.64
 10
479.23
 20
113.18
  0
LWPOLYLINE
  5
1505
330
17
100
AcDbEntity
  8
POLYLINES
100
AcDbPolyline
 90
4
 70
0
 10
486.43
 20
117.07
 10
486.71
 20
115.63
 10
486.43
 20
113.47
 10
485.99
 20
114.77
  0
LWPOLYLINE
  5
1506
330
17
100
AcDbEntity
  8
POLYLINES
100
AcDbPolyline
 90
3
 70
0
 10
489.31
 20
119.95
 10
489.16
 20
116.35
 10
487.43
 20
116.06
  0
LWPOLYLINE
  5
1507
330
17
100
AcDbEntity
  8
POLYLINES
100
AcDbPolyline
 90
3
 70
0
 10
487.72
 20
116.06
 10
489.45
 20
110.45
 10
490.17
 20
110.45
  0
LWPOLYLINE
  5
1508
330
17
100
AcDbEntity
  8
POLYLINES
100
AcDbPolyline
 90
3
 70
0
 10
487.43
 20
120.1
 10
487.43
 20
110.45
 10
488.15
 20
111.89
  0
LWPOLYLINE
  5
1509
330
17
100
AcDbEntity
  8
POLYLINES
100
AcDbPolyline
 90
3
 70
0
 10
494.06
 20
119.52
 10
495.79
 20
113.9
 10
496.51
 20
113.9
  0
LWPOLYLINE
  5
150A
330
17
100
AcDbEntity
  8
POLYLINES
100
AcDbPolyline
 90
3
 70
0
 10
492.91
 20
118.22
 10
492.04
 20
115.34
 10
491.32
 20
113.33
  0
LWPOLYLINE
  5
150B
330
17
100
AcDbEntity
  8
POLYLINES
100
AcDbPolyline
 90
4
 70
0
 10
500.68
 20
111.89
 10
501.55
 20
109.87
 10
501.69
 20
111.46
 10
501.98
 20
119.95
  0
LWPOLYLINE
  5
150C
330
17
100
AcDbEntity
  8
POLYLINES
100
AcDbPolyline
 90
3
 70
0
 10
503.55
 20
111.03
 10
504.01
 20
118.84
 10
503.65
 20
119.3
  0
LWPOLYLINE
  5
150D
330
17
100
AcDbEntity
  8
POLYLINES
100
AcDbPolyline
 90
5
 70
0
 10
510.47
 20
112.75
 10
510.47
 20
112.18
 10
510.33
 20
111.6
 10
509.9
 20
111.17
 10
509.47
 20
111.02
  0
LWPOLYLINE
  5
150E
330
17
100
AcDbEntity
  8
POLYLINES
100
AcDbPolyline
 90
3
 70
0
 10
509.79
 20
112.92
 10
510.17
 20
112.45
 10
510.55
 20
112.92
  0
LWPOLYLINE
  5
150F
330
17
100
AcDbEntity
  8
POLYLINES
100
AcDbPolyline
 90
3
 70
0
 10
510.55
 20
112.92
 10
510.17
 20
113.4
 10
509.79
 20
112.92
  0
LWPOLYLINE
  5
1510
330
17
100
AcDbEntity
  8
POLYLINES
100
AcDbPolyline
 90
3
 70
0
 10
510.45
 20
112.92
 10
510.17
 20
113.28
 10
509.88
 20
112.92
  0
LWPOLYLINE
  5
1511
330
17
100
AcDbEntity
  8
POLYLINES
100
AcDbPolyline
 90
3
 70
0
 10
509.88
 20
112.92
 10
510.17
 20
112.57
 10
510.45
 20
112.92
  0
LWPOLYLINE
  5
1512
330
17
100
AcDbEntity
  8
POLYLINES
100
AcDbPolyline
 90
3
 70
0
 10
510.36
 20
112.92
 10
510.17
 20
113.16
 10
509.98
 20
112.92
  0
LWPOLYLINE
  5
1513
330
17
100
AcDbEntity
  8
POLYLINES
100
AcDbPolyline
 90
3
 70
0
 10
509.98
 20
112.92
 10
510.17
 20
112.69
 10
510.36
 20
112.92
  0
LWPOLYLINE
  5
1514
330
17
100
AcDbEntity
  8
POLYLINES
100
AcDbPolyline
 90
3
 70
0
 10
516.81
 20
114.34
 10
516.38
 20
111.89
 10
517.96
 20
110.74
  0
LWPOLYLINE
  5
1515
330
17
100
AcDbEntity
  8
POLYLINES
100
AcDbPolyline
 90
4
 70
0
 10
517.67
 20
114.19
 10
517.39
 20
112.03
 10
516.81
 20
110.74
 10
515.95
 20
109.73
  0
LWPOLYLINE
  5
1516
330
17
100
AcDbEntity
  8
POLYLINES
100
AcDbPolyline
 90
4
 70
0
 10
519.11
 20
119.95
 10
518.83
 20
117.79
 10
518.54
 20
116.35
 10
517.96
 20
114.05
  0
LWPOLYLINE
  5
1517
330
17
100
AcDbEntity
  8
POLYLINES
100
AcDbPolyline
 90
4
 70
0
 10
519.55
 20
116.64
 10
519.4
 20
113.47
 10
518.83
 20
111.46
 10
517.67
 20
109.44
  0
LWPOLYLINE
  5
1518
330
17
100
AcDbEntity
  8
POLYLINES
100
AcDbPolyline
 90
3
 70
0
 10
518.25
 20
115.06
 10
519.83
 20
110.02
 10
520.7
 20
110.02
  0
LWPOLYLINE
  5
1519
330
17
100
AcDbEntity
  8
POLYLINES
100
AcDbPolyline
 90
4
 70
0
 10
524.15
 20
119.23
 10
524.15
 20
116.35
 10
524.01
 20
112.75
 10
523.43
 20
109.58
  0
LWPOLYLINE
  5
151A
330
17
100
AcDbEntity
  8
POLYLINES
100
AcDbPolyline
 90
3
 70
0
 10
522.28
 20
111.31
 10
523.0
 20
109.73
 10
523.0
 20
119.95
  0
LWPOLYLINE
  5
151B
330
17
100
AcDbEntity
  8
POLYLINES
100
AcDbPolyline
 90
3
 70
0
 10
532.22
 20
117.94
 10
532.07
 20
111.46
 10
531.5
 20
112.75
  0
LWPOLYLINE
  5
151C
330
17
100
AcDbEntity
  8
POLYLINES
100
AcDbPolyline
 90
3
 70
0
 10
527.75
 20
112.03
 10
528.91
 20
111.89
 10
532.36
 20
110.02
  0
LWPOLYLINE
  5
151D
330
17
100
AcDbEntity
  8
POLYLINES
100
AcDbPolyline
 90
4
 70
0
 10
529.34
 20
116.35
 10
528.91
 20
114.34
 10
529.19
 20
113.33
 10
528.91
 20
111.89
  0
LWPOLYLINE
  5
151E
330
17
100
AcDbEntity
  8
POLYLINES
100
AcDbPolyline
 90
3
 70
0
 10
544.17
 20
119.95
 10
544.17
 20
110.02
 10
543.31
 20
111.46
  0
LWPOLYLINE
  5
151F
330
17
100
AcDbEntity
  8
POLYLINES
100
AcDbPolyline
 90
3
 70
0
 10
547.19
 20
115.2
 10
549.93
 20
110.02
 10
550.94
 20
110.02
  0
LWPOLYLINE
  5
1520
330
17
100
AcDbEntity
  8
POLYLINES
100
AcDbPolyline
 90
3
 70
0
 10
549.07
 20
116.06
 10
548.2
 20
113.33
 10
545.9
 20
109.58
  0
LWPOLYLINE
  5
1521
330
17
100
AcDbEntity
  8
POLYLINES
100
AcDbPolyline
 90
3
 70
0
 10
554.97
 20
113.62
 10
556.55
 20
110.02
 10
557.13
 20
110.02
  0
LWPOLYLINE
  5
1522
330
17
100
AcDbEntity
  8
POLYLINES
100
AcDbPolyline
 90
4
 70
0
 10
555.11
 20
116.21
 10
554.97
 20
113.62
 10
554.11
 20
111.31
 10
553.1
 20
109.87
  0
LWPOLYLINE
  5
1523
330
17
100
AcDbEntity
  8
POLYLINES
100
AcDbPolyline
 90
3
 70
0
 10
552.81
 20
120.24
 10
552.81
 20
109.87
 10
552.09
 20
111.46
  0
LWPOLYLINE
  5
1524
330
17
100
AcDbEntity
  8
POLYLINES
100
AcDbPolyline
 90
5
 70
0
 10
563.03
 20
112.75
 10
563.03
 20
110.74
 10
562.31
 20
110.74
 10
561.88
 20
111.6
 10
561.88
 20
119.23
  0
LWPOLYLINE
  5
1525
330
17
100
AcDbEntity
  8
POLYLINES
100
AcDbPolyline
 90
4
 70
0
 10
559.72
 20
109.87
 10
560.44
 20
111.89
 10
560.87
 20
114.62
 10
560.87
 20
119.23
  0
LWPOLYLINE
  5
1526
330
17
100
AcDbEntity
  8
POLYLINES
100
AcDbPolyline
 90
4
 70
0
 10
563.32
 20
118.94
 10
564.19
 20
119.52
 10
565.48
 20
121.1
 10
565.48
 20
109.73
  0
LWPOLYLINE
  5
1527
330
17
100
AcDbEntity
  8
POLYLINES
100
AcDbPolyline
 90
3
 70
0
 10
581.71
 20
119.3
 10
581.43
 20
111.48
 10
581.8
 20
111.03
  0
LWPOLYLINE
  5
1528
330
17
100
AcDbEntity
  8
POLYLINES
100
AcDbPolyline
 90
4
 70
0
 10
596.01
 20
119.09
 10
595.87
 20
115.92
 10
595.58
 20
112.32
 10
594.86
 20
109.87
  0
LWPOLYLINE
  5
1529
330
17
100
AcDbEntity
  8
POLYLINES
100
AcDbPolyline
 90
3
 70
0
 10
604.22
 20
114.19
 10
605.66
 20
110.88
 10
606.23
 20
110.88
  0
LWPOLYLINE
  5
152A
330
17
100
AcDbEntity
  8
POLYLINES
100
AcDbPolyline
 90
4
 70
0
 10
604.07
 20
114.34
 10
604.07
 20
112.03
 10
603.79
 20
109.73
 10
602.92
 20
110.74
  0
LWPOLYLINE
  5
152B
330
17
100
AcDbEntity
  8
POLYLINES
100
AcDbPolyline
 90
3
 70
0
 10
604.07
 20
113.76
 10
602.78
 20
112.18
 10
601.05
 20
110.59
  0
LWPOLYLINE
  5
152C
330
17
100
AcDbEntity
  8
POLYLINES
100
AcDbPolyline
 90
3
 70
0
 10
607.31
 20
114.34
 10
607.69
 20
113.87
 10
608.07
 20
114.34
  0
LWPOLYLINE
  5
152D
330
17
100
AcDbEntity
  8
POLYLINES
100
AcDbPolyline
 90
3
 70
0
 10
607.41
 20
114.34
 10
607.69
 20
113.99
 10
607.98
 20
114.34
  0
LWPOLYLINE
  5
152E
330
17
100
AcDbEntity
  8
POLYLINES
100
AcDbPolyline
 90
3
 70
0
 10
607.88
 20
114.34
 10
607.69
 20
114.58
 10
607.5
 20
114.34
  0
LWPOLYLINE
  5
152F
330
17
100
AcDbEntity
  8
POLYLINES
100
AcDbPolyline
 90
3
 70
0
 10
607.5
 20
114.34
 10
607.69
 20
114.11
 10
607.88
 20
114.34
  0
LWPOLYLINE
  5
1530
330
17
100
AcDbEntity
  8
POLYLINES
100
AcDbPolyline
 90
3
 70
0
 10
607.31
 20
111.63
 10
607.69
 20
111.15
 10
608.07
 20
111.63
  0
LWPOLYLINE
  5
1531
330
17
100
AcDbEntity
  8
POLYLINES
100
AcDbPolyline
 90
3
 70
0
 10
608.07
 20
111.63
 10
607.69
 20
112.1
 10
607.31
 20
111.63
  0
LWPOLYLINE
  5
1532
330
17
100
AcDbEntity
  8
POLYLINES
100
AcDbPolyline
 90
3
 70
0
 10
607.98
 20
111.63
 10
607.69
 20
111.98
 10
607.41
 20
111.63
  0
LWPOLYLINE
  5
1533
330
17
100
AcDbEntity
  8
POLYLINES
100
AcDbPolyline
 90
3
 70
0
 10
607.41
 20
111.63
 10
607.69
 20
111.27
 10
607.98
 20
111.63
  0
LWPOLYLINE
  5
1534
330
17
100
AcDbEntity
  8
POLYLINES
100
AcDbPolyline
 90
3
 70
0
 10
607.88
 20
111.63
 10
607.69
 20
111.86
 10
607.5
 20
111.63
  0
LWPOLYLINE
  5
1535
330
17
100
AcDbEntity
  8
POLYLINES
100
AcDbPolyline
 90
3
 70
0
 10
607.5
 20
111.63
 10
607.69
 20
111.39
 10
607.88
 20
111.63
  0
LWPOLYLINE
  5
1536
330
17
100
AcDbEntity
  8
POLYLINES
100
AcDbPolyline
 90
3
 70
0
 10
608.07
 20
114.34
 10
607.69
 20
114.81
 10
607.31
 20
114.34
  0
LWPOLYLINE
  5
1537
330
17
100
AcDbEntity
  8
POLYLINES
100
AcDbPolyline
 90
3
 70
0
 10
607.98
 20
114.34
 10
607.69
 20
114.7
 10
607.41
 20
114.34
  0
LWPOLYLINE
  5
1538
330
17
100
AcDbEntity
  8
POLYLINES
100
AcDbPolyline
 90
4
 70
0
 10
616.17
 20
110.74
 10
616.6
 20
110.16
 10
618.33
 20
110.16
 10
618.04
 20
112.75
  0
LWPOLYLINE
  5
1539
330
17
100
AcDbEntity
  8
POLYLINES
100
AcDbPolyline
 90
3
 70
0
 10
622.07
 20
114.34
 10
622.07
 20
109.73
 10
621.07
 20
111.17
  0
LWPOLYLINE
  5
153A
330
17
100
AcDbEntity
  8
POLYLINES
100
AcDbPolyline
 90
7
 70
0
 10
633.74
 20
120.38
 10
633.74
 20
111.31
 10
633.74
 20
110.74
 10
634.03
 20
110.45
 10
634.46
 20
110.16
 10
636.47
 20
110.16
 10
636.19
 20
112.61
  0
LWPOLYLINE
  5
153B
330
17
100
AcDbEntity
  8
POLYLINES
100
AcDbPolyline
 90
3
 70
0
 10
640.36
 20
113.33
 10
640.22
 20
114.77
 10
640.36
 20
119.95
  0
LWPOLYLINE
  5
153C
330
17
100
AcDbEntity
  8
POLYLINES
100
AcDbPolyline
 90
5
 70
0
 10
640.36
 20
113.33
 10
640.79
 20
112.03
 10
641.37
 20
111.31
 10
642.38
 20
110.16
 10
642.23
 20
112.75
  0
LWPOLYLINE
  5
153D
330
17
100
AcDbEntity
  8
POLYLINES
100
AcDbPolyline
 90
3
 70
0
 10
646.27
 20
120.38
 10
646.27
 20
115.63
 10
646.41
 20
115.34
  0
LWPOLYLINE
  5
153E
330
17
100
AcDbEntity
  8
POLYLINES
100
AcDbPolyline
 90
3
 70
0
 10
646.41
 20
115.34
 10
648.43
 20
115.34
 10
648.28
 20
117.36
  0
LWPOLYLINE
  5
153F
330
17
100
AcDbEntity
  8
POLYLINES
100
AcDbPolyline
 90
3
 70
0
 10
654.04
 20
117.94
 10
653.9
 20
111.46
 10
653.18
 20
112.75
  0
LWPOLYLINE
  5
1540
330
17
100
AcDbEntity
  8
POLYLINES
100
AcDbPolyline
 90
3
 70
0
 10
649.58
 20
112.03
 10
650.73
 20
111.89
 10
654.19
 20
110.02
  0
LWPOLYLINE
  5
1541
330
17
100
AcDbEntity
  8
POLYLINES
100
AcDbPolyline
 90
4
 70
0
 10
651.16
 20
116.35
 10
650.73
 20
114.34
 10
651.02
 20
113.33
 10
650.73
 20
111.89
  0
LWPOLYLINE
  5
1542
330
17
100
AcDbEntity
  8
POLYLINES
100
AcDbPolyline
 90
3
 70
0
 10
665.71
 20
116.78
 10
665.71
 20
109.58
 10
664.84
 20
110.88
  0
LWPOLYLINE
  5
1543
330
17
100
AcDbEntity
  8
POLYLINES
100
AcDbPolyline
 90
3
 70
0
 10
664.41
 20
120.38
 10
663.4
 20
116.64
 10
661.53
 20
113.18
  0
LWPOLYLINE
  5
1544
330
17
100
AcDbEntity
  8
POLYLINES
100
AcDbPolyline
 90
4
 70
0
 10
102.52
 20
98.21
 10
102.81
 20
96.77
 10
102.52
 20
94.61
 10
101.95
 20
95.9
  0
LWPOLYLINE
  5
1545
330
17
100
AcDbEntity
  8
POLYLINES
100
AcDbPolyline
 90
3
 70
0
 10
105.26
 20
100.94
 10
105.11
 20
97.49
 10
103.53
 20
97.2
  0
LWPOLYLINE
  5
1546
330
17
100
AcDbEntity
  8
POLYLINES
100
AcDbPolyline
 90
3
 70
0
 10
103.82
 20
97.2
 10
105.55
 20
91.58
 10
106.12
 20
91.58
  0
LWPOLYLINE
  5
1547
330
17
100
AcDbEntity
  8
POLYLINES
100
AcDbPolyline
 90
3
 70
0
 10
103.53
 20
101.23
 10
103.53
 20
91.58
 10
104.11
 20
93.02
  0
LWPOLYLINE
  5
1548
330
17
100
AcDbEntity
  8
POLYLINES
100
AcDbPolyline
 90
3
 70
0
 10
110.01
 20
100.66
 10
111.88
 20
95.04
 10
112.6
 20
95.04
  0
LWPOLYLINE
  5
1549
330
17
100
AcDbEntity
  8
POLYLINES
100
AcDbPolyline
 90
3
 70
0
 10
108.86
 20
99.36
 10
107.99
 20
96.34
 10
107.27
 20
94.32
  0
LWPOLYLINE
  5
154A
330
17
100
AcDbEntity
  8
POLYLINES
100
AcDbPolyline
 90
4
 70
0
 10
116.78
 20
93.02
 10
117.64
 20
91.01
 10
117.79
 20
92.59
 10
118.07
 20
101.09
  0
LWPOLYLINE
  5
154B
330
17
100
AcDbEntity
  8
POLYLINES
100
AcDbPolyline
 90
3
 70
0
 10
119.57
 20
92.14
 10
120.02
 20
99.94
 10
119.66
 20
100.4
  0
LWPOLYLINE
  5
154C
330
17
100
AcDbEntity
  8
POLYLINES
100
AcDbPolyline
 90
5
 70
0
 10
126.57
 20
93.89
 10
126.57
 20
93.31
 10
126.43
 20
92.74
 10
125.85
 20
92.3
 10
125.42
 20
92.16
  0
LWPOLYLINE
  5
154D
330
17
100
AcDbEntity
  8
POLYLINES
100
AcDbPolyline
 90
3
 70
0
 10
125.8
 20
94.03
 10
126.18
 20
93.55
 10
126.56
 20
94.03
  0
LWPOLYLINE
  5
154E
330
17
100
AcDbEntity
  8
POLYLINES
100
AcDbPolyline
 90
3
 70
0
 10
126.56
 20
94.03
 10
126.18
 20
94.5
 10
125.8
 20
94.03
  0
LWPOLYLINE
  5
154F
330
17
100
AcDbEntity
  8
POLYLINES
100
AcDbPolyline
 90
3
 70
0
 10
126.46
 20
94.03
 10
126.18
 20
94.38
 10
125.9
 20
94.03
  0
LWPOLYLINE
  5
1550
330
17
100
AcDbEntity
  8
POLYLINES
100
AcDbPolyline
 90
3
 70
0
 10
125.9
 20
94.03
 10
126.18
 20
93.67
 10
126.46
 20
94.03
  0
LWPOLYLINE
  5
1551
330
17
100
AcDbEntity
  8
POLYLINES
100
AcDbPolyline
 90
3
 70
0
 10
126.37
 20
94.03
 10
126.18
 20
94.26
 10
125.99
 20
94.03
  0
LWPOLYLINE
  5
1552
330
17
100
AcDbEntity
  8
POLYLINES
100
AcDbPolyline
 90
3
 70
0
 10
125.99
 20
94.03
 10
126.18
 20
93.79
 10
126.37
 20
94.03
  0
LWPOLYLINE
  5
1553
330
17
100
AcDbEntity
  8
POLYLINES
100
AcDbPolyline
 90
3
 70
0
 10
136.51
 20
100.8
 10
136.51
 20
91.01
 10
135.64
 20
92.3
  0
LWPOLYLINE
  5
1554
330
17
100
AcDbEntity
  8
POLYLINES
100
AcDbPolyline
 90
3
 70
0
 10
133.77
 20
100.94
 10
133.77
 20
94.9
 10
133.05
 20
91.01
  0
LWPOLYLINE
  5
1555
330
17
100
AcDbEntity
  8
POLYLINES
100
AcDbPolyline
 90
4
 70
0
 10
139.1
 20
99.65
 10
138.81
 20
96.05
 10
138.23
 20
92.45
 10
137.51
 20
90.58
  0
LWPOLYLINE
  5
1556
330
17
100
AcDbEntity
  8
POLYLINES
100
AcDbPolyline
 90
3
 70
0
 10
140.68
 20
92.3
 10
141.26
 20
93.46
 10
141.83
 20
95.04
  0
LWPOLYLINE
  5
1557
330
17
100
AcDbEntity
  8
POLYLINES
100
AcDbPolyline
 90
3
 70
0
 10
139.82
 20
93.74
 10
142.41
 20
90.43
 10
142.99
 20
90.43
  0
LWPOLYLINE
  5
1558
330
17
100
AcDbEntity
  8
POLYLINES
100
AcDbPolyline
 90
3
 70
0
 10
154.79
 20
90.86
 10
158.25
 20
102.24
 10
161.71
 20
90.86
  0
LWPOLYLINE
  5
1559
330
17
100
AcDbEntity
  8
POLYLINES
100
AcDbPolyline
 90
13
 70
0
 10
164.3
 20
90.86
 10
164.3
 20
102.24
 10
167.32
 20
102.24
 10
168.62
 20
101.66
 10
169.48
 20
100.51
 10
169.91
 20
99.5
 10
170.35
 20
97.92
 10
170.35
 20
95.18
 10
169.91
 20
93.6
 10
169.48
 20
92.45
 10
168.62
 20
91.44
 10
167.32
 20
90.86
 10
164.3
 20
90.86
  0
LWPOLYLINE
  5
155A
330
17
100
AcDbEntity
  8
POLYLINES
100
AcDbPolyline
 90
3
 70
0
 10
176.54
 20
98.93
 10
176.25
 20
97.49
 10
175.67
 20
96.05
  0
LWPOLYLINE
  5
155B
330
17
100
AcDbEntity
  8
POLYLINES
100
AcDbPolyline
 90
3
 70
0
 10
175.39
 20
91.01
 10
176.68
 20
92.45
 10
177.4
 20
93.89
  0
LWPOLYLINE
  5
155C
330
17
100
AcDbEntity
  8
POLYLINES
100
AcDbPolyline
 90
3
 70
0
 10
176.39
 20
95.18
 10
178.41
 20
91.01
 10
179.13
 20
91.01
  0
LWPOLYLINE
  5
155D
330
17
100
AcDbEntity
  8
POLYLINES
100
AcDbPolyline
 90
5
 70
0
 10
177.69
 20
100.94
 10
177.69
 20
99.36
 10
177.83
 20
97.78
 10
178.12
 20
97.2
 10
178.99
 20
97.2
  0
LWPOLYLINE
  5
155E
330
17
100
AcDbEntity
  8
POLYLINES
100
AcDbPolyline
 90
3
 70
0
 10
181.58
 20
98.78
 10
184.6
 20
95.18
 10
185.18
 20
95.33
  0
LWPOLYLINE
  5
155F
330
17
100
AcDbEntity
  8
POLYLINES
100
AcDbPolyline
 90
4
 70
0
 10
183.88
 20
100.22
 10
182.59
 20
97.78
 10
181.15
 20
95.62
 10
179.71
 20
94.32
  0
LWPOLYLINE
  5
1560
330
17
100
AcDbEntity
  8
POLYLINES
100
AcDbPolyline
 90
4
 70
0
 10
185.47
 20
100.08
 10
186.33
 20
100.51
 10
187.63
 20
102.24
 10
187.63
 20
90.86
  0
LWPOLYLINE
  5
1561
330
17
100
AcDbEntity
  8
POLYLINES
100
AcDbPolyline
 90
3
 70
0
 10
203.77
 20
100.4
 10
203.49
 20
92.59
 10
203.86
 20
92.14
  0
LWPOLYLINE
  5
1562
330
17
100
AcDbEntity
  8
POLYLINES
100
AcDbPolyline
 90
4
 70
0
 10
218.01
 20
100.22
 10
218.01
 20
96.91
 10
217.72
 20
93.46
 10
216.86
 20
91.01
  0
LWPOLYLINE
  5
1563
330
17
100
AcDbEntity
  8
POLYLINES
100
AcDbPolyline
 90
3
 70
0
 10
226.22
 20
95.33
 10
227.66
 20
92.02
 10
228.38
 20
92.02
  0
LWPOLYLINE
  5
1564
330
17
100
AcDbEntity
  8
POLYLINES
100
AcDbPolyline
 90
4
 70
0
 10
226.07
 20
95.47
 10
226.07
 20
93.17
 10
225.93
 20
90.86
 10
224.92
 20
91.87
  0
LWPOLYLINE
  5
1565
330
17
100
AcDbEntity
  8
POLYLINES
100
AcDbPolyline
 90
3
 70
0
 10
226.07
 20
94.9
 10
224.78
 20
93.31
 10
223.05
 20
91.73
  0
LWPOLYLINE
  5
1566
330
17
100
AcDbEntity
  8
POLYLINES
100
AcDbPolyline
 90
3
 70
0
 10
229.38
 20
95.44
 10
229.75
 20
94.97
 10
230.13
 20
95.44
  0
LWPOLYLINE
  5
1567
330
17
100
AcDbEntity
  8
POLYLINES
100
AcDbPolyline
 90
3
 70
0
 10
229.47
 20
95.44
 10
229.75
 20
95.09
 10
230.04
 20
95.44
  0
LWPOLYLINE
  5
1568
330
17
100
AcDbEntity
  8
POLYLINES
100
AcDbPolyline
 90
3
 70
0
 10
229.94
 20
95.44
 10
229.75
 20
95.68
 10
229.56
 20
95.44
  0
LWPOLYLINE
  5
1569
330
17
100
AcDbEntity
  8
POLYLINES
100
AcDbPolyline
 90
3
 70
0
 10
229.56
 20
95.44
 10
229.75
 20
95.21
 10
229.94
 20
95.44
  0
LWPOLYLINE
  5
156A
330
17
100
AcDbEntity
  8
POLYLINES
100
AcDbPolyline
 90
3
 70
0
 10
229.38
 20
92.73
 10
229.75
 20
92.25
 10
230.13
 20
92.73
  0
LWPOLYLINE
  5
156B
330
17
100
AcDbEntity
  8
POLYLINES
100
AcDbPolyline
 90
3
 70
0
 10
230.13
 20
92.73
 10
229.75
 20
93.2
 10
229.38
 20
92.73
  0
LWPOLYLINE
  5
156C
330
17
100
AcDbEntity
  8
POLYLINES
100
AcDbPolyline
 90
3
 70
0
 10
230.04
 20
92.73
 10
229.75
 20
93.08
 10
229.47
 20
92.73
  0
LWPOLYLINE
  5
156D
330
17
100
AcDbEntity
  8
POLYLINES
100
AcDbPolyline
 90
3
 70
0
 10
229.47
 20
92.73
 10
229.75
 20
92.37
 10
230.04
 20
92.73
  0
LWPOLYLINE
  5
156E
330
17
100
AcDbEntity
  8
POLYLINES
100
AcDbPolyline
 90
3
 70
0
 10
229.94
 20
92.73
 10
229.75
 20
92.96
 10
229.56
 20
92.73
  0
LWPOLYLINE
  5
156F
330
17
100
AcDbEntity
  8
POLYLINES
100
AcDbPolyline
 90
3
 70
0
 10
229.56
 20
92.73
 10
229.75
 20
92.49
 10
229.94
 20
92.73
  0
LWPOLYLINE
  5
1570
330
17
100
AcDbEntity
  8
POLYLINES
100
AcDbPolyline
 90
3
 70
0
 10
230.13
 20
95.44
 10
229.75
 20
95.92
 10
229.38
 20
95.44
  0
LWPOLYLINE
  5
1571
330
17
100
AcDbEntity
  8
POLYLINES
100
AcDbPolyline
 90
3
 70
0
 10
230.04
 20
95.44
 10
229.75
 20
95.8
 10
229.47
 20
95.44
  0
LWPOLYLINE
  5
1572
330
17
100
AcDbEntity
  8
POLYLINES
100
AcDbPolyline
 90
4
 70
0
 10
237.45
 20
99.07
 10
237.16
 20
96.77
 10
236.87
 20
95.33
 10
236.15
 20
93.89
  0
LWPOLYLINE
  5
1573
330
17
100
AcDbEntity
  8
POLYLINES
100
AcDbPolyline
 90
4
 70
0
 10
238.31
 20
99.22
 10
238.31
 20
95.47
 10
238.46
 20
95.04
 10
239.61
 20
95.18
  0
LWPOLYLINE
  5
1574
330
17
100
AcDbEntity
  8
POLYLINES
100
AcDbPolyline
 90
3
 70
0
 10
243.21
 20
95.04
 10
242.92
 20
93.31
 10
241.63
 20
91.01
  0
LWPOLYLINE
  5
1575
330
17
100
AcDbEntity
  8
POLYLINES
100
AcDbPolyline
 90
3
 70
0
 10
249.98
 20
94.32
 10
249.98
 20
91.01
 10
249.26
 20
92.02
  0
LWPOLYLINE
  5
1576
330
17
100
AcDbEntity
  8
POLYLINES
100
AcDbPolyline
 90
3
 70
0
 10
256.03
 20
99.65
 10
255.88
 20
98.21
 10
255.31
 20
96.19
  0
LWPOLYLINE
  5
1577
330
17
100
AcDbEntity
  8
POLYLINES
100
AcDbPolyline
 90
3
 70
0
 10
260.78
 20
97.63
 10
260.06
 20
95.62
 10
259.19
 20
93.74
  0
LWPOLYLINE
  5
1578
330
17
100
AcDbEntity
  8
POLYLINES
100
AcDbPolyline
 90
3
 70
0
 10
266.68
 20
101.38
 10
266.68
 20
90.86
 10
265.82
 20
92.3
  0
LWPOLYLINE
  5
1579
330
17
100
AcDbEntity
  8
POLYLINES
100
AcDbPolyline
 90
4
 70
0
 10
269.85
 20
96.91
 10
268.99
 20
94.03
 10
268.27
 20
92.59
 10
266.83
 20
90.86
  0
LWPOLYLINE
  5
157A
330
17
100
AcDbEntity
  8
POLYLINES
100
AcDbPolyline
 90
3
 70
0
 10
267.98
 20
95.47
 10
269.85
 20
91.15
 10
270.71
 20
91.15
  0
LWPOLYLINE
  5
157B
330
17
100
AcDbEntity
  8
POLYLINES
100
AcDbPolyline
 90
3
 70
0
 10
275.61
 20
97.92
 10
275.61
 20
90.72
 10
274.89
 20
92.02
  0
LWPOLYLINE
  5
157C
330
17
100
AcDbEntity
  8
POLYLINES
100
AcDbPolyline
 90
3
 70
0
 10
274.31
 20
101.52
 10
273.45
 20
97.63
 10
271.58
 20
94.32
  0
LWPOLYLINE
  5
157D
330
17
100
AcDbEntity
  8
POLYLINES
100
AcDbPolyline
 90
4
 70
0
 10
278.63
 20
98.21
 10
278.92
 20
96.77
 10
278.63
 20
94.61
 10
278.2
 20
95.9
  0
LWPOLYLINE
  5
157E
330
17
100
AcDbEntity
  8
POLYLINES
100
AcDbPolyline
 90
3
 70
0
 10
281.51
 20
100.94
 10
281.37
 20
97.49
 10
279.79
 20
97.2
  0
LWPOLYLINE
  5
157F
330
17
100
AcDbEntity
  8
POLYLINES
100
AcDbPolyline
 90
3
 70
0
 10
280.07
 20
97.2
 10
281.66
 20
91.58
 10
282.38
 20
91.58
  0
LWPOLYLINE
  5
1580
330
17
100
AcDbEntity
  8
POLYLINES
100
AcDbPolyline
 90
3
 70
0
 10
279.79
 20
101.23
 10
279.79
 20
91.58
 10
280.36
 20
93.02
  0
LWPOLYLINE
  5
1581
330
17
100
AcDbEntity
  8
POLYLINES
100
AcDbPolyline
 90
3
 70
0
 10
286.27
 20
94.9
 10
285.55
 20
92.45
 10
284.25
 20
90.58
  0
LWPOLYLINE
  5
1582
330
17
100
AcDbEntity
  8
POLYLINES
100
AcDbPolyline
 90
3
 70
0
 10
298.36
 20
100.66
 10
300.09
 20
95.04
 10
300.95
 20
95.04
  0
LWPOLYLINE
  5
1583
330
17
100
AcDbEntity
  8
POLYLINES
100
AcDbPolyline
 90
3
 70
0
 10
297.21
 20
99.36
 10
296.35
 20
96.34
 10
295.63
 20
94.32
  0
LWPOLYLINE
  5
1584
330
17
100
AcDbEntity
  8
POLYLINES
100
AcDbPolyline
 90
4
 70
0
 10
305.13
 20
93.02
 10
305.85
 20
91.01
 10
306.14
 20
92.59
 10
306.43
 20
101.09
  0
LWPOLYLINE
  5
1585
330
17
100
AcDbEntity
  8
POLYLINES
100
AcDbPolyline
 90
3
 70
0
 10
307.9
 20
92.14
 10
308.35
 20
99.94
 10
307.99
 20
100.4
  0
LWPOLYLINE
  5
1586
330
17
100
AcDbEntity
  8
POLYLINES
100
AcDbPolyline
 90
5
 70
0
 10
314.92
 20
93.89
 10
314.92
 20
93.31
 10
314.63
 20
92.74
 10
314.2
 20
92.3
 10
313.77
 20
92.16
  0
LWPOLYLINE
  5
1587
330
17
100
AcDbEntity
  8
POLYLINES
100
AcDbPolyline
 90
3
 70
0
 10
314.13
 20
94.03
 10
314.51
 20
93.55
 10
314.89
 20
94.03
  0
LWPOLYLINE
  5
1588
330
17
100
AcDbEntity
  8
POLYLINES
100
AcDbPolyline
 90
3
 70
0
 10
314.89
 20
94.03
 10
314.51
 20
94.5
 10
314.13
 20
94.03
  0
LWPOLYLINE
  5
1589
330
17
100
AcDbEntity
  8
POLYLINES
100
AcDbPolyline
 90
3
 70
0
 10
314.79
 20
94.03
 10
314.51
 20
94.38
 10
314.23
 20
94.03
  0
LWPOLYLINE
  5
158A
330
17
100
AcDbEntity
  8
POLYLINES
100
AcDbPolyline
 90
3
 70
0
 10
314.23
 20
94.03
 10
314.51
 20
93.67
 10
314.79
 20
94.03
  0
LWPOLYLINE
  5
158B
330
17
100
AcDbEntity
  8
POLYLINES
100
AcDbPolyline
 90
3
 70
0
 10
314.7
 20
94.03
 10
314.51
 20
94.26
 10
314.32
 20
94.03
  0
LWPOLYLINE
  5
158C
330
17
100
AcDbEntity
  8
POLYLINES
100
AcDbPolyline
 90
3
 70
0
 10
314.32
 20
94.03
 10
314.51
 20
93.79
 10
314.7
 20
94.03
  0
LWPOLYLINE
  5
158D
330
17
100
AcDbEntity
  8
POLYLINES
100
AcDbPolyline
 90
3
 70
0
 10
322.99
 20
92.59
 10
323.85
 20
91.01
 10
323.85
 20
97.49
  0
LWPOLYLINE
  5
158E
330
17
100
AcDbEntity
  8
POLYLINES
100
AcDbPolyline
 90
4
 70
0
 10
329.47
 20
101.09
 10
329.18
 20
98.06
 10
328.89
 20
96.62
 10
328.46
 20
94.46
  0
LWPOLYLINE
  5
158F
330
17
100
AcDbEntity
  8
POLYLINES
100
AcDbPolyline
 90
4
 70
0
 10
330.04
 20
97.63
 10
329.75
 20
95.18
 10
328.89
 20
92.3
 10
328.03
 20
90.86
  0
LWPOLYLINE
  5
1590
330
17
100
AcDbEntity
  8
POLYLINES
100
AcDbPolyline
 90
3
 70
0
 10
328.89
 20
96.62
 10
330.33
 20
91.01
 10
331.19
 20
91.01
  0
LWPOLYLINE
  5
1591
330
17
100
AcDbEntity
  8
POLYLINES
100
AcDbPolyline
 90
3
 70
0
 10
343.15
 20
90.86
 10
346.6
 20
102.24
 10
350.06
 20
90.86
  0
LWPOLYLINE
  5
1592
330
17
100
AcDbEntity
  8
POLYLINES
100
AcDbPolyline
 90
13
 70
0
 10
352.65
 20
90.86
 10
352.65
 20
102.24
 10
355.67
 20
102.24
 10
356.97
 20
101.66
 10
357.83
 20
100.51
 10
358.27
 20
99.5
 10
358.7
 20
97.92
 10
358.7
 20
95.18
 10
358.27
 20
93.6
 10
357.83
 20
92.45
 10
356.97
 20
91.44
 10
355.67
 20
90.86
 10
352.65
 20
90.86
  0
LWPOLYLINE
  5
1593
330
17
100
AcDbEntity
  8
POLYLINES
100
AcDbPolyline
 90
3
 70
0
 10
364.89
 20
98.93
 10
364.6
 20
97.49
 10
364.03
 20
96.05
  0
LWPOLYLINE
  5
1594
330
17
100
AcDbEntity
  8
POLYLINES
100
AcDbPolyline
 90
3
 70
0
 10
363.59
 20
91.01
 10
365.03
 20
92.45
 10
365.75
 20
93.89
  0
LWPOLYLINE
  5
1595
330
17
100
AcDbEntity
  8
POLYLINES
100
AcDbPolyline
 90
3
 70
0
 10
364.75
 20
95.18
 10
366.62
 20
91.01
 10
367.48
 20
91.01
  0
LWPOLYLINE
  5
1596
330
17
100
AcDbEntity
  8
POLYLINES
100
AcDbPolyline
 90
5
 70
0
 10
366.04
 20
100.94
 10
366.04
 20
99.36
 10
366.04
 20
97.78
 10
366.47
 20
97.2
 10
367.34
 20
97.2
  0
LWPOLYLINE
  5
1597
330
17
100
AcDbEntity
  8
POLYLINES
100
AcDbPolyline
 90
3
 70
0
 10
369.93
 20
98.78
 10
372.95
 20
95.18
 10
373.53
 20
95.33
  0
LWPOLYLINE
  5
1598
330
17
100
AcDbEntity
  8
POLYLINES
100
AcDbPolyline
 90
4
 70
0
 10
372.23
 20
100.22
 10
370.94
 20
97.78
 10
369.35
 20
95.62
 10
368.06
 20
94.32
  0
LWPOLYLINE
  5
1599
330
17
100
AcDbEntity
  8
POLYLINES
100
AcDbPolyline
 90
4
 70
0
 10
373.82
 20
100.08
 10
374.68
 20
100.51
 10
375.98
 20
102.24
 10
375.98
 20
90.86
  0
LWPOLYLINE
  5
159A
330
17
100
AcDbEntity
  8
POLYLINES
100
AcDbPolyline
 90
3
 70
0
 10
392.1
 20
100.4
 10
391.82
 20
92.59
 10
392.19
 20
92.14
  0
LWPOLYLINE
  5
159B
330
17
100
AcDbEntity
  8
POLYLINES
100
AcDbPolyline
 90
4
 70
0
 10
406.36
 20
100.22
 10
406.22
 20
96.91
 10
405.93
 20
93.46
 10
405.21
 20
91.01
  0
LWPOLYLINE
  5
159C
330
17
100
AcDbEntity
  8
POLYLINES
100
AcDbPolyline
 90
3
 70
0
 10
414.57
 20
95.33
 10
416.01
 20
92.02
 10
416.73
 20
92.02
  0
LWPOLYLINE
  5
159D
330
17
100
AcDbEntity
  8
POLYLINES
100
AcDbPolyline
 90
4
 70
0
 10
414.43
 20
95.47
 10
414.43
 20
93.17
 10
414.14
 20
90.86
 10
413.27
 20
91.87
  0
LWPOLYLINE
  5
159E
330
17
100
AcDbEntity
  8
POLYLINES
100
AcDbPolyline
 90
3
 70
0
 10
414.43
 20
94.9
 10
413.13
 20
93.31
 10
411.4
 20
91.73
  0
LWPOLYLINE
  5
159F
330
17
100
AcDbEntity
  8
POLYLINES
100
AcDbPolyline
 90
3
 70
0
 10
417.7
 20
95.44
 10
418.08
 20
94.97
 10
418.46
 20
95.44
  0
LWPOLYLINE
  5
15A0
330
17
100
AcDbEntity
  8
POLYLINES
100
AcDbPolyline
 90
3
 70
0
 10
417.8
 20
95.44
 10
418.08
 20
95.09
 10
418.37
 20
95.44
  0
LWPOLYLINE
  5
15A1
330
17
100
AcDbEntity
  8
POLYLINES
100
AcDbPolyline
 90
3
 70
0
 10
418.27
 20
95.44
 10
418.08
 20
95.68
 10
417.89
 20
95.44
  0
LWPOLYLINE
  5
15A2
330
17
100
AcDbEntity
  8
POLYLINES
100
AcDbPolyline
 90
3
 70
0
 10
417.89
 20
95.44
 10
418.08
 20
95.21
 10
418.27
 20
95.44
  0
LWPOLYLINE
  5
15A3
330
17
100
AcDbEntity
  8
POLYLINES
100
AcDbPolyline
 90
3
 70
0
 10
417.7
 20
92.73
 10
418.08
 20
92.25
 10
418.46
 20
92.73
  0
LWPOLYLINE
  5
15A4
330
17
100
AcDbEntity
  8
POLYLINES
100
AcDbPolyline
 90
3
 70
0
 10
418.46
 20
92.73
 10
418.08
 20
93.2
 10
417.7
 20
92.73
  0
LWPOLYLINE
  5
15A5
330
17
100
AcDbEntity
  8
POLYLINES
100
AcDbPolyline
 90
3
 70
0
 10
418.37
 20
92.73
 10
418.08
 20
93.08
 10
417.8
 20
92.73
  0
LWPOLYLINE
  5
15A6
330
17
100
AcDbEntity
  8
POLYLINES
100
AcDbPolyline
 90
3
 70
0
 10
417.8
 20
92.73
 10
418.08
 20
92.37
 10
418.37
 20
92.73
  0
LWPOLYLINE
  5
15A7
330
17
100
AcDbEntity
  8
POLYLINES
100
AcDbPolyline
 90
3
 70
0
 10
418.27
 20
92.73
 10
418.08
 20
92.96
 10
417.89
 20
92.73
  0
LWPOLYLINE
  5
15A8
330
17
100
AcDbEntity
  8
POLYLINES
100
AcDbPolyline
 90
3
 70
0
 10
417.89
 20
92.73
 10
418.08
 20
92.49
 10
418.27
 20
92.73
  0
LWPOLYLINE
  5
15A9
330
17
100
AcDbEntity
  8
POLYLINES
100
AcDbPolyline
 90
3
 70
0
 10
418.46
 20
95.44
 10
418.08
 20
95.92
 10
417.7
 20
95.44
  0
LWPOLYLINE
  5
15AA
330
17
100
AcDbEntity
  8
POLYLINES
100
AcDbPolyline
 90
3
 70
0
 10
418.37
 20
95.44
 10
418.08
 20
95.8
 10
417.8
 20
95.44
  0
LWPOLYLINE
  5
15AB
330
17
100
AcDbEntity
  8
POLYLINES
100
AcDbPolyline
 90
3
 70
0
 10
428.25
 20
91.87
 10
428.25
 20
91.01
 10
427.67
 20
92.3
  0
LWPOLYLINE
  5
15AC
330
17
100
AcDbEntity
  8
POLYLINES
100
AcDbPolyline
 90
3
 70
0
 10
427.1
 20
96.19
 10
426.95
 20
93.74
 10
426.09
 20
91.15
  0
LWPOLYLINE
  5
15AD
330
17
100
AcDbEntity
  8
POLYLINES
100
AcDbPolyline
 90
3
 70
0
 10
434.15
 20
97.92
 10
433.58
 20
90.72
 10
432.86
 20
92.02
  0
LWPOLYLINE
  5
15AE
330
17
100
AcDbEntity
  8
POLYLINES
100
AcDbPolyline
 90
3
 70
0
 10
446.39
 20
98.93
 10
446.11
 20
92.59
 10
445.53
 20
93.74
  0
LWPOLYLINE
  5
15AF
330
17
100
AcDbEntity
  8
POLYLINES
100
AcDbPolyline
 90
3
 70
0
 10
441.79
 20
93.02
 10
442.94
 20
93.02
 10
446.39
 20
91.01
  0
LWPOLYLINE
  5
15B0
330
17
100
AcDbEntity
  8
POLYLINES
100
AcDbPolyline
 90
4
 70
0
 10
443.37
 20
97.49
 10
443.08
 20
95.47
 10
443.37
 20
94.46
 10
442.94
 20
93.02
  0
LWPOLYLINE
  5
15B1
330
17
100
AcDbEntity
  8
POLYLINES
100
AcDbPolyline
 90
7
 70
0
 10
450.14
 20
101.52
 10
450.14
 20
92.3
 10
450.14
 20
91.87
 10
450.43
 20
91.58
 10
450.86
 20
91.15
 10
453.02
 20
91.3
 10
452.73
 20
93.74
  0
LWPOLYLINE
  5
15B2
330
17
100
AcDbEntity
  8
POLYLINES
100
AcDbPolyline
 90
3
 70
0
 10
458.63
 20
98.64
 10
457.48
 20
90.86
 10
456.47
 20
92.88
  0
LWPOLYLINE
  5
15B3
330
17
100
AcDbEntity
  8
POLYLINES
100
AcDbPolyline
 90
4
 70
0
 10
456.62
 20
101.38
 10
456.33
 20
97.2
 10
455.61
 20
93.6
 10
454.03
 20
90.72
  0
LWPOLYLINE
  5
15B4
330
17
100
AcDbEntity
  8
POLYLINES
100
AcDbPolyline
 90
3
 70
0
 10
466.99
 20
93.74
 10
467.71
 20
92.3
 10
468.71
 20
91.15
  0
LWPOLYLINE
  5
15B5
330
17
100
AcDbEntity
  8
POLYLINES
100
AcDbPolyline
 90
3
 70
0
 10
476.63
 20
98.93
 10
476.35
 20
92.59
 10
475.77
 20
93.74
  0
LWPOLYLINE
  5
15B6
330
17
100
AcDbEntity
  8
POLYLINES
100
AcDbPolyline
 90
3
 70
0
 10
472.03
 20
93.02
 10
473.18
 20
93.02
 10
476.63
 20
91.01
  0
LWPOLYLINE
  5
15B7
330
17
100
AcDbEntity
  8
POLYLINES
100
AcDbPolyline
 90
4
 70
0
 10
473.61
 20
97.49
 10
473.32
 20
95.47
 10
473.61
 20
94.46
 10
473.18
 20
93.02
  0
LWPOLYLINE
  5
15B8
330
17
100
AcDbEntity
  8
POLYLINES
100
AcDbPolyline
 90
3
 70
0
 10
488.15
 20
97.92
 10
488.15
 20
90.72
 10
487.29
 20
92.02
  0
LWPOLYLINE
  5
15B9
330
17
100
AcDbEntity
  8
POLYLINES
100
AcDbPolyline
 90
3
 70
0
 10
486.86
 20
101.52
 10
485.99
 20
97.63
 10
483.98
 20
94.32
  0
LWPOLYLINE
  5
15BA
330
17
100
AcDbEntity
  8
POLYLINES
100
AcDbPolyline
 90
4
 70
0
 10
491.18
 20
98.21
 10
491.47
 20
96.77
 10
491.18
 20
94.61
 10
490.75
 20
95.9
  0
LWPOLYLINE
  5
15BB
330
17
100
AcDbEntity
  8
POLYLINES
100
AcDbPolyline
 90
3
 70
0
 10
494.06
 20
100.94
 10
493.91
 20
97.49
 10
492.19
 20
97.2
  0
LWPOLYLINE
  5
15BC
330
17
100
AcDbEntity
  8
POLYLINES
100
AcDbPolyline
 90
3
 70
0
 10
492.47
 20
97.2
 10
494.2
 20
91.58
 10
494.92
 20
91.58
  0
LWPOLYLINE
  5
15BD
330
17
100
AcDbEntity
  8
POLYLINES
100
AcDbPolyline
 90
3
 70
0
 10
492.19
 20
101.23
 10
492.19
 20
91.58
 10
492.91
 20
93.02
  0
LWPOLYLINE
  5
15BE
330
17
100
AcDbEntity
  8
POLYLINES
100
AcDbPolyline
 90
3
 70
0
 10
498.81
 20
100.66
 10
500.54
 20
95.04
 10
501.26
 20
95.04
  0
LWPOLYLINE
  5
15BF
330
17
100
AcDbEntity
  8
POLYLINES
100
AcDbPolyline
 90
3
 70
0
 10
497.66
 20
99.36
 10
496.79
 20
96.34
 10
496.07
 20
94.32
  0
LWPOLYLINE
  5
15C0
330
17
100
AcDbEntity
  8
POLYLINES
100
AcDbPolyline
 90
4
 70
0
 10
505.43
 20
93.02
 10
506.3
 20
91.01
 10
506.59
 20
92.59
 10
506.87
 20
101.09
  0
LWPOLYLINE
  5
15C1
330
17
100
AcDbEntity
  8
POLYLINES
100
AcDbPolyline
 90
3
 70
0
 10
508.32
 20
92.14
 10
508.77
 20
99.94
 10
508.41
 20
100.4
  0
LWPOLYLINE
  5
15C2
330
17
100
AcDbEntity
  8
POLYLINES
100
AcDbPolyline
 90
5
 70
0
 10
515.37
 20
93.89
 10
515.37
 20
93.31
 10
515.08
 20
92.74
 10
514.65
 20
92.3
 10
514.22
 20
92.16
  0
LWPOLYLINE
  5
15C3
330
17
100
AcDbEntity
  8
POLYLINES
100
AcDbPolyline
 90
3
 70
0
 10
514.55
 20
94.03
 10
514.93
 20
93.55
 10
515.31
 20
94.03
  0
LWPOLYLINE
  5
15C4
330
17
100
AcDbEntity
  8
POLYLINES
100
AcDbPolyline
 90
3
 70
0
 10
515.31
 20
94.03
 10
514.93
 20
94.5
 10
514.55
 20
94.03
  0
LWPOLYLINE
  5
15C5
330
17
100
AcDbEntity
  8
POLYLINES
100
AcDbPolyline
 90
3
 70
0
 10
515.22
 20
94.03
 10
514.93
 20
94.38
 10
514.65
 20
94.03
  0
LWPOLYLINE
  5
15C6
330
17
100
AcDbEntity
  8
POLYLINES
100
AcDbPolyline
 90
3
 70
0
 10
514.65
 20
94.03
 10
514.93
 20
93.67
 10
515.22
 20
94.03
  0
LWPOLYLINE
  5
15C7
330
17
100
AcDbEntity
  8
POLYLINES
100
AcDbPolyline
 90
3
 70
0
 10
515.12
 20
94.03
 10
514.93
 20
94.26
 10
514.74
 20
94.03
  0
LWPOLYLINE
  5
15C8
330
17
100
AcDbEntity
  8
POLYLINES
100
AcDbPolyline
 90
3
 70
0
 10
514.74
 20
94.03
 10
514.93
 20
93.79
 10
515.12
 20
94.03
  0
LWPOLYLINE
  5
15C9
330
17
100
AcDbEntity
  8
POLYLINES
100
AcDbPolyline
 90
3
 70
0
 10
535.1
 20
92.88
 10
534.23
 20
91.73
 10
532.65
 20
90.72
  0
LWPOLYLINE
  5
15CA
330
17
100
AcDbEntity
  8
POLYLINES
100
AcDbPolyline
 90
3
 70
0
 10
535.96
 20
96.19
 10
535.67
 20
94.61
 10
535.1
 20
92.88
  0
LWPOLYLINE
  5
15CB
330
17
100
AcDbEntity
  8
POLYLINES
100
AcDbPolyline
 90
3
 70
0
 10
541.0
 20
94.9
 10
542.87
 20
91.01
 10
543.59
 20
91.01
  0
LWPOLYLINE
  5
15CC
330
17
100
AcDbEntity
  8
POLYLINES
100
AcDbPolyline
 90
3
 70
0
 10
541.15
 20
95.04
 10
540.28
 20
93.74
 10
538.41
 20
91.73
  0
LWPOLYLINE
  5
15CD
330
17
100
AcDbEntity
  8
POLYLINES
100
AcDbPolyline
 90
5
 70
0
 10
545.61
 20
93.89
 10
545.61
 20
93.31
 10
545.32
 20
92.74
 10
544.89
 20
92.3
 10
544.46
 20
92.16
  0
LWPOLYLINE
  5
15CE
330
17
100
AcDbEntity
  8
POLYLINES
100
AcDbPolyline
 90
3
 70
0
 10
544.79
 20
94.03
 10
545.17
 20
93.55
 10
545.55
 20
94.03
  0
LWPOLYLINE
  5
15CF
330
17
100
AcDbEntity
  8
POLYLINES
100
AcDbPolyline
 90
3
 70
0
 10
545.55
 20
94.03
 10
545.17
 20
94.5
 10
544.79
 20
94.03
  0
LWPOLYLINE
  5
15D0
330
17
100
AcDbEntity
  8
POLYLINES
100
AcDbPolyline
 90
3
 70
0
 10
545.45
 20
94.03
 10
545.17
 20
94.38
 10
544.88
 20
94.03
  0
LWPOLYLINE
  5
15D1
330
17
100
AcDbEntity
  8
POLYLINES
100
AcDbPolyline
 90
3
 70
0
 10
544.88
 20
94.03
 10
545.17
 20
93.67
 10
545.45
 20
94.03
  0
LWPOLYLINE
  5
15D2
330
17
100
AcDbEntity
  8
POLYLINES
100
AcDbPolyline
 90
3
 70
0
 10
545.36
 20
94.03
 10
545.17
 20
94.26
 10
544.98
 20
94.03
  0
LWPOLYLINE
  5
15D3
330
17
100
AcDbEntity
  8
POLYLINES
100
AcDbPolyline
 90
3
 70
0
 10
544.98
 20
94.03
 10
545.17
 20
93.79
 10
545.36
 20
94.03
  0
LWPOLYLINE
  5
15D4
330
17
100
AcDbEntity
  8
POLYLINES
100
AcDbPolyline
 90
5
 70
0
 10
555.69
 20
93.74
 10
555.69
 20
91.73
 10
554.97
 20
91.73
 10
554.68
 20
92.74
 10
554.68
 20
100.22
  0
LWPOLYLINE
  5
15D5
330
17
100
AcDbEntity
  8
POLYLINES
100
AcDbPolyline
 90
4
 70
0
 10
552.38
 20
91.01
 10
553.1
 20
93.02
 10
553.53
 20
95.76
 10
553.53
 20
100.37
  0
LWPOLYLINE
  5
15D6
330
17
100
AcDbEntity
  8
POLYLINES
100
AcDbPolyline
 90
4
 70
0
 10
564.19
 20
100.94
 10
564.04
 20
96.48
 10
563.75
 20
93.74
 10
562.46
 20
90.72
  0
LWPOLYLINE
  5
15D7
330
17
100
AcDbEntity
  8
POLYLINES
100
AcDbPolyline
 90
3
 70
0
 10
564.47
 20
96.48
 10
566.78
 20
91.15
 10
567.79
 20
91.15
  0
LWPOLYLINE
  5
15D8
330
17
100
AcDbEntity
  8
POLYLINES
100
AcDbPolyline
 90
3
 70
0
 10
572.11
 20
101.52
 10
571.96
 20
91.01
 10
570.95
 20
92.59
  0
LWPOLYLINE
  5
15D9
330
17
100
AcDbEntity
  8
POLYLINES
100
AcDbPolyline
 90
3
 70
0
 10
579.59
 20
98.35
 10
578.73
 20
90.86
 10
577.58
 20
93.02
  0
LWPOLYLINE
  5
15DA
330
17
100
AcDbEntity
  8
POLYLINES
100
AcDbPolyline
 90
14
 70
0
 10
580.6
 20
99.5
 10
580.6
 20
100.08
 10
581.03
 20
101.09
 10
581.47
 20
101.66
 10
582.33
 20
102.24
 10
584.06
 20
102.24
 10
584.92
 20
101.66
 10
585.35
 20
101.09
 10
585.79
 20
100.08
 10
585.79
 20
98.93
 10
585.35
 20
97.92
 10
584.49
 20
96.19
 10
580.17
 20
90.86
 10
586.22
 20
90.86
  0
LWPOLYLINE
  5
15DB
330
17
100
AcDbEntity
  8
POLYLINES
100
AcDbPolyline
 90
14
 70
0
 10
589.24
 20
99.5
 10
589.24
 20
100.08
 10
589.67
 20
101.09
 10
590.11
 20
101.66
 10
590.97
 20
102.24
 10
592.7
 20
102.24
 10
593.56
 20
101.66
 10
593.99
 20
101.09
 10
594.43
 20
100.08
 10
594.43
 20
98.93
 10
593.99
 20
97.92
 10
593.13
 20
96.19
 10
588.81
 20
90.86
 10
594.86
 20
90.86
  0
LWPOLYLINE
  5
15DC
330
17
100
AcDbEntity
  8
POLYLINES
100
AcDbPolyline
 90
23
 70
0
 10
602.63
 20
100.51
 10
602.2
 20
101.66
 10
600.91
 20
102.24
 10
600.04
 20
102.24
 10
598.75
 20
101.66
 10
597.88
 20
100.08
 10
597.45
 20
97.34
 10
597.45
 20
94.61
 10
597.88
 20
92.45
 10
598.75
 20
91.44
 10
600.04
 20
90.86
 10
600.47
 20
90.86
 10
601.77
 20
91.44
 10
602.63
 20
92.45
 10
603.07
 20
94.03
 10
603.07
 20
94.61
 10
602.63
 20
96.19
 10
601.77
 20
97.34
 10
600.47
 20
97.92
 10
600.04
 20
97.92
 10
598.75
 20
97.34
 10
597.88
 20
96.19
 10
597.45
 20
94.61
  0
LWPOLYLINE
  5
15DD
330
17
100
AcDbEntity
  8
POLYLINES
100
AcDbPolyline
 90
17
 70
0
 10
608.68
 20
102.24
 10
607.39
 20
101.66
 10
606.52
 20
100.08
 10
606.09
 20
97.34
 10
606.09
 20
95.76
 10
606.52
 20
93.02
 10
607.39
 20
91.44
 10
608.68
 20
90.86
 10
609.55
 20
90.86
 10
610.84
 20
91.44
 10
611.71
 20
93.02
 10
612.14
 20
95.76
 10
612.14
 20
97.34
 10
611.71
 20
100.08
 10
610.84
 20
101.66
 10
609.55
 20
102.24
 10
608.68
 20
102.24
  0
LWPOLYLINE
  5
15DE
330
17
100
AcDbEntity
  8
POLYLINES
100
AcDbPolyline
 90
7
 70
0
 10
614.73
 20
96.19
 10
616.03
 20
97.92
 10
616.89
 20
98.35
 10
618.19
 20
98.35
 10
619.05
 20
97.92
 10
619.48
 20
96.19
 10
619.48
 20
90.86
  0
LWPOLYLINE
  5
15DF
330
17
100
AcDbEntity
  8
POLYLINES
100
AcDbPolyline
 90
7
 70
0
 10
619.48
 20
96.19
 10
620.78
 20
97.92
 10
621.64
 20
98.35
 10
622.94
 20
98.35
 10
623.8
 20
97.92
 10
624.23
 20
96.19
 10
624.23
 20
90.86
  0
LWPOLYLINE
  5
15E0
330
17
100
AcDbEntity
  8
POLYLINES
100
AcDbPolyline
 90
7
 70
0
 10
627.69
 20
96.19
 10
628.99
 20
97.92
 10
629.85
 20
98.35
 10
631.15
 20
98.35
 10
632.01
 20
97.92
 10
632.44
 20
96.19
 10
632.44
 20
90.86
  0
LWPOLYLINE
  5
15E1
330
17
100
AcDbEntity
  8
POLYLINES
100
AcDbPolyline
 90
7
 70
0
 10
632.44
 20
96.19
 10
633.74
 20
97.92
 10
634.6
 20
98.35
 10
635.9
 20
98.35
 10
636.76
 20
97.92
 10
637.19
 20
96.19
 10
637.19
 20
90.86
  0
LWPOLYLINE
  5
15E2
330
17
100
AcDbEntity
  8
POLYLINES
100
AcDbPolyline
 90
3
 70
0
 10
646.08
 20
100.4
 10
645.81
 20
92.59
 10
646.18
 20
92.14
  0
LWPOLYLINE
  5
15E3
330
17
100
AcDbEntity
  8
POLYLINES
100
AcDbPolyline
 90
3
 70
0
 10
649.72
 20
101.09
 10
648.71
 20
98.21
 10
647.13
 20
95.04
  0
LWPOLYLINE
  5
15E4
330
17
100
AcDbEntity
  8
POLYLINES
100
AcDbPolyline
 90
23
 70
0
 10
106.84
 20
81.65
 10
106.41
 20
82.8
 10
105.11
 20
83.23
 10
104.25
 20
83.23
 10
102.95
 20
82.8
 10
102.09
 20
81.07
 10
101.66
 20
78.48
 10
101.66
 20
75.74
 10
102.09
 20
73.58
 10
102.95
 20
72.43
 10
104.25
 20
72.0
 10
104.68
 20
72.0
 10
105.98
 20
72.43
 10
106.84
 20
73.58
 10
107.27
 20
75.17
 10
107.27
 20
75.74
 10
106.84
 20
77.33
 10
105.98
 20
78.48
 10
104.68
 20
78.91
 10
104.25
 20
78.91
 10
102.95
 20
78.48
 10
102.09
 20
77.33
 10
101.66
 20
75.74
  0
LWPOLYLINE
  5
15E5
330
17
100
AcDbEntity
  8
POLYLINES
100
AcDbPolyline
 90
17
 70
0
 10
112.89
 20
83.23
 10
111.59
 20
82.8
 10
110.73
 20
81.07
 10
110.3
 20
78.48
 10
110.3
 20
76.75
 10
110.73
 20
74.16
 10
111.59
 20
72.43
 10
112.89
 20
72.0
 10
113.75
 20
72.0
 10
115.05
 20
72.43
 10
115.91
 20
74.16
 10
116.35
 20
76.75
 10
116.35
 20
78.48
 10
115.91
 20
81.07
 10
115.05
 20
82.8
 10
113.75
 20
83.23
 10
112.89
 20
83.23
  0
LWPOLYLINE
  5
15E6
330
17
100
AcDbEntity
  8
POLYLINES
100
AcDbPolyline
 90
7
 70
0
 10
118.94
 20
77.33
 10
120.23
 20
78.91
 10
121.1
 20
79.49
 10
122.39
 20
79.49
 10
123.26
 20
78.91
 10
123.69
 20
77.33
 10
123.69
 20
72.0
  0
LWPOLYLINE
  5
15E7
330
17
100
AcDbEntity
  8
POLYLINES
100
AcDbPolyline
 90
7
 70
0
 10
123.69
 20
77.33
 10
124.99
 20
78.91
 10
125.85
 20
79.49
 10
127.15
 20
79.49
 10
128.01
 20
78.91
 10
128.44
 20
77.33
 10
128.44
 20
72.0
  0
LWPOLYLINE
  5
15E8
330
17
100
AcDbEntity
  8
POLYLINES
100
AcDbPolyline
 90
7
 70
0
 10
131.9
 20
77.33
 10
133.19
 20
78.91
 10
134.06
 20
79.49
 10
135.35
 20
79.49
 10
136.22
 20
78.91
 10
136.65
 20
77.33
 10
136.65
 20
72.0
  0
LWPOLYLINE
  5
15E9
330
17
100
AcDbEntity
  8
POLYLINES
100
AcDbPolyline
 90
7
 70
0
 10
136.65
 20
77.33
 10
137.95
 20
78.91
 10
138.81
 20
79.49
 10
140.11
 20
79.49
 10
140.97
 20
78.91
 10
141.4
 20
77.33
 10
141.4
 20
72.0
  0
LWPOLYLINE
  5
15EA
330
17
100
AcDbEntity
  8
POLYLINES
100
AcDbPolyline
 90
4
 70
0
 10
148.31
 20
82.08
 10
148.17
 20
77.18
 10
147.59
 20
74.59
 10
147.16
 20
72.29
  0
LWPOLYLINE
  5
15EB
330
17
100
AcDbEntity
  8
POLYLINES
100
AcDbPolyline
 90
3
 70
0
 10
148.46
 20
72.29
 10
149.9
 20
72.58
 10
150.04
 20
71.71
  0
LWPOLYLINE
  5
15EC
330
17
100
AcDbEntity
  8
POLYLINES
100
AcDbPolyline
 90
5
 70
0
 10
152.49
 20
75.02
 10
152.49
 20
74.45
 10
152.2
 20
73.87
 10
151.77
 20
73.3
 10
151.34
 20
73.3
  0
LWPOLYLINE
  5
15ED
330
17
100
AcDbEntity
  8
POLYLINES
100
AcDbPolyline
 90
3
 70
0
 10
151.71
 20
75.13
 10
152.08
 20
74.66
 10
152.46
 20
75.13
  0
LWPOLYLINE
  5
15EE
330
17
100
AcDbEntity
  8
POLYLINES
100
AcDbPolyline
 90
3
 70
0
 10
152.46
 20
75.13
 10
152.08
 20
75.6
 10
151.71
 20
75.13
  0
LWPOLYLINE
  5
15EF
330
17
100
AcDbEntity
  8
POLYLINES
100
AcDbPolyline
 90
3
 70
0
 10
152.37
 20
75.13
 10
152.08
 20
75.48
 10
151.8
 20
75.13
  0
LWPOLYLINE
  5
15F0
330
17
100
AcDbEntity
  8
POLYLINES
100
AcDbPolyline
 90
3
 70
0
 10
151.8
 20
75.13
 10
152.08
 20
74.77
 10
152.37
 20
75.13
  0
LWPOLYLINE
  5
15F1
330
17
100
AcDbEntity
  8
POLYLINES
100
AcDbPolyline
 90
3
 70
0
 10
152.27
 20
75.13
 10
152.08
 20
75.37
 10
151.89
 20
75.13
  0
LWPOLYLINE
  5
15F2
330
17
100
AcDbEntity
  8
POLYLINES
100
AcDbPolyline
 90
3
 70
0
 10
151.89
 20
75.13
 10
152.08
 20
74.89
 10
152.27
 20
75.13
  0
LWPOLYLINE
  5
15F3
330
17
100
AcDbEntity
  8
POLYLINES
100
AcDbPolyline
 90
3
 70
0
 10
162.14
 20
77.9
 10
161.56
 20
72.0
 10
160.84
 20
73.3
  0
LWPOLYLINE
  5
15F4
330
17
100
AcDbEntity
  8
POLYLINES
100
AcDbPolyline
 90
3
 70
0
 10
163.61
 20
73.24
 10
164.07
 20
81.04
 10
163.71
 20
81.51
  0
LWPOLYLINE
  5
15F5
330
17
100
AcDbEntity
  8
POLYLINES
100
AcDbPolyline
 90
23
 70
0
 10
181.58
 20
81.65
 10
181.15
 20
82.8
 10
179.85
 20
83.23
 10
178.99
 20
83.23
 10
177.69
 20
82.8
 10
176.83
 20
81.07
 10
176.39
 20
78.48
 10
176.39
 20
75.74
 10
176.83
 20
73.58
 10
177.69
 20
72.43
 10
178.99
 20
72.0
 10
179.42
 20
72.0
 10
180.71
 20
72.43
 10
181.58
 20
73.58
 10
182.01
 20
75.17
 10
182.01
 20
75.74
 10
181.58
 20
77.33
 10
180.71
 20
78.48
 10
179.42
 20
78.91
 10
178.99
 20
78.91
 10
177.69
 20
78.48
 10
176.83
 20
77.33
 10
176.39
 20
75.74
  0
LWPOLYLINE
  5
15F6
330
17
100
AcDbEntity
  8
POLYLINES
100
AcDbPolyline
 90
17
 70
0
 10
187.63
 20
83.23
 10
186.33
 20
82.8
 10
185.47
 20
81.07
 10
185.03
 20
78.48
 10
185.03
 20
76.75
 10
185.47
 20
74.16
 10
186.33
 20
72.43
 10
187.63
 20
72.0
 10
188.49
 20
72.0
 10
189.79
 20
72.43
 10
190.65
 20
74.16
 10
191.08
 20
76.75
 10
191.08
 20
78.48
 10
190.65
 20
81.07
 10
189.79
 20
82.8
 10
188.49
 20
83.23
 10
187.63
 20
83.23
  0
LWPOLYLINE
  5
15F7
330
17
100
AcDbEntity
  8
POLYLINES
100
AcDbPolyline
 90
17
 70
0
 10
196.27
 20
83.23
 10
194.97
 20
82.8
 10
194.11
 20
81.07
 10
193.67
 20
78.48
 10
193.67
 20
76.75
 10
194.11
 20
74.16
 10
194.97
 20
72.43
 10
196.27
 20
72.0
 10
197.13
 20
72.0
 10
198.43
 20
72.43
 10
199.29
 20
74.16
 10
199.72
 20
76.75
 10
199.72
 20
78.48
 10
199.29
 20
81.07
 10
198.43
 20
82.8
 10
197.13
 20
83.23
 10
196.27
 20
83.23
  0
LWPOLYLINE
  5
15F8
330
17
100
AcDbEntity
  8
POLYLINES
100
AcDbPolyline
 90
7
 70
0
 10
202.31
 20
77.33
 10
203.61
 20
78.91
 10
204.47
 20
79.49
 10
205.77
 20
79.49
 10
206.63
 20
78.91
 10
207.07
 20
77.33
 10
207.07
 20
72.0
  0
LWPOLYLINE
  5
15F9
330
17
100
AcDbEntity
  8
POLYLINES
100
AcDbPolyline
 90
7
 70
0
 10
207.07
 20
77.33
 10
208.36
 20
78.91
 10
209.23
 20
79.49
 10
210.52
 20
79.49
 10
211.39
 20
78.91
 10
211.82
 20
77.33
 10
211.82
 20
72.0
  0
LWPOLYLINE
  5
15FA
330
17
100
AcDbEntity
  8
POLYLINES
100
AcDbPolyline
 90
7
 70
0
 10
215.27
 20
77.33
 10
216.57
 20
78.91
 10
217.43
 20
79.49
 10
218.73
 20
79.49
 10
219.59
 20
78.91
 10
220.03
 20
77.33
 10
220.03
 20
72.0
  0
LWPOLYLINE
  5
15FB
330
17
100
AcDbEntity
  8
POLYLINES
100
AcDbPolyline
 90
7
 70
0
 10
220.03
 20
77.33
 10
221.32
 20
78.91
 10
222.19
 20
79.49
 10
223.48
 20
79.49
 10
224.35
 20
78.91
 10
224.78
 20
77.33
 10
224.78
 20
72.0
  0
LWPOLYLINE
  5
15FC
330
17
100
AcDbEntity
  8
POLYLINES
100
AcDbPolyline
 90
4
 70
0
 10
235.58
 20
81.07
 10
236.44
 20
81.65
 10
237.74
 20
83.23
 10
237.74
 20
72.0
  0
LWPOLYLINE
  5
15FD
330
17
100
AcDbEntity
  8
POLYLINES
100
AcDbPolyline
 90
14
 70
0
 10
242.92
 20
80.64
 10
242.92
 20
81.07
 10
243.35
 20
82.22
 10
243.79
 20
82.8
 10
244.65
 20
83.23
 10
246.38
 20
83.23
 10
247.24
 20
82.8
 10
247.67
 20
82.22
 10
248.11
 20
81.07
 10
248.11
 20
80.06
 10
247.67
 20
78.91
 10
246.81
 20
77.33
 10
242.49
 20
72.0
 10
248.54
 20
72.0
  0
LWPOLYLINE
  5
15FE
330
17
100
AcDbEntity
  8
POLYLINES
100
AcDbPolyline
 90
17
 70
0
 10
253.72
 20
83.23
 10
252.43
 20
82.8
 10
251.56
 20
81.07
 10
251.13
 20
78.48
 10
251.13
 20
76.75
 10
251.56
 20
74.16
 10
252.43
 20
72.43
 10
253.72
 20
72.0
 10
254.59
 20
72.0
 10
255.88
 20
72.43
 10
256.75
 20
74.16
 10
257.18
 20
76.75
 10
257.18
 20
78.48
 10
256.75
 20
81.07
 10
255.88
 20
82.8
 10
254.59
 20
83.23
 10
253.72
 20
83.23
  0
LWPOLYLINE
  5
15FF
330
17
100
AcDbEntity
  8
POLYLINES
100
AcDbPolyline
 90
17
 70
0
 10
262.36
 20
83.23
 10
261.07
 20
82.8
 10
260.2
 20
81.07
 10
259.77
 20
78.48
 10
259.77
 20
76.75
 10
260.2
 20
74.16
 10
261.07
 20
72.43
 10
262.36
 20
72.0
 10
263.23
 20
72.0
 10
264.52
 20
72.43
 10
265.39
 20
74.16
 10
265.82
 20
76.75
 10
265.82
 20
78.48
 10
265.39
 20
81.07
 10
264.52
 20
82.8
 10
263.23
 20
83.23
 10
262.36
 20
83.23
  0
LWPOLYLINE
  5
1600
330
17
100
AcDbEntity
  8
POLYLINES
100
AcDbPolyline
 90
7
 70
0
 10
268.41
 20
77.33
 10
269.71
 20
78.91
 10
270.57
 20
79.49
 10
271.87
 20
79.49
 10
272.73
 20
78.91
 10
273.16
 20
77.33
 10
273.16
 20
72.0
  0
LWPOLYLINE
  5
1601
330
17
100
AcDbEntity
  8
POLYLINES
100
AcDbPolyline
 90
7
 70
0
 10
273.16
 20
77.33
 10
274.46
 20
78.91
 10
275.32
 20
79.49
 10
276.62
 20
79.49
 10
277.48
 20
78.91
 10
277.91
 20
77.33
 10
277.91
 20
72.0
  0
LWPOLYLINE
  5
1602
330
17
100
AcDbEntity
  8
POLYLINES
100
AcDbPolyline
 90
7
 70
0
 10
281.37
 20
77.33
 10
282.67
 20
78.91
 10
283.53
 20
79.49
 10
284.83
 20
79.49
 10
285.69
 20
78.91
 10
286.12
 20
77.33
 10
286.12
 20
72.0
  0
LWPOLYLINE
  5
1603
330
17
100
AcDbEntity
  8
POLYLINES
100
AcDbPolyline
 90
7
 70
0
 10
286.12
 20
77.33
 10
287.42
 20
78.91
 10
288.28
 20
79.49
 10
289.58
 20
79.49
 10
290.44
 20
78.91
 10
290.87
 20
77.33
 10
290.87
 20
72.0
  0
LWPOLYLINE
  5
1604
330
17
100
AcDbEntity
  8
POLYLINES
100
AcDbPolyline
 90
3
 70
0
 10
295.3
 20
73.83
 10
295.96
 20
73.0
 10
296.62
 20
73.83
  0
LWPOLYLINE
  5
1605
330
17
100
AcDbEntity
  8
POLYLINES
100
AcDbPolyline
 90
3
 70
0
 10
296.62
 20
73.83
 10
295.96
 20
74.66
 10
295.3
 20
73.83
  0
LWPOLYLINE
  5
1606
330
17
100
AcDbEntity
  8
POLYLINES
100
AcDbPolyline
 90
3
 70
0
 10
296.72
 20
73.83
 10
295.96
 20
74.77
 10
295.21
 20
73.83
  0
LWPOLYLINE
  5
1607
330
17
100
AcDbEntity
  8
POLYLINES
100
AcDbPolyline
 90
3
 70
0
 10
295.21
 20
73.83
 10
295.96
 20
72.88
 10
296.72
 20
73.83
  0
LWPOLYLINE
  5
1608
330
17
100
AcDbEntity
  8
POLYLINES
100
AcDbPolyline
 90
15
 70
0
 10
143.56
 20
64.37
 10
148.31
 20
64.37
 10
145.72
 20
60.05
 10
147.02
 20
60.05
 10
147.88
 20
59.47
 10
148.31
 20
59.04
 10
148.75
 20
57.31
 10
148.75
 20
56.3
 10
148.31
 20
54.72
 10
147.45
 20
53.57
 10
146.15
 20
52.99
 10
144.86
 20
52.99
 10
143.56
 20
53.57
 10
143.13
 20
54.14
 10
142.7
 20
55.15
  0
LWPOLYLINE
  5
1609
330
17
100
AcDbEntity
  8
POLYLINES
100
AcDbPolyline
 90
4
 70
0
 10
151.77
 20
54.14
 10
151.34
 20
53.57
 10
151.77
 20
52.99
 10
152.2
 20
53.57
  0
LWPOLYLINE
  5
160A
330
17
100
AcDbEntity
  8
POLYLINES
100
AcDbPolyline
 90
4
 70
0
 10
159.4
 20
62.5
 10
159.26
 20
56.88
 10
158.97
 20
55.44
 10
158.68
 20
53.57
  0
LWPOLYLINE
  5
160B
330
17
100
AcDbEntity
  8
POLYLINES
100
AcDbPolyline
 90
3
 70
0
 10
157.53
 20
59.18
 10
157.53
 20
53.57
 10
156.95
 20
54.58
  0
LWPOLYLINE
  5
160C
330
17
100
AcDbEntity
  8
POLYLINES
100
AcDbPolyline
 90
3
 70
0
 10
170.92
 20
61.06
 10
170.63
 20
59.62
 10
170.06
 20
58.18
  0
LWPOLYLINE
  5
160D
330
17
100
AcDbEntity
  8
POLYLINES
100
AcDbPolyline
 90
3
 70
0
 10
169.63
 20
53.14
 10
171.07
 20
54.72
 10
171.79
 20
56.16
  0
LWPOLYLINE
  5
160E
330
17
100
AcDbEntity
  8
POLYLINES
100
AcDbPolyline
 90
3
 70
0
 10
170.78
 20
57.46
 10
172.65
 20
53.28
 10
173.51
 20
53.28
  0
LWPOLYLINE
  5
160F
330
17
100
AcDbEntity
  8
POLYLINES
100
AcDbPolyline
 90
5
 70
0
 10
172.07
 20
63.07
 10
172.07
 20
61.49
 10
172.07
 20
60.05
 10
172.51
 20
59.47
 10
173.37
 20
59.47
  0
LWPOLYLINE
  5
1610
330
17
100
AcDbEntity
  8
POLYLINES
100
AcDbPolyline
 90
3
 70
0
 10
175.96
 20
60.91
 10
178.99
 20
57.46
 10
179.56
 20
57.6
  0
LWPOLYLINE
  5
1611
330
17
100
AcDbEntity
  8
POLYLINES
100
AcDbPolyline
 90
4
 70
0
 10
178.27
 20
62.35
 10
176.97
 20
60.05
 10
175.39
 20
57.89
 10
174.09
 20
56.59
  0
LWPOLYLINE
  5
1612
330
17
100
AcDbEntity
  8
POLYLINES
100
AcDbPolyline
 90
4
 70
0
 10
189.5
 20
60.62
 10
188.92
 20
58.75
 10
188.35
 20
56.88
 10
187.63
 20
55.01
  0
LWPOLYLINE
  5
1613
330
17
100
AcDbEntity
  8
POLYLINES
100
AcDbPolyline
 90
3
 70
0
 10
189.79
 20
60.62
 10
191.51
 20
55.73
 10
191.95
 20
55.73
  0
LWPOLYLINE
  5
1614
330
17
100
AcDbEntity
  8
POLYLINES
100
AcDbPolyline
 90
3
 70
0
 10
195.26
 20
62.78
 10
195.11
 20
57.6
 10
194.54
 20
54.0
  0
LWPOLYLINE
  5
1615
330
17
100
AcDbEntity
  8
POLYLINES
100
AcDbPolyline
 90
4
 70
0
 10
197.13
 20
60.48
 10
196.55
 20
56.88
 10
195.98
 20
55.58
 10
194.83
 20
53.71
  0
LWPOLYLINE
  5
1616
330
17
100
AcDbEntity
  8
POLYLINES
100
AcDbPolyline
 90
3
 70
0
 10
195.83
 20
58.9
 10
197.56
 20
54.29
 10
197.99
 20
54.29
  0
LWPOLYLINE
  5
1617
330
17
100
AcDbEntity
  8
POLYLINES
100
AcDbPolyline
 90
3
 70
0
 10
201.16
 20
62.21
 10
200.87
 20
59.62
 10
200.3
 20
57.6
  0
LWPOLYLINE
  5
1618
330
17
100
AcDbEntity
  8
POLYLINES
100
AcDbPolyline
 90
3
 70
0
 10
207.35
 20
55.01
 10
206.49
 20
54.0
 10
204.76
 20
52.99
  0
LWPOLYLINE
  5
1619
330
17
100
AcDbEntity
  8
POLYLINES
100
AcDbPolyline
 90
3
 70
0
 10
208.07
 20
58.32
 10
207.93
 20
56.88
 10
207.35
 20
55.01
  0
LWPOLYLINE
  5
161A
330
17
100
AcDbEntity
  8
POLYLINES
100
AcDbPolyline
 90
3
 70
0
 10
213.11
 20
57.02
 10
214.99
 20
53.28
 10
215.85
 20
53.28
  0
LWPOLYLINE
  5
161B
330
17
100
AcDbEntity
  8
POLYLINES
100
AcDbPolyline
 90
3
 70
0
 10
213.26
 20
57.31
 10
212.39
 20
56.02
 10
210.52
 20
53.86
  0
LWPOLYLINE
  5
161C
330
17
100
AcDbEntity
  8
POLYLINES
100
AcDbPolyline
 90
3
 70
0
 10
233.13
 20
58.75
 10
232.99
 20
52.99
 10
232.27
 20
54.29
  0
LWPOLYLINE
  5
161D
330
17
100
AcDbEntity
  8
POLYLINES
100
AcDbPolyline
 90
3
 70
0
 10
237.88
 20
59.47
 10
239.32
 20
56.59
 10
240.04
 20
56.74
  0
LWPOLYLINE
  5
161E
330
17
100
AcDbEntity
  8
POLYLINES
100
AcDbPolyline
 90
3
 70
0
 10
237.31
 20
60.77
 10
236.87
 20
59.47
 10
234.57
 20
56.16
  0
LWPOLYLINE
  5
161F
330
17
100
AcDbEntity
  8
POLYLINES
100
AcDbPolyline
 90
3
 70
0
 10
238.89
 20
55.87
 10
237.16
 20
54.0
 10
235.43
 20
52.85
  0
LWPOLYLINE
  5
1620
330
17
100
AcDbEntity
  8
POLYLINES
100
AcDbPolyline
 90
5
 70
0
 10
243.79
 20
57.89
 10
243.79
 20
54.14
 10
244.07
 20
53.71
 10
246.09
 20
53.86
 10
245.95
 20
56.16
  0
LWPOLYLINE
  5
1621
330
17
100
AcDbEntity
  8
POLYLINES
100
AcDbPolyline
 90
4
 70
0
 10
243.64
 20
60.77
 10
243.07
 20
56.88
 10
242.2
 20
55.3
 10
240.62
 20
53.14
  0
LWPOLYLINE
  5
1622
330
17
100
AcDbEntity
  8
POLYLINES
100
AcDbPolyline
 90
4
 70
0
 10
247.82
 20
62.35
 10
247.67
 20
59.18
 10
247.39
 20
55.58
 10
246.67
 20
53.14
  0
LWPOLYLINE
  5
1623
330
17
100
AcDbEntity
  8
POLYLINES
100
AcDbPolyline
 90
3
 70
0
 10
256.03
 20
57.6
 10
257.47
 20
54.29
 10
258.19
 20
54.29
  0
LWPOLYLINE
  5
1624
330
17
100
AcDbEntity
  8
POLYLINES
100
AcDbPolyline
 90
4
 70
0
 10
255.88
 20
57.6
 10
255.88
 20
55.44
 10
255.74
 20
52.99
 10
254.73
 20
54.14
  0
LWPOLYLINE
  5
1625
330
17
100
AcDbEntity
  8
POLYLINES
100
AcDbPolyline
 90
3
 70
0
 10
255.88
 20
57.02
 10
254.59
 20
55.58
 10
252.86
 20
53.86
  0
LWPOLYLINE
  5
1626
330
17
100
AcDbEntity
  8
POLYLINES
100
AcDbPolyline
 90
3
 70
0
 10
261.79
 20
55.01
 10
260.92
 20
54.0
 10
259.19
 20
52.99
  0
LWPOLYLINE
  5
1627
330
17
100
AcDbEntity
  8
POLYLINES
100
AcDbPolyline
 90
3
 70
0
 10
262.51
 20
58.32
 10
262.22
 20
56.88
 10
261.79
 20
55.01
  0
LWPOLYLINE
  5
1628
330
17
100
AcDbEntity
  8
POLYLINES
100
AcDbPolyline
 90
3
 70
0
 10
267.55
 20
57.02
 10
269.42
 20
53.28
 10
270.28
 20
53.28
  0
LWPOLYLINE
  5
1629
330
17
100
AcDbEntity
  8
POLYLINES
100
AcDbPolyline
 90
3
 70
0
 10
267.69
 20
57.31
 10
266.83
 20
56.02
 10
264.95
 20
53.86
  0
LWPOLYLINE
  5
162A
330
17
100
AcDbEntity
  8
POLYLINES
100
AcDbPolyline
 90
5
 70
0
 10
274.75
 20
58.18
 10
274.75
 20
53.71
 10
275.03
 20
53.42
 10
276.47
 20
53.42
 10
276.33
 20
55.73
  0
LWPOLYLINE
  5
162B
330
17
100
AcDbEntity
  8
POLYLINES
100
AcDbPolyline
 90
3
 70
0
 10
281.51
 20
63.22
 10
281.51
 20
52.99
 10
280.79
 20
54.58
  0
LWPOLYLINE
  5
162C
330
17
100
AcDbEntity
  8
POLYLINES
100
AcDbPolyline
 90
7
 70
0
 10
279.93
 20
63.65
 10
279.93
 20
62.78
 10
279.93
 20
60.19
 10
279.79
 20
57.74
 10
279.5
 20
55.3
 10
279.07
 20
54.0
 10
278.35
 20
52.99
  0
LWPOLYLINE
  5
162D
330
17
100
AcDbEntity
  8
POLYLINES
100
AcDbPolyline
 90
3
 70
0
 10
286.7
 20
56.16
 10
287.27
 20
54.72
 10
287.99
 20
59.18
  0
LWPOLYLINE
  5
162E
330
17
100
AcDbEntity
  8
POLYLINES
100
AcDbPolyline
 90
4
 70
0
 10
289.87
 20
53.42
 10
291.45
 20
54.86
 10
292.31
 20
56.59
 10
293.61
 20
60.19
  0
LWPOLYLINE
  5
162F
330
17
100
AcDbEntity
  8
POLYLINES
100
AcDbPolyline
 90
3
 70
0
 10
291.45
 20
62.35
 10
291.16
 20
59.18
 10
289.87
 20
55.44
  0
LWPOLYLINE
  5
1630
330
17
100
AcDbEntity
  8
POLYLINES
100
AcDbPolyline
 90
3
 70
0
 10
291.16
 20
59.18
 10
293.75
 20
53.42
 10
294.62
 20
53.42
  0
LINE
  5
1631
330
17
100
AcDbEntity
  8
LINES
100
AcDbLine
 10
295.91
 20
55.22
 30
0.0
 11
300.23
 21
53.57
 31
0.0
  0
LWPOLYLINE
  5
1632
330
17
100
AcDbEntity
  8
POLYLINES
100
AcDbPolyline
 90
4
 70
0
 10
296.92
 20
59.62
 10
296.63
 20
57.6
 10
296.92
 20
56.74
 10
296.49
 20
55.15
  0
LWPOLYLINE
  5
1633
330
17
100
AcDbEntity
  8
POLYLINES
100
AcDbPolyline
 90
3
 70
0
 10
304.41
 20
54.86
 10
305.27
 20
53.28
 10
305.27
 20
59.62
  0
LWPOLYLINE
  5
1634
330
17
100
AcDbEntity
  8
POLYLINES
100
AcDbPolyline
 90
3
 70
0
 10
328.75
 20
63.5
 10
328.17
 20
60.34
 10
327.45
 20
57.89
  0
LWPOLYLINE
  5
1635
330
17
100
AcDbEntity
  8
POLYLINES
100
AcDbPolyline
 90
3
 70
0
 10
336.23
 20
61.2
 10
335.95
 20
54.86
 10
335.37
 20
56.02
  0
LWPOLYLINE
  5
1636
330
17
100
AcDbEntity
  8
POLYLINES
100
AcDbPolyline
 90
3
 70
0
 10
331.63
 20
55.3
 10
332.78
 20
55.15
 10
336.23
 20
53.28
  0
LWPOLYLINE
  5
1637
330
17
100
AcDbEntity
  8
POLYLINES
100
AcDbPolyline
 90
4
 70
0
 10
333.21
 20
59.62
 10
332.92
 20
57.6
 10
333.21
 20
56.74
 10
332.78
 20
55.15
  0
LWPOLYLINE
  5
1638
330
17
100
AcDbEntity
  8
POLYLINES
100
AcDbPolyline
 90
3
 70
0
 10
339.55
 20
63.65
 10
338.83
 20
60.48
 10
338.25
 20
59.04
  0
LWPOLYLINE
  5
1639
330
17
100
AcDbEntity
  8
POLYLINES
100
AcDbPolyline
 90
3
 70
0
 10
339.69
 20
60.77
 10
339.26
 20
56.74
 10
340.55
 20
54.86
  0
LWPOLYLINE
  5
163A
330
17
100
AcDbEntity
  8
POLYLINES
100
AcDbPolyline
 90
3
 70
0
 10
337.67
 20
52.99
 10
338.68
 20
54.72
 10
339.26
 20
56.74
  0
LWPOLYLINE
  5
163B
330
17
100
AcDbEntity
  8
POLYLINES
100
AcDbPolyline
 90
3
 70
0
 10
350.16
 20
54.93
 10
350.82
 20
54.11
 10
351.48
 20
54.93
  0
LWPOLYLINE
  5
163C
330
17
100
AcDbEntity
  8
POLYLINES
100
AcDbPolyline
 90
3
 70
0
 10
351.48
 20
54.93
 10
350.82
 20
55.76
 10
350.16
 20
54.93
  0
LWPOLYLINE
  5
163D
330
17
100
AcDbEntity
  8
POLYLINES
100
AcDbPolyline
 90
3
 70
0
 10
351.58
 20
54.93
 10
350.82
 20
55.88
 10
350.06
 20
54.93
  0
LWPOLYLINE
  5
163E
330
17
100
AcDbEntity
  8
POLYLINES
100
AcDbPolyline
 90
3
 70
0
 10
350.06
 20
54.93
 10
350.82
 20
53.99
 10
351.58
 20
54.93
  0
LWPOLYLINE
  5
163F
330
17
100
AcDbEntity
  8
POLYLINES
100
AcDbPolyline
 90
2
 70
0
 10
887.84
 20
632.22
 10
887.61
 20
632.45
  0
LWPOLYLINE
  5
1640
330
17
100
AcDbEntity
  8
POLYLINES
100
AcDbPolyline
 90
2
 70
0
 10
887.61
 20
622.46
 10
887.84
 20
622.69
  0
LWPOLYLINE
  5
1641
330
17
100
AcDbEntity
  8
POLYLINES
100
AcDbPolyline
 90
2
 70
0
 10
714.2
 20
622.69
 10
714.43
 20
622.46
  0
LWPOLYLINE
  5
1642
330
17
100
AcDbEntity
  8
POLYLINES
100
AcDbPolyline
 90
2
 70
0
 10
714.43
 20
632.45
 10
714.2
 20
632.22
  0
LWPOLYLINE
  5
1643
330
17
100
AcDbEntity
  8
POLYLINES
100
AcDbPolyline
 90
2
 70
0
 10
714.71
 20
623.2
 10
714.94
 20
622.97
  0
LWPOLYLINE
  5
1644
330
17
100
AcDbEntity
  8
POLYLINES
100
AcDbPolyline
 90
2
 70
0
 10
714.94
 20
631.88
 10
714.71
 20
631.65
  0
LWPOLYLINE
  5
1645
330
17
100
AcDbEntity
  8
POLYLINES
100
AcDbPolyline
 90
2
 70
0
 10
887.03
 20
631.65
 10
886.8
 20
631.88
  0
LWPOLYLINE
  5
1646
330
17
100
AcDbEntity
  8
POLYLINES
100
AcDbPolyline
 90
2
 70
0
 10
886.8
 20
622.97
 10
887.03
 20
623.2
  0
LWPOLYLINE
  5
1647
330
17
100
AcDbEntity
  8
POLYLINES
100
AcDbPolyline
 90
3
 70
0
 10
791.99
 20
630.14
 10
791.99
 20
624.1
 10
791.56
 20
624.82
  0
LWPOLYLINE
  5
1648
330
17
100
AcDbEntity
  8
POLYLINES
100
AcDbPolyline
 90
3
 70
0
 10
790.7
 20
630.29
 10
790.7
 20
626.4
 10
790.27
 20
623.95
  0
LWPOLYLINE
  5
1649
330
17
100
AcDbEntity
  8
POLYLINES
100
AcDbPolyline
 90
4
 70
0
 10
793.15
 20
629.42
 10
793.0
 20
627.12
 10
792.86
 20
624.96
 10
792.43
 20
623.81
  0
LWPOLYLINE
  5
164A
330
17
100
AcDbEntity
  8
POLYLINES
100
AcDbPolyline
 90
3
 70
0
 10
794.01
 20
624.82
 10
794.15
 20
625.54
 10
794.44
 20
626.54
  0
LWPOLYLINE
  5
164B
330
17
100
AcDbEntity
  8
POLYLINES
100
AcDbPolyline
 90
3
 70
0
 10
793.58
 20
625.68
 10
794.73
 20
623.66
 10
795.02
 20
623.66
  0
LWPOLYLINE
  5
164C
330
17
100
AcDbEntity
  8
POLYLINES
100
AcDbPolyline
 90
3
 70
0
 10
796.75
 20
623.95
 10
798.33
 20
631.01
 10
799.91
 20
623.95
  0
LWPOLYLINE
  5
164D
330
17
100
AcDbEntity
  8
POLYLINES
100
AcDbPolyline
 90
13
 70
0
 10
801.21
 20
623.95
 10
801.21
 20
631.01
 10
802.51
 20
631.01
 10
803.23
 20
630.72
 10
803.51
 20
630.0
 10
803.8
 20
629.28
 10
803.95
 20
628.27
 10
803.95
 20
626.54
 10
803.8
 20
625.54
 10
803.51
 20
624.96
 10
803.23
 20
624.24
 10
802.51
 20
623.95
 10
801.21
 20
623.95
  0
LWPOLYLINE
  5
164E
330
17
100
AcDbEntity
  8
POLYLINES
100
AcDbPolyline
 90
3
 70
0
 10
807.92
 20
629.88
 10
807.79
 20
625.0
 10
807.96
 20
624.72
  0
LWPOLYLINE
  5
164F
330
17
100
AcDbEntity
  8
POLYLINES
100
AcDbPolyline
 90
4
 70
0
 10
809.13
 20
629.71
 10
809.13
 20
627.55
 10
808.84
 20
625.54
 10
808.27
 20
623.66
  0
LWPOLYLINE
  5
1650
330
17
100
AcDbEntity
  8
POLYLINES
100
AcDbPolyline
 90
3
 70
0
 10
812.73
 20
629.71
 10
813.45
 20
626.69
 10
813.74
 20
626.69
  0
LWPOLYLINE
  5
1651
330
17
100
AcDbEntity
  8
POLYLINES
100
AcDbPolyline
 90
3
 70
0
 10
812.73
 20
630.43
 10
812.3
 20
627.7
 10
811.72
 20
625.82
  0
LWPOLYLINE
  5
1652
330
17
100
AcDbEntity
  8
POLYLINES
100
AcDbPolyline
 90
3
 70
0
 10
814.21
 20
624.72
 10
814.42
 20
629.59
 10
814.25
 20
629.88
  0
LINE
  5
1653
330
17
100
AcDbEntity
  8
LINES
100
AcDbLine
 10
1179.07
 20
45.22
 30
0.0
 11
668.87
 21
45.22
 31
0.0
  0
LINE
  5
1654
330
17
100
AcDbEntity
  8
LINES
100
AcDbLine
 10
1179.07
 20
158.69
 30
0.0
 11
1179.07
 21
45.22
 31
0.0
  0
LINE
  5
1655
330
17
100
AcDbEntity
  8
LINES
100
AcDbLine
 10
668.87
 20
158.69
 30
0.0
 11
1179.07
 21
158.69
 31
0.0
  0
LINE
  5
1656
330
17
100
AcDbEntity
  8
LINES
100
AcDbLine
 10
668.87
 20
45.22
 30
0.0
 11
668.87
 21
158.69
 31
0.0
  0
LWPOLYLINE
  5
1657
330
17
100
AcDbEntity
  8
POLYLINES
100
AcDbPolyline
 90
193
 70
0
 10
696.81
 20
148.32
 10
696.81
 20
148.61
 10
696.67
 20
148.75
 10
696.67
 20
148.9
 10
696.52
 20
149.04
 10
696.52
 20
149.18
 10
696.23
 20
149.18
 10
695.8
 20
149.18
 10
694.36
 20
149.18
 10
692.92
 20
149.18
 10
692.35
 20
149.18
 10
692.2
 20
149.18
 10
693.79
 20
150.19
 10
694.94
 20
150.91
 10
695.8
 20
151.34
 10
695.95
 20
151.34
 10
696.09
 20
151.49
 10
695.95
 20
151.63
 10
695.95
 20
151.92
 10
695.95
 20
152.06
 10
695.8
 20
152.06
 10
695.8
 20
152.21
 10
695.66
 20
152.35
 10
695.51
 20
152.35
 10
695.08
 20
152.35
 10
693.64
 20
152.35
 10
692.2
 20
152.35
 10
691.77
 20
152.35
 10
691.63
 20
152.35
 10
693.07
 20
153.36
 10
694.22
 20
153.94
 10
694.94
 20
154.37
 10
695.23
 20
154.37
 10
695.23
 20
154.51
 10
695.08
 20
154.66
 10
695.08
 20
154.94
 10
694.94
 20
155.23
 10
694.79
 20
155.38
 10
694.65
 20
155.38
 10
693.93
 20
155.38
 10
692.92
 20
155.38
 10
691.63
 20
155.38
 10
690.19
 20
155.38
 10
688.46
 20
155.38
 10
684.71
 20
155.38
 10
680.97
 20
155.38
 10
679.24
 20
155.38
 10
677.66
 20
155.38
 10
676.36
 20
155.38
 10
675.35
 20
155.38
 10
674.78
 20
155.38
 10
674.49
 20
155.38
 10
674.49
 20
155.23
 10
674.35
 20
155.09
 10
674.35
 20
154.94
 10
674.2
 20
154.66
 10
674.06
 20
154.51
 10
674.2
 20
154.37
 10
674.35
 20
154.37
 10
675.21
 20
153.94
 10
676.36
 20
153.36
 10
677.8
 20
152.35
 10
677.66
 20
152.35
 10
677.08
 20
152.35
 10
675.64
 20
152.35
 10
674.2
 20
152.35
 10
673.77
 20
152.35
 10
673.63
 20
152.35
 10
673.48
 20
152.21
 10
673.48
 20
152.06
 10
673.48
 20
151.92
 10
673.34
 20
151.78
 10
673.19
 20
151.49
 10
673.34
 20
151.34
 10
673.48
 20
151.34
 10
674.35
 20
150.91
 10
675.64
 20
150.19
 10
677.08
 20
149.18
 10
676.94
 20
149.18
 10
676.51
 20
149.18
 10
674.92
 20
149.18
 10
673.48
 20
149.18
 10
673.05
 20
149.18
 10
672.91
 20
149.18
 10
672.76
 20
149.18
 10
672.76
 20
149.04
 10
672.76
 20
148.9
 10
672.76
 20
148.75
 10
672.62
 20
148.75
 10
672.62
 20
148.46
 10
672.47
 20
148.32
 10
672.76
 20
148.18
 10
673.34
 20
147.89
 10
674.2
 20
147.46
 10
675.21
 20
146.74
 10
676.51
 20
145.87
 10
677.95
 20
144.72
 10
679.39
 20
143.42
 10
680.83
 20
141.84
 10
679.39
 20
138.53
 10
678.23
 20
134.78
 10
677.95
 20
132.77
 10
677.51
 20
130.61
 10
677.37
 20
128.3
 10
677.37
 20
126.0
 10
677.51
 20
126.0
 10
677.95
 20
126.0
 10
678.23
 20
126.0
 10
678.38
 20
126.0
 10
678.52
 20
128.16
 10
678.67
 20
130.32
 10
679.24
 20
134.21
 10
680.25
 20
137.66
 10
681.55
 20
140.83
 10
682.12
 20
139.97
 10
682.55
 20
139.1
 10
681.55
 20
136.37
 10
680.68
 20
133.2
 10
680.25
 20
129.74
 10
680.11
 20
126.0
 10
680.25
 20
126.0
 10
680.68
 20
126.0
 10
680.97
 20
126.0
 10
681.11
 20
126.0
 10
681.26
 20
129.46
 10
681.69
 20
132.48
 10
682.27
 20
135.36
 10
683.27
 20
137.95
 10
683.71
 20
136.8
 10
684.14
 20
135.79
 10
683.56
 20
133.63
 10
682.99
 20
131.33
 10
682.84
 20
128.74
 10
682.84
 20
126.0
 10
682.99
 20
126.0
 10
683.27
 20
126.0
 10
683.71
 20
126.0
 10
683.85
 20
126.0
 10
683.85
 20
128.16
 10
683.99
 20
130.32
 10
684.28
 20
132.19
 10
684.71
 20
134.06
 10
685.15
 20
132.19
 10
685.43
 20
130.32
 10
685.58
 20
128.16
 10
685.58
 20
126.0
 10
685.72
 20
126.0
 10
686.01
 20
126.0
 10
686.44
 20
126.0
 10
686.59
 20
126.0
 10
686.59
 20
128.74
 10
686.3
 20
131.33
 10
685.87
 20
133.63
 10
685.29
 20
135.79
 10
685.58
 20
136.8
 10
686.15
 20
137.81
 10
687.02
 20
135.36
 10
687.59
 20
132.48
 10
688.03
 20
129.31
 10
688.17
 20
126.0
 10
688.31
 20
126.0
 10
688.75
 20
126.0
 10
689.03
 20
126.0
 10
689.18
 20
126.0
 10
689.03
 20
129.74
 10
688.6
 20
133.2
 10
687.74
 20
136.22
 10
686.73
 20
139.1
 10
687.31
 20
139.97
 10
687.88
 20
140.83
 10
689.18
 20
137.66
 10
690.04
 20
134.21
 10
690.76
 20
130.32
 10
690.91
 20
128.16
 10
690.91
 20
126.0
 10
691.05
 20
126.0
 10
691.48
 20
126.0
 10
691.77
 20
126.0
 10
691.91
 20
126.0
 10
691.91
 20
128.3
 10
691.77
 20
130.61
 10
691.48
 20
132.77
 10
691.05
 20
134.78
 10
689.9
 20
138.53
 10
688.6
 20
141.7
 10
689.9
 20
143.42
 10
691.34
 20
144.72
 10
692.78
 20
145.87
 10
694.07
 20
146.74
 10
695.23
 20
147.46
 10
696.09
 20
147.89
 10
696.67
 20
148.18
 10
696.81
 20
148.32
  0
LWPOLYLINE
  5
1658
330
17
100
AcDbEntity
  8
POLYLINES
100
AcDbPolyline
 90
21
 70
0
 10
680.83
 20
151.34
 10
680.97
 20
151.34
 10
681.26
 20
151.34
 10
682.12
 20
151.34
 10
683.27
 20
151.34
 10
684.71
 20
151.34
 10
686.01
 20
151.34
 10
687.31
 20
151.34
 10
688.17
 20
151.34
 10
688.31
 20
151.34
 10
688.46
 20
151.34
 10
687.31
 20
150.34
 10
686.15
 20
149.18
 10
686.01
 20
149.18
 10
685.72
 20
149.18
 10
684.71
 20
149.18
 10
683.71
 20
149.18
 10
683.27
 20
149.18
 10
683.13
 20
149.18
 10
681.98
 20
150.34
 10
680.83
 20
151.34
  0
LWPOLYLINE
  5
1659
330
17
100
AcDbEntity
  8
POLYLINES
100
AcDbPolyline
 90
15
 70
0
 10
674.92
 20
148.18
 10
675.07
 20
148.18
 10
675.5
 20
148.18
 10
676.65
 20
148.18
 10
677.95
 20
148.18
 10
678.38
 20
148.18
 10
678.52
 20
148.18
 10
680.39
 20
146.45
 10
682.27
 20
144.43
 10
681.83
 20
143.57
 10
681.26
 20
142.7
 10
679.67
 20
144.58
 10
677.95
 20
146.16
 10
676.36
 20
147.31
 10
674.92
 20
148.18
  0
LWPOLYLINE
  5
165A
330
17
100
AcDbEntity
  8
POLYLINES
100
AcDbPolyline
 90
18
 70
0
 10
675.79
 20
151.34
 10
675.64
 20
151.34
 10
675.93
 20
151.34
 10
676.22
 20
151.34
 10
677.51
 20
151.34
 10
678.67
 20
151.34
 10
679.1
 20
151.34
 10
679.24
 20
151.34
 10
680.39
 20
150.34
 10
681.69
 20
149.18
 10
681.55
 20
149.18
 10
681.26
 20
149.18
 10
680.25
 20
149.18
 10
679.24
 20
149.18
 10
678.95
 20
149.18
 10
678.81
 20
149.18
 10
677.23
 20
150.48
 10
675.79
 20
151.34
  0
LWPOLYLINE
  5
165B
330
17
100
AcDbEntity
  8
POLYLINES
100
AcDbPolyline
 90
9
 70
0
 10
684.71
 20
137.23
 10
684.28
 20
138.24
 10
683.71
 20
139.1
 10
684.14
 20
139.97
 10
684.71
 20
140.83
 10
685.15
 20
139.97
 10
685.58
 20
139.1
 10
685.15
 20
138.24
 10
684.71
 20
137.23
  0
LWPOLYLINE
  5
165C
330
17
100
AcDbEntity
  8
POLYLINES
100
AcDbPolyline
 90
13
 70
0
 10
682.7
 20
148.18
 10
683.42
 20
147.46
 10
683.99
 20
146.74
 10
683.42
 20
146.02
 10
682.84
 20
145.3
 10
681.55
 20
146.88
 10
680.11
 20
148.18
 10
680.25
 20
148.18
 10
680.54
 20
148.18
 10
681.4
 20
148.18
 10
682.27
 20
148.18
 10
682.55
 20
148.18
 10
682.7
 20
148.18
  0
LWPOLYLINE
  5
165D
330
17
100
AcDbEntity
  8
POLYLINES
100
AcDbPolyline
 90
9
 70
0
 10
685.15
 20
148.18
 10
684.86
 20
147.89
 10
684.71
 20
147.6
 10
684.43
 20
147.89
 10
684.14
 20
148.18
 10
684.28
 20
148.18
 10
684.71
 20
148.18
 10
685.0
 20
148.18
 10
685.15
 20
148.18
  0
LWPOLYLINE
  5
165E
330
17
100
AcDbEntity
  8
POLYLINES
100
AcDbPolyline
 90
9
 70
0
 10
681.98
 20
141.84
 10
682.55
 20
142.7
 10
682.99
 20
143.57
 10
683.56
 20
142.7
 10
683.99
 20
141.98
 10
683.56
 20
141.12
 10
683.13
 20
140.26
 10
682.55
 20
141.12
 10
681.98
 20
141.84
  0
LWPOLYLINE
  5
165F
330
17
100
AcDbEntity
  8
POLYLINES
100
AcDbPolyline
 90
29
 70
0
 10
676.51
 20
154.37
 10
676.79
 20
154.37
 10
677.23
 20
154.37
 10
678.09
 20
154.37
 10
679.1
 20
154.37
 10
681.69
 20
154.37
 10
684.71
 20
154.37
 10
687.59
 20
154.37
 10
690.19
 20
154.37
 10
691.34
 20
154.37
 10
692.06
 20
154.37
 10
692.63
 20
154.37
 10
692.78
 20
154.37
 10
691.34
 20
153.5
 10
689.75
 20
152.35
 10
689.61
 20
152.35
 10
689.32
 20
152.35
 10
688.89
 20
152.35
 10
688.17
 20
152.35
 10
686.59
 20
152.35
 10
684.71
 20
152.35
 10
682.84
 20
152.35
 10
681.11
 20
152.35
 10
680.54
 20
152.35
 10
679.96
 20
152.35
 10
679.67
 20
152.35
 10
679.53
 20
152.35
 10
677.95
 20
153.5
 10
676.51
 20
154.37
  0
LWPOLYLINE
  5
1660
330
17
100
AcDbEntity
  8
POLYLINES
100
AcDbPolyline
 90
9
 70
0
 10
684.71
 20
146.02
 10
685.15
 20
145.15
 10
685.72
 20
144.43
 10
685.15
 20
143.71
 10
684.71
 20
142.85
 10
684.14
 20
143.71
 10
683.56
 20
144.43
 10
684.14
 20
145.15
 10
684.71
 20
146.02
  0
LWPOLYLINE
  5
1661
330
17
100
AcDbEntity
  8
POLYLINES
100
AcDbPolyline
 90
9
 70
0
 10
686.15
 20
140.26
 10
685.72
 20
141.12
 10
685.29
 20
141.98
 10
685.87
 20
142.7
 10
686.3
 20
143.57
 10
686.87
 20
142.7
 10
687.31
 20
141.84
 10
686.73
 20
141.12
 10
686.15
 20
140.26
  0
LWPOLYLINE
  5
1662
330
17
100
AcDbEntity
  8
POLYLINES
100
AcDbPolyline
 90
12
 70
0
 10
685.29
 20
146.74
 10
686.01
 20
147.46
 10
686.59
 20
148.18
 10
686.73
 20
148.18
 10
687.02
 20
148.18
 10
687.88
 20
148.18
 10
688.89
 20
148.18
 10
689.18
 20
148.18
 10
687.88
 20
146.88
 10
686.44
 20
145.3
 10
685.87
 20
146.02
 10
685.29
 20
146.74
  0
LWPOLYLINE
  5
1663
330
17
100
AcDbEntity
  8
POLYLINES
100
AcDbPolyline
 90
17
 70
0
 10
693.64
 20
151.34
 10
692.2
 20
150.48
 10
690.47
 20
149.18
 10
690.33
 20
149.18
 10
690.04
 20
149.18
 10
689.03
 20
149.18
 10
688.03
 20
149.18
 10
687.74
 20
149.18
 10
687.59
 20
149.18
 10
688.89
 20
150.34
 10
690.04
 20
151.34
 10
690.19
 20
151.34
 10
690.62
 20
151.34
 10
691.91
 20
151.34
 10
693.07
 20
151.34
 10
693.5
 20
151.34
 10
693.64
 20
151.34
  0
LWPOLYLINE
  5
1664
330
17
100
AcDbEntity
  8
POLYLINES
100
AcDbPolyline
 90
16
 70
0
 10
694.51
 20
148.18
 10
694.36
 20
148.18
 10
693.07
 20
147.31
 10
691.48
 20
146.16
 10
689.75
 20
144.58
 10
688.03
 20
142.7
 10
687.59
 20
143.57
 10
687.02
 20
144.43
 10
688.89
 20
146.45
 10
690.91
 20
148.18
 10
691.05
 20
148.18
 10
691.34
 20
148.18
 10
692.63
 20
148.18
 10
693.93
 20
148.18
 10
694.22
 20
148.18
 10
694.51
 20
148.18
  0
LWPOLYLINE
  5
1665
330
17
100
AcDbEntity
  8
POLYLINES
100
AcDbPolyline
 90
193
 70
0
 10
696.81
 20
148.32
 10
696.81
 20
148.61
 10
696.67
 20
148.75
 10
696.67
 20
148.9
 10
696.52
 20
149.04
 10
696.52
 20
149.18
 10
696.23
 20
149.18
 10
695.8
 20
149.18
 10
694.36
 20
149.18
 10
692.92
 20
149.18
 10
692.35
 20
149.18
 10
692.2
 20
149.18
 10
693.79
 20
150.19
 10
694.94
 20
150.91
 10
695.8
 20
151.34
 10
695.95
 20
151.34
 10
696.09
 20
151.49
 10
695.95
 20
151.63
 10
695.95
 20
151.92
 10
695.95
 20
152.06
 10
695.8
 20
152.06
 10
695.8
 20
152.21
 10
695.66
 20
152.35
 10
695.51
 20
152.35
 10
695.08
 20
152.35
 10
693.64
 20
152.35
 10
692.2
 20
152.35
 10
691.77
 20
152.35
 10
691.63
 20
152.35
 10
693.07
 20
153.36
 10
694.22
 20
153.94
 10
694.94
 20
154.37
 10
695.23
 20
154.37
 10
695.23
 20
154.51
 10
695.08
 20
154.66
 10
695.08
 20
154.94
 10
694.94
 20
155.23
 10
694.79
 20
155.38
 10
694.65
 20
155.38
 10
693.93
 20
155.38
 10
692.92
 20
155.38
 10
691.63
 20
155.38
 10
690.19
 20
155.38
 10
688.46
 20
155.38
 10
684.71
 20
155.38
 10
680.97
 20
155.38
 10
679.24
 20
155.38
 10
677.66
 20
155.38
 10
676.36
 20
155.38
 10
675.35
 20
155.38
 10
674.78
 20
155.38
 10
674.49
 20
155.38
 10
674.49
 20
155.23
 10
674.35
 20
155.09
 10
674.35
 20
154.94
 10
674.2
 20
154.66
 10
674.06
 20
154.51
 10
674.2
 20
154.37
 10
674.35
 20
154.37
 10
675.21
 20
153.94
 10
676.36
 20
153.36
 10
677.8
 20
152.35
 10
677.66
 20
152.35
 10
677.08
 20
152.35
 10
675.64
 20
152.35
 10
674.2
 20
152.35
 10
673.77
 20
152.35
 10
673.63
 20
152.35
 10
673.48
 20
152.21
 10
673.48
 20
152.06
 10
673.48
 20
151.92
 10
673.34
 20
151.78
 10
673.19
 20
151.49
 10
673.34
 20
151.34
 10
673.48
 20
151.34
 10
674.35
 20
150.91
 10
675.64
 20
150.19
 10
677.08
 20
149.18
 10
676.94
 20
149.18
 10
676.51
 20
149.18
 10
674.92
 20
149.18
 10
673.48
 20
149.18
 10
673.05
 20
149.18
 10
672.91
 20
149.18
 10
672.76
 20
149.18
 10
672.76
 20
149.04
 10
672.76
 20
148.9
 10
672.76
 20
148.75
 10
672.62
 20
148.75
 10
672.62
 20
148.46
 10
672.47
 20
148.32
 10
672.76
 20
148.18
 10
673.34
 20
147.89
 10
674.2
 20
147.46
 10
675.21
 20
146.74
 10
676.51
 20
145.87
 10
677.95
 20
144.72
 10
679.39
 20
143.42
 10
680.83
 20
141.84
 10
679.39
 20
138.53
 10
678.23
 20
134.78
 10
677.95
 20
132.77
 10
677.51
 20
130.61
 10
677.37
 20
128.3
 10
677.37
 20
126.0
 10
677.51
 20
126.0
 10
677.95
 20
126.0
 10
678.23
 20
126.0
 10
678.38
 20
126.0
 10
678.52
 20
128.16
 10
678.67
 20
130.32
 10
679.24
 20
134.21
 10
680.25
 20
137.66
 10
681.55
 20
140.83
 10
682.12
 20
139.97
 10
682.55
 20
139.1
 10
681.55
 20
136.37
 10
680.68
 20
133.2
 10
680.25
 20
129.74
 10
680.11
 20
126.0
 10
680.25
 20
126.0
 10
680.68
 20
126.0
 10
680.97
 20
126.0
 10
681.11
 20
126.0
 10
681.26
 20
129.46
 10
681.69
 20
132.48
 10
682.27
 20
135.36
 10
683.27
 20
137.95
 10
683.71
 20
136.8
 10
684.14
 20
135.79
 10
683.56
 20
133.63
 10
682.99
 20
131.33
 10
682.84
 20
128.74
 10
682.84
 20
126.0
 10
682.99
 20
126.0
 10
683.27
 20
126.0
 10
683.71
 20
126.0
 10
683.85
 20
126.0
 10
683.85
 20
128.16
 10
683.99
 20
130.32
 10
684.28
 20
132.19
 10
684.71
 20
134.06
 10
685.15
 20
132.19
 10
685.43
 20
130.32
 10
685.58
 20
128.16
 10
685.58
 20
126.0
 10
685.72
 20
126.0
 10
686.01
 20
126.0
 10
686.44
 20
126.0
 10
686.59
 20
126.0
 10
686.59
 20
128.74
 10
686.3
 20
131.33
 10
685.87
 20
133.63
 10
685.29
 20
135.79
 10
685.58
 20
136.8
 10
686.15
 20
137.81
 10
687.02
 20
135.36
 10
687.59
 20
132.48
 10
688.03
 20
129.31
 10
688.17
 20
126.0
 10
688.31
 20
126.0
 10
688.75
 20
126.0
 10
689.03
 20
126.0
 10
689.18
 20
126.0
 10
689.03
 20
129.74
 10
688.6
 20
133.2
 10
687.74
 20
136.22
 10
686.73
 20
139.1
 10
687.31
 20
139.97
 10
687.88
 20
140.83
 10
689.18
 20
137.66
 10
690.04
 20
134.21
 10
690.76
 20
130.32
 10
690.91
 20
128.16
 10
690.91
 20
126.0
 10
691.05
 20
126.0
 10
691.48
 20
126.0
 10
691.77
 20
126.0
 10
691.91
 20
126.0
 10
691.91
 20
128.3
 10
691.77
 20
130.61
 10
691.48
 20
132.77
 10
691.05
 20
134.78
 10
689.9
 20
138.53
 10
688.6
 20
141.7
 10
689.9
 20
143.42
 10
691.34
 20
144.72
 10
692.78
 20
145.87
 10
694.07
 20
146.74
 10
695.23
 20
147.46
 10
696.09
 20
147.89
 10
696.67
 20
148.18
 10
696.81
 20
148.32
  0
LWPOLYLINE
  5
1666
330
17
100
AcDbEntity
  8
POLYLINES
100
AcDbPolyline
 90
21
 70
0
 10
680.83
 20
151.34
 10
680.97
 20
151.34
 10
681.26
 20
151.34
 10
682.12
 20
151.34
 10
683.27
 20
151.34
 10
684.71
 20
151.34
 10
686.01
 20
151.34
 10
687.31
 20
151.34
 10
688.17
 20
151.34
 10
688.31
 20
151.34
 10
688.46
 20
151.34
 10
687.31
 20
150.34
 10
686.15
 20
149.18
 10
686.01
 20
149.18
 10
685.72
 20
149.18
 10
684.71
 20
149.18
 10
683.71
 20
149.18
 10
683.27
 20
149.18
 10
683.13
 20
149.18
 10
681.98
 20
150.34
 10
680.83
 20
151.34
  0
LWPOLYLINE
  5
1667
330
17
100
AcDbEntity
  8
POLYLINES
100
AcDbPolyline
 90
15
 70
0
 10
674.92
 20
148.18
 10
675.07
 20
148.18
 10
675.5
 20
148.18
 10
676.65
 20
148.18
 10
677.95
 20
148.18
 10
678.38
 20
148.18
 10
678.52
 20
148.18
 10
680.39
 20
146.45
 10
682.27
 20
144.43
 10
681.83
 20
143.57
 10
681.26
 20
142.7
 10
679.67
 20
144.58
 10
677.95
 20
146.16
 10
676.36
 20
147.31
 10
674.92
 20
148.18
  0
LWPOLYLINE
  5
1668
330
17
100
AcDbEntity
  8
POLYLINES
100
AcDbPolyline
 90
18
 70
0
 10
675.79
 20
151.34
 10
675.64
 20
151.34
 10
675.93
 20
151.34
 10
676.22
 20
151.34
 10
677.51
 20
151.34
 10
678.67
 20
151.34
 10
679.1
 20
151.34
 10
679.24
 20
151.34
 10
680.39
 20
150.34
 10
681.69
 20
149.18
 10
681.55
 20
149.18
 10
681.26
 20
149.18
 10
680.25
 20
149.18
 10
679.24
 20
149.18
 10
678.95
 20
149.18
 10
678.81
 20
149.18
 10
677.23
 20
150.48
 10
675.79
 20
151.34
  0
LWPOLYLINE
  5
1669
330
17
100
AcDbEntity
  8
POLYLINES
100
AcDbPolyline
 90
9
 70
0
 10
684.71
 20
137.23
 10
684.28
 20
138.24
 10
683.71
 20
139.1
 10
684.14
 20
139.97
 10
684.71
 20
140.83
 10
685.15
 20
139.97
 10
685.58
 20
139.1
 10
685.15
 20
138.24
 10
684.71
 20
137.23
  0
LWPOLYLINE
  5
166A
330
17
100
AcDbEntity
  8
POLYLINES
100
AcDbPolyline
 90
13
 70
0
 10
682.7
 20
148.18
 10
683.42
 20
147.46
 10
683.99
 20
146.74
 10
683.42
 20
146.02
 10
682.84
 20
145.3
 10
681.55
 20
146.88
 10
680.11
 20
148.18
 10
680.25
 20
148.18
 10
680.54
 20
148.18
 10
681.4
 20
148.18
 10
682.27
 20
148.18
 10
682.55
 20
148.18
 10
682.7
 20
148.18
  0
LWPOLYLINE
  5
166B
330
17
100
AcDbEntity
  8
POLYLINES
100
AcDbPolyline
 90
9
 70
0
 10
685.15
 20
148.18
 10
684.86
 20
147.89
 10
684.71
 20
147.6
 10
684.43
 20
147.89
 10
684.14
 20
148.18
 10
684.28
 20
148.18
 10
684.71
 20
148.18
 10
685.0
 20
148.18
 10
685.15
 20
148.18
  0
LWPOLYLINE
  5
166C
330
17
100
AcDbEntity
  8
POLYLINES
100
AcDbPolyline
 90
9
 70
0
 10
681.98
 20
141.84
 10
682.55
 20
142.7
 10
682.99
 20
143.57
 10
683.56
 20
142.7
 10
683.99
 20
141.98
 10
683.56
 20
141.12
 10
683.13
 20
140.26
 10
682.55
 20
141.12
 10
681.98
 20
141.84
  0
LWPOLYLINE
  5
166D
330
17
100
AcDbEntity
  8
POLYLINES
100
AcDbPolyline
 90
29
 70
0
 10
676.51
 20
154.37
 10
676.79
 20
154.37
 10
677.23
 20
154.37
 10
678.09
 20
154.37
 10
679.1
 20
154.37
 10
681.69
 20
154.37
 10
684.71
 20
154.37
 10
687.59
 20
154.37
 10
690.19
 20
154.37
 10
691.34
 20
154.37
 10
692.06
 20
154.37
 10
692.63
 20
154.37
 10
692.78
 20
154.37
 10
691.34
 20
153.5
 10
689.75
 20
152.35
 10
689.61
 20
152.35
 10
689.32
 20
152.35
 10
688.89
 20
152.35
 10
688.17
 20
152.35
 10
686.59
 20
152.35
 10
684.71
 20
152.35
 10
682.84
 20
152.35
 10
681.11
 20
152.35
 10
680.54
 20
152.35
 10
679.96
 20
152.35
 10
679.67
 20
152.35
 10
679.53
 20
152.35
 10
677.95
 20
153.5
 10
676.51
 20
154.37
  0
LWPOLYLINE
  5
166E
330
17
100
AcDbEntity
  8
POLYLINES
100
AcDbPolyline
 90
9
 70
0
 10
684.71
 20
146.02
 10
685.15
 20
145.15
 10
685.72
 20
144.43
 10
685.15
 20
143.71
 10
684.71
 20
142.85
 10
684.14
 20
143.71
 10
683.56
 20
144.43
 10
684.14
 20
145.15
 10
684.71
 20
146.02
  0
LWPOLYLINE
  5
166F
330
17
100
AcDbEntity
  8
POLYLINES
100
AcDbPolyline
 90
9
 70
0
 10
686.15
 20
140.26
 10
685.72
 20
141.12
 10
685.29
 20
141.98
 10
685.87
 20
142.7
 10
686.3
 20
143.57
 10
686.87
 20
142.7
 10
687.31
 20
141.84
 10
686.73
 20
141.12
 10
686.15
 20
140.26
  0
LWPOLYLINE
  5
1670
330
17
100
AcDbEntity
  8
POLYLINES
100
AcDbPolyline
 90
12
 70
0
 10
685.29
 20
146.74
 10
686.01
 20
147.46
 10
686.59
 20
148.18
 10
686.73
 20
148.18
 10
687.02
 20
148.18
 10
687.88
 20
148.18
 10
688.89
 20
148.18
 10
689.18
 20
148.18
 10
687.88
 20
146.88
 10
686.44
 20
145.3
 10
685.87
 20
146.02
 10
685.29
 20
146.74
  0
LWPOLYLINE
  5
1671
330
17
100
AcDbEntity
  8
POLYLINES
100
AcDbPolyline
 90
17
 70
0
 10
693.64
 20
151.34
 10
692.2
 20
150.48
 10
690.47
 20
149.18
 10
690.33
 20
149.18
 10
690.04
 20
149.18
 10
689.03
 20
149.18
 10
688.03
 20
149.18
 10
687.74
 20
149.18
 10
687.59
 20
149.18
 10
688.89
 20
150.34
 10
690.04
 20
151.34
 10
690.19
 20
151.34
 10
690.62
 20
151.34
 10
691.91
 20
151.34
 10
693.07
 20
151.34
 10
693.5
 20
151.34
 10
693.64
 20
151.34
  0
LWPOLYLINE
  5
1672
330
17
100
AcDbEntity
  8
POLYLINES
100
AcDbPolyline
 90
16
 70
0
 10
694.51
 20
148.18
 10
694.36
 20
148.18
 10
693.07
 20
147.31
 10
691.48
 20
146.16
 10
689.75
 20
144.58
 10
688.03
 20
142.7
 10
687.59
 20
143.57
 10
687.02
 20
144.43
 10
688.89
 20
146.45
 10
690.91
 20
148.18
 10
691.05
 20
148.18
 10
691.34
 20
148.18
 10
692.63
 20
148.18
 10
693.93
 20
148.18
 10
694.22
 20
148.18
 10
694.51
 20
148.18
  0
LINE
  5
1673
330
17
100
AcDbEntity
  8
LINES
100
AcDbLine
 10
87.76
 20
830.45
 30
0.0
 11
87.76
 21
45.22
 31
0.0
  0
LINE
  5
1674
330
17
100
AcDbEntity
  8
LINES
100
AcDbLine
 10
1179.14
 20
830.45
 30
0.0
 11
87.76
 21
830.45
 31
0.0
  0
LINE
  5
1675
330
17
100
AcDbEntity
  8
LINES
100
AcDbLine
 10
1179.14
 20
45.22
 30
0.0
 11
1179.14
 21
830.45
 31
0.0
  0
LINE
  5
1676
330
17
100
AcDbEntity
  8
LINES
100
AcDbLine
 10
87.76
 20
45.22
 30
0.0
 11
1179.14
 21
45.22
 31
0.0
  0
TEXT
  5
1677
330
17
100
AcDbEntity
  8
TEXTS
100
AcDbText
 10
914.54
 20
802.07
 30
0.0
 40
11.88
  1
主要业务板件型号一览表（123P/125P）：
 41
0.5231694095595149
100
AcDbText
  0
TEXT
  5
1678
330
17
100
AcDbEntity
  8
TEXTS
100
AcDbText
 10
1072.79
 20
778.24
 30
0.0
 40
10.39
  1
型号
 41
0.3817706666666589
100
AcDbText
  0
TEXT
  5
1679
330
17
100
AcDbEntity
  8
TEXTS
100
AcDbText
 10
1133.27
 20
780.54
 30
0.0
 40
10.39
  1
单位
 41
0.3817706666666589
100
AcDbText
  0
TEXT
  5
167A
330
17
100
AcDbEntity
  8
TEXTS
100
AcDbText
 10
1156.75
 20
781.12
 30
0.0
 40
10.39
  1
数量
 41
0.3817706666666589
100
AcDbText
  0
TEXT
  5
167B
330
17
100
AcDbEntity
  8
TEXTS
100
AcDbText
 10
924.62
 20
779.25
 30
0.0
 40
10.39
  1
序号
 41
0.3817706666666698
100
AcDbText
  0
TEXT
  5
167C
330
17
100
AcDbEntity
  8
TEXTS
100
AcDbText
 10
976.03
 20
779.68
 30
0.0
 40
10.39
  1
名称
 41
0.3817706666666698
100
AcDbText
  0
TEXT
  5
167D
330
17
100
AcDbEntity
  8
TEXTS
100
AcDbText
 10
1134.71
 20
757.93
 30
0.0
 40
10.39
  1
套
 41
0.3817706666666589
100
AcDbText
  0
TEXT
  5
167E
330
17
100
AcDbEntity
  8
TEXTS
100
AcDbText
 10
1159.19
 20
754.1
 30
0.0
 40
10.39
  1
1
 41
0.7269835911111047
100
AcDbText
  0
TEXT
  5
167F
330
17
100
AcDbEntity
  8
TEXTS
100
AcDbText
 10
928.94
 20
754.1
 30
0.0
 40
10.39
  1
1
 41
0.7269835911111047
100
AcDbText
  0
TEXT
  5
1680
330
17
100
AcDbEntity
  8
TEXTS
100
AcDbText
 10
957.88
 20
755.05
 30
0.0
 40
10.39
  1
光电一体化设备
 41
0.38177066666666826
100
AcDbText
  0
TEXT
  5
1681
330
17
100
AcDbEntity
  8
TEXTS
100
AcDbText
 10
1008.14
 20
755.11
 30
0.0
 40
10.39
  1
绵阳灵信MDP-3000D
 41
0.721774739277809
100
AcDbText
  0
TEXT
  5
1682
330
17
100
AcDbEntity
  8
TEXTS
100
AcDbText
 10
1134.86
 20
736.05
 30
0.0
 40
10.39
  1
块
 41
0.3817706666666589
100
AcDbText
  0
TEXT
  5
1683
330
17
100
AcDbEntity
  8
TEXTS
100
AcDbText
 10
1157.9
 20
732.64
 30
0.0
 40
10.39
  1
2
 41
0.9087288711111283
100
AcDbText
  0
TEXT
  5
1684
330
17
100
AcDbEntity
  8
TEXTS
100
AcDbText
 10
925.19
 20
732.64
 30
0.0
 40
10.39
  1
1.1
 41
0.6362225629629622
100
AcDbText
  0
TEXT
  5
1685
330
17
100
AcDbEntity
  8
TEXTS
100
AcDbText
 10
957.88
 20
733.6
 30
0.0
 40
10.39
  1
交叉板
 41
0.3817706666666698
100
AcDbText
  0
TEXT
  5
1686
330
17
100
AcDbEntity
  8
TEXTS
100
AcDbText
 10
1008.14
 20
734.95
 30
0.0
 40
10.39
  1
DXC
 41
0.9391322977777804
100
AcDbText
  0
TEXT
  5
1687
330
17
100
AcDbEntity
  8
TEXTS
100
AcDbText
 10
1134.71
 20
714.88
 30
0.0
 40
10.39
  1
块
 41
0.3817706666666589
100
AcDbText
  0
TEXT
  5
1688
330
17
100
AcDbEntity
  8
TEXTS
100
AcDbText
 10
1157.9
 20
711.04
 30
0.0
 40
10.39
  1
2
 41
0.9087288711111283
100
AcDbText
  0
TEXT
  5
1689
330
17
100
AcDbEntity
  8
TEXTS
100
AcDbText
 10
923.9
 20
711.04
 30
0.0
 40
10.39
  1
1.2
 41
0.6968152370370372
100
AcDbText
  0
TEXT
  5
168A
330
17
100
AcDbEntity
  8
TEXTS
100
AcDbText
 10
957.88
 20
712.0
 30
0.0
 40
10.39
  1
电源板
 41
0.3817706666666698
100
AcDbText
  0
TEXT
  5
168B
330
17
100
AcDbEntity
  8
TEXTS
100
AcDbText
 10
1008.14
 20
712.77
 30
0.0
 40
10.39
  1
PWR
100
AcDbText
  0
TEXT
  5
168C
330
17
100
AcDbEntity
  8
TEXTS
100
AcDbText
 10
465.11
 20
704.81
 30
0.0
 40
11.88
  1
绵阳灵信光电一体化接入设备
 41
0.5090280000000028
100
AcDbText
  0
TEXT
  5
168D
330
17
100
AcDbEntity
  8
TEXTS
100
AcDbText
 10
182.73
 20
703.51
 30
0.0
 40
11.88
  1
绵阳灵信光电一体化接入设备
 41
0.5090280000000028
100
AcDbText
  0
TEXT
  5
168E
330
17
100
AcDbEntity
  8
TEXTS
100
AcDbText
 10
1134.71
 20
693.42
 30
0.0
 40
10.39
  1
块
 41
0.3817706666666589
100
AcDbText
  0
TEXT
  5
168F
330
17
100
AcDbEntity
  8
TEXTS
100
AcDbText
 10
1159.19
 20
689.44
 30
0.0
 40
10.39
  1
1
 41
0.7269835911111047
100
AcDbText
  0
TEXT
  5
1690
330
17
100
AcDbEntity
  8
TEXTS
100
AcDbText
 10
923.9
 20
689.44
 30
0.0
 40
10.39
  1
1.3
 41
0.6968152370370372
100
AcDbText
  0
TEXT
  5
1691
330
17
100
AcDbEntity
  8
TEXTS
100
AcDbText
 10
957.88
 20
689.44
 30
0.0
 40
10.39
  1
E1板
 41
0.6069272259110081
100
AcDbText
  0
TEXT
  5
1692
330
17
100
AcDbEntity
  8
TEXTS
100
AcDbText
 10
1008.14
 20
690.16
 30
0.0
 40
10.39
  1
E1,8路
 41
0.6487256732119081
100
AcDbText
  0
TEXT
  5
1693
330
17
100
AcDbEntity
  8
TEXTS
100
AcDbText
 10
1031.18
 20
690.16
 30
0.0
 40
10.39
  1
/
 41
0.33518212888888305
100
AcDbText
  0
TEXT
  5
1694
330
17
100
AcDbEntity
  8
TEXTS
100
AcDbText
 10
1033.19
 20
691.12
 30
0.0
 40
10.39
  1
板
 41
0.723414666666664
100
AcDbText
  0
TEXT
  5
1695
330
17
100
AcDbEntity
  8
TEXTS
100
AcDbText
 10
1134.71
 20
671.82
 30
0.0
 40
10.39
  1
块
 41
0.3817706666666589
100
AcDbText
  0
TEXT
  5
1696
330
17
100
AcDbEntity
  8
TEXTS
100
AcDbText
 10
1159.19
 20
667.99
 30
0.0
 40
10.39
  1
1
 41
0.7269835911111047
100
AcDbText
  0
TEXT
  5
1697
330
17
100
AcDbEntity
  8
TEXTS
100
AcDbText
 10
1008.14
 20
668.56
 30
0.0
 40
10.39
  1
FXS，16路
 41
0.6873673641654349
100
AcDbText
  0
TEXT
  5
1698
330
17
100
AcDbEntity
  8
TEXTS
100
AcDbText
 10
1043.85
 20
668.56
 30
0.0
 40
10.39
  1
/
 41
0.3151241199999932
100
AcDbText
  0
TEXT
  5
1699
330
17
100
AcDbEntity
  8
TEXTS
100
AcDbText
 10
1045.87
 20
669.52
 30
0.0
 40
10.39
  1
板
 41
0.6801239999999982
100
AcDbText
  0
TEXT
  5
169A
330
17
100
AcDbEntity
  8
TEXTS
100
AcDbText
 10
923.75
 20
669.14
 30
0.0
 40
10.39
  1
1.4
 41
0.6968152370370372
100
AcDbText
  0
TEXT
  5
169B
330
17
100
AcDbEntity
  8
TEXTS
100
AcDbText
 10
957.88
 20
667.99
 30
0.0
 40
10.39
  1
FXS二线板
 41
0.5668924531026932
100
AcDbText
  0
TEXT
  5
169C
330
17
100
AcDbEntity
  8
TEXTS
100
AcDbText
 10
1134.71
 20
651.81
 30
0.0
 40
10.39
  1
块
 41
0.3817706666666589
100
AcDbText
  0
TEXT
  5
169D
330
17
100
AcDbEntity
  8
TEXTS
100
AcDbText
 10
1159.19
 20
647.97
 30
0.0
 40
10.39
  1
1
 41
0.7269835911111047
100
AcDbText
  0
TEXT
  5
169E
330
17
100
AcDbEntity
  8
TEXTS
100
AcDbText
 10
923.9
 20
646.39
 30
0.0
 40
10.39
  1
1.5
 41
0.6968152370370372
100
AcDbText
  0
TEXT
  5
169F
330
17
100
AcDbEntity
  8
TEXTS
100
AcDbText
 10
957.88
 20
647.97
 30
0.0
 40
10.39
  1
VF8四线板
 41
0.5661377687826772
100
AcDbText
  0
TEXT
  5
16A0
330
17
100
AcDbEntity
  8
TEXTS
100
AcDbText
 10
1008.14
 20
648.55
 30
0.0
 40
10.39
  1
VF8,8路
 41
0.6958485642890743
100
AcDbText
  0
TEXT
  5
16A1
330
17
100
AcDbEntity
  8
TEXTS
100
AcDbText
 10
1037.08
 20
648.55
 30
0.0
 40
10.39
  1
/
 41
0.3525416844444631
100
AcDbText
  0
TEXT
  5
16A2
330
17
100
AcDbEntity
  8
TEXTS
100
AcDbText
 10
1039.39
 20
649.5
 30
0.0
 40
10.39
  1
板
 41
0.7608813333333287
100
AcDbText
  0
TEXT
  5
16A3
330
17
100
AcDbEntity
  8
TEXTS
100
AcDbText
 10
789.4
 20
621.87
 30
0.0
 40
7.42
  1
调度IAD（广哈）
 41
0.47249748528690605
100
AcDbText
  0
TEXT
  5
16A4
330
17
100
AcDbEntity
  8
TEXTS
100
AcDbText
 10
926.63
 20
605.49
 30
0.0
 40
10.39
  1
2
 41
0.9087288711111101
100
AcDbText
  0
TEXT
  5
16A5
330
17
100
AcDbEntity
  8
TEXTS
100
AcDbText
 10
956.87
 20
606.45
 30
0.0
 40
10.39
  1
机柜及附件
 41
0.38177066666666765
100
AcDbText
  0
TEXT
  5
16A6
330
17
100
AcDbEntity
  8
TEXTS
100
AcDbText
 10
1007.13
 20
606.64
 30
0.0
 40
10.39
  1
2260mm*600mm*600mm
 41
1.040101791604941
100
AcDbText
  0
TEXT
  5
16A7
330
17
100
AcDbEntity
  8
TEXTS
100
AcDbText
 10
1133.71
 20
609.33
 30
0.0
 40
10.39
  1
面
 41
0.3817706666666589
100
AcDbText
  0
TEXT
  5
16A8
330
17
100
AcDbEntity
  8
TEXTS
100
AcDbText
 10
1158.19
 20
605.49
 30
0.0
 40
10.39
  1
1
 41
0.7269835911111047
100
AcDbText
  0
TEXT
  5
16A9
330
17
100
AcDbEntity
  8
TEXTS
100
AcDbText
 10
452.44
 20
613.01
 30
0.0
 40
5.13
  1
19 18171615141312111098 76
 41
1.2622351079036738
100
AcDbText
  0
TEXT
  5
16AA
330
17
100
AcDbEntity
  8
TEXTS
100
AcDbText
 10
555.11
 20
613.01
 30
0.0
 40
5.13
  1
5 4
 41
1.6628910288166223
100
AcDbText
  0
TEXT
  5
16AB
330
17
100
AcDbEntity
  8
TEXTS
100
AcDbText
 10
573.69
 20
613.01
 30
0.0
 40
5.13
  1
3 2
 41
1.4197630754840997
100
AcDbText
  0
TEXT
  5
16AC
330
17
100
AcDbEntity
  8
TEXTS
100
AcDbText
 10
589.82
 20
613.01
 30
0.0
 40
5.13
  1
1
 41
0.9693106311111351
100
AcDbText
  0
TEXT
  5
16AD
330
17
100
AcDbEntity
  8
TEXTS
100
AcDbText
 10
170.2
 20
611.71
 30
0.0
 40
5.13
  1
19 1817161514131211109 8 76
 41
1.2393189440483412
100
AcDbText
  0
TEXT
  5
16AE
330
17
100
AcDbEntity
  8
TEXTS
100
AcDbText
 10
273.02
 20
611.71
 30
0.0
 40
5.13
  1
5 4
 41
1.6628910288166148
100
AcDbText
  0
TEXT
  5
16AF
330
17
100
AcDbEntity
  8
TEXTS
100
AcDbText
 10
291.45
 20
611.71
 30
0.0
 40
5.13
  1
3 2
 41
1.4197630754840775
100
AcDbText
  0
TEXT
  5
16B0
330
17
100
AcDbEntity
  8
TEXTS
100
AcDbText
 10
307.58
 20
611.71
 30
0.0
 40
5.13
  1
1
 41
0.9693106311111167
100
AcDbText
  0
TEXT
  5
16B1
330
17
100
AcDbEntity
  8
TEXTS
100
AcDbText
 10
454.46
 20
593.7
 30
0.0
 40
6.21
  1
P P
 41
1.4515878665196345
100
AcDbText
  0
TEXT
  5
16B2
330
17
100
AcDbEntity
  8
TEXTS
100
AcDbText
 10
476.78
 20
593.12
 30
0.0
 40
6.21
  1
E
 41
1.151385775555563
100
AcDbText
  0
TEXT
  5
16B3
330
17
100
AcDbEntity
  8
TEXTS
100
AcDbText
 10
518.54
 20
593.84
 30
0.0
 40
6.21
  1
DD
 41
1.5632390602561217
100
AcDbText
  0
TEXT
  5
16B4
330
17
100
AcDbEntity
  8
TEXTS
100
AcDbText
 10
573.98
 20
592.98
 30
0.0
 40
6.21
  1
V
 41
1.2119849488888985
100
AcDbText
  0
TEXT
  5
16B5
330
17
100
AcDbEntity
  8
TEXTS
100
AcDbText
 10
589.96
 20
592.98
 30
0.0
 40
6.21
  1
F
 41
1.0910599844444318
100
AcDbText
  0
TEXT
  5
16B6
330
17
100
AcDbEntity
  8
TEXTS
100
AcDbText
 10
172.36
 20
592.4
 30
0.0
 40
6.21
  1
P P
 41
1.4515878665196253
100
AcDbText
  0
TEXT
  5
16B7
330
17
100
AcDbEntity
  8
TEXTS
100
AcDbText
 10
194.68
 20
591.83
 30
0.0
 40
6.21
  1
E
 41
1.1513857755555554
100
AcDbText
  0
TEXT
  5
16B8
330
17
100
AcDbEntity
  8
TEXTS
100
AcDbText
 10
236.3
 20
592.55
 30
0.0
 40
6.21
  1
DD
 41
1.5825536958633022
100
AcDbText
  0
TEXT
  5
16B9
330
17
100
AcDbEntity
  8
TEXTS
100
AcDbText
 10
291.74
 20
591.68
 30
0.0
 40
6.21
  1
V
 41
1.2119849488888832
100
AcDbText
  0
TEXT
  5
16BA
330
17
100
AcDbEntity
  8
TEXTS
100
AcDbText
 10
307.72
 20
591.68
 30
0.0
 40
6.21
  1
F
 41
1.091059984444447
100
AcDbText
  0
TEXT
  5
16BB
330
17
100
AcDbEntity
  8
TEXTS
100
AcDbText
 10
357.55
 20
578.5
 30
0.0
 40
8.91
  1
对湖南省调光电一体化设备
 41
0.5090279999999975
100
AcDbText
  0
TEXT
  5
16BC
330
17
100
AcDbEntity
  8
TEXTS
100
AcDbText
 10
454.46
 20
578.15
 30
0.0
 40
6.21
  1
WR
 41
0.7272995555555574
100
AcDbText
  0
TEXT
  5
16BD
330
17
100
AcDbEntity
  8
TEXTS
100
AcDbText
 10
463.24
 20
577.86
 30
0.0
 40
6.21
  1
WR
 41
0.7272995555555574
100
AcDbText
  0
TEXT
  5
16BE
330
17
100
AcDbEntity
  8
TEXTS
100
AcDbText
 10
476.78
 20
585.2
 30
0.0
 40
6.21
  1
1
 41
0.9693106311111077
100
AcDbText
  0
TEXT
  5
16BF
330
17
100
AcDbEntity
  8
TEXTS
100
AcDbText
 10
518.54
 20
585.92
 30
0.0
 40
6.21
  1
XX
 41
1.5330949835894518
100
AcDbText
  0
TEXT
  5
16C0
330
17
100
AcDbEntity
  8
TEXTS
100
AcDbText
 10
573.98
 20
577.14
 30
0.0
 40
6.21
  1
F8
 41
0.605819453333338
100
AcDbText
  0
TEXT
  5
16C1
330
17
100
AcDbEntity
  8
TEXTS
100
AcDbText
 10
589.96
 20
577.14
 30
0.0
 40
6.21
  1
XS
 41
0.6059924744444493
100
AcDbText
  0
TEXT
  5
16C2
330
17
100
AcDbEntity
  8
TEXTS
100
AcDbText
 10
639.64
 20
579.8
 30
0.0
 40
8.91
  1
对益阳地调光电一体化设备
 41
0.5090279999999975
100
AcDbText
  0
TEXT
  5
16C3
330
17
100
AcDbEntity
  8
TEXTS
100
AcDbText
 10
172.36
 20
584.48
 30
0.0
 40
6.21
  1
W W
 41
1.5243938620751807
100
AcDbText
  0
TEXT
  5
16C4
330
17
100
AcDbEntity
  8
TEXTS
100
AcDbText
 10
194.68
 20
583.91
 30
0.0
 40
6.21
  1
1
 41
0.9693106311111154
100
AcDbText
  0
TEXT
  5
16C5
330
17
100
AcDbEntity
  8
TEXTS
100
AcDbText
 10
236.3
 20
584.63
 30
0.0
 40
6.21
  1
XX
 41
1.5524096191966361
100
AcDbText
  0
TEXT
  5
16C6
330
17
100
AcDbEntity
  8
TEXTS
100
AcDbText
 10
291.74
 20
583.76
 30
0.0
 40
6.21
  1
F
 41
1.091059984444447
100
AcDbText
  0
TEXT
  5
16C7
330
17
100
AcDbEntity
  8
TEXTS
100
AcDbText
 10
307.72
 20
583.91
 30
0.0
 40
6.21
  1
X
 41
1.2119849488888832
100
AcDbText
  0
TEXT
  5
16C8
330
17
100
AcDbEntity
  8
TEXTS
100
AcDbText
 10
518.54
 20
578.0
 30
0.0
 40
6.21
  1
CC
 41
1.5632390602561217
100
AcDbText
  0
TEXT
  5
16C9
330
17
100
AcDbEntity
  8
TEXTS
100
AcDbText
 10
172.36
 20
576.56
 30
0.0
 40
6.21
  1
R R
 41
1.451463458519624
100
AcDbText
  0
TEXT
  5
16CA
330
17
100
AcDbEntity
  8
TEXTS
100
AcDbText
 10
236.3
 20
576.71
 30
0.0
 40
6.21
  1
CC
 41
1.5825536958633022
100
AcDbText
  0
TEXT
  5
16CB
330
17
100
AcDbEntity
  8
TEXTS
100
AcDbText
 10
291.74
 20
575.84
 30
0.0
 40
6.21
  1
8
 41
1.2116389066666606
100
AcDbText
  0
TEXT
  5
16CC
330
17
100
AcDbEntity
  8
TEXTS
100
AcDbText
 10
307.72
 20
575.99
 30
0.0
 40
6.21
  1
S
 41
1.2119849488888832
100
AcDbText
  0
TEXT
  5
16CD
330
17
100
AcDbEntity
  8
TEXTS
100
AcDbText
 10
919.72
 20
556.98
 30
0.0
 40
11.88
  1
主要业务板件型号一览表（120P）：
 41
0.45395056910569265
100
AcDbText
  0
TEXT
  5
16CE
330
17
100
AcDbEntity
  8
TEXTS
100
AcDbText
 10
519.11
 20
552.9
 30
0.0
 40
7.42
  1
FAN
 41
0.9392770370370345
100
AcDbText
  0
TEXT
  5
16CF
330
17
100
AcDbEntity
  8
TEXTS
100
AcDbText
 10
236.87
 20
551.6
 30
0.0
 40
7.42
  1
FAN
 41
0.9392770370370322
100
AcDbText
  0
TEXT
  5
16D0
330
17
100
AcDbEntity
  8
TEXTS
100
AcDbText
 10
623.51
 20
535.78
 30
0.0
 40
8.91
  1
对省公司IMS主站
 41
0.6354327715389191
100
AcDbText
  0
TEXT
  5
16D1
330
17
100
AcDbEntity
  8
TEXTS
100
AcDbText
 10
789.4
 20
535.33
 30
0.0
 40
7.42
  1
行政IAD
 41
0.5639381561931885
100
AcDbText
  0
TEXT
  5
16D2
330
17
100
AcDbEntity
  8
TEXTS
100
AcDbText
 10
1132.84
 20
531.42
 30
0.0
 40
10.39
  1
单位
 41
0.3817706666666589
100
AcDbText
  0
TEXT
  5
16D3
330
17
100
AcDbEntity
  8
TEXTS
100
AcDbText
 10
1156.31
 20
531.85
 30
0.0
 40
10.39
  1
数量
 41
0.3817706666666589
100
AcDbText
  0
TEXT
  5
16D4
330
17
100
AcDbEntity
  8
TEXTS
100
AcDbText
 10
926.06
 20
529.98
 30
0.0
 40
10.39
  1
序号
 41
0.3817706666666698
100
AcDbText
  0
TEXT
  5
16D5
330
17
100
AcDbEntity
  8
TEXTS
100
AcDbText
 10
967.82
 20
530.56
 30
0.0
 40
10.39
  1
名称
 41
0.3817706666666698
100
AcDbText
  0
TEXT
  5
16D6
330
17
100
AcDbEntity
  8
TEXTS
100
AcDbText
 10
1066.03
 20
528.97
 30
0.0
 40
10.39
  1
型号
 41
0.3817706666666589
100
AcDbText
  0
TEXT
  5
16D7
330
17
100
AcDbEntity
  8
TEXTS
100
AcDbText
 10
930.23
 20
507.57
 30
0.0
 40
10.39
  1
1
 41
0.7269835911110988
100
AcDbText
  0
TEXT
  5
16D8
330
17
100
AcDbEntity
  8
TEXTS
100
AcDbText
 10
951.4
 20
508.67
 30
0.0
 40
10.39
  1
数据通信网设备
 41
0.3817706666666667
100
AcDbText
  0
TEXT
  5
16D9
330
17
100
AcDbEntity
  8
TEXTS
100
AcDbText
 10
1133.13
 20
490.38
 30
0.0
 40
10.39
  1
台
 41
0.3817706666666573
100
AcDbText
  0
TEXT
  5
16DA
330
17
100
AcDbEntity
  8
TEXTS
100
AcDbText
 10
1157.75
 20
486.55
 30
0.0
 40
10.39
  1
1
 41
0.7269835911111018
100
AcDbText
  0
TEXT
  5
16DB
330
17
100
AcDbEntity
  8
TEXTS
100
AcDbText
 10
925.91
 20
487.12
 30
0.0
 40
10.39
  1
1.1
 41
0.6362225629629596
100
AcDbText
  0
TEXT
  5
16DC
330
17
100
AcDbEntity
  8
TEXTS
100
AcDbText
 10
955.43
 20
488.8
 30
0.0
 40
10.39
  1
路由器
 41
0.38177066666666826
100
AcDbText
  0
TEXT
  5
16DD
330
17
100
AcDbEntity
  8
TEXTS
100
AcDbText
 10
1000.51
 20
488.13
 30
0.0
 40
10.39
  1
NSR7300X-08
 41
0.9459819854545467
100
AcDbText
  0
TEXT
  5
16DE
330
17
100
AcDbEntity
  8
TEXTS
100
AcDbText
 10
924.62
 20
467.83
 30
0.0
 40
10.39
  1
1.2
 41
0.6968152370370344
100
AcDbText
  0
TEXT
  5
16DF
330
17
100
AcDbEntity
  8
TEXTS
100
AcDbText
 10
955.43
 20
469.65
 30
0.0
 40
10.39
  1
交换机
 41
0.38177066666666826
100
AcDbText
  0
TEXT
  5
16E0
330
17
100
AcDbEntity
  8
TEXTS
100
AcDbText
 10
1000.36
 20
469.79
 30
0.0
 40
10.39
  1
低端
 41
0.38177066666666826
100
AcDbText
  0
TEXT
  5
16E1
330
17
100
AcDbEntity
  8
TEXTS
100
AcDbText
 10
1133.13
 20
469.21
 30
0.0
 40
10.39
  1
台
 41
0.3817706666666573
100
AcDbText
  0
TEXT
  5
16E2
330
17
100
AcDbEntity
  8
TEXTS
100
AcDbText
 10
1157.75
 20
467.25
 30
0.0
 40
10.39
  1
1
 41
0.7269835911111018
100
AcDbText
  0
TEXT
  5
16E3
330
17
100
AcDbEntity
  8
TEXTS
100
AcDbText
 10
791.13
 20
464.59
 30
0.0
 40
7.42
  1
交换机
 41
0.38177066666666165
100
AcDbText
  0
TEXT
  5
16E4
330
17
100
AcDbEntity
  8
TEXTS
100
AcDbText
 10
925.19
 20
443.35
 30
0.0
 40
10.39
  1
1.3
 41
0.6968152370370344
100
AcDbText
  0
TEXT
  5
16E5
330
17
100
AcDbEntity
  8
TEXTS
100
AcDbText
 10
957.59
 20
444.3
 30
0.0
 40
10.39
  1
光接口模块
 41
0.3817706666666661
100
AcDbText
  0
TEXT
  5
16E6
330
17
100
AcDbEntity
  8
TEXTS
100
AcDbText
 10
1001.08
 20
447.33
 30
0.0
 40
10.39
  1
光模块
 41
0.5314946666666687
100
AcDbText
  0
TEXT
  5
16E7
330
17
100
AcDbEntity
  8
TEXTS
100
AcDbText
 10
1017.64
 20
446.37
 30
0.0
 40
10.39
  1
,
 41
0.24625919555555092
100
AcDbText
  0
TEXT
  5
16E8
330
17
100
AcDbEntity
  8
TEXTS
100
AcDbText
 10
1019.08
 20
446.37
 30
0.0
 40
10.39
  1
千兆单模，80km
 41
0.5350334436634638
100
AcDbText
  0
TEXT
  5
16E9
330
17
100
AcDbEntity
  8
TEXTS
100
AcDbText
 10
1133.85
 20
446.03
 30
0.0
 40
10.39
  1
个
 41
0.3817706666666573
100
AcDbText
  0
TEXT
  5
16EA
330
17
100
AcDbEntity
  8
TEXTS
100
AcDbText
 10
1157.03
 20
445.36
 30
0.0
 40
10.39
  1
2
 41
0.9087288711111248
100
AcDbText
  0
TEXT
  5
16EB
330
17
100
AcDbEntity
  8
TEXTS
100
AcDbText
 10
925.05
 20
421.89
 30
0.0
 40
10.39
  1
1.4
 41
0.6968152370370344
100
AcDbText
  0
TEXT
  5
16EC
330
17
100
AcDbEntity
  8
TEXTS
100
AcDbText
 10
956.44
 20
422.7
 30
0.0
 40
10.39
  1
光接口模块
 41
0.3817706666666661
100
AcDbText
  0
TEXT
  5
16ED
330
17
100
AcDbEntity
  8
TEXTS
100
AcDbText
 10
1001.08
 20
424.77
 30
0.0
 40
10.39
  1
光模块，千兆单模，40km
 41
0.5086308695372197
100
AcDbText
  0
TEXT
  5
16EE
330
17
100
AcDbEntity
  8
TEXTS
100
AcDbText
 10
1133.85
 20
424.43
 30
0.0
 40
10.39
  1
个
 41
0.3817706666666573
100
AcDbText
  0
TEXT
  5
16EF
330
17
100
AcDbEntity
  8
TEXTS
100
AcDbText
 10
1157.03
 20
423.76
 30
0.0
 40
10.39
  1
2
 41
0.9087288711111248
100
AcDbText
  0
TEXT
  5
16F0
330
17
100
AcDbEntity
  8
TEXTS
100
AcDbText
 10
925.77
 20
402.88
 30
0.0
 40
10.39
  1
1.5
 41
0.6968152370370344
100
AcDbText
  0
TEXT
  5
16F1
330
17
100
AcDbEntity
  8
TEXTS
100
AcDbText
 10
957.16
 20
403.84
 30
0.0
 40
10.39
  1
光接口模块
 41
0.3817706666666661
100
AcDbText
  0
TEXT
  5
16F2
330
17
100
AcDbEntity
  8
TEXTS
100
AcDbText
 10
1001.66
 20
405.91
 30
0.0
 40
10.39
  1
光模块，千兆多模，0.5km
 41
0.5067404116683801
100
AcDbText
  0
TEXT
  5
16F3
330
17
100
AcDbEntity
  8
TEXTS
100
AcDbText
 10
1134.43
 20
405.57
 30
0.0
 40
10.39
  1
个
 41
0.3817706666666573
100
AcDbText
  0
TEXT
  5
16F4
330
17
100
AcDbEntity
  8
TEXTS
100
AcDbText
 10
1157.47
 20
404.9
 30
0.0
 40
10.39
  1
4
 41
0.9087288711111248
100
AcDbText
  0
TEXT
  5
16F5
330
17
100
AcDbEntity
  8
TEXTS
100
AcDbText
 10
773.71
 20
388.16
 30
0.0
 40
7.42
  1
NSR7300X-08路由器
 41
0.7696770392573091
100
AcDbText
  0
TEXT
  5
16F6
330
17
100
AcDbEntity
  8
TEXTS
100
AcDbText
 10
647.99
 20
386.55
 30
0.0
 40
8.91
  1
对益阳地调数据通
 41
0.5090279999999994
100
AcDbText
  0
TEXT
  5
16F7
330
17
100
AcDbEntity
  8
TEXTS
100
AcDbText
 10
1133.99
 20
381.81
 30
0.0
 40
10.39
  1
台
 41
0.3817706666666573
100
AcDbText
  0
TEXT
  5
16F8
330
17
100
AcDbEntity
  8
TEXTS
100
AcDbText
 10
1157.47
 20
377.97
 30
0.0
 40
10.39
  1
2
 41
0.9087288711111248
100
AcDbText
  0
TEXT
  5
16F9
330
17
100
AcDbEntity
  8
TEXTS
100
AcDbText
 10
928.94
 20
377.97
 30
0.0
 40
10.39
  1
2
 41
0.9087288711111065
100
AcDbText
  0
TEXT
  5
16FA
330
17
100
AcDbEntity
  8
TEXTS
100
AcDbText
 10
952.7
 20
377.97
 30
0.0
 40
10.39
  1
IAD设备
 41
0.5680284575668649
100
AcDbText
  0
TEXT
  5
16FB
330
17
100
AcDbEntity
  8
TEXTS
100
AcDbText
 10
648.14
 20
372.44
 30
0.0
 40
8.91
  1
信网设备
 41
0.509028000000001
100
AcDbText
  0
TEXT
  5
16FC
330
17
100
AcDbEntity
  8
TEXTS
100
AcDbText
 10
1001.37
 20
359.97
 30
0.0
 40
10.39
  1
2260mm*600mm*1200mm
 41
1.023620242807016
100
AcDbText
  0
TEXT
  5
16FD
330
17
100
AcDbEntity
  8
TEXTS
100
AcDbText
 10
1134.28
 20
361.07
 30
0.0
 40
10.39
  1
面
 41
0.3817706666666573
100
AcDbText
  0
TEXT
  5
16FE
330
17
100
AcDbEntity
  8
TEXTS
100
AcDbText
 10
1158.91
 20
359.68
 30
0.0
 40
10.39
  1
1
 41
0.7269835911111018
100
AcDbText
  0
TEXT
  5
16FF
330
17
100
AcDbEntity
  8
TEXTS
100
AcDbText
 10
928.94
 20
359.68
 30
0.0
 40
10.39
  1
3
 41
0.9087288711111065
100
AcDbText
  0
TEXT
  5
1700
330
17
100
AcDbEntity
  8
TEXTS
100
AcDbText
 10
952.27
 20
360.35
 30
0.0
 40
10.39
  1
机柜及附件
 41
0.3817706666666661
100
AcDbText
  0
TEXT
  5
1701
330
17
100
AcDbEntity
  8
TEXTS
100
AcDbText
 10
792.14
 20
245.5
 30
0.0
 40
9.85
  1
(119P)
 41
0.7649382277777766
100
AcDbText
  0
TEXT
  5
1702
330
17
100
AcDbEntity
  8
TEXTS
100
AcDbText
 10
516.67
 20
244.49
 30
0.0
 40
9.85
  1
(127P)
 41
0.7952327670370348
100
AcDbText
  0
TEXT
  5
1703
330
17
100
AcDbEntity
  8
TEXTS
100
AcDbText
 10
228.23
 20
241.75
 30
0.0
 40
9.85
  1
(123P)
 41
0.7952327670370365
100
AcDbText
  0
TEXT
  5
1704
330
17
100
AcDbEntity
  8
TEXTS
100
AcDbText
 10
483.4
 20
195.9
 30
0.0
 40
10.39
  1
地网光电一体化设备机架图
 41
0.5090279999999989
100
AcDbText
  0
TEXT
  5
1705
330
17
100
AcDbEntity
  8
TEXTS
100
AcDbText
 10
192.95
 20
194.75
 30
0.0
 40
10.39
  1
省网光电一体化设备机架图
 41
0.5090279999999994
100
AcDbText
  0
TEXT
  5
1706
330
17
100
AcDbEntity
  8
TEXTS
100
AcDbText
 10
774.71
 20
190.0
 30
0.0
 40
10.39
  1
数据通信网设备机架图
 41
0.5090279999999995
100
AcDbText
  0
TEXT
  5
1707
330
17
100
AcDbEntity
  8
TEXTS
100
AcDbText
 10
101.08
 20
166.68
 30
0.0
 40
11.88
  1
注：
 41
0.6953533333333335
100
AcDbText
  0
TEXT
  5
1708
330
17
100
AcDbEntity
  8
TEXTS
100
AcDbText
 10
117.64
 20
165.59
 30
0.0
 40
11.88
  1
1.
 41
0.48327056666666673
100
AcDbText
  0
TEXT
  5
1709
330
17
100
AcDbEntity
  8
TEXTS
100
AcDbText
 10
124.55
 20
165.59
 30
0.0
 40
11.88
  1
桃江西220kV变为新上站点，本期新上省网光电一体化接入设备MDP-3000D1套、地网光电一体化接入设备MDP-3000D1套（中标厂家：绵阳灵信电
 41
0.7008670955710953
100
AcDbText
  0
TEXT
  5
170A
330
17
100
AcDbEntity
  8
TEXTS
100
AcDbText
 10
444.95
 20
146.62
 30
0.0
 40
12.37
  1
。本图未画出湖南省调、益阳地调的光电一体化设备，益阳地调光电一体设备扩
 41
0.508500884053127
100
AcDbText
  0
TEXT
  5
170B
330
17
100
AcDbEntity
  8
TEXTS
100
AcDbText
 10
100.94
 20
146.81
 30
0.0
 40
11.88
  1
子有限责任公司），机柜尺寸皆为
 41
0.6757238787878789
100
AcDbText
  0
TEXT
  5
170C
330
17
100
AcDbEntity
  8
TEXTS
100
AcDbText
 10
221.32
 20
145.71
 30
0.0
 40
11.88
  1
2260mm（含60mm楣，高）x600mmx600mm
100
AcDbText
  0
TEXT
  5
170D
330
17
100
AcDbEntity
  8
TEXTS
100
AcDbText
 10
699.83
 20
127.55
 30
0.0
 40
17.78
  1
湖南经研电力设计有限公司
 41
1.0363698430438792
100
AcDbText
  0
TEXT
  5
170E
330
17
100
AcDbEntity
  8
TEXTS
100
AcDbText
 10
1013.47
 20
134.81
 30
0.0
 40
8.3
  1
/工程
 41
0.8974358974358928
100
AcDbText
  0
TEXT
  5
170F
330
17
100
AcDbEntity
  8
TEXTS
100
AcDbText
 10
1123.63
 20
134.81
 30
0.0
 40
8.3
  1
施工图设计阶段
 41
0.9333333333333325
100
AcDbText
  0
TEXT
  5
1710
330
17
100
AcDbEntity
  8
TEXTS
100
AcDbText
 10
100.94
 20
125.28
 30
0.0
 40
12.87
  1
容FXO板、MP板各1块
 41
0.7772710872688848
100
AcDbText
  0
TEXT
  5
1711
330
17
100
AcDbEntity
  8
TEXTS
100
AcDbText
 10
196.99
 20
126.65
 30
0.0
 40
11.88
  1
。
 41
0.5090280000000008
100
AcDbText
  0
TEXT
  5
1712
330
17
100
AcDbEntity
  8
TEXTS
100
AcDbText
 10
110.44
 20
106.4
 30
0.0
 40
11.88
  1
2.
 41
0.4618590066666677
100
AcDbText
  0
TEXT
  5
1713
330
17
100
AcDbEntity
  8
TEXTS
100
AcDbText
 10
116.92
 20
106.4
 30
0.0
 40
11.88
  1
桃江西220kV变本期新上数据通信网路由器NSR7300X-081台（中标厂家：许继电气股份有限公司），数据通信网交换机1台（中标厂家：北京中电飞华通信有
 41
0.6634018998002953
100
AcDbText
  0
TEXT
  5
1714
330
17
100
AcDbEntity
  8
TEXTS
100
AcDbText
 10
688.03
 20
103.42
 30
0.0
 40
8.3
  1
批准
 41
0.9333333333333261
100
AcDbText
  0
TEXT
  5
1715
330
17
100
AcDbEntity
  8
TEXTS
100
AcDbText
 10
806.11
 20
103.42
 30
0.0
 40
8.3
  1
设计/勘测
 41
0.9130434782608684
100
AcDbText
  0
TEXT
  5
1716
330
17
100
AcDbEntity
  8
TEXTS
100
AcDbText
 10
100.79
 20
87.54
 30
0.0
 40
11.88
  1
限公司），调度IAD设备1台（中标厂家：四川景皓科技有限责任公司），行政IAD设备1台（中标厂家：湖南星通电力信息通信有限公司），合柜安装，机柜尺寸为
 41
0.581879674179117
100
AcDbText
  0
TEXT
  5
1717
330
17
100
AcDbEntity
  8
TEXTS
100
AcDbText
 10
597.16
 20
87.54
 30
0.0
 40
11.88
  1
2260mm（含
 41
0.835726623376622
100
AcDbText
  0
TEXT
  5
1718
330
17
100
AcDbEntity
  8
TEXTS
100
AcDbText
 10
962.49
 20
90.89
 30
0.0
 40
8.3
  1
光电一体化设备及数据通信网机架布置图(桃江西变)
 41
0.9252873563218383
100
AcDbText
  0
TEXT
  5
1719
330
17
100
AcDbEntity
  8
TEXTS
100
AcDbText
 10
687.59
 20
77.93
 30
0.0
 40
8.3
  1
审核
 41
0.9333333333333261
100
AcDbText
  0
TEXT
  5
171A
330
17
100
AcDbEntity
  8
TEXTS
100
AcDbText
 10
815.47
 20
77.93
 30
0.0
 40
8.3
  1
比例
 41
0.9333333333333261
100
AcDbText
  0
TEXT
  5
171B
330
17
100
AcDbEntity
  8
TEXTS
100
AcDbText
 10
101.66
 20
68.67
 30
0.0
 40
11.88
  1
60mm楣，高）
 41
1.1058398484848473
100
AcDbText
  0
TEXT
  5
171C
330
17
100
AcDbEntity
  8
TEXTS
100
AcDbText
 10
185.75
 20
68.67
 30
0.0
 40
11.88
  1
x600mmx1200mm。
 41
1.095345537190084
100
AcDbText
  0
TEXT
  5
171D
330
17
100
AcDbEntity
  8
TEXTS
100
AcDbText
 10
111.66
 20
49.67
 30
0.0
 40
11.88
  1
3.
 41
0.42112181333333365
100
AcDbText
  0
TEXT
  5
171E
330
17
100
AcDbEntity
  8
TEXTS
100
AcDbText
 10
117.64
 20
50.76
 30
0.0
 40
11.88
  1
新上设备具体板件安装槽位请参见厂家安装说明书及运行单位工作通知单。
 41
0.6059306666666666
100
AcDbText
  0
TEXT
  5
171F
330
17
100
AcDbEntity
  8
TEXTS
100
AcDbText
 10
1033.34
 20
52.73
 30
0.0
 40
8.3
  1
BA22015S-U0101-22
 41
0.7777777777777779
100
AcDbText
  0
TEXT
  5
1720
330
17
100
AcDbEntity
  8
TEXTS
100
AcDbText
 10
814.89
 20
52.3
 30
0.0
 40
8.3
  1
日期
 41
0.9333333333333267
100
AcDbText
  0
TEXT
  5
1721
330
17
100
AcDbEntity
  8
TEXTS
100
AcDbText
 10
688.03
 20
52.01
 30
0.0
 40
8.3
  1
校核
 41
0.9333333333333267
100
AcDbText
  0
TEXT
  5
1722
330
17
100
AcDbEntity
  8
TEXTS
100
AcDbText
 10
937.43
 20
52.01
 30
0.0
 40
8.3
  1
图号
 41
0.9333333333333267
100
AcDbText
  0
TEXT
  5
1723
330
17
100
AcDbEntity
  8
TEXTS
100
AcDbText
 10
811.15
 20
25.94
 30
0.0
 40
8.3
  1
服务承诺：接到您通知1小时内予以答复并及时提供工代服务。投诉电话：0731-85948331，0731-85948342。
 41
0.8831341301460816
100
AcDbText
  0
ENDSEC
  0
SECTION
  2
OBJECTS
  0
DICTIONARY
  5
A
330
0
100
AcDbDictionary
281
1
  3
ACAD_COLOR
350
B
  3
ACAD_GROUP
350
C
  3
ACAD_LAYOUT
350
D
  3
ACAD_MATERIAL
350
E
  3
ACAD_MLEADERSTYLE
350
F
  3
ACAD_MLINESTYLE
350
10
  3
ACAD_PLOTSETTINGS
350
11
  3
ACAD_PLOTSTYLENAME
350
12
  3
ACAD_SCALELIST
350
14
  3
ACAD_TABLESTYLE
350
15
  3
ACAD_VISUALSTYLE
350
16
  3
EZDXF_META
350
2D
  0
DICTIONARY
  5
B
330
A
100
AcDbDictionary
281
1
  0
DICTIONARY
  5
C
330
A
100
AcDbDictionary
281
1
  0
DICTIONARY
  5
D
330
A
100
AcDbDictionary
281
1
  3
Model
350
1A
  3
Layout1
350
1E
  0
DICTIONARY
  5
E
330
A
100
AcDbDictionary
281
1
  3
ByBlock
350
1F
  3
ByLayer
350
20
  3
Global
350
21
  0
DICTIONARY
  5
F
330
A
100
AcDbDictionary
281
1
  3
Standard
350
2C
  0
DICTIONARY
  5
10
330
A
100
AcDbDictionary
281
1
  3
Standard
350
22
  0
DICTIONARY
  5
11
330
A
100
AcDbDictionary
281
1
  0
ACDBDICTIONARYWDFLT
  5
12
330
A
100
AcDbDictionary
281
1
  3
Normal
350
13
100
AcDbDictionaryWithDefault
340
13
  0
ACDBPLACEHOLDER
  5
13
330
12
  0
DICTIONARY
  5
14
330
A
100
AcDbDictionary
281
1
  0
DICTIONARY
  5
15
330
A
100
AcDbDictionary
281
1
  0
DICTIONARY
  5
16
330
A
100
AcDbDictionary
281
1
  0
LAYOUT
  5
1A
330
D
100
AcDbPlotSettings
  1

  4
A3
  6

 40
7.5
 41
20.0
 42
7.5
 43
20.0
 44
420.0
 45
297.0
 46
0.0
 47
0.0
 48
0.0
 49
0.0
140
0.0
141
0.0
142
1.0
143
1.0
 70
1024
 72
1
 73
0
 74
5
  7

 75
16
 76
0
 77
2
 78
300
147
1.0
148
0.0
149
0.0
100
AcDbLayout
  1
Model
 70
1
 71
0
 10
0.0
 20
0.0
 11
420.0
 21
297.0
 12
0.0
 22
0.0
 32
0.0
 14
1e+20
 24
1e+20
 34
1e+20
 15
-1e+20
 25
-1e+20
 35
-1e+20
146
0.0
 13
0.0
 23
0.0
 33
0.0
 16
1.0
 26
0.0
 36
0.0
 17
0.0
 27
1.0
 37
0.0
 76
1
330
17
  0
LAYOUT
  5
1E
330
D
100
AcDbPlotSettings
  1

  4
A3
  6

 40
7.5
 41
20.0
 42
7.5
 43
20.0
 44
420.0
 45
297.0
 46
0.0
 47
0.0
 48
0.0
 49
0.0
140
0.0
141
0.0
142
1.0
143
1.0
 70
0
 72
1
 73
0
 74
5
  7

 75
16
 76
0
 77
2
 78
300
147
1.0
148
0.0
149
0.0
100
AcDbLayout
  1
Layout1
 70
1
 71
1
 10
0.0
 20
0.0
 11
420.0
 21
297.0
 12
0.0
 22
0.0
 32
0.0
 14
1e+20
 24
1e+20
 34
1e+20
 15
-1e+20
 25
-1e+20
 35
-1e+20
146
0.0
 13
0.0
 23
0.0
 33
0.0
 16
1.0
 26
0.0
 36
0.0
 17
0.0
 27
1.0
 37
0.0
 76
1
330
1B
  0
MATERIAL
  5
1F
102
{ACAD_REACTORS
330
E
102
}
330
E
100
AcDbMaterial
  1
ByBlock
  2

 70
0
 40
1.0
 71
1
 41
1.0
 91
-1023410177
 42
1.0
 72
1
  3

 73
1
 74
1
 75
1
 44
0.5
 73
0
 45
1.0
 46
1.0
 77
1
  4

 78
1
 79
1
170
1
 48
1.0
171
1
  6

172
1
173
1
174
1
140
1.0
141
1.0
175
1
  7

176
1
177
1
178
1
143
1.0
179
1
  8

270
1
271
1
272
1
145
1.0
146
1.0
273
1
  9

274
1
275
1
276
1
 42
1.0
 72
1
  3

 73
1
 74
1
 75
1
 94
63
  0
MATERIAL
  5
20
102
{ACAD_REACTORS
330
E
102
}
330
E
100
AcDbMaterial
  1
ByLayer
  2

 70
0
 40
1.0
 71
1
 41
1.0
 91
-1023410177
 42
1.0
 72
1
  3

 73
1
 74
1
 75
1
 44
0.5
 73
0
 45
1.0
 46
1.0
 77
1
  4

 78
1
 79
1
170
1
 48
1.0
171
1
  6

172
1
173
1
174
1
140
1.0
141
1.0
175
1
  7

176
1
177
1
178
1
143
1.0
179
1
  8

270
1
271
1
272
1
145
1.0
146
1.0
273
1
  9

274
1
275
1
276
1
 42
1.0
 72
1
  3

 73
1
 74
1
 75
1
 94
63
  0
MATERIAL
  5
21
102
{ACAD_REACTORS
330
E
102
}
330
E
100
AcDbMaterial
  1
Global
  2

 70
0
 40
1.0
 71
1
 41
1.0
 91
-1023410177
 42
1.0
 72
1
  3

 73
1
 74
1
 75
1
 44
0.5
 73
0
 45
1.0
 46
1.0
 77
1
  4

 78
1
 79
1
170
1
 48
1.0
171
1
  6

172
1
173
1
174
1
140
1.0
141
1.0
175
1
  7

176
1
177
1
178
1
143
1.0
179
1
  8

270
1
271
1
272
1
145
1.0
146
1.0
273
1
  9

274
1
275
1
276
1
 42
1.0
 72
1
  3

 73
1
 74
1
 75
1
 94
63
  0
MLINESTYLE
  5
22
102
{ACAD_REACTORS
330
10
102
}
330
10
100
AcDbMlineStyle
  2
Standard
 70
0
  3

 62
256
 51
90.0
 52
90.0
 71
2
 49
0.5
 62
256
  6
BYLAYER
 49
-0.5
 62
256
  6
BYLAYER
  0
MLEADERSTYLE
  5
2C
102
{ACAD_REACTORS
330
F
102
}
330
F
100
AcDbMLeaderStyle
179
2
170
2
171
1
172
0
 90
2
 40
0.0
 41
0.0
173
1
 91
-1056964608
 92
-2
290
1
 42
2.0
291
1
 43
8.0
  3
Standard
 44
4.0
300

342
29
174
1
175
1
176
0
178
1
 93
-1056964608
 45
4.0
292
0
297
0
 46
4.0
 94
-1056964608
 47
1.0
 49
1.0
140
1.0
294
1
141
0.0
177
0
142
1.0
295
0
296
0
143
3.75
271
0
272
9
273
9
  0
DICTIONARY
  5
2D
330
A
100
AcDbDictionary
280
1
281
1
  3
CREATED_BY_EZDXF
350
2E
  3
WRITTEN_BY_EZDXF
350
1726
  0
DICTIONARYVAR
  5
2E
330
2D
100
DictionaryVariables
280
0
  1
1.4.4 @ 2026-09-03T14:14:15.836702+00:00
  0
DICTIONARYVAR
  5
1726
330
2D
100
DictionaryVariables
280
0
  1
1.4.4 @ 2026-09-03T14:14:16.894711+00:00
  0
ENDSEC
  0
EOF
