0
SECTION
2
HEADER
9
$ACADVER
1
AC1018
0
ENDSEC
0
SECTION
2
TABLES
0
TABLE
2
LAYER
70
5
0
LAYER
2
LINES
70
0
62
7
6
Continuous
0
LAYER
2
RECTS
70
0
62
7
6
Continuous
0
LAYER
2
TEXTS
70
0
62
3
6
Continuous
0
LAYER
2
POLYLINES
70
0
62
4
6
Continuous
0
LAYER
2
SYMBOLS
70
0
62
4
6
Continuous
0
ENDTAB
0
ENDSEC
0
SECTION
2
ENTITIES
0
LINE
8
LINES
10
508.026000
20
772.272000
30
0.0
11
655.338000
21
772.272000
31
0.0
0
LINE
8
LINES
10
508.026000
20
765.792000
30
0.0
11
655.338000
21
765.792000
31
0.0
0
LINE
8
LINES
10
924.042000
20
96.336000
30
0.0
11
668.874000
21
96.336000
31
0.0
0
LINE
8
LINES
10
668.874000
20
121.824000
30
0.0
11
1179.066000
21
121.824000
31
0.0
0
LINE
8
LINES
10
935.130000
20
70.704000
30
0.0
11
1179.066000
21
70.704000
31
0.0
0
LINE
8
LINES
10
725.610000
20
45.360000
30
0.0
11
725.610000
21
121.824000
31
0.0
0
LINE
8
LINES
10
924.042000
20
158.688000
30
0.0
11
924.042000
21
45.360000
31
0.0
0
LINE
8
LINES
10
853.194000
20
45.360000
30
0.0
11
853.194000
21
121.824000
31
0.0
0
LINE
8
LINES
10
796.458000
20
121.824000
30
0.0
11
796.458000
21
45.360000
31
0.0
0
LINE
8
LINES
10
966.522000
20
45.216000
30
0.0
11
966.522000
21
70.704000
31
0.0
0
LINE
8
LINES
10
935.130000
20
70.704000
30
0.0
11
668.874000
21
70.704000
31
0.0
0
LINE
8
LINES
10
1122.474000
20
121.824000
30
0.0
11
1122.474000
21
158.832000
31
0.0
0
LWPOLYLINE
8
RECTS
90
4
70
0
10
87.834000
20
158.256000
10
374.250000
20
158.256000
10
374.250000
20
45.216000
10
87.834000
20
45.216000
0
LWPOLYLINE
8
RECTS
90
4
70
0
10
16.842000
20
858.816000
10
1207.434000
20
858.816000
10
1207.434000
20
16.848000
10
16.842000
20
16.848000
0
LINE
8
LINES
10
589.674000
20
619.632000
30
0.0
11
573.690000
21
619.632000
31
0.0
0
LINE
8
LINES
10
589.674000
20
619.632000
30
0.0
11
573.690000
21
619.632000
31
0.0
0
LINE
8
LINES
10
589.674000
20
610.560000
30
0.0
11
589.674000
21
619.632000
31
0.0
0
LINE
8
LINES
10
589.674000
20
610.560000
30
0.0
11
589.674000
21
619.632000
31
0.0
0
LINE
8
LINES
10
573.690000
20
610.560000
30
0.0
11
589.674000
21
610.560000
31
0.0
0
LINE
8
LINES
10
573.690000
20
610.560000
30
0.0
11
589.674000
21
610.560000
31
0.0
0
LINE
8
LINES
10
573.690000
20
619.632000
30
0.0
11
573.690000
21
610.560000
31
0.0
0
LINE
8
LINES
10
573.690000
20
619.632000
30
0.0
11
573.690000
21
610.560000
31
0.0
0
LINE
8
LINES
10
630.642000
20
653.832000
30
0.0
11
586.578000
21
673.632000
31
0.0
0
LINE
8
LINES
10
630.642000
20
653.832000
30
0.0
11
586.578000
21
673.632000
31
0.0
0
LINE
8
LINES
10
639.570000
20
644.400000
30
0.0
11
630.642000
21
653.832000
31
0.0
0
LINE
8
LINES
10
639.570000
20
644.400000
30
0.0
11
630.642000
21
653.832000
31
0.0
0
LINE
8
LINES
10
662.610000
20
682.920000
30
0.0
11
639.570000
21
644.400000
31
0.0
0
LINE
8
LINES
10
662.610000
20
682.920000
30
0.0
11
639.570000
21
644.400000
31
0.0
0
LINE
8
LINES
10
642.882000
20
638.280000
30
0.0
11
665.490000
21
681.480000
31
0.0
0
LINE
8
LINES
10
642.882000
20
638.280000
30
0.0
11
665.490000
21
681.480000
31
0.0
0
LINE
8
LINES
10
667.146000
20
610.128000
30
0.0
11
642.882000
21
638.280000
31
0.0
0
LINE
8
LINES
10
667.146000
20
610.128000
30
0.0
11
642.882000
21
638.280000
31
0.0
0
LINE
8
LINES
10
685.290000
20
657.504000
30
0.0
11
670.674000
21
609.336000
31
0.0
0
LINE
8
LINES
10
685.290000
20
657.504000
30
0.0
11
670.674000
21
609.336000
31
0.0
0
LINE
8
LINES
10
831.522000
20
650.160000
30
0.0
11
685.290000
21
657.504000
31
0.0
0
LINE
8
LINES
10
831.522000
20
650.160000
30
0.0
11
685.290000
21
657.504000
31
0.0
0
LINE
8
LINES
10
863.346000
20
641.160000
30
0.0
11
831.522000
21
650.160000
31
0.0
0
LINE
8
LINES
10
863.346000
20
641.160000
30
0.0
11
831.522000
21
650.160000
31
0.0
0
LINE
8
LINES
10
893.514000
20
613.152000
30
0.0
11
863.346000
21
641.160000
31
0.0
0
LINE
8
LINES
10
893.514000
20
613.152000
30
0.0
11
863.346000
21
641.160000
31
0.0
0
LINE
8
LINES
10
944.346000
20
548.712000
30
0.0
11
893.514000
21
613.152000
31
0.0
0
LINE
8
LINES
10
944.346000
20
548.712000
30
0.0
11
893.514000
21
613.152000
31
0.0
0
LINE
8
LINES
10
1002.666000
20
569.376000
30
0.0
11
944.346000
21
548.712000
31
0.0
0
LINE
8
LINES
10
1002.666000
20
569.376000
30
0.0
11
944.346000
21
548.712000
31
0.0
0
LINE
8
LINES
10
1030.170000
20
438.120000
30
0.0
11
1010.730000
21
563.904000
31
0.0
0
LINE
8
LINES
10
1030.170000
20
438.120000
30
0.0
11
1010.730000
21
563.904000
31
0.0
0
LINE
8
LINES
10
1081.794000
20
399.168000
30
0.0
11
1033.986000
21
430.920000
31
0.0
0
LINE
8
LINES
10
1081.794000
20
399.168000
30
0.0
11
1033.986000
21
430.920000
31
0.0
0
LINE
8
LINES
10
1089.714000
20
369.432000
30
0.0
11
1081.794000
21
399.168000
31
0.0
0
LINE
8
LINES
10
1089.714000
20
369.432000
30
0.0
11
1081.794000
21
399.168000
31
0.0
0
LINE
8
LINES
10
618.474000
20
647.928000
30
0.0
11
582.978000
21
670.824000
31
0.0
0
LINE
8
LINES
10
618.474000
20
647.928000
30
0.0
11
582.978000
21
670.824000
31
0.0
0
LINE
8
LINES
10
590.826000
20
615.744000
30
0.0
11
618.474000
21
647.928000
31
0.0
0
LINE
8
LINES
10
590.826000
20
615.744000
30
0.0
11
618.474000
21
647.928000
31
0.0
0
LINE
8
LINES
10
570.162000
20
551.448000
30
0.0
11
581.682000
21
610.632000
31
0.0
0
LINE
8
LINES
10
570.162000
20
551.448000
30
0.0
11
581.682000
21
610.632000
31
0.0
0
LINE
8
LINES
10
598.530000
20
534.168000
30
0.0
11
570.162000
21
551.448000
31
0.0
0
LINE
8
LINES
10
598.530000
20
534.168000
30
0.0
11
570.162000
21
551.448000
31
0.0
0
LINE
8
LINES
10
658.290000
20
553.176000
30
0.0
11
668.586000
21
601.848000
31
0.0
0
LINE
8
LINES
10
658.290000
20
553.176000
30
0.0
11
668.586000
21
601.848000
31
0.0
0
LINE
8
LINES
10
605.514000
20
533.808000
30
0.0
11
658.290000
21
553.176000
31
0.0
0
LINE
8
LINES
10
605.514000
20
533.808000
30
0.0
11
658.290000
21
553.176000
31
0.0
0
LINE
8
LINES
10
565.914000
20
534.960000
30
0.0
11
596.946000
21
530.640000
31
0.0
0
LINE
8
LINES
10
565.914000
20
534.960000
30
0.0
11
596.946000
21
530.640000
31
0.0
0
LINE
8
LINES
10
534.738000
20
434.448000
30
0.0
11
565.914000
21
534.960000
31
0.0
0
LINE
8
LINES
10
534.738000
20
434.448000
30
0.0
11
565.914000
21
534.960000
31
0.0
0
LINE
8
LINES
10
545.682000
20
427.608000
30
0.0
11
534.738000
21
434.448000
31
0.0
0
LINE
8
LINES
10
545.682000
20
427.608000
30
0.0
11
534.738000
21
434.448000
31
0.0
0
LINE
8
LINES
10
530.778000
20
433.656000
30
0.0
11
543.162000
21
424.368000
31
0.0
0
LINE
8
LINES
10
530.778000
20
433.656000
30
0.0
11
543.162000
21
424.368000
31
0.0
0
LINE
8
LINES
10
532.578000
20
473.256000
30
0.0
11
530.778000
21
433.656000
31
0.0
0
LINE
8
LINES
10
532.578000
20
473.256000
30
0.0
11
530.778000
21
433.656000
31
0.0
0
LINE
8
LINES
10
696.954000
20
450.936000
30
0.0
11
532.578000
21
473.256000
31
0.0
0
LINE
8
LINES
10
696.954000
20
450.936000
30
0.0
11
532.578000
21
473.256000
31
0.0
0
LINE
8
LINES
10
860.322000
20
368.568000
30
0.0
11
696.954000
21
450.936000
31
0.0
0
LINE
8
LINES
10
860.322000
20
368.568000
30
0.0
11
696.954000
21
450.936000
31
0.0
0
LINE
8
LINES
10
653.466000
20
385.200000
30
0.0
11
551.082000
21
420.552000
31
0.0
0
LINE
8
LINES
10
653.466000
20
385.200000
30
0.0
11
551.082000
21
420.552000
31
0.0
0
LINE
8
LINES
10
686.802000
20
370.008000
30
0.0
11
653.466000
21
385.200000
31
0.0
0
LINE
8
LINES
10
686.802000
20
370.008000
30
0.0
11
653.466000
21
385.200000
31
0.0
0
LINE
8
LINES
10
730.362000
20
324.576000
30
0.0
11
686.802000
21
370.008000
31
0.0
0
LINE
8
LINES
10
730.362000
20
324.576000
30
0.0
11
686.802000
21
370.008000
31
0.0
0
LINE
8
LINES
10
730.794000
20
317.880000
30
0.0
11
421.770000
21
200.592000
31
0.0
0
LINE
8
LINES
10
730.794000
20
317.880000
30
0.0
11
421.770000
21
200.592000
31
0.0
0
LINE
8
LINES
10
467.418000
20
203.400000
30
0.0
11
422.274000
21
198.000000
31
0.0
0
LINE
8
LINES
10
467.418000
20
203.400000
30
0.0
11
422.274000
21
198.000000
31
0.0
0
LINE
8
LINES
10
550.650000
20
367.920000
30
0.0
11
467.418000
21
203.400000
31
0.0
0
LINE
8
LINES
10
550.650000
20
367.920000
30
0.0
11
467.418000
21
203.400000
31
0.0
0
LINE
8
LINES
10
541.002000
20
408.240000
30
0.0
11
550.650000
21
367.920000
31
0.0
0
LINE
8
LINES
10
541.002000
20
408.240000
30
0.0
11
550.650000
21
367.920000
31
0.0
0
LINE
8
LINES
10
544.962000
20
420.768000
30
0.0
11
541.002000
21
408.240000
31
0.0
0
LINE
8
LINES
10
544.962000
20
420.768000
30
0.0
11
541.002000
21
408.240000
31
0.0
0
LINE
8
LINES
10
528.042000
20
432.072000
30
0.0
11
543.234000
21
421.848000
31
0.0
0
LINE
8
LINES
10
528.042000
20
432.072000
30
0.0
11
543.234000
21
421.848000
31
0.0
0
LINE
8
LINES
10
526.818000
20
474.408000
30
0.0
11
528.042000
21
432.072000
31
0.0
0
LINE
8
LINES
10
526.818000
20
474.408000
30
0.0
11
528.042000
21
432.072000
31
0.0
0
LINE
8
LINES
10
480.738000
20
480.528000
30
0.0
11
526.818000
21
474.408000
31
0.0
0
LINE
8
LINES
10
480.738000
20
480.528000
30
0.0
11
526.818000
21
474.408000
31
0.0
0
LINE
8
LINES
10
302.034000
20
473.616000
30
0.0
11
480.738000
21
480.528000
31
0.0
0
LINE
8
LINES
10
302.034000
20
473.616000
30
0.0
11
480.738000
21
480.528000
31
0.0
0
LINE
8
LINES
10
164.226000
20
451.872000
30
0.0
11
302.034000
21
473.616000
31
0.0
0
LINE
8
LINES
10
164.226000
20
451.872000
30
0.0
11
302.034000
21
473.616000
31
0.0
0
LINE
8
LINES
10
288.282000
20
448.704000
30
0.0
11
133.122000
21
425.952000
31
0.0
0
LINE
8
LINES
10
288.282000
20
448.704000
30
0.0
11
133.122000
21
425.952000
31
0.0
0
LINE
8
LINES
10
401.322000
20
456.768000
30
0.0
11
288.282000
21
448.704000
31
0.0
0
LINE
8
LINES
10
401.322000
20
456.768000
30
0.0
11
288.282000
21
448.704000
31
0.0
0
LINE
8
LINES
10
588.306000
20
448.560000
30
0.0
11
401.322000
21
456.768000
31
0.0
0
LINE
8
LINES
10
588.306000
20
448.560000
30
0.0
11
401.322000
21
456.768000
31
0.0
0
LINE
8
LINES
10
860.538000
20
366.624000
30
0.0
11
588.306000
21
448.560000
31
0.0
0
LINE
8
LINES
10
860.538000
20
366.624000
30
0.0
11
588.306000
21
448.560000
31
0.0
0
LINE
8
LINES
10
987.978000
20
434.160000
30
0.0
11
987.690000
21
535.032000
31
0.0
0
LINE
8
LINES
10
987.978000
20
434.160000
30
0.0
11
987.690000
21
535.032000
31
0.0
0
LINE
8
LINES
10
867.450000
20
369.432000
30
0.0
11
987.978000
21
434.160000
31
0.0
0
LINE
8
LINES
10
867.450000
20
369.432000
30
0.0
11
987.978000
21
434.160000
31
0.0
0
LINE
8
LINES
10
1066.098000
20
394.056000
30
0.0
11
1086.618000
21
367.632000
31
0.0
0
LINE
8
LINES
10
1066.098000
20
394.056000
30
0.0
11
1086.618000
21
367.632000
31
0.0
0
LINE
8
LINES
10
994.530000
20
429.120000
30
0.0
11
1066.098000
21
394.056000
31
0.0
0
LINE
8
LINES
10
994.530000
20
429.120000
30
0.0
11
1066.098000
21
394.056000
31
0.0
0
LINE
8
LINES
10
958.458000
20
413.064000
30
0.0
11
994.530000
21
429.120000
31
0.0
0
LINE
8
LINES
10
958.458000
20
413.064000
30
0.0
11
994.530000
21
429.120000
31
0.0
0
LINE
8
LINES
10
953.202000
20
415.512000
30
0.0
11
958.458000
21
413.064000
31
0.0
0
LINE
8
LINES
10
953.202000
20
415.512000
30
0.0
11
958.458000
21
413.064000
31
0.0
0
LINE
8
LINES
10
936.354000
20
399.096000
30
0.0
11
932.898000
21
404.568000
31
0.0
0
LINE
8
LINES
10
936.354000
20
399.096000
30
0.0
11
932.898000
21
404.568000
31
0.0
0
LINE
8
LINES
10
990.498000
20
421.848000
30
0.0
11
936.354000
21
399.096000
31
0.0
0
LINE
8
LINES
10
990.498000
20
421.848000
30
0.0
11
936.354000
21
399.096000
31
0.0
0
LINE
8
LINES
10
1110.810000
20
330.696000
30
0.0
11
990.498000
21
421.848000
31
0.0
0
LINE
8
LINES
10
1110.810000
20
330.696000
30
0.0
11
990.498000
21
421.848000
31
0.0
0
LINE
8
LINES
10
1112.682000
20
333.144000
30
0.0
11
1095.042000
21
356.832000
31
0.0
0
LINE
8
LINES
10
1112.682000
20
333.144000
30
0.0
11
1095.042000
21
356.832000
31
0.0
0
LINE
8
LINES
10
980.778000
20
438.120000
30
0.0
11
982.938000
21
535.104000
31
0.0
0
LINE
8
LINES
10
980.778000
20
438.120000
30
0.0
11
982.938000
21
535.104000
31
0.0
0
LINE
8
LINES
10
863.202000
20
371.592000
30
0.0
11
980.778000
21
438.120000
31
0.0
0
LINE
8
LINES
10
863.202000
20
371.592000
30
0.0
11
980.778000
21
438.120000
31
0.0
0
LINE
8
LINES
10
1031.106000
20
626.400000
30
0.0
11
1009.506000
21
579.456000
31
0.0
0
LINE
8
LINES
10
1031.106000
20
626.400000
30
0.0
11
1009.506000
21
579.456000
31
0.0
0
LINE
8
LINES
10
1091.802000
20
561.168000
30
0.0
11
1016.202000
21
569.952000
31
0.0
0
LINE
8
LINES
10
1091.802000
20
561.168000
30
0.0
11
1016.202000
21
569.952000
31
0.0
0
LINE
8
LINES
10
1123.770000
20
420.768000
30
0.0
11
1096.194000
21
368.640000
31
0.0
0
LINE
8
LINES
10
1123.770000
20
420.768000
30
0.0
11
1096.194000
21
368.640000
31
0.0
0
LINE
8
LINES
10
817.410000
20
747.216000
30
0.0
11
1004.466000
21
575.424000
31
0.0
0
LINE
8
LINES
10
817.410000
20
747.216000
30
0.0
11
1004.466000
21
575.424000
31
0.0
0
LINE
8
LINES
10
1179.066000
20
45.216000
30
0.0
11
668.874000
21
45.216000
31
0.0
0
LINE
8
LINES
10
1179.066000
20
45.216000
30
0.0
11
668.874000
21
45.216000
31
0.0
0
LINE
8
LINES
10
1179.066000
20
158.688000
30
0.0
11
1179.066000
21
45.216000
31
0.0
0
LINE
8
LINES
10
1179.066000
20
158.688000
30
0.0
11
1179.066000
21
45.216000
31
0.0
0
LINE
8
LINES
10
668.874000
20
158.688000
30
0.0
11
1179.066000
21
158.688000
31
0.0
0
LINE
8
LINES
10
668.874000
20
158.688000
30
0.0
11
1179.066000
21
158.688000
31
0.0
0
LINE
8
LINES
10
668.874000
20
45.216000
30
0.0
11
668.874000
21
158.688000
31
0.0
0
LINE
8
LINES
10
668.874000
20
45.216000
30
0.0
11
668.874000
21
158.688000
31
0.0
0
LWPOLYLINE
8
POLYLINES
90
193
70
0
10
696.810000
20
148.320000
10
696.810000
20
148.608000
10
696.666000
20
148.752000
10
696.666000
20
148.896000
10
696.522000
20
149.040000
10
696.522000
20
149.184000
10
696.234000
20
149.184000
10
695.802000
20
149.184000
10
694.362000
20
149.184000
10
692.922000
20
149.184000
10
692.346000
20
149.184000
10
692.202000
20
149.184000
10
693.786000
20
150.192000
10
694.938000
20
150.912000
10
695.802000
20
151.344000
10
695.946000
20
151.344000
10
696.090000
20
151.488000
10
695.946000
20
151.632000
10
695.946000
20
151.920000
10
695.946000
20
152.064000
10
695.802000
20
152.064000
10
695.802000
20
152.208000
10
695.658000
20
152.352000
10
695.514000
20
152.352000
10
695.082000
20
152.352000
10
693.642000
20
152.352000
10
692.202000
20
152.352000
10
691.770000
20
152.352000
10
691.626000
20
152.352000
10
693.066000
20
153.360000
10
694.218000
20
153.936000
10
694.938000
20
154.368000
10
695.226000
20
154.368000
10
695.226000
20
154.512000
10
695.082000
20
154.656000
10
695.082000
20
154.944000
10
694.938000
20
155.232000
10
694.794000
20
155.376000
10
694.650000
20
155.376000
10
693.930000
20
155.376000
10
692.922000
20
155.376000
10
691.626000
20
155.376000
10
690.186000
20
155.376000
10
688.458000
20
155.376000
10
684.714000
20
155.376000
10
680.970000
20
155.376000
10
679.242000
20
155.376000
10
677.658000
20
155.376000
10
676.362000
20
155.376000
10
675.354000
20
155.376000
10
674.778000
20
155.376000
10
674.490000
20
155.376000
10
674.490000
20
155.232000
10
674.346000
20
155.088000
10
674.346000
20
154.944000
10
674.202000
20
154.656000
10
674.058000
20
154.512000
10
674.202000
20
154.368000
10
674.346000
20
154.368000
10
675.210000
20
153.936000
10
676.362000
20
153.360000
10
677.802000
20
152.352000
10
677.658000
20
152.352000
10
677.082000
20
152.352000
10
675.642000
20
152.352000
10
674.202000
20
152.352000
10
673.770000
20
152.352000
10
673.626000
20
152.352000
10
673.482000
20
152.208000
10
673.482000
20
152.064000
10
673.482000
20
151.920000
10
673.338000
20
151.776000
10
673.194000
20
151.488000
10
673.338000
20
151.344000
10
673.482000
20
151.344000
10
674.346000
20
150.912000
10
675.642000
20
150.192000
10
677.082000
20
149.184000
10
676.938000
20
149.184000
10
676.506000
20
149.184000
10
674.922000
20
149.184000
10
673.482000
20
149.184000
10
673.050000
20
149.184000
10
672.906000
20
149.184000
10
672.762000
20
149.184000
10
672.762000
20
149.040000
10
672.762000
20
148.896000
10
672.762000
20
148.752000
10
672.618000
20
148.752000
10
672.618000
20
148.464000
10
672.474000
20
148.320000
10
672.762000
20
148.176000
10
673.338000
20
147.888000
10
674.202000
20
147.456000
10
675.210000
20
146.736000
10
676.506000
20
145.872000
10
677.946000
20
144.720000
10
679.386000
20
143.424000
10
680.826000
20
141.840000
10
679.386000
20
138.528000
10
678.234000
20
134.784000
10
677.946000
20
132.768000
10
677.514000
20
130.608000
10
677.370000
20
128.304000
10
677.370000
20
126.000000
10
677.514000
20
126.000000
10
677.946000
20
126.000000
10
678.234000
20
126.000000
10
678.378000
20
126.000000
10
678.522000
20
128.160000
10
678.666000
20
130.320000
10
679.242000
20
134.208000
10
680.250000
20
137.664000
10
681.546000
20
140.832000
10
682.122000
20
139.968000
10
682.554000
20
139.104000
10
681.546000
20
136.368000
10
680.682000
20
133.200000
10
680.250000
20
129.744000
10
680.106000
20
126.000000
10
680.250000
20
126.000000
10
680.682000
20
126.000000
10
680.970000
20
126.000000
10
681.114000
20
126.000000
10
681.258000
20
129.456000
10
681.690000
20
132.480000
10
682.266000
20
135.360000
10
683.274000
20
137.952000
10
683.706000
20
136.800000
10
684.138000
20
135.792000
10
683.562000
20
133.632000
10
682.986000
20
131.328000
10
682.842000
20
128.736000
10
682.842000
20
126.000000
10
682.986000
20
126.000000
10
683.274000
20
126.000000
10
683.706000
20
126.000000
10
683.850000
20
126.000000
10
683.850000
20
128.160000
10
683.994000
20
130.320000
10
684.282000
20
132.192000
10
684.714000
20
134.064000
10
685.146000
20
132.192000
10
685.434000
20
130.320000
10
685.578000
20
128.160000
10
685.578000
20
126.000000
10
685.722000
20
126.000000
10
686.010000
20
126.000000
10
686.442000
20
126.000000
10
686.586000
20
126.000000
10
686.586000
20
128.736000
10
686.298000
20
131.328000
10
685.866000
20
133.632000
10
685.290000
20
135.792000
10
685.578000
20
136.800000
10
686.154000
20
137.808000
10
687.018000
20
135.360000
10
687.594000
20
132.480000
10
688.026000
20
129.312000
10
688.170000
20
126.000000
10
688.314000
20
126.000000
10
688.746000
20
126.000000
10
689.034000
20
126.000000
10
689.178000
20
126.000000
10
689.034000
20
129.744000
10
688.602000
20
133.200000
10
687.738000
20
136.224000
10
686.730000
20
139.104000
10
687.306000
20
139.968000
10
687.882000
20
140.832000
10
689.178000
20
137.664000
10
690.042000
20
134.208000
10
690.762000
20
130.320000
10
690.906000
20
128.160000
10
690.906000
20
126.000000
10
691.050000
20
126.000000
10
691.482000
20
126.000000
10
691.770000
20
126.000000
10
691.914000
20
126.000000
10
691.914000
20
128.304000
10
691.770000
20
130.608000
10
691.482000
20
132.768000
10
691.050000
20
134.784000
10
689.898000
20
138.528000
10
688.602000
20
141.696000
10
689.898000
20
143.424000
10
691.338000
20
144.720000
10
692.778000
20
145.872000
10
694.074000
20
146.736000
10
695.226000
20
147.456000
10
696.090000
20
147.888000
10
696.666000
20
148.176000
10
696.810000
20
148.320000
0
LWPOLYLINE
8
POLYLINES
90
21
70
0
10
680.826000
20
151.344000
10
680.970000
20
151.344000
10
681.258000
20
151.344000
10
682.122000
20
151.344000
10
683.274000
20
151.344000
10
684.714000
20
151.344000
10
686.010000
20
151.344000
10
687.306000
20
151.344000
10
688.170000
20
151.344000
10
688.314000
20
151.344000
10
688.458000
20
151.344000
10
687.306000
20
150.336000
10
686.154000
20
149.184000
10
686.010000
20
149.184000
10
685.722000
20
149.184000
10
684.714000
20
149.184000
10
683.706000
20
149.184000
10
683.274000
20
149.184000
10
683.130000
20
149.184000
10
681.978000
20
150.336000
10
680.826000
20
151.344000
0
LWPOLYLINE
8
POLYLINES
90
15
70
0
10
674.922000
20
148.176000
10
675.066000
20
148.176000
10
675.498000
20
148.176000
10
676.650000
20
148.176000
10
677.946000
20
148.176000
10
678.378000
20
148.176000
10
678.522000
20
148.176000
10
680.394000
20
146.448000
10
682.266000
20
144.432000
10
681.834000
20
143.568000
10
681.258000
20
142.704000
10
679.674000
20
144.576000
10
677.946000
20
146.160000
10
676.362000
20
147.312000
10
674.922000
20
148.176000
0
LWPOLYLINE
8
POLYLINES
90
18
70
0
10
675.786000
20
151.344000
10
675.642000
20
151.344000
10
675.930000
20
151.344000
10
676.218000
20
151.344000
10
677.514000
20
151.344000
10
678.666000
20
151.344000
10
679.098000
20
151.344000
10
679.242000
20
151.344000
10
680.394000
20
150.336000
10
681.690000
20
149.184000
10
681.546000
20
149.184000
10
681.258000
20
149.184000
10
680.250000
20
149.184000
10
679.242000
20
149.184000
10
678.954000
20
149.184000
10
678.810000
20
149.184000
10
677.226000
20
150.480000
10
675.786000
20
151.344000
0
LWPOLYLINE
8
POLYLINES
90
9
70
0
10
684.714000
20
137.232000
10
684.282000
20
138.240000
10
683.706000
20
139.104000
10
684.138000
20
139.968000
10
684.714000
20
140.832000
10
685.146000
20
139.968000
10
685.578000
20
139.104000
10
685.146000
20
138.240000
10
684.714000
20
137.232000
0
LWPOLYLINE
8
POLYLINES
90
13
70
0
10
682.698000
20
148.176000
10
683.418000
20
147.456000
10
683.994000
20
146.736000
10
683.418000
20
146.016000
10
682.842000
20
145.296000
10
681.546000
20
146.880000
10
680.106000
20
148.176000
10
680.250000
20
148.176000
10
680.538000
20
148.176000
10
681.402000
20
148.176000
10
682.266000
20
148.176000
10
682.554000
20
148.176000
10
682.698000
20
148.176000
0
LWPOLYLINE
8
POLYLINES
90
9
70
0
10
685.146000
20
148.176000
10
684.858000
20
147.888000
10
684.714000
20
147.600000
10
684.426000
20
147.888000
10
684.138000
20
148.176000
10
684.282000
20
148.176000
10
684.714000
20
148.176000
10
685.002000
20
148.176000
10
685.146000
20
148.176000
0
LWPOLYLINE
8
POLYLINES
90
9
70
0
10
681.978000
20
141.840000
10
682.554000
20
142.704000
10
682.986000
20
143.568000
10
683.562000
20
142.704000
10
683.994000
20
141.984000
10
683.562000
20
141.120000
10
683.130000
20
140.256000
10
682.554000
20
141.120000
10
681.978000
20
141.840000
0
LWPOLYLINE
8
POLYLINES
90
29
70
0
10
676.506000
20
154.368000
10
676.794000
20
154.368000
10
677.226000
20
154.368000
10
678.090000
20
154.368000
10
679.098000
20
154.368000
10
681.690000
20
154.368000
10
684.714000
20
154.368000
10
687.594000
20
154.368000
10
690.186000
20
154.368000
10
691.338000
20
154.368000
10
692.058000
20
154.368000
10
692.634000
20
154.368000
10
692.778000
20
154.368000
10
691.338000
20
153.504000
10
689.754000
20
152.352000
10
689.610000
20
152.352000
10
689.322000
20
152.352000
10
688.890000
20
152.352000
10
688.170000
20
152.352000
10
686.586000
20
152.352000
10
684.714000
20
152.352000
10
682.842000
20
152.352000
10
681.114000
20
152.352000
10
680.538000
20
152.352000
10
679.962000
20
152.352000
10
679.674000
20
152.352000
10
679.530000
20
152.352000
10
677.946000
20
153.504000
10
676.506000
20
154.368000
0
LWPOLYLINE
8
POLYLINES
90
9
70
0
10
684.714000
20
146.016000
10
685.146000
20
145.152000
10
685.722000
20
144.432000
10
685.146000
20
143.712000
10
684.714000
20
142.848000
10
684.138000
20
143.712000
10
683.562000
20
144.432000
10
684.138000
20
145.152000
10
684.714000
20
146.016000
0
LWPOLYLINE
8
POLYLINES
90
9
70
0
10
686.154000
20
140.256000
10
685.722000
20
141.120000
10
685.290000
20
141.984000
10
685.866000
20
142.704000
10
686.298000
20
143.568000
10
686.874000
20
142.704000
10
687.306000
20
141.840000
10
686.730000
20
141.120000
10
686.154000
20
140.256000
0
LWPOLYLINE
8
POLYLINES
90
12
70
0
10
685.290000
20
146.736000
10
686.010000
20
147.456000
10
686.586000
20
148.176000
10
686.730000
20
148.176000
10
687.018000
20
148.176000
10
687.882000
20
148.176000
10
688.890000
20
148.176000
10
689.178000
20
148.176000
10
687.882000
20
146.880000
10
686.442000
20
145.296000
10
685.866000
20
146.016000
10
685.290000
20
146.736000
0
LWPOLYLINE
8
POLYLINES
90
17
70
0
10
693.642000
20
151.344000
10
692.202000
20
150.480000
10
690.474000
20
149.184000
10
690.330000
20
149.184000
10
690.042000
20
149.184000
10
689.034000
20
149.184000
10
688.026000
20
149.184000
10
687.738000
20
149.184000
10
687.594000
20
149.184000
10
688.890000
20
150.336000
10
690.042000
20
151.344000
10
690.186000
20
151.344000
10
690.618000
20
151.344000
10
691.914000
20
151.344000
10
693.066000
20
151.344000
10
693.498000
20
151.344000
10
693.642000
20
151.344000
0
LWPOLYLINE
8
POLYLINES
90
16
70
0
10
694.506000
20
148.176000
10
694.362000
20
148.176000
10
693.066000
20
147.312000
10
691.482000
20
146.160000
10
689.754000
20
144.576000
10
688.026000
20
142.704000
10
687.594000
20
143.568000
10
687.018000
20
144.432000
10
688.890000
20
146.448000
10
690.906000
20
148.176000
10
691.050000
20
148.176000
10
691.338000
20
148.176000
10
692.634000
20
148.176000
10
693.930000
20
148.176000
10
694.218000
20
148.176000
10
694.506000
20
148.176000
0
LWPOLYLINE
8
POLYLINES
90
193
70
0
10
696.810000
20
148.320000
10
696.810000
20
148.608000
10
696.666000
20
148.752000
10
696.666000
20
148.896000
10
696.522000
20
149.040000
10
696.522000
20
149.184000
10
696.234000
20
149.184000
10
695.802000
20
149.184000
10
694.362000
20
149.184000
10
692.922000
20
149.184000
10
692.346000
20
149.184000
10
692.202000
20
149.184000
10
693.786000
20
150.192000
10
694.938000
20
150.912000
10
695.802000
20
151.344000
10
695.946000
20
151.344000
10
696.090000
20
151.488000
10
695.946000
20
151.632000
10
695.946000
20
151.920000
10
695.946000
20
152.064000
10
695.802000
20
152.064000
10
695.802000
20
152.208000
10
695.658000
20
152.352000
10
695.514000
20
152.352000
10
695.082000
20
152.352000
10
693.642000
20
152.352000
10
692.202000
20
152.352000
10
691.770000
20
152.352000
10
691.626000
20
152.352000
10
693.066000
20
153.360000
10
694.218000
20
153.936000
10
694.938000
20
154.368000
10
695.226000
20
154.368000
10
695.226000
20
154.512000
10
695.082000
20
154.656000
10
695.082000
20
154.944000
10
694.938000
20
155.232000
10
694.794000
20
155.376000
10
694.650000
20
155.376000
10
693.930000
20
155.376000
10
692.922000
20
155.376000
10
691.626000
20
155.376000
10
690.186000
20
155.376000
10
688.458000
20
155.376000
10
684.714000
20
155.376000
10
680.970000
20
155.376000
10
679.242000
20
155.376000
10
677.658000
20
155.376000
10
676.362000
20
155.376000
10
675.354000
20
155.376000
10
674.778000
20
155.376000
10
674.490000
20
155.376000
10
674.490000
20
155.232000
10
674.346000
20
155.088000
10
674.346000
20
154.944000
10
674.202000
20
154.656000
10
674.058000
20
154.512000
10
674.202000
20
154.368000
10
674.346000
20
154.368000
10
675.210000
20
153.936000
10
676.362000
20
153.360000
10
677.802000
20
152.352000
10
677.658000
20
152.352000
10
677.082000
20
152.352000
10
675.642000
20
152.352000
10
674.202000
20
152.352000
10
673.770000
20
152.352000
10
673.626000
20
152.352000
10
673.482000
20
152.208000
10
673.482000
20
152.064000
10
673.482000
20
151.920000
10
673.338000
20
151.776000
10
673.194000
20
151.488000
10
673.338000
20
151.344000
10
673.482000
20
151.344000
10
674.346000
20
150.912000
10
675.642000
20
150.192000
10
677.082000
20
149.184000
10
676.938000
20
149.184000
10
676.506000
20
149.184000
10
674.922000
20
149.184000
10
673.482000
20
149.184000
10
673.050000
20
149.184000
10
672.906000
20
149.184000
10
672.762000
20
149.184000
10
672.762000
20
149.040000
10
672.762000
20
148.896000
10
672.762000
20
148.752000
10
672.618000
20
148.752000
10
672.618000
20
148.464000
10
672.474000
20
148.320000
10
672.762000
20
148.176000
10
673.338000
20
147.888000
10
674.202000
20
147.456000
10
675.210000
20
146.736000
10
676.506000
20
145.872000
10
677.946000
20
144.720000
10
679.386000
20
143.424000
10
680.826000
20
141.840000
10
679.386000
20
138.528000
10
678.234000
20
134.784000
10
677.946000
20
132.768000
10
677.514000
20
130.608000
10
677.370000
20
128.304000
10
677.370000
20
126.000000
10
677.514000
20
126.000000
10
677.946000
20
126.000000
10
678.234000
20
126.000000
10
678.378000
20
126.000000
10
678.522000
20
128.160000
10
678.666000
20
130.320000
10
679.242000
20
134.208000
10
680.250000
20
137.664000
10
681.546000
20
140.832000
10
682.122000
20
139.968000
10
682.554000
20
139.104000
10
681.546000
20
136.368000
10
680.682000
20
133.200000
10
680.250000
20
129.744000
10
680.106000
20
126.000000
10
680.250000
20
126.000000
10
680.682000
20
126.000000
10
680.970000
20
126.000000
10
681.114000
20
126.000000
10
681.258000
20
129.456000
10
681.690000
20
132.480000
10
682.266000
20
135.360000
10
683.274000
20
137.952000
10
683.706000
20
136.800000
10
684.138000
20
135.792000
10
683.562000
20
133.632000
10
682.986000
20
131.328000
10
682.842000
20
128.736000
10
682.842000
20
126.000000
10
682.986000
20
126.000000
10
683.274000
20
126.000000
10
683.706000
20
126.000000
10
683.850000
20
126.000000
10
683.850000
20
128.160000
10
683.994000
20
130.320000
10
684.282000
20
132.192000
10
684.714000
20
134.064000
10
685.146000
20
132.192000
10
685.434000
20
130.320000
10
685.578000
20
128.160000
10
685.578000
20
126.000000
10
685.722000
20
126.000000
10
686.010000
20
126.000000
10
686.442000
20
126.000000
10
686.586000
20
126.000000
10
686.586000
20
128.736000
10
686.298000
20
131.328000
10
685.866000
20
133.632000
10
685.290000
20
135.792000
10
685.578000
20
136.800000
10
686.154000
20
137.808000
10
687.018000
20
135.360000
10
687.594000
20
132.480000
10
688.026000
20
129.312000
10
688.170000
20
126.000000
10
688.314000
20
126.000000
10
688.746000
20
126.000000
10
689.034000
20
126.000000
10
689.178000
20
126.000000
10
689.034000
20
129.744000
10
688.602000
20
133.200000
10
687.738000
20
136.224000
10
686.730000
20
139.104000
10
687.306000
20
139.968000
10
687.882000
20
140.832000
10
689.178000
20
137.664000
10
690.042000
20
134.208000
10
690.762000
20
130.320000
10
690.906000
20
128.160000
10
690.906000
20
126.000000
10
691.050000
20
126.000000
10
691.482000
20
126.000000
10
691.770000
20
126.000000
10
691.914000
20
126.000000
10
691.914000
20
128.304000
10
691.770000
20
130.608000
10
691.482000
20
132.768000
10
691.050000
20
134.784000
10
689.898000
20
138.528000
10
688.602000
20
141.696000
10
689.898000
20
143.424000
10
691.338000
20
144.720000
10
692.778000
20
145.872000
10
694.074000
20
146.736000
10
695.226000
20
147.456000
10
696.090000
20
147.888000
10
696.666000
20
148.176000
10
696.810000
20
148.320000
0
LWPOLYLINE
8
POLYLINES
90
21
70
0
10
680.826000
20
151.344000
10
680.970000
20
151.344000
10
681.258000
20
151.344000
10
682.122000
20
151.344000
10
683.274000
20
151.344000
10
684.714000
20
151.344000
10
686.010000
20
151.344000
10
687.306000
20
151.344000
10
688.170000
20
151.344000
10
688.314000
20
151.344000
10
688.458000
20
151.344000
10
687.306000
20
150.336000
10
686.154000
20
149.184000
10
686.010000
20
149.184000
10
685.722000
20
149.184000
10
684.714000
20
149.184000
10
683.706000
20
149.184000
10
683.274000
20
149.184000
10
683.130000
20
149.184000
10
681.978000
20
150.336000
10
680.826000
20
151.344000
0
LWPOLYLINE
8
POLYLINES
90
15
70
0
10
674.922000
20
148.176000
10
675.066000
20
148.176000
10
675.498000
20
148.176000
10
676.650000
20
148.176000
10
677.946000
20
148.176000
10
678.378000
20
148.176000
10
678.522000
20
148.176000
10
680.394000
20
146.448000
10
682.266000
20
144.432000
10
681.834000
20
143.568000
10
681.258000
20
142.704000
10
679.674000
20
144.576000
10
677.946000
20
146.160000
10
676.362000
20
147.312000
10
674.922000
20
148.176000
0
LWPOLYLINE
8
POLYLINES
90
18
70
0
10
675.786000
20
151.344000
10
675.642000
20
151.344000
10
675.930000
20
151.344000
10
676.218000
20
151.344000
10
677.514000
20
151.344000
10
678.666000
20
151.344000
10
679.098000
20
151.344000
10
679.242000
20
151.344000
10
680.394000
20
150.336000
10
681.690000
20
149.184000
10
681.546000
20
149.184000
10
681.258000
20
149.184000
10
680.250000
20
149.184000
10
679.242000
20
149.184000
10
678.954000
20
149.184000
10
678.810000
20
149.184000
10
677.226000
20
150.480000
10
675.786000
20
151.344000
0
LWPOLYLINE
8
POLYLINES
90
9
70
0
10
684.714000
20
137.232000
10
684.282000
20
138.240000
10
683.706000
20
139.104000
10
684.138000
20
139.968000
10
684.714000
20
140.832000
10
685.146000
20
139.968000
10
685.578000
20
139.104000
10
685.146000
20
138.240000
10
684.714000
20
137.232000
0
LWPOLYLINE
8
POLYLINES
90
13
70
0
10
682.698000
20
148.176000
10
683.418000
20
147.456000
10
683.994000
20
146.736000
10
683.418000
20
146.016000
10
682.842000
20
145.296000
10
681.546000
20
146.880000
10
680.106000
20
148.176000
10
680.250000
20
148.176000
10
680.538000
20
148.176000
10
681.402000
20
148.176000
10
682.266000
20
148.176000
10
682.554000
20
148.176000
10
682.698000
20
148.176000
0
LWPOLYLINE
8
POLYLINES
90
9
70
0
10
685.146000
20
148.176000
10
684.858000
20
147.888000
10
684.714000
20
147.600000
10
684.426000
20
147.888000
10
684.138000
20
148.176000
10
684.282000
20
148.176000
10
684.714000
20
148.176000
10
685.002000
20
148.176000
10
685.146000
20
148.176000
0
LWPOLYLINE
8
POLYLINES
90
9
70
0
10
681.978000
20
141.840000
10
682.554000
20
142.704000
10
682.986000
20
143.568000
10
683.562000
20
142.704000
10
683.994000
20
141.984000
10
683.562000
20
141.120000
10
683.130000
20
140.256000
10
682.554000
20
141.120000
10
681.978000
20
141.840000
0
LWPOLYLINE
8
POLYLINES
90
29
70
0
10
676.506000
20
154.368000
10
676.794000
20
154.368000
10
677.226000
20
154.368000
10
678.090000
20
154.368000
10
679.098000
20
154.368000
10
681.690000
20
154.368000
10
684.714000
20
154.368000
10
687.594000
20
154.368000
10
690.186000
20
154.368000
10
691.338000
20
154.368000
10
692.058000
20
154.368000
10
692.634000
20
154.368000
10
692.778000
20
154.368000
10
691.338000
20
153.504000
10
689.754000
20
152.352000
10
689.610000
20
152.352000
10
689.322000
20
152.352000
10
688.890000
20
152.352000
10
688.170000
20
152.352000
10
686.586000
20
152.352000
10
684.714000
20
152.352000
10
682.842000
20
152.352000
10
681.114000
20
152.352000
10
680.538000
20
152.352000
10
679.962000
20
152.352000
10
679.674000
20
152.352000
10
679.530000
20
152.352000
10
677.946000
20
153.504000
10
676.506000
20
154.368000
0
LWPOLYLINE
8
POLYLINES
90
9
70
0
10
684.714000
20
146.016000
10
685.146000
20
145.152000
10
685.722000
20
144.432000
10
685.146000
20
143.712000
10
684.714000
20
142.848000
10
684.138000
20
143.712000
10
683.562000
20
144.432000
10
684.138000
20
145.152000
10
684.714000
20
146.016000
0
LWPOLYLINE
8
POLYLINES
90
9
70
0
10
686.154000
20
140.256000
10
685.722000
20
141.120000
10
685.290000
20
141.984000
10
685.866000
20
142.704000
10
686.298000
20
143.568000
10
686.874000
20
142.704000
10
687.306000
20
141.840000
10
686.730000
20
141.120000
10
686.154000
20
140.256000
0
LWPOLYLINE
8
POLYLINES
90
12
70
0
10
685.290000
20
146.736000
10
686.010000
20
147.456000
10
686.586000
20
148.176000
10
686.730000
20
148.176000
10
687.018000
20
148.176000
10
687.882000
20
148.176000
10
688.890000
20
148.176000
10
689.178000
20
148.176000
10
687.882000
20
146.880000
10
686.442000
20
145.296000
10
685.866000
20
146.016000
10
685.290000
20
146.736000
0
LWPOLYLINE
8
POLYLINES
90
17
70
0
10
693.642000
20
151.344000
10
692.202000
20
150.480000
10
690.474000
20
149.184000
10
690.330000
20
149.184000
10
690.042000
20
149.184000
10
689.034000
20
149.184000
10
688.026000
20
149.184000
10
687.738000
20
149.184000
10
687.594000
20
149.184000
10
688.890000
20
150.336000
10
690.042000
20
151.344000
10
690.186000
20
151.344000
10
690.618000
20
151.344000
10
691.914000
20
151.344000
10
693.066000
20
151.344000
10
693.498000
20
151.344000
10
693.642000
20
151.344000
0
LWPOLYLINE
8
POLYLINES
90
16
70
0
10
694.506000
20
148.176000
10
694.362000
20
148.176000
10
693.066000
20
147.312000
10
691.482000
20
146.160000
10
689.754000
20
144.576000
10
688.026000
20
142.704000
10
687.594000
20
143.568000
10
687.018000
20
144.432000
10
688.890000
20
146.448000
10
690.906000
20
148.176000
10
691.050000
20
148.176000
10
691.338000
20
148.176000
10
692.634000
20
148.176000
10
693.930000
20
148.176000
10
694.218000
20
148.176000
10
694.506000
20
148.176000
0
LINE
8
LINES
10
87.762000
20
830.448000
30
0.0
11
87.762000
21
45.216000
31
0.0
0
LINE
8
LINES
10
87.762000
20
830.448000
30
0.0
11
87.762000
21
45.216000
31
0.0
0
LINE
8
LINES
10
1179.138000
20
830.448000
30
0.0
11
87.762000
21
830.448000
31
0.0
0
LINE
8
LINES
10
1179.138000
20
830.448000
30
0.0
11
87.762000
21
830.448000
31
0.0
0
LINE
8
LINES
10
1179.138000
20
45.216000
30
0.0
11
1179.138000
21
830.448000
31
0.0
0
LINE
8
LINES
10
1179.138000
20
45.216000
30
0.0
11
1179.138000
21
830.448000
31
0.0
0
LINE
8
LINES
10
87.762000
20
45.216000
30
0.0
11
1179.138000
21
45.216000
31
0.0
0
LINE
8
LINES
10
87.762000
20
45.216000
30
0.0
11
1179.138000
21
45.216000
31
0.0
0
TEXT
8
TEXTS
10
516.954000
20
777.765907
30
0.0
40
15.202620
1
光缆路由现状图
0
TEXT
8
TEXTS
10
652.093436
20
709.084918
30
0.0
40
7.800989
1
m
0
TEXT
8
TEXTS
10
649.604992
20
704.904709
30
0.0
40
7.800989
1
k
0
TEXT
8
TEXTS
10
878.585977
20
698.291437
30
0.0
40
8.911075
1
A
0
TEXT
8
TEXTS
10
644.628105
20
696.544290
30
0.0
40
7.800989
1
.
0
TEXT
8
TEXTS
10
881.922354
20
691.210456
30
0.0
40
8.911075
1
/2
0
TEXT
8
TEXTS
10
642.139662
20
692.364080
30
0.0
40
7.800989
1
7
0
TEXT
8
TEXTS
10
888.595108
20
687.669966
30
0.0
40
8.911075
1
4
0
TEXT
8
TEXTS
10
639.651218
20
688.183871
30
0.0
40
7.800989
1
/
0
TEXT
8
TEXTS
10
891.931485
20
684.129475
30
0.0
40
8.911075
1
D
0
TEXT
8
TEXTS
10
637.162775
20
684.003661
30
0.0
40
7.800989
1
D
0
TEXT
8
TEXTS
10
895.267862
20
680.588985
30
0.0
40
8.911075
1
/
0
TEXT
8
TEXTS
10
634.674331
20
679.823452
30
0.0
40
7.800989
1
8
0
TEXT
8
TEXTS
10
898.604239
20
677.048495
30
0.0
40
8.911075
1
1
0
TEXT
8
TEXTS
10
587.833509
20
654.545758
30
0.0
40
8.241126
1
O/24D/14km4 m
0
TEXT
8
TEXTS
10
901.940616
20
673.508004
30
0.0
40
8.911075
1
0
0
TEXT
8
TEXTS
10
629.697444
20
670.123839
30
0.0
40
7.736632
1
/ k
0
TEXT
8
TEXTS
10
905.276993
20
666.427024
30
0.0
40
8.911075
1
8.
0
TEXT
8
TEXTS
10
627.209000
20
665.891674
30
0.0
40
7.736632
1
O 9
0
TEXT
8
TEXTS
10
911.949747
20
662.886534
30
0.0
40
8.911075
1
5
0
TEXT
8
TEXTS
10
661.026519
20
661.659508
30
0.0
40
7.672275
1
.
0
TEXT
8
TEXTS
10
720.570000
20
655.789151
30
0.0
40
9.121540
1
O/24D/30km
0
TEXT
8
TEXTS
10
915.286124
20
655.805553
30
0.0
40
8.911075
1
km
0
TEXT
8
TEXTS
10
658.627505
20
657.427342
30
0.0
40
7.672275
1
6
0
TEXT
8
TEXTS
10
656.228492
20
653.195176
30
0.0
40
7.672275
1
/
0
TEXT
8
TEXTS
10
653.829478
20
648.963011
30
0.0
40
7.672275
1
D
0
TEXT
8
TEXTS
10
651.430465
20
644.730845
30
0.0
40
7.672275
1
8
0
TEXT
8
TEXTS
10
615.913796
20
634.846719
30
0.0
40
8.246145
1
m 4
0
TEXT
8
TEXTS
10
612.654370
20
631.235261
30
0.0
40
8.246145
1
k /
0
TEXT
8
TEXTS
10
1025.562000
20
628.577526
30
0.0
40
12.162096
1
至迎丰桥变
0
TEXT
8
TEXTS
10
609.394945
20
626.106432
30
0.0
40
8.204148
1
3 O/O
0
TEXT
8
TEXTS
10
602.876094
20
620.400886
30
0.0
40
8.764019
1
D/ 2
0
TEXT
8
TEXTS
10
599.616669
20
615.028768
30
0.0
40
8.736020
1
2 4D
0
TEXT
8
TEXTS
10
505.290000
20
608.705526
30
0.0
40
9.655536
1
马迹塘电厂/1
0
TEXT
8
TEXTS
10
646.832656
20
611.336213
30
0.0
40
8.708022
1
/
0
TEXT
8
TEXTS
10
589.838393
20
605.955053
30
0.0
40
8.820016
1
A
0
TEXT
8
TEXTS
10
567.332342
20
603.333586
30
0.0
40
5.390751
1
m
0
TEXT
8
TEXTS
10
656.334425
20
600.258548
30
0.0
40
8.708022
1
m
0
TEXT
8
TEXTS
10
566.364286
20
598.566056
30
0.0
40
5.390751
1
k
0
TEXT
8
TEXTS
10
565.396231
20
593.798526
30
0.0
40
5.390751
1
4
0
TEXT
8
TEXTS
10
564.428175
20
589.030997
30
0.0
40
5.390751
1
1
0
TEXT
8
TEXTS
10
563.460120
20
584.263467
30
0.0
40
5.390751
1
.
0
TEXT
8
TEXTS
10
562.492064
20
579.495938
30
0.0
40
5.390751
1
2
0
TEXT
8
TEXTS
10
561.524008
20
574.728408
30
0.0
40
5.390751
1
/
0
TEXT
8
TEXTS
10
560.555953
20
569.960879
30
0.0
40
5.390751
1
D
0
TEXT
8
TEXTS
10
665.850000
20
563.629151
30
0.0
40
9.121540
1
O/24D/19.369km
0
TEXT
8
TEXTS
10
559.587897
20
565.193349
30
0.0
40
5.390751
1
2
0
TEXT
8
TEXTS
10
1096.698000
20
553.121526
30
0.0
40
12.162096
1
至复兴变
0
TEXT
8
TEXTS
10
558.619842
20
560.425820
30
0.0
40
5.390751
1
1
0
TEXT
8
TEXTS
10
557.651786
20
555.658290
30
0.0
40
5.390751
1
/
0
TEXT
8
TEXTS
10
556.683730
20
550.890760
30
0.0
40
5.390751
1
A
0
TEXT
8
TEXTS
10
507.594000
20
535.405151
30
0.0
40
9.121540
1
O/24D/2*3.031km
0
TEXT
8
TEXTS
10
548.414672
20
520.777810
30
0.0
40
6.091012
1
k
0
TEXT
8
TEXTS
10
547.031783
20
516.113682
30
0.0
40
6.091012
1
1
0
TEXT
8
TEXTS
10
545.648895
20
511.449554
30
0.0
40
6.091012
1
.
0
TEXT
8
TEXTS
10
1004.288048
20
512.594657
30
0.0
40
5.144333
1
A
0
TEXT
8
TEXTS
10
544.266006
20
506.785426
30
0.0
40
6.091012
1
7
0
TEXT
8
TEXTS
10
1005.114017
20
507.800468
30
0.0
40
5.144333
1
/
0
TEXT
8
TEXTS
10
542.883117
20
502.121298
30
0.0
40
6.091012
1
1
0
TEXT
8
TEXTS
10
1005.939986
20
503.006280
30
0.0
40
5.144333
1
1
0
TEXT
8
TEXTS
10
541.500229
20
497.457171
30
0.0
40
6.091012
1
/
0
TEXT
8
TEXTS
10
1006.765955
20
498.212091
30
0.0
40
5.144333
1
2
0
TEXT
8
TEXTS
10
540.117340
20
492.793043
30
0.0
40
6.091012
1
D
0
TEXT
8
TEXTS
10
1007.591924
20
493.417902
30
0.0
40
5.144333
1
D
0
TEXT
8
TEXTS
10
295.194000
20
480.829151
30
0.0
40
9.121540
1
A/24D/68.2km
0
TEXT
8
TEXTS
10
538.734452
20
488.128915
30
0.0
40
6.091012
1
2
0
TEXT
8
TEXTS
10
1008.417892
20
488.623713
30
0.0
40
5.144333
1
/
0
TEXT
8
TEXTS
10
537.351563
20
483.464787
30
0.0
40
6.091012
1
1
0
TEXT
8
TEXTS
10
1009.243861
20
483.829525
30
0.0
40
5.144333
1
1
0
TEXT
8
TEXTS
10
535.968674
20
478.800660
30
0.0
40
6.091012
1
/
0
TEXT
8
TEXTS
10
1010.069830
20
479.035336
30
0.0
40
5.144333
1
7
0
TEXT
8
TEXTS
10
534.585786
20
469.885151
30
0.0
40
7.606276
1
A A/16D/43.12km
0
TEXT
8
TEXTS
10
1010.895799
20
474.241147
30
0.0
40
5.144333
1
.
0
TEXT
8
TEXTS
10
1011.721768
20
469.446958
30
0.0
40
5.144333
1
5
0
TEXT
8
TEXTS
10
1012.547736
20
464.652769
30
0.0
40
5.144333
1
k
0
TEXT
8
TEXTS
10
1013.373705
20
459.858581
30
0.0
40
5.144333
1
m
0
TEXT
8
TEXTS
10
89.994000
20
438.349151
30
0.0
40
9.121540
1
A/24D/8.8km
0
TEXT
8
TEXTS
10
313.914000
20
437.629151
30
0.0
40
9.121540
1
A/48D/87.12km
0
TEXT
8
TEXTS
10
896.772063
20
398.665852
30
0.0
40
9.761434
1
A/48D/30.1km
0
TEXT
8
TEXTS
10
1053.179796
20
385.932021
30
0.0
40
9.468833
1
A/12D/7.58km
0
TEXT
8
TEXTS
10
594.054259
20
373.241359
30
0.0
40
9.796561
1
A/8D/15.6km+O/48D/6.3km
0
TEXT
8
TEXTS
10
536.776321
20
332.950832
30
0.0
40
7.510117
1
m
0
TEXT
8
TEXTS
10
534.488172
20
328.657715
30
0.0
40
7.510117
1
k
0
TEXT
8
TEXTS
10
532.200023
20
324.364598
30
0.0
40
7.510117
1
5
0
TEXT
8
TEXTS
10
529.911873
20
320.071481
30
0.0
40
7.510117
1
4
0
TEXT
8
TEXTS
10
527.623724
20
315.778364
30
0.0
40
7.510117
1
.
0
TEXT
8
TEXTS
10
525.335575
20
311.485247
30
0.0
40
7.510117
1
0
0
TEXT
8
TEXTS
10
523.047426
20
307.192130
30
0.0
40
7.510117
1
3
0
TEXT
8
TEXTS
10
520.759277
20
302.899013
30
0.0
40
7.510117
1
/
0
TEXT
8
TEXTS
10
518.471128
20
298.605896
30
0.0
40
7.510117
1
D
0
TEXT
8
TEXTS
10
516.182979
20
294.312779
30
0.0
40
7.510117
1
4
0
TEXT
8
TEXTS
10
513.894829
20
290.019662
30
0.0
40
7.510117
1
2
0
TEXT
8
TEXTS
10
511.606680
20
285.726544
30
0.0
40
7.510117
1
/
0
TEXT
8
TEXTS
10
509.318531
20
255.346781
30
0.0
40
8.652137
1
O 48D/34.68m
0
TEXT
8
TEXTS
10
547.031916
20
251.038437
30
0.0
40
9.794156
1
O/
0
TEXT
8
TEXTS
10
388.218000
20
172.385526
30
0.0
40
12.162096
1
注：1、本图只画出与本工程相关部分的光缆。
0
TEXT
8
TEXTS
10
201.450000
20
135.665526
30
0.0
40
12.162096
1
图例
0
TEXT
8
TEXTS
10
699.834000
20
127.553312
30
0.0
40
17.780256
1
湖南经研电力设计有限公司
0
TEXT
8
TEXTS
10
1013.466000
20
134.807629
30
0.0
40
8.299843
1
/工程
0
TEXT
8
TEXTS
10
1123.626000
20
134.807629
30
0.0
40
8.299843
1
施工图设计阶段
0
TEXT
8
TEXTS
10
688.026000
20
103.415629
30
0.0
40
8.299843
1
批准
0
TEXT
8
TEXTS
10
806.106000
20
103.415629
30
0.0
40
8.299843
1
设计/勘测
0
TEXT
8
TEXTS
10
1024.410000
20
90.887601
30
0.0
40
8.299994
1
光缆路由现状图
0
TEXT
8
TEXTS
10
687.594000
20
77.927629
30
0.0
40
8.299843
1
审核
0
TEXT
8
TEXTS
10
815.466000
20
77.927629
30
0.0
40
8.299843
1
比例
0
TEXT
8
TEXTS
10
688.026000
20
52.007629
30
0.0
40
8.299843
1
校核
0
TEXT
8
TEXTS
10
814.890000
20
52.295629
30
0.0
40
8.299843
1
日期
0
TEXT
8
TEXTS
10
937.434000
20
52.007629
30
0.0
40
8.299843
1
图号
0
TEXT
8
TEXTS
10
1033.338000
20
52.727629
30
0.0
40
8.299843
1
BA22015S-U0101-02
0
TEXT
8
TEXTS
10
811.146000
20
25.943629
30
0.0
40
8.299843
1
服务承诺：接到您通知1小时内予以答复并及时提供工代服务。投诉电话：0731-85948331，0731-85948342。
0
TEXT
8
TEXTS
10
125.706000
20
105.569526
30
0.0
40
12.162096
1
220kV变电站
0
LWPOLYLINE
8
POLYLINES
90
5
70
0
10
102.666000
20
113.472000
10
102.810000
20
112.176000
10
101.802000
20
112.032000
10
101.658000
20
113.472000
10
102.666000
20
113.472000
0
LWPOLYLINE
8
POLYLINES
90
5
70
0
10
102.666000
20
113.472000
10
102.810000
20
112.176000
10
101.802000
20
112.032000
10
101.658000
20
113.472000
10
102.666000
20
113.472000
0
LWPOLYLINE
8
POLYLINES
90
5
70
0
10
102.810000
20
112.176000
10
103.242000
20
110.880000
10
102.234000
20
110.448000
10
101.802000
20
112.032000
10
102.810000
20
112.176000
0
LWPOLYLINE
8
POLYLINES
90
5
70
0
10
102.810000
20
112.176000
10
103.242000
20
110.880000
10
102.234000
20
110.448000
10
101.802000
20
112.032000
10
102.810000
20
112.176000
0
LWPOLYLINE
8
POLYLINES
90
5
70
0
10
103.242000
20
110.880000
10
103.962000
20
109.728000
10
103.098000
20
109.152000
10
102.234000
20
110.448000
10
103.242000
20
110.880000
0
LWPOLYLINE
8
POLYLINES
90
5
70
0
10
103.242000
20
110.880000
10
103.962000
20
109.728000
10
103.098000
20
109.152000
10
102.234000
20
110.448000
10
103.242000
20
110.880000
0
LWPOLYLINE
8
POLYLINES
90
5
70
0
10
103.962000
20
109.728000
10
104.826000
20
108.720000
10
104.106000
20
108.000000
10
103.098000
20
109.152000
10
103.962000
20
109.728000
0
LWPOLYLINE
8
POLYLINES
90
5
70
0
10
103.962000
20
109.728000
10
104.826000
20
108.720000
10
104.106000
20
108.000000
10
103.098000
20
109.152000
10
103.962000
20
109.728000
0
LWPOLYLINE
8
POLYLINES
90
5
70
0
10
104.826000
20
108.720000
10
105.834000
20
108.000000
10
105.402000
20
107.136000
10
104.106000
20
108.000000
10
104.826000
20
108.720000
0
LWPOLYLINE
8
POLYLINES
90
5
70
0
10
104.826000
20
108.720000
10
105.834000
20
108.000000
10
105.402000
20
107.136000
10
104.106000
20
108.000000
10
104.826000
20
108.720000
0
LWPOLYLINE
8
POLYLINES
90
5
70
0
10
105.834000
20
108.000000
10
107.130000
20
107.424000
10
106.842000
20
106.416000
10
105.402000
20
107.136000
10
105.834000
20
108.000000
0
LWPOLYLINE
8
POLYLINES
90
5
70
0
10
105.834000
20
108.000000
10
107.130000
20
107.424000
10
106.842000
20
106.416000
10
105.402000
20
107.136000
10
105.834000
20
108.000000
0
LWPOLYLINE
8
POLYLINES
90
5
70
0
10
107.130000
20
107.424000
10
108.426000
20
107.136000
10
108.282000
20
106.128000
10
106.842000
20
106.416000
10
107.130000
20
107.424000
0
LWPOLYLINE
8
POLYLINES
90
5
70
0
10
107.130000
20
107.424000
10
108.426000
20
107.136000
10
108.282000
20
106.128000
10
106.842000
20
106.416000
10
107.130000
20
107.424000
0
LWPOLYLINE
8
POLYLINES
90
5
70
0
10
108.426000
20
107.136000
10
109.722000
20
107.136000
10
109.866000
20
106.128000
10
108.282000
20
106.128000
10
108.426000
20
107.136000
0
LWPOLYLINE
8
POLYLINES
90
5
70
0
10
108.426000
20
107.136000
10
109.722000
20
107.136000
10
109.866000
20
106.128000
10
108.282000
20
106.128000
10
108.426000
20
107.136000
0
LWPOLYLINE
8
POLYLINES
90
5
70
0
10
109.722000
20
107.136000
10
111.018000
20
107.424000
10
111.450000
20
106.416000
10
109.866000
20
106.128000
10
109.722000
20
107.136000
0
LWPOLYLINE
8
POLYLINES
90
5
70
0
10
109.722000
20
107.136000
10
111.018000
20
107.424000
10
111.450000
20
106.416000
10
109.866000
20
106.128000
10
109.722000
20
107.136000
0
LWPOLYLINE
8
POLYLINES
90
5
70
0
10
111.018000
20
107.424000
10
112.314000
20
108.000000
10
112.746000
20
107.136000
10
111.450000
20
106.416000
10
111.018000
20
107.424000
0
LWPOLYLINE
8
POLYLINES
90
5
70
0
10
111.018000
20
107.424000
10
112.314000
20
108.000000
10
112.746000
20
107.136000
10
111.450000
20
106.416000
10
111.018000
20
107.424000
0
LWPOLYLINE
8
POLYLINES
90
5
70
0
10
112.314000
20
108.000000
10
113.322000
20
108.720000
10
114.042000
20
108.000000
10
112.746000
20
107.136000
10
112.314000
20
108.000000
0
LWPOLYLINE
8
POLYLINES
90
5
70
0
10
112.314000
20
108.000000
10
113.322000
20
108.720000
10
114.042000
20
108.000000
10
112.746000
20
107.136000
10
112.314000
20
108.000000
0
LWPOLYLINE
8
POLYLINES
90
5
70
0
10
113.322000
20
108.720000
10
114.186000
20
109.728000
10
115.050000
20
109.152000
10
114.042000
20
108.000000
10
113.322000
20
108.720000
0
LWPOLYLINE
8
POLYLINES
90
5
70
0
10
113.322000
20
108.720000
10
114.186000
20
109.728000
10
115.050000
20
109.152000
10
114.042000
20
108.000000
10
113.322000
20
108.720000
0
LWPOLYLINE
8
POLYLINES
90
5
70
0
10
114.186000
20
109.728000
10
114.906000
20
110.880000
10
115.914000
20
110.448000
10
115.050000
20
109.152000
10
114.186000
20
109.728000
0
LWPOLYLINE
8
POLYLINES
90
5
70
0
10
114.186000
20
109.728000
10
114.906000
20
110.880000
10
115.914000
20
110.448000
10
115.050000
20
109.152000
10
114.186000
20
109.728000
0
LWPOLYLINE
8
POLYLINES
90
5
70
0
10
114.906000
20
110.880000
10
115.338000
20
112.176000
10
116.346000
20
112.032000
10
115.914000
20
110.448000
10
114.906000
20
110.880000
0
LWPOLYLINE
8
POLYLINES
90
5
70
0
10
114.906000
20
110.880000
10
115.338000
20
112.176000
10
116.346000
20
112.032000
10
115.914000
20
110.448000
10
114.906000
20
110.880000
0
LWPOLYLINE
8
POLYLINES
90
5
70
0
10
115.338000
20
112.176000
10
115.482000
20
113.472000
10
116.490000
20
113.472000
10
116.346000
20
112.032000
10
115.338000
20
112.176000
0
LWPOLYLINE
8
POLYLINES
90
5
70
0
10
115.338000
20
112.176000
10
115.482000
20
113.472000
10
116.490000
20
113.472000
10
116.346000
20
112.032000
10
115.338000
20
112.176000
0
LWPOLYLINE
8
POLYLINES
90
5
70
0
10
115.482000
20
113.472000
10
115.338000
20
114.912000
10
116.346000
20
115.056000
10
116.490000
20
113.472000
10
115.482000
20
113.472000
0
LWPOLYLINE
8
POLYLINES
90
5
70
0
10
115.482000
20
113.472000
10
115.338000
20
114.912000
10
116.346000
20
115.056000
10
116.490000
20
113.472000
10
115.482000
20
113.472000
0
LWPOLYLINE
8
POLYLINES
90
5
70
0
10
115.338000
20
114.912000
10
114.906000
20
116.064000
10
115.914000
20
116.496000
10
116.346000
20
115.056000
10
115.338000
20
114.912000
0
LWPOLYLINE
8
POLYLINES
90
5
70
0
10
115.338000
20
114.912000
10
114.906000
20
116.064000
10
115.914000
20
116.496000
10
116.346000
20
115.056000
10
115.338000
20
114.912000
0
LWPOLYLINE
8
POLYLINES
90
5
70
0
10
114.906000
20
116.064000
10
114.186000
20
117.216000
10
115.050000
20
117.936000
10
115.914000
20
116.496000
10
114.906000
20
116.064000
0
LWPOLYLINE
8
POLYLINES
90
5
70
0
10
114.906000
20
116.064000
10
114.186000
20
117.216000
10
115.050000
20
117.936000
10
115.914000
20
116.496000
10
114.906000
20
116.064000
0
LWPOLYLINE
8
POLYLINES
90
5
70
0
10
114.186000
20
117.216000
10
113.322000
20
118.224000
10
114.042000
20
119.088000
10
115.050000
20
117.936000
10
114.186000
20
117.216000
0
LWPOLYLINE
8
POLYLINES
90
5
70
0
10
114.186000
20
117.216000
10
113.322000
20
118.224000
10
114.042000
20
119.088000
10
115.050000
20
117.936000
10
114.186000
20
117.216000
0
LWPOLYLINE
8
POLYLINES
90
5
70
0
10
113.322000
20
118.224000
10
112.314000
20
119.088000
10
112.746000
20
119.952000
10
114.042000
20
119.088000
10
113.322000
20
118.224000
0
LWPOLYLINE
8
POLYLINES
90
5
70
0
10
113.322000
20
118.224000
10
112.314000
20
119.088000
10
112.746000
20
119.952000
10
114.042000
20
119.088000
10
113.322000
20
118.224000
0
LWPOLYLINE
8
POLYLINES
90
5
70
0
10
112.314000
20
119.088000
10
111.018000
20
119.520000
10
111.450000
20
120.672000
10
112.746000
20
119.952000
10
112.314000
20
119.088000
0
LWPOLYLINE
8
POLYLINES
90
5
70
0
10
112.314000
20
119.088000
10
111.018000
20
119.520000
10
111.450000
20
120.672000
10
112.746000
20
119.952000
10
112.314000
20
119.088000
0
LWPOLYLINE
8
POLYLINES
90
5
70
0
10
111.018000
20
119.520000
10
109.722000
20
119.808000
10
109.866000
20
120.960000
10
111.450000
20
120.672000
10
111.018000
20
119.520000
0
LWPOLYLINE
8
POLYLINES
90
5
70
0
10
111.018000
20
119.520000
10
109.722000
20
119.808000
10
109.866000
20
120.960000
10
111.450000
20
120.672000
10
111.018000
20
119.520000
0
LWPOLYLINE
8
POLYLINES
90
5
70
0
10
109.722000
20
119.808000
10
108.426000
20
119.808000
10
108.282000
20
120.960000
10
109.866000
20
120.960000
10
109.722000
20
119.808000
0
LWPOLYLINE
8
POLYLINES
90
5
70
0
10
109.722000
20
119.808000
10
108.426000
20
119.808000
10
108.282000
20
120.960000
10
109.866000
20
120.960000
10
109.722000
20
119.808000
0
LWPOLYLINE
8
POLYLINES
90
5
70
0
10
108.426000
20
119.808000
10
107.130000
20
119.520000
10
106.842000
20
120.672000
10
108.282000
20
120.960000
10
108.426000
20
119.808000
0
LWPOLYLINE
8
POLYLINES
90
5
70
0
10
108.426000
20
119.808000
10
107.130000
20
119.520000
10
106.842000
20
120.672000
10
108.282000
20
120.960000
10
108.426000
20
119.808000
0
LWPOLYLINE
8
POLYLINES
90
5
70
0
10
107.130000
20
119.520000
10
105.834000
20
119.088000
10
105.402000
20
119.952000
10
106.842000
20
120.672000
10
107.130000
20
119.520000
0
LWPOLYLINE
8
POLYLINES
90
5
70
0
10
107.130000
20
119.520000
10
105.834000
20
119.088000
10
105.402000
20
119.952000
10
106.842000
20
120.672000
10
107.130000
20
119.520000
0
LWPOLYLINE
8
POLYLINES
90
5
70
0
10
105.834000
20
119.088000
10
104.826000
20
118.224000
10
104.106000
20
119.088000
10
105.402000
20
119.952000
10
105.834000
20
119.088000
0
LWPOLYLINE
8
POLYLINES
90
5
70
0
10
105.834000
20
119.088000
10
104.826000
20
118.224000
10
104.106000
20
119.088000
10
105.402000
20
119.952000
10
105.834000
20
119.088000
0
LWPOLYLINE
8
POLYLINES
90
5
70
0
10
104.826000
20
118.224000
10
103.962000
20
117.216000
10
103.098000
20
117.936000
10
104.106000
20
119.088000
10
104.826000
20
118.224000
0
LWPOLYLINE
8
POLYLINES
90
5
70
0
10
104.826000
20
118.224000
10
103.962000
20
117.216000
10
103.098000
20
117.936000
10
104.106000
20
119.088000
10
104.826000
20
118.224000
0
LWPOLYLINE
8
POLYLINES
90
5
70
0
10
103.962000
20
117.216000
10
103.242000
20
116.064000
10
102.234000
20
116.496000
10
103.098000
20
117.936000
10
103.962000
20
117.216000
0
LWPOLYLINE
8
POLYLINES
90
5
70
0
10
103.962000
20
117.216000
10
103.242000
20
116.064000
10
102.234000
20
116.496000
10
103.098000
20
117.936000
10
103.962000
20
117.216000
0
LWPOLYLINE
8
POLYLINES
90
5
70
0
10
103.242000
20
116.064000
10
102.810000
20
114.912000
10
101.802000
20
115.056000
10
102.234000
20
116.496000
10
103.242000
20
116.064000
0
LWPOLYLINE
8
POLYLINES
90
5
70
0
10
103.242000
20
116.064000
10
102.810000
20
114.912000
10
101.802000
20
115.056000
10
102.234000
20
116.496000
10
103.242000
20
116.064000
0
LWPOLYLINE
8
POLYLINES
90
5
70
0
10
102.810000
20
114.912000
10
102.666000
20
113.472000
10
101.658000
20
113.472000
10
101.802000
20
115.056000
10
102.810000
20
114.912000
0
LWPOLYLINE
8
POLYLINES
90
5
70
0
10
102.810000
20
114.912000
10
102.666000
20
113.472000
10
101.658000
20
113.472000
10
101.802000
20
115.056000
10
102.810000
20
114.912000
0
LWPOLYLINE
8
POLYLINES
90
5
70
0
10
105.834000
20
113.472000
10
105.978000
20
112.608000
10
104.970000
20
112.320000
10
104.826000
20
113.472000
10
105.834000
20
113.472000
0
LWPOLYLINE
8
POLYLINES
90
5
70
0
10
105.834000
20
113.472000
10
105.978000
20
112.608000
10
104.970000
20
112.320000
10
104.826000
20
113.472000
10
105.834000
20
113.472000
0
LWPOLYLINE
8
POLYLINES
90
5
70
0
10
105.978000
20
112.608000
10
106.410000
20
111.744000
10
105.546000
20
111.168000
10
104.970000
20
112.320000
10
105.978000
20
112.608000
0
LWPOLYLINE
8
POLYLINES
90
5
70
0
10
105.978000
20
112.608000
10
106.410000
20
111.744000
10
105.546000
20
111.168000
10
104.970000
20
112.320000
10
105.978000
20
112.608000
0
LWPOLYLINE
8
POLYLINES
90
5
70
0
10
106.410000
20
111.744000
10
106.986000
20
111.168000
10
106.266000
20
110.304000
10
105.546000
20
111.168000
10
106.410000
20
111.744000
0
LWPOLYLINE
8
POLYLINES
90
5
70
0
10
106.410000
20
111.744000
10
106.986000
20
111.168000
10
106.266000
20
110.304000
10
105.546000
20
111.168000
10
106.410000
20
111.744000
0
LWPOLYLINE
8
POLYLINES
90
5
70
0
10
106.986000
20
111.168000
10
107.706000
20
110.592000
10
107.274000
20
109.584000
10
106.266000
20
110.304000
10
106.986000
20
111.168000
0
LWPOLYLINE
8
POLYLINES
90
5
70
0
10
106.986000
20
111.168000
10
107.706000
20
110.592000
10
107.274000
20
109.584000
10
106.266000
20
110.304000
10
106.986000
20
111.168000
0
LWPOLYLINE
8
POLYLINES
90
5
70
0
10
107.706000
20
110.592000
10
108.570000
20
110.304000
10
108.426000
20
109.296000
10
107.274000
20
109.584000
10
107.706000
20
110.592000
0
LWPOLYLINE
8
POLYLINES
90
5
70
0
10
107.706000
20
110.592000
10
108.570000
20
110.304000
10
108.426000
20
109.296000
10
107.274000
20
109.584000
10
107.706000
20
110.592000
0
LWPOLYLINE
8
POLYLINES
90
5
70
0
10
108.570000
20
110.304000
10
109.578000
20
110.304000
10
109.722000
20
109.296000
10
108.426000
20
109.296000
10
108.570000
20
110.304000
0
LWPOLYLINE
8
POLYLINES
90
5
70
0
10
108.570000
20
110.304000
10
109.578000
20
110.304000
10
109.722000
20
109.296000
10
108.426000
20
109.296000
10
108.570000
20
110.304000
0
LWPOLYLINE
8
POLYLINES
90
5
70
0
10
109.578000
20
110.304000
10
110.442000
20
110.592000
10
110.874000
20
109.584000
10
109.722000
20
109.296000
10
109.578000
20
110.304000
0
LWPOLYLINE
8
POLYLINES
90
5
70
0
10
109.578000
20
110.304000
10
110.442000
20
110.592000
10
110.874000
20
109.584000
10
109.722000
20
109.296000
10
109.578000
20
110.304000
0
LWPOLYLINE
8
POLYLINES
90
5
70
0
10
110.442000
20
110.592000
10
111.162000
20
111.168000
10
111.882000
20
110.304000
10
110.874000
20
109.584000
10
110.442000
20
110.592000
0
LWPOLYLINE
8
POLYLINES
90
5
70
0
10
110.442000
20
110.592000
10
111.162000
20
111.168000
10
111.882000
20
110.304000
10
110.874000
20
109.584000
10
110.442000
20
110.592000
0
LWPOLYLINE
8
POLYLINES
90
5
70
0
10
111.162000
20
111.168000
10
111.738000
20
111.744000
10
112.602000
20
111.168000
10
111.882000
20
110.304000
10
111.162000
20
111.168000
0
LWPOLYLINE
8
POLYLINES
90
5
70
0
10
111.162000
20
111.168000
10
111.738000
20
111.744000
10
112.602000
20
111.168000
10
111.882000
20
110.304000
10
111.162000
20
111.168000
0
LWPOLYLINE
8
POLYLINES
90
5
70
0
10
111.738000
20
111.744000
10
112.170000
20
112.608000
10
113.178000
20
112.320000
10
112.602000
20
111.168000
10
111.738000
20
111.744000
0
LWPOLYLINE
8
POLYLINES
90
5
70
0
10
111.738000
20
111.744000
10
112.170000
20
112.608000
10
113.178000
20
112.320000
10
112.602000
20
111.168000
10
111.738000
20
111.744000
0
LWPOLYLINE
8
POLYLINES
90
5
70
0
10
112.170000
20
112.608000
10
112.314000
20
113.472000
10
113.322000
20
113.472000
10
113.178000
20
112.320000
10
112.170000
20
112.608000
0
LWPOLYLINE
8
POLYLINES
90
5
70
0
10
112.170000
20
112.608000
10
112.314000
20
113.472000
10
113.322000
20
113.472000
10
113.178000
20
112.320000
10
112.170000
20
112.608000
0
LWPOLYLINE
8
POLYLINES
90
5
70
0
10
112.314000
20
113.472000
10
112.170000
20
114.480000
10
113.178000
20
114.768000
10
113.322000
20
113.472000
10
112.314000
20
113.472000
0
LWPOLYLINE
8
POLYLINES
90
5
70
0
10
112.314000
20
113.472000
10
112.170000
20
114.480000
10
113.178000
20
114.768000
10
113.322000
20
113.472000
10
112.314000
20
113.472000
0
LWPOLYLINE
8
POLYLINES
90
5
70
0
10
112.170000
20
114.480000
10
111.738000
20
115.200000
10
112.602000
20
115.776000
10
113.178000
20
114.768000
10
112.170000
20
114.480000
0
LWPOLYLINE
8
POLYLINES
90
5
70
0
10
112.170000
20
114.480000
10
111.738000
20
115.200000
10
112.602000
20
115.776000
10
113.178000
20
114.768000
10
112.170000
20
114.480000
0
LWPOLYLINE
8
POLYLINES
90
5
70
0
10
111.738000
20
115.200000
10
111.162000
20
115.920000
10
111.882000
20
116.784000
10
112.602000
20
115.776000
10
111.738000
20
115.200000
0
LWPOLYLINE
8
POLYLINES
90
5
70
0
10
111.738000
20
115.200000
10
111.162000
20
115.920000
10
111.882000
20
116.784000
10
112.602000
20
115.776000
10
111.738000
20
115.200000
0
LWPOLYLINE
8
POLYLINES
90
5
70
0
10
111.162000
20
115.920000
10
110.442000
20
116.496000
10
110.874000
20
117.360000
10
111.882000
20
116.784000
10
111.162000
20
115.920000
0
LWPOLYLINE
8
POLYLINES
90
5
70
0
10
111.162000
20
115.920000
10
110.442000
20
116.496000
10
110.874000
20
117.360000
10
111.882000
20
116.784000
10
111.162000
20
115.920000
0
LWPOLYLINE
8
POLYLINES
90
5
70
0
10
110.442000
20
116.496000
10
109.578000
20
116.640000
10
109.722000
20
117.792000
10
110.874000
20
117.360000
10
110.442000
20
116.496000
0
LWPOLYLINE
8
POLYLINES
90
5
70
0
10
110.442000
20
116.496000
10
109.578000
20
116.640000
10
109.722000
20
117.792000
10
110.874000
20
117.360000
10
110.442000
20
116.496000
0
LWPOLYLINE
8
POLYLINES
90
5
70
0
10
109.578000
20
116.640000
10
108.570000
20
116.640000
10
108.426000
20
117.792000
10
109.722000
20
117.792000
10
109.578000
20
116.640000
0
LWPOLYLINE
8
POLYLINES
90
5
70
0
10
109.578000
20
116.640000
10
108.570000
20
116.640000
10
108.426000
20
117.792000
10
109.722000
20
117.792000
10
109.578000
20
116.640000
0
LWPOLYLINE
8
POLYLINES
90
5
70
0
10
108.570000
20
116.640000
10
107.706000
20
116.496000
10
107.274000
20
117.360000
10
108.426000
20
117.792000
10
108.570000
20
116.640000
0
LWPOLYLINE
8
POLYLINES
90
5
70
0
10
108.570000
20
116.640000
10
107.706000
20
116.496000
10
107.274000
20
117.360000
10
108.426000
20
117.792000
10
108.570000
20
116.640000
0
LWPOLYLINE
8
POLYLINES
90
5
70
0
10
107.706000
20
116.496000
10
106.986000
20
115.920000
10
106.266000
20
116.784000
10
107.274000
20
117.360000
10
107.706000
20
116.496000
0
LWPOLYLINE
8
POLYLINES
90
5
70
0
10
107.706000
20
116.496000
10
106.986000
20
115.920000
10
106.266000
20
116.784000
10
107.274000
20
117.360000
10
107.706000
20
116.496000
0
LWPOLYLINE
8
POLYLINES
90
5
70
0
10
106.986000
20
115.920000
10
106.410000
20
115.200000
10
105.546000
20
115.776000
10
106.266000
20
116.784000
10
106.986000
20
115.920000
0
LWPOLYLINE
8
POLYLINES
90
5
70
0
10
106.986000
20
115.920000
10
106.410000
20
115.200000
10
105.546000
20
115.776000
10
106.266000
20
116.784000
10
106.986000
20
115.920000
0
LWPOLYLINE
8
POLYLINES
90
5
70
0
10
106.410000
20
115.200000
10
105.978000
20
114.480000
10
104.970000
20
114.768000
10
105.546000
20
115.776000
10
106.410000
20
115.200000
0
LWPOLYLINE
8
POLYLINES
90
5
70
0
10
106.410000
20
115.200000
10
105.978000
20
114.480000
10
104.970000
20
114.768000
10
105.546000
20
115.776000
10
106.410000
20
115.200000
0
LWPOLYLINE
8
POLYLINES
90
5
70
0
10
105.978000
20
114.480000
10
105.834000
20
113.472000
10
104.826000
20
113.472000
10
104.970000
20
114.768000
10
105.978000
20
114.480000
0
LWPOLYLINE
8
POLYLINES
90
5
70
0
10
105.978000
20
114.480000
10
105.834000
20
113.472000
10
104.826000
20
113.472000
10
104.970000
20
114.768000
10
105.978000
20
114.480000
0
TEXT
8
TEXTS
10
280.794000
20
104.273526
30
0.0
40
12.162096
1
220kV线路光缆
0
LINE
8
LINES
10
226.650000
20
111.600000
30
0.0
11
269.562000
21
111.600000
31
0.0
0
LINE
8
LINES
10
226.650000
20
111.600000
30
0.0
11
269.562000
21
111.600000
31
0.0
0
TEXT
8
TEXTS
10
126.282000
20
81.809526
30
0.0
40
12.162096
1
110kV变电站
0
LWPOLYLINE
8
POLYLINES
90
5
70
0
10
106.554000
20
88.704000
10
106.698000
20
87.696000
10
105.690000
20
87.408000
10
105.546000
20
88.704000
10
106.554000
20
88.704000
0
LWPOLYLINE
8
POLYLINES
90
5
70
0
10
106.554000
20
88.704000
10
106.698000
20
87.696000
10
105.690000
20
87.408000
10
105.546000
20
88.704000
10
106.554000
20
88.704000
0
LWPOLYLINE
8
POLYLINES
90
5
70
0
10
106.698000
20
87.696000
10
107.130000
20
86.976000
10
106.122000
20
86.400000
10
105.690000
20
87.408000
10
106.698000
20
87.696000
0
LWPOLYLINE
8
POLYLINES
90
5
70
0
10
106.698000
20
87.696000
10
107.130000
20
86.976000
10
106.122000
20
86.400000
10
105.690000
20
87.408000
10
106.698000
20
87.696000
0
LWPOLYLINE
8
POLYLINES
90
5
70
0
10
107.130000
20
86.976000
10
107.706000
20
86.256000
10
106.986000
20
85.392000
10
106.122000
20
86.400000
10
107.130000
20
86.976000
0
LWPOLYLINE
8
POLYLINES
90
5
70
0
10
107.130000
20
86.976000
10
107.706000
20
86.256000
10
106.986000
20
85.392000
10
106.122000
20
86.400000
10
107.130000
20
86.976000
0
LWPOLYLINE
8
POLYLINES
90
5
70
0
10
107.706000
20
86.256000
10
108.426000
20
85.680000
10
107.994000
20
84.816000
10
106.986000
20
85.392000
10
107.706000
20
86.256000
0
LWPOLYLINE
8
POLYLINES
90
5
70
0
10
107.706000
20
86.256000
10
108.426000
20
85.680000
10
107.994000
20
84.816000
10
106.986000
20
85.392000
10
107.706000
20
86.256000
0
LWPOLYLINE
8
POLYLINES
90
5
70
0
10
108.426000
20
85.680000
10
109.290000
20
85.536000
10
109.146000
20
84.384000
10
107.994000
20
84.816000
10
108.426000
20
85.680000
0
LWPOLYLINE
8
POLYLINES
90
5
70
0
10
108.426000
20
85.680000
10
109.290000
20
85.536000
10
109.146000
20
84.384000
10
107.994000
20
84.816000
10
108.426000
20
85.680000
0
LWPOLYLINE
8
POLYLINES
90
5
70
0
10
109.290000
20
85.536000
10
110.154000
20
85.536000
10
110.298000
20
84.384000
10
109.146000
20
84.384000
10
109.290000
20
85.536000
0
LWPOLYLINE
8
POLYLINES
90
5
70
0
10
109.290000
20
85.536000
10
110.154000
20
85.536000
10
110.298000
20
84.384000
10
109.146000
20
84.384000
10
109.290000
20
85.536000
0
LWPOLYLINE
8
POLYLINES
90
5
70
0
10
110.154000
20
85.536000
10
111.018000
20
85.680000
10
111.450000
20
84.816000
10
110.298000
20
84.384000
10
110.154000
20
85.536000
0
LWPOLYLINE
8
POLYLINES
90
5
70
0
10
110.154000
20
85.536000
10
111.018000
20
85.680000
10
111.450000
20
84.816000
10
110.298000
20
84.384000
10
110.154000
20
85.536000
0
LWPOLYLINE
8
POLYLINES
90
5
70
0
10
111.018000
20
85.680000
10
111.882000
20
86.256000
10
112.602000
20
85.392000
10
111.450000
20
84.816000
10
111.018000
20
85.680000
0
LWPOLYLINE
8
POLYLINES
90
5
70
0
10
111.018000
20
85.680000
10
111.882000
20
86.256000
10
112.602000
20
85.392000
10
111.450000
20
84.816000
10
111.018000
20
85.680000
0
LWPOLYLINE
8
POLYLINES
90
5
70
0
10
111.882000
20
86.256000
10
112.458000
20
86.976000
10
113.322000
20
86.400000
10
112.602000
20
85.392000
10
111.882000
20
86.256000
0
LWPOLYLINE
8
POLYLINES
90
5
70
0
10
111.882000
20
86.256000
10
112.458000
20
86.976000
10
113.322000
20
86.400000
10
112.602000
20
85.392000
10
111.882000
20
86.256000
0
LWPOLYLINE
8
POLYLINES
90
5
70
0
10
112.458000
20
86.976000
10
112.746000
20
87.696000
10
113.898000
20
87.408000
10
113.322000
20
86.400000
10
112.458000
20
86.976000
0
LWPOLYLINE
8
POLYLINES
90
5
70
0
10
112.458000
20
86.976000
10
112.746000
20
87.696000
10
113.898000
20
87.408000
10
113.322000
20
86.400000
10
112.458000
20
86.976000
0
LWPOLYLINE
8
POLYLINES
90
5
70
0
10
112.746000
20
87.696000
10
112.890000
20
88.704000
10
114.042000
20
88.704000
10
113.898000
20
87.408000
10
112.746000
20
87.696000
0
LWPOLYLINE
8
POLYLINES
90
5
70
0
10
112.746000
20
87.696000
10
112.890000
20
88.704000
10
114.042000
20
88.704000
10
113.898000
20
87.408000
10
112.746000
20
87.696000
0
LWPOLYLINE
8
POLYLINES
90
5
70
0
10
112.890000
20
88.704000
10
112.746000
20
89.568000
10
113.898000
20
89.856000
10
114.042000
20
88.704000
10
112.890000
20
88.704000
0
LWPOLYLINE
8
POLYLINES
90
5
70
0
10
112.890000
20
88.704000
10
112.746000
20
89.568000
10
113.898000
20
89.856000
10
114.042000
20
88.704000
10
112.890000
20
88.704000
0
LWPOLYLINE
8
POLYLINES
90
5
70
0
10
112.746000
20
89.568000
10
112.458000
20
90.432000
10
113.322000
20
91.008000
10
113.898000
20
89.856000
10
112.746000
20
89.568000
0
LWPOLYLINE
8
POLYLINES
90
5
70
0
10
112.746000
20
89.568000
10
112.458000
20
90.432000
10
113.322000
20
91.008000
10
113.898000
20
89.856000
10
112.746000
20
89.568000
0
LWPOLYLINE
8
POLYLINES
90
5
70
0
10
112.458000
20
90.432000
10
111.882000
20
91.008000
10
112.602000
20
91.872000
10
113.322000
20
91.008000
10
112.458000
20
90.432000
0
LWPOLYLINE
8
POLYLINES
90
5
70
0
10
112.458000
20
90.432000
10
111.882000
20
91.008000
10
112.602000
20
91.872000
10
113.322000
20
91.008000
10
112.458000
20
90.432000
0
LWPOLYLINE
8
POLYLINES
90
5
70
0
10
111.882000
20
91.008000
10
111.018000
20
91.584000
10
111.450000
20
92.448000
10
112.602000
20
91.872000
10
111.882000
20
91.008000
0
LWPOLYLINE
8
POLYLINES
90
5
70
0
10
111.882000
20
91.008000
10
111.018000
20
91.584000
10
111.450000
20
92.448000
10
112.602000
20
91.872000
10
111.882000
20
91.008000
0
LWPOLYLINE
8
POLYLINES
90
5
70
0
10
111.018000
20
91.584000
10
110.154000
20
91.728000
10
110.298000
20
92.880000
10
111.450000
20
92.448000
10
111.018000
20
91.584000
0
LWPOLYLINE
8
POLYLINES
90
5
70
0
10
111.018000
20
91.584000
10
110.154000
20
91.728000
10
110.298000
20
92.880000
10
111.450000
20
92.448000
10
111.018000
20
91.584000
0
LWPOLYLINE
8
POLYLINES
90
5
70
0
10
110.154000
20
91.728000
10
109.290000
20
91.728000
10
109.146000
20
92.880000
10
110.298000
20
92.880000
10
110.154000
20
91.728000
0
LWPOLYLINE
8
POLYLINES
90
5
70
0
10
110.154000
20
91.728000
10
109.290000
20
91.728000
10
109.146000
20
92.880000
10
110.298000
20
92.880000
10
110.154000
20
91.728000
0
LWPOLYLINE
8
POLYLINES
90
5
70
0
10
109.290000
20
91.728000
10
108.426000
20
91.584000
10
107.994000
20
92.448000
10
109.146000
20
92.880000
10
109.290000
20
91.728000
0
LWPOLYLINE
8
POLYLINES
90
5
70
0
10
109.290000
20
91.728000
10
108.426000
20
91.584000
10
107.994000
20
92.448000
10
109.146000
20
92.880000
10
109.290000
20
91.728000
0
LWPOLYLINE
8
POLYLINES
90
5
70
0
10
108.426000
20
91.584000
10
107.706000
20
91.008000
10
106.986000
20
91.872000
10
107.994000
20
92.448000
10
108.426000
20
91.584000
0
LWPOLYLINE
8
POLYLINES
90
5
70
0
10
108.426000
20
91.584000
10
107.706000
20
91.008000
10
106.986000
20
91.872000
10
107.994000
20
92.448000
10
108.426000
20
91.584000
0
LWPOLYLINE
8
POLYLINES
90
5
70
0
10
107.706000
20
91.008000
10
107.130000
20
90.432000
10
106.122000
20
91.008000
10
106.986000
20
91.872000
10
107.706000
20
91.008000
0
LWPOLYLINE
8
POLYLINES
90
5
70
0
10
107.706000
20
91.008000
10
107.130000
20
90.432000
10
106.122000
20
91.008000
10
106.986000
20
91.872000
10
107.706000
20
91.008000
0
LWPOLYLINE
8
POLYLINES
90
5
70
0
10
107.130000
20
90.432000
10
106.698000
20
89.568000
10
105.690000
20
89.856000
10
106.122000
20
91.008000
10
107.130000
20
90.432000
0
LWPOLYLINE
8
POLYLINES
90
5
70
0
10
107.130000
20
90.432000
10
106.698000
20
89.568000
10
105.690000
20
89.856000
10
106.122000
20
91.008000
10
107.130000
20
90.432000
0
LWPOLYLINE
8
POLYLINES
90
5
70
0
10
106.698000
20
89.568000
10
106.554000
20
88.704000
10
105.546000
20
88.704000
10
105.690000
20
89.856000
10
106.698000
20
89.568000
0
LWPOLYLINE
8
POLYLINES
90
5
70
0
10
106.698000
20
89.568000
10
106.554000
20
88.704000
10
105.546000
20
88.704000
10
105.690000
20
89.856000
10
106.698000
20
89.568000
0
TEXT
8
TEXTS
10
282.090000
20
81.233526
30
0.0
40
12.162096
1
110kV线路光缆
0
LINE
8
LINES
10
226.794000
20
89.280000
30
0.0
11
269.562000
21
89.280000
31
0.0
0
LINE
8
LINES
10
226.794000
20
89.280000
30
0.0
11
269.562000
21
89.280000
31
0.0
0
TEXT
8
TEXTS
10
127.290000
20
57.185526
30
0.0
40
12.162096
1
电厂XX/XX/XXkm光缆型号/芯数/长度
0
LINE
8
LINES
10
118.506000
20
71.424000
30
0.0
11
102.666000
21
71.424000
31
0.0
0
LINE
8
LINES
10
118.506000
20
71.424000
30
0.0
11
102.666000
21
71.424000
31
0.0
0
LINE
8
LINES
10
118.506000
20
62.352000
30
0.0
11
118.506000
21
71.424000
31
0.0
0
LINE
8
LINES
10
118.506000
20
62.352000
30
0.0
11
118.506000
21
71.424000
31
0.0
0
LINE
8
LINES
10
102.666000
20
62.352000
30
0.0
11
118.506000
21
62.352000
31
0.0
0
LINE
8
LINES
10
102.666000
20
62.352000
30
0.0
11
118.506000
21
62.352000
31
0.0
0
LINE
8
LINES
10
102.666000
20
71.424000
30
0.0
11
102.666000
21
62.352000
31
0.0
0
LINE
8
LINES
10
102.666000
20
71.424000
30
0.0
11
102.666000
21
62.352000
31
0.0
0
TEXT
8
TEXTS
10
776.010000
20
758.177526
30
0.0
40
12.162096
1
凌津滩电站
0
LINE
8
LINES
10
818.202000
20
753.624000
30
0.0
11
802.218000
21
753.624000
31
0.0
0
LINE
8
LINES
10
818.202000
20
753.624000
30
0.0
11
802.218000
21
753.624000
31
0.0
0
LINE
8
LINES
10
818.202000
20
744.552000
30
0.0
11
818.202000
21
753.624000
31
0.0
0
LINE
8
LINES
10
818.202000
20
744.552000
30
0.0
11
818.202000
21
753.624000
31
0.0
0
LINE
8
LINES
10
802.218000
20
753.624000
30
0.0
11
802.218000
21
744.552000
31
0.0
0
LINE
8
LINES
10
802.218000
20
753.624000
30
0.0
11
802.218000
21
744.552000
31
0.0
0
LINE
8
LINES
10
802.218000
20
744.552000
30
0.0
11
818.202000
21
744.552000
31
0.0
0
LINE
8
LINES
10
802.218000
20
744.552000
30
0.0
11
818.202000
21
744.552000
31
0.0
0
TEXT
8
TEXTS
10
647.116549
20
691.073526
30
0.0
40
9.981542
1
2三堂街变
0
LWPOLYLINE
8
POLYLINES
90
5
70
0
10
662.394000
20
685.296000
10
662.394000
20
684.288000
10
661.386000
20
684.000000
10
661.242000
20
685.296000
10
662.394000
20
685.296000
0
LWPOLYLINE
8
POLYLINES
90
5
70
0
10
662.394000
20
685.296000
10
662.394000
20
684.288000
10
661.386000
20
684.000000
10
661.242000
20
685.296000
10
662.394000
20
685.296000
0
LWPOLYLINE
8
POLYLINES
90
5
70
0
10
662.394000
20
684.288000
10
662.826000
20
683.568000
10
661.962000
20
682.992000
10
661.386000
20
684.000000
10
662.394000
20
684.288000
0
LWPOLYLINE
8
POLYLINES
90
5
70
0
10
662.394000
20
684.288000
10
662.826000
20
683.568000
10
661.962000
20
682.992000
10
661.386000
20
684.000000
10
662.394000
20
684.288000
0
LWPOLYLINE
8
POLYLINES
90
5
70
0
10
662.826000
20
683.568000
10
663.402000
20
682.848000
10
662.682000
20
681.984000
10
661.962000
20
682.992000
10
662.826000
20
683.568000
0
LWPOLYLINE
8
POLYLINES
90
5
70
0
10
662.826000
20
683.568000
10
663.402000
20
682.848000
10
662.682000
20
681.984000
10
661.962000
20
682.992000
10
662.826000
20
683.568000
0
LWPOLYLINE
8
POLYLINES
90
5
70
0
10
663.402000
20
682.848000
10
664.122000
20
682.416000
10
663.690000
20
681.408000
10
662.682000
20
681.984000
10
663.402000
20
682.848000
0
LWPOLYLINE
8
POLYLINES
90
5
70
0
10
663.402000
20
682.848000
10
664.122000
20
682.416000
10
663.690000
20
681.408000
10
662.682000
20
681.984000
10
663.402000
20
682.848000
0
LWPOLYLINE
8
POLYLINES
90
5
70
0
10
664.122000
20
682.416000
10
665.130000
20
682.128000
10
664.842000
20
680.976000
10
663.690000
20
681.408000
10
664.122000
20
682.416000
0
LWPOLYLINE
8
POLYLINES
90
5
70
0
10
664.122000
20
682.416000
10
665.130000
20
682.128000
10
664.842000
20
680.976000
10
663.690000
20
681.408000
10
664.122000
20
682.416000
0
LWPOLYLINE
8
POLYLINES
90
5
70
0
10
665.130000
20
682.128000
10
665.994000
20
682.128000
10
666.138000
20
680.976000
10
664.842000
20
680.976000
10
665.130000
20
682.128000
0
LWPOLYLINE
8
POLYLINES
90
5
70
0
10
665.130000
20
682.128000
10
665.994000
20
682.128000
10
666.138000
20
680.976000
10
664.842000
20
680.976000
10
665.130000
20
682.128000
0
LWPOLYLINE
8
POLYLINES
90
5
70
0
10
665.994000
20
682.128000
10
666.858000
20
682.416000
10
667.290000
20
681.408000
10
666.138000
20
680.976000
10
665.994000
20
682.128000
0
LWPOLYLINE
8
POLYLINES
90
5
70
0
10
665.994000
20
682.128000
10
666.858000
20
682.416000
10
667.290000
20
681.408000
10
666.138000
20
680.976000
10
665.994000
20
682.128000
0
LWPOLYLINE
8
POLYLINES
90
5
70
0
10
666.858000
20
682.416000
10
667.578000
20
682.848000
10
668.298000
20
681.984000
10
667.290000
20
681.408000
10
666.858000
20
682.416000
0
LWPOLYLINE
8
POLYLINES
90
5
70
0
10
666.858000
20
682.416000
10
667.578000
20
682.848000
10
668.298000
20
681.984000
10
667.290000
20
681.408000
10
666.858000
20
682.416000
0
LWPOLYLINE
8
POLYLINES
90
5
70
0
10
667.578000
20
682.848000
10
668.154000
20
683.568000
10
669.162000
20
682.992000
10
668.298000
20
681.984000
10
667.578000
20
682.848000
0
LWPOLYLINE
8
POLYLINES
90
5
70
0
10
667.578000
20
682.848000
10
668.154000
20
683.568000
10
669.162000
20
682.992000
10
668.298000
20
681.984000
10
667.578000
20
682.848000
0
LWPOLYLINE
8
POLYLINES
90
5
70
0
10
668.154000
20
683.568000
10
668.586000
20
684.288000
10
669.594000
20
684.000000
10
669.162000
20
682.992000
10
668.154000
20
683.568000
0
LWPOLYLINE
8
POLYLINES
90
5
70
0
10
668.154000
20
683.568000
10
668.586000
20
684.288000
10
669.594000
20
684.000000
10
669.162000
20
682.992000
10
668.154000
20
683.568000
0
LWPOLYLINE
8
POLYLINES
90
5
70
0
10
668.586000
20
684.288000
10
668.730000
20
685.296000
10
669.738000
20
685.296000
10
669.594000
20
684.000000
10
668.586000
20
684.288000
0
LWPOLYLINE
8
POLYLINES
90
5
70
0
10
668.586000
20
684.288000
10
668.730000
20
685.296000
10
669.738000
20
685.296000
10
669.594000
20
684.000000
10
668.586000
20
684.288000
0
LWPOLYLINE
8
POLYLINES
90
5
70
0
10
668.730000
20
685.296000
10
668.586000
20
686.160000
10
669.594000
20
686.448000
10
669.738000
20
685.296000
10
668.730000
20
685.296000
0
LWPOLYLINE
8
POLYLINES
90
5
70
0
10
668.730000
20
685.296000
10
668.586000
20
686.160000
10
669.594000
20
686.448000
10
669.738000
20
685.296000
10
668.730000
20
685.296000
0
LWPOLYLINE
8
POLYLINES
90
5
70
0
10
668.586000
20
686.160000
10
668.154000
20
687.024000
10
669.162000
20
687.600000
10
669.594000
20
686.448000
10
668.586000
20
686.160000
0
LWPOLYLINE
8
POLYLINES
90
5
70
0
10
668.586000
20
686.160000
10
668.154000
20
687.024000
10
669.162000
20
687.600000
10
669.594000
20
686.448000
10
668.586000
20
686.160000
0
LWPOLYLINE
8
POLYLINES
90
5
70
0
10
668.154000
20
687.024000
10
667.578000
20
687.600000
10
668.298000
20
688.464000
10
669.162000
20
687.600000
10
668.154000
20
687.024000
0
LWPOLYLINE
8
POLYLINES
90
5
70
0
10
668.154000
20
687.024000
10
667.578000
20
687.600000
10
668.298000
20
688.464000
10
669.162000
20
687.600000
10
668.154000
20
687.024000
0
LWPOLYLINE
8
POLYLINES
90
5
70
0
10
667.578000
20
687.600000
10
666.858000
20
688.176000
10
667.290000
20
689.184000
10
668.298000
20
688.464000
10
667.578000
20
687.600000
0
LWPOLYLINE
8
POLYLINES
90
5
70
0
10
667.578000
20
687.600000
10
666.858000
20
688.176000
10
667.290000
20
689.184000
10
668.298000
20
688.464000
10
667.578000
20
687.600000
0
LWPOLYLINE
8
POLYLINES
90
5
70
0
10
666.858000
20
688.176000
10
665.994000
20
688.464000
10
666.138000
20
689.472000
10
667.290000
20
689.184000
10
666.858000
20
688.176000
0
LWPOLYLINE
8
POLYLINES
90
5
70
0
10
666.858000
20
688.176000
10
665.994000
20
688.464000
10
666.138000
20
689.472000
10
667.290000
20
689.184000
10
666.858000
20
688.176000
0
LWPOLYLINE
8
POLYLINES
90
5
70
0
10
665.994000
20
688.464000
10
665.130000
20
688.464000
10
664.842000
20
689.472000
10
666.138000
20
689.472000
10
665.994000
20
688.464000
0
LWPOLYLINE
8
POLYLINES
90
5
70
0
10
665.994000
20
688.464000
10
665.130000
20
688.464000
10
664.842000
20
689.472000
10
666.138000
20
689.472000
10
665.994000
20
688.464000
0
LWPOLYLINE
8
POLYLINES
90
5
70
0
10
665.130000
20
688.464000
10
664.122000
20
688.176000
10
663.690000
20
689.184000
10
664.842000
20
689.472000
10
665.130000
20
688.464000
0
LWPOLYLINE
8
POLYLINES
90
5
70
0
10
665.130000
20
688.464000
10
664.122000
20
688.176000
10
663.690000
20
689.184000
10
664.842000
20
689.472000
10
665.130000
20
688.464000
0
LWPOLYLINE
8
POLYLINES
90
5
70
0
10
664.122000
20
688.176000
10
663.402000
20
687.600000
10
662.682000
20
688.464000
10
663.690000
20
689.184000
10
664.122000
20
688.176000
0
LWPOLYLINE
8
POLYLINES
90
5
70
0
10
664.122000
20
688.176000
10
663.402000
20
687.600000
10
662.682000
20
688.464000
10
663.690000
20
689.184000
10
664.122000
20
688.176000
0
LWPOLYLINE
8
POLYLINES
90
5
70
0
10
663.402000
20
687.600000
10
662.826000
20
687.024000
10
661.962000
20
687.600000
10
662.682000
20
688.464000
10
663.402000
20
687.600000
0
LWPOLYLINE
8
POLYLINES
90
5
70
0
10
663.402000
20
687.600000
10
662.826000
20
687.024000
10
661.962000
20
687.600000
10
662.682000
20
688.464000
10
663.402000
20
687.600000
0
LWPOLYLINE
8
POLYLINES
90
5
70
0
10
662.826000
20
687.024000
10
662.394000
20
686.160000
10
661.386000
20
686.448000
10
661.962000
20
687.600000
10
662.826000
20
687.024000
0
LWPOLYLINE
8
POLYLINES
90
5
70
0
10
662.826000
20
687.024000
10
662.394000
20
686.160000
10
661.386000
20
686.448000
10
661.962000
20
687.600000
10
662.826000
20
687.024000
0
LWPOLYLINE
8
POLYLINES
90
5
70
0
10
662.394000
20
686.160000
10
662.394000
20
685.296000
10
661.242000
20
685.296000
10
661.386000
20
686.448000
10
662.394000
20
686.160000
0
LWPOLYLINE
8
POLYLINES
90
5
70
0
10
662.394000
20
686.160000
10
662.394000
20
685.296000
10
661.242000
20
685.296000
10
661.386000
20
686.448000
10
662.394000
20
686.160000
0
TEXT
8
TEXTS
10
537.690000
20
670.193526
30
0.0
40
12.162096
1
武潭变
0
LWPOLYLINE
8
POLYLINES
90
5
70
0
10
579.738000
20
674.496000
10
579.882000
20
673.632000
10
578.874000
20
673.344000
10
578.730000
20
674.496000
10
579.738000
20
674.496000
0
LWPOLYLINE
8
POLYLINES
90
5
70
0
10
579.738000
20
674.496000
10
579.882000
20
673.632000
10
578.874000
20
673.344000
10
578.730000
20
674.496000
10
579.738000
20
674.496000
0
LWPOLYLINE
8
POLYLINES
90
5
70
0
10
579.882000
20
673.632000
10
580.314000
20
672.768000
10
579.306000
20
672.192000
10
578.874000
20
673.344000
10
579.882000
20
673.632000
0
LWPOLYLINE
8
POLYLINES
90
5
70
0
10
579.882000
20
673.632000
10
580.314000
20
672.768000
10
579.306000
20
672.192000
10
578.874000
20
673.344000
10
579.882000
20
673.632000
0
LWPOLYLINE
8
POLYLINES
90
5
70
0
10
580.314000
20
672.768000
10
580.890000
20
672.048000
10
580.170000
20
671.328000
10
579.306000
20
672.192000
10
580.314000
20
672.768000
0
LWPOLYLINE
8
POLYLINES
90
5
70
0
10
580.314000
20
672.768000
10
580.890000
20
672.048000
10
580.170000
20
671.328000
10
579.306000
20
672.192000
10
580.314000
20
672.768000
0
LWPOLYLINE
8
POLYLINES
90
5
70
0
10
580.890000
20
672.048000
10
581.610000
20
671.616000
10
581.178000
20
670.608000
10
580.170000
20
671.328000
10
580.890000
20
672.048000
0
LWPOLYLINE
8
POLYLINES
90
5
70
0
10
580.890000
20
672.048000
10
581.610000
20
671.616000
10
581.178000
20
670.608000
10
580.170000
20
671.328000
10
580.890000
20
672.048000
0
LWPOLYLINE
8
POLYLINES
90
5
70
0
10
581.610000
20
671.616000
10
582.474000
20
671.328000
10
582.330000
20
670.320000
10
581.178000
20
670.608000
10
581.610000
20
671.616000
0
LWPOLYLINE
8
POLYLINES
90
5
70
0
10
581.610000
20
671.616000
10
582.474000
20
671.328000
10
582.330000
20
670.320000
10
581.178000
20
670.608000
10
581.610000
20
671.616000
0
LWPOLYLINE
8
POLYLINES
90
5
70
0
10
582.474000
20
671.328000
10
583.338000
20
671.328000
10
583.482000
20
670.320000
10
582.330000
20
670.320000
10
582.474000
20
671.328000
0
LWPOLYLINE
8
POLYLINES
90
5
70
0
10
582.474000
20
671.328000
10
583.338000
20
671.328000
10
583.482000
20
670.320000
10
582.330000
20
670.320000
10
582.474000
20
671.328000
0
LWPOLYLINE
8
POLYLINES
90
5
70
0
10
583.338000
20
671.328000
10
584.202000
20
671.616000
10
584.634000
20
670.608000
10
583.482000
20
670.320000
10
583.338000
20
671.328000
0
LWPOLYLINE
8
POLYLINES
90
5
70
0
10
583.338000
20
671.328000
10
584.202000
20
671.616000
10
584.634000
20
670.608000
10
583.482000
20
670.320000
10
583.338000
20
671.328000
0
LWPOLYLINE
8
POLYLINES
90
5
70
0
10
584.202000
20
671.616000
10
585.066000
20
672.048000
10
585.786000
20
671.328000
10
584.634000
20
670.608000
10
584.202000
20
671.616000
0
LWPOLYLINE
8
POLYLINES
90
5
70
0
10
584.202000
20
671.616000
10
585.066000
20
672.048000
10
585.786000
20
671.328000
10
584.634000
20
670.608000
10
584.202000
20
671.616000
0
LWPOLYLINE
8
POLYLINES
90
5
70
0
10
585.066000
20
672.048000
10
585.642000
20
672.768000
10
586.506000
20
672.192000
10
585.786000
20
671.328000
10
585.066000
20
672.048000
0
LWPOLYLINE
8
POLYLINES
90
5
70
0
10
585.066000
20
672.048000
10
585.642000
20
672.768000
10
586.506000
20
672.192000
10
585.786000
20
671.328000
10
585.066000
20
672.048000
0
LWPOLYLINE
8
POLYLINES
90
5
70
0
10
585.642000
20
672.768000
10
585.930000
20
673.632000
10
587.082000
20
673.344000
10
586.506000
20
672.192000
10
585.642000
20
672.768000
0
LWPOLYLINE
8
POLYLINES
90
5
70
0
10
585.642000
20
672.768000
10
585.930000
20
673.632000
10
587.082000
20
673.344000
10
586.506000
20
672.192000
10
585.642000
20
672.768000
0
LWPOLYLINE
8
POLYLINES
90
5
70
0
10
585.930000
20
673.632000
10
586.074000
20
674.496000
10
587.226000
20
674.496000
10
587.082000
20
673.344000
10
585.930000
20
673.632000
0
LWPOLYLINE
8
POLYLINES
90
5
70
0
10
585.930000
20
673.632000
10
586.074000
20
674.496000
10
587.226000
20
674.496000
10
587.082000
20
673.344000
10
585.930000
20
673.632000
0
LWPOLYLINE
8
POLYLINES
90
5
70
0
10
586.074000
20
674.496000
10
585.930000
20
675.360000
10
587.082000
20
675.648000
10
587.226000
20
674.496000
10
586.074000
20
674.496000
0
LWPOLYLINE
8
POLYLINES
90
5
70
0
10
586.074000
20
674.496000
10
585.930000
20
675.360000
10
587.082000
20
675.648000
10
587.226000
20
674.496000
10
586.074000
20
674.496000
0
LWPOLYLINE
8
POLYLINES
90
5
70
0
10
585.930000
20
675.360000
10
585.642000
20
676.224000
10
586.506000
20
676.800000
10
587.082000
20
675.648000
10
585.930000
20
675.360000
0
LWPOLYLINE
8
POLYLINES
90
5
70
0
10
585.930000
20
675.360000
10
585.642000
20
676.224000
10
586.506000
20
676.800000
10
587.082000
20
675.648000
10
585.930000
20
675.360000
0
LWPOLYLINE
8
POLYLINES
90
5
70
0
10
585.642000
20
676.224000
10
585.066000
20
676.944000
10
585.786000
20
677.664000
10
586.506000
20
676.800000
10
585.642000
20
676.224000
0
LWPOLYLINE
8
POLYLINES
90
5
70
0
10
585.642000
20
676.224000
10
585.066000
20
676.944000
10
585.786000
20
677.664000
10
586.506000
20
676.800000
10
585.642000
20
676.224000
0
LWPOLYLINE
8
POLYLINES
90
5
70
0
10
585.066000
20
676.944000
10
584.202000
20
677.376000
10
584.634000
20
678.384000
10
585.786000
20
677.664000
10
585.066000
20
676.944000
0
LWPOLYLINE
8
POLYLINES
90
5
70
0
10
585.066000
20
676.944000
10
584.202000
20
677.376000
10
584.634000
20
678.384000
10
585.786000
20
677.664000
10
585.066000
20
676.944000
0
LWPOLYLINE
8
POLYLINES
90
5
70
0
10
584.202000
20
677.376000
10
583.338000
20
677.664000
10
583.482000
20
678.672000
10
584.634000
20
678.384000
10
584.202000
20
677.376000
0
LWPOLYLINE
8
POLYLINES
90
5
70
0
10
584.202000
20
677.376000
10
583.338000
20
677.664000
10
583.482000
20
678.672000
10
584.634000
20
678.384000
10
584.202000
20
677.376000
0
LWPOLYLINE
8
POLYLINES
90
5
70
0
10
583.338000
20
677.664000
10
582.474000
20
677.664000
10
582.330000
20
678.672000
10
583.482000
20
678.672000
10
583.338000
20
677.664000
0
LWPOLYLINE
8
POLYLINES
90
5
70
0
10
583.338000
20
677.664000
10
582.474000
20
677.664000
10
582.330000
20
678.672000
10
583.482000
20
678.672000
10
583.338000
20
677.664000
0
LWPOLYLINE
8
POLYLINES
90
5
70
0
10
582.474000
20
677.664000
10
581.610000
20
677.376000
10
581.178000
20
678.384000
10
582.330000
20
678.672000
10
582.474000
20
677.664000
0
LWPOLYLINE
8
POLYLINES
90
5
70
0
10
582.474000
20
677.664000
10
581.610000
20
677.376000
10
581.178000
20
678.384000
10
582.330000
20
678.672000
10
582.474000
20
677.664000
0
LWPOLYLINE
8
POLYLINES
90
5
70
0
10
581.610000
20
677.376000
10
580.890000
20
676.944000
10
580.170000
20
677.664000
10
581.178000
20
678.384000
10
581.610000
20
677.376000
0
LWPOLYLINE
8
POLYLINES
90
5
70
0
10
581.610000
20
677.376000
10
580.890000
20
676.944000
10
580.170000
20
677.664000
10
581.178000
20
678.384000
10
581.610000
20
677.376000
0
LWPOLYLINE
8
POLYLINES
90
5
70
0
10
580.890000
20
676.944000
10
580.314000
20
676.224000
10
579.306000
20
676.800000
10
580.170000
20
677.664000
10
580.890000
20
676.944000
0
LWPOLYLINE
8
POLYLINES
90
5
70
0
10
580.890000
20
676.944000
10
580.314000
20
676.224000
10
579.306000
20
676.800000
10
580.170000
20
677.664000
10
580.890000
20
676.944000
0
LWPOLYLINE
8
POLYLINES
90
5
70
0
10
580.314000
20
676.224000
10
579.882000
20
675.360000
10
578.874000
20
675.648000
10
579.306000
20
676.800000
10
580.314000
20
676.224000
0
LWPOLYLINE
8
POLYLINES
90
5
70
0
10
580.314000
20
676.224000
10
579.882000
20
675.360000
10
578.874000
20
675.648000
10
579.306000
20
676.800000
10
580.314000
20
676.224000
0
LWPOLYLINE
8
POLYLINES
90
5
70
0
10
579.882000
20
675.360000
10
579.738000
20
674.496000
10
578.730000
20
674.496000
10
578.874000
20
675.648000
10
579.882000
20
675.360000
0
LWPOLYLINE
8
POLYLINES
90
5
70
0
10
579.882000
20
675.360000
10
579.738000
20
674.496000
10
578.730000
20
674.496000
10
578.874000
20
675.648000
10
579.882000
20
675.360000
0
TEXT
8
TEXTS
10
649.999913
20
602.513526
30
0.0
40
10.435059
1
6k童子山变
0
LWPOLYLINE
8
POLYLINES
90
5
70
0
10
665.418000
20
605.520000
10
665.562000
20
604.656000
10
664.554000
20
604.368000
10
664.266000
20
605.520000
10
665.418000
20
605.520000
0
LWPOLYLINE
8
POLYLINES
90
5
70
0
10
665.418000
20
605.520000
10
665.562000
20
604.656000
10
664.554000
20
604.368000
10
664.266000
20
605.520000
10
665.418000
20
605.520000
0
LWPOLYLINE
8
POLYLINES
90
5
70
0
10
665.562000
20
604.656000
10
665.850000
20
603.792000
10
664.986000
20
603.360000
10
664.554000
20
604.368000
10
665.562000
20
604.656000
0
LWPOLYLINE
8
POLYLINES
90
5
70
0
10
665.562000
20
604.656000
10
665.850000
20
603.792000
10
664.986000
20
603.360000
10
664.554000
20
604.368000
10
665.562000
20
604.656000
0
LWPOLYLINE
8
POLYLINES
90
5
70
0
10
665.850000
20
603.792000
10
666.426000
20
603.216000
10
665.850000
20
602.352000
10
664.986000
20
603.360000
10
665.850000
20
603.792000
0
LWPOLYLINE
8
POLYLINES
90
5
70
0
10
665.850000
20
603.792000
10
666.426000
20
603.216000
10
665.850000
20
602.352000
10
664.986000
20
603.360000
10
665.850000
20
603.792000
0
LWPOLYLINE
8
POLYLINES
90
5
70
0
10
666.426000
20
603.216000
10
667.290000
20
602.640000
10
666.858000
20
601.776000
10
665.850000
20
602.352000
10
666.426000
20
603.216000
0
LWPOLYLINE
8
POLYLINES
90
5
70
0
10
666.426000
20
603.216000
10
667.290000
20
602.640000
10
666.858000
20
601.776000
10
665.850000
20
602.352000
10
666.426000
20
603.216000
0
LWPOLYLINE
8
POLYLINES
90
5
70
0
10
667.290000
20
602.640000
10
668.154000
20
602.496000
10
668.010000
20
601.344000
10
666.858000
20
601.776000
10
667.290000
20
602.640000
0
LWPOLYLINE
8
POLYLINES
90
5
70
0
10
667.290000
20
602.640000
10
668.154000
20
602.496000
10
668.010000
20
601.344000
10
666.858000
20
601.776000
10
667.290000
20
602.640000
0
LWPOLYLINE
8
POLYLINES
90
5
70
0
10
668.154000
20
602.496000
10
669.018000
20
602.496000
10
669.162000
20
601.344000
10
668.010000
20
601.344000
10
668.154000
20
602.496000
0
LWPOLYLINE
8
POLYLINES
90
5
70
0
10
668.154000
20
602.496000
10
669.018000
20
602.496000
10
669.162000
20
601.344000
10
668.010000
20
601.344000
10
668.154000
20
602.496000
0
LWPOLYLINE
8
POLYLINES
90
5
70
0
10
669.018000
20
602.496000
10
669.882000
20
602.640000
10
670.314000
20
601.776000
10
669.162000
20
601.344000
10
669.018000
20
602.496000
0
LWPOLYLINE
8
POLYLINES
90
5
70
0
10
669.018000
20
602.496000
10
669.882000
20
602.640000
10
670.314000
20
601.776000
10
669.162000
20
601.344000
10
669.018000
20
602.496000
0
LWPOLYLINE
8
POLYLINES
90
5
70
0
10
669.882000
20
602.640000
10
670.602000
20
603.216000
10
671.322000
20
602.352000
10
670.314000
20
601.776000
10
669.882000
20
602.640000
0
LWPOLYLINE
8
POLYLINES
90
5
70
0
10
669.882000
20
602.640000
10
670.602000
20
603.216000
10
671.322000
20
602.352000
10
670.314000
20
601.776000
10
669.882000
20
602.640000
0
LWPOLYLINE
8
POLYLINES
90
5
70
0
10
670.602000
20
603.216000
10
671.322000
20
603.792000
10
672.186000
20
603.360000
10
671.322000
20
602.352000
10
670.602000
20
603.216000
0
LWPOLYLINE
8
POLYLINES
90
5
70
0
10
670.602000
20
603.216000
10
671.322000
20
603.792000
10
672.186000
20
603.360000
10
671.322000
20
602.352000
10
670.602000
20
603.216000
0
LWPOLYLINE
8
POLYLINES
90
5
70
0
10
671.322000
20
603.792000
10
671.610000
20
604.656000
10
672.618000
20
604.368000
10
672.186000
20
603.360000
10
671.322000
20
603.792000
0
LWPOLYLINE
8
POLYLINES
90
5
70
0
10
671.322000
20
603.792000
10
671.610000
20
604.656000
10
672.618000
20
604.368000
10
672.186000
20
603.360000
10
671.322000
20
603.792000
0
LWPOLYLINE
8
POLYLINES
90
5
70
0
10
671.610000
20
604.656000
10
671.754000
20
605.520000
10
672.762000
20
605.520000
10
672.618000
20
604.368000
10
671.610000
20
604.656000
0
LWPOLYLINE
8
POLYLINES
90
5
70
0
10
671.610000
20
604.656000
10
671.754000
20
605.520000
10
672.762000
20
605.520000
10
672.618000
20
604.368000
10
671.610000
20
604.656000
0
LWPOLYLINE
8
POLYLINES
90
5
70
0
10
671.754000
20
605.520000
10
671.610000
20
606.528000
10
672.618000
20
606.816000
10
672.762000
20
605.520000
10
671.754000
20
605.520000
0
LWPOLYLINE
8
POLYLINES
90
5
70
0
10
671.754000
20
605.520000
10
671.610000
20
606.528000
10
672.618000
20
606.816000
10
672.762000
20
605.520000
10
671.754000
20
605.520000
0
LWPOLYLINE
8
POLYLINES
90
5
70
0
10
671.610000
20
606.528000
10
671.322000
20
607.248000
10
672.186000
20
607.824000
10
672.618000
20
606.816000
10
671.610000
20
606.528000
0
LWPOLYLINE
8
POLYLINES
90
5
70
0
10
671.610000
20
606.528000
10
671.322000
20
607.248000
10
672.186000
20
607.824000
10
672.618000
20
606.816000
10
671.610000
20
606.528000
0
LWPOLYLINE
8
POLYLINES
90
5
70
0
10
671.322000
20
607.248000
10
670.602000
20
607.968000
10
671.322000
20
608.832000
10
672.186000
20
607.824000
10
671.322000
20
607.248000
0
LWPOLYLINE
8
POLYLINES
90
5
70
0
10
671.322000
20
607.248000
10
670.602000
20
607.968000
10
671.322000
20
608.832000
10
672.186000
20
607.824000
10
671.322000
20
607.248000
0
LWPOLYLINE
8
POLYLINES
90
5
70
0
10
670.602000
20
607.968000
10
669.882000
20
608.544000
10
670.314000
20
609.408000
10
671.322000
20
608.832000
10
670.602000
20
607.968000
0
LWPOLYLINE
8
POLYLINES
90
5
70
0
10
670.602000
20
607.968000
10
669.882000
20
608.544000
10
670.314000
20
609.408000
10
671.322000
20
608.832000
10
670.602000
20
607.968000
0
LWPOLYLINE
8
POLYLINES
90
5
70
0
10
669.882000
20
608.544000
10
669.018000
20
608.688000
10
669.162000
20
609.840000
10
670.314000
20
609.408000
10
669.882000
20
608.544000
0
LWPOLYLINE
8
POLYLINES
90
5
70
0
10
669.882000
20
608.544000
10
669.018000
20
608.688000
10
669.162000
20
609.840000
10
670.314000
20
609.408000
10
669.882000
20
608.544000
0
LWPOLYLINE
8
POLYLINES
90
5
70
0
10
669.018000
20
608.688000
10
668.154000
20
608.688000
10
668.010000
20
609.840000
10
669.162000
20
609.840000
10
669.018000
20
608.688000
0
LWPOLYLINE
8
POLYLINES
90
5
70
0
10
669.018000
20
608.688000
10
668.154000
20
608.688000
10
668.010000
20
609.840000
10
669.162000
20
609.840000
10
669.018000
20
608.688000
0
LWPOLYLINE
8
POLYLINES
90
5
70
0
10
668.154000
20
608.688000
10
667.290000
20
608.544000
10
666.858000
20
609.408000
10
668.010000
20
609.840000
10
668.154000
20
608.688000
0
LWPOLYLINE
8
POLYLINES
90
5
70
0
10
668.154000
20
608.688000
10
667.290000
20
608.544000
10
666.858000
20
609.408000
10
668.010000
20
609.840000
10
668.154000
20
608.688000
0
LWPOLYLINE
8
POLYLINES
90
5
70
0
10
667.290000
20
608.544000
10
666.426000
20
607.968000
10
665.850000
20
608.832000
10
666.858000
20
609.408000
10
667.290000
20
608.544000
0
LWPOLYLINE
8
POLYLINES
90
5
70
0
10
667.290000
20
608.544000
10
666.426000
20
607.968000
10
665.850000
20
608.832000
10
666.858000
20
609.408000
10
667.290000
20
608.544000
0
LWPOLYLINE
8
POLYLINES
90
5
70
0
10
666.426000
20
607.968000
10
665.850000
20
607.248000
10
664.986000
20
607.824000
10
665.850000
20
608.832000
10
666.426000
20
607.968000
0
LWPOLYLINE
8
POLYLINES
90
5
70
0
10
666.426000
20
607.968000
10
665.850000
20
607.248000
10
664.986000
20
607.824000
10
665.850000
20
608.832000
10
666.426000
20
607.968000
0
LWPOLYLINE
8
POLYLINES
90
5
70
0
10
665.850000
20
607.248000
10
665.562000
20
606.528000
10
664.554000
20
606.816000
10
664.986000
20
607.824000
10
665.850000
20
607.248000
0
LWPOLYLINE
8
POLYLINES
90
5
70
0
10
665.850000
20
607.248000
10
665.562000
20
606.528000
10
664.554000
20
606.816000
10
664.986000
20
607.824000
10
665.850000
20
607.248000
0
LWPOLYLINE
8
POLYLINES
90
5
70
0
10
665.562000
20
606.528000
10
665.418000
20
605.520000
10
664.266000
20
605.520000
10
664.554000
20
606.816000
10
665.562000
20
606.528000
0
LWPOLYLINE
8
POLYLINES
90
5
70
0
10
665.562000
20
606.528000
10
665.418000
20
605.520000
10
664.266000
20
605.520000
10
664.554000
20
606.816000
10
665.562000
20
606.528000
0
TEXT
8
TEXTS
10
1020.954000
20
577.169526
30
0.0
40
12.162096
1
桃花江变
0
LWPOLYLINE
8
POLYLINES
90
5
70
0
10
1003.098000
20
570.672000
10
1003.242000
20
569.376000
10
1002.234000
20
569.088000
10
1002.090000
20
570.672000
10
1003.098000
20
570.672000
0
LWPOLYLINE
8
POLYLINES
90
5
70
0
10
1003.098000
20
570.672000
10
1003.242000
20
569.376000
10
1002.234000
20
569.088000
10
1002.090000
20
570.672000
10
1003.098000
20
570.672000
0
LWPOLYLINE
8
POLYLINES
90
5
70
0
10
1003.242000
20
569.376000
10
1003.674000
20
568.080000
10
1002.666000
20
567.648000
10
1002.234000
20
569.088000
10
1003.242000
20
569.376000
0
LWPOLYLINE
8
POLYLINES
90
5
70
0
10
1003.242000
20
569.376000
10
1003.674000
20
568.080000
10
1002.666000
20
567.648000
10
1002.234000
20
569.088000
10
1003.242000
20
569.376000
0
LWPOLYLINE
8
POLYLINES
90
5
70
0
10
1003.674000
20
568.080000
10
1004.394000
20
566.928000
10
1003.530000
20
566.352000
10
1002.666000
20
567.648000
10
1003.674000
20
568.080000
0
LWPOLYLINE
8
POLYLINES
90
5
70
0
10
1003.674000
20
568.080000
10
1004.394000
20
566.928000
10
1003.530000
20
566.352000
10
1002.666000
20
567.648000
10
1003.674000
20
568.080000
0
LWPOLYLINE
8
POLYLINES
90
5
70
0
10
1004.394000
20
566.928000
10
1005.258000
20
565.920000
10
1004.538000
20
565.200000
10
1003.530000
20
566.352000
10
1004.394000
20
566.928000
0
LWPOLYLINE
8
POLYLINES
90
5
70
0
10
1004.394000
20
566.928000
10
1005.258000
20
565.920000
10
1004.538000
20
565.200000
10
1003.530000
20
566.352000
10
1004.394000
20
566.928000
0
LWPOLYLINE
8
POLYLINES
90
5
70
0
10
1005.258000
20
565.920000
10
1006.266000
20
565.200000
10
1005.834000
20
564.192000
10
1004.538000
20
565.200000
10
1005.258000
20
565.920000
0
LWPOLYLINE
8
POLYLINES
90
5
70
0
10
1005.258000
20
565.920000
10
1006.266000
20
565.200000
10
1005.834000
20
564.192000
10
1004.538000
20
565.200000
10
1005.258000
20
565.920000
0
LWPOLYLINE
8
POLYLINES
90
5
70
0
10
1006.266000
20
565.200000
10
1007.562000
20
564.624000
10
1007.274000
20
563.616000
10
1005.834000
20
564.192000
10
1006.266000
20
565.200000
0
LWPOLYLINE
8
POLYLINES
90
5
70
0
10
1006.266000
20
565.200000
10
1007.562000
20
564.624000
10
1007.274000
20
563.616000
10
1005.834000
20
564.192000
10
1006.266000
20
565.200000
0
LWPOLYLINE
8
POLYLINES
90
5
70
0
10
1007.562000
20
564.624000
10
1008.858000
20
564.336000
10
1008.714000
20
563.328000
10
1007.274000
20
563.616000
10
1007.562000
20
564.624000
0
LWPOLYLINE
8
POLYLINES
90
5
70
0
10
1007.562000
20
564.624000
10
1008.858000
20
564.336000
10
1008.714000
20
563.328000
10
1007.274000
20
563.616000
10
1007.562000
20
564.624000
0
LWPOLYLINE
8
POLYLINES
90
5
70
0
10
1008.858000
20
564.336000
10
1010.154000
20
564.336000
10
1010.298000
20
563.328000
10
1008.714000
20
563.328000
10
1008.858000
20
564.336000
0
LWPOLYLINE
8
POLYLINES
90
5
70
0
10
1008.858000
20
564.336000
10
1010.154000
20
564.336000
10
1010.298000
20
563.328000
10
1008.714000
20
563.328000
10
1008.858000
20
564.336000
0
LWPOLYLINE
8
POLYLINES
90
5
70
0
10
1010.154000
20
564.336000
10
1011.450000
20
564.624000
10
1011.882000
20
563.616000
10
1010.298000
20
563.328000
10
1010.154000
20
564.336000
0
LWPOLYLINE
8
POLYLINES
90
5
70
0
10
1010.154000
20
564.336000
10
1011.450000
20
564.624000
10
1011.882000
20
563.616000
10
1010.298000
20
563.328000
10
1010.154000
20
564.336000
0
LWPOLYLINE
8
POLYLINES
90
5
70
0
10
1011.450000
20
576.720000
10
1010.154000
20
577.008000
10
1010.298000
20
578.160000
10
1011.882000
20
577.728000
10
1011.450000
20
576.720000
0
LWPOLYLINE
8
POLYLINES
90
5
70
0
10
1011.450000
20
576.720000
10
1010.154000
20
577.008000
10
1010.298000
20
578.160000
10
1011.882000
20
577.728000
10
1011.450000
20
576.720000
0
LWPOLYLINE
8
POLYLINES
90
5
70
0
10
1010.154000
20
577.008000
10
1008.858000
20
577.008000
10
1008.714000
20
578.160000
10
1010.298000
20
578.160000
10
1010.154000
20
577.008000
0
LWPOLYLINE
8
POLYLINES
90
5
70
0
10
1010.154000
20
577.008000
10
1008.858000
20
577.008000
10
1008.714000
20
578.160000
10
1010.298000
20
578.160000
10
1010.154000
20
577.008000
0
LWPOLYLINE
8
POLYLINES
90
5
70
0
10
1008.858000
20
577.008000
10
1007.562000
20
576.720000
10
1007.274000
20
577.728000
10
1008.714000
20
578.160000
10
1008.858000
20
577.008000
0
LWPOLYLINE
8
POLYLINES
90
5
70
0
10
1008.858000
20
577.008000
10
1007.562000
20
576.720000
10
1007.274000
20
577.728000
10
1008.714000
20
578.160000
10
1008.858000
20
577.008000
0
LWPOLYLINE
8
POLYLINES
90
5
70
0
10
1007.562000
20
576.720000
10
1006.266000
20
576.288000
10
1005.834000
20
577.152000
10
1007.274000
20
577.728000
10
1007.562000
20
576.720000
0
LWPOLYLINE
8
POLYLINES
90
5
70
0
10
1007.562000
20
576.720000
10
1006.266000
20
576.288000
10
1005.834000
20
577.152000
10
1007.274000
20
577.728000
10
1007.562000
20
576.720000
0
LWPOLYLINE
8
POLYLINES
90
5
70
0
10
1006.266000
20
576.288000
10
1005.258000
20
575.424000
10
1004.538000
20
576.288000
10
1005.834000
20
577.152000
10
1006.266000
20
576.288000
0
LWPOLYLINE
8
POLYLINES
90
5
70
0
10
1006.266000
20
576.288000
10
1005.258000
20
575.424000
10
1004.538000
20
576.288000
10
1005.834000
20
577.152000
10
1006.266000
20
576.288000
0
LWPOLYLINE
8
POLYLINES
90
5
70
0
10
1005.258000
20
575.424000
10
1004.394000
20
574.416000
10
1003.530000
20
575.136000
10
1004.538000
20
576.288000
10
1005.258000
20
575.424000
0
LWPOLYLINE
8
POLYLINES
90
5
70
0
10
1005.258000
20
575.424000
10
1004.394000
20
574.416000
10
1003.530000
20
575.136000
10
1004.538000
20
576.288000
10
1005.258000
20
575.424000
0
LWPOLYLINE
8
POLYLINES
90
5
70
0
10
1004.394000
20
574.416000
10
1003.674000
20
573.264000
10
1002.666000
20
573.696000
10
1003.530000
20
575.136000
10
1004.394000
20
574.416000
0
LWPOLYLINE
8
POLYLINES
90
5
70
0
10
1004.394000
20
574.416000
10
1003.674000
20
573.264000
10
1002.666000
20
573.696000
10
1003.530000
20
575.136000
10
1004.394000
20
574.416000
0
LWPOLYLINE
8
POLYLINES
90
5
70
0
10
1003.674000
20
573.264000
10
1003.242000
20
571.968000
10
1002.234000
20
572.256000
10
1002.666000
20
573.696000
10
1003.674000
20
573.264000
0
LWPOLYLINE
8
POLYLINES
90
5
70
0
10
1003.674000
20
573.264000
10
1003.242000
20
571.968000
10
1002.234000
20
572.256000
10
1002.666000
20
573.696000
10
1003.674000
20
573.264000
0
LWPOLYLINE
8
POLYLINES
90
5
70
0
10
1003.242000
20
571.968000
10
1003.098000
20
570.672000
10
1002.090000
20
570.672000
10
1002.234000
20
572.256000
10
1003.242000
20
571.968000
0
LWPOLYLINE
8
POLYLINES
90
5
70
0
10
1003.242000
20
571.968000
10
1003.098000
20
570.672000
10
1002.090000
20
570.672000
10
1002.234000
20
572.256000
10
1003.242000
20
571.968000
0
LWPOLYLINE
8
POLYLINES
90
5
70
0
10
1006.266000
20
570.672000
10
1006.410000
20
569.808000
10
1005.402000
20
569.520000
10
1005.258000
20
570.672000
10
1006.266000
20
570.672000
0
LWPOLYLINE
8
POLYLINES
90
5
70
0
10
1006.266000
20
570.672000
10
1006.410000
20
569.808000
10
1005.402000
20
569.520000
10
1005.258000
20
570.672000
10
1006.266000
20
570.672000
0
LWPOLYLINE
8
POLYLINES
90
5
70
0
10
1006.410000
20
569.808000
10
1006.842000
20
568.944000
10
1005.978000
20
568.368000
10
1005.402000
20
569.520000
10
1006.410000
20
569.808000
0
LWPOLYLINE
8
POLYLINES
90
5
70
0
10
1006.410000
20
569.808000
10
1006.842000
20
568.944000
10
1005.978000
20
568.368000
10
1005.402000
20
569.520000
10
1006.410000
20
569.808000
0
LWPOLYLINE
8
POLYLINES
90
5
70
0
10
1006.842000
20
568.944000
10
1007.418000
20
568.224000
10
1006.698000
20
567.504000
10
1005.978000
20
568.368000
10
1006.842000
20
568.944000
0
LWPOLYLINE
8
POLYLINES
90
5
70
0
10
1006.842000
20
568.944000
10
1007.418000
20
568.224000
10
1006.698000
20
567.504000
10
1005.978000
20
568.368000
10
1006.842000
20
568.944000
0
LWPOLYLINE
8
POLYLINES
90
5
70
0
10
1007.418000
20
568.224000
10
1008.138000
20
567.792000
10
1007.706000
20
566.784000
10
1006.698000
20
567.504000
10
1007.418000
20
568.224000
0
LWPOLYLINE
8
POLYLINES
90
5
70
0
10
1007.418000
20
568.224000
10
1008.138000
20
567.792000
10
1007.706000
20
566.784000
10
1006.698000
20
567.504000
10
1007.418000
20
568.224000
0
LWPOLYLINE
8
POLYLINES
90
5
70
0
10
1008.138000
20
567.792000
10
1009.002000
20
567.504000
10
1008.858000
20
566.496000
10
1007.706000
20
566.784000
10
1008.138000
20
567.792000
0
LWPOLYLINE
8
POLYLINES
90
5
70
0
10
1008.138000
20
567.792000
10
1009.002000
20
567.504000
10
1008.858000
20
566.496000
10
1007.706000
20
566.784000
10
1008.138000
20
567.792000
0
LWPOLYLINE
8
POLYLINES
90
5
70
0
10
1009.002000
20
567.504000
10
1010.010000
20
567.504000
10
1010.154000
20
566.496000
10
1008.858000
20
566.496000
10
1009.002000
20
567.504000
0
LWPOLYLINE
8
POLYLINES
90
5
70
0
10
1009.002000
20
567.504000
10
1010.010000
20
567.504000
10
1010.154000
20
566.496000
10
1008.858000
20
566.496000
10
1009.002000
20
567.504000
0
LWPOLYLINE
8
POLYLINES
90
5
70
0
10
1010.010000
20
567.504000
10
1010.874000
20
567.792000
10
1011.306000
20
566.784000
10
1010.154000
20
566.496000
10
1010.010000
20
567.504000
0
LWPOLYLINE
8
POLYLINES
90
5
70
0
10
1010.010000
20
567.504000
10
1010.874000
20
567.792000
10
1011.306000
20
566.784000
10
1010.154000
20
566.496000
10
1010.010000
20
567.504000
0
LWPOLYLINE
8
POLYLINES
90
5
70
0
10
1010.874000
20
567.792000
10
1011.594000
20
568.224000
10
1012.314000
20
567.504000
10
1011.306000
20
566.784000
10
1010.874000
20
567.792000
0
LWPOLYLINE
8
POLYLINES
90
5
70
0
10
1010.874000
20
567.792000
10
1011.594000
20
568.224000
10
1012.314000
20
567.504000
10
1011.306000
20
566.784000
10
1010.874000
20
567.792000
0
LWPOLYLINE
8
POLYLINES
90
5
70
0
10
1011.594000
20
573.120000
10
1010.874000
20
573.552000
10
1011.306000
20
574.560000
10
1012.314000
20
573.840000
10
1011.594000
20
573.120000
0
LWPOLYLINE
8
POLYLINES
90
5
70
0
10
1011.594000
20
573.120000
10
1010.874000
20
573.552000
10
1011.306000
20
574.560000
10
1012.314000
20
573.840000
10
1011.594000
20
573.120000
0
LWPOLYLINE
8
POLYLINES
90
5
70
0
10
1010.874000
20
573.552000
10
1010.010000
20
573.840000
10
1010.154000
20
574.848000
10
1011.306000
20
574.560000
10
1010.874000
20
573.552000
0
LWPOLYLINE
8
POLYLINES
90
5
70
0
10
1010.874000
20
573.552000
10
1010.010000
20
573.840000
10
1010.154000
20
574.848000
10
1011.306000
20
574.560000
10
1010.874000
20
573.552000
0
LWPOLYLINE
8
POLYLINES
90
5
70
0
10
1010.010000
20
573.840000
10
1009.002000
20
573.840000
10
1008.858000
20
574.848000
10
1010.154000
20
574.848000
10
1010.010000
20
573.840000
0
LWPOLYLINE
8
POLYLINES
90
5
70
0
10
1010.010000
20
573.840000
10
1009.002000
20
573.840000
10
1008.858000
20
574.848000
10
1010.154000
20
574.848000
10
1010.010000
20
573.840000
0
LWPOLYLINE
8
POLYLINES
90
5
70
0
10
1009.002000
20
573.840000
10
1008.138000
20
573.552000
10
1007.706000
20
574.560000
10
1008.858000
20
574.848000
10
1009.002000
20
573.840000
0
LWPOLYLINE
8
POLYLINES
90
5
70
0
10
1009.002000
20
573.840000
10
1008.138000
20
573.552000
10
1007.706000
20
574.560000
10
1008.858000
20
574.848000
10
1009.002000
20
573.840000
0
LWPOLYLINE
8
POLYLINES
90
5
70
0
10
1008.138000
20
573.552000
10
1007.418000
20
573.120000
10
1006.698000
20
573.840000
10
1007.706000
20
574.560000
10
1008.138000
20
573.552000
0
LWPOLYLINE
8
POLYLINES
90
5
70
0
10
1008.138000
20
573.552000
10
1007.418000
20
573.120000
10
1006.698000
20
573.840000
10
1007.706000
20
574.560000
10
1008.138000
20
573.552000
0
LWPOLYLINE
8
POLYLINES
90
5
70
0
10
1007.418000
20
573.120000
10
1006.842000
20
572.400000
10
1005.978000
20
572.976000
10
1006.698000
20
573.840000
10
1007.418000
20
573.120000
0
LWPOLYLINE
8
POLYLINES
90
5
70
0
10
1007.418000
20
573.120000
10
1006.842000
20
572.400000
10
1005.978000
20
572.976000
10
1006.698000
20
573.840000
10
1007.418000
20
573.120000
0
LWPOLYLINE
8
POLYLINES
90
5
70
0
10
1006.842000
20
572.400000
10
1006.410000
20
571.536000
10
1005.402000
20
571.824000
10
1005.978000
20
572.976000
10
1006.842000
20
572.400000
0
LWPOLYLINE
8
POLYLINES
90
5
70
0
10
1006.842000
20
572.400000
10
1006.410000
20
571.536000
10
1005.402000
20
571.824000
10
1005.978000
20
572.976000
10
1006.842000
20
572.400000
0
LWPOLYLINE
8
POLYLINES
90
5
70
0
10
1006.410000
20
571.536000
10
1006.266000
20
570.672000
10
1005.258000
20
570.672000
10
1005.402000
20
571.824000
10
1006.410000
20
571.536000
0
LWPOLYLINE
8
POLYLINES
90
5
70
0
10
1006.410000
20
571.536000
10
1006.266000
20
570.672000
10
1005.258000
20
570.672000
10
1005.402000
20
571.824000
10
1006.410000
20
571.536000
0
LINE
8
LINES
10
987.690000
20
535.032000
30
0.0
11
1005.474000
21
565.128000
31
0.0
0
LINE
8
LINES
10
987.690000
20
535.032000
30
0.0
11
1005.474000
21
565.128000
31
0.0
0
LINE
8
LINES
10
982.938000
20
535.104000
30
0.0
11
1004.322000
21
566.136000
31
0.0
0
LINE
8
LINES
10
982.938000
20
535.104000
30
0.0
11
1004.322000
21
566.136000
31
0.0
0
LWPOLYLINE
8
POLYLINES
90
5
70
0
10
1011.450000
20
564.624000
10
1012.746000
20
565.200000
10
1013.178000
20
564.192000
10
1011.882000
20
563.616000
10
1011.450000
20
564.624000
0
LWPOLYLINE
8
POLYLINES
90
5
70
0
10
1011.450000
20
564.624000
10
1012.746000
20
565.200000
10
1013.178000
20
564.192000
10
1011.882000
20
563.616000
10
1011.450000
20
564.624000
0
LWPOLYLINE
8
POLYLINES
90
5
70
0
10
1012.746000
20
576.288000
10
1011.450000
20
576.720000
10
1011.882000
20
577.728000
10
1013.178000
20
577.152000
10
1012.746000
20
576.288000
0
LWPOLYLINE
8
POLYLINES
90
5
70
0
10
1012.746000
20
576.288000
10
1011.450000
20
576.720000
10
1011.882000
20
577.728000
10
1013.178000
20
577.152000
10
1012.746000
20
576.288000
0
LWPOLYLINE
8
POLYLINES
90
5
70
0
10
1011.594000
20
568.224000
10
1012.170000
20
568.944000
10
1013.034000
20
568.368000
10
1012.314000
20
567.504000
10
1011.594000
20
568.224000
0
LWPOLYLINE
8
POLYLINES
90
5
70
0
10
1011.594000
20
568.224000
10
1012.170000
20
568.944000
10
1013.034000
20
568.368000
10
1012.314000
20
567.504000
10
1011.594000
20
568.224000
0
LWPOLYLINE
8
POLYLINES
90
5
70
0
10
1012.170000
20
572.400000
10
1011.594000
20
573.120000
10
1012.314000
20
573.840000
10
1013.034000
20
572.976000
10
1012.170000
20
572.400000
0
LWPOLYLINE
8
POLYLINES
90
5
70
0
10
1012.170000
20
572.400000
10
1011.594000
20
573.120000
10
1012.314000
20
573.840000
10
1013.034000
20
572.976000
10
1012.170000
20
572.400000
0
LWPOLYLINE
8
POLYLINES
90
5
70
0
10
1012.170000
20
568.944000
10
1012.602000
20
569.808000
10
1013.610000
20
569.520000
10
1013.034000
20
568.368000
10
1012.170000
20
568.944000
0
LWPOLYLINE
8
POLYLINES
90
5
70
0
10
1012.170000
20
568.944000
10
1012.602000
20
569.808000
10
1013.610000
20
569.520000
10
1013.034000
20
568.368000
10
1012.170000
20
568.944000
0
LWPOLYLINE
8
POLYLINES
90
5
70
0
10
1012.602000
20
571.536000
10
1012.170000
20
572.400000
10
1013.034000
20
572.976000
10
1013.610000
20
571.824000
10
1012.602000
20
571.536000
0
LWPOLYLINE
8
POLYLINES
90
5
70
0
10
1012.602000
20
571.536000
10
1012.170000
20
572.400000
10
1013.034000
20
572.976000
10
1013.610000
20
571.824000
10
1012.602000
20
571.536000
0
LWPOLYLINE
8
POLYLINES
90
5
70
0
10
1012.746000
20
565.200000
10
1013.754000
20
565.920000
10
1014.474000
20
565.200000
10
1013.178000
20
564.192000
10
1012.746000
20
565.200000
0
LWPOLYLINE
8
POLYLINES
90
5
70
0
10
1012.746000
20
565.200000
10
1013.754000
20
565.920000
10
1014.474000
20
565.200000
10
1013.178000
20
564.192000
10
1012.746000
20
565.200000
0
LWPOLYLINE
8
POLYLINES
90
5
70
0
10
1012.602000
20
569.808000
10
1012.746000
20
570.672000
10
1013.754000
20
570.672000
10
1013.610000
20
569.520000
10
1012.602000
20
569.808000
0
LWPOLYLINE
8
POLYLINES
90
5
70
0
10
1012.602000
20
569.808000
10
1012.746000
20
570.672000
10
1013.754000
20
570.672000
10
1013.610000
20
569.520000
10
1012.602000
20
569.808000
0
LWPOLYLINE
8
POLYLINES
90
5
70
0
10
1012.746000
20
570.672000
10
1012.602000
20
571.536000
10
1013.610000
20
571.824000
10
1013.754000
20
570.672000
10
1012.746000
20
570.672000
0
LWPOLYLINE
8
POLYLINES
90
5
70
0
10
1012.746000
20
570.672000
10
1012.602000
20
571.536000
10
1013.610000
20
571.824000
10
1013.754000
20
570.672000
10
1012.746000
20
570.672000
0
LWPOLYLINE
8
POLYLINES
90
5
70
0
10
1013.754000
20
565.920000
10
1014.618000
20
566.928000
10
1015.482000
20
566.352000
10
1014.474000
20
565.200000
10
1013.754000
20
565.920000
0
LWPOLYLINE
8
POLYLINES
90
5
70
0
10
1013.754000
20
565.920000
10
1014.618000
20
566.928000
10
1015.482000
20
566.352000
10
1014.474000
20
565.200000
10
1013.754000
20
565.920000
0
LWPOLYLINE
8
POLYLINES
90
5
70
0
10
1014.618000
20
566.928000
10
1015.338000
20
568.080000
10
1016.346000
20
567.648000
10
1015.482000
20
566.352000
10
1014.618000
20
566.928000
0
LWPOLYLINE
8
POLYLINES
90
5
70
0
10
1014.618000
20
566.928000
10
1015.338000
20
568.080000
10
1016.346000
20
567.648000
10
1015.482000
20
566.352000
10
1014.618000
20
566.928000
0
LWPOLYLINE
8
POLYLINES
90
5
70
0
10
1015.338000
20
568.080000
10
1015.770000
20
569.376000
10
1016.778000
20
569.088000
10
1016.346000
20
567.648000
10
1015.338000
20
568.080000
0
LWPOLYLINE
8
POLYLINES
90
5
70
0
10
1015.338000
20
568.080000
10
1015.770000
20
569.376000
10
1016.778000
20
569.088000
10
1016.346000
20
567.648000
10
1015.338000
20
568.080000
0
LWPOLYLINE
8
POLYLINES
90
5
70
0
10
1015.770000
20
571.968000
10
1015.338000
20
573.264000
10
1016.346000
20
573.696000
10
1016.778000
20
572.256000
10
1015.770000
20
571.968000
0
LWPOLYLINE
8
POLYLINES
90
5
70
0
10
1015.770000
20
571.968000
10
1015.338000
20
573.264000
10
1016.346000
20
573.696000
10
1016.778000
20
572.256000
10
1015.770000
20
571.968000
0
LWPOLYLINE
8
POLYLINES
90
5
70
0
10
1015.770000
20
569.376000
10
1015.914000
20
570.672000
10
1016.922000
20
570.672000
10
1016.778000
20
569.088000
10
1015.770000
20
569.376000
0
LWPOLYLINE
8
POLYLINES
90
5
70
0
10
1015.770000
20
569.376000
10
1015.914000
20
570.672000
10
1016.922000
20
570.672000
10
1016.778000
20
569.088000
10
1015.770000
20
569.376000
0
LWPOLYLINE
8
POLYLINES
90
5
70
0
10
1015.914000
20
570.672000
10
1015.770000
20
571.968000
10
1016.778000
20
572.256000
10
1016.922000
20
570.672000
10
1015.914000
20
570.672000
0
LWPOLYLINE
8
POLYLINES
90
5
70
0
10
1015.914000
20
570.672000
10
1015.770000
20
571.968000
10
1016.778000
20
572.256000
10
1016.922000
20
570.672000
10
1015.914000
20
570.672000
0
LWPOLYLINE
8
POLYLINES
90
5
70
0
10
1015.338000
20
573.264000
10
1014.618000
20
574.416000
10
1015.482000
20
575.136000
10
1016.346000
20
573.696000
10
1015.338000
20
573.264000
0
LWPOLYLINE
8
POLYLINES
90
5
70
0
10
1015.338000
20
573.264000
10
1014.618000
20
574.416000
10
1015.482000
20
575.136000
10
1016.346000
20
573.696000
10
1015.338000
20
573.264000
0
LWPOLYLINE
8
POLYLINES
90
5
70
0
10
1014.618000
20
574.416000
10
1013.754000
20
575.424000
10
1014.474000
20
576.288000
10
1015.482000
20
575.136000
10
1014.618000
20
574.416000
0
LWPOLYLINE
8
POLYLINES
90
5
70
0
10
1014.618000
20
574.416000
10
1013.754000
20
575.424000
10
1014.474000
20
576.288000
10
1015.482000
20
575.136000
10
1014.618000
20
574.416000
0
LWPOLYLINE
8
POLYLINES
90
5
70
0
10
1013.754000
20
575.424000
10
1012.746000
20
576.288000
10
1013.178000
20
577.152000
10
1014.474000
20
576.288000
10
1013.754000
20
575.424000
0
LWPOLYLINE
8
POLYLINES
90
5
70
0
10
1013.754000
20
575.424000
10
1012.746000
20
576.288000
10
1013.178000
20
577.152000
10
1014.474000
20
576.288000
10
1013.754000
20
575.424000
0
TEXT
8
TEXTS
10
549.797561
20
514.385526
30
0.0
40
9.126554
1
m游和坪变
0
LWPOLYLINE
8
POLYLINES
90
5
70
0
10
598.170000
20
531.936000
10
598.314000
20
530.928000
10
597.306000
20
530.640000
10
597.162000
20
531.936000
10
598.170000
20
531.936000
0
LWPOLYLINE
8
POLYLINES
90
5
70
0
10
598.170000
20
531.936000
10
598.314000
20
530.928000
10
597.306000
20
530.640000
10
597.162000
20
531.936000
10
598.170000
20
531.936000
0
LWPOLYLINE
8
POLYLINES
90
5
70
0
10
598.314000
20
530.928000
10
598.746000
20
530.208000
10
597.882000
20
529.632000
10
597.306000
20
530.640000
10
598.314000
20
530.928000
0
LWPOLYLINE
8
POLYLINES
90
5
70
0
10
598.314000
20
530.928000
10
598.746000
20
530.208000
10
597.882000
20
529.632000
10
597.306000
20
530.640000
10
598.314000
20
530.928000
0
LWPOLYLINE
8
POLYLINES
90
5
70
0
10
598.746000
20
530.208000
10
599.322000
20
529.488000
10
598.602000
20
528.624000
10
597.882000
20
529.632000
10
598.746000
20
530.208000
0
LWPOLYLINE
8
POLYLINES
90
5
70
0
10
598.746000
20
530.208000
10
599.322000
20
529.488000
10
598.602000
20
528.624000
10
597.882000
20
529.632000
10
598.746000
20
530.208000
0
LWPOLYLINE
8
POLYLINES
90
5
70
0
10
599.322000
20
529.488000
10
600.042000
20
528.912000
10
599.610000
20
528.048000
10
598.602000
20
528.624000
10
599.322000
20
529.488000
0
LWPOLYLINE
8
POLYLINES
90
5
70
0
10
599.322000
20
529.488000
10
600.042000
20
528.912000
10
599.610000
20
528.048000
10
598.602000
20
528.624000
10
599.322000
20
529.488000
0
LWPOLYLINE
8
POLYLINES
90
5
70
0
10
600.042000
20
528.912000
10
600.906000
20
528.768000
10
600.762000
20
527.616000
10
599.610000
20
528.048000
10
600.042000
20
528.912000
0
LWPOLYLINE
8
POLYLINES
90
5
70
0
10
600.042000
20
528.912000
10
600.906000
20
528.768000
10
600.762000
20
527.616000
10
599.610000
20
528.048000
10
600.042000
20
528.912000
0
LWPOLYLINE
8
POLYLINES
90
5
70
0
10
600.906000
20
528.768000
10
601.914000
20
528.768000
10
602.058000
20
527.616000
10
600.762000
20
527.616000
10
600.906000
20
528.768000
0
LWPOLYLINE
8
POLYLINES
90
5
70
0
10
600.906000
20
528.768000
10
601.914000
20
528.768000
10
602.058000
20
527.616000
10
600.762000
20
527.616000
10
600.906000
20
528.768000
0
LWPOLYLINE
8
POLYLINES
90
5
70
0
10
601.914000
20
528.768000
10
602.778000
20
528.912000
10
603.210000
20
528.048000
10
602.058000
20
527.616000
10
601.914000
20
528.768000
0
LWPOLYLINE
8
POLYLINES
90
5
70
0
10
601.914000
20
528.768000
10
602.778000
20
528.912000
10
603.210000
20
528.048000
10
602.058000
20
527.616000
10
601.914000
20
528.768000
0
LWPOLYLINE
8
POLYLINES
90
5
70
0
10
602.778000
20
528.912000
10
603.498000
20
529.488000
10
604.218000
20
528.624000
10
603.210000
20
528.048000
10
602.778000
20
528.912000
0
LWPOLYLINE
8
POLYLINES
90
5
70
0
10
602.778000
20
528.912000
10
603.498000
20
529.488000
10
604.218000
20
528.624000
10
603.210000
20
528.048000
10
602.778000
20
528.912000
0
LWPOLYLINE
8
POLYLINES
90
5
70
0
10
603.498000
20
529.488000
10
604.074000
20
530.208000
10
604.938000
20
529.632000
10
604.218000
20
528.624000
10
603.498000
20
529.488000
0
LWPOLYLINE
8
POLYLINES
90
5
70
0
10
603.498000
20
529.488000
10
604.074000
20
530.208000
10
604.938000
20
529.632000
10
604.218000
20
528.624000
10
603.498000
20
529.488000
0
LWPOLYLINE
8
POLYLINES
90
5
70
0
10
604.074000
20
530.208000
10
604.506000
20
530.928000
10
605.514000
20
530.640000
10
604.938000
20
529.632000
10
604.074000
20
530.208000
0
LWPOLYLINE
8
POLYLINES
90
5
70
0
10
604.074000
20
530.208000
10
604.506000
20
530.928000
10
605.514000
20
530.640000
10
604.938000
20
529.632000
10
604.074000
20
530.208000
0
LWPOLYLINE
8
POLYLINES
90
5
70
0
10
604.506000
20
530.928000
10
604.650000
20
531.936000
10
605.658000
20
531.936000
10
605.514000
20
530.640000
10
604.506000
20
530.928000
0
LWPOLYLINE
8
POLYLINES
90
5
70
0
10
604.506000
20
530.928000
10
604.650000
20
531.936000
10
605.658000
20
531.936000
10
605.514000
20
530.640000
10
604.506000
20
530.928000
0
LWPOLYLINE
8
POLYLINES
90
5
70
0
10
604.650000
20
531.936000
10
604.506000
20
532.800000
10
605.514000
20
533.088000
10
605.658000
20
531.936000
10
604.650000
20
531.936000
0
LWPOLYLINE
8
POLYLINES
90
5
70
0
10
604.650000
20
531.936000
10
604.506000
20
532.800000
10
605.514000
20
533.088000
10
605.658000
20
531.936000
10
604.650000
20
531.936000
0
LWPOLYLINE
8
POLYLINES
90
5
70
0
10
604.506000
20
532.800000
10
604.074000
20
533.664000
10
604.938000
20
534.240000
10
605.514000
20
533.088000
10
604.506000
20
532.800000
0
LWPOLYLINE
8
POLYLINES
90
5
70
0
10
604.506000
20
532.800000
10
604.074000
20
533.664000
10
604.938000
20
534.240000
10
605.514000
20
533.088000
10
604.506000
20
532.800000
0
LWPOLYLINE
8
POLYLINES
90
5
70
0
10
604.074000
20
533.664000
10
603.498000
20
534.240000
10
604.218000
20
535.104000
10
604.938000
20
534.240000
10
604.074000
20
533.664000
0
LWPOLYLINE
8
POLYLINES
90
5
70
0
10
604.074000
20
533.664000
10
603.498000
20
534.240000
10
604.218000
20
535.104000
10
604.938000
20
534.240000
10
604.074000
20
533.664000
0
LWPOLYLINE
8
POLYLINES
90
5
70
0
10
603.498000
20
534.240000
10
602.778000
20
534.816000
10
603.210000
20
535.680000
10
604.218000
20
535.104000
10
603.498000
20
534.240000
0
LWPOLYLINE
8
POLYLINES
90
5
70
0
10
603.498000
20
534.240000
10
602.778000
20
534.816000
10
603.210000
20
535.680000
10
604.218000
20
535.104000
10
603.498000
20
534.240000
0
LWPOLYLINE
8
POLYLINES
90
5
70
0
10
602.778000
20
534.816000
10
601.914000
20
535.104000
10
602.058000
20
536.112000
10
603.210000
20
535.680000
10
602.778000
20
534.816000
0
LWPOLYLINE
8
POLYLINES
90
5
70
0
10
602.778000
20
534.816000
10
601.914000
20
535.104000
10
602.058000
20
536.112000
10
603.210000
20
535.680000
10
602.778000
20
534.816000
0
LWPOLYLINE
8
POLYLINES
90
5
70
0
10
601.914000
20
535.104000
10
600.906000
20
535.104000
10
600.762000
20
536.112000
10
602.058000
20
536.112000
10
601.914000
20
535.104000
0
LWPOLYLINE
8
POLYLINES
90
5
70
0
10
601.914000
20
535.104000
10
600.906000
20
535.104000
10
600.762000
20
536.112000
10
602.058000
20
536.112000
10
601.914000
20
535.104000
0
LWPOLYLINE
8
POLYLINES
90
5
70
0
10
600.906000
20
535.104000
10
600.042000
20
534.816000
10
599.610000
20
535.680000
10
600.762000
20
536.112000
10
600.906000
20
535.104000
0
LWPOLYLINE
8
POLYLINES
90
5
70
0
10
600.906000
20
535.104000
10
600.042000
20
534.816000
10
599.610000
20
535.680000
10
600.762000
20
536.112000
10
600.906000
20
535.104000
0
LWPOLYLINE
8
POLYLINES
90
5
70
0
10
600.042000
20
534.816000
10
599.322000
20
534.240000
10
598.602000
20
535.104000
10
599.610000
20
535.680000
10
600.042000
20
534.816000
0
LWPOLYLINE
8
POLYLINES
90
5
70
0
10
600.042000
20
534.816000
10
599.322000
20
534.240000
10
598.602000
20
535.104000
10
599.610000
20
535.680000
10
600.042000
20
534.816000
0
LWPOLYLINE
8
POLYLINES
90
5
70
0
10
599.322000
20
534.240000
10
598.746000
20
533.664000
10
597.882000
20
534.240000
10
598.602000
20
535.104000
10
599.322000
20
534.240000
0
LWPOLYLINE
8
POLYLINES
90
5
70
0
10
599.322000
20
534.240000
10
598.746000
20
533.664000
10
597.882000
20
534.240000
10
598.602000
20
535.104000
10
599.322000
20
534.240000
0
LWPOLYLINE
8
POLYLINES
90
5
70
0
10
598.746000
20
533.664000
10
598.314000
20
532.800000
10
597.306000
20
533.088000
10
597.882000
20
534.240000
10
598.746000
20
533.664000
0
LWPOLYLINE
8
POLYLINES
90
5
70
0
10
598.746000
20
533.664000
10
598.314000
20
532.800000
10
597.306000
20
533.088000
10
597.882000
20
534.240000
10
598.746000
20
533.664000
0
LWPOLYLINE
8
POLYLINES
90
5
70
0
10
598.314000
20
532.800000
10
598.170000
20
531.936000
10
597.162000
20
531.936000
10
597.306000
20
533.088000
10
598.314000
20
532.800000
0
LWPOLYLINE
8
POLYLINES
90
5
70
0
10
598.314000
20
532.800000
10
598.170000
20
531.936000
10
597.162000
20
531.936000
10
597.306000
20
533.088000
10
598.314000
20
532.800000
0
TEXT
8
TEXTS
10
121.674000
20
458.513526
30
0.0
40
12.162096
1
株溪口电厂
0
LWPOLYLINE
8
POLYLINES
90
5
70
0
10
126.138000
20
425.952000
10
126.282000
20
425.088000
10
125.274000
20
424.800000
10
125.130000
20
425.952000
10
126.138000
20
425.952000
0
LWPOLYLINE
8
POLYLINES
90
5
70
0
10
126.138000
20
425.952000
10
126.282000
20
425.088000
10
125.274000
20
424.800000
10
125.130000
20
425.952000
10
126.138000
20
425.952000
0
LWPOLYLINE
8
POLYLINES
90
5
70
0
10
126.282000
20
425.088000
10
126.714000
20
424.224000
10
125.850000
20
423.648000
10
125.274000
20
424.800000
10
126.282000
20
425.088000
0
LWPOLYLINE
8
POLYLINES
90
5
70
0
10
126.282000
20
425.088000
10
126.714000
20
424.224000
10
125.850000
20
423.648000
10
125.274000
20
424.800000
10
126.282000
20
425.088000
0
LWPOLYLINE
8
POLYLINES
90
5
70
0
10
126.714000
20
424.224000
10
127.290000
20
423.504000
10
126.570000
20
422.784000
10
125.850000
20
423.648000
10
126.714000
20
424.224000
0
LWPOLYLINE
8
POLYLINES
90
5
70
0
10
126.714000
20
424.224000
10
127.290000
20
423.504000
10
126.570000
20
422.784000
10
125.850000
20
423.648000
10
126.714000
20
424.224000
0
LWPOLYLINE
8
POLYLINES
90
5
70
0
10
127.290000
20
423.504000
10
128.010000
20
423.072000
10
127.578000
20
422.064000
10
126.570000
20
422.784000
10
127.290000
20
423.504000
0
LWPOLYLINE
8
POLYLINES
90
5
70
0
10
127.290000
20
423.504000
10
128.010000
20
423.072000
10
127.578000
20
422.064000
10
126.570000
20
422.784000
10
127.290000
20
423.504000
0
LWPOLYLINE
8
POLYLINES
90
5
70
0
10
128.010000
20
423.072000
10
128.874000
20
422.784000
10
128.730000
20
421.776000
10
127.578000
20
422.064000
10
128.010000
20
423.072000
0
LWPOLYLINE
8
POLYLINES
90
5
70
0
10
128.010000
20
423.072000
10
128.874000
20
422.784000
10
128.730000
20
421.776000
10
127.578000
20
422.064000
10
128.010000
20
423.072000
0
LWPOLYLINE
8
POLYLINES
90
5
70
0
10
128.874000
20
422.784000
10
129.882000
20
422.784000
10
130.026000
20
421.776000
10
128.730000
20
421.776000
10
128.874000
20
422.784000
0
LWPOLYLINE
8
POLYLINES
90
5
70
0
10
128.874000
20
422.784000
10
129.882000
20
422.784000
10
130.026000
20
421.776000
10
128.730000
20
421.776000
10
128.874000
20
422.784000
0
LWPOLYLINE
8
POLYLINES
90
5
70
0
10
129.882000
20
422.784000
10
130.746000
20
423.072000
10
131.178000
20
422.064000
10
130.026000
20
421.776000
10
129.882000
20
422.784000
0
LWPOLYLINE
8
POLYLINES
90
5
70
0
10
129.882000
20
422.784000
10
130.746000
20
423.072000
10
131.178000
20
422.064000
10
130.026000
20
421.776000
10
129.882000
20
422.784000
0
LWPOLYLINE
8
POLYLINES
90
5
70
0
10
130.746000
20
423.072000
10
131.466000
20
423.504000
10
132.186000
20
422.784000
10
131.178000
20
422.064000
10
130.746000
20
423.072000
0
LWPOLYLINE
8
POLYLINES
90
5
70
0
10
130.746000
20
423.072000
10
131.466000
20
423.504000
10
132.186000
20
422.784000
10
131.178000
20
422.064000
10
130.746000
20
423.072000
0
LWPOLYLINE
8
POLYLINES
90
5
70
0
10
131.466000
20
423.504000
10
132.042000
20
424.224000
10
132.906000
20
423.648000
10
132.186000
20
422.784000
10
131.466000
20
423.504000
0
LWPOLYLINE
8
POLYLINES
90
5
70
0
10
131.466000
20
423.504000
10
132.042000
20
424.224000
10
132.906000
20
423.648000
10
132.186000
20
422.784000
10
131.466000
20
423.504000
0
LWPOLYLINE
8
POLYLINES
90
5
70
0
10
132.042000
20
424.224000
10
132.474000
20
425.088000
10
133.482000
20
424.800000
10
132.906000
20
423.648000
10
132.042000
20
424.224000
0
LWPOLYLINE
8
POLYLINES
90
5
70
0
10
132.042000
20
424.224000
10
132.474000
20
425.088000
10
133.482000
20
424.800000
10
132.906000
20
423.648000
10
132.042000
20
424.224000
0
LWPOLYLINE
8
POLYLINES
90
5
70
0
10
132.474000
20
425.088000
10
132.618000
20
425.952000
10
133.626000
20
425.952000
10
133.482000
20
424.800000
10
132.474000
20
425.088000
0
LWPOLYLINE
8
POLYLINES
90
5
70
0
10
132.474000
20
425.088000
10
132.618000
20
425.952000
10
133.626000
20
425.952000
10
133.482000
20
424.800000
10
132.474000
20
425.088000
0
LWPOLYLINE
8
POLYLINES
90
5
70
0
10
132.618000
20
425.952000
10
132.474000
20
426.816000
10
133.482000
20
427.104000
10
133.626000
20
425.952000
10
132.618000
20
425.952000
0
LWPOLYLINE
8
POLYLINES
90
5
70
0
10
132.618000
20
425.952000
10
132.474000
20
426.816000
10
133.482000
20
427.104000
10
133.626000
20
425.952000
10
132.618000
20
425.952000
0
LWPOLYLINE
8
POLYLINES
90
5
70
0
10
132.474000
20
426.816000
10
132.042000
20
427.680000
10
132.906000
20
428.256000
10
133.482000
20
427.104000
10
132.474000
20
426.816000
0
LWPOLYLINE
8
POLYLINES
90
5
70
0
10
132.474000
20
426.816000
10
132.042000
20
427.680000
10
132.906000
20
428.256000
10
133.482000
20
427.104000
10
132.474000
20
426.816000
0
LWPOLYLINE
8
POLYLINES
90
5
70
0
10
132.042000
20
427.680000
10
131.466000
20
428.400000
10
132.186000
20
429.120000
10
132.906000
20
428.256000
10
132.042000
20
427.680000
0
LWPOLYLINE
8
POLYLINES
90
5
70
0
10
132.042000
20
427.680000
10
131.466000
20
428.400000
10
132.186000
20
429.120000
10
132.906000
20
428.256000
10
132.042000
20
427.680000
0
LWPOLYLINE
8
POLYLINES
90
5
70
0
10
131.466000
20
428.400000
10
130.746000
20
428.832000
10
131.178000
20
429.840000
10
132.186000
20
429.120000
10
131.466000
20
428.400000
0
LWPOLYLINE
8
POLYLINES
90
5
70
0
10
131.466000
20
428.400000
10
130.746000
20
428.832000
10
131.178000
20
429.840000
10
132.186000
20
429.120000
10
131.466000
20
428.400000
0
LWPOLYLINE
8
POLYLINES
90
5
70
0
10
130.746000
20
428.832000
10
129.882000
20
429.120000
10
130.026000
20
430.128000
10
131.178000
20
429.840000
10
130.746000
20
428.832000
0
LWPOLYLINE
8
POLYLINES
90
5
70
0
10
130.746000
20
428.832000
10
129.882000
20
429.120000
10
130.026000
20
430.128000
10
131.178000
20
429.840000
10
130.746000
20
428.832000
0
LWPOLYLINE
8
POLYLINES
90
5
70
0
10
129.882000
20
429.120000
10
128.874000
20
429.120000
10
128.730000
20
430.128000
10
130.026000
20
430.128000
10
129.882000
20
429.120000
0
LWPOLYLINE
8
POLYLINES
90
5
70
0
10
129.882000
20
429.120000
10
128.874000
20
429.120000
10
128.730000
20
430.128000
10
130.026000
20
430.128000
10
129.882000
20
429.120000
0
LWPOLYLINE
8
POLYLINES
90
5
70
0
10
128.874000
20
429.120000
10
128.010000
20
428.832000
10
127.578000
20
429.840000
10
128.730000
20
430.128000
10
128.874000
20
429.120000
0
LWPOLYLINE
8
POLYLINES
90
5
70
0
10
128.874000
20
429.120000
10
128.010000
20
428.832000
10
127.578000
20
429.840000
10
128.730000
20
430.128000
10
128.874000
20
429.120000
0
LWPOLYLINE
8
POLYLINES
90
5
70
0
10
128.010000
20
428.832000
10
127.290000
20
428.400000
10
126.570000
20
429.120000
10
127.578000
20
429.840000
10
128.010000
20
428.832000
0
LWPOLYLINE
8
POLYLINES
90
5
70
0
10
128.010000
20
428.832000
10
127.290000
20
428.400000
10
126.570000
20
429.120000
10
127.578000
20
429.840000
10
128.010000
20
428.832000
0
LWPOLYLINE
8
POLYLINES
90
5
70
0
10
127.290000
20
428.400000
10
126.714000
20
427.680000
10
125.850000
20
428.256000
10
126.570000
20
429.120000
10
127.290000
20
428.400000
0
LWPOLYLINE
8
POLYLINES
90
5
70
0
10
127.290000
20
428.400000
10
126.714000
20
427.680000
10
125.850000
20
428.256000
10
126.570000
20
429.120000
10
127.290000
20
428.400000
0
LWPOLYLINE
8
POLYLINES
90
5
70
0
10
126.714000
20
427.680000
10
126.282000
20
426.816000
10
125.274000
20
427.104000
10
125.850000
20
428.256000
10
126.714000
20
427.680000
0
LWPOLYLINE
8
POLYLINES
90
5
70
0
10
126.714000
20
427.680000
10
126.282000
20
426.816000
10
125.274000
20
427.104000
10
125.850000
20
428.256000
10
126.714000
20
427.680000
0
LWPOLYLINE
8
POLYLINES
90
5
70
0
10
126.282000
20
426.816000
10
126.138000
20
425.952000
10
125.130000
20
425.952000
10
125.274000
20
427.104000
10
126.282000
20
426.816000
0
LWPOLYLINE
8
POLYLINES
90
5
70
0
10
126.282000
20
426.816000
10
126.138000
20
425.952000
10
125.130000
20
425.952000
10
125.274000
20
427.104000
10
126.282000
20
426.816000
0
LINE
8
LINES
10
132.042000
20
428.544000
30
0.0
11
148.602000
21
444.024000
31
0.0
0
LINE
8
LINES
10
132.042000
20
428.544000
30
0.0
11
148.602000
21
444.024000
31
0.0
0
LINE
8
LINES
10
148.386000
20
444.384000
30
0.0
11
164.298000
21
444.384000
31
0.0
0
LINE
8
LINES
10
148.386000
20
444.384000
30
0.0
11
164.298000
21
444.384000
31
0.0
0
LINE
8
LINES
10
148.386000
20
453.456000
30
0.0
11
148.386000
21
444.384000
31
0.0
0
LINE
8
LINES
10
148.386000
20
453.456000
30
0.0
11
148.386000
21
444.384000
31
0.0
0
LINE
8
LINES
10
164.298000
20
444.384000
30
0.0
11
164.298000
21
453.456000
31
0.0
0
LINE
8
LINES
10
164.298000
20
444.384000
30
0.0
11
164.298000
21
453.456000
31
0.0
0
LINE
8
LINES
10
164.298000
20
453.456000
30
0.0
11
148.386000
21
453.456000
31
0.0
0
LINE
8
LINES
10
164.298000
20
453.456000
30
0.0
11
148.386000
21
453.456000
31
0.0
0
TEXT
8
TEXTS
10
1037.802000
20
430.289526
30
0.0
40
12.162096
1
川花桥变至复兴变
0
LWPOLYLINE
8
POLYLINES
90
5
70
0
10
1028.442000
20
434.160000
10
1028.586000
20
433.296000
10
1027.578000
20
433.008000
10
1027.290000
20
434.160000
10
1028.442000
20
434.160000
0
LWPOLYLINE
8
POLYLINES
90
5
70
0
10
1028.442000
20
434.160000
10
1028.586000
20
433.296000
10
1027.578000
20
433.008000
10
1027.290000
20
434.160000
10
1028.442000
20
434.160000
0
LWPOLYLINE
8
POLYLINES
90
5
70
0
10
1028.586000
20
433.296000
10
1028.874000
20
432.576000
10
1028.010000
20
432.000000
10
1027.578000
20
433.008000
10
1028.586000
20
433.296000
0
LWPOLYLINE
8
POLYLINES
90
5
70
0
10
1028.586000
20
433.296000
10
1028.874000
20
432.576000
10
1028.010000
20
432.000000
10
1027.578000
20
433.008000
10
1028.586000
20
433.296000
0
LWPOLYLINE
8
POLYLINES
90
5
70
0
10
1028.874000
20
432.576000
10
1029.450000
20
431.856000
10
1028.874000
20
430.992000
10
1028.010000
20
432.000000
10
1028.874000
20
432.576000
0
LWPOLYLINE
8
POLYLINES
90
5
70
0
10
1028.874000
20
432.576000
10
1029.450000
20
431.856000
10
1028.874000
20
430.992000
10
1028.010000
20
432.000000
10
1028.874000
20
432.576000
0
LWPOLYLINE
8
POLYLINES
90
5
70
0
10
1029.450000
20
431.856000
10
1030.314000
20
431.280000
10
1029.882000
20
430.416000
10
1028.874000
20
430.992000
10
1029.450000
20
431.856000
0
LWPOLYLINE
8
POLYLINES
90
5
70
0
10
1029.450000
20
431.856000
10
1030.314000
20
431.280000
10
1029.882000
20
430.416000
10
1028.874000
20
430.992000
10
1029.450000
20
431.856000
0
LWPOLYLINE
8
POLYLINES
90
5
70
0
10
1030.314000
20
431.280000
10
1031.178000
20
431.136000
10
1031.034000
20
429.984000
10
1029.882000
20
430.416000
10
1030.314000
20
431.280000
0
LWPOLYLINE
8
POLYLINES
90
5
70
0
10
1030.314000
20
431.280000
10
1031.178000
20
431.136000
10
1031.034000
20
429.984000
10
1029.882000
20
430.416000
10
1030.314000
20
431.280000
0
LWPOLYLINE
8
POLYLINES
90
5
70
0
10
1031.178000
20
431.136000
10
1032.042000
20
431.136000
10
1032.186000
20
429.984000
10
1031.034000
20
429.984000
10
1031.178000
20
431.136000
0
LWPOLYLINE
8
POLYLINES
90
5
70
0
10
1031.178000
20
431.136000
10
1032.042000
20
431.136000
10
1032.186000
20
429.984000
10
1031.034000
20
429.984000
10
1031.178000
20
431.136000
0
LWPOLYLINE
8
POLYLINES
90
5
70
0
10
1032.042000
20
431.136000
10
1032.906000
20
431.280000
10
1033.338000
20
430.416000
10
1032.186000
20
429.984000
10
1032.042000
20
431.136000
0
LWPOLYLINE
8
POLYLINES
90
5
70
0
10
1032.042000
20
431.136000
10
1032.906000
20
431.280000
10
1033.338000
20
430.416000
10
1032.186000
20
429.984000
10
1032.042000
20
431.136000
0
LWPOLYLINE
8
POLYLINES
90
5
70
0
10
1032.906000
20
431.280000
10
1033.626000
20
431.856000
10
1034.346000
20
430.992000
10
1033.338000
20
430.416000
10
1032.906000
20
431.280000
0
LWPOLYLINE
8
POLYLINES
90
5
70
0
10
1032.906000
20
431.280000
10
1033.626000
20
431.856000
10
1034.346000
20
430.992000
10
1033.338000
20
430.416000
10
1032.906000
20
431.280000
0
LWPOLYLINE
8
POLYLINES
90
5
70
0
10
1033.626000
20
431.856000
10
1034.346000
20
432.576000
10
1035.210000
20
432.000000
10
1034.346000
20
430.992000
10
1033.626000
20
431.856000
0
LWPOLYLINE
8
POLYLINES
90
5
70
0
10
1033.626000
20
431.856000
10
1034.346000
20
432.576000
10
1035.210000
20
432.000000
10
1034.346000
20
430.992000
10
1033.626000
20
431.856000
0
LWPOLYLINE
8
POLYLINES
90
5
70
0
10
1034.346000
20
432.576000
10
1034.634000
20
433.296000
10
1035.642000
20
433.008000
10
1035.210000
20
432.000000
10
1034.346000
20
432.576000
0
LWPOLYLINE
8
POLYLINES
90
5
70
0
10
1034.346000
20
432.576000
10
1034.634000
20
433.296000
10
1035.642000
20
433.008000
10
1035.210000
20
432.000000
10
1034.346000
20
432.576000
0
LWPOLYLINE
8
POLYLINES
90
5
70
0
10
1034.634000
20
433.296000
10
1034.778000
20
434.160000
10
1035.786000
20
434.160000
10
1035.642000
20
433.008000
10
1034.634000
20
433.296000
0
LWPOLYLINE
8
POLYLINES
90
5
70
0
10
1034.634000
20
433.296000
10
1034.778000
20
434.160000
10
1035.786000
20
434.160000
10
1035.642000
20
433.008000
10
1034.634000
20
433.296000
0
LWPOLYLINE
8
POLYLINES
90
5
70
0
10
1034.778000
20
434.160000
10
1034.634000
20
435.168000
10
1035.642000
20
435.456000
10
1035.786000
20
434.160000
10
1034.778000
20
434.160000
0
LWPOLYLINE
8
POLYLINES
90
5
70
0
10
1034.778000
20
434.160000
10
1034.634000
20
435.168000
10
1035.642000
20
435.456000
10
1035.786000
20
434.160000
10
1034.778000
20
434.160000
0
LWPOLYLINE
8
POLYLINES
90
5
70
0
10
1034.634000
20
435.168000
10
1034.346000
20
435.888000
10
1035.210000
20
436.464000
10
1035.642000
20
435.456000
10
1034.634000
20
435.168000
0
LWPOLYLINE
8
POLYLINES
90
5
70
0
10
1034.634000
20
435.168000
10
1034.346000
20
435.888000
10
1035.210000
20
436.464000
10
1035.642000
20
435.456000
10
1034.634000
20
435.168000
0
LWPOLYLINE
8
POLYLINES
90
5
70
0
10
1034.346000
20
435.888000
10
1033.626000
20
436.608000
10
1034.346000
20
437.472000
10
1035.210000
20
436.464000
10
1034.346000
20
435.888000
0
LWPOLYLINE
8
POLYLINES
90
5
70
0
10
1034.346000
20
435.888000
10
1033.626000
20
436.608000
10
1034.346000
20
437.472000
10
1035.210000
20
436.464000
10
1034.346000
20
435.888000
0
LWPOLYLINE
8
POLYLINES
90
5
70
0
10
1033.626000
20
436.608000
10
1032.906000
20
437.184000
10
1033.338000
20
438.048000
10
1034.346000
20
437.472000
10
1033.626000
20
436.608000
0
LWPOLYLINE
8
POLYLINES
90
5
70
0
10
1033.626000
20
436.608000
10
1032.906000
20
437.184000
10
1033.338000
20
438.048000
10
1034.346000
20
437.472000
10
1033.626000
20
436.608000
0
LWPOLYLINE
8
POLYLINES
90
5
70
0
10
1032.906000
20
437.184000
10
1032.042000
20
437.328000
10
1032.186000
20
438.480000
10
1033.338000
20
438.048000
10
1032.906000
20
437.184000
0
LWPOLYLINE
8
POLYLINES
90
5
70
0
10
1032.906000
20
437.184000
10
1032.042000
20
437.328000
10
1032.186000
20
438.480000
10
1033.338000
20
438.048000
10
1032.906000
20
437.184000
0
LWPOLYLINE
8
POLYLINES
90
5
70
0
10
1032.042000
20
437.328000
10
1031.178000
20
437.328000
10
1031.034000
20
438.480000
10
1032.186000
20
438.480000
10
1032.042000
20
437.328000
0
LWPOLYLINE
8
POLYLINES
90
5
70
0
10
1032.042000
20
437.328000
10
1031.178000
20
437.328000
10
1031.034000
20
438.480000
10
1032.186000
20
438.480000
10
1032.042000
20
437.328000
0
LWPOLYLINE
8
POLYLINES
90
5
70
0
10
1031.178000
20
437.328000
10
1030.314000
20
437.184000
10
1029.882000
20
438.048000
10
1031.034000
20
438.480000
10
1031.178000
20
437.328000
0
LWPOLYLINE
8
POLYLINES
90
5
70
0
10
1031.178000
20
437.328000
10
1030.314000
20
437.184000
10
1029.882000
20
438.048000
10
1031.034000
20
438.480000
10
1031.178000
20
437.328000
0
LWPOLYLINE
8
POLYLINES
90
5
70
0
10
1030.314000
20
437.184000
10
1029.450000
20
436.608000
10
1028.874000
20
437.472000
10
1029.882000
20
438.048000
10
1030.314000
20
437.184000
0
LWPOLYLINE
8
POLYLINES
90
5
70
0
10
1030.314000
20
437.184000
10
1029.450000
20
436.608000
10
1028.874000
20
437.472000
10
1029.882000
20
438.048000
10
1030.314000
20
437.184000
0
LWPOLYLINE
8
POLYLINES
90
5
70
0
10
1029.450000
20
436.608000
10
1028.874000
20
435.888000
10
1028.010000
20
436.464000
10
1028.874000
20
437.472000
10
1029.450000
20
436.608000
0
LWPOLYLINE
8
POLYLINES
90
5
70
0
10
1029.450000
20
436.608000
10
1028.874000
20
435.888000
10
1028.010000
20
436.464000
10
1028.874000
20
437.472000
10
1029.450000
20
436.608000
0
LWPOLYLINE
8
POLYLINES
90
5
70
0
10
1028.874000
20
435.888000
10
1028.586000
20
435.168000
10
1027.578000
20
435.456000
10
1028.010000
20
436.464000
10
1028.874000
20
435.888000
0
LWPOLYLINE
8
POLYLINES
90
5
70
0
10
1028.874000
20
435.888000
10
1028.586000
20
435.168000
10
1027.578000
20
435.456000
10
1028.010000
20
436.464000
10
1028.874000
20
435.888000
0
LWPOLYLINE
8
POLYLINES
90
5
70
0
10
1028.586000
20
435.168000
10
1028.442000
20
434.160000
10
1027.290000
20
434.160000
10
1027.578000
20
435.456000
10
1028.586000
20
435.168000
0
LWPOLYLINE
8
POLYLINES
90
5
70
0
10
1028.586000
20
435.168000
10
1028.442000
20
434.160000
10
1027.290000
20
434.160000
10
1027.578000
20
435.456000
10
1028.586000
20
435.168000
0
TEXT
8
TEXTS
10
553.674000
20
418.913526
30
0.0
40
12.162096
1
茶园变
0
LWPOLYLINE
8
POLYLINES
90
5
70
0
10
544.314000
20
423.504000
10
544.458000
20
422.640000
10
543.450000
20
422.352000
10
543.306000
20
423.504000
10
544.314000
20
423.504000
0
LWPOLYLINE
8
POLYLINES
90
5
70
0
10
544.314000
20
423.504000
10
544.458000
20
422.640000
10
543.450000
20
422.352000
10
543.306000
20
423.504000
10
544.314000
20
423.504000
0
LWPOLYLINE
8
POLYLINES
90
5
70
0
10
544.458000
20
422.640000
10
544.746000
20
421.776000
10
543.882000
20
421.200000
10
543.450000
20
422.352000
10
544.458000
20
422.640000
0
LWPOLYLINE
8
POLYLINES
90
5
70
0
10
544.458000
20
422.640000
10
544.746000
20
421.776000
10
543.882000
20
421.200000
10
543.450000
20
422.352000
10
544.458000
20
422.640000
0
LWPOLYLINE
8
POLYLINES
90
5
70
0
10
544.746000
20
421.776000
10
545.466000
20
421.056000
10
544.746000
20
420.336000
10
543.882000
20
421.200000
10
544.746000
20
421.776000
0
LWPOLYLINE
8
POLYLINES
90
5
70
0
10
544.746000
20
421.776000
10
545.466000
20
421.056000
10
544.746000
20
420.336000
10
543.882000
20
421.200000
10
544.746000
20
421.776000
0
LWPOLYLINE
8
POLYLINES
90
5
70
0
10
545.466000
20
421.056000
10
546.186000
20
420.624000
10
545.754000
20
419.616000
10
544.746000
20
420.336000
10
545.466000
20
421.056000
0
LWPOLYLINE
8
POLYLINES
90
5
70
0
10
545.466000
20
421.056000
10
546.186000
20
420.624000
10
545.754000
20
419.616000
10
544.746000
20
420.336000
10
545.466000
20
421.056000
0
LWPOLYLINE
8
POLYLINES
90
5
70
0
10
546.186000
20
420.624000
10
547.050000
20
420.336000
10
546.906000
20
419.328000
10
545.754000
20
419.616000
10
546.186000
20
420.624000
0
LWPOLYLINE
8
POLYLINES
90
5
70
0
10
546.186000
20
420.624000
10
547.050000
20
420.336000
10
546.906000
20
419.328000
10
545.754000
20
419.616000
10
546.186000
20
420.624000
0
LWPOLYLINE
8
POLYLINES
90
5
70
0
10
547.050000
20
420.336000
10
547.914000
20
420.336000
10
548.058000
20
419.328000
10
546.906000
20
419.328000
10
547.050000
20
420.336000
0
LWPOLYLINE
8
POLYLINES
90
5
70
0
10
547.050000
20
420.336000
10
547.914000
20
420.336000
10
548.058000
20
419.328000
10
546.906000
20
419.328000
10
547.050000
20
420.336000
0
LWPOLYLINE
8
POLYLINES
90
5
70
0
10
547.914000
20
420.336000
10
548.778000
20
420.624000
10
549.210000
20
419.616000
10
548.058000
20
419.328000
10
547.914000
20
420.336000
0
LWPOLYLINE
8
POLYLINES
90
5
70
0
10
547.914000
20
420.336000
10
548.778000
20
420.624000
10
549.210000
20
419.616000
10
548.058000
20
419.328000
10
547.914000
20
420.336000
0
LWPOLYLINE
8
POLYLINES
90
5
70
0
10
548.778000
20
420.624000
10
549.642000
20
421.056000
10
550.218000
20
420.336000
10
549.210000
20
419.616000
10
548.778000
20
420.624000
0
LWPOLYLINE
8
POLYLINES
90
5
70
0
10
548.778000
20
420.624000
10
549.642000
20
421.056000
10
550.218000
20
420.336000
10
549.210000
20
419.616000
10
548.778000
20
420.624000
0
LWPOLYLINE
8
POLYLINES
90
5
70
0
10
549.642000
20
421.056000
10
550.218000
20
421.776000
10
551.082000
20
421.200000
10
550.218000
20
420.336000
10
549.642000
20
421.056000
0
LWPOLYLINE
8
POLYLINES
90
5
70
0
10
549.642000
20
421.056000
10
550.218000
20
421.776000
10
551.082000
20
421.200000
10
550.218000
20
420.336000
10
549.642000
20
421.056000
0
LWPOLYLINE
8
POLYLINES
90
5
70
0
10
550.218000
20
421.776000
10
550.506000
20
422.640000
10
551.514000
20
422.352000
10
551.082000
20
421.200000
10
550.218000
20
421.776000
0
LWPOLYLINE
8
POLYLINES
90
5
70
0
10
550.218000
20
421.776000
10
550.506000
20
422.640000
10
551.514000
20
422.352000
10
551.082000
20
421.200000
10
550.218000
20
421.776000
0
LWPOLYLINE
8
POLYLINES
90
5
70
0
10
550.506000
20
422.640000
10
550.650000
20
423.504000
10
551.802000
20
423.504000
10
551.514000
20
422.352000
10
550.506000
20
422.640000
0
LWPOLYLINE
8
POLYLINES
90
5
70
0
10
550.506000
20
422.640000
10
550.650000
20
423.504000
10
551.802000
20
423.504000
10
551.514000
20
422.352000
10
550.506000
20
422.640000
0
LWPOLYLINE
8
POLYLINES
90
5
70
0
10
550.650000
20
423.504000
10
550.506000
20
424.368000
10
551.514000
20
424.656000
10
551.802000
20
423.504000
10
550.650000
20
423.504000
0
LWPOLYLINE
8
POLYLINES
90
5
70
0
10
550.650000
20
423.504000
10
550.506000
20
424.368000
10
551.514000
20
424.656000
10
551.802000
20
423.504000
10
550.650000
20
423.504000
0
LWPOLYLINE
8
POLYLINES
90
5
70
0
10
550.506000
20
424.368000
10
550.218000
20
425.232000
10
551.082000
20
425.808000
10
551.514000
20
424.656000
10
550.506000
20
424.368000
0
LWPOLYLINE
8
POLYLINES
90
5
70
0
10
550.506000
20
424.368000
10
550.218000
20
425.232000
10
551.082000
20
425.808000
10
551.514000
20
424.656000
10
550.506000
20
424.368000
0
LWPOLYLINE
8
POLYLINES
90
5
70
0
10
550.218000
20
425.232000
10
549.642000
20
425.952000
10
550.218000
20
426.672000
10
551.082000
20
425.808000
10
550.218000
20
425.232000
0
LWPOLYLINE
8
POLYLINES
90
5
70
0
10
550.218000
20
425.232000
10
549.642000
20
425.952000
10
550.218000
20
426.672000
10
551.082000
20
425.808000
10
550.218000
20
425.232000
0
LWPOLYLINE
8
POLYLINES
90
5
70
0
10
549.642000
20
425.952000
10
548.778000
20
426.384000
10
549.210000
20
427.392000
10
550.218000
20
426.672000
10
549.642000
20
425.952000
0
LWPOLYLINE
8
POLYLINES
90
5
70
0
10
549.642000
20
425.952000
10
548.778000
20
426.384000
10
549.210000
20
427.392000
10
550.218000
20
426.672000
10
549.642000
20
425.952000
0
LWPOLYLINE
8
POLYLINES
90
5
70
0
10
548.778000
20
426.384000
10
547.914000
20
426.672000
10
548.058000
20
427.680000
10
549.210000
20
427.392000
10
548.778000
20
426.384000
0
LWPOLYLINE
8
POLYLINES
90
5
70
0
10
548.778000
20
426.384000
10
547.914000
20
426.672000
10
548.058000
20
427.680000
10
549.210000
20
427.392000
10
548.778000
20
426.384000
0
LWPOLYLINE
8
POLYLINES
90
5
70
0
10
547.914000
20
426.672000
10
547.050000
20
426.672000
10
546.906000
20
427.680000
10
548.058000
20
427.680000
10
547.914000
20
426.672000
0
LWPOLYLINE
8
POLYLINES
90
5
70
0
10
547.914000
20
426.672000
10
547.050000
20
426.672000
10
546.906000
20
427.680000
10
548.058000
20
427.680000
10
547.914000
20
426.672000
0
LWPOLYLINE
8
POLYLINES
90
5
70
0
10
547.050000
20
426.672000
10
546.186000
20
426.384000
10
545.754000
20
427.392000
10
546.906000
20
427.680000
10
547.050000
20
426.672000
0
LWPOLYLINE
8
POLYLINES
90
5
70
0
10
547.050000
20
426.672000
10
546.186000
20
426.384000
10
545.754000
20
427.392000
10
546.906000
20
427.680000
10
547.050000
20
426.672000
0
LWPOLYLINE
8
POLYLINES
90
5
70
0
10
546.186000
20
426.384000
10
545.466000
20
425.952000
10
544.746000
20
426.672000
10
545.754000
20
427.392000
10
546.186000
20
426.384000
0
LWPOLYLINE
8
POLYLINES
90
5
70
0
10
546.186000
20
426.384000
10
545.466000
20
425.952000
10
544.746000
20
426.672000
10
545.754000
20
427.392000
10
546.186000
20
426.384000
0
LWPOLYLINE
8
POLYLINES
90
5
70
0
10
545.466000
20
425.952000
10
544.746000
20
425.232000
10
543.882000
20
425.808000
10
544.746000
20
426.672000
10
545.466000
20
425.952000
0
LWPOLYLINE
8
POLYLINES
90
5
70
0
10
545.466000
20
425.952000
10
544.746000
20
425.232000
10
543.882000
20
425.808000
10
544.746000
20
426.672000
10
545.466000
20
425.952000
0
LWPOLYLINE
8
POLYLINES
90
5
70
0
10
544.746000
20
425.232000
10
544.458000
20
424.368000
10
543.450000
20
424.656000
10
543.882000
20
425.808000
10
544.746000
20
425.232000
0
LWPOLYLINE
8
POLYLINES
90
5
70
0
10
544.746000
20
425.232000
10
544.458000
20
424.368000
10
543.450000
20
424.656000
10
543.882000
20
425.808000
10
544.746000
20
425.232000
0
LWPOLYLINE
8
POLYLINES
90
5
70
0
10
544.458000
20
424.368000
10
544.314000
20
423.504000
10
543.306000
20
423.504000
10
543.450000
20
424.656000
10
544.458000
20
424.368000
0
LWPOLYLINE
8
POLYLINES
90
5
70
0
10
544.458000
20
424.368000
10
544.314000
20
423.504000
10
543.306000
20
423.504000
10
543.450000
20
424.656000
10
544.458000
20
424.368000
0
TEXT
8
TEXTS
10
131.466000
20
406.817526
30
0.0
40
12.162096
1
思贤变
0
LWPOLYLINE
8
POLYLINES
90
5
70
0
10
126.138000
20
425.952000
10
126.282000
20
425.088000
10
125.274000
20
424.800000
10
125.130000
20
425.952000
10
126.138000
20
425.952000
0
LWPOLYLINE
8
POLYLINES
90
5
70
0
10
126.138000
20
425.952000
10
126.282000
20
425.088000
10
125.274000
20
424.800000
10
125.130000
20
425.952000
10
126.138000
20
425.952000
0
LWPOLYLINE
8
POLYLINES
90
5
70
0
10
126.282000
20
425.088000
10
126.714000
20
424.224000
10
125.850000
20
423.648000
10
125.274000
20
424.800000
10
126.282000
20
425.088000
0
LWPOLYLINE
8
POLYLINES
90
5
70
0
10
126.282000
20
425.088000
10
126.714000
20
424.224000
10
125.850000
20
423.648000
10
125.274000
20
424.800000
10
126.282000
20
425.088000
0
LWPOLYLINE
8
POLYLINES
90
5
70
0
10
126.714000
20
424.224000
10
127.290000
20
423.504000
10
126.570000
20
422.784000
10
125.850000
20
423.648000
10
126.714000
20
424.224000
0
LWPOLYLINE
8
POLYLINES
90
5
70
0
10
126.714000
20
424.224000
10
127.290000
20
423.504000
10
126.570000
20
422.784000
10
125.850000
20
423.648000
10
126.714000
20
424.224000
0
LWPOLYLINE
8
POLYLINES
90
5
70
0
10
127.290000
20
423.504000
10
128.010000
20
423.072000
10
127.578000
20
422.064000
10
126.570000
20
422.784000
10
127.290000
20
423.504000
0
LWPOLYLINE
8
POLYLINES
90
5
70
0
10
127.290000
20
423.504000
10
128.010000
20
423.072000
10
127.578000
20
422.064000
10
126.570000
20
422.784000
10
127.290000
20
423.504000
0
LWPOLYLINE
8
POLYLINES
90
5
70
0
10
128.010000
20
423.072000
10
128.874000
20
422.784000
10
128.730000
20
421.776000
10
127.578000
20
422.064000
10
128.010000
20
423.072000
0
LWPOLYLINE
8
POLYLINES
90
5
70
0
10
128.010000
20
423.072000
10
128.874000
20
422.784000
10
128.730000
20
421.776000
10
127.578000
20
422.064000
10
128.010000
20
423.072000
0
LWPOLYLINE
8
POLYLINES
90
5
70
0
10
128.874000
20
422.784000
10
129.882000
20
422.784000
10
130.026000
20
421.776000
10
128.730000
20
421.776000
10
128.874000
20
422.784000
0
LWPOLYLINE
8
POLYLINES
90
5
70
0
10
128.874000
20
422.784000
10
129.882000
20
422.784000
10
130.026000
20
421.776000
10
128.730000
20
421.776000
10
128.874000
20
422.784000
0
LWPOLYLINE
8
POLYLINES
90
5
70
0
10
129.882000
20
422.784000
10
130.746000
20
423.072000
10
131.178000
20
422.064000
10
130.026000
20
421.776000
10
129.882000
20
422.784000
0
LWPOLYLINE
8
POLYLINES
90
5
70
0
10
129.882000
20
422.784000
10
130.746000
20
423.072000
10
131.178000
20
422.064000
10
130.026000
20
421.776000
10
129.882000
20
422.784000
0
LWPOLYLINE
8
POLYLINES
90
5
70
0
10
130.746000
20
423.072000
10
131.466000
20
423.504000
10
132.186000
20
422.784000
10
131.178000
20
422.064000
10
130.746000
20
423.072000
0
LWPOLYLINE
8
POLYLINES
90
5
70
0
10
130.746000
20
423.072000
10
131.466000
20
423.504000
10
132.186000
20
422.784000
10
131.178000
20
422.064000
10
130.746000
20
423.072000
0
LWPOLYLINE
8
POLYLINES
90
5
70
0
10
131.466000
20
423.504000
10
132.042000
20
424.224000
10
132.906000
20
423.648000
10
132.186000
20
422.784000
10
131.466000
20
423.504000
0
LWPOLYLINE
8
POLYLINES
90
5
70
0
10
131.466000
20
423.504000
10
132.042000
20
424.224000
10
132.906000
20
423.648000
10
132.186000
20
422.784000
10
131.466000
20
423.504000
0
LWPOLYLINE
8
POLYLINES
90
5
70
0
10
132.042000
20
424.224000
10
132.474000
20
425.088000
10
133.482000
20
424.800000
10
132.906000
20
423.648000
10
132.042000
20
424.224000
0
LWPOLYLINE
8
POLYLINES
90
5
70
0
10
132.042000
20
424.224000
10
132.474000
20
425.088000
10
133.482000
20
424.800000
10
132.906000
20
423.648000
10
132.042000
20
424.224000
0
LWPOLYLINE
8
POLYLINES
90
5
70
0
10
132.474000
20
425.088000
10
132.618000
20
425.952000
10
133.626000
20
425.952000
10
133.482000
20
424.800000
10
132.474000
20
425.088000
0
LWPOLYLINE
8
POLYLINES
90
5
70
0
10
132.474000
20
425.088000
10
132.618000
20
425.952000
10
133.626000
20
425.952000
10
133.482000
20
424.800000
10
132.474000
20
425.088000
0
LWPOLYLINE
8
POLYLINES
90
5
70
0
10
132.618000
20
425.952000
10
132.474000
20
426.816000
10
133.482000
20
427.104000
10
133.626000
20
425.952000
10
132.618000
20
425.952000
0
LWPOLYLINE
8
POLYLINES
90
5
70
0
10
132.618000
20
425.952000
10
132.474000
20
426.816000
10
133.482000
20
427.104000
10
133.626000
20
425.952000
10
132.618000
20
425.952000
0
LWPOLYLINE
8
POLYLINES
90
5
70
0
10
132.474000
20
426.816000
10
132.042000
20
427.680000
10
132.906000
20
428.256000
10
133.482000
20
427.104000
10
132.474000
20
426.816000
0
LWPOLYLINE
8
POLYLINES
90
5
70
0
10
132.474000
20
426.816000
10
132.042000
20
427.680000
10
132.906000
20
428.256000
10
133.482000
20
427.104000
10
132.474000
20
426.816000
0
LWPOLYLINE
8
POLYLINES
90
5
70
0
10
132.042000
20
427.680000
10
131.466000
20
428.400000
10
132.186000
20
429.120000
10
132.906000
20
428.256000
10
132.042000
20
427.680000
0
LWPOLYLINE
8
POLYLINES
90
5
70
0
10
132.042000
20
427.680000
10
131.466000
20
428.400000
10
132.186000
20
429.120000
10
132.906000
20
428.256000
10
132.042000
20
427.680000
0
LWPOLYLINE
8
POLYLINES
90
5
70
0
10
131.466000
20
428.400000
10
130.746000
20
428.832000
10
131.178000
20
429.840000
10
132.186000
20
429.120000
10
131.466000
20
428.400000
0
LWPOLYLINE
8
POLYLINES
90
5
70
0
10
131.466000
20
428.400000
10
130.746000
20
428.832000
10
131.178000
20
429.840000
10
132.186000
20
429.120000
10
131.466000
20
428.400000
0
LWPOLYLINE
8
POLYLINES
90
5
70
0
10
130.746000
20
428.832000
10
129.882000
20
429.120000
10
130.026000
20
430.128000
10
131.178000
20
429.840000
10
130.746000
20
428.832000
0
LWPOLYLINE
8
POLYLINES
90
5
70
0
10
130.746000
20
428.832000
10
129.882000
20
429.120000
10
130.026000
20
430.128000
10
131.178000
20
429.840000
10
130.746000
20
428.832000
0
LWPOLYLINE
8
POLYLINES
90
5
70
0
10
129.882000
20
429.120000
10
128.874000
20
429.120000
10
128.730000
20
430.128000
10
130.026000
20
430.128000
10
129.882000
20
429.120000
0
LWPOLYLINE
8
POLYLINES
90
5
70
0
10
129.882000
20
429.120000
10
128.874000
20
429.120000
10
128.730000
20
430.128000
10
130.026000
20
430.128000
10
129.882000
20
429.120000
0
LWPOLYLINE
8
POLYLINES
90
5
70
0
10
128.874000
20
429.120000
10
128.010000
20
428.832000
10
127.578000
20
429.840000
10
128.730000
20
430.128000
10
128.874000
20
429.120000
0
LWPOLYLINE
8
POLYLINES
90
5
70
0
10
128.874000
20
429.120000
10
128.010000
20
428.832000
10
127.578000
20
429.840000
10
128.730000
20
430.128000
10
128.874000
20
429.120000
0
LWPOLYLINE
8
POLYLINES
90
5
70
0
10
128.010000
20
428.832000
10
127.290000
20
428.400000
10
126.570000
20
429.120000
10
127.578000
20
429.840000
10
128.010000
20
428.832000
0
LWPOLYLINE
8
POLYLINES
90
5
70
0
10
128.010000
20
428.832000
10
127.290000
20
428.400000
10
126.570000
20
429.120000
10
127.578000
20
429.840000
10
128.010000
20
428.832000
0
LWPOLYLINE
8
POLYLINES
90
5
70
0
10
127.290000
20
428.400000
10
126.714000
20
427.680000
10
125.850000
20
428.256000
10
126.570000
20
429.120000
10
127.290000
20
428.400000
0
LWPOLYLINE
8
POLYLINES
90
5
70
0
10
127.290000
20
428.400000
10
126.714000
20
427.680000
10
125.850000
20
428.256000
10
126.570000
20
429.120000
10
127.290000
20
428.400000
0
LWPOLYLINE
8
POLYLINES
90
5
70
0
10
126.714000
20
427.680000
10
126.282000
20
426.816000
10
125.274000
20
427.104000
10
125.850000
20
428.256000
10
126.714000
20
427.680000
0
LWPOLYLINE
8
POLYLINES
90
5
70
0
10
126.714000
20
427.680000
10
126.282000
20
426.816000
10
125.274000
20
427.104000
10
125.850000
20
428.256000
10
126.714000
20
427.680000
0
LWPOLYLINE
8
POLYLINES
90
5
70
0
10
126.282000
20
426.816000
10
126.138000
20
425.952000
10
125.130000
20
425.952000
10
125.274000
20
427.104000
10
126.282000
20
426.816000
0
LWPOLYLINE
8
POLYLINES
90
5
70
0
10
126.282000
20
426.816000
10
126.138000
20
425.952000
10
125.130000
20
425.952000
10
125.274000
20
427.104000
10
126.282000
20
426.816000
0
LINE
8
LINES
10
132.042000
20
428.544000
30
0.0
11
148.602000
21
444.024000
31
0.0
0
LINE
8
LINES
10
132.042000
20
428.544000
30
0.0
11
148.602000
21
444.024000
31
0.0
0
LINE
8
LINES
10
148.386000
20
444.384000
30
0.0
11
164.298000
21
444.384000
31
0.0
0
LINE
8
LINES
10
148.386000
20
444.384000
30
0.0
11
164.298000
21
444.384000
31
0.0
0
LINE
8
LINES
10
148.386000
20
453.456000
30
0.0
11
148.386000
21
444.384000
31
0.0
0
LINE
8
LINES
10
148.386000
20
453.456000
30
0.0
11
148.386000
21
444.384000
31
0.0
0
LINE
8
LINES
10
164.298000
20
444.384000
30
0.0
11
164.298000
21
453.456000
31
0.0
0
LINE
8
LINES
10
164.298000
20
444.384000
30
0.0
11
164.298000
21
453.456000
31
0.0
0
LINE
8
LINES
10
164.298000
20
453.456000
30
0.0
11
148.386000
21
453.456000
31
0.0
0
LINE
8
LINES
10
164.298000
20
453.456000
30
0.0
11
148.386000
21
453.456000
31
0.0
0
TEXT
8
TEXTS
10
1103.898000
20
358.721526
30
0.0
40
12.162096
1
刘家湾变
0
LWPOLYLINE
8
POLYLINES
90
5
70
0
10
1085.178000
20
362.736000
10
1085.322000
20
361.440000
10
1084.170000
20
361.152000
10
1084.026000
20
362.736000
10
1085.178000
20
362.736000
0
LWPOLYLINE
8
POLYLINES
90
5
70
0
10
1085.178000
20
362.736000
10
1085.322000
20
361.440000
10
1084.170000
20
361.152000
10
1084.026000
20
362.736000
10
1085.178000
20
362.736000
0
LWPOLYLINE
8
POLYLINES
90
5
70
0
10
1085.322000
20
361.440000
10
1085.610000
20
360.144000
10
1084.746000
20
359.712000
10
1084.170000
20
361.152000
10
1085.322000
20
361.440000
0
LWPOLYLINE
8
POLYLINES
90
5
70
0
10
1085.322000
20
361.440000
10
1085.610000
20
360.144000
10
1084.746000
20
359.712000
10
1084.170000
20
361.152000
10
1085.322000
20
361.440000
0
LWPOLYLINE
8
POLYLINES
90
5
70
0
10
1085.610000
20
360.144000
10
1086.330000
20
358.992000
10
1085.466000
20
358.416000
10
1084.746000
20
359.712000
10
1085.610000
20
360.144000
0
LWPOLYLINE
8
POLYLINES
90
5
70
0
10
1085.610000
20
360.144000
10
1086.330000
20
358.992000
10
1085.466000
20
358.416000
10
1084.746000
20
359.712000
10
1085.610000
20
360.144000
0
LWPOLYLINE
8
POLYLINES
90
5
70
0
10
1086.330000
20
358.992000
10
1087.194000
20
357.984000
10
1086.474000
20
357.264000
10
1085.466000
20
358.416000
10
1086.330000
20
358.992000
0
LWPOLYLINE
8
POLYLINES
90
5
70
0
10
1086.330000
20
358.992000
10
1087.194000
20
357.984000
10
1086.474000
20
357.264000
10
1085.466000
20
358.416000
10
1086.330000
20
358.992000
0
LWPOLYLINE
8
POLYLINES
90
5
70
0
10
1087.194000
20
357.984000
10
1088.346000
20
357.264000
10
1087.770000
20
356.256000
10
1086.474000
20
357.264000
10
1087.194000
20
357.984000
0
LWPOLYLINE
8
POLYLINES
90
5
70
0
10
1087.194000
20
357.984000
10
1088.346000
20
357.264000
10
1087.770000
20
356.256000
10
1086.474000
20
357.264000
10
1087.194000
20
357.984000
0
LWPOLYLINE
8
POLYLINES
90
5
70
0
10
1088.346000
20
357.264000
10
1089.498000
20
356.688000
10
1089.210000
20
355.680000
10
1087.770000
20
356.256000
10
1088.346000
20
357.264000
0
LWPOLYLINE
8
POLYLINES
90
5
70
0
10
1088.346000
20
357.264000
10
1089.498000
20
356.688000
10
1089.210000
20
355.680000
10
1087.770000
20
356.256000
10
1088.346000
20
357.264000
0
LWPOLYLINE
8
POLYLINES
90
5
70
0
10
1089.498000
20
356.688000
10
1090.794000
20
356.400000
10
1090.650000
20
355.392000
10
1089.210000
20
355.680000
10
1089.498000
20
356.688000
0
LWPOLYLINE
8
POLYLINES
90
5
70
0
10
1089.498000
20
356.688000
10
1090.794000
20
356.400000
10
1090.650000
20
355.392000
10
1089.210000
20
355.680000
10
1089.498000
20
356.688000
0
LWPOLYLINE
8
POLYLINES
90
5
70
0
10
1090.794000
20
356.400000
10
1092.090000
20
356.400000
10
1092.234000
20
355.392000
10
1090.650000
20
355.392000
10
1090.794000
20
356.400000
0
LWPOLYLINE
8
POLYLINES
90
5
70
0
10
1090.794000
20
356.400000
10
1092.090000
20
356.400000
10
1092.234000
20
355.392000
10
1090.650000
20
355.392000
10
1090.794000
20
356.400000
0
LWPOLYLINE
8
POLYLINES
90
5
70
0
10
1092.090000
20
356.400000
10
1093.530000
20
356.688000
10
1093.818000
20
355.680000
10
1092.234000
20
355.392000
10
1092.090000
20
356.400000
0
LWPOLYLINE
8
POLYLINES
90
5
70
0
10
1092.090000
20
356.400000
10
1093.530000
20
356.688000
10
1093.818000
20
355.680000
10
1092.234000
20
355.392000
10
1092.090000
20
356.400000
0
LWPOLYLINE
8
POLYLINES
90
5
70
0
10
1093.530000
20
368.784000
10
1092.090000
20
369.072000
10
1092.234000
20
370.080000
10
1093.818000
20
369.792000
10
1093.530000
20
368.784000
0
LWPOLYLINE
8
POLYLINES
90
5
70
0
10
1093.530000
20
368.784000
10
1092.090000
20
369.072000
10
1092.234000
20
370.080000
10
1093.818000
20
369.792000
10
1093.530000
20
368.784000
0
LWPOLYLINE
8
POLYLINES
90
5
70
0
10
1092.090000
20
369.072000
10
1090.794000
20
369.072000
10
1090.650000
20
370.080000
10
1092.234000
20
370.080000
10
1092.090000
20
369.072000
0
LWPOLYLINE
8
POLYLINES
90
5
70
0
10
1092.090000
20
369.072000
10
1090.794000
20
369.072000
10
1090.650000
20
370.080000
10
1092.234000
20
370.080000
10
1092.090000
20
369.072000
0
LWPOLYLINE
8
POLYLINES
90
5
70
0
10
1090.794000
20
369.072000
10
1089.498000
20
368.784000
10
1089.210000
20
369.792000
10
1090.650000
20
370.080000
10
1090.794000
20
369.072000
0
LWPOLYLINE
8
POLYLINES
90
5
70
0
10
1090.794000
20
369.072000
10
1089.498000
20
368.784000
10
1089.210000
20
369.792000
10
1090.650000
20
370.080000
10
1090.794000
20
369.072000
0
LWPOLYLINE
8
POLYLINES
90
5
70
0
10
1089.498000
20
368.784000
10
1088.346000
20
368.208000
10
1087.770000
20
369.216000
10
1089.210000
20
369.792000
10
1089.498000
20
368.784000
0
LWPOLYLINE
8
POLYLINES
90
5
70
0
10
1089.498000
20
368.784000
10
1088.346000
20
368.208000
10
1087.770000
20
369.216000
10
1089.210000
20
369.792000
10
1089.498000
20
368.784000
0
LWPOLYLINE
8
POLYLINES
90
5
70
0
10
1088.346000
20
368.208000
10
1087.194000
20
367.488000
10
1086.474000
20
368.208000
10
1087.770000
20
369.216000
10
1088.346000
20
368.208000
0
LWPOLYLINE
8
POLYLINES
90
5
70
0
10
1088.346000
20
368.208000
10
1087.194000
20
367.488000
10
1086.474000
20
368.208000
10
1087.770000
20
369.216000
10
1088.346000
20
368.208000
0
LWPOLYLINE
8
POLYLINES
90
5
70
0
10
1087.194000
20
367.488000
10
1086.330000
20
366.480000
10
1085.466000
20
367.056000
10
1086.474000
20
368.208000
10
1087.194000
20
367.488000
0
LWPOLYLINE
8
POLYLINES
90
5
70
0
10
1087.194000
20
367.488000
10
1086.330000
20
366.480000
10
1085.466000
20
367.056000
10
1086.474000
20
368.208000
10
1087.194000
20
367.488000
0
LWPOLYLINE
8
POLYLINES
90
5
70
0
10
1086.330000
20
366.480000
10
1085.610000
20
365.328000
10
1084.746000
20
365.760000
10
1085.466000
20
367.056000
10
1086.330000
20
366.480000
0
LWPOLYLINE
8
POLYLINES
90
5
70
0
10
1086.330000
20
366.480000
10
1085.610000
20
365.328000
10
1084.746000
20
365.760000
10
1085.466000
20
367.056000
10
1086.330000
20
366.480000
0
LWPOLYLINE
8
POLYLINES
90
5
70
0
10
1085.610000
20
365.328000
10
1085.322000
20
364.032000
10
1084.170000
20
364.320000
10
1084.746000
20
365.760000
10
1085.610000
20
365.328000
0
LWPOLYLINE
8
POLYLINES
90
5
70
0
10
1085.610000
20
365.328000
10
1085.322000
20
364.032000
10
1084.170000
20
364.320000
10
1084.746000
20
365.760000
10
1085.610000
20
365.328000
0
LWPOLYLINE
8
POLYLINES
90
5
70
0
10
1085.322000
20
364.032000
10
1085.178000
20
362.736000
10
1084.026000
20
362.736000
10
1084.170000
20
364.320000
10
1085.322000
20
364.032000
0
LWPOLYLINE
8
POLYLINES
90
5
70
0
10
1085.322000
20
364.032000
10
1085.178000
20
362.736000
10
1084.026000
20
362.736000
10
1084.170000
20
364.320000
10
1085.322000
20
364.032000
0
LWPOLYLINE
8
POLYLINES
90
5
70
0
10
1088.346000
20
362.736000
10
1088.490000
20
361.872000
10
1087.482000
20
361.584000
10
1087.194000
20
362.736000
10
1088.346000
20
362.736000
0
LWPOLYLINE
8
POLYLINES
90
5
70
0
10
1088.346000
20
362.736000
10
1088.490000
20
361.872000
10
1087.482000
20
361.584000
10
1087.194000
20
362.736000
10
1088.346000
20
362.736000
0
LWPOLYLINE
8
POLYLINES
90
5
70
0
10
1088.490000
20
361.872000
10
1088.778000
20
361.008000
10
1087.914000
20
360.432000
10
1087.482000
20
361.584000
10
1088.490000
20
361.872000
0
LWPOLYLINE
8
POLYLINES
90
5
70
0
10
1088.490000
20
361.872000
10
1088.778000
20
361.008000
10
1087.914000
20
360.432000
10
1087.482000
20
361.584000
10
1088.490000
20
361.872000
0
LWPOLYLINE
8
POLYLINES
90
5
70
0
10
1088.778000
20
361.008000
10
1089.354000
20
360.288000
10
1088.778000
20
359.568000
10
1087.914000
20
360.432000
10
1088.778000
20
361.008000
0
LWPOLYLINE
8
POLYLINES
90
5
70
0
10
1088.778000
20
361.008000
10
1089.354000
20
360.288000
10
1088.778000
20
359.568000
10
1087.914000
20
360.432000
10
1088.778000
20
361.008000
0
LWPOLYLINE
8
POLYLINES
90
5
70
0
10
1089.354000
20
360.288000
10
1090.218000
20
359.856000
10
1089.786000
20
358.848000
10
1088.778000
20
359.568000
10
1089.354000
20
360.288000
0
LWPOLYLINE
8
POLYLINES
90
5
70
0
10
1089.354000
20
360.288000
10
1090.218000
20
359.856000
10
1089.786000
20
358.848000
10
1088.778000
20
359.568000
10
1089.354000
20
360.288000
0
LWPOLYLINE
8
POLYLINES
90
5
70
0
10
1090.218000
20
359.856000
10
1091.082000
20
359.568000
10
1090.938000
20
358.560000
10
1089.786000
20
358.848000
10
1090.218000
20
359.856000
0
LWPOLYLINE
8
POLYLINES
90
5
70
0
10
1090.218000
20
359.856000
10
1091.082000
20
359.568000
10
1090.938000
20
358.560000
10
1089.786000
20
358.848000
10
1090.218000
20
359.856000
0
LWPOLYLINE
8
POLYLINES
90
5
70
0
10
1091.082000
20
359.568000
10
1091.946000
20
359.568000
10
1092.090000
20
358.560000
10
1090.938000
20
358.560000
10
1091.082000
20
359.568000
0
LWPOLYLINE
8
POLYLINES
90
5
70
0
10
1091.082000
20
359.568000
10
1091.946000
20
359.568000
10
1092.090000
20
358.560000
10
1090.938000
20
358.560000
10
1091.082000
20
359.568000
0
LWPOLYLINE
8
POLYLINES
90
5
70
0
10
1091.946000
20
359.568000
10
1092.810000
20
359.856000
10
1093.242000
20
358.848000
10
1092.090000
20
358.560000
10
1091.946000
20
359.568000
0
LWPOLYLINE
8
POLYLINES
90
5
70
0
10
1091.946000
20
359.568000
10
1092.810000
20
359.856000
10
1093.242000
20
358.848000
10
1092.090000
20
358.560000
10
1091.946000
20
359.568000
0
LWPOLYLINE
8
POLYLINES
90
5
70
0
10
1092.810000
20
359.856000
10
1093.530000
20
360.288000
10
1094.250000
20
359.568000
10
1093.242000
20
358.848000
10
1092.810000
20
359.856000
0
LWPOLYLINE
8
POLYLINES
90
5
70
0
10
1092.810000
20
359.856000
10
1093.530000
20
360.288000
10
1094.250000
20
359.568000
10
1093.242000
20
358.848000
10
1092.810000
20
359.856000
0
LWPOLYLINE
8
POLYLINES
90
5
70
0
10
1093.530000
20
365.184000
10
1092.810000
20
365.616000
10
1093.242000
20
366.624000
10
1094.250000
20
365.904000
10
1093.530000
20
365.184000
0
LWPOLYLINE
8
POLYLINES
90
5
70
0
10
1093.530000
20
365.184000
10
1092.810000
20
365.616000
10
1093.242000
20
366.624000
10
1094.250000
20
365.904000
10
1093.530000
20
365.184000
0
LWPOLYLINE
8
POLYLINES
90
5
70
0
10
1092.810000
20
365.616000
10
1091.946000
20
365.904000
10
1092.090000
20
366.912000
10
1093.242000
20
366.624000
10
1092.810000
20
365.616000
0
LWPOLYLINE
8
POLYLINES
90
5
70
0
10
1092.810000
20
365.616000
10
1091.946000
20
365.904000
10
1092.090000
20
366.912000
10
1093.242000
20
366.624000
10
1092.810000
20
365.616000
0
LWPOLYLINE
8
POLYLINES
90
5
70
0
10
1091.946000
20
365.904000
10
1091.082000
20
365.904000
10
1090.938000
20
366.912000
10
1092.090000
20
366.912000
10
1091.946000
20
365.904000
0
LWPOLYLINE
8
POLYLINES
90
5
70
0
10
1091.946000
20
365.904000
10
1091.082000
20
365.904000
10
1090.938000
20
366.912000
10
1092.090000
20
366.912000
10
1091.946000
20
365.904000
0
LWPOLYLINE
8
POLYLINES
90
5
70
0
10
1091.082000
20
365.904000
10
1090.218000
20
365.616000
10
1089.786000
20
366.624000
10
1090.938000
20
366.912000
10
1091.082000
20
365.904000
0
LWPOLYLINE
8
POLYLINES
90
5
70
0
10
1091.082000
20
365.904000
10
1090.218000
20
365.616000
10
1089.786000
20
366.624000
10
1090.938000
20
366.912000
10
1091.082000
20
365.904000
0
LWPOLYLINE
8
POLYLINES
90
5
70
0
10
1090.218000
20
365.616000
10
1089.354000
20
365.184000
10
1088.778000
20
365.904000
10
1089.786000
20
366.624000
10
1090.218000
20
365.616000
0
LWPOLYLINE
8
POLYLINES
90
5
70
0
10
1090.218000
20
365.616000
10
1089.354000
20
365.184000
10
1088.778000
20
365.904000
10
1089.786000
20
366.624000
10
1090.218000
20
365.616000
0
LWPOLYLINE
8
POLYLINES
90
5
70
0
10
1089.354000
20
365.184000
10
1088.778000
20
364.464000
10
1087.914000
20
365.040000
10
1088.778000
20
365.904000
10
1089.354000
20
365.184000
0
LWPOLYLINE
8
POLYLINES
90
5
70
0
10
1089.354000
20
365.184000
10
1088.778000
20
364.464000
10
1087.914000
20
365.040000
10
1088.778000
20
365.904000
10
1089.354000
20
365.184000
0
LWPOLYLINE
8
POLYLINES
90
5
70
0
10
1088.778000
20
364.464000
10
1088.490000
20
363.600000
10
1087.482000
20
363.888000
10
1087.914000
20
365.040000
10
1088.778000
20
364.464000
0
LWPOLYLINE
8
POLYLINES
90
5
70
0
10
1088.778000
20
364.464000
10
1088.490000
20
363.600000
10
1087.482000
20
363.888000
10
1087.914000
20
365.040000
10
1088.778000
20
364.464000
0
LWPOLYLINE
8
POLYLINES
90
5
70
0
10
1088.490000
20
363.600000
10
1088.346000
20
362.736000
10
1087.194000
20
362.736000
10
1087.482000
20
363.888000
10
1088.490000
20
363.600000
0
LWPOLYLINE
8
POLYLINES
90
5
70
0
10
1088.490000
20
363.600000
10
1088.346000
20
362.736000
10
1087.194000
20
362.736000
10
1087.482000
20
363.888000
10
1088.490000
20
363.600000
0
LWPOLYLINE
8
POLYLINES
90
5
70
0
10
1093.530000
20
356.688000
10
1094.682000
20
357.264000
10
1095.258000
20
356.256000
10
1093.818000
20
355.680000
10
1093.530000
20
356.688000
0
LWPOLYLINE
8
POLYLINES
90
5
70
0
10
1093.530000
20
356.688000
10
1094.682000
20
357.264000
10
1095.258000
20
356.256000
10
1093.818000
20
355.680000
10
1093.530000
20
356.688000
0
LWPOLYLINE
8
POLYLINES
90
5
70
0
10
1094.682000
20
368.208000
10
1093.530000
20
368.784000
10
1093.818000
20
369.792000
10
1095.258000
20
369.216000
10
1094.682000
20
368.208000
0
LWPOLYLINE
8
POLYLINES
90
5
70
0
10
1094.682000
20
368.208000
10
1093.530000
20
368.784000
10
1093.818000
20
369.792000
10
1095.258000
20
369.216000
10
1094.682000
20
368.208000
0
LWPOLYLINE
8
POLYLINES
90
5
70
0
10
1093.530000
20
360.288000
10
1094.106000
20
361.008000
10
1095.114000
20
360.432000
10
1094.250000
20
359.568000
10
1093.530000
20
360.288000
0
LWPOLYLINE
8
POLYLINES
90
5
70
0
10
1093.530000
20
360.288000
10
1094.106000
20
361.008000
10
1095.114000
20
360.432000
10
1094.250000
20
359.568000
10
1093.530000
20
360.288000
0
LWPOLYLINE
8
POLYLINES
90
5
70
0
10
1094.106000
20
364.464000
10
1093.530000
20
365.184000
10
1094.250000
20
365.904000
10
1095.114000
20
365.040000
10
1094.106000
20
364.464000
0
LWPOLYLINE
8
POLYLINES
90
5
70
0
10
1094.106000
20
364.464000
10
1093.530000
20
365.184000
10
1094.250000
20
365.904000
10
1095.114000
20
365.040000
10
1094.106000
20
364.464000
0
LWPOLYLINE
8
POLYLINES
90
5
70
0
10
1094.106000
20
361.008000
10
1094.538000
20
361.872000
10
1095.546000
20
361.584000
10
1095.114000
20
360.432000
10
1094.106000
20
361.008000
0
LWPOLYLINE
8
POLYLINES
90
5
70
0
10
1094.106000
20
361.008000
10
1094.538000
20
361.872000
10
1095.546000
20
361.584000
10
1095.114000
20
360.432000
10
1094.106000
20
361.008000
0
LWPOLYLINE
8
POLYLINES
90
5
70
0
10
1094.538000
20
363.600000
10
1094.106000
20
364.464000
10
1095.114000
20
365.040000
10
1095.546000
20
363.888000
10
1094.538000
20
363.600000
0
LWPOLYLINE
8
POLYLINES
90
5
70
0
10
1094.538000
20
363.600000
10
1094.106000
20
364.464000
10
1095.114000
20
365.040000
10
1095.546000
20
363.888000
10
1094.538000
20
363.600000
0
LWPOLYLINE
8
POLYLINES
90
5
70
0
10
1094.682000
20
357.264000
10
1095.834000
20
357.984000
10
1096.410000
20
357.264000
10
1095.258000
20
356.256000
10
1094.682000
20
357.264000
0
LWPOLYLINE
8
POLYLINES
90
5
70
0
10
1094.682000
20
357.264000
10
1095.834000
20
357.984000
10
1096.410000
20
357.264000
10
1095.258000
20
356.256000
10
1094.682000
20
357.264000
0
LWPOLYLINE
8
POLYLINES
90
5
70
0
10
1094.538000
20
361.872000
10
1094.682000
20
362.736000
10
1095.690000
20
362.736000
10
1095.546000
20
361.584000
10
1094.538000
20
361.872000
0
LWPOLYLINE
8
POLYLINES
90
5
70
0
10
1094.538000
20
361.872000
10
1094.682000
20
362.736000
10
1095.690000
20
362.736000
10
1095.546000
20
361.584000
10
1094.538000
20
361.872000
0
LWPOLYLINE
8
POLYLINES
90
5
70
0
10
1094.682000
20
362.736000
10
1094.538000
20
363.600000
10
1095.546000
20
363.888000
10
1095.690000
20
362.736000
10
1094.682000
20
362.736000
0
LWPOLYLINE
8
POLYLINES
90
5
70
0
10
1094.682000
20
362.736000
10
1094.538000
20
363.600000
10
1095.546000
20
363.888000
10
1095.690000
20
362.736000
10
1094.682000
20
362.736000
0
LWPOLYLINE
8
POLYLINES
90
5
70
0
10
1095.834000
20
357.984000
10
1096.698000
20
358.992000
10
1097.562000
20
358.416000
10
1096.410000
20
357.264000
10
1095.834000
20
357.984000
0
LWPOLYLINE
8
POLYLINES
90
5
70
0
10
1095.834000
20
357.984000
10
1096.698000
20
358.992000
10
1097.562000
20
358.416000
10
1096.410000
20
357.264000
10
1095.834000
20
357.984000
0
LWPOLYLINE
8
POLYLINES
90
5
70
0
10
1096.698000
20
358.992000
10
1097.274000
20
360.144000
10
1098.282000
20
359.712000
10
1097.562000
20
358.416000
10
1096.698000
20
358.992000
0
LWPOLYLINE
8
POLYLINES
90
5
70
0
10
1096.698000
20
358.992000
10
1097.274000
20
360.144000
10
1098.282000
20
359.712000
10
1097.562000
20
358.416000
10
1096.698000
20
358.992000
0
LWPOLYLINE
8
POLYLINES
90
5
70
0
10
1097.274000
20
360.144000
10
1097.706000
20
361.440000
10
1098.714000
20
361.152000
10
1098.282000
20
359.712000
10
1097.274000
20
360.144000
0
LWPOLYLINE
8
POLYLINES
90
5
70
0
10
1097.274000
20
360.144000
10
1097.706000
20
361.440000
10
1098.714000
20
361.152000
10
1098.282000
20
359.712000
10
1097.274000
20
360.144000
0
LWPOLYLINE
8
POLYLINES
90
5
70
0
10
1097.706000
20
364.032000
10
1097.274000
20
365.328000
10
1098.282000
20
365.760000
10
1098.714000
20
364.320000
10
1097.706000
20
364.032000
0
LWPOLYLINE
8
POLYLINES
90
5
70
0
10
1097.706000
20
364.032000
10
1097.274000
20
365.328000
10
1098.282000
20
365.760000
10
1098.714000
20
364.320000
10
1097.706000
20
364.032000
0
LWPOLYLINE
8
POLYLINES
90
5
70
0
10
1097.706000
20
361.440000
10
1097.850000
20
362.736000
10
1099.002000
20
362.736000
10
1098.714000
20
361.152000
10
1097.706000
20
361.440000
0
LWPOLYLINE
8
POLYLINES
90
5
70
0
10
1097.706000
20
361.440000
10
1097.850000
20
362.736000
10
1099.002000
20
362.736000
10
1098.714000
20
361.152000
10
1097.706000
20
361.440000
0
LWPOLYLINE
8
POLYLINES
90
5
70
0
10
1097.850000
20
362.736000
10
1097.706000
20
364.032000
10
1098.714000
20
364.320000
10
1099.002000
20
362.736000
10
1097.850000
20
362.736000
0
LWPOLYLINE
8
POLYLINES
90
5
70
0
10
1097.850000
20
362.736000
10
1097.706000
20
364.032000
10
1098.714000
20
364.320000
10
1099.002000
20
362.736000
10
1097.850000
20
362.736000
0
LWPOLYLINE
8
POLYLINES
90
5
70
0
10
1097.274000
20
365.328000
10
1096.698000
20
366.480000
10
1097.562000
20
367.056000
10
1098.282000
20
365.760000
10
1097.274000
20
365.328000
0
LWPOLYLINE
8
POLYLINES
90
5
70
0
10
1097.274000
20
365.328000
10
1096.698000
20
366.480000
10
1097.562000
20
367.056000
10
1098.282000
20
365.760000
10
1097.274000
20
365.328000
0
LWPOLYLINE
8
POLYLINES
90
5
70
0
10
1096.698000
20
366.480000
10
1095.834000
20
367.488000
10
1096.410000
20
368.208000
10
1097.562000
20
367.056000
10
1096.698000
20
366.480000
0
LWPOLYLINE
8
POLYLINES
90
5
70
0
10
1096.698000
20
366.480000
10
1095.834000
20
367.488000
10
1096.410000
20
368.208000
10
1097.562000
20
367.056000
10
1096.698000
20
366.480000
0
LWPOLYLINE
8
POLYLINES
90
5
70
0
10
1095.834000
20
367.488000
10
1094.682000
20
368.208000
10
1095.258000
20
369.216000
10
1096.410000
20
368.208000
10
1095.834000
20
367.488000
0
LWPOLYLINE
8
POLYLINES
90
5
70
0
10
1095.834000
20
367.488000
10
1094.682000
20
368.208000
10
1095.258000
20
369.216000
10
1096.410000
20
368.208000
10
1095.834000
20
367.488000
0
TEXT
8
TEXTS
10
849.306000
20
346.625526
30
0.0
40
12.162096
1
松木塘变
0
LWPOLYLINE
8
POLYLINES
90
5
70
0
10
860.826000
20
367.920000
10
860.970000
20
367.056000
10
859.962000
20
366.768000
10
859.818000
20
367.920000
10
860.826000
20
367.920000
0
LWPOLYLINE
8
POLYLINES
90
5
70
0
10
860.826000
20
367.920000
10
860.970000
20
367.056000
10
859.962000
20
366.768000
10
859.818000
20
367.920000
10
860.826000
20
367.920000
0
LWPOLYLINE
8
POLYLINES
90
5
70
0
10
860.970000
20
367.056000
10
861.258000
20
366.336000
10
860.394000
20
365.760000
10
859.962000
20
366.768000
10
860.970000
20
367.056000
0
LWPOLYLINE
8
POLYLINES
90
5
70
0
10
860.970000
20
367.056000
10
861.258000
20
366.336000
10
860.394000
20
365.760000
10
859.962000
20
366.768000
10
860.970000
20
367.056000
0
LWPOLYLINE
8
POLYLINES
90
5
70
0
10
861.258000
20
366.336000
10
861.978000
20
365.616000
10
861.258000
20
364.752000
10
860.394000
20
365.760000
10
861.258000
20
366.336000
0
LWPOLYLINE
8
POLYLINES
90
5
70
0
10
861.258000
20
366.336000
10
861.978000
20
365.616000
10
861.258000
20
364.752000
10
860.394000
20
365.760000
10
861.258000
20
366.336000
0
LWPOLYLINE
8
POLYLINES
90
5
70
0
10
861.978000
20
365.616000
10
862.698000
20
365.040000
10
862.266000
20
364.176000
10
861.258000
20
364.752000
10
861.978000
20
365.616000
0
LWPOLYLINE
8
POLYLINES
90
5
70
0
10
861.978000
20
365.616000
10
862.698000
20
365.040000
10
862.266000
20
364.176000
10
861.258000
20
364.752000
10
861.978000
20
365.616000
0
LWPOLYLINE
8
POLYLINES
90
5
70
0
10
862.698000
20
365.040000
10
863.562000
20
364.896000
10
863.418000
20
363.744000
10
862.266000
20
364.176000
10
862.698000
20
365.040000
0
LWPOLYLINE
8
POLYLINES
90
5
70
0
10
862.698000
20
365.040000
10
863.562000
20
364.896000
10
863.418000
20
363.744000
10
862.266000
20
364.176000
10
862.698000
20
365.040000
0
LWPOLYLINE
8
POLYLINES
90
5
70
0
10
863.562000
20
364.896000
10
864.426000
20
364.896000
10
864.570000
20
363.744000
10
863.418000
20
363.744000
10
863.562000
20
364.896000
0
LWPOLYLINE
8
POLYLINES
90
5
70
0
10
863.562000
20
364.896000
10
864.426000
20
364.896000
10
864.570000
20
363.744000
10
863.418000
20
363.744000
10
863.562000
20
364.896000
0
LWPOLYLINE
8
POLYLINES
90
5
70
0
10
864.426000
20
364.896000
10
865.290000
20
365.040000
10
865.722000
20
364.176000
10
864.570000
20
363.744000
10
864.426000
20
364.896000
0
LWPOLYLINE
8
POLYLINES
90
5
70
0
10
864.426000
20
364.896000
10
865.290000
20
365.040000
10
865.722000
20
364.176000
10
864.570000
20
363.744000
10
864.426000
20
364.896000
0
LWPOLYLINE
8
POLYLINES
90
5
70
0
10
865.290000
20
365.040000
10
866.154000
20
365.616000
10
866.730000
20
364.752000
10
865.722000
20
364.176000
10
865.290000
20
365.040000
0
LWPOLYLINE
8
POLYLINES
90
5
70
0
10
865.290000
20
365.040000
10
866.154000
20
365.616000
10
866.730000
20
364.752000
10
865.722000
20
364.176000
10
865.290000
20
365.040000
0
LWPOLYLINE
8
POLYLINES
90
5
70
0
10
866.154000
20
365.616000
10
866.730000
20
366.336000
10
867.594000
20
365.760000
10
866.730000
20
364.752000
10
866.154000
20
365.616000
0
LWPOLYLINE
8
POLYLINES
90
5
70
0
10
866.154000
20
365.616000
10
866.730000
20
366.336000
10
867.594000
20
365.760000
10
866.730000
20
364.752000
10
866.154000
20
365.616000
0
LWPOLYLINE
8
POLYLINES
90
5
70
0
10
866.730000
20
366.336000
10
867.018000
20
367.056000
10
868.026000
20
366.768000
10
867.594000
20
365.760000
10
866.730000
20
366.336000
0
LWPOLYLINE
8
POLYLINES
90
5
70
0
10
866.730000
20
366.336000
10
867.018000
20
367.056000
10
868.026000
20
366.768000
10
867.594000
20
365.760000
10
866.730000
20
366.336000
0
LWPOLYLINE
8
POLYLINES
90
5
70
0
10
867.018000
20
367.056000
10
867.162000
20
367.920000
10
868.314000
20
367.920000
10
868.026000
20
366.768000
10
867.018000
20
367.056000
0
LWPOLYLINE
8
POLYLINES
90
5
70
0
10
867.018000
20
367.056000
10
867.162000
20
367.920000
10
868.314000
20
367.920000
10
868.026000
20
366.768000
10
867.018000
20
367.056000
0
LWPOLYLINE
8
POLYLINES
90
5
70
0
10
867.162000
20
367.920000
10
867.018000
20
368.928000
10
868.026000
20
369.216000
10
868.314000
20
367.920000
10
867.162000
20
367.920000
0
LWPOLYLINE
8
POLYLINES
90
5
70
0
10
867.162000
20
367.920000
10
867.018000
20
368.928000
10
868.026000
20
369.216000
10
868.314000
20
367.920000
10
867.162000
20
367.920000
0
LWPOLYLINE
8
POLYLINES
90
5
70
0
10
867.018000
20
368.928000
10
866.730000
20
369.648000
10
867.594000
20
370.224000
10
868.026000
20
369.216000
10
867.018000
20
368.928000
0
LWPOLYLINE
8
POLYLINES
90
5
70
0
10
867.018000
20
368.928000
10
866.730000
20
369.648000
10
867.594000
20
370.224000
10
868.026000
20
369.216000
10
867.018000
20
368.928000
0
LWPOLYLINE
8
POLYLINES
90
5
70
0
10
866.730000
20
369.648000
10
866.154000
20
370.368000
10
866.730000
20
371.232000
10
867.594000
20
370.224000
10
866.730000
20
369.648000
0
LWPOLYLINE
8
POLYLINES
90
5
70
0
10
866.730000
20
369.648000
10
866.154000
20
370.368000
10
866.730000
20
371.232000
10
867.594000
20
370.224000
10
866.730000
20
369.648000
0
LWPOLYLINE
8
POLYLINES
90
5
70
0
10
866.154000
20
370.368000
10
865.290000
20
370.944000
10
865.722000
20
371.808000
10
866.730000
20
371.232000
10
866.154000
20
370.368000
0
LWPOLYLINE
8
POLYLINES
90
5
70
0
10
866.154000
20
370.368000
10
865.290000
20
370.944000
10
865.722000
20
371.808000
10
866.730000
20
371.232000
10
866.154000
20
370.368000
0
LWPOLYLINE
8
POLYLINES
90
5
70
0
10
865.290000
20
370.944000
10
864.426000
20
371.088000
10
864.570000
20
372.240000
10
865.722000
20
371.808000
10
865.290000
20
370.944000
0
LWPOLYLINE
8
POLYLINES
90
5
70
0
10
865.290000
20
370.944000
10
864.426000
20
371.088000
10
864.570000
20
372.240000
10
865.722000
20
371.808000
10
865.290000
20
370.944000
0
LWPOLYLINE
8
POLYLINES
90
5
70
0
10
864.426000
20
371.088000
10
863.562000
20
371.088000
10
863.418000
20
372.240000
10
864.570000
20
372.240000
10
864.426000
20
371.088000
0
LWPOLYLINE
8
POLYLINES
90
5
70
0
10
864.426000
20
371.088000
10
863.562000
20
371.088000
10
863.418000
20
372.240000
10
864.570000
20
372.240000
10
864.426000
20
371.088000
0
LWPOLYLINE
8
POLYLINES
90
5
70
0
10
863.562000
20
371.088000
10
862.698000
20
370.944000
10
862.266000
20
371.808000
10
863.418000
20
372.240000
10
863.562000
20
371.088000
0
LWPOLYLINE
8
POLYLINES
90
5
70
0
10
863.562000
20
371.088000
10
862.698000
20
370.944000
10
862.266000
20
371.808000
10
863.418000
20
372.240000
10
863.562000
20
371.088000
0
LWPOLYLINE
8
POLYLINES
90
5
70
0
10
862.698000
20
370.944000
10
861.978000
20
370.368000
10
861.258000
20
371.232000
10
862.266000
20
371.808000
10
862.698000
20
370.944000
0
LWPOLYLINE
8
POLYLINES
90
5
70
0
10
862.698000
20
370.944000
10
861.978000
20
370.368000
10
861.258000
20
371.232000
10
862.266000
20
371.808000
10
862.698000
20
370.944000
0
LWPOLYLINE
8
POLYLINES
90
5
70
0
10
861.978000
20
370.368000
10
861.258000
20
369.648000
10
860.394000
20
370.224000
10
861.258000
20
371.232000
10
861.978000
20
370.368000
0
LWPOLYLINE
8
POLYLINES
90
5
70
0
10
861.978000
20
370.368000
10
861.258000
20
369.648000
10
860.394000
20
370.224000
10
861.258000
20
371.232000
10
861.978000
20
370.368000
0
LWPOLYLINE
8
POLYLINES
90
5
70
0
10
861.258000
20
369.648000
10
860.970000
20
368.928000
10
859.962000
20
369.216000
10
860.394000
20
370.224000
10
861.258000
20
369.648000
0
LWPOLYLINE
8
POLYLINES
90
5
70
0
10
861.258000
20
369.648000
10
860.970000
20
368.928000
10
859.962000
20
369.216000
10
860.394000
20
370.224000
10
861.258000
20
369.648000
0
LWPOLYLINE
8
POLYLINES
90
5
70
0
10
860.970000
20
368.928000
10
860.826000
20
367.920000
10
859.818000
20
367.920000
10
859.962000
20
369.216000
10
860.970000
20
368.928000
0
LWPOLYLINE
8
POLYLINES
90
5
70
0
10
860.970000
20
368.928000
10
860.826000
20
367.920000
10
859.818000
20
367.920000
10
859.962000
20
369.216000
10
860.970000
20
368.928000
0
TEXT
8
TEXTS
10
1120.602000
20
321.857526
30
0.0
40
12.162096
1
灰山港变
0
LWPOLYLINE
8
POLYLINES
90
5
70
0
10
1111.386000
20
329.760000
10
1111.386000
20
328.896000
10
1110.378000
20
328.608000
10
1110.234000
20
329.760000
10
1111.386000
20
329.760000
0
LWPOLYLINE
8
POLYLINES
90
5
70
0
10
1111.386000
20
329.760000
10
1111.386000
20
328.896000
10
1110.378000
20
328.608000
10
1110.234000
20
329.760000
10
1111.386000
20
329.760000
0
LWPOLYLINE
8
POLYLINES
90
5
70
0
10
1111.386000
20
328.896000
10
1111.818000
20
328.032000
10
1110.954000
20
327.456000
10
1110.378000
20
328.608000
10
1111.386000
20
328.896000
0
LWPOLYLINE
8
POLYLINES
90
5
70
0
10
1111.386000
20
328.896000
10
1111.818000
20
328.032000
10
1110.954000
20
327.456000
10
1110.378000
20
328.608000
10
1111.386000
20
328.896000
0
LWPOLYLINE
8
POLYLINES
90
5
70
0
10
1111.818000
20
328.032000
10
1112.394000
20
327.456000
10
1111.674000
20
326.592000
10
1110.954000
20
327.456000
10
1111.818000
20
328.032000
0
LWPOLYLINE
8
POLYLINES
90
5
70
0
10
1111.818000
20
328.032000
10
1112.394000
20
327.456000
10
1111.674000
20
326.592000
10
1110.954000
20
327.456000
10
1111.818000
20
328.032000
0
LWPOLYLINE
8
POLYLINES
90
5
70
0
10
1112.394000
20
327.456000
10
1113.258000
20
326.880000
10
1112.682000
20
326.016000
10
1111.674000
20
326.592000
10
1112.394000
20
327.456000
0
LWPOLYLINE
8
POLYLINES
90
5
70
0
10
1112.394000
20
327.456000
10
1113.258000
20
326.880000
10
1112.682000
20
326.016000
10
1111.674000
20
326.592000
10
1112.394000
20
327.456000
0
LWPOLYLINE
8
POLYLINES
90
5
70
0
10
1113.258000
20
326.880000
10
1114.122000
20
326.592000
10
1113.978000
20
325.584000
10
1112.682000
20
326.016000
10
1113.258000
20
326.880000
0
LWPOLYLINE
8
POLYLINES
90
5
70
0
10
1113.258000
20
326.880000
10
1114.122000
20
326.592000
10
1113.978000
20
325.584000
10
1112.682000
20
326.016000
10
1113.258000
20
326.880000
0
LWPOLYLINE
8
POLYLINES
90
5
70
0
10
1114.122000
20
326.592000
10
1114.986000
20
326.592000
10
1115.130000
20
325.584000
10
1113.978000
20
325.584000
10
1114.122000
20
326.592000
0
LWPOLYLINE
8
POLYLINES
90
5
70
0
10
1114.122000
20
326.592000
10
1114.986000
20
326.592000
10
1115.130000
20
325.584000
10
1113.978000
20
325.584000
10
1114.122000
20
326.592000
0
LWPOLYLINE
8
POLYLINES
90
5
70
0
10
1114.986000
20
326.592000
10
1115.850000
20
326.880000
10
1116.282000
20
326.016000
10
1115.130000
20
325.584000
10
1114.986000
20
326.592000
0
LWPOLYLINE
8
POLYLINES
90
5
70
0
10
1114.986000
20
326.592000
10
1115.850000
20
326.880000
10
1116.282000
20
326.016000
10
1115.130000
20
325.584000
10
1114.986000
20
326.592000
0
LWPOLYLINE
8
POLYLINES
90
5
70
0
10
1115.850000
20
326.880000
10
1116.570000
20
327.456000
10
1117.290000
20
326.592000
10
1116.282000
20
326.016000
10
1115.850000
20
326.880000
0
LWPOLYLINE
8
POLYLINES
90
5
70
0
10
1115.850000
20
326.880000
10
1116.570000
20
327.456000
10
1117.290000
20
326.592000
10
1116.282000
20
326.016000
10
1115.850000
20
326.880000
0
LWPOLYLINE
8
POLYLINES
90
5
70
0
10
1116.570000
20
327.456000
10
1117.146000
20
328.032000
10
1118.154000
20
327.456000
10
1117.290000
20
326.592000
10
1116.570000
20
327.456000
0
LWPOLYLINE
8
POLYLINES
90
5
70
0
10
1116.570000
20
327.456000
10
1117.146000
20
328.032000
10
1118.154000
20
327.456000
10
1117.290000
20
326.592000
10
1116.570000
20
327.456000
0
LWPOLYLINE
8
POLYLINES
90
5
70
0
10
1117.146000
20
328.032000
10
1117.578000
20
328.896000
10
1118.586000
20
328.608000
10
1118.154000
20
327.456000
10
1117.146000
20
328.032000
0
LWPOLYLINE
8
POLYLINES
90
5
70
0
10
1117.146000
20
328.032000
10
1117.578000
20
328.896000
10
1118.586000
20
328.608000
10
1118.154000
20
327.456000
10
1117.146000
20
328.032000
0
LWPOLYLINE
8
POLYLINES
90
5
70
0
10
1117.578000
20
328.896000
10
1117.722000
20
329.760000
10
1118.730000
20
329.760000
10
1118.586000
20
328.608000
10
1117.578000
20
328.896000
0
LWPOLYLINE
8
POLYLINES
90
5
70
0
10
1117.578000
20
328.896000
10
1117.722000
20
329.760000
10
1118.730000
20
329.760000
10
1118.586000
20
328.608000
10
1117.578000
20
328.896000
0
LWPOLYLINE
8
POLYLINES
90
5
70
0
10
1117.722000
20
329.760000
10
1117.578000
20
330.768000
10
1118.586000
20
331.056000
10
1118.730000
20
329.760000
10
1117.722000
20
329.760000
0
LWPOLYLINE
8
POLYLINES
90
5
70
0
10
1117.722000
20
329.760000
10
1117.578000
20
330.768000
10
1118.586000
20
331.056000
10
1118.730000
20
329.760000
10
1117.722000
20
329.760000
0
LWPOLYLINE
8
POLYLINES
90
5
70
0
10
1117.578000
20
330.768000
10
1117.146000
20
331.488000
10
1118.154000
20
332.064000
10
1118.586000
20
331.056000
10
1117.578000
20
330.768000
0
LWPOLYLINE
8
POLYLINES
90
5
70
0
10
1117.578000
20
330.768000
10
1117.146000
20
331.488000
10
1118.154000
20
332.064000
10
1118.586000
20
331.056000
10
1117.578000
20
330.768000
0
LWPOLYLINE
8
POLYLINES
90
5
70
0
10
1117.146000
20
331.488000
10
1116.570000
20
332.208000
10
1117.290000
20
333.072000
10
1118.154000
20
332.064000
10
1117.146000
20
331.488000
0
LWPOLYLINE
8
POLYLINES
90
5
70
0
10
1117.146000
20
331.488000
10
1116.570000
20
332.208000
10
1117.290000
20
333.072000
10
1118.154000
20
332.064000
10
1117.146000
20
331.488000
0
LWPOLYLINE
8
POLYLINES
90
5
70
0
10
1116.570000
20
332.208000
10
1115.850000
20
332.784000
10
1116.282000
20
333.648000
10
1117.290000
20
333.072000
10
1116.570000
20
332.208000
0
LWPOLYLINE
8
POLYLINES
90
5
70
0
10
1116.570000
20
332.208000
10
1115.850000
20
332.784000
10
1116.282000
20
333.648000
10
1117.290000
20
333.072000
10
1116.570000
20
332.208000
0
LWPOLYLINE
8
POLYLINES
90
5
70
0
10
1115.850000
20
332.784000
10
1114.986000
20
332.928000
10
1115.130000
20
334.080000
10
1116.282000
20
333.648000
10
1115.850000
20
332.784000
0
LWPOLYLINE
8
POLYLINES
90
5
70
0
10
1115.850000
20
332.784000
10
1114.986000
20
332.928000
10
1115.130000
20
334.080000
10
1116.282000
20
333.648000
10
1115.850000
20
332.784000
0
LWPOLYLINE
8
POLYLINES
90
5
70
0
10
1114.986000
20
332.928000
10
1114.122000
20
332.928000
10
1113.978000
20
334.080000
10
1115.130000
20
334.080000
10
1114.986000
20
332.928000
0
LWPOLYLINE
8
POLYLINES
90
5
70
0
10
1114.986000
20
332.928000
10
1114.122000
20
332.928000
10
1113.978000
20
334.080000
10
1115.130000
20
334.080000
10
1114.986000
20
332.928000
0
LWPOLYLINE
8
POLYLINES
90
5
70
0
10
1114.122000
20
332.928000
10
1113.258000
20
332.784000
10
1112.682000
20
333.648000
10
1113.978000
20
334.080000
10
1114.122000
20
332.928000
0
LWPOLYLINE
8
POLYLINES
90
5
70
0
10
1114.122000
20
332.928000
10
1113.258000
20
332.784000
10
1112.682000
20
333.648000
10
1113.978000
20
334.080000
10
1114.122000
20
332.928000
0
LWPOLYLINE
8
POLYLINES
90
5
70
0
10
1113.258000
20
332.784000
10
1112.394000
20
332.208000
10
1111.674000
20
333.072000
10
1112.682000
20
333.648000
10
1113.258000
20
332.784000
0
LWPOLYLINE
8
POLYLINES
90
5
70
0
10
1113.258000
20
332.784000
10
1112.394000
20
332.208000
10
1111.674000
20
333.072000
10
1112.682000
20
333.648000
10
1113.258000
20
332.784000
0
LWPOLYLINE
8
POLYLINES
90
5
70
0
10
1112.394000
20
332.208000
10
1111.818000
20
331.488000
10
1110.954000
20
332.064000
10
1111.674000
20
333.072000
10
1112.394000
20
332.208000
0
LWPOLYLINE
8
POLYLINES
90
5
70
0
10
1112.394000
20
332.208000
10
1111.818000
20
331.488000
10
1110.954000
20
332.064000
10
1111.674000
20
333.072000
10
1112.394000
20
332.208000
0
LWPOLYLINE
8
POLYLINES
90
5
70
0
10
1111.818000
20
331.488000
10
1111.386000
20
330.768000
10
1110.378000
20
331.056000
10
1110.954000
20
332.064000
10
1111.818000
20
331.488000
0
LWPOLYLINE
8
POLYLINES
90
5
70
0
10
1111.818000
20
331.488000
10
1111.386000
20
330.768000
10
1110.378000
20
331.056000
10
1110.954000
20
332.064000
10
1111.818000
20
331.488000
0
LWPOLYLINE
8
POLYLINES
90
5
70
0
10
1111.386000
20
330.768000
10
1111.386000
20
329.760000
10
1110.234000
20
329.760000
10
1110.378000
20
331.056000
10
1111.386000
20
330.768000
0
LWPOLYLINE
8
POLYLINES
90
5
70
0
10
1111.386000
20
330.768000
10
1111.386000
20
329.760000
10
1110.234000
20
329.760000
10
1110.378000
20
331.056000
10
1111.386000
20
330.768000
0
TEXT
8
TEXTS
10
745.482000
20
317.969526
30
0.0
40
12.162096
1
小河村变
0
LWPOLYLINE
8
POLYLINES
90
5
70
0
10
729.786000
20
321.984000
10
729.930000
20
320.976000
10
728.922000
20
320.688000
10
728.778000
20
321.984000
10
729.786000
20
321.984000
0
LWPOLYLINE
8
POLYLINES
90
5
70
0
10
729.786000
20
321.984000
10
729.930000
20
320.976000
10
728.922000
20
320.688000
10
728.778000
20
321.984000
10
729.786000
20
321.984000
0
LWPOLYLINE
8
POLYLINES
90
5
70
0
10
729.930000
20
320.976000
10
730.218000
20
320.256000
10
729.354000
20
319.680000
10
728.922000
20
320.688000
10
729.930000
20
320.976000
0
LWPOLYLINE
8
POLYLINES
90
5
70
0
10
729.930000
20
320.976000
10
730.218000
20
320.256000
10
729.354000
20
319.680000
10
728.922000
20
320.688000
10
729.930000
20
320.976000
0
LWPOLYLINE
8
POLYLINES
90
5
70
0
10
730.218000
20
320.256000
10
730.938000
20
319.536000
10
730.218000
20
318.672000
10
729.354000
20
319.680000
10
730.218000
20
320.256000
0
LWPOLYLINE
8
POLYLINES
90
5
70
0
10
730.218000
20
320.256000
10
730.938000
20
319.536000
10
730.218000
20
318.672000
10
729.354000
20
319.680000
10
730.218000
20
320.256000
0
LWPOLYLINE
8
POLYLINES
90
5
70
0
10
730.938000
20
319.536000
10
731.658000
20
318.960000
10
731.226000
20
318.096000
10
730.218000
20
318.672000
10
730.938000
20
319.536000
0
LWPOLYLINE
8
POLYLINES
90
5
70
0
10
730.938000
20
319.536000
10
731.658000
20
318.960000
10
731.226000
20
318.096000
10
730.218000
20
318.672000
10
730.938000
20
319.536000
0
LWPOLYLINE
8
POLYLINES
90
5
70
0
10
731.658000
20
318.960000
10
732.522000
20
318.816000
10
732.378000
20
317.664000
10
731.226000
20
318.096000
10
731.658000
20
318.960000
0
LWPOLYLINE
8
POLYLINES
90
5
70
0
10
731.658000
20
318.960000
10
732.522000
20
318.816000
10
732.378000
20
317.664000
10
731.226000
20
318.096000
10
731.658000
20
318.960000
0
LWPOLYLINE
8
POLYLINES
90
5
70
0
10
732.522000
20
318.816000
10
733.386000
20
318.816000
10
733.530000
20
317.664000
10
732.378000
20
317.664000
10
732.522000
20
318.816000
0
LWPOLYLINE
8
POLYLINES
90
5
70
0
10
732.522000
20
318.816000
10
733.386000
20
318.816000
10
733.530000
20
317.664000
10
732.378000
20
317.664000
10
732.522000
20
318.816000
0
LWPOLYLINE
8
POLYLINES
90
5
70
0
10
733.386000
20
318.816000
10
734.250000
20
318.960000
10
734.682000
20
318.096000
10
733.530000
20
317.664000
10
733.386000
20
318.816000
0
LWPOLYLINE
8
POLYLINES
90
5
70
0
10
733.386000
20
318.816000
10
734.250000
20
318.960000
10
734.682000
20
318.096000
10
733.530000
20
317.664000
10
733.386000
20
318.816000
0
LWPOLYLINE
8
POLYLINES
90
5
70
0
10
734.250000
20
318.960000
10
735.114000
20
319.536000
10
735.690000
20
318.672000
10
734.682000
20
318.096000
10
734.250000
20
318.960000
0
LWPOLYLINE
8
POLYLINES
90
5
70
0
10
734.250000
20
318.960000
10
735.114000
20
319.536000
10
735.690000
20
318.672000
10
734.682000
20
318.096000
10
734.250000
20
318.960000
0
LWPOLYLINE
8
POLYLINES
90
5
70
0
10
735.114000
20
319.536000
10
735.690000
20
320.256000
10
736.554000
20
319.680000
10
735.690000
20
318.672000
10
735.114000
20
319.536000
0
LWPOLYLINE
8
POLYLINES
90
5
70
0
10
735.114000
20
319.536000
10
735.690000
20
320.256000
10
736.554000
20
319.680000
10
735.690000
20
318.672000
10
735.114000
20
319.536000
0
LWPOLYLINE
8
POLYLINES
90
5
70
0
10
735.690000
20
320.256000
10
735.978000
20
320.976000
10
736.986000
20
320.688000
10
736.554000
20
319.680000
10
735.690000
20
320.256000
0
LWPOLYLINE
8
POLYLINES
90
5
70
0
10
735.690000
20
320.256000
10
735.978000
20
320.976000
10
736.986000
20
320.688000
10
736.554000
20
319.680000
10
735.690000
20
320.256000
0
LWPOLYLINE
8
POLYLINES
90
5
70
0
10
735.978000
20
320.976000
10
736.122000
20
321.984000
10
737.274000
20
321.984000
10
736.986000
20
320.688000
10
735.978000
20
320.976000
0
LWPOLYLINE
8
POLYLINES
90
5
70
0
10
735.978000
20
320.976000
10
736.122000
20
321.984000
10
737.274000
20
321.984000
10
736.986000
20
320.688000
10
735.978000
20
320.976000
0
LWPOLYLINE
8
POLYLINES
90
5
70
0
10
736.122000
20
321.984000
10
735.978000
20
322.848000
10
736.986000
20
323.136000
10
737.274000
20
321.984000
10
736.122000
20
321.984000
0
LWPOLYLINE
8
POLYLINES
90
5
70
0
10
736.122000
20
321.984000
10
735.978000
20
322.848000
10
736.986000
20
323.136000
10
737.274000
20
321.984000
10
736.122000
20
321.984000
0
LWPOLYLINE
8
POLYLINES
90
5
70
0
10
735.978000
20
322.848000
10
735.690000
20
323.712000
10
736.554000
20
324.288000
10
736.986000
20
323.136000
10
735.978000
20
322.848000
0
LWPOLYLINE
8
POLYLINES
90
5
70
0
10
735.978000
20
322.848000
10
735.690000
20
323.712000
10
736.554000
20
324.288000
10
736.986000
20
323.136000
10
735.978000
20
322.848000
0
LWPOLYLINE
8
POLYLINES
90
5
70
0
10
735.690000
20
323.712000
10
735.114000
20
324.288000
10
735.690000
20
325.152000
10
736.554000
20
324.288000
10
735.690000
20
323.712000
0
LWPOLYLINE
8
POLYLINES
90
5
70
0
10
735.690000
20
323.712000
10
735.114000
20
324.288000
10
735.690000
20
325.152000
10
736.554000
20
324.288000
10
735.690000
20
323.712000
0
LWPOLYLINE
8
POLYLINES
90
5
70
0
10
735.114000
20
324.288000
10
734.250000
20
324.864000
10
734.682000
20
325.728000
10
735.690000
20
325.152000
10
735.114000
20
324.288000
0
LWPOLYLINE
8
POLYLINES
90
5
70
0
10
735.114000
20
324.288000
10
734.250000
20
324.864000
10
734.682000
20
325.728000
10
735.690000
20
325.152000
10
735.114000
20
324.288000
0
LWPOLYLINE
8
POLYLINES
90
5
70
0
10
734.250000
20
324.864000
10
733.386000
20
325.008000
10
733.530000
20
326.160000
10
734.682000
20
325.728000
10
734.250000
20
324.864000
0
LWPOLYLINE
8
POLYLINES
90
5
70
0
10
734.250000
20
324.864000
10
733.386000
20
325.008000
10
733.530000
20
326.160000
10
734.682000
20
325.728000
10
734.250000
20
324.864000
0
LWPOLYLINE
8
POLYLINES
90
5
70
0
10
733.386000
20
325.008000
10
732.522000
20
325.008000
10
732.378000
20
326.160000
10
733.530000
20
326.160000
10
733.386000
20
325.008000
0
LWPOLYLINE
8
POLYLINES
90
5
70
0
10
733.386000
20
325.008000
10
732.522000
20
325.008000
10
732.378000
20
326.160000
10
733.530000
20
326.160000
10
733.386000
20
325.008000
0
LWPOLYLINE
8
POLYLINES
90
5
70
0
10
732.522000
20
325.008000
10
731.658000
20
324.864000
10
731.226000
20
325.728000
10
732.378000
20
326.160000
10
732.522000
20
325.008000
0
LWPOLYLINE
8
POLYLINES
90
5
70
0
10
732.522000
20
325.008000
10
731.658000
20
324.864000
10
731.226000
20
325.728000
10
732.378000
20
326.160000
10
732.522000
20
325.008000
0
LWPOLYLINE
8
POLYLINES
90
5
70
0
10
731.658000
20
324.864000
10
730.938000
20
324.288000
10
730.218000
20
325.152000
10
731.226000
20
325.728000
10
731.658000
20
324.864000
0
LWPOLYLINE
8
POLYLINES
90
5
70
0
10
731.658000
20
324.864000
10
730.938000
20
324.288000
10
730.218000
20
325.152000
10
731.226000
20
325.728000
10
731.658000
20
324.864000
0
LWPOLYLINE
8
POLYLINES
90
5
70
0
10
730.938000
20
324.288000
10
730.218000
20
323.712000
10
729.354000
20
324.288000
10
730.218000
20
325.152000
10
730.938000
20
324.288000
0
LWPOLYLINE
8
POLYLINES
90
5
70
0
10
730.938000
20
324.288000
10
730.218000
20
323.712000
10
729.354000
20
324.288000
10
730.218000
20
325.152000
10
730.938000
20
324.288000
0
LWPOLYLINE
8
POLYLINES
90
5
70
0
10
730.218000
20
323.712000
10
729.930000
20
322.848000
10
728.922000
20
323.136000
10
729.354000
20
324.288000
10
730.218000
20
323.712000
0
LWPOLYLINE
8
POLYLINES
90
5
70
0
10
730.218000
20
323.712000
10
729.930000
20
322.848000
10
728.922000
20
323.136000
10
729.354000
20
324.288000
10
730.218000
20
323.712000
0
LWPOLYLINE
8
POLYLINES
90
5
70
0
10
729.930000
20
322.848000
10
729.786000
20
321.984000
10
728.778000
20
321.984000
10
728.922000
20
323.136000
10
729.930000
20
322.848000
0
LWPOLYLINE
8
POLYLINES
90
5
70
0
10
729.930000
20
322.848000
10
729.786000
20
321.984000
10
728.778000
20
321.984000
10
728.922000
20
323.136000
10
729.930000
20
322.848000
0
TEXT
8
TEXTS
10
394.842000
20
207.809526
30
0.0
40
12.162096
1
洢水变
0
LWPOLYLINE
8
POLYLINES
90
5
70
0
10
408.954000
20
198.000000
10
409.098000
20
196.704000
10
408.090000
20
196.560000
10
407.946000
20
198.000000
10
408.954000
20
198.000000
0
LWPOLYLINE
8
POLYLINES
90
5
70
0
10
408.954000
20
198.000000
10
409.098000
20
196.704000
10
408.090000
20
196.560000
10
407.946000
20
198.000000
10
408.954000
20
198.000000
0
LWPOLYLINE
8
POLYLINES
90
5
70
0
10
409.098000
20
196.704000
10
409.530000
20
195.408000
10
408.522000
20
194.976000
10
408.090000
20
196.560000
10
409.098000
20
196.704000
0
LWPOLYLINE
8
POLYLINES
90
5
70
0
10
409.098000
20
196.704000
10
409.530000
20
195.408000
10
408.522000
20
194.976000
10
408.090000
20
196.560000
10
409.098000
20
196.704000
0
LWPOLYLINE
8
POLYLINES
90
5
70
0
10
409.530000
20
195.408000
10
410.250000
20
194.256000
10
409.386000
20
193.680000
10
408.522000
20
194.976000
10
409.530000
20
195.408000
0
LWPOLYLINE
8
POLYLINES
90
5
70
0
10
409.530000
20
195.408000
10
410.250000
20
194.256000
10
409.386000
20
193.680000
10
408.522000
20
194.976000
10
409.530000
20
195.408000
0
LWPOLYLINE
8
POLYLINES
90
5
70
0
10
410.250000
20
194.256000
10
411.114000
20
193.248000
10
410.394000
20
192.528000
10
409.386000
20
193.680000
10
410.250000
20
194.256000
0
LWPOLYLINE
8
POLYLINES
90
5
70
0
10
410.250000
20
194.256000
10
411.114000
20
193.248000
10
410.394000
20
192.528000
10
409.386000
20
193.680000
10
410.250000
20
194.256000
0
LWPOLYLINE
8
POLYLINES
90
5
70
0
10
411.114000
20
193.248000
10
412.122000
20
192.528000
10
411.690000
20
191.664000
10
410.394000
20
192.528000
10
411.114000
20
193.248000
0
LWPOLYLINE
8
POLYLINES
90
5
70
0
10
411.114000
20
193.248000
10
412.122000
20
192.528000
10
411.690000
20
191.664000
10
410.394000
20
192.528000
10
411.114000
20
193.248000
0
LWPOLYLINE
8
POLYLINES
90
5
70
0
10
412.122000
20
192.528000
10
413.418000
20
191.952000
10
413.130000
20
190.944000
10
411.690000
20
191.664000
10
412.122000
20
192.528000
0
LWPOLYLINE
8
POLYLINES
90
5
70
0
10
412.122000
20
192.528000
10
413.418000
20
191.952000
10
413.130000
20
190.944000
10
411.690000
20
191.664000
10
412.122000
20
192.528000
0
LWPOLYLINE
8
POLYLINES
90
5
70
0
10
413.418000
20
191.952000
10
414.714000
20
191.664000
10
414.570000
20
190.656000
10
413.130000
20
190.944000
10
413.418000
20
191.952000
0
LWPOLYLINE
8
POLYLINES
90
5
70
0
10
413.418000
20
191.952000
10
414.714000
20
191.664000
10
414.570000
20
190.656000
10
413.130000
20
190.944000
10
413.418000
20
191.952000
0
LWPOLYLINE
8
POLYLINES
90
5
70
0
10
414.714000
20
191.664000
10
416.010000
20
191.664000
10
416.154000
20
190.656000
10
414.570000
20
190.656000
10
414.714000
20
191.664000
0
LWPOLYLINE
8
POLYLINES
90
5
70
0
10
414.714000
20
191.664000
10
416.010000
20
191.664000
10
416.154000
20
190.656000
10
414.570000
20
190.656000
10
414.714000
20
191.664000
0
LWPOLYLINE
8
POLYLINES
90
5
70
0
10
416.010000
20
191.664000
10
417.306000
20
191.952000
10
417.594000
20
190.944000
10
416.154000
20
190.656000
10
416.010000
20
191.664000
0
LWPOLYLINE
8
POLYLINES
90
5
70
0
10
416.010000
20
191.664000
10
417.306000
20
191.952000
10
417.594000
20
190.944000
10
416.154000
20
190.656000
10
416.010000
20
191.664000
0
LWPOLYLINE
8
POLYLINES
90
5
70
0
10
417.306000
20
204.048000
10
416.010000
20
204.336000
10
416.154000
20
205.488000
10
417.594000
20
205.056000
10
417.306000
20
204.048000
0
LWPOLYLINE
8
POLYLINES
90
5
70
0
10
417.306000
20
204.048000
10
416.010000
20
204.336000
10
416.154000
20
205.488000
10
417.594000
20
205.056000
10
417.306000
20
204.048000
0
LWPOLYLINE
8
POLYLINES
90
5
70
0
10
416.010000
20
204.336000
10
414.714000
20
204.336000
10
414.570000
20
205.488000
10
416.154000
20
205.488000
10
416.010000
20
204.336000
0
LWPOLYLINE
8
POLYLINES
90
5
70
0
10
416.010000
20
204.336000
10
414.714000
20
204.336000
10
414.570000
20
205.488000
10
416.154000
20
205.488000
10
416.010000
20
204.336000
0
LWPOLYLINE
8
POLYLINES
90
5
70
0
10
414.714000
20
204.336000
10
413.418000
20
204.048000
10
413.130000
20
205.056000
10
414.570000
20
205.488000
10
414.714000
20
204.336000
0
LWPOLYLINE
8
POLYLINES
90
5
70
0
10
414.714000
20
204.336000
10
413.418000
20
204.048000
10
413.130000
20
205.056000
10
414.570000
20
205.488000
10
414.714000
20
204.336000
0
LWPOLYLINE
8
POLYLINES
90
5
70
0
10
413.418000
20
204.048000
10
412.122000
20
203.616000
10
411.690000
20
204.480000
10
413.130000
20
205.056000
10
413.418000
20
204.048000
0
LWPOLYLINE
8
POLYLINES
90
5
70
0
10
413.418000
20
204.048000
10
412.122000
20
203.616000
10
411.690000
20
204.480000
10
413.130000
20
205.056000
10
413.418000
20
204.048000
0
LWPOLYLINE
8
POLYLINES
90
5
70
0
10
412.122000
20
203.616000
10
411.114000
20
202.752000
10
410.394000
20
203.616000
10
411.690000
20
204.480000
10
412.122000
20
203.616000
0
LWPOLYLINE
8
POLYLINES
90
5
70
0
10
412.122000
20
203.616000
10
411.114000
20
202.752000
10
410.394000
20
203.616000
10
411.690000
20
204.480000
10
412.122000
20
203.616000
0
LWPOLYLINE
8
POLYLINES
90
5
70
0
10
411.114000
20
202.752000
10
410.250000
20
201.744000
10
409.386000
20
202.464000
10
410.394000
20
203.616000
10
411.114000
20
202.752000
0
LWPOLYLINE
8
POLYLINES
90
5
70
0
10
411.114000
20
202.752000
10
410.250000
20
201.744000
10
409.386000
20
202.464000
10
410.394000
20
203.616000
10
411.114000
20
202.752000
0
LWPOLYLINE
8
POLYLINES
90
5
70
0
10
410.250000
20
201.744000
10
409.530000
20
200.592000
10
408.522000
20
201.024000
10
409.386000
20
202.464000
10
410.250000
20
201.744000
0
LWPOLYLINE
8
POLYLINES
90
5
70
0
10
410.250000
20
201.744000
10
409.530000
20
200.592000
10
408.522000
20
201.024000
10
409.386000
20
202.464000
10
410.250000
20
201.744000
0
LWPOLYLINE
8
POLYLINES
90
5
70
0
10
409.530000
20
200.592000
10
409.098000
20
199.440000
10
408.090000
20
199.584000
10
408.522000
20
201.024000
10
409.530000
20
200.592000
0
LWPOLYLINE
8
POLYLINES
90
5
70
0
10
409.530000
20
200.592000
10
409.098000
20
199.440000
10
408.090000
20
199.584000
10
408.522000
20
201.024000
10
409.530000
20
200.592000
0
LWPOLYLINE
8
POLYLINES
90
5
70
0
10
409.098000
20
199.440000
10
408.954000
20
198.000000
10
407.946000
20
198.000000
10
408.090000
20
199.584000
10
409.098000
20
199.440000
0
LWPOLYLINE
8
POLYLINES
90
5
70
0
10
409.098000
20
199.440000
10
408.954000
20
198.000000
10
407.946000
20
198.000000
10
408.090000
20
199.584000
10
409.098000
20
199.440000
0
LWPOLYLINE
8
POLYLINES
90
5
70
0
10
412.122000
20
198.000000
10
412.266000
20
197.136000
10
411.258000
20
196.848000
10
411.114000
20
198.000000
10
412.122000
20
198.000000
0
LWPOLYLINE
8
POLYLINES
90
5
70
0
10
412.122000
20
198.000000
10
412.266000
20
197.136000
10
411.258000
20
196.848000
10
411.114000
20
198.000000
10
412.122000
20
198.000000
0
LWPOLYLINE
8
POLYLINES
90
5
70
0
10
412.266000
20
197.136000
10
412.698000
20
196.272000
10
411.834000
20
195.696000
10
411.258000
20
196.848000
10
412.266000
20
197.136000
0
LWPOLYLINE
8
POLYLINES
90
5
70
0
10
412.266000
20
197.136000
10
412.698000
20
196.272000
10
411.834000
20
195.696000
10
411.258000
20
196.848000
10
412.266000
20
197.136000
0
LWPOLYLINE
8
POLYLINES
90
5
70
0
10
412.698000
20
196.272000
10
413.274000
20
195.696000
10
412.554000
20
194.832000
10
411.834000
20
195.696000
10
412.698000
20
196.272000
0
LWPOLYLINE
8
POLYLINES
90
5
70
0
10
412.698000
20
196.272000
10
413.274000
20
195.696000
10
412.554000
20
194.832000
10
411.834000
20
195.696000
10
412.698000
20
196.272000
0
LWPOLYLINE
8
POLYLINES
90
5
70
0
10
413.274000
20
195.696000
10
413.994000
20
195.120000
10
413.562000
20
194.112000
10
412.554000
20
194.832000
10
413.274000
20
195.696000
0
LWPOLYLINE
8
POLYLINES
90
5
70
0
10
413.274000
20
195.696000
10
413.994000
20
195.120000
10
413.562000
20
194.112000
10
412.554000
20
194.832000
10
413.274000
20
195.696000
0
LWPOLYLINE
8
POLYLINES
90
5
70
0
10
413.994000
20
195.120000
10
414.858000
20
194.832000
10
414.714000
20
193.824000
10
413.562000
20
194.112000
10
413.994000
20
195.120000
0
LWPOLYLINE
8
POLYLINES
90
5
70
0
10
413.994000
20
195.120000
10
414.858000
20
194.832000
10
414.714000
20
193.824000
10
413.562000
20
194.112000
10
413.994000
20
195.120000
0
LWPOLYLINE
8
POLYLINES
90
5
70
0
10
414.858000
20
194.832000
10
415.866000
20
194.832000
10
416.010000
20
193.824000
10
414.714000
20
193.824000
10
414.858000
20
194.832000
0
LWPOLYLINE
8
POLYLINES
90
5
70
0
10
414.858000
20
194.832000
10
415.866000
20
194.832000
10
416.010000
20
193.824000
10
414.714000
20
193.824000
10
414.858000
20
194.832000
0
LWPOLYLINE
8
POLYLINES
90
5
70
0
10
415.866000
20
194.832000
10
416.730000
20
195.120000
10
417.162000
20
194.112000
10
416.010000
20
193.824000
10
415.866000
20
194.832000
0
LWPOLYLINE
8
POLYLINES
90
5
70
0
10
415.866000
20
194.832000
10
416.730000
20
195.120000
10
417.162000
20
194.112000
10
416.010000
20
193.824000
10
415.866000
20
194.832000
0
LWPOLYLINE
8
POLYLINES
90
5
70
0
10
416.730000
20
195.120000
10
417.450000
20
195.696000
10
418.170000
20
194.832000
10
417.162000
20
194.112000
10
416.730000
20
195.120000
0
LWPOLYLINE
8
POLYLINES
90
5
70
0
10
416.730000
20
195.120000
10
417.450000
20
195.696000
10
418.170000
20
194.832000
10
417.162000
20
194.112000
10
416.730000
20
195.120000
0
LWPOLYLINE
8
POLYLINES
90
5
70
0
10
417.450000
20
200.448000
10
416.730000
20
200.880000
10
417.162000
20
201.888000
10
418.170000
20
201.312000
10
417.450000
20
200.448000
0
LWPOLYLINE
8
POLYLINES
90
5
70
0
10
417.450000
20
200.448000
10
416.730000
20
200.880000
10
417.162000
20
201.888000
10
418.170000
20
201.312000
10
417.450000
20
200.448000
0
LWPOLYLINE
8
POLYLINES
90
5
70
0
10
416.730000
20
200.880000
10
415.866000
20
201.168000
10
416.010000
20
202.320000
10
417.162000
20
201.888000
10
416.730000
20
200.880000
0
LWPOLYLINE
8
POLYLINES
90
5
70
0
10
416.730000
20
200.880000
10
415.866000
20
201.168000
10
416.010000
20
202.320000
10
417.162000
20
201.888000
10
416.730000
20
200.880000
0
LWPOLYLINE
8
POLYLINES
90
5
70
0
10
415.866000
20
201.168000
10
414.858000
20
201.168000
10
414.714000
20
202.320000
10
416.010000
20
202.320000
10
415.866000
20
201.168000
0
LWPOLYLINE
8
POLYLINES
90
5
70
0
10
415.866000
20
201.168000
10
414.858000
20
201.168000
10
414.714000
20
202.320000
10
416.010000
20
202.320000
10
415.866000
20
201.168000
0
LWPOLYLINE
8
POLYLINES
90
5
70
0
10
414.858000
20
201.168000
10
413.994000
20
200.880000
10
413.562000
20
201.888000
10
414.714000
20
202.320000
10
414.858000
20
201.168000
0
LWPOLYLINE
8
POLYLINES
90
5
70
0
10
414.858000
20
201.168000
10
413.994000
20
200.880000
10
413.562000
20
201.888000
10
414.714000
20
202.320000
10
414.858000
20
201.168000
0
LWPOLYLINE
8
POLYLINES
90
5
70
0
10
413.994000
20
200.880000
10
413.274000
20
200.448000
10
412.554000
20
201.312000
10
413.562000
20
201.888000
10
413.994000
20
200.880000
0
LWPOLYLINE
8
POLYLINES
90
5
70
0
10
413.994000
20
200.880000
10
413.274000
20
200.448000
10
412.554000
20
201.312000
10
413.562000
20
201.888000
10
413.994000
20
200.880000
0
LWPOLYLINE
8
POLYLINES
90
5
70
0
10
413.274000
20
200.448000
10
412.698000
20
199.728000
10
411.834000
20
200.304000
10
412.554000
20
201.312000
10
413.274000
20
200.448000
0
LWPOLYLINE
8
POLYLINES
90
5
70
0
10
413.274000
20
200.448000
10
412.698000
20
199.728000
10
411.834000
20
200.304000
10
412.554000
20
201.312000
10
413.274000
20
200.448000
0
LWPOLYLINE
8
POLYLINES
90
5
70
0
10
412.698000
20
199.728000
10
412.266000
20
199.008000
10
411.258000
20
199.296000
10
411.834000
20
200.304000
10
412.698000
20
199.728000
0
LWPOLYLINE
8
POLYLINES
90
5
70
0
10
412.698000
20
199.728000
10
412.266000
20
199.008000
10
411.258000
20
199.296000
10
411.834000
20
200.304000
10
412.698000
20
199.728000
0
LWPOLYLINE
8
POLYLINES
90
5
70
0
10
412.266000
20
199.008000
10
412.122000
20
198.000000
10
411.114000
20
198.000000
10
411.258000
20
199.296000
10
412.266000
20
199.008000
0
LWPOLYLINE
8
POLYLINES
90
5
70
0
10
412.266000
20
199.008000
10
412.122000
20
198.000000
10
411.114000
20
198.000000
10
411.258000
20
199.296000
10
412.266000
20
199.008000
0
LWPOLYLINE
8
POLYLINES
90
5
70
0
10
417.306000
20
191.952000
10
418.602000
20
192.528000
10
419.034000
20
191.664000
10
417.594000
20
190.944000
10
417.306000
20
191.952000
0
LWPOLYLINE
8
POLYLINES
90
5
70
0
10
417.306000
20
191.952000
10
418.602000
20
192.528000
10
419.034000
20
191.664000
10
417.594000
20
190.944000
10
417.306000
20
191.952000
0
LWPOLYLINE
8
POLYLINES
90
5
70
0
10
418.602000
20
203.616000
10
417.306000
20
204.048000
10
417.594000
20
205.056000
10
419.034000
20
204.480000
10
418.602000
20
203.616000
0
LWPOLYLINE
8
POLYLINES
90
5
70
0
10
418.602000
20
203.616000
10
417.306000
20
204.048000
10
417.594000
20
205.056000
10
419.034000
20
204.480000
10
418.602000
20
203.616000
0
LWPOLYLINE
8
POLYLINES
90
5
70
0
10
417.450000
20
195.696000
10
418.026000
20
196.272000
10
418.890000
20
195.696000
10
418.170000
20
194.832000
10
417.450000
20
195.696000
0
LWPOLYLINE
8
POLYLINES
90
5
70
0
10
417.450000
20
195.696000
10
418.026000
20
196.272000
10
418.890000
20
195.696000
10
418.170000
20
194.832000
10
417.450000
20
195.696000
0
LWPOLYLINE
8
POLYLINES
90
5
70
0
10
418.026000
20
199.728000
10
417.450000
20
200.448000
10
418.170000
20
201.312000
10
418.890000
20
200.304000
10
418.026000
20
199.728000
0
LWPOLYLINE
8
POLYLINES
90
5
70
0
10
418.026000
20
199.728000
10
417.450000
20
200.448000
10
418.170000
20
201.312000
10
418.890000
20
200.304000
10
418.026000
20
199.728000
0
LWPOLYLINE
8
POLYLINES
90
5
70
0
10
418.026000
20
196.272000
10
418.458000
20
197.136000
10
419.466000
20
196.848000
10
418.890000
20
195.696000
10
418.026000
20
196.272000
0
LWPOLYLINE
8
POLYLINES
90
5
70
0
10
418.026000
20
196.272000
10
418.458000
20
197.136000
10
419.466000
20
196.848000
10
418.890000
20
195.696000
10
418.026000
20
196.272000
0
LWPOLYLINE
8
POLYLINES
90
5
70
0
10
418.458000
20
199.008000
10
418.026000
20
199.728000
10
418.890000
20
200.304000
10
419.466000
20
199.296000
10
418.458000
20
199.008000
0
LWPOLYLINE
8
POLYLINES
90
5
70
0
10
418.458000
20
199.008000
10
418.026000
20
199.728000
10
418.890000
20
200.304000
10
419.466000
20
199.296000
10
418.458000
20
199.008000
0
LWPOLYLINE
8
POLYLINES
90
5
70
0
10
418.602000
20
192.528000
10
419.610000
20
193.248000
10
420.330000
20
192.528000
10
419.034000
20
191.664000
10
418.602000
20
192.528000
0
LWPOLYLINE
8
POLYLINES
90
5
70
0
10
418.602000
20
192.528000
10
419.610000
20
193.248000
10
420.330000
20
192.528000
10
419.034000
20
191.664000
10
418.602000
20
192.528000
0
LWPOLYLINE
8
POLYLINES
90
5
70
0
10
418.458000
20
197.136000
10
418.602000
20
198.000000
10
419.610000
20
198.000000
10
419.466000
20
196.848000
10
418.458000
20
197.136000
0
LWPOLYLINE
8
POLYLINES
90
5
70
0
10
418.458000
20
197.136000
10
418.602000
20
198.000000
10
419.610000
20
198.000000
10
419.466000
20
196.848000
10
418.458000
20
197.136000
0
LWPOLYLINE
8
POLYLINES
90
5
70
0
10
418.602000
20
198.000000
10
418.458000
20
199.008000
10
419.466000
20
199.296000
10
419.610000
20
198.000000
10
418.602000
20
198.000000
0
LWPOLYLINE
8
POLYLINES
90
5
70
0
10
418.602000
20
198.000000
10
418.458000
20
199.008000
10
419.466000
20
199.296000
10
419.610000
20
198.000000
10
418.602000
20
198.000000
0
LWPOLYLINE
8
POLYLINES
90
5
70
0
10
419.610000
20
193.248000
10
420.474000
20
194.256000
10
421.338000
20
193.680000
10
420.330000
20
192.528000
10
419.610000
20
193.248000
0
LWPOLYLINE
8
POLYLINES
90
5
70
0
10
419.610000
20
193.248000
10
420.474000
20
194.256000
10
421.338000
20
193.680000
10
420.330000
20
192.528000
10
419.610000
20
193.248000
0
LWPOLYLINE
8
POLYLINES
90
5
70
0
10
420.474000
20
194.256000
10
421.194000
20
195.408000
10
422.202000
20
194.976000
10
421.338000
20
193.680000
10
420.474000
20
194.256000
0
LWPOLYLINE
8
POLYLINES
90
5
70
0
10
420.474000
20
194.256000
10
421.194000
20
195.408000
10
422.202000
20
194.976000
10
421.338000
20
193.680000
10
420.474000
20
194.256000
0
LWPOLYLINE
8
POLYLINES
90
5
70
0
10
421.194000
20
195.408000
10
421.626000
20
196.704000
10
422.634000
20
196.560000
10
422.202000
20
194.976000
10
421.194000
20
195.408000
0
LWPOLYLINE
8
POLYLINES
90
5
70
0
10
421.194000
20
195.408000
10
421.626000
20
196.704000
10
422.634000
20
196.560000
10
422.202000
20
194.976000
10
421.194000
20
195.408000
0
LWPOLYLINE
8
POLYLINES
90
5
70
0
10
421.626000
20
199.440000
10
421.194000
20
200.592000
10
422.202000
20
201.024000
10
422.634000
20
199.584000
10
421.626000
20
199.440000
0
LWPOLYLINE
8
POLYLINES
90
5
70
0
10
421.626000
20
199.440000
10
421.194000
20
200.592000
10
422.202000
20
201.024000
10
422.634000
20
199.584000
10
421.626000
20
199.440000
0
LWPOLYLINE
8
POLYLINES
90
5
70
0
10
421.626000
20
196.704000
10
421.770000
20
198.000000
10
422.778000
20
198.000000
10
422.634000
20
196.560000
10
421.626000
20
196.704000
0
LWPOLYLINE
8
POLYLINES
90
5
70
0
10
421.626000
20
196.704000
10
421.770000
20
198.000000
10
422.778000
20
198.000000
10
422.634000
20
196.560000
10
421.626000
20
196.704000
0
LWPOLYLINE
8
POLYLINES
90
5
70
0
10
421.770000
20
198.000000
10
421.626000
20
199.440000
10
422.634000
20
199.584000
10
422.778000
20
198.000000
10
421.770000
20
198.000000
0
LWPOLYLINE
8
POLYLINES
90
5
70
0
10
421.770000
20
198.000000
10
421.626000
20
199.440000
10
422.634000
20
199.584000
10
422.778000
20
198.000000
10
421.770000
20
198.000000
0
LWPOLYLINE
8
POLYLINES
90
5
70
0
10
421.194000
20
200.592000
10
420.474000
20
201.744000
10
421.338000
20
202.464000
10
422.202000
20
201.024000
10
421.194000
20
200.592000
0
LWPOLYLINE
8
POLYLINES
90
5
70
0
10
421.194000
20
200.592000
10
420.474000
20
201.744000
10
421.338000
20
202.464000
10
422.202000
20
201.024000
10
421.194000
20
200.592000
0
LWPOLYLINE
8
POLYLINES
90
5
70
0
10
420.474000
20
201.744000
10
419.610000
20
202.752000
10
420.330000
20
203.616000
10
421.338000
20
202.464000
10
420.474000
20
201.744000
0
LWPOLYLINE
8
POLYLINES
90
5
70
0
10
420.474000
20
201.744000
10
419.610000
20
202.752000
10
420.330000
20
203.616000
10
421.338000
20
202.464000
10
420.474000
20
201.744000
0
LWPOLYLINE
8
POLYLINES
90
5
70
0
10
419.610000
20
202.752000
10
418.602000
20
203.616000
10
419.034000
20
204.480000
10
420.330000
20
203.616000
10
419.610000
20
202.752000
0
LWPOLYLINE
8
POLYLINES
90
5
70
0
10
419.610000
20
202.752000
10
418.602000
20
203.616000
10
419.034000
20
204.480000
10
420.330000
20
203.616000
10
419.610000
20
202.752000
0
ENDSEC
0
EOF