  0
SECTION
  2
HEADER
  9
$ACADVER
  1
AC1024
  9
$ACADMAINTVER
 70
6
  9
$DWGCODEPAGE
  3
ANSI_1252
  9
$LASTSAVEDBY
  1
ezdxf
  9
$INSBASE
 10
0.0
 20
0.0
 30
0.0
  9
$EXTMIN
 10
1e+20
 20
1e+20
 30
1e+20
  9
$EXTMAX
 10
-1e+20
 20
-1e+20
 30
-1e+20
  9
$LIMMIN
 10
0.0
 20
0.0
  9
$LIMMAX
 10
420.0
 20
297.0
  9
$ORTHOMODE
 70
0
  9
$REGENMODE
 70
1
  9
$FILLMODE
 70
1
  9
$QTEXTMODE
 70
0
  9
$MIRRTEXT
 70
1
  9
$LTSCALE
 40
1.0
  9
$ATTMODE
 70
1
  9
$TEXTSIZE
 40
2.5
  9
$TRACEWID
 40
1.0
  9
$TEXTSTYLE
  7
Standard
  9
$CLAYER
  8
0
  9
$CELTYPE
  6
ByLayer
  9
$CECOLOR
 62
256
  9
$CELTSCALE
 40
1.0
  9
$DISPSILH
 70
0
  9
$DIMSCALE
 40
1.0
  9
$DIMASZ
 40
2.5
  9
$DIMEXO
 40
0.625
  9
$DIMDLI
 40
3.75
  9
$DIMRND
 40
0.0
  9
$DIMDLE
 40
0.0
  9
$DIMEXE
 40
1.25
  9
$DIMTP
 40
0.0
  9
$DIMTM
 40
0.0
  9
$DIMTXT
 40
2.5
  9
$DIMCEN
 40
2.5
  9
$DIMTSZ
 40
0.0
  9
$DIMTOL
 70
0
  9
$DIMLIM
 70
0
  9
$DIMTIH
 70
0
  9
$DIMTOH
 70
0
  9
$DIMSE1
 70
0
  9
$DIMSE2
 70
0
  9
$DIMTAD
 70
1
  9
$DIMZIN
 70
8
  9
$DIMBLK
  1

  9
$DIMASO
 70
1
  9
$DIMSHO
 70
1
  9
$DIMPOST
  1

  9
$DIMAPOST
  1

  9
$DIMALT
 70
0
  9
$DIMALTD
 70
3
  9
$DIMALTF
 40
0.03937007874
  9
$DIMLFAC
 40
1.0
  9
$DIMTOFL
 70
1
  9
$DIMTVP
 40
0.0
  9
$DIMTIX
 70
0
  9
$DIMSOXD
 70
0
  9
$DIMSAH
 70
0
  9
$DIMBLK1
  1

  9
$DIMBLK2
  1

  9
$DIMSTYLE
  2
ISO-25
  9
$DIMCLRD
 70
0
  9
$DIMCLRE
 70
0
  9
$DIMCLRT
 70
0
  9
$DIMTFAC
 40
1.0
  9
$DIMGAP
 40
0.625
  9
$DIMJUST
 70
0
  9
$DIMSD1
 70
0
  9
$DIMSD2
 70
0
  9
$DIMTOLJ
 70
0
  9
$DIMTZIN
 70
8
  9
$DIMALTZ
 70
0
  9
$DIMALTTZ
 70
0
  9
$DIMUPT
 70
0
  9
$DIMDEC
 70
2
  9
$DIMTDEC
 70
2
  9
$DIMALTU
 70
2
  9
$DIMALTTD
 70
3
  9
$DIMTXSTY
  7
Standard
  9
$DIMAUNIT
 70
0
  9
$DIMADEC
 70
0
  9
$DIMALTRND
 40
0.0
  9
$DIMAZIN
 70
0
  9
$DIMDSEP
 70
44
  9
$DIMATFIT
 70
3
  9
$DIMFRAC
 70
0
  9
$DIMLDRBLK
  1

  9
$DIMLUNIT
 70
2
  9
$DIMLWD
 70
-2
  9
$DIMLWE
 70
-2
  9
$DIMTMOVE
 70
0
  9
$DIMFXL
 40
1.0
  9
$DIMFXLON
 70
0
  9
$DIMJOGANG
 40
0.785398163397
  9
$DIMTFILL
 70
0
  9
$DIMTFILLCLR
 70
0
  9
$DIMARCSYM
 70
0
  9
$DIMLTYPE
  6

  9
$DIMLTEX1
  6

  9
$DIMLTEX2
  6

  9
$DIMTXTDIRECTION
 70
0
  9
$LUNITS
 70
2
  9
$LUPREC
 70
4
  9
$SKETCHINC
 40
1.0
  9
$FILLETRAD
 40
10.0
  9
$AUNITS
 70
0
  9
$AUPREC
 70
2
  9
$MENU
  1
.
  9
$ELEVATION
 40
0.0
  9
$PELEVATION
 40
0.0
  9
$THICKNESS
 40
0.0
  9
$LIMCHECK
 70
0
  9
$CHAMFERA
 40
0.0
  9
$CHAMFERB
 40
0.0
  9
$CHAMFERC
 40
0.0
  9
$CHAMFERD
 40
0.0
  9
$SKPOLY
 70
0
  9
$TDCREATE
 40
2461287.926215278
  9
$TDUCREATE
 40
2458532.153996898
  9
$TDUPDATE
 40
2461287.926226852
  9
$TDUUPDATE
 40
2458532.1544311
  9
$TDINDWG
 40
0.0
  9
$TDUSRTIMER
 40
0.0
  9
$USRTIMER
 70
1
  9
$ANGBASE
 50
0.0
  9
$ANGDIR
 70
0
  9
$PDMODE
 70
0
  9
$PDSIZE
 40
0.0
  9
$PLINEWID
 40
0.0
  9
$SPLFRAME
 70
0
  9
$SPLINETYPE
 70
6
  9
$SPLINESEGS
 70
8
  9
$HANDSEED
  5
880
  9
$SURFTAB1
 70
6
  9
$SURFTAB2
 70
6
  9
$SURFTYPE
 70
6
  9
$SURFU
 70
6
  9
$SURFV
 70
6
  9
$UCSBASE
  2

  9
$UCSNAME
  2

  9
$UCSORG
 10
0.0
 20
0.0
 30
0.0
  9
$UCSXDIR
 10
1.0
 20
0.0
 30
0.0
  9
$UCSYDIR
 10
0.0
 20
1.0
 30
0.0
  9
$UCSORTHOREF
  2

  9
$UCSORTHOVIEW
 70
0
  9
$UCSORGTOP
 10
0.0
 20
0.0
 30
0.0
  9
$UCSORGBOTTOM
 10
0.0
 20
0.0
 30
0.0
  9
$UCSORGLEFT
 10
0.0
 20
0.0
 30
0.0
  9
$UCSORGRIGHT
 10
0.0
 20
0.0
 30
0.0
  9
$UCSORGFRONT
 10
0.0
 20
0.0
 30
0.0
  9
$UCSORGBACK
 10
0.0
 20
0.0
 30
0.0
  9
$PUCSBASE
  2

  9
$PUCSNAME
  2

  9
$PUCSORG
 10
0.0
 20
0.0
 30
0.0
  9
$PUCSXDIR
 10
1.0
 20
0.0
 30
0.0
  9
$PUCSYDIR
 10
0.0
 20
1.0
 30
0.0
  9
$PUCSORTHOREF
  2

  9
$PUCSORTHOVIEW
 70
0
  9
$PUCSORGTOP
 10
0.0
 20
0.0
 30
0.0
  9
$PUCSORGBOTTOM
 10
0.0
 20
0.0
 30
0.0
  9
$PUCSORGLEFT
 10
0.0
 20
0.0
 30
0.0
  9
$PUCSORGRIGHT
 10
0.0
 20
0.0
 30
0.0
  9
$PUCSORGFRONT
 10
0.0
 20
0.0
 30
0.0
  9
$PUCSORGBACK
 10
0.0
 20
0.0
 30
0.0
  9
$USERI1
 70
0
  9
$USERI2
 70
0
  9
$USERI3
 70
0
  9
$USERI4
 70
0
  9
$USERI5
 70
0
  9
$USERR1
 40
0.0
  9
$USERR2
 40
0.0
  9
$USERR3
 40
0.0
  9
$USERR4
 40
0.0
  9
$USERR5
 40
0.0
  9
$WORLDVIEW
 70
1
  9
$SHADEDGE
 70
3
  9
$SHADEDIF
 70
70
  9
$TILEMODE
 70
1
  9
$MAXACTVP
 70
64
  9
$PINSBASE
 10
0.0
 20
0.0
 30
0.0
  9
$PLIMCHECK
 70
0
  9
$PEXTMIN
 10
1e+20
 20
1e+20
 30
1e+20
  9
$PEXTMAX
 10
-1e+20
 20
-1e+20
 30
-1e+20
  9
$PLIMMIN
 10
0.0
 20
0.0
  9
$PLIMMAX
 10
420.0
 20
297.0
  9
$UNITMODE
 70
0
  9
$VISRETAIN
 70
1
  9
$PLINEGEN
 70
0
  9
$PSLTSCALE
 70
1
  9
$TREEDEPTH
 70
3020
  9
$CMLSTYLE
  2
Standard
  9
$CMLJUST
 70
0
  9
$CMLSCALE
 40
20.0
  9
$PROXYGRAPHICS
 70
1
  9
$MEASUREMENT
 70
1
  9
$CELWEIGHT
370
-1
  9
$ENDCAPS
280
0
  9
$JOINSTYLE
280
0
  9
$LWDISPLAY
290
0
  9
$INSUNITS
 70
6
  9
$HYPERLINKBASE
  1

  9
$STYLESHEET
  1

  9
$XEDIT
290
1
  9
$CEPSNTYPE
380
0
  9
$PSTYLEMODE
290
1
  9
$FINGERPRINTGUID
  2
{5ADFA3FA-B080-4E94-AFC7-D43224C44888}
  9
$VERSIONGUID
  2
{17CE0835-C4D7-4FCB-AE23-A0553E1221A8}
  9
$EXTNAMES
290
1
  9
$PSVPSCALE
 40
0.0
  9
$OLESTARTUP
290
0
  9
$SORTENTS
280
127
  9
$INDEXCTL
280
0
  9
$HIDETEXT
280
1
  9
$XCLIPFRAME
280
1
  9
$HALOGAP
280
0
  9
$OBSCOLOR
 70
257
  9
$OBSLTYPE
280
0
  9
$INTERSECTIONDISPLAY
280
0
  9
$INTERSECTIONCOLOR
 70
257
  9
$DIMASSOC
280
2
  9
$PROJECTNAME
  1

  9
$CAMERADISPLAY
290
0
  9
$LENSLENGTH
 40
50.0
  9
$CAMERAHEIGHT
 40
0.0
  9
$STEPSPERSEC
 40
24.0
  9
$STEPSIZE
 40
100.0
  9
$3DDWFPREC
 40
2.0
  9
$PSOLWIDTH
 40
0.005
  9
$PSOLHEIGHT
 40
0.08
  9
$LOFTANG1
 40
1.570796326795
  9
$LOFTANG2
 40
1.570796326795
  9
$LOFTMAG1
 40
0.0
  9
$LOFTMAG2
 40
0.0
  9
$LOFTPARAM
 70
7
  9
$LOFTNORMALS
280
1
  9
$LATITUDE
 40
37.795
  9
$LONGITUDE
 40
-122.394
  9
$NORTHDIRECTION
 40
0.0
  9
$TIMEZONE
 70
-8000
  9
$LIGHTGLYPHDISPLAY
280
1
  9
$TILEMODELIGHTSYNCH
280
1
  9
$CMATERIAL
347
20
  9
$SOLIDHIST
280
0
  9
$SHOWHIST
280
1
  9
$DWFFRAME
280
2
  9
$DGNFRAME
280
2
  9
$REALWORLDSCALE
290
1
  9
$INTERFERECOLOR
 62
256
  9
$CSHADOW
280
0
  9
$SHADOWPLANELOCATION
 40
0.0
  0
ENDSEC
  0
SECTION
  2
CLASSES
  0
CLASS
  1
ACDBDICTIONARYWDFLT
  2
AcDbDictionaryWithDefault
  3
ObjectDBX Classes
 90
0
 91
0
280
0
281
0
  0
CLASS
  1
SUN
  2
AcDbSun
  3
SCENEOE
 90
1153
 91
0
280
0
281
0
  0
CLASS
  1
VISUALSTYLE
  2
AcDbVisualStyle
  3
ObjectDBX Classes
 90
4095
 91
0
280
0
281
0
  0
CLASS
  1
MATERIAL
  2
AcDbMaterial
  3
ObjectDBX Classes
 90
1153
 91
0
280
0
281
0
  0
CLASS
  1
SCALE
  2
AcDbScale
  3
ObjectDBX Classes
 90
1153
 91
0
280
0
281
0
  0
CLASS
  1
TABLESTYLE
  2
AcDbTableStyle
  3
ObjectDBX Classes
 90
4095
 91
0
280
0
281
0
  0
CLASS
  1
MLEADERSTYLE
  2
AcDbMLeaderStyle
  3
ACDB_MLEADERSTYLE_CLASS
 90
4095
 91
0
280
0
281
0
  0
CLASS
  1
DICTIONARYVAR
  2
AcDbDictionaryVar
  3
ObjectDBX Classes
 90
0
 91
0
280
0
281
0
  0
CLASS
  1
CELLSTYLEMAP
  2
AcDbCellStyleMap
  3
ObjectDBX Classes
 90
1152
 91
0
280
0
281
0
  0
CLASS
  1
MENTALRAYRENDERSETTINGS
  2
AcDbMentalRayRenderSettings
  3
SCENEOE
 90
1024
 91
0
280
0
281
0
  0
CLASS
  1
ACDBDETAILVIEWSTYLE
  2
AcDbDetailViewStyle
  3
ObjectDBX Classes
 90
1025
 91
0
280
0
281
0
  0
CLASS
  1
ACDBSECTIONVIEWSTYLE
  2
AcDbSectionViewStyle
  3
ObjectDBX Classes
 90
1025
 91
0
280
0
281
0
  0
CLASS
  1
RASTERVARIABLES
  2
AcDbRasterVariables
  3
ISM
 90
0
 91
0
280
0
281
0
  0
CLASS
  1
LAYOUT
  2
AcDbLayout
  3
ObjectDBX Classes
 90
0
 91
0
280
0
281
0
  0
CLASS
  1
ACDBPLACEHOLDER
  2
AcDbPlaceHolder
  3
ObjectDBX Classes
 90
0
 91
0
280
0
281
0
  0
ENDSEC
  0
SECTION
  2
TABLES
  0
TABLE
  2
VPORT
  5
8
330
0
100
AcDbSymbolTable
 70
1
  0
VPORT
  5
23
330
8
100
AcDbSymbolTableRecord
100
AcDbViewportTableRecord
  2
*Active
 70
0
 10
0.0
 20
0.0
 11
1.0
 21
1.0
 12
0.0
 22
0.0
 13
0.0
 23
0.0
 14
0.5
 24
0.5
 15
0.5
 25
0.5
 16
0.0
 26
0.0
 36
1.0
 17
0.0
 27
0.0
 37
0.0
 40
1000.0
 41
1.34
 42
50.0
 43
0.0
 44
0.0
 50
0.0
 51
0.0
 71
0
 72
1000
 73
1
 74
3
 75
0
 76
0
 77
0
 78
0
281
0
 65
0
146
0.0
  0
ENDTAB
  0
TABLE
  2
LTYPE
  5
2
330
0
100
AcDbSymbolTable
 70
3
  0
LTYPE
  5
24
330
2
100
AcDbSymbolTableRecord
100
AcDbLinetypeTableRecord
  2
ByBlock
 70
0
  3

 72
65
 73
0
 40
0.0
  0
LTYPE
  5
25
330
2
100
AcDbSymbolTableRecord
100
AcDbLinetypeTableRecord
  2
ByLayer
 70
0
  3

 72
65
 73
0
 40
0.0
  0
LTYPE
  5
26
330
2
100
AcDbSymbolTableRecord
100
AcDbLinetypeTableRecord
  2
Continuous
 70
0
  3

 72
65
 73
0
 40
0.0
  0
ENDTAB
  0
TABLE
  2
LAYER
  5
1
330
0
100
AcDbSymbolTable
 70
6
  0
LAYER
  5
27
330
1
100
AcDbSymbolTableRecord
100
AcDbLayerTableRecord
  2
0
 70
0
 62
7
  6
Continuous
370
-3
390
13
347
21
  0
LAYER
  5
28
330
1
100
AcDbSymbolTableRecord
100
AcDbLayerTableRecord
  2
Defpoints
 70
0
 62
7
  6
Continuous
290
0
370
-3
390
13
347
21
  0
LAYER
  5
2F
330
1
100
AcDbSymbolTableRecord
100
AcDbLayerTableRecord
  2
LINES
 70
0
 62
7
  6
Continuous
370
-3
390
13
347
21
  0
LAYER
  5
30
330
1
100
AcDbSymbolTableRecord
100
AcDbLayerTableRecord
  2
RECTS
 70
0
 62
7
  6
Continuous
370
-3
390
13
347
21
  0
LAYER
  5
31
330
1
100
AcDbSymbolTableRecord
100
AcDbLayerTableRecord
  2
TEXTS
 70
0
 62
3
  6
Continuous
370
-3
390
13
347
21
  0
LAYER
  5
32
330
1
100
AcDbSymbolTableRecord
100
AcDbLayerTableRecord
  2
POLYLINES
 70
0
 62
4
  6
Continuous
370
-3
390
13
347
21
  0
ENDTAB
  0
TABLE
  2
STYLE
  5
5
330
0
100
AcDbSymbolTable
 70
1
  0
STYLE
  5
29
330
5
100
AcDbSymbolTableRecord
100
AcDbTextStyleTableRecord
  2
Standard
 70
0
 40
0.0
 41
1.0
 50
0.0
 71
0
 42
2.5
  3
txt
  4

  0
ENDTAB
  0
TABLE
  2
VIEW
  5
7
330
0
100
AcDbSymbolTable
 70
0
  0
ENDTAB
  0
TABLE
  2
UCS
  5
6
330
0
100
AcDbSymbolTable
 70
0
  0
ENDTAB
  0
TABLE
  2
APPID
  5
3
330
0
100
AcDbSymbolTable
 70
3
  0
APPID
  5
2A
330
3
100
AcDbSymbolTableRecord
100
AcDbRegAppTableRecord
  2
ACAD
 70
0
  0
APPID
  5
87D
330
3
100
AcDbSymbolTableRecord
100
AcDbRegAppTableRecord
  2
HATCHBACKGROUNDCOLOR
 70
0
  0
APPID
  5
87E
330
3
100
AcDbSymbolTableRecord
100
AcDbRegAppTableRecord
  2
EZDXF
 70
0
  0
ENDTAB
  0
TABLE
  2
DIMSTYLE
  5
4
330
0
100
AcDbSymbolTable
 70
1
100
AcDbDimStyleTable
  0
DIMSTYLE
105
2B
330
4
100
AcDbSymbolTableRecord
100
AcDbDimStyleTableRecord
  2
Standard
 70
0
 40
1.0
 41
2.5
 42
0.625
 43
3.75
 44
1.25
 45
0.0
 46
0.0
 47
0.0
 48
0.0
 49
2.5
140
2.5
141
2.5
142
0.0
143
0.03937007874
144
1.0
145
0.0
146
1.0
147
0.625
148
0.0
 69
0
 70
0
 71
0
 72
0
 73
0
 74
0
 75
0
 76
0
 77
1
 78
8
 79
3
170
0
171
3
172
1
173
0
174
0
175
0
176
0
177
0
178
0
179
2
271
2
272
2
273
2
274
3
275
0
276
0
277
2
278
44
279
0
280
0
281
0
282
0
283
0
284
8
285
0
286
0
288
0
289
3
290
0
371
-2
372
-2
  0
ENDTAB
  0
TABLE
  2
BLOCK_RECORD
  5
9
330
0
100
AcDbSymbolTable
 70
2
  0
BLOCK_RECORD
  5
17
330
9
100
AcDbSymbolTableRecord
100
AcDbBlockTableRecord
  2
*Model_Space
340
1A
 70
0
280
1
281
0
  0
BLOCK_RECORD
  5
1B
330
9
100
AcDbSymbolTableRecord
100
AcDbBlockTableRecord
  2
*Paper_Space
340
1E
 70
0
280
1
281
0
  0
ENDTAB
  0
ENDSEC
  0
SECTION
  2
BLOCKS
  0
BLOCK
  5
18
330
17
100
AcDbEntity
  8
0
100
AcDbBlockBegin
  2
*Model_Space
 70
0
 10
0.0
 20
0.0
 30
0.0
  3
*Model_Space
  1

  0
ENDBLK
  5
19
330
17
100
AcDbEntity
  8
0
100
AcDbBlockEnd
  0
BLOCK
  5
1C
330
1B
100
AcDbEntity
  8
0
100
AcDbBlockBegin
  2
*Paper_Space
 70
0
 10
0.0
 20
0.0
 30
0.0
  3
*Paper_Space
  1

  0
ENDBLK
  5
1D
330
1B
100
AcDbEntity
  8
0
100
AcDbBlockEnd
  0
ENDSEC
  0
SECTION
  2
ENTITIES
  0
LINE
  5
33
330
17
100
AcDbEntity
  8
LINES
100
AcDbLine
 10
489.74
 20
648.14
 30
0.0
 11
489.74
 21
648.14
 31
0.0
  0
LINE
  5
34
330
17
100
AcDbEntity
  8
LINES
100
AcDbLine
 10
519.26
 20
505.3
 30
0.0
 11
520.12
 21
505.58
 31
0.0
  0
LINE
  5
35
330
17
100
AcDbEntity
  8
LINES
100
AcDbLine
 10
516.52
 20
513.36
 30
0.0
 11
517.24
 21
513.65
 31
0.0
  0
LINE
  5
36
330
17
100
AcDbEntity
  8
LINES
100
AcDbLine
 10
513.64
 20
521.42
 30
0.0
 11
514.51
 21
521.71
 31
0.0
  0
LINE
  5
37
330
17
100
AcDbEntity
  8
LINES
100
AcDbLine
 10
510.91
 20
529.49
 30
0.0
 11
511.77
 21
529.78
 31
0.0
  0
LINE
  5
38
330
17
100
AcDbEntity
  8
LINES
100
AcDbLine
 10
508.17
 20
537.41
 30
0.0
 11
508.89
 21
537.7
 31
0.0
  0
LINE
  5
39
330
17
100
AcDbEntity
  8
LINES
100
AcDbLine
 10
504.71
 20
552.24
 30
0.0
 11
505.58
 21
552.38
 31
0.0
  0
LINE
  5
3A
330
17
100
AcDbEntity
  8
LINES
100
AcDbLine
 10
503.71
 20
560.74
 30
0.0
 11
504.43
 21
560.88
 31
0.0
  0
LINE
  5
3B
330
17
100
AcDbEntity
  8
LINES
100
AcDbLine
 10
502.55
 20
569.09
 30
0.0
 11
503.42
 21
569.23
 31
0.0
  0
LINE
  5
3C
330
17
100
AcDbEntity
  8
LINES
100
AcDbLine
 10
501.55
 20
577.58
 30
0.0
 11
502.41
 21
577.73
 31
0.0
  0
LINE
  5
3D
330
17
100
AcDbEntity
  8
LINES
100
AcDbLine
 10
500.54
 20
586.08
 30
0.0
 11
501.4
 21
586.08
 31
0.0
  0
LINE
  5
3E
330
17
100
AcDbEntity
  8
LINES
100
AcDbLine
 10
499.53
 20
594.43
 30
0.0
 11
500.39
 21
594.58
 31
0.0
  0
LINE
  5
3F
330
17
100
AcDbEntity
  8
LINES
100
AcDbLine
 10
498.52
 20
602.93
 30
0.0
 11
499.39
 21
603.07
 31
0.0
  0
LINE
  5
40
330
17
100
AcDbEntity
  8
LINES
100
AcDbLine
 10
497.51
 20
611.42
 30
0.0
 11
498.23
 21
611.42
 31
0.0
  0
LINE
  5
41
330
17
100
AcDbEntity
  8
LINES
100
AcDbLine
 10
496.36
 20
619.78
 30
0.0
 11
497.23
 21
619.92
 31
0.0
  0
LINE
  5
42
330
17
100
AcDbEntity
  8
LINES
100
AcDbLine
 10
495.35
 20
628.27
 30
0.0
 11
496.22
 21
628.42
 31
0.0
  0
LINE
  5
43
330
17
100
AcDbEntity
  8
LINES
100
AcDbLine
 10
498.67
 20
642.38
 30
0.0
 11
499.39
 21
641.95
 31
0.0
  0
LINE
  5
44
330
17
100
AcDbEntity
  8
LINES
100
AcDbLine
 10
503.27
 20
649.44
 30
0.0
 11
503.99
 21
649.01
 31
0.0
  0
LINE
  5
45
330
17
100
AcDbEntity
  8
LINES
100
AcDbLine
 10
507.88
 20
656.64
 30
0.0
 11
508.6
 21
656.21
 31
0.0
  0
LINE
  5
46
330
17
100
AcDbEntity
  8
LINES
100
AcDbLine
 10
512.49
 20
663.84
 30
0.0
 11
513.21
 21
663.26
 31
0.0
  0
LINE
  5
47
330
17
100
AcDbEntity
  8
LINES
100
AcDbLine
 10
517.1
 20
670.9
 30
0.0
 11
517.82
 21
670.46
 31
0.0
  0
LINE
  5
48
330
17
100
AcDbEntity
  8
LINES
100
AcDbLine
 10
170.92
 20
468.29
 30
0.0
 11
170.92
 21
468.29
 31
0.0
  0
LINE
  5
49
330
17
100
AcDbEntity
  8
LINES
100
AcDbLine
 10
473.61
 20
773.57
 30
0.0
 11
621.07
 21
773.57
 31
0.0
  0
LINE
  5
4A
330
17
100
AcDbEntity
  8
LINES
100
AcDbLine
 10
473.61
 20
767.23
 30
0.0
 11
621.07
 21
767.23
 31
0.0
  0
LINE
  5
4B
330
17
100
AcDbEntity
  8
LINES
100
AcDbLine
 10
807.83
 20
499.68
 30
0.0
 11
729.64
 21
499.68
 31
0.0
  0
LINE
  5
4C
330
17
100
AcDbEntity
  8
LINES
100
AcDbLine
 10
708.47
 20
521.28
 30
0.0
 11
729.64
 21
499.68
 31
0.0
  0
LINE
  5
4D
330
17
100
AcDbEntity
  8
LINES
100
AcDbLine
 10
708.19
 20
429.12
 30
0.0
 11
776.15
 21
429.26
 31
0.0
  0
LINE
  5
4E
330
17
100
AcDbEntity
  8
LINES
100
AcDbLine
 10
687.02
 20
416.16
 30
0.0
 11
708.19
 21
429.12
 31
0.0
  0
LINE
  5
4F
330
17
100
AcDbEntity
  8
LINES
100
AcDbLine
 10
525.16
 20
479.66
 30
0.0
 11
524.3
 21
479.66
 31
0.0
  0
LINE
  5
50
330
17
100
AcDbEntity
  8
LINES
100
AcDbLine
 10
525.74
 20
471.17
 30
0.0
 11
524.87
 21
471.17
 31
0.0
  0
LINE
  5
51
330
17
100
AcDbEntity
  8
LINES
100
AcDbLine
 10
526.17
 20
462.67
 30
0.0
 11
525.31
 21
462.67
 31
0.0
  0
LINE
  5
52
330
17
100
AcDbEntity
  8
LINES
100
AcDbLine
 10
526.6
 20
454.18
 30
0.0
 11
525.74
 21
454.18
 31
0.0
  0
LINE
  5
53
330
17
100
AcDbEntity
  8
LINES
100
AcDbLine
 10
515.51
 20
480.38
 30
0.0
 11
514.79
 21
480.82
 31
0.0
  0
LINE
  5
54
330
17
100
AcDbEntity
  8
LINES
100
AcDbLine
 10
510.76
 20
473.33
 30
0.0
 11
510.04
 21
473.76
 31
0.0
  0
LINE
  5
55
330
17
100
AcDbEntity
  8
LINES
100
AcDbLine
 10
505.87
 20
466.27
 30
0.0
 11
505.29
 21
466.85
 31
0.0
  0
LINE
  5
56
330
17
100
AcDbEntity
  8
LINES
100
AcDbLine
 10
501.11
 20
459.22
 30
0.0
 11
500.39
 21
459.79
 31
0.0
  0
LINE
  5
57
330
17
100
AcDbEntity
  8
LINES
100
AcDbLine
 10
491.32
 20
533.23
 30
0.0
 11
490.6
 21
532.8
 31
0.0
  0
LINE
  5
58
330
17
100
AcDbEntity
  8
LINES
100
AcDbLine
 10
496.22
 20
526.32
 30
0.0
 11
495.5
 21
525.74
 31
0.0
  0
LINE
  5
59
330
17
100
AcDbEntity
  8
LINES
100
AcDbLine
 10
501.11
 20
519.41
 30
0.0
 11
500.39
 21
518.83
 31
0.0
  0
LINE
  5
5A
330
17
100
AcDbEntity
  8
LINES
100
AcDbLine
 10
506.01
 20
512.35
 30
0.0
 11
505.29
 21
511.92
 31
0.0
  0
LINE
  5
5B
330
17
100
AcDbEntity
  8
LINES
100
AcDbLine
 10
510.91
 20
505.44
 30
0.0
 11
510.33
 21
505.01
 31
0.0
  0
LINE
  5
5C
330
17
100
AcDbEntity
  8
LINES
100
AcDbLine
 10
515.95
 20
498.53
 30
0.0
 11
515.23
 21
498.1
 31
0.0
  0
LINE
  5
5D
330
17
100
AcDbEntity
  8
LINES
100
AcDbLine
 10
516.09
 20
539.14
 30
0.0
 11
515.23
 21
538.85
 31
0.0
  0
LINE
  5
5E
330
17
100
AcDbEntity
  8
LINES
100
AcDbLine
 10
517.96
 20
530.78
 30
0.0
 11
517.1
 21
530.64
 31
0.0
  0
LINE
  5
5F
330
17
100
AcDbEntity
  8
LINES
100
AcDbLine
 10
519.69
 20
522.43
 30
0.0
 11
518.83
 21
522.29
 31
0.0
  0
LINE
  5
60
330
17
100
AcDbEntity
  8
LINES
100
AcDbLine
 10
521.56
 20
514.08
 30
0.0
 11
520.7
 21
513.94
 31
0.0
  0
LINE
  5
61
330
17
100
AcDbEntity
  8
LINES
100
AcDbLine
 10
523.29
 20
505.87
 30
0.0
 11
522.43
 21
505.73
 31
0.0
  0
LINE
  5
62
330
17
100
AcDbEntity
  8
LINES
100
AcDbLine
 10
490.31
 20
642.67
 30
0.0
 11
489.45
 21
642.53
 31
0.0
  0
LINE
  5
63
330
17
100
AcDbEntity
  8
LINES
100
AcDbLine
 10
490.75
 20
634.18
 30
0.0
 11
489.88
 21
634.03
 31
0.0
  0
LINE
  5
64
330
17
100
AcDbEntity
  8
LINES
100
AcDbLine
 10
491.18
 20
625.68
 30
0.0
 11
490.31
 21
625.54
 31
0.0
  0
LINE
  5
65
330
17
100
AcDbEntity
  8
LINES
100
AcDbLine
 10
491.47
 20
617.18
 30
0.0
 11
490.75
 21
617.04
 31
0.0
  0
LINE
  5
66
330
17
100
AcDbEntity
  8
LINES
100
AcDbLine
 10
491.9
 20
608.69
 30
0.0
 11
491.03
 21
608.54
 31
0.0
  0
LINE
  5
67
330
17
100
AcDbEntity
  8
LINES
100
AcDbLine
 10
492.33
 20
600.19
 30
0.0
 11
491.47
 21
600.05
 31
0.0
  0
LINE
  5
68
330
17
100
AcDbEntity
  8
LINES
100
AcDbLine
 10
492.62
 20
591.7
 30
0.0
 11
491.9
 21
591.55
 31
0.0
  0
LINE
  5
69
330
17
100
AcDbEntity
  8
LINES
100
AcDbLine
 10
493.05
 20
583.2
 30
0.0
 11
492.19
 21
583.06
 31
0.0
  0
LINE
  5
6A
330
17
100
AcDbEntity
  8
LINES
100
AcDbLine
 10
493.48
 20
574.7
 30
0.0
 11
492.62
 21
574.56
 31
0.0
  0
LINE
  5
6B
330
17
100
AcDbEntity
  8
LINES
100
AcDbLine
 10
493.91
 20
566.21
 30
0.0
 11
493.05
 21
566.06
 31
0.0
  0
LINE
  5
6C
330
17
100
AcDbEntity
  8
LINES
100
AcDbLine
 10
494.2
 20
557.71
 30
0.0
 11
493.34
 21
557.57
 31
0.0
  0
LINE
  5
6D
330
17
100
AcDbEntity
  8
LINES
100
AcDbLine
 10
494.63
 20
549.22
 30
0.0
 11
493.77
 21
549.07
 31
0.0
  0
LINE
  5
6E
330
17
100
AcDbEntity
  8
LINES
100
AcDbLine
 10
497.37
 20
539.14
 30
0.0
 11
496.65
 21
538.7
 31
0.0
  0
LINE
  5
6F
330
17
100
AcDbEntity
  8
LINES
100
AcDbLine
 10
501.4
 20
531.65
 30
0.0
 11
500.68
 21
531.22
 31
0.0
  0
LINE
  5
70
330
17
100
AcDbEntity
  8
LINES
100
AcDbLine
 10
505.58
 20
524.16
 30
0.0
 11
504.71
 21
523.73
 31
0.0
  0
LINE
  5
71
330
17
100
AcDbEntity
  8
LINES
100
AcDbLine
 10
509.61
 20
516.67
 30
0.0
 11
508.89
 21
516.24
 31
0.0
  0
LINE
  5
72
330
17
100
AcDbEntity
  8
LINES
100
AcDbLine
 10
513.64
 20
509.18
 30
0.0
 11
512.92
 21
508.75
 31
0.0
  0
LINE
  5
73
330
17
100
AcDbEntity
  8
LINES
100
AcDbLine
 10
517.67
 20
501.7
 30
0.0
 11
516.95
 21
501.41
 31
0.0
  0
LINE
  5
74
330
17
100
AcDbEntity
  8
LINES
100
AcDbLine
 10
497.8
 20
433.73
 30
0.0
 11
498.52
 21
433.3
 31
0.0
  0
LINE
  5
75
330
17
100
AcDbEntity
  8
LINES
100
AcDbLine
 10
501.26
 20
441.36
 30
0.0
 11
502.12
 21
441.07
 31
0.0
  0
LINE
  5
76
330
17
100
AcDbEntity
  8
LINES
100
AcDbLine
 10
504.86
 20
449.14
 30
0.0
 11
505.58
 21
448.85
 31
0.0
  0
LINE
  5
77
330
17
100
AcDbEntity
  8
LINES
100
AcDbLine
 10
508.31
 20
456.91
 30
0.0
 11
509.03
 21
456.62
 31
0.0
  0
LINE
  5
78
330
17
100
AcDbEntity
  8
LINES
100
AcDbLine
 10
511.77
 20
464.69
 30
0.0
 11
512.63
 21
464.26
 31
0.0
  0
LINE
  5
79
330
17
100
AcDbEntity
  8
LINES
100
AcDbLine
 10
515.37
 20
472.46
 30
0.0
 11
516.09
 21
472.03
 31
0.0
  0
LINE
  5
7A
330
17
100
AcDbEntity
  8
LINES
100
AcDbLine
 10
518.83
 20
480.1
 30
0.0
 11
519.55
 21
479.81
 31
0.0
  0
LINE
  5
7B
330
17
100
AcDbEntity
  8
LINES
100
AcDbLine
 10
522.43
 20
479.23
 30
0.0
 11
521.56
 21
479.38
 31
0.0
  0
LINE
  5
7C
330
17
100
AcDbEntity
  8
LINES
100
AcDbLine
 10
520.99
 20
470.88
 30
0.0
 11
520.27
 21
471.02
 31
0.0
  0
LINE
  5
7D
330
17
100
AcDbEntity
  8
LINES
100
AcDbLine
 10
519.69
 20
462.53
 30
0.0
 11
518.83
 21
462.67
 31
0.0
  0
LINE
  5
7E
330
17
100
AcDbEntity
  8
LINES
100
AcDbLine
 10
518.25
 20
454.03
 30
0.0
 11
517.39
 21
454.18
 31
0.0
  0
LINE
  5
7F
330
17
100
AcDbEntity
  8
LINES
100
AcDbLine
 10
516.81
 20
445.68
 30
0.0
 11
515.95
 21
445.82
 31
0.0
  0
LINE
  5
80
330
17
100
AcDbEntity
  8
LINES
100
AcDbLine
 10
515.37
 20
437.33
 30
0.0
 11
514.51
 21
437.47
 31
0.0
  0
LINE
  5
81
330
17
100
AcDbEntity
  8
LINES
100
AcDbLine
 10
513.93
 20
428.98
 30
0.0
 11
513.21
 21
429.12
 31
0.0
  0
LINE
  5
82
330
17
100
AcDbEntity
  8
LINES
100
AcDbLine
 10
512.63
 20
420.48
 30
0.0
 11
511.77
 21
420.62
 31
0.0
  0
LINE
  5
83
330
17
100
AcDbEntity
  8
LINES
100
AcDbLine
 10
511.19
 20
412.13
 30
0.0
 11
510.33
 21
412.27
 31
0.0
  0
LINE
  5
84
330
17
100
AcDbEntity
  8
LINES
100
AcDbLine
 10
517.1
 20
402.91
 30
0.0
 11
516.67
 21
402.19
 31
0.0
  0
LINE
  5
85
330
17
100
AcDbEntity
  8
LINES
100
AcDbLine
 10
524.44
 20
398.59
 30
0.0
 11
524.01
 21
397.87
 31
0.0
  0
LINE
  5
86
330
17
100
AcDbEntity
  8
LINES
100
AcDbLine
 10
531.64
 20
394.27
 30
0.0
 11
531.21
 21
393.55
 31
0.0
  0
LINE
  5
87
330
17
100
AcDbEntity
  8
LINES
100
AcDbLine
 10
538.99
 20
389.95
 30
0.0
 11
538.55
 21
389.23
 31
0.0
  0
LINE
  5
88
330
17
100
AcDbEntity
  8
LINES
100
AcDbLine
 10
546.33
 20
385.63
 30
0.0
 11
545.9
 21
384.91
 31
0.0
  0
LINE
  5
89
330
17
100
AcDbEntity
  8
LINES
100
AcDbLine
 10
553.67
 20
381.31
 30
0.0
 11
553.24
 21
380.59
 31
0.0
  0
LINE
  5
8A
330
17
100
AcDbEntity
  8
LINES
100
AcDbLine
 10
564.04
 20
370.94
 30
0.0
 11
563.32
 21
370.66
 31
0.0
  0
LINE
  5
8B
330
17
100
AcDbEntity
  8
LINES
100
AcDbLine
 10
567.93
 20
363.46
 30
0.0
 11
567.21
 21
363.02
 31
0.0
  0
LINE
  5
8C
330
17
100
AcDbEntity
  8
LINES
100
AcDbLine
 10
571.82
 20
355.97
 30
0.0
 11
571.1
 21
355.54
 31
0.0
  0
LINE
  5
8D
330
17
100
AcDbEntity
  8
LINES
100
AcDbLine
 10
575.85
 20
348.34
 30
0.0
 11
574.99
 21
348.05
 31
0.0
  0
LINE
  5
8E
330
17
100
AcDbEntity
  8
LINES
100
AcDbLine
 10
579.74
 20
340.85
 30
0.0
 11
579.02
 21
340.42
 31
0.0
  0
LINE
  5
8F
330
17
100
AcDbEntity
  8
LINES
100
AcDbLine
 10
583.63
 20
333.22
 30
0.0
 11
582.91
 21
332.93
 31
0.0
  0
LINE
  5
90
330
17
100
AcDbEntity
  8
LINES
100
AcDbLine
 10
587.51
 20
325.73
 30
0.0
 11
586.79
 21
325.3
 31
0.0
  0
LINE
  5
91
330
17
100
AcDbEntity
  8
LINES
100
AcDbLine
 10
521.13
 20
415.44
 30
0.0
 11
520.27
 21
415.73
 31
0.0
  0
LINE
  5
92
330
17
100
AcDbEntity
  8
LINES
100
AcDbLine
 10
523.72
 20
408.96
 30
0.0
 11
523.29
 21
408.24
 31
0.0
  0
LINE
  5
93
330
17
100
AcDbEntity
  8
LINES
100
AcDbLine
 10
531.07
 20
404.78
 30
0.0
 11
530.63
 21
404.06
 31
0.0
  0
LINE
  5
94
330
17
100
AcDbEntity
  8
LINES
100
AcDbLine
 10
538.41
 20
400.46
 30
0.0
 11
537.98
 21
399.74
 31
0.0
  0
LINE
  5
95
330
17
100
AcDbEntity
  8
LINES
100
AcDbLine
 10
545.75
 20
396.29
 30
0.0
 11
545.32
 21
395.42
 31
0.0
  0
LINE
  5
96
330
17
100
AcDbEntity
  8
LINES
100
AcDbLine
 10
553.1
 20
391.97
 30
0.0
 11
552.67
 21
391.25
 31
0.0
  0
LINE
  5
97
330
17
100
AcDbEntity
  8
LINES
100
AcDbLine
 10
560.44
 20
387.65
 30
0.0
 11
560.01
 21
386.93
 31
0.0
  0
LINE
  5
98
330
17
100
AcDbEntity
  8
LINES
100
AcDbLine
 10
567.79
 20
383.47
 30
0.0
 11
567.35
 21
382.75
 31
0.0
  0
LINE
  5
99
330
17
100
AcDbEntity
  8
LINES
100
AcDbLine
 10
574.27
 20
374.4
 30
0.0
 11
573.4
 21
374.11
 31
0.0
  0
LINE
  5
9A
330
17
100
AcDbEntity
  8
LINES
100
AcDbLine
 10
577.15
 20
366.34
 30
0.0
 11
576.28
 21
366.05
 31
0.0
  0
LINE
  5
9B
330
17
100
AcDbEntity
  8
LINES
100
AcDbLine
 10
579.88
 20
358.42
 30
0.0
 11
579.16
 21
358.13
 31
0.0
  0
LINE
  5
9C
330
17
100
AcDbEntity
  8
LINES
100
AcDbLine
 10
582.76
 20
350.35
 30
0.0
 11
582.04
 21
350.06
 31
0.0
  0
LINE
  5
9D
330
17
100
AcDbEntity
  8
LINES
100
AcDbLine
 10
585.64
 20
342.43
 30
0.0
 11
584.92
 21
342.14
 31
0.0
  0
LINE
  5
9E
330
17
100
AcDbEntity
  8
LINES
100
AcDbLine
 10
588.52
 20
334.37
 30
0.0
 11
587.8
 21
334.08
 31
0.0
  0
LINE
  5
9F
330
17
100
AcDbEntity
  8
LINES
100
AcDbLine
 10
591.4
 20
326.3
 30
0.0
 11
590.68
 21
326.02
 31
0.0
  0
LINE
  5
A0
330
17
100
AcDbEntity
  8
LINES
100
AcDbLine
 10
604.79
 20
512.06
 30
0.0
 11
535.24
 21
512.06
 31
0.0
  0
LINE
  5
A1
330
17
100
AcDbEntity
  8
LINES
100
AcDbLine
 10
535.24
 20
512.06
 30
0.0
 11
533.66
 21
491.62
 31
0.0
  0
LINE
  5
A2
330
17
100
AcDbEntity
  8
LINES
100
AcDbLine
 10
535.24
 20
512.06
 30
0.0
 11
537.98
 21
496.22
 31
0.0
  0
LINE
  5
A3
330
17
100
AcDbEntity
  8
LINES
100
AcDbLine
 10
534.67
 20
481.1
 30
0.0
 11
539.56
 21
466.85
 31
0.0
  0
LINE
  5
A4
330
17
100
AcDbEntity
  8
LINES
100
AcDbLine
 10
539.56
 20
466.85
 30
0.0
 11
537.55
 21
484.99
 31
0.0
  0
LINE
  5
A5
330
17
100
AcDbEntity
  8
LINES
100
AcDbLine
 10
539.56
 20
466.85
 30
0.0
 11
600.76
 21
443.38
 31
0.0
  0
LINE
  5
A6
330
17
100
AcDbEntity
  8
LINES
100
AcDbLine
 10
860.68
 20
342.0
 30
0.0
 11
919.58
 21
342.0
 31
0.0
  0
LINE
  5
A7
330
17
100
AcDbEntity
  8
LINES
100
AcDbLine
 10
919.58
 20
342.0
 30
0.0
 11
924.19
 21
352.08
 31
0.0
  0
LINE
  5
A8
330
17
100
AcDbEntity
  8
LINES
100
AcDbLine
 10
919.58
 20
342.0
 30
0.0
 11
922.6
 21
355.82
 31
0.0
  0
LINE
  5
A9
330
17
100
AcDbEntity
  8
LINES
100
AcDbLine
 10
555.55
 20
118.94
 30
0.0
 11
555.55
 21
45.22
 31
0.0
  0
LINE
  5
AA
330
17
100
AcDbEntity
  8
LINES
100
AcDbLine
 10
626.39
 20
118.8
 30
0.0
 11
626.39
 21
45.22
 31
0.0
  0
LINE
  5
AB
330
17
100
AcDbEntity
  8
LINES
100
AcDbLine
 10
512.92
 20
62.21
 30
0.0
 11
668.87
 21
62.21
 31
0.0
  0
LINE
  5
AC
330
17
100
AcDbEntity
  8
LINES
100
AcDbLine
 10
512.92
 20
79.2
 30
0.0
 11
668.87
 21
79.2
 31
0.0
  0
LINE
  5
AD
330
17
100
AcDbEntity
  8
LINES
100
AcDbLine
 10
512.92
 20
96.19
 30
0.0
 11
668.87
 21
96.19
 31
0.0
  0
LINE
  5
AE
330
17
100
AcDbEntity
  8
LINES
100
AcDbLine
 10
924.04
 20
96.34
 30
0.0
 11
668.87
 21
96.34
 31
0.0
  0
LINE
  5
AF
330
17
100
AcDbEntity
  8
LINES
100
AcDbLine
 10
668.87
 20
121.82
 30
0.0
 11
1179.07
 21
121.82
 31
0.0
  0
LINE
  5
B0
330
17
100
AcDbEntity
  8
LINES
100
AcDbLine
 10
935.13
 20
70.7
 30
0.0
 11
1179.07
 21
70.7
 31
0.0
  0
LINE
  5
B1
330
17
100
AcDbEntity
  8
LINES
100
AcDbLine
 10
725.61
 20
45.36
 30
0.0
 11
725.61
 21
121.82
 31
0.0
  0
LINE
  5
B2
330
17
100
AcDbEntity
  8
LINES
100
AcDbLine
 10
924.04
 20
158.69
 30
0.0
 11
924.04
 21
45.36
 31
0.0
  0
LINE
  5
B3
330
17
100
AcDbEntity
  8
LINES
100
AcDbLine
 10
853.19
 20
45.36
 30
0.0
 11
853.19
 21
121.82
 31
0.0
  0
LINE
  5
B4
330
17
100
AcDbEntity
  8
LINES
100
AcDbLine
 10
796.46
 20
121.82
 30
0.0
 11
796.46
 21
45.36
 31
0.0
  0
LINE
  5
B5
330
17
100
AcDbEntity
  8
LINES
100
AcDbLine
 10
966.52
 20
45.22
 30
0.0
 11
966.52
 21
70.7
 31
0.0
  0
LINE
  5
B6
330
17
100
AcDbEntity
  8
LINES
100
AcDbLine
 10
935.13
 20
70.7
 30
0.0
 11
668.87
 21
70.7
 31
0.0
  0
LINE
  5
B7
330
17
100
AcDbEntity
  8
LINES
100
AcDbLine
 10
1122.47
 20
121.82
 30
0.0
 11
1122.47
 21
158.83
 31
0.0
  0
LINE
  5
B8
330
17
100
AcDbEntity
  8
LINES
100
AcDbLine
 10
274.17
 20
186.19
 30
0.0
 11
274.17
 21
185.04
 31
0.0
  0
LINE
  5
B9
330
17
100
AcDbEntity
  8
LINES
100
AcDbLine
 10
274.17
 20
199.87
 30
0.0
 11
274.17
 21
198.86
 31
0.0
  0
LINE
  5
BA
330
17
100
AcDbEntity
  8
LINES
100
AcDbLine
 10
226.79
 20
89.28
 30
0.0
 11
269.56
 21
89.28
 31
0.0
  0
LINE
  5
BB
330
17
100
AcDbEntity
  8
LINES
100
AcDbLine
 10
226.65
 20
111.6
 30
0.0
 11
269.56
 21
111.6
 31
0.0
  0
LWPOLYLINE
  5
BC
330
17
100
AcDbEntity
  8
RECTS
100
AcDbPolyline
 90
4
 70
0
 10
87.83
 20
170.35
 10
374.25
 20
170.35
 10
374.25
 20
45.22
 10
87.83
 20
45.22
  0
LINE
  5
BD
330
17
100
AcDbEntity
  8
LINES
100
AcDbLine
 10
546.11
 20
499.1
 30
0.0
 11
546.11
 21
490.46
 31
0.0
  0
LINE
  5
BE
330
17
100
AcDbEntity
  8
LINES
100
AcDbLine
 10
915.83
 20
357.55
 30
0.0
 11
915.83
 21
348.91
 31
0.0
  0
LINE
  5
BF
330
17
100
AcDbEntity
  8
LINES
100
AcDbLine
 10
109.0
 20
131.04
 30
0.0
 11
109.0
 21
130.03
 31
0.0
  0
LINE
  5
C0
330
17
100
AcDbEntity
  8
LINES
100
AcDbLine
 10
109.0
 20
144.86
 30
0.0
 11
109.0
 21
143.71
 31
0.0
  0
LINE
  5
C1
330
17
100
AcDbEntity
  8
LINES
100
AcDbLine
 10
226.94
 20
138.89
 30
0.0
 11
269.85
 21
138.89
 31
0.0
  0
LWPOLYLINE
  5
C2
330
17
100
AcDbEntity
  8
RECTS
100
AcDbPolyline
 90
4
 70
0
 10
16.84
 20
858.82
 10
1207.43
 20
858.82
 10
1207.43
 20
16.85
 10
16.84
 20
16.85
  0
LWPOLYLINE
  5
C3
330
17
100
AcDbEntity
  8
POLYLINES
100
AcDbPolyline
 90
5
 70
0
 10
862.27
 20
564.91
 10
862.41
 20
563.62
 10
861.26
 20
563.33
 10
861.11
 20
564.91
 10
862.27
 20
564.91
  0
LWPOLYLINE
  5
C4
330
17
100
AcDbEntity
  8
POLYLINES
100
AcDbPolyline
 90
5
 70
0
 10
862.27
 20
564.91
 10
862.41
 20
563.62
 10
861.26
 20
563.33
 10
861.11
 20
564.91
 10
862.27
 20
564.91
  0
LWPOLYLINE
  5
C5
330
17
100
AcDbEntity
  8
POLYLINES
100
AcDbPolyline
 90
5
 70
0
 10
862.41
 20
563.62
 10
862.7
 20
562.32
 10
861.83
 20
561.89
 10
861.26
 20
563.33
 10
862.41
 20
563.62
  0
LWPOLYLINE
  5
C6
330
17
100
AcDbEntity
  8
POLYLINES
100
AcDbPolyline
 90
5
 70
0
 10
862.41
 20
563.62
 10
862.7
 20
562.32
 10
861.83
 20
561.89
 10
861.26
 20
563.33
 10
862.41
 20
563.62
  0
LWPOLYLINE
  5
C7
330
17
100
AcDbEntity
  8
POLYLINES
100
AcDbPolyline
 90
5
 70
0
 10
862.7
 20
562.32
 10
863.42
 20
561.17
 10
862.55
 20
560.59
 10
861.83
 20
561.89
 10
862.7
 20
562.32
  0
LWPOLYLINE
  5
C8
330
17
100
AcDbEntity
  8
POLYLINES
100
AcDbPolyline
 90
5
 70
0
 10
862.7
 20
562.32
 10
863.42
 20
561.17
 10
862.55
 20
560.59
 10
861.83
 20
561.89
 10
862.7
 20
562.32
  0
LWPOLYLINE
  5
C9
330
17
100
AcDbEntity
  8
POLYLINES
100
AcDbPolyline
 90
5
 70
0
 10
863.42
 20
561.17
 10
864.28
 20
560.16
 10
863.56
 20
559.44
 10
862.55
 20
560.59
 10
863.42
 20
561.17
  0
LWPOLYLINE
  5
CA
330
17
100
AcDbEntity
  8
POLYLINES
100
AcDbPolyline
 90
5
 70
0
 10
863.42
 20
561.17
 10
864.28
 20
560.16
 10
863.56
 20
559.44
 10
862.55
 20
560.59
 10
863.42
 20
561.17
  0
LWPOLYLINE
  5
CB
330
17
100
AcDbEntity
  8
POLYLINES
100
AcDbPolyline
 90
5
 70
0
 10
864.28
 20
560.16
 10
865.43
 20
559.44
 10
864.86
 20
558.43
 10
863.56
 20
559.44
 10
864.28
 20
560.16
  0
LWPOLYLINE
  5
CC
330
17
100
AcDbEntity
  8
POLYLINES
100
AcDbPolyline
 90
5
 70
0
 10
864.28
 20
560.16
 10
865.43
 20
559.44
 10
864.86
 20
558.43
 10
863.56
 20
559.44
 10
864.28
 20
560.16
  0
LWPOLYLINE
  5
CD
330
17
100
AcDbEntity
  8
POLYLINES
100
AcDbPolyline
 90
5
 70
0
 10
865.43
 20
559.44
 10
866.59
 20
558.86
 10
866.3
 20
557.86
 10
864.86
 20
558.43
 10
865.43
 20
559.44
  0
LWPOLYLINE
  5
CE
330
17
100
AcDbEntity
  8
POLYLINES
100
AcDbPolyline
 90
5
 70
0
 10
865.43
 20
559.44
 10
866.59
 20
558.86
 10
866.3
 20
557.86
 10
864.86
 20
558.43
 10
865.43
 20
559.44
  0
LWPOLYLINE
  5
CF
330
17
100
AcDbEntity
  8
POLYLINES
100
AcDbPolyline
 90
5
 70
0
 10
866.59
 20
558.86
 10
867.88
 20
558.58
 10
867.74
 20
557.57
 10
866.3
 20
557.86
 10
866.59
 20
558.86
  0
LWPOLYLINE
  5
D0
330
17
100
AcDbEntity
  8
POLYLINES
100
AcDbPolyline
 90
5
 70
0
 10
866.59
 20
558.86
 10
867.88
 20
558.58
 10
867.74
 20
557.57
 10
866.3
 20
557.86
 10
866.59
 20
558.86
  0
LWPOLYLINE
  5
D1
330
17
100
AcDbEntity
  8
POLYLINES
100
AcDbPolyline
 90
5
 70
0
 10
867.88
 20
558.58
 10
869.32
 20
558.58
 10
869.32
 20
557.57
 10
867.74
 20
557.57
 10
867.88
 20
558.58
  0
LWPOLYLINE
  5
D2
330
17
100
AcDbEntity
  8
POLYLINES
100
AcDbPolyline
 90
5
 70
0
 10
867.88
 20
558.58
 10
869.32
 20
558.58
 10
869.32
 20
557.57
 10
867.74
 20
557.57
 10
867.88
 20
558.58
  0
LWPOLYLINE
  5
D3
330
17
100
AcDbEntity
  8
POLYLINES
100
AcDbPolyline
 90
5
 70
0
 10
869.32
 20
558.58
 10
870.62
 20
558.86
 10
870.91
 20
557.86
 10
869.32
 20
557.57
 10
869.32
 20
558.58
  0
LWPOLYLINE
  5
D4
330
17
100
AcDbEntity
  8
POLYLINES
100
AcDbPolyline
 90
5
 70
0
 10
869.32
 20
558.58
 10
870.62
 20
558.86
 10
870.91
 20
557.86
 10
869.32
 20
557.57
 10
869.32
 20
558.58
  0
LWPOLYLINE
  5
D5
330
17
100
AcDbEntity
  8
POLYLINES
100
AcDbPolyline
 90
5
 70
0
 10
870.62
 20
558.86
 10
871.77
 20
559.44
 10
872.35
 20
558.43
 10
870.91
 20
557.86
 10
870.62
 20
558.86
  0
LWPOLYLINE
  5
D6
330
17
100
AcDbEntity
  8
POLYLINES
100
AcDbPolyline
 90
5
 70
0
 10
870.62
 20
558.86
 10
871.77
 20
559.44
 10
872.35
 20
558.43
 10
870.91
 20
557.86
 10
870.62
 20
558.86
  0
LWPOLYLINE
  5
D7
330
17
100
AcDbEntity
  8
POLYLINES
100
AcDbPolyline
 90
5
 70
0
 10
871.77
 20
559.44
 10
872.92
 20
560.16
 10
873.5
 20
559.44
 10
872.35
 20
558.43
 10
871.77
 20
559.44
  0
LWPOLYLINE
  5
D8
330
17
100
AcDbEntity
  8
POLYLINES
100
AcDbPolyline
 90
5
 70
0
 10
871.77
 20
559.44
 10
872.92
 20
560.16
 10
873.5
 20
559.44
 10
872.35
 20
558.43
 10
871.77
 20
559.44
  0
LWPOLYLINE
  5
D9
330
17
100
AcDbEntity
  8
POLYLINES
100
AcDbPolyline
 90
5
 70
0
 10
872.92
 20
560.16
 10
873.79
 20
561.17
 10
874.65
 20
560.59
 10
873.5
 20
559.44
 10
872.92
 20
560.16
  0
LWPOLYLINE
  5
DA
330
17
100
AcDbEntity
  8
POLYLINES
100
AcDbPolyline
 90
5
 70
0
 10
872.92
 20
560.16
 10
873.79
 20
561.17
 10
874.65
 20
560.59
 10
873.5
 20
559.44
 10
872.92
 20
560.16
  0
LWPOLYLINE
  5
DB
330
17
100
AcDbEntity
  8
POLYLINES
100
AcDbPolyline
 90
5
 70
0
 10
873.79
 20
561.17
 10
874.36
 20
562.32
 10
875.37
 20
561.89
 10
874.65
 20
560.59
 10
873.79
 20
561.17
  0
LWPOLYLINE
  5
DC
330
17
100
AcDbEntity
  8
POLYLINES
100
AcDbPolyline
 90
5
 70
0
 10
873.79
 20
561.17
 10
874.36
 20
562.32
 10
875.37
 20
561.89
 10
874.65
 20
560.59
 10
873.79
 20
561.17
  0
LWPOLYLINE
  5
DD
330
17
100
AcDbEntity
  8
POLYLINES
100
AcDbPolyline
 90
5
 70
0
 10
874.36
 20
562.32
 10
874.79
 20
563.62
 10
875.8
 20
563.33
 10
875.37
 20
561.89
 10
874.36
 20
562.32
  0
LWPOLYLINE
  5
DE
330
17
100
AcDbEntity
  8
POLYLINES
100
AcDbPolyline
 90
5
 70
0
 10
874.36
 20
562.32
 10
874.79
 20
563.62
 10
875.8
 20
563.33
 10
875.37
 20
561.89
 10
874.36
 20
562.32
  0
LWPOLYLINE
  5
DF
330
17
100
AcDbEntity
  8
POLYLINES
100
AcDbPolyline
 90
5
 70
0
 10
874.79
 20
563.62
 10
874.94
 20
564.91
 10
876.09
 20
564.91
 10
875.8
 20
563.33
 10
874.79
 20
563.62
  0
LWPOLYLINE
  5
E0
330
17
100
AcDbEntity
  8
POLYLINES
100
AcDbPolyline
 90
5
 70
0
 10
874.79
 20
563.62
 10
874.94
 20
564.91
 10
876.09
 20
564.91
 10
875.8
 20
563.33
 10
874.79
 20
563.62
  0
LWPOLYLINE
  5
E1
330
17
100
AcDbEntity
  8
POLYLINES
100
AcDbPolyline
 90
5
 70
0
 10
874.94
 20
564.91
 10
874.79
 20
566.21
 10
875.8
 20
566.5
 10
876.09
 20
564.91
 10
874.94
 20
564.91
  0
LWPOLYLINE
  5
E2
330
17
100
AcDbEntity
  8
POLYLINES
100
AcDbPolyline
 90
5
 70
0
 10
874.94
 20
564.91
 10
874.79
 20
566.21
 10
875.8
 20
566.5
 10
876.09
 20
564.91
 10
874.94
 20
564.91
  0
LWPOLYLINE
  5
E3
330
17
100
AcDbEntity
  8
POLYLINES
100
AcDbPolyline
 90
5
 70
0
 10
874.79
 20
566.21
 10
874.36
 20
567.5
 10
875.37
 20
567.94
 10
875.8
 20
566.5
 10
874.79
 20
566.21
  0
LWPOLYLINE
  5
E4
330
17
100
AcDbEntity
  8
POLYLINES
100
AcDbPolyline
 90
5
 70
0
 10
874.79
 20
566.21
 10
874.36
 20
567.5
 10
875.37
 20
567.94
 10
875.8
 20
566.5
 10
874.79
 20
566.21
  0
LWPOLYLINE
  5
E5
330
17
100
AcDbEntity
  8
POLYLINES
100
AcDbPolyline
 90
5
 70
0
 10
874.36
 20
567.5
 10
873.79
 20
568.66
 10
874.65
 20
569.38
 10
875.37
 20
567.94
 10
874.36
 20
567.5
  0
LWPOLYLINE
  5
E6
330
17
100
AcDbEntity
  8
POLYLINES
100
AcDbPolyline
 90
5
 70
0
 10
874.36
 20
567.5
 10
873.79
 20
568.66
 10
874.65
 20
569.38
 10
875.37
 20
567.94
 10
874.36
 20
567.5
  0
LWPOLYLINE
  5
E7
330
17
100
AcDbEntity
  8
POLYLINES
100
AcDbPolyline
 90
5
 70
0
 10
873.79
 20
568.66
 10
872.92
 20
569.66
 10
873.5
 20
570.53
 10
874.65
 20
569.38
 10
873.79
 20
568.66
  0
LWPOLYLINE
  5
E8
330
17
100
AcDbEntity
  8
POLYLINES
100
AcDbPolyline
 90
5
 70
0
 10
873.79
 20
568.66
 10
872.92
 20
569.66
 10
873.5
 20
570.53
 10
874.65
 20
569.38
 10
873.79
 20
568.66
  0
LWPOLYLINE
  5
E9
330
17
100
AcDbEntity
  8
POLYLINES
100
AcDbPolyline
 90
5
 70
0
 10
872.92
 20
569.66
 10
871.77
 20
570.53
 10
872.35
 20
571.39
 10
873.5
 20
570.53
 10
872.92
 20
569.66
  0
LWPOLYLINE
  5
EA
330
17
100
AcDbEntity
  8
POLYLINES
100
AcDbPolyline
 90
5
 70
0
 10
872.92
 20
569.66
 10
871.77
 20
570.53
 10
872.35
 20
571.39
 10
873.5
 20
570.53
 10
872.92
 20
569.66
  0
LWPOLYLINE
  5
EB
330
17
100
AcDbEntity
  8
POLYLINES
100
AcDbPolyline
 90
5
 70
0
 10
871.77
 20
570.53
 10
870.62
 20
570.96
 10
870.91
 20
571.97
 10
872.35
 20
571.39
 10
871.77
 20
570.53
  0
LWPOLYLINE
  5
EC
330
17
100
AcDbEntity
  8
POLYLINES
100
AcDbPolyline
 90
5
 70
0
 10
871.77
 20
570.53
 10
870.62
 20
570.96
 10
870.91
 20
571.97
 10
872.35
 20
571.39
 10
871.77
 20
570.53
  0
LWPOLYLINE
  5
ED
330
17
100
AcDbEntity
  8
POLYLINES
100
AcDbPolyline
 90
5
 70
0
 10
870.62
 20
570.96
 10
869.32
 20
571.25
 10
869.32
 20
572.4
 10
870.91
 20
571.97
 10
870.62
 20
570.96
  0
LWPOLYLINE
  5
EE
330
17
100
AcDbEntity
  8
POLYLINES
100
AcDbPolyline
 90
5
 70
0
 10
870.62
 20
570.96
 10
869.32
 20
571.25
 10
869.32
 20
572.4
 10
870.91
 20
571.97
 10
870.62
 20
570.96
  0
LWPOLYLINE
  5
EF
330
17
100
AcDbEntity
  8
POLYLINES
100
AcDbPolyline
 90
5
 70
0
 10
869.32
 20
571.25
 10
867.88
 20
571.25
 10
867.74
 20
572.4
 10
869.32
 20
572.4
 10
869.32
 20
571.25
  0
LWPOLYLINE
  5
F0
330
17
100
AcDbEntity
  8
POLYLINES
100
AcDbPolyline
 90
5
 70
0
 10
869.32
 20
571.25
 10
867.88
 20
571.25
 10
867.74
 20
572.4
 10
869.32
 20
572.4
 10
869.32
 20
571.25
  0
LWPOLYLINE
  5
F1
330
17
100
AcDbEntity
  8
POLYLINES
100
AcDbPolyline
 90
5
 70
0
 10
867.88
 20
571.25
 10
866.59
 20
570.96
 10
866.3
 20
571.97
 10
867.74
 20
572.4
 10
867.88
 20
571.25
  0
LWPOLYLINE
  5
F2
330
17
100
AcDbEntity
  8
POLYLINES
100
AcDbPolyline
 90
5
 70
0
 10
867.88
 20
571.25
 10
866.59
 20
570.96
 10
866.3
 20
571.97
 10
867.74
 20
572.4
 10
867.88
 20
571.25
  0
LWPOLYLINE
  5
F3
330
17
100
AcDbEntity
  8
POLYLINES
100
AcDbPolyline
 90
5
 70
0
 10
866.59
 20
570.96
 10
865.43
 20
570.53
 10
864.86
 20
571.39
 10
866.3
 20
571.97
 10
866.59
 20
570.96
  0
LWPOLYLINE
  5
F4
330
17
100
AcDbEntity
  8
POLYLINES
100
AcDbPolyline
 90
5
 70
0
 10
866.59
 20
570.96
 10
865.43
 20
570.53
 10
864.86
 20
571.39
 10
866.3
 20
571.97
 10
866.59
 20
570.96
  0
LWPOLYLINE
  5
F5
330
17
100
AcDbEntity
  8
POLYLINES
100
AcDbPolyline
 90
5
 70
0
 10
865.43
 20
570.53
 10
864.28
 20
569.66
 10
863.56
 20
570.53
 10
864.86
 20
571.39
 10
865.43
 20
570.53
  0
LWPOLYLINE
  5
F6
330
17
100
AcDbEntity
  8
POLYLINES
100
AcDbPolyline
 90
5
 70
0
 10
865.43
 20
570.53
 10
864.28
 20
569.66
 10
863.56
 20
570.53
 10
864.86
 20
571.39
 10
865.43
 20
570.53
  0
LWPOLYLINE
  5
F7
330
17
100
AcDbEntity
  8
POLYLINES
100
AcDbPolyline
 90
5
 70
0
 10
864.28
 20
569.66
 10
863.42
 20
568.66
 10
862.55
 20
569.38
 10
863.56
 20
570.53
 10
864.28
 20
569.66
  0
LWPOLYLINE
  5
F8
330
17
100
AcDbEntity
  8
POLYLINES
100
AcDbPolyline
 90
5
 70
0
 10
864.28
 20
569.66
 10
863.42
 20
568.66
 10
862.55
 20
569.38
 10
863.56
 20
570.53
 10
864.28
 20
569.66
  0
LWPOLYLINE
  5
F9
330
17
100
AcDbEntity
  8
POLYLINES
100
AcDbPolyline
 90
5
 70
0
 10
863.42
 20
568.66
 10
862.7
 20
567.5
 10
861.83
 20
567.94
 10
862.55
 20
569.38
 10
863.42
 20
568.66
  0
LWPOLYLINE
  5
FA
330
17
100
AcDbEntity
  8
POLYLINES
100
AcDbPolyline
 90
5
 70
0
 10
863.42
 20
568.66
 10
862.7
 20
567.5
 10
861.83
 20
567.94
 10
862.55
 20
569.38
 10
863.42
 20
568.66
  0
LWPOLYLINE
  5
FB
330
17
100
AcDbEntity
  8
POLYLINES
100
AcDbPolyline
 90
5
 70
0
 10
862.7
 20
567.5
 10
862.41
 20
566.21
 10
861.26
 20
566.5
 10
861.83
 20
567.94
 10
862.7
 20
567.5
  0
LWPOLYLINE
  5
FC
330
17
100
AcDbEntity
  8
POLYLINES
100
AcDbPolyline
 90
5
 70
0
 10
862.7
 20
567.5
 10
862.41
 20
566.21
 10
861.26
 20
566.5
 10
861.83
 20
567.94
 10
862.7
 20
567.5
  0
LWPOLYLINE
  5
FD
330
17
100
AcDbEntity
  8
POLYLINES
100
AcDbPolyline
 90
5
 70
0
 10
862.41
 20
566.21
 10
862.27
 20
564.91
 10
861.11
 20
564.91
 10
861.26
 20
566.5
 10
862.41
 20
566.21
  0
LWPOLYLINE
  5
FE
330
17
100
AcDbEntity
  8
POLYLINES
100
AcDbPolyline
 90
5
 70
0
 10
862.41
 20
566.21
 10
862.27
 20
564.91
 10
861.11
 20
564.91
 10
861.26
 20
566.5
 10
862.41
 20
566.21
  0
LWPOLYLINE
  5
FF
330
17
100
AcDbEntity
  8
POLYLINES
100
AcDbPolyline
 90
5
 70
0
 10
865.43
 20
564.91
 10
865.58
 20
564.05
 10
864.57
 20
563.76
 10
864.28
 20
564.91
 10
865.43
 20
564.91
  0
LWPOLYLINE
  5
100
330
17
100
AcDbEntity
  8
POLYLINES
100
AcDbPolyline
 90
5
 70
0
 10
865.43
 20
564.91
 10
865.58
 20
564.05
 10
864.57
 20
563.76
 10
864.28
 20
564.91
 10
865.43
 20
564.91
  0
LWPOLYLINE
  5
101
330
17
100
AcDbEntity
  8
POLYLINES
100
AcDbPolyline
 90
5
 70
0
 10
865.58
 20
564.05
 10
865.87
 20
563.18
 10
865.0
 20
562.61
 10
864.57
 20
563.76
 10
865.58
 20
564.05
  0
LWPOLYLINE
  5
102
330
17
100
AcDbEntity
  8
POLYLINES
100
AcDbPolyline
 90
5
 70
0
 10
865.58
 20
564.05
 10
865.87
 20
563.18
 10
865.0
 20
562.61
 10
864.57
 20
563.76
 10
865.58
 20
564.05
  0
LWPOLYLINE
  5
103
330
17
100
AcDbEntity
  8
POLYLINES
100
AcDbPolyline
 90
5
 70
0
 10
865.87
 20
563.18
 10
866.44
 20
562.46
 10
865.87
 20
561.74
 10
865.0
 20
562.61
 10
865.87
 20
563.18
  0
LWPOLYLINE
  5
104
330
17
100
AcDbEntity
  8
POLYLINES
100
AcDbPolyline
 90
5
 70
0
 10
865.87
 20
563.18
 10
866.44
 20
562.46
 10
865.87
 20
561.74
 10
865.0
 20
562.61
 10
865.87
 20
563.18
  0
LWPOLYLINE
  5
105
330
17
100
AcDbEntity
  8
POLYLINES
100
AcDbPolyline
 90
5
 70
0
 10
866.44
 20
562.46
 10
867.31
 20
562.03
 10
866.87
 20
561.02
 10
865.87
 20
561.74
 10
866.44
 20
562.46
  0
LWPOLYLINE
  5
106
330
17
100
AcDbEntity
  8
POLYLINES
100
AcDbPolyline
 90
5
 70
0
 10
866.44
 20
562.46
 10
867.31
 20
562.03
 10
866.87
 20
561.02
 10
865.87
 20
561.74
 10
866.44
 20
562.46
  0
LWPOLYLINE
  5
107
330
17
100
AcDbEntity
  8
POLYLINES
100
AcDbPolyline
 90
5
 70
0
 10
867.31
 20
562.03
 10
868.17
 20
561.74
 10
868.03
 20
560.74
 10
866.87
 20
561.02
 10
867.31
 20
562.03
  0
LWPOLYLINE
  5
108
330
17
100
AcDbEntity
  8
POLYLINES
100
AcDbPolyline
 90
5
 70
0
 10
867.31
 20
562.03
 10
868.17
 20
561.74
 10
868.03
 20
560.74
 10
866.87
 20
561.02
 10
867.31
 20
562.03
  0
LWPOLYLINE
  5
109
330
17
100
AcDbEntity
  8
POLYLINES
100
AcDbPolyline
 90
5
 70
0
 10
868.17
 20
561.74
 10
869.03
 20
561.74
 10
869.18
 20
560.74
 10
868.03
 20
560.74
 10
868.17
 20
561.74
  0
LWPOLYLINE
  5
10A
330
17
100
AcDbEntity
  8
POLYLINES
100
AcDbPolyline
 90
5
 70
0
 10
868.17
 20
561.74
 10
869.03
 20
561.74
 10
869.18
 20
560.74
 10
868.03
 20
560.74
 10
868.17
 20
561.74
  0
LWPOLYLINE
  5
10B
330
17
100
AcDbEntity
  8
POLYLINES
100
AcDbPolyline
 90
5
 70
0
 10
869.03
 20
561.74
 10
869.9
 20
562.03
 10
870.33
 20
561.02
 10
869.18
 20
560.74
 10
869.03
 20
561.74
  0
LWPOLYLINE
  5
10C
330
17
100
AcDbEntity
  8
POLYLINES
100
AcDbPolyline
 90
5
 70
0
 10
869.03
 20
561.74
 10
869.9
 20
562.03
 10
870.33
 20
561.02
 10
869.18
 20
560.74
 10
869.03
 20
561.74
  0
LWPOLYLINE
  5
10D
330
17
100
AcDbEntity
  8
POLYLINES
100
AcDbPolyline
 90
5
 70
0
 10
869.9
 20
562.03
 10
870.62
 20
562.46
 10
871.34
 20
561.74
 10
870.33
 20
561.02
 10
869.9
 20
562.03
  0
LWPOLYLINE
  5
10E
330
17
100
AcDbEntity
  8
POLYLINES
100
AcDbPolyline
 90
5
 70
0
 10
869.9
 20
562.03
 10
870.62
 20
562.46
 10
871.34
 20
561.74
 10
870.33
 20
561.02
 10
869.9
 20
562.03
  0
LWPOLYLINE
  5
10F
330
17
100
AcDbEntity
  8
POLYLINES
100
AcDbPolyline
 90
5
 70
0
 10
870.62
 20
562.46
 10
871.34
 20
563.18
 10
872.2
 20
562.61
 10
871.34
 20
561.74
 10
870.62
 20
562.46
  0
LWPOLYLINE
  5
110
330
17
100
AcDbEntity
  8
POLYLINES
100
AcDbPolyline
 90
5
 70
0
 10
870.62
 20
562.46
 10
871.34
 20
563.18
 10
872.2
 20
562.61
 10
871.34
 20
561.74
 10
870.62
 20
562.46
  0
LWPOLYLINE
  5
111
330
17
100
AcDbEntity
  8
POLYLINES
100
AcDbPolyline
 90
5
 70
0
 10
871.34
 20
563.18
 10
871.63
 20
564.05
 10
872.63
 20
563.76
 10
872.2
 20
562.61
 10
871.34
 20
563.18
  0
LWPOLYLINE
  5
112
330
17
100
AcDbEntity
  8
POLYLINES
100
AcDbPolyline
 90
5
 70
0
 10
871.34
 20
563.18
 10
871.63
 20
564.05
 10
872.63
 20
563.76
 10
872.2
 20
562.61
 10
871.34
 20
563.18
  0
LWPOLYLINE
  5
113
330
17
100
AcDbEntity
  8
POLYLINES
100
AcDbPolyline
 90
5
 70
0
 10
871.63
 20
564.05
 10
871.77
 20
564.91
 10
872.78
 20
564.91
 10
872.63
 20
563.76
 10
871.63
 20
564.05
  0
LWPOLYLINE
  5
114
330
17
100
AcDbEntity
  8
POLYLINES
100
AcDbPolyline
 90
5
 70
0
 10
871.63
 20
564.05
 10
871.77
 20
564.91
 10
872.78
 20
564.91
 10
872.63
 20
563.76
 10
871.63
 20
564.05
  0
LWPOLYLINE
  5
115
330
17
100
AcDbEntity
  8
POLYLINES
100
AcDbPolyline
 90
5
 70
0
 10
871.77
 20
564.91
 10
871.63
 20
565.78
 10
872.63
 20
566.06
 10
872.78
 20
564.91
 10
871.77
 20
564.91
  0
LWPOLYLINE
  5
116
330
17
100
AcDbEntity
  8
POLYLINES
100
AcDbPolyline
 90
5
 70
0
 10
871.77
 20
564.91
 10
871.63
 20
565.78
 10
872.63
 20
566.06
 10
872.78
 20
564.91
 10
871.77
 20
564.91
  0
LWPOLYLINE
  5
117
330
17
100
AcDbEntity
  8
POLYLINES
100
AcDbPolyline
 90
5
 70
0
 10
871.63
 20
565.78
 10
871.34
 20
566.64
 10
872.2
 20
567.22
 10
872.63
 20
566.06
 10
871.63
 20
565.78
  0
LWPOLYLINE
  5
118
330
17
100
AcDbEntity
  8
POLYLINES
100
AcDbPolyline
 90
5
 70
0
 10
871.63
 20
565.78
 10
871.34
 20
566.64
 10
872.2
 20
567.22
 10
872.63
 20
566.06
 10
871.63
 20
565.78
  0
LWPOLYLINE
  5
119
330
17
100
AcDbEntity
  8
POLYLINES
100
AcDbPolyline
 90
5
 70
0
 10
871.34
 20
566.64
 10
870.62
 20
567.36
 10
871.34
 20
568.08
 10
872.2
 20
567.22
 10
871.34
 20
566.64
  0
LWPOLYLINE
  5
11A
330
17
100
AcDbEntity
  8
POLYLINES
100
AcDbPolyline
 90
5
 70
0
 10
871.34
 20
566.64
 10
870.62
 20
567.36
 10
871.34
 20
568.08
 10
872.2
 20
567.22
 10
871.34
 20
566.64
  0
LWPOLYLINE
  5
11B
330
17
100
AcDbEntity
  8
POLYLINES
100
AcDbPolyline
 90
5
 70
0
 10
870.62
 20
567.36
 10
869.9
 20
567.79
 10
870.33
 20
568.8
 10
871.34
 20
568.08
 10
870.62
 20
567.36
  0
LWPOLYLINE
  5
11C
330
17
100
AcDbEntity
  8
POLYLINES
100
AcDbPolyline
 90
5
 70
0
 10
870.62
 20
567.36
 10
869.9
 20
567.79
 10
870.33
 20
568.8
 10
871.34
 20
568.08
 10
870.62
 20
567.36
  0
LWPOLYLINE
  5
11D
330
17
100
AcDbEntity
  8
POLYLINES
100
AcDbPolyline
 90
5
 70
0
 10
869.9
 20
567.79
 10
869.03
 20
568.08
 10
869.18
 20
569.09
 10
870.33
 20
568.8
 10
869.9
 20
567.79
  0
LWPOLYLINE
  5
11E
330
17
100
AcDbEntity
  8
POLYLINES
100
AcDbPolyline
 90
5
 70
0
 10
869.9
 20
567.79
 10
869.03
 20
568.08
 10
869.18
 20
569.09
 10
870.33
 20
568.8
 10
869.9
 20
567.79
  0
LWPOLYLINE
  5
11F
330
17
100
AcDbEntity
  8
POLYLINES
100
AcDbPolyline
 90
5
 70
0
 10
869.03
 20
568.08
 10
868.17
 20
568.08
 10
868.03
 20
569.09
 10
869.18
 20
569.09
 10
869.03
 20
568.08
  0
LWPOLYLINE
  5
120
330
17
100
AcDbEntity
  8
POLYLINES
100
AcDbPolyline
 90
5
 70
0
 10
869.03
 20
568.08
 10
868.17
 20
568.08
 10
868.03
 20
569.09
 10
869.18
 20
569.09
 10
869.03
 20
568.08
  0
LWPOLYLINE
  5
121
330
17
100
AcDbEntity
  8
POLYLINES
100
AcDbPolyline
 90
5
 70
0
 10
868.17
 20
568.08
 10
867.31
 20
567.79
 10
866.87
 20
568.8
 10
868.03
 20
569.09
 10
868.17
 20
568.08
  0
LWPOLYLINE
  5
122
330
17
100
AcDbEntity
  8
POLYLINES
100
AcDbPolyline
 90
5
 70
0
 10
868.17
 20
568.08
 10
867.31
 20
567.79
 10
866.87
 20
568.8
 10
868.03
 20
569.09
 10
868.17
 20
568.08
  0
LWPOLYLINE
  5
123
330
17
100
AcDbEntity
  8
POLYLINES
100
AcDbPolyline
 90
5
 70
0
 10
867.31
 20
567.79
 10
866.44
 20
567.36
 10
865.87
 20
568.08
 10
866.87
 20
568.8
 10
867.31
 20
567.79
  0
LWPOLYLINE
  5
124
330
17
100
AcDbEntity
  8
POLYLINES
100
AcDbPolyline
 90
5
 70
0
 10
867.31
 20
567.79
 10
866.44
 20
567.36
 10
865.87
 20
568.08
 10
866.87
 20
568.8
 10
867.31
 20
567.79
  0
LWPOLYLINE
  5
125
330
17
100
AcDbEntity
  8
POLYLINES
100
AcDbPolyline
 90
5
 70
0
 10
866.44
 20
567.36
 10
865.87
 20
566.64
 10
865.0
 20
567.22
 10
865.87
 20
568.08
 10
866.44
 20
567.36
  0
LWPOLYLINE
  5
126
330
17
100
AcDbEntity
  8
POLYLINES
100
AcDbPolyline
 90
5
 70
0
 10
866.44
 20
567.36
 10
865.87
 20
566.64
 10
865.0
 20
567.22
 10
865.87
 20
568.08
 10
866.44
 20
567.36
  0
LWPOLYLINE
  5
127
330
17
100
AcDbEntity
  8
POLYLINES
100
AcDbPolyline
 90
5
 70
0
 10
865.87
 20
566.64
 10
865.58
 20
565.78
 10
864.57
 20
566.06
 10
865.0
 20
567.22
 10
865.87
 20
566.64
  0
LWPOLYLINE
  5
128
330
17
100
AcDbEntity
  8
POLYLINES
100
AcDbPolyline
 90
5
 70
0
 10
865.87
 20
566.64
 10
865.58
 20
565.78
 10
864.57
 20
566.06
 10
865.0
 20
567.22
 10
865.87
 20
566.64
  0
LWPOLYLINE
  5
129
330
17
100
AcDbEntity
  8
POLYLINES
100
AcDbPolyline
 90
5
 70
0
 10
865.58
 20
565.78
 10
865.43
 20
564.91
 10
864.28
 20
564.91
 10
864.57
 20
566.06
 10
865.58
 20
565.78
  0
LWPOLYLINE
  5
12A
330
17
100
AcDbEntity
  8
POLYLINES
100
AcDbPolyline
 90
5
 70
0
 10
865.58
 20
565.78
 10
865.43
 20
564.91
 10
864.28
 20
564.91
 10
864.57
 20
566.06
 10
865.58
 20
565.78
  0
LWPOLYLINE
  5
12B
330
17
100
AcDbEntity
  8
POLYLINES
100
AcDbPolyline
 90
5
 70
0
 10
944.2
 20
356.98
 10
944.35
 20
355.68
 10
943.34
 20
355.39
 10
943.19
 20
356.98
 10
944.2
 20
356.98
  0
LWPOLYLINE
  5
12C
330
17
100
AcDbEntity
  8
POLYLINES
100
AcDbPolyline
 90
5
 70
0
 10
944.2
 20
356.98
 10
944.35
 20
355.68
 10
943.34
 20
355.39
 10
943.19
 20
356.98
 10
944.2
 20
356.98
  0
LWPOLYLINE
  5
12D
330
17
100
AcDbEntity
  8
POLYLINES
100
AcDbPolyline
 90
5
 70
0
 10
944.35
 20
355.68
 10
944.78
 20
354.38
 10
943.77
 20
353.95
 10
943.34
 20
355.39
 10
944.35
 20
355.68
  0
LWPOLYLINE
  5
12E
330
17
100
AcDbEntity
  8
POLYLINES
100
AcDbPolyline
 90
5
 70
0
 10
944.35
 20
355.68
 10
944.78
 20
354.38
 10
943.77
 20
353.95
 10
943.34
 20
355.39
 10
944.35
 20
355.68
  0
LWPOLYLINE
  5
12F
330
17
100
AcDbEntity
  8
POLYLINES
100
AcDbPolyline
 90
5
 70
0
 10
944.78
 20
354.38
 10
945.35
 20
353.23
 10
944.49
 20
352.66
 10
943.77
 20
353.95
 10
944.78
 20
354.38
  0
LWPOLYLINE
  5
130
330
17
100
AcDbEntity
  8
POLYLINES
100
AcDbPolyline
 90
5
 70
0
 10
944.78
 20
354.38
 10
945.35
 20
353.23
 10
944.49
 20
352.66
 10
943.77
 20
353.95
 10
944.78
 20
354.38
  0
LWPOLYLINE
  5
131
330
17
100
AcDbEntity
  8
POLYLINES
100
AcDbPolyline
 90
5
 70
0
 10
945.35
 20
353.23
 10
946.36
 20
352.22
 10
945.64
 20
351.5
 10
944.49
 20
352.66
 10
945.35
 20
353.23
  0
LWPOLYLINE
  5
132
330
17
100
AcDbEntity
  8
POLYLINES
100
AcDbPolyline
 90
5
 70
0
 10
945.35
 20
353.23
 10
946.36
 20
352.22
 10
945.64
 20
351.5
 10
944.49
 20
352.66
 10
945.35
 20
353.23
  0
LWPOLYLINE
  5
133
330
17
100
AcDbEntity
  8
POLYLINES
100
AcDbPolyline
 90
5
 70
0
 10
946.36
 20
352.22
 10
947.37
 20
351.5
 10
946.79
 20
350.5
 10
945.64
 20
351.5
 10
946.36
 20
352.22
  0
LWPOLYLINE
  5
134
330
17
100
AcDbEntity
  8
POLYLINES
100
AcDbPolyline
 90
5
 70
0
 10
946.36
 20
352.22
 10
947.37
 20
351.5
 10
946.79
 20
350.5
 10
945.64
 20
351.5
 10
946.36
 20
352.22
  0
LWPOLYLINE
  5
135
330
17
100
AcDbEntity
  8
POLYLINES
100
AcDbPolyline
 90
5
 70
0
 10
947.37
 20
351.5
 10
948.67
 20
350.93
 10
948.23
 20
349.92
 10
946.79
 20
350.5
 10
947.37
 20
351.5
  0
LWPOLYLINE
  5
136
330
17
100
AcDbEntity
  8
POLYLINES
100
AcDbPolyline
 90
5
 70
0
 10
947.37
 20
351.5
 10
948.67
 20
350.93
 10
948.23
 20
349.92
 10
946.79
 20
350.5
 10
947.37
 20
351.5
  0
LWPOLYLINE
  5
137
330
17
100
AcDbEntity
  8
POLYLINES
100
AcDbPolyline
 90
5
 70
0
 10
948.67
 20
350.93
 10
949.96
 20
350.64
 10
949.82
 20
349.63
 10
948.23
 20
349.92
 10
948.67
 20
350.93
  0
LWPOLYLINE
  5
138
330
17
100
AcDbEntity
  8
POLYLINES
100
AcDbPolyline
 90
5
 70
0
 10
948.67
 20
350.93
 10
949.96
 20
350.64
 10
949.82
 20
349.63
 10
948.23
 20
349.92
 10
948.67
 20
350.93
  0
LWPOLYLINE
  5
139
330
17
100
AcDbEntity
  8
POLYLINES
100
AcDbPolyline
 90
5
 70
0
 10
949.96
 20
350.64
 10
951.26
 20
350.64
 10
951.4
 20
349.63
 10
949.82
 20
349.63
 10
949.96
 20
350.64
  0
LWPOLYLINE
  5
13A
330
17
100
AcDbEntity
  8
POLYLINES
100
AcDbPolyline
 90
5
 70
0
 10
949.96
 20
350.64
 10
951.26
 20
350.64
 10
951.4
 20
349.63
 10
949.82
 20
349.63
 10
949.96
 20
350.64
  0
LWPOLYLINE
  5
13B
330
17
100
AcDbEntity
  8
POLYLINES
100
AcDbPolyline
 90
5
 70
0
 10
951.26
 20
350.64
 10
952.55
 20
350.93
 10
952.84
 20
349.92
 10
951.4
 20
349.63
 10
951.26
 20
350.64
  0
LWPOLYLINE
  5
13C
330
17
100
AcDbEntity
  8
POLYLINES
100
AcDbPolyline
 90
5
 70
0
 10
951.26
 20
350.64
 10
952.55
 20
350.93
 10
952.84
 20
349.92
 10
951.4
 20
349.63
 10
951.26
 20
350.64
  0
LWPOLYLINE
  5
13D
330
17
100
AcDbEntity
  8
POLYLINES
100
AcDbPolyline
 90
5
 70
0
 10
952.55
 20
350.93
 10
953.71
 20
351.5
 10
954.28
 20
350.5
 10
952.84
 20
349.92
 10
952.55
 20
350.93
  0
LWPOLYLINE
  5
13E
330
17
100
AcDbEntity
  8
POLYLINES
100
AcDbPolyline
 90
5
 70
0
 10
952.55
 20
350.93
 10
953.71
 20
351.5
 10
954.28
 20
350.5
 10
952.84
 20
349.92
 10
952.55
 20
350.93
  0
LWPOLYLINE
  5
13F
330
17
100
AcDbEntity
  8
POLYLINES
100
AcDbPolyline
 90
5
 70
0
 10
953.71
 20
351.5
 10
954.86
 20
352.22
 10
955.58
 20
351.5
 10
954.28
 20
350.5
 10
953.71
 20
351.5
  0
LWPOLYLINE
  5
140
330
17
100
AcDbEntity
  8
POLYLINES
100
AcDbPolyline
 90
5
 70
0
 10
953.71
 20
351.5
 10
954.86
 20
352.22
 10
955.58
 20
351.5
 10
954.28
 20
350.5
 10
953.71
 20
351.5
  0
LWPOLYLINE
  5
141
330
17
100
AcDbEntity
  8
POLYLINES
100
AcDbPolyline
 90
5
 70
0
 10
954.86
 20
352.22
 10
955.72
 20
353.23
 10
956.59
 20
352.66
 10
955.58
 20
351.5
 10
954.86
 20
352.22
  0
LWPOLYLINE
  5
142
330
17
100
AcDbEntity
  8
POLYLINES
100
AcDbPolyline
 90
5
 70
0
 10
954.86
 20
352.22
 10
955.72
 20
353.23
 10
956.59
 20
352.66
 10
955.58
 20
351.5
 10
954.86
 20
352.22
  0
LWPOLYLINE
  5
143
330
17
100
AcDbEntity
  8
POLYLINES
100
AcDbPolyline
 90
5
 70
0
 10
955.72
 20
353.23
 10
956.44
 20
354.38
 10
957.31
 20
353.95
 10
956.59
 20
352.66
 10
955.72
 20
353.23
  0
LWPOLYLINE
  5
144
330
17
100
AcDbEntity
  8
POLYLINES
100
AcDbPolyline
 90
5
 70
0
 10
955.72
 20
353.23
 10
956.44
 20
354.38
 10
957.31
 20
353.95
 10
956.59
 20
352.66
 10
955.72
 20
353.23
  0
LWPOLYLINE
  5
145
330
17
100
AcDbEntity
  8
POLYLINES
100
AcDbPolyline
 90
5
 70
0
 10
956.44
 20
354.38
 10
956.87
 20
355.68
 10
957.88
 20
355.39
 10
957.31
 20
353.95
 10
956.44
 20
354.38
  0
LWPOLYLINE
  5
146
330
17
100
AcDbEntity
  8
POLYLINES
100
AcDbPolyline
 90
5
 70
0
 10
956.44
 20
354.38
 10
956.87
 20
355.68
 10
957.88
 20
355.39
 10
957.31
 20
353.95
 10
956.44
 20
354.38
  0
LWPOLYLINE
  5
147
330
17
100
AcDbEntity
  8
POLYLINES
100
AcDbPolyline
 90
5
 70
0
 10
956.87
 20
355.68
 10
956.87
 20
356.98
 10
958.03
 20
356.98
 10
957.88
 20
355.39
 10
956.87
 20
355.68
  0
LWPOLYLINE
  5
148
330
17
100
AcDbEntity
  8
POLYLINES
100
AcDbPolyline
 90
5
 70
0
 10
956.87
 20
355.68
 10
956.87
 20
356.98
 10
958.03
 20
356.98
 10
957.88
 20
355.39
 10
956.87
 20
355.68
  0
LWPOLYLINE
  5
149
330
17
100
AcDbEntity
  8
POLYLINES
100
AcDbPolyline
 90
5
 70
0
 10
956.87
 20
356.98
 10
956.87
 20
358.27
 10
957.88
 20
358.56
 10
958.03
 20
356.98
 10
956.87
 20
356.98
  0
LWPOLYLINE
  5
14A
330
17
100
AcDbEntity
  8
POLYLINES
100
AcDbPolyline
 90
5
 70
0
 10
956.87
 20
356.98
 10
956.87
 20
358.27
 10
957.88
 20
358.56
 10
958.03
 20
356.98
 10
956.87
 20
356.98
  0
LWPOLYLINE
  5
14B
330
17
100
AcDbEntity
  8
POLYLINES
100
AcDbPolyline
 90
5
 70
0
 10
956.87
 20
358.27
 10
956.44
 20
359.57
 10
957.31
 20
360.0
 10
957.88
 20
358.56
 10
956.87
 20
358.27
  0
LWPOLYLINE
  5
14C
330
17
100
AcDbEntity
  8
POLYLINES
100
AcDbPolyline
 90
5
 70
0
 10
956.87
 20
358.27
 10
956.44
 20
359.57
 10
957.31
 20
360.0
 10
957.88
 20
358.56
 10
956.87
 20
358.27
  0
LWPOLYLINE
  5
14D
330
17
100
AcDbEntity
  8
POLYLINES
100
AcDbPolyline
 90
5
 70
0
 10
956.44
 20
359.57
 10
955.72
 20
360.72
 10
956.59
 20
361.3
 10
957.31
 20
360.0
 10
956.44
 20
359.57
  0
LWPOLYLINE
  5
14E
330
17
100
AcDbEntity
  8
POLYLINES
100
AcDbPolyline
 90
5
 70
0
 10
956.44
 20
359.57
 10
955.72
 20
360.72
 10
956.59
 20
361.3
 10
957.31
 20
360.0
 10
956.44
 20
359.57
  0
LWPOLYLINE
  5
14F
330
17
100
AcDbEntity
  8
POLYLINES
100
AcDbPolyline
 90
5
 70
0
 10
955.72
 20
360.72
 10
954.86
 20
361.73
 10
955.58
 20
362.59
 10
956.59
 20
361.3
 10
955.72
 20
360.72
  0
LWPOLYLINE
  5
150
330
17
100
AcDbEntity
  8
POLYLINES
100
AcDbPolyline
 90
5
 70
0
 10
955.72
 20
360.72
 10
954.86
 20
361.73
 10
955.58
 20
362.59
 10
956.59
 20
361.3
 10
955.72
 20
360.72
  0
LWPOLYLINE
  5
151
330
17
100
AcDbEntity
  8
POLYLINES
100
AcDbPolyline
 90
5
 70
0
 10
954.86
 20
361.73
 10
953.71
 20
362.45
 10
954.28
 20
363.46
 10
955.58
 20
362.59
 10
954.86
 20
361.73
  0
LWPOLYLINE
  5
152
330
17
100
AcDbEntity
  8
POLYLINES
100
AcDbPolyline
 90
5
 70
0
 10
954.86
 20
361.73
 10
953.71
 20
362.45
 10
954.28
 20
363.46
 10
955.58
 20
362.59
 10
954.86
 20
361.73
  0
LWPOLYLINE
  5
153
330
17
100
AcDbEntity
  8
POLYLINES
100
AcDbPolyline
 90
5
 70
0
 10
953.71
 20
362.45
 10
952.55
 20
363.02
 10
952.84
 20
364.03
 10
954.28
 20
363.46
 10
953.71
 20
362.45
  0
LWPOLYLINE
  5
154
330
17
100
AcDbEntity
  8
POLYLINES
100
AcDbPolyline
 90
5
 70
0
 10
953.71
 20
362.45
 10
952.55
 20
363.02
 10
952.84
 20
364.03
 10
954.28
 20
363.46
 10
953.71
 20
362.45
  0
LWPOLYLINE
  5
155
330
17
100
AcDbEntity
  8
POLYLINES
100
AcDbPolyline
 90
5
 70
0
 10
952.55
 20
363.02
 10
951.26
 20
363.31
 10
951.4
 20
364.32
 10
952.84
 20
364.03
 10
952.55
 20
363.02
  0
LWPOLYLINE
  5
156
330
17
100
AcDbEntity
  8
POLYLINES
100
AcDbPolyline
 90
5
 70
0
 10
952.55
 20
363.02
 10
951.26
 20
363.31
 10
951.4
 20
364.32
 10
952.84
 20
364.03
 10
952.55
 20
363.02
  0
LWPOLYLINE
  5
157
330
17
100
AcDbEntity
  8
POLYLINES
100
AcDbPolyline
 90
5
 70
0
 10
951.26
 20
363.31
 10
949.96
 20
363.31
 10
949.82
 20
364.32
 10
951.4
 20
364.32
 10
951.26
 20
363.31
  0
LWPOLYLINE
  5
158
330
17
100
AcDbEntity
  8
POLYLINES
100
AcDbPolyline
 90
5
 70
0
 10
951.26
 20
363.31
 10
949.96
 20
363.31
 10
949.82
 20
364.32
 10
951.4
 20
364.32
 10
951.26
 20
363.31
  0
LWPOLYLINE
  5
159
330
17
100
AcDbEntity
  8
POLYLINES
100
AcDbPolyline
 90
5
 70
0
 10
949.96
 20
363.31
 10
948.67
 20
363.02
 10
948.23
 20
364.03
 10
949.82
 20
364.32
 10
949.96
 20
363.31
  0
LWPOLYLINE
  5
15A
330
17
100
AcDbEntity
  8
POLYLINES
100
AcDbPolyline
 90
5
 70
0
 10
949.96
 20
363.31
 10
948.67
 20
363.02
 10
948.23
 20
364.03
 10
949.82
 20
364.32
 10
949.96
 20
363.31
  0
LWPOLYLINE
  5
15B
330
17
100
AcDbEntity
  8
POLYLINES
100
AcDbPolyline
 90
5
 70
0
 10
948.67
 20
363.02
 10
947.37
 20
362.45
 10
946.79
 20
363.46
 10
948.23
 20
364.03
 10
948.67
 20
363.02
  0
LWPOLYLINE
  5
15C
330
17
100
AcDbEntity
  8
POLYLINES
100
AcDbPolyline
 90
5
 70
0
 10
948.67
 20
363.02
 10
947.37
 20
362.45
 10
946.79
 20
363.46
 10
948.23
 20
364.03
 10
948.67
 20
363.02
  0
LWPOLYLINE
  5
15D
330
17
100
AcDbEntity
  8
POLYLINES
100
AcDbPolyline
 90
5
 70
0
 10
947.37
 20
362.45
 10
946.36
 20
361.73
 10
945.64
 20
362.59
 10
946.79
 20
363.46
 10
947.37
 20
362.45
  0
LWPOLYLINE
  5
15E
330
17
100
AcDbEntity
  8
POLYLINES
100
AcDbPolyline
 90
5
 70
0
 10
947.37
 20
362.45
 10
946.36
 20
361.73
 10
945.64
 20
362.59
 10
946.79
 20
363.46
 10
947.37
 20
362.45
  0
LWPOLYLINE
  5
15F
330
17
100
AcDbEntity
  8
POLYLINES
100
AcDbPolyline
 90
5
 70
0
 10
946.36
 20
361.73
 10
945.35
 20
360.72
 10
944.49
 20
361.3
 10
945.64
 20
362.59
 10
946.36
 20
361.73
  0
LWPOLYLINE
  5
160
330
17
100
AcDbEntity
  8
POLYLINES
100
AcDbPolyline
 90
5
 70
0
 10
946.36
 20
361.73
 10
945.35
 20
360.72
 10
944.49
 20
361.3
 10
945.64
 20
362.59
 10
946.36
 20
361.73
  0
LWPOLYLINE
  5
161
330
17
100
AcDbEntity
  8
POLYLINES
100
AcDbPolyline
 90
5
 70
0
 10
945.35
 20
360.72
 10
944.78
 20
359.57
 10
943.77
 20
360.0
 10
944.49
 20
361.3
 10
945.35
 20
360.72
  0
LWPOLYLINE
  5
162
330
17
100
AcDbEntity
  8
POLYLINES
100
AcDbPolyline
 90
5
 70
0
 10
945.35
 20
360.72
 10
944.78
 20
359.57
 10
943.77
 20
360.0
 10
944.49
 20
361.3
 10
945.35
 20
360.72
  0
LWPOLYLINE
  5
163
330
17
100
AcDbEntity
  8
POLYLINES
100
AcDbPolyline
 90
5
 70
0
 10
944.78
 20
359.57
 10
944.35
 20
358.27
 10
943.34
 20
358.56
 10
943.77
 20
360.0
 10
944.78
 20
359.57
  0
LWPOLYLINE
  5
164
330
17
100
AcDbEntity
  8
POLYLINES
100
AcDbPolyline
 90
5
 70
0
 10
944.78
 20
359.57
 10
944.35
 20
358.27
 10
943.34
 20
358.56
 10
943.77
 20
360.0
 10
944.78
 20
359.57
  0
LWPOLYLINE
  5
165
330
17
100
AcDbEntity
  8
POLYLINES
100
AcDbPolyline
 90
5
 70
0
 10
944.35
 20
358.27
 10
944.2
 20
356.98
 10
943.19
 20
356.98
 10
943.34
 20
358.56
 10
944.35
 20
358.27
  0
LWPOLYLINE
  5
166
330
17
100
AcDbEntity
  8
POLYLINES
100
AcDbPolyline
 90
5
 70
0
 10
944.35
 20
358.27
 10
944.2
 20
356.98
 10
943.19
 20
356.98
 10
943.34
 20
358.56
 10
944.35
 20
358.27
  0
LWPOLYLINE
  5
167
330
17
100
AcDbEntity
  8
POLYLINES
100
AcDbPolyline
 90
5
 70
0
 10
947.37
 20
356.98
 10
947.51
 20
356.11
 10
946.51
 20
355.82
 10
946.36
 20
356.98
 10
947.37
 20
356.98
  0
LWPOLYLINE
  5
168
330
17
100
AcDbEntity
  8
POLYLINES
100
AcDbPolyline
 90
5
 70
0
 10
947.37
 20
356.98
 10
947.51
 20
356.11
 10
946.51
 20
355.82
 10
946.36
 20
356.98
 10
947.37
 20
356.98
  0
LWPOLYLINE
  5
169
330
17
100
AcDbEntity
  8
POLYLINES
100
AcDbPolyline
 90
5
 70
0
 10
947.51
 20
356.11
 10
947.95
 20
355.25
 10
946.94
 20
354.67
 10
946.51
 20
355.82
 10
947.51
 20
356.11
  0
LWPOLYLINE
  5
16A
330
17
100
AcDbEntity
  8
POLYLINES
100
AcDbPolyline
 90
5
 70
0
 10
947.51
 20
356.11
 10
947.95
 20
355.25
 10
946.94
 20
354.67
 10
946.51
 20
355.82
 10
947.51
 20
356.11
  0
LWPOLYLINE
  5
16B
330
17
100
AcDbEntity
  8
POLYLINES
100
AcDbPolyline
 90
5
 70
0
 10
947.95
 20
355.25
 10
948.52
 20
354.53
 10
947.8
 20
353.81
 10
946.94
 20
354.67
 10
947.95
 20
355.25
  0
LWPOLYLINE
  5
16C
330
17
100
AcDbEntity
  8
POLYLINES
100
AcDbPolyline
 90
5
 70
0
 10
947.95
 20
355.25
 10
948.52
 20
354.53
 10
947.8
 20
353.81
 10
946.94
 20
354.67
 10
947.95
 20
355.25
  0
LWPOLYLINE
  5
16D
330
17
100
AcDbEntity
  8
POLYLINES
100
AcDbPolyline
 90
5
 70
0
 10
948.52
 20
354.53
 10
949.24
 20
354.1
 10
948.81
 20
353.09
 10
947.8
 20
353.81
 10
948.52
 20
354.53
  0
LWPOLYLINE
  5
16E
330
17
100
AcDbEntity
  8
POLYLINES
100
AcDbPolyline
 90
5
 70
0
 10
948.52
 20
354.53
 10
949.24
 20
354.1
 10
948.81
 20
353.09
 10
947.8
 20
353.81
 10
948.52
 20
354.53
  0
LWPOLYLINE
  5
16F
330
17
100
AcDbEntity
  8
POLYLINES
100
AcDbPolyline
 90
5
 70
0
 10
949.24
 20
354.1
 10
950.11
 20
353.81
 10
949.96
 20
352.8
 10
948.81
 20
353.09
 10
949.24
 20
354.1
  0
LWPOLYLINE
  5
170
330
17
100
AcDbEntity
  8
POLYLINES
100
AcDbPolyline
 90
5
 70
0
 10
949.24
 20
354.1
 10
950.11
 20
353.81
 10
949.96
 20
352.8
 10
948.81
 20
353.09
 10
949.24
 20
354.1
  0
LWPOLYLINE
  5
171
330
17
100
AcDbEntity
  8
POLYLINES
100
AcDbPolyline
 90
5
 70
0
 10
950.11
 20
353.81
 10
950.97
 20
353.81
 10
951.11
 20
352.8
 10
949.96
 20
352.8
 10
950.11
 20
353.81
  0
LWPOLYLINE
  5
172
330
17
100
AcDbEntity
  8
POLYLINES
100
AcDbPolyline
 90
5
 70
0
 10
950.11
 20
353.81
 10
950.97
 20
353.81
 10
951.11
 20
352.8
 10
949.96
 20
352.8
 10
950.11
 20
353.81
  0
LWPOLYLINE
  5
173
330
17
100
AcDbEntity
  8
POLYLINES
100
AcDbPolyline
 90
5
 70
0
 10
950.97
 20
353.81
 10
951.83
 20
354.1
 10
952.27
 20
353.09
 10
951.11
 20
352.8
 10
950.97
 20
353.81
  0
LWPOLYLINE
  5
174
330
17
100
AcDbEntity
  8
POLYLINES
100
AcDbPolyline
 90
5
 70
0
 10
950.97
 20
353.81
 10
951.83
 20
354.1
 10
952.27
 20
353.09
 10
951.11
 20
352.8
 10
950.97
 20
353.81
  0
LWPOLYLINE
  5
175
330
17
100
AcDbEntity
  8
POLYLINES
100
AcDbPolyline
 90
5
 70
0
 10
951.83
 20
354.1
 10
952.7
 20
354.53
 10
953.42
 20
353.81
 10
952.27
 20
353.09
 10
951.83
 20
354.1
  0
LWPOLYLINE
  5
176
330
17
100
AcDbEntity
  8
POLYLINES
100
AcDbPolyline
 90
5
 70
0
 10
951.83
 20
354.1
 10
952.7
 20
354.53
 10
953.42
 20
353.81
 10
952.27
 20
353.09
 10
951.83
 20
354.1
  0
LWPOLYLINE
  5
177
330
17
100
AcDbEntity
  8
POLYLINES
100
AcDbPolyline
 90
5
 70
0
 10
952.7
 20
354.53
 10
953.27
 20
355.25
 10
954.14
 20
354.67
 10
953.42
 20
353.81
 10
952.7
 20
354.53
  0
LWPOLYLINE
  5
178
330
17
100
AcDbEntity
  8
POLYLINES
100
AcDbPolyline
 90
5
 70
0
 10
952.7
 20
354.53
 10
953.27
 20
355.25
 10
954.14
 20
354.67
 10
953.42
 20
353.81
 10
952.7
 20
354.53
  0
LWPOLYLINE
  5
179
330
17
100
AcDbEntity
  8
POLYLINES
100
AcDbPolyline
 90
5
 70
0
 10
953.27
 20
355.25
 10
953.56
 20
356.11
 10
954.71
 20
355.82
 10
954.14
 20
354.67
 10
953.27
 20
355.25
  0
LWPOLYLINE
  5
17A
330
17
100
AcDbEntity
  8
POLYLINES
100
AcDbPolyline
 90
5
 70
0
 10
953.27
 20
355.25
 10
953.56
 20
356.11
 10
954.71
 20
355.82
 10
954.14
 20
354.67
 10
953.27
 20
355.25
  0
LWPOLYLINE
  5
17B
330
17
100
AcDbEntity
  8
POLYLINES
100
AcDbPolyline
 90
5
 70
0
 10
953.56
 20
356.11
 10
953.71
 20
356.98
 10
954.86
 20
356.98
 10
954.71
 20
355.82
 10
953.56
 20
356.11
  0
LWPOLYLINE
  5
17C
330
17
100
AcDbEntity
  8
POLYLINES
100
AcDbPolyline
 90
5
 70
0
 10
953.56
 20
356.11
 10
953.71
 20
356.98
 10
954.86
 20
356.98
 10
954.71
 20
355.82
 10
953.56
 20
356.11
  0
LWPOLYLINE
  5
17D
330
17
100
AcDbEntity
  8
POLYLINES
100
AcDbPolyline
 90
5
 70
0
 10
953.71
 20
356.98
 10
953.56
 20
357.84
 10
954.71
 20
358.13
 10
954.86
 20
356.98
 10
953.71
 20
356.98
  0
LWPOLYLINE
  5
17E
330
17
100
AcDbEntity
  8
POLYLINES
100
AcDbPolyline
 90
5
 70
0
 10
953.71
 20
356.98
 10
953.56
 20
357.84
 10
954.71
 20
358.13
 10
954.86
 20
356.98
 10
953.71
 20
356.98
  0
LWPOLYLINE
  5
17F
330
17
100
AcDbEntity
  8
POLYLINES
100
AcDbPolyline
 90
5
 70
0
 10
953.56
 20
357.84
 10
953.27
 20
358.7
 10
954.14
 20
359.28
 10
954.71
 20
358.13
 10
953.56
 20
357.84
  0
LWPOLYLINE
  5
180
330
17
100
AcDbEntity
  8
POLYLINES
100
AcDbPolyline
 90
5
 70
0
 10
953.56
 20
357.84
 10
953.27
 20
358.7
 10
954.14
 20
359.28
 10
954.71
 20
358.13
 10
953.56
 20
357.84
  0
LWPOLYLINE
  5
181
330
17
100
AcDbEntity
  8
POLYLINES
100
AcDbPolyline
 90
5
 70
0
 10
953.27
 20
358.7
 10
952.7
 20
359.42
 10
953.42
 20
360.14
 10
954.14
 20
359.28
 10
953.27
 20
358.7
  0
LWPOLYLINE
  5
182
330
17
100
AcDbEntity
  8
POLYLINES
100
AcDbPolyline
 90
5
 70
0
 10
953.27
 20
358.7
 10
952.7
 20
359.42
 10
953.42
 20
360.14
 10
954.14
 20
359.28
 10
953.27
 20
358.7
  0
LWPOLYLINE
  5
183
330
17
100
AcDbEntity
  8
POLYLINES
100
AcDbPolyline
 90
5
 70
0
 10
952.7
 20
359.42
 10
951.83
 20
359.86
 10
952.27
 20
360.86
 10
953.42
 20
360.14
 10
952.7
 20
359.42
  0
LWPOLYLINE
  5
184
330
17
100
AcDbEntity
  8
POLYLINES
100
AcDbPolyline
 90
5
 70
0
 10
952.7
 20
359.42
 10
951.83
 20
359.86
 10
952.27
 20
360.86
 10
953.42
 20
360.14
 10
952.7
 20
359.42
  0
LWPOLYLINE
  5
185
330
17
100
AcDbEntity
  8
POLYLINES
100
AcDbPolyline
 90
5
 70
0
 10
951.83
 20
359.86
 10
950.97
 20
360.14
 10
951.11
 20
361.15
 10
952.27
 20
360.86
 10
951.83
 20
359.86
  0
LWPOLYLINE
  5
186
330
17
100
AcDbEntity
  8
POLYLINES
100
AcDbPolyline
 90
5
 70
0
 10
951.83
 20
359.86
 10
950.97
 20
360.14
 10
951.11
 20
361.15
 10
952.27
 20
360.86
 10
951.83
 20
359.86
  0
LWPOLYLINE
  5
187
330
17
100
AcDbEntity
  8
POLYLINES
100
AcDbPolyline
 90
5
 70
0
 10
950.97
 20
360.14
 10
950.11
 20
360.14
 10
949.96
 20
361.15
 10
951.11
 20
361.15
 10
950.97
 20
360.14
  0
LWPOLYLINE
  5
188
330
17
100
AcDbEntity
  8
POLYLINES
100
AcDbPolyline
 90
5
 70
0
 10
950.97
 20
360.14
 10
950.11
 20
360.14
 10
949.96
 20
361.15
 10
951.11
 20
361.15
 10
950.97
 20
360.14
  0
LWPOLYLINE
  5
189
330
17
100
AcDbEntity
  8
POLYLINES
100
AcDbPolyline
 90
5
 70
0
 10
950.11
 20
360.14
 10
949.24
 20
359.86
 10
948.81
 20
360.86
 10
949.96
 20
361.15
 10
950.11
 20
360.14
  0
LWPOLYLINE
  5
18A
330
17
100
AcDbEntity
  8
POLYLINES
100
AcDbPolyline
 90
5
 70
0
 10
950.11
 20
360.14
 10
949.24
 20
359.86
 10
948.81
 20
360.86
 10
949.96
 20
361.15
 10
950.11
 20
360.14
  0
LWPOLYLINE
  5
18B
330
17
100
AcDbEntity
  8
POLYLINES
100
AcDbPolyline
 90
5
 70
0
 10
949.24
 20
359.86
 10
948.52
 20
359.42
 10
947.8
 20
360.14
 10
948.81
 20
360.86
 10
949.24
 20
359.86
  0
LWPOLYLINE
  5
18C
330
17
100
AcDbEntity
  8
POLYLINES
100
AcDbPolyline
 90
5
 70
0
 10
949.24
 20
359.86
 10
948.52
 20
359.42
 10
947.8
 20
360.14
 10
948.81
 20
360.86
 10
949.24
 20
359.86
  0
LWPOLYLINE
  5
18D
330
17
100
AcDbEntity
  8
POLYLINES
100
AcDbPolyline
 90
5
 70
0
 10
948.52
 20
359.42
 10
947.95
 20
358.7
 10
946.94
 20
359.28
 10
947.8
 20
360.14
 10
948.52
 20
359.42
  0
LWPOLYLINE
  5
18E
330
17
100
AcDbEntity
  8
POLYLINES
100
AcDbPolyline
 90
5
 70
0
 10
948.52
 20
359.42
 10
947.95
 20
358.7
 10
946.94
 20
359.28
 10
947.8
 20
360.14
 10
948.52
 20
359.42
  0
LWPOLYLINE
  5
18F
330
17
100
AcDbEntity
  8
POLYLINES
100
AcDbPolyline
 90
5
 70
0
 10
947.95
 20
358.7
 10
947.51
 20
357.84
 10
946.51
 20
358.13
 10
946.94
 20
359.28
 10
947.95
 20
358.7
  0
LWPOLYLINE
  5
190
330
17
100
AcDbEntity
  8
POLYLINES
100
AcDbPolyline
 90
5
 70
0
 10
947.95
 20
358.7
 10
947.51
 20
357.84
 10
946.51
 20
358.13
 10
946.94
 20
359.28
 10
947.95
 20
358.7
  0
LWPOLYLINE
  5
191
330
17
100
AcDbEntity
  8
POLYLINES
100
AcDbPolyline
 90
5
 70
0
 10
947.51
 20
357.84
 10
947.37
 20
356.98
 10
946.36
 20
356.98
 10
946.51
 20
358.13
 10
947.51
 20
357.84
  0
LWPOLYLINE
  5
192
330
17
100
AcDbEntity
  8
POLYLINES
100
AcDbPolyline
 90
5
 70
0
 10
947.51
 20
357.84
 10
947.37
 20
356.98
 10
946.36
 20
356.98
 10
946.51
 20
358.13
 10
947.51
 20
357.84
  0
LWPOLYLINE
  5
193
330
17
100
AcDbEntity
  8
POLYLINES
100
AcDbPolyline
 90
5
 70
0
 10
719.85
 20
362.16
 10
719.99
 20
361.3
 10
718.99
 20
361.01
 10
718.84
 20
362.16
 10
719.85
 20
362.16
  0
LWPOLYLINE
  5
194
330
17
100
AcDbEntity
  8
POLYLINES
100
AcDbPolyline
 90
5
 70
0
 10
719.85
 20
362.16
 10
719.99
 20
361.3
 10
718.99
 20
361.01
 10
718.84
 20
362.16
 10
719.85
 20
362.16
  0
LWPOLYLINE
  5
195
330
17
100
AcDbEntity
  8
POLYLINES
100
AcDbPolyline
 90
5
 70
0
 10
719.99
 20
361.3
 10
720.43
 20
360.58
 10
719.56
 20
360.0
 10
718.99
 20
361.01
 10
719.99
 20
361.3
  0
LWPOLYLINE
  5
196
330
17
100
AcDbEntity
  8
POLYLINES
100
AcDbPolyline
 90
5
 70
0
 10
719.99
 20
361.3
 10
720.43
 20
360.58
 10
719.56
 20
360.0
 10
718.99
 20
361.01
 10
719.99
 20
361.3
  0
LWPOLYLINE
  5
197
330
17
100
AcDbEntity
  8
POLYLINES
100
AcDbPolyline
 90
5
 70
0
 10
720.43
 20
360.58
 10
721.0
 20
359.86
 10
720.28
 20
358.99
 10
719.56
 20
360.0
 10
720.43
 20
360.58
  0
LWPOLYLINE
  5
198
330
17
100
AcDbEntity
  8
POLYLINES
100
AcDbPolyline
 90
5
 70
0
 10
720.43
 20
360.58
 10
721.0
 20
359.86
 10
720.28
 20
358.99
 10
719.56
 20
360.0
 10
720.43
 20
360.58
  0
LWPOLYLINE
  5
199
330
17
100
AcDbEntity
  8
POLYLINES
100
AcDbPolyline
 90
5
 70
0
 10
721.0
 20
359.86
 10
721.72
 20
359.28
 10
721.29
 20
358.42
 10
720.28
 20
358.99
 10
721.0
 20
359.86
  0
LWPOLYLINE
  5
19A
330
17
100
AcDbEntity
  8
POLYLINES
100
AcDbPolyline
 90
5
 70
0
 10
721.0
 20
359.86
 10
721.72
 20
359.28
 10
721.29
 20
358.42
 10
720.28
 20
358.99
 10
721.0
 20
359.86
  0
LWPOLYLINE
  5
19B
330
17
100
AcDbEntity
  8
POLYLINES
100
AcDbPolyline
 90
5
 70
0
 10
721.72
 20
359.28
 10
722.59
 20
359.14
 10
722.44
 20
357.98
 10
721.29
 20
358.42
 10
721.72
 20
359.28
  0
LWPOLYLINE
  5
19C
330
17
100
AcDbEntity
  8
POLYLINES
100
AcDbPolyline
 90
5
 70
0
 10
721.72
 20
359.28
 10
722.59
 20
359.14
 10
722.44
 20
357.98
 10
721.29
 20
358.42
 10
721.72
 20
359.28
  0
LWPOLYLINE
  5
19D
330
17
100
AcDbEntity
  8
POLYLINES
100
AcDbPolyline
 90
5
 70
0
 10
722.59
 20
359.14
 10
723.59
 20
359.14
 10
723.74
 20
357.98
 10
722.44
 20
357.98
 10
722.59
 20
359.14
  0
LWPOLYLINE
  5
19E
330
17
100
AcDbEntity
  8
POLYLINES
100
AcDbPolyline
 90
5
 70
0
 10
722.59
 20
359.14
 10
723.59
 20
359.14
 10
723.74
 20
357.98
 10
722.44
 20
357.98
 10
722.59
 20
359.14
  0
LWPOLYLINE
  5
19F
330
17
100
AcDbEntity
  8
POLYLINES
100
AcDbPolyline
 90
5
 70
0
 10
723.59
 20
359.14
 10
724.46
 20
359.28
 10
724.89
 20
358.42
 10
723.74
 20
357.98
 10
723.59
 20
359.14
  0
LWPOLYLINE
  5
1A0
330
17
100
AcDbEntity
  8
POLYLINES
100
AcDbPolyline
 90
5
 70
0
 10
723.59
 20
359.14
 10
724.46
 20
359.28
 10
724.89
 20
358.42
 10
723.74
 20
357.98
 10
723.59
 20
359.14
  0
LWPOLYLINE
  5
1A1
330
17
100
AcDbEntity
  8
POLYLINES
100
AcDbPolyline
 90
5
 70
0
 10
724.46
 20
359.28
 10
725.18
 20
359.86
 10
725.9
 20
358.99
 10
724.89
 20
358.42
 10
724.46
 20
359.28
  0
LWPOLYLINE
  5
1A2
330
17
100
AcDbEntity
  8
POLYLINES
100
AcDbPolyline
 90
5
 70
0
 10
724.46
 20
359.28
 10
725.18
 20
359.86
 10
725.9
 20
358.99
 10
724.89
 20
358.42
 10
724.46
 20
359.28
  0
LWPOLYLINE
  5
1A3
330
17
100
AcDbEntity
  8
POLYLINES
100
AcDbPolyline
 90
5
 70
0
 10
725.18
 20
359.86
 10
725.75
 20
360.58
 10
726.62
 20
360.0
 10
725.9
 20
358.99
 10
725.18
 20
359.86
  0
LWPOLYLINE
  5
1A4
330
17
100
AcDbEntity
  8
POLYLINES
100
AcDbPolyline
 90
5
 70
0
 10
725.18
 20
359.86
 10
725.75
 20
360.58
 10
726.62
 20
360.0
 10
725.9
 20
358.99
 10
725.18
 20
359.86
  0
LWPOLYLINE
  5
1A5
330
17
100
AcDbEntity
  8
POLYLINES
100
AcDbPolyline
 90
5
 70
0
 10
725.75
 20
360.58
 10
726.19
 20
361.3
 10
727.19
 20
361.01
 10
726.62
 20
360.0
 10
725.75
 20
360.58
  0
LWPOLYLINE
  5
1A6
330
17
100
AcDbEntity
  8
POLYLINES
100
AcDbPolyline
 90
5
 70
0
 10
725.75
 20
360.58
 10
726.19
 20
361.3
 10
727.19
 20
361.01
 10
726.62
 20
360.0
 10
725.75
 20
360.58
  0
LWPOLYLINE
  5
1A7
330
17
100
AcDbEntity
  8
POLYLINES
100
AcDbPolyline
 90
5
 70
0
 10
726.19
 20
361.3
 10
726.33
 20
362.16
 10
727.34
 20
362.16
 10
727.19
 20
361.01
 10
726.19
 20
361.3
  0
LWPOLYLINE
  5
1A8
330
17
100
AcDbEntity
  8
POLYLINES
100
AcDbPolyline
 90
5
 70
0
 10
726.19
 20
361.3
 10
726.33
 20
362.16
 10
727.34
 20
362.16
 10
727.19
 20
361.01
 10
726.19
 20
361.3
  0
LWPOLYLINE
  5
1A9
330
17
100
AcDbEntity
  8
POLYLINES
100
AcDbPolyline
 90
5
 70
0
 10
726.33
 20
362.16
 10
726.19
 20
363.17
 10
727.19
 20
363.46
 10
727.34
 20
362.16
 10
726.33
 20
362.16
  0
LWPOLYLINE
  5
1AA
330
17
100
AcDbEntity
  8
POLYLINES
100
AcDbPolyline
 90
5
 70
0
 10
726.33
 20
362.16
 10
726.19
 20
363.17
 10
727.19
 20
363.46
 10
727.34
 20
362.16
 10
726.33
 20
362.16
  0
LWPOLYLINE
  5
1AB
330
17
100
AcDbEntity
  8
POLYLINES
100
AcDbPolyline
 90
5
 70
0
 10
726.19
 20
363.17
 10
725.75
 20
363.89
 10
726.62
 20
364.46
 10
727.19
 20
363.46
 10
726.19
 20
363.17
  0
LWPOLYLINE
  5
1AC
330
17
100
AcDbEntity
  8
POLYLINES
100
AcDbPolyline
 90
5
 70
0
 10
726.19
 20
363.17
 10
725.75
 20
363.89
 10
726.62
 20
364.46
 10
727.19
 20
363.46
 10
726.19
 20
363.17
  0
LWPOLYLINE
  5
1AD
330
17
100
AcDbEntity
  8
POLYLINES
100
AcDbPolyline
 90
5
 70
0
 10
725.75
 20
363.89
 10
725.18
 20
364.61
 10
725.9
 20
365.47
 10
726.62
 20
364.46
 10
725.75
 20
363.89
  0
LWPOLYLINE
  5
1AE
330
17
100
AcDbEntity
  8
POLYLINES
100
AcDbPolyline
 90
5
 70
0
 10
725.75
 20
363.89
 10
725.18
 20
364.61
 10
725.9
 20
365.47
 10
726.62
 20
364.46
 10
725.75
 20
363.89
  0
LWPOLYLINE
  5
1AF
330
17
100
AcDbEntity
  8
POLYLINES
100
AcDbPolyline
 90
5
 70
0
 10
725.18
 20
364.61
 10
724.46
 20
365.18
 10
724.89
 20
366.05
 10
725.9
 20
365.47
 10
725.18
 20
364.61
  0
LWPOLYLINE
  5
1B0
330
17
100
AcDbEntity
  8
POLYLINES
100
AcDbPolyline
 90
5
 70
0
 10
725.18
 20
364.61
 10
724.46
 20
365.18
 10
724.89
 20
366.05
 10
725.9
 20
365.47
 10
725.18
 20
364.61
  0
LWPOLYLINE
  5
1B1
330
17
100
AcDbEntity
  8
POLYLINES
100
AcDbPolyline
 90
5
 70
0
 10
724.46
 20
365.18
 10
723.59
 20
365.33
 10
723.74
 20
366.48
 10
724.89
 20
366.05
 10
724.46
 20
365.18
  0
LWPOLYLINE
  5
1B2
330
17
100
AcDbEntity
  8
POLYLINES
100
AcDbPolyline
 90
5
 70
0
 10
724.46
 20
365.18
 10
723.59
 20
365.33
 10
723.74
 20
366.48
 10
724.89
 20
366.05
 10
724.46
 20
365.18
  0
LWPOLYLINE
  5
1B3
330
17
100
AcDbEntity
  8
POLYLINES
100
AcDbPolyline
 90
5
 70
0
 10
723.59
 20
365.33
 10
722.59
 20
365.33
 10
722.44
 20
366.48
 10
723.74
 20
366.48
 10
723.59
 20
365.33
  0
LWPOLYLINE
  5
1B4
330
17
100
AcDbEntity
  8
POLYLINES
100
AcDbPolyline
 90
5
 70
0
 10
723.59
 20
365.33
 10
722.59
 20
365.33
 10
722.44
 20
366.48
 10
723.74
 20
366.48
 10
723.59
 20
365.33
  0
LWPOLYLINE
  5
1B5
330
17
100
AcDbEntity
  8
POLYLINES
100
AcDbPolyline
 90
5
 70
0
 10
722.59
 20
365.33
 10
721.72
 20
365.18
 10
721.29
 20
366.05
 10
722.44
 20
366.48
 10
722.59
 20
365.33
  0
LWPOLYLINE
  5
1B6
330
17
100
AcDbEntity
  8
POLYLINES
100
AcDbPolyline
 90
5
 70
0
 10
722.59
 20
365.33
 10
721.72
 20
365.18
 10
721.29
 20
366.05
 10
722.44
 20
366.48
 10
722.59
 20
365.33
  0
LWPOLYLINE
  5
1B7
330
17
100
AcDbEntity
  8
POLYLINES
100
AcDbPolyline
 90
5
 70
0
 10
721.72
 20
365.18
 10
721.0
 20
364.61
 10
720.28
 20
365.47
 10
721.29
 20
366.05
 10
721.72
 20
365.18
  0
LWPOLYLINE
  5
1B8
330
17
100
AcDbEntity
  8
POLYLINES
100
AcDbPolyline
 90
5
 70
0
 10
721.72
 20
365.18
 10
721.0
 20
364.61
 10
720.28
 20
365.47
 10
721.29
 20
366.05
 10
721.72
 20
365.18
  0
LWPOLYLINE
  5
1B9
330
17
100
AcDbEntity
  8
POLYLINES
100
AcDbPolyline
 90
5
 70
0
 10
721.0
 20
364.61
 10
720.43
 20
363.89
 10
719.56
 20
364.46
 10
720.28
 20
365.47
 10
721.0
 20
364.61
  0
LWPOLYLINE
  5
1BA
330
17
100
AcDbEntity
  8
POLYLINES
100
AcDbPolyline
 90
5
 70
0
 10
721.0
 20
364.61
 10
720.43
 20
363.89
 10
719.56
 20
364.46
 10
720.28
 20
365.47
 10
721.0
 20
364.61
  0
LWPOLYLINE
  5
1BB
330
17
100
AcDbEntity
  8
POLYLINES
100
AcDbPolyline
 90
5
 70
0
 10
720.43
 20
363.89
 10
719.99
 20
363.17
 10
718.99
 20
363.46
 10
719.56
 20
364.46
 10
720.43
 20
363.89
  0
LWPOLYLINE
  5
1BC
330
17
100
AcDbEntity
  8
POLYLINES
100
AcDbPolyline
 90
5
 70
0
 10
720.43
 20
363.89
 10
719.99
 20
363.17
 10
718.99
 20
363.46
 10
719.56
 20
364.46
 10
720.43
 20
363.89
  0
LWPOLYLINE
  5
1BD
330
17
100
AcDbEntity
  8
POLYLINES
100
AcDbPolyline
 90
5
 70
0
 10
719.99
 20
363.17
 10
719.85
 20
362.16
 10
718.84
 20
362.16
 10
718.99
 20
363.46
 10
719.99
 20
363.17
  0
LWPOLYLINE
  5
1BE
330
17
100
AcDbEntity
  8
POLYLINES
100
AcDbPolyline
 90
5
 70
0
 10
719.99
 20
363.17
 10
719.85
 20
362.16
 10
718.84
 20
362.16
 10
718.99
 20
363.46
 10
719.99
 20
363.17
  0
LWPOLYLINE
  5
1BF
330
17
100
AcDbEntity
  8
POLYLINES
100
AcDbPolyline
 90
5
 70
0
 10
403.34
 20
417.74
 10
403.48
 20
416.88
 10
402.47
 20
416.59
 10
402.33
 20
417.74
 10
403.34
 20
417.74
  0
LWPOLYLINE
  5
1C0
330
17
100
AcDbEntity
  8
POLYLINES
100
AcDbPolyline
 90
5
 70
0
 10
403.34
 20
417.74
 10
403.48
 20
416.88
 10
402.47
 20
416.59
 10
402.33
 20
417.74
 10
403.34
 20
417.74
  0
LWPOLYLINE
  5
1C1
330
17
100
AcDbEntity
  8
POLYLINES
100
AcDbPolyline
 90
5
 70
0
 10
403.48
 20
416.88
 10
403.91
 20
416.02
 10
403.05
 20
415.44
 10
402.47
 20
416.59
 10
403.48
 20
416.88
  0
LWPOLYLINE
  5
1C2
330
17
100
AcDbEntity
  8
POLYLINES
100
AcDbPolyline
 90
5
 70
0
 10
403.48
 20
416.88
 10
403.91
 20
416.02
 10
403.05
 20
415.44
 10
402.47
 20
416.59
 10
403.48
 20
416.88
  0
LWPOLYLINE
  5
1C3
330
17
100
AcDbEntity
  8
POLYLINES
100
AcDbPolyline
 90
5
 70
0
 10
403.91
 20
416.02
 10
404.49
 20
415.3
 10
403.77
 20
414.58
 10
403.05
 20
415.44
 10
403.91
 20
416.02
  0
LWPOLYLINE
  5
1C4
330
17
100
AcDbEntity
  8
POLYLINES
100
AcDbPolyline
 90
5
 70
0
 10
403.91
 20
416.02
 10
404.49
 20
415.3
 10
403.77
 20
414.58
 10
403.05
 20
415.44
 10
403.91
 20
416.02
  0
LWPOLYLINE
  5
1C5
330
17
100
AcDbEntity
  8
POLYLINES
100
AcDbPolyline
 90
5
 70
0
 10
404.49
 20
415.3
 10
405.21
 20
414.86
 10
404.78
 20
413.86
 10
403.77
 20
414.58
 10
404.49
 20
415.3
  0
LWPOLYLINE
  5
1C6
330
17
100
AcDbEntity
  8
POLYLINES
100
AcDbPolyline
 90
5
 70
0
 10
404.49
 20
415.3
 10
405.21
 20
414.86
 10
404.78
 20
413.86
 10
403.77
 20
414.58
 10
404.49
 20
415.3
  0
LWPOLYLINE
  5
1C7
330
17
100
AcDbEntity
  8
POLYLINES
100
AcDbPolyline
 90
5
 70
0
 10
405.21
 20
414.86
 10
406.07
 20
414.58
 10
405.93
 20
413.57
 10
404.78
 20
413.86
 10
405.21
 20
414.86
  0
LWPOLYLINE
  5
1C8
330
17
100
AcDbEntity
  8
POLYLINES
100
AcDbPolyline
 90
5
 70
0
 10
405.21
 20
414.86
 10
406.07
 20
414.58
 10
405.93
 20
413.57
 10
404.78
 20
413.86
 10
405.21
 20
414.86
  0
LWPOLYLINE
  5
1C9
330
17
100
AcDbEntity
  8
POLYLINES
100
AcDbPolyline
 90
5
 70
0
 10
406.07
 20
414.58
 10
407.08
 20
414.58
 10
407.23
 20
413.57
 10
405.93
 20
413.57
 10
406.07
 20
414.58
  0
LWPOLYLINE
  5
1CA
330
17
100
AcDbEntity
  8
POLYLINES
100
AcDbPolyline
 90
5
 70
0
 10
406.07
 20
414.58
 10
407.08
 20
414.58
 10
407.23
 20
413.57
 10
405.93
 20
413.57
 10
406.07
 20
414.58
  0
LWPOLYLINE
  5
1CB
330
17
100
AcDbEntity
  8
POLYLINES
100
AcDbPolyline
 90
5
 70
0
 10
407.08
 20
414.58
 10
407.95
 20
414.86
 10
408.38
 20
413.86
 10
407.23
 20
413.57
 10
407.08
 20
414.58
  0
LWPOLYLINE
  5
1CC
330
17
100
AcDbEntity
  8
POLYLINES
100
AcDbPolyline
 90
5
 70
0
 10
407.08
 20
414.58
 10
407.95
 20
414.86
 10
408.38
 20
413.86
 10
407.23
 20
413.57
 10
407.08
 20
414.58
  0
LWPOLYLINE
  5
1CD
330
17
100
AcDbEntity
  8
POLYLINES
100
AcDbPolyline
 90
5
 70
0
 10
407.95
 20
414.86
 10
408.67
 20
415.3
 10
409.39
 20
414.58
 10
408.38
 20
413.86
 10
407.95
 20
414.86
  0
LWPOLYLINE
  5
1CE
330
17
100
AcDbEntity
  8
POLYLINES
100
AcDbPolyline
 90
5
 70
0
 10
407.95
 20
414.86
 10
408.67
 20
415.3
 10
409.39
 20
414.58
 10
408.38
 20
413.86
 10
407.95
 20
414.86
  0
LWPOLYLINE
  5
1CF
330
17
100
AcDbEntity
  8
POLYLINES
100
AcDbPolyline
 90
5
 70
0
 10
408.67
 20
415.3
 10
409.24
 20
416.02
 10
410.11
 20
415.44
 10
409.39
 20
414.58
 10
408.67
 20
415.3
  0
LWPOLYLINE
  5
1D0
330
17
100
AcDbEntity
  8
POLYLINES
100
AcDbPolyline
 90
5
 70
0
 10
408.67
 20
415.3
 10
409.24
 20
416.02
 10
410.11
 20
415.44
 10
409.39
 20
414.58
 10
408.67
 20
415.3
  0
LWPOLYLINE
  5
1D1
330
17
100
AcDbEntity
  8
POLYLINES
100
AcDbPolyline
 90
5
 70
0
 10
409.24
 20
416.02
 10
409.67
 20
416.88
 10
410.68
 20
416.59
 10
410.11
 20
415.44
 10
409.24
 20
416.02
  0
LWPOLYLINE
  5
1D2
330
17
100
AcDbEntity
  8
POLYLINES
100
AcDbPolyline
 90
5
 70
0
 10
409.24
 20
416.02
 10
409.67
 20
416.88
 10
410.68
 20
416.59
 10
410.11
 20
415.44
 10
409.24
 20
416.02
  0
LWPOLYLINE
  5
1D3
330
17
100
AcDbEntity
  8
POLYLINES
100
AcDbPolyline
 90
5
 70
0
 10
409.67
 20
416.88
 10
409.82
 20
417.74
 10
410.83
 20
417.74
 10
410.68
 20
416.59
 10
409.67
 20
416.88
  0
LWPOLYLINE
  5
1D4
330
17
100
AcDbEntity
  8
POLYLINES
100
AcDbPolyline
 90
5
 70
0
 10
409.67
 20
416.88
 10
409.82
 20
417.74
 10
410.83
 20
417.74
 10
410.68
 20
416.59
 10
409.67
 20
416.88
  0
LWPOLYLINE
  5
1D5
330
17
100
AcDbEntity
  8
POLYLINES
100
AcDbPolyline
 90
5
 70
0
 10
409.82
 20
417.74
 10
409.67
 20
418.61
 10
410.68
 20
418.9
 10
410.83
 20
417.74
 10
409.82
 20
417.74
  0
LWPOLYLINE
  5
1D6
330
17
100
AcDbEntity
  8
POLYLINES
100
AcDbPolyline
 90
5
 70
0
 10
409.82
 20
417.74
 10
409.67
 20
418.61
 10
410.68
 20
418.9
 10
410.83
 20
417.74
 10
409.82
 20
417.74
  0
LWPOLYLINE
  5
1D7
330
17
100
AcDbEntity
  8
POLYLINES
100
AcDbPolyline
 90
5
 70
0
 10
409.67
 20
418.61
 10
409.24
 20
419.47
 10
410.11
 20
420.05
 10
410.68
 20
418.9
 10
409.67
 20
418.61
  0
LWPOLYLINE
  5
1D8
330
17
100
AcDbEntity
  8
POLYLINES
100
AcDbPolyline
 90
5
 70
0
 10
409.67
 20
418.61
 10
409.24
 20
419.47
 10
410.11
 20
420.05
 10
410.68
 20
418.9
 10
409.67
 20
418.61
  0
LWPOLYLINE
  5
1D9
330
17
100
AcDbEntity
  8
POLYLINES
100
AcDbPolyline
 90
5
 70
0
 10
409.24
 20
419.47
 10
408.67
 20
420.19
 10
409.39
 20
420.91
 10
410.11
 20
420.05
 10
409.24
 20
419.47
  0
LWPOLYLINE
  5
1DA
330
17
100
AcDbEntity
  8
POLYLINES
100
AcDbPolyline
 90
5
 70
0
 10
409.24
 20
419.47
 10
408.67
 20
420.19
 10
409.39
 20
420.91
 10
410.11
 20
420.05
 10
409.24
 20
419.47
  0
LWPOLYLINE
  5
1DB
330
17
100
AcDbEntity
  8
POLYLINES
100
AcDbPolyline
 90
5
 70
0
 10
408.67
 20
420.19
 10
407.95
 20
420.62
 10
408.38
 20
421.63
 10
409.39
 20
420.91
 10
408.67
 20
420.19
  0
LWPOLYLINE
  5
1DC
330
17
100
AcDbEntity
  8
POLYLINES
100
AcDbPolyline
 90
5
 70
0
 10
408.67
 20
420.19
 10
407.95
 20
420.62
 10
408.38
 20
421.63
 10
409.39
 20
420.91
 10
408.67
 20
420.19
  0
LWPOLYLINE
  5
1DD
330
17
100
AcDbEntity
  8
POLYLINES
100
AcDbPolyline
 90
5
 70
0
 10
407.95
 20
420.62
 10
407.08
 20
420.91
 10
407.23
 20
421.92
 10
408.38
 20
421.63
 10
407.95
 20
420.62
  0
LWPOLYLINE
  5
1DE
330
17
100
AcDbEntity
  8
POLYLINES
100
AcDbPolyline
 90
5
 70
0
 10
407.95
 20
420.62
 10
407.08
 20
420.91
 10
407.23
 20
421.92
 10
408.38
 20
421.63
 10
407.95
 20
420.62
  0
LWPOLYLINE
  5
1DF
330
17
100
AcDbEntity
  8
POLYLINES
100
AcDbPolyline
 90
5
 70
0
 10
407.08
 20
420.91
 10
406.07
 20
420.91
 10
405.93
 20
421.92
 10
407.23
 20
421.92
 10
407.08
 20
420.91
  0
LWPOLYLINE
  5
1E0
330
17
100
AcDbEntity
  8
POLYLINES
100
AcDbPolyline
 90
5
 70
0
 10
407.08
 20
420.91
 10
406.07
 20
420.91
 10
405.93
 20
421.92
 10
407.23
 20
421.92
 10
407.08
 20
420.91
  0
LWPOLYLINE
  5
1E1
330
17
100
AcDbEntity
  8
POLYLINES
100
AcDbPolyline
 90
5
 70
0
 10
406.07
 20
420.91
 10
405.21
 20
420.62
 10
404.78
 20
421.63
 10
405.93
 20
421.92
 10
406.07
 20
420.91
  0
LWPOLYLINE
  5
1E2
330
17
100
AcDbEntity
  8
POLYLINES
100
AcDbPolyline
 90
5
 70
0
 10
406.07
 20
420.91
 10
405.21
 20
420.62
 10
404.78
 20
421.63
 10
405.93
 20
421.92
 10
406.07
 20
420.91
  0
LWPOLYLINE
  5
1E3
330
17
100
AcDbEntity
  8
POLYLINES
100
AcDbPolyline
 90
5
 70
0
 10
405.21
 20
420.62
 10
404.49
 20
420.19
 10
403.77
 20
420.91
 10
404.78
 20
421.63
 10
405.21
 20
420.62
  0
LWPOLYLINE
  5
1E4
330
17
100
AcDbEntity
  8
POLYLINES
100
AcDbPolyline
 90
5
 70
0
 10
405.21
 20
420.62
 10
404.49
 20
420.19
 10
403.77
 20
420.91
 10
404.78
 20
421.63
 10
405.21
 20
420.62
  0
LWPOLYLINE
  5
1E5
330
17
100
AcDbEntity
  8
POLYLINES
100
AcDbPolyline
 90
5
 70
0
 10
404.49
 20
420.19
 10
403.91
 20
419.47
 10
403.05
 20
420.05
 10
403.77
 20
420.91
 10
404.49
 20
420.19
  0
LWPOLYLINE
  5
1E6
330
17
100
AcDbEntity
  8
POLYLINES
100
AcDbPolyline
 90
5
 70
0
 10
404.49
 20
420.19
 10
403.91
 20
419.47
 10
403.05
 20
420.05
 10
403.77
 20
420.91
 10
404.49
 20
420.19
  0
LWPOLYLINE
  5
1E7
330
17
100
AcDbEntity
  8
POLYLINES
100
AcDbPolyline
 90
5
 70
0
 10
403.91
 20
419.47
 10
403.48
 20
418.61
 10
402.47
 20
418.9
 10
403.05
 20
420.05
 10
403.91
 20
419.47
  0
LWPOLYLINE
  5
1E8
330
17
100
AcDbEntity
  8
POLYLINES
100
AcDbPolyline
 90
5
 70
0
 10
403.91
 20
419.47
 10
403.48
 20
418.61
 10
402.47
 20
418.9
 10
403.05
 20
420.05
 10
403.91
 20
419.47
  0
LWPOLYLINE
  5
1E9
330
17
100
AcDbEntity
  8
POLYLINES
100
AcDbPolyline
 90
5
 70
0
 10
403.48
 20
418.61
 10
403.34
 20
417.74
 10
402.33
 20
417.74
 10
402.47
 20
418.9
 10
403.48
 20
418.61
  0
LWPOLYLINE
  5
1EA
330
17
100
AcDbEntity
  8
POLYLINES
100
AcDbPolyline
 90
5
 70
0
 10
403.48
 20
418.61
 10
403.34
 20
417.74
 10
402.33
 20
417.74
 10
402.47
 20
418.9
 10
403.48
 20
418.61
  0
LWPOLYLINE
  5
1EB
330
17
100
AcDbEntity
  8
POLYLINES
100
AcDbPolyline
 90
5
 70
0
 10
588.81
 20
316.22
 10
588.95
 20
315.22
 10
587.95
 20
314.93
 10
587.8
 20
316.22
 10
588.81
 20
316.22
  0
LWPOLYLINE
  5
1EC
330
17
100
AcDbEntity
  8
POLYLINES
100
AcDbPolyline
 90
5
 70
0
 10
588.81
 20
316.22
 10
588.95
 20
315.22
 10
587.95
 20
314.93
 10
587.8
 20
316.22
 10
588.81
 20
316.22
  0
LWPOLYLINE
  5
1ED
330
17
100
AcDbEntity
  8
POLYLINES
100
AcDbPolyline
 90
5
 70
0
 10
588.95
 20
315.22
 10
589.39
 20
314.5
 10
588.52
 20
313.92
 10
587.95
 20
314.93
 10
588.95
 20
315.22
  0
LWPOLYLINE
  5
1EE
330
17
100
AcDbEntity
  8
POLYLINES
100
AcDbPolyline
 90
5
 70
0
 10
588.95
 20
315.22
 10
589.39
 20
314.5
 10
588.52
 20
313.92
 10
587.95
 20
314.93
 10
588.95
 20
315.22
  0
LWPOLYLINE
  5
1EF
330
17
100
AcDbEntity
  8
POLYLINES
100
AcDbPolyline
 90
5
 70
0
 10
589.39
 20
314.5
 10
589.96
 20
313.78
 10
589.24
 20
312.91
 10
588.52
 20
313.92
 10
589.39
 20
314.5
  0
LWPOLYLINE
  5
1F0
330
17
100
AcDbEntity
  8
POLYLINES
100
AcDbPolyline
 90
5
 70
0
 10
589.39
 20
314.5
 10
589.96
 20
313.78
 10
589.24
 20
312.91
 10
588.52
 20
313.92
 10
589.39
 20
314.5
  0
LWPOLYLINE
  5
1F1
330
17
100
AcDbEntity
  8
POLYLINES
100
AcDbPolyline
 90
5
 70
0
 10
589.96
 20
313.78
 10
590.68
 20
313.2
 10
590.25
 20
312.34
 10
589.24
 20
312.91
 10
589.96
 20
313.78
  0
LWPOLYLINE
  5
1F2
330
17
100
AcDbEntity
  8
POLYLINES
100
AcDbPolyline
 90
5
 70
0
 10
589.96
 20
313.78
 10
590.68
 20
313.2
 10
590.25
 20
312.34
 10
589.24
 20
312.91
 10
589.96
 20
313.78
  0
LWPOLYLINE
  5
1F3
330
17
100
AcDbEntity
  8
POLYLINES
100
AcDbPolyline
 90
5
 70
0
 10
590.68
 20
313.2
 10
591.55
 20
313.06
 10
591.4
 20
311.9
 10
590.25
 20
312.34
 10
590.68
 20
313.2
  0
LWPOLYLINE
  5
1F4
330
17
100
AcDbEntity
  8
POLYLINES
100
AcDbPolyline
 90
5
 70
0
 10
590.68
 20
313.2
 10
591.55
 20
313.06
 10
591.4
 20
311.9
 10
590.25
 20
312.34
 10
590.68
 20
313.2
  0
LWPOLYLINE
  5
1F5
330
17
100
AcDbEntity
  8
POLYLINES
100
AcDbPolyline
 90
5
 70
0
 10
591.55
 20
313.06
 10
592.55
 20
313.06
 10
592.7
 20
311.9
 10
591.4
 20
311.9
 10
591.55
 20
313.06
  0
LWPOLYLINE
  5
1F6
330
17
100
AcDbEntity
  8
POLYLINES
100
AcDbPolyline
 90
5
 70
0
 10
591.55
 20
313.06
 10
592.55
 20
313.06
 10
592.7
 20
311.9
 10
591.4
 20
311.9
 10
591.55
 20
313.06
  0
LWPOLYLINE
  5
1F7
330
17
100
AcDbEntity
  8
POLYLINES
100
AcDbPolyline
 90
5
 70
0
 10
592.55
 20
313.06
 10
593.42
 20
313.2
 10
593.85
 20
312.34
 10
592.7
 20
311.9
 10
592.55
 20
313.06
  0
LWPOLYLINE
  5
1F8
330
17
100
AcDbEntity
  8
POLYLINES
100
AcDbPolyline
 90
5
 70
0
 10
592.55
 20
313.06
 10
593.42
 20
313.2
 10
593.85
 20
312.34
 10
592.7
 20
311.9
 10
592.55
 20
313.06
  0
LWPOLYLINE
  5
1F9
330
17
100
AcDbEntity
  8
POLYLINES
100
AcDbPolyline
 90
5
 70
0
 10
593.42
 20
313.2
 10
594.14
 20
313.78
 10
594.86
 20
312.91
 10
593.85
 20
312.34
 10
593.42
 20
313.2
  0
LWPOLYLINE
  5
1FA
330
17
100
AcDbEntity
  8
POLYLINES
100
AcDbPolyline
 90
5
 70
0
 10
593.42
 20
313.2
 10
594.14
 20
313.78
 10
594.86
 20
312.91
 10
593.85
 20
312.34
 10
593.42
 20
313.2
  0
LWPOLYLINE
  5
1FB
330
17
100
AcDbEntity
  8
POLYLINES
100
AcDbPolyline
 90
5
 70
0
 10
594.14
 20
313.78
 10
594.71
 20
314.5
 10
595.58
 20
313.92
 10
594.86
 20
312.91
 10
594.14
 20
313.78
  0
LWPOLYLINE
  5
1FC
330
17
100
AcDbEntity
  8
POLYLINES
100
AcDbPolyline
 90
5
 70
0
 10
594.14
 20
313.78
 10
594.71
 20
314.5
 10
595.58
 20
313.92
 10
594.86
 20
312.91
 10
594.14
 20
313.78
  0
LWPOLYLINE
  5
1FD
330
17
100
AcDbEntity
  8
POLYLINES
100
AcDbPolyline
 90
5
 70
0
 10
594.71
 20
314.5
 10
595.15
 20
315.22
 10
596.15
 20
314.93
 10
595.58
 20
313.92
 10
594.71
 20
314.5
  0
LWPOLYLINE
  5
1FE
330
17
100
AcDbEntity
  8
POLYLINES
100
AcDbPolyline
 90
5
 70
0
 10
594.71
 20
314.5
 10
595.15
 20
315.22
 10
596.15
 20
314.93
 10
595.58
 20
313.92
 10
594.71
 20
314.5
  0
LWPOLYLINE
  5
1FF
330
17
100
AcDbEntity
  8
POLYLINES
100
AcDbPolyline
 90
5
 70
0
 10
595.15
 20
315.22
 10
595.29
 20
316.22
 10
596.3
 20
316.22
 10
596.15
 20
314.93
 10
595.15
 20
315.22
  0
LWPOLYLINE
  5
200
330
17
100
AcDbEntity
  8
POLYLINES
100
AcDbPolyline
 90
5
 70
0
 10
595.15
 20
315.22
 10
595.29
 20
316.22
 10
596.3
 20
316.22
 10
596.15
 20
314.93
 10
595.15
 20
315.22
  0
LWPOLYLINE
  5
201
330
17
100
AcDbEntity
  8
POLYLINES
100
AcDbPolyline
 90
5
 70
0
 10
595.29
 20
316.22
 10
595.15
 20
317.09
 10
596.15
 20
317.38
 10
596.3
 20
316.22
 10
595.29
 20
316.22
  0
LWPOLYLINE
  5
202
330
17
100
AcDbEntity
  8
POLYLINES
100
AcDbPolyline
 90
5
 70
0
 10
595.29
 20
316.22
 10
595.15
 20
317.09
 10
596.15
 20
317.38
 10
596.3
 20
316.22
 10
595.29
 20
316.22
  0
LWPOLYLINE
  5
203
330
17
100
AcDbEntity
  8
POLYLINES
100
AcDbPolyline
 90
5
 70
0
 10
595.15
 20
317.09
 10
594.71
 20
317.95
 10
595.58
 20
318.53
 10
596.15
 20
317.38
 10
595.15
 20
317.09
  0
LWPOLYLINE
  5
204
330
17
100
AcDbEntity
  8
POLYLINES
100
AcDbPolyline
 90
5
 70
0
 10
595.15
 20
317.09
 10
594.71
 20
317.95
 10
595.58
 20
318.53
 10
596.15
 20
317.38
 10
595.15
 20
317.09
  0
LWPOLYLINE
  5
205
330
17
100
AcDbEntity
  8
POLYLINES
100
AcDbPolyline
 90
5
 70
0
 10
594.71
 20
317.95
 10
594.14
 20
318.53
 10
594.86
 20
319.39
 10
595.58
 20
318.53
 10
594.71
 20
317.95
  0
LWPOLYLINE
  5
206
330
17
100
AcDbEntity
  8
POLYLINES
100
AcDbPolyline
 90
5
 70
0
 10
594.71
 20
317.95
 10
594.14
 20
318.53
 10
594.86
 20
319.39
 10
595.58
 20
318.53
 10
594.71
 20
317.95
  0
LWPOLYLINE
  5
207
330
17
100
AcDbEntity
  8
POLYLINES
100
AcDbPolyline
 90
5
 70
0
 10
594.14
 20
318.53
 10
593.42
 20
319.1
 10
593.85
 20
319.97
 10
594.86
 20
319.39
 10
594.14
 20
318.53
  0
LWPOLYLINE
  5
208
330
17
100
AcDbEntity
  8
POLYLINES
100
AcDbPolyline
 90
5
 70
0
 10
594.14
 20
318.53
 10
593.42
 20
319.1
 10
593.85
 20
319.97
 10
594.86
 20
319.39
 10
594.14
 20
318.53
  0
LWPOLYLINE
  5
209
330
17
100
AcDbEntity
  8
POLYLINES
100
AcDbPolyline
 90
5
 70
0
 10
593.42
 20
319.1
 10
592.55
 20
319.25
 10
592.7
 20
320.4
 10
593.85
 20
319.97
 10
593.42
 20
319.1
  0
LWPOLYLINE
  5
20A
330
17
100
AcDbEntity
  8
POLYLINES
100
AcDbPolyline
 90
5
 70
0
 10
593.42
 20
319.1
 10
592.55
 20
319.25
 10
592.7
 20
320.4
 10
593.85
 20
319.97
 10
593.42
 20
319.1
  0
LWPOLYLINE
  5
20B
330
17
100
AcDbEntity
  8
POLYLINES
100
AcDbPolyline
 90
5
 70
0
 10
592.55
 20
319.25
 10
591.55
 20
319.25
 10
591.4
 20
320.4
 10
592.7
 20
320.4
 10
592.55
 20
319.25
  0
LWPOLYLINE
  5
20C
330
17
100
AcDbEntity
  8
POLYLINES
100
AcDbPolyline
 90
5
 70
0
 10
592.55
 20
319.25
 10
591.55
 20
319.25
 10
591.4
 20
320.4
 10
592.7
 20
320.4
 10
592.55
 20
319.25
  0
LWPOLYLINE
  5
20D
330
17
100
AcDbEntity
  8
POLYLINES
100
AcDbPolyline
 90
5
 70
0
 10
591.55
 20
319.25
 10
590.68
 20
319.1
 10
590.25
 20
319.97
 10
591.4
 20
320.4
 10
591.55
 20
319.25
  0
LWPOLYLINE
  5
20E
330
17
100
AcDbEntity
  8
POLYLINES
100
AcDbPolyline
 90
5
 70
0
 10
591.55
 20
319.25
 10
590.68
 20
319.1
 10
590.25
 20
319.97
 10
591.4
 20
320.4
 10
591.55
 20
319.25
  0
LWPOLYLINE
  5
20F
330
17
100
AcDbEntity
  8
POLYLINES
100
AcDbPolyline
 90
5
 70
0
 10
590.68
 20
319.1
 10
589.96
 20
318.53
 10
589.24
 20
319.39
 10
590.25
 20
319.97
 10
590.68
 20
319.1
  0
LWPOLYLINE
  5
210
330
17
100
AcDbEntity
  8
POLYLINES
100
AcDbPolyline
 90
5
 70
0
 10
590.68
 20
319.1
 10
589.96
 20
318.53
 10
589.24
 20
319.39
 10
590.25
 20
319.97
 10
590.68
 20
319.1
  0
LWPOLYLINE
  5
211
330
17
100
AcDbEntity
  8
POLYLINES
100
AcDbPolyline
 90
5
 70
0
 10
589.96
 20
318.53
 10
589.39
 20
317.95
 10
588.52
 20
318.53
 10
589.24
 20
319.39
 10
589.96
 20
318.53
  0
LWPOLYLINE
  5
212
330
17
100
AcDbEntity
  8
POLYLINES
100
AcDbPolyline
 90
5
 70
0
 10
589.96
 20
318.53
 10
589.39
 20
317.95
 10
588.52
 20
318.53
 10
589.24
 20
319.39
 10
589.96
 20
318.53
  0
LWPOLYLINE
  5
213
330
17
100
AcDbEntity
  8
POLYLINES
100
AcDbPolyline
 90
5
 70
0
 10
589.39
 20
317.95
 10
588.95
 20
317.09
 10
587.95
 20
317.38
 10
588.52
 20
318.53
 10
589.39
 20
317.95
  0
LWPOLYLINE
  5
214
330
17
100
AcDbEntity
  8
POLYLINES
100
AcDbPolyline
 90
5
 70
0
 10
589.39
 20
317.95
 10
588.95
 20
317.09
 10
587.95
 20
317.38
 10
588.52
 20
318.53
 10
589.39
 20
317.95
  0
LWPOLYLINE
  5
215
330
17
100
AcDbEntity
  8
POLYLINES
100
AcDbPolyline
 90
5
 70
0
 10
588.95
 20
317.09
 10
588.81
 20
316.22
 10
587.8
 20
316.22
 10
587.95
 20
317.38
 10
588.95
 20
317.09
  0
LWPOLYLINE
  5
216
330
17
100
AcDbEntity
  8
POLYLINES
100
AcDbPolyline
 90
5
 70
0
 10
588.95
 20
317.09
 10
588.81
 20
316.22
 10
587.8
 20
316.22
 10
587.95
 20
317.38
 10
588.95
 20
317.09
  0
LWPOLYLINE
  5
217
330
17
100
AcDbEntity
  8
POLYLINES
100
AcDbPolyline
 90
5
 70
0
 10
524.44
 20
599.76
 10
524.59
 20
598.9
 10
523.58
 20
598.61
 10
523.43
 20
599.76
 10
524.44
 20
599.76
  0
LWPOLYLINE
  5
218
330
17
100
AcDbEntity
  8
POLYLINES
100
AcDbPolyline
 90
5
 70
0
 10
524.44
 20
599.76
 10
524.59
 20
598.9
 10
523.58
 20
598.61
 10
523.43
 20
599.76
 10
524.44
 20
599.76
  0
LWPOLYLINE
  5
219
330
17
100
AcDbEntity
  8
POLYLINES
100
AcDbPolyline
 90
5
 70
0
 10
524.59
 20
598.9
 10
525.02
 20
598.03
 10
524.01
 20
597.6
 10
523.58
 20
598.61
 10
524.59
 20
598.9
  0
LWPOLYLINE
  5
21A
330
17
100
AcDbEntity
  8
POLYLINES
100
AcDbPolyline
 90
5
 70
0
 10
524.59
 20
598.9
 10
525.02
 20
598.03
 10
524.01
 20
597.6
 10
523.58
 20
598.61
 10
524.59
 20
598.9
  0
LWPOLYLINE
  5
21B
330
17
100
AcDbEntity
  8
POLYLINES
100
AcDbPolyline
 90
5
 70
0
 10
525.02
 20
598.03
 10
525.59
 20
597.46
 10
524.87
 20
596.59
 10
524.01
 20
597.6
 10
525.02
 20
598.03
  0
LWPOLYLINE
  5
21C
330
17
100
AcDbEntity
  8
POLYLINES
100
AcDbPolyline
 90
5
 70
0
 10
525.02
 20
598.03
 10
525.59
 20
597.46
 10
524.87
 20
596.59
 10
524.01
 20
597.6
 10
525.02
 20
598.03
  0
LWPOLYLINE
  5
21D
330
17
100
AcDbEntity
  8
POLYLINES
100
AcDbPolyline
 90
5
 70
0
 10
525.59
 20
597.46
 10
526.31
 20
596.88
 10
525.88
 20
596.02
 10
524.87
 20
596.59
 10
525.59
 20
597.46
  0
LWPOLYLINE
  5
21E
330
17
100
AcDbEntity
  8
POLYLINES
100
AcDbPolyline
 90
5
 70
0
 10
525.59
 20
597.46
 10
526.31
 20
596.88
 10
525.88
 20
596.02
 10
524.87
 20
596.59
 10
525.59
 20
597.46
  0
LWPOLYLINE
  5
21F
330
17
100
AcDbEntity
  8
POLYLINES
100
AcDbPolyline
 90
5
 70
0
 10
526.31
 20
596.88
 10
527.18
 20
596.74
 10
527.03
 20
595.58
 10
525.88
 20
596.02
 10
526.31
 20
596.88
  0
LWPOLYLINE
  5
220
330
17
100
AcDbEntity
  8
POLYLINES
100
AcDbPolyline
 90
5
 70
0
 10
526.31
 20
596.88
 10
527.18
 20
596.74
 10
527.03
 20
595.58
 10
525.88
 20
596.02
 10
526.31
 20
596.88
  0
LWPOLYLINE
  5
221
330
17
100
AcDbEntity
  8
POLYLINES
100
AcDbPolyline
 90
5
 70
0
 10
527.18
 20
596.74
 10
528.04
 20
596.74
 10
528.19
 20
595.58
 10
527.03
 20
595.58
 10
527.18
 20
596.74
  0
LWPOLYLINE
  5
222
330
17
100
AcDbEntity
  8
POLYLINES
100
AcDbPolyline
 90
5
 70
0
 10
527.18
 20
596.74
 10
528.04
 20
596.74
 10
528.19
 20
595.58
 10
527.03
 20
595.58
 10
527.18
 20
596.74
  0
LWPOLYLINE
  5
223
330
17
100
AcDbEntity
  8
POLYLINES
100
AcDbPolyline
 90
5
 70
0
 10
528.04
 20
596.74
 10
528.91
 20
596.88
 10
529.34
 20
596.02
 10
528.19
 20
595.58
 10
528.04
 20
596.74
  0
LWPOLYLINE
  5
224
330
17
100
AcDbEntity
  8
POLYLINES
100
AcDbPolyline
 90
5
 70
0
 10
528.04
 20
596.74
 10
528.91
 20
596.88
 10
529.34
 20
596.02
 10
528.19
 20
595.58
 10
528.04
 20
596.74
  0
LWPOLYLINE
  5
225
330
17
100
AcDbEntity
  8
POLYLINES
100
AcDbPolyline
 90
5
 70
0
 10
528.91
 20
596.88
 10
529.77
 20
597.46
 10
530.49
 20
596.59
 10
529.34
 20
596.02
 10
528.91
 20
596.88
  0
LWPOLYLINE
  5
226
330
17
100
AcDbEntity
  8
POLYLINES
100
AcDbPolyline
 90
5
 70
0
 10
528.91
 20
596.88
 10
529.77
 20
597.46
 10
530.49
 20
596.59
 10
529.34
 20
596.02
 10
528.91
 20
596.88
  0
LWPOLYLINE
  5
227
330
17
100
AcDbEntity
  8
POLYLINES
100
AcDbPolyline
 90
5
 70
0
 10
529.77
 20
597.46
 10
530.35
 20
598.03
 10
531.21
 20
597.6
 10
530.49
 20
596.59
 10
529.77
 20
597.46
  0
LWPOLYLINE
  5
228
330
17
100
AcDbEntity
  8
POLYLINES
100
AcDbPolyline
 90
5
 70
0
 10
529.77
 20
597.46
 10
530.35
 20
598.03
 10
531.21
 20
597.6
 10
530.49
 20
596.59
 10
529.77
 20
597.46
  0
LWPOLYLINE
  5
229
330
17
100
AcDbEntity
  8
POLYLINES
100
AcDbPolyline
 90
5
 70
0
 10
530.35
 20
598.03
 10
530.63
 20
598.9
 10
531.79
 20
598.61
 10
531.21
 20
597.6
 10
530.35
 20
598.03
  0
LWPOLYLINE
  5
22A
330
17
100
AcDbEntity
  8
POLYLINES
100
AcDbPolyline
 90
5
 70
0
 10
530.35
 20
598.03
 10
530.63
 20
598.9
 10
531.79
 20
598.61
 10
531.21
 20
597.6
 10
530.35
 20
598.03
  0
LWPOLYLINE
  5
22B
330
17
100
AcDbEntity
  8
POLYLINES
100
AcDbPolyline
 90
5
 70
0
 10
530.63
 20
598.9
 10
530.78
 20
599.76
 10
531.93
 20
599.76
 10
531.79
 20
598.61
 10
530.63
 20
598.9
  0
LWPOLYLINE
  5
22C
330
17
100
AcDbEntity
  8
POLYLINES
100
AcDbPolyline
 90
5
 70
0
 10
530.63
 20
598.9
 10
530.78
 20
599.76
 10
531.93
 20
599.76
 10
531.79
 20
598.61
 10
530.63
 20
598.9
  0
LWPOLYLINE
  5
22D
330
17
100
AcDbEntity
  8
POLYLINES
100
AcDbPolyline
 90
5
 70
0
 10
530.78
 20
599.76
 10
530.63
 20
600.77
 10
531.79
 20
601.06
 10
531.93
 20
599.76
 10
530.78
 20
599.76
  0
LWPOLYLINE
  5
22E
330
17
100
AcDbEntity
  8
POLYLINES
100
AcDbPolyline
 90
5
 70
0
 10
530.78
 20
599.76
 10
530.63
 20
600.77
 10
531.79
 20
601.06
 10
531.93
 20
599.76
 10
530.78
 20
599.76
  0
LWPOLYLINE
  5
22F
330
17
100
AcDbEntity
  8
POLYLINES
100
AcDbPolyline
 90
5
 70
0
 10
530.63
 20
600.77
 10
530.35
 20
601.49
 10
531.21
 20
602.06
 10
531.79
 20
601.06
 10
530.63
 20
600.77
  0
LWPOLYLINE
  5
230
330
17
100
AcDbEntity
  8
POLYLINES
100
AcDbPolyline
 90
5
 70
0
 10
530.63
 20
600.77
 10
530.35
 20
601.49
 10
531.21
 20
602.06
 10
531.79
 20
601.06
 10
530.63
 20
600.77
  0
LWPOLYLINE
  5
231
330
17
100
AcDbEntity
  8
POLYLINES
100
AcDbPolyline
 90
5
 70
0
 10
530.35
 20
601.49
 10
529.77
 20
602.21
 10
530.49
 20
603.07
 10
531.21
 20
602.06
 10
530.35
 20
601.49
  0
LWPOLYLINE
  5
232
330
17
100
AcDbEntity
  8
POLYLINES
100
AcDbPolyline
 90
5
 70
0
 10
530.35
 20
601.49
 10
529.77
 20
602.21
 10
530.49
 20
603.07
 10
531.21
 20
602.06
 10
530.35
 20
601.49
  0
LWPOLYLINE
  5
233
330
17
100
AcDbEntity
  8
POLYLINES
100
AcDbPolyline
 90
5
 70
0
 10
529.77
 20
602.21
 10
528.91
 20
602.78
 10
529.34
 20
603.65
 10
530.49
 20
603.07
 10
529.77
 20
602.21
  0
LWPOLYLINE
  5
234
330
17
100
AcDbEntity
  8
POLYLINES
100
AcDbPolyline
 90
5
 70
0
 10
529.77
 20
602.21
 10
528.91
 20
602.78
 10
529.34
 20
603.65
 10
530.49
 20
603.07
 10
529.77
 20
602.21
  0
LWPOLYLINE
  5
235
330
17
100
AcDbEntity
  8
POLYLINES
100
AcDbPolyline
 90
5
 70
0
 10
528.91
 20
602.78
 10
528.04
 20
602.93
 10
528.19
 20
604.08
 10
529.34
 20
603.65
 10
528.91
 20
602.78
  0
LWPOLYLINE
  5
236
330
17
100
AcDbEntity
  8
POLYLINES
100
AcDbPolyline
 90
5
 70
0
 10
528.91
 20
602.78
 10
528.04
 20
602.93
 10
528.19
 20
604.08
 10
529.34
 20
603.65
 10
528.91
 20
602.78
  0
LWPOLYLINE
  5
237
330
17
100
AcDbEntity
  8
POLYLINES
100
AcDbPolyline
 90
5
 70
0
 10
528.04
 20
602.93
 10
527.18
 20
602.93
 10
527.03
 20
604.08
 10
528.19
 20
604.08
 10
528.04
 20
602.93
  0
LWPOLYLINE
  5
238
330
17
100
AcDbEntity
  8
POLYLINES
100
AcDbPolyline
 90
5
 70
0
 10
528.04
 20
602.93
 10
527.18
 20
602.93
 10
527.03
 20
604.08
 10
528.19
 20
604.08
 10
528.04
 20
602.93
  0
LWPOLYLINE
  5
239
330
17
100
AcDbEntity
  8
POLYLINES
100
AcDbPolyline
 90
5
 70
0
 10
527.18
 20
602.93
 10
526.31
 20
602.78
 10
525.88
 20
603.65
 10
527.03
 20
604.08
 10
527.18
 20
602.93
  0
LWPOLYLINE
  5
23A
330
17
100
AcDbEntity
  8
POLYLINES
100
AcDbPolyline
 90
5
 70
0
 10
527.18
 20
602.93
 10
526.31
 20
602.78
 10
525.88
 20
603.65
 10
527.03
 20
604.08
 10
527.18
 20
602.93
  0
LWPOLYLINE
  5
23B
330
17
100
AcDbEntity
  8
POLYLINES
100
AcDbPolyline
 90
5
 70
0
 10
526.31
 20
602.78
 10
525.59
 20
602.21
 10
524.87
 20
603.07
 10
525.88
 20
603.65
 10
526.31
 20
602.78
  0
LWPOLYLINE
  5
23C
330
17
100
AcDbEntity
  8
POLYLINES
100
AcDbPolyline
 90
5
 70
0
 10
526.31
 20
602.78
 10
525.59
 20
602.21
 10
524.87
 20
603.07
 10
525.88
 20
603.65
 10
526.31
 20
602.78
  0
LWPOLYLINE
  5
23D
330
17
100
AcDbEntity
  8
POLYLINES
100
AcDbPolyline
 90
5
 70
0
 10
525.59
 20
602.21
 10
525.02
 20
601.49
 10
524.01
 20
602.06
 10
524.87
 20
603.07
 10
525.59
 20
602.21
  0
LWPOLYLINE
  5
23E
330
17
100
AcDbEntity
  8
POLYLINES
100
AcDbPolyline
 90
5
 70
0
 10
525.59
 20
602.21
 10
525.02
 20
601.49
 10
524.01
 20
602.06
 10
524.87
 20
603.07
 10
525.59
 20
602.21
  0
LWPOLYLINE
  5
23F
330
17
100
AcDbEntity
  8
POLYLINES
100
AcDbPolyline
 90
5
 70
0
 10
525.02
 20
601.49
 10
524.59
 20
600.77
 10
523.58
 20
601.06
 10
524.01
 20
602.06
 10
525.02
 20
601.49
  0
LWPOLYLINE
  5
240
330
17
100
AcDbEntity
  8
POLYLINES
100
AcDbPolyline
 90
5
 70
0
 10
525.02
 20
601.49
 10
524.59
 20
600.77
 10
523.58
 20
601.06
 10
524.01
 20
602.06
 10
525.02
 20
601.49
  0
LWPOLYLINE
  5
241
330
17
100
AcDbEntity
  8
POLYLINES
100
AcDbPolyline
 90
5
 70
0
 10
524.59
 20
600.77
 10
524.44
 20
599.76
 10
523.43
 20
599.76
 10
523.58
 20
601.06
 10
524.59
 20
600.77
  0
LWPOLYLINE
  5
242
330
17
100
AcDbEntity
  8
POLYLINES
100
AcDbPolyline
 90
5
 70
0
 10
524.59
 20
600.77
 10
524.44
 20
599.76
 10
523.43
 20
599.76
 10
523.58
 20
601.06
 10
524.59
 20
600.77
  0
LWPOLYLINE
  5
243
330
17
100
AcDbEntity
  8
POLYLINES
100
AcDbPolyline
 90
5
 70
0
 10
457.34
 20
526.18
 10
457.48
 20
525.17
 10
456.33
 20
524.88
 10
456.19
 20
526.18
 10
457.34
 20
526.18
  0
LWPOLYLINE
  5
244
330
17
100
AcDbEntity
  8
POLYLINES
100
AcDbPolyline
 90
5
 70
0
 10
457.34
 20
526.18
 10
457.48
 20
525.17
 10
456.33
 20
524.88
 10
456.19
 20
526.18
 10
457.34
 20
526.18
  0
LWPOLYLINE
  5
245
330
17
100
AcDbEntity
  8
POLYLINES
100
AcDbPolyline
 90
5
 70
0
 10
457.48
 20
525.17
 10
457.77
 20
524.45
 10
456.91
 20
523.87
 10
456.33
 20
524.88
 10
457.48
 20
525.17
  0
LWPOLYLINE
  5
246
330
17
100
AcDbEntity
  8
POLYLINES
100
AcDbPolyline
 90
5
 70
0
 10
457.48
 20
525.17
 10
457.77
 20
524.45
 10
456.91
 20
523.87
 10
456.33
 20
524.88
 10
457.48
 20
525.17
  0
LWPOLYLINE
  5
247
330
17
100
AcDbEntity
  8
POLYLINES
100
AcDbPolyline
 90
5
 70
0
 10
457.77
 20
524.45
 10
458.35
 20
523.73
 10
457.63
 20
522.86
 10
456.91
 20
523.87
 10
457.77
 20
524.45
  0
LWPOLYLINE
  5
248
330
17
100
AcDbEntity
  8
POLYLINES
100
AcDbPolyline
 90
5
 70
0
 10
457.77
 20
524.45
 10
458.35
 20
523.73
 10
457.63
 20
522.86
 10
456.91
 20
523.87
 10
457.77
 20
524.45
  0
LWPOLYLINE
  5
249
330
17
100
AcDbEntity
  8
POLYLINES
100
AcDbPolyline
 90
5
 70
0
 10
458.35
 20
523.73
 10
459.21
 20
523.15
 10
458.63
 20
522.29
 10
457.63
 20
522.86
 10
458.35
 20
523.73
  0
LWPOLYLINE
  5
24A
330
17
100
AcDbEntity
  8
POLYLINES
100
AcDbPolyline
 90
5
 70
0
 10
458.35
 20
523.73
 10
459.21
 20
523.15
 10
458.63
 20
522.29
 10
457.63
 20
522.86
 10
458.35
 20
523.73
  0
LWPOLYLINE
  5
24B
330
17
100
AcDbEntity
  8
POLYLINES
100
AcDbPolyline
 90
5
 70
0
 10
459.21
 20
523.15
 10
460.07
 20
523.01
 10
459.93
 20
521.86
 10
458.63
 20
522.29
 10
459.21
 20
523.15
  0
LWPOLYLINE
  5
24C
330
17
100
AcDbEntity
  8
POLYLINES
100
AcDbPolyline
 90
5
 70
0
 10
459.21
 20
523.15
 10
460.07
 20
523.01
 10
459.93
 20
521.86
 10
458.63
 20
522.29
 10
459.21
 20
523.15
  0
LWPOLYLINE
  5
24D
330
17
100
AcDbEntity
  8
POLYLINES
100
AcDbPolyline
 90
5
 70
0
 10
460.07
 20
523.01
 10
460.94
 20
523.01
 10
461.08
 20
521.86
 10
459.93
 20
521.86
 10
460.07
 20
523.01
  0
LWPOLYLINE
  5
24E
330
17
100
AcDbEntity
  8
POLYLINES
100
AcDbPolyline
 90
5
 70
0
 10
460.07
 20
523.01
 10
460.94
 20
523.01
 10
461.08
 20
521.86
 10
459.93
 20
521.86
 10
460.07
 20
523.01
  0
LWPOLYLINE
  5
24F
330
17
100
AcDbEntity
  8
POLYLINES
100
AcDbPolyline
 90
5
 70
0
 10
460.94
 20
523.01
 10
461.8
 20
523.15
 10
462.23
 20
522.29
 10
461.08
 20
521.86
 10
460.94
 20
523.01
  0
LWPOLYLINE
  5
250
330
17
100
AcDbEntity
  8
POLYLINES
100
AcDbPolyline
 90
5
 70
0
 10
460.94
 20
523.01
 10
461.8
 20
523.15
 10
462.23
 20
522.29
 10
461.08
 20
521.86
 10
460.94
 20
523.01
  0
LWPOLYLINE
  5
251
330
17
100
AcDbEntity
  8
POLYLINES
100
AcDbPolyline
 90
5
 70
0
 10
461.8
 20
523.15
 10
462.52
 20
523.73
 10
463.24
 20
522.86
 10
462.23
 20
522.29
 10
461.8
 20
523.15
  0
LWPOLYLINE
  5
252
330
17
100
AcDbEntity
  8
POLYLINES
100
AcDbPolyline
 90
5
 70
0
 10
461.8
 20
523.15
 10
462.52
 20
523.73
 10
463.24
 20
522.86
 10
462.23
 20
522.29
 10
461.8
 20
523.15
  0
LWPOLYLINE
  5
253
330
17
100
AcDbEntity
  8
POLYLINES
100
AcDbPolyline
 90
5
 70
0
 10
462.52
 20
523.73
 10
463.1
 20
524.45
 10
464.11
 20
523.87
 10
463.24
 20
522.86
 10
462.52
 20
523.73
  0
LWPOLYLINE
  5
254
330
17
100
AcDbEntity
  8
POLYLINES
100
AcDbPolyline
 90
5
 70
0
 10
462.52
 20
523.73
 10
463.1
 20
524.45
 10
464.11
 20
523.87
 10
463.24
 20
522.86
 10
462.52
 20
523.73
  0
LWPOLYLINE
  5
255
330
17
100
AcDbEntity
  8
POLYLINES
100
AcDbPolyline
 90
5
 70
0
 10
463.1
 20
524.45
 10
463.53
 20
525.17
 10
464.54
 20
524.88
 10
464.11
 20
523.87
 10
463.1
 20
524.45
  0
LWPOLYLINE
  5
256
330
17
100
AcDbEntity
  8
POLYLINES
100
AcDbPolyline
 90
5
 70
0
 10
463.1
 20
524.45
 10
463.53
 20
525.17
 10
464.54
 20
524.88
 10
464.11
 20
523.87
 10
463.1
 20
524.45
  0
LWPOLYLINE
  5
257
330
17
100
AcDbEntity
  8
POLYLINES
100
AcDbPolyline
 90
5
 70
0
 10
463.53
 20
525.17
 10
463.67
 20
526.18
 10
464.68
 20
526.18
 10
464.54
 20
524.88
 10
463.53
 20
525.17
  0
LWPOLYLINE
  5
258
330
17
100
AcDbEntity
  8
POLYLINES
100
AcDbPolyline
 90
5
 70
0
 10
463.53
 20
525.17
 10
463.67
 20
526.18
 10
464.68
 20
526.18
 10
464.54
 20
524.88
 10
463.53
 20
525.17
  0
LWPOLYLINE
  5
259
330
17
100
AcDbEntity
  8
POLYLINES
100
AcDbPolyline
 90
5
 70
0
 10
463.67
 20
526.18
 10
463.53
 20
527.04
 10
464.54
 20
527.33
 10
464.68
 20
526.18
 10
463.67
 20
526.18
  0
LWPOLYLINE
  5
25A
330
17
100
AcDbEntity
  8
POLYLINES
100
AcDbPolyline
 90
5
 70
0
 10
463.67
 20
526.18
 10
463.53
 20
527.04
 10
464.54
 20
527.33
 10
464.68
 20
526.18
 10
463.67
 20
526.18
  0
LWPOLYLINE
  5
25B
330
17
100
AcDbEntity
  8
POLYLINES
100
AcDbPolyline
 90
5
 70
0
 10
463.53
 20
527.04
 10
463.1
 20
527.9
 10
464.11
 20
528.48
 10
464.54
 20
527.33
 10
463.53
 20
527.04
  0
LWPOLYLINE
  5
25C
330
17
100
AcDbEntity
  8
POLYLINES
100
AcDbPolyline
 90
5
 70
0
 10
463.53
 20
527.04
 10
463.1
 20
527.9
 10
464.11
 20
528.48
 10
464.54
 20
527.33
 10
463.53
 20
527.04
  0
LWPOLYLINE
  5
25D
330
17
100
AcDbEntity
  8
POLYLINES
100
AcDbPolyline
 90
5
 70
0
 10
463.1
 20
527.9
 10
462.52
 20
528.48
 10
463.24
 20
529.34
 10
464.11
 20
528.48
 10
463.1
 20
527.9
  0
LWPOLYLINE
  5
25E
330
17
100
AcDbEntity
  8
POLYLINES
100
AcDbPolyline
 90
5
 70
0
 10
463.1
 20
527.9
 10
462.52
 20
528.48
 10
463.24
 20
529.34
 10
464.11
 20
528.48
 10
463.1
 20
527.9
  0
LWPOLYLINE
  5
25F
330
17
100
AcDbEntity
  8
POLYLINES
100
AcDbPolyline
 90
5
 70
0
 10
462.52
 20
528.48
 10
461.8
 20
529.06
 10
462.23
 20
529.92
 10
463.24
 20
529.34
 10
462.52
 20
528.48
  0
LWPOLYLINE
  5
260
330
17
100
AcDbEntity
  8
POLYLINES
100
AcDbPolyline
 90
5
 70
0
 10
462.52
 20
528.48
 10
461.8
 20
529.06
 10
462.23
 20
529.92
 10
463.24
 20
529.34
 10
462.52
 20
528.48
  0
LWPOLYLINE
  5
261
330
17
100
AcDbEntity
  8
POLYLINES
100
AcDbPolyline
 90
5
 70
0
 10
461.8
 20
529.06
 10
460.94
 20
529.34
 10
461.08
 20
530.35
 10
462.23
 20
529.92
 10
461.8
 20
529.06
  0
LWPOLYLINE
  5
262
330
17
100
AcDbEntity
  8
POLYLINES
100
AcDbPolyline
 90
5
 70
0
 10
461.8
 20
529.06
 10
460.94
 20
529.34
 10
461.08
 20
530.35
 10
462.23
 20
529.92
 10
461.8
 20
529.06
  0
LWPOLYLINE
  5
263
330
17
100
AcDbEntity
  8
POLYLINES
100
AcDbPolyline
 90
5
 70
0
 10
460.94
 20
529.34
 10
460.07
 20
529.34
 10
459.93
 20
530.35
 10
461.08
 20
530.35
 10
460.94
 20
529.34
  0
LWPOLYLINE
  5
264
330
17
100
AcDbEntity
  8
POLYLINES
100
AcDbPolyline
 90
5
 70
0
 10
460.94
 20
529.34
 10
460.07
 20
529.34
 10
459.93
 20
530.35
 10
461.08
 20
530.35
 10
460.94
 20
529.34
  0
LWPOLYLINE
  5
265
330
17
100
AcDbEntity
  8
POLYLINES
100
AcDbPolyline
 90
5
 70
0
 10
460.07
 20
529.34
 10
459.21
 20
529.06
 10
458.63
 20
529.92
 10
459.93
 20
530.35
 10
460.07
 20
529.34
  0
LWPOLYLINE
  5
266
330
17
100
AcDbEntity
  8
POLYLINES
100
AcDbPolyline
 90
5
 70
0
 10
460.07
 20
529.34
 10
459.21
 20
529.06
 10
458.63
 20
529.92
 10
459.93
 20
530.35
 10
460.07
 20
529.34
  0
LWPOLYLINE
  5
267
330
17
100
AcDbEntity
  8
POLYLINES
100
AcDbPolyline
 90
5
 70
0
 10
459.21
 20
529.06
 10
458.35
 20
528.48
 10
457.63
 20
529.34
 10
458.63
 20
529.92
 10
459.21
 20
529.06
  0
LWPOLYLINE
  5
268
330
17
100
AcDbEntity
  8
POLYLINES
100
AcDbPolyline
 90
5
 70
0
 10
459.21
 20
529.06
 10
458.35
 20
528.48
 10
457.63
 20
529.34
 10
458.63
 20
529.92
 10
459.21
 20
529.06
  0
LWPOLYLINE
  5
269
330
17
100
AcDbEntity
  8
POLYLINES
100
AcDbPolyline
 90
5
 70
0
 10
458.35
 20
528.48
 10
457.77
 20
527.9
 10
456.91
 20
528.48
 10
457.63
 20
529.34
 10
458.35
 20
528.48
  0
LWPOLYLINE
  5
26A
330
17
100
AcDbEntity
  8
POLYLINES
100
AcDbPolyline
 90
5
 70
0
 10
458.35
 20
528.48
 10
457.77
 20
527.9
 10
456.91
 20
528.48
 10
457.63
 20
529.34
 10
458.35
 20
528.48
  0
LWPOLYLINE
  5
26B
330
17
100
AcDbEntity
  8
POLYLINES
100
AcDbPolyline
 90
5
 70
0
 10
457.77
 20
527.9
 10
457.48
 20
527.04
 10
456.33
 20
527.33
 10
456.91
 20
528.48
 10
457.77
 20
527.9
  0
LWPOLYLINE
  5
26C
330
17
100
AcDbEntity
  8
POLYLINES
100
AcDbPolyline
 90
5
 70
0
 10
457.77
 20
527.9
 10
457.48
 20
527.04
 10
456.33
 20
527.33
 10
456.91
 20
528.48
 10
457.77
 20
527.9
  0
LWPOLYLINE
  5
26D
330
17
100
AcDbEntity
  8
POLYLINES
100
AcDbPolyline
 90
5
 70
0
 10
457.48
 20
527.04
 10
457.34
 20
526.18
 10
456.19
 20
526.18
 10
456.33
 20
527.33
 10
457.48
 20
527.04
  0
LWPOLYLINE
  5
26E
330
17
100
AcDbEntity
  8
POLYLINES
100
AcDbPolyline
 90
5
 70
0
 10
457.48
 20
527.04
 10
457.34
 20
526.18
 10
456.19
 20
526.18
 10
456.33
 20
527.33
 10
457.48
 20
527.04
  0
LWPOLYLINE
  5
26F
330
17
100
AcDbEntity
  8
POLYLINES
100
AcDbPolyline
 90
5
 70
0
 10
521.42
 20
679.54
 10
521.56
 20
678.53
 10
520.55
 20
678.24
 10
520.27
 20
679.54
 10
521.42
 20
679.54
  0
LWPOLYLINE
  5
270
330
17
100
AcDbEntity
  8
POLYLINES
100
AcDbPolyline
 90
5
 70
0
 10
521.42
 20
679.54
 10
521.56
 20
678.53
 10
520.55
 20
678.24
 10
520.27
 20
679.54
 10
521.42
 20
679.54
  0
LWPOLYLINE
  5
271
330
17
100
AcDbEntity
  8
POLYLINES
100
AcDbPolyline
 90
5
 70
0
 10
521.56
 20
678.53
 10
521.85
 20
677.81
 10
520.99
 20
677.23
 10
520.55
 20
678.24
 10
521.56
 20
678.53
  0
LWPOLYLINE
  5
272
330
17
100
AcDbEntity
  8
POLYLINES
100
AcDbPolyline
 90
5
 70
0
 10
521.56
 20
678.53
 10
521.85
 20
677.81
 10
520.99
 20
677.23
 10
520.55
 20
678.24
 10
521.56
 20
678.53
  0
LWPOLYLINE
  5
273
330
17
100
AcDbEntity
  8
POLYLINES
100
AcDbPolyline
 90
5
 70
0
 10
521.85
 20
677.81
 10
522.57
 20
677.09
 10
521.85
 20
676.22
 10
520.99
 20
677.23
 10
521.85
 20
677.81
  0
LWPOLYLINE
  5
274
330
17
100
AcDbEntity
  8
POLYLINES
100
AcDbPolyline
 90
5
 70
0
 10
521.85
 20
677.81
 10
522.57
 20
677.09
 10
521.85
 20
676.22
 10
520.99
 20
677.23
 10
521.85
 20
677.81
  0
LWPOLYLINE
  5
275
330
17
100
AcDbEntity
  8
POLYLINES
100
AcDbPolyline
 90
5
 70
0
 10
522.57
 20
677.09
 10
523.29
 20
676.66
 10
522.86
 20
675.65
 10
521.85
 20
676.22
 10
522.57
 20
677.09
  0
LWPOLYLINE
  5
276
330
17
100
AcDbEntity
  8
POLYLINES
100
AcDbPolyline
 90
5
 70
0
 10
522.57
 20
677.09
 10
523.29
 20
676.66
 10
522.86
 20
675.65
 10
521.85
 20
676.22
 10
522.57
 20
677.09
  0
LWPOLYLINE
  5
277
330
17
100
AcDbEntity
  8
POLYLINES
100
AcDbPolyline
 90
5
 70
0
 10
523.29
 20
676.66
 10
524.15
 20
676.37
 10
524.01
 20
675.22
 10
522.86
 20
675.65
 10
523.29
 20
676.66
  0
LWPOLYLINE
  5
278
330
17
100
AcDbEntity
  8
POLYLINES
100
AcDbPolyline
 90
5
 70
0
 10
523.29
 20
676.66
 10
524.15
 20
676.37
 10
524.01
 20
675.22
 10
522.86
 20
675.65
 10
523.29
 20
676.66
  0
LWPOLYLINE
  5
279
330
17
100
AcDbEntity
  8
POLYLINES
100
AcDbPolyline
 90
5
 70
0
 10
524.15
 20
676.37
 10
525.02
 20
676.37
 10
525.16
 20
675.22
 10
524.01
 20
675.22
 10
524.15
 20
676.37
  0
LWPOLYLINE
  5
27A
330
17
100
AcDbEntity
  8
POLYLINES
100
AcDbPolyline
 90
5
 70
0
 10
524.15
 20
676.37
 10
525.02
 20
676.37
 10
525.16
 20
675.22
 10
524.01
 20
675.22
 10
524.15
 20
676.37
  0
LWPOLYLINE
  5
27B
330
17
100
AcDbEntity
  8
POLYLINES
100
AcDbPolyline
 90
5
 70
0
 10
525.02
 20
676.37
 10
525.88
 20
676.66
 10
526.31
 20
675.65
 10
525.16
 20
675.22
 10
525.02
 20
676.37
  0
LWPOLYLINE
  5
27C
330
17
100
AcDbEntity
  8
POLYLINES
100
AcDbPolyline
 90
5
 70
0
 10
525.02
 20
676.37
 10
525.88
 20
676.66
 10
526.31
 20
675.65
 10
525.16
 20
675.22
 10
525.02
 20
676.37
  0
LWPOLYLINE
  5
27D
330
17
100
AcDbEntity
  8
POLYLINES
100
AcDbPolyline
 90
5
 70
0
 10
525.88
 20
676.66
 10
526.75
 20
677.09
 10
527.32
 20
676.22
 10
526.31
 20
675.65
 10
525.88
 20
676.66
  0
LWPOLYLINE
  5
27E
330
17
100
AcDbEntity
  8
POLYLINES
100
AcDbPolyline
 90
5
 70
0
 10
525.88
 20
676.66
 10
526.75
 20
677.09
 10
527.32
 20
676.22
 10
526.31
 20
675.65
 10
525.88
 20
676.66
  0
LWPOLYLINE
  5
27F
330
17
100
AcDbEntity
  8
POLYLINES
100
AcDbPolyline
 90
5
 70
0
 10
526.75
 20
677.09
 10
527.32
 20
677.81
 10
528.19
 20
677.23
 10
527.32
 20
676.22
 10
526.75
 20
677.09
  0
LWPOLYLINE
  5
280
330
17
100
AcDbEntity
  8
POLYLINES
100
AcDbPolyline
 90
5
 70
0
 10
526.75
 20
677.09
 10
527.32
 20
677.81
 10
528.19
 20
677.23
 10
527.32
 20
676.22
 10
526.75
 20
677.09
  0
LWPOLYLINE
  5
281
330
17
100
AcDbEntity
  8
POLYLINES
100
AcDbPolyline
 90
5
 70
0
 10
527.32
 20
677.81
 10
527.61
 20
678.53
 10
528.62
 20
678.24
 10
528.19
 20
677.23
 10
527.32
 20
677.81
  0
LWPOLYLINE
  5
282
330
17
100
AcDbEntity
  8
POLYLINES
100
AcDbPolyline
 90
5
 70
0
 10
527.32
 20
677.81
 10
527.61
 20
678.53
 10
528.62
 20
678.24
 10
528.19
 20
677.23
 10
527.32
 20
677.81
  0
LWPOLYLINE
  5
283
330
17
100
AcDbEntity
  8
POLYLINES
100
AcDbPolyline
 90
5
 70
0
 10
527.61
 20
678.53
 10
527.75
 20
679.54
 10
528.91
 20
679.54
 10
528.62
 20
678.24
 10
527.61
 20
678.53
  0
LWPOLYLINE
  5
284
330
17
100
AcDbEntity
  8
POLYLINES
100
AcDbPolyline
 90
5
 70
0
 10
527.61
 20
678.53
 10
527.75
 20
679.54
 10
528.91
 20
679.54
 10
528.62
 20
678.24
 10
527.61
 20
678.53
  0
LWPOLYLINE
  5
285
330
17
100
AcDbEntity
  8
POLYLINES
100
AcDbPolyline
 90
5
 70
0
 10
527.75
 20
679.54
 10
527.61
 20
680.4
 10
528.62
 20
680.69
 10
528.91
 20
679.54
 10
527.75
 20
679.54
  0
LWPOLYLINE
  5
286
330
17
100
AcDbEntity
  8
POLYLINES
100
AcDbPolyline
 90
5
 70
0
 10
527.75
 20
679.54
 10
527.61
 20
680.4
 10
528.62
 20
680.69
 10
528.91
 20
679.54
 10
527.75
 20
679.54
  0
LWPOLYLINE
  5
287
330
17
100
AcDbEntity
  8
POLYLINES
100
AcDbPolyline
 90
5
 70
0
 10
527.61
 20
680.4
 10
527.32
 20
681.26
 10
528.19
 20
681.84
 10
528.62
 20
680.69
 10
527.61
 20
680.4
  0
LWPOLYLINE
  5
288
330
17
100
AcDbEntity
  8
POLYLINES
100
AcDbPolyline
 90
5
 70
0
 10
527.61
 20
680.4
 10
527.32
 20
681.26
 10
528.19
 20
681.84
 10
528.62
 20
680.69
 10
527.61
 20
680.4
  0
LWPOLYLINE
  5
289
330
17
100
AcDbEntity
  8
POLYLINES
100
AcDbPolyline
 90
5
 70
0
 10
527.32
 20
681.26
 10
526.75
 20
681.84
 10
527.32
 20
682.7
 10
528.19
 20
681.84
 10
527.32
 20
681.26
  0
LWPOLYLINE
  5
28A
330
17
100
AcDbEntity
  8
POLYLINES
100
AcDbPolyline
 90
5
 70
0
 10
527.32
 20
681.26
 10
526.75
 20
681.84
 10
527.32
 20
682.7
 10
528.19
 20
681.84
 10
527.32
 20
681.26
  0
LWPOLYLINE
  5
28B
330
17
100
AcDbEntity
  8
POLYLINES
100
AcDbPolyline
 90
5
 70
0
 10
526.75
 20
681.84
 10
525.88
 20
682.42
 10
526.31
 20
683.42
 10
527.32
 20
682.7
 10
526.75
 20
681.84
  0
LWPOLYLINE
  5
28C
330
17
100
AcDbEntity
  8
POLYLINES
100
AcDbPolyline
 90
5
 70
0
 10
526.75
 20
681.84
 10
525.88
 20
682.42
 10
526.31
 20
683.42
 10
527.32
 20
682.7
 10
526.75
 20
681.84
  0
LWPOLYLINE
  5
28D
330
17
100
AcDbEntity
  8
POLYLINES
100
AcDbPolyline
 90
5
 70
0
 10
525.88
 20
682.42
 10
525.02
 20
682.7
 10
525.16
 20
683.71
 10
526.31
 20
683.42
 10
525.88
 20
682.42
  0
LWPOLYLINE
  5
28E
330
17
100
AcDbEntity
  8
POLYLINES
100
AcDbPolyline
 90
5
 70
0
 10
525.88
 20
682.42
 10
525.02
 20
682.7
 10
525.16
 20
683.71
 10
526.31
 20
683.42
 10
525.88
 20
682.42
  0
LWPOLYLINE
  5
28F
330
17
100
AcDbEntity
  8
POLYLINES
100
AcDbPolyline
 90
5
 70
0
 10
525.02
 20
682.7
 10
524.15
 20
682.7
 10
524.01
 20
683.71
 10
525.16
 20
683.71
 10
525.02
 20
682.7
  0
LWPOLYLINE
  5
290
330
17
100
AcDbEntity
  8
POLYLINES
100
AcDbPolyline
 90
5
 70
0
 10
525.02
 20
682.7
 10
524.15
 20
682.7
 10
524.01
 20
683.71
 10
525.16
 20
683.71
 10
525.02
 20
682.7
  0
LWPOLYLINE
  5
291
330
17
100
AcDbEntity
  8
POLYLINES
100
AcDbPolyline
 90
5
 70
0
 10
524.15
 20
682.7
 10
523.29
 20
682.42
 10
522.86
 20
683.42
 10
524.01
 20
683.71
 10
524.15
 20
682.7
  0
LWPOLYLINE
  5
292
330
17
100
AcDbEntity
  8
POLYLINES
100
AcDbPolyline
 90
5
 70
0
 10
524.15
 20
682.7
 10
523.29
 20
682.42
 10
522.86
 20
683.42
 10
524.01
 20
683.71
 10
524.15
 20
682.7
  0
LWPOLYLINE
  5
293
330
17
100
AcDbEntity
  8
POLYLINES
100
AcDbPolyline
 90
5
 70
0
 10
523.29
 20
682.42
 10
522.57
 20
681.84
 10
521.85
 20
682.7
 10
522.86
 20
683.42
 10
523.29
 20
682.42
  0
LWPOLYLINE
  5
294
330
17
100
AcDbEntity
  8
POLYLINES
100
AcDbPolyline
 90
5
 70
0
 10
523.29
 20
682.42
 10
522.57
 20
681.84
 10
521.85
 20
682.7
 10
522.86
 20
683.42
 10
523.29
 20
682.42
  0
LWPOLYLINE
  5
295
330
17
100
AcDbEntity
  8
POLYLINES
100
AcDbPolyline
 90
5
 70
0
 10
522.57
 20
681.84
 10
521.85
 20
681.26
 10
520.99
 20
681.84
 10
521.85
 20
682.7
 10
522.57
 20
681.84
  0
LWPOLYLINE
  5
296
330
17
100
AcDbEntity
  8
POLYLINES
100
AcDbPolyline
 90
5
 70
0
 10
522.57
 20
681.84
 10
521.85
 20
681.26
 10
520.99
 20
681.84
 10
521.85
 20
682.7
 10
522.57
 20
681.84
  0
LWPOLYLINE
  5
297
330
17
100
AcDbEntity
  8
POLYLINES
100
AcDbPolyline
 90
5
 70
0
 10
521.85
 20
681.26
 10
521.56
 20
680.4
 10
520.55
 20
680.69
 10
520.99
 20
681.84
 10
521.85
 20
681.26
  0
LWPOLYLINE
  5
298
330
17
100
AcDbEntity
  8
POLYLINES
100
AcDbPolyline
 90
5
 70
0
 10
521.85
 20
681.26
 10
521.56
 20
680.4
 10
520.55
 20
680.69
 10
520.99
 20
681.84
 10
521.85
 20
681.26
  0
LWPOLYLINE
  5
299
330
17
100
AcDbEntity
  8
POLYLINES
100
AcDbPolyline
 90
5
 70
0
 10
521.56
 20
680.4
 10
521.42
 20
679.54
 10
520.27
 20
679.54
 10
520.55
 20
680.69
 10
521.56
 20
680.4
  0
LWPOLYLINE
  5
29A
330
17
100
AcDbEntity
  8
POLYLINES
100
AcDbPolyline
 90
5
 70
0
 10
521.56
 20
680.4
 10
521.42
 20
679.54
 10
520.27
 20
679.54
 10
520.55
 20
680.69
 10
521.56
 20
680.4
  0
LWPOLYLINE
  5
29B
330
17
100
AcDbEntity
  8
POLYLINES
100
AcDbPolyline
 90
5
 70
0
 10
438.76
 20
668.74
 10
438.91
 20
667.87
 10
437.9
 20
667.58
 10
437.75
 20
668.74
 10
438.76
 20
668.74
  0
LWPOLYLINE
  5
29C
330
17
100
AcDbEntity
  8
POLYLINES
100
AcDbPolyline
 90
5
 70
0
 10
438.76
 20
668.74
 10
438.91
 20
667.87
 10
437.9
 20
667.58
 10
437.75
 20
668.74
 10
438.76
 20
668.74
  0
LWPOLYLINE
  5
29D
330
17
100
AcDbEntity
  8
POLYLINES
100
AcDbPolyline
 90
5
 70
0
 10
438.91
 20
667.87
 10
439.34
 20
667.01
 10
438.47
 20
666.43
 10
437.9
 20
667.58
 10
438.91
 20
667.87
  0
LWPOLYLINE
  5
29E
330
17
100
AcDbEntity
  8
POLYLINES
100
AcDbPolyline
 90
5
 70
0
 10
438.91
 20
667.87
 10
439.34
 20
667.01
 10
438.47
 20
666.43
 10
437.9
 20
667.58
 10
438.91
 20
667.87
  0
LWPOLYLINE
  5
29F
330
17
100
AcDbEntity
  8
POLYLINES
100
AcDbPolyline
 90
5
 70
0
 10
439.34
 20
667.01
 10
439.91
 20
666.29
 10
439.19
 20
665.57
 10
438.47
 20
666.43
 10
439.34
 20
667.01
  0
LWPOLYLINE
  5
2A0
330
17
100
AcDbEntity
  8
POLYLINES
100
AcDbPolyline
 90
5
 70
0
 10
439.34
 20
667.01
 10
439.91
 20
666.29
 10
439.19
 20
665.57
 10
438.47
 20
666.43
 10
439.34
 20
667.01
  0
LWPOLYLINE
  5
2A1
330
17
100
AcDbEntity
  8
POLYLINES
100
AcDbPolyline
 90
5
 70
0
 10
439.91
 20
666.29
 10
440.63
 20
665.86
 10
440.2
 20
664.85
 10
439.19
 20
665.57
 10
439.91
 20
666.29
  0
LWPOLYLINE
  5
2A2
330
17
100
AcDbEntity
  8
POLYLINES
100
AcDbPolyline
 90
5
 70
0
 10
439.91
 20
666.29
 10
440.63
 20
665.86
 10
440.2
 20
664.85
 10
439.19
 20
665.57
 10
439.91
 20
666.29
  0
LWPOLYLINE
  5
2A3
330
17
100
AcDbEntity
  8
POLYLINES
100
AcDbPolyline
 90
5
 70
0
 10
440.63
 20
665.86
 10
441.5
 20
665.57
 10
441.35
 20
664.56
 10
440.2
 20
664.85
 10
440.63
 20
665.86
  0
LWPOLYLINE
  5
2A4
330
17
100
AcDbEntity
  8
POLYLINES
100
AcDbPolyline
 90
5
 70
0
 10
440.63
 20
665.86
 10
441.5
 20
665.57
 10
441.35
 20
664.56
 10
440.2
 20
664.85
 10
440.63
 20
665.86
  0
LWPOLYLINE
  5
2A5
330
17
100
AcDbEntity
  8
POLYLINES
100
AcDbPolyline
 90
5
 70
0
 10
441.5
 20
665.57
 10
442.51
 20
665.57
 10
442.65
 20
664.56
 10
441.35
 20
664.56
 10
441.5
 20
665.57
  0
LWPOLYLINE
  5
2A6
330
17
100
AcDbEntity
  8
POLYLINES
100
AcDbPolyline
 90
5
 70
0
 10
441.5
 20
665.57
 10
442.51
 20
665.57
 10
442.65
 20
664.56
 10
441.35
 20
664.56
 10
441.5
 20
665.57
  0
LWPOLYLINE
  5
2A7
330
17
100
AcDbEntity
  8
POLYLINES
100
AcDbPolyline
 90
5
 70
0
 10
442.51
 20
665.57
 10
443.37
 20
665.86
 10
443.8
 20
664.85
 10
442.65
 20
664.56
 10
442.51
 20
665.57
  0
LWPOLYLINE
  5
2A8
330
17
100
AcDbEntity
  8
POLYLINES
100
AcDbPolyline
 90
5
 70
0
 10
442.51
 20
665.57
 10
443.37
 20
665.86
 10
443.8
 20
664.85
 10
442.65
 20
664.56
 10
442.51
 20
665.57
  0
LWPOLYLINE
  5
2A9
330
17
100
AcDbEntity
  8
POLYLINES
100
AcDbPolyline
 90
5
 70
0
 10
443.37
 20
665.86
 10
444.09
 20
666.29
 10
444.81
 20
665.57
 10
443.8
 20
664.85
 10
443.37
 20
665.86
  0
LWPOLYLINE
  5
2AA
330
17
100
AcDbEntity
  8
POLYLINES
100
AcDbPolyline
 90
5
 70
0
 10
443.37
 20
665.86
 10
444.09
 20
666.29
 10
444.81
 20
665.57
 10
443.8
 20
664.85
 10
443.37
 20
665.86
  0
LWPOLYLINE
  5
2AB
330
17
100
AcDbEntity
  8
POLYLINES
100
AcDbPolyline
 90
5
 70
0
 10
444.09
 20
666.29
 10
444.67
 20
667.01
 10
445.53
 20
666.43
 10
444.81
 20
665.57
 10
444.09
 20
666.29
  0
LWPOLYLINE
  5
2AC
330
17
100
AcDbEntity
  8
POLYLINES
100
AcDbPolyline
 90
5
 70
0
 10
444.09
 20
666.29
 10
444.67
 20
667.01
 10
445.53
 20
666.43
 10
444.81
 20
665.57
 10
444.09
 20
666.29
  0
LWPOLYLINE
  5
2AD
330
17
100
AcDbEntity
  8
POLYLINES
100
AcDbPolyline
 90
5
 70
0
 10
444.67
 20
667.01
 10
445.1
 20
667.87
 10
446.11
 20
667.58
 10
445.53
 20
666.43
 10
444.67
 20
667.01
  0
LWPOLYLINE
  5
2AE
330
17
100
AcDbEntity
  8
POLYLINES
100
AcDbPolyline
 90
5
 70
0
 10
444.67
 20
667.01
 10
445.1
 20
667.87
 10
446.11
 20
667.58
 10
445.53
 20
666.43
 10
444.67
 20
667.01
  0
LWPOLYLINE
  5
2AF
330
17
100
AcDbEntity
  8
POLYLINES
100
AcDbPolyline
 90
5
 70
0
 10
445.1
 20
667.87
 10
445.24
 20
668.74
 10
446.25
 20
668.74
 10
446.11
 20
667.58
 10
445.1
 20
667.87
  0
LWPOLYLINE
  5
2B0
330
17
100
AcDbEntity
  8
POLYLINES
100
AcDbPolyline
 90
5
 70
0
 10
445.1
 20
667.87
 10
445.24
 20
668.74
 10
446.25
 20
668.74
 10
446.11
 20
667.58
 10
445.1
 20
667.87
  0
LWPOLYLINE
  5
2B1
330
17
100
AcDbEntity
  8
POLYLINES
100
AcDbPolyline
 90
5
 70
0
 10
445.24
 20
668.74
 10
445.1
 20
669.6
 10
446.11
 20
669.89
 10
446.25
 20
668.74
 10
445.24
 20
668.74
  0
LWPOLYLINE
  5
2B2
330
17
100
AcDbEntity
  8
POLYLINES
100
AcDbPolyline
 90
5
 70
0
 10
445.24
 20
668.74
 10
445.1
 20
669.6
 10
446.11
 20
669.89
 10
446.25
 20
668.74
 10
445.24
 20
668.74
  0
LWPOLYLINE
  5
2B3
330
17
100
AcDbEntity
  8
POLYLINES
100
AcDbPolyline
 90
5
 70
0
 10
445.1
 20
669.6
 10
444.67
 20
670.46
 10
445.53
 20
671.04
 10
446.11
 20
669.89
 10
445.1
 20
669.6
  0
LWPOLYLINE
  5
2B4
330
17
100
AcDbEntity
  8
POLYLINES
100
AcDbPolyline
 90
5
 70
0
 10
445.1
 20
669.6
 10
444.67
 20
670.46
 10
445.53
 20
671.04
 10
446.11
 20
669.89
 10
445.1
 20
669.6
  0
LWPOLYLINE
  5
2B5
330
17
100
AcDbEntity
  8
POLYLINES
100
AcDbPolyline
 90
5
 70
0
 10
444.67
 20
670.46
 10
444.09
 20
671.18
 10
444.81
 20
671.9
 10
445.53
 20
671.04
 10
444.67
 20
670.46
  0
LWPOLYLINE
  5
2B6
330
17
100
AcDbEntity
  8
POLYLINES
100
AcDbPolyline
 90
5
 70
0
 10
444.67
 20
670.46
 10
444.09
 20
671.18
 10
444.81
 20
671.9
 10
445.53
 20
671.04
 10
444.67
 20
670.46
  0
LWPOLYLINE
  5
2B7
330
17
100
AcDbEntity
  8
POLYLINES
100
AcDbPolyline
 90
5
 70
0
 10
444.09
 20
671.18
 10
443.37
 20
671.62
 10
443.8
 20
672.62
 10
444.81
 20
671.9
 10
444.09
 20
671.18
  0
LWPOLYLINE
  5
2B8
330
17
100
AcDbEntity
  8
POLYLINES
100
AcDbPolyline
 90
5
 70
0
 10
444.09
 20
671.18
 10
443.37
 20
671.62
 10
443.8
 20
672.62
 10
444.81
 20
671.9
 10
444.09
 20
671.18
  0
LWPOLYLINE
  5
2B9
330
17
100
AcDbEntity
  8
POLYLINES
100
AcDbPolyline
 90
5
 70
0
 10
443.37
 20
671.62
 10
442.51
 20
671.9
 10
442.65
 20
672.91
 10
443.8
 20
672.62
 10
443.37
 20
671.62
  0
LWPOLYLINE
  5
2BA
330
17
100
AcDbEntity
  8
POLYLINES
100
AcDbPolyline
 90
5
 70
0
 10
443.37
 20
671.62
 10
442.51
 20
671.9
 10
442.65
 20
672.91
 10
443.8
 20
672.62
 10
443.37
 20
671.62
  0
LWPOLYLINE
  5
2BB
330
17
100
AcDbEntity
  8
POLYLINES
100
AcDbPolyline
 90
5
 70
0
 10
442.51
 20
671.9
 10
441.5
 20
671.9
 10
441.35
 20
672.91
 10
442.65
 20
672.91
 10
442.51
 20
671.9
  0
LWPOLYLINE
  5
2BC
330
17
100
AcDbEntity
  8
POLYLINES
100
AcDbPolyline
 90
5
 70
0
 10
442.51
 20
671.9
 10
441.5
 20
671.9
 10
441.35
 20
672.91
 10
442.65
 20
672.91
 10
442.51
 20
671.9
  0
LWPOLYLINE
  5
2BD
330
17
100
AcDbEntity
  8
POLYLINES
100
AcDbPolyline
 90
5
 70
0
 10
441.5
 20
671.9
 10
440.63
 20
671.62
 10
440.2
 20
672.62
 10
441.35
 20
672.91
 10
441.5
 20
671.9
  0
LWPOLYLINE
  5
2BE
330
17
100
AcDbEntity
  8
POLYLINES
100
AcDbPolyline
 90
5
 70
0
 10
441.5
 20
671.9
 10
440.63
 20
671.62
 10
440.2
 20
672.62
 10
441.35
 20
672.91
 10
441.5
 20
671.9
  0
LWPOLYLINE
  5
2BF
330
17
100
AcDbEntity
  8
POLYLINES
100
AcDbPolyline
 90
5
 70
0
 10
440.63
 20
671.62
 10
439.91
 20
671.18
 10
439.19
 20
671.9
 10
440.2
 20
672.62
 10
440.63
 20
671.62
  0
LWPOLYLINE
  5
2C0
330
17
100
AcDbEntity
  8
POLYLINES
100
AcDbPolyline
 90
5
 70
0
 10
440.63
 20
671.62
 10
439.91
 20
671.18
 10
439.19
 20
671.9
 10
440.2
 20
672.62
 10
440.63
 20
671.62
  0
LWPOLYLINE
  5
2C1
330
17
100
AcDbEntity
  8
POLYLINES
100
AcDbPolyline
 90
5
 70
0
 10
439.91
 20
671.18
 10
439.34
 20
670.46
 10
438.47
 20
671.04
 10
439.19
 20
671.9
 10
439.91
 20
671.18
  0
LWPOLYLINE
  5
2C2
330
17
100
AcDbEntity
  8
POLYLINES
100
AcDbPolyline
 90
5
 70
0
 10
439.91
 20
671.18
 10
439.34
 20
670.46
 10
438.47
 20
671.04
 10
439.19
 20
671.9
 10
439.91
 20
671.18
  0
LWPOLYLINE
  5
2C3
330
17
100
AcDbEntity
  8
POLYLINES
100
AcDbPolyline
 90
5
 70
0
 10
439.34
 20
670.46
 10
438.91
 20
669.6
 10
437.9
 20
669.89
 10
438.47
 20
671.04
 10
439.34
 20
670.46
  0
LWPOLYLINE
  5
2C4
330
17
100
AcDbEntity
  8
POLYLINES
100
AcDbPolyline
 90
5
 70
0
 10
439.34
 20
670.46
 10
438.91
 20
669.6
 10
437.9
 20
669.89
 10
438.47
 20
671.04
 10
439.34
 20
670.46
  0
LWPOLYLINE
  5
2C5
330
17
100
AcDbEntity
  8
POLYLINES
100
AcDbPolyline
 90
5
 70
0
 10
438.91
 20
669.6
 10
438.76
 20
668.74
 10
437.75
 20
668.74
 10
437.9
 20
669.89
 10
438.91
 20
669.6
  0
LWPOLYLINE
  5
2C6
330
17
100
AcDbEntity
  8
POLYLINES
100
AcDbPolyline
 90
5
 70
0
 10
438.91
 20
669.6
 10
438.76
 20
668.74
 10
437.75
 20
668.74
 10
437.9
 20
669.89
 10
438.91
 20
669.6
  0
LWPOLYLINE
  5
2C7
330
17
100
AcDbEntity
  8
POLYLINES
100
AcDbPolyline
 90
5
 70
0
 10
887.47
 20
428.4
 10
887.61
 20
427.54
 10
886.6
 20
427.25
 10
886.46
 20
428.4
 10
887.47
 20
428.4
  0
LWPOLYLINE
  5
2C8
330
17
100
AcDbEntity
  8
POLYLINES
100
AcDbPolyline
 90
5
 70
0
 10
887.47
 20
428.4
 10
887.61
 20
427.54
 10
886.6
 20
427.25
 10
886.46
 20
428.4
 10
887.47
 20
428.4
  0
LWPOLYLINE
  5
2C9
330
17
100
AcDbEntity
  8
POLYLINES
100
AcDbPolyline
 90
5
 70
0
 10
887.61
 20
427.54
 10
888.04
 20
426.82
 10
887.03
 20
426.24
 10
886.6
 20
427.25
 10
887.61
 20
427.54
  0
LWPOLYLINE
  5
2CA
330
17
100
AcDbEntity
  8
POLYLINES
100
AcDbPolyline
 90
5
 70
0
 10
887.61
 20
427.54
 10
888.04
 20
426.82
 10
887.03
 20
426.24
 10
886.6
 20
427.25
 10
887.61
 20
427.54
  0
LWPOLYLINE
  5
2CB
330
17
100
AcDbEntity
  8
POLYLINES
100
AcDbPolyline
 90
5
 70
0
 10
888.04
 20
426.82
 10
888.62
 20
426.1
 10
887.9
 20
425.23
 10
887.03
 20
426.24
 10
888.04
 20
426.82
  0
LWPOLYLINE
  5
2CC
330
17
100
AcDbEntity
  8
POLYLINES
100
AcDbPolyline
 90
5
 70
0
 10
888.04
 20
426.82
 10
888.62
 20
426.1
 10
887.9
 20
425.23
 10
887.03
 20
426.24
 10
888.04
 20
426.82
  0
LWPOLYLINE
  5
2CD
330
17
100
AcDbEntity
  8
POLYLINES
100
AcDbPolyline
 90
5
 70
0
 10
888.62
 20
426.1
 10
889.34
 20
425.52
 10
888.91
 20
424.66
 10
887.9
 20
425.23
 10
888.62
 20
426.1
  0
LWPOLYLINE
  5
2CE
330
17
100
AcDbEntity
  8
POLYLINES
100
AcDbPolyline
 90
5
 70
0
 10
888.62
 20
426.1
 10
889.34
 20
425.52
 10
888.91
 20
424.66
 10
887.9
 20
425.23
 10
888.62
 20
426.1
  0
LWPOLYLINE
  5
2CF
330
17
100
AcDbEntity
  8
POLYLINES
100
AcDbPolyline
 90
5
 70
0
 10
889.34
 20
425.52
 10
890.2
 20
425.38
 10
890.06
 20
424.22
 10
888.91
 20
424.66
 10
889.34
 20
425.52
  0
LWPOLYLINE
  5
2D0
330
17
100
AcDbEntity
  8
POLYLINES
100
AcDbPolyline
 90
5
 70
0
 10
889.34
 20
425.52
 10
890.2
 20
425.38
 10
890.06
 20
424.22
 10
888.91
 20
424.66
 10
889.34
 20
425.52
  0
LWPOLYLINE
  5
2D1
330
17
100
AcDbEntity
  8
POLYLINES
100
AcDbPolyline
 90
5
 70
0
 10
890.2
 20
425.38
 10
891.07
 20
425.38
 10
891.21
 20
424.22
 10
890.06
 20
424.22
 10
890.2
 20
425.38
  0
LWPOLYLINE
  5
2D2
330
17
100
AcDbEntity
  8
POLYLINES
100
AcDbPolyline
 90
5
 70
0
 10
890.2
 20
425.38
 10
891.07
 20
425.38
 10
891.21
 20
424.22
 10
890.06
 20
424.22
 10
890.2
 20
425.38
  0
LWPOLYLINE
  5
2D3
330
17
100
AcDbEntity
  8
POLYLINES
100
AcDbPolyline
 90
5
 70
0
 10
891.07
 20
425.38
 10
891.93
 20
425.52
 10
892.51
 20
424.66
 10
891.21
 20
424.22
 10
891.07
 20
425.38
  0
LWPOLYLINE
  5
2D4
330
17
100
AcDbEntity
  8
POLYLINES
100
AcDbPolyline
 90
5
 70
0
 10
891.07
 20
425.38
 10
891.93
 20
425.52
 10
892.51
 20
424.66
 10
891.21
 20
424.22
 10
891.07
 20
425.38
  0
LWPOLYLINE
  5
2D5
330
17
100
AcDbEntity
  8
POLYLINES
100
AcDbPolyline
 90
5
 70
0
 10
891.93
 20
425.52
 10
892.79
 20
426.1
 10
893.51
 20
425.23
 10
892.51
 20
424.66
 10
891.93
 20
425.52
  0
LWPOLYLINE
  5
2D6
330
17
100
AcDbEntity
  8
POLYLINES
100
AcDbPolyline
 90
5
 70
0
 10
891.93
 20
425.52
 10
892.79
 20
426.1
 10
893.51
 20
425.23
 10
892.51
 20
424.66
 10
891.93
 20
425.52
  0
LWPOLYLINE
  5
2D7
330
17
100
AcDbEntity
  8
POLYLINES
100
AcDbPolyline
 90
5
 70
0
 10
892.79
 20
426.1
 10
893.37
 20
426.82
 10
894.23
 20
426.24
 10
893.51
 20
425.23
 10
892.79
 20
426.1
  0
LWPOLYLINE
  5
2D8
330
17
100
AcDbEntity
  8
POLYLINES
100
AcDbPolyline
 90
5
 70
0
 10
892.79
 20
426.1
 10
893.37
 20
426.82
 10
894.23
 20
426.24
 10
893.51
 20
425.23
 10
892.79
 20
426.1
  0
LWPOLYLINE
  5
2D9
330
17
100
AcDbEntity
  8
POLYLINES
100
AcDbPolyline
 90
5
 70
0
 10
893.37
 20
426.82
 10
893.66
 20
427.54
 10
894.81
 20
427.25
 10
894.23
 20
426.24
 10
893.37
 20
426.82
  0
LWPOLYLINE
  5
2DA
330
17
100
AcDbEntity
  8
POLYLINES
100
AcDbPolyline
 90
5
 70
0
 10
893.37
 20
426.82
 10
893.66
 20
427.54
 10
894.81
 20
427.25
 10
894.23
 20
426.24
 10
893.37
 20
426.82
  0
LWPOLYLINE
  5
2DB
330
17
100
AcDbEntity
  8
POLYLINES
100
AcDbPolyline
 90
5
 70
0
 10
893.66
 20
427.54
 10
893.8
 20
428.4
 10
894.95
 20
428.4
 10
894.81
 20
427.25
 10
893.66
 20
427.54
  0
LWPOLYLINE
  5
2DC
330
17
100
AcDbEntity
  8
POLYLINES
100
AcDbPolyline
 90
5
 70
0
 10
893.66
 20
427.54
 10
893.8
 20
428.4
 10
894.95
 20
428.4
 10
894.81
 20
427.25
 10
893.66
 20
427.54
  0
LWPOLYLINE
  5
2DD
330
17
100
AcDbEntity
  8
POLYLINES
100
AcDbPolyline
 90
5
 70
0
 10
893.8
 20
428.4
 10
893.66
 20
429.41
 10
894.81
 20
429.7
 10
894.95
 20
428.4
 10
893.8
 20
428.4
  0
LWPOLYLINE
  5
2DE
330
17
100
AcDbEntity
  8
POLYLINES
100
AcDbPolyline
 90
5
 70
0
 10
893.8
 20
428.4
 10
893.66
 20
429.41
 10
894.81
 20
429.7
 10
894.95
 20
428.4
 10
893.8
 20
428.4
  0
LWPOLYLINE
  5
2DF
330
17
100
AcDbEntity
  8
POLYLINES
100
AcDbPolyline
 90
5
 70
0
 10
893.66
 20
429.41
 10
893.37
 20
430.13
 10
894.23
 20
430.7
 10
894.81
 20
429.7
 10
893.66
 20
429.41
  0
LWPOLYLINE
  5
2E0
330
17
100
AcDbEntity
  8
POLYLINES
100
AcDbPolyline
 90
5
 70
0
 10
893.66
 20
429.41
 10
893.37
 20
430.13
 10
894.23
 20
430.7
 10
894.81
 20
429.7
 10
893.66
 20
429.41
  0
LWPOLYLINE
  5
2E1
330
17
100
AcDbEntity
  8
POLYLINES
100
AcDbPolyline
 90
5
 70
0
 10
893.37
 20
430.13
 10
892.79
 20
430.85
 10
893.51
 20
431.71
 10
894.23
 20
430.7
 10
893.37
 20
430.13
  0
LWPOLYLINE
  5
2E2
330
17
100
AcDbEntity
  8
POLYLINES
100
AcDbPolyline
 90
5
 70
0
 10
893.37
 20
430.13
 10
892.79
 20
430.85
 10
893.51
 20
431.71
 10
894.23
 20
430.7
 10
893.37
 20
430.13
  0
LWPOLYLINE
  5
2E3
330
17
100
AcDbEntity
  8
POLYLINES
100
AcDbPolyline
 90
5
 70
0
 10
892.79
 20
430.85
 10
891.93
 20
431.42
 10
892.51
 20
432.29
 10
893.51
 20
431.71
 10
892.79
 20
430.85
  0
LWPOLYLINE
  5
2E4
330
17
100
AcDbEntity
  8
POLYLINES
100
AcDbPolyline
 90
5
 70
0
 10
892.79
 20
430.85
 10
891.93
 20
431.42
 10
892.51
 20
432.29
 10
893.51
 20
431.71
 10
892.79
 20
430.85
  0
LWPOLYLINE
  5
2E5
330
17
100
AcDbEntity
  8
POLYLINES
100
AcDbPolyline
 90
5
 70
0
 10
891.93
 20
431.42
 10
891.07
 20
431.57
 10
891.21
 20
432.72
 10
892.51
 20
432.29
 10
891.93
 20
431.42
  0
LWPOLYLINE
  5
2E6
330
17
100
AcDbEntity
  8
POLYLINES
100
AcDbPolyline
 90
5
 70
0
 10
891.93
 20
431.42
 10
891.07
 20
431.57
 10
891.21
 20
432.72
 10
892.51
 20
432.29
 10
891.93
 20
431.42
  0
LWPOLYLINE
  5
2E7
330
17
100
AcDbEntity
  8
POLYLINES
100
AcDbPolyline
 90
5
 70
0
 10
891.07
 20
431.57
 10
890.2
 20
431.57
 10
890.06
 20
432.72
 10
891.21
 20
432.72
 10
891.07
 20
431.57
  0
LWPOLYLINE
  5
2E8
330
17
100
AcDbEntity
  8
POLYLINES
100
AcDbPolyline
 90
5
 70
0
 10
891.07
 20
431.57
 10
890.2
 20
431.57
 10
890.06
 20
432.72
 10
891.21
 20
432.72
 10
891.07
 20
431.57
  0
LWPOLYLINE
  5
2E9
330
17
100
AcDbEntity
  8
POLYLINES
100
AcDbPolyline
 90
5
 70
0
 10
890.2
 20
431.57
 10
889.34
 20
431.42
 10
888.91
 20
432.29
 10
890.06
 20
432.72
 10
890.2
 20
431.57
  0
LWPOLYLINE
  5
2EA
330
17
100
AcDbEntity
  8
POLYLINES
100
AcDbPolyline
 90
5
 70
0
 10
890.2
 20
431.57
 10
889.34
 20
431.42
 10
888.91
 20
432.29
 10
890.06
 20
432.72
 10
890.2
 20
431.57
  0
LWPOLYLINE
  5
2EB
330
17
100
AcDbEntity
  8
POLYLINES
100
AcDbPolyline
 90
5
 70
0
 10
889.34
 20
431.42
 10
888.62
 20
430.85
 10
887.9
 20
431.71
 10
888.91
 20
432.29
 10
889.34
 20
431.42
  0
LWPOLYLINE
  5
2EC
330
17
100
AcDbEntity
  8
POLYLINES
100
AcDbPolyline
 90
5
 70
0
 10
889.34
 20
431.42
 10
888.62
 20
430.85
 10
887.9
 20
431.71
 10
888.91
 20
432.29
 10
889.34
 20
431.42
  0
LWPOLYLINE
  5
2ED
330
17
100
AcDbEntity
  8
POLYLINES
100
AcDbPolyline
 90
5
 70
0
 10
888.62
 20
430.85
 10
888.04
 20
430.13
 10
887.03
 20
430.7
 10
887.9
 20
431.71
 10
888.62
 20
430.85
  0
LWPOLYLINE
  5
2EE
330
17
100
AcDbEntity
  8
POLYLINES
100
AcDbPolyline
 90
5
 70
0
 10
888.62
 20
430.85
 10
888.04
 20
430.13
 10
887.03
 20
430.7
 10
887.9
 20
431.71
 10
888.62
 20
430.85
  0
LWPOLYLINE
  5
2EF
330
17
100
AcDbEntity
  8
POLYLINES
100
AcDbPolyline
 90
5
 70
0
 10
888.04
 20
430.13
 10
887.61
 20
429.41
 10
886.6
 20
429.7
 10
887.03
 20
430.7
 10
888.04
 20
430.13
  0
LWPOLYLINE
  5
2F0
330
17
100
AcDbEntity
  8
POLYLINES
100
AcDbPolyline
 90
5
 70
0
 10
888.04
 20
430.13
 10
887.61
 20
429.41
 10
886.6
 20
429.7
 10
887.03
 20
430.7
 10
888.04
 20
430.13
  0
LWPOLYLINE
  5
2F1
330
17
100
AcDbEntity
  8
POLYLINES
100
AcDbPolyline
 90
5
 70
0
 10
887.61
 20
429.41
 10
887.47
 20
428.4
 10
886.46
 20
428.4
 10
886.6
 20
429.7
 10
887.61
 20
429.41
  0
LWPOLYLINE
  5
2F2
330
17
100
AcDbEntity
  8
POLYLINES
100
AcDbPolyline
 90
5
 70
0
 10
887.61
 20
429.41
 10
887.47
 20
428.4
 10
886.46
 20
428.4
 10
886.6
 20
429.7
 10
887.61
 20
429.41
  0
LWPOLYLINE
  5
2F3
330
17
100
AcDbEntity
  8
POLYLINES
100
AcDbPolyline
 90
5
 70
0
 10
132.91
 20
443.38
 10
133.05
 20
442.51
 10
132.04
 20
442.08
 10
131.75
 20
443.38
 10
132.91
 20
443.38
  0
LWPOLYLINE
  5
2F4
330
17
100
AcDbEntity
  8
POLYLINES
100
AcDbPolyline
 90
5
 70
0
 10
132.91
 20
443.38
 10
133.05
 20
442.51
 10
132.04
 20
442.08
 10
131.75
 20
443.38
 10
132.91
 20
443.38
  0
LWPOLYLINE
  5
2F5
330
17
100
AcDbEntity
  8
POLYLINES
100
AcDbPolyline
 90
5
 70
0
 10
133.05
 20
442.51
 10
133.34
 20
441.65
 10
132.47
 20
441.07
 10
132.04
 20
442.08
 10
133.05
 20
442.51
  0
LWPOLYLINE
  5
2F6
330
17
100
AcDbEntity
  8
POLYLINES
100
AcDbPolyline
 90
5
 70
0
 10
133.05
 20
442.51
 10
133.34
 20
441.65
 10
132.47
 20
441.07
 10
132.04
 20
442.08
 10
133.05
 20
442.51
  0
LWPOLYLINE
  5
2F7
330
17
100
AcDbEntity
  8
POLYLINES
100
AcDbPolyline
 90
5
 70
0
 10
133.34
 20
441.65
 10
133.91
 20
440.93
 10
133.34
 20
440.06
 10
132.47
 20
441.07
 10
133.34
 20
441.65
  0
LWPOLYLINE
  5
2F8
330
17
100
AcDbEntity
  8
POLYLINES
100
AcDbPolyline
 90
5
 70
0
 10
133.34
 20
441.65
 10
133.91
 20
440.93
 10
133.34
 20
440.06
 10
132.47
 20
441.07
 10
133.34
 20
441.65
  0
LWPOLYLINE
  5
2F9
330
17
100
AcDbEntity
  8
POLYLINES
100
AcDbPolyline
 90
5
 70
0
 10
133.91
 20
440.93
 10
134.78
 20
440.5
 10
134.35
 20
439.49
 10
133.34
 20
440.06
 10
133.91
 20
440.93
  0
LWPOLYLINE
  5
2FA
330
17
100
AcDbEntity
  8
POLYLINES
100
AcDbPolyline
 90
5
 70
0
 10
133.91
 20
440.93
 10
134.78
 20
440.5
 10
134.35
 20
439.49
 10
133.34
 20
440.06
 10
133.91
 20
440.93
  0
LWPOLYLINE
  5
2FB
330
17
100
AcDbEntity
  8
POLYLINES
100
AcDbPolyline
 90
5
 70
0
 10
134.78
 20
440.5
 10
135.64
 20
440.21
 10
135.5
 20
439.2
 10
134.35
 20
439.49
 10
134.78
 20
440.5
  0
LWPOLYLINE
  5
2FC
330
17
100
AcDbEntity
  8
POLYLINES
100
AcDbPolyline
 90
5
 70
0
 10
134.78
 20
440.5
 10
135.64
 20
440.21
 10
135.5
 20
439.2
 10
134.35
 20
439.49
 10
134.78
 20
440.5
  0
LWPOLYLINE
  5
2FD
330
17
100
AcDbEntity
  8
POLYLINES
100
AcDbPolyline
 90
5
 70
0
 10
135.64
 20
440.21
 10
136.51
 20
440.21
 10
136.65
 20
439.2
 10
135.5
 20
439.2
 10
135.64
 20
440.21
  0
LWPOLYLINE
  5
2FE
330
17
100
AcDbEntity
  8
POLYLINES
100
AcDbPolyline
 90
5
 70
0
 10
135.64
 20
440.21
 10
136.51
 20
440.21
 10
136.65
 20
439.2
 10
135.5
 20
439.2
 10
135.64
 20
440.21
  0
LWPOLYLINE
  5
2FF
330
17
100
AcDbEntity
  8
POLYLINES
100
AcDbPolyline
 90
5
 70
0
 10
136.51
 20
440.21
 10
137.37
 20
440.5
 10
137.8
 20
439.49
 10
136.65
 20
439.2
 10
136.51
 20
440.21
  0
LWPOLYLINE
  5
300
330
17
100
AcDbEntity
  8
POLYLINES
100
AcDbPolyline
 90
5
 70
0
 10
136.51
 20
440.21
 10
137.37
 20
440.5
 10
137.8
 20
439.49
 10
136.65
 20
439.2
 10
136.51
 20
440.21
  0
LWPOLYLINE
  5
301
330
17
100
AcDbEntity
  8
POLYLINES
100
AcDbPolyline
 90
5
 70
0
 10
137.37
 20
440.5
 10
138.09
 20
440.93
 10
138.81
 20
440.06
 10
137.8
 20
439.49
 10
137.37
 20
440.5
  0
LWPOLYLINE
  5
302
330
17
100
AcDbEntity
  8
POLYLINES
100
AcDbPolyline
 90
5
 70
0
 10
137.37
 20
440.5
 10
138.09
 20
440.93
 10
138.81
 20
440.06
 10
137.8
 20
439.49
 10
137.37
 20
440.5
  0
LWPOLYLINE
  5
303
330
17
100
AcDbEntity
  8
POLYLINES
100
AcDbPolyline
 90
5
 70
0
 10
138.09
 20
440.93
 10
138.81
 20
441.65
 10
139.67
 20
441.07
 10
138.81
 20
440.06
 10
138.09
 20
440.93
  0
LWPOLYLINE
  5
304
330
17
100
AcDbEntity
  8
POLYLINES
100
AcDbPolyline
 90
5
 70
0
 10
138.09
 20
440.93
 10
138.81
 20
441.65
 10
139.67
 20
441.07
 10
138.81
 20
440.06
 10
138.09
 20
440.93
  0
LWPOLYLINE
  5
305
330
17
100
AcDbEntity
  8
POLYLINES
100
AcDbPolyline
 90
5
 70
0
 10
138.81
 20
441.65
 10
139.1
 20
442.51
 10
140.11
 20
442.08
 10
139.67
 20
441.07
 10
138.81
 20
441.65
  0
LWPOLYLINE
  5
306
330
17
100
AcDbEntity
  8
POLYLINES
100
AcDbPolyline
 90
5
 70
0
 10
138.81
 20
441.65
 10
139.1
 20
442.51
 10
140.11
 20
442.08
 10
139.67
 20
441.07
 10
138.81
 20
441.65
  0
LWPOLYLINE
  5
307
330
17
100
AcDbEntity
  8
POLYLINES
100
AcDbPolyline
 90
5
 70
0
 10
139.1
 20
442.51
 10
139.24
 20
443.38
 10
140.25
 20
443.38
 10
140.11
 20
442.08
 10
139.1
 20
442.51
  0
LWPOLYLINE
  5
308
330
17
100
AcDbEntity
  8
POLYLINES
100
AcDbPolyline
 90
5
 70
0
 10
139.1
 20
442.51
 10
139.24
 20
443.38
 10
140.25
 20
443.38
 10
140.11
 20
442.08
 10
139.1
 20
442.51
  0
LWPOLYLINE
  5
309
330
17
100
AcDbEntity
  8
POLYLINES
100
AcDbPolyline
 90
5
 70
0
 10
139.24
 20
443.38
 10
139.1
 20
444.24
 10
140.11
 20
444.53
 10
140.25
 20
443.38
 10
139.24
 20
443.38
  0
LWPOLYLINE
  5
30A
330
17
100
AcDbEntity
  8
POLYLINES
100
AcDbPolyline
 90
5
 70
0
 10
139.24
 20
443.38
 10
139.1
 20
444.24
 10
140.11
 20
444.53
 10
140.25
 20
443.38
 10
139.24
 20
443.38
  0
LWPOLYLINE
  5
30B
330
17
100
AcDbEntity
  8
POLYLINES
100
AcDbPolyline
 90
5
 70
0
 10
139.1
 20
444.24
 10
138.81
 20
445.1
 10
139.67
 20
445.68
 10
140.11
 20
444.53
 10
139.1
 20
444.24
  0
LWPOLYLINE
  5
30C
330
17
100
AcDbEntity
  8
POLYLINES
100
AcDbPolyline
 90
5
 70
0
 10
139.1
 20
444.24
 10
138.81
 20
445.1
 10
139.67
 20
445.68
 10
140.11
 20
444.53
 10
139.1
 20
444.24
  0
LWPOLYLINE
  5
30D
330
17
100
AcDbEntity
  8
POLYLINES
100
AcDbPolyline
 90
5
 70
0
 10
138.81
 20
445.1
 10
138.09
 20
445.82
 10
138.81
 20
446.54
 10
139.67
 20
445.68
 10
138.81
 20
445.1
  0
LWPOLYLINE
  5
30E
330
17
100
AcDbEntity
  8
POLYLINES
100
AcDbPolyline
 90
5
 70
0
 10
138.81
 20
445.1
 10
138.09
 20
445.82
 10
138.81
 20
446.54
 10
139.67
 20
445.68
 10
138.81
 20
445.1
  0
LWPOLYLINE
  5
30F
330
17
100
AcDbEntity
  8
POLYLINES
100
AcDbPolyline
 90
5
 70
0
 10
138.09
 20
445.82
 10
137.37
 20
446.26
 10
137.8
 20
447.26
 10
138.81
 20
446.54
 10
138.09
 20
445.82
  0
LWPOLYLINE
  5
310
330
17
100
AcDbEntity
  8
POLYLINES
100
AcDbPolyline
 90
5
 70
0
 10
138.09
 20
445.82
 10
137.37
 20
446.26
 10
137.8
 20
447.26
 10
138.81
 20
446.54
 10
138.09
 20
445.82
  0
LWPOLYLINE
  5
311
330
17
100
AcDbEntity
  8
POLYLINES
100
AcDbPolyline
 90
5
 70
0
 10
137.37
 20
446.26
 10
136.51
 20
446.54
 10
136.65
 20
447.55
 10
137.8
 20
447.26
 10
137.37
 20
446.26
  0
LWPOLYLINE
  5
312
330
17
100
AcDbEntity
  8
POLYLINES
100
AcDbPolyline
 90
5
 70
0
 10
137.37
 20
446.26
 10
136.51
 20
446.54
 10
136.65
 20
447.55
 10
137.8
 20
447.26
 10
137.37
 20
446.26
  0
LWPOLYLINE
  5
313
330
17
100
AcDbEntity
  8
POLYLINES
100
AcDbPolyline
 90
5
 70
0
 10
136.51
 20
446.54
 10
135.64
 20
446.54
 10
135.5
 20
447.55
 10
136.65
 20
447.55
 10
136.51
 20
446.54
  0
LWPOLYLINE
  5
314
330
17
100
AcDbEntity
  8
POLYLINES
100
AcDbPolyline
 90
5
 70
0
 10
136.51
 20
446.54
 10
135.64
 20
446.54
 10
135.5
 20
447.55
 10
136.65
 20
447.55
 10
136.51
 20
446.54
  0
LWPOLYLINE
  5
315
330
17
100
AcDbEntity
  8
POLYLINES
100
AcDbPolyline
 90
5
 70
0
 10
135.64
 20
446.54
 10
134.78
 20
446.26
 10
134.35
 20
447.26
 10
135.5
 20
447.55
 10
135.64
 20
446.54
  0
LWPOLYLINE
  5
316
330
17
100
AcDbEntity
  8
POLYLINES
100
AcDbPolyline
 90
5
 70
0
 10
135.64
 20
446.54
 10
134.78
 20
446.26
 10
134.35
 20
447.26
 10
135.5
 20
447.55
 10
135.64
 20
446.54
  0
LWPOLYLINE
  5
317
330
17
100
AcDbEntity
  8
POLYLINES
100
AcDbPolyline
 90
5
 70
0
 10
134.78
 20
446.26
 10
133.91
 20
445.82
 10
133.34
 20
446.54
 10
134.35
 20
447.26
 10
134.78
 20
446.26
  0
LWPOLYLINE
  5
318
330
17
100
AcDbEntity
  8
POLYLINES
100
AcDbPolyline
 90
5
 70
0
 10
134.78
 20
446.26
 10
133.91
 20
445.82
 10
133.34
 20
446.54
 10
134.35
 20
447.26
 10
134.78
 20
446.26
  0
LWPOLYLINE
  5
319
330
17
100
AcDbEntity
  8
POLYLINES
100
AcDbPolyline
 90
5
 70
0
 10
133.91
 20
445.82
 10
133.34
 20
445.1
 10
132.47
 20
445.68
 10
133.34
 20
446.54
 10
133.91
 20
445.82
  0
LWPOLYLINE
  5
31A
330
17
100
AcDbEntity
  8
POLYLINES
100
AcDbPolyline
 90
5
 70
0
 10
133.91
 20
445.82
 10
133.34
 20
445.1
 10
132.47
 20
445.68
 10
133.34
 20
446.54
 10
133.91
 20
445.82
  0
LWPOLYLINE
  5
31B
330
17
100
AcDbEntity
  8
POLYLINES
100
AcDbPolyline
 90
5
 70
0
 10
133.34
 20
445.1
 10
133.05
 20
444.24
 10
132.04
 20
444.53
 10
132.47
 20
445.68
 10
133.34
 20
445.1
  0
LWPOLYLINE
  5
31C
330
17
100
AcDbEntity
  8
POLYLINES
100
AcDbPolyline
 90
5
 70
0
 10
133.34
 20
445.1
 10
133.05
 20
444.24
 10
132.04
 20
444.53
 10
132.47
 20
445.68
 10
133.34
 20
445.1
  0
LWPOLYLINE
  5
31D
330
17
100
AcDbEntity
  8
POLYLINES
100
AcDbPolyline
 90
5
 70
0
 10
133.05
 20
444.24
 10
132.91
 20
443.38
 10
131.75
 20
443.38
 10
132.04
 20
444.53
 10
133.05
 20
444.24
  0
LWPOLYLINE
  5
31E
330
17
100
AcDbEntity
  8
POLYLINES
100
AcDbPolyline
 90
5
 70
0
 10
133.05
 20
444.24
 10
132.91
 20
443.38
 10
131.75
 20
443.38
 10
132.04
 20
444.53
 10
133.05
 20
444.24
  0
LWPOLYLINE
  5
31F
330
17
100
AcDbEntity
  8
POLYLINES
100
AcDbPolyline
 90
5
 70
0
 10
267.83
 20
192.53
 10
267.98
 20
191.23
 10
266.83
 20
190.94
 10
266.68
 20
192.53
 10
267.83
 20
192.53
  0
LWPOLYLINE
  5
320
330
17
100
AcDbEntity
  8
POLYLINES
100
AcDbPolyline
 90
5
 70
0
 10
267.83
 20
192.53
 10
267.98
 20
191.23
 10
266.83
 20
190.94
 10
266.68
 20
192.53
 10
267.83
 20
192.53
  0
LWPOLYLINE
  5
321
330
17
100
AcDbEntity
  8
POLYLINES
100
AcDbPolyline
 90
5
 70
0
 10
267.98
 20
191.23
 10
268.41
 20
189.94
 10
267.4
 20
189.5
 10
266.83
 20
190.94
 10
267.98
 20
191.23
  0
LWPOLYLINE
  5
322
330
17
100
AcDbEntity
  8
POLYLINES
100
AcDbPolyline
 90
5
 70
0
 10
267.98
 20
191.23
 10
268.41
 20
189.94
 10
267.4
 20
189.5
 10
266.83
 20
190.94
 10
267.98
 20
191.23
  0
LWPOLYLINE
  5
323
330
17
100
AcDbEntity
  8
POLYLINES
100
AcDbPolyline
 90
5
 70
0
 10
268.41
 20
189.94
 10
268.99
 20
188.78
 10
268.12
 20
188.21
 10
267.4
 20
189.5
 10
268.41
 20
189.94
  0
LWPOLYLINE
  5
324
330
17
100
AcDbEntity
  8
POLYLINES
100
AcDbPolyline
 90
5
 70
0
 10
268.41
 20
189.94
 10
268.99
 20
188.78
 10
268.12
 20
188.21
 10
267.4
 20
189.5
 10
268.41
 20
189.94
  0
LWPOLYLINE
  5
325
330
17
100
AcDbEntity
  8
POLYLINES
100
AcDbPolyline
 90
5
 70
0
 10
268.99
 20
188.78
 10
269.85
 20
187.78
 10
269.13
 20
186.91
 10
268.12
 20
188.21
 10
268.99
 20
188.78
  0
LWPOLYLINE
  5
326
330
17
100
AcDbEntity
  8
POLYLINES
100
AcDbPolyline
 90
5
 70
0
 10
268.99
 20
188.78
 10
269.85
 20
187.78
 10
269.13
 20
186.91
 10
268.12
 20
188.21
 10
268.99
 20
188.78
  0
LWPOLYLINE
  5
327
330
17
100
AcDbEntity
  8
POLYLINES
100
AcDbPolyline
 90
5
 70
0
 10
269.85
 20
187.78
 10
271.0
 20
187.06
 10
270.43
 20
186.05
 10
269.13
 20
186.91
 10
269.85
 20
187.78
  0
LWPOLYLINE
  5
328
330
17
100
AcDbEntity
  8
POLYLINES
100
AcDbPolyline
 90
5
 70
0
 10
269.85
 20
187.78
 10
271.0
 20
187.06
 10
270.43
 20
186.05
 10
269.13
 20
186.91
 10
269.85
 20
187.78
  0
LWPOLYLINE
  5
329
330
17
100
AcDbEntity
  8
POLYLINES
100
AcDbPolyline
 90
5
 70
0
 10
271.0
 20
187.06
 10
272.15
 20
186.48
 10
271.87
 20
185.47
 10
270.43
 20
186.05
 10
271.0
 20
187.06
  0
LWPOLYLINE
  5
32A
330
17
100
AcDbEntity
  8
POLYLINES
100
AcDbPolyline
 90
5
 70
0
 10
271.0
 20
187.06
 10
272.15
 20
186.48
 10
271.87
 20
185.47
 10
270.43
 20
186.05
 10
271.0
 20
187.06
  0
LWPOLYLINE
  5
32B
330
17
100
AcDbEntity
  8
POLYLINES
100
AcDbPolyline
 90
5
 70
0
 10
272.15
 20
186.48
 10
273.45
 20
186.19
 10
273.45
 20
185.04
 10
271.87
 20
185.47
 10
272.15
 20
186.48
  0
LWPOLYLINE
  5
32C
330
17
100
AcDbEntity
  8
POLYLINES
100
AcDbPolyline
 90
5
 70
0
 10
272.15
 20
186.48
 10
273.45
 20
186.19
 10
273.45
 20
185.04
 10
271.87
 20
185.47
 10
272.15
 20
186.48
  0
LWPOLYLINE
  5
32D
330
17
100
AcDbEntity
  8
POLYLINES
100
AcDbPolyline
 90
5
 70
0
 10
274.89
 20
186.19
 10
276.19
 20
186.48
 10
276.47
 20
185.47
 10
274.89
 20
185.04
 10
274.89
 20
186.19
  0
LWPOLYLINE
  5
32E
330
17
100
AcDbEntity
  8
POLYLINES
100
AcDbPolyline
 90
5
 70
0
 10
274.89
 20
186.19
 10
276.19
 20
186.48
 10
276.47
 20
185.47
 10
274.89
 20
185.04
 10
274.89
 20
186.19
  0
LWPOLYLINE
  5
32F
330
17
100
AcDbEntity
  8
POLYLINES
100
AcDbPolyline
 90
5
 70
0
 10
276.19
 20
186.48
 10
277.34
 20
187.06
 10
277.91
 20
186.05
 10
276.47
 20
185.47
 10
276.19
 20
186.48
  0
LWPOLYLINE
  5
330
330
17
100
AcDbEntity
  8
POLYLINES
100
AcDbPolyline
 90
5
 70
0
 10
276.19
 20
186.48
 10
277.34
 20
187.06
 10
277.91
 20
186.05
 10
276.47
 20
185.47
 10
276.19
 20
186.48
  0
LWPOLYLINE
  5
331
330
17
100
AcDbEntity
  8
POLYLINES
100
AcDbPolyline
 90
5
 70
0
 10
277.34
 20
187.06
 10
278.49
 20
187.78
 10
279.21
 20
186.91
 10
277.91
 20
186.05
 10
277.34
 20
187.06
  0
LWPOLYLINE
  5
332
330
17
100
AcDbEntity
  8
POLYLINES
100
AcDbPolyline
 90
5
 70
0
 10
277.34
 20
187.06
 10
278.49
 20
187.78
 10
279.21
 20
186.91
 10
277.91
 20
186.05
 10
277.34
 20
187.06
  0
LWPOLYLINE
  5
333
330
17
100
AcDbEntity
  8
POLYLINES
100
AcDbPolyline
 90
5
 70
0
 10
278.49
 20
187.78
 10
279.35
 20
188.78
 10
280.22
 20
188.21
 10
279.21
 20
186.91
 10
278.49
 20
187.78
  0
LWPOLYLINE
  5
334
330
17
100
AcDbEntity
  8
POLYLINES
100
AcDbPolyline
 90
5
 70
0
 10
278.49
 20
187.78
 10
279.35
 20
188.78
 10
280.22
 20
188.21
 10
279.21
 20
186.91
 10
278.49
 20
187.78
  0
LWPOLYLINE
  5
335
330
17
100
AcDbEntity
  8
POLYLINES
100
AcDbPolyline
 90
5
 70
0
 10
279.35
 20
188.78
 10
279.93
 20
189.94
 10
280.94
 20
189.5
 10
280.22
 20
188.21
 10
279.35
 20
188.78
  0
LWPOLYLINE
  5
336
330
17
100
AcDbEntity
  8
POLYLINES
100
AcDbPolyline
 90
5
 70
0
 10
279.35
 20
188.78
 10
279.93
 20
189.94
 10
280.94
 20
189.5
 10
280.22
 20
188.21
 10
279.35
 20
188.78
  0
LWPOLYLINE
  5
337
330
17
100
AcDbEntity
  8
POLYLINES
100
AcDbPolyline
 90
5
 70
0
 10
279.93
 20
189.94
 10
280.36
 20
191.23
 10
281.51
 20
190.94
 10
280.94
 20
189.5
 10
279.93
 20
189.94
  0
LWPOLYLINE
  5
338
330
17
100
AcDbEntity
  8
POLYLINES
100
AcDbPolyline
 90
5
 70
0
 10
279.93
 20
189.94
 10
280.36
 20
191.23
 10
281.51
 20
190.94
 10
280.94
 20
189.5
 10
279.93
 20
189.94
  0
LWPOLYLINE
  5
339
330
17
100
AcDbEntity
  8
POLYLINES
100
AcDbPolyline
 90
5
 70
0
 10
280.36
 20
191.23
 10
280.51
 20
192.53
 10
281.66
 20
192.53
 10
281.51
 20
190.94
 10
280.36
 20
191.23
  0
LWPOLYLINE
  5
33A
330
17
100
AcDbEntity
  8
POLYLINES
100
AcDbPolyline
 90
5
 70
0
 10
280.36
 20
191.23
 10
280.51
 20
192.53
 10
281.66
 20
192.53
 10
281.51
 20
190.94
 10
280.36
 20
191.23
  0
LWPOLYLINE
  5
33B
330
17
100
AcDbEntity
  8
POLYLINES
100
AcDbPolyline
 90
5
 70
0
 10
280.51
 20
192.53
 10
280.36
 20
193.82
 10
281.51
 20
194.11
 10
281.66
 20
192.53
 10
280.51
 20
192.53
  0
LWPOLYLINE
  5
33C
330
17
100
AcDbEntity
  8
POLYLINES
100
AcDbPolyline
 90
5
 70
0
 10
280.51
 20
192.53
 10
280.36
 20
193.82
 10
281.51
 20
194.11
 10
281.66
 20
192.53
 10
280.51
 20
192.53
  0
LWPOLYLINE
  5
33D
330
17
100
AcDbEntity
  8
POLYLINES
100
AcDbPolyline
 90
5
 70
0
 10
280.36
 20
193.82
 10
279.93
 20
195.12
 10
280.94
 20
195.55
 10
281.51
 20
194.11
 10
280.36
 20
193.82
  0
LWPOLYLINE
  5
33E
330
17
100
AcDbEntity
  8
POLYLINES
100
AcDbPolyline
 90
5
 70
0
 10
280.36
 20
193.82
 10
279.93
 20
195.12
 10
280.94
 20
195.55
 10
281.51
 20
194.11
 10
280.36
 20
193.82
  0
LWPOLYLINE
  5
33F
330
17
100
AcDbEntity
  8
POLYLINES
100
AcDbPolyline
 90
5
 70
0
 10
279.93
 20
195.12
 10
279.35
 20
196.27
 10
280.22
 20
196.85
 10
280.94
 20
195.55
 10
279.93
 20
195.12
  0
LWPOLYLINE
  5
340
330
17
100
AcDbEntity
  8
POLYLINES
100
AcDbPolyline
 90
5
 70
0
 10
279.93
 20
195.12
 10
279.35
 20
196.27
 10
280.22
 20
196.85
 10
280.94
 20
195.55
 10
279.93
 20
195.12
  0
LWPOLYLINE
  5
341
330
17
100
AcDbEntity
  8
POLYLINES
100
AcDbPolyline
 90
5
 70
0
 10
279.35
 20
196.27
 10
278.49
 20
197.28
 10
279.21
 20
198.0
 10
280.22
 20
196.85
 10
279.35
 20
196.27
  0
LWPOLYLINE
  5
342
330
17
100
AcDbEntity
  8
POLYLINES
100
AcDbPolyline
 90
5
 70
0
 10
279.35
 20
196.27
 10
278.49
 20
197.28
 10
279.21
 20
198.0
 10
280.22
 20
196.85
 10
279.35
 20
196.27
  0
LWPOLYLINE
  5
343
330
17
100
AcDbEntity
  8
POLYLINES
100
AcDbPolyline
 90
5
 70
0
 10
278.49
 20
197.28
 10
277.34
 20
198.0
 10
277.91
 20
199.01
 10
279.21
 20
198.0
 10
278.49
 20
197.28
  0
LWPOLYLINE
  5
344
330
17
100
AcDbEntity
  8
POLYLINES
100
AcDbPolyline
 90
5
 70
0
 10
278.49
 20
197.28
 10
277.34
 20
198.0
 10
277.91
 20
199.01
 10
279.21
 20
198.0
 10
278.49
 20
197.28
  0
LWPOLYLINE
  5
345
330
17
100
AcDbEntity
  8
POLYLINES
100
AcDbPolyline
 90
5
 70
0
 10
277.34
 20
198.0
 10
276.19
 20
198.58
 10
276.47
 20
199.58
 10
277.91
 20
199.01
 10
277.34
 20
198.0
  0
LWPOLYLINE
  5
346
330
17
100
AcDbEntity
  8
POLYLINES
100
AcDbPolyline
 90
5
 70
0
 10
277.34
 20
198.0
 10
276.19
 20
198.58
 10
276.47
 20
199.58
 10
277.91
 20
199.01
 10
277.34
 20
198.0
  0
LWPOLYLINE
  5
347
330
17
100
AcDbEntity
  8
POLYLINES
100
AcDbPolyline
 90
5
 70
0
 10
276.19
 20
198.58
 10
274.89
 20
198.86
 10
274.89
 20
199.87
 10
276.47
 20
199.58
 10
276.19
 20
198.58
  0
LWPOLYLINE
  5
348
330
17
100
AcDbEntity
  8
POLYLINES
100
AcDbPolyline
 90
5
 70
0
 10
276.19
 20
198.58
 10
274.89
 20
198.86
 10
274.89
 20
199.87
 10
276.47
 20
199.58
 10
276.19
 20
198.58
  0
LWPOLYLINE
  5
349
330
17
100
AcDbEntity
  8
POLYLINES
100
AcDbPolyline
 90
5
 70
0
 10
273.45
 20
198.86
 10
272.15
 20
198.58
 10
271.87
 20
199.58
 10
273.45
 20
199.87
 10
273.45
 20
198.86
  0
LWPOLYLINE
  5
34A
330
17
100
AcDbEntity
  8
POLYLINES
100
AcDbPolyline
 90
5
 70
0
 10
273.45
 20
198.86
 10
272.15
 20
198.58
 10
271.87
 20
199.58
 10
273.45
 20
199.87
 10
273.45
 20
198.86
  0
LWPOLYLINE
  5
34B
330
17
100
AcDbEntity
  8
POLYLINES
100
AcDbPolyline
 90
5
 70
0
 10
272.15
 20
198.58
 10
271.0
 20
198.0
 10
270.43
 20
199.01
 10
271.87
 20
199.58
 10
272.15
 20
198.58
  0
LWPOLYLINE
  5
34C
330
17
100
AcDbEntity
  8
POLYLINES
100
AcDbPolyline
 90
5
 70
0
 10
272.15
 20
198.58
 10
271.0
 20
198.0
 10
270.43
 20
199.01
 10
271.87
 20
199.58
 10
272.15
 20
198.58
  0
LWPOLYLINE
  5
34D
330
17
100
AcDbEntity
  8
POLYLINES
100
AcDbPolyline
 90
5
 70
0
 10
271.0
 20
198.0
 10
269.85
 20
197.28
 10
269.13
 20
198.0
 10
270.43
 20
199.01
 10
271.0
 20
198.0
  0
LWPOLYLINE
  5
34E
330
17
100
AcDbEntity
  8
POLYLINES
100
AcDbPolyline
 90
5
 70
0
 10
271.0
 20
198.0
 10
269.85
 20
197.28
 10
269.13
 20
198.0
 10
270.43
 20
199.01
 10
271.0
 20
198.0
  0
LWPOLYLINE
  5
34F
330
17
100
AcDbEntity
  8
POLYLINES
100
AcDbPolyline
 90
5
 70
0
 10
269.85
 20
197.28
 10
268.99
 20
196.27
 10
268.12
 20
196.85
 10
269.13
 20
198.0
 10
269.85
 20
197.28
  0
LWPOLYLINE
  5
350
330
17
100
AcDbEntity
  8
POLYLINES
100
AcDbPolyline
 90
5
 70
0
 10
269.85
 20
197.28
 10
268.99
 20
196.27
 10
268.12
 20
196.85
 10
269.13
 20
198.0
 10
269.85
 20
197.28
  0
LWPOLYLINE
  5
351
330
17
100
AcDbEntity
  8
POLYLINES
100
AcDbPolyline
 90
5
 70
0
 10
268.99
 20
196.27
 10
268.41
 20
195.12
 10
267.4
 20
195.55
 10
268.12
 20
196.85
 10
268.99
 20
196.27
  0
LWPOLYLINE
  5
352
330
17
100
AcDbEntity
  8
POLYLINES
100
AcDbPolyline
 90
5
 70
0
 10
268.99
 20
196.27
 10
268.41
 20
195.12
 10
267.4
 20
195.55
 10
268.12
 20
196.85
 10
268.99
 20
196.27
  0
LWPOLYLINE
  5
353
330
17
100
AcDbEntity
  8
POLYLINES
100
AcDbPolyline
 90
5
 70
0
 10
268.41
 20
195.12
 10
267.98
 20
193.82
 10
266.83
 20
194.11
 10
267.4
 20
195.55
 10
268.41
 20
195.12
  0
LWPOLYLINE
  5
354
330
17
100
AcDbEntity
  8
POLYLINES
100
AcDbPolyline
 90
5
 70
0
 10
268.41
 20
195.12
 10
267.98
 20
193.82
 10
266.83
 20
194.11
 10
267.4
 20
195.55
 10
268.41
 20
195.12
  0
LWPOLYLINE
  5
355
330
17
100
AcDbEntity
  8
POLYLINES
100
AcDbPolyline
 90
5
 70
0
 10
267.98
 20
193.82
 10
267.83
 20
192.53
 10
266.68
 20
192.53
 10
266.83
 20
194.11
 10
267.98
 20
193.82
  0
LWPOLYLINE
  5
356
330
17
100
AcDbEntity
  8
POLYLINES
100
AcDbPolyline
 90
5
 70
0
 10
267.98
 20
193.82
 10
267.83
 20
192.53
 10
266.68
 20
192.53
 10
266.83
 20
194.11
 10
267.98
 20
193.82
  0
LWPOLYLINE
  5
357
330
17
100
AcDbEntity
  8
POLYLINES
100
AcDbPolyline
 90
5
 70
0
 10
271.29
 20
192.24
 10
271.43
 20
191.38
 10
270.43
 20
191.09
 10
270.14
 20
192.24
 10
271.29
 20
192.24
  0
LWPOLYLINE
  5
358
330
17
100
AcDbEntity
  8
POLYLINES
100
AcDbPolyline
 90
5
 70
0
 10
271.29
 20
192.24
 10
271.43
 20
191.38
 10
270.43
 20
191.09
 10
270.14
 20
192.24
 10
271.29
 20
192.24
  0
LWPOLYLINE
  5
359
330
17
100
AcDbEntity
  8
POLYLINES
100
AcDbPolyline
 90
5
 70
0
 10
271.43
 20
191.38
 10
271.72
 20
190.51
 10
270.86
 20
189.94
 10
270.43
 20
191.09
 10
271.43
 20
191.38
  0
LWPOLYLINE
  5
35A
330
17
100
AcDbEntity
  8
POLYLINES
100
AcDbPolyline
 90
5
 70
0
 10
271.43
 20
191.38
 10
271.72
 20
190.51
 10
270.86
 20
189.94
 10
270.43
 20
191.09
 10
271.43
 20
191.38
  0
LWPOLYLINE
  5
35B
330
17
100
AcDbEntity
  8
POLYLINES
100
AcDbPolyline
 90
5
 70
0
 10
271.72
 20
190.51
 10
272.3
 20
189.94
 10
271.72
 20
189.07
 10
270.86
 20
189.94
 10
271.72
 20
190.51
  0
LWPOLYLINE
  5
35C
330
17
100
AcDbEntity
  8
POLYLINES
100
AcDbPolyline
 90
5
 70
0
 10
271.72
 20
190.51
 10
272.3
 20
189.94
 10
271.72
 20
189.07
 10
270.86
 20
189.94
 10
271.72
 20
190.51
  0
LWPOLYLINE
  5
35D
330
17
100
AcDbEntity
  8
POLYLINES
100
AcDbPolyline
 90
5
 70
0
 10
272.3
 20
189.94
 10
273.16
 20
189.36
 10
272.73
 20
188.35
 10
271.72
 20
189.07
 10
272.3
 20
189.94
  0
LWPOLYLINE
  5
35E
330
17
100
AcDbEntity
  8
POLYLINES
100
AcDbPolyline
 90
5
 70
0
 10
272.3
 20
189.94
 10
273.16
 20
189.36
 10
272.73
 20
188.35
 10
271.72
 20
189.07
 10
272.3
 20
189.94
  0
LWPOLYLINE
  5
35F
330
17
100
AcDbEntity
  8
POLYLINES
100
AcDbPolyline
 90
5
 70
0
 10
273.16
 20
189.36
 10
274.03
 20
189.07
 10
273.88
 20
188.06
 10
272.73
 20
188.35
 10
273.16
 20
189.36
  0
LWPOLYLINE
  5
360
330
17
100
AcDbEntity
  8
POLYLINES
100
AcDbPolyline
 90
5
 70
0
 10
273.16
 20
189.36
 10
274.03
 20
189.07
 10
273.88
 20
188.06
 10
272.73
 20
188.35
 10
273.16
 20
189.36
  0
LWPOLYLINE
  5
361
330
17
100
AcDbEntity
  8
POLYLINES
100
AcDbPolyline
 90
5
 70
0
 10
274.03
 20
189.07
 10
274.89
 20
189.07
 10
275.03
 20
188.06
 10
273.88
 20
188.06
 10
274.03
 20
189.07
  0
LWPOLYLINE
  5
362
330
17
100
AcDbEntity
  8
POLYLINES
100
AcDbPolyline
 90
5
 70
0
 10
274.03
 20
189.07
 10
274.89
 20
189.07
 10
275.03
 20
188.06
 10
273.88
 20
188.06
 10
274.03
 20
189.07
  0
LWPOLYLINE
  5
363
330
17
100
AcDbEntity
  8
POLYLINES
100
AcDbPolyline
 90
5
 70
0
 10
274.89
 20
189.07
 10
275.75
 20
189.36
 10
276.19
 20
188.35
 10
275.03
 20
188.06
 10
274.89
 20
189.07
  0
LWPOLYLINE
  5
364
330
17
100
AcDbEntity
  8
POLYLINES
100
AcDbPolyline
 90
5
 70
0
 10
274.89
 20
189.07
 10
275.75
 20
189.36
 10
276.19
 20
188.35
 10
275.03
 20
188.06
 10
274.89
 20
189.07
  0
LWPOLYLINE
  5
365
330
17
100
AcDbEntity
  8
POLYLINES
100
AcDbPolyline
 90
5
 70
0
 10
275.75
 20
189.36
 10
276.47
 20
189.94
 10
277.19
 20
189.07
 10
276.19
 20
188.35
 10
275.75
 20
189.36
  0
LWPOLYLINE
  5
366
330
17
100
AcDbEntity
  8
POLYLINES
100
AcDbPolyline
 90
5
 70
0
 10
275.75
 20
189.36
 10
276.47
 20
189.94
 10
277.19
 20
189.07
 10
276.19
 20
188.35
 10
275.75
 20
189.36
  0
LWPOLYLINE
  5
367
330
17
100
AcDbEntity
  8
POLYLINES
100
AcDbPolyline
 90
5
 70
0
 10
276.47
 20
189.94
 10
277.05
 20
190.51
 10
278.06
 20
189.94
 10
277.19
 20
189.07
 10
276.47
 20
189.94
  0
LWPOLYLINE
  5
368
330
17
100
AcDbEntity
  8
POLYLINES
100
AcDbPolyline
 90
5
 70
0
 10
276.47
 20
189.94
 10
277.05
 20
190.51
 10
278.06
 20
189.94
 10
277.19
 20
189.07
 10
276.47
 20
189.94
  0
LWPOLYLINE
  5
369
330
17
100
AcDbEntity
  8
POLYLINES
100
AcDbPolyline
 90
5
 70
0
 10
277.05
 20
190.51
 10
277.48
 20
191.38
 10
278.49
 20
191.09
 10
278.06
 20
189.94
 10
277.05
 20
190.51
  0
LWPOLYLINE
  5
36A
330
17
100
AcDbEntity
  8
POLYLINES
100
AcDbPolyline
 90
5
 70
0
 10
277.05
 20
190.51
 10
277.48
 20
191.38
 10
278.49
 20
191.09
 10
278.06
 20
189.94
 10
277.05
 20
190.51
  0
LWPOLYLINE
  5
36B
330
17
100
AcDbEntity
  8
POLYLINES
100
AcDbPolyline
 90
5
 70
0
 10
277.48
 20
191.38
 10
277.63
 20
192.24
 10
278.63
 20
192.24
 10
278.49
 20
191.09
 10
277.48
 20
191.38
  0
LWPOLYLINE
  5
36C
330
17
100
AcDbEntity
  8
POLYLINES
100
AcDbPolyline
 90
5
 70
0
 10
277.48
 20
191.38
 10
277.63
 20
192.24
 10
278.63
 20
192.24
 10
278.49
 20
191.09
 10
277.48
 20
191.38
  0
LWPOLYLINE
  5
36D
330
17
100
AcDbEntity
  8
POLYLINES
100
AcDbPolyline
 90
5
 70
0
 10
277.63
 20
192.24
 10
277.48
 20
193.25
 10
278.49
 20
193.54
 10
278.63
 20
192.24
 10
277.63
 20
192.24
  0
LWPOLYLINE
  5
36E
330
17
100
AcDbEntity
  8
POLYLINES
100
AcDbPolyline
 90
5
 70
0
 10
277.63
 20
192.24
 10
277.48
 20
193.25
 10
278.49
 20
193.54
 10
278.63
 20
192.24
 10
277.63
 20
192.24
  0
LWPOLYLINE
  5
36F
330
17
100
AcDbEntity
  8
POLYLINES
100
AcDbPolyline
 90
5
 70
0
 10
277.48
 20
193.25
 10
277.05
 20
193.97
 10
278.06
 20
194.54
 10
278.49
 20
193.54
 10
277.48
 20
193.25
  0
LWPOLYLINE
  5
370
330
17
100
AcDbEntity
  8
POLYLINES
100
AcDbPolyline
 90
5
 70
0
 10
277.48
 20
193.25
 10
277.05
 20
193.97
 10
278.06
 20
194.54
 10
278.49
 20
193.54
 10
277.48
 20
193.25
  0
LWPOLYLINE
  5
371
330
17
100
AcDbEntity
  8
POLYLINES
100
AcDbPolyline
 90
5
 70
0
 10
277.05
 20
193.97
 10
276.47
 20
194.69
 10
277.19
 20
195.55
 10
278.06
 20
194.54
 10
277.05
 20
193.97
  0
LWPOLYLINE
  5
372
330
17
100
AcDbEntity
  8
POLYLINES
100
AcDbPolyline
 90
5
 70
0
 10
277.05
 20
193.97
 10
276.47
 20
194.69
 10
277.19
 20
195.55
 10
278.06
 20
194.54
 10
277.05
 20
193.97
  0
LWPOLYLINE
  5
373
330
17
100
AcDbEntity
  8
POLYLINES
100
AcDbPolyline
 90
5
 70
0
 10
276.47
 20
194.69
 10
275.75
 20
195.12
 10
276.19
 20
196.13
 10
277.19
 20
195.55
 10
276.47
 20
194.69
  0
LWPOLYLINE
  5
374
330
17
100
AcDbEntity
  8
POLYLINES
100
AcDbPolyline
 90
5
 70
0
 10
276.47
 20
194.69
 10
275.75
 20
195.12
 10
276.19
 20
196.13
 10
277.19
 20
195.55
 10
276.47
 20
194.69
  0
LWPOLYLINE
  5
375
330
17
100
AcDbEntity
  8
POLYLINES
100
AcDbPolyline
 90
5
 70
0
 10
275.75
 20
195.12
 10
274.89
 20
195.41
 10
275.03
 20
196.56
 10
276.19
 20
196.13
 10
275.75
 20
195.12
  0
LWPOLYLINE
  5
376
330
17
100
AcDbEntity
  8
POLYLINES
100
AcDbPolyline
 90
5
 70
0
 10
275.75
 20
195.12
 10
274.89
 20
195.41
 10
275.03
 20
196.56
 10
276.19
 20
196.13
 10
275.75
 20
195.12
  0
LWPOLYLINE
  5
377
330
17
100
AcDbEntity
  8
POLYLINES
100
AcDbPolyline
 90
5
 70
0
 10
274.89
 20
195.41
 10
274.03
 20
195.41
 10
273.88
 20
196.56
 10
275.03
 20
196.56
 10
274.89
 20
195.41
  0
LWPOLYLINE
  5
378
330
17
100
AcDbEntity
  8
POLYLINES
100
AcDbPolyline
 90
5
 70
0
 10
274.89
 20
195.41
 10
274.03
 20
195.41
 10
273.88
 20
196.56
 10
275.03
 20
196.56
 10
274.89
 20
195.41
  0
LWPOLYLINE
  5
379
330
17
100
AcDbEntity
  8
POLYLINES
100
AcDbPolyline
 90
5
 70
0
 10
274.03
 20
195.41
 10
273.16
 20
195.12
 10
272.73
 20
196.13
 10
273.88
 20
196.56
 10
274.03
 20
195.41
  0
LWPOLYLINE
  5
37A
330
17
100
AcDbEntity
  8
POLYLINES
100
AcDbPolyline
 90
5
 70
0
 10
274.03
 20
195.41
 10
273.16
 20
195.12
 10
272.73
 20
196.13
 10
273.88
 20
196.56
 10
274.03
 20
195.41
  0
LWPOLYLINE
  5
37B
330
17
100
AcDbEntity
  8
POLYLINES
100
AcDbPolyline
 90
5
 70
0
 10
273.16
 20
195.12
 10
272.3
 20
194.69
 10
271.72
 20
195.55
 10
272.73
 20
196.13
 10
273.16
 20
195.12
  0
LWPOLYLINE
  5
37C
330
17
100
AcDbEntity
  8
POLYLINES
100
AcDbPolyline
 90
5
 70
0
 10
273.16
 20
195.12
 10
272.3
 20
194.69
 10
271.72
 20
195.55
 10
272.73
 20
196.13
 10
273.16
 20
195.12
  0
LWPOLYLINE
  5
37D
330
17
100
AcDbEntity
  8
POLYLINES
100
AcDbPolyline
 90
5
 70
0
 10
272.3
 20
194.69
 10
271.72
 20
193.97
 10
270.86
 20
194.54
 10
271.72
 20
195.55
 10
272.3
 20
194.69
  0
LWPOLYLINE
  5
37E
330
17
100
AcDbEntity
  8
POLYLINES
100
AcDbPolyline
 90
5
 70
0
 10
272.3
 20
194.69
 10
271.72
 20
193.97
 10
270.86
 20
194.54
 10
271.72
 20
195.55
 10
272.3
 20
194.69
  0
LWPOLYLINE
  5
37F
330
17
100
AcDbEntity
  8
POLYLINES
100
AcDbPolyline
 90
5
 70
0
 10
271.72
 20
193.97
 10
271.43
 20
193.25
 10
270.43
 20
193.54
 10
270.86
 20
194.54
 10
271.72
 20
193.97
  0
LWPOLYLINE
  5
380
330
17
100
AcDbEntity
  8
POLYLINES
100
AcDbPolyline
 90
5
 70
0
 10
271.72
 20
193.97
 10
271.43
 20
193.25
 10
270.43
 20
193.54
 10
270.86
 20
194.54
 10
271.72
 20
193.97
  0
LWPOLYLINE
  5
381
330
17
100
AcDbEntity
  8
POLYLINES
100
AcDbPolyline
 90
5
 70
0
 10
271.43
 20
193.25
 10
271.29
 20
192.24
 10
270.14
 20
192.24
 10
270.43
 20
193.54
 10
271.43
 20
193.25
  0
LWPOLYLINE
  5
382
330
17
100
AcDbEntity
  8
POLYLINES
100
AcDbPolyline
 90
5
 70
0
 10
271.43
 20
193.25
 10
271.29
 20
192.24
 10
270.14
 20
192.24
 10
270.43
 20
193.54
 10
271.43
 20
193.25
  0
LINE
  5
383
330
17
100
AcDbEntity
  8
LINES
100
AcDbLine
 10
448.7
 20
613.87
 30
0.0
 11
432.86
 21
613.87
 31
0.0
  0
LINE
  5
384
330
17
100
AcDbEntity
  8
LINES
100
AcDbLine
 10
448.7
 20
604.8
 30
0.0
 11
448.7
 21
613.87
 31
0.0
  0
LINE
  5
385
330
17
100
AcDbEntity
  8
LINES
100
AcDbLine
 10
432.86
 20
604.8
 30
0.0
 11
448.7
 21
604.8
 31
0.0
  0
LINE
  5
386
330
17
100
AcDbEntity
  8
LINES
100
AcDbLine
 10
432.86
 20
613.87
 30
0.0
 11
432.86
 21
604.8
 31
0.0
  0
LINE
  5
387
330
17
100
AcDbEntity
  8
LINES
100
AcDbLine
 10
489.67
 20
648.07
 30
0.0
 11
445.6
 21
667.87
 31
0.0
  0
LINE
  5
388
330
17
100
AcDbEntity
  8
LINES
100
AcDbLine
 10
520.34
 20
503.42
 30
0.0
 11
522.21
 21
498.1
 31
0.0
  0
LINE
  5
389
330
17
100
AcDbEntity
  8
LINES
100
AcDbLine
 10
517.6
 20
511.49
 30
0.0
 11
518.97
 21
507.46
 31
0.0
  0
LINE
  5
38A
330
17
100
AcDbEntity
  8
LINES
100
AcDbLine
 10
514.79
 20
519.55
 30
0.0
 11
516.16
 21
515.52
 31
0.0
  0
LINE
  5
38B
330
17
100
AcDbEntity
  8
LINES
100
AcDbLine
 10
511.99
 20
527.62
 30
0.0
 11
513.43
 21
523.58
 31
0.0
  0
LINE
  5
38C
330
17
100
AcDbEntity
  8
LINES
100
AcDbLine
 10
509.25
 20
535.54
 30
0.0
 11
510.62
 21
531.58
 31
0.0
  0
LINE
  5
38D
330
17
100
AcDbEntity
  8
LINES
100
AcDbLine
 10
506.01
 20
544.9
 30
0.0
 11
507.88
 21
539.57
 31
0.0
  0
LINE
  5
38E
330
17
100
AcDbEntity
  8
LINES
100
AcDbLine
 10
505.29
 20
550.22
 30
0.0
 11
506.01
 21
544.97
 31
0.0
  0
LINE
  5
38F
330
17
100
AcDbEntity
  8
LINES
100
AcDbLine
 10
504.28
 20
558.65
 30
0.0
 11
504.86
 21
554.47
 31
0.0
  0
LINE
  5
390
330
17
100
AcDbEntity
  8
LINES
100
AcDbLine
 10
503.27
 20
567.14
 30
0.0
 11
503.85
 21
562.9
 31
0.0
  0
LINE
  5
391
330
17
100
AcDbEntity
  8
LINES
100
AcDbLine
 10
502.27
 20
575.5
 30
0.0
 11
502.77
 21
571.32
 31
0.0
  0
LINE
  5
392
330
17
100
AcDbEntity
  8
LINES
100
AcDbLine
 10
501.26
 20
583.99
 30
0.0
 11
501.69
 21
579.74
 31
0.0
  0
LINE
  5
393
330
17
100
AcDbEntity
  8
LINES
100
AcDbLine
 10
500.25
 20
592.42
 30
0.0
 11
500.68
 21
588.17
 31
0.0
  0
LINE
  5
394
330
17
100
AcDbEntity
  8
LINES
100
AcDbLine
 10
499.17
 20
600.84
 30
0.0
 11
499.67
 21
596.66
 31
0.0
  0
LINE
  5
395
330
17
100
AcDbEntity
  8
LINES
100
AcDbLine
 10
498.09
 20
609.34
 30
0.0
 11
498.67
 21
605.09
 31
0.0
  0
LINE
  5
396
330
17
100
AcDbEntity
  8
LINES
100
AcDbLine
 10
497.08
 20
617.76
 30
0.0
 11
497.66
 21
613.51
 31
0.0
  0
LINE
  5
397
330
17
100
AcDbEntity
  8
LINES
100
AcDbLine
 10
496.07
 20
626.18
 30
0.0
 11
496.65
 21
622.01
 31
0.0
  0
LINE
  5
398
330
17
100
AcDbEntity
  8
LINES
100
AcDbLine
 10
494.92
 20
635.69
 30
0.0
 11
495.57
 21
630.36
 31
0.0
  0
LINE
  5
399
330
17
100
AcDbEntity
  8
LINES
100
AcDbLine
 10
497.87
 20
640.3
 30
0.0
 11
494.92
 21
635.69
 31
0.0
  0
LINE
  5
39A
330
17
100
AcDbEntity
  8
LINES
100
AcDbLine
 10
502.48
 20
647.5
 30
0.0
 11
500.18
 21
643.9
 31
0.0
  0
LINE
  5
39B
330
17
100
AcDbEntity
  8
LINES
100
AcDbLine
 10
507.09
 20
654.62
 30
0.0
 11
504.79
 21
651.1
 31
0.0
  0
LINE
  5
39C
330
17
100
AcDbEntity
  8
LINES
100
AcDbLine
 10
511.7
 20
661.75
 30
0.0
 11
509.39
 21
658.15
 31
0.0
  0
LINE
  5
39D
330
17
100
AcDbEntity
  8
LINES
100
AcDbLine
 10
516.31
 20
668.95
 30
0.0
 11
514.0
 21
665.35
 31
0.0
  0
LINE
  5
39E
330
17
100
AcDbEntity
  8
LINES
100
AcDbLine
 10
521.63
 20
677.16
 30
0.0
 11
518.61
 21
672.55
 31
0.0
  0
LINE
  5
39F
330
17
100
AcDbEntity
  8
LINES
100
AcDbLine
 10
501.91
 20
632.52
 30
0.0
 11
524.59
 21
675.72
 31
0.0
  0
LINE
  5
3A0
330
17
100
AcDbEntity
  8
LINES
100
AcDbLine
 10
526.17
 20
604.37
 30
0.0
 11
501.91
 21
632.52
 31
0.0
  0
LINE
  5
3A1
330
17
100
AcDbEntity
  8
LINES
100
AcDbLine
 10
544.39
 20
651.74
 30
0.0
 11
529.77
 21
603.58
 31
0.0
  0
LINE
  5
3A2
330
17
100
AcDbEntity
  8
LINES
100
AcDbLine
 10
690.55
 20
644.4
 30
0.0
 11
544.39
 21
651.74
 31
0.0
  0
LINE
  5
3A3
330
17
100
AcDbEntity
  8
LINES
100
AcDbLine
 10
722.51
 20
635.4
 30
0.0
 11
690.55
 21
644.4
 31
0.0
  0
LINE
  5
3A4
330
17
100
AcDbEntity
  8
LINES
100
AcDbLine
 10
752.61
 20
607.39
 30
0.0
 11
722.51
 21
635.4
 31
0.0
  0
LINE
  5
3A5
330
17
100
AcDbEntity
  8
LINES
100
AcDbLine
 10
802.36
 20
544.25
 30
0.0
 11
752.61
 21
607.39
 31
0.0
  0
LINE
  5
3A6
330
17
100
AcDbEntity
  8
LINES
100
AcDbLine
 10
861.69
 20
565.92
 30
0.0
 11
802.36
 21
544.25
 31
0.0
  0
LINE
  5
3A7
330
17
100
AcDbEntity
  8
LINES
100
AcDbLine
 10
889.27
 20
432.36
 30
0.0
 11
869.9
 21
558.14
 31
0.0
  0
LINE
  5
3A8
330
17
100
AcDbEntity
  8
LINES
100
AcDbLine
 10
940.82
 20
393.41
 30
0.0
 11
893.08
 21
425.16
 31
0.0
  0
LINE
  5
3A9
330
17
100
AcDbEntity
  8
LINES
100
AcDbLine
 10
948.81
 20
363.67
 30
0.0
 11
940.82
 21
393.41
 31
0.0
  0
LINE
  5
3AA
330
17
100
AcDbEntity
  8
LINES
100
AcDbLine
 10
477.57
 20
642.17
 30
0.0
 11
442.0
 21
665.06
 31
0.0
  0
LINE
  5
3AB
330
17
100
AcDbEntity
  8
LINES
100
AcDbLine
 10
448.7
 20
609.98
 30
0.0
 11
477.57
 21
642.17
 31
0.0
  0
LINE
  5
3AC
330
17
100
AcDbEntity
  8
LINES
100
AcDbLine
 10
429.19
 20
545.69
 30
0.0
 11
440.78
 21
604.87
 31
0.0
  0
LINE
  5
3AD
330
17
100
AcDbEntity
  8
LINES
100
AcDbLine
 10
457.55
 20
528.41
 30
0.0
 11
429.19
 21
545.69
 31
0.0
  0
LINE
  5
3AE
330
17
100
AcDbEntity
  8
LINES
100
AcDbLine
 10
517.31
 20
547.42
 30
0.0
 11
527.61
 21
596.09
 31
0.0
  0
LINE
  5
3AF
330
17
100
AcDbEntity
  8
LINES
100
AcDbLine
 10
514.07
 20
546.26
 30
0.0
 11
517.31
 21
547.42
 31
0.0
  0
LINE
  5
3B0
330
17
100
AcDbEntity
  8
LINES
100
AcDbLine
 10
464.68
 20
528.05
 30
0.0
 11
488.3
 21
536.76
 31
0.0
  0
LINE
  5
3B1
330
17
100
AcDbEntity
  8
LINES
100
AcDbLine
 10
425.08
 20
529.2
 30
0.0
 11
455.97
 21
524.88
 31
0.0
  0
LINE
  5
3B2
330
17
100
AcDbEntity
  8
LINES
100
AcDbLine
 10
393.91
 20
428.69
 30
0.0
 11
425.08
 21
529.2
 31
0.0
  0
LINE
  5
3B3
330
17
100
AcDbEntity
  8
LINES
100
AcDbLine
 10
404.71
 20
421.85
 30
0.0
 11
393.91
 21
428.69
 31
0.0
  0
LINE
  5
3B4
330
17
100
AcDbEntity
  8
LINES
100
AcDbLine
 10
389.8
 20
427.9
 30
0.0
 11
402.26
 21
418.61
 31
0.0
  0
LINE
  5
3B5
330
17
100
AcDbEntity
  8
LINES
100
AcDbLine
 10
391.67
 20
467.5
 30
0.0
 11
389.8
 21
427.9
 31
0.0
  0
LINE
  5
3B6
330
17
100
AcDbEntity
  8
LINES
100
AcDbLine
 10
496.58
 20
453.31
 30
0.0
 11
391.67
 21
467.5
 31
0.0
  0
LINE
  5
3B7
330
17
100
AcDbEntity
  8
LINES
100
AcDbLine
 10
556.05
 20
445.18
 30
0.0
 11
526.53
 21
449.14
 31
0.0
  0
LINE
  5
3B8
330
17
100
AcDbEntity
  8
LINES
100
AcDbLine
 10
719.42
 20
362.81
 30
0.0
 11
556.05
 21
445.18
 31
0.0
  0
LINE
  5
3B9
330
17
100
AcDbEntity
  8
LINES
100
AcDbLine
 10
512.56
 20
379.44
 30
0.0
 11
410.25
 21
414.79
 31
0.0
  0
LINE
  5
3BA
330
17
100
AcDbEntity
  8
LINES
100
AcDbLine
 10
545.9
 20
364.25
 30
0.0
 11
512.56
 21
379.44
 31
0.0
  0
LINE
  5
3BB
330
17
100
AcDbEntity
  8
LINES
100
AcDbLine
 10
589.46
 20
318.82
 30
0.0
 11
545.9
 21
364.25
 31
0.0
  0
LINE
  5
3BC
330
17
100
AcDbEntity
  8
LINES
100
AcDbLine
 10
589.82
 20
312.12
 30
0.0
 11
280.79
 21
194.83
 31
0.0
  0
LINE
  5
3BD
330
17
100
AcDbEntity
  8
LINES
100
AcDbLine
 10
326.44
 20
197.64
 30
0.0
 11
281.3
 21
192.24
 31
0.0
  0
LINE
  5
3BE
330
17
100
AcDbEntity
  8
LINES
100
AcDbLine
 10
409.67
 20
362.16
 30
0.0
 11
326.44
 21
197.64
 31
0.0
  0
LINE
  5
3BF
330
17
100
AcDbEntity
  8
LINES
100
AcDbLine
 10
400.03
 20
402.48
 30
0.0
 11
409.67
 21
362.16
 31
0.0
  0
LINE
  5
3C0
330
17
100
AcDbEntity
  8
LINES
100
AcDbLine
 10
404.06
 20
415.01
 30
0.0
 11
400.03
 21
402.48
 31
0.0
  0
LINE
  5
3C1
330
17
100
AcDbEntity
  8
LINES
100
AcDbLine
 10
387.07
 20
426.31
 30
0.0
 11
402.26
 21
416.09
 31
0.0
  0
LINE
  5
3C2
330
17
100
AcDbEntity
  8
LINES
100
AcDbLine
 10
385.91
 20
468.65
 30
0.0
 11
387.07
 21
426.31
 31
0.0
  0
LINE
  5
3C3
330
17
100
AcDbEntity
  8
LINES
100
AcDbLine
 10
339.83
 20
474.77
 30
0.0
 11
385.91
 21
468.65
 31
0.0
  0
LINE
  5
3C4
330
17
100
AcDbEntity
  8
LINES
100
AcDbLine
 10
170.92
 20
468.29
 30
0.0
 11
339.83
 21
474.77
 31
0.0
  0
LINE
  5
3C5
330
17
100
AcDbEntity
  8
LINES
100
AcDbLine
 10
138.81
 20
445.9
 30
0.0
 11
155.23
 21
461.38
 31
0.0
  0
LINE
  5
3C6
330
17
100
AcDbEntity
  8
LINES
100
AcDbLine
 10
147.31
 20
442.94
 30
0.0
 11
139.82
 21
443.23
 31
0.0
  0
LINE
  5
3C7
330
17
100
AcDbEntity
  8
LINES
100
AcDbLine
 10
260.42
 20
451.01
 30
0.0
 11
147.31
 21
442.94
 31
0.0
  0
LINE
  5
3C8
330
17
100
AcDbEntity
  8
LINES
100
AcDbLine
 10
447.33
 20
442.8
 30
0.0
 11
260.42
 21
451.01
 31
0.0
  0
LINE
  5
3C9
330
17
100
AcDbEntity
  8
LINES
100
AcDbLine
 10
495.93
 20
428.47
 30
0.0
 11
447.33
 21
442.8
 31
0.0
  0
LINE
  5
3CA
330
17
100
AcDbEntity
  8
LINES
100
AcDbLine
 10
719.63
 20
360.86
 30
0.0
 11
521.85
 21
420.34
 31
0.0
  0
LINE
  5
3CB
330
17
100
AcDbEntity
  8
LINES
100
AcDbLine
 10
846.71
 20
529.27
 30
0.0
 11
864.5
 21
559.37
 31
0.0
  0
LINE
  5
3CC
330
17
100
AcDbEntity
  8
LINES
100
AcDbLine
 10
847.0
 20
428.4
 30
0.0
 11
846.71
 21
529.27
 31
0.0
  0
LINE
  5
3CD
330
17
100
AcDbEntity
  8
LINES
100
AcDbLine
 10
726.55
 20
363.67
 30
0.0
 11
847.0
 21
428.4
 31
0.0
  0
LINE
  5
3CE
330
17
100
AcDbEntity
  8
LINES
100
AcDbLine
 10
925.19
 20
388.3
 30
0.0
 11
945.71
 21
361.87
 31
0.0
  0
LINE
  5
3CF
330
17
100
AcDbEntity
  8
LINES
100
AcDbLine
 10
853.63
 20
423.36
 30
0.0
 11
925.19
 21
388.3
 31
0.0
  0
LINE
  5
3D0
330
17
100
AcDbEntity
  8
LINES
100
AcDbLine
 10
817.48
 20
407.3
 30
0.0
 11
853.63
 21
423.36
 31
0.0
  0
LINE
  5
3D1
330
17
100
AcDbEntity
  8
LINES
100
AcDbLine
 10
812.3
 20
409.75
 30
0.0
 11
817.48
 21
407.3
 31
0.0
  0
LINE
  5
3D2
330
17
100
AcDbEntity
  8
LINES
100
AcDbLine
 10
795.45
 20
393.34
 30
0.0
 11
791.92
 21
398.81
 31
0.0
  0
LINE
  5
3D3
330
17
100
AcDbEntity
  8
LINES
100
AcDbLine
 10
849.67
 20
416.09
 30
0.0
 11
795.45
 21
393.34
 31
0.0
  0
LINE
  5
3D4
330
17
100
AcDbEntity
  8
LINES
100
AcDbLine
 10
969.91
 20
324.94
 30
0.0
 11
849.67
 21
416.09
 31
0.0
  0
LINE
  5
3D5
330
17
100
AcDbEntity
  8
LINES
100
AcDbLine
 10
971.78
 20
327.38
 30
0.0
 11
954.14
 21
351.07
 31
0.0
  0
LWPOLYLINE
  5
3D6
330
17
100
AcDbEntity
  8
POLYLINES
100
AcDbPolyline
 90
5
 70
0
 10
970.41
 20
324.0
 10
970.55
 20
323.14
 10
969.55
 20
322.85
 10
969.4
 20
324.0
 10
970.41
 20
324.0
  0
LWPOLYLINE
  5
3D7
330
17
100
AcDbEntity
  8
POLYLINES
100
AcDbPolyline
 90
5
 70
0
 10
970.41
 20
324.0
 10
970.55
 20
323.14
 10
969.55
 20
322.85
 10
969.4
 20
324.0
 10
970.41
 20
324.0
  0
LWPOLYLINE
  5
3D8
330
17
100
AcDbEntity
  8
POLYLINES
100
AcDbPolyline
 90
5
 70
0
 10
970.55
 20
323.14
 10
970.84
 20
322.27
 10
969.98
 20
321.7
 10
969.55
 20
322.85
 10
970.55
 20
323.14
  0
LWPOLYLINE
  5
3D9
330
17
100
AcDbEntity
  8
POLYLINES
100
AcDbPolyline
 90
5
 70
0
 10
970.55
 20
323.14
 10
970.84
 20
322.27
 10
969.98
 20
321.7
 10
969.55
 20
322.85
 10
970.55
 20
323.14
  0
LWPOLYLINE
  5
3DA
330
17
100
AcDbEntity
  8
POLYLINES
100
AcDbPolyline
 90
5
 70
0
 10
970.84
 20
322.27
 10
971.56
 20
321.7
 10
970.84
 20
320.83
 10
969.98
 20
321.7
 10
970.84
 20
322.27
  0
LWPOLYLINE
  5
3DB
330
17
100
AcDbEntity
  8
POLYLINES
100
AcDbPolyline
 90
5
 70
0
 10
970.84
 20
322.27
 10
971.56
 20
321.7
 10
970.84
 20
320.83
 10
969.98
 20
321.7
 10
970.84
 20
322.27
  0
LWPOLYLINE
  5
3DC
330
17
100
AcDbEntity
  8
POLYLINES
100
AcDbPolyline
 90
5
 70
0
 10
971.56
 20
321.7
 10
972.28
 20
321.12
 10
971.85
 20
320.26
 10
970.84
 20
320.83
 10
971.56
 20
321.7
  0
LWPOLYLINE
  5
3DD
330
17
100
AcDbEntity
  8
POLYLINES
100
AcDbPolyline
 90
5
 70
0
 10
971.56
 20
321.7
 10
972.28
 20
321.12
 10
971.85
 20
320.26
 10
970.84
 20
320.83
 10
971.56
 20
321.7
  0
LWPOLYLINE
  5
3DE
330
17
100
AcDbEntity
  8
POLYLINES
100
AcDbPolyline
 90
5
 70
0
 10
972.28
 20
321.12
 10
973.15
 20
320.83
 10
973.0
 20
319.82
 10
971.85
 20
320.26
 10
972.28
 20
321.12
  0
LWPOLYLINE
  5
3DF
330
17
100
AcDbEntity
  8
POLYLINES
100
AcDbPolyline
 90
5
 70
0
 10
972.28
 20
321.12
 10
973.15
 20
320.83
 10
973.0
 20
319.82
 10
971.85
 20
320.26
 10
972.28
 20
321.12
  0
LWPOLYLINE
  5
3E0
330
17
100
AcDbEntity
  8
POLYLINES
100
AcDbPolyline
 90
5
 70
0
 10
973.15
 20
320.83
 10
974.01
 20
320.83
 10
974.15
 20
319.82
 10
973.0
 20
319.82
 10
973.15
 20
320.83
  0
LWPOLYLINE
  5
3E1
330
17
100
AcDbEntity
  8
POLYLINES
100
AcDbPolyline
 90
5
 70
0
 10
973.15
 20
320.83
 10
974.01
 20
320.83
 10
974.15
 20
319.82
 10
973.0
 20
319.82
 10
973.15
 20
320.83
  0
LWPOLYLINE
  5
3E2
330
17
100
AcDbEntity
  8
POLYLINES
100
AcDbPolyline
 90
5
 70
0
 10
974.01
 20
320.83
 10
974.87
 20
321.12
 10
975.31
 20
320.26
 10
974.15
 20
319.82
 10
974.01
 20
320.83
  0
LWPOLYLINE
  5
3E3
330
17
100
AcDbEntity
  8
POLYLINES
100
AcDbPolyline
 90
5
 70
0
 10
974.01
 20
320.83
 10
974.87
 20
321.12
 10
975.31
 20
320.26
 10
974.15
 20
319.82
 10
974.01
 20
320.83
  0
LWPOLYLINE
  5
3E4
330
17
100
AcDbEntity
  8
POLYLINES
100
AcDbPolyline
 90
5
 70
0
 10
974.87
 20
321.12
 10
975.74
 20
321.7
 10
976.31
 20
320.83
 10
975.31
 20
320.26
 10
974.87
 20
321.12
  0
LWPOLYLINE
  5
3E5
330
17
100
AcDbEntity
  8
POLYLINES
100
AcDbPolyline
 90
5
 70
0
 10
974.87
 20
321.12
 10
975.74
 20
321.7
 10
976.31
 20
320.83
 10
975.31
 20
320.26
 10
974.87
 20
321.12
  0
LWPOLYLINE
  5
3E6
330
17
100
AcDbEntity
  8
POLYLINES
100
AcDbPolyline
 90
5
 70
0
 10
975.74
 20
321.7
 10
976.31
 20
322.27
 10
977.18
 20
321.7
 10
976.31
 20
320.83
 10
975.74
 20
321.7
  0
LWPOLYLINE
  5
3E7
330
17
100
AcDbEntity
  8
POLYLINES
100
AcDbPolyline
 90
5
 70
0
 10
975.74
 20
321.7
 10
976.31
 20
322.27
 10
977.18
 20
321.7
 10
976.31
 20
320.83
 10
975.74
 20
321.7
  0
LWPOLYLINE
  5
3E8
330
17
100
AcDbEntity
  8
POLYLINES
100
AcDbPolyline
 90
5
 70
0
 10
976.31
 20
322.27
 10
976.6
 20
323.14
 10
977.61
 20
322.85
 10
977.18
 20
321.7
 10
976.31
 20
322.27
  0
LWPOLYLINE
  5
3E9
330
17
100
AcDbEntity
  8
POLYLINES
100
AcDbPolyline
 90
5
 70
0
 10
976.31
 20
322.27
 10
976.6
 20
323.14
 10
977.61
 20
322.85
 10
977.18
 20
321.7
 10
976.31
 20
322.27
  0
LWPOLYLINE
  5
3EA
330
17
100
AcDbEntity
  8
POLYLINES
100
AcDbPolyline
 90
5
 70
0
 10
976.6
 20
323.14
 10
976.75
 20
324.0
 10
977.9
 20
324.0
 10
977.61
 20
322.85
 10
976.6
 20
323.14
  0
LWPOLYLINE
  5
3EB
330
17
100
AcDbEntity
  8
POLYLINES
100
AcDbPolyline
 90
5
 70
0
 10
976.6
 20
323.14
 10
976.75
 20
324.0
 10
977.9
 20
324.0
 10
977.61
 20
322.85
 10
976.6
 20
323.14
  0
LWPOLYLINE
  5
3EC
330
17
100
AcDbEntity
  8
POLYLINES
100
AcDbPolyline
 90
5
 70
0
 10
976.75
 20
324.0
 10
976.6
 20
325.01
 10
977.61
 20
325.3
 10
977.9
 20
324.0
 10
976.75
 20
324.0
  0
LWPOLYLINE
  5
3ED
330
17
100
AcDbEntity
  8
POLYLINES
100
AcDbPolyline
 90
5
 70
0
 10
976.75
 20
324.0
 10
976.6
 20
325.01
 10
977.61
 20
325.3
 10
977.9
 20
324.0
 10
976.75
 20
324.0
  0
LWPOLYLINE
  5
3EE
330
17
100
AcDbEntity
  8
POLYLINES
100
AcDbPolyline
 90
5
 70
0
 10
976.6
 20
325.01
 10
976.31
 20
325.73
 10
977.18
 20
326.3
 10
977.61
 20
325.3
 10
976.6
 20
325.01
  0
LWPOLYLINE
  5
3EF
330
17
100
AcDbEntity
  8
POLYLINES
100
AcDbPolyline
 90
5
 70
0
 10
976.6
 20
325.01
 10
976.31
 20
325.73
 10
977.18
 20
326.3
 10
977.61
 20
325.3
 10
976.6
 20
325.01
  0
LWPOLYLINE
  5
3F0
330
17
100
AcDbEntity
  8
POLYLINES
100
AcDbPolyline
 90
5
 70
0
 10
976.31
 20
325.73
 10
975.74
 20
326.45
 10
976.31
 20
327.31
 10
977.18
 20
326.3
 10
976.31
 20
325.73
  0
LWPOLYLINE
  5
3F1
330
17
100
AcDbEntity
  8
POLYLINES
100
AcDbPolyline
 90
5
 70
0
 10
976.31
 20
325.73
 10
975.74
 20
326.45
 10
976.31
 20
327.31
 10
977.18
 20
326.3
 10
976.31
 20
325.73
  0
LWPOLYLINE
  5
3F2
330
17
100
AcDbEntity
  8
POLYLINES
100
AcDbPolyline
 90
5
 70
0
 10
975.74
 20
326.45
 10
974.87
 20
327.02
 10
975.31
 20
327.89
 10
976.31
 20
327.31
 10
975.74
 20
326.45
  0
LWPOLYLINE
  5
3F3
330
17
100
AcDbEntity
  8
POLYLINES
100
AcDbPolyline
 90
5
 70
0
 10
975.74
 20
326.45
 10
974.87
 20
327.02
 10
975.31
 20
327.89
 10
976.31
 20
327.31
 10
975.74
 20
326.45
  0
LWPOLYLINE
  5
3F4
330
17
100
AcDbEntity
  8
POLYLINES
100
AcDbPolyline
 90
5
 70
0
 10
974.87
 20
327.02
 10
974.01
 20
327.17
 10
974.15
 20
328.32
 10
975.31
 20
327.89
 10
974.87
 20
327.02
  0
LWPOLYLINE
  5
3F5
330
17
100
AcDbEntity
  8
POLYLINES
100
AcDbPolyline
 90
5
 70
0
 10
974.87
 20
327.02
 10
974.01
 20
327.17
 10
974.15
 20
328.32
 10
975.31
 20
327.89
 10
974.87
 20
327.02
  0
LWPOLYLINE
  5
3F6
330
17
100
AcDbEntity
  8
POLYLINES
100
AcDbPolyline
 90
5
 70
0
 10
974.01
 20
327.17
 10
973.15
 20
327.17
 10
973.0
 20
328.32
 10
974.15
 20
328.32
 10
974.01
 20
327.17
  0
LWPOLYLINE
  5
3F7
330
17
100
AcDbEntity
  8
POLYLINES
100
AcDbPolyline
 90
5
 70
0
 10
974.01
 20
327.17
 10
973.15
 20
327.17
 10
973.0
 20
328.32
 10
974.15
 20
328.32
 10
974.01
 20
327.17
  0
LWPOLYLINE
  5
3F8
330
17
100
AcDbEntity
  8
POLYLINES
100
AcDbPolyline
 90
5
 70
0
 10
973.15
 20
327.17
 10
972.28
 20
327.02
 10
971.85
 20
327.89
 10
973.0
 20
328.32
 10
973.15
 20
327.17
  0
LWPOLYLINE
  5
3F9
330
17
100
AcDbEntity
  8
POLYLINES
100
AcDbPolyline
 90
5
 70
0
 10
973.15
 20
327.17
 10
972.28
 20
327.02
 10
971.85
 20
327.89
 10
973.0
 20
328.32
 10
973.15
 20
327.17
  0
LWPOLYLINE
  5
3FA
330
17
100
AcDbEntity
  8
POLYLINES
100
AcDbPolyline
 90
5
 70
0
 10
972.28
 20
327.02
 10
971.56
 20
326.45
 10
970.84
 20
327.31
 10
971.85
 20
327.89
 10
972.28
 20
327.02
  0
LWPOLYLINE
  5
3FB
330
17
100
AcDbEntity
  8
POLYLINES
100
AcDbPolyline
 90
5
 70
0
 10
972.28
 20
327.02
 10
971.56
 20
326.45
 10
970.84
 20
327.31
 10
971.85
 20
327.89
 10
972.28
 20
327.02
  0
LWPOLYLINE
  5
3FC
330
17
100
AcDbEntity
  8
POLYLINES
100
AcDbPolyline
 90
5
 70
0
 10
971.56
 20
326.45
 10
970.84
 20
325.73
 10
969.98
 20
326.3
 10
970.84
 20
327.31
 10
971.56
 20
326.45
  0
LWPOLYLINE
  5
3FD
330
17
100
AcDbEntity
  8
POLYLINES
100
AcDbPolyline
 90
5
 70
0
 10
971.56
 20
326.45
 10
970.84
 20
325.73
 10
969.98
 20
326.3
 10
970.84
 20
327.31
 10
971.56
 20
326.45
  0
LWPOLYLINE
  5
3FE
330
17
100
AcDbEntity
  8
POLYLINES
100
AcDbPolyline
 90
5
 70
0
 10
970.84
 20
325.73
 10
970.55
 20
325.01
 10
969.55
 20
325.3
 10
969.98
 20
326.3
 10
970.84
 20
325.73
  0
LWPOLYLINE
  5
3FF
330
17
100
AcDbEntity
  8
POLYLINES
100
AcDbPolyline
 90
5
 70
0
 10
970.84
 20
325.73
 10
970.55
 20
325.01
 10
969.55
 20
325.3
 10
969.98
 20
326.3
 10
970.84
 20
325.73
  0
LWPOLYLINE
  5
400
330
17
100
AcDbEntity
  8
POLYLINES
100
AcDbPolyline
 90
5
 70
0
 10
970.55
 20
325.01
 10
970.41
 20
324.0
 10
969.4
 20
324.0
 10
969.55
 20
325.3
 10
970.55
 20
325.01
  0
LWPOLYLINE
  5
401
330
17
100
AcDbEntity
  8
POLYLINES
100
AcDbPolyline
 90
5
 70
0
 10
970.55
 20
325.01
 10
970.41
 20
324.0
 10
969.4
 20
324.0
 10
969.55
 20
325.3
 10
970.55
 20
325.01
  0
LINE
  5
402
330
17
100
AcDbEntity
  8
LINES
100
AcDbLine
 10
170.92
 20
470.88
 30
0.0
 11
155.08
 21
470.88
 31
0.0
  0
LINE
  5
403
330
17
100
AcDbEntity
  8
LINES
100
AcDbLine
 10
170.92
 20
461.81
 30
0.0
 11
170.92
 21
470.88
 31
0.0
  0
LINE
  5
404
330
17
100
AcDbEntity
  8
LINES
100
AcDbLine
 10
155.08
 20
461.81
 30
0.0
 11
170.92
 21
461.81
 31
0.0
  0
LINE
  5
405
330
17
100
AcDbEntity
  8
LINES
100
AcDbLine
 10
155.08
 20
470.88
 30
0.0
 11
155.08
 21
461.81
 31
0.0
  0
LWPOLYLINE
  5
406
330
17
100
AcDbEntity
  8
POLYLINES
100
AcDbPolyline
 90
5
 70
0
 10
102.67
 20
113.47
 10
102.81
 20
112.18
 10
101.8
 20
112.03
 10
101.66
 20
113.47
 10
102.67
 20
113.47
  0
LWPOLYLINE
  5
407
330
17
100
AcDbEntity
  8
POLYLINES
100
AcDbPolyline
 90
5
 70
0
 10
102.67
 20
113.47
 10
102.81
 20
112.18
 10
101.8
 20
112.03
 10
101.66
 20
113.47
 10
102.67
 20
113.47
  0
LWPOLYLINE
  5
408
330
17
100
AcDbEntity
  8
POLYLINES
100
AcDbPolyline
 90
5
 70
0
 10
102.81
 20
112.18
 10
103.24
 20
110.88
 10
102.23
 20
110.45
 10
101.8
 20
112.03
 10
102.81
 20
112.18
  0
LWPOLYLINE
  5
409
330
17
100
AcDbEntity
  8
POLYLINES
100
AcDbPolyline
 90
5
 70
0
 10
102.81
 20
112.18
 10
103.24
 20
110.88
 10
102.23
 20
110.45
 10
101.8
 20
112.03
 10
102.81
 20
112.18
  0
LWPOLYLINE
  5
40A
330
17
100
AcDbEntity
  8
POLYLINES
100
AcDbPolyline
 90
5
 70
0
 10
103.24
 20
110.88
 10
103.96
 20
109.73
 10
103.1
 20
109.15
 10
102.23
 20
110.45
 10
103.24
 20
110.88
  0
LWPOLYLINE
  5
40B
330
17
100
AcDbEntity
  8
POLYLINES
100
AcDbPolyline
 90
5
 70
0
 10
103.24
 20
110.88
 10
103.96
 20
109.73
 10
103.1
 20
109.15
 10
102.23
 20
110.45
 10
103.24
 20
110.88
  0
LWPOLYLINE
  5
40C
330
17
100
AcDbEntity
  8
POLYLINES
100
AcDbPolyline
 90
5
 70
0
 10
103.96
 20
109.73
 10
104.83
 20
108.72
 10
104.11
 20
108.0
 10
103.1
 20
109.15
 10
103.96
 20
109.73
  0
LWPOLYLINE
  5
40D
330
17
100
AcDbEntity
  8
POLYLINES
100
AcDbPolyline
 90
5
 70
0
 10
103.96
 20
109.73
 10
104.83
 20
108.72
 10
104.11
 20
108.0
 10
103.1
 20
109.15
 10
103.96
 20
109.73
  0
LWPOLYLINE
  5
40E
330
17
100
AcDbEntity
  8
POLYLINES
100
AcDbPolyline
 90
5
 70
0
 10
104.83
 20
108.72
 10
105.83
 20
108.0
 10
105.4
 20
107.14
 10
104.11
 20
108.0
 10
104.83
 20
108.72
  0
LWPOLYLINE
  5
40F
330
17
100
AcDbEntity
  8
POLYLINES
100
AcDbPolyline
 90
5
 70
0
 10
104.83
 20
108.72
 10
105.83
 20
108.0
 10
105.4
 20
107.14
 10
104.11
 20
108.0
 10
104.83
 20
108.72
  0
LWPOLYLINE
  5
410
330
17
100
AcDbEntity
  8
POLYLINES
100
AcDbPolyline
 90
5
 70
0
 10
105.83
 20
108.0
 10
107.13
 20
107.42
 10
106.84
 20
106.42
 10
105.4
 20
107.14
 10
105.83
 20
108.0
  0
LWPOLYLINE
  5
411
330
17
100
AcDbEntity
  8
POLYLINES
100
AcDbPolyline
 90
5
 70
0
 10
105.83
 20
108.0
 10
107.13
 20
107.42
 10
106.84
 20
106.42
 10
105.4
 20
107.14
 10
105.83
 20
108.0
  0
LWPOLYLINE
  5
412
330
17
100
AcDbEntity
  8
POLYLINES
100
AcDbPolyline
 90
5
 70
0
 10
107.13
 20
107.42
 10
108.43
 20
107.14
 10
108.28
 20
106.13
 10
106.84
 20
106.42
 10
107.13
 20
107.42
  0
LWPOLYLINE
  5
413
330
17
100
AcDbEntity
  8
POLYLINES
100
AcDbPolyline
 90
5
 70
0
 10
107.13
 20
107.42
 10
108.43
 20
107.14
 10
108.28
 20
106.13
 10
106.84
 20
106.42
 10
107.13
 20
107.42
  0
LWPOLYLINE
  5
414
330
17
100
AcDbEntity
  8
POLYLINES
100
AcDbPolyline
 90
5
 70
0
 10
108.43
 20
107.14
 10
109.72
 20
107.14
 10
109.87
 20
106.13
 10
108.28
 20
106.13
 10
108.43
 20
107.14
  0
LWPOLYLINE
  5
415
330
17
100
AcDbEntity
  8
POLYLINES
100
AcDbPolyline
 90
5
 70
0
 10
108.43
 20
107.14
 10
109.72
 20
107.14
 10
109.87
 20
106.13
 10
108.28
 20
106.13
 10
108.43
 20
107.14
  0
LWPOLYLINE
  5
416
330
17
100
AcDbEntity
  8
POLYLINES
100
AcDbPolyline
 90
5
 70
0
 10
109.72
 20
107.14
 10
111.02
 20
107.42
 10
111.45
 20
106.42
 10
109.87
 20
106.13
 10
109.72
 20
107.14
  0
LWPOLYLINE
  5
417
330
17
100
AcDbEntity
  8
POLYLINES
100
AcDbPolyline
 90
5
 70
0
 10
109.72
 20
107.14
 10
111.02
 20
107.42
 10
111.45
 20
106.42
 10
109.87
 20
106.13
 10
109.72
 20
107.14
  0
LWPOLYLINE
  5
418
330
17
100
AcDbEntity
  8
POLYLINES
100
AcDbPolyline
 90
5
 70
0
 10
111.02
 20
107.42
 10
112.31
 20
108.0
 10
112.75
 20
107.14
 10
111.45
 20
106.42
 10
111.02
 20
107.42
  0
LWPOLYLINE
  5
419
330
17
100
AcDbEntity
  8
POLYLINES
100
AcDbPolyline
 90
5
 70
0
 10
111.02
 20
107.42
 10
112.31
 20
108.0
 10
112.75
 20
107.14
 10
111.45
 20
106.42
 10
111.02
 20
107.42
  0
LWPOLYLINE
  5
41A
330
17
100
AcDbEntity
  8
POLYLINES
100
AcDbPolyline
 90
5
 70
0
 10
112.31
 20
108.0
 10
113.32
 20
108.72
 10
114.04
 20
108.0
 10
112.75
 20
107.14
 10
112.31
 20
108.0
  0
LWPOLYLINE
  5
41B
330
17
100
AcDbEntity
  8
POLYLINES
100
AcDbPolyline
 90
5
 70
0
 10
112.31
 20
108.0
 10
113.32
 20
108.72
 10
114.04
 20
108.0
 10
112.75
 20
107.14
 10
112.31
 20
108.0
  0
LWPOLYLINE
  5
41C
330
17
100
AcDbEntity
  8
POLYLINES
100
AcDbPolyline
 90
5
 70
0
 10
113.32
 20
108.72
 10
114.19
 20
109.73
 10
115.05
 20
109.15
 10
114.04
 20
108.0
 10
113.32
 20
108.72
  0
LWPOLYLINE
  5
41D
330
17
100
AcDbEntity
  8
POLYLINES
100
AcDbPolyline
 90
5
 70
0
 10
113.32
 20
108.72
 10
114.19
 20
109.73
 10
115.05
 20
109.15
 10
114.04
 20
108.0
 10
113.32
 20
108.72
  0
LWPOLYLINE
  5
41E
330
17
100
AcDbEntity
  8
POLYLINES
100
AcDbPolyline
 90
5
 70
0
 10
114.19
 20
109.73
 10
114.91
 20
110.88
 10
115.91
 20
110.45
 10
115.05
 20
109.15
 10
114.19
 20
109.73
  0
LWPOLYLINE
  5
41F
330
17
100
AcDbEntity
  8
POLYLINES
100
AcDbPolyline
 90
5
 70
0
 10
114.19
 20
109.73
 10
114.91
 20
110.88
 10
115.91
 20
110.45
 10
115.05
 20
109.15
 10
114.19
 20
109.73
  0
LWPOLYLINE
  5
420
330
17
100
AcDbEntity
  8
POLYLINES
100
AcDbPolyline
 90
5
 70
0
 10
114.91
 20
110.88
 10
115.34
 20
112.18
 10
116.35
 20
112.03
 10
115.91
 20
110.45
 10
114.91
 20
110.88
  0
LWPOLYLINE
  5
421
330
17
100
AcDbEntity
  8
POLYLINES
100
AcDbPolyline
 90
5
 70
0
 10
114.91
 20
110.88
 10
115.34
 20
112.18
 10
116.35
 20
112.03
 10
115.91
 20
110.45
 10
114.91
 20
110.88
  0
LWPOLYLINE
  5
422
330
17
100
AcDbEntity
  8
POLYLINES
100
AcDbPolyline
 90
5
 70
0
 10
115.34
 20
112.18
 10
115.48
 20
113.47
 10
116.49
 20
113.47
 10
116.35
 20
112.03
 10
115.34
 20
112.18
  0
LWPOLYLINE
  5
423
330
17
100
AcDbEntity
  8
POLYLINES
100
AcDbPolyline
 90
5
 70
0
 10
115.34
 20
112.18
 10
115.48
 20
113.47
 10
116.49
 20
113.47
 10
116.35
 20
112.03
 10
115.34
 20
112.18
  0
LWPOLYLINE
  5
424
330
17
100
AcDbEntity
  8
POLYLINES
100
AcDbPolyline
 90
5
 70
0
 10
115.48
 20
113.47
 10
115.34
 20
114.91
 10
116.35
 20
115.06
 10
116.49
 20
113.47
 10
115.48
 20
113.47
  0
LWPOLYLINE
  5
425
330
17
100
AcDbEntity
  8
POLYLINES
100
AcDbPolyline
 90
5
 70
0
 10
115.48
 20
113.47
 10
115.34
 20
114.91
 10
116.35
 20
115.06
 10
116.49
 20
113.47
 10
115.48
 20
113.47
  0
LWPOLYLINE
  5
426
330
17
100
AcDbEntity
  8
POLYLINES
100
AcDbPolyline
 90
5
 70
0
 10
115.34
 20
114.91
 10
114.91
 20
116.06
 10
115.91
 20
116.5
 10
116.35
 20
115.06
 10
115.34
 20
114.91
  0
LWPOLYLINE
  5
427
330
17
100
AcDbEntity
  8
POLYLINES
100
AcDbPolyline
 90
5
 70
0
 10
115.34
 20
114.91
 10
114.91
 20
116.06
 10
115.91
 20
116.5
 10
116.35
 20
115.06
 10
115.34
 20
114.91
  0
LWPOLYLINE
  5
428
330
17
100
AcDbEntity
  8
POLYLINES
100
AcDbPolyline
 90
5
 70
0
 10
114.91
 20
116.06
 10
114.19
 20
117.22
 10
115.05
 20
117.94
 10
115.91
 20
116.5
 10
114.91
 20
116.06
  0
LWPOLYLINE
  5
429
330
17
100
AcDbEntity
  8
POLYLINES
100
AcDbPolyline
 90
5
 70
0
 10
114.91
 20
116.06
 10
114.19
 20
117.22
 10
115.05
 20
117.94
 10
115.91
 20
116.5
 10
114.91
 20
116.06
  0
LWPOLYLINE
  5
42A
330
17
100
AcDbEntity
  8
POLYLINES
100
AcDbPolyline
 90
5
 70
0
 10
114.19
 20
117.22
 10
113.32
 20
118.22
 10
114.04
 20
119.09
 10
115.05
 20
117.94
 10
114.19
 20
117.22
  0
LWPOLYLINE
  5
42B
330
17
100
AcDbEntity
  8
POLYLINES
100
AcDbPolyline
 90
5
 70
0
 10
114.19
 20
117.22
 10
113.32
 20
118.22
 10
114.04
 20
119.09
 10
115.05
 20
117.94
 10
114.19
 20
117.22
  0
LWPOLYLINE
  5
42C
330
17
100
AcDbEntity
  8
POLYLINES
100
AcDbPolyline
 90
5
 70
0
 10
113.32
 20
118.22
 10
112.31
 20
119.09
 10
112.75
 20
119.95
 10
114.04
 20
119.09
 10
113.32
 20
118.22
  0
LWPOLYLINE
  5
42D
330
17
100
AcDbEntity
  8
POLYLINES
100
AcDbPolyline
 90
5
 70
0
 10
113.32
 20
118.22
 10
112.31
 20
119.09
 10
112.75
 20
119.95
 10
114.04
 20
119.09
 10
113.32
 20
118.22
  0
LWPOLYLINE
  5
42E
330
17
100
AcDbEntity
  8
POLYLINES
100
AcDbPolyline
 90
5
 70
0
 10
112.31
 20
119.09
 10
111.02
 20
119.52
 10
111.45
 20
120.67
 10
112.75
 20
119.95
 10
112.31
 20
119.09
  0
LWPOLYLINE
  5
42F
330
17
100
AcDbEntity
  8
POLYLINES
100
AcDbPolyline
 90
5
 70
0
 10
112.31
 20
119.09
 10
111.02
 20
119.52
 10
111.45
 20
120.67
 10
112.75
 20
119.95
 10
112.31
 20
119.09
  0
LWPOLYLINE
  5
430
330
17
100
AcDbEntity
  8
POLYLINES
100
AcDbPolyline
 90
5
 70
0
 10
111.02
 20
119.52
 10
109.72
 20
119.81
 10
109.87
 20
120.96
 10
111.45
 20
120.67
 10
111.02
 20
119.52
  0
LWPOLYLINE
  5
431
330
17
100
AcDbEntity
  8
POLYLINES
100
AcDbPolyline
 90
5
 70
0
 10
111.02
 20
119.52
 10
109.72
 20
119.81
 10
109.87
 20
120.96
 10
111.45
 20
120.67
 10
111.02
 20
119.52
  0
LWPOLYLINE
  5
432
330
17
100
AcDbEntity
  8
POLYLINES
100
AcDbPolyline
 90
5
 70
0
 10
109.72
 20
119.81
 10
108.43
 20
119.81
 10
108.28
 20
120.96
 10
109.87
 20
120.96
 10
109.72
 20
119.81
  0
LWPOLYLINE
  5
433
330
17
100
AcDbEntity
  8
POLYLINES
100
AcDbPolyline
 90
5
 70
0
 10
109.72
 20
119.81
 10
108.43
 20
119.81
 10
108.28
 20
120.96
 10
109.87
 20
120.96
 10
109.72
 20
119.81
  0
LWPOLYLINE
  5
434
330
17
100
AcDbEntity
  8
POLYLINES
100
AcDbPolyline
 90
5
 70
0
 10
108.43
 20
119.81
 10
107.13
 20
119.52
 10
106.84
 20
120.67
 10
108.28
 20
120.96
 10
108.43
 20
119.81
  0
LWPOLYLINE
  5
435
330
17
100
AcDbEntity
  8
POLYLINES
100
AcDbPolyline
 90
5
 70
0
 10
108.43
 20
119.81
 10
107.13
 20
119.52
 10
106.84
 20
120.67
 10
108.28
 20
120.96
 10
108.43
 20
119.81
  0
LWPOLYLINE
  5
436
330
17
100
AcDbEntity
  8
POLYLINES
100
AcDbPolyline
 90
5
 70
0
 10
107.13
 20
119.52
 10
105.83
 20
119.09
 10
105.4
 20
119.95
 10
106.84
 20
120.67
 10
107.13
 20
119.52
  0
LWPOLYLINE
  5
437
330
17
100
AcDbEntity
  8
POLYLINES
100
AcDbPolyline
 90
5
 70
0
 10
107.13
 20
119.52
 10
105.83
 20
119.09
 10
105.4
 20
119.95
 10
106.84
 20
120.67
 10
107.13
 20
119.52
  0
LWPOLYLINE
  5
438
330
17
100
AcDbEntity
  8
POLYLINES
100
AcDbPolyline
 90
5
 70
0
 10
105.83
 20
119.09
 10
104.83
 20
118.22
 10
104.11
 20
119.09
 10
105.4
 20
119.95
 10
105.83
 20
119.09
  0
LWPOLYLINE
  5
439
330
17
100
AcDbEntity
  8
POLYLINES
100
AcDbPolyline
 90
5
 70
0
 10
105.83
 20
119.09
 10
104.83
 20
118.22
 10
104.11
 20
119.09
 10
105.4
 20
119.95
 10
105.83
 20
119.09
  0
LWPOLYLINE
  5
43A
330
17
100
AcDbEntity
  8
POLYLINES
100
AcDbPolyline
 90
5
 70
0
 10
104.83
 20
118.22
 10
103.96
 20
117.22
 10
103.1
 20
117.94
 10
104.11
 20
119.09
 10
104.83
 20
118.22
  0
LWPOLYLINE
  5
43B
330
17
100
AcDbEntity
  8
POLYLINES
100
AcDbPolyline
 90
5
 70
0
 10
104.83
 20
118.22
 10
103.96
 20
117.22
 10
103.1
 20
117.94
 10
104.11
 20
119.09
 10
104.83
 20
118.22
  0
LWPOLYLINE
  5
43C
330
17
100
AcDbEntity
  8
POLYLINES
100
AcDbPolyline
 90
5
 70
0
 10
103.96
 20
117.22
 10
103.24
 20
116.06
 10
102.23
 20
116.5
 10
103.1
 20
117.94
 10
103.96
 20
117.22
  0
LWPOLYLINE
  5
43D
330
17
100
AcDbEntity
  8
POLYLINES
100
AcDbPolyline
 90
5
 70
0
 10
103.96
 20
117.22
 10
103.24
 20
116.06
 10
102.23
 20
116.5
 10
103.1
 20
117.94
 10
103.96
 20
117.22
  0
LWPOLYLINE
  5
43E
330
17
100
AcDbEntity
  8
POLYLINES
100
AcDbPolyline
 90
5
 70
0
 10
103.24
 20
116.06
 10
102.81
 20
114.91
 10
101.8
 20
115.06
 10
102.23
 20
116.5
 10
103.24
 20
116.06
  0
LWPOLYLINE
  5
43F
330
17
100
AcDbEntity
  8
POLYLINES
100
AcDbPolyline
 90
5
 70
0
 10
103.24
 20
116.06
 10
102.81
 20
114.91
 10
101.8
 20
115.06
 10
102.23
 20
116.5
 10
103.24
 20
116.06
  0
LWPOLYLINE
  5
440
330
17
100
AcDbEntity
  8
POLYLINES
100
AcDbPolyline
 90
5
 70
0
 10
102.81
 20
114.91
 10
102.67
 20
113.47
 10
101.66
 20
113.47
 10
101.8
 20
115.06
 10
102.81
 20
114.91
  0
LWPOLYLINE
  5
441
330
17
100
AcDbEntity
  8
POLYLINES
100
AcDbPolyline
 90
5
 70
0
 10
102.81
 20
114.91
 10
102.67
 20
113.47
 10
101.66
 20
113.47
 10
101.8
 20
115.06
 10
102.81
 20
114.91
  0
LWPOLYLINE
  5
442
330
17
100
AcDbEntity
  8
POLYLINES
100
AcDbPolyline
 90
5
 70
0
 10
105.83
 20
113.47
 10
105.98
 20
112.61
 10
104.97
 20
112.32
 10
104.83
 20
113.47
 10
105.83
 20
113.47
  0
LWPOLYLINE
  5
443
330
17
100
AcDbEntity
  8
POLYLINES
100
AcDbPolyline
 90
5
 70
0
 10
105.83
 20
113.47
 10
105.98
 20
112.61
 10
104.97
 20
112.32
 10
104.83
 20
113.47
 10
105.83
 20
113.47
  0
LWPOLYLINE
  5
444
330
17
100
AcDbEntity
  8
POLYLINES
100
AcDbPolyline
 90
5
 70
0
 10
105.98
 20
112.61
 10
106.41
 20
111.74
 10
105.55
 20
111.17
 10
104.97
 20
112.32
 10
105.98
 20
112.61
  0
LWPOLYLINE
  5
445
330
17
100
AcDbEntity
  8
POLYLINES
100
AcDbPolyline
 90
5
 70
0
 10
105.98
 20
112.61
 10
106.41
 20
111.74
 10
105.55
 20
111.17
 10
104.97
 20
112.32
 10
105.98
 20
112.61
  0
LWPOLYLINE
  5
446
330
17
100
AcDbEntity
  8
POLYLINES
100
AcDbPolyline
 90
5
 70
0
 10
106.41
 20
111.74
 10
106.99
 20
111.17
 10
106.27
 20
110.3
 10
105.55
 20
111.17
 10
106.41
 20
111.74
  0
LWPOLYLINE
  5
447
330
17
100
AcDbEntity
  8
POLYLINES
100
AcDbPolyline
 90
5
 70
0
 10
106.41
 20
111.74
 10
106.99
 20
111.17
 10
106.27
 20
110.3
 10
105.55
 20
111.17
 10
106.41
 20
111.74
  0
LWPOLYLINE
  5
448
330
17
100
AcDbEntity
  8
POLYLINES
100
AcDbPolyline
 90
5
 70
0
 10
106.99
 20
111.17
 10
107.71
 20
110.59
 10
107.27
 20
109.58
 10
106.27
 20
110.3
 10
106.99
 20
111.17
  0
LWPOLYLINE
  5
449
330
17
100
AcDbEntity
  8
POLYLINES
100
AcDbPolyline
 90
5
 70
0
 10
106.99
 20
111.17
 10
107.71
 20
110.59
 10
107.27
 20
109.58
 10
106.27
 20
110.3
 10
106.99
 20
111.17
  0
LWPOLYLINE
  5
44A
330
17
100
AcDbEntity
  8
POLYLINES
100
AcDbPolyline
 90
5
 70
0
 10
107.71
 20
110.59
 10
108.57
 20
110.3
 10
108.43
 20
109.3
 10
107.27
 20
109.58
 10
107.71
 20
110.59
  0
LWPOLYLINE
  5
44B
330
17
100
AcDbEntity
  8
POLYLINES
100
AcDbPolyline
 90
5
 70
0
 10
107.71
 20
110.59
 10
108.57
 20
110.3
 10
108.43
 20
109.3
 10
107.27
 20
109.58
 10
107.71
 20
110.59
  0
LWPOLYLINE
  5
44C
330
17
100
AcDbEntity
  8
POLYLINES
100
AcDbPolyline
 90
5
 70
0
 10
108.57
 20
110.3
 10
109.58
 20
110.3
 10
109.72
 20
109.3
 10
108.43
 20
109.3
 10
108.57
 20
110.3
  0
LWPOLYLINE
  5
44D
330
17
100
AcDbEntity
  8
POLYLINES
100
AcDbPolyline
 90
5
 70
0
 10
108.57
 20
110.3
 10
109.58
 20
110.3
 10
109.72
 20
109.3
 10
108.43
 20
109.3
 10
108.57
 20
110.3
  0
LWPOLYLINE
  5
44E
330
17
100
AcDbEntity
  8
POLYLINES
100
AcDbPolyline
 90
5
 70
0
 10
109.58
 20
110.3
 10
110.44
 20
110.59
 10
110.87
 20
109.58
 10
109.72
 20
109.3
 10
109.58
 20
110.3
  0
LWPOLYLINE
  5
44F
330
17
100
AcDbEntity
  8
POLYLINES
100
AcDbPolyline
 90
5
 70
0
 10
109.58
 20
110.3
 10
110.44
 20
110.59
 10
110.87
 20
109.58
 10
109.72
 20
109.3
 10
109.58
 20
110.3
  0
LWPOLYLINE
  5
450
330
17
100
AcDbEntity
  8
POLYLINES
100
AcDbPolyline
 90
5
 70
0
 10
110.44
 20
110.59
 10
111.16
 20
111.17
 10
111.88
 20
110.3
 10
110.87
 20
109.58
 10
110.44
 20
110.59
  0
LWPOLYLINE
  5
451
330
17
100
AcDbEntity
  8
POLYLINES
100
AcDbPolyline
 90
5
 70
0
 10
110.44
 20
110.59
 10
111.16
 20
111.17
 10
111.88
 20
110.3
 10
110.87
 20
109.58
 10
110.44
 20
110.59
  0
LWPOLYLINE
  5
452
330
17
100
AcDbEntity
  8
POLYLINES
100
AcDbPolyline
 90
5
 70
0
 10
111.16
 20
111.17
 10
111.74
 20
111.74
 10
112.6
 20
111.17
 10
111.88
 20
110.3
 10
111.16
 20
111.17
  0
LWPOLYLINE
  5
453
330
17
100
AcDbEntity
  8
POLYLINES
100
AcDbPolyline
 90
5
 70
0
 10
111.16
 20
111.17
 10
111.74
 20
111.74
 10
112.6
 20
111.17
 10
111.88
 20
110.3
 10
111.16
 20
111.17
  0
LWPOLYLINE
  5
454
330
17
100
AcDbEntity
  8
POLYLINES
100
AcDbPolyline
 90
5
 70
0
 10
111.74
 20
111.74
 10
112.17
 20
112.61
 10
113.18
 20
112.32
 10
112.6
 20
111.17
 10
111.74
 20
111.74
  0
LWPOLYLINE
  5
455
330
17
100
AcDbEntity
  8
POLYLINES
100
AcDbPolyline
 90
5
 70
0
 10
111.74
 20
111.74
 10
112.17
 20
112.61
 10
113.18
 20
112.32
 10
112.6
 20
111.17
 10
111.74
 20
111.74
  0
LWPOLYLINE
  5
456
330
17
100
AcDbEntity
  8
POLYLINES
100
AcDbPolyline
 90
5
 70
0
 10
112.17
 20
112.61
 10
112.31
 20
113.47
 10
113.32
 20
113.47
 10
113.18
 20
112.32
 10
112.17
 20
112.61
  0
LWPOLYLINE
  5
457
330
17
100
AcDbEntity
  8
POLYLINES
100
AcDbPolyline
 90
5
 70
0
 10
112.17
 20
112.61
 10
112.31
 20
113.47
 10
113.32
 20
113.47
 10
113.18
 20
112.32
 10
112.17
 20
112.61
  0
LWPOLYLINE
  5
458
330
17
100
AcDbEntity
  8
POLYLINES
100
AcDbPolyline
 90
5
 70
0
 10
112.31
 20
113.47
 10
112.17
 20
114.48
 10
113.18
 20
114.77
 10
113.32
 20
113.47
 10
112.31
 20
113.47
  0
LWPOLYLINE
  5
459
330
17
100
AcDbEntity
  8
POLYLINES
100
AcDbPolyline
 90
5
 70
0
 10
112.31
 20
113.47
 10
112.17
 20
114.48
 10
113.18
 20
114.77
 10
113.32
 20
113.47
 10
112.31
 20
113.47
  0
LWPOLYLINE
  5
45A
330
17
100
AcDbEntity
  8
POLYLINES
100
AcDbPolyline
 90
5
 70
0
 10
112.17
 20
114.48
 10
111.74
 20
115.2
 10
112.6
 20
115.78
 10
113.18
 20
114.77
 10
112.17
 20
114.48
  0
LWPOLYLINE
  5
45B
330
17
100
AcDbEntity
  8
POLYLINES
100
AcDbPolyline
 90
5
 70
0
 10
112.17
 20
114.48
 10
111.74
 20
115.2
 10
112.6
 20
115.78
 10
113.18
 20
114.77
 10
112.17
 20
114.48
  0
LWPOLYLINE
  5
45C
330
17
100
AcDbEntity
  8
POLYLINES
100
AcDbPolyline
 90
5
 70
0
 10
111.74
 20
115.2
 10
111.16
 20
115.92
 10
111.88
 20
116.78
 10
112.6
 20
115.78
 10
111.74
 20
115.2
  0
LWPOLYLINE
  5
45D
330
17
100
AcDbEntity
  8
POLYLINES
100
AcDbPolyline
 90
5
 70
0
 10
111.74
 20
115.2
 10
111.16
 20
115.92
 10
111.88
 20
116.78
 10
112.6
 20
115.78
 10
111.74
 20
115.2
  0
LWPOLYLINE
  5
45E
330
17
100
AcDbEntity
  8
POLYLINES
100
AcDbPolyline
 90
5
 70
0
 10
111.16
 20
115.92
 10
110.44
 20
116.5
 10
110.87
 20
117.36
 10
111.88
 20
116.78
 10
111.16
 20
115.92
  0
LWPOLYLINE
  5
45F
330
17
100
AcDbEntity
  8
POLYLINES
100
AcDbPolyline
 90
5
 70
0
 10
111.16
 20
115.92
 10
110.44
 20
116.5
 10
110.87
 20
117.36
 10
111.88
 20
116.78
 10
111.16
 20
115.92
  0
LWPOLYLINE
  5
460
330
17
100
AcDbEntity
  8
POLYLINES
100
AcDbPolyline
 90
5
 70
0
 10
110.44
 20
116.5
 10
109.58
 20
116.64
 10
109.72
 20
117.79
 10
110.87
 20
117.36
 10
110.44
 20
116.5
  0
LWPOLYLINE
  5
461
330
17
100
AcDbEntity
  8
POLYLINES
100
AcDbPolyline
 90
5
 70
0
 10
110.44
 20
116.5
 10
109.58
 20
116.64
 10
109.72
 20
117.79
 10
110.87
 20
117.36
 10
110.44
 20
116.5
  0
LWPOLYLINE
  5
462
330
17
100
AcDbEntity
  8
POLYLINES
100
AcDbPolyline
 90
5
 70
0
 10
109.58
 20
116.64
 10
108.57
 20
116.64
 10
108.43
 20
117.79
 10
109.72
 20
117.79
 10
109.58
 20
116.64
  0
LWPOLYLINE
  5
463
330
17
100
AcDbEntity
  8
POLYLINES
100
AcDbPolyline
 90
5
 70
0
 10
109.58
 20
116.64
 10
108.57
 20
116.64
 10
108.43
 20
117.79
 10
109.72
 20
117.79
 10
109.58
 20
116.64
  0
LWPOLYLINE
  5
464
330
17
100
AcDbEntity
  8
POLYLINES
100
AcDbPolyline
 90
5
 70
0
 10
108.57
 20
116.64
 10
107.71
 20
116.5
 10
107.27
 20
117.36
 10
108.43
 20
117.79
 10
108.57
 20
116.64
  0
LWPOLYLINE
  5
465
330
17
100
AcDbEntity
  8
POLYLINES
100
AcDbPolyline
 90
5
 70
0
 10
108.57
 20
116.64
 10
107.71
 20
116.5
 10
107.27
 20
117.36
 10
108.43
 20
117.79
 10
108.57
 20
116.64
  0
LWPOLYLINE
  5
466
330
17
100
AcDbEntity
  8
POLYLINES
100
AcDbPolyline
 90
5
 70
0
 10
107.71
 20
116.5
 10
106.99
 20
115.92
 10
106.27
 20
116.78
 10
107.27
 20
117.36
 10
107.71
 20
116.5
  0
LWPOLYLINE
  5
467
330
17
100
AcDbEntity
  8
POLYLINES
100
AcDbPolyline
 90
5
 70
0
 10
107.71
 20
116.5
 10
106.99
 20
115.92
 10
106.27
 20
116.78
 10
107.27
 20
117.36
 10
107.71
 20
116.5
  0
LWPOLYLINE
  5
468
330
17
100
AcDbEntity
  8
POLYLINES
100
AcDbPolyline
 90
5
 70
0
 10
106.99
 20
115.92
 10
106.41
 20
115.2
 10
105.55
 20
115.78
 10
106.27
 20
116.78
 10
106.99
 20
115.92
  0
LWPOLYLINE
  5
469
330
17
100
AcDbEntity
  8
POLYLINES
100
AcDbPolyline
 90
5
 70
0
 10
106.99
 20
115.92
 10
106.41
 20
115.2
 10
105.55
 20
115.78
 10
106.27
 20
116.78
 10
106.99
 20
115.92
  0
LWPOLYLINE
  5
46A
330
17
100
AcDbEntity
  8
POLYLINES
100
AcDbPolyline
 90
5
 70
0
 10
106.41
 20
115.2
 10
105.98
 20
114.48
 10
104.97
 20
114.77
 10
105.55
 20
115.78
 10
106.41
 20
115.2
  0
LWPOLYLINE
  5
46B
330
17
100
AcDbEntity
  8
POLYLINES
100
AcDbPolyline
 90
5
 70
0
 10
106.41
 20
115.2
 10
105.98
 20
114.48
 10
104.97
 20
114.77
 10
105.55
 20
115.78
 10
106.41
 20
115.2
  0
LWPOLYLINE
  5
46C
330
17
100
AcDbEntity
  8
POLYLINES
100
AcDbPolyline
 90
5
 70
0
 10
105.98
 20
114.48
 10
105.83
 20
113.47
 10
104.83
 20
113.47
 10
104.97
 20
114.77
 10
105.98
 20
114.48
  0
LWPOLYLINE
  5
46D
330
17
100
AcDbEntity
  8
POLYLINES
100
AcDbPolyline
 90
5
 70
0
 10
105.98
 20
114.48
 10
105.83
 20
113.47
 10
104.83
 20
113.47
 10
104.97
 20
114.77
 10
105.98
 20
114.48
  0
LWPOLYLINE
  5
46E
330
17
100
AcDbEntity
  8
POLYLINES
100
AcDbPolyline
 90
5
 70
0
 10
106.55
 20
88.7
 10
106.7
 20
87.7
 10
105.69
 20
87.41
 10
105.55
 20
88.7
 10
106.55
 20
88.7
  0
LWPOLYLINE
  5
46F
330
17
100
AcDbEntity
  8
POLYLINES
100
AcDbPolyline
 90
5
 70
0
 10
106.55
 20
88.7
 10
106.7
 20
87.7
 10
105.69
 20
87.41
 10
105.55
 20
88.7
 10
106.55
 20
88.7
  0
LWPOLYLINE
  5
470
330
17
100
AcDbEntity
  8
POLYLINES
100
AcDbPolyline
 90
5
 70
0
 10
106.7
 20
87.7
 10
107.13
 20
86.98
 10
106.12
 20
86.4
 10
105.69
 20
87.41
 10
106.7
 20
87.7
  0
LWPOLYLINE
  5
471
330
17
100
AcDbEntity
  8
POLYLINES
100
AcDbPolyline
 90
5
 70
0
 10
106.7
 20
87.7
 10
107.13
 20
86.98
 10
106.12
 20
86.4
 10
105.69
 20
87.41
 10
106.7
 20
87.7
  0
LWPOLYLINE
  5
472
330
17
100
AcDbEntity
  8
POLYLINES
100
AcDbPolyline
 90
5
 70
0
 10
107.13
 20
86.98
 10
107.71
 20
86.26
 10
106.99
 20
85.39
 10
106.12
 20
86.4
 10
107.13
 20
86.98
  0
LWPOLYLINE
  5
473
330
17
100
AcDbEntity
  8
POLYLINES
100
AcDbPolyline
 90
5
 70
0
 10
107.13
 20
86.98
 10
107.71
 20
86.26
 10
106.99
 20
85.39
 10
106.12
 20
86.4
 10
107.13
 20
86.98
  0
LWPOLYLINE
  5
474
330
17
100
AcDbEntity
  8
POLYLINES
100
AcDbPolyline
 90
5
 70
0
 10
107.71
 20
86.26
 10
108.43
 20
85.68
 10
107.99
 20
84.82
 10
106.99
 20
85.39
 10
107.71
 20
86.26
  0
LWPOLYLINE
  5
475
330
17
100
AcDbEntity
  8
POLYLINES
100
AcDbPolyline
 90
5
 70
0
 10
107.71
 20
86.26
 10
108.43
 20
85.68
 10
107.99
 20
84.82
 10
106.99
 20
85.39
 10
107.71
 20
86.26
  0
LWPOLYLINE
  5
476
330
17
100
AcDbEntity
  8
POLYLINES
100
AcDbPolyline
 90
5
 70
0
 10
108.43
 20
85.68
 10
109.29
 20
85.54
 10
109.15
 20
84.38
 10
107.99
 20
84.82
 10
108.43
 20
85.68
  0
LWPOLYLINE
  5
477
330
17
100
AcDbEntity
  8
POLYLINES
100
AcDbPolyline
 90
5
 70
0
 10
108.43
 20
85.68
 10
109.29
 20
85.54
 10
109.15
 20
84.38
 10
107.99
 20
84.82
 10
108.43
 20
85.68
  0
LWPOLYLINE
  5
478
330
17
100
AcDbEntity
  8
POLYLINES
100
AcDbPolyline
 90
5
 70
0
 10
109.29
 20
85.54
 10
110.15
 20
85.54
 10
110.3
 20
84.38
 10
109.15
 20
84.38
 10
109.29
 20
85.54
  0
LWPOLYLINE
  5
479
330
17
100
AcDbEntity
  8
POLYLINES
100
AcDbPolyline
 90
5
 70
0
 10
109.29
 20
85.54
 10
110.15
 20
85.54
 10
110.3
 20
84.38
 10
109.15
 20
84.38
 10
109.29
 20
85.54
  0
LWPOLYLINE
  5
47A
330
17
100
AcDbEntity
  8
POLYLINES
100
AcDbPolyline
 90
5
 70
0
 10
110.15
 20
85.54
 10
111.02
 20
85.68
 10
111.45
 20
84.82
 10
110.3
 20
84.38
 10
110.15
 20
85.54
  0
LWPOLYLINE
  5
47B
330
17
100
AcDbEntity
  8
POLYLINES
100
AcDbPolyline
 90
5
 70
0
 10
110.15
 20
85.54
 10
111.02
 20
85.68
 10
111.45
 20
84.82
 10
110.3
 20
84.38
 10
110.15
 20
85.54
  0
LWPOLYLINE
  5
47C
330
17
100
AcDbEntity
  8
POLYLINES
100
AcDbPolyline
 90
5
 70
0
 10
111.02
 20
85.68
 10
111.88
 20
86.26
 10
112.6
 20
85.39
 10
111.45
 20
84.82
 10
111.02
 20
85.68
  0
LWPOLYLINE
  5
47D
330
17
100
AcDbEntity
  8
POLYLINES
100
AcDbPolyline
 90
5
 70
0
 10
111.02
 20
85.68
 10
111.88
 20
86.26
 10
112.6
 20
85.39
 10
111.45
 20
84.82
 10
111.02
 20
85.68
  0
LWPOLYLINE
  5
47E
330
17
100
AcDbEntity
  8
POLYLINES
100
AcDbPolyline
 90
5
 70
0
 10
111.88
 20
86.26
 10
112.46
 20
86.98
 10
113.32
 20
86.4
 10
112.6
 20
85.39
 10
111.88
 20
86.26
  0
LWPOLYLINE
  5
47F
330
17
100
AcDbEntity
  8
POLYLINES
100
AcDbPolyline
 90
5
 70
0
 10
111.88
 20
86.26
 10
112.46
 20
86.98
 10
113.32
 20
86.4
 10
112.6
 20
85.39
 10
111.88
 20
86.26
  0
LWPOLYLINE
  5
480
330
17
100
AcDbEntity
  8
POLYLINES
100
AcDbPolyline
 90
5
 70
0
 10
112.46
 20
86.98
 10
112.75
 20
87.7
 10
113.9
 20
87.41
 10
113.32
 20
86.4
 10
112.46
 20
86.98
  0
LWPOLYLINE
  5
481
330
17
100
AcDbEntity
  8
POLYLINES
100
AcDbPolyline
 90
5
 70
0
 10
112.46
 20
86.98
 10
112.75
 20
87.7
 10
113.9
 20
87.41
 10
113.32
 20
86.4
 10
112.46
 20
86.98
  0
LWPOLYLINE
  5
482
330
17
100
AcDbEntity
  8
POLYLINES
100
AcDbPolyline
 90
5
 70
0
 10
112.75
 20
87.7
 10
112.89
 20
88.7
 10
114.04
 20
88.7
 10
113.9
 20
87.41
 10
112.75
 20
87.7
  0
LWPOLYLINE
  5
483
330
17
100
AcDbEntity
  8
POLYLINES
100
AcDbPolyline
 90
5
 70
0
 10
112.75
 20
87.7
 10
112.89
 20
88.7
 10
114.04
 20
88.7
 10
113.9
 20
87.41
 10
112.75
 20
87.7
  0
LWPOLYLINE
  5
484
330
17
100
AcDbEntity
  8
POLYLINES
100
AcDbPolyline
 90
5
 70
0
 10
112.89
 20
88.7
 10
112.75
 20
89.57
 10
113.9
 20
89.86
 10
114.04
 20
88.7
 10
112.89
 20
88.7
  0
LWPOLYLINE
  5
485
330
17
100
AcDbEntity
  8
POLYLINES
100
AcDbPolyline
 90
5
 70
0
 10
112.89
 20
88.7
 10
112.75
 20
89.57
 10
113.9
 20
89.86
 10
114.04
 20
88.7
 10
112.89
 20
88.7
  0
LWPOLYLINE
  5
486
330
17
100
AcDbEntity
  8
POLYLINES
100
AcDbPolyline
 90
5
 70
0
 10
112.75
 20
89.57
 10
112.46
 20
90.43
 10
113.32
 20
91.01
 10
113.9
 20
89.86
 10
112.75
 20
89.57
  0
LWPOLYLINE
  5
487
330
17
100
AcDbEntity
  8
POLYLINES
100
AcDbPolyline
 90
5
 70
0
 10
112.75
 20
89.57
 10
112.46
 20
90.43
 10
113.32
 20
91.01
 10
113.9
 20
89.86
 10
112.75
 20
89.57
  0
LWPOLYLINE
  5
488
330
17
100
AcDbEntity
  8
POLYLINES
100
AcDbPolyline
 90
5
 70
0
 10
112.46
 20
90.43
 10
111.88
 20
91.01
 10
112.6
 20
91.87
 10
113.32
 20
91.01
 10
112.46
 20
90.43
  0
LWPOLYLINE
  5
489
330
17
100
AcDbEntity
  8
POLYLINES
100
AcDbPolyline
 90
5
 70
0
 10
112.46
 20
90.43
 10
111.88
 20
91.01
 10
112.6
 20
91.87
 10
113.32
 20
91.01
 10
112.46
 20
90.43
  0
LWPOLYLINE
  5
48A
330
17
100
AcDbEntity
  8
POLYLINES
100
AcDbPolyline
 90
5
 70
0
 10
111.88
 20
91.01
 10
111.02
 20
91.58
 10
111.45
 20
92.45
 10
112.6
 20
91.87
 10
111.88
 20
91.01
  0
LWPOLYLINE
  5
48B
330
17
100
AcDbEntity
  8
POLYLINES
100
AcDbPolyline
 90
5
 70
0
 10
111.88
 20
91.01
 10
111.02
 20
91.58
 10
111.45
 20
92.45
 10
112.6
 20
91.87
 10
111.88
 20
91.01
  0
LWPOLYLINE
  5
48C
330
17
100
AcDbEntity
  8
POLYLINES
100
AcDbPolyline
 90
5
 70
0
 10
111.02
 20
91.58
 10
110.15
 20
91.73
 10
110.3
 20
92.88
 10
111.45
 20
92.45
 10
111.02
 20
91.58
  0
LWPOLYLINE
  5
48D
330
17
100
AcDbEntity
  8
POLYLINES
100
AcDbPolyline
 90
5
 70
0
 10
111.02
 20
91.58
 10
110.15
 20
91.73
 10
110.3
 20
92.88
 10
111.45
 20
92.45
 10
111.02
 20
91.58
  0
LWPOLYLINE
  5
48E
330
17
100
AcDbEntity
  8
POLYLINES
100
AcDbPolyline
 90
5
 70
0
 10
110.15
 20
91.73
 10
109.29
 20
91.73
 10
109.15
 20
92.88
 10
110.3
 20
92.88
 10
110.15
 20
91.73
  0
LWPOLYLINE
  5
48F
330
17
100
AcDbEntity
  8
POLYLINES
100
AcDbPolyline
 90
5
 70
0
 10
110.15
 20
91.73
 10
109.29
 20
91.73
 10
109.15
 20
92.88
 10
110.3
 20
92.88
 10
110.15
 20
91.73
  0
LWPOLYLINE
  5
490
330
17
100
AcDbEntity
  8
POLYLINES
100
AcDbPolyline
 90
5
 70
0
 10
109.29
 20
91.73
 10
108.43
 20
91.58
 10
107.99
 20
92.45
 10
109.15
 20
92.88
 10
109.29
 20
91.73
  0
LWPOLYLINE
  5
491
330
17
100
AcDbEntity
  8
POLYLINES
100
AcDbPolyline
 90
5
 70
0
 10
109.29
 20
91.73
 10
108.43
 20
91.58
 10
107.99
 20
92.45
 10
109.15
 20
92.88
 10
109.29
 20
91.73
  0
LWPOLYLINE
  5
492
330
17
100
AcDbEntity
  8
POLYLINES
100
AcDbPolyline
 90
5
 70
0
 10
108.43
 20
91.58
 10
107.71
 20
91.01
 10
106.99
 20
91.87
 10
107.99
 20
92.45
 10
108.43
 20
91.58
  0
LWPOLYLINE
  5
493
330
17
100
AcDbEntity
  8
POLYLINES
100
AcDbPolyline
 90
5
 70
0
 10
108.43
 20
91.58
 10
107.71
 20
91.01
 10
106.99
 20
91.87
 10
107.99
 20
92.45
 10
108.43
 20
91.58
  0
LWPOLYLINE
  5
494
330
17
100
AcDbEntity
  8
POLYLINES
100
AcDbPolyline
 90
5
 70
0
 10
107.71
 20
91.01
 10
107.13
 20
90.43
 10
106.12
 20
91.01
 10
106.99
 20
91.87
 10
107.71
 20
91.01
  0
LWPOLYLINE
  5
495
330
17
100
AcDbEntity
  8
POLYLINES
100
AcDbPolyline
 90
5
 70
0
 10
107.71
 20
91.01
 10
107.13
 20
90.43
 10
106.12
 20
91.01
 10
106.99
 20
91.87
 10
107.71
 20
91.01
  0
LWPOLYLINE
  5
496
330
17
100
AcDbEntity
  8
POLYLINES
100
AcDbPolyline
 90
5
 70
0
 10
107.13
 20
90.43
 10
106.7
 20
89.57
 10
105.69
 20
89.86
 10
106.12
 20
91.01
 10
107.13
 20
90.43
  0
LWPOLYLINE
  5
497
330
17
100
AcDbEntity
  8
POLYLINES
100
AcDbPolyline
 90
5
 70
0
 10
107.13
 20
90.43
 10
106.7
 20
89.57
 10
105.69
 20
89.86
 10
106.12
 20
91.01
 10
107.13
 20
90.43
  0
LWPOLYLINE
  5
498
330
17
100
AcDbEntity
  8
POLYLINES
100
AcDbPolyline
 90
5
 70
0
 10
106.7
 20
89.57
 10
106.55
 20
88.7
 10
105.55
 20
88.7
 10
105.69
 20
89.86
 10
106.7
 20
89.57
  0
LWPOLYLINE
  5
499
330
17
100
AcDbEntity
  8
POLYLINES
100
AcDbPolyline
 90
5
 70
0
 10
106.7
 20
89.57
 10
106.55
 20
88.7
 10
105.55
 20
88.7
 10
105.69
 20
89.86
 10
106.7
 20
89.57
  0
LINE
  5
49A
330
17
100
AcDbEntity
  8
LINES
100
AcDbLine
 10
118.51
 20
71.42
 30
0.0
 11
102.67
 21
71.42
 31
0.0
  0
LINE
  5
49B
330
17
100
AcDbEntity
  8
LINES
100
AcDbLine
 10
118.51
 20
62.35
 30
0.0
 11
118.51
 21
71.42
 31
0.0
  0
LINE
  5
49C
330
17
100
AcDbEntity
  8
LINES
100
AcDbLine
 10
102.67
 20
62.35
 30
0.0
 11
118.51
 21
62.35
 31
0.0
  0
LINE
  5
49D
330
17
100
AcDbEntity
  8
LINES
100
AcDbLine
 10
102.67
 20
71.42
 30
0.0
 11
102.67
 21
62.35
 31
0.0
  0
LINE
  5
49E
330
17
100
AcDbEntity
  8
LINES
100
AcDbLine
 10
841.96
 20
529.34
 30
0.0
 11
863.35
 21
560.38
 31
0.0
  0
LINE
  5
49F
330
17
100
AcDbEntity
  8
LINES
100
AcDbLine
 10
839.87
 20
432.36
 30
0.0
 11
841.96
 21
529.34
 31
0.0
  0
LINE
  5
4A0
330
17
100
AcDbEntity
  8
LINES
100
AcDbLine
 10
722.23
 20
365.83
 30
0.0
 11
839.87
 21
432.36
 31
0.0
  0
LWPOLYLINE
  5
4A1
330
17
100
AcDbEntity
  8
POLYLINES
100
AcDbPolyline
 90
5
 70
0
 10
518.11
 20
491.62
 10
518.25
 20
490.32
 10
517.24
 20
490.03
 10
516.95
 20
491.62
 10
518.11
 20
491.62
  0
LWPOLYLINE
  5
4A2
330
17
100
AcDbEntity
  8
POLYLINES
100
AcDbPolyline
 90
5
 70
0
 10
518.11
 20
491.62
 10
518.25
 20
490.32
 10
517.24
 20
490.03
 10
516.95
 20
491.62
 10
518.11
 20
491.62
  0
LWPOLYLINE
  5
4A3
330
17
100
AcDbEntity
  8
POLYLINES
100
AcDbPolyline
 90
5
 70
0
 10
518.25
 20
490.32
 10
518.68
 20
489.02
 10
517.67
 20
488.59
 10
517.24
 20
490.03
 10
518.25
 20
490.32
  0
LWPOLYLINE
  5
4A4
330
17
100
AcDbEntity
  8
POLYLINES
100
AcDbPolyline
 90
5
 70
0
 10
518.25
 20
490.32
 10
518.68
 20
489.02
 10
517.67
 20
488.59
 10
517.24
 20
490.03
 10
518.25
 20
490.32
  0
LWPOLYLINE
  5
4A5
330
17
100
AcDbEntity
  8
POLYLINES
100
AcDbPolyline
 90
5
 70
0
 10
518.68
 20
489.02
 10
519.26
 20
487.87
 10
518.39
 20
487.15
 10
517.67
 20
488.59
 10
518.68
 20
489.02
  0
LWPOLYLINE
  5
4A6
330
17
100
AcDbEntity
  8
POLYLINES
100
AcDbPolyline
 90
5
 70
0
 10
518.68
 20
489.02
 10
519.26
 20
487.87
 10
518.39
 20
487.15
 10
517.67
 20
488.59
 10
518.68
 20
489.02
  0
LWPOLYLINE
  5
4A7
330
17
100
AcDbEntity
  8
POLYLINES
100
AcDbPolyline
 90
5
 70
0
 10
519.26
 20
487.87
 10
520.27
 20
486.86
 10
519.55
 20
486.0
 10
518.39
 20
487.15
 10
519.26
 20
487.87
  0
LWPOLYLINE
  5
4A8
330
17
100
AcDbEntity
  8
POLYLINES
100
AcDbPolyline
 90
5
 70
0
 10
519.26
 20
487.87
 10
520.27
 20
486.86
 10
519.55
 20
486.0
 10
518.39
 20
487.15
 10
519.26
 20
487.87
  0
LWPOLYLINE
  5
4A9
330
17
100
AcDbEntity
  8
POLYLINES
100
AcDbPolyline
 90
5
 70
0
 10
520.27
 20
486.86
 10
521.27
 20
486.0
 10
520.7
 20
485.14
 10
519.55
 20
486.0
 10
520.27
 20
486.86
  0
LWPOLYLINE
  5
4AA
330
17
100
AcDbEntity
  8
POLYLINES
100
AcDbPolyline
 90
5
 70
0
 10
520.27
 20
486.86
 10
521.27
 20
486.0
 10
520.7
 20
485.14
 10
519.55
 20
486.0
 10
520.27
 20
486.86
  0
LWPOLYLINE
  5
4AB
330
17
100
AcDbEntity
  8
POLYLINES
100
AcDbPolyline
 90
5
 70
0
 10
521.27
 20
486.0
 10
522.43
 20
485.57
 10
522.14
 20
484.56
 10
520.7
 20
485.14
 10
521.27
 20
486.0
  0
LWPOLYLINE
  5
4AC
330
17
100
AcDbEntity
  8
POLYLINES
100
AcDbPolyline
 90
5
 70
0
 10
521.27
 20
486.0
 10
522.43
 20
485.57
 10
522.14
 20
484.56
 10
520.7
 20
485.14
 10
521.27
 20
486.0
  0
LWPOLYLINE
  5
4AD
330
17
100
AcDbEntity
  8
POLYLINES
100
AcDbPolyline
 90
5
 70
0
 10
522.43
 20
485.57
 10
523.87
 20
485.28
 10
523.72
 20
484.13
 10
522.14
 20
484.56
 10
522.43
 20
485.57
  0
LWPOLYLINE
  5
4AE
330
17
100
AcDbEntity
  8
POLYLINES
100
AcDbPolyline
 90
5
 70
0
 10
522.43
 20
485.57
 10
523.87
 20
485.28
 10
523.72
 20
484.13
 10
522.14
 20
484.56
 10
522.43
 20
485.57
  0
LWPOLYLINE
  5
4AF
330
17
100
AcDbEntity
  8
POLYLINES
100
AcDbPolyline
 90
5
 70
0
 10
523.87
 20
485.28
 10
525.16
 20
485.28
 10
525.31
 20
484.13
 10
523.72
 20
484.13
 10
523.87
 20
485.28
  0
LWPOLYLINE
  5
4B0
330
17
100
AcDbEntity
  8
POLYLINES
100
AcDbPolyline
 90
5
 70
0
 10
523.87
 20
485.28
 10
525.16
 20
485.28
 10
525.31
 20
484.13
 10
523.72
 20
484.13
 10
523.87
 20
485.28
  0
LWPOLYLINE
  5
4B1
330
17
100
AcDbEntity
  8
POLYLINES
100
AcDbPolyline
 90
5
 70
0
 10
525.16
 20
485.28
 10
526.46
 20
485.57
 10
526.75
 20
484.56
 10
525.31
 20
484.13
 10
525.16
 20
485.28
  0
LWPOLYLINE
  5
4B2
330
17
100
AcDbEntity
  8
POLYLINES
100
AcDbPolyline
 90
5
 70
0
 10
525.16
 20
485.28
 10
526.46
 20
485.57
 10
526.75
 20
484.56
 10
525.31
 20
484.13
 10
525.16
 20
485.28
  0
LWPOLYLINE
  5
4B3
330
17
100
AcDbEntity
  8
POLYLINES
100
AcDbPolyline
 90
5
 70
0
 10
526.46
 20
485.57
 10
527.61
 20
486.0
 10
528.19
 20
485.14
 10
526.75
 20
484.56
 10
526.46
 20
485.57
  0
LWPOLYLINE
  5
4B4
330
17
100
AcDbEntity
  8
POLYLINES
100
AcDbPolyline
 90
5
 70
0
 10
526.46
 20
485.57
 10
527.61
 20
486.0
 10
528.19
 20
485.14
 10
526.75
 20
484.56
 10
526.46
 20
485.57
  0
LWPOLYLINE
  5
4B5
330
17
100
AcDbEntity
  8
POLYLINES
100
AcDbPolyline
 90
5
 70
0
 10
527.61
 20
486.0
 10
528.76
 20
486.86
 10
529.48
 20
486.0
 10
528.19
 20
485.14
 10
527.61
 20
486.0
  0
LWPOLYLINE
  5
4B6
330
17
100
AcDbEntity
  8
POLYLINES
100
AcDbPolyline
 90
5
 70
0
 10
527.61
 20
486.0
 10
528.76
 20
486.86
 10
529.48
 20
486.0
 10
528.19
 20
485.14
 10
527.61
 20
486.0
  0
LWPOLYLINE
  5
4B7
330
17
100
AcDbEntity
  8
POLYLINES
100
AcDbPolyline
 90
5
 70
0
 10
528.76
 20
486.86
 10
529.63
 20
487.87
 10
530.49
 20
487.15
 10
529.48
 20
486.0
 10
528.76
 20
486.86
  0
LWPOLYLINE
  5
4B8
330
17
100
AcDbEntity
  8
POLYLINES
100
AcDbPolyline
 90
5
 70
0
 10
528.76
 20
486.86
 10
529.63
 20
487.87
 10
530.49
 20
487.15
 10
529.48
 20
486.0
 10
528.76
 20
486.86
  0
LWPOLYLINE
  5
4B9
330
17
100
AcDbEntity
  8
POLYLINES
100
AcDbPolyline
 90
5
 70
0
 10
529.63
 20
487.87
 10
530.35
 20
489.02
 10
531.21
 20
488.59
 10
530.49
 20
487.15
 10
529.63
 20
487.87
  0
LWPOLYLINE
  5
4BA
330
17
100
AcDbEntity
  8
POLYLINES
100
AcDbPolyline
 90
5
 70
0
 10
529.63
 20
487.87
 10
530.35
 20
489.02
 10
531.21
 20
488.59
 10
530.49
 20
487.15
 10
529.63
 20
487.87
  0
LWPOLYLINE
  5
4BB
330
17
100
AcDbEntity
  8
POLYLINES
100
AcDbPolyline
 90
5
 70
0
 10
530.35
 20
489.02
 10
530.63
 20
490.32
 10
531.79
 20
490.03
 10
531.21
 20
488.59
 10
530.35
 20
489.02
  0
LWPOLYLINE
  5
4BC
330
17
100
AcDbEntity
  8
POLYLINES
100
AcDbPolyline
 90
5
 70
0
 10
530.35
 20
489.02
 10
530.63
 20
490.32
 10
531.79
 20
490.03
 10
531.21
 20
488.59
 10
530.35
 20
489.02
  0
LWPOLYLINE
  5
4BD
330
17
100
AcDbEntity
  8
POLYLINES
100
AcDbPolyline
 90
5
 70
0
 10
530.63
 20
490.32
 10
530.78
 20
491.62
 10
531.93
 20
491.62
 10
531.79
 20
490.03
 10
530.63
 20
490.32
  0
LWPOLYLINE
  5
4BE
330
17
100
AcDbEntity
  8
POLYLINES
100
AcDbPolyline
 90
5
 70
0
 10
530.63
 20
490.32
 10
530.78
 20
491.62
 10
531.93
 20
491.62
 10
531.79
 20
490.03
 10
530.63
 20
490.32
  0
LWPOLYLINE
  5
4BF
330
17
100
AcDbEntity
  8
POLYLINES
100
AcDbPolyline
 90
5
 70
0
 10
530.78
 20
491.62
 10
530.63
 20
492.91
 10
531.79
 20
493.06
 10
531.93
 20
491.62
 10
530.78
 20
491.62
  0
LWPOLYLINE
  5
4C0
330
17
100
AcDbEntity
  8
POLYLINES
100
AcDbPolyline
 90
5
 70
0
 10
530.78
 20
491.62
 10
530.63
 20
492.91
 10
531.79
 20
493.06
 10
531.93
 20
491.62
 10
530.78
 20
491.62
  0
LWPOLYLINE
  5
4C1
330
17
100
AcDbEntity
  8
POLYLINES
100
AcDbPolyline
 90
5
 70
0
 10
530.63
 20
492.91
 10
530.35
 20
494.21
 10
531.21
 20
494.64
 10
531.79
 20
493.06
 10
530.63
 20
492.91
  0
LWPOLYLINE
  5
4C2
330
17
100
AcDbEntity
  8
POLYLINES
100
AcDbPolyline
 90
5
 70
0
 10
530.63
 20
492.91
 10
530.35
 20
494.21
 10
531.21
 20
494.64
 10
531.79
 20
493.06
 10
530.63
 20
492.91
  0
LWPOLYLINE
  5
4C3
330
17
100
AcDbEntity
  8
POLYLINES
100
AcDbPolyline
 90
5
 70
0
 10
530.35
 20
494.21
 10
529.63
 20
495.36
 10
530.49
 20
495.94
 10
531.21
 20
494.64
 10
530.35
 20
494.21
  0
LWPOLYLINE
  5
4C4
330
17
100
AcDbEntity
  8
POLYLINES
100
AcDbPolyline
 90
5
 70
0
 10
530.35
 20
494.21
 10
529.63
 20
495.36
 10
530.49
 20
495.94
 10
531.21
 20
494.64
 10
530.35
 20
494.21
  0
LWPOLYLINE
  5
4C5
330
17
100
AcDbEntity
  8
POLYLINES
100
AcDbPolyline
 90
5
 70
0
 10
529.63
 20
495.36
 10
528.76
 20
496.37
 10
529.48
 20
497.09
 10
530.49
 20
495.94
 10
529.63
 20
495.36
  0
LWPOLYLINE
  5
4C6
330
17
100
AcDbEntity
  8
POLYLINES
100
AcDbPolyline
 90
5
 70
0
 10
529.63
 20
495.36
 10
528.76
 20
496.37
 10
529.48
 20
497.09
 10
530.49
 20
495.94
 10
529.63
 20
495.36
  0
LWPOLYLINE
  5
4C7
330
17
100
AcDbEntity
  8
POLYLINES
100
AcDbPolyline
 90
5
 70
0
 10
528.76
 20
496.37
 10
527.61
 20
497.09
 10
528.19
 20
497.95
 10
529.48
 20
497.09
 10
528.76
 20
496.37
  0
LWPOLYLINE
  5
4C8
330
17
100
AcDbEntity
  8
POLYLINES
100
AcDbPolyline
 90
5
 70
0
 10
528.76
 20
496.37
 10
527.61
 20
497.09
 10
528.19
 20
497.95
 10
529.48
 20
497.09
 10
528.76
 20
496.37
  0
LWPOLYLINE
  5
4C9
330
17
100
AcDbEntity
  8
POLYLINES
100
AcDbPolyline
 90
5
 70
0
 10
527.61
 20
497.09
 10
526.46
 20
497.66
 10
526.75
 20
498.67
 10
528.19
 20
497.95
 10
527.61
 20
497.09
  0
LWPOLYLINE
  5
4CA
330
17
100
AcDbEntity
  8
POLYLINES
100
AcDbPolyline
 90
5
 70
0
 10
527.61
 20
497.09
 10
526.46
 20
497.66
 10
526.75
 20
498.67
 10
528.19
 20
497.95
 10
527.61
 20
497.09
  0
LWPOLYLINE
  5
4CB
330
17
100
AcDbEntity
  8
POLYLINES
100
AcDbPolyline
 90
5
 70
0
 10
526.46
 20
497.66
 10
525.16
 20
497.95
 10
525.31
 20
498.96
 10
526.75
 20
498.67
 10
526.46
 20
497.66
  0
LWPOLYLINE
  5
4CC
330
17
100
AcDbEntity
  8
POLYLINES
100
AcDbPolyline
 90
5
 70
0
 10
526.46
 20
497.66
 10
525.16
 20
497.95
 10
525.31
 20
498.96
 10
526.75
 20
498.67
 10
526.46
 20
497.66
  0
LWPOLYLINE
  5
4CD
330
17
100
AcDbEntity
  8
POLYLINES
100
AcDbPolyline
 90
5
 70
0
 10
525.16
 20
497.95
 10
523.87
 20
497.95
 10
523.72
 20
498.96
 10
525.31
 20
498.96
 10
525.16
 20
497.95
  0
LWPOLYLINE
  5
4CE
330
17
100
AcDbEntity
  8
POLYLINES
100
AcDbPolyline
 90
5
 70
0
 10
525.16
 20
497.95
 10
523.87
 20
497.95
 10
523.72
 20
498.96
 10
525.31
 20
498.96
 10
525.16
 20
497.95
  0
LWPOLYLINE
  5
4CF
330
17
100
AcDbEntity
  8
POLYLINES
100
AcDbPolyline
 90
5
 70
0
 10
523.87
 20
497.95
 10
522.43
 20
497.66
 10
522.14
 20
498.67
 10
523.72
 20
498.96
 10
523.87
 20
497.95
  0
LWPOLYLINE
  5
4D0
330
17
100
AcDbEntity
  8
POLYLINES
100
AcDbPolyline
 90
5
 70
0
 10
523.87
 20
497.95
 10
522.43
 20
497.66
 10
522.14
 20
498.67
 10
523.72
 20
498.96
 10
523.87
 20
497.95
  0
LWPOLYLINE
  5
4D1
330
17
100
AcDbEntity
  8
POLYLINES
100
AcDbPolyline
 90
5
 70
0
 10
522.43
 20
497.66
 10
521.27
 20
497.09
 10
520.7
 20
497.95
 10
522.14
 20
498.67
 10
522.43
 20
497.66
  0
LWPOLYLINE
  5
4D2
330
17
100
AcDbEntity
  8
POLYLINES
100
AcDbPolyline
 90
5
 70
0
 10
522.43
 20
497.66
 10
521.27
 20
497.09
 10
520.7
 20
497.95
 10
522.14
 20
498.67
 10
522.43
 20
497.66
  0
LWPOLYLINE
  5
4D3
330
17
100
AcDbEntity
  8
POLYLINES
100
AcDbPolyline
 90
5
 70
0
 10
521.27
 20
497.09
 10
520.27
 20
496.37
 10
519.55
 20
497.09
 10
520.7
 20
497.95
 10
521.27
 20
497.09
  0
LWPOLYLINE
  5
4D4
330
17
100
AcDbEntity
  8
POLYLINES
100
AcDbPolyline
 90
5
 70
0
 10
521.27
 20
497.09
 10
520.27
 20
496.37
 10
519.55
 20
497.09
 10
520.7
 20
497.95
 10
521.27
 20
497.09
  0
LWPOLYLINE
  5
4D5
330
17
100
AcDbEntity
  8
POLYLINES
100
AcDbPolyline
 90
5
 70
0
 10
520.27
 20
496.37
 10
519.26
 20
495.36
 10
518.39
 20
495.94
 10
519.55
 20
497.09
 10
520.27
 20
496.37
  0
LWPOLYLINE
  5
4D6
330
17
100
AcDbEntity
  8
POLYLINES
100
AcDbPolyline
 90
5
 70
0
 10
520.27
 20
496.37
 10
519.26
 20
495.36
 10
518.39
 20
495.94
 10
519.55
 20
497.09
 10
520.27
 20
496.37
  0
LWPOLYLINE
  5
4D7
330
17
100
AcDbEntity
  8
POLYLINES
100
AcDbPolyline
 90
5
 70
0
 10
519.26
 20
495.36
 10
518.68
 20
494.21
 10
517.67
 20
494.64
 10
518.39
 20
495.94
 10
519.26
 20
495.36
  0
LWPOLYLINE
  5
4D8
330
17
100
AcDbEntity
  8
POLYLINES
100
AcDbPolyline
 90
5
 70
0
 10
519.26
 20
495.36
 10
518.68
 20
494.21
 10
517.67
 20
494.64
 10
518.39
 20
495.94
 10
519.26
 20
495.36
  0
LWPOLYLINE
  5
4D9
330
17
100
AcDbEntity
  8
POLYLINES
100
AcDbPolyline
 90
5
 70
0
 10
518.68
 20
494.21
 10
518.25
 20
492.91
 10
517.24
 20
493.06
 10
517.67
 20
494.64
 10
518.68
 20
494.21
  0
LWPOLYLINE
  5
4DA
330
17
100
AcDbEntity
  8
POLYLINES
100
AcDbPolyline
 90
5
 70
0
 10
518.68
 20
494.21
 10
518.25
 20
492.91
 10
517.24
 20
493.06
 10
517.67
 20
494.64
 10
518.68
 20
494.21
  0
LWPOLYLINE
  5
4DB
330
17
100
AcDbEntity
  8
POLYLINES
100
AcDbPolyline
 90
5
 70
0
 10
518.25
 20
492.91
 10
518.11
 20
491.62
 10
516.95
 20
491.62
 10
517.24
 20
493.06
 10
518.25
 20
492.91
  0
LWPOLYLINE
  5
4DC
330
17
100
AcDbEntity
  8
POLYLINES
100
AcDbPolyline
 90
5
 70
0
 10
518.25
 20
492.91
 10
518.11
 20
491.62
 10
516.95
 20
491.62
 10
517.24
 20
493.06
 10
518.25
 20
492.91
  0
LWPOLYLINE
  5
4DD
330
17
100
AcDbEntity
  8
POLYLINES
100
AcDbPolyline
 90
5
 70
0
 10
521.27
 20
491.62
 10
521.42
 20
490.61
 10
520.41
 20
490.32
 10
520.27
 20
491.62
 10
521.27
 20
491.62
  0
LWPOLYLINE
  5
4DE
330
17
100
AcDbEntity
  8
POLYLINES
100
AcDbPolyline
 90
5
 70
0
 10
521.27
 20
491.62
 10
521.42
 20
490.61
 10
520.41
 20
490.32
 10
520.27
 20
491.62
 10
521.27
 20
491.62
  0
LWPOLYLINE
  5
4DF
330
17
100
AcDbEntity
  8
POLYLINES
100
AcDbPolyline
 90
5
 70
0
 10
521.42
 20
490.61
 10
521.85
 20
489.89
 10
520.84
 20
489.31
 10
520.41
 20
490.32
 10
521.42
 20
490.61
  0
LWPOLYLINE
  5
4E0
330
17
100
AcDbEntity
  8
POLYLINES
100
AcDbPolyline
 90
5
 70
0
 10
521.42
 20
490.61
 10
521.85
 20
489.89
 10
520.84
 20
489.31
 10
520.41
 20
490.32
 10
521.42
 20
490.61
  0
LWPOLYLINE
  5
4E1
330
17
100
AcDbEntity
  8
POLYLINES
100
AcDbPolyline
 90
5
 70
0
 10
521.85
 20
489.89
 10
522.43
 20
489.17
 10
521.71
 20
488.3
 10
520.84
 20
489.31
 10
521.85
 20
489.89
  0
LWPOLYLINE
  5
4E2
330
17
100
AcDbEntity
  8
POLYLINES
100
AcDbPolyline
 90
5
 70
0
 10
521.85
 20
489.89
 10
522.43
 20
489.17
 10
521.71
 20
488.3
 10
520.84
 20
489.31
 10
521.85
 20
489.89
  0
LWPOLYLINE
  5
4E3
330
17
100
AcDbEntity
  8
POLYLINES
100
AcDbPolyline
 90
5
 70
0
 10
522.43
 20
489.17
 10
523.15
 20
488.74
 10
522.71
 20
487.73
 10
521.71
 20
488.3
 10
522.43
 20
489.17
  0
LWPOLYLINE
  5
4E4
330
17
100
AcDbEntity
  8
POLYLINES
100
AcDbPolyline
 90
5
 70
0
 10
522.43
 20
489.17
 10
523.15
 20
488.74
 10
522.71
 20
487.73
 10
521.71
 20
488.3
 10
522.43
 20
489.17
  0
LWPOLYLINE
  5
4E5
330
17
100
AcDbEntity
  8
POLYLINES
100
AcDbPolyline
 90
5
 70
0
 10
523.15
 20
488.74
 10
524.01
 20
488.45
 10
523.87
 20
487.44
 10
522.71
 20
487.73
 10
523.15
 20
488.74
  0
LWPOLYLINE
  5
4E6
330
17
100
AcDbEntity
  8
POLYLINES
100
AcDbPolyline
 90
5
 70
0
 10
523.15
 20
488.74
 10
524.01
 20
488.45
 10
523.87
 20
487.44
 10
522.71
 20
487.73
 10
523.15
 20
488.74
  0
LWPOLYLINE
  5
4E7
330
17
100
AcDbEntity
  8
POLYLINES
100
AcDbPolyline
 90
5
 70
0
 10
524.01
 20
488.45
 10
524.87
 20
488.45
 10
525.02
 20
487.44
 10
523.87
 20
487.44
 10
524.01
 20
488.45
  0
LWPOLYLINE
  5
4E8
330
17
100
AcDbEntity
  8
POLYLINES
100
AcDbPolyline
 90
5
 70
0
 10
524.01
 20
488.45
 10
524.87
 20
488.45
 10
525.02
 20
487.44
 10
523.87
 20
487.44
 10
524.01
 20
488.45
  0
LWPOLYLINE
  5
4E9
330
17
100
AcDbEntity
  8
POLYLINES
100
AcDbPolyline
 90
5
 70
0
 10
524.87
 20
488.45
 10
525.74
 20
488.74
 10
526.17
 20
487.73
 10
525.02
 20
487.44
 10
524.87
 20
488.45
  0
LWPOLYLINE
  5
4EA
330
17
100
AcDbEntity
  8
POLYLINES
100
AcDbPolyline
 90
5
 70
0
 10
524.87
 20
488.45
 10
525.74
 20
488.74
 10
526.17
 20
487.73
 10
525.02
 20
487.44
 10
524.87
 20
488.45
  0
LWPOLYLINE
  5
4EB
330
17
100
AcDbEntity
  8
POLYLINES
100
AcDbPolyline
 90
5
 70
0
 10
525.74
 20
488.74
 10
526.6
 20
489.17
 10
527.18
 20
488.3
 10
526.17
 20
487.73
 10
525.74
 20
488.74
  0
LWPOLYLINE
  5
4EC
330
17
100
AcDbEntity
  8
POLYLINES
100
AcDbPolyline
 90
5
 70
0
 10
525.74
 20
488.74
 10
526.6
 20
489.17
 10
527.18
 20
488.3
 10
526.17
 20
487.73
 10
525.74
 20
488.74
  0
LWPOLYLINE
  5
4ED
330
17
100
AcDbEntity
  8
POLYLINES
100
AcDbPolyline
 90
5
 70
0
 10
526.6
 20
489.17
 10
527.18
 20
489.89
 10
528.04
 20
489.31
 10
527.18
 20
488.3
 10
526.6
 20
489.17
  0
LWPOLYLINE
  5
4EE
330
17
100
AcDbEntity
  8
POLYLINES
100
AcDbPolyline
 90
5
 70
0
 10
526.6
 20
489.17
 10
527.18
 20
489.89
 10
528.04
 20
489.31
 10
527.18
 20
488.3
 10
526.6
 20
489.17
  0
LWPOLYLINE
  5
4EF
330
17
100
AcDbEntity
  8
POLYLINES
100
AcDbPolyline
 90
5
 70
0
 10
527.18
 20
489.89
 10
527.47
 20
490.61
 10
528.47
 20
490.32
 10
528.04
 20
489.31
 10
527.18
 20
489.89
  0
LWPOLYLINE
  5
4F0
330
17
100
AcDbEntity
  8
POLYLINES
100
AcDbPolyline
 90
5
 70
0
 10
527.18
 20
489.89
 10
527.47
 20
490.61
 10
528.47
 20
490.32
 10
528.04
 20
489.31
 10
527.18
 20
489.89
  0
LWPOLYLINE
  5
4F1
330
17
100
AcDbEntity
  8
POLYLINES
100
AcDbPolyline
 90
5
 70
0
 10
527.47
 20
490.61
 10
527.61
 20
491.62
 10
528.76
 20
491.62
 10
528.47
 20
490.32
 10
527.47
 20
490.61
  0
LWPOLYLINE
  5
4F2
330
17
100
AcDbEntity
  8
POLYLINES
100
AcDbPolyline
 90
5
 70
0
 10
527.47
 20
490.61
 10
527.61
 20
491.62
 10
528.76
 20
491.62
 10
528.47
 20
490.32
 10
527.47
 20
490.61
  0
LWPOLYLINE
  5
4F3
330
17
100
AcDbEntity
  8
POLYLINES
100
AcDbPolyline
 90
5
 70
0
 10
527.61
 20
491.62
 10
527.47
 20
492.48
 10
528.47
 20
492.77
 10
528.76
 20
491.62
 10
527.61
 20
491.62
  0
LWPOLYLINE
  5
4F4
330
17
100
AcDbEntity
  8
POLYLINES
100
AcDbPolyline
 90
5
 70
0
 10
527.61
 20
491.62
 10
527.47
 20
492.48
 10
528.47
 20
492.77
 10
528.76
 20
491.62
 10
527.61
 20
491.62
  0
LWPOLYLINE
  5
4F5
330
17
100
AcDbEntity
  8
POLYLINES
100
AcDbPolyline
 90
5
 70
0
 10
527.47
 20
492.48
 10
527.18
 20
493.34
 10
528.04
 20
493.92
 10
528.47
 20
492.77
 10
527.47
 20
492.48
  0
LWPOLYLINE
  5
4F6
330
17
100
AcDbEntity
  8
POLYLINES
100
AcDbPolyline
 90
5
 70
0
 10
527.47
 20
492.48
 10
527.18
 20
493.34
 10
528.04
 20
493.92
 10
528.47
 20
492.77
 10
527.47
 20
492.48
  0
LWPOLYLINE
  5
4F7
330
17
100
AcDbEntity
  8
POLYLINES
100
AcDbPolyline
 90
5
 70
0
 10
527.18
 20
493.34
 10
526.6
 20
493.92
 10
527.18
 20
494.78
 10
528.04
 20
493.92
 10
527.18
 20
493.34
  0
LWPOLYLINE
  5
4F8
330
17
100
AcDbEntity
  8
POLYLINES
100
AcDbPolyline
 90
5
 70
0
 10
527.18
 20
493.34
 10
526.6
 20
493.92
 10
527.18
 20
494.78
 10
528.04
 20
493.92
 10
527.18
 20
493.34
  0
LWPOLYLINE
  5
4F9
330
17
100
AcDbEntity
  8
POLYLINES
100
AcDbPolyline
 90
5
 70
0
 10
526.6
 20
493.92
 10
525.74
 20
494.5
 10
526.17
 20
495.5
 10
527.18
 20
494.78
 10
526.6
 20
493.92
  0
LWPOLYLINE
  5
4FA
330
17
100
AcDbEntity
  8
POLYLINES
100
AcDbPolyline
 90
5
 70
0
 10
526.6
 20
493.92
 10
525.74
 20
494.5
 10
526.17
 20
495.5
 10
527.18
 20
494.78
 10
526.6
 20
493.92
  0
LWPOLYLINE
  5
4FB
330
17
100
AcDbEntity
  8
POLYLINES
100
AcDbPolyline
 90
5
 70
0
 10
525.74
 20
494.5
 10
524.87
 20
494.78
 10
525.02
 20
495.79
 10
526.17
 20
495.5
 10
525.74
 20
494.5
  0
LWPOLYLINE
  5
4FC
330
17
100
AcDbEntity
  8
POLYLINES
100
AcDbPolyline
 90
5
 70
0
 10
525.74
 20
494.5
 10
524.87
 20
494.78
 10
525.02
 20
495.79
 10
526.17
 20
495.5
 10
525.74
 20
494.5
  0
LWPOLYLINE
  5
4FD
330
17
100
AcDbEntity
  8
POLYLINES
100
AcDbPolyline
 90
5
 70
0
 10
524.87
 20
494.78
 10
524.01
 20
494.78
 10
523.87
 20
495.79
 10
525.02
 20
495.79
 10
524.87
 20
494.78
  0
LWPOLYLINE
  5
4FE
330
17
100
AcDbEntity
  8
POLYLINES
100
AcDbPolyline
 90
5
 70
0
 10
524.87
 20
494.78
 10
524.01
 20
494.78
 10
523.87
 20
495.79
 10
525.02
 20
495.79
 10
524.87
 20
494.78
  0
LWPOLYLINE
  5
4FF
330
17
100
AcDbEntity
  8
POLYLINES
100
AcDbPolyline
 90
5
 70
0
 10
524.01
 20
494.78
 10
523.15
 20
494.5
 10
522.71
 20
495.5
 10
523.87
 20
495.79
 10
524.01
 20
494.78
  0
LWPOLYLINE
  5
500
330
17
100
AcDbEntity
  8
POLYLINES
100
AcDbPolyline
 90
5
 70
0
 10
524.01
 20
494.78
 10
523.15
 20
494.5
 10
522.71
 20
495.5
 10
523.87
 20
495.79
 10
524.01
 20
494.78
  0
LWPOLYLINE
  5
501
330
17
100
AcDbEntity
  8
POLYLINES
100
AcDbPolyline
 90
5
 70
0
 10
523.15
 20
494.5
 10
522.43
 20
493.92
 10
521.71
 20
494.78
 10
522.71
 20
495.5
 10
523.15
 20
494.5
  0
LWPOLYLINE
  5
502
330
17
100
AcDbEntity
  8
POLYLINES
100
AcDbPolyline
 90
5
 70
0
 10
523.15
 20
494.5
 10
522.43
 20
493.92
 10
521.71
 20
494.78
 10
522.71
 20
495.5
 10
523.15
 20
494.5
  0
LWPOLYLINE
  5
503
330
17
100
AcDbEntity
  8
POLYLINES
100
AcDbPolyline
 90
5
 70
0
 10
522.43
 20
493.92
 10
521.85
 20
493.34
 10
520.84
 20
493.92
 10
521.71
 20
494.78
 10
522.43
 20
493.92
  0
LWPOLYLINE
  5
504
330
17
100
AcDbEntity
  8
POLYLINES
100
AcDbPolyline
 90
5
 70
0
 10
522.43
 20
493.92
 10
521.85
 20
493.34
 10
520.84
 20
493.92
 10
521.71
 20
494.78
 10
522.43
 20
493.92
  0
LWPOLYLINE
  5
505
330
17
100
AcDbEntity
  8
POLYLINES
100
AcDbPolyline
 90
5
 70
0
 10
521.85
 20
493.34
 10
521.42
 20
492.48
 10
520.41
 20
492.77
 10
520.84
 20
493.92
 10
521.85
 20
493.34
  0
LWPOLYLINE
  5
506
330
17
100
AcDbEntity
  8
POLYLINES
100
AcDbPolyline
 90
5
 70
0
 10
521.85
 20
493.34
 10
521.42
 20
492.48
 10
520.41
 20
492.77
 10
520.84
 20
493.92
 10
521.85
 20
493.34
  0
LWPOLYLINE
  5
507
330
17
100
AcDbEntity
  8
POLYLINES
100
AcDbPolyline
 90
5
 70
0
 10
521.42
 20
492.48
 10
521.27
 20
491.62
 10
520.27
 20
491.62
 10
520.41
 20
492.77
 10
521.42
 20
492.48
  0
LWPOLYLINE
  5
508
330
17
100
AcDbEntity
  8
POLYLINES
100
AcDbPolyline
 90
5
 70
0
 10
521.42
 20
492.48
 10
521.27
 20
491.62
 10
520.27
 20
491.62
 10
520.41
 20
492.77
 10
521.42
 20
492.48
  0
LWPOLYLINE
  5
509
330
17
100
AcDbEntity
  8
POLYLINES
100
AcDbPolyline
 90
5
 70
0
 10
530.49
 20
495.79
 10
534.09
 20
496.37
 10
534.38
 20
494.35
 10
530.78
 20
493.78
 10
530.49
 20
495.79
  0
LWPOLYLINE
  5
50A
330
17
100
AcDbEntity
  8
POLYLINES
100
AcDbPolyline
 90
5
 70
0
 10
530.49
 20
495.79
 10
534.09
 20
496.37
 10
534.38
 20
494.35
 10
530.78
 20
493.78
 10
530.49
 20
495.79
  0
LINE
  5
50B
330
17
100
AcDbEntity
  8
LINES
100
AcDbLine
 10
540.57
 20
496.22
 30
0.0
 11
536.39
 21
495.65
 31
0.0
  0
LINE
  5
50C
330
17
100
AcDbEntity
  8
LINES
100
AcDbLine
 10
546.91
 20
497.23
 30
0.0
 11
542.73
 21
496.58
 31
0.0
  0
LINE
  5
50D
330
17
100
AcDbEntity
  8
LINES
100
AcDbLine
 10
553.24
 20
498.1
 30
0.0
 11
549.07
 21
497.52
 31
0.0
  0
LINE
  5
50E
330
17
100
AcDbEntity
  8
LINES
100
AcDbLine
 10
559.58
 20
499.1
 30
0.0
 11
555.26
 21
498.46
 31
0.0
  0
LINE
  5
50F
330
17
100
AcDbEntity
  8
LINES
100
AcDbLine
 10
565.77
 20
499.97
 30
0.0
 11
561.59
 21
499.39
 31
0.0
  0
LINE
  5
510
330
17
100
AcDbEntity
  8
LINES
100
AcDbLine
 10
572.11
 20
500.98
 30
0.0
 11
567.93
 21
500.33
 31
0.0
  0
LINE
  5
511
330
17
100
AcDbEntity
  8
LINES
100
AcDbLine
 10
578.44
 20
501.91
 30
0.0
 11
574.27
 21
501.26
 31
0.0
  0
LINE
  5
512
330
17
100
AcDbEntity
  8
LINES
100
AcDbLine
 10
584.78
 20
502.85
 30
0.0
 11
580.6
 21
502.2
 31
0.0
  0
LINE
  5
513
330
17
100
AcDbEntity
  8
LINES
100
AcDbLine
 10
591.11
 20
503.78
 30
0.0
 11
586.79
 21
503.14
 31
0.0
  0
LINE
  5
514
330
17
100
AcDbEntity
  8
LINES
100
AcDbLine
 10
597.31
 20
504.72
 30
0.0
 11
593.13
 21
504.07
 31
0.0
  0
LINE
  5
515
330
17
100
AcDbEntity
  8
LINES
100
AcDbLine
 10
603.64
 20
505.66
 30
0.0
 11
599.47
 21
505.01
 31
0.0
  0
LINE
  5
516
330
17
100
AcDbEntity
  8
LINES
100
AcDbLine
 10
609.98
 20
506.59
 30
0.0
 11
605.8
 21
505.94
 31
0.0
  0
LINE
  5
517
330
17
100
AcDbEntity
  8
LINES
100
AcDbLine
 10
616.31
 20
507.53
 30
0.0
 11
612.14
 21
506.88
 31
0.0
  0
LINE
  5
518
330
17
100
AcDbEntity
  8
LINES
100
AcDbLine
 10
622.65
 20
508.46
 30
0.0
 11
618.33
 21
507.82
 31
0.0
  0
LINE
  5
519
330
17
100
AcDbEntity
  8
LINES
100
AcDbLine
 10
628.84
 20
509.4
 30
0.0
 11
624.67
 21
508.75
 31
0.0
  0
LINE
  5
51A
330
17
100
AcDbEntity
  8
LINES
100
AcDbLine
 10
635.18
 20
510.34
 30
0.0
 11
631.0
 21
509.69
 31
0.0
  0
LINE
  5
51B
330
17
100
AcDbEntity
  8
LINES
100
AcDbLine
 10
641.51
 20
511.27
 30
0.0
 11
637.34
 21
510.62
 31
0.0
  0
LINE
  5
51C
330
17
100
AcDbEntity
  8
LINES
100
AcDbLine
 10
647.85
 20
512.21
 30
0.0
 11
643.67
 21
511.56
 31
0.0
  0
LINE
  5
51D
330
17
100
AcDbEntity
  8
LINES
100
AcDbLine
 10
654.19
 20
513.14
 30
0.0
 11
649.94
 21
512.5
 31
0.0
  0
LINE
  5
51E
330
17
100
AcDbEntity
  8
LINES
100
AcDbLine
 10
660.52
 20
514.08
 30
0.0
 11
656.2
 21
513.43
 31
0.0
  0
LINE
  5
51F
330
17
100
AcDbEntity
  8
LINES
100
AcDbLine
 10
666.71
 20
515.02
 30
0.0
 11
662.54
 21
514.37
 31
0.0
  0
LINE
  5
520
330
17
100
AcDbEntity
  8
LINES
100
AcDbLine
 10
673.05
 20
515.95
 30
0.0
 11
668.87
 21
515.38
 31
0.0
  0
LINE
  5
521
330
17
100
AcDbEntity
  8
LINES
100
AcDbLine
 10
679.39
 20
516.89
 30
0.0
 11
675.21
 21
516.24
 31
0.0
  0
LINE
  5
522
330
17
100
AcDbEntity
  8
LINES
100
AcDbLine
 10
685.72
 20
517.82
 30
0.0
 11
681.55
 21
517.25
 31
0.0
  0
LINE
  5
523
330
17
100
AcDbEntity
  8
LINES
100
AcDbLine
 10
692.06
 20
518.76
 30
0.0
 11
687.74
 21
518.11
 31
0.0
  0
LINE
  5
524
330
17
100
AcDbEntity
  8
LINES
100
AcDbLine
 10
698.25
 20
519.7
 30
0.0
 11
694.07
 21
519.12
 31
0.0
  0
LINE
  5
525
330
17
100
AcDbEntity
  8
LINES
100
AcDbLine
 10
704.59
 20
520.63
 30
0.0
 11
700.41
 21
519.98
 31
0.0
  0
LINE
  5
526
330
17
100
AcDbEntity
  8
LINES
100
AcDbLine
 10
710.92
 20
521.57
 30
0.0
 11
706.75
 21
520.99
 31
0.0
  0
LINE
  5
527
330
17
100
AcDbEntity
  8
LINES
100
AcDbLine
 10
717.26
 20
522.5
 30
0.0
 11
713.08
 21
521.86
 31
0.0
  0
LINE
  5
528
330
17
100
AcDbEntity
  8
LINES
100
AcDbLine
 10
723.59
 20
523.44
 30
0.0
 11
719.27
 21
522.86
 31
0.0
  0
LINE
  5
529
330
17
100
AcDbEntity
  8
LINES
100
AcDbLine
 10
729.79
 20
524.38
 30
0.0
 11
725.61
 21
523.8
 31
0.0
  0
LINE
  5
52A
330
17
100
AcDbEntity
  8
LINES
100
AcDbLine
 10
736.12
 20
525.31
 30
0.0
 11
731.95
 21
524.74
 31
0.0
  0
LINE
  5
52B
330
17
100
AcDbEntity
  8
LINES
100
AcDbLine
 10
742.46
 20
526.32
 30
0.0
 11
738.28
 21
525.67
 31
0.0
  0
LINE
  5
52C
330
17
100
AcDbEntity
  8
LINES
100
AcDbLine
 10
748.79
 20
527.18
 30
0.0
 11
744.62
 21
526.61
 31
0.0
  0
LINE
  5
52D
330
17
100
AcDbEntity
  8
LINES
100
AcDbLine
 10
755.13
 20
528.19
 30
0.0
 11
750.81
 21
527.54
 31
0.0
  0
LINE
  5
52E
330
17
100
AcDbEntity
  8
LINES
100
AcDbLine
 10
761.32
 20
529.06
 30
0.0
 11
757.15
 21
528.48
 31
0.0
  0
LINE
  5
52F
330
17
100
AcDbEntity
  8
LINES
100
AcDbLine
 10
767.66
 20
530.06
 30
0.0
 11
763.48
 21
529.42
 31
0.0
  0
LINE
  5
530
330
17
100
AcDbEntity
  8
LINES
100
AcDbLine
 10
773.99
 20
530.93
 30
0.0
 11
769.82
 21
530.35
 31
0.0
  0
LINE
  5
531
330
17
100
AcDbEntity
  8
LINES
100
AcDbLine
 10
780.33
 20
531.94
 30
0.0
 11
776.15
 21
531.29
 31
0.0
  0
LINE
  5
532
330
17
100
AcDbEntity
  8
LINES
100
AcDbLine
 10
786.67
 20
532.87
 30
0.0
 11
782.42
 21
532.22
 31
0.0
  0
LINE
  5
533
330
17
100
AcDbEntity
  8
LINES
100
AcDbLine
 10
793.0
 20
533.81
 30
0.0
 11
788.68
 21
533.16
 31
0.0
  0
LINE
  5
534
330
17
100
AcDbEntity
  8
LINES
100
AcDbLine
 10
799.19
 20
534.74
 30
0.0
 11
795.02
 21
534.1
 31
0.0
  0
LWPOLYLINE
  5
535
330
17
100
AcDbEntity
  8
POLYLINES
100
AcDbPolyline
 90
5
 70
0
 10
801.21
 20
535.97
 10
804.95
 20
536.54
 10
805.24
 20
534.67
 10
801.5
 20
534.1
 10
801.21
 20
535.97
  0
LWPOLYLINE
  5
536
330
17
100
AcDbEntity
  8
POLYLINES
100
AcDbPolyline
 90
5
 70
0
 10
801.21
 20
535.97
 10
804.95
 20
536.54
 10
805.24
 20
534.67
 10
801.5
 20
534.1
 10
801.21
 20
535.97
  0
LINE
  5
537
330
17
100
AcDbEntity
  8
LINES
100
AcDbLine
 10
809.56
 20
537.84
 30
0.0
 11
805.1
 21
535.61
 31
0.0
  0
LINE
  5
538
330
17
100
AcDbEntity
  8
LINES
100
AcDbLine
 10
815.32
 20
540.65
 30
0.0
 11
811.43
 21
538.78
 31
0.0
  0
LINE
  5
539
330
17
100
AcDbEntity
  8
LINES
100
AcDbLine
 10
821.08
 20
543.46
 30
0.0
 11
817.19
 21
541.58
 31
0.0
  0
LINE
  5
53A
330
17
100
AcDbEntity
  8
LINES
100
AcDbLine
 10
826.7
 20
546.26
 30
0.0
 11
822.95
 21
544.39
 31
0.0
  0
LINE
  5
53B
330
17
100
AcDbEntity
  8
LINES
100
AcDbLine
 10
832.46
 20
549.07
 30
0.0
 11
828.71
 21
547.2
 31
0.0
  0
LINE
  5
53C
330
17
100
AcDbEntity
  8
LINES
100
AcDbLine
 10
838.22
 20
551.88
 30
0.0
 11
834.33
 21
550.01
 31
0.0
  0
LINE
  5
53D
330
17
100
AcDbEntity
  8
LINES
100
AcDbLine
 10
843.98
 20
554.69
 30
0.0
 11
840.09
 21
552.82
 31
0.0
  0
LINE
  5
53E
330
17
100
AcDbEntity
  8
LINES
100
AcDbLine
 10
849.59
 20
557.5
 30
0.0
 11
845.85
 21
555.62
 31
0.0
  0
LINE
  5
53F
330
17
100
AcDbEntity
  8
LINES
100
AcDbLine
 10
855.35
 20
560.3
 30
0.0
 11
851.61
 21
558.43
 31
0.0
  0
LINE
  5
540
330
17
100
AcDbEntity
  8
LINES
100
AcDbLine
 10
861.83
 20
563.47
 30
0.0
 11
857.23
 21
561.24
 31
0.0
  0
LINE
  5
541
330
17
100
AcDbEntity
  8
LINES
100
AcDbLine
 10
530.2
 20
483.05
 30
0.0
 11
525.95
 21
484.85
 31
0.0
  0
LINE
  5
542
330
17
100
AcDbEntity
  8
LINES
100
AcDbLine
 10
536.03
 20
480.53
 30
0.0
 11
532.15
 21
482.18
 31
0.0
  0
LINE
  5
543
330
17
100
AcDbEntity
  8
LINES
100
AcDbLine
 10
541.94
 20
478.01
 30
0.0
 11
537.98
 21
479.74
 31
0.0
  0
LINE
  5
544
330
17
100
AcDbEntity
  8
LINES
100
AcDbLine
 10
547.77
 20
475.56
 30
0.0
 11
543.88
 21
477.22
 31
0.0
  0
LINE
  5
545
330
17
100
AcDbEntity
  8
LINES
100
AcDbLine
 10
553.67
 20
473.04
 30
0.0
 11
549.71
 21
474.7
 31
0.0
  0
LINE
  5
546
330
17
100
AcDbEntity
  8
LINES
100
AcDbLine
 10
559.51
 20
470.52
 30
0.0
 11
555.62
 21
472.18
 31
0.0
  0
LINE
  5
547
330
17
100
AcDbEntity
  8
LINES
100
AcDbLine
 10
565.41
 20
468.07
 30
0.0
 11
561.45
 21
469.66
 31
0.0
  0
LINE
  5
548
330
17
100
AcDbEntity
  8
LINES
100
AcDbLine
 10
571.24
 20
465.55
 30
0.0
 11
567.35
 21
467.21
 31
0.0
  0
LINE
  5
549
330
17
100
AcDbEntity
  8
LINES
100
AcDbLine
 10
577.15
 20
463.03
 30
0.0
 11
573.19
 21
464.69
 31
0.0
  0
LINE
  5
54A
330
17
100
AcDbEntity
  8
LINES
100
AcDbLine
 10
582.98
 20
460.51
 30
0.0
 11
579.09
 21
462.17
 31
0.0
  0
LINE
  5
54B
330
17
100
AcDbEntity
  8
LINES
100
AcDbLine
 10
588.88
 20
457.99
 30
0.0
 11
584.92
 21
459.72
 31
0.0
  0
LINE
  5
54C
330
17
100
AcDbEntity
  8
LINES
100
AcDbLine
 10
594.71
 20
455.54
 30
0.0
 11
590.83
 21
457.2
 31
0.0
  0
LINE
  5
54D
330
17
100
AcDbEntity
  8
LINES
100
AcDbLine
 10
600.62
 20
453.02
 30
0.0
 11
596.66
 21
454.68
 31
0.0
  0
LINE
  5
54E
330
17
100
AcDbEntity
  8
LINES
100
AcDbLine
 10
606.45
 20
450.5
 30
0.0
 11
602.56
 21
452.23
 31
0.0
  0
LINE
  5
54F
330
17
100
AcDbEntity
  8
LINES
100
AcDbLine
 10
612.35
 20
448.06
 30
0.0
 11
608.39
 21
449.71
 31
0.0
  0
LINE
  5
550
330
17
100
AcDbEntity
  8
LINES
100
AcDbLine
 10
618.19
 20
445.54
 30
0.0
 11
614.3
 21
447.19
 31
0.0
  0
LINE
  5
551
330
17
100
AcDbEntity
  8
LINES
100
AcDbLine
 10
624.02
 20
443.02
 30
0.0
 11
620.13
 21
444.67
 31
0.0
  0
LINE
  5
552
330
17
100
AcDbEntity
  8
LINES
100
AcDbLine
 10
629.92
 20
440.57
 30
0.0
 11
626.03
 21
442.15
 31
0.0
  0
LINE
  5
553
330
17
100
AcDbEntity
  8
LINES
100
AcDbLine
 10
635.83
 20
437.98
 30
0.0
 11
631.87
 21
439.7
 31
0.0
  0
LINE
  5
554
330
17
100
AcDbEntity
  8
LINES
100
AcDbLine
 10
641.66
 20
435.53
 30
0.0
 11
637.77
 21
437.18
 31
0.0
  0
LINE
  5
555
330
17
100
AcDbEntity
  8
LINES
100
AcDbLine
 10
647.49
 20
433.01
 30
0.0
 11
643.6
 21
434.66
 31
0.0
  0
LINE
  5
556
330
17
100
AcDbEntity
  8
LINES
100
AcDbLine
 10
653.39
 20
430.49
 30
0.0
 11
649.51
 21
432.22
 31
0.0
  0
LINE
  5
557
330
17
100
AcDbEntity
  8
LINES
100
AcDbLine
 10
659.3
 20
428.04
 30
0.0
 11
655.34
 21
429.7
 31
0.0
  0
LINE
  5
558
330
17
100
AcDbEntity
  8
LINES
100
AcDbLine
 10
665.13
 20
425.52
 30
0.0
 11
661.24
 21
427.18
 31
0.0
  0
LINE
  5
559
330
17
100
AcDbEntity
  8
LINES
100
AcDbLine
 10
670.96
 20
423.0
 30
0.0
 11
667.07
 21
424.73
 31
0.0
  0
LINE
  5
55A
330
17
100
AcDbEntity
  8
LINES
100
AcDbLine
 10
676.87
 20
420.55
 30
0.0
 11
672.98
 21
422.21
 31
0.0
  0
LINE
  5
55B
330
17
100
AcDbEntity
  8
LINES
100
AcDbLine
 10
682.77
 20
418.03
 30
0.0
 11
678.81
 21
419.69
 31
0.0
  0
LINE
  5
55C
330
17
100
AcDbEntity
  8
LINES
100
AcDbLine
 10
688.6
 20
415.51
 30
0.0
 11
684.71
 21
417.17
 31
0.0
  0
LINE
  5
55D
330
17
100
AcDbEntity
  8
LINES
100
AcDbLine
 10
694.43
 20
413.06
 30
0.0
 11
690.55
 21
414.65
 31
0.0
  0
LINE
  5
55E
330
17
100
AcDbEntity
  8
LINES
100
AcDbLine
 10
700.34
 20
410.47
 30
0.0
 11
696.45
 21
412.2
 31
0.0
  0
LINE
  5
55F
330
17
100
AcDbEntity
  8
LINES
100
AcDbLine
 10
706.24
 20
408.02
 30
0.0
 11
702.28
 21
409.68
 31
0.0
  0
LINE
  5
560
330
17
100
AcDbEntity
  8
LINES
100
AcDbLine
 10
712.07
 20
405.5
 30
0.0
 11
708.19
 21
407.16
 31
0.0
  0
LINE
  5
561
330
17
100
AcDbEntity
  8
LINES
100
AcDbLine
 10
717.91
 20
402.98
 30
0.0
 11
714.02
 21
404.71
 31
0.0
  0
LINE
  5
562
330
17
100
AcDbEntity
  8
LINES
100
AcDbLine
 10
723.81
 20
400.54
 30
0.0
 11
719.92
 21
402.19
 31
0.0
  0
LINE
  5
563
330
17
100
AcDbEntity
  8
LINES
100
AcDbLine
 10
729.71
 20
398.02
 30
0.0
 11
725.75
 21
399.67
 31
0.0
  0
LINE
  5
564
330
17
100
AcDbEntity
  8
LINES
100
AcDbLine
 10
735.55
 20
395.5
 30
0.0
 11
731.59
 21
397.22
 31
0.0
  0
LINE
  5
565
330
17
100
AcDbEntity
  8
LINES
100
AcDbLine
 10
741.38
 20
393.05
 30
0.0
 11
737.49
 21
394.7
 31
0.0
  0
LINE
  5
566
330
17
100
AcDbEntity
  8
LINES
100
AcDbLine
 10
747.28
 20
390.53
 30
0.0
 11
743.39
 21
392.18
 31
0.0
  0
LINE
  5
567
330
17
100
AcDbEntity
  8
LINES
100
AcDbLine
 10
753.11
 20
388.01
 30
0.0
 11
749.23
 21
389.66
 31
0.0
  0
LINE
  5
568
330
17
100
AcDbEntity
  8
LINES
100
AcDbLine
 10
759.02
 20
385.56
 30
0.0
 11
755.06
 21
387.14
 31
0.0
  0
LINE
  5
569
330
17
100
AcDbEntity
  8
LINES
100
AcDbLine
 10
764.85
 20
382.97
 30
0.0
 11
760.96
 21
384.7
 31
0.0
  0
LINE
  5
56A
330
17
100
AcDbEntity
  8
LINES
100
AcDbLine
 10
770.75
 20
380.52
 30
0.0
 11
766.87
 21
382.18
 31
0.0
  0
LINE
  5
56B
330
17
100
AcDbEntity
  8
LINES
100
AcDbLine
 10
776.59
 20
378.0
 30
0.0
 11
772.7
 21
379.66
 31
0.0
  0
LINE
  5
56C
330
17
100
AcDbEntity
  8
LINES
100
AcDbLine
 10
782.49
 20
375.48
 30
0.0
 11
778.53
 21
377.21
 31
0.0
  0
LINE
  5
56D
330
17
100
AcDbEntity
  8
LINES
100
AcDbLine
 10
788.32
 20
373.03
 30
0.0
 11
784.43
 21
374.69
 31
0.0
  0
LINE
  5
56E
330
17
100
AcDbEntity
  8
LINES
100
AcDbLine
 10
794.23
 20
370.51
 30
0.0
 11
790.34
 21
372.17
 31
0.0
  0
LINE
  5
56F
330
17
100
AcDbEntity
  8
LINES
100
AcDbLine
 10
800.06
 20
367.99
 30
0.0
 11
796.17
 21
369.72
 31
0.0
  0
LINE
  5
570
330
17
100
AcDbEntity
  8
LINES
100
AcDbLine
 10
805.96
 20
365.54
 30
0.0
 11
802.0
 21
367.13
 31
0.0
  0
LINE
  5
571
330
17
100
AcDbEntity
  8
LINES
100
AcDbLine
 10
811.79
 20
363.02
 30
0.0
 11
807.91
 21
364.68
 31
0.0
  0
LINE
  5
572
330
17
100
AcDbEntity
  8
LINES
100
AcDbLine
 10
817.7
 20
360.5
 30
0.0
 11
813.81
 21
362.16
 31
0.0
  0
LINE
  5
573
330
17
100
AcDbEntity
  8
LINES
100
AcDbLine
 10
823.53
 20
358.06
 30
0.0
 11
819.64
 21
359.64
 31
0.0
  0
LINE
  5
574
330
17
100
AcDbEntity
  8
LINES
100
AcDbLine
 10
829.43
 20
355.46
 30
0.0
 11
825.47
 21
357.19
 31
0.0
  0
LINE
  5
575
330
17
100
AcDbEntity
  8
LINES
100
AcDbLine
 10
835.27
 20
353.02
 30
0.0
 11
831.38
 21
354.67
 31
0.0
  0
LINE
  5
576
330
17
100
AcDbEntity
  8
LINES
100
AcDbLine
 10
841.17
 20
350.5
 30
0.0
 11
837.28
 21
352.15
 31
0.0
  0
LINE
  5
577
330
17
100
AcDbEntity
  8
LINES
100
AcDbLine
 10
847.36
 20
347.83
 30
0.0
 11
843.11
 21
349.7
 31
0.0
  0
LWPOLYLINE
  5
578
330
17
100
AcDbEntity
  8
POLYLINES
100
AcDbPolyline
 90
5
 70
0
 10
847.29
 20
348.91
 10
850.31
 20
349.06
 10
850.46
 20
347.04
 10
847.43
 20
346.9
 10
847.29
 20
348.91
  0
LWPOLYLINE
  5
579
330
17
100
AcDbEntity
  8
POLYLINES
100
AcDbPolyline
 90
5
 70
0
 10
847.29
 20
348.91
 10
850.31
 20
349.06
 10
850.46
 20
347.04
 10
847.43
 20
346.9
 10
847.29
 20
348.91
  0
LINE
  5
57A
330
17
100
AcDbEntity
  8
LINES
100
AcDbLine
 10
856.72
 20
348.41
 30
0.0
 11
852.55
 21
348.19
 31
0.0
  0
LINE
  5
57B
330
17
100
AcDbEntity
  8
LINES
100
AcDbLine
 10
863.13
 20
348.77
 30
0.0
 11
858.88
 21
348.48
 31
0.0
  0
LINE
  5
57C
330
17
100
AcDbEntity
  8
LINES
100
AcDbLine
 10
869.54
 20
349.06
 30
0.0
 11
865.22
 21
348.91
 31
0.0
  0
LINE
  5
57D
330
17
100
AcDbEntity
  8
LINES
100
AcDbLine
 10
875.87
 20
349.49
 30
0.0
 11
871.63
 21
349.2
 31
0.0
  0
LINE
  5
57E
330
17
100
AcDbEntity
  8
LINES
100
AcDbLine
 10
882.21
 20
349.78
 30
0.0
 11
878.03
 21
349.63
 31
0.0
  0
LINE
  5
57F
330
17
100
AcDbEntity
  8
LINES
100
AcDbLine
 10
888.55
 20
350.21
 30
0.0
 11
884.37
 21
349.92
 31
0.0
  0
LINE
  5
580
330
17
100
AcDbEntity
  8
LINES
100
AcDbLine
 10
894.95
 20
350.5
 30
0.0
 11
890.71
 21
350.28
 31
0.0
  0
LINE
  5
581
330
17
100
AcDbEntity
  8
LINES
100
AcDbLine
 10
901.36
 20
350.93
 30
0.0
 11
897.04
 21
350.64
 31
0.0
  0
LINE
  5
582
330
17
100
AcDbEntity
  8
LINES
100
AcDbLine
 10
907.7
 20
351.22
 30
0.0
 11
903.45
 21
351.0
 31
0.0
  0
LINE
  5
583
330
17
100
AcDbEntity
  8
LINES
100
AcDbLine
 10
914.03
 20
351.58
 30
0.0
 11
909.86
 21
351.36
 31
0.0
  0
LINE
  5
584
330
17
100
AcDbEntity
  8
LINES
100
AcDbLine
 10
920.44
 20
351.94
 30
0.0
 11
916.19
 21
351.72
 31
0.0
  0
LINE
  5
585
330
17
100
AcDbEntity
  8
LINES
100
AcDbLine
 10
926.85
 20
352.3
 30
0.0
 11
922.53
 21
352.08
 31
0.0
  0
LINE
  5
586
330
17
100
AcDbEntity
  8
LINES
100
AcDbLine
 10
933.19
 20
352.66
 30
0.0
 11
928.94
 21
352.37
 31
0.0
  0
LINE
  5
587
330
17
100
AcDbEntity
  8
LINES
100
AcDbLine
 10
939.52
 20
353.02
 30
0.0
 11
935.35
 21
352.8
 31
0.0
  0
LWPOLYLINE
  5
588
330
17
100
AcDbEntity
  8
POLYLINES
100
AcDbPolyline
 90
5
 70
0
 10
941.61
 20
354.1
 10
944.63
 20
354.24
 10
944.78
 20
352.37
 10
941.75
 20
352.08
 10
941.61
 20
354.1
  0
LWPOLYLINE
  5
589
330
17
100
AcDbEntity
  8
POLYLINES
100
AcDbPolyline
 90
5
 70
0
 10
941.61
 20
354.1
 10
944.63
 20
354.24
 10
944.78
 20
352.37
 10
941.75
 20
352.08
 10
941.61
 20
354.1
  0
LINE
  5
58A
330
17
100
AcDbEntity
  8
LINES
100
AcDbLine
 10
524.59
 20
481.82
 30
0.0
 11
524.44
 21
484.7
 31
0.0
  0
LINE
  5
58B
330
17
100
AcDbEntity
  8
LINES
100
AcDbLine
 10
525.16
 20
473.33
 30
0.0
 11
524.87
 21
477.5
 31
0.0
  0
LINE
  5
58C
330
17
100
AcDbEntity
  8
LINES
100
AcDbLine
 10
525.59
 20
464.83
 30
0.0
 11
525.31
 21
469.01
 31
0.0
  0
LINE
  5
58D
330
17
100
AcDbEntity
  8
LINES
100
AcDbLine
 10
526.17
 20
456.34
 30
0.0
 11
525.88
 21
460.58
 31
0.0
  0
LINE
  5
58E
330
17
100
AcDbEntity
  8
LINES
100
AcDbLine
 10
526.46
 20
449.21
 30
0.0
 11
526.31
 21
452.09
 31
0.0
  0
LINE
  5
58F
330
17
100
AcDbEntity
  8
LINES
100
AcDbLine
 10
516.31
 20
482.33
 30
0.0
 11
519.47
 21
486.86
 31
0.0
  0
LINE
  5
590
330
17
100
AcDbEntity
  8
LINES
100
AcDbLine
 10
511.55
 20
475.34
 30
0.0
 11
514.0
 21
478.87
 31
0.0
  0
LINE
  5
591
330
17
100
AcDbEntity
  8
LINES
100
AcDbLine
 10
506.8
 20
468.29
 30
0.0
 11
509.18
 21
471.82
 31
0.0
  0
LINE
  5
592
330
17
100
AcDbEntity
  8
LINES
100
AcDbLine
 10
502.05
 20
461.3
 30
0.0
 11
504.35
 21
464.76
 31
0.0
  0
LINE
  5
593
330
17
100
AcDbEntity
  8
LINES
100
AcDbLine
 10
496.58
 20
453.24
 30
0.0
 11
499.6
 21
457.78
 31
0.0
  0
LINE
  5
594
330
17
100
AcDbEntity
  8
LINES
100
AcDbLine
 10
489.67
 20
534.74
 30
0.0
 11
488.23
 21
536.76
 31
0.0
  0
LINE
  5
595
330
17
100
AcDbEntity
  8
LINES
100
AcDbLine
 10
494.63
 20
527.76
 30
0.0
 11
492.19
 21
531.22
 31
0.0
  0
LINE
  5
596
330
17
100
AcDbEntity
  8
LINES
100
AcDbLine
 10
499.6
 20
520.85
 30
0.0
 11
497.15
 21
524.3
 31
0.0
  0
LINE
  5
597
330
17
100
AcDbEntity
  8
LINES
100
AcDbLine
 10
504.5
 20
513.86
 30
0.0
 11
502.05
 21
517.39
 31
0.0
  0
LINE
  5
598
330
17
100
AcDbEntity
  8
LINES
100
AcDbLine
 10
509.39
 20
506.95
 30
0.0
 11
506.95
 21
510.41
 31
0.0
  0
LINE
  5
599
330
17
100
AcDbEntity
  8
LINES
100
AcDbLine
 10
514.29
 20
500.04
 30
0.0
 11
511.84
 21
503.5
 31
0.0
  0
LINE
  5
59A
330
17
100
AcDbEntity
  8
LINES
100
AcDbLine
 10
518.18
 20
494.5
 30
0.0
 11
516.74
 21
496.58
 31
0.0
  0
LINE
  5
59B
330
17
100
AcDbEntity
  8
LINES
100
AcDbLine
 10
515.23
 20
541.08
 30
0.0
 11
514.15
 21
546.26
 31
0.0
  0
LINE
  5
59C
330
17
100
AcDbEntity
  8
LINES
100
AcDbLine
 10
517.1
 20
532.73
 30
0.0
 11
516.16
 21
536.9
 31
0.0
  0
LINE
  5
59D
330
17
100
AcDbEntity
  8
LINES
100
AcDbLine
 10
518.83
 20
524.45
 30
0.0
 11
517.96
 21
528.55
 31
0.0
  0
LINE
  5
59E
330
17
100
AcDbEntity
  8
LINES
100
AcDbLine
 10
520.7
 20
516.17
 30
0.0
 11
519.76
 21
520.34
 31
0.0
  0
LINE
  5
59F
330
17
100
AcDbEntity
  8
LINES
100
AcDbLine
 10
522.43
 20
507.82
 30
0.0
 11
521.56
 21
511.99
 31
0.0
  0
LINE
  5
5A0
330
17
100
AcDbEntity
  8
LINES
100
AcDbLine
 10
524.44
 20
498.46
 30
0.0
 11
523.29
 21
503.64
 31
0.0
  0
LINE
  5
5A1
330
17
100
AcDbEntity
  8
LINES
100
AcDbLine
 10
489.88
 20
644.69
 30
0.0
 11
489.74
 21
648.14
 31
0.0
  0
LINE
  5
5A2
330
17
100
AcDbEntity
  8
LINES
100
AcDbLine
 10
490.17
 20
636.19
 30
0.0
 11
490.03
 21
640.51
 31
0.0
  0
LINE
  5
5A3
330
17
100
AcDbEntity
  8
LINES
100
AcDbLine
 10
490.6
 20
627.7
 30
0.0
 11
490.46
 21
632.02
 31
0.0
  0
LINE
  5
5A4
330
17
100
AcDbEntity
  8
LINES
100
AcDbLine
 10
491.03
 20
619.2
 30
0.0
 11
490.82
 21
623.52
 31
0.0
  0
LINE
  5
5A5
330
17
100
AcDbEntity
  8
LINES
100
AcDbLine
 10
491.39
 20
610.7
 30
0.0
 11
491.18
 21
615.02
 31
0.0
  0
LINE
  5
5A6
330
17
100
AcDbEntity
  8
LINES
100
AcDbLine
 10
491.75
 20
602.21
 30
0.0
 11
491.61
 21
606.53
 31
0.0
  0
LINE
  5
5A7
330
17
100
AcDbEntity
  8
LINES
100
AcDbLine
 10
492.19
 20
593.71
 30
0.0
 11
491.97
 21
598.03
 31
0.0
  0
LINE
  5
5A8
330
17
100
AcDbEntity
  8
LINES
100
AcDbLine
 10
492.55
 20
585.22
 30
0.0
 11
492.33
 21
589.54
 31
0.0
  0
LINE
  5
5A9
330
17
100
AcDbEntity
  8
LINES
100
AcDbLine
 10
492.91
 20
576.72
 30
0.0
 11
492.76
 21
581.04
 31
0.0
  0
LINE
  5
5AA
330
17
100
AcDbEntity
  8
LINES
100
AcDbLine
 10
493.34
 20
568.22
 30
0.0
 11
493.19
 21
572.54
 31
0.0
  0
LINE
  5
5AB
330
17
100
AcDbEntity
  8
LINES
100
AcDbLine
 10
493.77
 20
559.73
 30
0.0
 11
493.48
 21
564.05
 31
0.0
  0
LINE
  5
5AC
330
17
100
AcDbEntity
  8
LINES
100
AcDbLine
 10
494.06
 20
551.23
 30
0.0
 11
493.91
 21
555.55
 31
0.0
  0
LINE
  5
5AD
330
17
100
AcDbEntity
  8
LINES
100
AcDbLine
 10
494.49
 20
543.6
 30
0.0
 11
494.35
 21
547.06
 31
0.0
  0
LINE
  5
5AE
330
17
100
AcDbEntity
  8
LINES
100
AcDbLine
 10
496.0
 20
540.79
 30
0.0
 11
494.42
 21
543.67
 31
0.0
  0
LINE
  5
5AF
330
17
100
AcDbEntity
  8
LINES
100
AcDbLine
 10
500.03
 20
533.3
 30
0.0
 11
498.02
 21
537.05
 31
0.0
  0
LINE
  5
5B0
330
17
100
AcDbEntity
  8
LINES
100
AcDbLine
 10
504.14
 20
525.82
 30
0.0
 11
502.12
 21
529.56
 31
0.0
  0
LINE
  5
5B1
330
17
100
AcDbEntity
  8
LINES
100
AcDbLine
 10
508.24
 20
518.33
 30
0.0
 11
506.23
 21
522.07
 31
0.0
  0
LINE
  5
5B2
330
17
100
AcDbEntity
  8
LINES
100
AcDbLine
 10
512.27
 20
510.84
 30
0.0
 11
510.26
 21
514.58
 31
0.0
  0
LINE
  5
5B3
330
17
100
AcDbEntity
  8
LINES
100
AcDbLine
 10
516.31
 20
503.42
 30
0.0
 11
514.29
 21
507.1
 31
0.0
  0
LINE
  5
5B4
330
17
100
AcDbEntity
  8
LINES
100
AcDbLine
 10
519.91
 20
496.8
 30
0.0
 11
518.32
 21
499.68
 31
0.0
  0
LINE
  5
5B5
330
17
100
AcDbEntity
  8
LINES
100
AcDbLine
 10
497.3
 20
431.57
 30
0.0
 11
495.79
 21
428.18
 31
0.0
  0
LINE
  5
5B6
330
17
100
AcDbEntity
  8
LINES
100
AcDbLine
 10
500.83
 20
439.34
 30
0.0
 11
499.03
 21
435.46
 31
0.0
  0
LINE
  5
5B7
330
17
100
AcDbEntity
  8
LINES
100
AcDbLine
 10
504.35
 20
447.05
 30
0.0
 11
502.55
 21
443.16
 31
0.0
  0
LINE
  5
5B8
330
17
100
AcDbEntity
  8
LINES
100
AcDbLine
 10
507.81
 20
454.82
 30
0.0
 11
506.08
 21
450.94
 31
0.0
  0
LINE
  5
5B9
330
17
100
AcDbEntity
  8
LINES
100
AcDbLine
 10
511.34
 20
462.53
 30
0.0
 11
509.54
 21
458.64
 31
0.0
  0
LINE
  5
5BA
330
17
100
AcDbEntity
  8
LINES
100
AcDbLine
 10
514.87
 20
470.3
 30
0.0
 11
513.07
 21
466.42
 31
0.0
  0
LINE
  5
5BB
330
17
100
AcDbEntity
  8
LINES
100
AcDbLine
 10
518.32
 20
478.08
 30
0.0
 11
516.59
 21
474.19
 31
0.0
  0
LINE
  5
5BC
330
17
100
AcDbEntity
  8
LINES
100
AcDbLine
 10
521.63
 20
485.28
 30
0.0
 11
520.05
 21
481.9
 31
0.0
  0
LINE
  5
5BD
330
17
100
AcDbEntity
  8
LINES
100
AcDbLine
 10
522.43
 20
481.46
 30
0.0
 11
523.0
 21
484.78
 31
0.0
  0
LINE
  5
5BE
330
17
100
AcDbEntity
  8
LINES
100
AcDbLine
 10
520.99
 20
472.97
 30
0.0
 11
521.71
 21
477.14
 31
0.0
  0
LINE
  5
5BF
330
17
100
AcDbEntity
  8
LINES
100
AcDbLine
 10
519.55
 20
464.62
 30
0.0
 11
520.27
 21
468.79
 31
0.0
  0
LINE
  5
5C0
330
17
100
AcDbEntity
  8
LINES
100
AcDbLine
 10
518.11
 20
456.26
 30
0.0
 11
518.83
 21
460.44
 31
0.0
  0
LINE
  5
5C1
330
17
100
AcDbEntity
  8
LINES
100
AcDbLine
 10
516.74
 20
447.91
 30
0.0
 11
517.46
 21
452.09
 31
0.0
  0
LINE
  5
5C2
330
17
100
AcDbEntity
  8
LINES
100
AcDbLine
 10
515.37
 20
439.42
 30
0.0
 11
516.09
 21
443.66
 31
0.0
  0
LINE
  5
5C3
330
17
100
AcDbEntity
  8
LINES
100
AcDbLine
 10
513.93
 20
431.06
 30
0.0
 11
514.65
 21
435.24
 31
0.0
  0
LINE
  5
5C4
330
17
100
AcDbEntity
  8
LINES
100
AcDbLine
 10
512.49
 20
422.71
 30
0.0
 11
513.21
 21
426.89
 31
0.0
  0
LINE
  5
5C5
330
17
100
AcDbEntity
  8
LINES
100
AcDbLine
 10
511.05
 20
414.36
 30
0.0
 11
511.77
 21
418.54
 31
0.0
  0
LINE
  5
5C6
330
17
100
AcDbEntity
  8
LINES
100
AcDbLine
 10
509.75
 20
406.73
 30
0.0
 11
510.33
 21
410.18
 31
0.0
  0
LINE
  5
5C7
330
17
100
AcDbEntity
  8
LINES
100
AcDbLine
 10
515.01
 20
403.7
 30
0.0
 11
509.83
 21
406.73
 31
0.0
  0
LINE
  5
5C8
330
17
100
AcDbEntity
  8
LINES
100
AcDbLine
 10
522.35
 20
399.38
 30
0.0
 11
518.61
 21
401.54
 31
0.0
  0
LINE
  5
5C9
330
17
100
AcDbEntity
  8
LINES
100
AcDbLine
 10
529.7
 20
395.06
 30
0.0
 11
525.95
 21
397.22
 31
0.0
  0
LINE
  5
5CA
330
17
100
AcDbEntity
  8
LINES
100
AcDbLine
 10
537.04
 20
390.74
 30
0.0
 11
533.3
 21
392.9
 31
0.0
  0
LINE
  5
5CB
330
17
100
AcDbEntity
  8
LINES
100
AcDbLine
 10
544.39
 20
386.42
 30
0.0
 11
540.64
 21
388.58
 31
0.0
  0
LINE
  5
5CC
330
17
100
AcDbEntity
  8
LINES
100
AcDbLine
 10
551.59
 20
382.1
 30
0.0
 11
547.99
 21
384.26
 31
0.0
  0
LINE
  5
5CD
330
17
100
AcDbEntity
  8
LINES
100
AcDbLine
 10
560.51
 20
376.92
 30
0.0
 11
555.33
 21
379.94
 31
0.0
  0
LINE
  5
5CE
330
17
100
AcDbEntity
  8
LINES
100
AcDbLine
 10
562.67
 20
372.74
 30
0.0
 11
560.51
 21
376.92
 31
0.0
  0
LINE
  5
5CF
330
17
100
AcDbEntity
  8
LINES
100
AcDbLine
 10
566.56
 20
365.11
 30
0.0
 11
564.69
 21
368.93
 31
0.0
  0
LINE
  5
5D0
330
17
100
AcDbEntity
  8
LINES
100
AcDbLine
 10
570.52
 20
357.62
 30
0.0
 11
568.58
 21
361.37
 31
0.0
  0
LINE
  5
5D1
330
17
100
AcDbEntity
  8
LINES
100
AcDbLine
 10
574.48
 20
350.06
 30
0.0
 11
572.47
 21
353.88
 31
0.0
  0
LINE
  5
5D2
330
17
100
AcDbEntity
  8
LINES
100
AcDbLine
 10
578.37
 20
342.5
 30
0.0
 11
576.35
 21
346.25
 31
0.0
  0
LINE
  5
5D3
330
17
100
AcDbEntity
  8
LINES
100
AcDbLine
 10
582.26
 20
335.02
 30
0.0
 11
580.31
 21
338.76
 31
0.0
  0
LINE
  5
5D4
330
17
100
AcDbEntity
  8
LINES
100
AcDbLine
 10
586.15
 20
327.38
 30
0.0
 11
584.27
 21
331.2
 31
0.0
  0
LINE
  5
5D5
330
17
100
AcDbEntity
  8
LINES
100
AcDbLine
 10
590.32
 20
319.46
 30
0.0
 11
588.16
 21
323.64
 31
0.0
  0
LINE
  5
5D6
330
17
100
AcDbEntity
  8
LINES
100
AcDbLine
 10
521.27
 20
417.67
 30
0.0
 11
521.85
 21
420.34
 31
0.0
  0
LINE
  5
5D7
330
17
100
AcDbEntity
  8
LINES
100
AcDbLine
 10
519.69
 20
410.9
 30
0.0
 11
520.27
 21
413.5
 31
0.0
  0
LINE
  5
5D8
330
17
100
AcDbEntity
  8
LINES
100
AcDbLine
 10
521.63
 20
409.75
 30
0.0
 11
519.62
 21
410.9
 31
0.0
  0
LINE
  5
5D9
330
17
100
AcDbEntity
  8
LINES
100
AcDbLine
 10
528.98
 20
405.43
 30
0.0
 11
525.38
 21
407.59
 31
0.0
  0
LINE
  5
5DA
330
17
100
AcDbEntity
  8
LINES
100
AcDbLine
 10
536.32
 20
401.18
 30
0.0
 11
532.72
 21
403.27
 31
0.0
  0
LINE
  5
5DB
330
17
100
AcDbEntity
  8
LINES
100
AcDbLine
 10
543.67
 20
396.94
 30
0.0
 11
540.07
 21
399.1
 31
0.0
  0
LINE
  5
5DC
330
17
100
AcDbEntity
  8
LINES
100
AcDbLine
 10
551.01
 20
392.62
 30
0.0
 11
547.41
 21
394.78
 31
0.0
  0
LINE
  5
5DD
330
17
100
AcDbEntity
  8
LINES
100
AcDbLine
 10
558.43
 20
388.44
 30
0.0
 11
554.75
 21
390.53
 31
0.0
  0
LINE
  5
5DE
330
17
100
AcDbEntity
  8
LINES
100
AcDbLine
 10
565.84
 20
384.12
 30
0.0
 11
562.1
 21
386.28
 31
0.0
  0
LINE
  5
5DF
330
17
100
AcDbEntity
  8
LINES
100
AcDbLine
 10
571.46
 20
380.81
 30
0.0
 11
569.44
 21
381.96
 31
0.0
  0
LINE
  5
5E0
330
17
100
AcDbEntity
  8
LINES
100
AcDbLine
 10
573.11
 20
376.27
 30
0.0
 11
571.46
 21
380.88
 31
0.0
  0
LINE
  5
5E1
330
17
100
AcDbEntity
  8
LINES
100
AcDbLine
 10
575.99
 20
368.21
 30
0.0
 11
574.55
 21
372.24
 31
0.0
  0
LINE
  5
5E2
330
17
100
AcDbEntity
  8
LINES
100
AcDbLine
 10
578.87
 20
360.29
 30
0.0
 11
577.43
 21
364.32
 31
0.0
  0
LINE
  5
5E3
330
17
100
AcDbEntity
  8
LINES
100
AcDbLine
 10
581.68
 20
352.22
 30
0.0
 11
580.24
 21
356.26
 31
0.0
  0
LINE
  5
5E4
330
17
100
AcDbEntity
  8
LINES
100
AcDbLine
 10
584.56
 20
344.3
 30
0.0
 11
583.12
 21
348.19
 31
0.0
  0
LINE
  5
5E5
330
17
100
AcDbEntity
  8
LINES
100
AcDbLine
 10
587.44
 20
336.24
 30
0.0
 11
586.0
 21
340.27
 31
0.0
  0
LINE
  5
5E6
330
17
100
AcDbEntity
  8
LINES
100
AcDbLine
 10
590.32
 20
328.18
 30
0.0
 11
588.88
 21
332.21
 31
0.0
  0
LINE
  5
5E7
330
17
100
AcDbEntity
  8
LINES
100
AcDbLine
 10
593.42
 20
319.68
 30
0.0
 11
591.76
 21
324.29
 31
0.0
  0
LINE
  5
5E8
330
17
100
AcDbEntity
  8
LINES
100
AcDbLine
 10
890.2
 20
619.78
 30
0.0
 11
868.6
 21
572.83
 31
0.0
  0
LINE
  5
5E9
330
17
100
AcDbEntity
  8
LINES
100
AcDbLine
 10
1049.32
 20
543.24
 30
0.0
 11
875.3
 21
563.33
 31
0.0
  0
LINE
  5
5EA
330
17
100
AcDbEntity
  8
LINES
100
AcDbLine
 10
1056.38
 20
533.74
 30
0.0
 11
955.29
 21
362.09
 31
0.0
  0
LWPOLYLINE
  5
5EB
330
17
100
AcDbEntity
  8
POLYLINES
100
AcDbPolyline
 90
5
 70
0
 10
531.35
 20
492.05
 10
534.23
 20
492.34
 10
534.38
 20
490.32
 10
531.5
 20
490.03
 10
531.35
 20
492.05
  0
LWPOLYLINE
  5
5EC
330
17
100
AcDbEntity
  8
POLYLINES
100
AcDbPolyline
 90
5
 70
0
 10
531.35
 20
492.05
 10
534.23
 20
492.34
 10
534.38
 20
490.32
 10
531.5
 20
490.03
 10
531.35
 20
492.05
  0
LINE
  5
5ED
330
17
100
AcDbEntity
  8
LINES
100
AcDbLine
 10
540.64
 20
491.9
 30
0.0
 11
536.39
 21
491.47
 31
0.0
  0
LWPOLYLINE
  5
5EE
330
17
100
AcDbEntity
  8
POLYLINES
100
AcDbPolyline
 90
5
 70
0
 10
542.73
 20
493.06
 10
545.47
 20
493.34
 10
545.61
 20
491.33
 10
542.87
 20
491.04
 10
542.73
 20
493.06
  0
LWPOLYLINE
  5
5EF
330
17
100
AcDbEntity
  8
POLYLINES
100
AcDbPolyline
 90
5
 70
0
 10
542.73
 20
493.06
 10
545.47
 20
493.34
 10
545.61
 20
491.33
 10
542.87
 20
491.04
 10
542.73
 20
493.06
  0
LWPOLYLINE
  5
5F0
330
17
100
AcDbEntity
  8
POLYLINES
100
AcDbPolyline
 90
5
 70
0
 10
530.35
 20
488.45
 10
533.23
 20
487.44
 10
532.51
 20
485.57
 10
529.77
 20
486.58
 10
530.35
 20
488.45
  0
LWPOLYLINE
  5
5F1
330
17
100
AcDbEntity
  8
POLYLINES
100
AcDbPolyline
 90
5
 70
0
 10
530.35
 20
488.45
 10
533.23
 20
487.44
 10
532.51
 20
485.57
 10
529.77
 20
486.58
 10
530.35
 20
488.45
  0
LINE
  5
5F2
330
17
100
AcDbEntity
  8
LINES
100
AcDbLine
 10
538.99
 20
484.63
 30
0.0
 11
534.88
 21
485.93
 31
0.0
  0
LWPOLYLINE
  5
5F3
330
17
100
AcDbEntity
  8
POLYLINES
100
AcDbPolyline
 90
5
 70
0
 10
541.29
 20
484.85
 10
544.17
 20
483.98
 10
543.45
 20
482.11
 10
540.71
 20
482.98
 10
541.29
 20
484.85
  0
LWPOLYLINE
  5
5F4
330
17
100
AcDbEntity
  8
POLYLINES
100
AcDbPolyline
 90
5
 70
0
 10
541.29
 20
484.85
 10
544.17
 20
483.98
 10
543.45
 20
482.11
 10
540.71
 20
482.98
 10
541.29
 20
484.85
  0
LWPOLYLINE
  5
5F5
330
17
100
AcDbEntity
  8
POLYLINES
100
AcDbPolyline
 90
5
 70
0
 10
943.77
 20
355.97
 10
940.17
 20
355.82
 10
940.03
 20
357.84
 10
943.63
 20
357.98
 10
943.77
 20
355.97
  0
LWPOLYLINE
  5
5F6
330
17
100
AcDbEntity
  8
POLYLINES
100
AcDbPolyline
 90
5
 70
0
 10
943.77
 20
355.97
 10
940.17
 20
355.82
 10
940.03
 20
357.84
 10
943.63
 20
357.98
 10
943.77
 20
355.97
  0
LINE
  5
5F7
330
17
100
AcDbEntity
  8
LINES
100
AcDbLine
 10
933.76
 20
356.54
 30
0.0
 11
938.01
 21
356.69
 31
0.0
  0
LINE
  5
5F8
330
17
100
AcDbEntity
  8
LINES
100
AcDbLine
 10
927.43
 20
356.18
 30
0.0
 11
931.67
 21
356.4
 31
0.0
  0
LINE
  5
5F9
330
17
100
AcDbEntity
  8
LINES
100
AcDbLine
 10
921.02
 20
355.82
 30
0.0
 11
925.27
 21
356.11
 31
0.0
  0
LWPOLYLINE
  5
5FA
330
17
100
AcDbEntity
  8
POLYLINES
100
AcDbPolyline
 90
5
 70
0
 10
919.0
 20
354.82
 10
915.4
 20
354.53
 10
915.4
 20
356.54
 10
918.86
 20
356.69
 10
919.0
 20
354.82
  0
LWPOLYLINE
  5
5FB
330
17
100
AcDbEntity
  8
POLYLINES
100
AcDbPolyline
 90
5
 70
0
 10
919.0
 20
354.82
 10
915.4
 20
354.53
 10
915.4
 20
356.54
 10
918.86
 20
356.69
 10
919.0
 20
354.82
  0
LINE
  5
5FC
330
17
100
AcDbEntity
  8
LINES
100
AcDbLine
 10
544.6
 20
484.49
 30
0.0
 11
541.72
 21
476.28
 31
0.0
  0
LWPOLYLINE
  5
5FD
330
17
100
AcDbEntity
  8
POLYLINES
100
AcDbPolyline
 90
5
 70
0
 10
102.67
 20
137.38
 10
102.81
 20
136.08
 10
101.66
 20
135.94
 10
101.51
 20
137.38
 10
102.67
 20
137.38
  0
LWPOLYLINE
  5
5FE
330
17
100
AcDbEntity
  8
POLYLINES
100
AcDbPolyline
 90
5
 70
0
 10
102.67
 20
137.38
 10
102.81
 20
136.08
 10
101.66
 20
135.94
 10
101.51
 20
137.38
 10
102.67
 20
137.38
  0
LWPOLYLINE
  5
5FF
330
17
100
AcDbEntity
  8
POLYLINES
100
AcDbPolyline
 90
5
 70
0
 10
102.81
 20
136.08
 10
103.24
 20
134.78
 10
102.23
 20
134.35
 10
101.66
 20
135.94
 10
102.81
 20
136.08
  0
LWPOLYLINE
  5
600
330
17
100
AcDbEntity
  8
POLYLINES
100
AcDbPolyline
 90
5
 70
0
 10
102.81
 20
136.08
 10
103.24
 20
134.78
 10
102.23
 20
134.35
 10
101.66
 20
135.94
 10
102.81
 20
136.08
  0
LWPOLYLINE
  5
601
330
17
100
AcDbEntity
  8
POLYLINES
100
AcDbPolyline
 90
5
 70
0
 10
103.24
 20
134.78
 10
103.82
 20
133.63
 10
102.95
 20
133.06
 10
102.23
 20
134.35
 10
103.24
 20
134.78
  0
LWPOLYLINE
  5
602
330
17
100
AcDbEntity
  8
POLYLINES
100
AcDbPolyline
 90
5
 70
0
 10
103.24
 20
134.78
 10
103.82
 20
133.63
 10
102.95
 20
133.06
 10
102.23
 20
134.35
 10
103.24
 20
134.78
  0
LWPOLYLINE
  5
603
330
17
100
AcDbEntity
  8
POLYLINES
100
AcDbPolyline
 90
5
 70
0
 10
103.82
 20
133.63
 10
104.68
 20
132.62
 10
103.96
 20
131.9
 10
102.95
 20
133.06
 10
103.82
 20
133.63
  0
LWPOLYLINE
  5
604
330
17
100
AcDbEntity
  8
POLYLINES
100
AcDbPolyline
 90
5
 70
0
 10
103.82
 20
133.63
 10
104.68
 20
132.62
 10
103.96
 20
131.9
 10
102.95
 20
133.06
 10
103.82
 20
133.63
  0
LWPOLYLINE
  5
605
330
17
100
AcDbEntity
  8
POLYLINES
100
AcDbPolyline
 90
5
 70
0
 10
104.68
 20
132.62
 10
105.83
 20
131.9
 10
105.26
 20
131.04
 10
103.96
 20
131.9
 10
104.68
 20
132.62
  0
LWPOLYLINE
  5
606
330
17
100
AcDbEntity
  8
POLYLINES
100
AcDbPolyline
 90
5
 70
0
 10
104.68
 20
132.62
 10
105.83
 20
131.9
 10
105.26
 20
131.04
 10
103.96
 20
131.9
 10
104.68
 20
132.62
  0
LWPOLYLINE
  5
607
330
17
100
AcDbEntity
  8
POLYLINES
100
AcDbPolyline
 90
5
 70
0
 10
105.83
 20
131.9
 10
106.99
 20
131.33
 10
106.7
 20
130.32
 10
105.26
 20
131.04
 10
105.83
 20
131.9
  0
LWPOLYLINE
  5
608
330
17
100
AcDbEntity
  8
POLYLINES
100
AcDbPolyline
 90
5
 70
0
 10
105.83
 20
131.9
 10
106.99
 20
131.33
 10
106.7
 20
130.32
 10
105.26
 20
131.04
 10
105.83
 20
131.9
  0
LWPOLYLINE
  5
609
330
17
100
AcDbEntity
  8
POLYLINES
100
AcDbPolyline
 90
5
 70
0
 10
106.99
 20
131.33
 10
108.28
 20
131.04
 10
108.28
 20
130.03
 10
106.7
 20
130.32
 10
106.99
 20
131.33
  0
LWPOLYLINE
  5
60A
330
17
100
AcDbEntity
  8
POLYLINES
100
AcDbPolyline
 90
5
 70
0
 10
106.99
 20
131.33
 10
108.28
 20
131.04
 10
108.28
 20
130.03
 10
106.7
 20
130.32
 10
106.99
 20
131.33
  0
LWPOLYLINE
  5
60B
330
17
100
AcDbEntity
  8
POLYLINES
100
AcDbPolyline
 90
5
 70
0
 10
109.72
 20
131.04
 10
111.02
 20
131.33
 10
111.31
 20
130.32
 10
109.72
 20
130.03
 10
109.72
 20
131.04
  0
LWPOLYLINE
  5
60C
330
17
100
AcDbEntity
  8
POLYLINES
100
AcDbPolyline
 90
5
 70
0
 10
109.72
 20
131.04
 10
111.02
 20
131.33
 10
111.31
 20
130.32
 10
109.72
 20
130.03
 10
109.72
 20
131.04
  0
LWPOLYLINE
  5
60D
330
17
100
AcDbEntity
  8
POLYLINES
100
AcDbPolyline
 90
5
 70
0
 10
111.02
 20
131.33
 10
112.17
 20
131.9
 10
112.75
 20
131.04
 10
111.31
 20
130.32
 10
111.02
 20
131.33
  0
LWPOLYLINE
  5
60E
330
17
100
AcDbEntity
  8
POLYLINES
100
AcDbPolyline
 90
5
 70
0
 10
111.02
 20
131.33
 10
112.17
 20
131.9
 10
112.75
 20
131.04
 10
111.31
 20
130.32
 10
111.02
 20
131.33
  0
LWPOLYLINE
  5
60F
330
17
100
AcDbEntity
  8
POLYLINES
100
AcDbPolyline
 90
5
 70
0
 10
112.17
 20
131.9
 10
113.32
 20
132.62
 10
114.04
 20
131.9
 10
112.75
 20
131.04
 10
112.17
 20
131.9
  0
LWPOLYLINE
  5
610
330
17
100
AcDbEntity
  8
POLYLINES
100
AcDbPolyline
 90
5
 70
0
 10
112.17
 20
131.9
 10
113.32
 20
132.62
 10
114.04
 20
131.9
 10
112.75
 20
131.04
 10
112.17
 20
131.9
  0
LWPOLYLINE
  5
611
330
17
100
AcDbEntity
  8
POLYLINES
100
AcDbPolyline
 90
5
 70
0
 10
113.32
 20
132.62
 10
114.19
 20
133.63
 10
115.05
 20
133.06
 10
114.04
 20
131.9
 10
113.32
 20
132.62
  0
LWPOLYLINE
  5
612
330
17
100
AcDbEntity
  8
POLYLINES
100
AcDbPolyline
 90
5
 70
0
 10
113.32
 20
132.62
 10
114.19
 20
133.63
 10
115.05
 20
133.06
 10
114.04
 20
131.9
 10
113.32
 20
132.62
  0
LWPOLYLINE
  5
613
330
17
100
AcDbEntity
  8
POLYLINES
100
AcDbPolyline
 90
5
 70
0
 10
114.19
 20
133.63
 10
114.76
 20
134.78
 10
115.77
 20
134.35
 10
115.05
 20
133.06
 10
114.19
 20
133.63
  0
LWPOLYLINE
  5
614
330
17
100
AcDbEntity
  8
POLYLINES
100
AcDbPolyline
 90
5
 70
0
 10
114.19
 20
133.63
 10
114.76
 20
134.78
 10
115.77
 20
134.35
 10
115.05
 20
133.06
 10
114.19
 20
133.63
  0
LWPOLYLINE
  5
615
330
17
100
AcDbEntity
  8
POLYLINES
100
AcDbPolyline
 90
5
 70
0
 10
114.76
 20
134.78
 10
115.19
 20
136.08
 10
116.35
 20
135.94
 10
115.77
 20
134.35
 10
114.76
 20
134.78
  0
LWPOLYLINE
  5
616
330
17
100
AcDbEntity
  8
POLYLINES
100
AcDbPolyline
 90
5
 70
0
 10
114.76
 20
134.78
 10
115.19
 20
136.08
 10
116.35
 20
135.94
 10
115.77
 20
134.35
 10
114.76
 20
134.78
  0
LWPOLYLINE
  5
617
330
17
100
AcDbEntity
  8
POLYLINES
100
AcDbPolyline
 90
5
 70
0
 10
115.19
 20
136.08
 10
115.34
 20
137.38
 10
116.49
 20
137.38
 10
116.35
 20
135.94
 10
115.19
 20
136.08
  0
LWPOLYLINE
  5
618
330
17
100
AcDbEntity
  8
POLYLINES
100
AcDbPolyline
 90
5
 70
0
 10
115.19
 20
136.08
 10
115.34
 20
137.38
 10
116.49
 20
137.38
 10
116.35
 20
135.94
 10
115.19
 20
136.08
  0
LWPOLYLINE
  5
619
330
17
100
AcDbEntity
  8
POLYLINES
100
AcDbPolyline
 90
5
 70
0
 10
115.34
 20
137.38
 10
115.19
 20
138.82
 10
116.35
 20
138.96
 10
116.49
 20
137.38
 10
115.34
 20
137.38
  0
LWPOLYLINE
  5
61A
330
17
100
AcDbEntity
  8
POLYLINES
100
AcDbPolyline
 90
5
 70
0
 10
115.34
 20
137.38
 10
115.19
 20
138.82
 10
116.35
 20
138.96
 10
116.49
 20
137.38
 10
115.34
 20
137.38
  0
LWPOLYLINE
  5
61B
330
17
100
AcDbEntity
  8
POLYLINES
100
AcDbPolyline
 90
5
 70
0
 10
115.19
 20
138.82
 10
114.76
 20
139.97
 10
115.77
 20
140.4
 10
116.35
 20
138.96
 10
115.19
 20
138.82
  0
LWPOLYLINE
  5
61C
330
17
100
AcDbEntity
  8
POLYLINES
100
AcDbPolyline
 90
5
 70
0
 10
115.19
 20
138.82
 10
114.76
 20
139.97
 10
115.77
 20
140.4
 10
116.35
 20
138.96
 10
115.19
 20
138.82
  0
LWPOLYLINE
  5
61D
330
17
100
AcDbEntity
  8
POLYLINES
100
AcDbPolyline
 90
5
 70
0
 10
114.76
 20
139.97
 10
114.19
 20
141.12
 10
115.05
 20
141.84
 10
115.77
 20
140.4
 10
114.76
 20
139.97
  0
LWPOLYLINE
  5
61E
330
17
100
AcDbEntity
  8
POLYLINES
100
AcDbPolyline
 90
5
 70
0
 10
114.76
 20
139.97
 10
114.19
 20
141.12
 10
115.05
 20
141.84
 10
115.77
 20
140.4
 10
114.76
 20
139.97
  0
LWPOLYLINE
  5
61F
330
17
100
AcDbEntity
  8
POLYLINES
100
AcDbPolyline
 90
5
 70
0
 10
114.19
 20
141.12
 10
113.32
 20
142.13
 10
114.04
 20
142.99
 10
115.05
 20
141.84
 10
114.19
 20
141.12
  0
LWPOLYLINE
  5
620
330
17
100
AcDbEntity
  8
POLYLINES
100
AcDbPolyline
 90
5
 70
0
 10
114.19
 20
141.12
 10
113.32
 20
142.13
 10
114.04
 20
142.99
 10
115.05
 20
141.84
 10
114.19
 20
141.12
  0
LWPOLYLINE
  5
621
330
17
100
AcDbEntity
  8
POLYLINES
100
AcDbPolyline
 90
5
 70
0
 10
113.32
 20
142.13
 10
112.17
 20
142.99
 10
112.75
 20
143.86
 10
114.04
 20
142.99
 10
113.32
 20
142.13
  0
LWPOLYLINE
  5
622
330
17
100
AcDbEntity
  8
POLYLINES
100
AcDbPolyline
 90
5
 70
0
 10
113.32
 20
142.13
 10
112.17
 20
142.99
 10
112.75
 20
143.86
 10
114.04
 20
142.99
 10
113.32
 20
142.13
  0
LWPOLYLINE
  5
623
330
17
100
AcDbEntity
  8
POLYLINES
100
AcDbPolyline
 90
5
 70
0
 10
112.17
 20
142.99
 10
111.02
 20
143.42
 10
111.31
 20
144.43
 10
112.75
 20
143.86
 10
112.17
 20
142.99
  0
LWPOLYLINE
  5
624
330
17
100
AcDbEntity
  8
POLYLINES
100
AcDbPolyline
 90
5
 70
0
 10
112.17
 20
142.99
 10
111.02
 20
143.42
 10
111.31
 20
144.43
 10
112.75
 20
143.86
 10
112.17
 20
142.99
  0
LWPOLYLINE
  5
625
330
17
100
AcDbEntity
  8
POLYLINES
100
AcDbPolyline
 90
5
 70
0
 10
111.02
 20
143.42
 10
109.72
 20
143.71
 10
109.72
 20
144.86
 10
111.31
 20
144.43
 10
111.02
 20
143.42
  0
LWPOLYLINE
  5
626
330
17
100
AcDbEntity
  8
POLYLINES
100
AcDbPolyline
 90
5
 70
0
 10
111.02
 20
143.42
 10
109.72
 20
143.71
 10
109.72
 20
144.86
 10
111.31
 20
144.43
 10
111.02
 20
143.42
  0
LWPOLYLINE
  5
627
330
17
100
AcDbEntity
  8
POLYLINES
100
AcDbPolyline
 90
5
 70
0
 10
108.28
 20
143.71
 10
106.99
 20
143.42
 10
106.7
 20
144.43
 10
108.28
 20
144.86
 10
108.28
 20
143.71
  0
LWPOLYLINE
  5
628
330
17
100
AcDbEntity
  8
POLYLINES
100
AcDbPolyline
 90
5
 70
0
 10
108.28
 20
143.71
 10
106.99
 20
143.42
 10
106.7
 20
144.43
 10
108.28
 20
144.86
 10
108.28
 20
143.71
  0
LWPOLYLINE
  5
629
330
17
100
AcDbEntity
  8
POLYLINES
100
AcDbPolyline
 90
5
 70
0
 10
106.99
 20
143.42
 10
105.83
 20
142.99
 10
105.26
 20
143.86
 10
106.7
 20
144.43
 10
106.99
 20
143.42
  0
LWPOLYLINE
  5
62A
330
17
100
AcDbEntity
  8
POLYLINES
100
AcDbPolyline
 90
5
 70
0
 10
106.99
 20
143.42
 10
105.83
 20
142.99
 10
105.26
 20
143.86
 10
106.7
 20
144.43
 10
106.99
 20
143.42
  0
LWPOLYLINE
  5
62B
330
17
100
AcDbEntity
  8
POLYLINES
100
AcDbPolyline
 90
5
 70
0
 10
105.83
 20
142.99
 10
104.68
 20
142.13
 10
103.96
 20
142.99
 10
105.26
 20
143.86
 10
105.83
 20
142.99
  0
LWPOLYLINE
  5
62C
330
17
100
AcDbEntity
  8
POLYLINES
100
AcDbPolyline
 90
5
 70
0
 10
105.83
 20
142.99
 10
104.68
 20
142.13
 10
103.96
 20
142.99
 10
105.26
 20
143.86
 10
105.83
 20
142.99
  0
LWPOLYLINE
  5
62D
330
17
100
AcDbEntity
  8
POLYLINES
100
AcDbPolyline
 90
5
 70
0
 10
104.68
 20
142.13
 10
103.82
 20
141.12
 10
102.95
 20
141.84
 10
103.96
 20
142.99
 10
104.68
 20
142.13
  0
LWPOLYLINE
  5
62E
330
17
100
AcDbEntity
  8
POLYLINES
100
AcDbPolyline
 90
5
 70
0
 10
104.68
 20
142.13
 10
103.82
 20
141.12
 10
102.95
 20
141.84
 10
103.96
 20
142.99
 10
104.68
 20
142.13
  0
LWPOLYLINE
  5
62F
330
17
100
AcDbEntity
  8
POLYLINES
100
AcDbPolyline
 90
5
 70
0
 10
103.82
 20
141.12
 10
103.24
 20
139.97
 10
102.23
 20
140.4
 10
102.95
 20
141.84
 10
103.82
 20
141.12
  0
LWPOLYLINE
  5
630
330
17
100
AcDbEntity
  8
POLYLINES
100
AcDbPolyline
 90
5
 70
0
 10
103.82
 20
141.12
 10
103.24
 20
139.97
 10
102.23
 20
140.4
 10
102.95
 20
141.84
 10
103.82
 20
141.12
  0
LWPOLYLINE
  5
631
330
17
100
AcDbEntity
  8
POLYLINES
100
AcDbPolyline
 90
5
 70
0
 10
103.24
 20
139.97
 10
102.81
 20
138.82
 10
101.66
 20
138.96
 10
102.23
 20
140.4
 10
103.24
 20
139.97
  0
LWPOLYLINE
  5
632
330
17
100
AcDbEntity
  8
POLYLINES
100
AcDbPolyline
 90
5
 70
0
 10
103.24
 20
139.97
 10
102.81
 20
138.82
 10
101.66
 20
138.96
 10
102.23
 20
140.4
 10
103.24
 20
139.97
  0
LWPOLYLINE
  5
633
330
17
100
AcDbEntity
  8
POLYLINES
100
AcDbPolyline
 90
5
 70
0
 10
102.81
 20
138.82
 10
102.67
 20
137.38
 10
101.51
 20
137.38
 10
101.66
 20
138.96
 10
102.81
 20
138.82
  0
LWPOLYLINE
  5
634
330
17
100
AcDbEntity
  8
POLYLINES
100
AcDbPolyline
 90
5
 70
0
 10
102.81
 20
138.82
 10
102.67
 20
137.38
 10
101.51
 20
137.38
 10
101.66
 20
138.96
 10
102.81
 20
138.82
  0
LWPOLYLINE
  5
635
330
17
100
AcDbEntity
  8
POLYLINES
100
AcDbPolyline
 90
5
 70
0
 10
105.83
 20
137.38
 10
105.98
 20
136.51
 10
104.97
 20
136.22
 10
104.68
 20
137.38
 10
105.83
 20
137.38
  0
LWPOLYLINE
  5
636
330
17
100
AcDbEntity
  8
POLYLINES
100
AcDbPolyline
 90
5
 70
0
 10
105.83
 20
137.38
 10
105.98
 20
136.51
 10
104.97
 20
136.22
 10
104.68
 20
137.38
 10
105.83
 20
137.38
  0
LWPOLYLINE
  5
637
330
17
100
AcDbEntity
  8
POLYLINES
100
AcDbPolyline
 90
5
 70
0
 10
105.98
 20
136.51
 10
106.27
 20
135.65
 10
105.4
 20
135.07
 10
104.97
 20
136.22
 10
105.98
 20
136.51
  0
LWPOLYLINE
  5
638
330
17
100
AcDbEntity
  8
POLYLINES
100
AcDbPolyline
 90
5
 70
0
 10
105.98
 20
136.51
 10
106.27
 20
135.65
 10
105.4
 20
135.07
 10
104.97
 20
136.22
 10
105.98
 20
136.51
  0
LWPOLYLINE
  5
639
330
17
100
AcDbEntity
  8
POLYLINES
100
AcDbPolyline
 90
5
 70
0
 10
106.27
 20
135.65
 10
106.84
 20
135.07
 10
106.27
 20
134.21
 10
105.4
 20
135.07
 10
106.27
 20
135.65
  0
LWPOLYLINE
  5
63A
330
17
100
AcDbEntity
  8
POLYLINES
100
AcDbPolyline
 90
5
 70
0
 10
106.27
 20
135.65
 10
106.84
 20
135.07
 10
106.27
 20
134.21
 10
105.4
 20
135.07
 10
106.27
 20
135.65
  0
LWPOLYLINE
  5
63B
330
17
100
AcDbEntity
  8
POLYLINES
100
AcDbPolyline
 90
5
 70
0
 10
106.84
 20
135.07
 10
107.71
 20
134.5
 10
107.27
 20
133.49
 10
106.27
 20
134.21
 10
106.84
 20
135.07
  0
LWPOLYLINE
  5
63C
330
17
100
AcDbEntity
  8
POLYLINES
100
AcDbPolyline
 90
5
 70
0
 10
106.84
 20
135.07
 10
107.71
 20
134.5
 10
107.27
 20
133.49
 10
106.27
 20
134.21
 10
106.84
 20
135.07
  0
LWPOLYLINE
  5
63D
330
17
100
AcDbEntity
  8
POLYLINES
100
AcDbPolyline
 90
5
 70
0
 10
107.71
 20
134.5
 10
108.57
 20
134.21
 10
108.43
 20
133.2
 10
107.27
 20
133.49
 10
107.71
 20
134.5
  0
LWPOLYLINE
  5
63E
330
17
100
AcDbEntity
  8
POLYLINES
100
AcDbPolyline
 90
5
 70
0
 10
107.71
 20
134.5
 10
108.57
 20
134.21
 10
108.43
 20
133.2
 10
107.27
 20
133.49
 10
107.71
 20
134.5
  0
LWPOLYLINE
  5
63F
330
17
100
AcDbEntity
  8
POLYLINES
100
AcDbPolyline
 90
5
 70
0
 10
108.57
 20
134.21
 10
109.43
 20
134.21
 10
109.58
 20
133.2
 10
108.43
 20
133.2
 10
108.57
 20
134.21
  0
LWPOLYLINE
  5
640
330
17
100
AcDbEntity
  8
POLYLINES
100
AcDbPolyline
 90
5
 70
0
 10
108.57
 20
134.21
 10
109.43
 20
134.21
 10
109.58
 20
133.2
 10
108.43
 20
133.2
 10
108.57
 20
134.21
  0
LWPOLYLINE
  5
641
330
17
100
AcDbEntity
  8
POLYLINES
100
AcDbPolyline
 90
5
 70
0
 10
109.43
 20
134.21
 10
110.3
 20
134.5
 10
110.73
 20
133.49
 10
109.58
 20
133.2
 10
109.43
 20
134.21
  0
LWPOLYLINE
  5
642
330
17
100
AcDbEntity
  8
POLYLINES
100
AcDbPolyline
 90
5
 70
0
 10
109.43
 20
134.21
 10
110.3
 20
134.5
 10
110.73
 20
133.49
 10
109.58
 20
133.2
 10
109.43
 20
134.21
  0
LWPOLYLINE
  5
643
330
17
100
AcDbEntity
  8
POLYLINES
100
AcDbPolyline
 90
5
 70
0
 10
110.3
 20
134.5
 10
111.02
 20
135.07
 10
111.74
 20
134.21
 10
110.73
 20
133.49
 10
110.3
 20
134.5
  0
LWPOLYLINE
  5
644
330
17
100
AcDbEntity
  8
POLYLINES
100
AcDbPolyline
 90
5
 70
0
 10
110.3
 20
134.5
 10
111.02
 20
135.07
 10
111.74
 20
134.21
 10
110.73
 20
133.49
 10
110.3
 20
134.5
  0
LWPOLYLINE
  5
645
330
17
100
AcDbEntity
  8
POLYLINES
100
AcDbPolyline
 90
5
 70
0
 10
111.02
 20
135.07
 10
111.74
 20
135.65
 10
112.6
 20
135.07
 10
111.74
 20
134.21
 10
111.02
 20
135.07
  0
LWPOLYLINE
  5
646
330
17
100
AcDbEntity
  8
POLYLINES
100
AcDbPolyline
 90
5
 70
0
 10
111.02
 20
135.07
 10
111.74
 20
135.65
 10
112.6
 20
135.07
 10
111.74
 20
134.21
 10
111.02
 20
135.07
  0
LWPOLYLINE
  5
647
330
17
100
AcDbEntity
  8
POLYLINES
100
AcDbPolyline
 90
5
 70
0
 10
111.74
 20
135.65
 10
112.03
 20
136.51
 10
113.03
 20
136.22
 10
112.6
 20
135.07
 10
111.74
 20
135.65
  0
LWPOLYLINE
  5
648
330
17
100
AcDbEntity
  8
POLYLINES
100
AcDbPolyline
 90
5
 70
0
 10
111.74
 20
135.65
 10
112.03
 20
136.51
 10
113.03
 20
136.22
 10
112.6
 20
135.07
 10
111.74
 20
135.65
  0
LWPOLYLINE
  5
649
330
17
100
AcDbEntity
  8
POLYLINES
100
AcDbPolyline
 90
5
 70
0
 10
112.03
 20
136.51
 10
112.17
 20
137.38
 10
113.32
 20
137.38
 10
113.03
 20
136.22
 10
112.03
 20
136.51
  0
LWPOLYLINE
  5
64A
330
17
100
AcDbEntity
  8
POLYLINES
100
AcDbPolyline
 90
5
 70
0
 10
112.03
 20
136.51
 10
112.17
 20
137.38
 10
113.32
 20
137.38
 10
113.03
 20
136.22
 10
112.03
 20
136.51
  0
LWPOLYLINE
  5
64B
330
17
100
AcDbEntity
  8
POLYLINES
100
AcDbPolyline
 90
5
 70
0
 10
112.17
 20
137.38
 10
112.03
 20
138.38
 10
113.03
 20
138.67
 10
113.32
 20
137.38
 10
112.17
 20
137.38
  0
LWPOLYLINE
  5
64C
330
17
100
AcDbEntity
  8
POLYLINES
100
AcDbPolyline
 90
5
 70
0
 10
112.17
 20
137.38
 10
112.03
 20
138.38
 10
113.03
 20
138.67
 10
113.32
 20
137.38
 10
112.17
 20
137.38
  0
LWPOLYLINE
  5
64D
330
17
100
AcDbEntity
  8
POLYLINES
100
AcDbPolyline
 90
5
 70
0
 10
112.03
 20
138.38
 10
111.74
 20
139.1
 10
112.6
 20
139.68
 10
113.03
 20
138.67
 10
112.03
 20
138.38
  0
LWPOLYLINE
  5
64E
330
17
100
AcDbEntity
  8
POLYLINES
100
AcDbPolyline
 90
5
 70
0
 10
112.03
 20
138.38
 10
111.74
 20
139.1
 10
112.6
 20
139.68
 10
113.03
 20
138.67
 10
112.03
 20
138.38
  0
LWPOLYLINE
  5
64F
330
17
100
AcDbEntity
  8
POLYLINES
100
AcDbPolyline
 90
5
 70
0
 10
111.74
 20
139.1
 10
111.02
 20
139.82
 10
111.74
 20
140.69
 10
112.6
 20
139.68
 10
111.74
 20
139.1
  0
LWPOLYLINE
  5
650
330
17
100
AcDbEntity
  8
POLYLINES
100
AcDbPolyline
 90
5
 70
0
 10
111.74
 20
139.1
 10
111.02
 20
139.82
 10
111.74
 20
140.69
 10
112.6
 20
139.68
 10
111.74
 20
139.1
  0
LWPOLYLINE
  5
651
330
17
100
AcDbEntity
  8
POLYLINES
100
AcDbPolyline
 90
5
 70
0
 10
111.02
 20
139.82
 10
110.3
 20
140.26
 10
110.73
 20
141.26
 10
111.74
 20
140.69
 10
111.02
 20
139.82
  0
LWPOLYLINE
  5
652
330
17
100
AcDbEntity
  8
POLYLINES
100
AcDbPolyline
 90
5
 70
0
 10
111.02
 20
139.82
 10
110.3
 20
140.26
 10
110.73
 20
141.26
 10
111.74
 20
140.69
 10
111.02
 20
139.82
  0
LWPOLYLINE
  5
653
330
17
100
AcDbEntity
  8
POLYLINES
100
AcDbPolyline
 90
5
 70
0
 10
110.3
 20
140.26
 10
109.43
 20
140.54
 10
109.58
 20
141.7
 10
110.73
 20
141.26
 10
110.3
 20
140.26
  0
LWPOLYLINE
  5
654
330
17
100
AcDbEntity
  8
POLYLINES
100
AcDbPolyline
 90
5
 70
0
 10
110.3
 20
140.26
 10
109.43
 20
140.54
 10
109.58
 20
141.7
 10
110.73
 20
141.26
 10
110.3
 20
140.26
  0
LWPOLYLINE
  5
655
330
17
100
AcDbEntity
  8
POLYLINES
100
AcDbPolyline
 90
5
 70
0
 10
109.43
 20
140.54
 10
108.57
 20
140.54
 10
108.43
 20
141.7
 10
109.58
 20
141.7
 10
109.43
 20
140.54
  0
LWPOLYLINE
  5
656
330
17
100
AcDbEntity
  8
POLYLINES
100
AcDbPolyline
 90
5
 70
0
 10
109.43
 20
140.54
 10
108.57
 20
140.54
 10
108.43
 20
141.7
 10
109.58
 20
141.7
 10
109.43
 20
140.54
  0
LWPOLYLINE
  5
657
330
17
100
AcDbEntity
  8
POLYLINES
100
AcDbPolyline
 90
5
 70
0
 10
108.57
 20
140.54
 10
107.71
 20
140.26
 10
107.27
 20
141.26
 10
108.43
 20
141.7
 10
108.57
 20
140.54
  0
LWPOLYLINE
  5
658
330
17
100
AcDbEntity
  8
POLYLINES
100
AcDbPolyline
 90
5
 70
0
 10
108.57
 20
140.54
 10
107.71
 20
140.26
 10
107.27
 20
141.26
 10
108.43
 20
141.7
 10
108.57
 20
140.54
  0
LWPOLYLINE
  5
659
330
17
100
AcDbEntity
  8
POLYLINES
100
AcDbPolyline
 90
5
 70
0
 10
107.71
 20
140.26
 10
106.84
 20
139.82
 10
106.27
 20
140.69
 10
107.27
 20
141.26
 10
107.71
 20
140.26
  0
LWPOLYLINE
  5
65A
330
17
100
AcDbEntity
  8
POLYLINES
100
AcDbPolyline
 90
5
 70
0
 10
107.71
 20
140.26
 10
106.84
 20
139.82
 10
106.27
 20
140.69
 10
107.27
 20
141.26
 10
107.71
 20
140.26
  0
LWPOLYLINE
  5
65B
330
17
100
AcDbEntity
  8
POLYLINES
100
AcDbPolyline
 90
5
 70
0
 10
106.84
 20
139.82
 10
106.27
 20
139.1
 10
105.4
 20
139.68
 10
106.27
 20
140.69
 10
106.84
 20
139.82
  0
LWPOLYLINE
  5
65C
330
17
100
AcDbEntity
  8
POLYLINES
100
AcDbPolyline
 90
5
 70
0
 10
106.84
 20
139.82
 10
106.27
 20
139.1
 10
105.4
 20
139.68
 10
106.27
 20
140.69
 10
106.84
 20
139.82
  0
LWPOLYLINE
  5
65D
330
17
100
AcDbEntity
  8
POLYLINES
100
AcDbPolyline
 90
5
 70
0
 10
106.27
 20
139.1
 10
105.98
 20
138.38
 10
104.97
 20
138.67
 10
105.4
 20
139.68
 10
106.27
 20
139.1
  0
LWPOLYLINE
  5
65E
330
17
100
AcDbEntity
  8
POLYLINES
100
AcDbPolyline
 90
5
 70
0
 10
106.27
 20
139.1
 10
105.98
 20
138.38
 10
104.97
 20
138.67
 10
105.4
 20
139.68
 10
106.27
 20
139.1
  0
LWPOLYLINE
  5
65F
330
17
100
AcDbEntity
  8
POLYLINES
100
AcDbPolyline
 90
5
 70
0
 10
105.98
 20
138.38
 10
105.83
 20
137.38
 10
104.68
 20
137.38
 10
104.97
 20
138.67
 10
105.98
 20
138.38
  0
LWPOLYLINE
  5
660
330
17
100
AcDbEntity
  8
POLYLINES
100
AcDbPolyline
 90
5
 70
0
 10
105.98
 20
138.38
 10
105.83
 20
137.38
 10
104.68
 20
137.38
 10
104.97
 20
138.67
 10
105.98
 20
138.38
  0
LWPOLYLINE
  5
661
330
17
100
AcDbEntity
  8
POLYLINES
100
AcDbPolyline
 90
5
 70
0
 10
99.93
 20
137.38
 10
100.07
 20
135.79
 10
98.92
 20
135.65
 10
98.92
 20
137.38
 10
99.93
 20
137.38
  0
LWPOLYLINE
  5
662
330
17
100
AcDbEntity
  8
POLYLINES
100
AcDbPolyline
 90
5
 70
0
 10
99.93
 20
137.38
 10
100.07
 20
135.79
 10
98.92
 20
135.65
 10
98.92
 20
137.38
 10
99.93
 20
137.38
  0
LWPOLYLINE
  5
663
330
17
100
AcDbEntity
  8
POLYLINES
100
AcDbPolyline
 90
5
 70
0
 10
100.07
 20
135.79
 10
100.36
 20
134.21
 10
99.35
 20
133.92
 10
98.92
 20
135.65
 10
100.07
 20
135.79
  0
LWPOLYLINE
  5
664
330
17
100
AcDbEntity
  8
POLYLINES
100
AcDbPolyline
 90
5
 70
0
 10
100.07
 20
135.79
 10
100.36
 20
134.21
 10
99.35
 20
133.92
 10
98.92
 20
135.65
 10
100.07
 20
135.79
  0
LWPOLYLINE
  5
665
330
17
100
AcDbEntity
  8
POLYLINES
100
AcDbPolyline
 90
5
 70
0
 10
100.36
 20
134.21
 10
101.08
 20
132.77
 10
100.07
 20
132.19
 10
99.35
 20
133.92
 10
100.36
 20
134.21
  0
LWPOLYLINE
  5
666
330
17
100
AcDbEntity
  8
POLYLINES
100
AcDbPolyline
 90
5
 70
0
 10
100.36
 20
134.21
 10
101.08
 20
132.77
 10
100.07
 20
132.19
 10
99.35
 20
133.92
 10
100.36
 20
134.21
  0
LWPOLYLINE
  5
667
330
17
100
AcDbEntity
  8
POLYLINES
100
AcDbPolyline
 90
5
 70
0
 10
101.08
 20
132.77
 10
101.95
 20
131.47
 10
101.08
 20
130.75
 10
100.07
 20
132.19
 10
101.08
 20
132.77
  0
LWPOLYLINE
  5
668
330
17
100
AcDbEntity
  8
POLYLINES
100
AcDbPolyline
 90
5
 70
0
 10
101.08
 20
132.77
 10
101.95
 20
131.47
 10
101.08
 20
130.75
 10
100.07
 20
132.19
 10
101.08
 20
132.77
  0
LWPOLYLINE
  5
669
330
17
100
AcDbEntity
  8
POLYLINES
100
AcDbPolyline
 90
5
 70
0
 10
101.95
 20
131.47
 10
103.1
 20
130.32
 10
102.38
 20
129.46
 10
101.08
 20
130.75
 10
101.95
 20
131.47
  0
LWPOLYLINE
  5
66A
330
17
100
AcDbEntity
  8
POLYLINES
100
AcDbPolyline
 90
5
 70
0
 10
101.95
 20
131.47
 10
103.1
 20
130.32
 10
102.38
 20
129.46
 10
101.08
 20
130.75
 10
101.95
 20
131.47
  0
LWPOLYLINE
  5
66B
330
17
100
AcDbEntity
  8
POLYLINES
100
AcDbPolyline
 90
5
 70
0
 10
103.1
 20
130.32
 10
104.39
 20
129.31
 10
103.82
 20
128.45
 10
102.38
 20
129.46
 10
103.1
 20
130.32
  0
LWPOLYLINE
  5
66C
330
17
100
AcDbEntity
  8
POLYLINES
100
AcDbPolyline
 90
5
 70
0
 10
103.1
 20
130.32
 10
104.39
 20
129.31
 10
103.82
 20
128.45
 10
102.38
 20
129.46
 10
103.1
 20
130.32
  0
LWPOLYLINE
  5
66D
330
17
100
AcDbEntity
  8
POLYLINES
100
AcDbPolyline
 90
5
 70
0
 10
104.39
 20
129.31
 10
105.83
 20
128.59
 10
105.4
 20
127.58
 10
103.82
 20
128.45
 10
104.39
 20
129.31
  0
LWPOLYLINE
  5
66E
330
17
100
AcDbEntity
  8
POLYLINES
100
AcDbPolyline
 90
5
 70
0
 10
104.39
 20
129.31
 10
105.83
 20
128.59
 10
105.4
 20
127.58
 10
103.82
 20
128.45
 10
104.39
 20
129.31
  0
LWPOLYLINE
  5
66F
330
17
100
AcDbEntity
  8
POLYLINES
100
AcDbPolyline
 90
5
 70
0
 10
105.83
 20
128.59
 10
107.42
 20
128.16
 10
107.13
 20
127.15
 10
105.4
 20
127.58
 10
105.83
 20
128.59
  0
LWPOLYLINE
  5
670
330
17
100
AcDbEntity
  8
POLYLINES
100
AcDbPolyline
 90
5
 70
0
 10
105.83
 20
128.59
 10
107.42
 20
128.16
 10
107.13
 20
127.15
 10
105.4
 20
127.58
 10
105.83
 20
128.59
  0
LWPOLYLINE
  5
671
330
17
100
AcDbEntity
  8
POLYLINES
100
AcDbPolyline
 90
5
 70
0
 10
107.42
 20
128.16
 10
109.0
 20
128.02
 10
109.0
 20
127.01
 10
107.13
 20
127.15
 10
107.42
 20
128.16
  0
LWPOLYLINE
  5
672
330
17
100
AcDbEntity
  8
POLYLINES
100
AcDbPolyline
 90
5
 70
0
 10
107.42
 20
128.16
 10
109.0
 20
128.02
 10
109.0
 20
127.01
 10
107.13
 20
127.15
 10
107.42
 20
128.16
  0
LWPOLYLINE
  5
673
330
17
100
AcDbEntity
  8
POLYLINES
100
AcDbPolyline
 90
5
 70
0
 10
109.0
 20
128.02
 10
110.59
 20
128.16
 10
110.73
 20
127.15
 10
109.0
 20
127.01
 10
109.0
 20
128.02
  0
LWPOLYLINE
  5
674
330
17
100
AcDbEntity
  8
POLYLINES
100
AcDbPolyline
 90
5
 70
0
 10
109.0
 20
128.02
 10
110.59
 20
128.16
 10
110.73
 20
127.15
 10
109.0
 20
127.01
 10
109.0
 20
128.02
  0
LWPOLYLINE
  5
675
330
17
100
AcDbEntity
  8
POLYLINES
100
AcDbPolyline
 90
5
 70
0
 10
110.59
 20
128.16
 10
112.17
 20
128.59
 10
112.46
 20
127.58
 10
110.73
 20
127.15
 10
110.59
 20
128.16
  0
LWPOLYLINE
  5
676
330
17
100
AcDbEntity
  8
POLYLINES
100
AcDbPolyline
 90
5
 70
0
 10
110.59
 20
128.16
 10
112.17
 20
128.59
 10
112.46
 20
127.58
 10
110.73
 20
127.15
 10
110.59
 20
128.16
  0
LWPOLYLINE
  5
677
330
17
100
AcDbEntity
  8
POLYLINES
100
AcDbPolyline
 90
5
 70
0
 10
112.17
 20
128.59
 10
113.61
 20
129.31
 10
114.19
 20
128.45
 10
112.46
 20
127.58
 10
112.17
 20
128.59
  0
LWPOLYLINE
  5
678
330
17
100
AcDbEntity
  8
POLYLINES
100
AcDbPolyline
 90
5
 70
0
 10
112.17
 20
128.59
 10
113.61
 20
129.31
 10
114.19
 20
128.45
 10
112.46
 20
127.58
 10
112.17
 20
128.59
  0
LWPOLYLINE
  5
679
330
17
100
AcDbEntity
  8
POLYLINES
100
AcDbPolyline
 90
5
 70
0
 10
113.61
 20
129.31
 10
114.91
 20
130.32
 10
115.63
 20
129.46
 10
114.19
 20
128.45
 10
113.61
 20
129.31
  0
LWPOLYLINE
  5
67A
330
17
100
AcDbEntity
  8
POLYLINES
100
AcDbPolyline
 90
5
 70
0
 10
113.61
 20
129.31
 10
114.91
 20
130.32
 10
115.63
 20
129.46
 10
114.19
 20
128.45
 10
113.61
 20
129.31
  0
LWPOLYLINE
  5
67B
330
17
100
AcDbEntity
  8
POLYLINES
100
AcDbPolyline
 90
5
 70
0
 10
114.91
 20
130.32
 10
116.06
 20
131.47
 10
116.78
 20
130.75
 10
115.63
 20
129.46
 10
114.91
 20
130.32
  0
LWPOLYLINE
  5
67C
330
17
100
AcDbEntity
  8
POLYLINES
100
AcDbPolyline
 90
5
 70
0
 10
114.91
 20
130.32
 10
116.06
 20
131.47
 10
116.78
 20
130.75
 10
115.63
 20
129.46
 10
114.91
 20
130.32
  0
LWPOLYLINE
  5
67D
330
17
100
AcDbEntity
  8
POLYLINES
100
AcDbPolyline
 90
5
 70
0
 10
116.06
 20
131.47
 10
116.92
 20
132.77
 10
117.79
 20
132.19
 10
116.78
 20
130.75
 10
116.06
 20
131.47
  0
LWPOLYLINE
  5
67E
330
17
100
AcDbEntity
  8
POLYLINES
100
AcDbPolyline
 90
5
 70
0
 10
116.06
 20
131.47
 10
116.92
 20
132.77
 10
117.79
 20
132.19
 10
116.78
 20
130.75
 10
116.06
 20
131.47
  0
LWPOLYLINE
  5
67F
330
17
100
AcDbEntity
  8
POLYLINES
100
AcDbPolyline
 90
5
 70
0
 10
116.92
 20
132.77
 10
117.5
 20
134.21
 10
118.51
 20
133.92
 10
117.79
 20
132.19
 10
116.92
 20
132.77
  0
LWPOLYLINE
  5
680
330
17
100
AcDbEntity
  8
POLYLINES
100
AcDbPolyline
 90
5
 70
0
 10
116.92
 20
132.77
 10
117.5
 20
134.21
 10
118.51
 20
133.92
 10
117.79
 20
132.19
 10
116.92
 20
132.77
  0
LWPOLYLINE
  5
681
330
17
100
AcDbEntity
  8
POLYLINES
100
AcDbPolyline
 90
5
 70
0
 10
117.5
 20
134.21
 10
117.93
 20
135.79
 10
118.94
 20
135.65
 10
118.51
 20
133.92
 10
117.5
 20
134.21
  0
LWPOLYLINE
  5
682
330
17
100
AcDbEntity
  8
POLYLINES
100
AcDbPolyline
 90
5
 70
0
 10
117.5
 20
134.21
 10
117.93
 20
135.79
 10
118.94
 20
135.65
 10
118.51
 20
133.92
 10
117.5
 20
134.21
  0
LWPOLYLINE
  5
683
330
17
100
AcDbEntity
  8
POLYLINES
100
AcDbPolyline
 90
5
 70
0
 10
117.93
 20
135.79
 10
118.07
 20
137.38
 10
119.08
 20
137.38
 10
118.94
 20
135.65
 10
117.93
 20
135.79
  0
LWPOLYLINE
  5
684
330
17
100
AcDbEntity
  8
POLYLINES
100
AcDbPolyline
 90
5
 70
0
 10
117.93
 20
135.79
 10
118.07
 20
137.38
 10
119.08
 20
137.38
 10
118.94
 20
135.65
 10
117.93
 20
135.79
  0
LWPOLYLINE
  5
685
330
17
100
AcDbEntity
  8
POLYLINES
100
AcDbPolyline
 90
5
 70
0
 10
118.07
 20
137.38
 10
117.93
 20
138.96
 10
119.08
 20
139.1
 10
119.08
 20
137.38
 10
118.07
 20
137.38
  0
LWPOLYLINE
  5
686
330
17
100
AcDbEntity
  8
POLYLINES
100
AcDbPolyline
 90
5
 70
0
 10
118.07
 20
137.38
 10
117.93
 20
138.96
 10
119.08
 20
139.1
 10
119.08
 20
137.38
 10
118.07
 20
137.38
  0
LWPOLYLINE
  5
687
330
17
100
AcDbEntity
  8
POLYLINES
100
AcDbPolyline
 90
5
 70
0
 10
117.93
 20
138.96
 10
117.64
 20
140.4
 10
118.65
 20
140.69
 10
119.08
 20
139.1
 10
117.93
 20
138.96
  0
LWPOLYLINE
  5
688
330
17
100
AcDbEntity
  8
POLYLINES
100
AcDbPolyline
 90
5
 70
0
 10
117.93
 20
138.96
 10
117.64
 20
140.4
 10
118.65
 20
140.69
 10
119.08
 20
139.1
 10
117.93
 20
138.96
  0
LWPOLYLINE
  5
689
330
17
100
AcDbEntity
  8
POLYLINES
100
AcDbPolyline
 90
5
 70
0
 10
117.64
 20
140.4
 10
117.07
 20
141.84
 10
117.93
 20
142.27
 10
118.65
 20
140.69
 10
117.64
 20
140.4
  0
LWPOLYLINE
  5
68A
330
17
100
AcDbEntity
  8
POLYLINES
100
AcDbPolyline
 90
5
 70
0
 10
117.64
 20
140.4
 10
117.07
 20
141.84
 10
117.93
 20
142.27
 10
118.65
 20
140.69
 10
117.64
 20
140.4
  0
LWPOLYLINE
  5
68B
330
17
100
AcDbEntity
  8
POLYLINES
100
AcDbPolyline
 90
5
 70
0
 10
117.07
 20
141.84
 10
116.2
 20
143.14
 10
117.07
 20
143.86
 10
117.93
 20
142.27
 10
117.07
 20
141.84
  0
LWPOLYLINE
  5
68C
330
17
100
AcDbEntity
  8
POLYLINES
100
AcDbPolyline
 90
5
 70
0
 10
117.07
 20
141.84
 10
116.2
 20
143.14
 10
117.07
 20
143.86
 10
117.93
 20
142.27
 10
117.07
 20
141.84
  0
LWPOLYLINE
  5
68D
330
17
100
AcDbEntity
  8
POLYLINES
100
AcDbPolyline
 90
5
 70
0
 10
116.2
 20
143.14
 10
115.19
 20
144.29
 10
115.91
 20
145.01
 10
117.07
 20
143.86
 10
116.2
 20
143.14
  0
LWPOLYLINE
  5
68E
330
17
100
AcDbEntity
  8
POLYLINES
100
AcDbPolyline
 90
5
 70
0
 10
116.2
 20
143.14
 10
115.19
 20
144.29
 10
115.91
 20
145.01
 10
117.07
 20
143.86
 10
116.2
 20
143.14
  0
LWPOLYLINE
  5
68F
330
17
100
AcDbEntity
  8
POLYLINES
100
AcDbPolyline
 90
5
 70
0
 10
115.19
 20
144.29
 10
114.04
 20
145.3
 10
114.62
 20
146.16
 10
115.91
 20
145.01
 10
115.19
 20
144.29
  0
LWPOLYLINE
  5
690
330
17
100
AcDbEntity
  8
POLYLINES
100
AcDbPolyline
 90
5
 70
0
 10
115.19
 20
144.29
 10
114.04
 20
145.3
 10
114.62
 20
146.16
 10
115.91
 20
145.01
 10
115.19
 20
144.29
  0
LWPOLYLINE
  5
691
330
17
100
AcDbEntity
  8
POLYLINES
100
AcDbPolyline
 90
5
 70
0
 10
114.04
 20
145.3
 10
112.75
 20
146.02
 10
113.18
 20
147.02
 10
114.62
 20
146.16
 10
114.04
 20
145.3
  0
LWPOLYLINE
  5
692
330
17
100
AcDbEntity
  8
POLYLINES
100
AcDbPolyline
 90
5
 70
0
 10
114.04
 20
145.3
 10
112.75
 20
146.02
 10
113.18
 20
147.02
 10
114.62
 20
146.16
 10
114.04
 20
145.3
  0
LWPOLYLINE
  5
693
330
17
100
AcDbEntity
  8
POLYLINES
100
AcDbPolyline
 90
5
 70
0
 10
112.75
 20
146.02
 10
111.31
 20
146.45
 10
111.45
 20
147.6
 10
113.18
 20
147.02
 10
112.75
 20
146.02
  0
LWPOLYLINE
  5
694
330
17
100
AcDbEntity
  8
POLYLINES
100
AcDbPolyline
 90
5
 70
0
 10
112.75
 20
146.02
 10
111.31
 20
146.45
 10
111.45
 20
147.6
 10
113.18
 20
147.02
 10
112.75
 20
146.02
  0
LWPOLYLINE
  5
695
330
17
100
AcDbEntity
  8
POLYLINES
100
AcDbPolyline
 90
5
 70
0
 10
111.31
 20
146.45
 10
109.72
 20
146.74
 10
109.87
 20
147.89
 10
111.45
 20
147.6
 10
111.31
 20
146.45
  0
LWPOLYLINE
  5
696
330
17
100
AcDbEntity
  8
POLYLINES
100
AcDbPolyline
 90
5
 70
0
 10
111.31
 20
146.45
 10
109.72
 20
146.74
 10
109.87
 20
147.89
 10
111.45
 20
147.6
 10
111.31
 20
146.45
  0
LWPOLYLINE
  5
697
330
17
100
AcDbEntity
  8
POLYLINES
100
AcDbPolyline
 90
5
 70
0
 10
109.72
 20
146.74
 10
108.14
 20
146.74
 10
108.14
 20
147.89
 10
109.87
 20
147.89
 10
109.72
 20
146.74
  0
LWPOLYLINE
  5
698
330
17
100
AcDbEntity
  8
POLYLINES
100
AcDbPolyline
 90
5
 70
0
 10
109.72
 20
146.74
 10
108.14
 20
146.74
 10
108.14
 20
147.89
 10
109.87
 20
147.89
 10
109.72
 20
146.74
  0
LWPOLYLINE
  5
699
330
17
100
AcDbEntity
  8
POLYLINES
100
AcDbPolyline
 90
5
 70
0
 10
108.14
 20
146.74
 10
106.7
 20
146.45
 10
106.41
 20
147.6
 10
108.14
 20
147.89
 10
108.14
 20
146.74
  0
LWPOLYLINE
  5
69A
330
17
100
AcDbEntity
  8
POLYLINES
100
AcDbPolyline
 90
5
 70
0
 10
108.14
 20
146.74
 10
106.7
 20
146.45
 10
106.41
 20
147.6
 10
108.14
 20
147.89
 10
108.14
 20
146.74
  0
LWPOLYLINE
  5
69B
330
17
100
AcDbEntity
  8
POLYLINES
100
AcDbPolyline
 90
5
 70
0
 10
106.7
 20
146.45
 10
105.26
 20
146.02
 10
104.83
 20
147.02
 10
106.41
 20
147.6
 10
106.7
 20
146.45
  0
LWPOLYLINE
  5
69C
330
17
100
AcDbEntity
  8
POLYLINES
100
AcDbPolyline
 90
5
 70
0
 10
106.7
 20
146.45
 10
105.26
 20
146.02
 10
104.83
 20
147.02
 10
106.41
 20
147.6
 10
106.7
 20
146.45
  0
LWPOLYLINE
  5
69D
330
17
100
AcDbEntity
  8
POLYLINES
100
AcDbPolyline
 90
5
 70
0
 10
105.26
 20
146.02
 10
103.96
 20
145.3
 10
103.39
 20
146.16
 10
104.83
 20
147.02
 10
105.26
 20
146.02
  0
LWPOLYLINE
  5
69E
330
17
100
AcDbEntity
  8
POLYLINES
100
AcDbPolyline
 90
5
 70
0
 10
105.26
 20
146.02
 10
103.96
 20
145.3
 10
103.39
 20
146.16
 10
104.83
 20
147.02
 10
105.26
 20
146.02
  0
LWPOLYLINE
  5
69F
330
17
100
AcDbEntity
  8
POLYLINES
100
AcDbPolyline
 90
5
 70
0
 10
103.96
 20
145.3
 10
102.67
 20
144.29
 10
101.95
 20
145.01
 10
103.39
 20
146.16
 10
103.96
 20
145.3
  0
LWPOLYLINE
  5
6A0
330
17
100
AcDbEntity
  8
POLYLINES
100
AcDbPolyline
 90
5
 70
0
 10
103.96
 20
145.3
 10
102.67
 20
144.29
 10
101.95
 20
145.01
 10
103.39
 20
146.16
 10
103.96
 20
145.3
  0
LWPOLYLINE
  5
6A1
330
17
100
AcDbEntity
  8
POLYLINES
100
AcDbPolyline
 90
5
 70
0
 10
102.67
 20
144.29
 10
101.66
 20
143.14
 10
100.79
 20
143.71
 10
101.95
 20
145.01
 10
102.67
 20
144.29
  0
LWPOLYLINE
  5
6A2
330
17
100
AcDbEntity
  8
POLYLINES
100
AcDbPolyline
 90
5
 70
0
 10
102.67
 20
144.29
 10
101.66
 20
143.14
 10
100.79
 20
143.71
 10
101.95
 20
145.01
 10
102.67
 20
144.29
  0
LWPOLYLINE
  5
6A3
330
17
100
AcDbEntity
  8
POLYLINES
100
AcDbPolyline
 90
5
 70
0
 10
101.66
 20
143.14
 10
100.94
 20
141.84
 10
99.93
 20
142.27
 10
100.79
 20
143.71
 10
101.66
 20
143.14
  0
LWPOLYLINE
  5
6A4
330
17
100
AcDbEntity
  8
POLYLINES
100
AcDbPolyline
 90
5
 70
0
 10
101.66
 20
143.14
 10
100.94
 20
141.84
 10
99.93
 20
142.27
 10
100.79
 20
143.71
 10
101.66
 20
143.14
  0
LWPOLYLINE
  5
6A5
330
17
100
AcDbEntity
  8
POLYLINES
100
AcDbPolyline
 90
5
 70
0
 10
100.94
 20
141.84
 10
100.36
 20
140.4
 10
99.35
 20
140.69
 10
99.93
 20
142.27
 10
100.94
 20
141.84
  0
LWPOLYLINE
  5
6A6
330
17
100
AcDbEntity
  8
POLYLINES
100
AcDbPolyline
 90
5
 70
0
 10
100.94
 20
141.84
 10
100.36
 20
140.4
 10
99.35
 20
140.69
 10
99.93
 20
142.27
 10
100.94
 20
141.84
  0
LWPOLYLINE
  5
6A7
330
17
100
AcDbEntity
  8
POLYLINES
100
AcDbPolyline
 90
5
 70
0
 10
100.36
 20
140.4
 10
99.93
 20
138.96
 10
98.92
 20
139.1
 10
99.35
 20
140.69
 10
100.36
 20
140.4
  0
LWPOLYLINE
  5
6A8
330
17
100
AcDbEntity
  8
POLYLINES
100
AcDbPolyline
 90
5
 70
0
 10
100.36
 20
140.4
 10
99.93
 20
138.96
 10
98.92
 20
139.1
 10
99.35
 20
140.69
 10
100.36
 20
140.4
  0
LWPOLYLINE
  5
6A9
330
17
100
AcDbEntity
  8
POLYLINES
100
AcDbPolyline
 90
5
 70
0
 10
99.93
 20
138.96
 10
99.93
 20
137.38
 10
98.92
 20
137.38
 10
98.92
 20
139.1
 10
99.93
 20
138.96
  0
LWPOLYLINE
  5
6AA
330
17
100
AcDbEntity
  8
POLYLINES
100
AcDbPolyline
 90
5
 70
0
 10
99.93
 20
138.96
 10
99.93
 20
137.38
 10
98.92
 20
137.38
 10
98.92
 20
139.1
 10
99.93
 20
138.96
  0
LWPOLYLINE
  5
6AB
330
17
100
AcDbEntity
  8
POLYLINES
100
AcDbPolyline
 90
5
 70
0
 10
1052.49
 20
543.31
 10
1052.63
 20
542.02
 10
1051.63
 20
541.73
 10
1051.48
 20
543.31
 10
1052.49
 20
543.31
  0
LWPOLYLINE
  5
6AC
330
17
100
AcDbEntity
  8
POLYLINES
100
AcDbPolyline
 90
5
 70
0
 10
1052.49
 20
543.31
 10
1052.63
 20
542.02
 10
1051.63
 20
541.73
 10
1051.48
 20
543.31
 10
1052.49
 20
543.31
  0
LWPOLYLINE
  5
6AD
330
17
100
AcDbEntity
  8
POLYLINES
100
AcDbPolyline
 90
5
 70
0
 10
1052.63
 20
542.02
 10
1053.07
 20
540.72
 10
1052.06
 20
540.29
 10
1051.63
 20
541.73
 10
1052.63
 20
542.02
  0
LWPOLYLINE
  5
6AE
330
17
100
AcDbEntity
  8
POLYLINES
100
AcDbPolyline
 90
5
 70
0
 10
1052.63
 20
542.02
 10
1053.07
 20
540.72
 10
1052.06
 20
540.29
 10
1051.63
 20
541.73
 10
1052.63
 20
542.02
  0
LWPOLYLINE
  5
6AF
330
17
100
AcDbEntity
  8
POLYLINES
100
AcDbPolyline
 90
5
 70
0
 10
1053.07
 20
540.72
 10
1053.79
 20
539.57
 10
1052.92
 20
538.99
 10
1052.06
 20
540.29
 10
1053.07
 20
540.72
  0
LWPOLYLINE
  5
6B0
330
17
100
AcDbEntity
  8
POLYLINES
100
AcDbPolyline
 90
5
 70
0
 10
1053.07
 20
540.72
 10
1053.79
 20
539.57
 10
1052.92
 20
538.99
 10
1052.06
 20
540.29
 10
1053.07
 20
540.72
  0
LWPOLYLINE
  5
6B1
330
17
100
AcDbEntity
  8
POLYLINES
100
AcDbPolyline
 90
5
 70
0
 10
1053.79
 20
539.57
 10
1054.65
 20
538.56
 10
1053.93
 20
537.84
 10
1052.92
 20
538.99
 10
1053.79
 20
539.57
  0
LWPOLYLINE
  5
6B2
330
17
100
AcDbEntity
  8
POLYLINES
100
AcDbPolyline
 90
5
 70
0
 10
1053.79
 20
539.57
 10
1054.65
 20
538.56
 10
1053.93
 20
537.84
 10
1052.92
 20
538.99
 10
1053.79
 20
539.57
  0
LWPOLYLINE
  5
6B3
330
17
100
AcDbEntity
  8
POLYLINES
100
AcDbPolyline
 90
5
 70
0
 10
1054.65
 20
538.56
 10
1055.8
 20
537.84
 10
1055.23
 20
536.83
 10
1053.93
 20
537.84
 10
1054.65
 20
538.56
  0
LWPOLYLINE
  5
6B4
330
17
100
AcDbEntity
  8
POLYLINES
100
AcDbPolyline
 90
5
 70
0
 10
1054.65
 20
538.56
 10
1055.8
 20
537.84
 10
1055.23
 20
536.83
 10
1053.93
 20
537.84
 10
1054.65
 20
538.56
  0
LWPOLYLINE
  5
6B5
330
17
100
AcDbEntity
  8
POLYLINES
100
AcDbPolyline
 90
5
 70
0
 10
1055.8
 20
537.84
 10
1056.95
 20
537.26
 10
1056.67
 20
536.26
 10
1055.23
 20
536.83
 10
1055.8
 20
537.84
  0
LWPOLYLINE
  5
6B6
330
17
100
AcDbEntity
  8
POLYLINES
100
AcDbPolyline
 90
5
 70
0
 10
1055.8
 20
537.84
 10
1056.95
 20
537.26
 10
1056.67
 20
536.26
 10
1055.23
 20
536.83
 10
1055.8
 20
537.84
  0
LWPOLYLINE
  5
6B7
330
17
100
AcDbEntity
  8
POLYLINES
100
AcDbPolyline
 90
5
 70
0
 10
1056.95
 20
537.26
 10
1058.25
 20
536.98
 10
1058.11
 20
535.97
 10
1056.67
 20
536.26
 10
1056.95
 20
537.26
  0
LWPOLYLINE
  5
6B8
330
17
100
AcDbEntity
  8
POLYLINES
100
AcDbPolyline
 90
5
 70
0
 10
1056.95
 20
537.26
 10
1058.25
 20
536.98
 10
1058.11
 20
535.97
 10
1056.67
 20
536.26
 10
1056.95
 20
537.26
  0
LWPOLYLINE
  5
6B9
330
17
100
AcDbEntity
  8
POLYLINES
100
AcDbPolyline
 90
5
 70
0
 10
1058.25
 20
536.98
 10
1059.55
 20
536.98
 10
1059.69
 20
535.97
 10
1058.11
 20
535.97
 10
1058.25
 20
536.98
  0
LWPOLYLINE
  5
6BA
330
17
100
AcDbEntity
  8
POLYLINES
100
AcDbPolyline
 90
5
 70
0
 10
1058.25
 20
536.98
 10
1059.55
 20
536.98
 10
1059.69
 20
535.97
 10
1058.11
 20
535.97
 10
1058.25
 20
536.98
  0
LWPOLYLINE
  5
6BB
330
17
100
AcDbEntity
  8
POLYLINES
100
AcDbPolyline
 90
5
 70
0
 10
1059.55
 20
536.98
 10
1060.84
 20
537.26
 10
1061.27
 20
536.26
 10
1059.69
 20
535.97
 10
1059.55
 20
536.98
  0
LWPOLYLINE
  5
6BC
330
17
100
AcDbEntity
  8
POLYLINES
100
AcDbPolyline
 90
5
 70
0
 10
1059.55
 20
536.98
 10
1060.84
 20
537.26
 10
1061.27
 20
536.26
 10
1059.69
 20
535.97
 10
1059.55
 20
536.98
  0
LWPOLYLINE
  5
6BD
330
17
100
AcDbEntity
  8
POLYLINES
100
AcDbPolyline
 90
5
 70
0
 10
1060.84
 20
537.26
 10
1062.14
 20
537.84
 10
1062.71
 20
536.83
 10
1061.27
 20
536.26
 10
1060.84
 20
537.26
  0
LWPOLYLINE
  5
6BE
330
17
100
AcDbEntity
  8
POLYLINES
100
AcDbPolyline
 90
5
 70
0
 10
1060.84
 20
537.26
 10
1062.14
 20
537.84
 10
1062.71
 20
536.83
 10
1061.27
 20
536.26
 10
1060.84
 20
537.26
  0
LWPOLYLINE
  5
6BF
330
17
100
AcDbEntity
  8
POLYLINES
100
AcDbPolyline
 90
5
 70
0
 10
1062.14
 20
537.84
 10
1063.15
 20
538.56
 10
1063.87
 20
537.84
 10
1062.71
 20
536.83
 10
1062.14
 20
537.84
  0
LWPOLYLINE
  5
6C0
330
17
100
AcDbEntity
  8
POLYLINES
100
AcDbPolyline
 90
5
 70
0
 10
1062.14
 20
537.84
 10
1063.15
 20
538.56
 10
1063.87
 20
537.84
 10
1062.71
 20
536.83
 10
1062.14
 20
537.84
  0
LWPOLYLINE
  5
6C1
330
17
100
AcDbEntity
  8
POLYLINES
100
AcDbPolyline
 90
5
 70
0
 10
1063.15
 20
538.56
 10
1064.15
 20
539.57
 10
1065.02
 20
538.99
 10
1063.87
 20
537.84
 10
1063.15
 20
538.56
  0
LWPOLYLINE
  5
6C2
330
17
100
AcDbEntity
  8
POLYLINES
100
AcDbPolyline
 90
5
 70
0
 10
1063.15
 20
538.56
 10
1064.15
 20
539.57
 10
1065.02
 20
538.99
 10
1063.87
 20
537.84
 10
1063.15
 20
538.56
  0
LWPOLYLINE
  5
6C3
330
17
100
AcDbEntity
  8
POLYLINES
100
AcDbPolyline
 90
5
 70
0
 10
1064.15
 20
539.57
 10
1064.73
 20
540.72
 10
1065.74
 20
540.29
 10
1065.02
 20
538.99
 10
1064.15
 20
539.57
  0
LWPOLYLINE
  5
6C4
330
17
100
AcDbEntity
  8
POLYLINES
100
AcDbPolyline
 90
5
 70
0
 10
1064.15
 20
539.57
 10
1064.73
 20
540.72
 10
1065.74
 20
540.29
 10
1065.02
 20
538.99
 10
1064.15
 20
539.57
  0
LWPOLYLINE
  5
6C5
330
17
100
AcDbEntity
  8
POLYLINES
100
AcDbPolyline
 90
5
 70
0
 10
1064.73
 20
540.72
 10
1065.16
 20
542.02
 10
1066.17
 20
541.73
 10
1065.74
 20
540.29
 10
1064.73
 20
540.72
  0
LWPOLYLINE
  5
6C6
330
17
100
AcDbEntity
  8
POLYLINES
100
AcDbPolyline
 90
5
 70
0
 10
1064.73
 20
540.72
 10
1065.16
 20
542.02
 10
1066.17
 20
541.73
 10
1065.74
 20
540.29
 10
1064.73
 20
540.72
  0
LWPOLYLINE
  5
6C7
330
17
100
AcDbEntity
  8
POLYLINES
100
AcDbPolyline
 90
5
 70
0
 10
1065.16
 20
542.02
 10
1065.31
 20
543.31
 10
1066.31
 20
543.31
 10
1066.17
 20
541.73
 10
1065.16
 20
542.02
  0
LWPOLYLINE
  5
6C8
330
17
100
AcDbEntity
  8
POLYLINES
100
AcDbPolyline
 90
5
 70
0
 10
1065.16
 20
542.02
 10
1065.31
 20
543.31
 10
1066.31
 20
543.31
 10
1066.17
 20
541.73
 10
1065.16
 20
542.02
  0
LWPOLYLINE
  5
6C9
330
17
100
AcDbEntity
  8
POLYLINES
100
AcDbPolyline
 90
5
 70
0
 10
1065.31
 20
543.31
 10
1065.16
 20
544.61
 10
1066.17
 20
544.9
 10
1066.31
 20
543.31
 10
1065.31
 20
543.31
  0
LWPOLYLINE
  5
6CA
330
17
100
AcDbEntity
  8
POLYLINES
100
AcDbPolyline
 90
5
 70
0
 10
1065.31
 20
543.31
 10
1065.16
 20
544.61
 10
1066.17
 20
544.9
 10
1066.31
 20
543.31
 10
1065.31
 20
543.31
  0
LWPOLYLINE
  5
6CB
330
17
100
AcDbEntity
  8
POLYLINES
100
AcDbPolyline
 90
5
 70
0
 10
1065.16
 20
544.61
 10
1064.73
 20
545.9
 10
1065.74
 20
546.34
 10
1066.17
 20
544.9
 10
1065.16
 20
544.61
  0
LWPOLYLINE
  5
6CC
330
17
100
AcDbEntity
  8
POLYLINES
100
AcDbPolyline
 90
5
 70
0
 10
1065.16
 20
544.61
 10
1064.73
 20
545.9
 10
1065.74
 20
546.34
 10
1066.17
 20
544.9
 10
1065.16
 20
544.61
  0
LWPOLYLINE
  5
6CD
330
17
100
AcDbEntity
  8
POLYLINES
100
AcDbPolyline
 90
5
 70
0
 10
1064.73
 20
545.9
 10
1064.15
 20
547.06
 10
1065.02
 20
547.63
 10
1065.74
 20
546.34
 10
1064.73
 20
545.9
  0
LWPOLYLINE
  5
6CE
330
17
100
AcDbEntity
  8
POLYLINES
100
AcDbPolyline
 90
5
 70
0
 10
1064.73
 20
545.9
 10
1064.15
 20
547.06
 10
1065.02
 20
547.63
 10
1065.74
 20
546.34
 10
1064.73
 20
545.9
  0
LWPOLYLINE
  5
6CF
330
17
100
AcDbEntity
  8
POLYLINES
100
AcDbPolyline
 90
5
 70
0
 10
1064.15
 20
547.06
 10
1063.15
 20
548.06
 10
1063.87
 20
548.78
 10
1065.02
 20
547.63
 10
1064.15
 20
547.06
  0
LWPOLYLINE
  5
6D0
330
17
100
AcDbEntity
  8
POLYLINES
100
AcDbPolyline
 90
5
 70
0
 10
1064.15
 20
547.06
 10
1063.15
 20
548.06
 10
1063.87
 20
548.78
 10
1065.02
 20
547.63
 10
1064.15
 20
547.06
  0
LWPOLYLINE
  5
6D1
330
17
100
AcDbEntity
  8
POLYLINES
100
AcDbPolyline
 90
5
 70
0
 10
1063.15
 20
548.06
 10
1062.14
 20
548.78
 10
1062.71
 20
549.79
 10
1063.87
 20
548.78
 10
1063.15
 20
548.06
  0
LWPOLYLINE
  5
6D2
330
17
100
AcDbEntity
  8
POLYLINES
100
AcDbPolyline
 90
5
 70
0
 10
1063.15
 20
548.06
 10
1062.14
 20
548.78
 10
1062.71
 20
549.79
 10
1063.87
 20
548.78
 10
1063.15
 20
548.06
  0
LWPOLYLINE
  5
6D3
330
17
100
AcDbEntity
  8
POLYLINES
100
AcDbPolyline
 90
5
 70
0
 10
1062.14
 20
548.78
 10
1060.84
 20
549.36
 10
1061.27
 20
550.37
 10
1062.71
 20
549.79
 10
1062.14
 20
548.78
  0
LWPOLYLINE
  5
6D4
330
17
100
AcDbEntity
  8
POLYLINES
100
AcDbPolyline
 90
5
 70
0
 10
1062.14
 20
548.78
 10
1060.84
 20
549.36
 10
1061.27
 20
550.37
 10
1062.71
 20
549.79
 10
1062.14
 20
548.78
  0
LWPOLYLINE
  5
6D5
330
17
100
AcDbEntity
  8
POLYLINES
100
AcDbPolyline
 90
5
 70
0
 10
1060.84
 20
549.36
 10
1059.55
 20
549.65
 10
1059.69
 20
550.66
 10
1061.27
 20
550.37
 10
1060.84
 20
549.36
  0
LWPOLYLINE
  5
6D6
330
17
100
AcDbEntity
  8
POLYLINES
100
AcDbPolyline
 90
5
 70
0
 10
1060.84
 20
549.36
 10
1059.55
 20
549.65
 10
1059.69
 20
550.66
 10
1061.27
 20
550.37
 10
1060.84
 20
549.36
  0
LWPOLYLINE
  5
6D7
330
17
100
AcDbEntity
  8
POLYLINES
100
AcDbPolyline
 90
5
 70
0
 10
1059.55
 20
549.65
 10
1058.25
 20
549.65
 10
1058.11
 20
550.66
 10
1059.69
 20
550.66
 10
1059.55
 20
549.65
  0
LWPOLYLINE
  5
6D8
330
17
100
AcDbEntity
  8
POLYLINES
100
AcDbPolyline
 90
5
 70
0
 10
1059.55
 20
549.65
 10
1058.25
 20
549.65
 10
1058.11
 20
550.66
 10
1059.69
 20
550.66
 10
1059.55
 20
549.65
  0
LWPOLYLINE
  5
6D9
330
17
100
AcDbEntity
  8
POLYLINES
100
AcDbPolyline
 90
5
 70
0
 10
1058.25
 20
549.65
 10
1056.95
 20
549.36
 10
1056.67
 20
550.37
 10
1058.11
 20
550.66
 10
1058.25
 20
549.65
  0
LWPOLYLINE
  5
6DA
330
17
100
AcDbEntity
  8
POLYLINES
100
AcDbPolyline
 90
5
 70
0
 10
1058.25
 20
549.65
 10
1056.95
 20
549.36
 10
1056.67
 20
550.37
 10
1058.11
 20
550.66
 10
1058.25
 20
549.65
  0
LWPOLYLINE
  5
6DB
330
17
100
AcDbEntity
  8
POLYLINES
100
AcDbPolyline
 90
5
 70
0
 10
1056.95
 20
549.36
 10
1055.8
 20
548.78
 10
1055.23
 20
549.79
 10
1056.67
 20
550.37
 10
1056.95
 20
549.36
  0
LWPOLYLINE
  5
6DC
330
17
100
AcDbEntity
  8
POLYLINES
100
AcDbPolyline
 90
5
 70
0
 10
1056.95
 20
549.36
 10
1055.8
 20
548.78
 10
1055.23
 20
549.79
 10
1056.67
 20
550.37
 10
1056.95
 20
549.36
  0
LWPOLYLINE
  5
6DD
330
17
100
AcDbEntity
  8
POLYLINES
100
AcDbPolyline
 90
5
 70
0
 10
1055.8
 20
548.78
 10
1054.65
 20
548.06
 10
1053.93
 20
548.78
 10
1055.23
 20
549.79
 10
1055.8
 20
548.78
  0
LWPOLYLINE
  5
6DE
330
17
100
AcDbEntity
  8
POLYLINES
100
AcDbPolyline
 90
5
 70
0
 10
1055.8
 20
548.78
 10
1054.65
 20
548.06
 10
1053.93
 20
548.78
 10
1055.23
 20
549.79
 10
1055.8
 20
548.78
  0
LWPOLYLINE
  5
6DF
330
17
100
AcDbEntity
  8
POLYLINES
100
AcDbPolyline
 90
5
 70
0
 10
1054.65
 20
548.06
 10
1053.79
 20
547.06
 10
1052.92
 20
547.63
 10
1053.93
 20
548.78
 10
1054.65
 20
548.06
  0
LWPOLYLINE
  5
6E0
330
17
100
AcDbEntity
  8
POLYLINES
100
AcDbPolyline
 90
5
 70
0
 10
1054.65
 20
548.06
 10
1053.79
 20
547.06
 10
1052.92
 20
547.63
 10
1053.93
 20
548.78
 10
1054.65
 20
548.06
  0
LWPOLYLINE
  5
6E1
330
17
100
AcDbEntity
  8
POLYLINES
100
AcDbPolyline
 90
5
 70
0
 10
1053.79
 20
547.06
 10
1053.07
 20
545.9
 10
1052.06
 20
546.34
 10
1052.92
 20
547.63
 10
1053.79
 20
547.06
  0
LWPOLYLINE
  5
6E2
330
17
100
AcDbEntity
  8
POLYLINES
100
AcDbPolyline
 90
5
 70
0
 10
1053.79
 20
547.06
 10
1053.07
 20
545.9
 10
1052.06
 20
546.34
 10
1052.92
 20
547.63
 10
1053.79
 20
547.06
  0
LWPOLYLINE
  5
6E3
330
17
100
AcDbEntity
  8
POLYLINES
100
AcDbPolyline
 90
5
 70
0
 10
1053.07
 20
545.9
 10
1052.63
 20
544.61
 10
1051.63
 20
544.9
 10
1052.06
 20
546.34
 10
1053.07
 20
545.9
  0
LWPOLYLINE
  5
6E4
330
17
100
AcDbEntity
  8
POLYLINES
100
AcDbPolyline
 90
5
 70
0
 10
1053.07
 20
545.9
 10
1052.63
 20
544.61
 10
1051.63
 20
544.9
 10
1052.06
 20
546.34
 10
1053.07
 20
545.9
  0
LWPOLYLINE
  5
6E5
330
17
100
AcDbEntity
  8
POLYLINES
100
AcDbPolyline
 90
5
 70
0
 10
1052.63
 20
544.61
 10
1052.49
 20
543.31
 10
1051.48
 20
543.31
 10
1051.63
 20
544.9
 10
1052.63
 20
544.61
  0
LWPOLYLINE
  5
6E6
330
17
100
AcDbEntity
  8
POLYLINES
100
AcDbPolyline
 90
5
 70
0
 10
1052.63
 20
544.61
 10
1052.49
 20
543.31
 10
1051.48
 20
543.31
 10
1051.63
 20
544.9
 10
1052.63
 20
544.61
  0
LWPOLYLINE
  5
6E7
330
17
100
AcDbEntity
  8
POLYLINES
100
AcDbPolyline
 90
5
 70
0
 10
1055.8
 20
543.31
 10
1055.8
 20
542.45
 10
1054.79
 20
542.16
 10
1054.65
 20
543.31
 10
1055.8
 20
543.31
  0
LWPOLYLINE
  5
6E8
330
17
100
AcDbEntity
  8
POLYLINES
100
AcDbPolyline
 90
5
 70
0
 10
1055.8
 20
543.31
 10
1055.8
 20
542.45
 10
1054.79
 20
542.16
 10
1054.65
 20
543.31
 10
1055.8
 20
543.31
  0
LWPOLYLINE
  5
6E9
330
17
100
AcDbEntity
  8
POLYLINES
100
AcDbPolyline
 90
5
 70
0
 10
1055.8
 20
542.45
 10
1056.23
 20
541.58
 10
1055.37
 20
541.01
 10
1054.79
 20
542.16
 10
1055.8
 20
542.45
  0
LWPOLYLINE
  5
6EA
330
17
100
AcDbEntity
  8
POLYLINES
100
AcDbPolyline
 90
5
 70
0
 10
1055.8
 20
542.45
 10
1056.23
 20
541.58
 10
1055.37
 20
541.01
 10
1054.79
 20
542.16
 10
1055.8
 20
542.45
  0
LWPOLYLINE
  5
6EB
330
17
100
AcDbEntity
  8
POLYLINES
100
AcDbPolyline
 90
5
 70
0
 10
1056.23
 20
541.58
 10
1056.81
 20
540.86
 10
1056.09
 20
540.14
 10
1055.37
 20
541.01
 10
1056.23
 20
541.58
  0
LWPOLYLINE
  5
6EC
330
17
100
AcDbEntity
  8
POLYLINES
100
AcDbPolyline
 90
5
 70
0
 10
1056.23
 20
541.58
 10
1056.81
 20
540.86
 10
1056.09
 20
540.14
 10
1055.37
 20
541.01
 10
1056.23
 20
541.58
  0
LWPOLYLINE
  5
6ED
330
17
100
AcDbEntity
  8
POLYLINES
100
AcDbPolyline
 90
5
 70
0
 10
1056.81
 20
540.86
 10
1057.53
 20
540.43
 10
1057.1
 20
539.42
 10
1056.09
 20
540.14
 10
1056.81
 20
540.86
  0
LWPOLYLINE
  5
6EE
330
17
100
AcDbEntity
  8
POLYLINES
100
AcDbPolyline
 90
5
 70
0
 10
1056.81
 20
540.86
 10
1057.53
 20
540.43
 10
1057.1
 20
539.42
 10
1056.09
 20
540.14
 10
1056.81
 20
540.86
  0
LWPOLYLINE
  5
6EF
330
17
100
AcDbEntity
  8
POLYLINES
100
AcDbPolyline
 90
5
 70
0
 10
1057.53
 20
540.43
 10
1058.54
 20
540.14
 10
1058.25
 20
539.14
 10
1057.1
 20
539.42
 10
1057.53
 20
540.43
  0
LWPOLYLINE
  5
6F0
330
17
100
AcDbEntity
  8
POLYLINES
100
AcDbPolyline
 90
5
 70
0
 10
1057.53
 20
540.43
 10
1058.54
 20
540.14
 10
1058.25
 20
539.14
 10
1057.1
 20
539.42
 10
1057.53
 20
540.43
  0
LWPOLYLINE
  5
6F1
330
17
100
AcDbEntity
  8
POLYLINES
100
AcDbPolyline
 90
5
 70
0
 10
1058.54
 20
540.14
 10
1059.4
 20
540.14
 10
1059.55
 20
539.14
 10
1058.25
 20
539.14
 10
1058.54
 20
540.14
  0
LWPOLYLINE
  5
6F2
330
17
100
AcDbEntity
  8
POLYLINES
100
AcDbPolyline
 90
5
 70
0
 10
1058.54
 20
540.14
 10
1059.4
 20
540.14
 10
1059.55
 20
539.14
 10
1058.25
 20
539.14
 10
1058.54
 20
540.14
  0
LWPOLYLINE
  5
6F3
330
17
100
AcDbEntity
  8
POLYLINES
100
AcDbPolyline
 90
5
 70
0
 10
1059.4
 20
540.14
 10
1060.27
 20
540.43
 10
1060.7
 20
539.42
 10
1059.55
 20
539.14
 10
1059.4
 20
540.14
  0
LWPOLYLINE
  5
6F4
330
17
100
AcDbEntity
  8
POLYLINES
100
AcDbPolyline
 90
5
 70
0
 10
1059.4
 20
540.14
 10
1060.27
 20
540.43
 10
1060.7
 20
539.42
 10
1059.55
 20
539.14
 10
1059.4
 20
540.14
  0
LWPOLYLINE
  5
6F5
330
17
100
AcDbEntity
  8
POLYLINES
100
AcDbPolyline
 90
5
 70
0
 10
1060.27
 20
540.43
 10
1060.99
 20
540.86
 10
1061.71
 20
540.14
 10
1060.7
 20
539.42
 10
1060.27
 20
540.43
  0
LWPOLYLINE
  5
6F6
330
17
100
AcDbEntity
  8
POLYLINES
100
AcDbPolyline
 90
5
 70
0
 10
1060.27
 20
540.43
 10
1060.99
 20
540.86
 10
1061.71
 20
540.14
 10
1060.7
 20
539.42
 10
1060.27
 20
540.43
  0
LWPOLYLINE
  5
6F7
330
17
100
AcDbEntity
  8
POLYLINES
100
AcDbPolyline
 90
5
 70
0
 10
1060.99
 20
540.86
 10
1061.56
 20
541.58
 10
1062.57
 20
541.01
 10
1061.71
 20
540.14
 10
1060.99
 20
540.86
  0
LWPOLYLINE
  5
6F8
330
17
100
AcDbEntity
  8
POLYLINES
100
AcDbPolyline
 90
5
 70
0
 10
1060.99
 20
540.86
 10
1061.56
 20
541.58
 10
1062.57
 20
541.01
 10
1061.71
 20
540.14
 10
1060.99
 20
540.86
  0
LWPOLYLINE
  5
6F9
330
17
100
AcDbEntity
  8
POLYLINES
100
AcDbPolyline
 90
5
 70
0
 10
1061.56
 20
541.58
 10
1061.99
 20
542.45
 10
1063.0
 20
542.16
 10
1062.57
 20
541.01
 10
1061.56
 20
541.58
  0
LWPOLYLINE
  5
6FA
330
17
100
AcDbEntity
  8
POLYLINES
100
AcDbPolyline
 90
5
 70
0
 10
1061.56
 20
541.58
 10
1061.99
 20
542.45
 10
1063.0
 20
542.16
 10
1062.57
 20
541.01
 10
1061.56
 20
541.58
  0
LWPOLYLINE
  5
6FB
330
17
100
AcDbEntity
  8
POLYLINES
100
AcDbPolyline
 90
5
 70
0
 10
1061.99
 20
542.45
 10
1062.14
 20
543.31
 10
1063.15
 20
543.31
 10
1063.0
 20
542.16
 10
1061.99
 20
542.45
  0
LWPOLYLINE
  5
6FC
330
17
100
AcDbEntity
  8
POLYLINES
100
AcDbPolyline
 90
5
 70
0
 10
1061.99
 20
542.45
 10
1062.14
 20
543.31
 10
1063.15
 20
543.31
 10
1063.0
 20
542.16
 10
1061.99
 20
542.45
  0
LWPOLYLINE
  5
6FD
330
17
100
AcDbEntity
  8
POLYLINES
100
AcDbPolyline
 90
5
 70
0
 10
1062.14
 20
543.31
 10
1061.99
 20
544.18
 10
1063.0
 20
544.46
 10
1063.15
 20
543.31
 10
1062.14
 20
543.31
  0
LWPOLYLINE
  5
6FE
330
17
100
AcDbEntity
  8
POLYLINES
100
AcDbPolyline
 90
5
 70
0
 10
1062.14
 20
543.31
 10
1061.99
 20
544.18
 10
1063.0
 20
544.46
 10
1063.15
 20
543.31
 10
1062.14
 20
543.31
  0
LWPOLYLINE
  5
6FF
330
17
100
AcDbEntity
  8
POLYLINES
100
AcDbPolyline
 90
5
 70
0
 10
1061.99
 20
544.18
 10
1061.56
 20
545.04
 10
1062.57
 20
545.62
 10
1063.0
 20
544.46
 10
1061.99
 20
544.18
  0
LWPOLYLINE
  5
700
330
17
100
AcDbEntity
  8
POLYLINES
100
AcDbPolyline
 90
5
 70
0
 10
1061.99
 20
544.18
 10
1061.56
 20
545.04
 10
1062.57
 20
545.62
 10
1063.0
 20
544.46
 10
1061.99
 20
544.18
  0
LWPOLYLINE
  5
701
330
17
100
AcDbEntity
  8
POLYLINES
100
AcDbPolyline
 90
5
 70
0
 10
1061.56
 20
545.04
 10
1060.99
 20
545.76
 10
1061.71
 20
546.48
 10
1062.57
 20
545.62
 10
1061.56
 20
545.04
  0
LWPOLYLINE
  5
702
330
17
100
AcDbEntity
  8
POLYLINES
100
AcDbPolyline
 90
5
 70
0
 10
1061.56
 20
545.04
 10
1060.99
 20
545.76
 10
1061.71
 20
546.48
 10
1062.57
 20
545.62
 10
1061.56
 20
545.04
  0
LWPOLYLINE
  5
703
330
17
100
AcDbEntity
  8
POLYLINES
100
AcDbPolyline
 90
5
 70
0
 10
1060.99
 20
545.76
 10
1060.27
 20
546.19
 10
1060.7
 20
547.2
 10
1061.71
 20
546.48
 10
1060.99
 20
545.76
  0
LWPOLYLINE
  5
704
330
17
100
AcDbEntity
  8
POLYLINES
100
AcDbPolyline
 90
5
 70
0
 10
1060.99
 20
545.76
 10
1060.27
 20
546.19
 10
1060.7
 20
547.2
 10
1061.71
 20
546.48
 10
1060.99
 20
545.76
  0
LWPOLYLINE
  5
705
330
17
100
AcDbEntity
  8
POLYLINES
100
AcDbPolyline
 90
5
 70
0
 10
1060.27
 20
546.19
 10
1059.4
 20
546.48
 10
1059.55
 20
547.49
 10
1060.7
 20
547.2
 10
1060.27
 20
546.19
  0
LWPOLYLINE
  5
706
330
17
100
AcDbEntity
  8
POLYLINES
100
AcDbPolyline
 90
5
 70
0
 10
1060.27
 20
546.19
 10
1059.4
 20
546.48
 10
1059.55
 20
547.49
 10
1060.7
 20
547.2
 10
1060.27
 20
546.19
  0
LWPOLYLINE
  5
707
330
17
100
AcDbEntity
  8
POLYLINES
100
AcDbPolyline
 90
5
 70
0
 10
1059.4
 20
546.48
 10
1058.54
 20
546.48
 10
1058.25
 20
547.49
 10
1059.55
 20
547.49
 10
1059.4
 20
546.48
  0
LWPOLYLINE
  5
708
330
17
100
AcDbEntity
  8
POLYLINES
100
AcDbPolyline
 90
5
 70
0
 10
1059.4
 20
546.48
 10
1058.54
 20
546.48
 10
1058.25
 20
547.49
 10
1059.55
 20
547.49
 10
1059.4
 20
546.48
  0
LWPOLYLINE
  5
709
330
17
100
AcDbEntity
  8
POLYLINES
100
AcDbPolyline
 90
5
 70
0
 10
1058.54
 20
546.48
 10
1057.53
 20
546.19
 10
1057.1
 20
547.2
 10
1058.25
 20
547.49
 10
1058.54
 20
546.48
  0
LWPOLYLINE
  5
70A
330
17
100
AcDbEntity
  8
POLYLINES
100
AcDbPolyline
 90
5
 70
0
 10
1058.54
 20
546.48
 10
1057.53
 20
546.19
 10
1057.1
 20
547.2
 10
1058.25
 20
547.49
 10
1058.54
 20
546.48
  0
LWPOLYLINE
  5
70B
330
17
100
AcDbEntity
  8
POLYLINES
100
AcDbPolyline
 90
5
 70
0
 10
1057.53
 20
546.19
 10
1056.81
 20
545.76
 10
1056.09
 20
546.48
 10
1057.1
 20
547.2
 10
1057.53
 20
546.19
  0
LWPOLYLINE
  5
70C
330
17
100
AcDbEntity
  8
POLYLINES
100
AcDbPolyline
 90
5
 70
0
 10
1057.53
 20
546.19
 10
1056.81
 20
545.76
 10
1056.09
 20
546.48
 10
1057.1
 20
547.2
 10
1057.53
 20
546.19
  0
LWPOLYLINE
  5
70D
330
17
100
AcDbEntity
  8
POLYLINES
100
AcDbPolyline
 90
5
 70
0
 10
1056.81
 20
545.76
 10
1056.23
 20
545.04
 10
1055.37
 20
545.62
 10
1056.09
 20
546.48
 10
1056.81
 20
545.76
  0
LWPOLYLINE
  5
70E
330
17
100
AcDbEntity
  8
POLYLINES
100
AcDbPolyline
 90
5
 70
0
 10
1056.81
 20
545.76
 10
1056.23
 20
545.04
 10
1055.37
 20
545.62
 10
1056.09
 20
546.48
 10
1056.81
 20
545.76
  0
LWPOLYLINE
  5
70F
330
17
100
AcDbEntity
  8
POLYLINES
100
AcDbPolyline
 90
5
 70
0
 10
1056.23
 20
545.04
 10
1055.8
 20
544.18
 10
1054.79
 20
544.46
 10
1055.37
 20
545.62
 10
1056.23
 20
545.04
  0
LWPOLYLINE
  5
710
330
17
100
AcDbEntity
  8
POLYLINES
100
AcDbPolyline
 90
5
 70
0
 10
1056.23
 20
545.04
 10
1055.8
 20
544.18
 10
1054.79
 20
544.46
 10
1055.37
 20
545.62
 10
1056.23
 20
545.04
  0
LWPOLYLINE
  5
711
330
17
100
AcDbEntity
  8
POLYLINES
100
AcDbPolyline
 90
5
 70
0
 10
1055.8
 20
544.18
 10
1055.8
 20
543.31
 10
1054.65
 20
543.31
 10
1054.79
 20
544.46
 10
1055.8
 20
544.18
  0
LWPOLYLINE
  5
712
330
17
100
AcDbEntity
  8
POLYLINES
100
AcDbPolyline
 90
5
 70
0
 10
1055.8
 20
544.18
 10
1055.8
 20
543.31
 10
1054.65
 20
543.31
 10
1054.79
 20
544.46
 10
1055.8
 20
544.18
  0
LWPOLYLINE
  5
713
330
17
100
AcDbEntity
  8
POLYLINES
100
AcDbPolyline
 90
5
 70
0
 10
1049.9
 20
543.31
 10
1049.9
 20
541.58
 10
1048.89
 20
541.44
 10
1048.75
 20
543.31
 10
1049.9
 20
543.31
  0
LWPOLYLINE
  5
714
330
17
100
AcDbEntity
  8
POLYLINES
100
AcDbPolyline
 90
5
 70
0
 10
1049.9
 20
543.31
 10
1049.9
 20
541.58
 10
1048.89
 20
541.44
 10
1048.75
 20
543.31
 10
1049.9
 20
543.31
  0
LWPOLYLINE
  5
715
330
17
100
AcDbEntity
  8
POLYLINES
100
AcDbPolyline
 90
5
 70
0
 10
1049.9
 20
541.58
 10
1050.33
 20
540.14
 10
1049.32
 20
539.71
 10
1048.89
 20
541.44
 10
1049.9
 20
541.58
  0
LWPOLYLINE
  5
716
330
17
100
AcDbEntity
  8
POLYLINES
100
AcDbPolyline
 90
5
 70
0
 10
1049.9
 20
541.58
 10
1050.33
 20
540.14
 10
1049.32
 20
539.71
 10
1048.89
 20
541.44
 10
1049.9
 20
541.58
  0
LWPOLYLINE
  5
717
330
17
100
AcDbEntity
  8
POLYLINES
100
AcDbPolyline
 90
5
 70
0
 10
1050.33
 20
540.14
 10
1051.05
 20
538.56
 10
1050.04
 20
538.13
 10
1049.32
 20
539.71
 10
1050.33
 20
540.14
  0
LWPOLYLINE
  5
718
330
17
100
AcDbEntity
  8
POLYLINES
100
AcDbPolyline
 90
5
 70
0
 10
1050.33
 20
540.14
 10
1051.05
 20
538.56
 10
1050.04
 20
538.13
 10
1049.32
 20
539.71
 10
1050.33
 20
540.14
  0
LWPOLYLINE
  5
719
330
17
100
AcDbEntity
  8
POLYLINES
100
AcDbPolyline
 90
5
 70
0
 10
1051.05
 20
538.56
 10
1051.91
 20
537.26
 10
1051.05
 20
536.69
 10
1050.04
 20
538.13
 10
1051.05
 20
538.56
  0
LWPOLYLINE
  5
71A
330
17
100
AcDbEntity
  8
POLYLINES
100
AcDbPolyline
 90
5
 70
0
 10
1051.05
 20
538.56
 10
1051.91
 20
537.26
 10
1051.05
 20
536.69
 10
1050.04
 20
538.13
 10
1051.05
 20
538.56
  0
LWPOLYLINE
  5
71B
330
17
100
AcDbEntity
  8
POLYLINES
100
AcDbPolyline
 90
5
 70
0
 10
1051.91
 20
537.26
 10
1053.07
 20
536.11
 10
1052.35
 20
535.39
 10
1051.05
 20
536.69
 10
1051.91
 20
537.26
  0
LWPOLYLINE
  5
71C
330
17
100
AcDbEntity
  8
POLYLINES
100
AcDbPolyline
 90
5
 70
0
 10
1051.91
 20
537.26
 10
1053.07
 20
536.11
 10
1052.35
 20
535.39
 10
1051.05
 20
536.69
 10
1051.91
 20
537.26
  0
LWPOLYLINE
  5
71D
330
17
100
AcDbEntity
  8
POLYLINES
100
AcDbPolyline
 90
5
 70
0
 10
1053.07
 20
536.11
 10
1054.36
 20
535.25
 10
1053.79
 20
534.24
 10
1052.35
 20
535.39
 10
1053.07
 20
536.11
  0
LWPOLYLINE
  5
71E
330
17
100
AcDbEntity
  8
POLYLINES
100
AcDbPolyline
 90
5
 70
0
 10
1053.07
 20
536.11
 10
1054.36
 20
535.25
 10
1053.79
 20
534.24
 10
1052.35
 20
535.39
 10
1053.07
 20
536.11
  0
LWPOLYLINE
  5
71F
330
17
100
AcDbEntity
  8
POLYLINES
100
AcDbPolyline
 90
5
 70
0
 10
1054.36
 20
535.25
 10
1055.8
 20
534.53
 10
1055.37
 20
533.52
 10
1053.79
 20
534.24
 10
1054.36
 20
535.25
  0
LWPOLYLINE
  5
720
330
17
100
AcDbEntity
  8
POLYLINES
100
AcDbPolyline
 90
5
 70
0
 10
1054.36
 20
535.25
 10
1055.8
 20
534.53
 10
1055.37
 20
533.52
 10
1053.79
 20
534.24
 10
1054.36
 20
535.25
  0
LWPOLYLINE
  5
721
330
17
100
AcDbEntity
  8
POLYLINES
100
AcDbPolyline
 90
5
 70
0
 10
1055.8
 20
534.53
 10
1057.24
 20
534.1
 10
1057.1
 20
533.09
 10
1055.37
 20
533.52
 10
1055.8
 20
534.53
  0
LWPOLYLINE
  5
722
330
17
100
AcDbEntity
  8
POLYLINES
100
AcDbPolyline
 90
5
 70
0
 10
1055.8
 20
534.53
 10
1057.24
 20
534.1
 10
1057.1
 20
533.09
 10
1055.37
 20
533.52
 10
1055.8
 20
534.53
  0
LWPOLYLINE
  5
723
330
17
100
AcDbEntity
  8
POLYLINES
100
AcDbPolyline
 90
5
 70
0
 10
1057.24
 20
534.1
 10
1058.97
 20
533.95
 10
1058.97
 20
532.94
 10
1057.1
 20
533.09
 10
1057.24
 20
534.1
  0
LWPOLYLINE
  5
724
330
17
100
AcDbEntity
  8
POLYLINES
100
AcDbPolyline
 90
5
 70
0
 10
1057.24
 20
534.1
 10
1058.97
 20
533.95
 10
1058.97
 20
532.94
 10
1057.1
 20
533.09
 10
1057.24
 20
534.1
  0
LWPOLYLINE
  5
725
330
17
100
AcDbEntity
  8
POLYLINES
100
AcDbPolyline
 90
5
 70
0
 10
1058.97
 20
533.95
 10
1060.55
 20
534.1
 10
1060.7
 20
533.09
 10
1058.97
 20
532.94
 10
1058.97
 20
533.95
  0
LWPOLYLINE
  5
726
330
17
100
AcDbEntity
  8
POLYLINES
100
AcDbPolyline
 90
5
 70
0
 10
1058.97
 20
533.95
 10
1060.55
 20
534.1
 10
1060.7
 20
533.09
 10
1058.97
 20
532.94
 10
1058.97
 20
533.95
  0
LWPOLYLINE
  5
727
330
17
100
AcDbEntity
  8
POLYLINES
100
AcDbPolyline
 90
5
 70
0
 10
1060.55
 20
534.1
 10
1061.99
 20
534.53
 10
1062.43
 20
533.52
 10
1060.7
 20
533.09
 10
1060.55
 20
534.1
  0
LWPOLYLINE
  5
728
330
17
100
AcDbEntity
  8
POLYLINES
100
AcDbPolyline
 90
5
 70
0
 10
1060.55
 20
534.1
 10
1061.99
 20
534.53
 10
1062.43
 20
533.52
 10
1060.7
 20
533.09
 10
1060.55
 20
534.1
  0
LWPOLYLINE
  5
729
330
17
100
AcDbEntity
  8
POLYLINES
100
AcDbPolyline
 90
5
 70
0
 10
1061.99
 20
534.53
 10
1063.58
 20
535.25
 10
1064.01
 20
534.24
 10
1062.43
 20
533.52
 10
1061.99
 20
534.53
  0
LWPOLYLINE
  5
72A
330
17
100
AcDbEntity
  8
POLYLINES
100
AcDbPolyline
 90
5
 70
0
 10
1061.99
 20
534.53
 10
1063.58
 20
535.25
 10
1064.01
 20
534.24
 10
1062.43
 20
533.52
 10
1061.99
 20
534.53
  0
LWPOLYLINE
  5
72B
330
17
100
AcDbEntity
  8
POLYLINES
100
AcDbPolyline
 90
5
 70
0
 10
1063.58
 20
535.25
 10
1064.87
 20
536.11
 10
1065.45
 20
535.39
 10
1064.01
 20
534.24
 10
1063.58
 20
535.25
  0
LWPOLYLINE
  5
72C
330
17
100
AcDbEntity
  8
POLYLINES
100
AcDbPolyline
 90
5
 70
0
 10
1063.58
 20
535.25
 10
1064.87
 20
536.11
 10
1065.45
 20
535.39
 10
1064.01
 20
534.24
 10
1063.58
 20
535.25
  0
LWPOLYLINE
  5
72D
330
17
100
AcDbEntity
  8
POLYLINES
100
AcDbPolyline
 90
5
 70
0
 10
1064.87
 20
536.11
 10
1065.88
 20
537.26
 10
1066.75
 20
536.69
 10
1065.45
 20
535.39
 10
1064.87
 20
536.11
  0
LWPOLYLINE
  5
72E
330
17
100
AcDbEntity
  8
POLYLINES
100
AcDbPolyline
 90
5
 70
0
 10
1064.87
 20
536.11
 10
1065.88
 20
537.26
 10
1066.75
 20
536.69
 10
1065.45
 20
535.39
 10
1064.87
 20
536.11
  0
LWPOLYLINE
  5
72F
330
17
100
AcDbEntity
  8
POLYLINES
100
AcDbPolyline
 90
5
 70
0
 10
1065.88
 20
537.26
 10
1066.89
 20
538.7
 10
1067.75
 20
538.13
 10
1066.75
 20
536.69
 10
1065.88
 20
537.26
  0
LWPOLYLINE
  5
730
330
17
100
AcDbEntity
  8
POLYLINES
100
AcDbPolyline
 90
5
 70
0
 10
1065.88
 20
537.26
 10
1066.89
 20
538.7
 10
1067.75
 20
538.13
 10
1066.75
 20
536.69
 10
1065.88
 20
537.26
  0
LWPOLYLINE
  5
731
330
17
100
AcDbEntity
  8
POLYLINES
100
AcDbPolyline
 90
5
 70
0
 10
1066.89
 20
538.7
 10
1067.47
 20
540.14
 10
1068.47
 20
539.71
 10
1067.75
 20
538.13
 10
1066.89
 20
538.7
  0
LWPOLYLINE
  5
732
330
17
100
AcDbEntity
  8
POLYLINES
100
AcDbPolyline
 90
5
 70
0
 10
1066.89
 20
538.7
 10
1067.47
 20
540.14
 10
1068.47
 20
539.71
 10
1067.75
 20
538.13
 10
1066.89
 20
538.7
  0
LWPOLYLINE
  5
733
330
17
100
AcDbEntity
  8
POLYLINES
100
AcDbPolyline
 90
5
 70
0
 10
1067.47
 20
540.14
 10
1067.9
 20
541.73
 10
1068.91
 20
541.44
 10
1068.47
 20
539.71
 10
1067.47
 20
540.14
  0
LWPOLYLINE
  5
734
330
17
100
AcDbEntity
  8
POLYLINES
100
AcDbPolyline
 90
5
 70
0
 10
1067.47
 20
540.14
 10
1067.9
 20
541.73
 10
1068.91
 20
541.44
 10
1068.47
 20
539.71
 10
1067.47
 20
540.14
  0
LWPOLYLINE
  5
735
330
17
100
AcDbEntity
  8
POLYLINES
100
AcDbPolyline
 90
5
 70
0
 10
1067.9
 20
541.73
 10
1067.9
 20
543.31
 10
1069.05
 20
543.31
 10
1068.91
 20
541.44
 10
1067.9
 20
541.73
  0
LWPOLYLINE
  5
736
330
17
100
AcDbEntity
  8
POLYLINES
100
AcDbPolyline
 90
5
 70
0
 10
1067.9
 20
541.73
 10
1067.9
 20
543.31
 10
1069.05
 20
543.31
 10
1068.91
 20
541.44
 10
1067.9
 20
541.73
  0
LWPOLYLINE
  5
737
330
17
100
AcDbEntity
  8
POLYLINES
100
AcDbPolyline
 90
5
 70
0
 10
1067.9
 20
543.31
 10
1067.9
 20
544.9
 10
1068.91
 20
545.04
 10
1069.05
 20
543.31
 10
1067.9
 20
543.31
  0
LWPOLYLINE
  5
738
330
17
100
AcDbEntity
  8
POLYLINES
100
AcDbPolyline
 90
5
 70
0
 10
1067.9
 20
543.31
 10
1067.9
 20
544.9
 10
1068.91
 20
545.04
 10
1069.05
 20
543.31
 10
1067.9
 20
543.31
  0
LWPOLYLINE
  5
739
330
17
100
AcDbEntity
  8
POLYLINES
100
AcDbPolyline
 90
5
 70
0
 10
1067.9
 20
544.9
 10
1067.61
 20
546.34
 10
1068.62
 20
546.62
 10
1068.91
 20
545.04
 10
1067.9
 20
544.9
  0
LWPOLYLINE
  5
73A
330
17
100
AcDbEntity
  8
POLYLINES
100
AcDbPolyline
 90
5
 70
0
 10
1067.9
 20
544.9
 10
1067.61
 20
546.34
 10
1068.62
 20
546.62
 10
1068.91
 20
545.04
 10
1067.9
 20
544.9
  0
LWPOLYLINE
  5
73B
330
17
100
AcDbEntity
  8
POLYLINES
100
AcDbPolyline
 90
5
 70
0
 10
1067.61
 20
546.34
 10
1067.03
 20
547.78
 10
1067.9
 20
548.21
 10
1068.62
 20
546.62
 10
1067.61
 20
546.34
  0
LWPOLYLINE
  5
73C
330
17
100
AcDbEntity
  8
POLYLINES
100
AcDbPolyline
 90
5
 70
0
 10
1067.61
 20
546.34
 10
1067.03
 20
547.78
 10
1067.9
 20
548.21
 10
1068.62
 20
546.62
 10
1067.61
 20
546.34
  0
LWPOLYLINE
  5
73D
330
17
100
AcDbEntity
  8
POLYLINES
100
AcDbPolyline
 90
5
 70
0
 10
1067.03
 20
547.78
 10
1066.17
 20
549.07
 10
1067.03
 20
549.65
 10
1067.9
 20
548.21
 10
1067.03
 20
547.78
  0
LWPOLYLINE
  5
73E
330
17
100
AcDbEntity
  8
POLYLINES
100
AcDbPolyline
 90
5
 70
0
 10
1067.03
 20
547.78
 10
1066.17
 20
549.07
 10
1067.03
 20
549.65
 10
1067.9
 20
548.21
 10
1067.03
 20
547.78
  0
LWPOLYLINE
  5
73F
330
17
100
AcDbEntity
  8
POLYLINES
100
AcDbPolyline
 90
5
 70
0
 10
1066.17
 20
549.07
 10
1065.16
 20
550.22
 10
1065.88
 20
550.94
 10
1067.03
 20
549.65
 10
1066.17
 20
549.07
  0
LWPOLYLINE
  5
740
330
17
100
AcDbEntity
  8
POLYLINES
100
AcDbPolyline
 90
5
 70
0
 10
1066.17
 20
549.07
 10
1065.16
 20
550.22
 10
1065.88
 20
550.94
 10
1067.03
 20
549.65
 10
1066.17
 20
549.07
  0
LWPOLYLINE
  5
741
330
17
100
AcDbEntity
  8
POLYLINES
100
AcDbPolyline
 90
5
 70
0
 10
1065.16
 20
550.22
 10
1064.01
 20
551.09
 10
1064.59
 20
552.1
 10
1065.88
 20
550.94
 10
1065.16
 20
550.22
  0
LWPOLYLINE
  5
742
330
17
100
AcDbEntity
  8
POLYLINES
100
AcDbPolyline
 90
5
 70
0
 10
1065.16
 20
550.22
 10
1064.01
 20
551.09
 10
1064.59
 20
552.1
 10
1065.88
 20
550.94
 10
1065.16
 20
550.22
  0
LWPOLYLINE
  5
743
330
17
100
AcDbEntity
  8
POLYLINES
100
AcDbPolyline
 90
5
 70
0
 10
1064.01
 20
551.09
 10
1062.57
 20
551.95
 10
1063.0
 20
552.82
 10
1064.59
 20
552.1
 10
1064.01
 20
551.09
  0
LWPOLYLINE
  5
744
330
17
100
AcDbEntity
  8
POLYLINES
100
AcDbPolyline
 90
5
 70
0
 10
1064.01
 20
551.09
 10
1062.57
 20
551.95
 10
1063.0
 20
552.82
 10
1064.59
 20
552.1
 10
1064.01
 20
551.09
  0
LWPOLYLINE
  5
745
330
17
100
AcDbEntity
  8
POLYLINES
100
AcDbPolyline
 90
5
 70
0
 10
1062.57
 20
551.95
 10
1061.13
 20
552.38
 10
1061.42
 20
553.39
 10
1063.0
 20
552.82
 10
1062.57
 20
551.95
  0
LWPOLYLINE
  5
746
330
17
100
AcDbEntity
  8
POLYLINES
100
AcDbPolyline
 90
5
 70
0
 10
1062.57
 20
551.95
 10
1061.13
 20
552.38
 10
1061.42
 20
553.39
 10
1063.0
 20
552.82
 10
1062.57
 20
551.95
  0
LWPOLYLINE
  5
747
330
17
100
AcDbEntity
  8
POLYLINES
100
AcDbPolyline
 90
5
 70
0
 10
1061.13
 20
552.38
 10
1059.69
 20
552.67
 10
1059.69
 20
553.68
 10
1061.42
 20
553.39
 10
1061.13
 20
552.38
  0
LWPOLYLINE
  5
748
330
17
100
AcDbEntity
  8
POLYLINES
100
AcDbPolyline
 90
5
 70
0
 10
1061.13
 20
552.38
 10
1059.69
 20
552.67
 10
1059.69
 20
553.68
 10
1061.42
 20
553.39
 10
1061.13
 20
552.38
  0
LWPOLYLINE
  5
749
330
17
100
AcDbEntity
  8
POLYLINES
100
AcDbPolyline
 90
5
 70
0
 10
1059.69
 20
552.67
 10
1058.11
 20
552.67
 10
1057.96
 20
553.68
 10
1059.69
 20
553.68
 10
1059.69
 20
552.67
  0
LWPOLYLINE
  5
74A
330
17
100
AcDbEntity
  8
POLYLINES
100
AcDbPolyline
 90
5
 70
0
 10
1059.69
 20
552.67
 10
1058.11
 20
552.67
 10
1057.96
 20
553.68
 10
1059.69
 20
553.68
 10
1059.69
 20
552.67
  0
LWPOLYLINE
  5
74B
330
17
100
AcDbEntity
  8
POLYLINES
100
AcDbPolyline
 90
5
 70
0
 10
1058.11
 20
552.67
 10
1056.67
 20
552.38
 10
1056.38
 20
553.39
 10
1057.96
 20
553.68
 10
1058.11
 20
552.67
  0
LWPOLYLINE
  5
74C
330
17
100
AcDbEntity
  8
POLYLINES
100
AcDbPolyline
 90
5
 70
0
 10
1058.11
 20
552.67
 10
1056.67
 20
552.38
 10
1056.38
 20
553.39
 10
1057.96
 20
553.68
 10
1058.11
 20
552.67
  0
LWPOLYLINE
  5
74D
330
17
100
AcDbEntity
  8
POLYLINES
100
AcDbPolyline
 90
5
 70
0
 10
1056.67
 20
552.38
 10
1055.23
 20
551.95
 10
1054.79
 20
552.82
 10
1056.38
 20
553.39
 10
1056.67
 20
552.38
  0
LWPOLYLINE
  5
74E
330
17
100
AcDbEntity
  8
POLYLINES
100
AcDbPolyline
 90
5
 70
0
 10
1056.67
 20
552.38
 10
1055.23
 20
551.95
 10
1054.79
 20
552.82
 10
1056.38
 20
553.39
 10
1056.67
 20
552.38
  0
LWPOLYLINE
  5
74F
330
17
100
AcDbEntity
  8
POLYLINES
100
AcDbPolyline
 90
5
 70
0
 10
1055.23
 20
551.95
 10
1053.79
 20
551.09
 10
1053.21
 20
551.95
 10
1054.79
 20
552.82
 10
1055.23
 20
551.95
  0
LWPOLYLINE
  5
750
330
17
100
AcDbEntity
  8
POLYLINES
100
AcDbPolyline
 90
5
 70
0
 10
1055.23
 20
551.95
 10
1053.79
 20
551.09
 10
1053.21
 20
551.95
 10
1054.79
 20
552.82
 10
1055.23
 20
551.95
  0
LWPOLYLINE
  5
751
330
17
100
AcDbEntity
  8
POLYLINES
100
AcDbPolyline
 90
5
 70
0
 10
1053.79
 20
551.09
 10
1052.63
 20
550.22
 10
1051.91
 20
550.94
 10
1053.21
 20
551.95
 10
1053.79
 20
551.09
  0
LWPOLYLINE
  5
752
330
17
100
AcDbEntity
  8
POLYLINES
100
AcDbPolyline
 90
5
 70
0
 10
1053.79
 20
551.09
 10
1052.63
 20
550.22
 10
1051.91
 20
550.94
 10
1053.21
 20
551.95
 10
1053.79
 20
551.09
  0
LWPOLYLINE
  5
753
330
17
100
AcDbEntity
  8
POLYLINES
100
AcDbPolyline
 90
5
 70
0
 10
1052.63
 20
550.22
 10
1051.63
 20
549.07
 10
1050.76
 20
549.65
 10
1051.91
 20
550.94
 10
1052.63
 20
550.22
  0
LWPOLYLINE
  5
754
330
17
100
AcDbEntity
  8
POLYLINES
100
AcDbPolyline
 90
5
 70
0
 10
1052.63
 20
550.22
 10
1051.63
 20
549.07
 10
1050.76
 20
549.65
 10
1051.91
 20
550.94
 10
1052.63
 20
550.22
  0
LWPOLYLINE
  5
755
330
17
100
AcDbEntity
  8
POLYLINES
100
AcDbPolyline
 90
5
 70
0
 10
1051.63
 20
549.07
 10
1050.76
 20
547.78
 10
1049.9
 20
548.21
 10
1050.76
 20
549.65
 10
1051.63
 20
549.07
  0
LWPOLYLINE
  5
756
330
17
100
AcDbEntity
  8
POLYLINES
100
AcDbPolyline
 90
5
 70
0
 10
1051.63
 20
549.07
 10
1050.76
 20
547.78
 10
1049.9
 20
548.21
 10
1050.76
 20
549.65
 10
1051.63
 20
549.07
  0
LWPOLYLINE
  5
757
330
17
100
AcDbEntity
  8
POLYLINES
100
AcDbPolyline
 90
5
 70
0
 10
1050.76
 20
547.78
 10
1050.19
 20
546.34
 10
1049.18
 20
546.62
 10
1049.9
 20
548.21
 10
1050.76
 20
547.78
  0
LWPOLYLINE
  5
758
330
17
100
AcDbEntity
  8
POLYLINES
100
AcDbPolyline
 90
5
 70
0
 10
1050.76
 20
547.78
 10
1050.19
 20
546.34
 10
1049.18
 20
546.62
 10
1049.9
 20
548.21
 10
1050.76
 20
547.78
  0
LWPOLYLINE
  5
759
330
17
100
AcDbEntity
  8
POLYLINES
100
AcDbPolyline
 90
5
 70
0
 10
1050.19
 20
546.34
 10
1049.9
 20
544.75
 10
1048.89
 20
544.9
 10
1049.18
 20
546.62
 10
1050.19
 20
546.34
  0
LWPOLYLINE
  5
75A
330
17
100
AcDbEntity
  8
POLYLINES
100
AcDbPolyline
 90
5
 70
0
 10
1050.19
 20
546.34
 10
1049.9
 20
544.75
 10
1048.89
 20
544.9
 10
1049.18
 20
546.62
 10
1050.19
 20
546.34
  0
LWPOLYLINE
  5
75B
330
17
100
AcDbEntity
  8
POLYLINES
100
AcDbPolyline
 90
5
 70
0
 10
1049.9
 20
544.75
 10
1049.9
 20
543.31
 10
1048.75
 20
543.31
 10
1048.89
 20
544.9
 10
1049.9
 20
544.75
  0
LWPOLYLINE
  5
75C
330
17
100
AcDbEntity
  8
POLYLINES
100
AcDbPolyline
 90
5
 70
0
 10
1049.9
 20
544.75
 10
1049.9
 20
543.31
 10
1048.75
 20
543.31
 10
1048.89
 20
544.9
 10
1049.9
 20
544.75
  0
LINE
  5
75D
330
17
100
AcDbEntity
  8
LINES
100
AcDbLine
 10
1023.33
 20
616.61
 30
0.0
 11
1054.15
 21
551.81
 31
0.0
  0
LINE
  5
75E
330
17
100
AcDbEntity
  8
LINES
100
AcDbLine
 10
1062.5
 20
534.67
 30
0.0
 11
1093.31
 21
469.73
 31
0.0
  0
LINE
  5
75F
330
17
100
AcDbEntity
  8
LINES
100
AcDbLine
 10
1111.31
 20
496.3
 30
0.0
 11
1066.89
 21
537.7
 31
0.0
  0
LINE
  5
760
330
17
100
AcDbEntity
  8
LINES
100
AcDbLine
 10
1082.95
 20
600.48
 30
0.0
 11
1061.35
 21
553.54
 31
0.0
  0
LINE
  5
761
330
17
100
AcDbEntity
  8
LINES
100
AcDbLine
 10
1102.75
 20
563.33
 30
0.0
 11
1069.19
 21
546.05
 31
0.0
  0
LINE
  5
762
330
17
100
AcDbEntity
  8
LINES
100
AcDbLine
 10
675.64
 20
740.52
 30
0.0
 11
852.26
 21
578.3
 31
0.0
  0
LINE
  5
763
330
17
100
AcDbEntity
  8
LINES
100
AcDbLine
 10
676.36
 20
746.93
 30
0.0
 11
660.45
 21
746.93
 31
0.0
  0
LINE
  5
764
330
17
100
AcDbEntity
  8
LINES
100
AcDbLine
 10
676.36
 20
737.86
 30
0.0
 11
676.36
 21
746.93
 31
0.0
  0
LINE
  5
765
330
17
100
AcDbEntity
  8
LINES
100
AcDbLine
 10
660.45
 20
737.86
 30
0.0
 11
676.36
 21
737.86
 31
0.0
  0
LINE
  5
766
330
17
100
AcDbEntity
  8
LINES
100
AcDbLine
 10
660.45
 20
746.93
 30
0.0
 11
660.45
 21
737.86
 31
0.0
  0
LWPOLYLINE
  5
767
330
17
100
AcDbEntity
  8
POLYLINES
100
AcDbPolyline
 90
5
 70
0
 10
852.91
 20
579.02
 10
855.07
 20
577.3
 10
853.77
 20
575.71
 10
851.61
 20
577.44
 10
852.91
 20
579.02
  0
LWPOLYLINE
  5
768
330
17
100
AcDbEntity
  8
POLYLINES
100
AcDbPolyline
 90
5
 70
0
 10
852.91
 20
579.02
 10
855.07
 20
577.3
 10
853.77
 20
575.71
 10
851.61
 20
577.44
 10
852.91
 20
579.02
  0
LINE
  5
769
330
17
100
AcDbEntity
  8
LINES
100
AcDbLine
 10
859.39
 20
572.47
 30
0.0
 11
856.15
 21
575.14
 31
0.0
  0
LWPOLYLINE
  5
76A
330
17
100
AcDbEntity
  8
POLYLINES
100
AcDbPolyline
 90
5
 70
0
 10
861.69
 20
571.82
 10
863.85
 20
570.1
 10
862.55
 20
568.51
 10
860.39
 20
570.38
 10
861.69
 20
571.82
  0
LWPOLYLINE
  5
76B
330
17
100
AcDbEntity
  8
POLYLINES
100
AcDbPolyline
 90
5
 70
0
 10
861.69
 20
571.82
 10
863.85
 20
570.1
 10
862.55
 20
568.51
 10
860.39
 20
570.38
 10
861.69
 20
571.82
  0
LINE
  5
76C
330
17
100
AcDbEntity
  8
LINES
100
AcDbLine
 10
668.87
 20
45.22
 30
0.0
 11
512.92
 21
45.22
 31
0.0
  0
LINE
  5
76D
330
17
100
AcDbEntity
  8
LINES
100
AcDbLine
 10
668.87
 20
118.94
 30
0.0
 11
668.87
 21
45.22
 31
0.0
  0
LINE
  5
76E
330
17
100
AcDbEntity
  8
LINES
100
AcDbLine
 10
512.92
 20
118.94
 30
0.0
 11
668.87
 21
118.94
 31
0.0
  0
LINE
  5
76F
330
17
100
AcDbEntity
  8
LINES
100
AcDbLine
 10
512.92
 20
45.22
 30
0.0
 11
512.92
 21
118.94
 31
0.0
  0
LINE
  5
770
330
17
100
AcDbEntity
  8
LINES
100
AcDbLine
 10
1179.07
 20
45.22
 30
0.0
 11
668.87
 21
45.22
 31
0.0
  0
LINE
  5
771
330
17
100
AcDbEntity
  8
LINES
100
AcDbLine
 10
1179.07
 20
158.69
 30
0.0
 11
1179.07
 21
45.22
 31
0.0
  0
LINE
  5
772
330
17
100
AcDbEntity
  8
LINES
100
AcDbLine
 10
668.87
 20
158.69
 30
0.0
 11
1179.07
 21
158.69
 31
0.0
  0
LINE
  5
773
330
17
100
AcDbEntity
  8
LINES
100
AcDbLine
 10
668.87
 20
45.22
 30
0.0
 11
668.87
 21
158.69
 31
0.0
  0
LWPOLYLINE
  5
774
330
17
100
AcDbEntity
  8
POLYLINES
100
AcDbPolyline
 90
193
 70
0
 10
696.81
 20
148.32
 10
696.81
 20
148.61
 10
696.67
 20
148.75
 10
696.67
 20
148.9
 10
696.52
 20
149.04
 10
696.52
 20
149.18
 10
696.23
 20
149.18
 10
695.8
 20
149.18
 10
694.36
 20
149.18
 10
692.92
 20
149.18
 10
692.35
 20
149.18
 10
692.2
 20
149.18
 10
693.79
 20
150.19
 10
694.94
 20
150.91
 10
695.8
 20
151.34
 10
695.95
 20
151.34
 10
696.09
 20
151.49
 10
695.95
 20
151.63
 10
695.95
 20
151.92
 10
695.95
 20
152.06
 10
695.8
 20
152.06
 10
695.8
 20
152.21
 10
695.66
 20
152.35
 10
695.51
 20
152.35
 10
695.08
 20
152.35
 10
693.64
 20
152.35
 10
692.2
 20
152.35
 10
691.77
 20
152.35
 10
691.63
 20
152.35
 10
693.07
 20
153.36
 10
694.22
 20
153.94
 10
694.94
 20
154.37
 10
695.23
 20
154.37
 10
695.23
 20
154.51
 10
695.08
 20
154.66
 10
695.08
 20
154.94
 10
694.94
 20
155.23
 10
694.79
 20
155.38
 10
694.65
 20
155.38
 10
693.93
 20
155.38
 10
692.92
 20
155.38
 10
691.63
 20
155.38
 10
690.19
 20
155.38
 10
688.46
 20
155.38
 10
684.71
 20
155.38
 10
680.97
 20
155.38
 10
679.24
 20
155.38
 10
677.66
 20
155.38
 10
676.36
 20
155.38
 10
675.35
 20
155.38
 10
674.78
 20
155.38
 10
674.49
 20
155.38
 10
674.49
 20
155.23
 10
674.35
 20
155.09
 10
674.35
 20
154.94
 10
674.2
 20
154.66
 10
674.06
 20
154.51
 10
674.2
 20
154.37
 10
674.35
 20
154.37
 10
675.21
 20
153.94
 10
676.36
 20
153.36
 10
677.8
 20
152.35
 10
677.66
 20
152.35
 10
677.08
 20
152.35
 10
675.64
 20
152.35
 10
674.2
 20
152.35
 10
673.77
 20
152.35
 10
673.63
 20
152.35
 10
673.48
 20
152.21
 10
673.48
 20
152.06
 10
673.48
 20
151.92
 10
673.34
 20
151.78
 10
673.19
 20
151.49
 10
673.34
 20
151.34
 10
673.48
 20
151.34
 10
674.35
 20
150.91
 10
675.64
 20
150.19
 10
677.08
 20
149.18
 10
676.94
 20
149.18
 10
676.51
 20
149.18
 10
674.92
 20
149.18
 10
673.48
 20
149.18
 10
673.05
 20
149.18
 10
672.91
 20
149.18
 10
672.76
 20
149.18
 10
672.76
 20
149.04
 10
672.76
 20
148.9
 10
672.76
 20
148.75
 10
672.62
 20
148.75
 10
672.62
 20
148.46
 10
672.47
 20
148.32
 10
672.76
 20
148.18
 10
673.34
 20
147.89
 10
674.2
 20
147.46
 10
675.21
 20
146.74
 10
676.51
 20
145.87
 10
677.95
 20
144.72
 10
679.39
 20
143.42
 10
680.83
 20
141.84
 10
679.39
 20
138.53
 10
678.23
 20
134.78
 10
677.95
 20
132.77
 10
677.51
 20
130.61
 10
677.37
 20
128.3
 10
677.37
 20
126.0
 10
677.51
 20
126.0
 10
677.95
 20
126.0
 10
678.23
 20
126.0
 10
678.38
 20
126.0
 10
678.52
 20
128.16
 10
678.67
 20
130.32
 10
679.24
 20
134.21
 10
680.25
 20
137.66
 10
681.55
 20
140.83
 10
682.12
 20
139.97
 10
682.55
 20
139.1
 10
681.55
 20
136.37
 10
680.68
 20
133.2
 10
680.25
 20
129.74
 10
680.11
 20
126.0
 10
680.25
 20
126.0
 10
680.68
 20
126.0
 10
680.97
 20
126.0
 10
681.11
 20
126.0
 10
681.26
 20
129.46
 10
681.69
 20
132.48
 10
682.27
 20
135.36
 10
683.27
 20
137.95
 10
683.71
 20
136.8
 10
684.14
 20
135.79
 10
683.56
 20
133.63
 10
682.99
 20
131.33
 10
682.84
 20
128.74
 10
682.84
 20
126.0
 10
682.99
 20
126.0
 10
683.27
 20
126.0
 10
683.71
 20
126.0
 10
683.85
 20
126.0
 10
683.85
 20
128.16
 10
683.99
 20
130.32
 10
684.28
 20
132.19
 10
684.71
 20
134.06
 10
685.15
 20
132.19
 10
685.43
 20
130.32
 10
685.58
 20
128.16
 10
685.58
 20
126.0
 10
685.72
 20
126.0
 10
686.01
 20
126.0
 10
686.44
 20
126.0
 10
686.59
 20
126.0
 10
686.59
 20
128.74
 10
686.3
 20
131.33
 10
685.87
 20
133.63
 10
685.29
 20
135.79
 10
685.58
 20
136.8
 10
686.15
 20
137.81
 10
687.02
 20
135.36
 10
687.59
 20
132.48
 10
688.03
 20
129.31
 10
688.17
 20
126.0
 10
688.31
 20
126.0
 10
688.75
 20
126.0
 10
689.03
 20
126.0
 10
689.18
 20
126.0
 10
689.03
 20
129.74
 10
688.6
 20
133.2
 10
687.74
 20
136.22
 10
686.73
 20
139.1
 10
687.31
 20
139.97
 10
687.88
 20
140.83
 10
689.18
 20
137.66
 10
690.04
 20
134.21
 10
690.76
 20
130.32
 10
690.91
 20
128.16
 10
690.91
 20
126.0
 10
691.05
 20
126.0
 10
691.48
 20
126.0
 10
691.77
 20
126.0
 10
691.91
 20
126.0
 10
691.91
 20
128.3
 10
691.77
 20
130.61
 10
691.48
 20
132.77
 10
691.05
 20
134.78
 10
689.9
 20
138.53
 10
688.6
 20
141.7
 10
689.9
 20
143.42
 10
691.34
 20
144.72
 10
692.78
 20
145.87
 10
694.07
 20
146.74
 10
695.23
 20
147.46
 10
696.09
 20
147.89
 10
696.67
 20
148.18
 10
696.81
 20
148.32
  0
LWPOLYLINE
  5
775
330
17
100
AcDbEntity
  8
POLYLINES
100
AcDbPolyline
 90
21
 70
0
 10
680.83
 20
151.34
 10
680.97
 20
151.34
 10
681.26
 20
151.34
 10
682.12
 20
151.34
 10
683.27
 20
151.34
 10
684.71
 20
151.34
 10
686.01
 20
151.34
 10
687.31
 20
151.34
 10
688.17
 20
151.34
 10
688.31
 20
151.34
 10
688.46
 20
151.34
 10
687.31
 20
150.34
 10
686.15
 20
149.18
 10
686.01
 20
149.18
 10
685.72
 20
149.18
 10
684.71
 20
149.18
 10
683.71
 20
149.18
 10
683.27
 20
149.18
 10
683.13
 20
149.18
 10
681.98
 20
150.34
 10
680.83
 20
151.34
  0
LWPOLYLINE
  5
776
330
17
100
AcDbEntity
  8
POLYLINES
100
AcDbPolyline
 90
15
 70
0
 10
674.92
 20
148.18
 10
675.07
 20
148.18
 10
675.5
 20
148.18
 10
676.65
 20
148.18
 10
677.95
 20
148.18
 10
678.38
 20
148.18
 10
678.52
 20
148.18
 10
680.39
 20
146.45
 10
682.27
 20
144.43
 10
681.83
 20
143.57
 10
681.26
 20
142.7
 10
679.67
 20
144.58
 10
677.95
 20
146.16
 10
676.36
 20
147.31
 10
674.92
 20
148.18
  0
LWPOLYLINE
  5
777
330
17
100
AcDbEntity
  8
POLYLINES
100
AcDbPolyline
 90
18
 70
0
 10
675.79
 20
151.34
 10
675.64
 20
151.34
 10
675.93
 20
151.34
 10
676.22
 20
151.34
 10
677.51
 20
151.34
 10
678.67
 20
151.34
 10
679.1
 20
151.34
 10
679.24
 20
151.34
 10
680.39
 20
150.34
 10
681.69
 20
149.18
 10
681.55
 20
149.18
 10
681.26
 20
149.18
 10
680.25
 20
149.18
 10
679.24
 20
149.18
 10
678.95
 20
149.18
 10
678.81
 20
149.18
 10
677.23
 20
150.48
 10
675.79
 20
151.34
  0
LWPOLYLINE
  5
778
330
17
100
AcDbEntity
  8
POLYLINES
100
AcDbPolyline
 90
9
 70
0
 10
684.71
 20
137.23
 10
684.28
 20
138.24
 10
683.71
 20
139.1
 10
684.14
 20
139.97
 10
684.71
 20
140.83
 10
685.15
 20
139.97
 10
685.58
 20
139.1
 10
685.15
 20
138.24
 10
684.71
 20
137.23
  0
LWPOLYLINE
  5
779
330
17
100
AcDbEntity
  8
POLYLINES
100
AcDbPolyline
 90
13
 70
0
 10
682.7
 20
148.18
 10
683.42
 20
147.46
 10
683.99
 20
146.74
 10
683.42
 20
146.02
 10
682.84
 20
145.3
 10
681.55
 20
146.88
 10
680.11
 20
148.18
 10
680.25
 20
148.18
 10
680.54
 20
148.18
 10
681.4
 20
148.18
 10
682.27
 20
148.18
 10
682.55
 20
148.18
 10
682.7
 20
148.18
  0
LWPOLYLINE
  5
77A
330
17
100
AcDbEntity
  8
POLYLINES
100
AcDbPolyline
 90
9
 70
0
 10
685.15
 20
148.18
 10
684.86
 20
147.89
 10
684.71
 20
147.6
 10
684.43
 20
147.89
 10
684.14
 20
148.18
 10
684.28
 20
148.18
 10
684.71
 20
148.18
 10
685.0
 20
148.18
 10
685.15
 20
148.18
  0
LWPOLYLINE
  5
77B
330
17
100
AcDbEntity
  8
POLYLINES
100
AcDbPolyline
 90
9
 70
0
 10
681.98
 20
141.84
 10
682.55
 20
142.7
 10
682.99
 20
143.57
 10
683.56
 20
142.7
 10
683.99
 20
141.98
 10
683.56
 20
141.12
 10
683.13
 20
140.26
 10
682.55
 20
141.12
 10
681.98
 20
141.84
  0
LWPOLYLINE
  5
77C
330
17
100
AcDbEntity
  8
POLYLINES
100
AcDbPolyline
 90
29
 70
0
 10
676.51
 20
154.37
 10
676.79
 20
154.37
 10
677.23
 20
154.37
 10
678.09
 20
154.37
 10
679.1
 20
154.37
 10
681.69
 20
154.37
 10
684.71
 20
154.37
 10
687.59
 20
154.37
 10
690.19
 20
154.37
 10
691.34
 20
154.37
 10
692.06
 20
154.37
 10
692.63
 20
154.37
 10
692.78
 20
154.37
 10
691.34
 20
153.5
 10
689.75
 20
152.35
 10
689.61
 20
152.35
 10
689.32
 20
152.35
 10
688.89
 20
152.35
 10
688.17
 20
152.35
 10
686.59
 20
152.35
 10
684.71
 20
152.35
 10
682.84
 20
152.35
 10
681.11
 20
152.35
 10
680.54
 20
152.35
 10
679.96
 20
152.35
 10
679.67
 20
152.35
 10
679.53
 20
152.35
 10
677.95
 20
153.5
 10
676.51
 20
154.37
  0
LWPOLYLINE
  5
77D
330
17
100
AcDbEntity
  8
POLYLINES
100
AcDbPolyline
 90
9
 70
0
 10
684.71
 20
146.02
 10
685.15
 20
145.15
 10
685.72
 20
144.43
 10
685.15
 20
143.71
 10
684.71
 20
142.85
 10
684.14
 20
143.71
 10
683.56
 20
144.43
 10
684.14
 20
145.15
 10
684.71
 20
146.02
  0
LWPOLYLINE
  5
77E
330
17
100
AcDbEntity
  8
POLYLINES
100
AcDbPolyline
 90
9
 70
0
 10
686.15
 20
140.26
 10
685.72
 20
141.12
 10
685.29
 20
141.98
 10
685.87
 20
142.7
 10
686.3
 20
143.57
 10
686.87
 20
142.7
 10
687.31
 20
141.84
 10
686.73
 20
141.12
 10
686.15
 20
140.26
  0
LWPOLYLINE
  5
77F
330
17
100
AcDbEntity
  8
POLYLINES
100
AcDbPolyline
 90
12
 70
0
 10
685.29
 20
146.74
 10
686.01
 20
147.46
 10
686.59
 20
148.18
 10
686.73
 20
148.18
 10
687.02
 20
148.18
 10
687.88
 20
148.18
 10
688.89
 20
148.18
 10
689.18
 20
148.18
 10
687.88
 20
146.88
 10
686.44
 20
145.3
 10
685.87
 20
146.02
 10
685.29
 20
146.74
  0
LWPOLYLINE
  5
780
330
17
100
AcDbEntity
  8
POLYLINES
100
AcDbPolyline
 90
17
 70
0
 10
693.64
 20
151.34
 10
692.2
 20
150.48
 10
690.47
 20
149.18
 10
690.33
 20
149.18
 10
690.04
 20
149.18
 10
689.03
 20
149.18
 10
688.03
 20
149.18
 10
687.74
 20
149.18
 10
687.59
 20
149.18
 10
688.89
 20
150.34
 10
690.04
 20
151.34
 10
690.19
 20
151.34
 10
690.62
 20
151.34
 10
691.91
 20
151.34
 10
693.07
 20
151.34
 10
693.5
 20
151.34
 10
693.64
 20
151.34
  0
LWPOLYLINE
  5
781
330
17
100
AcDbEntity
  8
POLYLINES
100
AcDbPolyline
 90
16
 70
0
 10
694.51
 20
148.18
 10
694.36
 20
148.18
 10
693.07
 20
147.31
 10
691.48
 20
146.16
 10
689.75
 20
144.58
 10
688.03
 20
142.7
 10
687.59
 20
143.57
 10
687.02
 20
144.43
 10
688.89
 20
146.45
 10
690.91
 20
148.18
 10
691.05
 20
148.18
 10
691.34
 20
148.18
 10
692.63
 20
148.18
 10
693.93
 20
148.18
 10
694.22
 20
148.18
 10
694.51
 20
148.18
  0
LWPOLYLINE
  5
782
330
17
100
AcDbEntity
  8
POLYLINES
100
AcDbPolyline
 90
193
 70
0
 10
696.81
 20
148.32
 10
696.81
 20
148.61
 10
696.67
 20
148.75
 10
696.67
 20
148.9
 10
696.52
 20
149.04
 10
696.52
 20
149.18
 10
696.23
 20
149.18
 10
695.8
 20
149.18
 10
694.36
 20
149.18
 10
692.92
 20
149.18
 10
692.35
 20
149.18
 10
692.2
 20
149.18
 10
693.79
 20
150.19
 10
694.94
 20
150.91
 10
695.8
 20
151.34
 10
695.95
 20
151.34
 10
696.09
 20
151.49
 10
695.95
 20
151.63
 10
695.95
 20
151.92
 10
695.95
 20
152.06
 10
695.8
 20
152.06
 10
695.8
 20
152.21
 10
695.66
 20
152.35
 10
695.51
 20
152.35
 10
695.08
 20
152.35
 10
693.64
 20
152.35
 10
692.2
 20
152.35
 10
691.77
 20
152.35
 10
691.63
 20
152.35
 10
693.07
 20
153.36
 10
694.22
 20
153.94
 10
694.94
 20
154.37
 10
695.23
 20
154.37
 10
695.23
 20
154.51
 10
695.08
 20
154.66
 10
695.08
 20
154.94
 10
694.94
 20
155.23
 10
694.79
 20
155.38
 10
694.65
 20
155.38
 10
693.93
 20
155.38
 10
692.92
 20
155.38
 10
691.63
 20
155.38
 10
690.19
 20
155.38
 10
688.46
 20
155.38
 10
684.71
 20
155.38
 10
680.97
 20
155.38
 10
679.24
 20
155.38
 10
677.66
 20
155.38
 10
676.36
 20
155.38
 10
675.35
 20
155.38
 10
674.78
 20
155.38
 10
674.49
 20
155.38
 10
674.49
 20
155.23
 10
674.35
 20
155.09
 10
674.35
 20
154.94
 10
674.2
 20
154.66
 10
674.06
 20
154.51
 10
674.2
 20
154.37
 10
674.35
 20
154.37
 10
675.21
 20
153.94
 10
676.36
 20
153.36
 10
677.8
 20
152.35
 10
677.66
 20
152.35
 10
677.08
 20
152.35
 10
675.64
 20
152.35
 10
674.2
 20
152.35
 10
673.77
 20
152.35
 10
673.63
 20
152.35
 10
673.48
 20
152.21
 10
673.48
 20
152.06
 10
673.48
 20
151.92
 10
673.34
 20
151.78
 10
673.19
 20
151.49
 10
673.34
 20
151.34
 10
673.48
 20
151.34
 10
674.35
 20
150.91
 10
675.64
 20
150.19
 10
677.08
 20
149.18
 10
676.94
 20
149.18
 10
676.51
 20
149.18
 10
674.92
 20
149.18
 10
673.48
 20
149.18
 10
673.05
 20
149.18
 10
672.91
 20
149.18
 10
672.76
 20
149.18
 10
672.76
 20
149.04
 10
672.76
 20
148.9
 10
672.76
 20
148.75
 10
672.62
 20
148.75
 10
672.62
 20
148.46
 10
672.47
 20
148.32
 10
672.76
 20
148.18
 10
673.34
 20
147.89
 10
674.2
 20
147.46
 10
675.21
 20
146.74
 10
676.51
 20
145.87
 10
677.95
 20
144.72
 10
679.39
 20
143.42
 10
680.83
 20
141.84
 10
679.39
 20
138.53
 10
678.23
 20
134.78
 10
677.95
 20
132.77
 10
677.51
 20
130.61
 10
677.37
 20
128.3
 10
677.37
 20
126.0
 10
677.51
 20
126.0
 10
677.95
 20
126.0
 10
678.23
 20
126.0
 10
678.38
 20
126.0
 10
678.52
 20
128.16
 10
678.67
 20
130.32
 10
679.24
 20
134.21
 10
680.25
 20
137.66
 10
681.55
 20
140.83
 10
682.12
 20
139.97
 10
682.55
 20
139.1
 10
681.55
 20
136.37
 10
680.68
 20
133.2
 10
680.25
 20
129.74
 10
680.11
 20
126.0
 10
680.25
 20
126.0
 10
680.68
 20
126.0
 10
680.97
 20
126.0
 10
681.11
 20
126.0
 10
681.26
 20
129.46
 10
681.69
 20
132.48
 10
682.27
 20
135.36
 10
683.27
 20
137.95
 10
683.71
 20
136.8
 10
684.14
 20
135.79
 10
683.56
 20
133.63
 10
682.99
 20
131.33
 10
682.84
 20
128.74
 10
682.84
 20
126.0
 10
682.99
 20
126.0
 10
683.27
 20
126.0
 10
683.71
 20
126.0
 10
683.85
 20
126.0
 10
683.85
 20
128.16
 10
683.99
 20
130.32
 10
684.28
 20
132.19
 10
684.71
 20
134.06
 10
685.15
 20
132.19
 10
685.43
 20
130.32
 10
685.58
 20
128.16
 10
685.58
 20
126.0
 10
685.72
 20
126.0
 10
686.01
 20
126.0
 10
686.44
 20
126.0
 10
686.59
 20
126.0
 10
686.59
 20
128.74
 10
686.3
 20
131.33
 10
685.87
 20
133.63
 10
685.29
 20
135.79
 10
685.58
 20
136.8
 10
686.15
 20
137.81
 10
687.02
 20
135.36
 10
687.59
 20
132.48
 10
688.03
 20
129.31
 10
688.17
 20
126.0
 10
688.31
 20
126.0
 10
688.75
 20
126.0
 10
689.03
 20
126.0
 10
689.18
 20
126.0
 10
689.03
 20
129.74
 10
688.6
 20
133.2
 10
687.74
 20
136.22
 10
686.73
 20
139.1
 10
687.31
 20
139.97
 10
687.88
 20
140.83
 10
689.18
 20
137.66
 10
690.04
 20
134.21
 10
690.76
 20
130.32
 10
690.91
 20
128.16
 10
690.91
 20
126.0
 10
691.05
 20
126.0
 10
691.48
 20
126.0
 10
691.77
 20
126.0
 10
691.91
 20
126.0
 10
691.91
 20
128.3
 10
691.77
 20
130.61
 10
691.48
 20
132.77
 10
691.05
 20
134.78
 10
689.9
 20
138.53
 10
688.6
 20
141.7
 10
689.9
 20
143.42
 10
691.34
 20
144.72
 10
692.78
 20
145.87
 10
694.07
 20
146.74
 10
695.23
 20
147.46
 10
696.09
 20
147.89
 10
696.67
 20
148.18
 10
696.81
 20
148.32
  0
LWPOLYLINE
  5
783
330
17
100
AcDbEntity
  8
POLYLINES
100
AcDbPolyline
 90
21
 70
0
 10
680.83
 20
151.34
 10
680.97
 20
151.34
 10
681.26
 20
151.34
 10
682.12
 20
151.34
 10
683.27
 20
151.34
 10
684.71
 20
151.34
 10
686.01
 20
151.34
 10
687.31
 20
151.34
 10
688.17
 20
151.34
 10
688.31
 20
151.34
 10
688.46
 20
151.34
 10
687.31
 20
150.34
 10
686.15
 20
149.18
 10
686.01
 20
149.18
 10
685.72
 20
149.18
 10
684.71
 20
149.18
 10
683.71
 20
149.18
 10
683.27
 20
149.18
 10
683.13
 20
149.18
 10
681.98
 20
150.34
 10
680.83
 20
151.34
  0
LWPOLYLINE
  5
784
330
17
100
AcDbEntity
  8
POLYLINES
100
AcDbPolyline
 90
15
 70
0
 10
674.92
 20
148.18
 10
675.07
 20
148.18
 10
675.5
 20
148.18
 10
676.65
 20
148.18
 10
677.95
 20
148.18
 10
678.38
 20
148.18
 10
678.52
 20
148.18
 10
680.39
 20
146.45
 10
682.27
 20
144.43
 10
681.83
 20
143.57
 10
681.26
 20
142.7
 10
679.67
 20
144.58
 10
677.95
 20
146.16
 10
676.36
 20
147.31
 10
674.92
 20
148.18
  0
LWPOLYLINE
  5
785
330
17
100
AcDbEntity
  8
POLYLINES
100
AcDbPolyline
 90
18
 70
0
 10
675.79
 20
151.34
 10
675.64
 20
151.34
 10
675.93
 20
151.34
 10
676.22
 20
151.34
 10
677.51
 20
151.34
 10
678.67
 20
151.34
 10
679.1
 20
151.34
 10
679.24
 20
151.34
 10
680.39
 20
150.34
 10
681.69
 20
149.18
 10
681.55
 20
149.18
 10
681.26
 20
149.18
 10
680.25
 20
149.18
 10
679.24
 20
149.18
 10
678.95
 20
149.18
 10
678.81
 20
149.18
 10
677.23
 20
150.48
 10
675.79
 20
151.34
  0
LWPOLYLINE
  5
786
330
17
100
AcDbEntity
  8
POLYLINES
100
AcDbPolyline
 90
9
 70
0
 10
684.71
 20
137.23
 10
684.28
 20
138.24
 10
683.71
 20
139.1
 10
684.14
 20
139.97
 10
684.71
 20
140.83
 10
685.15
 20
139.97
 10
685.58
 20
139.1
 10
685.15
 20
138.24
 10
684.71
 20
137.23
  0
LWPOLYLINE
  5
787
330
17
100
AcDbEntity
  8
POLYLINES
100
AcDbPolyline
 90
13
 70
0
 10
682.7
 20
148.18
 10
683.42
 20
147.46
 10
683.99
 20
146.74
 10
683.42
 20
146.02
 10
682.84
 20
145.3
 10
681.55
 20
146.88
 10
680.11
 20
148.18
 10
680.25
 20
148.18
 10
680.54
 20
148.18
 10
681.4
 20
148.18
 10
682.27
 20
148.18
 10
682.55
 20
148.18
 10
682.7
 20
148.18
  0
LWPOLYLINE
  5
788
330
17
100
AcDbEntity
  8
POLYLINES
100
AcDbPolyline
 90
9
 70
0
 10
685.15
 20
148.18
 10
684.86
 20
147.89
 10
684.71
 20
147.6
 10
684.43
 20
147.89
 10
684.14
 20
148.18
 10
684.28
 20
148.18
 10
684.71
 20
148.18
 10
685.0
 20
148.18
 10
685.15
 20
148.18
  0
LWPOLYLINE
  5
789
330
17
100
AcDbEntity
  8
POLYLINES
100
AcDbPolyline
 90
9
 70
0
 10
681.98
 20
141.84
 10
682.55
 20
142.7
 10
682.99
 20
143.57
 10
683.56
 20
142.7
 10
683.99
 20
141.98
 10
683.56
 20
141.12
 10
683.13
 20
140.26
 10
682.55
 20
141.12
 10
681.98
 20
141.84
  0
LWPOLYLINE
  5
78A
330
17
100
AcDbEntity
  8
POLYLINES
100
AcDbPolyline
 90
29
 70
0
 10
676.51
 20
154.37
 10
676.79
 20
154.37
 10
677.23
 20
154.37
 10
678.09
 20
154.37
 10
679.1
 20
154.37
 10
681.69
 20
154.37
 10
684.71
 20
154.37
 10
687.59
 20
154.37
 10
690.19
 20
154.37
 10
691.34
 20
154.37
 10
692.06
 20
154.37
 10
692.63
 20
154.37
 10
692.78
 20
154.37
 10
691.34
 20
153.5
 10
689.75
 20
152.35
 10
689.61
 20
152.35
 10
689.32
 20
152.35
 10
688.89
 20
152.35
 10
688.17
 20
152.35
 10
686.59
 20
152.35
 10
684.71
 20
152.35
 10
682.84
 20
152.35
 10
681.11
 20
152.35
 10
680.54
 20
152.35
 10
679.96
 20
152.35
 10
679.67
 20
152.35
 10
679.53
 20
152.35
 10
677.95
 20
153.5
 10
676.51
 20
154.37
  0
LWPOLYLINE
  5
78B
330
17
100
AcDbEntity
  8
POLYLINES
100
AcDbPolyline
 90
9
 70
0
 10
684.71
 20
146.02
 10
685.15
 20
145.15
 10
685.72
 20
144.43
 10
685.15
 20
143.71
 10
684.71
 20
142.85
 10
684.14
 20
143.71
 10
683.56
 20
144.43
 10
684.14
 20
145.15
 10
684.71
 20
146.02
  0
LWPOLYLINE
  5
78C
330
17
100
AcDbEntity
  8
POLYLINES
100
AcDbPolyline
 90
9
 70
0
 10
686.15
 20
140.26
 10
685.72
 20
141.12
 10
685.29
 20
141.98
 10
685.87
 20
142.7
 10
686.3
 20
143.57
 10
686.87
 20
142.7
 10
687.31
 20
141.84
 10
686.73
 20
141.12
 10
686.15
 20
140.26
  0
LWPOLYLINE
  5
78D
330
17
100
AcDbEntity
  8
POLYLINES
100
AcDbPolyline
 90
12
 70
0
 10
685.29
 20
146.74
 10
686.01
 20
147.46
 10
686.59
 20
148.18
 10
686.73
 20
148.18
 10
687.02
 20
148.18
 10
687.88
 20
148.18
 10
688.89
 20
148.18
 10
689.18
 20
148.18
 10
687.88
 20
146.88
 10
686.44
 20
145.3
 10
685.87
 20
146.02
 10
685.29
 20
146.74
  0
LWPOLYLINE
  5
78E
330
17
100
AcDbEntity
  8
POLYLINES
100
AcDbPolyline
 90
17
 70
0
 10
693.64
 20
151.34
 10
692.2
 20
150.48
 10
690.47
 20
149.18
 10
690.33
 20
149.18
 10
690.04
 20
149.18
 10
689.03
 20
149.18
 10
688.03
 20
149.18
 10
687.74
 20
149.18
 10
687.59
 20
149.18
 10
688.89
 20
150.34
 10
690.04
 20
151.34
 10
690.19
 20
151.34
 10
690.62
 20
151.34
 10
691.91
 20
151.34
 10
693.07
 20
151.34
 10
693.5
 20
151.34
 10
693.64
 20
151.34
  0
LWPOLYLINE
  5
78F
330
17
100
AcDbEntity
  8
POLYLINES
100
AcDbPolyline
 90
16
 70
0
 10
694.51
 20
148.18
 10
694.36
 20
148.18
 10
693.07
 20
147.31
 10
691.48
 20
146.16
 10
689.75
 20
144.58
 10
688.03
 20
142.7
 10
687.59
 20
143.57
 10
687.02
 20
144.43
 10
688.89
 20
146.45
 10
690.91
 20
148.18
 10
691.05
 20
148.18
 10
691.34
 20
148.18
 10
692.63
 20
148.18
 10
693.93
 20
148.18
 10
694.22
 20
148.18
 10
694.51
 20
148.18
  0
LINE
  5
790
330
17
100
AcDbEntity
  8
LINES
100
AcDbLine
 10
87.76
 20
830.45
 30
0.0
 11
87.76
 21
45.22
 31
0.0
  0
LINE
  5
791
330
17
100
AcDbEntity
  8
LINES
100
AcDbLine
 10
1179.14
 20
830.45
 30
0.0
 11
87.76
 21
830.45
 31
0.0
  0
LINE
  5
792
330
17
100
AcDbEntity
  8
LINES
100
AcDbLine
 10
1179.14
 20
45.22
 30
0.0
 11
1179.14
 21
830.45
 31
0.0
  0
LINE
  5
793
330
17
100
AcDbEntity
  8
LINES
100
AcDbLine
 10
87.76
 20
45.22
 30
0.0
 11
1179.14
 21
45.22
 31
0.0
  0
TEXT
  5
794
330
17
100
AcDbEntity
  8
TEXTS
100
AcDbText
 10
473.75
 20
779.21
 30
0.0
 40
15.2
  1
光缆路由建设示意图
 41
1.066666666666665
100
AcDbText
  0
TEXT
  5
795
330
17
100
AcDbEntity
  8
TEXTS
100
AcDbText
 10
634.17
 20
751.55
 30
0.0
 40
12.16
  1
凌津滩电站
 41
1.0666666666666722
100
AcDbText
  0
TEXT
  5
796
330
17
100
AcDbEntity
  8
TEXTS
100
AcDbText
 10
519.83
 20
685.31
 30
0.0
 40
12.16
  1
三堂街变
 41
1.0666666666666709
100
AcDbText
  0
TEXT
  5
797
330
17
100
AcDbEntity
  8
TEXTS
100
AcDbText
 10
396.71
 20
664.43
 30
0.0
 40
12.16
  1
武潭变
 41
1.0666666666666733
100
AcDbText
  0
TEXT
  5
798
330
17
100
AcDbEntity
  8
TEXTS
100
AcDbText
 10
579.59
 20
650.03
 30
0.0
 40
9.12
  1
O/24D/30km
 41
0.8888888888888827
100
AcDbText
  0
TEXT
  5
799
330
17
100
AcDbEntity
  8
TEXTS
100
AcDbText
 10
884.59
 20
621.95
 30
0.0
 40
12.16
  1
至迎丰桥变
 41
1.0666666666666722
100
AcDbText
  0
TEXT
  5
79A
330
17
100
AcDbEntity
  8
TEXTS
100
AcDbText
 10
996.19
 20
621.52
 30
0.0
 40
12.16
  1
至岗市变
 41
1.0666666666666733
100
AcDbText
  0
TEXT
  5
79B
330
17
100
AcDbEntity
  8
TEXTS
100
AcDbText
 10
1068.33
 20
604.96
 30
0.0
 40
12.16
  1
至沧水铺变
 41
1.0666666666666742
100
AcDbText
  0
TEXT
  5
79C
330
17
100
AcDbEntity
  8
TEXTS
100
AcDbText
 10
364.46
 20
602.95
 30
0.0
 40
12.16
  1
马迹塘电厂
 41
1.0666666666666722
100
AcDbText
  0
TEXT
  5
79D
330
17
100
AcDbEntity
  8
TEXTS
100
AcDbText
 10
540.57
 20
596.75
 30
0.0
 40
12.16
  1
童子山变
 41
1.0666666666666709
100
AcDbText
  0
TEXT
  5
79E
330
17
100
AcDbEntity
  8
TEXTS
100
AcDbText
 10
876.23
 20
567.52
 30
0.0
 40
12.16
  1
桃花江变
 41
1.0666666666666709
100
AcDbText
  0
TEXT
  5
79F
330
17
100
AcDbEntity
  8
TEXTS
100
AcDbText
 10
1103.47
 20
564.64
 30
0.0
 40
12.16
  1
至毛家塘变
 41
1.0666666666666742
100
AcDbText
  0
TEXT
  5
7A0
330
17
100
AcDbEntity
  8
TEXTS
100
AcDbText
 10
525.02
 20
557.87
 30
0.0
 40
9.12
  1
O/24D/19.369km
 41
0.888888888888882
100
AcDbText
  0
TEXT
  5
7A1
330
17
100
AcDbEntity
  8
TEXTS
100
AcDbText
 10
366.62
 20
529.65
 30
0.0
 40
9.12
  1
O/24D/2*3.031km
 41
0.8888888888888825
100
AcDbText
  0
TEXT
  5
7A2
330
17
100
AcDbEntity
  8
TEXTS
100
AcDbText
 10
1008.71
 20
523.31
 30
0.0
 40
12.16
  1
复兴变
 41
1.0666666666666718
100
AcDbText
  0
TEXT
  5
7A3
330
17
100
AcDbEntity
  8
TEXTS
100
AcDbText
 10
554.97
 20
526.48
 30
0.0
 40
9.12
  1
双回路
 41
1.0666666666666567
100
AcDbText
  0
TEXT
  5
7A4
330
17
100
AcDbEntity
  8
TEXTS
100
AcDbText
 10
429.55
 20
504.45
 30
0.0
 40
12.16
  1
游和坪变
 41
1.0666666666666682
100
AcDbText
  0
TEXT
  5
7A5
330
17
100
AcDbEntity
  8
TEXTS
100
AcDbText
 10
534.95
 20
512.22
 30
0.0
 40
9.12
  1
O/72D/2×0.2km
 41
0.9572649572649499
100
AcDbText
  0
TEXT
  5
7A6
330
17
100
AcDbEntity
  8
TEXTS
100
AcDbText
 10
754.7
 20
501.28
 30
0.0
 40
9.12
  1
单回路
 41
1.0666666666666618
100
AcDbText
  0
TEXT
  5
7A7
330
17
100
AcDbEntity
  8
TEXTS
100
AcDbText
 10
739.29
 20
488.17
 30
0.0
 40
9.12
  1
O/72D/39.3km
 41
0.8888888888888906
100
AcDbText
  0
TEXT
  5
7A8
330
17
100
AcDbEntity
  8
TEXTS
100
AcDbText
 10
463.39
 20
483.57
 30
0.0
 40
12.16
  1
桃江西变
 41
1.0666666666666633
100
AcDbText
  0
TEXT
  5
7A9
330
17
100
AcDbEntity
  8
TEXTS
100
AcDbText
 10
1111.24
 20
483.14
 30
0.0
 40
12.16
  1
至沙坪变
 41
1.0666666666666658
100
AcDbText
  0
TEXT
  5
7AA
330
17
100
AcDbEntity
  8
TEXTS
100
AcDbText
 10
128.3
 20
475.94
 30
0.0
 40
12.16
  1
株溪口电厂
 41
1.0666666666666649
100
AcDbText
  0
TEXT
  5
7AB
330
17
100
AcDbEntity
  8
TEXTS
100
AcDbText
 10
235.0
 20
473.77
 30
0.0
 40
9.12
  1
A/24D/68.2km
 41
0.8888888888888906
100
AcDbText
  0
TEXT
  5
7AC
330
17
100
AcDbEntity
  8
TEXTS
100
AcDbText
 10
96.62
 20
455.77
 30
0.0
 40
9.12
  1
A/24D/8.8km
 41
0.8888888888888907
100
AcDbText
  0
TEXT
  5
7AD
330
17
100
AcDbEntity
  8
TEXTS
100
AcDbText
 10
1056.52
 20
451.6
 30
0.0
 40
12.16
  1
至艾家冲变
 41
1.0666666666666667
100
AcDbText
  0
TEXT
  5
7AE
330
17
100
AcDbEntity
  8
TEXTS
100
AcDbText
 10
896.83
 20
426.98
 30
0.0
 40
12.16
  1
川花桥变
 41
1.0666666666666633
100
AcDbText
  0
TEXT
  5
7AF
330
17
100
AcDbEntity
  8
TEXTS
100
AcDbText
 10
727.48
 20
430.43
 30
0.0
 40
9.12
  1
单回路
 41
1.0666666666666667
100
AcDbText
  0
TEXT
  5
7B0
330
17
100
AcDbEntity
  8
TEXTS
100
AcDbText
 10
138.23
 20
424.24
 30
0.0
 40
12.16
  1
思贤变
 41
1.0666666666666649
100
AcDbText
  0
TEXT
  5
7B1
330
17
100
AcDbEntity
  8
TEXTS
100
AcDbText
 10
713.66
 20
417.61
 30
0.0
 40
9.12
  1
O/72D/49.7km
 41
0.8888888888888906
100
AcDbText
  0
TEXT
  5
7B2
330
17
100
AcDbEntity
  8
TEXTS
100
AcDbText
 10
412.84
 20
413.15
 30
0.0
 40
12.16
  1
茶园变
 41
1.0666666666666658
100
AcDbText
  0
TEXT
  5
7B3
330
17
100
AcDbEntity
  8
TEXTS
100
AcDbText
 10
963.07
 20
352.96
 30
0.0
 40
12.16
  1
刘家湾变
 41
1.0666666666666633
100
AcDbText
  0
TEXT
  5
7B4
330
17
100
AcDbEntity
  8
TEXTS
100
AcDbText
 10
708.47
 20
340.87
 30
0.0
 40
12.16
  1
松木塘变
 41
1.0666666666666633
100
AcDbText
  0
TEXT
  5
7B5
330
17
100
AcDbEntity
  8
TEXTS
100
AcDbText
 10
860.54
 20
328.33
 30
0.0
 40
9.12
  1
O/72D/2×0.9km
 41
0.9572649572649589
100
AcDbText
  0
TEXT
  5
7B6
330
17
100
AcDbEntity
  8
TEXTS
100
AcDbText
 10
979.63
 20
316.1
 30
0.0
 40
12.16
  1
灰山港变
 41
1.0666666666666658
100
AcDbText
  0
TEXT
  5
7B7
330
17
100
AcDbEntity
  8
TEXTS
100
AcDbText
 10
604.51
 20
312.21
 30
0.0
 40
12.16
  1
小河村变
 41
1.0666666666666633
100
AcDbText
  0
TEXT
  5
7B8
330
17
100
AcDbEntity
  8
TEXTS
100
AcDbText
 10
388.79
 20
204.64
 30
0.0
 40
12.16
  1
注：1、本图只画出与本工程相关部分的光缆。
 41
1.061488673139159
100
AcDbText
  0
TEXT
  5
7B9
330
17
100
AcDbEntity
  8
TEXTS
100
AcDbText
 10
253.87
 20
202.05
 30
0.0
 40
12.16
  1
洢水变
 41
1.0666666666666675
100
AcDbText
  0
TEXT
  5
7BA
330
17
100
AcDbEntity
  8
TEXTS
100
AcDbText
 10
415.29
 20
181.46
 30
0.0
 40
12.16
  1
2、虚线表示桃江西输变电工程建设光缆，点划线表示桃江西110kV送出工程建设光缆，实线表示现有光缆或其他工程建设光缆。
 41
1.0553592461719659
100
AcDbText
  0
TEXT
  5
7BB
330
17
100
AcDbEntity
  8
TEXTS
100
AcDbText
 10
415.15
 20
158.27
 30
0.0
 40
12.16
  1
3、110kV送出工程的光缆建设方案仅供参考。
 41
1.0355987055016187
100
AcDbText
  0
TEXT
  5
7BC
330
17
100
AcDbEntity
  8
TEXTS
100
AcDbText
 10
200.59
 20
148.34
 30
0.0
 40
12.16
  1
图
 41
1.0666666666666675
100
AcDbText
  0
TEXT
  5
7BD
330
17
100
AcDbEntity
  8
TEXTS
100
AcDbText
 10
233.02
 20
148.34
 30
0.0
 40
12.16
  1
例
 41
1.0666666666666675
100
AcDbText
  0
TEXT
  5
7BE
330
17
100
AcDbEntity
  8
TEXTS
100
AcDbText
 10
699.83
 20
127.55
 30
0.0
 40
17.78
  1
湖南经研电力设计有限公司
 41
1.0363698430438792
100
AcDbText
  0
TEXT
  5
7BF
330
17
100
AcDbEntity
  8
TEXTS
100
AcDbText
 10
280.07
 20
132.21
 30
0.0
 40
12.16
  1
500kV线路光缆
100
AcDbText
  0
TEXT
  5
7C0
330
17
100
AcDbEntity
  8
TEXTS
100
AcDbText
 10
125.85
 20
130.05
 30
0.0
 40
12.16
  1
500kV变电站
 41
0.9777777777777784
100
AcDbText
  0
TEXT
  5
7C1
330
17
100
AcDbEntity
  8
TEXTS
100
AcDbText
 10
1013.47
 20
134.81
 30
0.0
 40
8.3
  1
/工程
 41
0.8974358974358928
100
AcDbText
  0
TEXT
  5
7C2
330
17
100
AcDbEntity
  8
TEXTS
100
AcDbText
 10
1123.63
 20
134.81
 30
0.0
 40
8.3
  1
施工图设计阶段
 41
0.9333333333333325
100
AcDbText
  0
TEXT
  5
7C3
330
17
100
AcDbEntity
  8
TEXTS
100
AcDbText
 10
125.71
 20
105.57
 30
0.0
 40
12.16
  1
220kV变电站
 41
0.9777777777777784
100
AcDbText
  0
TEXT
  5
7C4
330
17
100
AcDbEntity
  8
TEXTS
100
AcDbText
 10
280.79
 20
104.27
 30
0.0
 40
12.16
  1
220kV线路光缆
100
AcDbText
  0
TEXT
  5
7C5
330
17
100
AcDbEntity
  8
TEXTS
100
AcDbText
 10
639.07
 20
101.84
 30
0.0
 40
8.23
  1
日期
 41
1.1666666666666627
100
AcDbText
  0
TEXT
  5
7C6
330
17
100
AcDbEntity
  8
TEXTS
100
AcDbText
 10
688.03
 20
103.42
 30
0.0
 40
8.3
  1
批准
 41
0.9333333333333261
100
AcDbText
  0
TEXT
  5
7C7
330
17
100
AcDbEntity
  8
TEXTS
100
AcDbText
 10
806.11
 20
103.42
 30
0.0
 40
8.3
  1
设计/勘测
 41
0.9130434782608684
100
AcDbText
  0
TEXT
  5
7C8
330
17
100
AcDbEntity
  8
TEXTS
100
AcDbText
 10
524.87
 20
101.41
 30
0.0
 40
8.23
  1
专业
 41
1.1666666666666612
100
AcDbText
  0
TEXT
  5
7C9
330
17
100
AcDbEntity
  8
TEXTS
100
AcDbText
 10
575.99
 20
101.12
 30
0.0
 40
8.23
  1
会签人
 41
1.2444444444444411
100
AcDbText
  0
TEXT
  5
7CA
330
17
100
AcDbEntity
  8
TEXTS
100
AcDbText
 10
1016.63
 20
90.89
 30
0.0
 40
8.3
  1
光缆路由建设示意图
 41
0.933333333333333
100
AcDbText
  0
TEXT
  5
7CB
330
17
100
AcDbEntity
  8
TEXTS
100
AcDbText
 10
126.28
 20
81.81
 30
0.0
 40
12.16
  1
110kV变电站
 41
0.9777777777777784
100
AcDbText
  0
TEXT
  5
7CC
330
17
100
AcDbEntity
  8
TEXTS
100
AcDbText
 10
282.09
 20
81.23
 30
0.0
 40
12.16
  1
110kV线路光缆
100
AcDbText
  0
TEXT
  5
7CD
330
17
100
AcDbEntity
  8
TEXTS
100
AcDbText
 10
687.59
 20
77.93
 30
0.0
 40
8.3
  1
审核
 41
0.9333333333333261
100
AcDbText
  0
TEXT
  5
7CE
330
17
100
AcDbEntity
  8
TEXTS
100
AcDbText
 10
815.47
 20
77.93
 30
0.0
 40
8.3
  1
比例
 41
0.9333333333333261
100
AcDbText
  0
TEXT
  5
7CF
330
17
100
AcDbEntity
  8
TEXTS
100
AcDbText
 10
127.29
 20
60.21
 30
0.0
 40
12.16
  1
电厂
 41
1.0666666666666675
100
AcDbText
  0
TEXT
  5
7D0
330
17
100
AcDbEntity
  8
TEXTS
100
AcDbText
 10
174.52
 20
57.19
 30
0.0
 40
12.16
  1
XX/XX/XXkm光缆型号/芯数/长度
 41
1.0490970081403563
100
AcDbText
  0
TEXT
  5
7D1
330
17
100
AcDbEntity
  8
TEXTS
100
AcDbText
 10
1033.34
 20
52.73
 30
0.0
 40
8.3
  1
BA22015S-U0101-03
 41
0.7777777777777779
100
AcDbText
  0
TEXT
  5
7D2
330
17
100
AcDbEntity
  8
TEXTS
100
AcDbText
 10
814.89
 20
52.3
 30
0.0
 40
8.3
  1
日期
 41
0.9333333333333267
100
AcDbText
  0
TEXT
  5
7D3
330
17
100
AcDbEntity
  8
TEXTS
100
AcDbText
 10
688.03
 20
52.01
 30
0.0
 40
8.3
  1
校核
 41
0.9333333333333267
100
AcDbText
  0
TEXT
  5
7D4
330
17
100
AcDbEntity
  8
TEXTS
100
AcDbText
 10
937.43
 20
52.01
 30
0.0
 40
8.3
  1
图号
 41
0.9333333333333267
100
AcDbText
  0
TEXT
  5
7D5
330
17
100
AcDbEntity
  8
TEXTS
100
AcDbText
 10
811.15
 20
25.94
 30
0.0
 40
8.3
  1
服务承诺：接到您通知1小时内予以答复并及时提供工代服务。服务电话：0731-85948331，0731-85948342。
 41
0.8831341301460816
100
AcDbText
  0
TEXT
  5
7D6
330
17
100
AcDbEntity
  8
TEXTS
100
AcDbText
 10
736.75
 20
691.67
 30
0.0
 40
8.91
  1
A
100
AcDbText
  0
TEXT
  5
7D7
330
17
100
AcDbEntity
  8
TEXTS
100
AcDbText
 10
740.08
 20
688.13
 30
0.0
 40
8.91
  1
/
100
AcDbText
  0
TEXT
  5
7D8
330
17
100
AcDbEntity
  8
TEXTS
100
AcDbText
 10
743.42
 20
684.59
 30
0.0
 40
8.91
  1
2
100
AcDbText
  0
TEXT
  5
7D9
330
17
100
AcDbEntity
  8
TEXTS
100
AcDbText
 10
746.76
 20
681.05
 30
0.0
 40
8.91
  1
4
100
AcDbText
  0
TEXT
  5
7DA
330
17
100
AcDbEntity
  8
TEXTS
100
AcDbText
 10
750.09
 20
677.51
 30
0.0
 40
8.91
  1
D
100
AcDbText
  0
TEXT
  5
7DB
330
17
100
AcDbEntity
  8
TEXTS
100
AcDbText
 10
753.43
 20
673.96
 30
0.0
 40
8.91
  1
/
100
AcDbText
  0
TEXT
  5
7DC
330
17
100
AcDbEntity
  8
TEXTS
100
AcDbText
 10
756.76
 20
670.42
 30
0.0
 40
8.91
  1
1
100
AcDbText
  0
TEXT
  5
7DD
330
17
100
AcDbEntity
  8
TEXTS
100
AcDbText
 10
760.1
 20
666.88
 30
0.0
 40
8.91
  1
0
100
AcDbText
  0
TEXT
  5
7DE
330
17
100
AcDbEntity
  8
TEXTS
100
AcDbText
 10
763.44
 20
663.34
 30
0.0
 40
8.91
  1
8
100
AcDbText
  0
TEXT
  5
7DF
330
17
100
AcDbEntity
  8
TEXTS
100
AcDbText
 10
766.77
 20
659.8
 30
0.0
 40
8.91
  1
.
100
AcDbText
  0
TEXT
  5
7E0
330
17
100
AcDbEntity
  8
TEXTS
100
AcDbText
 10
770.11
 20
656.26
 30
0.0
 40
8.91
  1
5
100
AcDbText
  0
TEXT
  5
7E1
330
17
100
AcDbEntity
  8
TEXTS
100
AcDbText
 10
773.45
 20
652.72
 30
0.0
 40
8.91
  1
k
100
AcDbText
  0
TEXT
  5
7E2
330
17
100
AcDbEntity
  8
TEXTS
100
AcDbText
 10
776.78
 20
649.18
 30
0.0
 40
8.91
  1
m
100
AcDbText
  0
TEXT
  5
7E3
330
17
100
AcDbEntity
  8
TEXTS
100
AcDbText
 10
426.65
 20
635.59
 30
0.0
 40
9.15
  1
A
100
AcDbText
  0
TEXT
  5
7E4
330
17
100
AcDbEntity
  8
TEXTS
100
AcDbText
 10
431.52
 20
635.55
 30
0.0
 40
9.15
  1
/
100
AcDbText
  0
TEXT
  5
7E5
330
17
100
AcDbEntity
  8
TEXTS
100
AcDbText
 10
436.38
 20
635.51
 30
0.0
 40
9.15
  1
1
100
AcDbText
  0
TEXT
  5
7E6
330
17
100
AcDbEntity
  8
TEXTS
100
AcDbText
 10
441.25
 20
635.47
 30
0.0
 40
9.15
  1
2
100
AcDbText
  0
TEXT
  5
7E7
330
17
100
AcDbEntity
  8
TEXTS
100
AcDbText
 10
446.11
 20
635.43
 30
0.0
 40
9.15
  1
D
100
AcDbText
  0
TEXT
  5
7E8
330
17
100
AcDbEntity
  8
TEXTS
100
AcDbText
 10
450.97
 20
635.38
 30
0.0
 40
9.15
  1
/
100
AcDbText
  0
TEXT
  5
7E9
330
17
100
AcDbEntity
  8
TEXTS
100
AcDbText
 10
455.84
 20
635.34
 30
0.0
 40
9.15
  1
3
100
AcDbText
  0
TEXT
  5
7EA
330
17
100
AcDbEntity
  8
TEXTS
100
AcDbText
 10
460.7
 20
635.3
 30
0.0
 40
9.15
  1
k
100
AcDbText
  0
TEXT
  5
7EB
330
17
100
AcDbEntity
  8
TEXTS
100
AcDbText
 10
465.57
 20
635.26
 30
0.0
 40
9.15
  1
m
100
AcDbText
  0
TEXT
  5
7EC
330
17
100
AcDbEntity
  8
TEXTS
100
AcDbText
 10
426.36
 20
597.57
 30
0.0
 40
5.39
  1
m
100
AcDbText
  0
TEXT
  5
7ED
330
17
100
AcDbEntity
  8
TEXTS
100
AcDbText
 10
425.39
 20
592.81
 30
0.0
 40
5.39
  1
k
100
AcDbText
  0
TEXT
  5
7EE
330
17
100
AcDbEntity
  8
TEXTS
100
AcDbText
 10
424.42
 20
588.04
 30
0.0
 40
5.39
  1
4
100
AcDbText
  0
TEXT
  5
7EF
330
17
100
AcDbEntity
  8
TEXTS
100
AcDbText
 10
423.45
 20
583.27
 30
0.0
 40
5.39
  1
1
100
AcDbText
  0
TEXT
  5
7F0
330
17
100
AcDbEntity
  8
TEXTS
100
AcDbText
 10
422.48
 20
578.5
 30
0.0
 40
5.39
  1
.
100
AcDbText
  0
TEXT
  5
7F1
330
17
100
AcDbEntity
  8
TEXTS
100
AcDbText
 10
421.52
 20
573.74
 30
0.0
 40
5.39
  1
2
100
AcDbText
  0
TEXT
  5
7F2
330
17
100
AcDbEntity
  8
TEXTS
100
AcDbText
 10
420.55
 20
568.97
 30
0.0
 40
5.39
  1
/
100
AcDbText
  0
TEXT
  5
7F3
330
17
100
AcDbEntity
  8
TEXTS
100
AcDbText
 10
928.61
 20
558.95
 30
0.0
 40
9.45
  1
A
100
AcDbText
  0
TEXT
  5
7F4
330
17
100
AcDbEntity
  8
TEXTS
100
AcDbText
 10
419.58
 20
564.2
 30
0.0
 40
5.39
  1
D
100
AcDbText
  0
TEXT
  5
7F5
330
17
100
AcDbEntity
  8
TEXTS
100
AcDbText
 10
933.45
 20
558.44
 30
0.0
 40
9.45
  1
/
100
AcDbText
  0
TEXT
  5
7F6
330
17
100
AcDbEntity
  8
TEXTS
100
AcDbText
 10
938.29
 20
557.93
 30
0.0
 40
9.45
  1
2
100
AcDbText
  0
TEXT
  5
7F7
330
17
100
AcDbEntity
  8
TEXTS
100
AcDbText
 10
943.13
 20
557.42
 30
0.0
 40
9.45
  1
4
100
AcDbText
  0
TEXT
  5
7F8
330
17
100
AcDbEntity
  8
TEXTS
100
AcDbText
 10
947.97
 20
556.91
 30
0.0
 40
9.45
  1
D
100
AcDbText
  0
TEXT
  5
7F9
330
17
100
AcDbEntity
  8
TEXTS
100
AcDbText
 10
952.8
 20
556.39
 30
0.0
 40
9.45
  1
/
100
AcDbText
  0
TEXT
  5
7FA
330
17
100
AcDbEntity
  8
TEXTS
100
AcDbText
 10
957.64
 20
555.88
 30
0.0
 40
9.45
  1
1
100
AcDbText
  0
TEXT
  5
7FB
330
17
100
AcDbEntity
  8
TEXTS
100
AcDbText
 10
962.48
 20
555.37
 30
0.0
 40
9.45
  1
5
100
AcDbText
  0
TEXT
  5
7FC
330
17
100
AcDbEntity
  8
TEXTS
100
AcDbText
 10
967.32
 20
554.86
 30
0.0
 40
9.45
  1
.
100
AcDbText
  0
TEXT
  5
7FD
330
17
100
AcDbEntity
  8
TEXTS
100
AcDbText
 10
972.15
 20
554.35
 30
0.0
 40
9.45
  1
7
100
AcDbText
  0
TEXT
  5
7FE
330
17
100
AcDbEntity
  8
TEXTS
100
AcDbText
 10
418.61
 20
559.43
 30
0.0
 40
5.39
  1
2
100
AcDbText
  0
TEXT
  5
7FF
330
17
100
AcDbEntity
  8
TEXTS
100
AcDbText
 10
976.99
 20
553.84
 30
0.0
 40
9.45
  1
k
100
AcDbText
  0
TEXT
  5
800
330
17
100
AcDbEntity
  8
TEXTS
100
AcDbText
 10
981.83
 20
553.33
 30
0.0
 40
9.45
  1
m
100
AcDbText
  0
TEXT
  5
801
330
17
100
AcDbEntity
  8
TEXTS
100
AcDbText
 10
417.64
 20
554.67
 30
0.0
 40
5.39
  1
1
100
AcDbText
  0
TEXT
  5
802
330
17
100
AcDbEntity
  8
TEXTS
100
AcDbText
 10
416.68
 20
549.9
 30
0.0
 40
5.39
  1
/
100
AcDbText
  0
TEXT
  5
803
330
17
100
AcDbEntity
  8
TEXTS
100
AcDbText
 10
415.71
 20
545.13
 30
0.0
 40
5.39
  1
A
100
AcDbText
  0
TEXT
  5
804
330
17
100
AcDbEntity
  8
TEXTS
100
AcDbText
 10
408.82
 20
519.68
 30
0.0
 40
6.09
  1
m
100
AcDbText
  0
TEXT
  5
805
330
17
100
AcDbEntity
  8
TEXTS
100
AcDbText
 10
407.44
 20
515.02
 30
0.0
 40
6.09
  1
k
100
AcDbText
  0
TEXT
  5
806
330
17
100
AcDbEntity
  8
TEXTS
100
AcDbText
 10
406.06
 20
510.35
 30
0.0
 40
6.09
  1
1
100
AcDbText
  0
TEXT
  5
807
330
17
100
AcDbEntity
  8
TEXTS
100
AcDbText
 10
404.67
 20
505.69
 30
0.0
 40
6.09
  1
.
100
AcDbText
  0
TEXT
  5
808
330
17
100
AcDbEntity
  8
TEXTS
100
AcDbText
 10
863.46
 20
506.83
 30
0.0
 40
5.14
  1
A
100
AcDbText
  0
TEXT
  5
809
330
17
100
AcDbEntity
  8
TEXTS
100
AcDbText
 10
403.29
 20
501.03
 30
0.0
 40
6.09
  1
7
100
AcDbText
  0
TEXT
  5
80A
330
17
100
AcDbEntity
  8
TEXTS
100
AcDbText
 10
864.28
 20
502.04
 30
0.0
 40
5.14
  1
/
100
AcDbText
  0
TEXT
  5
80B
330
17
100
AcDbEntity
  8
TEXTS
100
AcDbText
 10
401.91
 20
496.36
 30
0.0
 40
6.09
  1
1
100
AcDbText
  0
TEXT
  5
80C
330
17
100
AcDbEntity
  8
TEXTS
100
AcDbText
 10
865.11
 20
497.25
 30
0.0
 40
5.14
  1
1
100
AcDbText
  0
TEXT
  5
80D
330
17
100
AcDbEntity
  8
TEXTS
100
AcDbText
 10
400.52
 20
491.7
 30
0.0
 40
6.09
  1
/
100
AcDbText
  0
TEXT
  5
80E
330
17
100
AcDbEntity
  8
TEXTS
100
AcDbText
 10
865.93
 20
492.45
 30
0.0
 40
5.14
  1
2
100
AcDbText
  0
TEXT
  5
80F
330
17
100
AcDbEntity
  8
TEXTS
100
AcDbText
 10
399.14
 20
487.03
 30
0.0
 40
6.09
  1
D
100
AcDbText
  0
TEXT
  5
810
330
17
100
AcDbEntity
  8
TEXTS
100
AcDbText
 10
866.76
 20
487.66
 30
0.0
 40
5.14
  1
D
100
AcDbText
  0
TEXT
  5
811
330
17
100
AcDbEntity
  8
TEXTS
100
AcDbText
 10
397.76
 20
482.37
 30
0.0
 40
6.09
  1
2
100
AcDbText
  0
TEXT
  5
812
330
17
100
AcDbEntity
  8
TEXTS
100
AcDbText
 10
867.59
 20
482.86
 30
0.0
 40
5.14
  1
/
100
AcDbText
  0
TEXT
  5
813
330
17
100
AcDbEntity
  8
TEXTS
100
AcDbText
 10
396.38
 20
477.7
 30
0.0
 40
6.09
  1
1
100
AcDbText
  0
TEXT
  5
814
330
17
100
AcDbEntity
  8
TEXTS
100
AcDbText
 10
868.41
 20
478.07
 30
0.0
 40
5.14
  1
1
100
AcDbText
  0
TEXT
  5
815
330
17
100
AcDbEntity
  8
TEXTS
100
AcDbText
 10
394.99
 20
473.04
 30
0.0
 40
6.09
  1
/
100
AcDbText
  0
TEXT
  5
816
330
17
100
AcDbEntity
  8
TEXTS
100
AcDbText
 10
869.24
 20
473.28
 30
0.0
 40
5.14
  1
7
100
AcDbText
  0
TEXT
  5
817
330
17
100
AcDbEntity
  8
TEXTS
100
AcDbText
 10
1024.66
 20
467.44
 30
0.0
 40
7.68
  1
m
100
AcDbText
  0
TEXT
  5
818
330
17
100
AcDbEntity
  8
TEXTS
100
AcDbText
 10
393.61
 20
468.38
 30
0.0
 40
6.09
  1
A
100
AcDbText
  0
TEXT
  5
819
330
17
100
AcDbEntity
  8
TEXTS
100
AcDbText
 10
870.06
 20
468.48
 30
0.0
 40
5.14
  1
.
100
AcDbText
  0
TEXT
  5
81A
330
17
100
AcDbEntity
  8
TEXTS
100
AcDbText
 10
1022.25
 20
463.21
 30
0.0
 40
7.68
  1
k
100
AcDbText
  0
TEXT
  5
81B
330
17
100
AcDbEntity
  8
TEXTS
100
AcDbText
 10
870.89
 20
463.69
 30
0.0
 40
5.14
  1
5
100
AcDbText
  0
TEXT
  5
81C
330
17
100
AcDbEntity
  8
TEXTS
100
AcDbText
 10
1019.84
 20
458.98
 30
0.0
 40
7.68
  1
5
100
AcDbText
  0
TEXT
  5
81D
330
17
100
AcDbEntity
  8
TEXTS
100
AcDbText
 10
534.35
 20
455.02
 30
0.0
 40
9.82
  1
O
100
AcDbText
  0
TEXT
  5
81E
330
17
100
AcDbEntity
  8
TEXTS
100
AcDbText
 10
538.89
 20
453.29
 30
0.0
 40
9.82
  1
/
100
AcDbText
  0
TEXT
  5
81F
330
17
100
AcDbEntity
  8
TEXTS
100
AcDbText
 10
871.72
 20
458.89
 30
0.0
 40
5.14
  1
k
100
AcDbText
  0
TEXT
  5
820
330
17
100
AcDbEntity
  8
TEXTS
100
AcDbText
 10
1017.44
 20
454.76
 30
0.0
 40
7.68
  1
.
100
AcDbText
  0
TEXT
  5
821
330
17
100
AcDbEntity
  8
TEXTS
100
AcDbText
 10
543.44
 20
451.57
 30
0.0
 40
9.82
  1
7
100
AcDbText
  0
TEXT
  5
822
330
17
100
AcDbEntity
  8
TEXTS
100
AcDbText
 10
547.99
 20
449.84
 30
0.0
 40
9.82
  1
2
100
AcDbText
  0
TEXT
  5
823
330
17
100
AcDbEntity
  8
TEXTS
100
AcDbText
 10
552.54
 20
448.11
 30
0.0
 40
9.82
  1
D
100
AcDbText
  0
TEXT
  5
824
330
17
100
AcDbEntity
  8
TEXTS
100
AcDbText
 10
872.54
 20
454.1
 30
0.0
 40
5.14
  1
m
100
AcDbText
  0
TEXT
  5
825
330
17
100
AcDbEntity
  8
TEXTS
100
AcDbText
 10
1015.03
 20
450.53
 30
0.0
 40
7.68
  1
4
100
AcDbText
  0
TEXT
  5
826
330
17
100
AcDbEntity
  8
TEXTS
100
AcDbText
 10
557.08
 20
446.38
 30
0.0
 40
9.82
  1
/
100
AcDbText
  0
TEXT
  5
827
330
17
100
AcDbEntity
  8
TEXTS
100
AcDbText
 10
561.63
 20
444.66
 30
0.0
 40
9.82
  1
2
100
AcDbText
  0
TEXT
  5
828
330
17
100
AcDbEntity
  8
TEXTS
100
AcDbText
 10
1012.63
 20
446.3
 30
0.0
 40
7.68
  1
2
100
AcDbText
  0
TEXT
  5
829
330
17
100
AcDbEntity
  8
TEXTS
100
AcDbText
 10
566.18
 20
441.2
 30
0.0
 40
11.12
  1
×
100
AcDbText
  0
TEXT
  5
82A
330
17
100
AcDbEntity
  8
TEXTS
100
AcDbText
 10
575.27
 20
439.47
 30
0.0
 40
9.82
  1
0
100
AcDbText
  0
TEXT
  5
82B
330
17
100
AcDbEntity
  8
TEXTS
100
AcDbText
 10
1010.22
 20
442.07
 30
0.0
 40
7.68
  1
/
100
AcDbText
  0
TEXT
  5
82C
330
17
100
AcDbEntity
  8
TEXTS
100
AcDbText
 10
579.82
 20
437.75
 30
0.0
 40
9.82
  1
.
100
AcDbText
  0
TEXT
  5
82D
330
17
100
AcDbEntity
  8
TEXTS
100
AcDbText
 10
584.37
 20
436.02
 30
0.0
 40
9.82
  1
4
100
AcDbText
  0
TEXT
  5
82E
330
17
100
AcDbEntity
  8
TEXTS
100
AcDbText
 10
829.85
 20
435.11
 30
0.0
 40
9.76
  1
m
100
AcDbText
  0
TEXT
  5
82F
330
17
100
AcDbEntity
  8
TEXTS
100
AcDbText
 10
1007.82
 20
437.84
 30
0.0
 40
7.68
  1
D
100
AcDbText
  0
TEXT
  5
830
330
17
100
AcDbEntity
  8
TEXTS
100
AcDbText
 10
588.92
 20
434.29
 30
0.0
 40
9.82
  1
k
100
AcDbText
  0
TEXT
  5
831
330
17
100
AcDbEntity
  8
TEXTS
100
AcDbText
 10
825.57
 20
432.8
 30
0.0
 40
9.76
  1
k
100
AcDbText
  0
TEXT
  5
832
330
17
100
AcDbEntity
  8
TEXTS
100
AcDbText
 10
593.47
 20
432.56
 30
0.0
 40
9.82
  1
m
100
AcDbText
  0
TEXT
  5
833
330
17
100
AcDbEntity
  8
TEXTS
100
AcDbText
 10
1005.41
 20
433.61
 30
0.0
 40
7.68
  1
4
100
AcDbText
  0
TEXT
  5
834
330
17
100
AcDbEntity
  8
TEXTS
100
AcDbText
 10
821.28
 20
430.5
 30
0.0
 40
9.76
  1
1
100
AcDbText
  0
TEXT
  5
835
330
17
100
AcDbEntity
  8
TEXTS
100
AcDbText
 10
817.0
 20
428.19
 30
0.0
 40
9.76
  1
.
100
AcDbText
  0
TEXT
  5
836
330
17
100
AcDbEntity
  8
TEXTS
100
AcDbText
 10
1003.0
 20
429.38
 30
0.0
 40
7.68
  1
2
100
AcDbText
  0
TEXT
  5
837
330
17
100
AcDbEntity
  8
TEXTS
100
AcDbText
 10
812.71
 20
425.89
 30
0.0
 40
9.76
  1
0
100
AcDbText
  0
TEXT
  5
838
330
17
100
AcDbEntity
  8
TEXTS
100
AcDbText
 10
808.43
 20
423.58
 30
0.0
 40
9.76
  1
3
100
AcDbText
  0
TEXT
  5
839
330
17
100
AcDbEntity
  8
TEXTS
100
AcDbText
 10
1000.6
 20
425.16
 30
0.0
 40
7.68
  1
/
100
AcDbText
  0
TEXT
  5
83A
330
17
100
AcDbEntity
  8
TEXTS
100
AcDbText
 10
804.14
 20
421.28
 30
0.0
 40
9.76
  1
/
100
AcDbText
  0
TEXT
  5
83B
330
17
100
AcDbEntity
  8
TEXTS
100
AcDbText
 10
799.86
 20
418.97
 30
0.0
 40
9.76
  1
D
100
AcDbText
  0
TEXT
  5
83C
330
17
100
AcDbEntity
  8
TEXTS
100
AcDbText
 10
998.19
 20
420.93
 30
0.0
 40
7.68
  1
O
100
AcDbText
  0
TEXT
  5
83D
330
17
100
AcDbEntity
  8
TEXTS
100
AcDbText
 10
795.58
 20
416.67
 30
0.0
 40
9.76
  1
8
100
AcDbText
  0
TEXT
  5
83E
330
17
100
AcDbEntity
  8
TEXTS
100
AcDbText
 10
791.29
 20
414.36
 30
0.0
 40
9.76
  1
4
100
AcDbText
  0
TEXT
  5
83F
330
17
100
AcDbEntity
  8
TEXTS
100
AcDbText
 10
912.2
 20
412.57
 30
0.0
 40
9.47
  1
A
100
AcDbText
  0
TEXT
  5
840
330
17
100
AcDbEntity
  8
TEXTS
100
AcDbText
 10
787.01
 20
412.06
 30
0.0
 40
9.76
  1
/
100
AcDbText
  0
TEXT
  5
841
330
17
100
AcDbEntity
  8
TEXTS
100
AcDbText
 10
782.72
 20
409.75
 30
0.0
 40
9.76
  1
A
100
AcDbText
  0
TEXT
  5
842
330
17
100
AcDbEntity
  8
TEXTS
100
AcDbText
 10
916.08
 20
409.62
 30
0.0
 40
9.47
  1
/
100
AcDbText
  0
TEXT
  5
843
330
17
100
AcDbEntity
  8
TEXTS
100
AcDbText
 10
919.95
 20
406.68
 30
0.0
 40
9.47
  1
1
100
AcDbText
  0
TEXT
  5
844
330
17
100
AcDbEntity
  8
TEXTS
100
AcDbText
 10
923.82
 20
403.73
 30
0.0
 40
9.47
  1
2
100
AcDbText
  0
TEXT
  5
845
330
17
100
AcDbEntity
  8
TEXTS
100
AcDbText
 10
927.69
 20
400.79
 30
0.0
 40
9.47
  1
D
100
AcDbText
  0
TEXT
  5
846
330
17
100
AcDbEntity
  8
TEXTS
100
AcDbText
 10
931.56
 20
397.84
 30
0.0
 40
9.47
  1
/
100
AcDbText
  0
TEXT
  5
847
330
17
100
AcDbEntity
  8
TEXTS
100
AcDbText
 10
935.44
 20
394.9
 30
0.0
 40
9.47
  1
7
100
AcDbText
  0
TEXT
  5
848
330
17
100
AcDbEntity
  8
TEXTS
100
AcDbText
 10
419.38
 20
394.34
 30
0.0
 40
9.8
  1
A
100
AcDbText
  0
TEXT
  5
849
330
17
100
AcDbEntity
  8
TEXTS
100
AcDbText
 10
424.02
 20
392.88
 30
0.0
 40
9.8
  1
/
100
AcDbText
  0
TEXT
  5
84A
330
17
100
AcDbEntity
  8
TEXTS
100
AcDbText
 10
939.31
 20
391.95
 30
0.0
 40
9.47
  1
.
100
AcDbText
  0
TEXT
  5
84B
330
17
100
AcDbEntity
  8
TEXTS
100
AcDbText
 10
428.66
 20
391.42
 30
0.0
 40
9.8
  1
8
100
AcDbText
  0
TEXT
  5
84C
330
17
100
AcDbEntity
  8
TEXTS
100
AcDbText
 10
433.3
 20
389.95
 30
0.0
 40
9.8
  1
D
100
AcDbText
  0
TEXT
  5
84D
330
17
100
AcDbEntity
  8
TEXTS
100
AcDbText
 10
943.18
 20
389.01
 30
0.0
 40
9.47
  1
5
100
AcDbText
  0
TEXT
  5
84E
330
17
100
AcDbEntity
  8
TEXTS
100
AcDbText
 10
437.94
 20
388.49
 30
0.0
 40
9.8
  1
/
100
AcDbText
  0
TEXT
  5
84F
330
17
100
AcDbEntity
  8
TEXTS
100
AcDbText
 10
442.58
 20
387.03
 30
0.0
 40
9.8
  1
1
100
AcDbText
  0
TEXT
  5
850
330
17
100
AcDbEntity
  8
TEXTS
100
AcDbText
 10
947.05
 20
386.06
 30
0.0
 40
9.47
  1
8
100
AcDbText
  0
TEXT
  5
851
330
17
100
AcDbEntity
  8
TEXTS
100
AcDbText
 10
447.22
 20
385.56
 30
0.0
 40
9.8
  1
5
100
AcDbText
  0
TEXT
  5
852
330
17
100
AcDbEntity
  8
TEXTS
100
AcDbText
 10
451.86
 20
384.1
 30
0.0
 40
9.8
  1
.
100
AcDbText
  0
TEXT
  5
853
330
17
100
AcDbEntity
  8
TEXTS
100
AcDbText
 10
950.92
 20
383.12
 30
0.0
 40
9.47
  1
k
100
AcDbText
  0
TEXT
  5
854
330
17
100
AcDbEntity
  8
TEXTS
100
AcDbText
 10
456.5
 20
382.64
 30
0.0
 40
9.8
  1
6
100
AcDbText
  0
TEXT
  5
855
330
17
100
AcDbEntity
  8
TEXTS
100
AcDbText
 10
461.14
 20
381.17
 30
0.0
 40
9.8
  1
k
100
AcDbText
  0
TEXT
  5
856
330
17
100
AcDbEntity
  8
TEXTS
100
AcDbText
 10
954.8
 20
380.17
 30
0.0
 40
9.47
  1
m
100
AcDbText
  0
TEXT
  5
857
330
17
100
AcDbEntity
  8
TEXTS
100
AcDbText
 10
465.78
 20
379.71
 30
0.0
 40
9.8
  1
m
100
AcDbText
  0
TEXT
  5
858
330
17
100
AcDbEntity
  8
TEXTS
100
AcDbText
 10
470.42
 20
378.25
 30
0.0
 40
9.8
  1
+
100
AcDbText
  0
TEXT
  5
859
330
17
100
AcDbEntity
  8
TEXTS
100
AcDbText
 10
475.06
 20
376.78
 30
0.0
 40
9.8
  1
O
100
AcDbText
  0
TEXT
  5
85A
330
17
100
AcDbEntity
  8
TEXTS
100
AcDbText
 10
479.7
 20
375.32
 30
0.0
 40
9.8
  1
/
100
AcDbText
  0
TEXT
  5
85B
330
17
100
AcDbEntity
  8
TEXTS
100
AcDbText
 10
484.34
 20
373.86
 30
0.0
 40
9.8
  1
4
100
AcDbText
  0
TEXT
  5
85C
330
17
100
AcDbEntity
  8
TEXTS
100
AcDbText
 10
488.98
 20
372.4
 30
0.0
 40
9.8
  1
8
100
AcDbText
  0
TEXT
  5
85D
330
17
100
AcDbEntity
  8
TEXTS
100
AcDbText
 10
493.62
 20
370.93
 30
0.0
 40
9.8
  1
D
100
AcDbText
  0
TEXT
  5
85E
330
17
100
AcDbEntity
  8
TEXTS
100
AcDbText
 10
498.26
 20
369.47
 30
0.0
 40
9.8
  1
/
100
AcDbText
  0
TEXT
  5
85F
330
17
100
AcDbEntity
  8
TEXTS
100
AcDbText
 10
502.89
 20
368.01
 30
0.0
 40
9.8
  1
6
100
AcDbText
  0
TEXT
  5
860
330
17
100
AcDbEntity
  8
TEXTS
100
AcDbText
 10
507.53
 20
366.54
 30
0.0
 40
9.8
  1
.
100
AcDbText
  0
TEXT
  5
861
330
17
100
AcDbEntity
  8
TEXTS
100
AcDbText
 10
512.17
 20
365.08
 30
0.0
 40
9.8
  1
3
100
AcDbText
  0
TEXT
  5
862
330
17
100
AcDbEntity
  8
TEXTS
100
AcDbText
 10
516.81
 20
363.62
 30
0.0
 40
9.8
  1
k
100
AcDbText
  0
TEXT
  5
863
330
17
100
AcDbEntity
  8
TEXTS
100
AcDbText
 10
521.45
 20
362.15
 30
0.0
 40
9.8
  1
m
100
AcDbText
  0
TEXT
  5
864
330
17
100
AcDbEntity
  8
TEXTS
100
AcDbText
 10
395.8
 20
327.19
 30
0.0
 40
7.51
  1
m
100
AcDbText
  0
TEXT
  5
865
330
17
100
AcDbEntity
  8
TEXTS
100
AcDbText
 10
393.51
 20
322.9
 30
0.0
 40
7.51
  1
k
100
AcDbText
  0
TEXT
  5
866
330
17
100
AcDbEntity
  8
TEXTS
100
AcDbText
 10
391.22
 20
318.6
 30
0.0
 40
7.51
  1
5
100
AcDbText
  0
TEXT
  5
867
330
17
100
AcDbEntity
  8
TEXTS
100
AcDbText
 10
388.94
 20
314.31
 30
0.0
 40
7.51
  1
4
100
AcDbText
  0
TEXT
  5
868
330
17
100
AcDbEntity
  8
TEXTS
100
AcDbText
 10
386.65
 20
310.02
 30
0.0
 40
7.51
  1
.
100
AcDbText
  0
TEXT
  5
869
330
17
100
AcDbEntity
  8
TEXTS
100
AcDbText
 10
384.36
 20
305.73
 30
0.0
 40
7.51
  1
0
100
AcDbText
  0
TEXT
  5
86A
330
17
100
AcDbEntity
  8
TEXTS
100
AcDbText
 10
382.07
 20
301.43
 30
0.0
 40
7.51
  1
3
100
AcDbText
  0
TEXT
  5
86B
330
17
100
AcDbEntity
  8
TEXTS
100
AcDbText
 10
379.78
 20
297.14
 30
0.0
 40
7.51
  1
/
100
AcDbText
  0
TEXT
  5
86C
330
17
100
AcDbEntity
  8
TEXTS
100
AcDbText
 10
377.5
 20
292.85
 30
0.0
 40
7.51
  1
D
100
AcDbText
  0
TEXT
  5
86D
330
17
100
AcDbEntity
  8
TEXTS
100
AcDbText
 10
375.21
 20
288.55
 30
0.0
 40
7.51
  1
4
100
AcDbText
  0
TEXT
  5
86E
330
17
100
AcDbEntity
  8
TEXTS
100
AcDbText
 10
372.92
 20
284.26
 30
0.0
 40
7.51
  1
2
100
AcDbText
  0
TEXT
  5
86F
330
17
100
AcDbEntity
  8
TEXTS
100
AcDbText
 10
370.63
 20
279.97
 30
0.0
 40
7.51
  1
/
100
AcDbText
  0
TEXT
  5
870
330
17
100
AcDbEntity
  8
TEXTS
100
AcDbText
 10
368.34
 20
275.67
 30
0.0
 40
7.51
  1
O
100
AcDbText
  0
TEXT
  5
871
330
17
100
AcDbEntity
  8
TEXTS
100
AcDbText
 10
454.04
 20
268.97
 30
0.0
 40
9.79
  1
m
100
AcDbText
  0
TEXT
  5
872
330
17
100
AcDbEntity
  8
TEXTS
100
AcDbText
 10
449.67
 20
266.82
 30
0.0
 40
9.79
  1
8
100
AcDbText
  0
TEXT
  5
873
330
17
100
AcDbEntity
  8
TEXTS
100
AcDbText
 10
445.31
 20
264.67
 30
0.0
 40
9.79
  1
6
100
AcDbText
  0
TEXT
  5
874
330
17
100
AcDbEntity
  8
TEXTS
100
AcDbText
 10
440.95
 20
262.51
 30
0.0
 40
9.79
  1
.
100
AcDbText
  0
TEXT
  5
875
330
17
100
AcDbEntity
  8
TEXTS
100
AcDbText
 10
436.59
 20
260.36
 30
0.0
 40
9.79
  1
4
100
AcDbText
  0
TEXT
  5
876
330
17
100
AcDbEntity
  8
TEXTS
100
AcDbText
 10
432.23
 20
258.2
 30
0.0
 40
9.79
  1
3
100
AcDbText
  0
TEXT
  5
877
330
17
100
AcDbEntity
  8
TEXTS
100
AcDbText
 10
427.87
 20
256.05
 30
0.0
 40
9.79
  1
/
100
AcDbText
  0
TEXT
  5
878
330
17
100
AcDbEntity
  8
TEXTS
100
AcDbText
 10
423.5
 20
253.9
 30
0.0
 40
9.79
  1
D
100
AcDbText
  0
TEXT
  5
879
330
17
100
AcDbEntity
  8
TEXTS
100
AcDbText
 10
419.14
 20
251.74
 30
0.0
 40
9.79
  1
8
100
AcDbText
  0
TEXT
  5
87A
330
17
100
AcDbEntity
  8
TEXTS
100
AcDbText
 10
414.78
 20
249.59
 30
0.0
 40
9.79
  1
4
100
AcDbText
  0
TEXT
  5
87B
330
17
100
AcDbEntity
  8
TEXTS
100
AcDbText
 10
410.42
 20
247.43
 30
0.0
 40
9.79
  1
/
100
AcDbText
  0
TEXT
  5
87C
330
17
100
AcDbEntity
  8
TEXTS
100
AcDbText
 10
406.06
 20
245.28
 30
0.0
 40
9.79
  1
O
100
AcDbText
  0
ENDSEC
  0
SECTION
  2
OBJECTS
  0
DICTIONARY
  5
A
330
0
100
AcDbDictionary
281
1
  3
ACAD_COLOR
350
B
  3
ACAD_GROUP
350
C
  3
ACAD_LAYOUT
350
D
  3
ACAD_MATERIAL
350
E
  3
ACAD_MLEADERSTYLE
350
F
  3
ACAD_MLINESTYLE
350
10
  3
ACAD_PLOTSETTINGS
350
11
  3
ACAD_PLOTSTYLENAME
350
12
  3
ACAD_SCALELIST
350
14
  3
ACAD_TABLESTYLE
350
15
  3
ACAD_VISUALSTYLE
350
16
  3
EZDXF_META
350
2D
  0
DICTIONARY
  5
B
330
A
100
AcDbDictionary
281
1
  0
DICTIONARY
  5
C
330
A
100
AcDbDictionary
281
1
  0
DICTIONARY
  5
D
330
A
100
AcDbDictionary
281
1
  3
Model
350
1A
  3
Layout1
350
1E
  0
DICTIONARY
  5
E
330
A
100
AcDbDictionary
281
1
  3
ByBlock
350
1F
  3
ByLayer
350
20
  3
Global
350
21
  0
DICTIONARY
  5
F
330
A
100
AcDbDictionary
281
1
  3
Standard
350
2C
  0
DICTIONARY
  5
10
330
A
100
AcDbDictionary
281
1
  3
Standard
350
22
  0
DICTIONARY
  5
11
330
A
100
AcDbDictionary
281
1
  0
ACDBDICTIONARYWDFLT
  5
12
330
A
100
AcDbDictionary
281
1
  3
Normal
350
13
100
AcDbDictionaryWithDefault
340
13
  0
ACDBPLACEHOLDER
  5
13
330
12
  0
DICTIONARY
  5
14
330
A
100
AcDbDictionary
281
1
  0
DICTIONARY
  5
15
330
A
100
AcDbDictionary
281
1
  0
DICTIONARY
  5
16
330
A
100
AcDbDictionary
281
1
  0
LAYOUT
  5
1A
330
D
100
AcDbPlotSettings
  1

  4
A3
  6

 40
7.5
 41
20.0
 42
7.5
 43
20.0
 44
420.0
 45
297.0
 46
0.0
 47
0.0
 48
0.0
 49
0.0
140
0.0
141
0.0
142
1.0
143
1.0
 70
1024
 72
1
 73
0
 74
5
  7

 75
16
 76
0
 77
2
 78
300
147
1.0
148
0.0
149
0.0
100
AcDbLayout
  1
Model
 70
1
 71
0
 10
0.0
 20
0.0
 11
420.0
 21
297.0
 12
0.0
 22
0.0
 32
0.0
 14
1e+20
 24
1e+20
 34
1e+20
 15
-1e+20
 25
-1e+20
 35
-1e+20
146
0.0
 13
0.0
 23
0.0
 33
0.0
 16
1.0
 26
0.0
 36
0.0
 17
0.0
 27
1.0
 37
0.0
 76
1
330
17
  0
LAYOUT
  5
1E
330
D
100
AcDbPlotSettings
  1

  4
A3
  6

 40
7.5
 41
20.0
 42
7.5
 43
20.0
 44
420.0
 45
297.0
 46
0.0
 47
0.0
 48
0.0
 49
0.0
140
0.0
141
0.0
142
1.0
143
1.0
 70
0
 72
1
 73
0
 74
5
  7

 75
16
 76
0
 77
2
 78
300
147
1.0
148
0.0
149
0.0
100
AcDbLayout
  1
Layout1
 70
1
 71
1
 10
0.0
 20
0.0
 11
420.0
 21
297.0
 12
0.0
 22
0.0
 32
0.0
 14
1e+20
 24
1e+20
 34
1e+20
 15
-1e+20
 25
-1e+20
 35
-1e+20
146
0.0
 13
0.0
 23
0.0
 33
0.0
 16
1.0
 26
0.0
 36
0.0
 17
0.0
 27
1.0
 37
0.0
 76
1
330
1B
  0
MATERIAL
  5
1F
102
{ACAD_REACTORS
330
E
102
}
330
E
100
AcDbMaterial
  1
ByBlock
  2

 70
0
 40
1.0
 71
1
 41
1.0
 91
-1023410177
 42
1.0
 72
1
  3

 73
1
 74
1
 75
1
 44
0.5
 73
0
 45
1.0
 46
1.0
 77
1
  4

 78
1
 79
1
170
1
 48
1.0
171
1
  6

172
1
173
1
174
1
140
1.0
141
1.0
175
1
  7

176
1
177
1
178
1
143
1.0
179
1
  8

270
1
271
1
272
1
145
1.0
146
1.0
273
1
  9

274
1
275
1
276
1
 42
1.0
 72
1
  3

 73
1
 74
1
 75
1
 94
63
  0
MATERIAL
  5
20
102
{ACAD_REACTORS
330
E
102
}
330
E
100
AcDbMaterial
  1
ByLayer
  2

 70
0
 40
1.0
 71
1
 41
1.0
 91
-1023410177
 42
1.0
 72
1
  3

 73
1
 74
1
 75
1
 44
0.5
 73
0
 45
1.0
 46
1.0
 77
1
  4

 78
1
 79
1
170
1
 48
1.0
171
1
  6

172
1
173
1
174
1
140
1.0
141
1.0
175
1
  7

176
1
177
1
178
1
143
1.0
179
1
  8

270
1
271
1
272
1
145
1.0
146
1.0
273
1
  9

274
1
275
1
276
1
 42
1.0
 72
1
  3

 73
1
 74
1
 75
1
 94
63
  0
MATERIAL
  5
21
102
{ACAD_REACTORS
330
E
102
}
330
E
100
AcDbMaterial
  1
Global
  2

 70
0
 40
1.0
 71
1
 41
1.0
 91
-1023410177
 42
1.0
 72
1
  3

 73
1
 74
1
 75
1
 44
0.5
 73
0
 45
1.0
 46
1.0
 77
1
  4

 78
1
 79
1
170
1
 48
1.0
171
1
  6

172
1
173
1
174
1
140
1.0
141
1.0
175
1
  7

176
1
177
1
178
1
143
1.0
179
1
  8

270
1
271
1
272
1
145
1.0
146
1.0
273
1
  9

274
1
275
1
276
1
 42
1.0
 72
1
  3

 73
1
 74
1
 75
1
 94
63
  0
MLINESTYLE
  5
22
102
{ACAD_REACTORS
330
10
102
}
330
10
100
AcDbMlineStyle
  2
Standard
 70
0
  3

 62
256
 51
90.0
 52
90.0
 71
2
 49
0.5
 62
256
  6
BYLAYER
 49
-0.5
 62
256
  6
BYLAYER
  0
MLEADERSTYLE
  5
2C
102
{ACAD_REACTORS
330
F
102
}
330
F
100
AcDbMLeaderStyle
179
2
170
2
171
1
172
0
 90
2
 40
0.0
 41
0.0
173
1
 91
-1056964608
 92
-2
290
1
 42
2.0
291
1
 43
8.0
  3
Standard
 44
4.0
300

342
29
174
1
175
1
176
0
178
1
 93
-1056964608
 45
4.0
292
0
297
0
 46
4.0
 94
-1056964608
 47
1.0
 49
1.0
140
1.0
294
1
141
0.0
177
0
142
1.0
295
0
296
0
143
3.75
271
0
272
9
273
9
  0
DICTIONARY
  5
2D
330
A
100
AcDbDictionary
280
1
281
1
  3
CREATED_BY_EZDXF
350
2E
  3
WRITTEN_BY_EZDXF
350
87F
  0
DICTIONARYVAR
  5
2E
330
2D
100
DictionaryVariables
280
0
  1
1.4.4 @ 2026-09-03T14:13:45.672904+00:00
  0
DICTIONARYVAR
  5
87F
330
2D
100
DictionaryVariables
280
0
  1
1.4.4 @ 2026-09-03T14:13:46.410980+00:00
  0
ENDSEC
  0
EOF
