  0
SECTION
  2
HEADER
  9
$ACADVER
  1
AC1024
  9
$ACADMAINTVER
 70
6
  9
$DWGCODEPAGE
  3
ANSI_1252
  9
$LASTSAVEDBY
  1
ezdxf
  9
$INSBASE
 10
0.0
 20
0.0
 30
0.0
  9
$EXTMIN
 10
1e+20
 20
1e+20
 30
1e+20
  9
$EXTMAX
 10
-1e+20
 20
-1e+20
 30
-1e+20
  9
$LIMMIN
 10
0.0
 20
0.0
  9
$LIMMAX
 10
420.0
 20
297.0
  9
$ORTHOMODE
 70
0
  9
$REGENMODE
 70
1
  9
$FILLMODE
 70
1
  9
$QTEXTMODE
 70
0
  9
$MIRRTEXT
 70
1
  9
$LTSCALE
 40
1.0
  9
$ATTMODE
 70
1
  9
$TEXTSIZE
 40
2.5
  9
$TRACEWID
 40
1.0
  9
$TEXTSTYLE
  7
Standard
  9
$CLAYER
  8
0
  9
$CELTYPE
  6
ByLayer
  9
$CECOLOR
 62
256
  9
$CELTSCALE
 40
1.0
  9
$DISPSILH
 70
0
  9
$DIMSCALE
 40
1.0
  9
$DIMASZ
 40
2.5
  9
$DIMEXO
 40
0.625
  9
$DIMDLI
 40
3.75
  9
$DIMRND
 40
0.0
  9
$DIMDLE
 40
0.0
  9
$DIMEXE
 40
1.25
  9
$DIMTP
 40
0.0
  9
$DIMTM
 40
0.0
  9
$DIMTXT
 40
2.5
  9
$DIMCEN
 40
2.5
  9
$DIMTSZ
 40
0.0
  9
$DIMTOL
 70
0
  9
$DIMLIM
 70
0
  9
$DIMTIH
 70
0
  9
$DIMTOH
 70
0
  9
$DIMSE1
 70
0
  9
$DIMSE2
 70
0
  9
$DIMTAD
 70
1
  9
$DIMZIN
 70
8
  9
$DIMBLK
  1

  9
$DIMASO
 70
1
  9
$DIMSHO
 70
1
  9
$DIMPOST
  1

  9
$DIMAPOST
  1

  9
$DIMALT
 70
0
  9
$DIMALTD
 70
3
  9
$DIMALTF
 40
0.03937007874
  9
$DIMLFAC
 40
1.0
  9
$DIMTOFL
 70
1
  9
$DIMTVP
 40
0.0
  9
$DIMTIX
 70
0
  9
$DIMSOXD
 70
0
  9
$DIMSAH
 70
0
  9
$DIMBLK1
  1

  9
$DIMBLK2
  1

  9
$DIMSTYLE
  2
ISO-25
  9
$DIMCLRD
 70
0
  9
$DIMCLRE
 70
0
  9
$DIMCLRT
 70
0
  9
$DIMTFAC
 40
1.0
  9
$DIMGAP
 40
0.625
  9
$DIMJUST
 70
0
  9
$DIMSD1
 70
0
  9
$DIMSD2
 70
0
  9
$DIMTOLJ
 70
0
  9
$DIMTZIN
 70
8
  9
$DIMALTZ
 70
0
  9
$DIMALTTZ
 70
0
  9
$DIMUPT
 70
0
  9
$DIMDEC
 70
2
  9
$DIMTDEC
 70
2
  9
$DIMALTU
 70
2
  9
$DIMALTTD
 70
3
  9
$DIMTXSTY
  7
Standard
  9
$DIMAUNIT
 70
0
  9
$DIMADEC
 70
0
  9
$DIMALTRND
 40
0.0
  9
$DIMAZIN
 70
0
  9
$DIMDSEP
 70
44
  9
$DIMATFIT
 70
3
  9
$DIMFRAC
 70
0
  9
$DIMLDRBLK
  1

  9
$DIMLUNIT
 70
2
  9
$DIMLWD
 70
-2
  9
$DIMLWE
 70
-2
  9
$DIMTMOVE
 70
0
  9
$DIMFXL
 40
1.0
  9
$DIMFXLON
 70
0
  9
$DIMJOGANG
 40
0.785398163397
  9
$DIMTFILL
 70
0
  9
$DIMTFILLCLR
 70
0
  9
$DIMARCSYM
 70
0
  9
$DIMLTYPE
  6

  9
$DIMLTEX1
  6

  9
$DIMLTEX2
  6

  9
$DIMTXTDIRECTION
 70
0
  9
$LUNITS
 70
2
  9
$LUPREC
 70
4
  9
$SKETCHINC
 40
1.0
  9
$FILLETRAD
 40
10.0
  9
$AUNITS
 70
0
  9
$AUPREC
 70
2
  9
$MENU
  1
.
  9
$ELEVATION
 40
0.0
  9
$PELEVATION
 40
0.0
  9
$THICKNESS
 40
0.0
  9
$LIMCHECK
 70
0
  9
$CHAMFERA
 40
0.0
  9
$CHAMFERB
 40
0.0
  9
$CHAMFERC
 40
0.0
  9
$CHAMFERD
 40
0.0
  9
$SKPOLY
 70
0
  9
$TDCREATE
 40
2461268.960347222
  9
$TDUCREATE
 40
2458532.153996898
  9
$TDUPDATE
 40
2461268.960358796
  9
$TDUUPDATE
 40
2458532.1544311
  9
$TDINDWG
 40
0.0
  9
$TDUSRTIMER
 40
0.0
  9
$USRTIMER
 70
1
  9
$ANGBASE
 50
0.0
  9
$ANGDIR
 70
0
  9
$PDMODE
 70
0
  9
$PDSIZE
 40
0.0
  9
$PLINEWID
 40
0.0
  9
$SPLFRAME
 70
0
  9
$SPLINETYPE
 70
6
  9
$SPLINESEGS
 70
8
  9
$HANDSEED
  5
8FB
  9
$SURFTAB1
 70
6
  9
$SURFTAB2
 70
6
  9
$SURFTYPE
 70
6
  9
$SURFU
 70
6
  9
$SURFV
 70
6
  9
$UCSBASE
  2

  9
$UCSNAME
  2

  9
$UCSORG
 10
0.0
 20
0.0
 30
0.0
  9
$UCSXDIR
 10
1.0
 20
0.0
 30
0.0
  9
$UCSYDIR
 10
0.0
 20
1.0
 30
0.0
  9
$UCSORTHOREF
  2

  9
$UCSORTHOVIEW
 70
0
  9
$UCSORGTOP
 10
0.0
 20
0.0
 30
0.0
  9
$UCSORGBOTTOM
 10
0.0
 20
0.0
 30
0.0
  9
$UCSORGLEFT
 10
0.0
 20
0.0
 30
0.0
  9
$UCSORGRIGHT
 10
0.0
 20
0.0
 30
0.0
  9
$UCSORGFRONT
 10
0.0
 20
0.0
 30
0.0
  9
$UCSORGBACK
 10
0.0
 20
0.0
 30
0.0
  9
$PUCSBASE
  2

  9
$PUCSNAME
  2

  9
$PUCSORG
 10
0.0
 20
0.0
 30
0.0
  9
$PUCSXDIR
 10
1.0
 20
0.0
 30
0.0
  9
$PUCSYDIR
 10
0.0
 20
1.0
 30
0.0
  9
$PUCSORTHOREF
  2

  9
$PUCSORTHOVIEW
 70
0
  9
$PUCSORGTOP
 10
0.0
 20
0.0
 30
0.0
  9
$PUCSORGBOTTOM
 10
0.0
 20
0.0
 30
0.0
  9
$PUCSORGLEFT
 10
0.0
 20
0.0
 30
0.0
  9
$PUCSORGRIGHT
 10
0.0
 20
0.0
 30
0.0
  9
$PUCSORGFRONT
 10
0.0
 20
0.0
 30
0.0
  9
$PUCSORGBACK
 10
0.0
 20
0.0
 30
0.0
  9
$USERI1
 70
0
  9
$USERI2
 70
0
  9
$USERI3
 70
0
  9
$USERI4
 70
0
  9
$USERI5
 70
0
  9
$USERR1
 40
0.0
  9
$USERR2
 40
0.0
  9
$USERR3
 40
0.0
  9
$USERR4
 40
0.0
  9
$USERR5
 40
0.0
  9
$WORLDVIEW
 70
1
  9
$SHADEDGE
 70
3
  9
$SHADEDIF
 70
70
  9
$TILEMODE
 70
1
  9
$MAXACTVP
 70
64
  9
$PINSBASE
 10
0.0
 20
0.0
 30
0.0
  9
$PLIMCHECK
 70
0
  9
$PEXTMIN
 10
1e+20
 20
1e+20
 30
1e+20
  9
$PEXTMAX
 10
-1e+20
 20
-1e+20
 30
-1e+20
  9
$PLIMMIN
 10
0.0
 20
0.0
  9
$PLIMMAX
 10
420.0
 20
297.0
  9
$UNITMODE
 70
0
  9
$VISRETAIN
 70
1
  9
$PLINEGEN
 70
0
  9
$PSLTSCALE
 70
1
  9
$TREEDEPTH
 70
3020
  9
$CMLSTYLE
  2
Standard
  9
$CMLJUST
 70
0
  9
$CMLSCALE
 40
20.0
  9
$PROXYGRAPHICS
 70
1
  9
$MEASUREMENT
 70
1
  9
$CELWEIGHT
370
-1
  9
$ENDCAPS
280
0
  9
$JOINSTYLE
280
0
  9
$LWDISPLAY
290
0
  9
$INSUNITS
 70
6
  9
$HYPERLINKBASE
  1

  9
$STYLESHEET
  1

  9
$XEDIT
290
1
  9
$CEPSNTYPE
380
0
  9
$PSTYLEMODE
290
1
  9
$FINGERPRINTGUID
  2
{4E8B3E91-97B4-4768-95A8-285CF84231DB}
  9
$VERSIONGUID
  2
{06D5F89E-8F37-4104-AD53-88D0F8C47E4A}
  9
$EXTNAMES
290
1
  9
$PSVPSCALE
 40
0.0
  9
$OLESTARTUP
290
0
  9
$SORTENTS
280
127
  9
$INDEXCTL
280
0
  9
$HIDETEXT
280
1
  9
$XCLIPFRAME
280
1
  9
$HALOGAP
280
0
  9
$OBSCOLOR
 70
257
  9
$OBSLTYPE
280
0
  9
$INTERSECTIONDISPLAY
280
0
  9
$INTERSECTIONCOLOR
 70
257
  9
$DIMASSOC
280
2
  9
$PROJECTNAME
  1

  9
$CAMERADISPLAY
290
0
  9
$LENSLENGTH
 40
50.0
  9
$CAMERAHEIGHT
 40
0.0
  9
$STEPSPERSEC
 40
24.0
  9
$STEPSIZE
 40
100.0
  9
$3DDWFPREC
 40
2.0
  9
$PSOLWIDTH
 40
0.005
  9
$PSOLHEIGHT
 40
0.08
  9
$LOFTANG1
 40
1.570796326795
  9
$LOFTANG2
 40
1.570796326795
  9
$LOFTMAG1
 40
0.0
  9
$LOFTMAG2
 40
0.0
  9
$LOFTPARAM
 70
7
  9
$LOFTNORMALS
280
1
  9
$LATITUDE
 40
37.795
  9
$LONGITUDE
 40
-122.394
  9
$NORTHDIRECTION
 40
0.0
  9
$TIMEZONE
 70
-8000
  9
$LIGHTGLYPHDISPLAY
280
1
  9
$TILEMODELIGHTSYNCH
280
1
  9
$CMATERIAL
347
20
  9
$SOLIDHIST
280
0
  9
$SHOWHIST
280
1
  9
$DWFFRAME
280
2
  9
$DGNFRAME
280
2
  9
$REALWORLDSCALE
290
1
  9
$INTERFERECOLOR
 62
256
  9
$CSHADOW
280
0
  9
$SHADOWPLANELOCATION
 40
0.0
  0
ENDSEC
  0
SECTION
  2
CLASSES
  0
CLASS
  1
ACDBDICTIONARYWDFLT
  2
AcDbDictionaryWithDefault
  3
ObjectDBX Classes
 90
0
 91
0
280
0
281
0
  0
CLASS
  1
SUN
  2
AcDbSun
  3
SCENEOE
 90
1153
 91
0
280
0
281
0
  0
CLASS
  1
VISUALSTYLE
  2
AcDbVisualStyle
  3
ObjectDBX Classes
 90
4095
 91
0
280
0
281
0
  0
CLASS
  1
MATERIAL
  2
AcDbMaterial
  3
ObjectDBX Classes
 90
1153
 91
0
280
0
281
0
  0
CLASS
  1
SCALE
  2
AcDbScale
  3
ObjectDBX Classes
 90
1153
 91
0
280
0
281
0
  0
CLASS
  1
TABLESTYLE
  2
AcDbTableStyle
  3
ObjectDBX Classes
 90
4095
 91
0
280
0
281
0
  0
CLASS
  1
MLEADERSTYLE
  2
AcDbMLeaderStyle
  3
ACDB_MLEADERSTYLE_CLASS
 90
4095
 91
0
280
0
281
0
  0
CLASS
  1
DICTIONARYVAR
  2
AcDbDictionaryVar
  3
ObjectDBX Classes
 90
0
 91
0
280
0
281
0
  0
CLASS
  1
CELLSTYLEMAP
  2
AcDbCellStyleMap
  3
ObjectDBX Classes
 90
1152
 91
0
280
0
281
0
  0
CLASS
  1
MENTALRAYRENDERSETTINGS
  2
AcDbMentalRayRenderSettings
  3
SCENEOE
 90
1024
 91
0
280
0
281
0
  0
CLASS
  1
ACDBDETAILVIEWSTYLE
  2
AcDbDetailViewStyle
  3
ObjectDBX Classes
 90
1025
 91
0
280
0
281
0
  0
CLASS
  1
ACDBSECTIONVIEWSTYLE
  2
AcDbSectionViewStyle
  3
ObjectDBX Classes
 90
1025
 91
0
280
0
281
0
  0
CLASS
  1
RASTERVARIABLES
  2
AcDbRasterVariables
  3
ISM
 90
0
 91
0
280
0
281
0
  0
CLASS
  1
ACDBPLACEHOLDER
  2
AcDbPlaceHolder
  3
ObjectDBX Classes
 90
0
 91
0
280
0
281
0
  0
CLASS
  1
LAYOUT
  2
AcDbLayout
  3
ObjectDBX Classes
 90
0
 91
0
280
0
281
0
  0
ENDSEC
  0
SECTION
  2
TABLES
  0
TABLE
  2
VPORT
  5
8
330
0
100
AcDbSymbolTable
 70
1
  0
VPORT
  5
23
330
8
100
AcDbSymbolTableRecord
100
AcDbViewportTableRecord
  2
*Active
 70
0
 10
0.0
 20
0.0
 11
1.0
 21
1.0
 12
0.0
 22
0.0
 13
0.0
 23
0.0
 14
0.5
 24
0.5
 15
0.5
 25
0.5
 16
0.0
 26
0.0
 36
1.0
 17
0.0
 27
0.0
 37
0.0
 40
1000.0
 41
1.34
 42
50.0
 43
0.0
 44
0.0
 50
0.0
 51
0.0
 71
0
 72
1000
 73
1
 74
3
 75
0
 76
0
 77
0
 78
0
281
0
 65
0
146
0.0
  0
ENDTAB
  0
TABLE
  2
LTYPE
  5
2
330
0
100
AcDbSymbolTable
 70
3
  0
LTYPE
  5
24
330
2
100
AcDbSymbolTableRecord
100
AcDbLinetypeTableRecord
  2
ByBlock
 70
0
  3

 72
65
 73
0
 40
0.0
  0
LTYPE
  5
25
330
2
100
AcDbSymbolTableRecord
100
AcDbLinetypeTableRecord
  2
ByLayer
 70
0
  3

 72
65
 73
0
 40
0.0
  0
LTYPE
  5
26
330
2
100
AcDbSymbolTableRecord
100
AcDbLinetypeTableRecord
  2
Continuous
 70
0
  3

 72
65
 73
0
 40
0.0
  0
ENDTAB
  0
TABLE
  2
LAYER
  5
1
330
0
100
AcDbSymbolTable
 70
6
  0
LAYER
  5
27
330
1
100
AcDbSymbolTableRecord
100
AcDbLayerTableRecord
  2
0
 70
0
 62
7
  6
Continuous
370
-3
390
13
347
21
  0
LAYER
  5
28
330
1
100
AcDbSymbolTableRecord
100
AcDbLayerTableRecord
  2
Defpoints
 70
0
 62
7
  6
Continuous
290
0
370
-3
390
13
347
21
  0
LAYER
  5
2F
330
1
100
AcDbSymbolTableRecord
100
AcDbLayerTableRecord
  2
LINES
 70
0
 62
7
  6
Continuous
370
-3
390
13
347
21
  0
LAYER
  5
30
330
1
100
AcDbSymbolTableRecord
100
AcDbLayerTableRecord
  2
RECTS
 70
0
 62
7
  6
Continuous
370
-3
390
13
347
21
  0
LAYER
  5
31
330
1
100
AcDbSymbolTableRecord
100
AcDbLayerTableRecord
  2
TEXTS
 70
0
 62
3
  6
Continuous
370
-3
390
13
347
21
  0
LAYER
  5
32
330
1
100
AcDbSymbolTableRecord
100
AcDbLayerTableRecord
  2
POLYLINES
 70
0
 62
4
  6
Continuous
370
-3
390
13
347
21
  0
ENDTAB
  0
TABLE
  2
STYLE
  5
5
330
0
100
AcDbSymbolTable
 70
1
  0
STYLE
  5
29
330
5
100
AcDbSymbolTableRecord
100
AcDbTextStyleTableRecord
  2
Standard
 70
0
 40
0.0
 41
1.0
 50
0.0
 71
0
 42
2.5
  3
txt
  4

  0
ENDTAB
  0
TABLE
  2
VIEW
  5
7
330
0
100
AcDbSymbolTable
 70
0
  0
ENDTAB
  0
TABLE
  2
UCS
  5
6
330
0
100
AcDbSymbolTable
 70
0
  0
ENDTAB
  0
TABLE
  2
APPID
  5
3
330
0
100
AcDbSymbolTable
 70
3
  0
APPID
  5
2A
330
3
100
AcDbSymbolTableRecord
100
AcDbRegAppTableRecord
  2
ACAD
 70
0
  0
APPID
  5
8F8
330
3
100
AcDbSymbolTableRecord
100
AcDbRegAppTableRecord
  2
HATCHBACKGROUNDCOLOR
 70
0
  0
APPID
  5
8F9
330
3
100
AcDbSymbolTableRecord
100
AcDbRegAppTableRecord
  2
EZDXF
 70
0
  0
ENDTAB
  0
TABLE
  2
DIMSTYLE
  5
4
330
0
100
AcDbSymbolTable
 70
1
100
AcDbDimStyleTable
  0
DIMSTYLE
105
2B
330
4
100
AcDbSymbolTableRecord
100
AcDbDimStyleTableRecord
  2
Standard
 70
0
 40
1.0
 41
2.5
 42
0.625
 43
3.75
 44
1.25
 45
0.0
 46
0.0
 47
0.0
 48
0.0
 49
2.5
140
2.5
141
2.5
142
0.0
143
0.03937007874
144
1.0
145
0.0
146
1.0
147
0.625
148
0.0
 69
0
 70
0
 71
0
 72
0
 73
0
 74
0
 75
0
 76
0
 77
1
 78
8
 79
3
170
0
171
3
172
1
173
0
174
0
175
0
176
0
177
0
178
0
179
2
271
2
272
2
273
2
274
3
275
0
276
0
277
2
278
44
279
0
280
0
281
0
282
0
283
0
284
8
285
0
286
0
288
0
289
3
290
0
371
-2
372
-2
  0
ENDTAB
  0
TABLE
  2
BLOCK_RECORD
  5
9
330
0
100
AcDbSymbolTable
 70
2
  0
BLOCK_RECORD
  5
17
330
9
100
AcDbSymbolTableRecord
100
AcDbBlockTableRecord
  2
*Model_Space
340
1A
 70
0
280
1
281
0
  0
BLOCK_RECORD
  5
1B
330
9
100
AcDbSymbolTableRecord
100
AcDbBlockTableRecord
  2
*Paper_Space
340
1E
 70
0
280
1
281
0
  0
ENDTAB
  0
ENDSEC
  0
SECTION
  2
BLOCKS
  0
BLOCK
  5
18
330
17
100
AcDbEntity
  8
0
100
AcDbBlockBegin
  2
*Model_Space
 70
0
 10
0.0
 20
0.0
 30
0.0
  3
*Model_Space
  1

  0
ENDBLK
  5
19
330
17
100
AcDbEntity
  8
0
100
AcDbBlockEnd
  0
BLOCK
  5
1C
330
1B
100
AcDbEntity
  8
0
100
AcDbBlockBegin
  2
*Paper_Space
 70
0
 10
0.0
 20
0.0
 30
0.0
  3
*Paper_Space
  1

  0
ENDBLK
  5
1D
330
1B
100
AcDbEntity
  8
0
100
AcDbBlockEnd
  0
ENDSEC
  0
SECTION
  2
ENTITIES
  0
LINE
  5
33
330
17
100
AcDbEntity
  8
LINES
100
AcDbLine
 10
883.578
 20
251.712
 30
0.0
 11
885.018
 21
251.712
 31
0.0
  0
LINE
  5
34
330
17
100
AcDbEntity
  8
LINES
100
AcDbLine
 10
883.578
 20
260.20799999999997
 30
0.0
 11
885.018
 21
260.20799999999997
 31
0.0
  0
LINE
  5
35
330
17
100
AcDbEntity
  8
LINES
100
AcDbLine
 10
883.578
 20
268.84799999999996
 30
0.0
 11
885.018
 21
268.84799999999996
 31
0.0
  0
LINE
  5
36
330
17
100
AcDbEntity
  8
LINES
100
AcDbLine
 10
883.578
 20
277.34400000000005
 30
0.0
 11
885.018
 21
277.34400000000005
 31
0.0
  0
LINE
  5
37
330
17
100
AcDbEntity
  8
LINES
100
AcDbLine
 10
883.578
 20
285.8399999999999
 30
0.0
 11
885.018
 21
285.8399999999999
 31
0.0
  0
LINE
  5
38
330
17
100
AcDbEntity
  8
LINES
100
AcDbLine
 10
883.578
 20
294.336
 30
0.0
 11
885.018
 21
294.336
 31
0.0
  0
LINE
  5
39
330
17
100
AcDbEntity
  8
LINES
100
AcDbLine
 10
883.578
 20
302.832
 30
0.0
 11
885.018
 21
302.832
 31
0.0
  0
LINE
  5
3A
330
17
100
AcDbEntity
  8
LINES
100
AcDbLine
 10
162.71399999999994
 20
133.48800000000006
 30
0.0
 11
206.058
 21
133.48800000000006
 31
0.0
  0
LINE
  5
3B
330
17
100
AcDbEntity
  8
LINES
100
AcDbLine
 10
95.75400000000013
 20
64.51199999999994
 30
0.0
 11
97.76999999999998
 21
64.51199999999994
 31
0.0
  0
LINE
  5
3C
330
17
100
AcDbEntity
  8
LINES
100
AcDbLine
 10
99.49800000000005
 20
64.51199999999994
 30
0.0
 11
103.09799999999996
 21
64.51199999999994
 31
0.0
  0
LINE
  5
3D
330
17
100
AcDbEntity
  8
LINES
100
AcDbLine
 10
104.82600000000002
 20
64.51199999999994
 30
0.0
 11
106.8420000000001
 21
64.51199999999994
 31
0.0
  0
LINE
  5
3E
330
17
100
AcDbEntity
  8
LINES
100
AcDbLine
 10
106.8420000000001
 20
64.51199999999994
 30
0.0
 11
106.8420000000001
 21
62.351999999999975
 31
0.0
  0
LINE
  5
3F
330
17
100
AcDbEntity
  8
LINES
100
AcDbLine
 10
106.8420000000001
 20
60.624000000000024
 30
0.0
 11
106.8420000000001
 21
57.024
 31
0.0
  0
LINE
  5
40
330
17
100
AcDbEntity
  8
LINES
100
AcDbLine
 10
106.8420000000001
 20
55.29600000000005
 30
0.0
 11
106.8420000000001
 21
53.27999999999997
 31
0.0
  0
LINE
  5
41
330
17
100
AcDbEntity
  8
LINES
100
AcDbLine
 10
106.8420000000001
 20
53.27999999999997
 30
0.0
 11
104.82600000000002
 21
53.27999999999997
 31
0.0
  0
LINE
  5
42
330
17
100
AcDbEntity
  8
LINES
100
AcDbLine
 10
103.09799999999996
 20
53.27999999999997
 30
0.0
 11
99.49800000000005
 21
53.27999999999997
 31
0.0
  0
LINE
  5
43
330
17
100
AcDbEntity
  8
LINES
100
AcDbLine
 10
97.76999999999998
 20
53.27999999999997
 30
0.0
 11
95.75400000000013
 21
53.27999999999997
 31
0.0
  0
LINE
  5
44
330
17
100
AcDbEntity
  8
LINES
100
AcDbLine
 10
95.75400000000013
 20
53.27999999999997
 30
0.0
 11
95.75400000000013
 21
55.29600000000005
 31
0.0
  0
LINE
  5
45
330
17
100
AcDbEntity
  8
LINES
100
AcDbLine
 10
95.75400000000013
 20
57.024
 30
0.0
 11
95.75400000000013
 21
60.624000000000024
 31
0.0
  0
LINE
  5
46
330
17
100
AcDbEntity
  8
LINES
100
AcDbLine
 10
95.75400000000013
 20
62.351999999999975
 30
0.0
 11
95.75400000000013
 21
64.51199999999994
 31
0.0
  0
LINE
  5
47
330
17
100
AcDbEntity
  8
LINES
100
AcDbLine
 10
95.32200000000012
 20
103.39200000000005
 30
0.0
 11
106.55400000000009
 21
92.15999999999997
 31
0.0
  0
LINE
  5
48
330
17
100
AcDbEntity
  8
LINES
100
AcDbLine
 10
106.55400000000009
 20
103.39200000000005
 30
0.0
 11
95.32200000000012
 21
92.15999999999997
 31
0.0
  0
LINE
  5
49
330
17
100
AcDbEntity
  8
LINES
100
AcDbLine
 10
296.922
 20
165.74400000000003
 30
0.0
 11
297.92999999999995
 21
168.048
 31
0.0
  0
LINE
  5
4A
330
17
100
AcDbEntity
  8
LINES
100
AcDbLine
 10
296.778
 20
174.52800000000002
 30
0.0
 11
297.49800000000005
 21
172.65599999999995
 31
0.0
  0
LINE
  5
4B
330
17
100
AcDbEntity
  8
LINES
100
AcDbLine
 10
297.21000000000004
 20
171.50400000000002
 30
0.0
 11
297.06600000000003
 21
166.03199999999993
 31
0.0
  0
LINE
  5
4C
330
17
100
AcDbEntity
  8
LINES
100
AcDbLine
 10
296.058
 20
170.784
 30
0.0
 11
297.21000000000004
 21
171.216
 31
0.0
  0
LINE
  5
4D
330
17
100
AcDbEntity
  8
LINES
100
AcDbLine
 10
298.506
 20
175.24800000000005
 30
0.0
 11
299.082
 21
172.94399999999996
 31
0.0
  0
LINE
  5
4E
330
17
100
AcDbEntity
  8
LINES
100
AcDbLine
 10
300.52200000000005
 20
175.53599999999994
 30
0.0
 11
299.802
 21
172.65599999999995
 31
0.0
  0
LINE
  5
4F
330
17
100
AcDbEntity
  8
LINES
100
AcDbLine
 10
298.506
 20
173.08799999999997
 30
0.0
 11
298.506
 21
169.34400000000005
 31
0.0
  0
LINE
  5
50
330
17
100
AcDbEntity
  8
LINES
100
AcDbLine
 10
298.506
 20
172.36799999999994
 30
0.0
 11
300.66600000000005
 21
172.65599999999995
 31
0.0
  0
LINE
  5
51
330
17
100
AcDbEntity
  8
LINES
100
AcDbLine
 10
298.506
 20
170.06399999999996
 30
0.0
 11
300.52200000000005
 21
170.35199999999998
 31
0.0
  0
LINE
  5
52
330
17
100
AcDbEntity
  8
LINES
100
AcDbLine
 10
299.946
 20
170.06399999999996
 30
0.0
 11
299.946
 21
166.17599999999993
 31
0.0
  0
LINE
  5
53
330
17
100
AcDbEntity
  8
LINES
100
AcDbLine
 10
300.23400000000004
 20
165.45600000000002
 30
0.0
 11
301.53
 21
165.45600000000002
 31
0.0
  0
LINE
  5
54
330
17
100
AcDbEntity
  8
LINES
100
AcDbLine
 10
299.082
 20
170.06399999999996
 30
0.0
 11
298.794
 21
168.048
 31
0.0
  0
LINE
  5
55
330
17
100
AcDbEntity
  8
LINES
100
AcDbLine
 10
299.082
 20
170.06399999999996
 30
0.0
 11
298.794
 21
167.32799999999997
 31
0.0
  0
LINE
  5
56
330
17
100
AcDbEntity
  8
LINES
100
AcDbLine
 10
300.66600000000005
 20
172.79999999999995
 30
0.0
 11
300.37800000000004
 21
170.35199999999998
 31
0.0
  0
LINE
  5
57
330
17
100
AcDbEntity
  8
LINES
100
AcDbLine
 10
298.794
 20
167.32799999999997
 30
0.0
 11
297.49800000000005
 21
164.88
 31
0.0
  0
LINE
  5
58
330
17
100
AcDbEntity
  8
LINES
100
AcDbLine
 10
302.682
 20
174.52800000000002
 30
0.0
 11
302.682
 21
167.47199999999998
 31
0.0
  0
LINE
  5
59
330
17
100
AcDbEntity
  8
LINES
100
AcDbLine
 10
305.13
 20
174.52800000000002
 30
0.0
 11
306.71400000000006
 21
174.81600000000003
 31
0.0
  0
LINE
  5
5A
330
17
100
AcDbEntity
  8
LINES
100
AcDbLine
 10
304.842
 20
169.77599999999995
 30
0.0
 11
306.42600000000004
 21
170.06399999999996
 31
0.0
  0
LINE
  5
5B
330
17
100
AcDbEntity
  8
LINES
100
AcDbLine
 10
305.13
 20
172.07999999999993
 30
0.0
 11
306.42600000000004
 21
172.36799999999994
 31
0.0
  0
LINE
  5
5C
330
17
100
AcDbEntity
  8
LINES
100
AcDbLine
 10
302.682
 20
173.808
 30
0.0
 11
303.97799999999995
 21
173.952
 31
0.0
  0
LINE
  5
5D
330
17
100
AcDbEntity
  8
LINES
100
AcDbLine
 10
303.97799999999995
 20
174.38400000000001
 30
0.0
 11
303.97799999999995
 21
167.904
 31
0.0
  0
LINE
  5
5E
330
17
100
AcDbEntity
  8
LINES
100
AcDbLine
 10
302.682
 20
171.36
 30
0.0
 11
303.69000000000005
 21
171.64800000000002
 31
0.0
  0
LINE
  5
5F
330
17
100
AcDbEntity
  8
LINES
100
AcDbLine
 10
302.682
 20
168.62400000000002
 30
0.0
 11
303.97799999999995
 21
168.91200000000003
 31
0.0
  0
LINE
  5
60
330
17
100
AcDbEntity
  8
LINES
100
AcDbLine
 10
309.01800000000003
 20
169.63199999999995
 30
0.0
 11
308.73
 21
169.63199999999995
 31
0.0
  0
LINE
  5
61
330
17
100
AcDbEntity
  8
LINES
100
AcDbLine
 10
308.73
 20
169.63199999999995
 30
0.0
 11
309.01800000000003
 21
169.63199999999995
 31
0.0
  0
LINE
  5
62
330
17
100
AcDbEntity
  8
LINES
100
AcDbLine
 10
309.01800000000003
 20
166.89599999999996
 30
0.0
 11
308.73
 21
166.89599999999996
 31
0.0
  0
LINE
  5
63
330
17
100
AcDbEntity
  8
LINES
100
AcDbLine
 10
308.73
 20
166.89599999999996
 30
0.0
 11
309.01800000000003
 21
166.89599999999996
 31
0.0
  0
LINE
  5
64
330
17
100
AcDbEntity
  8
LINES
100
AcDbLine
 10
304.842
 20
147.024
 30
0.0
 11
304.698
 21
146.88
 31
0.0
  0
LINE
  5
65
330
17
100
AcDbEntity
  8
LINES
100
AcDbLine
 10
304.842
 20
147.45600000000002
 30
0.0
 11
304.842
 21
147.024
 31
0.0
  0
LINE
  5
66
330
17
100
AcDbEntity
  8
LINES
100
AcDbLine
 10
304.842
 20
147.88799999999992
 30
0.0
 11
304.842
 21
147.45600000000002
 31
0.0
  0
LINE
  5
67
330
17
100
AcDbEntity
  8
LINES
100
AcDbLine
 10
304.554
 20
147.312
 30
0.0
 11
304.40999999999997
 21
148.31999999999994
 31
0.0
  0
LINE
  5
68
330
17
100
AcDbEntity
  8
LINES
100
AcDbLine
 10
304.554
 20
147.024
 30
0.0
 11
304.554
 21
147.312
 31
0.0
  0
LINE
  5
69
330
17
100
AcDbEntity
  8
LINES
100
AcDbLine
 10
303.54600000000005
 20
149.18399999999997
 30
0.0
 11
304.26599999999996
 21
148.60799999999995
 31
0.0
  0
LINE
  5
6A
330
17
100
AcDbEntity
  8
LINES
100
AcDbLine
 10
304.698
 20
146.88
 30
0.0
 11
304.554
 21
147.024
 31
0.0
  0
LINE
  5
6B
330
17
100
AcDbEntity
  8
LINES
100
AcDbLine
 10
304.26599999999996
 20
148.60799999999995
 30
0.0
 11
304.842
 21
147.88799999999992
 31
0.0
  0
LINE
  5
6C
330
17
100
AcDbEntity
  8
LINES
100
AcDbLine
 10
312.04200000000003
 20
156.67200000000003
 30
0.0
 11
312.04200000000003
 21
146.01599999999996
 31
0.0
  0
LINE
  5
6D
330
17
100
AcDbEntity
  8
LINES
100
AcDbLine
 10
309.59400000000005
 20
153.216
 30
0.0
 11
314.49
 21
153.93599999999992
 31
0.0
  0
LINE
  5
6E
330
17
100
AcDbEntity
  8
LINES
100
AcDbLine
 10
310.89
 20
148.89599999999996
 30
0.0
 11
313.33799999999997
 21
149.18399999999997
 31
0.0
  0
LINE
  5
6F
330
17
100
AcDbEntity
  8
LINES
100
AcDbLine
 10
320.106
 20
155.664
 30
0.0
 11
316.21799999999996
 21
155.23199999999997
 31
0.0
  0
LINE
  5
70
330
17
100
AcDbEntity
  8
LINES
100
AcDbLine
 10
316.21799999999996
 20
147.168
 30
0.0
 11
319.818
 21
147.60000000000002
 31
0.0
  0
LINE
  5
71
330
17
100
AcDbEntity
  8
LINES
100
AcDbLine
 10
319.962
 20
147.024
 30
0.0
 11
320.106
 21
156.24
 31
0.0
  0
LINE
  5
72
330
17
100
AcDbEntity
  8
LINES
100
AcDbLine
 10
316.21799999999996
 20
156.24
 30
0.0
 11
316.21799999999996
 21
146.88
 31
0.0
  0
LINE
  5
73
330
17
100
AcDbEntity
  8
LINES
100
AcDbLine
 10
316.21799999999996
 20
156.24
 30
0.0
 11
316.21799999999996
 21
146.30399999999997
 31
0.0
  0
LINE
  5
74
330
17
100
AcDbEntity
  8
LINES
100
AcDbLine
 10
318.23400000000004
 20
154.79999999999995
 30
0.0
 11
316.65
 21
152.06399999999996
 31
0.0
  0
LINE
  5
75
330
17
100
AcDbEntity
  8
LINES
100
AcDbLine
 10
317.802
 20
150.48000000000002
 30
0.0
 11
318.52200000000005
 21
149.61599999999999
 31
0.0
  0
LINE
  5
76
330
17
100
AcDbEntity
  8
LINES
100
AcDbLine
 10
317.514
 20
149.18399999999997
 30
0.0
 11
318.52200000000005
 21
147.88799999999992
 31
0.0
  0
LINE
  5
77
330
17
100
AcDbEntity
  8
LINES
100
AcDbLine
 10
317.658
 20
153.64800000000002
 30
0.0
 11
318.95399999999995
 21
153.79200000000003
 31
0.0
  0
LINE
  5
78
330
17
100
AcDbEntity
  8
LINES
100
AcDbLine
 10
316.36199999999997
 20
149.76
 30
0.0
 11
317.658
 21
151.20000000000005
 31
0.0
  0
LINE
  5
79
330
17
100
AcDbEntity
  8
LINES
100
AcDbLine
 10
322.842
 20
154.22399999999993
 30
0.0
 11
322.842
 21
146.30399999999997
 31
0.0
  0
LINE
  5
7A
330
17
100
AcDbEntity
  8
LINES
100
AcDbLine
 10
323.85
 20
154.22399999999993
 30
0.0
 11
326.01
 21
154.65599999999995
 31
0.0
  0
LINE
  5
7B
330
17
100
AcDbEntity
  8
LINES
100
AcDbLine
 10
329.466
 20
151.48800000000006
 30
0.0
 11
331.04999999999995
 21
151.77599999999995
 31
0.0
  0
LINE
  5
7C
330
17
100
AcDbEntity
  8
LINES
100
AcDbLine
 10
332.058
 20
146.44799999999998
 30
0.0
 11
332.202
 21
152.20799999999997
 31
0.0
  0
LINE
  5
7D
330
17
100
AcDbEntity
  8
LINES
100
AcDbLine
 10
328.31399999999996
 20
147.024
 30
0.0
 11
332.058
 21
147.60000000000002
 31
0.0
  0
LINE
  5
7E
330
17
100
AcDbEntity
  8
LINES
100
AcDbLine
 10
328.31399999999996
 20
151.91999999999996
 30
0.0
 11
328.31399999999996
 21
146.736
 31
0.0
  0
LINE
  5
7F
330
17
100
AcDbEntity
  8
LINES
100
AcDbLine
 10
330.18600000000004
 20
153.50400000000002
 30
0.0
 11
330.18600000000004
 21
149.47199999999998
 31
0.0
  0
LINE
  5
80
330
17
100
AcDbEntity
  8
LINES
100
AcDbLine
 10
331.33799999999997
 20
153.64800000000002
 30
0.0
 11
329.034
 21
153.36
 31
0.0
  0
LINE
  5
81
330
17
100
AcDbEntity
  8
LINES
100
AcDbLine
 10
331.33799999999997
 20
149.61599999999999
 30
0.0
 11
331.33799999999997
 21
154.07999999999993
 31
0.0
  0
LINE
  5
82
330
17
100
AcDbEntity
  8
LINES
100
AcDbLine
 10
329.178
 20
149.18399999999997
 30
0.0
 11
331.33799999999997
 21
149.61599999999999
 31
0.0
  0
LINE
  5
83
330
17
100
AcDbEntity
  8
LINES
100
AcDbLine
 10
329.034
 20
154.22399999999993
 30
0.0
 11
329.178
 21
148.75199999999995
 31
0.0
  0
LINE
  5
84
330
17
100
AcDbEntity
  8
LINES
100
AcDbLine
 10
332.346
 20
155.808
 30
0.0
 11
328.02599999999995
 21
155.23199999999997
 31
0.0
  0
LINE
  5
85
330
17
100
AcDbEntity
  8
LINES
100
AcDbLine
 10
334.794
 20
154.79999999999995
 30
0.0
 11
334.794
 21
150.91200000000003
 31
0.0
  0
LINE
  5
86
330
17
100
AcDbEntity
  8
LINES
100
AcDbLine
 10
334.794
 20
151.20000000000005
 30
0.0
 11
337.818
 21
151.48800000000006
 31
0.0
  0
LINE
  5
87
330
17
100
AcDbEntity
  8
LINES
100
AcDbLine
 10
337.962
 20
154.79999999999995
 30
0.0
 11
337.818
 21
150.91200000000003
 31
0.0
  0
LINE
  5
88
330
17
100
AcDbEntity
  8
LINES
100
AcDbLine
 10
336.23400000000004
 20
156.52800000000002
 30
0.0
 11
336.23400000000004
 21
147.024
 31
0.0
  0
LINE
  5
89
330
17
100
AcDbEntity
  8
LINES
100
AcDbLine
 10
334.506
 20
146.736
 30
0.0
 11
337.962
 21
147.024
 31
0.0
  0
LINE
  5
8A
330
17
100
AcDbEntity
  8
LINES
100
AcDbLine
 10
338.106
 20
149.904
 30
0.0
 11
337.962
 21
146.30399999999997
 31
0.0
  0
LINE
  5
8B
330
17
100
AcDbEntity
  8
LINES
100
AcDbLine
 10
334.506
 20
146.30399999999997
 30
0.0
 11
334.506
 21
149.61599999999999
 31
0.0
  0
LINE
  5
8C
330
17
100
AcDbEntity
  8
LINES
100
AcDbLine
 10
339.83400000000006
 20
149.47199999999998
 30
0.0
 11
343.14599999999996
 21
150.048
 31
0.0
  0
LINE
  5
8D
330
17
100
AcDbEntity
  8
LINES
100
AcDbLine
 10
341.274
 20
151.91999999999996
 30
0.0
 11
344.154
 21
152.20799999999997
 31
0.0
  0
LINE
  5
8E
330
17
100
AcDbEntity
  8
LINES
100
AcDbLine
 10
341.994
 20
156.67200000000003
 30
0.0
 11
341.13
 21
151.34400000000005
 31
0.0
  0
LINE
  5
8F
330
17
100
AcDbEntity
  8
LINES
100
AcDbLine
 10
341.706
 20
154.22399999999993
 30
0.0
 11
344.73
 21
154.79999999999995
 31
0.0
  0
LINE
  5
90
330
17
100
AcDbEntity
  8
LINES
100
AcDbLine
 10
348.33000000000004
 20
156.67200000000003
 30
0.0
 11
348.33000000000004
 21
146.01599999999996
 31
0.0
  0
LINE
  5
91
330
17
100
AcDbEntity
  8
LINES
100
AcDbLine
 10
345.88199999999995
 20
153.216
 30
0.0
 11
350.778
 21
153.93599999999992
 31
0.0
  0
LINE
  5
92
330
17
100
AcDbEntity
  8
LINES
100
AcDbLine
 10
347.178
 20
148.89599999999996
 30
0.0
 11
349.626
 21
149.18399999999997
 31
0.0
  0
LINE
  5
93
330
17
100
AcDbEntity
  8
LINES
100
AcDbLine
 10
352.506
 20
154.36799999999994
 30
0.0
 11
356.394
 21
154.94399999999996
 31
0.0
  0
LINE
  5
94
330
17
100
AcDbEntity
  8
LINES
100
AcDbLine
 10
351.78600000000006
 20
147.88799999999992
 30
0.0
 11
356.97
 21
148.31999999999994
 31
0.0
  0
LINE
  5
95
330
17
100
AcDbEntity
  8
LINES
100
AcDbLine
 10
354.52200000000005
 20
154.65599999999995
 30
0.0
 11
354.37800000000004
 21
148.17599999999993
 31
0.0
  0
LINE
  5
96
330
17
100
AcDbEntity
  8
LINES
100
AcDbLine
 10
359.274
 20
152.06399999999996
 30
0.0
 11
360.13800000000003
 21
150.76800000000003
 31
0.0
  0
LINE
  5
97
330
17
100
AcDbEntity
  8
LINES
100
AcDbLine
 10
359.274
 20
155.08799999999997
 30
0.0
 11
359.274
 21
146.30399999999997
 31
0.0
  0
LINE
  5
98
330
17
100
AcDbEntity
  8
LINES
100
AcDbLine
 10
357.97799999999995
 20
152.64
 30
0.0
 11
360.13800000000003
 21
153.072
 31
0.0
  0
LINE
  5
99
330
17
100
AcDbEntity
  8
LINES
100
AcDbLine
 10
359.994
 20
156.24
 30
0.0
 11
358.26599999999996
 21
154.22399999999993
 31
0.0
  0
LINE
  5
9A
330
17
100
AcDbEntity
  8
LINES
100
AcDbLine
 10
360.71400000000006
 20
155.952
 30
0.0
 11
360.71400000000006
 21
152.49599999999998
 31
0.0
  0
LINE
  5
9B
330
17
100
AcDbEntity
  8
LINES
100
AcDbLine
 10
360.71400000000006
 20
155.23199999999997
 30
0.0
 11
362.298
 21
155.51999999999998
 31
0.0
  0
LINE
  5
9C
330
17
100
AcDbEntity
  8
LINES
100
AcDbLine
 10
362.442
 20
155.952
 30
0.0
 11
362.298
 21
153.216
 31
0.0
  0
LINE
  5
9D
330
17
100
AcDbEntity
  8
LINES
100
AcDbLine
 10
362.442
 20
153.216
 30
0.0
 11
360.71400000000006
 21
152.928
 31
0.0
  0
LINE
  5
9E
330
17
100
AcDbEntity
  8
LINES
100
AcDbLine
 10
360.57000000000005
 20
151.20000000000005
 30
0.0
 11
362.442
 21
151.63199999999995
 31
0.0
  0
LINE
  5
9F
330
17
100
AcDbEntity
  8
LINES
100
AcDbLine
 10
361.43399999999997
 20
151.34400000000005
 30
0.0
 11
361.43399999999997
 21
147.168
 31
0.0
  0
LINE
  5
A0
330
17
100
AcDbEntity
  8
LINES
100
AcDbLine
 10
360.71400000000006
 20
149.32799999999997
 30
0.0
 11
362.298
 21
149.61599999999999
 31
0.0
  0
LINE
  5
A1
330
17
100
AcDbEntity
  8
LINES
100
AcDbLine
 10
363.01800000000003
 20
147.312
 30
0.0
 11
359.85
 21
147.024
 31
0.0
  0
LINE
  5
A2
330
17
100
AcDbEntity
  8
LINES
100
AcDbLine
 10
365.754
 20
153.64800000000002
 30
0.0
 11
364.02599999999995
 21
153.072
 31
0.0
  0
LINE
  5
A3
330
17
100
AcDbEntity
  8
LINES
100
AcDbLine
 10
365.034
 20
156.38400000000001
 30
0.0
 11
365.034
 21
146.30399999999997
 31
0.0
  0
LINE
  5
A4
330
17
100
AcDbEntity
  8
LINES
100
AcDbLine
 10
365.034
 20
152.928
 30
0.0
 11
363.88199999999995
 21
149.47199999999998
 31
0.0
  0
LINE
  5
A5
330
17
100
AcDbEntity
  8
LINES
100
AcDbLine
 10
365.034
 20
152.928
 30
0.0
 11
365.61
 21
151.48800000000006
 31
0.0
  0
LINE
  5
A6
330
17
100
AcDbEntity
  8
LINES
100
AcDbLine
 10
366.47400000000005
 20
154.36799999999994
 30
0.0
 11
368.346
 21
154.79999999999995
 31
0.0
  0
LINE
  5
A7
330
17
100
AcDbEntity
  8
LINES
100
AcDbLine
 10
366.47400000000005
 20
152.20799999999997
 30
0.0
 11
367.77
 21
152.64
 31
0.0
  0
LINE
  5
A8
330
17
100
AcDbEntity
  8
LINES
100
AcDbLine
 10
366.47400000000005
 20
150.192
 30
0.0
 11
367.77
 21
150.48000000000002
 31
0.0
  0
LINE
  5
A9
330
17
100
AcDbEntity
  8
LINES
100
AcDbLine
 10
366.47400000000005
 20
155.23199999999997
 30
0.0
 11
366.47400000000005
 21
147.024
 31
0.0
  0
LINE
  5
AA
330
17
100
AcDbEntity
  8
LINES
100
AcDbLine
 10
368.346
 20
155.08799999999997
 30
0.0
 11
368.346
 21
147.024
 31
0.0
  0
LINE
  5
AB
330
17
100
AcDbEntity
  8
LINES
100
AcDbLine
 10
366.47400000000005
 20
147.74400000000003
 30
0.0
 11
368.346
 21
148.03199999999993
 31
0.0
  0
LINE
  5
AC
330
17
100
AcDbEntity
  8
LINES
100
AcDbLine
 10
371.37
 20
156.38400000000001
 30
0.0
 11
372.09000000000003
 21
153.93599999999992
 31
0.0
  0
LINE
  5
AD
330
17
100
AcDbEntity
  8
LINES
100
AcDbLine
 10
370.794
 20
152.928
 30
0.0
 11
374.394
 21
153.64800000000002
 31
0.0
  0
LINE
  5
AE
330
17
100
AcDbEntity
  8
LINES
100
AcDbLine
 10
375.25800000000004
 20
151.20000000000005
 30
0.0
 11
370.21799999999996
 21
150.48000000000002
 31
0.0
  0
LINE
  5
AF
330
17
100
AcDbEntity
  8
LINES
100
AcDbLine
 10
373.53
 20
156.52800000000002
 30
0.0
 11
372.95399999999995
 21
153.216
 31
0.0
  0
LINE
  5
B0
330
17
100
AcDbEntity
  8
LINES
100
AcDbLine
 10
381.01800000000003
 20
153.50400000000002
 30
0.0
 11
379.866
 21
155.51999999999998
 31
0.0
  0
LINE
  5
B1
330
17
100
AcDbEntity
  8
LINES
100
AcDbLine
 10
376.554
 20
152.35199999999998
 30
0.0
 11
377.994
 21
155.51999999999998
 31
0.0
  0
LINE
  5
B2
330
17
100
AcDbEntity
  8
LINES
100
AcDbLine
 10
378.85799999999995
 20
156.81600000000003
 30
0.0
 11
378.85799999999995
 21
153.36
 31
0.0
  0
LINE
  5
B3
330
17
100
AcDbEntity
  8
LINES
100
AcDbLine
 10
377.562
 20
151.48800000000006
 30
0.0
 11
377.562
 21
146.30399999999997
 31
0.0
  0
LINE
  5
B4
330
17
100
AcDbEntity
  8
LINES
100
AcDbLine
 10
380.01
 20
146.30399999999997
 30
0.0
 11
380.154
 21
151.91999999999996
 31
0.0
  0
LINE
  5
B5
330
17
100
AcDbEntity
  8
LINES
100
AcDbLine
 10
380.154
 20
151.63199999999995
 30
0.0
 11
377.562
 21
151.20000000000005
 31
0.0
  0
LINE
  5
B6
330
17
100
AcDbEntity
  8
LINES
100
AcDbLine
 10
377.562
 20
149.61599999999999
 30
0.0
 11
379.722
 21
150.048
 31
0.0
  0
LINE
  5
B7
330
17
100
AcDbEntity
  8
LINES
100
AcDbLine
 10
377.562
 20
148.31999999999994
 30
0.0
 11
379.722
 21
148.60799999999995
 31
0.0
  0
LINE
  5
B8
330
17
100
AcDbEntity
  8
LINES
100
AcDbLine
 10
377.562
 20
146.88
 30
0.0
 11
380.01
 21
147.024
 31
0.0
  0
LINE
  5
B9
330
17
100
AcDbEntity
  8
LINES
100
AcDbLine
 10
382.746
 20
156.24
 30
0.0
 11
382.746
 21
147.024
 31
0.0
  0
LINE
  5
BA
330
17
100
AcDbEntity
  8
LINES
100
AcDbLine
 10
382.746
 20
155.51999999999998
 30
0.0
 11
386.49
 21
155.952
 31
0.0
  0
LINE
  5
BB
330
17
100
AcDbEntity
  8
LINES
100
AcDbLine
 10
384.33000000000004
 20
154.22399999999993
 30
0.0
 11
383.034
 21
149.32799999999997
 31
0.0
  0
LINE
  5
BC
330
17
100
AcDbEntity
  8
LINES
100
AcDbLine
 10
383.322
 20
153.64800000000002
 30
0.0
 11
384.47400000000005
 21
150.62400000000002
 31
0.0
  0
LINE
  5
BD
330
17
100
AcDbEntity
  8
LINES
100
AcDbLine
 10
385.77
 20
154.65599999999995
 30
0.0
 11
384.33000000000004
 21
149.03999999999996
 31
0.0
  0
LINE
  5
BE
330
17
100
AcDbEntity
  8
LINES
100
AcDbLine
 10
384.90599999999995
 20
153.64800000000002
 30
0.0
 11
385.914
 21
149.904
 31
0.0
  0
LINE
  5
BF
330
17
100
AcDbEntity
  8
LINES
100
AcDbLine
 10
388.938
 20
149.904
 30
0.0
 11
393.25800000000004
 21
149.904
 31
0.0
  0
LINE
  5
C0
330
17
100
AcDbEntity
  8
LINES
100
AcDbLine
 10
405.21000000000004
 20
155.51999999999998
 30
0.0
 11
408.95399999999995
 21
156.24
 31
0.0
  0
LINE
  5
C1
330
17
100
AcDbEntity
  8
LINES
100
AcDbLine
 10
409.818
 20
152.06399999999996
 30
0.0
 11
404.49
 21
151.20000000000005
 31
0.0
  0
LINE
  5
C2
330
17
100
AcDbEntity
  8
LINES
100
AcDbLine
 10
405.64200000000005
 20
154.36799999999994
 30
0.0
 11
406.21799999999996
 21
152.35199999999998
 31
0.0
  0
LINE
  5
C3
330
17
100
AcDbEntity
  8
LINES
100
AcDbLine
 10
407.946
 20
152.20799999999997
 30
0.0
 11
408.66600000000005
 21
154.94399999999996
 31
0.0
  0
LINE
  5
C4
330
17
100
AcDbEntity
  8
LINES
100
AcDbLine
 10
407.226
 20
155.808
 30
0.0
 11
407.226
 21
146.30399999999997
 31
0.0
  0
LINE
  5
C5
330
17
100
AcDbEntity
  8
LINES
100
AcDbLine
 10
412.842
 20
153.072
 30
0.0
 11
413.13
 21
155.664
 31
0.0
  0
LINE
  5
C6
330
17
100
AcDbEntity
  8
LINES
100
AcDbLine
 10
415.00199999999995
 20
153.36
 30
0.0
 11
411.40200000000004
 21
152.928
 31
0.0
  0
LINE
  5
C7
330
17
100
AcDbEntity
  8
LINES
100
AcDbLine
 10
413.418
 20
151.63199999999995
 30
0.0
 11
412.554
 21
151.48800000000006
 31
0.0
  0
LINE
  5
C8
330
17
100
AcDbEntity
  8
LINES
100
AcDbLine
 10
412.554
 20
149.76
 30
0.0
 11
413.418
 21
150.048
 31
0.0
  0
LINE
  5
C9
330
17
100
AcDbEntity
  8
LINES
100
AcDbLine
 10
413.85
 20
153.072
 30
0.0
 11
413.706
 21
147.74400000000003
 31
0.0
  0
LINE
  5
CA
330
17
100
AcDbEntity
  8
LINES
100
AcDbLine
 10
412.554
 20
152.928
 30
0.0
 11
412.554
 21
147.60000000000002
 31
0.0
  0
LINE
  5
CB
330
17
100
AcDbEntity
  8
LINES
100
AcDbLine
 10
414.71399999999994
 20
146.736
 30
0.0
 11
415.00199999999995
 21
153.93599999999992
 31
0.0
  0
LINE
  5
CC
330
17
100
AcDbEntity
  8
LINES
100
AcDbLine
 10
411.40200000000004
 20
147.45600000000002
 30
0.0
 11
414.71399999999994
 21
147.88799999999992
 31
0.0
  0
LINE
  5
CD
330
17
100
AcDbEntity
  8
LINES
100
AcDbLine
 10
411.40200000000004
 20
153.79200000000003
 30
0.0
 11
411.40200000000004
 21
146.59199999999998
 31
0.0
  0
LINE
  5
CE
330
17
100
AcDbEntity
  8
LINES
100
AcDbLine
 10
415.578
 20
155.952
 30
0.0
 11
410.682
 21
155.37599999999998
 31
0.0
  0
LINE
  5
CF
330
17
100
AcDbEntity
  8
LINES
100
AcDbLine
 10
418.02599999999995
 20
156.24
 30
0.0
 11
416.874
 21
152.35199999999998
 31
0.0
  0
LINE
  5
D0
330
17
100
AcDbEntity
  8
LINES
100
AcDbLine
 10
416.586
 20
147.168
 30
0.0
 11
418.602
 21
148.75199999999995
 31
0.0
  0
LINE
  5
D1
330
17
100
AcDbEntity
  8
LINES
100
AcDbLine
 10
416.874
 20
149.61599999999999
 30
0.0
 11
418.602
 21
150.48000000000002
 31
0.0
  0
LINE
  5
D2
330
17
100
AcDbEntity
  8
LINES
100
AcDbLine
 10
418.602
 20
153.64800000000002
 30
0.0
 11
417.16200000000003
 21
149.76
 31
0.0
  0
LINE
  5
D3
330
17
100
AcDbEntity
  8
LINES
100
AcDbLine
 10
416.586
 20
152.20799999999997
 30
0.0
 11
418.31399999999996
 21
152.928
 31
0.0
  0
LINE
  5
D4
330
17
100
AcDbEntity
  8
LINES
100
AcDbLine
 10
421.33799999999997
 20
155.664
 30
0.0
 11
419.034
 21
154.22399999999993
 31
0.0
  0
LINE
  5
D5
330
17
100
AcDbEntity
  8
LINES
100
AcDbLine
 10
418.746
 20
151.34400000000005
 30
0.0
 11
421.914
 21
151.77599999999995
 31
0.0
  0
LINE
  5
D6
330
17
100
AcDbEntity
  8
LINES
100
AcDbLine
 10
420.33000000000004
 20
154.94399999999996
 30
0.0
 11
420.33000000000004
 21
146.30399999999997
 31
0.0
  0
LINE
  5
D7
330
17
100
AcDbEntity
  8
LINES
100
AcDbLine
 10
426.09000000000003
 20
153.79200000000003
 30
0.0
 11
426.09000000000003
 21
148.46399999999994
 31
0.0
  0
LINE
  5
D8
330
17
100
AcDbEntity
  8
LINES
100
AcDbLine
 10
425.514
 20
150.48000000000002
 30
0.0
 11
426.80999999999995
 21
150.76800000000003
 31
0.0
  0
LINE
  5
D9
330
17
100
AcDbEntity
  8
LINES
100
AcDbLine
 10
425.514
 20
152.06399999999996
 30
0.0
 11
426.66599999999994
 21
152.20799999999997
 31
0.0
  0
LINE
  5
DA
330
17
100
AcDbEntity
  8
LINES
100
AcDbLine
 10
425.658
 20
154.94399999999996
 30
0.0
 11
426.23400000000004
 21
153.93599999999992
 31
0.0
  0
LINE
  5
DB
330
17
100
AcDbEntity
  8
LINES
100
AcDbLine
 10
424.938
 20
153.64800000000002
 30
0.0
 11
427.38599999999997
 21
154.07999999999993
 31
0.0
  0
LINE
  5
DC
330
17
100
AcDbEntity
  8
LINES
100
AcDbLine
 10
424.938
 20
154.22399999999993
 30
0.0
 11
424.938
 21
148.60799999999995
 31
0.0
  0
LINE
  5
DD
330
17
100
AcDbEntity
  8
LINES
100
AcDbLine
 10
422.634
 20
151.91999999999996
 30
0.0
 11
424.36199999999997
 21
152.35199999999998
 31
0.0
  0
LINE
  5
DE
330
17
100
AcDbEntity
  8
LINES
100
AcDbLine
 10
423.49800000000005
 20
155.664
 30
0.0
 11
424.07399999999996
 21
154.22399999999993
 31
0.0
  0
LINE
  5
DF
330
17
100
AcDbEntity
  8
LINES
100
AcDbLine
 10
427.09799999999996
 20
156.52800000000002
 30
0.0
 11
425.946
 21
154.51199999999994
 31
0.0
  0
LINE
  5
E0
330
17
100
AcDbEntity
  8
LINES
100
AcDbLine
 10
424.938
 20
155.808
 30
0.0
 11
426.80999999999995
 21
156.24
 31
0.0
  0
LINE
  5
E1
330
17
100
AcDbEntity
  8
LINES
100
AcDbLine
 10
427.38599999999997
 20
146.44799999999998
 30
0.0
 11
427.962
 21
146.88
 31
0.0
  0
LINE
  5
E2
330
17
100
AcDbEntity
  8
LINES
100
AcDbLine
 10
430.986
 20
147.024
 30
0.0
 11
432.85799999999995
 21
147.168
 31
0.0
  0
LINE
  5
E3
330
17
100
AcDbEntity
  8
LINES
100
AcDbLine
 10
433.00199999999995
 20
150.048
 30
0.0
 11
432.71399999999994
 21
147.168
 31
0.0
  0
LINE
  5
E4
330
17
100
AcDbEntity
  8
LINES
100
AcDbLine
 10
430.986
 20
149.904
 30
0.0
 11
430.986
 21
146.30399999999997
 31
0.0
  0
LINE
  5
E5
330
17
100
AcDbEntity
  8
LINES
100
AcDbLine
 10
430.12199999999996
 20
153.93599999999992
 30
0.0
 11
433.866
 21
154.36799999999994
 31
0.0
  0
LINE
  5
E6
330
17
100
AcDbEntity
  8
LINES
100
AcDbLine
 10
431.706
 20
156.81600000000003
 30
0.0
 11
432.42600000000004
 21
154.79999999999995
 31
0.0
  0
LINE
  5
E7
330
17
100
AcDbEntity
  8
LINES
100
AcDbLine
 10
430.40999999999997
 20
156.81600000000003
 30
0.0
 11
428.538
 21
151.34400000000005
 31
0.0
  0
LINE
  5
E8
330
17
100
AcDbEntity
  8
LINES
100
AcDbLine
 10
429.68999999999994
 20
154.51199999999994
 30
0.0
 11
429.68999999999994
 21
146.30399999999997
 31
0.0
  0
LINE
  5
E9
330
17
100
AcDbEntity
  8
LINES
100
AcDbLine
 10
430.986
 20
152.49599999999998
 30
0.0
 11
433.14599999999996
 21
152.928
 31
0.0
  0
LINE
  5
EA
330
17
100
AcDbEntity
  8
LINES
100
AcDbLine
 10
433.14599999999996
 20
151.20000000000005
 30
0.0
 11
430.842
 21
150.91200000000003
 31
0.0
  0
LINE
  5
EB
330
17
100
AcDbEntity
  8
LINES
100
AcDbLine
 10
430.986
 20
149.32799999999997
 30
0.0
 11
432.85799999999995
 21
149.61599999999999
 31
0.0
  0
LINE
  5
EC
330
17
100
AcDbEntity
  8
LINES
100
AcDbLine
 10
435.45000000000005
 20
154.94399999999996
 30
0.0
 11
435.45000000000005
 21
148.75199999999995
 31
0.0
  0
LINE
  5
ED
330
17
100
AcDbEntity
  8
LINES
100
AcDbLine
 10
435.45000000000005
 20
153.79200000000003
 30
0.0
 11
439.04999999999995
 21
154.22399999999993
 31
0.0
  0
LINE
  5
EE
330
17
100
AcDbEntity
  8
LINES
100
AcDbLine
 10
439.19399999999996
 20
154.65599999999995
 30
0.0
 11
438.61800000000005
 21
150.192
 31
0.0
  0
LINE
  5
EF
330
17
100
AcDbEntity
  8
LINES
100
AcDbLine
 10
438.90599999999995
 20
150.192
 30
0.0
 11
435.45000000000005
 21
149.61599999999999
 31
0.0
  0
LINE
  5
F0
330
17
100
AcDbEntity
  8
LINES
100
AcDbLine
 10
436.02599999999995
 20
151.91999999999996
 30
0.0
 11
438.18600000000004
 21
152.20799999999997
 31
0.0
  0
LINE
  5
F1
330
17
100
AcDbEntity
  8
LINES
100
AcDbLine
 10
441.35400000000004
 20
155.952
 30
0.0
 11
441.35400000000004
 21
152.35199999999998
 31
0.0
  0
LINE
  5
F2
330
17
100
AcDbEntity
  8
LINES
100
AcDbLine
 10
441.35400000000004
 20
155.08799999999997
 30
0.0
 11
442.65
 21
155.37599999999998
 31
0.0
  0
LINE
  5
F3
330
17
100
AcDbEntity
  8
LINES
100
AcDbLine
 10
442.794
 20
155.664
 30
0.0
 11
442.506
 21
153.50400000000002
 31
0.0
  0
LINE
  5
F4
330
17
100
AcDbEntity
  8
LINES
100
AcDbLine
 10
442.794
 20
153.50400000000002
 30
0.0
 11
441.35400000000004
 21
153.216
 31
0.0
  0
LINE
  5
F5
330
17
100
AcDbEntity
  8
LINES
100
AcDbLine
 10
441.92999999999995
 20
150.91200000000003
 30
0.0
 11
443.082
 21
151.20000000000005
 31
0.0
  0
LINE
  5
F6
330
17
100
AcDbEntity
  8
LINES
100
AcDbLine
 10
440.778
 20
147.312
 30
0.0
 11
443.082
 21
148.75199999999995
 31
0.0
  0
LINE
  5
F7
330
17
100
AcDbEntity
  8
LINES
100
AcDbLine
 10
441.92999999999995
 20
153.36
 30
0.0
 11
441.92999999999995
 21
148.17599999999993
 31
0.0
  0
LINE
  5
F8
330
17
100
AcDbEntity
  8
LINES
100
AcDbLine
 10
441.06600000000003
 20
147.60000000000002
 30
0.0
 11
441.06600000000003
 21
151.48800000000006
 31
0.0
  0
LINE
  5
F9
330
17
100
AcDbEntity
  8
LINES
100
AcDbLine
 10
444.23400000000004
 20
156.24
 30
0.0
 11
443.082
 21
152.20799999999997
 31
0.0
  0
LINE
  5
FA
330
17
100
AcDbEntity
  8
LINES
100
AcDbLine
 10
443.658
 20
154.36799999999994
 30
0.0
 11
445.24199999999996
 21
154.79999999999995
 31
0.0
  0
LINE
  5
FB
330
17
100
AcDbEntity
  8
LINES
100
AcDbLine
 10
444.37800000000004
 20
152.35199999999998
 30
0.0
 11
442.65
 21
149.76
 31
0.0
  0
LINE
  5
FC
330
17
100
AcDbEntity
  8
LINES
100
AcDbLine
 10
443.658
 20
150.048
 30
0.0
 11
443.658
 21
146.30399999999997
 31
0.0
  0
LINE
  5
FD
330
17
100
AcDbEntity
  8
LINES
100
AcDbLine
 10
443.658
 20
149.61599999999999
 30
0.0
 11
445.24199999999996
 21
149.76
 31
0.0
  0
LINE
  5
FE
330
17
100
AcDbEntity
  8
LINES
100
AcDbLine
 10
445.24199999999996
 20
150.048
 30
0.0
 11
445.09799999999996
 21
147.024
 31
0.0
  0
LINE
  5
FF
330
17
100
AcDbEntity
  8
LINES
100
AcDbLine
 10
445.24199999999996
 20
147.024
 30
0.0
 11
443.658
 21
146.88
 31
0.0
  0
LINE
  5
100
330
17
100
AcDbEntity
  8
LINES
100
AcDbLine
 10
445.38599999999997
 20
154.94399999999996
 30
0.0
 11
444.37800000000004
 21
152.20799999999997
 31
0.0
  0
LINE
  5
101
330
17
100
AcDbEntity
  8
LINES
100
AcDbLine
 10
447.68999999999994
 20
149.32799999999997
 30
0.0
 11
447.40200000000004
 21
149.32799999999997
 31
0.0
  0
LINE
  5
102
330
17
100
AcDbEntity
  8
LINES
100
AcDbLine
 10
447.40200000000004
 20
149.32799999999997
 30
0.0
 11
447.68999999999994
 21
149.32799999999997
 31
0.0
  0
LINE
  5
103
330
17
100
AcDbEntity
  8
LINES
100
AcDbLine
 10
453.73799999999994
 20
154.22399999999993
 30
0.0
 11
457.914
 21
154.79999999999995
 31
0.0
  0
LINE
  5
104
330
17
100
AcDbEntity
  8
LINES
100
AcDbLine
 10
453.73799999999994
 20
154.94399999999996
 30
0.0
 11
453.59400000000005
 21
152.64
 31
0.0
  0
LINE
  5
105
330
17
100
AcDbEntity
  8
LINES
100
AcDbLine
 10
457.914
 20
154.94399999999996
 30
0.0
 11
457.33799999999997
 21
153.072
 31
0.0
  0
LINE
  5
106
330
17
100
AcDbEntity
  8
LINES
100
AcDbLine
 10
455.322
 20
156.67200000000003
 30
0.0
 11
455.898
 21
154.94399999999996
 31
0.0
  0
LINE
  5
107
330
17
100
AcDbEntity
  8
LINES
100
AcDbLine
 10
453.30600000000004
 20
149.61599999999999
 30
0.0
 11
458.058
 21
150.336
 31
0.0
  0
LINE
  5
108
330
17
100
AcDbEntity
  8
LINES
100
AcDbLine
 10
455.898
 20
148.89599999999996
 30
0.0
 11
457.626
 21
146.30399999999997
 31
0.0
  0
LINE
  5
109
330
17
100
AcDbEntity
  8
LINES
100
AcDbLine
 10
454.746
 20
153.50400000000002
 30
0.0
 11
455.466
 21
152.35199999999998
 31
0.0
  0
LINE
  5
10A
330
17
100
AcDbEntity
  8
LINES
100
AcDbLine
 10
454.31399999999996
 20
151.77599999999995
 30
0.0
 11
455.466
 21
150.62400000000002
 31
0.0
  0
LINE
  5
10B
330
17
100
AcDbEntity
  8
LINES
100
AcDbLine
 10
460.794
 20
150.76800000000003
 30
0.0
 11
458.922
 21
149.904
 31
0.0
  0
LINE
  5
10C
330
17
100
AcDbEntity
  8
LINES
100
AcDbLine
 10
460.65
 20
154.07999999999993
 30
0.0
 11
459.21000000000004
 21
150.048
 31
0.0
  0
LINE
  5
10D
330
17
100
AcDbEntity
  8
LINES
100
AcDbLine
 10
458.778
 20
152.35199999999998
 30
0.0
 11
460.21799999999996
 21
153.072
 31
0.0
  0
LINE
  5
10E
330
17
100
AcDbEntity
  8
LINES
100
AcDbLine
 10
458.922
 20
147.74400000000003
 30
0.0
 11
460.938
 21
149.03999999999996
 31
0.0
  0
LINE
  5
10F
330
17
100
AcDbEntity
  8
LINES
100
AcDbLine
 10
460.07399999999996
 20
156.096
 30
0.0
 11
458.922
 21
152.49599999999998
 31
0.0
  0
LINE
  5
110
330
17
100
AcDbEntity
  8
LINES
100
AcDbLine
 10
461.226
 20
152.928
 30
0.0
 11
463.24199999999996
 21
154.22399999999993
 31
0.0
  0
LINE
  5
111
330
17
100
AcDbEntity
  8
LINES
100
AcDbLine
 10
461.082
 20
151.05600000000004
 30
0.0
 11
463.38599999999997
 21
152.20799999999997
 31
0.0
  0
LINE
  5
112
330
17
100
AcDbEntity
  8
LINES
100
AcDbLine
 10
462.52200000000005
 20
155.952
 30
0.0
 11
463.24199999999996
 21
155.08799999999997
 31
0.0
  0
LINE
  5
113
330
17
100
AcDbEntity
  8
LINES
100
AcDbLine
 10
467.562
 20
156.67200000000003
 30
0.0
 11
467.562
 21
151.77599999999995
 31
0.0
  0
LINE
  5
114
330
17
100
AcDbEntity
  8
LINES
100
AcDbLine
 10
466.12199999999996
 20
153.072
 30
0.0
 11
468.85799999999995
 21
153.50400000000002
 31
0.0
  0
LINE
  5
115
330
17
100
AcDbEntity
  8
LINES
100
AcDbLine
 10
466.698
 20
150.336
 30
0.0
 11
466.698
 21
146.30399999999997
 31
0.0
  0
LINE
  5
116
330
17
100
AcDbEntity
  8
LINES
100
AcDbLine
 10
466.554
 20
146.01599999999996
 30
0.0
 11
467.85
 21
148.03199999999993
 31
0.0
  0
LINE
  5
117
330
17
100
AcDbEntity
  8
LINES
100
AcDbLine
 10
469.14599999999996
 20
151.05600000000004
 30
0.0
 11
468.28200000000004
 21
149.32799999999997
 31
0.0
  0
LINE
  5
118
330
17
100
AcDbEntity
  8
LINES
100
AcDbLine
 10
470.01
 20
152.06399999999996
 30
0.0
 11
464.97
 21
151.48800000000006
 31
0.0
  0
LINE
  5
119
330
17
100
AcDbEntity
  8
LINES
100
AcDbLine
 10
465.68999999999994
 20
154.65599999999995
 30
0.0
 11
469.43399999999997
 21
155.08799999999997
 31
0.0
  0
LINE
  5
11A
330
17
100
AcDbEntity
  8
LINES
100
AcDbLine
 10
471.59399999999994
 20
152.06399999999996
 30
0.0
 11
476.058
 21
152.35199999999998
 31
0.0
  0
LINE
  5
11B
330
17
100
AcDbEntity
  8
LINES
100
AcDbLine
 10
473.034
 20
151.05600000000004
 30
0.0
 11
471.45000000000005
 21
147.74400000000003
 31
0.0
  0
LINE
  5
11C
330
17
100
AcDbEntity
  8
LINES
100
AcDbLine
 10
474.33000000000004
 20
150.62400000000002
 30
0.0
 11
475.77
 21
148.31999999999994
 31
0.0
  0
LINE
  5
11D
330
17
100
AcDbEntity
  8
LINES
100
AcDbLine
 10
472.16999999999996
 20
154.94399999999996
 30
0.0
 11
474.90599999999995
 21
155.23199999999997
 31
0.0
  0
LINE
  5
11E
330
17
100
AcDbEntity
  8
LINES
100
AcDbLine
 10
477.92999999999995
 20
151.77599999999995
 30
0.0
 11
480.37800000000004
 21
152.20799999999997
 31
0.0
  0
LINE
  5
11F
330
17
100
AcDbEntity
  8
LINES
100
AcDbLine
 10
480.23400000000004
 20
152.20799999999997
 30
0.0
 11
480.66599999999994
 21
155.808
 31
0.0
  0
LINE
  5
120
330
17
100
AcDbEntity
  8
LINES
100
AcDbLine
 10
480.52200000000005
 20
155.37599999999998
 30
0.0
 11
477.78599999999994
 21
154.94399999999996
 31
0.0
  0
LINE
  5
121
330
17
100
AcDbEntity
  8
LINES
100
AcDbLine
 10
485.562
 20
150.91200000000003
 30
0.0
 11
487.866
 21
151.34400000000005
 31
0.0
  0
LINE
  5
122
330
17
100
AcDbEntity
  8
LINES
100
AcDbLine
 10
486.71399999999994
 20
156.81600000000003
 30
0.0
 11
486.71399999999994
 21
147.88799999999992
 31
0.0
  0
LINE
  5
123
330
17
100
AcDbEntity
  8
LINES
100
AcDbLine
 10
485.274
 20
153.64800000000002
 30
0.0
 11
488.442
 21
154.22399999999993
 31
0.0
  0
LINE
  5
124
330
17
100
AcDbEntity
  8
LINES
100
AcDbLine
 10
487.722
 20
155.51999999999998
 30
0.0
 11
485.562
 21
155.08799999999997
 31
0.0
  0
LINE
  5
125
330
17
100
AcDbEntity
  8
LINES
100
AcDbLine
 10
487.578
 20
152.64
 30
0.0
 11
487.866
 21
155.808
 31
0.0
  0
LINE
  5
126
330
17
100
AcDbEntity
  8
LINES
100
AcDbLine
 10
483.40200000000004
 20
150.336
 30
0.0
 11
487.578
 21
146.30399999999997
 31
0.0
  0
LINE
  5
127
330
17
100
AcDbEntity
  8
LINES
100
AcDbLine
 10
483.54600000000005
 20
154.94399999999996
 30
0.0
 11
484.986
 21
155.37599999999998
 31
0.0
  0
LINE
  5
128
330
17
100
AcDbEntity
  8
LINES
100
AcDbLine
 10
484.12199999999996
 20
152.06399999999996
 30
0.0
 11
485.13
 21
155.664
 31
0.0
  0
LINE
  5
129
330
17
100
AcDbEntity
  8
LINES
100
AcDbLine
 10
483.83399999999995
 20
151.91999999999996
 30
0.0
 11
485.13
 21
152.35199999999998
 31
0.0
  0
LINE
  5
12A
330
17
100
AcDbEntity
  8
LINES
100
AcDbLine
 10
487.578
 20
146.15999999999997
 30
0.0
 11
488.442
 21
146.30399999999997
 31
0.0
  0
LINE
  5
12B
330
17
100
AcDbEntity
  8
LINES
100
AcDbLine
 10
485.85
 20
152.20799999999997
 30
0.0
 11
487.722
 21
152.49599999999998
 31
0.0
  0
LINE
  5
12C
330
17
100
AcDbEntity
  8
LINES
100
AcDbLine
 10
488.154
 20
150.192
 30
0.0
 11
485.418
 21
149.76
 31
0.0
  0
LINE
  5
12D
330
17
100
AcDbEntity
  8
LINES
100
AcDbLine
 10
493.04999999999995
 20
156.24
 30
0.0
 11
493.77
 21
154.94399999999996
 31
0.0
  0
LINE
  5
12E
330
17
100
AcDbEntity
  8
LINES
100
AcDbLine
 10
490.16999999999996
 20
152.20799999999997
 30
0.0
 11
490.16999999999996
 21
148.89599999999996
 31
0.0
  0
LINE
  5
12F
330
17
100
AcDbEntity
  8
LINES
100
AcDbLine
 10
490.16999999999996
 20
151.77599999999995
 30
0.0
 11
491.466
 21
152.06399999999996
 31
0.0
  0
LINE
  5
130
330
17
100
AcDbEntity
  8
LINES
100
AcDbLine
 10
491.61
 20
152.20799999999997
 30
0.0
 11
491.466
 21
149.76
 31
0.0
  0
LINE
  5
131
330
17
100
AcDbEntity
  8
LINES
100
AcDbLine
 10
491.61
 20
149.76
 30
0.0
 11
490.16999999999996
 21
149.61599999999999
 31
0.0
  0
LINE
  5
132
330
17
100
AcDbEntity
  8
LINES
100
AcDbLine
 10
489.45000000000005
 20
147.168
 30
0.0
 11
491.898
 21
148.60799999999995
 31
0.0
  0
LINE
  5
133
330
17
100
AcDbEntity
  8
LINES
100
AcDbLine
 10
489.45000000000005
 20
153.36
 30
0.0
 11
494.058
 21
154.07999999999993
 31
0.0
  0
LINE
  5
134
330
17
100
AcDbEntity
  8
LINES
100
AcDbLine
 10
500.25
 20
154.36799999999994
 30
0.0
 11
495.49800000000005
 21
153.64800000000002
 31
0.0
  0
LINE
  5
135
330
17
100
AcDbEntity
  8
LINES
100
AcDbLine
 10
496.65
 20
152.06399999999996
 30
0.0
 11
495.21000000000004
 21
149.18399999999997
 31
0.0
  0
LINE
  5
136
330
17
100
AcDbEntity
  8
LINES
100
AcDbLine
 10
496.65
 20
151.77599999999995
 30
0.0
 11
496.65
 21
146.01599999999996
 31
0.0
  0
LINE
  5
137
330
17
100
AcDbEntity
  8
LINES
100
AcDbLine
 10
499.962
 20
150.62400000000002
 30
0.0
 11
497.226
 21
150.192
 31
0.0
  0
LINE
  5
138
330
17
100
AcDbEntity
  8
LINES
100
AcDbLine
 10
496.794
 20
147.024
 30
0.0
 11
500.538
 21
147.60000000000002
 31
0.0
  0
LINE
  5
139
330
17
100
AcDbEntity
  8
LINES
100
AcDbLine
 10
498.52199999999993
 20
147.168
 30
0.0
 11
498.52199999999993
 21
153.50400000000002
 31
0.0
  0
LINE
  5
13A
330
17
100
AcDbEntity
  8
LINES
100
AcDbLine
 10
496.65
 20
152.06399999999996
 30
0.0
 11
498.09000000000003
 21
156.67200000000003
 31
0.0
  0
LINE
  5
13B
330
17
100
AcDbEntity
  8
LINES
100
AcDbLine
 10
503.706
 20
150.91200000000003
 30
0.0
 11
506.01
 21
151.34400000000005
 31
0.0
  0
LINE
  5
13C
330
17
100
AcDbEntity
  8
LINES
100
AcDbLine
 10
504.85799999999995
 20
156.81600000000003
 30
0.0
 11
504.85799999999995
 21
147.88799999999992
 31
0.0
  0
LINE
  5
13D
330
17
100
AcDbEntity
  8
LINES
100
AcDbLine
 10
503.418
 20
153.64800000000002
 30
0.0
 11
506.586
 21
154.22399999999993
 31
0.0
  0
LINE
  5
13E
330
17
100
AcDbEntity
  8
LINES
100
AcDbLine
 10
505.866
 20
155.51999999999998
 30
0.0
 11
503.706
 21
155.08799999999997
 31
0.0
  0
LINE
  5
13F
330
17
100
AcDbEntity
  8
LINES
100
AcDbLine
 10
505.722
 20
152.64
 30
0.0
 11
506.01
 21
155.808
 31
0.0
  0
LINE
  5
140
330
17
100
AcDbEntity
  8
LINES
100
AcDbLine
 10
501.54599999999994
 20
150.336
 30
0.0
 11
505.722
 21
146.30399999999997
 31
0.0
  0
LINE
  5
141
330
17
100
AcDbEntity
  8
LINES
100
AcDbLine
 10
501.68999999999994
 20
154.94399999999996
 30
0.0
 11
503.13
 21
155.37599999999998
 31
0.0
  0
LINE
  5
142
330
17
100
AcDbEntity
  8
LINES
100
AcDbLine
 10
502.26599999999996
 20
152.06399999999996
 30
0.0
 11
503.274
 21
155.664
 31
0.0
  0
LINE
  5
143
330
17
100
AcDbEntity
  8
LINES
100
AcDbLine
 10
501.97799999999995
 20
151.91999999999996
 30
0.0
 11
503.274
 21
152.35199999999998
 31
0.0
  0
LINE
  5
144
330
17
100
AcDbEntity
  8
LINES
100
AcDbLine
 10
505.722
 20
146.15999999999997
 30
0.0
 11
506.586
 21
146.30399999999997
 31
0.0
  0
LINE
  5
145
330
17
100
AcDbEntity
  8
LINES
100
AcDbLine
 10
503.994
 20
152.20799999999997
 30
0.0
 11
505.866
 21
152.49599999999998
 31
0.0
  0
LINE
  5
146
330
17
100
AcDbEntity
  8
LINES
100
AcDbLine
 10
506.298
 20
150.192
 30
0.0
 11
503.562
 21
149.76
 31
0.0
  0
LINE
  5
147
330
17
100
AcDbEntity
  8
LINES
100
AcDbLine
 10
511.04999999999995
 20
155.808
 30
0.0
 11
511.04999999999995
 21
146.15999999999997
 31
0.0
  0
LINE
  5
148
330
17
100
AcDbEntity
  8
LINES
100
AcDbLine
 10
511.04999999999995
 20
154.79999999999995
 30
0.0
 11
512.346
 21
154.94399999999996
 31
0.0
  0
LINE
  5
149
330
17
100
AcDbEntity
  8
LINES
100
AcDbLine
 10
512.346
 20
155.23199999999997
 30
0.0
 11
511.77
 21
152.49599999999998
 31
0.0
  0
LINE
  5
14A
330
17
100
AcDbEntity
  8
LINES
100
AcDbLine
 10
512.058
 20
148.31999999999994
 30
0.0
 11
511.48199999999997
 21
149.61599999999999
 31
0.0
  0
LINE
  5
14B
330
17
100
AcDbEntity
  8
LINES
100
AcDbLine
 10
509.034
 20
156.67200000000003
 30
0.0
 11
509.466
 21
154.94399999999996
 31
0.0
  0
LINE
  5
14C
330
17
100
AcDbEntity
  8
LINES
100
AcDbLine
 10
510.47400000000005
 20
154.65599999999995
 30
0.0
 11
507.88199999999995
 21
154.22399999999993
 31
0.0
  0
LINE
  5
14D
330
17
100
AcDbEntity
  8
LINES
100
AcDbLine
 10
509.898
 20
154.51199999999994
 30
0.0
 11
509.61
 21
151.63199999999995
 31
0.0
  0
LINE
  5
14E
330
17
100
AcDbEntity
  8
LINES
100
AcDbLine
 10
508.746
 20
152.06399999999996
 30
0.0
 11
508.602
 21
153.64800000000002
 31
0.0
  0
LINE
  5
14F
330
17
100
AcDbEntity
  8
LINES
100
AcDbLine
 10
509.898
 20
148.31999999999994
 30
0.0
 11
510.04200000000003
 21
150.62400000000002
 31
0.0
  0
LINE
  5
150
330
17
100
AcDbEntity
  8
LINES
100
AcDbLine
 10
509.898
 20
150.192
 30
0.0
 11
508.45799999999997
 21
149.76
 31
0.0
  0
LINE
  5
151
330
17
100
AcDbEntity
  8
LINES
100
AcDbLine
 10
507.30600000000004
 20
151.20000000000005
 30
0.0
 11
510.76199999999994
 21
151.91999999999996
 31
0.0
  0
LINE
  5
152
330
17
100
AcDbEntity
  8
LINES
100
AcDbLine
 10
508.45799999999997
 20
150.62400000000002
 30
0.0
 11
508.45799999999997
 21
146.88
 31
0.0
  0
LINE
  5
153
330
17
100
AcDbEntity
  8
LINES
100
AcDbLine
 10
508.45799999999997
 20
147.88799999999992
 30
0.0
 11
510.18600000000004
 21
148.31999999999994
 31
0.0
  0
LINE
  5
154
330
17
100
AcDbEntity
  8
LINES
100
AcDbLine
 10
517.242
 20
151.34400000000005
 30
0.0
 11
516.81
 21
148.03199999999993
 31
0.0
  0
LINE
  5
155
330
17
100
AcDbEntity
  8
LINES
100
AcDbLine
 10
514.65
 20
150.91200000000003
 30
0.0
 11
517.098
 21
150.91200000000003
 31
0.0
  0
LINE
  5
156
330
17
100
AcDbEntity
  8
LINES
100
AcDbLine
 10
516.378
 20
156.38400000000001
 30
0.0
 11
517.242
 21
153.64800000000002
 31
0.0
  0
LINE
  5
157
330
17
100
AcDbEntity
  8
LINES
100
AcDbLine
 10
520.266
 20
149.32799999999997
 30
0.0
 11
519.978
 21
149.32799999999997
 31
0.0
  0
LINE
  5
158
330
17
100
AcDbEntity
  8
LINES
100
AcDbLine
 10
519.978
 20
149.32799999999997
 30
0.0
 11
520.266
 21
149.32799999999997
 31
0.0
  0
LINE
  5
159
330
17
100
AcDbEntity
  8
LINES
100
AcDbLine
 10
528.042
 20
156.67200000000003
 30
0.0
 11
528.042
 21
153.79200000000003
 31
0.0
  0
LINE
  5
15A
330
17
100
AcDbEntity
  8
LINES
100
AcDbLine
 10
528.042
 20
154.94399999999996
 30
0.0
 11
529.914
 21
155.51999999999998
 31
0.0
  0
LINE
  5
15B
330
17
100
AcDbEntity
  8
LINES
100
AcDbLine
 10
530.346
 20
154.65599999999995
 30
0.0
 11
529.914
 21
152.928
 31
0.0
  0
LINE
  5
15C
330
17
100
AcDbEntity
  8
LINES
100
AcDbLine
 10
526.89
 20
151.63199999999995
 30
0.0
 11
529.338
 21
152.784
 31
0.0
  0
LINE
  5
15D
330
17
100
AcDbEntity
  8
LINES
100
AcDbLine
 10
527.898
 20
150.48000000000002
 30
0.0
 11
527.898
 21
146.59199999999998
 31
0.0
  0
LINE
  5
15E
330
17
100
AcDbEntity
  8
LINES
100
AcDbLine
 10
528.762
 20
150.48000000000002
 30
0.0
 11
528.6179999999999
 21
146.88
 31
0.0
  0
LINE
  5
15F
330
17
100
AcDbEntity
  8
LINES
100
AcDbLine
 10
526.89
 20
149.61599999999999
 30
0.0
 11
527.178
 21
147.74400000000003
 31
0.0
  0
LINE
  5
160
330
17
100
AcDbEntity
  8
LINES
100
AcDbLine
 10
529.914
 20
149.904
 30
0.0
 11
529.194
 21
147.88799999999992
 31
0.0
  0
LINE
  5
161
330
17
100
AcDbEntity
  8
LINES
100
AcDbLine
 10
530.634
 20
147.024
 30
0.0
 11
526.17
 21
146.30399999999997
 31
0.0
  0
LINE
  5
162
330
17
100
AcDbEntity
  8
LINES
100
AcDbLine
 10
530.202
 20
154.22399999999993
 30
0.0
 11
526.458
 21
153.50400000000002
 31
0.0
  0
LINE
  5
163
330
17
100
AcDbEntity
  8
LINES
100
AcDbLine
 10
533.37
 20
150.76800000000003
 30
0.0
 11
531.4979999999999
 21
149.904
 31
0.0
  0
LINE
  5
164
330
17
100
AcDbEntity
  8
LINES
100
AcDbLine
 10
533.226
 20
154.07999999999993
 30
0.0
 11
531.786
 21
150.048
 31
0.0
  0
LINE
  5
165
330
17
100
AcDbEntity
  8
LINES
100
AcDbLine
 10
531.354
 20
152.35199999999998
 30
0.0
 11
532.794
 21
153.072
 31
0.0
  0
LINE
  5
166
330
17
100
AcDbEntity
  8
LINES
100
AcDbLine
 10
531.4979999999999
 20
147.74400000000003
 30
0.0
 11
533.514
 21
149.03999999999996
 31
0.0
  0
LINE
  5
167
330
17
100
AcDbEntity
  8
LINES
100
AcDbLine
 10
532.65
 20
156.096
 30
0.0
 11
531.4979999999999
 21
152.49599999999998
 31
0.0
  0
LINE
  5
168
330
17
100
AcDbEntity
  8
LINES
100
AcDbLine
 10
533.658
 20
152.928
 30
0.0
 11
535.818
 21
154.22399999999993
 31
0.0
  0
LINE
  5
169
330
17
100
AcDbEntity
  8
LINES
100
AcDbLine
 10
533.658
 20
151.05600000000004
 30
0.0
 11
535.962
 21
152.20799999999997
 31
0.0
  0
LINE
  5
16A
330
17
100
AcDbEntity
  8
LINES
100
AcDbLine
 10
535.098
 20
155.952
 30
0.0
 11
535.818
 21
155.08799999999997
 31
0.0
  0
LINE
  5
16B
330
17
100
AcDbEntity
  8
LINES
100
AcDbLine
 10
539.994
 20
156.67200000000003
 30
0.0
 11
539.994
 21
151.77599999999995
 31
0.0
  0
LINE
  5
16C
330
17
100
AcDbEntity
  8
LINES
100
AcDbLine
 10
538.698
 20
153.072
 30
0.0
 11
541.434
 21
153.50400000000002
 31
0.0
  0
LINE
  5
16D
330
17
100
AcDbEntity
  8
LINES
100
AcDbLine
 10
539.274
 20
150.336
 30
0.0
 11
539.274
 21
146.30399999999997
 31
0.0
  0
LINE
  5
16E
330
17
100
AcDbEntity
  8
LINES
100
AcDbLine
 10
539.13
 20
146.01599999999996
 30
0.0
 11
540.426
 21
148.03199999999993
 31
0.0
  0
LINE
  5
16F
330
17
100
AcDbEntity
  8
LINES
100
AcDbLine
 10
541.722
 20
151.05600000000004
 30
0.0
 11
540.858
 21
149.32799999999997
 31
0.0
  0
LINE
  5
170
330
17
100
AcDbEntity
  8
LINES
100
AcDbLine
 10
542.586
 20
152.06399999999996
 30
0.0
 11
537.5459999999999
 21
151.48800000000006
 31
0.0
  0
LINE
  5
171
330
17
100
AcDbEntity
  8
LINES
100
AcDbLine
 10
538.266
 20
154.65599999999995
 30
0.0
 11
542.01
 21
155.08799999999997
 31
0.0
  0
LINE
  5
172
330
17
100
AcDbEntity
  8
LINES
100
AcDbLine
 10
544.17
 20
152.06399999999996
 30
0.0
 11
548.634
 21
152.35199999999998
 31
0.0
  0
LINE
  5
173
330
17
100
AcDbEntity
  8
LINES
100
AcDbLine
 10
545.61
 20
151.05600000000004
 30
0.0
 11
544.026
 21
147.74400000000003
 31
0.0
  0
LINE
  5
174
330
17
100
AcDbEntity
  8
LINES
100
AcDbLine
 10
546.906
 20
150.62400000000002
 30
0.0
 11
548.346
 21
148.31999999999994
 31
0.0
  0
LINE
  5
175
330
17
100
AcDbEntity
  8
LINES
100
AcDbLine
 10
544.746
 20
154.94399999999996
 30
0.0
 11
547.482
 21
155.23199999999997
 31
0.0
  0
LINE
  5
176
330
17
100
AcDbEntity
  8
LINES
100
AcDbLine
 10
552.234
 20
156.67200000000003
 30
0.0
 11
552.234
 21
146.01599999999996
 31
0.0
  0
LINE
  5
177
330
17
100
AcDbEntity
  8
LINES
100
AcDbLine
 10
549.786
 20
153.216
 30
0.0
 11
554.682
 21
153.93599999999992
 31
0.0
  0
LINE
  5
178
330
17
100
AcDbEntity
  8
LINES
100
AcDbLine
 10
551.082
 20
148.89599999999996
 30
0.0
 11
553.53
 21
149.18399999999997
 31
0.0
  0
LINE
  5
179
330
17
100
AcDbEntity
  8
LINES
100
AcDbLine
 10
559.434
 20
150.48000000000002
 30
0.0
 11
558.7139999999999
 21
146.15999999999997
 31
0.0
  0
LINE
  5
17A
330
17
100
AcDbEntity
  8
LINES
100
AcDbLine
 10
559.578
 20
152.928
 30
0.0
 11
560.442
 21
153.216
 31
0.0
  0
LINE
  5
17B
330
17
100
AcDbEntity
  8
LINES
100
AcDbLine
 10
559.434
 20
150.62400000000002
 30
0.0
 11
560.442
 21
150.91200000000003
 31
0.0
  0
LINE
  5
17C
330
17
100
AcDbEntity
  8
LINES
100
AcDbLine
 10
555.978
 20
154.22399999999993
 30
0.0
 11
558.858
 21
154.79999999999995
 31
0.0
  0
LINE
  5
17D
330
17
100
AcDbEntity
  8
LINES
100
AcDbLine
 10
556.842
 20
156.38400000000001
 30
0.0
 11
556.842
 21
149.904
 31
0.0
  0
LINE
  5
17E
330
17
100
AcDbEntity
  8
LINES
100
AcDbLine
 10
555.6899999999999
 20
149.61599999999999
 30
0.0
 11
558.858
 21
150.192
 31
0.0
  0
LINE
  5
17F
330
17
100
AcDbEntity
  8
LINES
100
AcDbLine
 10
558.282
 20
156.67200000000003
 30
0.0
 11
557.994
 21
150.048
 31
0.0
  0
LINE
  5
180
330
17
100
AcDbEntity
  8
LINES
100
AcDbLine
 10
556.842
 20
152.928
 30
0.0
 11
557.85
 21
153.072
 31
0.0
  0
LINE
  5
181
330
17
100
AcDbEntity
  8
LINES
100
AcDbLine
 10
556.842
 20
151.34400000000005
 30
0.0
 11
557.85
 21
151.63199999999995
 31
0.0
  0
LINE
  5
182
330
17
100
AcDbEntity
  8
LINES
100
AcDbLine
 10
556.842
 20
149.03999999999996
 30
0.0
 11
555.6899999999999
 21
146.44799999999998
 31
0.0
  0
LINE
  5
183
330
17
100
AcDbEntity
  8
LINES
100
AcDbLine
 10
557.562
 20
149.18399999999997
 30
0.0
 11
558.138
 21
147.45600000000002
 31
0.0
  0
LINE
  5
184
330
17
100
AcDbEntity
  8
LINES
100
AcDbLine
 10
559.578
 20
155.23199999999997
 30
0.0
 11
560.586
 21
155.51999999999998
 31
0.0
  0
LINE
  5
185
330
17
100
AcDbEntity
  8
LINES
100
AcDbLine
 10
559.578
 20
155.664
 30
0.0
 11
559.434
 21
150.336
 31
0.0
  0
LINE
  5
186
330
17
100
AcDbEntity
  8
LINES
100
AcDbLine
 10
566.058
 20
152.64
 30
0.0
 11
566.058
 21
146.15999999999997
 31
0.0
  0
LINE
  5
187
330
17
100
AcDbEntity
  8
LINES
100
AcDbLine
 10
564.906
 20
152.49599999999998
 30
0.0
 11
566.922
 21
152.928
 31
0.0
  0
LINE
  5
188
330
17
100
AcDbEntity
  8
LINES
100
AcDbLine
 10
566.49
 20
156.24
 30
0.0
 11
565.05
 21
154.51199999999994
 31
0.0
  0
LINE
  5
189
330
17
100
AcDbEntity
  8
LINES
100
AcDbLine
 10
563.61
 20
149.76
 30
0.0
 11
564.4739999999999
 21
148.46399999999994
 31
0.0
  0
LINE
  5
18A
330
17
100
AcDbEntity
  8
LINES
100
AcDbLine
 10
562.89
 20
149.76
 30
0.0
 11
561.7379999999999
 21
147.60000000000002
 31
0.0
  0
LINE
  5
18B
330
17
100
AcDbEntity
  8
LINES
100
AcDbLine
 10
562.17
 20
150.336
 30
0.0
 11
564.33
 21
150.91200000000003
 31
0.0
  0
LINE
  5
18C
330
17
100
AcDbEntity
  8
LINES
100
AcDbLine
 10
561.7379999999999
 20
152.06399999999996
 30
0.0
 11
564.4739999999999
 21
152.49599999999998
 31
0.0
  0
LINE
  5
18D
330
17
100
AcDbEntity
  8
LINES
100
AcDbLine
 10
563.61
 20
154.79999999999995
 30
0.0
 11
563.466
 21
152.49599999999998
 31
0.0
  0
LINE
  5
18E
330
17
100
AcDbEntity
  8
LINES
100
AcDbLine
 10
562.602
 20
154.22399999999993
 30
0.0
 11
562.89
 21
152.928
 31
0.0
  0
LINE
  5
18F
330
17
100
AcDbEntity
  8
LINES
100
AcDbLine
 10
562.17
 20
154.65599999999995
 30
0.0
 11
564.33
 21
154.94399999999996
 31
0.0
  0
LINE
  5
190
330
17
100
AcDbEntity
  8
LINES
100
AcDbLine
 10
562.89
 20
156.52800000000002
 30
0.0
 11
563.322
 21
155.51999999999998
 31
0.0
  0
LINE
  5
191
330
17
100
AcDbEntity
  8
LINES
100
AcDbLine
 10
570.234
 20
150.91200000000003
 30
0.0
 11
572.538
 21
151.34400000000005
 31
0.0
  0
LINE
  5
192
330
17
100
AcDbEntity
  8
LINES
100
AcDbLine
 10
571.386
 20
156.81600000000003
 30
0.0
 11
571.386
 21
147.88799999999992
 31
0.0
  0
LINE
  5
193
330
17
100
AcDbEntity
  8
LINES
100
AcDbLine
 10
569.946
 20
153.64800000000002
 30
0.0
 11
572.97
 21
154.22399999999993
 31
0.0
  0
LINE
  5
194
330
17
100
AcDbEntity
  8
LINES
100
AcDbLine
 10
572.394
 20
155.51999999999998
 30
0.0
 11
570.234
 21
155.08799999999997
 31
0.0
  0
LINE
  5
195
330
17
100
AcDbEntity
  8
LINES
100
AcDbLine
 10
572.25
 20
152.64
 30
0.0
 11
572.538
 21
155.808
 31
0.0
  0
LINE
  5
196
330
17
100
AcDbEntity
  8
LINES
100
AcDbLine
 10
568.074
 20
150.336
 30
0.0
 11
572.25
 21
146.30399999999997
 31
0.0
  0
LINE
  5
197
330
17
100
AcDbEntity
  8
LINES
100
AcDbLine
 10
568.218
 20
154.94399999999996
 30
0.0
 11
569.658
 21
155.37599999999998
 31
0.0
  0
LINE
  5
198
330
17
100
AcDbEntity
  8
LINES
100
AcDbLine
 10
568.794
 20
152.06399999999996
 30
0.0
 11
569.658
 21
155.664
 31
0.0
  0
LINE
  5
199
330
17
100
AcDbEntity
  8
LINES
100
AcDbLine
 10
568.506
 20
151.91999999999996
 30
0.0
 11
569.802
 21
152.35199999999998
 31
0.0
  0
LINE
  5
19A
330
17
100
AcDbEntity
  8
LINES
100
AcDbLine
 10
572.25
 20
146.15999999999997
 30
0.0
 11
572.97
 21
146.30399999999997
 31
0.0
  0
LINE
  5
19B
330
17
100
AcDbEntity
  8
LINES
100
AcDbLine
 10
570.5219999999999
 20
152.20799999999997
 30
0.0
 11
572.394
 21
152.49599999999998
 31
0.0
  0
LINE
  5
19C
330
17
100
AcDbEntity
  8
LINES
100
AcDbLine
 10
572.826
 20
150.192
 30
0.0
 11
570.09
 21
149.76
 31
0.0
  0
LINE
  5
19D
330
17
100
AcDbEntity
  8
LINES
100
AcDbLine
 10
577.578
 20
155.808
 30
0.0
 11
577.578
 21
146.15999999999997
 31
0.0
  0
LINE
  5
19E
330
17
100
AcDbEntity
  8
LINES
100
AcDbLine
 10
577.578
 20
154.79999999999995
 30
0.0
 11
578.73
 21
154.94399999999996
 31
0.0
  0
LINE
  5
19F
330
17
100
AcDbEntity
  8
LINES
100
AcDbLine
 10
578.874
 20
155.23199999999997
 30
0.0
 11
578.298
 21
152.49599999999998
 31
0.0
  0
LINE
  5
1A0
330
17
100
AcDbEntity
  8
LINES
100
AcDbLine
 10
578.586
 20
148.31999999999994
 30
0.0
 11
578.01
 21
149.61599999999999
 31
0.0
  0
LINE
  5
1A1
330
17
100
AcDbEntity
  8
LINES
100
AcDbLine
 10
575.562
 20
156.67200000000003
 30
0.0
 11
575.994
 21
154.94399999999996
 31
0.0
  0
LINE
  5
1A2
330
17
100
AcDbEntity
  8
LINES
100
AcDbLine
 10
577.002
 20
154.65599999999995
 30
0.0
 11
574.41
 21
154.22399999999993
 31
0.0
  0
LINE
  5
1A3
330
17
100
AcDbEntity
  8
LINES
100
AcDbLine
 10
576.4259999999999
 20
154.51199999999994
 30
0.0
 11
575.994
 21
151.63199999999995
 31
0.0
  0
LINE
  5
1A4
330
17
100
AcDbEntity
  8
LINES
100
AcDbLine
 10
575.274
 20
152.06399999999996
 30
0.0
 11
575.13
 21
153.64800000000002
 31
0.0
  0
LINE
  5
1A5
330
17
100
AcDbEntity
  8
LINES
100
AcDbLine
 10
576.4259999999999
 20
148.31999999999994
 30
0.0
 11
576.5699999999999
 21
150.62400000000002
 31
0.0
  0
LINE
  5
1A6
330
17
100
AcDbEntity
  8
LINES
100
AcDbLine
 10
576.4259999999999
 20
150.192
 30
0.0
 11
574.986
 21
149.76
 31
0.0
  0
LINE
  5
1A7
330
17
100
AcDbEntity
  8
LINES
100
AcDbLine
 10
573.834
 20
151.20000000000005
 30
0.0
 11
577.29
 21
151.91999999999996
 31
0.0
  0
LINE
  5
1A8
330
17
100
AcDbEntity
  8
LINES
100
AcDbLine
 10
574.986
 20
150.62400000000002
 30
0.0
 11
574.986
 21
146.88
 31
0.0
  0
LINE
  5
1A9
330
17
100
AcDbEntity
  8
LINES
100
AcDbLine
 10
574.986
 20
147.88799999999992
 30
0.0
 11
576.7139999999999
 21
148.31999999999994
 31
0.0
  0
LINE
  5
1AA
330
17
100
AcDbEntity
  8
LINES
100
AcDbLine
 10
583.77
 20
151.34400000000005
 30
0.0
 11
583.338
 21
148.03199999999993
 31
0.0
  0
LINE
  5
1AB
330
17
100
AcDbEntity
  8
LINES
100
AcDbLine
 10
581.178
 20
150.91200000000003
 30
0.0
 11
583.626
 21
150.91200000000003
 31
0.0
  0
LINE
  5
1AC
330
17
100
AcDbEntity
  8
LINES
100
AcDbLine
 10
582.906
 20
156.38400000000001
 30
0.0
 11
583.77
 21
153.64800000000002
 31
0.0
  0
LINE
  5
1AD
330
17
100
AcDbEntity
  8
LINES
100
AcDbLine
 10
306.57000000000005
 20
128.01599999999996
 30
0.0
 11
306.42600000000004
 21
128.01599999999996
 31
0.0
  0
LINE
  5
1AE
330
17
100
AcDbEntity
  8
LINES
100
AcDbLine
 10
306.57000000000005
 20
128.59199999999998
 30
0.0
 11
306.57000000000005
 21
128.01599999999996
 31
0.0
  0
LINE
  5
1AF
330
17
100
AcDbEntity
  8
LINES
100
AcDbLine
 10
306.57000000000005
 20
129.024
 30
0.0
 11
306.57000000000005
 21
128.59199999999998
 31
0.0
  0
LINE
  5
1B0
330
17
100
AcDbEntity
  8
LINES
100
AcDbLine
 10
306.28200000000004
 20
128.44799999999998
 30
0.0
 11
306.13800000000003
 21
129.45600000000002
 31
0.0
  0
LINE
  5
1B1
330
17
100
AcDbEntity
  8
LINES
100
AcDbLine
 10
306.28200000000004
 20
128.01599999999996
 30
0.0
 11
306.28200000000004
 21
128.44799999999998
 31
0.0
  0
LINE
  5
1B2
330
17
100
AcDbEntity
  8
LINES
100
AcDbLine
 10
305.274
 20
130.31999999999994
 30
0.0
 11
305.994
 21
129.74400000000003
 31
0.0
  0
LINE
  5
1B3
330
17
100
AcDbEntity
  8
LINES
100
AcDbLine
 10
306.42600000000004
 20
128.01599999999996
 30
0.0
 11
306.28200000000004
 21
128.01599999999996
 31
0.0
  0
LINE
  5
1B4
330
17
100
AcDbEntity
  8
LINES
100
AcDbLine
 10
305.994
 20
129.74400000000003
 30
0.0
 11
306.57000000000005
 21
129.024
 31
0.0
  0
LINE
  5
1B5
330
17
100
AcDbEntity
  8
LINES
100
AcDbLine
 10
313.77
 20
137.808
 30
0.0
 11
313.77
 21
127.15200000000004
 31
0.0
  0
LINE
  5
1B6
330
17
100
AcDbEntity
  8
LINES
100
AcDbLine
 10
311.322
 20
134.35199999999998
 30
0.0
 11
316.21799999999996
 21
135.072
 31
0.0
  0
LINE
  5
1B7
330
17
100
AcDbEntity
  8
LINES
100
AcDbLine
 10
312.61800000000005
 20
129.88799999999992
 30
0.0
 11
315.06600000000003
 21
130.31999999999994
 31
0.0
  0
LINE
  5
1B8
330
17
100
AcDbEntity
  8
LINES
100
AcDbLine
 10
320.97
 20
131.61599999999999
 30
0.0
 11
320.394
 21
127.29600000000005
 31
0.0
  0
LINE
  5
1B9
330
17
100
AcDbEntity
  8
LINES
100
AcDbLine
 10
321.11400000000003
 20
134.06399999999996
 30
0.0
 11
321.97799999999995
 21
134.35199999999998
 31
0.0
  0
LINE
  5
1BA
330
17
100
AcDbEntity
  8
LINES
100
AcDbLine
 10
320.97
 20
131.76
 30
0.0
 11
321.97799999999995
 21
131.904
 31
0.0
  0
LINE
  5
1BB
330
17
100
AcDbEntity
  8
LINES
100
AcDbLine
 10
317.514
 20
135.216
 30
0.0
 11
320.394
 21
135.79200000000003
 31
0.0
  0
LINE
  5
1BC
330
17
100
AcDbEntity
  8
LINES
100
AcDbLine
 10
318.37800000000004
 20
137.51999999999998
 30
0.0
 11
318.37800000000004
 21
131.03999999999996
 31
0.0
  0
LINE
  5
1BD
330
17
100
AcDbEntity
  8
LINES
100
AcDbLine
 10
317.37
 20
130.60799999999995
 30
0.0
 11
320.394
 21
131.18399999999997
 31
0.0
  0
LINE
  5
1BE
330
17
100
AcDbEntity
  8
LINES
100
AcDbLine
 10
319.818
 20
137.808
 30
0.0
 11
319.53
 21
131.18399999999997
 31
0.0
  0
LINE
  5
1BF
330
17
100
AcDbEntity
  8
LINES
100
AcDbLine
 10
318.37800000000004
 20
133.91999999999996
 30
0.0
 11
319.53
 21
134.20799999999997
 31
0.0
  0
LINE
  5
1C0
330
17
100
AcDbEntity
  8
LINES
100
AcDbLine
 10
318.37800000000004
 20
132.48000000000002
 30
0.0
 11
319.53
 21
132.76800000000003
 31
0.0
  0
LINE
  5
1C1
330
17
100
AcDbEntity
  8
LINES
100
AcDbLine
 10
318.37800000000004
 20
130.17599999999993
 30
0.0
 11
317.226
 21
127.58399999999995
 31
0.0
  0
LINE
  5
1C2
330
17
100
AcDbEntity
  8
LINES
100
AcDbLine
 10
319.24199999999996
 20
130.31999999999994
 30
0.0
 11
319.818
 21
128.59199999999998
 31
0.0
  0
LINE
  5
1C3
330
17
100
AcDbEntity
  8
LINES
100
AcDbLine
 10
321.11400000000003
 20
136.36799999999994
 30
0.0
 11
322.26599999999996
 21
136.51199999999994
 31
0.0
  0
LINE
  5
1C4
330
17
100
AcDbEntity
  8
LINES
100
AcDbLine
 10
321.11400000000003
 20
136.79999999999995
 30
0.0
 11
320.97
 21
131.47199999999998
 31
0.0
  0
LINE
  5
1C5
330
17
100
AcDbEntity
  8
LINES
100
AcDbLine
 10
327.59400000000005
 20
133.77599999999995
 30
0.0
 11
327.59400000000005
 21
127.29600000000005
 31
0.0
  0
LINE
  5
1C6
330
17
100
AcDbEntity
  8
LINES
100
AcDbLine
 10
326.442
 20
133.63199999999995
 30
0.0
 11
328.45799999999997
 21
133.91999999999996
 31
0.0
  0
LINE
  5
1C7
330
17
100
AcDbEntity
  8
LINES
100
AcDbLine
 10
328.02599999999995
 20
137.23199999999997
 30
0.0
 11
326.586
 21
135.64800000000002
 31
0.0
  0
LINE
  5
1C8
330
17
100
AcDbEntity
  8
LINES
100
AcDbLine
 10
325.28999999999996
 20
130.89599999999996
 30
0.0
 11
326.01
 21
129.60000000000002
 31
0.0
  0
LINE
  5
1C9
330
17
100
AcDbEntity
  8
LINES
100
AcDbLine
 10
324.42600000000004
 20
130.89599999999996
 30
0.0
 11
323.418
 21
128.736
 31
0.0
  0
LINE
  5
1CA
330
17
100
AcDbEntity
  8
LINES
100
AcDbLine
 10
323.706
 20
131.47199999999998
 30
0.0
 11
325.866
 21
131.904
 31
0.0
  0
LINE
  5
1CB
330
17
100
AcDbEntity
  8
LINES
100
AcDbLine
 10
323.418
 20
133.20000000000005
 30
0.0
 11
326.154
 21
133.63199999999995
 31
0.0
  0
LINE
  5
1CC
330
17
100
AcDbEntity
  8
LINES
100
AcDbLine
 10
325.28999999999996
 20
135.79200000000003
 30
0.0
 11
325.00199999999995
 21
133.63199999999995
 31
0.0
  0
LINE
  5
1CD
330
17
100
AcDbEntity
  8
LINES
100
AcDbLine
 10
324.13800000000003
 20
135.216
 30
0.0
 11
324.42600000000004
 21
133.91999999999996
 31
0.0
  0
LINE
  5
1CE
330
17
100
AcDbEntity
  8
LINES
100
AcDbLine
 10
323.706
 20
135.79200000000003
 30
0.0
 11
325.866
 21
136.07999999999993
 31
0.0
  0
LINE
  5
1CF
330
17
100
AcDbEntity
  8
LINES
100
AcDbLine
 10
324.42600000000004
 20
137.664
 30
0.0
 11
324.85800000000006
 21
136.51199999999994
 31
0.0
  0
LINE
  5
1D0
330
17
100
AcDbEntity
  8
LINES
100
AcDbLine
 10
331.914
 20
132.048
 30
0.0
 11
334.07399999999996
 21
132.48000000000002
 31
0.0
  0
LINE
  5
1D1
330
17
100
AcDbEntity
  8
LINES
100
AcDbLine
 10
333.06600000000003
 20
137.808
 30
0.0
 11
333.06600000000003
 21
129.024
 31
0.0
  0
LINE
  5
1D2
330
17
100
AcDbEntity
  8
LINES
100
AcDbLine
 10
331.48199999999997
 20
134.784
 30
0.0
 11
334.65
 21
135.216
 31
0.0
  0
LINE
  5
1D3
330
17
100
AcDbEntity
  8
LINES
100
AcDbLine
 10
333.92999999999995
 20
136.51199999999994
 30
0.0
 11
331.914
 21
136.22399999999993
 31
0.0
  0
LINE
  5
1D4
330
17
100
AcDbEntity
  8
LINES
100
AcDbLine
 10
333.78600000000006
 20
133.77599999999995
 30
0.0
 11
334.07399999999996
 21
136.94399999999996
 31
0.0
  0
LINE
  5
1D5
330
17
100
AcDbEntity
  8
LINES
100
AcDbLine
 10
329.754
 20
131.32799999999997
 30
0.0
 11
333.78600000000006
 21
127.29600000000005
 31
0.0
  0
LINE
  5
1D6
330
17
100
AcDbEntity
  8
LINES
100
AcDbLine
 10
329.754
 20
136.07999999999993
 30
0.0
 11
331.19399999999996
 21
136.51199999999994
 31
0.0
  0
LINE
  5
1D7
330
17
100
AcDbEntity
  8
LINES
100
AcDbLine
 10
330.33000000000004
 20
133.20000000000005
 30
0.0
 11
331.33799999999997
 21
136.79999999999995
 31
0.0
  0
LINE
  5
1D8
330
17
100
AcDbEntity
  8
LINES
100
AcDbLine
 10
330.04200000000003
 20
133.05600000000004
 30
0.0
 11
331.33799999999997
 21
133.48800000000006
 31
0.0
  0
LINE
  5
1D9
330
17
100
AcDbEntity
  8
LINES
100
AcDbLine
 10
333.78600000000006
 20
127.29600000000005
 30
0.0
 11
334.65
 21
127.43999999999994
 31
0.0
  0
LINE
  5
1DA
330
17
100
AcDbEntity
  8
LINES
100
AcDbLine
 10
332.058
 20
133.20000000000005
 30
0.0
 11
333.92999999999995
 21
133.63199999999995
 31
0.0
  0
LINE
  5
1DB
330
17
100
AcDbEntity
  8
LINES
100
AcDbLine
 10
334.36199999999997
 20
131.18399999999997
 30
0.0
 11
331.626
 21
130.89599999999996
 31
0.0
  0
LINE
  5
1DC
330
17
100
AcDbEntity
  8
LINES
100
AcDbLine
 10
340.40999999999997
 20
134.49599999999998
 30
0.0
 11
339.25800000000004
 21
136.51199999999994
 31
0.0
  0
LINE
  5
1DD
330
17
100
AcDbEntity
  8
LINES
100
AcDbLine
 10
336.09000000000003
 20
133.48800000000006
 30
0.0
 11
337.38599999999997
 21
136.51199999999994
 31
0.0
  0
LINE
  5
1DE
330
17
100
AcDbEntity
  8
LINES
100
AcDbLine
 10
338.25
 20
137.808
 30
0.0
 11
338.25
 21
134.49599999999998
 31
0.0
  0
LINE
  5
1DF
330
17
100
AcDbEntity
  8
LINES
100
AcDbLine
 10
336.95399999999995
 20
132.62400000000002
 30
0.0
 11
336.95399999999995
 21
127.29600000000005
 31
0.0
  0
LINE
  5
1E0
330
17
100
AcDbEntity
  8
LINES
100
AcDbLine
 10
339.40200000000004
 20
127.29600000000005
 30
0.0
 11
339.54600000000005
 21
133.05600000000004
 31
0.0
  0
LINE
  5
1E1
330
17
100
AcDbEntity
  8
LINES
100
AcDbLine
 10
339.54600000000005
 20
132.76800000000003
 30
0.0
 11
336.95399999999995
 21
132.336
 31
0.0
  0
LINE
  5
1E2
330
17
100
AcDbEntity
  8
LINES
100
AcDbLine
 10
336.95399999999995
 20
130.75199999999995
 30
0.0
 11
339.11400000000003
 21
131.18399999999997
 31
0.0
  0
LINE
  5
1E3
330
17
100
AcDbEntity
  8
LINES
100
AcDbLine
 10
336.95399999999995
 20
129.312
 30
0.0
 11
339.11400000000003
 21
129.74400000000003
 31
0.0
  0
LINE
  5
1E4
330
17
100
AcDbEntity
  8
LINES
100
AcDbLine
 10
336.95399999999995
 20
128.01599999999996
 30
0.0
 11
339.40200000000004
 21
128.15999999999997
 31
0.0
  0
LINE
  5
1E5
330
17
100
AcDbEntity
  8
LINES
100
AcDbLine
 10
342.13800000000003
 20
137.37599999999998
 30
0.0
 11
342.13800000000003
 21
128.01599999999996
 31
0.0
  0
LINE
  5
1E6
330
17
100
AcDbEntity
  8
LINES
100
AcDbLine
 10
342.13800000000003
 20
136.51199999999994
 30
0.0
 11
345.88199999999995
 21
137.08799999999997
 31
0.0
  0
LINE
  5
1E7
330
17
100
AcDbEntity
  8
LINES
100
AcDbLine
 10
343.722
 20
135.36
 30
0.0
 11
342.42600000000004
 21
130.46399999999994
 31
0.0
  0
LINE
  5
1E8
330
17
100
AcDbEntity
  8
LINES
100
AcDbLine
 10
342.71400000000006
 20
134.64
 30
0.0
 11
343.866
 21
131.76
 31
0.0
  0
LINE
  5
1E9
330
17
100
AcDbEntity
  8
LINES
100
AcDbLine
 10
345.16200000000003
 20
135.79200000000003
 30
0.0
 11
343.722
 21
130.03199999999993
 31
0.0
  0
LINE
  5
1EA
330
17
100
AcDbEntity
  8
LINES
100
AcDbLine
 10
344.298
 20
134.64
 30
0.0
 11
345.30600000000004
 21
131.03999999999996
 31
0.0
  0
LINE
  5
1EB
330
17
100
AcDbEntity
  8
LINES
100
AcDbLine
 10
348.33000000000004
 20
131.03999999999996
 30
0.0
 11
352.65
 21
131.03999999999996
 31
0.0
  0
LINE
  5
1EC
330
17
100
AcDbEntity
  8
LINES
100
AcDbLine
 10
364.602
 20
136.65599999999995
 30
0.0
 11
368.346
 21
137.23199999999997
 31
0.0
  0
LINE
  5
1ED
330
17
100
AcDbEntity
  8
LINES
100
AcDbLine
 10
369.21000000000004
 20
133.20000000000005
 30
0.0
 11
363.88199999999995
 21
132.336
 31
0.0
  0
LINE
  5
1EE
330
17
100
AcDbEntity
  8
LINES
100
AcDbLine
 10
365.034
 20
135.50400000000002
 30
0.0
 11
365.61
 21
133.48800000000006
 31
0.0
  0
LINE
  5
1EF
330
17
100
AcDbEntity
  8
LINES
100
AcDbLine
 10
367.33799999999997
 20
133.20000000000005
 30
0.0
 11
368.058
 21
135.93599999999992
 31
0.0
  0
LINE
  5
1F0
330
17
100
AcDbEntity
  8
LINES
100
AcDbLine
 10
366.61800000000005
 20
136.94399999999996
 30
0.0
 11
366.61800000000005
 21
127.29600000000005
 31
0.0
  0
LINE
  5
1F1
330
17
100
AcDbEntity
  8
LINES
100
AcDbLine
 10
372.23400000000004
 20
134.20799999999997
 30
0.0
 11
372.52200000000005
 21
136.79999999999995
 31
0.0
  0
LINE
  5
1F2
330
17
100
AcDbEntity
  8
LINES
100
AcDbLine
 10
374.394
 20
134.49599999999998
 30
0.0
 11
370.794
 21
133.91999999999996
 31
0.0
  0
LINE
  5
1F3
330
17
100
AcDbEntity
  8
LINES
100
AcDbLine
 10
372.80999999999995
 20
132.76800000000003
 30
0.0
 11
371.946
 21
132.62400000000002
 31
0.0
  0
LINE
  5
1F4
330
17
100
AcDbEntity
  8
LINES
100
AcDbLine
 10
371.946
 20
130.89599999999996
 30
0.0
 11
372.80999999999995
 21
131.18399999999997
 31
0.0
  0
LINE
  5
1F5
330
17
100
AcDbEntity
  8
LINES
100
AcDbLine
 10
373.24199999999996
 20
134.20799999999997
 30
0.0
 11
373.09799999999996
 21
128.88
 31
0.0
  0
LINE
  5
1F6
330
17
100
AcDbEntity
  8
LINES
100
AcDbLine
 10
371.946
 20
134.06399999999996
 30
0.0
 11
371.946
 21
128.736
 31
0.0
  0
LINE
  5
1F7
330
17
100
AcDbEntity
  8
LINES
100
AcDbLine
 10
374.106
 20
127.87199999999996
 30
0.0
 11
374.394
 21
135.072
 31
0.0
  0
LINE
  5
1F8
330
17
100
AcDbEntity
  8
LINES
100
AcDbLine
 10
370.794
 20
128.59199999999998
 30
0.0
 11
374.106
 21
129.024
 31
0.0
  0
LINE
  5
1F9
330
17
100
AcDbEntity
  8
LINES
100
AcDbLine
 10
370.794
 20
134.928
 30
0.0
 11
370.794
 21
127.72799999999995
 31
0.0
  0
LINE
  5
1FA
330
17
100
AcDbEntity
  8
LINES
100
AcDbLine
 10
374.97
 20
137.08799999999997
 30
0.0
 11
370.07399999999996
 21
136.51199999999994
 31
0.0
  0
LINE
  5
1FB
330
17
100
AcDbEntity
  8
LINES
100
AcDbLine
 10
377.418
 20
137.08799999999997
 30
0.0
 11
377.85
 21
135.36
 31
0.0
  0
LINE
  5
1FC
330
17
100
AcDbEntity
  8
LINES
100
AcDbLine
 10
376.26599999999996
 20
133.91999999999996
 30
0.0
 11
379.14599999999996
 21
134.49599999999998
 31
0.0
  0
LINE
  5
1FD
330
17
100
AcDbEntity
  8
LINES
100
AcDbLine
 10
376.986
 20
133.20000000000005
 30
0.0
 11
378.57000000000005
 21
129.60000000000002
 31
0.0
  0
LINE
  5
1FE
330
17
100
AcDbEntity
  8
LINES
100
AcDbLine
 10
379.722
 20
135.50400000000002
 30
0.0
 11
379.722
 21
130.03199999999993
 31
0.0
  0
LINE
  5
1FF
330
17
100
AcDbEntity
  8
LINES
100
AcDbLine
 10
377.418
 20
130.31999999999994
 30
0.0
 11
376.26599999999996
 21
128.01599999999996
 31
0.0
  0
LINE
  5
200
330
17
100
AcDbEntity
  8
LINES
100
AcDbLine
 10
387.06600000000003
 20
136.51199999999994
 30
0.0
 11
386.49
 21
134.49599999999998
 31
0.0
  0
LINE
  5
201
330
17
100
AcDbEntity
  8
LINES
100
AcDbLine
 10
382.89
 20
136.51199999999994
 30
0.0
 11
382.746
 21
134.06399999999996
 31
0.0
  0
LINE
  5
202
330
17
100
AcDbEntity
  8
LINES
100
AcDbLine
 10
382.89
 20
135.79200000000003
 30
0.0
 11
387.06600000000003
 21
136.22399999999993
 31
0.0
  0
LINE
  5
203
330
17
100
AcDbEntity
  8
LINES
100
AcDbLine
 10
384.33000000000004
 20
137.808
 30
0.0
 11
384.90599999999995
 21
136.79999999999995
 31
0.0
  0
LINE
  5
204
330
17
100
AcDbEntity
  8
LINES
100
AcDbLine
 10
383.466
 20
133.91999999999996
 30
0.0
 11
385.914
 21
134.49599999999998
 31
0.0
  0
LINE
  5
205
330
17
100
AcDbEntity
  8
LINES
100
AcDbLine
 10
385.04999999999995
 20
134.20799999999997
 30
0.0
 11
382.746
 21
131.76
 31
0.0
  0
LINE
  5
206
330
17
100
AcDbEntity
  8
LINES
100
AcDbLine
 10
384.33000000000004
 20
133.34400000000005
 30
0.0
 11
385.04999999999995
 21
131.904
 31
0.0
  0
LINE
  5
207
330
17
100
AcDbEntity
  8
LINES
100
AcDbLine
 10
384.76199999999994
 20
132.336
 30
0.0
 11
382.602
 21
130.03199999999993
 31
0.0
  0
LINE
  5
208
330
17
100
AcDbEntity
  8
LINES
100
AcDbLine
 10
385.04999999999995
 20
131.47199999999998
 30
0.0
 11
386.346
 21
133.20000000000005
 31
0.0
  0
LINE
  5
209
330
17
100
AcDbEntity
  8
LINES
100
AcDbLine
 10
388.65
 20
128.44799999999998
 30
0.0
 11
389.802
 21
134.20799999999997
 31
0.0
  0
LINE
  5
20A
330
17
100
AcDbEntity
  8
LINES
100
AcDbLine
 10
388.36199999999997
 20
129.60000000000002
 30
0.0
 11
388.65
 21
128.59199999999998
 31
0.0
  0
LINE
  5
20B
330
17
100
AcDbEntity
  8
LINES
100
AcDbLine
 10
388.65
 20
137.08799999999997
 30
0.0
 11
389.37
 21
135.79200000000003
 31
0.0
  0
LINE
  5
20C
330
17
100
AcDbEntity
  8
LINES
100
AcDbLine
 10
387.92999999999995
 20
134.20799999999997
 30
0.0
 11
388.794
 21
132.76800000000003
 31
0.0
  0
LINE
  5
20D
330
17
100
AcDbEntity
  8
LINES
100
AcDbLine
 10
391.09799999999996
 20
137.952
 30
0.0
 11
391.53
 21
136.79999999999995
 31
0.0
  0
LINE
  5
20E
330
17
100
AcDbEntity
  8
LINES
100
AcDbLine
 10
390.09000000000003
 20
135.79200000000003
 30
0.0
 11
393.11400000000003
 21
136.36799999999994
 31
0.0
  0
LINE
  5
20F
330
17
100
AcDbEntity
  8
LINES
100
AcDbLine
 10
391.818
 20
135.93599999999992
 30
0.0
 11
391.818
 21
133.20000000000005
 31
0.0
  0
LINE
  5
210
330
17
100
AcDbEntity
  8
LINES
100
AcDbLine
 10
391.09799999999996
 20
133.20000000000005
 30
0.0
 11
391.09799999999996
 21
135.79200000000003
 31
0.0
  0
LINE
  5
211
330
17
100
AcDbEntity
  8
LINES
100
AcDbLine
 10
390.66600000000005
 20
134.928
 30
0.0
 11
389.802
 21
133.20000000000005
 31
0.0
  0
LINE
  5
212
330
17
100
AcDbEntity
  8
LINES
100
AcDbLine
 10
392.25
 20
135.072
 30
0.0
 11
392.97
 21
133.91999999999996
 31
0.0
  0
LINE
  5
213
330
17
100
AcDbEntity
  8
LINES
100
AcDbLine
 10
390.37800000000004
 20
132.62400000000002
 30
0.0
 11
392.25
 21
132.91200000000003
 31
0.0
  0
LINE
  5
214
330
17
100
AcDbEntity
  8
LINES
100
AcDbLine
 10
392.394
 20
133.20000000000005
 30
0.0
 11
392.25
 21
131.76
 31
0.0
  0
LINE
  5
215
330
17
100
AcDbEntity
  8
LINES
100
AcDbLine
 10
392.25
 20
131.76
 30
0.0
 11
390.52200000000005
 21
131.32799999999997
 31
0.0
  0
LINE
  5
216
330
17
100
AcDbEntity
  8
LINES
100
AcDbLine
 10
390.52200000000005
 20
131.904
 30
0.0
 11
390.37800000000004
 21
130.17599999999993
 31
0.0
  0
LINE
  5
217
330
17
100
AcDbEntity
  8
LINES
100
AcDbLine
 10
390.37800000000004
 20
130.17599999999993
 30
0.0
 11
392.538
 21
130.60799999999995
 31
0.0
  0
LINE
  5
218
330
17
100
AcDbEntity
  8
LINES
100
AcDbLine
 10
407.514
 20
134.35199999999998
 30
0.0
 11
408.09000000000003
 21
132.91200000000003
 31
0.0
  0
LINE
  5
219
330
17
100
AcDbEntity
  8
LINES
100
AcDbLine
 10
408.23400000000004
 20
137.664
 30
0.0
 11
408.23400000000004
 21
131.18399999999997
 31
0.0
  0
LINE
  5
21A
330
17
100
AcDbEntity
  8
LINES
100
AcDbLine
 10
409.09799999999996
 20
132.48000000000002
 30
0.0
 11
410.25
 21
130.75199999999995
 31
0.0
  0
LINE
  5
21B
330
17
100
AcDbEntity
  8
LINES
100
AcDbLine
 10
410.394
 20
135.36
 30
0.0
 11
409.09799999999996
 21
133.05600000000004
 31
0.0
  0
LINE
  5
21C
330
17
100
AcDbEntity
  8
LINES
100
AcDbLine
 10
407.082
 20
130.89599999999996
 30
0.0
 11
408.23400000000004
 21
132.192
 31
0.0
  0
LINE
  5
21D
330
17
100
AcDbEntity
  8
LINES
100
AcDbLine
 10
406.794
 20
134.06399999999996
 30
0.0
 11
407.514
 21
132.62400000000002
 31
0.0
  0
LINE
  5
21E
330
17
100
AcDbEntity
  8
LINES
100
AcDbLine
 10
406.794
 20
134.49599999999998
 30
0.0
 11
405.21000000000004
 21
130.60799999999995
 31
0.0
  0
LINE
  5
21F
330
17
100
AcDbEntity
  8
LINES
100
AcDbLine
 10
405.49800000000005
 20
134.49599999999998
 30
0.0
 11
407.658
 21
135.072
 31
0.0
  0
LINE
  5
220
330
17
100
AcDbEntity
  8
LINES
100
AcDbLine
 10
406.794
 20
137.952
 30
0.0
 11
406.794
 21
127.43999999999994
 31
0.0
  0
LINE
  5
221
330
17
100
AcDbEntity
  8
LINES
100
AcDbLine
 10
411.97799999999995
 20
128.59199999999998
 30
0.0
 11
411.69000000000005
 21
129.60000000000002
 31
0.0
  0
LINE
  5
222
330
17
100
AcDbEntity
  8
LINES
100
AcDbLine
 10
411.97799999999995
 20
137.23199999999997
 30
0.0
 11
412.698
 21
135.79200000000003
 31
0.0
  0
LINE
  5
223
330
17
100
AcDbEntity
  8
LINES
100
AcDbLine
 10
412.12199999999996
 20
132.91200000000003
 30
0.0
 11
411.25800000000004
 21
134.35199999999998
 31
0.0
  0
LINE
  5
224
330
17
100
AcDbEntity
  8
LINES
100
AcDbLine
 10
411.97799999999995
 20
128.44799999999998
 30
0.0
 11
413.13
 21
134.20799999999997
 31
0.0
  0
LINE
  5
225
330
17
100
AcDbEntity
  8
LINES
100
AcDbLine
 10
414.85799999999995
 20
135.64800000000002
 30
0.0
 11
414.71399999999994
 21
129.312
 31
0.0
  0
LINE
  5
226
330
17
100
AcDbEntity
  8
LINES
100
AcDbLine
 10
412.698
 20
129.024
 30
0.0
 11
416.73
 21
129.312
 31
0.0
  0
LINE
  5
227
330
17
100
AcDbEntity
  8
LINES
100
AcDbLine
 10
413.418
 20
135.50400000000002
 30
0.0
 11
416.298
 21
135.79200000000003
 31
0.0
  0
LINE
  5
228
330
17
100
AcDbEntity
  8
LINES
100
AcDbLine
 10
417.59400000000005
 20
136.22399999999993
 30
0.0
 11
422.49
 21
136.79999999999995
 31
0.0
  0
LINE
  5
229
330
17
100
AcDbEntity
  8
LINES
100
AcDbLine
 10
418.45799999999997
 20
134.64
 30
0.0
 11
418.602
 21
127.43999999999994
 31
0.0
  0
LINE
  5
22A
330
17
100
AcDbEntity
  8
LINES
100
AcDbLine
 10
421.914
 20
127.87199999999996
 30
0.0
 11
422.058
 21
134.784
 31
0.0
  0
LINE
  5
22B
330
17
100
AcDbEntity
  8
LINES
100
AcDbLine
 10
422.058
 20
134.49599999999998
 30
0.0
 11
418.45799999999997
 21
134.06399999999996
 31
0.0
  0
LINE
  5
22C
330
17
100
AcDbEntity
  8
LINES
100
AcDbLine
 10
436.89
 20
134.35199999999998
 30
0.0
 11
437.466
 21
132.91200000000003
 31
0.0
  0
LINE
  5
22D
330
17
100
AcDbEntity
  8
LINES
100
AcDbLine
 10
437.61
 20
137.664
 30
0.0
 11
437.61
 21
131.18399999999997
 31
0.0
  0
LINE
  5
22E
330
17
100
AcDbEntity
  8
LINES
100
AcDbLine
 10
438.47400000000005
 20
132.48000000000002
 30
0.0
 11
439.626
 21
130.75199999999995
 31
0.0
  0
LINE
  5
22F
330
17
100
AcDbEntity
  8
LINES
100
AcDbLine
 10
439.77
 20
135.36
 30
0.0
 11
438.47400000000005
 21
133.05600000000004
 31
0.0
  0
LINE
  5
230
330
17
100
AcDbEntity
  8
LINES
100
AcDbLine
 10
436.45799999999997
 20
130.89599999999996
 30
0.0
 11
437.61
 21
132.192
 31
0.0
  0
LINE
  5
231
330
17
100
AcDbEntity
  8
LINES
100
AcDbLine
 10
436.16999999999996
 20
134.06399999999996
 30
0.0
 11
436.89
 21
132.62400000000002
 31
0.0
  0
LINE
  5
232
330
17
100
AcDbEntity
  8
LINES
100
AcDbLine
 10
436.16999999999996
 20
134.49599999999998
 30
0.0
 11
434.586
 21
130.60799999999995
 31
0.0
  0
LINE
  5
233
330
17
100
AcDbEntity
  8
LINES
100
AcDbLine
 10
434.874
 20
134.49599999999998
 30
0.0
 11
437.034
 21
135.072
 31
0.0
  0
LINE
  5
234
330
17
100
AcDbEntity
  8
LINES
100
AcDbLine
 10
436.16999999999996
 20
137.952
 30
0.0
 11
436.16999999999996
 21
127.43999999999994
 31
0.0
  0
LINE
  5
235
330
17
100
AcDbEntity
  8
LINES
100
AcDbLine
 10
441.21000000000004
 20
135.64800000000002
 30
0.0
 11
445.53
 21
136.22399999999993
 31
0.0
  0
LINE
  5
236
330
17
100
AcDbEntity
  8
LINES
100
AcDbLine
 10
444.37800000000004
 20
137.808
 30
0.0
 11
443.946
 21
134.49599999999998
 31
0.0
  0
LINE
  5
237
330
17
100
AcDbEntity
  8
LINES
100
AcDbLine
 10
442.65
 20
137.664
 30
0.0
 11
442.794
 21
134.49599999999998
 31
0.0
  0
LINE
  5
238
330
17
100
AcDbEntity
  8
LINES
100
AcDbLine
 10
442.21799999999996
 20
132.48000000000002
 30
0.0
 11
442.21799999999996
 21
127.29600000000005
 31
0.0
  0
LINE
  5
239
330
17
100
AcDbEntity
  8
LINES
100
AcDbLine
 10
447.40200000000004
 20
128.59199999999998
 30
0.0
 11
447.11400000000003
 21
129.60000000000002
 31
0.0
  0
LINE
  5
23A
330
17
100
AcDbEntity
  8
LINES
100
AcDbLine
 10
447.40200000000004
 20
137.23199999999997
 30
0.0
 11
448.12199999999996
 21
135.79200000000003
 31
0.0
  0
LINE
  5
23B
330
17
100
AcDbEntity
  8
LINES
100
AcDbLine
 10
447.54600000000005
 20
132.91200000000003
 30
0.0
 11
446.682
 21
134.35199999999998
 31
0.0
  0
LINE
  5
23C
330
17
100
AcDbEntity
  8
LINES
100
AcDbLine
 10
447.40200000000004
 20
128.44799999999998
 30
0.0
 11
448.554
 21
134.20799999999997
 31
0.0
  0
LINE
  5
23D
330
17
100
AcDbEntity
  8
LINES
100
AcDbLine
 10
450.28200000000004
 20
135.64800000000002
 30
0.0
 11
450.13800000000003
 21
129.312
 31
0.0
  0
LINE
  5
23E
330
17
100
AcDbEntity
  8
LINES
100
AcDbLine
 10
448.12199999999996
 20
129.024
 30
0.0
 11
452.154
 21
129.312
 31
0.0
  0
LINE
  5
23F
330
17
100
AcDbEntity
  8
LINES
100
AcDbLine
 10
448.842
 20
135.50400000000002
 30
0.0
 11
451.722
 21
135.79200000000003
 31
0.0
  0
LINE
  5
240
330
17
100
AcDbEntity
  8
LINES
100
AcDbLine
 10
464.106
 20
138.52800000000002
 30
0.0
 11
464.106
 21
127.29600000000005
 31
0.0
  0
LINE
  5
241
330
17
100
AcDbEntity
  8
LINES
100
AcDbLine
 10
461.082
 20
138.52800000000002
 30
0.0
 11
467.13
 21
138.52800000000002
 31
0.0
  0
LINE
  5
242
330
17
100
AcDbEntity
  8
LINES
100
AcDbLine
 10
479.226
 20
132.048
 30
0.0
 11
486.85799999999995
 21
132.048
 31
0.0
  0
LINE
  5
243
330
17
100
AcDbEntity
  8
LINES
100
AcDbLine
 10
509.034
 20
137.808
 30
0.0
 11
509.034
 21
133.20000000000005
 31
0.0
  0
LINE
  5
244
330
17
100
AcDbEntity
  8
LINES
100
AcDbLine
 10
511.33799999999997
 20
133.48800000000006
 30
0.0
 11
506.73
 21
132.91200000000003
 31
0.0
  0
LINE
  5
245
330
17
100
AcDbEntity
  8
LINES
100
AcDbLine
 10
511.48199999999997
 20
127.43999999999994
 30
0.0
 11
511.19399999999996
 21
129.88799999999992
 31
0.0
  0
LINE
  5
246
330
17
100
AcDbEntity
  8
LINES
100
AcDbLine
 10
508.16999999999996
 20
134.35199999999998
 30
0.0
 11
507.59399999999994
 21
136.22399999999993
 31
0.0
  0
LINE
  5
247
330
17
100
AcDbEntity
  8
LINES
100
AcDbLine
 10
509.61
 20
133.77599999999995
 30
0.0
 11
510.61799999999994
 21
136.36799999999994
 31
0.0
  0
LINE
  5
248
330
17
100
AcDbEntity
  8
LINES
100
AcDbLine
 10
513.93
 20
137.23199999999997
 30
0.0
 11
512.778
 21
133.48800000000006
 31
0.0
  0
LINE
  5
249
330
17
100
AcDbEntity
  8
LINES
100
AcDbLine
 10
512.49
 20
128.30399999999997
 30
0.0
 11
514.506
 21
129.88799999999992
 31
0.0
  0
LINE
  5
24A
330
17
100
AcDbEntity
  8
LINES
100
AcDbLine
 10
512.778
 20
130.75199999999995
 30
0.0
 11
514.506
 21
131.61599999999999
 31
0.0
  0
LINE
  5
24B
330
17
100
AcDbEntity
  8
LINES
100
AcDbLine
 10
514.506
 20
134.784
 30
0.0
 11
513.066
 21
130.89599999999996
 31
0.0
  0
LINE
  5
24C
330
17
100
AcDbEntity
  8
LINES
100
AcDbLine
 10
512.49
 20
133.20000000000005
 30
0.0
 11
514.218
 21
134.06399999999996
 31
0.0
  0
LINE
  5
24D
330
17
100
AcDbEntity
  8
LINES
100
AcDbLine
 10
517.242
 20
136.79999999999995
 30
0.0
 11
514.938
 21
135.36
 31
0.0
  0
LINE
  5
24E
330
17
100
AcDbEntity
  8
LINES
100
AcDbLine
 10
514.65
 20
132.48000000000002
 30
0.0
 11
517.818
 21
132.91200000000003
 31
0.0
  0
LINE
  5
24F
330
17
100
AcDbEntity
  8
LINES
100
AcDbLine
 10
516.234
 20
136.07999999999993
 30
0.0
 11
516.234
 21
127.29600000000005
 31
0.0
  0
LINE
  5
250
330
17
100
AcDbEntity
  8
LINES
100
AcDbLine
 10
521.994
 20
134.928
 30
0.0
 11
521.994
 21
129.60000000000002
 31
0.0
  0
LINE
  5
251
330
17
100
AcDbEntity
  8
LINES
100
AcDbLine
 10
521.274
 20
131.61599999999999
 30
0.0
 11
522.7139999999999
 21
131.904
 31
0.0
  0
LINE
  5
252
330
17
100
AcDbEntity
  8
LINES
100
AcDbLine
 10
521.274
 20
133.20000000000005
 30
0.0
 11
522.5699999999999
 21
133.34400000000005
 31
0.0
  0
LINE
  5
253
330
17
100
AcDbEntity
  8
LINES
100
AcDbLine
 10
521.562
 20
136.07999999999993
 30
0.0
 11
522.138
 21
135.072
 31
0.0
  0
LINE
  5
254
330
17
100
AcDbEntity
  8
LINES
100
AcDbLine
 10
520.842
 20
134.64
 30
0.0
 11
523.29
 21
135.216
 31
0.0
  0
LINE
  5
255
330
17
100
AcDbEntity
  8
LINES
100
AcDbLine
 10
520.842
 20
135.216
 30
0.0
 11
520.842
 21
129.74400000000003
 31
0.0
  0
LINE
  5
256
330
17
100
AcDbEntity
  8
LINES
100
AcDbLine
 10
518.538
 20
133.05600000000004
 30
0.0
 11
520.266
 21
133.48800000000006
 31
0.0
  0
LINE
  5
257
330
17
100
AcDbEntity
  8
LINES
100
AcDbLine
 10
519.402
 20
136.79999999999995
 30
0.0
 11
519.978
 21
135.216
 31
0.0
  0
LINE
  5
258
330
17
100
AcDbEntity
  8
LINES
100
AcDbLine
 10
523.002
 20
137.664
 30
0.0
 11
521.85
 21
135.64800000000002
 31
0.0
  0
LINE
  5
259
330
17
100
AcDbEntity
  8
LINES
100
AcDbLine
 10
520.842
 20
136.94399999999996
 30
0.0
 11
522.7139999999999
 21
137.23199999999997
 31
0.0
  0
LINE
  5
25A
330
17
100
AcDbEntity
  8
LINES
100
AcDbLine
 10
523.29
 20
127.58399999999995
 30
0.0
 11
523.866
 21
128.01599999999996
 31
0.0
  0
LINE
  5
25B
330
17
100
AcDbEntity
  8
LINES
100
AcDbLine
 10
526.89
 20
128.01599999999996
 30
0.0
 11
528.762
 21
128.30399999999997
 31
0.0
  0
LINE
  5
25C
330
17
100
AcDbEntity
  8
LINES
100
AcDbLine
 10
528.906
 20
131.18399999999997
 30
0.0
 11
528.6179999999999
 21
128.30399999999997
 31
0.0
  0
LINE
  5
25D
330
17
100
AcDbEntity
  8
LINES
100
AcDbLine
 10
526.89
 20
131.03999999999996
 30
0.0
 11
526.89
 21
127.29600000000005
 31
0.0
  0
LINE
  5
25E
330
17
100
AcDbEntity
  8
LINES
100
AcDbLine
 10
526.026
 20
135.072
 30
0.0
 11
529.77
 21
135.50400000000002
 31
0.0
  0
LINE
  5
25F
330
17
100
AcDbEntity
  8
LINES
100
AcDbLine
 10
527.61
 20
137.808
 30
0.0
 11
528.33
 21
135.79200000000003
 31
0.0
  0
LINE
  5
260
330
17
100
AcDbEntity
  8
LINES
100
AcDbLine
 10
526.314
 20
137.808
 30
0.0
 11
524.298
 21
132.48000000000002
 31
0.0
  0
LINE
  5
261
330
17
100
AcDbEntity
  8
LINES
100
AcDbLine
 10
525.5939999999999
 20
135.64800000000002
 30
0.0
 11
525.5939999999999
 21
127.29600000000005
 31
0.0
  0
LINE
  5
262
330
17
100
AcDbEntity
  8
LINES
100
AcDbLine
 10
526.746
 20
133.63199999999995
 30
0.0
 11
529.05
 21
133.91999999999996
 31
0.0
  0
LINE
  5
263
330
17
100
AcDbEntity
  8
LINES
100
AcDbLine
 10
529.05
 20
132.336
 30
0.0
 11
526.746
 21
131.904
 31
0.0
  0
LINE
  5
264
330
17
100
AcDbEntity
  8
LINES
100
AcDbLine
 10
526.89
 20
130.46399999999994
 30
0.0
 11
528.762
 21
130.75199999999995
 31
0.0
  0
LINE
  5
265
330
17
100
AcDbEntity
  8
LINES
100
AcDbLine
 10
531.354
 20
135.93599999999992
 30
0.0
 11
531.354
 21
129.88799999999992
 31
0.0
  0
LINE
  5
266
330
17
100
AcDbEntity
  8
LINES
100
AcDbLine
 10
531.354
 20
134.928
 30
0.0
 11
534.954
 21
135.36
 31
0.0
  0
LINE
  5
267
330
17
100
AcDbEntity
  8
LINES
100
AcDbLine
 10
535.098
 20
135.79200000000003
 30
0.0
 11
534.5219999999999
 21
131.18399999999997
 31
0.0
  0
LINE
  5
268
330
17
100
AcDbEntity
  8
LINES
100
AcDbLine
 10
534.81
 20
131.18399999999997
 30
0.0
 11
531.354
 21
130.75199999999995
 31
0.0
  0
LINE
  5
269
330
17
100
AcDbEntity
  8
LINES
100
AcDbLine
 10
531.93
 20
133.05600000000004
 30
0.0
 11
534.09
 21
133.34400000000005
 31
0.0
  0
LINE
  5
26A
330
17
100
AcDbEntity
  8
LINES
100
AcDbLine
 10
537.258
 20
137.08799999999997
 30
0.0
 11
537.258
 21
133.48800000000006
 31
0.0
  0
LINE
  5
26B
330
17
100
AcDbEntity
  8
LINES
100
AcDbLine
 10
537.258
 20
136.22399999999993
 30
0.0
 11
538.554
 21
136.51199999999994
 31
0.0
  0
LINE
  5
26C
330
17
100
AcDbEntity
  8
LINES
100
AcDbLine
 10
538.698
 20
136.79999999999995
 30
0.0
 11
538.41
 21
134.49599999999998
 31
0.0
  0
LINE
  5
26D
330
17
100
AcDbEntity
  8
LINES
100
AcDbLine
 10
538.698
 20
134.49599999999998
 30
0.0
 11
537.258
 21
134.35199999999998
 31
0.0
  0
LINE
  5
26E
330
17
100
AcDbEntity
  8
LINES
100
AcDbLine
 10
537.834
 20
132.048
 30
0.0
 11
538.842
 21
132.336
 31
0.0
  0
LINE
  5
26F
330
17
100
AcDbEntity
  8
LINES
100
AcDbLine
 10
536.682
 20
128.44799999999998
 30
0.0
 11
538.842
 21
129.88799999999992
 31
0.0
  0
LINE
  5
270
330
17
100
AcDbEntity
  8
LINES
100
AcDbLine
 10
537.834
 20
134.49599999999998
 30
0.0
 11
537.834
 21
129.312
 31
0.0
  0
LINE
  5
271
330
17
100
AcDbEntity
  8
LINES
100
AcDbLine
 10
536.97
 20
128.59199999999998
 30
0.0
 11
536.97
 21
132.62400000000002
 31
0.0
  0
LINE
  5
272
330
17
100
AcDbEntity
  8
LINES
100
AcDbLine
 10
540.138
 20
137.37599999999998
 30
0.0
 11
538.842
 21
133.34400000000005
 31
0.0
  0
LINE
  5
273
330
17
100
AcDbEntity
  8
LINES
100
AcDbLine
 10
539.562
 20
135.50400000000002
 30
0.0
 11
541.146
 21
135.79200000000003
 31
0.0
  0
LINE
  5
274
330
17
100
AcDbEntity
  8
LINES
100
AcDbLine
 10
540.282
 20
133.48800000000006
 30
0.0
 11
538.554
 21
130.89599999999996
 31
0.0
  0
LINE
  5
275
330
17
100
AcDbEntity
  8
LINES
100
AcDbLine
 10
539.418
 20
131.18399999999997
 30
0.0
 11
539.418
 21
127.29600000000005
 31
0.0
  0
LINE
  5
276
330
17
100
AcDbEntity
  8
LINES
100
AcDbLine
 10
539.418
 20
130.60799999999995
 30
0.0
 11
541.146
 21
130.89599999999996
 31
0.0
  0
LINE
  5
277
330
17
100
AcDbEntity
  8
LINES
100
AcDbLine
 10
541.146
 20
131.18399999999997
 30
0.0
 11
541.002
 21
128.15999999999997
 31
0.0
  0
LINE
  5
278
330
17
100
AcDbEntity
  8
LINES
100
AcDbLine
 10
541.146
 20
128.15999999999997
 30
0.0
 11
539.418
 21
128.01599999999996
 31
0.0
  0
LINE
  5
279
330
17
100
AcDbEntity
  8
LINES
100
AcDbLine
 10
541.29
 20
136.07999999999993
 30
0.0
 11
540.282
 21
133.34400000000005
 31
0.0
  0
LINE
  5
27A
330
17
100
AcDbEntity
  8
LINES
100
AcDbLine
 10
551.37
 20
137.808
 30
0.0
 11
551.37
 21
133.20000000000005
 31
0.0
  0
LINE
  5
27B
330
17
100
AcDbEntity
  8
LINES
100
AcDbLine
 10
553.674
 20
133.48800000000006
 30
0.0
 11
549.066
 21
132.91200000000003
 31
0.0
  0
LINE
  5
27C
330
17
100
AcDbEntity
  8
LINES
100
AcDbLine
 10
553.818
 20
127.43999999999994
 30
0.0
 11
553.53
 21
129.88799999999992
 31
0.0
  0
LINE
  5
27D
330
17
100
AcDbEntity
  8
LINES
100
AcDbLine
 10
550.506
 20
134.35199999999998
 30
0.0
 11
549.93
 21
136.22399999999993
 31
0.0
  0
LINE
  5
27E
330
17
100
AcDbEntity
  8
LINES
100
AcDbLine
 10
551.946
 20
133.77599999999995
 30
0.0
 11
552.954
 21
136.36799999999994
 31
0.0
  0
LINE
  5
27F
330
17
100
AcDbEntity
  8
LINES
100
AcDbLine
 10
555.978
 20
135.64800000000002
 30
0.0
 11
556.122
 21
129.312
 31
0.0
  0
LINE
  5
280
330
17
100
AcDbEntity
  8
LINES
100
AcDbLine
 10
555.978
 20
134.928
 30
0.0
 11
559.002
 21
135.216
 31
0.0
  0
LINE
  5
281
330
17
100
AcDbEntity
  8
LINES
100
AcDbLine
 10
558.7139999999999
 20
130.60799999999995
 30
0.0
 11
559.002
 21
135.79200000000003
 31
0.0
  0
LINE
  5
282
330
17
100
AcDbEntity
  8
LINES
100
AcDbLine
 10
556.122
 20
130.17599999999993
 30
0.0
 11
559.002
 21
130.60799999999995
 31
0.0
  0
LINE
  5
283
330
17
100
AcDbEntity
  8
LINES
100
AcDbLine
 10
555.978
 20
134.928
 30
0.0
 11
559.002
 21
135.216
 31
0.0
  0
LINE
  5
284
330
17
100
AcDbEntity
  8
LINES
100
AcDbLine
 10
560.874
 20
131.18399999999997
 30
0.0
 11
562.458
 21
133.05600000000004
 31
0.0
  0
LINE
  5
285
330
17
100
AcDbEntity
  8
LINES
100
AcDbLine
 10
560.874
 20
134.49599999999998
 30
0.0
 11
562.602
 21
134.784
 31
0.0
  0
LINE
  5
286
330
17
100
AcDbEntity
  8
LINES
100
AcDbLine
 10
563.898
 20
137.808
 30
0.0
 11
564.4739999999999
 21
136.07999999999993
 31
0.0
  0
LINE
  5
287
330
17
100
AcDbEntity
  8
LINES
100
AcDbLine
 10
563.034
 20
136.07999999999993
 30
0.0
 11
562.89
 21
133.91999999999996
 31
0.0
  0
LINE
  5
288
330
17
100
AcDbEntity
  8
LINES
100
AcDbLine
 10
563.034
 20
135.216
 30
0.0
 11
565.626
 21
135.64800000000002
 31
0.0
  0
LINE
  5
289
330
17
100
AcDbEntity
  8
LINES
100
AcDbLine
 10
565.77
 20
136.07999999999993
 30
0.0
 11
565.338
 21
134.35199999999998
 31
0.0
  0
LINE
  5
28A
330
17
100
AcDbEntity
  8
LINES
100
AcDbLine
 10
562.602
 20
131.904
 30
0.0
 11
566.058
 21
132.48000000000002
 31
0.0
  0
LINE
  5
28B
330
17
100
AcDbEntity
  8
LINES
100
AcDbLine
 10
577.146
 20
136.94399999999996
 30
0.0
 11
577.146
 21
127.29600000000005
 31
0.0
  0
LINE
  5
28C
330
17
100
AcDbEntity
  8
LINES
100
AcDbLine
 10
573.258
 20
132.048
 30
0.0
 11
581.034
 21
132.048
 31
0.0
  0
LINE
  5
28D
330
17
100
AcDbEntity
  8
LINES
100
AcDbLine
 10
593.706
 20
136.51199999999994
 30
0.0
 11
596.73
 21
137.08799999999997
 31
0.0
  0
LINE
  5
28E
330
17
100
AcDbEntity
  8
LINES
100
AcDbLine
 10
598.314
 20
133.34400000000005
 30
0.0
 11
596.73
 21
133.05600000000004
 31
0.0
  0
LINE
  5
28F
330
17
100
AcDbEntity
  8
LINES
100
AcDbLine
 10
598.314
 20
136.51199999999994
 30
0.0
 11
598.17
 21
133.34400000000005
 31
0.0
  0
LINE
  5
290
330
17
100
AcDbEntity
  8
LINES
100
AcDbLine
 10
596.73
 20
135.79200000000003
 30
0.0
 11
598.17
 21
136.22399999999993
 31
0.0
  0
LINE
  5
291
330
17
100
AcDbEntity
  8
LINES
100
AcDbLine
 10
595.29
 20
136.65599999999995
 30
0.0
 11
595.29
 21
132.048
 31
0.0
  0
LINE
  5
292
330
17
100
AcDbEntity
  8
LINES
100
AcDbLine
 10
594.4259999999999
 20
130.60799999999995
 30
0.0
 11
595.29
 21
130.89599999999996
 31
0.0
  0
LINE
  5
293
330
17
100
AcDbEntity
  8
LINES
100
AcDbLine
 10
593.994
 20
129.312
 30
0.0
 11
595.578
 21
129.74400000000003
 31
0.0
  0
LINE
  5
294
330
17
100
AcDbEntity
  8
LINES
100
AcDbLine
 10
596.01
 20
135.216
 30
0.0
 11
595.866
 21
128.30399999999997
 31
0.0
  0
LINE
  5
295
330
17
100
AcDbEntity
  8
LINES
100
AcDbLine
 10
593.994
 20
134.64
 30
0.0
 11
595.866
 21
135.072
 31
0.0
  0
LINE
  5
296
330
17
100
AcDbEntity
  8
LINES
100
AcDbLine
 10
593.994
 20
135.216
 30
0.0
 11
593.994
 21
128.44799999999998
 31
0.0
  0
LINE
  5
297
330
17
100
AcDbEntity
  8
LINES
100
AcDbLine
 10
595.29
 20
132.048
 30
0.0
 11
595.722
 21
132.048
 31
0.0
  0
LINE
  5
298
330
17
100
AcDbEntity
  8
LINES
100
AcDbLine
 10
599.754
 20
127.72799999999995
 30
0.0
 11
604.938
 21
128.30399999999997
 31
0.0
  0
LINE
  5
299
330
17
100
AcDbEntity
  8
LINES
100
AcDbLine
 10
601.05
 20
129.024
 30
0.0
 11
603.066
 21
129.312
 31
0.0
  0
LINE
  5
29A
330
17
100
AcDbEntity
  8
LINES
100
AcDbLine
 10
603.066
 20
130.31999999999994
 30
0.0
 11
601.05
 21
130.03199999999993
 31
0.0
  0
LINE
  5
29B
330
17
100
AcDbEntity
  8
LINES
100
AcDbLine
 10
601.05
 20
131.18399999999997
 30
0.0
 11
603.066
 21
131.32799999999997
 31
0.0
  0
LINE
  5
29C
330
17
100
AcDbEntity
  8
LINES
100
AcDbLine
 10
603.6419999999999
 20
132.62400000000002
 30
0.0
 11
601.05
 21
132.192
 31
0.0
  0
LINE
  5
29D
330
17
100
AcDbEntity
  8
LINES
100
AcDbLine
 10
603.4979999999999
 20
128.15999999999997
 30
0.0
 11
603.6419999999999
 21
132.91200000000003
 31
0.0
  0
LINE
  5
29E
330
17
100
AcDbEntity
  8
LINES
100
AcDbLine
 10
601.05
 20
132.62400000000002
 30
0.0
 11
601.05
 21
127.87199999999996
 31
0.0
  0
LINE
  5
29F
330
17
100
AcDbEntity
  8
LINES
100
AcDbLine
 10
602.346
 20
134.49599999999998
 30
0.0
 11
602.202
 21
132.336
 31
0.0
  0
LINE
  5
2A0
330
17
100
AcDbEntity
  8
LINES
100
AcDbLine
 10
600.186
 20
133.34400000000005
 30
0.0
 11
604.65
 21
133.91999999999996
 31
0.0
  0
LINE
  5
2A1
330
17
100
AcDbEntity
  8
LINES
100
AcDbLine
 10
602.922
 20
136.51199999999994
 30
0.0
 11
602.778
 21
135.216
 31
0.0
  0
LINE
  5
2A2
330
17
100
AcDbEntity
  8
LINES
100
AcDbLine
 10
601.77
 20
136.51199999999994
 30
0.0
 11
601.77
 21
135.216
 31
0.0
  0
LINE
  5
2A3
330
17
100
AcDbEntity
  8
LINES
100
AcDbLine
 10
604.218
 20
136.94399999999996
 30
0.0
 11
600.4739999999999
 21
136.51199999999994
 31
0.0
  0
LINE
  5
2A4
330
17
100
AcDbEntity
  8
LINES
100
AcDbLine
 10
604.074
 20
135.216
 30
0.0
 11
604.218
 21
137.23199999999997
 31
0.0
  0
LINE
  5
2A5
330
17
100
AcDbEntity
  8
LINES
100
AcDbLine
 10
600.4739999999999
 20
134.928
 30
0.0
 11
604.218
 21
135.216
 31
0.0
  0
LINE
  5
2A6
330
17
100
AcDbEntity
  8
LINES
100
AcDbLine
 10
600.4739999999999
 20
137.23199999999997
 30
0.0
 11
600.4739999999999
 21
134.35199999999998
 31
0.0
  0
LINE
  5
2A7
330
17
100
AcDbEntity
  8
LINES
100
AcDbLine
 10
612.7139999999999
 20
130.46399999999994
 30
0.0
 11
612.4259999999999
 21
130.46399999999994
 31
0.0
  0
LINE
  5
2A8
330
17
100
AcDbEntity
  8
LINES
100
AcDbLine
 10
612.4259999999999
 20
130.46399999999994
 30
0.0
 11
612.7139999999999
 21
130.46399999999994
 31
0.0
  0
LINE
  5
2A9
330
17
100
AcDbEntity
  8
LINES
100
AcDbLine
 10
618.4739999999999
 20
135.072
 30
0.0
 11
617.898
 21
131.904
 31
0.0
  0
LINE
  5
2AA
330
17
100
AcDbEntity
  8
LINES
100
AcDbLine
 10
619.05
 20
137.808
 30
0.0
 11
619.05
 21
127.43999999999994
 31
0.0
  0
LINE
  5
2AB
330
17
100
AcDbEntity
  8
LINES
100
AcDbLine
 10
619.77
 20
134.49599999999998
 30
0.0
 11
619.05
 21
135.50400000000002
 31
0.0
  0
LINE
  5
2AC
330
17
100
AcDbEntity
  8
LINES
100
AcDbLine
 10
619.914
 20
135.216
 30
0.0
 11
622.794
 21
135.79200000000003
 31
0.0
  0
LINE
  5
2AD
330
17
100
AcDbEntity
  8
LINES
100
AcDbLine
 10
621.4979999999999
 20
134.49599999999998
 30
0.0
 11
621.4979999999999
 21
131.904
 31
0.0
  0
LINE
  5
2AE
330
17
100
AcDbEntity
  8
LINES
100
AcDbLine
 10
620.346
 20
132.48000000000002
 30
0.0
 11
620.922
 21
130.60799999999995
 31
0.0
  0
LINE
  5
2AF
330
17
100
AcDbEntity
  8
LINES
100
AcDbLine
 10
621.4979999999999
 20
130.89599999999996
 30
0.0
 11
622.65
 21
133.20000000000005
 31
0.0
  0
LINE
  5
2B0
330
17
100
AcDbEntity
  8
LINES
100
AcDbLine
 10
625.53
 20
131.18399999999997
 30
0.0
 11
627.978
 21
131.61599999999999
 31
0.0
  0
LINE
  5
2B1
330
17
100
AcDbEntity
  8
LINES
100
AcDbLine
 10
625.53
 20
136.07999999999993
 30
0.0
 11
628.554
 21
136.65599999999995
 31
0.0
  0
LINE
  5
2B2
330
17
100
AcDbEntity
  8
LINES
100
AcDbLine
 10
625.674
 20
135.64800000000002
 30
0.0
 11
625.674
 21
132.192
 31
0.0
  0
LINE
  5
2B3
330
17
100
AcDbEntity
  8
LINES
100
AcDbLine
 10
625.674
 20
135.216
 30
0.0
 11
627.834
 21
135.50400000000002
 31
0.0
  0
LINE
  5
2B4
330
17
100
AcDbEntity
  8
LINES
100
AcDbLine
 10
627.834
 20
135.79200000000003
 30
0.0
 11
627.6899999999999
 21
132.76800000000003
 31
0.0
  0
LINE
  5
2B5
330
17
100
AcDbEntity
  8
LINES
100
AcDbLine
 10
627.834
 20
132.76800000000003
 30
0.0
 11
625.674
 21
132.48000000000002
 31
0.0
  0
LINE
  5
2B6
330
17
100
AcDbEntity
  8
LINES
100
AcDbLine
 10
625.674
 20
133.91999999999996
 30
0.0
 11
627.258
 21
134.06399999999996
 31
0.0
  0
LINE
  5
2B7
330
17
100
AcDbEntity
  8
LINES
100
AcDbLine
 10
632.154
 20
131.904
 30
0.0
 11
633.882
 21
132.048
 31
0.0
  0
LINE
  5
2B8
330
17
100
AcDbEntity
  8
LINES
100
AcDbLine
 10
634.17
 20
131.03999999999996
 30
0.0
 11
634.314
 21
133.63199999999995
 31
0.0
  0
LINE
  5
2B9
330
17
100
AcDbEntity
  8
LINES
100
AcDbLine
 10
632.154
 20
130.60799999999995
 30
0.0
 11
634.314
 21
131.03999999999996
 31
0.0
  0
LINE
  5
2BA
330
17
100
AcDbEntity
  8
LINES
100
AcDbLine
 10
632.154
 20
133.05600000000004
 30
0.0
 11
634.17
 21
133.34400000000005
 31
0.0
  0
LINE
  5
2BB
330
17
100
AcDbEntity
  8
LINES
100
AcDbLine
 10
631.866
 20
135.64800000000002
 30
0.0
 11
634.602
 21
136.07999999999993
 31
0.0
  0
LINE
  5
2BC
330
17
100
AcDbEntity
  8
LINES
100
AcDbLine
 10
630.5699999999999
 20
136.79999999999995
 30
0.0
 11
631.146
 21
135.36
 31
0.0
  0
LINE
  5
2BD
330
17
100
AcDbEntity
  8
LINES
100
AcDbLine
 10
629.994
 20
134.06399999999996
 30
0.0
 11
630.7139999999999
 21
132.91200000000003
 31
0.0
  0
LINE
  5
2BE
330
17
100
AcDbEntity
  8
LINES
100
AcDbLine
 10
632.874
 20
137.808
 30
0.0
 11
633.3059999999999
 21
136.51199999999994
 31
0.0
  0
LINE
  5
2BF
330
17
100
AcDbEntity
  8
LINES
100
AcDbLine
 10
631.434
 20
133.91999999999996
 30
0.0
 11
634.89
 21
134.49599999999998
 31
0.0
  0
LINE
  5
2C0
330
17
100
AcDbEntity
  8
LINES
100
AcDbLine
 10
632.298
 20
135.79200000000003
 30
0.0
 11
632.73
 21
134.06399999999996
 31
0.0
  0
LINE
  5
2C1
330
17
100
AcDbEntity
  8
LINES
100
AcDbLine
 10
633.7379999999999
 20
135.93599999999992
 30
0.0
 11
633.5939999999999
 21
134.35199999999998
 31
0.0
  0
LINE
  5
2C2
330
17
100
AcDbEntity
  8
LINES
100
AcDbLine
 10
632.154
 20
133.34400000000005
 30
0.0
 11
632.154
 21
130.17599999999993
 31
0.0
  0
LINE
  5
2C3
330
17
100
AcDbEntity
  8
LINES
100
AcDbLine
 10
631.29
 20
129.024
 30
0.0
 11
634.89
 21
129.45600000000002
 31
0.0
  0
LINE
  5
2C4
330
17
100
AcDbEntity
  8
LINES
100
AcDbLine
 10
630.5699999999999
 20
128.01599999999996
 30
0.0
 11
631.146
 21
133.63199999999995
 31
0.0
  0
LINE
  5
2C5
330
17
100
AcDbEntity
  8
LINES
100
AcDbLine
 10
630.5699999999999
 20
128.01599999999996
 30
0.0
 11
629.994
 21
129.312
 31
0.0
  0
LINE
  5
2C6
330
17
100
AcDbEntity
  8
LINES
100
AcDbLine
 10
633.3059999999999
 20
130.60799999999995
 30
0.0
 11
633.3059999999999
 21
127.29600000000005
 31
0.0
  0
LINE
  5
2C7
330
17
100
AcDbEntity
  8
LINES
100
AcDbLine
 10
636.6179999999999
 20
128.59199999999998
 30
0.0
 11
636.3299999999999
 21
129.60000000000002
 31
0.0
  0
LINE
  5
2C8
330
17
100
AcDbEntity
  8
LINES
100
AcDbLine
 10
636.6179999999999
 20
137.23199999999997
 30
0.0
 11
637.338
 21
135.79200000000003
 31
0.0
  0
LINE
  5
2C9
330
17
100
AcDbEntity
  8
LINES
100
AcDbLine
 10
636.762
 20
132.91200000000003
 30
0.0
 11
635.754
 21
134.35199999999998
 31
0.0
  0
LINE
  5
2CA
330
17
100
AcDbEntity
  8
LINES
100
AcDbLine
 10
636.6179999999999
 20
128.44799999999998
 30
0.0
 11
637.626
 21
134.20799999999997
 31
0.0
  0
LINE
  5
2CB
330
17
100
AcDbEntity
  8
LINES
100
AcDbLine
 10
639.4979999999999
 20
135.64800000000002
 30
0.0
 11
639.3539999999999
 21
129.312
 31
0.0
  0
LINE
  5
2CC
330
17
100
AcDbEntity
  8
LINES
100
AcDbLine
 10
637.338
 20
129.024
 30
0.0
 11
641.226
 21
129.312
 31
0.0
  0
LINE
  5
2CD
330
17
100
AcDbEntity
  8
LINES
100
AcDbLine
 10
638.058
 20
135.50400000000002
 30
0.0
 11
640.938
 21
135.79200000000003
 31
0.0
  0
LINE
  5
2CE
330
17
100
AcDbEntity
  8
LINES
100
AcDbLine
 10
655.482
 20
134.35199999999998
 30
0.0
 11
656.058
 21
132.91200000000003
 31
0.0
  0
LINE
  5
2CF
330
17
100
AcDbEntity
  8
LINES
100
AcDbLine
 10
656.202
 20
137.664
 30
0.0
 11
656.202
 21
131.18399999999997
 31
0.0
  0
LINE
  5
2D0
330
17
100
AcDbEntity
  8
LINES
100
AcDbLine
 10
657.066
 20
132.48000000000002
 30
0.0
 11
658.218
 21
130.75199999999995
 31
0.0
  0
LINE
  5
2D1
330
17
100
AcDbEntity
  8
LINES
100
AcDbLine
 10
658.218
 20
135.36
 30
0.0
 11
657.066
 21
133.05600000000004
 31
0.0
  0
LINE
  5
2D2
330
17
100
AcDbEntity
  8
LINES
100
AcDbLine
 10
655.05
 20
130.89599999999996
 30
0.0
 11
656.202
 21
132.192
 31
0.0
  0
LINE
  5
2D3
330
17
100
AcDbEntity
  8
LINES
100
AcDbLine
 10
654.6179999999999
 20
134.06399999999996
 30
0.0
 11
655.482
 21
132.62400000000002
 31
0.0
  0
LINE
  5
2D4
330
17
100
AcDbEntity
  8
LINES
100
AcDbLine
 10
654.6179999999999
 20
134.49599999999998
 30
0.0
 11
653.178
 21
130.60799999999995
 31
0.0
  0
LINE
  5
2D5
330
17
100
AcDbEntity
  8
LINES
100
AcDbLine
 10
653.466
 20
134.49599999999998
 30
0.0
 11
655.626
 21
135.072
 31
0.0
  0
LINE
  5
2D6
330
17
100
AcDbEntity
  8
LINES
100
AcDbLine
 10
654.6179999999999
 20
137.952
 30
0.0
 11
654.6179999999999
 21
127.43999999999994
 31
0.0
  0
LINE
  5
2D7
330
17
100
AcDbEntity
  8
LINES
100
AcDbLine
 10
659.802
 20
135.64800000000002
 30
0.0
 11
664.122
 21
136.22399999999993
 31
0.0
  0
LINE
  5
2D8
330
17
100
AcDbEntity
  8
LINES
100
AcDbLine
 10
662.97
 20
137.808
 30
0.0
 11
662.538
 21
134.49599999999998
 31
0.0
  0
LINE
  5
2D9
330
17
100
AcDbEntity
  8
LINES
100
AcDbLine
 10
661.242
 20
137.664
 30
0.0
 11
661.242
 21
134.49599999999998
 31
0.0
  0
LINE
  5
2DA
330
17
100
AcDbEntity
  8
LINES
100
AcDbLine
 10
660.6659999999999
 20
132.48000000000002
 30
0.0
 11
660.6659999999999
 21
127.29600000000005
 31
0.0
  0
LINE
  5
2DB
330
17
100
AcDbEntity
  8
LINES
100
AcDbLine
 10
296.922
 20
109.72799999999995
 30
0.0
 11
296.49
 21
110.73599999999999
 31
0.0
  0
LINE
  5
2DC
330
17
100
AcDbEntity
  8
LINES
100
AcDbLine
 10
296.778
 20
118.36799999999994
 30
0.0
 11
297.49800000000005
 21
116.928
 31
0.0
  0
LINE
  5
2DD
330
17
100
AcDbEntity
  8
LINES
100
AcDbLine
 10
296.922
 20
114.048
 30
0.0
 11
296.058
 21
115.48799999999994
 31
0.0
  0
LINE
  5
2DE
330
17
100
AcDbEntity
  8
LINES
100
AcDbLine
 10
296.922
 20
109.58399999999995
 30
0.0
 11
297.92999999999995
 21
115.34400000000005
 31
0.0
  0
LINE
  5
2DF
330
17
100
AcDbEntity
  8
LINES
100
AcDbLine
 10
299.658
 20
116.78399999999999
 30
0.0
 11
299.658
 21
110.30399999999997
 31
0.0
  0
LINE
  5
2E0
330
17
100
AcDbEntity
  8
LINES
100
AcDbLine
 10
297.49800000000005
 20
110.15999999999997
 30
0.0
 11
301.53
 21
110.44799999999998
 31
0.0
  0
LINE
  5
2E1
330
17
100
AcDbEntity
  8
LINES
100
AcDbLine
 10
298.21799999999996
 20
116.63999999999999
 30
0.0
 11
301.09799999999996
 21
116.928
 31
0.0
  0
LINE
  5
2E2
330
17
100
AcDbEntity
  8
LINES
100
AcDbLine
 10
313.48199999999997
 20
119.66399999999999
 30
0.0
 11
313.48199999999997
 21
108.28800000000001
 31
0.0
  0
LINE
  5
2E3
330
17
100
AcDbEntity
  8
LINES
100
AcDbLine
 10
310.45799999999997
 20
119.66399999999999
 30
0.0
 11
316.506
 21
119.66399999999999
 31
0.0
  0
LINE
  5
2E4
330
17
100
AcDbEntity
  8
LINES
100
AcDbLine
 10
328.602
 20
113.18399999999997
 30
0.0
 11
336.37800000000004
 21
113.18399999999997
 31
0.0
  0
LINE
  5
2E5
330
17
100
AcDbEntity
  8
LINES
100
AcDbLine
 10
352.794
 20
119.66399999999999
 30
0.0
 11
352.794
 21
108.28800000000001
 31
0.0
  0
LINE
  5
2E6
330
17
100
AcDbEntity
  8
LINES
100
AcDbLine
 10
358.986
 20
109.15200000000004
 30
0.0
 11
358.842
 21
109.00800000000004
 31
0.0
  0
LINE
  5
2E7
330
17
100
AcDbEntity
  8
LINES
100
AcDbLine
 10
358.986
 20
109.58399999999995
 30
0.0
 11
358.986
 21
109.15200000000004
 31
0.0
  0
LINE
  5
2E8
330
17
100
AcDbEntity
  8
LINES
100
AcDbLine
 10
358.986
 20
110.15999999999997
 30
0.0
 11
358.986
 21
109.58399999999995
 31
0.0
  0
LINE
  5
2E9
330
17
100
AcDbEntity
  8
LINES
100
AcDbLine
 10
358.698
 20
109.58399999999995
 30
0.0
 11
358.554
 21
110.59199999999998
 31
0.0
  0
LINE
  5
2EA
330
17
100
AcDbEntity
  8
LINES
100
AcDbLine
 10
358.698
 20
109.15200000000004
 30
0.0
 11
358.698
 21
109.58399999999995
 31
0.0
  0
LINE
  5
2EB
330
17
100
AcDbEntity
  8
LINES
100
AcDbLine
 10
357.69000000000005
 20
111.45600000000002
 30
0.0
 11
358.40999999999997
 21
110.88
 31
0.0
  0
LINE
  5
2EC
330
17
100
AcDbEntity
  8
LINES
100
AcDbLine
 10
358.842
 20
109.00800000000004
 30
0.0
 11
358.698
 21
109.15200000000004
 31
0.0
  0
LINE
  5
2ED
330
17
100
AcDbEntity
  8
LINES
100
AcDbLine
 10
358.40999999999997
 20
110.88
 30
0.0
 11
358.986
 21
110.15999999999997
 31
0.0
  0
LINE
  5
2EE
330
17
100
AcDbEntity
  8
LINES
100
AcDbLine
 10
364.16999999999996
 20
117.21600000000001
 30
0.0
 11
364.746
 21
115.63199999999995
 31
0.0
  0
LINE
  5
2EF
330
17
100
AcDbEntity
  8
LINES
100
AcDbLine
 10
368.202
 20
116.928
 30
0.0
 11
365.61
 21
116.49599999999998
 31
0.0
  0
LINE
  5
2F0
330
17
100
AcDbEntity
  8
LINES
100
AcDbLine
 10
368.922
 20
115.48799999999994
 30
0.0
 11
365.322
 21
114.76800000000003
 31
0.0
  0
LINE
  5
2F1
330
17
100
AcDbEntity
  8
LINES
100
AcDbLine
 10
366.18600000000004
 20
112.17599999999993
 30
0.0
 11
367.626
 21
112.46399999999994
 31
0.0
  0
LINE
  5
2F2
330
17
100
AcDbEntity
  8
LINES
100
AcDbLine
 10
366.47400000000005
 20
114.48000000000002
 30
0.0
 11
364.89
 21
112.17599999999993
 31
0.0
  0
LINE
  5
2F3
330
17
100
AcDbEntity
  8
LINES
100
AcDbLine
 10
368.49
 20
112.75199999999995
 30
0.0
 11
367.33799999999997
 21
114.62400000000002
 31
0.0
  0
LINE
  5
2F4
330
17
100
AcDbEntity
  8
LINES
100
AcDbLine
 10
366.90599999999995
 20
118.94399999999996
 30
0.0
 11
366.90599999999995
 21
115.20000000000005
 31
0.0
  0
LINE
  5
2F5
330
17
100
AcDbEntity
  8
LINES
100
AcDbLine
 10
364.746
 20
108.28800000000001
 30
0.0
 11
365.898
 21
109.29600000000005
 31
0.0
  0
LINE
  5
2F6
330
17
100
AcDbEntity
  8
LINES
100
AcDbLine
 10
370.21799999999996
 20
117.79200000000003
 30
0.0
 11
370.938
 21
116.20799999999997
 31
0.0
  0
LINE
  5
2F7
330
17
100
AcDbEntity
  8
LINES
100
AcDbLine
 10
370.36199999999997
 20
113.75999999999999
 30
0.0
 11
369.64200000000005
 21
115.34400000000005
 31
0.0
  0
LINE
  5
2F8
330
17
100
AcDbEntity
  8
LINES
100
AcDbLine
 10
371.37
 20
116.35199999999998
 30
0.0
 11
374.106
 21
116.78399999999999
 31
0.0
  0
LINE
  5
2F9
330
17
100
AcDbEntity
  8
LINES
100
AcDbLine
 10
374.106
 20
117.21600000000001
 30
0.0
 11
373.962
 21
114.19200000000001
 31
0.0
  0
LINE
  5
2FA
330
17
100
AcDbEntity
  8
LINES
100
AcDbLine
 10
374.106
 20
114.19200000000001
 30
0.0
 11
371.658
 21
113.61599999999999
 31
0.0
  0
LINE
  5
2FB
330
17
100
AcDbEntity
  8
LINES
100
AcDbLine
 10
371.37
 20
112.17599999999993
 30
0.0
 11
374.106
 21
112.75199999999995
 31
0.0
  0
LINE
  5
2FC
330
17
100
AcDbEntity
  8
LINES
100
AcDbLine
 10
374.97
 20
111.45600000000002
 30
0.0
 11
370.938
 21
110.88
 31
0.0
  0
LINE
  5
2FD
330
17
100
AcDbEntity
  8
LINES
100
AcDbLine
 10
372.80999999999995
 20
108.0
 30
0.0
 11
372.80999999999995
 21
118.94399999999996
 31
0.0
  0
LINE
  5
2FE
330
17
100
AcDbEntity
  8
LINES
100
AcDbLine
 10
371.082
 20
114.76800000000003
 30
0.0
 11
374.97
 21
115.48799999999994
 31
0.0
  0
LINE
  5
2FF
330
17
100
AcDbEntity
  8
LINES
100
AcDbLine
 10
376.554
 20
118.07999999999993
 30
0.0
 11
377.13
 21
116.63999999999999
 31
0.0
  0
LINE
  5
300
330
17
100
AcDbEntity
  8
LINES
100
AcDbLine
 10
375.83399999999995
 20
115.63199999999995
 30
0.0
 11
376.554
 21
114.19200000000001
 31
0.0
  0
LINE
  5
301
330
17
100
AcDbEntity
  8
LINES
100
AcDbLine
 10
377.13
 20
115.05600000000004
 30
0.0
 11
376.26599999999996
 21
109.15200000000004
 31
0.0
  0
LINE
  5
302
330
17
100
AcDbEntity
  8
LINES
100
AcDbLine
 10
375.69000000000005
 20
110.59199999999998
 30
0.0
 11
376.26599999999996
 21
109.44000000000005
 31
0.0
  0
LINE
  5
303
330
17
100
AcDbEntity
  8
LINES
100
AcDbLine
 10
378.42600000000004
 20
115.77599999999995
 30
0.0
 11
377.418
 21
115.48799999999994
 31
0.0
  0
LINE
  5
304
330
17
100
AcDbEntity
  8
LINES
100
AcDbLine
 10
377.418
 20
114.62400000000002
 30
0.0
 11
378.28200000000004
 21
111.31200000000001
 31
0.0
  0
LINE
  5
305
330
17
100
AcDbEntity
  8
LINES
100
AcDbLine
 10
379.14599999999996
 20
115.91999999999996
 30
0.0
 11
379.14599999999996
 21
108.28800000000001
 31
0.0
  0
LINE
  5
306
330
17
100
AcDbEntity
  8
LINES
100
AcDbLine
 10
380.73
 20
112.17599999999993
 30
0.0
 11
379.43399999999997
 21
111.88800000000003
 31
0.0
  0
LINE
  5
307
330
17
100
AcDbEntity
  8
LINES
100
AcDbLine
 10
379.43399999999997
 20
113.75999999999999
 30
0.0
 11
380.73
 21
114.048
 31
0.0
  0
LINE
  5
308
330
17
100
AcDbEntity
  8
LINES
100
AcDbLine
 10
380.154
 20
118.51199999999994
 30
0.0
 11
380.298
 21
116.78399999999999
 31
0.0
  0
LINE
  5
309
330
17
100
AcDbEntity
  8
LINES
100
AcDbLine
 10
380.154
 20
115.77599999999995
 30
0.0
 11
380.154
 21
109.58399999999995
 31
0.0
  0
LINE
  5
30A
330
17
100
AcDbEntity
  8
LINES
100
AcDbLine
 10
379.14599999999996
 20
109.44000000000005
 30
0.0
 11
381.16200000000003
 21
109.72799999999995
 31
0.0
  0
LINE
  5
30B
330
17
100
AcDbEntity
  8
LINES
100
AcDbLine
 10
381.01800000000003
 20
116.06399999999996
 30
0.0
 11
379.14599999999996
 21
115.63199999999995
 31
0.0
  0
LINE
  5
30C
330
17
100
AcDbEntity
  8
LINES
100
AcDbLine
 10
380.154
 20
115.63199999999995
 30
0.0
 11
380.154
 21
115.91999999999996
 31
0.0
  0
LINE
  5
30D
330
17
100
AcDbEntity
  8
LINES
100
AcDbLine
 10
395.13
 20
115.48799999999994
 30
0.0
 11
395.706
 21
114.048
 31
0.0
  0
LINE
  5
30E
330
17
100
AcDbEntity
  8
LINES
100
AcDbLine
 10
395.85
 20
118.79999999999995
 30
0.0
 11
395.85
 21
112.17599999999993
 31
0.0
  0
LINE
  5
30F
330
17
100
AcDbEntity
  8
LINES
100
AcDbLine
 10
396.71400000000006
 20
113.47199999999998
 30
0.0
 11
397.866
 21
111.88800000000003
 31
0.0
  0
LINE
  5
310
330
17
100
AcDbEntity
  8
LINES
100
AcDbLine
 10
398.01
 20
116.49599999999998
 30
0.0
 11
396.71400000000006
 21
114.19200000000001
 31
0.0
  0
LINE
  5
311
330
17
100
AcDbEntity
  8
LINES
100
AcDbLine
 10
394.698
 20
112.03200000000004
 30
0.0
 11
395.85
 21
113.32799999999997
 31
0.0
  0
LINE
  5
312
330
17
100
AcDbEntity
  8
LINES
100
AcDbLine
 10
394.40999999999997
 20
115.20000000000005
 30
0.0
 11
395.13
 21
113.75999999999999
 31
0.0
  0
LINE
  5
313
330
17
100
AcDbEntity
  8
LINES
100
AcDbLine
 10
394.40999999999997
 20
115.48799999999994
 30
0.0
 11
392.826
 21
111.60000000000002
 31
0.0
  0
LINE
  5
314
330
17
100
AcDbEntity
  8
LINES
100
AcDbLine
 10
393.11400000000003
 20
115.63199999999995
 30
0.0
 11
395.274
 21
116.06399999999996
 31
0.0
  0
LINE
  5
315
330
17
100
AcDbEntity
  8
LINES
100
AcDbLine
 10
394.40999999999997
 20
119.08799999999997
 30
0.0
 11
394.40999999999997
 21
108.57600000000002
 31
0.0
  0
LINE
  5
316
330
17
100
AcDbEntity
  8
LINES
100
AcDbLine
 10
399.45000000000005
 20
116.78399999999999
 30
0.0
 11
403.77
 21
117.36000000000001
 31
0.0
  0
LINE
  5
317
330
17
100
AcDbEntity
  8
LINES
100
AcDbLine
 10
402.61800000000005
 20
118.79999999999995
 30
0.0
 11
402.18600000000004
 21
115.48799999999994
 31
0.0
  0
LINE
  5
318
330
17
100
AcDbEntity
  8
LINES
100
AcDbLine
 10
400.89
 20
118.79999999999995
 30
0.0
 11
401.034
 21
115.48799999999994
 31
0.0
  0
LINE
  5
319
330
17
100
AcDbEntity
  8
LINES
100
AcDbLine
 10
400.45799999999997
 20
113.47199999999998
 30
0.0
 11
400.45799999999997
 21
108.28800000000001
 31
0.0
  0
LINE
  5
31A
330
17
100
AcDbEntity
  8
LINES
100
AcDbLine
 10
405.64200000000005
 20
109.72799999999995
 30
0.0
 11
405.35400000000004
 21
110.73599999999999
 31
0.0
  0
LINE
  5
31B
330
17
100
AcDbEntity
  8
LINES
100
AcDbLine
 10
405.64200000000005
 20
118.36799999999994
 30
0.0
 11
406.36199999999997
 21
116.928
 31
0.0
  0
LINE
  5
31C
330
17
100
AcDbEntity
  8
LINES
100
AcDbLine
 10
405.78599999999994
 20
114.048
 30
0.0
 11
404.922
 21
115.48799999999994
 31
0.0
  0
LINE
  5
31D
330
17
100
AcDbEntity
  8
LINES
100
AcDbLine
 10
405.64200000000005
 20
109.58399999999995
 30
0.0
 11
406.794
 21
115.34400000000005
 31
0.0
  0
LINE
  5
31E
330
17
100
AcDbEntity
  8
LINES
100
AcDbLine
 10
408.52200000000005
 20
116.78399999999999
 30
0.0
 11
408.52200000000005
 21
110.30399999999997
 31
0.0
  0
LINE
  5
31F
330
17
100
AcDbEntity
  8
LINES
100
AcDbLine
 10
406.36199999999997
 20
110.15999999999997
 30
0.0
 11
410.394
 21
110.44799999999998
 31
0.0
  0
LINE
  5
320
330
17
100
AcDbEntity
  8
LINES
100
AcDbLine
 10
407.082
 20
116.63999999999999
 30
0.0
 11
409.962
 21
116.928
 31
0.0
  0
LINE
  5
321
330
17
100
AcDbEntity
  8
LINES
100
AcDbLine
 10
422.346
 20
119.66399999999999
 30
0.0
 11
422.346
 21
108.28800000000001
 31
0.0
  0
LINE
  5
322
330
17
100
AcDbEntity
  8
LINES
100
AcDbLine
 10
419.322
 20
119.66399999999999
 30
0.0
 11
425.37
 21
119.66399999999999
 31
0.0
  0
LINE
  5
323
330
17
100
AcDbEntity
  8
LINES
100
AcDbLine
 10
437.466
 20
113.18399999999997
 30
0.0
 11
445.24199999999996
 21
113.18399999999997
 31
0.0
  0
LINE
  5
324
330
17
100
AcDbEntity
  8
LINES
100
AcDbLine
 10
458.634
 20
118.79999999999995
 30
0.0
 11
458.634
 21
114.33600000000001
 31
0.0
  0
LINE
  5
325
330
17
100
AcDbEntity
  8
LINES
100
AcDbLine
 10
460.938
 20
114.62400000000002
 30
0.0
 11
456.33000000000004
 21
114.048
 31
0.0
  0
LINE
  5
326
330
17
100
AcDbEntity
  8
LINES
100
AcDbLine
 10
461.082
 20
108.57600000000002
 30
0.0
 11
460.794
 21
110.88
 31
0.0
  0
LINE
  5
327
330
17
100
AcDbEntity
  8
LINES
100
AcDbLine
 10
457.77
 20
115.48799999999994
 30
0.0
 11
457.19399999999996
 21
117.36000000000001
 31
0.0
  0
LINE
  5
328
330
17
100
AcDbEntity
  8
LINES
100
AcDbLine
 10
459.21000000000004
 20
114.76800000000003
 30
0.0
 11
460.21799999999996
 21
117.50400000000002
 31
0.0
  0
LINE
  5
329
330
17
100
AcDbEntity
  8
LINES
100
AcDbLine
 10
463.53
 20
118.36799999999994
 30
0.0
 11
462.37800000000004
 21
114.62400000000002
 31
0.0
  0
LINE
  5
32A
330
17
100
AcDbEntity
  8
LINES
100
AcDbLine
 10
462.09000000000003
 20
109.44000000000005
 30
0.0
 11
464.106
 21
110.88
 31
0.0
  0
LINE
  5
32B
330
17
100
AcDbEntity
  8
LINES
100
AcDbLine
 10
462.37800000000004
 20
111.88800000000003
 30
0.0
 11
464.106
 21
112.75199999999995
 31
0.0
  0
LINE
  5
32C
330
17
100
AcDbEntity
  8
LINES
100
AcDbLine
 10
464.106
 20
115.91999999999996
 30
0.0
 11
462.66599999999994
 21
112.03200000000004
 31
0.0
  0
LINE
  5
32D
330
17
100
AcDbEntity
  8
LINES
100
AcDbLine
 10
462.09000000000003
 20
114.33600000000001
 30
0.0
 11
463.818
 21
115.20000000000005
 31
0.0
  0
LINE
  5
32E
330
17
100
AcDbEntity
  8
LINES
100
AcDbLine
 10
466.842
 20
117.93600000000004
 30
0.0
 11
464.538
 21
116.49599999999998
 31
0.0
  0
LINE
  5
32F
330
17
100
AcDbEntity
  8
LINES
100
AcDbLine
 10
464.25
 20
113.47199999999998
 30
0.0
 11
467.418
 21
114.048
 31
0.0
  0
LINE
  5
330
330
17
100
AcDbEntity
  8
LINES
100
AcDbLine
 10
465.83399999999995
 20
117.21600000000001
 30
0.0
 11
465.83399999999995
 21
108.43200000000002
 31
0.0
  0
LINE
  5
331
330
17
100
AcDbEntity
  8
LINES
100
AcDbLine
 10
471.59399999999994
 20
116.06399999999996
 30
0.0
 11
471.59399999999994
 21
110.73599999999999
 31
0.0
  0
LINE
  5
332
330
17
100
AcDbEntity
  8
LINES
100
AcDbLine
 10
471.01800000000003
 20
112.75199999999995
 30
0.0
 11
472.31399999999996
 21
112.89599999999996
 31
0.0
  0
LINE
  5
333
330
17
100
AcDbEntity
  8
LINES
100
AcDbLine
 10
471.01800000000003
 20
114.19200000000001
 30
0.0
 11
472.16999999999996
 21
114.48000000000002
 31
0.0
  0
LINE
  5
334
330
17
100
AcDbEntity
  8
LINES
100
AcDbLine
 10
471.16200000000003
 20
117.21600000000001
 30
0.0
 11
471.73799999999994
 21
116.06399999999996
 31
0.0
  0
LINE
  5
335
330
17
100
AcDbEntity
  8
LINES
100
AcDbLine
 10
470.442
 20
115.77599999999995
 30
0.0
 11
472.89
 21
116.20799999999997
 31
0.0
  0
LINE
  5
336
330
17
100
AcDbEntity
  8
LINES
100
AcDbLine
 10
470.442
 20
116.35199999999998
 30
0.0
 11
470.442
 21
110.88
 31
0.0
  0
LINE
  5
337
330
17
100
AcDbEntity
  8
LINES
100
AcDbLine
 10
468.13800000000003
 20
114.19200000000001
 30
0.0
 11
469.866
 21
114.62400000000002
 31
0.0
  0
LINE
  5
338
330
17
100
AcDbEntity
  8
LINES
100
AcDbLine
 10
469.00199999999995
 20
117.93600000000004
 30
0.0
 11
469.578
 21
116.35199999999998
 31
0.0
  0
LINE
  5
339
330
17
100
AcDbEntity
  8
LINES
100
AcDbLine
 10
472.602
 20
118.79999999999995
 30
0.0
 11
471.45000000000005
 21
116.78399999999999
 31
0.0
  0
LINE
  5
33A
330
17
100
AcDbEntity
  8
LINES
100
AcDbLine
 10
470.442
 20
118.07999999999993
 30
0.0
 11
472.31399999999996
 21
118.36799999999994
 31
0.0
  0
LINE
  5
33B
330
17
100
AcDbEntity
  8
LINES
100
AcDbLine
 10
472.89
 20
108.72000000000003
 30
0.0
 11
473.466
 21
109.00800000000004
 31
0.0
  0
LINE
  5
33C
330
17
100
AcDbEntity
  8
LINES
100
AcDbLine
 10
476.49
 20
109.15200000000004
 30
0.0
 11
478.36199999999997
 21
109.44000000000005
 31
0.0
  0
LINE
  5
33D
330
17
100
AcDbEntity
  8
LINES
100
AcDbLine
 10
478.506
 20
112.17599999999993
 30
0.0
 11
478.21799999999996
 21
109.44000000000005
 31
0.0
  0
LINE
  5
33E
330
17
100
AcDbEntity
  8
LINES
100
AcDbLine
 10
476.49
 20
112.17599999999993
 30
0.0
 11
476.49
 21
108.43200000000002
 31
0.0
  0
LINE
  5
33F
330
17
100
AcDbEntity
  8
LINES
100
AcDbLine
 10
475.626
 20
116.06399999999996
 30
0.0
 11
479.37
 21
116.63999999999999
 31
0.0
  0
LINE
  5
340
330
17
100
AcDbEntity
  8
LINES
100
AcDbLine
 10
477.21000000000004
 20
118.94399999999996
 30
0.0
 11
477.92999999999995
 21
116.928
 31
0.0
  0
LINE
  5
341
330
17
100
AcDbEntity
  8
LINES
100
AcDbLine
 10
475.914
 20
118.94399999999996
 30
0.0
 11
474.04200000000003
 21
113.47199999999998
 31
0.0
  0
LINE
  5
342
330
17
100
AcDbEntity
  8
LINES
100
AcDbLine
 10
475.19399999999996
 20
116.78399999999999
 30
0.0
 11
475.19399999999996
 21
108.43200000000002
 31
0.0
  0
LINE
  5
343
330
17
100
AcDbEntity
  8
LINES
100
AcDbLine
 10
476.49
 20
114.76800000000003
 30
0.0
 11
478.65
 21
115.05600000000004
 31
0.0
  0
LINE
  5
344
330
17
100
AcDbEntity
  8
LINES
100
AcDbLine
 10
478.65
 20
113.47199999999998
 30
0.0
 11
476.346
 21
113.03999999999996
 31
0.0
  0
LINE
  5
345
330
17
100
AcDbEntity
  8
LINES
100
AcDbLine
 10
476.49
 20
111.60000000000002
 30
0.0
 11
478.36199999999997
 21
111.88800000000003
 31
0.0
  0
LINE
  5
346
330
17
100
AcDbEntity
  8
LINES
100
AcDbLine
 10
480.95399999999995
 20
117.072
 30
0.0
 11
480.95399999999995
 21
110.88
 31
0.0
  0
LINE
  5
347
330
17
100
AcDbEntity
  8
LINES
100
AcDbLine
 10
480.95399999999995
 20
116.06399999999996
 30
0.0
 11
484.554
 21
116.49599999999998
 31
0.0
  0
LINE
  5
348
330
17
100
AcDbEntity
  8
LINES
100
AcDbLine
 10
484.698
 20
116.78399999999999
 30
0.0
 11
484.12199999999996
 21
112.31999999999994
 31
0.0
  0
LINE
  5
349
330
17
100
AcDbEntity
  8
LINES
100
AcDbLine
 10
484.40999999999997
 20
112.31999999999994
 30
0.0
 11
480.95399999999995
 21
111.88800000000003
 31
0.0
  0
LINE
  5
34A
330
17
100
AcDbEntity
  8
LINES
100
AcDbLine
 10
481.53
 20
114.19200000000001
 30
0.0
 11
483.68999999999994
 21
114.48000000000002
 31
0.0
  0
LINE
  5
34B
330
17
100
AcDbEntity
  8
LINES
100
AcDbLine
 10
486.85799999999995
 20
118.07999999999993
 30
0.0
 11
486.85799999999995
 21
114.62400000000002
 31
0.0
  0
LINE
  5
34C
330
17
100
AcDbEntity
  8
LINES
100
AcDbLine
 10
486.85799999999995
 20
117.36000000000001
 30
0.0
 11
488.154
 21
117.50400000000002
 31
0.0
  0
LINE
  5
34D
330
17
100
AcDbEntity
  8
LINES
100
AcDbLine
 10
488.298
 20
117.93600000000004
 30
0.0
 11
488.01
 21
115.63199999999995
 31
0.0
  0
LINE
  5
34E
330
17
100
AcDbEntity
  8
LINES
100
AcDbLine
 10
488.298
 20
115.63199999999995
 30
0.0
 11
486.85799999999995
 21
115.48799999999994
 31
0.0
  0
LINE
  5
34F
330
17
100
AcDbEntity
  8
LINES
100
AcDbLine
 10
487.43399999999997
 20
113.18399999999997
 30
0.0
 11
488.586
 21
113.47199999999998
 31
0.0
  0
LINE
  5
350
330
17
100
AcDbEntity
  8
LINES
100
AcDbLine
 10
486.28200000000004
 20
109.58399999999995
 30
0.0
 11
488.586
 21
110.88
 31
0.0
  0
LINE
  5
351
330
17
100
AcDbEntity
  8
LINES
100
AcDbLine
 10
487.43399999999997
 20
115.48799999999994
 30
0.0
 11
487.43399999999997
 21
110.30399999999997
 31
0.0
  0
LINE
  5
352
330
17
100
AcDbEntity
  8
LINES
100
AcDbLine
 10
486.56999999999994
 20
109.72799999999995
 30
0.0
 11
486.56999999999994
 21
113.61599999999999
 31
0.0
  0
LINE
  5
353
330
17
100
AcDbEntity
  8
LINES
100
AcDbLine
 10
489.73799999999994
 20
118.51199999999994
 30
0.0
 11
488.586
 21
114.48000000000002
 31
0.0
  0
LINE
  5
354
330
17
100
AcDbEntity
  8
LINES
100
AcDbLine
 10
489.16200000000003
 20
116.63999999999999
 30
0.0
 11
490.746
 21
116.928
 31
0.0
  0
LINE
  5
355
330
17
100
AcDbEntity
  8
LINES
100
AcDbLine
 10
489.88199999999995
 20
114.62400000000002
 30
0.0
 11
488.154
 21
112.03200000000004
 31
0.0
  0
LINE
  5
356
330
17
100
AcDbEntity
  8
LINES
100
AcDbLine
 10
489.01800000000003
 20
112.17599999999993
 30
0.0
 11
489.01800000000003
 21
108.43200000000002
 31
0.0
  0
LINE
  5
357
330
17
100
AcDbEntity
  8
LINES
100
AcDbLine
 10
489.01800000000003
 20
111.74400000000003
 30
0.0
 11
490.746
 21
112.03200000000004
 31
0.0
  0
LINE
  5
358
330
17
100
AcDbEntity
  8
LINES
100
AcDbLine
 10
490.746
 20
112.17599999999993
 30
0.0
 11
490.602
 21
109.29600000000005
 31
0.0
  0
LINE
  5
359
330
17
100
AcDbEntity
  8
LINES
100
AcDbLine
 10
490.746
 20
109.29600000000005
 30
0.0
 11
489.01800000000003
 21
109.00800000000004
 31
0.0
  0
LINE
  5
35A
330
17
100
AcDbEntity
  8
LINES
100
AcDbLine
 10
490.89
 20
117.21600000000001
 30
0.0
 11
489.88199999999995
 21
114.48000000000002
 31
0.0
  0
LINE
  5
35B
330
17
100
AcDbEntity
  8
LINES
100
AcDbLine
 10
508.45799999999997
 20
109.15200000000004
 30
0.0
 11
508.31399999999996
 21
109.00800000000004
 31
0.0
  0
LINE
  5
35C
330
17
100
AcDbEntity
  8
LINES
100
AcDbLine
 10
508.45799999999997
 20
109.58399999999995
 30
0.0
 11
508.45799999999997
 21
109.15200000000004
 31
0.0
  0
LINE
  5
35D
330
17
100
AcDbEntity
  8
LINES
100
AcDbLine
 10
508.45799999999997
 20
110.15999999999997
 30
0.0
 11
508.45799999999997
 21
109.58399999999995
 31
0.0
  0
LINE
  5
35E
330
17
100
AcDbEntity
  8
LINES
100
AcDbLine
 10
508.16999999999996
 20
109.58399999999995
 30
0.0
 11
508.02599999999995
 21
110.59199999999998
 31
0.0
  0
LINE
  5
35F
330
17
100
AcDbEntity
  8
LINES
100
AcDbLine
 10
508.16999999999996
 20
109.15200000000004
 30
0.0
 11
508.16999999999996
 21
109.58399999999995
 31
0.0
  0
LINE
  5
360
330
17
100
AcDbEntity
  8
LINES
100
AcDbLine
 10
507.16200000000003
 20
111.45600000000002
 30
0.0
 11
507.88199999999995
 21
110.88
 31
0.0
  0
LINE
  5
361
330
17
100
AcDbEntity
  8
LINES
100
AcDbLine
 10
508.31399999999996
 20
109.00800000000004
 30
0.0
 11
508.16999999999996
 21
109.15200000000004
 31
0.0
  0
LINE
  5
362
330
17
100
AcDbEntity
  8
LINES
100
AcDbLine
 10
507.88199999999995
 20
110.88
 30
0.0
 11
508.45799999999997
 21
110.15999999999997
 31
0.0
  0
LINE
  5
363
330
17
100
AcDbEntity
  8
LINES
100
AcDbLine
 10
515.658
 20
118.79999999999995
 30
0.0
 11
515.658
 21
108.28800000000001
 31
0.0
  0
LINE
  5
364
330
17
100
AcDbEntity
  8
LINES
100
AcDbLine
 10
513.21
 20
115.48799999999994
 30
0.0
 11
518.106
 21
116.06399999999996
 31
0.0
  0
LINE
  5
365
330
17
100
AcDbEntity
  8
LINES
100
AcDbLine
 10
514.506
 20
111.024
 30
0.0
 11
516.954
 21
111.45600000000002
 31
0.0
  0
LINE
  5
366
330
17
100
AcDbEntity
  8
LINES
100
AcDbLine
 10
522.858
 20
112.75199999999995
 30
0.0
 11
522.138
 21
108.28800000000001
 31
0.0
  0
LINE
  5
367
330
17
100
AcDbEntity
  8
LINES
100
AcDbLine
 10
523.002
 20
115.20000000000005
 30
0.0
 11
523.866
 21
115.48799999999994
 31
0.0
  0
LINE
  5
368
330
17
100
AcDbEntity
  8
LINES
100
AcDbLine
 10
522.858
 20
112.89599999999996
 30
0.0
 11
523.866
 21
113.03999999999996
 31
0.0
  0
LINE
  5
369
330
17
100
AcDbEntity
  8
LINES
100
AcDbLine
 10
519.402
 20
116.35199999999998
 30
0.0
 11
522.282
 21
116.928
 31
0.0
  0
LINE
  5
36A
330
17
100
AcDbEntity
  8
LINES
100
AcDbLine
 10
520.266
 20
118.65599999999995
 30
0.0
 11
520.266
 21
112.17599999999993
 31
0.0
  0
LINE
  5
36B
330
17
100
AcDbEntity
  8
LINES
100
AcDbLine
 10
519.114
 20
111.74400000000003
 30
0.0
 11
522.282
 21
112.31999999999994
 31
0.0
  0
LINE
  5
36C
330
17
100
AcDbEntity
  8
LINES
100
AcDbLine
 10
521.706
 20
118.79999999999995
 30
0.0
 11
521.418
 21
112.17599999999993
 31
0.0
  0
LINE
  5
36D
330
17
100
AcDbEntity
  8
LINES
100
AcDbLine
 10
520.266
 20
115.05600000000004
 30
0.0
 11
521.418
 21
115.34400000000005
 31
0.0
  0
LINE
  5
36E
330
17
100
AcDbEntity
  8
LINES
100
AcDbLine
 10
520.266
 20
113.47199999999998
 30
0.0
 11
521.418
 21
113.904
 31
0.0
  0
LINE
  5
36F
330
17
100
AcDbEntity
  8
LINES
100
AcDbLine
 10
520.266
 20
111.31200000000001
 30
0.0
 11
519.114
 21
108.72000000000003
 31
0.0
  0
LINE
  5
370
330
17
100
AcDbEntity
  8
LINES
100
AcDbLine
 10
521.13
 20
111.45600000000002
 30
0.0
 11
521.562
 21
109.58399999999995
 31
0.0
  0
LINE
  5
371
330
17
100
AcDbEntity
  8
LINES
100
AcDbLine
 10
523.002
 20
117.50400000000002
 30
0.0
 11
524.154
 21
117.64800000000002
 31
0.0
  0
LINE
  5
372
330
17
100
AcDbEntity
  8
LINES
100
AcDbLine
 10
523.002
 20
117.93600000000004
 30
0.0
 11
522.858
 21
112.60799999999995
 31
0.0
  0
LINE
  5
373
330
17
100
AcDbEntity
  8
LINES
100
AcDbLine
 10
529.482
 20
114.76800000000003
 30
0.0
 11
529.482
 21
108.28800000000001
 31
0.0
  0
LINE
  5
374
330
17
100
AcDbEntity
  8
LINES
100
AcDbLine
 10
528.33
 20
114.76800000000003
 30
0.0
 11
530.346
 21
115.05600000000004
 31
0.0
  0
LINE
  5
375
330
17
100
AcDbEntity
  8
LINES
100
AcDbLine
 10
529.914
 20
118.36799999999994
 30
0.0
 11
528.4739999999999
 21
116.78399999999999
 31
0.0
  0
LINE
  5
376
330
17
100
AcDbEntity
  8
LINES
100
AcDbLine
 10
527.178
 20
112.03200000000004
 30
0.0
 11
527.898
 21
110.73599999999999
 31
0.0
  0
LINE
  5
377
330
17
100
AcDbEntity
  8
LINES
100
AcDbLine
 10
526.314
 20
112.03200000000004
 30
0.0
 11
525.162
 21
109.87199999999996
 31
0.0
  0
LINE
  5
378
330
17
100
AcDbEntity
  8
LINES
100
AcDbLine
 10
525.5939999999999
 20
112.60799999999995
 30
0.0
 11
527.754
 21
113.03999999999996
 31
0.0
  0
LINE
  5
379
330
17
100
AcDbEntity
  8
LINES
100
AcDbLine
 10
525.162
 20
114.19200000000001
 30
0.0
 11
527.898
 21
114.76800000000003
 31
0.0
  0
LINE
  5
37A
330
17
100
AcDbEntity
  8
LINES
100
AcDbLine
 10
527.178
 20
116.928
 30
0.0
 11
526.89
 21
114.76800000000003
 31
0.0
  0
LINE
  5
37B
330
17
100
AcDbEntity
  8
LINES
100
AcDbLine
 10
526.026
 20
116.35199999999998
 30
0.0
 11
526.314
 21
115.05600000000004
 31
0.0
  0
LINE
  5
37C
330
17
100
AcDbEntity
  8
LINES
100
AcDbLine
 10
525.5939999999999
 20
116.78399999999999
 30
0.0
 11
527.754
 21
117.21600000000001
 31
0.0
  0
LINE
  5
37D
330
17
100
AcDbEntity
  8
LINES
100
AcDbLine
 10
526.314
 20
118.79999999999995
 30
0.0
 11
526.746
 21
117.64800000000002
 31
0.0
  0
LINE
  5
37E
330
17
100
AcDbEntity
  8
LINES
100
AcDbLine
 10
533.658
 20
113.18399999999997
 30
0.0
 11
535.962
 21
113.47199999999998
 31
0.0
  0
LINE
  5
37F
330
17
100
AcDbEntity
  8
LINES
100
AcDbLine
 10
534.81
 20
118.94399999999996
 30
0.0
 11
534.81
 21
110.15999999999997
 31
0.0
  0
LINE
  5
380
330
17
100
AcDbEntity
  8
LINES
100
AcDbLine
 10
533.37
 20
115.91999999999996
 30
0.0
 11
536.538
 21
116.35199999999998
 31
0.0
  0
LINE
  5
381
330
17
100
AcDbEntity
  8
LINES
100
AcDbLine
 10
535.818
 20
117.64800000000002
 30
0.0
 11
533.658
 21
117.36000000000001
 31
0.0
  0
LINE
  5
382
330
17
100
AcDbEntity
  8
LINES
100
AcDbLine
 10
535.674
 20
114.76800000000003
 30
0.0
 11
535.962
 21
118.07999999999993
 31
0.0
  0
LINE
  5
383
330
17
100
AcDbEntity
  8
LINES
100
AcDbLine
 10
531.4979999999999
 20
112.46399999999994
 30
0.0
 11
535.674
 21
108.43200000000002
 31
0.0
  0
LINE
  5
384
330
17
100
AcDbEntity
  8
LINES
100
AcDbLine
 10
531.6419999999999
 20
117.21600000000001
 30
0.0
 11
533.082
 21
117.50400000000002
 31
0.0
  0
LINE
  5
385
330
17
100
AcDbEntity
  8
LINES
100
AcDbLine
 10
532.218
 20
114.19200000000001
 30
0.0
 11
533.226
 21
117.93600000000004
 31
0.0
  0
LINE
  5
386
330
17
100
AcDbEntity
  8
LINES
100
AcDbLine
 10
531.93
 20
114.19200000000001
 30
0.0
 11
533.226
 21
114.62400000000002
 31
0.0
  0
LINE
  5
387
330
17
100
AcDbEntity
  8
LINES
100
AcDbLine
 10
535.674
 20
108.28800000000001
 30
0.0
 11
536.538
 21
108.57600000000002
 31
0.0
  0
LINE
  5
388
330
17
100
AcDbEntity
  8
LINES
100
AcDbLine
 10
533.946
 20
114.33600000000001
 30
0.0
 11
535.818
 21
114.76800000000003
 31
0.0
  0
LINE
  5
389
330
17
100
AcDbEntity
  8
LINES
100
AcDbLine
 10
536.25
 20
112.31999999999994
 30
0.0
 11
533.514
 21
112.03200000000004
 31
0.0
  0
LINE
  5
38A
330
17
100
AcDbEntity
  8
LINES
100
AcDbLine
 10
542.298
 20
115.63199999999995
 30
0.0
 11
541.146
 21
117.64800000000002
 31
0.0
  0
LINE
  5
38B
330
17
100
AcDbEntity
  8
LINES
100
AcDbLine
 10
537.834
 20
114.62400000000002
 30
0.0
 11
539.274
 21
117.64800000000002
 31
0.0
  0
LINE
  5
38C
330
17
100
AcDbEntity
  8
LINES
100
AcDbLine
 10
540.138
 20
118.94399999999996
 30
0.0
 11
540.138
 21
115.48799999999994
 31
0.0
  0
LINE
  5
38D
330
17
100
AcDbEntity
  8
LINES
100
AcDbLine
 10
538.842
 20
113.61599999999999
 30
0.0
 11
538.842
 21
108.43200000000002
 31
0.0
  0
LINE
  5
38E
330
17
100
AcDbEntity
  8
LINES
100
AcDbLine
 10
541.29
 20
108.43200000000002
 30
0.0
 11
541.434
 21
114.19200000000001
 31
0.0
  0
LINE
  5
38F
330
17
100
AcDbEntity
  8
LINES
100
AcDbLine
 10
541.434
 20
113.904
 30
0.0
 11
538.842
 21
113.47199999999998
 31
0.0
  0
LINE
  5
390
330
17
100
AcDbEntity
  8
LINES
100
AcDbLine
 10
538.842
 20
111.88800000000003
 30
0.0
 11
541.002
 21
112.17599999999993
 31
0.0
  0
LINE
  5
391
330
17
100
AcDbEntity
  8
LINES
100
AcDbLine
 10
538.842
 20
110.44799999999998
 30
0.0
 11
541.002
 21
110.88
 31
0.0
  0
LINE
  5
392
330
17
100
AcDbEntity
  8
LINES
100
AcDbLine
 10
538.842
 20
109.00800000000004
 30
0.0
 11
541.29
 21
109.29600000000005
 31
0.0
  0
LINE
  5
393
330
17
100
AcDbEntity
  8
LINES
100
AcDbLine
 10
544.026
 20
118.51199999999994
 30
0.0
 11
544.026
 21
109.15200000000004
 31
0.0
  0
LINE
  5
394
330
17
100
AcDbEntity
  8
LINES
100
AcDbLine
 10
544.026
 20
117.64800000000002
 30
0.0
 11
547.77
 21
118.07999999999993
 31
0.0
  0
LINE
  5
395
330
17
100
AcDbEntity
  8
LINES
100
AcDbLine
 10
545.61
 20
116.49599999999998
 30
0.0
 11
544.314
 21
111.60000000000002
 31
0.0
  0
LINE
  5
396
330
17
100
AcDbEntity
  8
LINES
100
AcDbLine
 10
544.602
 20
115.77599999999995
 30
0.0
 11
545.754
 21
112.89599999999996
 31
0.0
  0
LINE
  5
397
330
17
100
AcDbEntity
  8
LINES
100
AcDbLine
 10
547.05
 20
116.78399999999999
 30
0.0
 11
545.61
 21
111.168
 31
0.0
  0
LINE
  5
398
330
17
100
AcDbEntity
  8
LINES
100
AcDbLine
 10
546.042
 20
115.77599999999995
 30
0.0
 11
547.194
 21
112.17599999999993
 31
0.0
  0
LINE
  5
399
330
17
100
AcDbEntity
  8
LINES
100
AcDbLine
 10
550.074
 20
112.17599999999993
 30
0.0
 11
554.394
 21
112.17599999999993
 31
0.0
  0
LINE
  5
39A
330
17
100
AcDbEntity
  8
LINES
100
AcDbLine
 10
568.218
 20
117.79200000000003
 30
0.0
 11
571.962
 21
118.36799999999994
 31
0.0
  0
LINE
  5
39B
330
17
100
AcDbEntity
  8
LINES
100
AcDbLine
 10
572.682
 20
114.19200000000001
 30
0.0
 11
567.4979999999999
 21
113.47199999999998
 31
0.0
  0
LINE
  5
39C
330
17
100
AcDbEntity
  8
LINES
100
AcDbLine
 10
568.65
 20
116.63999999999999
 30
0.0
 11
569.226
 21
114.62400000000002
 31
0.0
  0
LINE
  5
39D
330
17
100
AcDbEntity
  8
LINES
100
AcDbLine
 10
570.954
 20
114.33600000000001
 30
0.0
 11
571.674
 21
117.072
 31
0.0
  0
LINE
  5
39E
330
17
100
AcDbEntity
  8
LINES
100
AcDbLine
 10
570.234
 20
118.07999999999993
 30
0.0
 11
570.234
 21
108.43200000000002
 31
0.0
  0
LINE
  5
39F
330
17
100
AcDbEntity
  8
LINES
100
AcDbLine
 10
575.706
 20
115.34400000000005
 30
0.0
 11
576.138
 21
117.93600000000004
 31
0.0
  0
LINE
  5
3A0
330
17
100
AcDbEntity
  8
LINES
100
AcDbLine
 10
578.01
 20
115.48799999999994
 30
0.0
 11
574.41
 21
115.05600000000004
 31
0.0
  0
LINE
  5
3A1
330
17
100
AcDbEntity
  8
LINES
100
AcDbLine
 10
576.4259999999999
 20
113.904
 30
0.0
 11
575.562
 21
113.61599999999999
 31
0.0
  0
LINE
  5
3A2
330
17
100
AcDbEntity
  8
LINES
100
AcDbLine
 10
575.562
 20
112.03200000000004
 30
0.0
 11
576.4259999999999
 21
112.17599999999993
 31
0.0
  0
LINE
  5
3A3
330
17
100
AcDbEntity
  8
LINES
100
AcDbLine
 10
576.858
 20
115.34400000000005
 30
0.0
 11
576.7139999999999
 21
110.01599999999996
 31
0.0
  0
LINE
  5
3A4
330
17
100
AcDbEntity
  8
LINES
100
AcDbLine
 10
575.562
 20
115.20000000000005
 30
0.0
 11
575.562
 21
109.87199999999996
 31
0.0
  0
LINE
  5
3A5
330
17
100
AcDbEntity
  8
LINES
100
AcDbLine
 10
577.722
 20
108.86400000000003
 30
0.0
 11
578.01
 21
116.06399999999996
 31
0.0
  0
LINE
  5
3A6
330
17
100
AcDbEntity
  8
LINES
100
AcDbLine
 10
574.41
 20
109.58399999999995
 30
0.0
 11
577.722
 21
110.15999999999997
 31
0.0
  0
LINE
  5
3A7
330
17
100
AcDbEntity
  8
LINES
100
AcDbLine
 10
574.41
 20
116.06399999999996
 30
0.0
 11
574.41
 21
108.86400000000003
 31
0.0
  0
LINE
  5
3A8
330
17
100
AcDbEntity
  8
LINES
100
AcDbLine
 10
578.586
 20
118.07999999999993
 30
0.0
 11
573.6899999999999
 21
117.50400000000002
 31
0.0
  0
LINE
  5
3A9
330
17
100
AcDbEntity
  8
LINES
100
AcDbLine
 10
581.034
 20
118.22399999999993
 30
0.0
 11
581.466
 21
116.49599999999998
 31
0.0
  0
LINE
  5
3AA
330
17
100
AcDbEntity
  8
LINES
100
AcDbLine
 10
579.882
 20
115.05600000000004
 30
0.0
 11
582.762
 21
115.63199999999995
 31
0.0
  0
LINE
  5
3AB
330
17
100
AcDbEntity
  8
LINES
100
AcDbLine
 10
580.602
 20
114.33600000000001
 30
0.0
 11
582.186
 21
110.73599999999999
 31
0.0
  0
LINE
  5
3AC
330
17
100
AcDbEntity
  8
LINES
100
AcDbLine
 10
583.338
 20
116.63999999999999
 30
0.0
 11
583.338
 21
111.168
 31
0.0
  0
LINE
  5
3AD
330
17
100
AcDbEntity
  8
LINES
100
AcDbLine
 10
581.034
 20
111.45600000000002
 30
0.0
 11
579.882
 21
109.15200000000004
 31
0.0
  0
LINE
  5
3AE
330
17
100
AcDbEntity
  8
LINES
100
AcDbLine
 10
590.682
 20
117.50400000000002
 30
0.0
 11
590.106
 21
115.63199999999995
 31
0.0
  0
LINE
  5
3AF
330
17
100
AcDbEntity
  8
LINES
100
AcDbLine
 10
586.506
 20
117.50400000000002
 30
0.0
 11
586.362
 21
115.20000000000005
 31
0.0
  0
LINE
  5
3B0
330
17
100
AcDbEntity
  8
LINES
100
AcDbLine
 10
586.506
 20
116.78399999999999
 30
0.0
 11
590.682
 21
117.36000000000001
 31
0.0
  0
LINE
  5
3B1
330
17
100
AcDbEntity
  8
LINES
100
AcDbLine
 10
587.802
 20
118.79999999999995
 30
0.0
 11
588.5219999999999
 21
117.93600000000004
 31
0.0
  0
LINE
  5
3B2
330
17
100
AcDbEntity
  8
LINES
100
AcDbLine
 10
587.082
 20
115.05600000000004
 30
0.0
 11
589.53
 21
115.48799999999994
 31
0.0
  0
LINE
  5
3B3
330
17
100
AcDbEntity
  8
LINES
100
AcDbLine
 10
588.6659999999999
 20
115.34400000000005
 30
0.0
 11
586.362
 21
112.89599999999996
 31
0.0
  0
LINE
  5
3B4
330
17
100
AcDbEntity
  8
LINES
100
AcDbLine
 10
587.802
 20
114.48000000000002
 30
0.0
 11
588.6659999999999
 21
112.89599999999996
 31
0.0
  0
LINE
  5
3B5
330
17
100
AcDbEntity
  8
LINES
100
AcDbLine
 10
588.3779999999999
 20
113.47199999999998
 30
0.0
 11
586.218
 21
111.168
 31
0.0
  0
LINE
  5
3B6
330
17
100
AcDbEntity
  8
LINES
100
AcDbLine
 10
588.6659999999999
 20
112.60799999999995
 30
0.0
 11
589.962
 21
114.33600000000001
 31
0.0
  0
LINE
  5
3B7
330
17
100
AcDbEntity
  8
LINES
100
AcDbLine
 10
592.266
 20
109.58399999999995
 30
0.0
 11
593.418
 21
115.34400000000005
 31
0.0
  0
LINE
  5
3B8
330
17
100
AcDbEntity
  8
LINES
100
AcDbLine
 10
591.978
 20
110.73599999999999
 30
0.0
 11
592.266
 21
109.72799999999995
 31
0.0
  0
LINE
  5
3B9
330
17
100
AcDbEntity
  8
LINES
100
AcDbLine
 10
592.266
 20
118.22399999999993
 30
0.0
 11
592.986
 21
116.78399999999999
 31
0.0
  0
LINE
  5
3BA
330
17
100
AcDbEntity
  8
LINES
100
AcDbLine
 10
591.4019999999999
 20
115.34400000000005
 30
0.0
 11
592.41
 21
113.904
 31
0.0
  0
LINE
  5
3BB
330
17
100
AcDbEntity
  8
LINES
100
AcDbLine
 10
594.7139999999999
 20
119.08799999999997
 30
0.0
 11
595.146
 21
117.93600000000004
 31
0.0
  0
LINE
  5
3BC
330
17
100
AcDbEntity
  8
LINES
100
AcDbLine
 10
593.706
 20
116.78399999999999
 30
0.0
 11
596.586
 21
117.50400000000002
 31
0.0
  0
LINE
  5
3BD
330
17
100
AcDbEntity
  8
LINES
100
AcDbLine
 10
595.434
 20
117.072
 30
0.0
 11
595.434
 21
114.33600000000001
 31
0.0
  0
LINE
  5
3BE
330
17
100
AcDbEntity
  8
LINES
100
AcDbLine
 10
594.7139999999999
 20
114.33600000000001
 30
0.0
 11
594.7139999999999
 21
116.928
 31
0.0
  0
LINE
  5
3BF
330
17
100
AcDbEntity
  8
LINES
100
AcDbLine
 10
594.138
 20
116.06399999999996
 30
0.0
 11
593.418
 21
114.19200000000001
 31
0.0
  0
LINE
  5
3C0
330
17
100
AcDbEntity
  8
LINES
100
AcDbLine
 10
595.866
 20
116.06399999999996
 30
0.0
 11
596.586
 21
115.05600000000004
 31
0.0
  0
LINE
  5
3C1
330
17
100
AcDbEntity
  8
LINES
100
AcDbLine
 10
593.85
 20
113.61599999999999
 30
0.0
 11
595.866
 21
114.048
 31
0.0
  0
LINE
  5
3C2
330
17
100
AcDbEntity
  8
LINES
100
AcDbLine
 10
596.01
 20
114.19200000000001
 30
0.0
 11
595.866
 21
112.89599999999996
 31
0.0
  0
LINE
  5
3C3
330
17
100
AcDbEntity
  8
LINES
100
AcDbLine
 10
595.866
 20
112.89599999999996
 30
0.0
 11
594.138
 21
112.46399999999994
 31
0.0
  0
LINE
  5
3C4
330
17
100
AcDbEntity
  8
LINES
100
AcDbLine
 10
594.138
 20
112.89599999999996
 30
0.0
 11
593.994
 21
111.31200000000001
 31
0.0
  0
LINE
  5
3C5
330
17
100
AcDbEntity
  8
LINES
100
AcDbLine
 10
593.85
 20
111.31200000000001
 30
0.0
 11
596.154
 21
111.60000000000002
 31
0.0
  0
LINE
  5
3C6
330
17
100
AcDbEntity
  8
LINES
100
AcDbLine
 10
611.13
 20
115.48799999999994
 30
0.0
 11
611.706
 21
114.048
 31
0.0
  0
LINE
  5
3C7
330
17
100
AcDbEntity
  8
LINES
100
AcDbLine
 10
611.85
 20
118.79999999999995
 30
0.0
 11
611.85
 21
112.17599999999993
 31
0.0
  0
LINE
  5
3C8
330
17
100
AcDbEntity
  8
LINES
100
AcDbLine
 10
612.7139999999999
 20
113.47199999999998
 30
0.0
 11
613.866
 21
111.88800000000003
 31
0.0
  0
LINE
  5
3C9
330
17
100
AcDbEntity
  8
LINES
100
AcDbLine
 10
613.866
 20
116.49599999999998
 30
0.0
 11
612.7139999999999
 21
114.19200000000001
 31
0.0
  0
LINE
  5
3CA
330
17
100
AcDbEntity
  8
LINES
100
AcDbLine
 10
610.698
 20
112.03200000000004
 30
0.0
 11
611.85
 21
113.32799999999997
 31
0.0
  0
LINE
  5
3CB
330
17
100
AcDbEntity
  8
LINES
100
AcDbLine
 10
610.41
 20
115.20000000000005
 30
0.0
 11
611.13
 21
113.75999999999999
 31
0.0
  0
LINE
  5
3CC
330
17
100
AcDbEntity
  8
LINES
100
AcDbLine
 10
610.41
 20
115.48799999999994
 30
0.0
 11
608.826
 21
111.60000000000002
 31
0.0
  0
LINE
  5
3CD
330
17
100
AcDbEntity
  8
LINES
100
AcDbLine
 10
609.114
 20
115.63199999999995
 30
0.0
 11
611.274
 21
116.06399999999996
 31
0.0
  0
LINE
  5
3CE
330
17
100
AcDbEntity
  8
LINES
100
AcDbLine
 10
610.41
 20
119.08799999999997
 30
0.0
 11
610.41
 21
108.57600000000002
 31
0.0
  0
LINE
  5
3CF
330
17
100
AcDbEntity
  8
LINES
100
AcDbLine
 10
615.5939999999999
 20
109.72799999999995
 30
0.0
 11
615.3059999999999
 21
110.73599999999999
 31
0.0
  0
LINE
  5
3D0
330
17
100
AcDbEntity
  8
LINES
100
AcDbLine
 10
615.5939999999999
 20
118.36799999999994
 30
0.0
 11
616.314
 21
116.928
 31
0.0
  0
LINE
  5
3D1
330
17
100
AcDbEntity
  8
LINES
100
AcDbLine
 10
615.7379999999999
 20
114.048
 30
0.0
 11
614.73
 21
115.48799999999994
 31
0.0
  0
LINE
  5
3D2
330
17
100
AcDbEntity
  8
LINES
100
AcDbLine
 10
615.5939999999999
 20
109.58399999999995
 30
0.0
 11
616.746
 21
115.34400000000005
 31
0.0
  0
LINE
  5
3D3
330
17
100
AcDbEntity
  8
LINES
100
AcDbLine
 10
618.4739999999999
 20
116.78399999999999
 30
0.0
 11
618.3299999999999
 21
110.30399999999997
 31
0.0
  0
LINE
  5
3D4
330
17
100
AcDbEntity
  8
LINES
100
AcDbLine
 10
616.314
 20
110.15999999999997
 30
0.0
 11
620.202
 21
110.44799999999998
 31
0.0
  0
LINE
  5
3D5
330
17
100
AcDbEntity
  8
LINES
100
AcDbLine
 10
617.034
 20
116.63999999999999
 30
0.0
 11
619.914
 21
116.928
 31
0.0
  0
LINE
  5
3D6
330
17
100
AcDbEntity
  8
LINES
100
AcDbLine
 10
621.21
 20
117.36000000000001
 30
0.0
 11
626.106
 21
117.93600000000004
 31
0.0
  0
LINE
  5
3D7
330
17
100
AcDbEntity
  8
LINES
100
AcDbLine
 10
622.074
 20
115.77599999999995
 30
0.0
 11
622.218
 21
108.57600000000002
 31
0.0
  0
LINE
  5
3D8
330
17
100
AcDbEntity
  8
LINES
100
AcDbLine
 10
625.53
 20
108.86400000000003
 30
0.0
 11
625.674
 21
115.91999999999996
 31
0.0
  0
LINE
  5
3D9
330
17
100
AcDbEntity
  8
LINES
100
AcDbLine
 10
625.674
 20
115.48799999999994
 30
0.0
 11
622.074
 21
115.20000000000005
 31
0.0
  0
LINE
  5
3DA
330
17
100
AcDbEntity
  8
LINES
100
AcDbLine
 10
640.506
 20
115.48799999999994
 30
0.0
 11
641.082
 21
114.048
 31
0.0
  0
LINE
  5
3DB
330
17
100
AcDbEntity
  8
LINES
100
AcDbLine
 10
641.226
 20
118.79999999999995
 30
0.0
 11
641.226
 21
112.17599999999993
 31
0.0
  0
LINE
  5
3DC
330
17
100
AcDbEntity
  8
LINES
100
AcDbLine
 10
642.09
 20
113.47199999999998
 30
0.0
 11
643.242
 21
111.88800000000003
 31
0.0
  0
LINE
  5
3DD
330
17
100
AcDbEntity
  8
LINES
100
AcDbLine
 10
643.242
 20
116.49599999999998
 30
0.0
 11
642.09
 21
114.19200000000001
 31
0.0
  0
LINE
  5
3DE
330
17
100
AcDbEntity
  8
LINES
100
AcDbLine
 10
640.074
 20
112.03200000000004
 30
0.0
 11
641.226
 21
113.32799999999997
 31
0.0
  0
LINE
  5
3DF
330
17
100
AcDbEntity
  8
LINES
100
AcDbLine
 10
639.786
 20
115.20000000000005
 30
0.0
 11
640.506
 21
113.75999999999999
 31
0.0
  0
LINE
  5
3E0
330
17
100
AcDbEntity
  8
LINES
100
AcDbLine
 10
639.786
 20
115.48799999999994
 30
0.0
 11
638.202
 21
111.60000000000002
 31
0.0
  0
LINE
  5
3E1
330
17
100
AcDbEntity
  8
LINES
100
AcDbLine
 10
638.49
 20
115.63199999999995
 30
0.0
 11
640.65
 21
116.06399999999996
 31
0.0
  0
LINE
  5
3E2
330
17
100
AcDbEntity
  8
LINES
100
AcDbLine
 10
639.786
 20
119.08799999999997
 30
0.0
 11
639.786
 21
108.57600000000002
 31
0.0
  0
LINE
  5
3E3
330
17
100
AcDbEntity
  8
LINES
100
AcDbLine
 10
644.826
 20
116.78399999999999
 30
0.0
 11
649.146
 21
117.36000000000001
 31
0.0
  0
LINE
  5
3E4
330
17
100
AcDbEntity
  8
LINES
100
AcDbLine
 10
647.994
 20
118.79999999999995
 30
0.0
 11
647.562
 21
115.48799999999994
 31
0.0
  0
LINE
  5
3E5
330
17
100
AcDbEntity
  8
LINES
100
AcDbLine
 10
646.266
 20
118.79999999999995
 30
0.0
 11
646.266
 21
115.48799999999994
 31
0.0
  0
LINE
  5
3E6
330
17
100
AcDbEntity
  8
LINES
100
AcDbLine
 10
645.834
 20
113.47199999999998
 30
0.0
 11
645.834
 21
108.28800000000001
 31
0.0
  0
LINE
  5
3E7
330
17
100
AcDbEntity
  8
LINES
100
AcDbLine
 10
651.018
 20
109.72799999999995
 30
0.0
 11
650.73
 21
110.73599999999999
 31
0.0
  0
LINE
  5
3E8
330
17
100
AcDbEntity
  8
LINES
100
AcDbLine
 10
651.018
 20
118.36799999999994
 30
0.0
 11
651.7379999999999
 21
116.928
 31
0.0
  0
LINE
  5
3E9
330
17
100
AcDbEntity
  8
LINES
100
AcDbLine
 10
651.162
 20
114.048
 30
0.0
 11
650.154
 21
115.48799999999994
 31
0.0
  0
LINE
  5
3EA
330
17
100
AcDbEntity
  8
LINES
100
AcDbLine
 10
651.018
 20
109.58399999999995
 30
0.0
 11
652.026
 21
115.34400000000005
 31
0.0
  0
LINE
  5
3EB
330
17
100
AcDbEntity
  8
LINES
100
AcDbLine
 10
653.898
 20
116.78399999999999
 30
0.0
 11
653.754
 21
110.30399999999997
 31
0.0
  0
LINE
  5
3EC
330
17
100
AcDbEntity
  8
LINES
100
AcDbLine
 10
651.7379999999999
 20
110.15999999999997
 30
0.0
 11
655.626
 21
110.44799999999998
 31
0.0
  0
LINE
  5
3ED
330
17
100
AcDbEntity
  8
LINES
100
AcDbLine
 10
652.458
 20
116.63999999999999
 30
0.0
 11
655.338
 21
116.928
 31
0.0
  0
LINE
  5
3EE
330
17
100
AcDbEntity
  8
LINES
100
AcDbLine
 10
307.722
 20
100.79999999999995
 30
0.0
 11
307.722
 21
89.42399999999998
 31
0.0
  0
LINE
  5
3EF
330
17
100
AcDbEntity
  8
LINES
100
AcDbLine
 10
304.698
 20
100.79999999999995
 30
0.0
 11
310.746
 21
100.79999999999995
 31
0.0
  0
LINE
  5
3F0
330
17
100
AcDbEntity
  8
LINES
100
AcDbLine
 10
322.842
 20
94.31999999999994
 30
0.0
 11
330.61800000000005
 21
94.31999999999994
 31
0.0
  0
LINE
  5
3F1
330
17
100
AcDbEntity
  8
LINES
100
AcDbLine
 10
352.65
 20
99.93600000000004
 30
0.0
 11
352.65
 21
95.47199999999998
 31
0.0
  0
LINE
  5
3F2
330
17
100
AcDbEntity
  8
LINES
100
AcDbLine
 10
354.95399999999995
 20
95.75999999999999
 30
0.0
 11
350.49
 21
95.03999999999996
 31
0.0
  0
LINE
  5
3F3
330
17
100
AcDbEntity
  8
LINES
100
AcDbLine
 10
355.09799999999996
 20
89.71199999999999
 30
0.0
 11
354.80999999999995
 21
92.01599999999996
 31
0.0
  0
LINE
  5
3F4
330
17
100
AcDbEntity
  8
LINES
100
AcDbLine
 10
351.78600000000006
 20
96.48000000000002
 30
0.0
 11
351.21000000000004
 21
98.35199999999998
 31
0.0
  0
LINE
  5
3F5
330
17
100
AcDbEntity
  8
LINES
100
AcDbLine
 10
353.226
 20
95.904
 30
0.0
 11
354.23400000000004
 21
98.49599999999998
 31
0.0
  0
LINE
  5
3F6
330
17
100
AcDbEntity
  8
LINES
100
AcDbLine
 10
357.54600000000005
 20
99.50400000000002
 30
0.0
 11
356.394
 21
95.75999999999999
 31
0.0
  0
LINE
  5
3F7
330
17
100
AcDbEntity
  8
LINES
100
AcDbLine
 10
356.25
 20
90.57600000000002
 30
0.0
 11
358.12199999999996
 21
92.01599999999996
 31
0.0
  0
LINE
  5
3F8
330
17
100
AcDbEntity
  8
LINES
100
AcDbLine
 10
356.538
 20
93.024
 30
0.0
 11
358.12199999999996
 21
93.74400000000003
 31
0.0
  0
LINE
  5
3F9
330
17
100
AcDbEntity
  8
LINES
100
AcDbLine
 10
358.12199999999996
 20
97.05600000000004
 30
0.0
 11
356.682
 21
93.168
 31
0.0
  0
LINE
  5
3FA
330
17
100
AcDbEntity
  8
LINES
100
AcDbLine
 10
356.25
 20
95.47199999999998
 30
0.0
 11
357.83399999999995
 21
96.33600000000001
 31
0.0
  0
LINE
  5
3FB
330
17
100
AcDbEntity
  8
LINES
100
AcDbLine
 10
360.85799999999995
 20
99.072
 30
0.0
 11
358.554
 21
97.63199999999995
 31
0.0
  0
LINE
  5
3FC
330
17
100
AcDbEntity
  8
LINES
100
AcDbLine
 10
358.26599999999996
 20
94.60799999999995
 30
0.0
 11
361.43399999999997
 21
95.03999999999996
 31
0.0
  0
LINE
  5
3FD
330
17
100
AcDbEntity
  8
LINES
100
AcDbLine
 10
359.85
 20
98.35199999999998
 30
0.0
 11
359.85
 21
89.56799999999998
 31
0.0
  0
LINE
  5
3FE
330
17
100
AcDbEntity
  8
LINES
100
AcDbLine
 10
365.61
 20
97.05600000000004
 30
0.0
 11
365.61
 21
91.87199999999996
 31
0.0
  0
LINE
  5
3FF
330
17
100
AcDbEntity
  8
LINES
100
AcDbLine
 10
365.034
 20
93.74400000000003
 30
0.0
 11
366.33000000000004
 21
94.03200000000004
 31
0.0
  0
LINE
  5
400
330
17
100
AcDbEntity
  8
LINES
100
AcDbLine
 10
365.034
 20
95.32799999999997
 30
0.0
 11
366.18600000000004
 21
95.61599999999999
 31
0.0
  0
LINE
  5
401
330
17
100
AcDbEntity
  8
LINES
100
AcDbLine
 10
365.178
 20
98.35199999999998
 30
0.0
 11
365.754
 21
97.20000000000005
 31
0.0
  0
LINE
  5
402
330
17
100
AcDbEntity
  8
LINES
100
AcDbLine
 10
364.45799999999997
 20
96.91200000000003
 30
0.0
 11
366.90599999999995
 21
97.34400000000005
 31
0.0
  0
LINE
  5
403
330
17
100
AcDbEntity
  8
LINES
100
AcDbLine
 10
364.45799999999997
 20
97.48800000000006
 30
0.0
 11
364.45799999999997
 21
91.87199999999996
 31
0.0
  0
LINE
  5
404
330
17
100
AcDbEntity
  8
LINES
100
AcDbLine
 10
362.298
 20
95.18399999999997
 30
0.0
 11
363.88199999999995
 21
95.75999999999999
 31
0.0
  0
LINE
  5
405
330
17
100
AcDbEntity
  8
LINES
100
AcDbLine
 10
363.01800000000003
 20
99.072
 30
0.0
 11
363.59400000000005
 21
97.48800000000006
 31
0.0
  0
LINE
  5
406
330
17
100
AcDbEntity
  8
LINES
100
AcDbLine
 10
366.61800000000005
 20
99.79200000000003
 30
0.0
 11
365.61
 21
97.77599999999995
 31
0.0
  0
LINE
  5
407
330
17
100
AcDbEntity
  8
LINES
100
AcDbLine
 10
364.45799999999997
 20
99.072
 30
0.0
 11
366.33000000000004
 21
99.50400000000002
 31
0.0
  0
LINE
  5
408
330
17
100
AcDbEntity
  8
LINES
100
AcDbLine
 10
366.90599999999995
 20
89.856
 30
0.0
 11
367.48199999999997
 21
90.144
 31
0.0
  0
LINE
  5
409
330
17
100
AcDbEntity
  8
LINES
100
AcDbLine
 10
370.506
 20
90.28800000000001
 30
0.0
 11
372.37800000000004
 21
90.57600000000002
 31
0.0
  0
LINE
  5
40A
330
17
100
AcDbEntity
  8
LINES
100
AcDbLine
 10
372.52200000000005
 20
93.31200000000001
 30
0.0
 11
372.23400000000004
 21
90.57600000000002
 31
0.0
  0
LINE
  5
40B
330
17
100
AcDbEntity
  8
LINES
100
AcDbLine
 10
370.506
 20
93.168
 30
0.0
 11
370.506
 21
89.56799999999998
 31
0.0
  0
LINE
  5
40C
330
17
100
AcDbEntity
  8
LINES
100
AcDbLine
 10
369.64200000000005
 20
97.20000000000005
 30
0.0
 11
373.38599999999997
 21
97.77599999999995
 31
0.0
  0
LINE
  5
40D
330
17
100
AcDbEntity
  8
LINES
100
AcDbLine
 10
371.226
 20
100.08000000000004
 30
0.0
 11
371.946
 21
98.06399999999996
 31
0.0
  0
LINE
  5
40E
330
17
100
AcDbEntity
  8
LINES
100
AcDbLine
 10
369.92999999999995
 20
100.08000000000004
 30
0.0
 11
368.058
 21
94.60799999999995
 31
0.0
  0
LINE
  5
40F
330
17
100
AcDbEntity
  8
LINES
100
AcDbLine
 10
369.21000000000004
 20
97.77599999999995
 30
0.0
 11
369.21000000000004
 21
89.56799999999998
 31
0.0
  0
LINE
  5
410
330
17
100
AcDbEntity
  8
LINES
100
AcDbLine
 10
370.506
 20
95.75999999999999
 30
0.0
 11
372.66600000000005
 21
96.19200000000001
 31
0.0
  0
LINE
  5
411
330
17
100
AcDbEntity
  8
LINES
100
AcDbLine
 10
372.66600000000005
 20
94.46399999999994
 30
0.0
 11
370.36199999999997
 21
94.17599999999993
 31
0.0
  0
LINE
  5
412
330
17
100
AcDbEntity
  8
LINES
100
AcDbLine
 10
370.506
 20
92.59199999999998
 30
0.0
 11
372.37800000000004
 21
93.024
 31
0.0
  0
LINE
  5
413
330
17
100
AcDbEntity
  8
LINES
100
AcDbLine
 10
374.97
 20
98.20799999999997
 30
0.0
 11
374.97
 21
92.01599999999996
 31
0.0
  0
LINE
  5
414
330
17
100
AcDbEntity
  8
LINES
100
AcDbLine
 10
374.97
 20
97.05600000000004
 30
0.0
 11
378.57000000000005
 21
97.63199999999995
 31
0.0
  0
LINE
  5
415
330
17
100
AcDbEntity
  8
LINES
100
AcDbLine
 10
378.71400000000006
 20
97.91999999999996
 30
0.0
 11
378.13800000000003
 21
93.45600000000002
 31
0.0
  0
LINE
  5
416
330
17
100
AcDbEntity
  8
LINES
100
AcDbLine
 10
378.42600000000004
 20
93.45600000000002
 30
0.0
 11
374.97
 21
93.024
 31
0.0
  0
LINE
  5
417
330
17
100
AcDbEntity
  8
LINES
100
AcDbLine
 10
375.54600000000005
 20
95.18399999999997
 30
0.0
 11
377.706
 21
95.61599999999999
 31
0.0
  0
LINE
  5
418
330
17
100
AcDbEntity
  8
LINES
100
AcDbLine
 10
380.874
 20
99.21600000000001
 30
0.0
 11
380.874
 21
95.75999999999999
 31
0.0
  0
LINE
  5
419
330
17
100
AcDbEntity
  8
LINES
100
AcDbLine
 10
380.874
 20
98.35199999999998
 30
0.0
 11
382.16999999999996
 21
98.63999999999999
 31
0.0
  0
LINE
  5
41A
330
17
100
AcDbEntity
  8
LINES
100
AcDbLine
 10
382.31399999999996
 20
99.072
 30
0.0
 11
382.02599999999995
 21
96.76800000000003
 31
0.0
  0
LINE
  5
41B
330
17
100
AcDbEntity
  8
LINES
100
AcDbLine
 10
382.31399999999996
 20
96.76800000000003
 30
0.0
 11
380.874
 21
96.48000000000002
 31
0.0
  0
LINE
  5
41C
330
17
100
AcDbEntity
  8
LINES
100
AcDbLine
 10
381.45000000000005
 20
94.31999999999994
 30
0.0
 11
382.602
 21
94.46399999999994
 31
0.0
  0
LINE
  5
41D
330
17
100
AcDbEntity
  8
LINES
100
AcDbLine
 10
380.298
 20
90.57600000000002
 30
0.0
 11
382.602
 21
92.01599999999996
 31
0.0
  0
LINE
  5
41E
330
17
100
AcDbEntity
  8
LINES
100
AcDbLine
 10
381.45000000000005
 20
96.62400000000002
 30
0.0
 11
381.45000000000005
 21
91.44000000000005
 31
0.0
  0
LINE
  5
41F
330
17
100
AcDbEntity
  8
LINES
100
AcDbLine
 10
380.586
 20
90.86400000000003
 30
0.0
 11
380.586
 21
94.75199999999995
 31
0.0
  0
LINE
  5
420
330
17
100
AcDbEntity
  8
LINES
100
AcDbLine
 10
383.754
 20
99.64800000000002
 30
0.0
 11
382.602
 21
95.61599999999999
 31
0.0
  0
LINE
  5
421
330
17
100
AcDbEntity
  8
LINES
100
AcDbLine
 10
383.178
 20
97.77599999999995
 30
0.0
 11
384.76199999999994
 21
98.06399999999996
 31
0.0
  0
LINE
  5
422
330
17
100
AcDbEntity
  8
LINES
100
AcDbLine
 10
383.898
 20
95.75999999999999
 30
0.0
 11
382.16999999999996
 21
93.168
 31
0.0
  0
LINE
  5
423
330
17
100
AcDbEntity
  8
LINES
100
AcDbLine
 10
383.178
 20
93.31200000000001
 30
0.0
 11
383.178
 21
89.56799999999998
 31
0.0
  0
LINE
  5
424
330
17
100
AcDbEntity
  8
LINES
100
AcDbLine
 10
383.178
 20
92.88
 30
0.0
 11
384.76199999999994
 21
93.168
 31
0.0
  0
LINE
  5
425
330
17
100
AcDbEntity
  8
LINES
100
AcDbLine
 10
384.76199999999994
 20
93.31200000000001
 30
0.0
 11
384.61800000000005
 21
90.43200000000002
 31
0.0
  0
LINE
  5
426
330
17
100
AcDbEntity
  8
LINES
100
AcDbLine
 10
384.76199999999994
 20
90.43200000000002
 30
0.0
 11
383.178
 21
90.144
 31
0.0
  0
LINE
  5
427
330
17
100
AcDbEntity
  8
LINES
100
AcDbLine
 10
384.90599999999995
 20
98.35199999999998
 30
0.0
 11
383.898
 21
95.61599999999999
 31
0.0
  0
LINE
  5
428
330
17
100
AcDbEntity
  8
LINES
100
AcDbLine
 10
394.986
 20
99.93600000000004
 30
0.0
 11
394.986
 21
95.47199999999998
 31
0.0
  0
LINE
  5
429
330
17
100
AcDbEntity
  8
LINES
100
AcDbLine
 10
397.28999999999996
 20
95.75999999999999
 30
0.0
 11
392.682
 21
95.03999999999996
 31
0.0
  0
LINE
  5
42A
330
17
100
AcDbEntity
  8
LINES
100
AcDbLine
 10
397.43399999999997
 20
89.71199999999999
 30
0.0
 11
397.14599999999996
 21
92.01599999999996
 31
0.0
  0
LINE
  5
42B
330
17
100
AcDbEntity
  8
LINES
100
AcDbLine
 10
394.12199999999996
 20
96.48000000000002
 30
0.0
 11
393.54600000000005
 21
98.35199999999998
 31
0.0
  0
LINE
  5
42C
330
17
100
AcDbEntity
  8
LINES
100
AcDbLine
 10
395.562
 20
95.904
 30
0.0
 11
396.57000000000005
 21
98.49599999999998
 31
0.0
  0
LINE
  5
42D
330
17
100
AcDbEntity
  8
LINES
100
AcDbLine
 10
399.59400000000005
 20
97.77599999999995
 30
0.0
 11
399.73799999999994
 21
91.58399999999995
 31
0.0
  0
LINE
  5
42E
330
17
100
AcDbEntity
  8
LINES
100
AcDbLine
 10
399.59400000000005
 20
97.05600000000004
 30
0.0
 11
402.61800000000005
 21
97.48800000000006
 31
0.0
  0
LINE
  5
42F
330
17
100
AcDbEntity
  8
LINES
100
AcDbLine
 10
402.33000000000004
 20
92.73599999999999
 30
0.0
 11
402.61800000000005
 21
97.91999999999996
 31
0.0
  0
LINE
  5
430
330
17
100
AcDbEntity
  8
LINES
100
AcDbLine
 10
399.73799999999994
 20
92.44799999999998
 30
0.0
 11
402.61800000000005
 21
92.73599999999999
 31
0.0
  0
LINE
  5
431
330
17
100
AcDbEntity
  8
LINES
100
AcDbLine
 10
399.59400000000005
 20
97.05600000000004
 30
0.0
 11
402.61800000000005
 21
97.48800000000006
 31
0.0
  0
LINE
  5
432
330
17
100
AcDbEntity
  8
LINES
100
AcDbLine
 10
404.49
 20
93.45600000000002
 30
0.0
 11
406.07399999999996
 21
95.18399999999997
 31
0.0
  0
LINE
  5
433
330
17
100
AcDbEntity
  8
LINES
100
AcDbLine
 10
404.49
 20
96.62400000000002
 30
0.0
 11
406.21799999999996
 21
97.05600000000004
 31
0.0
  0
LINE
  5
434
330
17
100
AcDbEntity
  8
LINES
100
AcDbLine
 10
407.658
 20
99.93600000000004
 30
0.0
 11
408.09000000000003
 21
98.35199999999998
 31
0.0
  0
LINE
  5
435
330
17
100
AcDbEntity
  8
LINES
100
AcDbLine
 10
406.794
 20
98.35199999999998
 30
0.0
 11
406.506
 21
96.048
 31
0.0
  0
LINE
  5
436
330
17
100
AcDbEntity
  8
LINES
100
AcDbLine
 10
406.794
 20
97.48800000000006
 30
0.0
 11
409.24199999999996
 21
97.77599999999995
 31
0.0
  0
LINE
  5
437
330
17
100
AcDbEntity
  8
LINES
100
AcDbLine
 10
409.38599999999997
 20
98.35199999999998
 30
0.0
 11
408.95399999999995
 21
96.48000000000002
 31
0.0
  0
LINE
  5
438
330
17
100
AcDbEntity
  8
LINES
100
AcDbLine
 10
406.21799999999996
 20
94.17599999999993
 30
0.0
 11
409.674
 21
94.60799999999995
 31
0.0
  0
LINE
  5
439
330
17
100
AcDbEntity
  8
LINES
100
AcDbLine
 10
420.90599999999995
 20
99.21600000000001
 30
0.0
 11
420.90599999999995
 21
89.42399999999998
 31
0.0
  0
LINE
  5
43A
330
17
100
AcDbEntity
  8
LINES
100
AcDbLine
 10
417.01800000000003
 20
94.31999999999994
 30
0.0
 11
424.794
 21
94.31999999999994
 31
0.0
  0
LINE
  5
43B
330
17
100
AcDbEntity
  8
LINES
100
AcDbLine
 10
437.322
 20
98.78399999999999
 30
0.0
 11
440.346
 21
99.36000000000001
 31
0.0
  0
LINE
  5
43C
330
17
100
AcDbEntity
  8
LINES
100
AcDbLine
 10
441.92999999999995
 20
95.61599999999999
 30
0.0
 11
440.346
 21
95.18399999999997
 31
0.0
  0
LINE
  5
43D
330
17
100
AcDbEntity
  8
LINES
100
AcDbLine
 10
441.92999999999995
 20
98.63999999999999
 30
0.0
 11
441.78599999999994
 21
95.61599999999999
 31
0.0
  0
LINE
  5
43E
330
17
100
AcDbEntity
  8
LINES
100
AcDbLine
 10
440.346
 20
98.06399999999996
 30
0.0
 11
441.78599999999994
 21
98.35199999999998
 31
0.0
  0
LINE
  5
43F
330
17
100
AcDbEntity
  8
LINES
100
AcDbLine
 10
438.90599999999995
 20
98.928
 30
0.0
 11
438.90599999999995
 21
94.31999999999994
 31
0.0
  0
LINE
  5
440
330
17
100
AcDbEntity
  8
LINES
100
AcDbLine
 10
438.04200000000003
 20
92.88
 30
0.0
 11
439.04999999999995
 21
93.168
 31
0.0
  0
LINE
  5
441
330
17
100
AcDbEntity
  8
LINES
100
AcDbLine
 10
437.61
 20
91.58399999999995
 30
0.0
 11
439.33799999999997
 21
91.87199999999996
 31
0.0
  0
LINE
  5
442
330
17
100
AcDbEntity
  8
LINES
100
AcDbLine
 10
439.626
 20
97.48800000000006
 30
0.0
 11
439.48199999999997
 21
90.57600000000002
 31
0.0
  0
LINE
  5
443
330
17
100
AcDbEntity
  8
LINES
100
AcDbLine
 10
437.61
 20
96.91200000000003
 30
0.0
 11
439.626
 21
97.20000000000005
 31
0.0
  0
LINE
  5
444
330
17
100
AcDbEntity
  8
LINES
100
AcDbLine
 10
437.61
 20
97.48800000000006
 30
0.0
 11
437.61
 21
90.57600000000002
 31
0.0
  0
LINE
  5
445
330
17
100
AcDbEntity
  8
LINES
100
AcDbLine
 10
438.90599999999995
 20
94.31999999999994
 30
0.0
 11
439.33799999999997
 21
94.31999999999994
 31
0.0
  0
LINE
  5
446
330
17
100
AcDbEntity
  8
LINES
100
AcDbLine
 10
443.37
 20
89.856
 30
0.0
 11
448.698
 21
90.57600000000002
 31
0.0
  0
LINE
  5
447
330
17
100
AcDbEntity
  8
LINES
100
AcDbLine
 10
444.66599999999994
 20
91.15200000000004
 30
0.0
 11
446.682
 21
91.44000000000005
 31
0.0
  0
LINE
  5
448
330
17
100
AcDbEntity
  8
LINES
100
AcDbLine
 10
446.682
 20
92.44799999999998
 30
0.0
 11
444.66599999999994
 21
92.30399999999997
 31
0.0
  0
LINE
  5
449
330
17
100
AcDbEntity
  8
LINES
100
AcDbLine
 10
444.66599999999994
 20
93.31200000000001
 30
0.0
 11
446.682
 21
93.60000000000002
 31
0.0
  0
LINE
  5
44A
330
17
100
AcDbEntity
  8
LINES
100
AcDbLine
 10
447.25800000000004
 20
94.75199999999995
 30
0.0
 11
444.66599999999994
 21
94.46399999999994
 31
0.0
  0
LINE
  5
44B
330
17
100
AcDbEntity
  8
LINES
100
AcDbLine
 10
447.11400000000003
 20
90.43200000000002
 30
0.0
 11
447.25800000000004
 21
95.03999999999996
 31
0.0
  0
LINE
  5
44C
330
17
100
AcDbEntity
  8
LINES
100
AcDbLine
 10
444.66599999999994
 20
94.89599999999996
 30
0.0
 11
444.66599999999994
 21
90.0
 31
0.0
  0
LINE
  5
44D
330
17
100
AcDbEntity
  8
LINES
100
AcDbLine
 10
445.962
 20
96.76800000000003
 30
0.0
 11
445.818
 21
94.46399999999994
 31
0.0
  0
LINE
  5
44E
330
17
100
AcDbEntity
  8
LINES
100
AcDbLine
 10
443.802
 20
95.61599999999999
 30
0.0
 11
448.26599999999996
 21
96.048
 31
0.0
  0
LINE
  5
44F
330
17
100
AcDbEntity
  8
LINES
100
AcDbLine
 10
446.538
 20
98.78399999999999
 30
0.0
 11
446.394
 21
97.34400000000005
 31
0.0
  0
LINE
  5
450
330
17
100
AcDbEntity
  8
LINES
100
AcDbLine
 10
445.38599999999997
 20
98.63999999999999
 30
0.0
 11
445.38599999999997
 21
97.34400000000005
 31
0.0
  0
LINE
  5
451
330
17
100
AcDbEntity
  8
LINES
100
AcDbLine
 10
447.83399999999995
 20
99.072
 30
0.0
 11
444.09000000000003
 21
98.78399999999999
 31
0.0
  0
LINE
  5
452
330
17
100
AcDbEntity
  8
LINES
100
AcDbLine
 10
447.68999999999994
 20
97.48800000000006
 30
0.0
 11
447.83399999999995
 21
99.50400000000002
 31
0.0
  0
LINE
  5
453
330
17
100
AcDbEntity
  8
LINES
100
AcDbLine
 10
444.09000000000003
 20
97.05600000000004
 30
0.0
 11
447.83399999999995
 21
97.48800000000006
 31
0.0
  0
LINE
  5
454
330
17
100
AcDbEntity
  8
LINES
100
AcDbLine
 10
444.09000000000003
 20
99.50400000000002
 30
0.0
 11
444.09000000000003
 21
96.48000000000002
 31
0.0
  0
LINE
  5
455
330
17
100
AcDbEntity
  8
LINES
100
AcDbLine
 10
456.33000000000004
 20
92.59199999999998
 30
0.0
 11
456.04200000000003
 21
92.59199999999998
 31
0.0
  0
LINE
  5
456
330
17
100
AcDbEntity
  8
LINES
100
AcDbLine
 10
456.04200000000003
 20
92.59199999999998
 30
0.0
 11
456.33000000000004
 21
92.59199999999998
 31
0.0
  0
LINE
  5
457
330
17
100
AcDbEntity
  8
LINES
100
AcDbLine
 10
462.09000000000003
 20
97.20000000000005
 30
0.0
 11
461.514
 21
94.03200000000004
 31
0.0
  0
LINE
  5
458
330
17
100
AcDbEntity
  8
LINES
100
AcDbLine
 10
462.66599999999994
 20
100.08000000000004
 30
0.0
 11
462.66599999999994
 21
89.71199999999999
 31
0.0
  0
LINE
  5
459
330
17
100
AcDbEntity
  8
LINES
100
AcDbLine
 10
463.53
 20
96.62400000000002
 30
0.0
 11
462.66599999999994
 21
97.77599999999995
 31
0.0
  0
LINE
  5
45A
330
17
100
AcDbEntity
  8
LINES
100
AcDbLine
 10
463.53
 20
97.34400000000005
 30
0.0
 11
466.554
 21
98.06399999999996
 31
0.0
  0
LINE
  5
45B
330
17
100
AcDbEntity
  8
LINES
100
AcDbLine
 10
465.11400000000003
 20
96.76800000000003
 30
0.0
 11
465.11400000000003
 21
94.17599999999993
 31
0.0
  0
LINE
  5
45C
330
17
100
AcDbEntity
  8
LINES
100
AcDbLine
 10
463.962
 20
94.60799999999995
 30
0.0
 11
464.538
 21
92.88
 31
0.0
  0
LINE
  5
45D
330
17
100
AcDbEntity
  8
LINES
100
AcDbLine
 10
465.11400000000003
 20
93.168
 30
0.0
 11
466.26599999999996
 21
95.32799999999997
 31
0.0
  0
LINE
  5
45E
330
17
100
AcDbEntity
  8
LINES
100
AcDbLine
 10
469.28999999999996
 20
93.45600000000002
 30
0.0
 11
471.59399999999994
 21
93.74400000000003
 31
0.0
  0
LINE
  5
45F
330
17
100
AcDbEntity
  8
LINES
100
AcDbLine
 10
469.14599999999996
 20
98.35199999999998
 30
0.0
 11
472.31399999999996
 21
98.928
 31
0.0
  0
LINE
  5
460
330
17
100
AcDbEntity
  8
LINES
100
AcDbLine
 10
469.28999999999996
 20
97.77599999999995
 30
0.0
 11
469.28999999999996
 21
94.46399999999994
 31
0.0
  0
LINE
  5
461
330
17
100
AcDbEntity
  8
LINES
100
AcDbLine
 10
469.28999999999996
 20
97.34400000000005
 30
0.0
 11
471.45000000000005
 21
97.77599999999995
 31
0.0
  0
LINE
  5
462
330
17
100
AcDbEntity
  8
LINES
100
AcDbLine
 10
471.45000000000005
 20
98.06399999999996
 30
0.0
 11
471.30600000000004
 21
95.03999999999996
 31
0.0
  0
LINE
  5
463
330
17
100
AcDbEntity
  8
LINES
100
AcDbLine
 10
471.45000000000005
 20
95.03999999999996
 30
0.0
 11
469.28999999999996
 21
94.60799999999995
 31
0.0
  0
LINE
  5
464
330
17
100
AcDbEntity
  8
LINES
100
AcDbLine
 10
469.28999999999996
 20
96.048
 30
0.0
 11
470.874
 21
96.33600000000001
 31
0.0
  0
LINE
  5
465
330
17
100
AcDbEntity
  8
LINES
100
AcDbLine
 10
474.18600000000004
 20
98.35199999999998
 30
0.0
 11
474.76199999999994
 21
96.76800000000003
 31
0.0
  0
LINE
  5
466
330
17
100
AcDbEntity
  8
LINES
100
AcDbLine
 10
478.21799999999996
 20
98.06399999999996
 30
0.0
 11
475.626
 21
97.63199999999995
 31
0.0
  0
LINE
  5
467
330
17
100
AcDbEntity
  8
LINES
100
AcDbLine
 10
478.938
 20
96.48000000000002
 30
0.0
 11
475.33799999999997
 21
95.904
 31
0.0
  0
LINE
  5
468
330
17
100
AcDbEntity
  8
LINES
100
AcDbLine
 10
476.202
 20
93.31200000000001
 30
0.0
 11
477.64199999999994
 21
93.60000000000002
 31
0.0
  0
LINE
  5
469
330
17
100
AcDbEntity
  8
LINES
100
AcDbLine
 10
476.346
 20
95.61599999999999
 30
0.0
 11
474.90599999999995
 21
93.31200000000001
 31
0.0
  0
LINE
  5
46A
330
17
100
AcDbEntity
  8
LINES
100
AcDbLine
 10
478.506
 20
93.74400000000003
 30
0.0
 11
477.35400000000004
 21
95.75999999999999
 31
0.0
  0
LINE
  5
46B
330
17
100
AcDbEntity
  8
LINES
100
AcDbLine
 10
476.922
 20
100.08000000000004
 30
0.0
 11
476.922
 21
96.33600000000001
 31
0.0
  0
LINE
  5
46C
330
17
100
AcDbEntity
  8
LINES
100
AcDbLine
 10
474.76199999999994
 20
89.42399999999998
 30
0.0
 11
475.914
 21
90.43200000000002
 31
0.0
  0
LINE
  5
46D
330
17
100
AcDbEntity
  8
LINES
100
AcDbLine
 10
480.23400000000004
 20
98.928
 30
0.0
 11
480.95399999999995
 21
97.34400000000005
 31
0.0
  0
LINE
  5
46E
330
17
100
AcDbEntity
  8
LINES
100
AcDbLine
 10
480.37800000000004
 20
94.89599999999996
 30
0.0
 11
479.658
 21
96.48000000000002
 31
0.0
  0
LINE
  5
46F
330
17
100
AcDbEntity
  8
LINES
100
AcDbLine
 10
481.38599999999997
 20
97.48800000000006
 30
0.0
 11
484.12199999999996
 21
97.91999999999996
 31
0.0
  0
LINE
  5
470
330
17
100
AcDbEntity
  8
LINES
100
AcDbLine
 10
484.12199999999996
 20
98.35199999999998
 30
0.0
 11
483.97799999999995
 21
95.18399999999997
 31
0.0
  0
LINE
  5
471
330
17
100
AcDbEntity
  8
LINES
100
AcDbLine
 10
484.12199999999996
 20
95.18399999999997
 30
0.0
 11
481.674
 21
94.75199999999995
 31
0.0
  0
LINE
  5
472
330
17
100
AcDbEntity
  8
LINES
100
AcDbLine
 10
481.38599999999997
 20
93.31200000000001
 30
0.0
 11
484.12199999999996
 21
93.74400000000003
 31
0.0
  0
LINE
  5
473
330
17
100
AcDbEntity
  8
LINES
100
AcDbLine
 10
484.986
 20
92.44799999999998
 30
0.0
 11
480.95399999999995
 21
91.87199999999996
 31
0.0
  0
LINE
  5
474
330
17
100
AcDbEntity
  8
LINES
100
AcDbLine
 10
482.682
 20
89.13599999999997
 30
0.0
 11
482.682
 21
100.08000000000004
 31
0.0
  0
LINE
  5
475
330
17
100
AcDbEntity
  8
LINES
100
AcDbLine
 10
481.09799999999996
 20
95.904
 30
0.0
 11
484.986
 21
96.48000000000002
 31
0.0
  0
LINE
  5
476
330
17
100
AcDbEntity
  8
LINES
100
AcDbLine
 10
486.56999999999994
 20
99.21600000000001
 30
0.0
 11
487.14599999999996
 21
97.77599999999995
 31
0.0
  0
LINE
  5
477
330
17
100
AcDbEntity
  8
LINES
100
AcDbLine
 10
485.85
 20
96.76800000000003
 30
0.0
 11
486.56999999999994
 21
95.32799999999997
 31
0.0
  0
LINE
  5
478
330
17
100
AcDbEntity
  8
LINES
100
AcDbLine
 10
487.14599999999996
 20
96.19200000000001
 30
0.0
 11
486.28200000000004
 21
90.28800000000001
 31
0.0
  0
LINE
  5
479
330
17
100
AcDbEntity
  8
LINES
100
AcDbLine
 10
485.706
 20
91.72799999999995
 30
0.0
 11
486.28200000000004
 21
90.57600000000002
 31
0.0
  0
LINE
  5
47A
330
17
100
AcDbEntity
  8
LINES
100
AcDbLine
 10
488.442
 20
96.91200000000003
 30
0.0
 11
487.43399999999997
 21
96.62400000000002
 31
0.0
  0
LINE
  5
47B
330
17
100
AcDbEntity
  8
LINES
100
AcDbLine
 10
487.43399999999997
 20
95.75999999999999
 30
0.0
 11
488.298
 21
92.44799999999998
 31
0.0
  0
LINE
  5
47C
330
17
100
AcDbEntity
  8
LINES
100
AcDbLine
 10
489.01800000000003
 20
97.05600000000004
 30
0.0
 11
489.01800000000003
 21
89.42399999999998
 31
0.0
  0
LINE
  5
47D
330
17
100
AcDbEntity
  8
LINES
100
AcDbLine
 10
490.746
 20
93.168
 30
0.0
 11
489.45000000000005
 21
93.024
 31
0.0
  0
LINE
  5
47E
330
17
100
AcDbEntity
  8
LINES
100
AcDbLine
 10
489.45000000000005
 20
94.89599999999996
 30
0.0
 11
490.746
 21
95.03999999999996
 31
0.0
  0
LINE
  5
47F
330
17
100
AcDbEntity
  8
LINES
100
AcDbLine
 10
490.16999999999996
 20
99.64800000000002
 30
0.0
 11
490.31399999999996
 21
97.77599999999995
 31
0.0
  0
LINE
  5
480
330
17
100
AcDbEntity
  8
LINES
100
AcDbLine
 10
490.16999999999996
 20
96.91200000000003
 30
0.0
 11
490.16999999999996
 21
90.57600000000002
 31
0.0
  0
LINE
  5
481
330
17
100
AcDbEntity
  8
LINES
100
AcDbLine
 10
489.01800000000003
 20
90.57600000000002
 30
0.0
 11
491.178
 21
90.86400000000003
 31
0.0
  0
LINE
  5
482
330
17
100
AcDbEntity
  8
LINES
100
AcDbLine
 10
491.034
 20
97.05600000000004
 30
0.0
 11
489.01800000000003
 21
96.76800000000003
 31
0.0
  0
LINE
  5
483
330
17
100
AcDbEntity
  8
LINES
100
AcDbLine
 10
490.16999999999996
 20
96.76800000000003
 30
0.0
 11
490.16999999999996
 21
97.05600000000004
 31
0.0
  0
LINE
  5
484
330
17
100
AcDbEntity
  8
LINES
100
AcDbLine
 10
505.14599999999996
 20
96.48000000000002
 30
0.0
 11
505.722
 21
95.03999999999996
 31
0.0
  0
LINE
  5
485
330
17
100
AcDbEntity
  8
LINES
100
AcDbLine
 10
505.866
 20
99.79200000000003
 30
0.0
 11
505.866
 21
93.31200000000001
 31
0.0
  0
LINE
  5
486
330
17
100
AcDbEntity
  8
LINES
100
AcDbLine
 10
506.73
 20
94.60799999999995
 30
0.0
 11
507.88199999999995
 21
93.024
 31
0.0
  0
LINE
  5
487
330
17
100
AcDbEntity
  8
LINES
100
AcDbLine
 10
508.02599999999995
 20
97.63199999999995
 30
0.0
 11
506.73
 21
95.18399999999997
 31
0.0
  0
LINE
  5
488
330
17
100
AcDbEntity
  8
LINES
100
AcDbLine
 10
504.71399999999994
 20
93.168
 30
0.0
 11
505.866
 21
94.46399999999994
 31
0.0
  0
LINE
  5
489
330
17
100
AcDbEntity
  8
LINES
100
AcDbLine
 10
504.42600000000004
 20
96.33600000000001
 30
0.0
 11
505.14599999999996
 21
94.89599999999996
 31
0.0
  0
LINE
  5
48A
330
17
100
AcDbEntity
  8
LINES
100
AcDbLine
 10
504.42600000000004
 20
96.62400000000002
 30
0.0
 11
502.842
 21
92.73599999999999
 31
0.0
  0
LINE
  5
48B
330
17
100
AcDbEntity
  8
LINES
100
AcDbLine
 10
503.13
 20
96.76800000000003
 30
0.0
 11
505.28999999999996
 21
97.20000000000005
 31
0.0
  0
LINE
  5
48C
330
17
100
AcDbEntity
  8
LINES
100
AcDbLine
 10
504.42600000000004
 20
100.22399999999993
 30
0.0
 11
504.42600000000004
 21
89.71199999999999
 31
0.0
  0
LINE
  5
48D
330
17
100
AcDbEntity
  8
LINES
100
AcDbLine
 10
509.466
 20
97.77599999999995
 30
0.0
 11
513.786
 21
98.35199999999998
 31
0.0
  0
LINE
  5
48E
330
17
100
AcDbEntity
  8
LINES
100
AcDbLine
 10
512.634
 20
99.93600000000004
 30
0.0
 11
512.202
 21
96.62400000000002
 31
0.0
  0
LINE
  5
48F
330
17
100
AcDbEntity
  8
LINES
100
AcDbLine
 10
510.90599999999995
 20
99.79200000000003
 30
0.0
 11
511.04999999999995
 21
96.62400000000002
 31
0.0
  0
LINE
  5
490
330
17
100
AcDbEntity
  8
LINES
100
AcDbLine
 10
510.47400000000005
 20
94.60799999999995
 30
0.0
 11
510.47400000000005
 21
89.42399999999998
 31
0.0
  0
LINE
  5
491
330
17
100
AcDbEntity
  8
LINES
100
AcDbLine
 10
515.658
 20
90.86400000000003
 30
0.0
 11
515.37
 21
91.87199999999996
 31
0.0
  0
LINE
  5
492
330
17
100
AcDbEntity
  8
LINES
100
AcDbLine
 10
515.658
 20
99.50400000000002
 30
0.0
 11
516.378
 21
98.06399999999996
 31
0.0
  0
LINE
  5
493
330
17
100
AcDbEntity
  8
LINES
100
AcDbLine
 10
515.802
 20
95.03999999999996
 30
0.0
 11
514.794
 21
96.48000000000002
 31
0.0
  0
LINE
  5
494
330
17
100
AcDbEntity
  8
LINES
100
AcDbLine
 10
515.658
 20
90.57600000000002
 30
0.0
 11
516.81
 21
96.48000000000002
 31
0.0
  0
LINE
  5
495
330
17
100
AcDbEntity
  8
LINES
100
AcDbLine
 10
518.538
 20
97.77599999999995
 30
0.0
 11
518.394
 21
91.44000000000005
 31
0.0
  0
LINE
  5
496
330
17
100
AcDbEntity
  8
LINES
100
AcDbLine
 10
516.378
 20
91.15200000000004
 30
0.0
 11
520.266
 21
91.58399999999995
 31
0.0
  0
LINE
  5
497
330
17
100
AcDbEntity
  8
LINES
100
AcDbLine
 10
517.098
 20
97.77599999999995
 30
0.0
 11
519.978
 21
98.06399999999996
 31
0.0
  0
LINE
  5
498
330
17
100
AcDbEntity
  8
LINES
100
AcDbLine
 10
532.218
 20
100.79999999999995
 30
0.0
 11
532.218
 21
89.42399999999998
 31
0.0
  0
LINE
  5
499
330
17
100
AcDbEntity
  8
LINES
100
AcDbLine
 10
529.194
 20
100.79999999999995
 30
0.0
 11
535.242
 21
100.79999999999995
 31
0.0
  0
LINE
  5
49A
330
17
100
AcDbEntity
  8
LINES
100
AcDbLine
 10
547.338
 20
94.31999999999994
 30
0.0
 11
555.114
 21
94.31999999999994
 31
0.0
  0
LINE
  5
49B
330
17
100
AcDbEntity
  8
LINES
100
AcDbLine
 10
577.29
 20
99.93600000000004
 30
0.0
 11
577.29
 21
95.47199999999998
 31
0.0
  0
LINE
  5
49C
330
17
100
AcDbEntity
  8
LINES
100
AcDbLine
 10
579.5939999999999
 20
95.75999999999999
 30
0.0
 11
574.986
 21
95.03999999999996
 31
0.0
  0
LINE
  5
49D
330
17
100
AcDbEntity
  8
LINES
100
AcDbLine
 10
579.5939999999999
 20
89.71199999999999
 30
0.0
 11
579.4499999999999
 21
92.01599999999996
 31
0.0
  0
LINE
  5
49E
330
17
100
AcDbEntity
  8
LINES
100
AcDbLine
 10
576.4259999999999
 20
96.48000000000002
 30
0.0
 11
575.85
 21
98.35199999999998
 31
0.0
  0
LINE
  5
49F
330
17
100
AcDbEntity
  8
LINES
100
AcDbLine
 10
577.866
 20
95.904
 30
0.0
 11
578.874
 21
98.49599999999998
 31
0.0
  0
LINE
  5
4A0
330
17
100
AcDbEntity
  8
LINES
100
AcDbLine
 10
582.186
 20
99.50400000000002
 30
0.0
 11
581.034
 21
95.75999999999999
 31
0.0
  0
LINE
  5
4A1
330
17
100
AcDbEntity
  8
LINES
100
AcDbLine
 10
580.746
 20
90.57600000000002
 30
0.0
 11
582.762
 21
92.01599999999996
 31
0.0
  0
LINE
  5
4A2
330
17
100
AcDbEntity
  8
LINES
100
AcDbLine
 10
581.034
 20
93.024
 30
0.0
 11
582.762
 21
93.74400000000003
 31
0.0
  0
LINE
  5
4A3
330
17
100
AcDbEntity
  8
LINES
100
AcDbLine
 10
582.762
 20
97.05600000000004
 30
0.0
 11
581.322
 21
93.168
 31
0.0
  0
LINE
  5
4A4
330
17
100
AcDbEntity
  8
LINES
100
AcDbLine
 10
580.746
 20
95.47199999999998
 30
0.0
 11
582.4739999999999
 21
96.33600000000001
 31
0.0
  0
LINE
  5
4A5
330
17
100
AcDbEntity
  8
LINES
100
AcDbLine
 10
585.4979999999999
 20
99.072
 30
0.0
 11
583.194
 21
97.63199999999995
 31
0.0
  0
LINE
  5
4A6
330
17
100
AcDbEntity
  8
LINES
100
AcDbLine
 10
582.906
 20
94.60799999999995
 30
0.0
 11
585.93
 21
95.03999999999996
 31
0.0
  0
LINE
  5
4A7
330
17
100
AcDbEntity
  8
LINES
100
AcDbLine
 10
584.49
 20
98.35199999999998
 30
0.0
 11
584.49
 21
89.56799999999998
 31
0.0
  0
LINE
  5
4A8
330
17
100
AcDbEntity
  8
LINES
100
AcDbLine
 10
590.25
 20
97.05600000000004
 30
0.0
 11
590.25
 21
91.87199999999996
 31
0.0
  0
LINE
  5
4A9
330
17
100
AcDbEntity
  8
LINES
100
AcDbLine
 10
589.53
 20
93.74400000000003
 30
0.0
 11
590.97
 21
94.03200000000004
 31
0.0
  0
LINE
  5
4AA
330
17
100
AcDbEntity
  8
LINES
100
AcDbLine
 10
589.53
 20
95.32799999999997
 30
0.0
 11
590.826
 21
95.61599999999999
 31
0.0
  0
LINE
  5
4AB
330
17
100
AcDbEntity
  8
LINES
100
AcDbLine
 10
589.818
 20
98.35199999999998
 30
0.0
 11
590.394
 21
97.20000000000005
 31
0.0
  0
LINE
  5
4AC
330
17
100
AcDbEntity
  8
LINES
100
AcDbLine
 10
589.098
 20
96.91200000000003
 30
0.0
 11
591.4019999999999
 21
97.34400000000005
 31
0.0
  0
LINE
  5
4AD
330
17
100
AcDbEntity
  8
LINES
100
AcDbLine
 10
589.098
 20
97.48800000000006
 30
0.0
 11
589.098
 21
91.87199999999996
 31
0.0
  0
LINE
  5
4AE
330
17
100
AcDbEntity
  8
LINES
100
AcDbLine
 10
586.794
 20
95.18399999999997
 30
0.0
 11
588.5219999999999
 21
95.75999999999999
 31
0.0
  0
LINE
  5
4AF
330
17
100
AcDbEntity
  8
LINES
100
AcDbLine
 10
587.658
 20
99.072
 30
0.0
 11
588.234
 21
97.48800000000006
 31
0.0
  0
LINE
  5
4B0
330
17
100
AcDbEntity
  8
LINES
100
AcDbLine
 10
591.258
 20
99.79200000000003
 30
0.0
 11
590.106
 21
97.77599999999995
 31
0.0
  0
LINE
  5
4B1
330
17
100
AcDbEntity
  8
LINES
100
AcDbLine
 10
589.098
 20
99.072
 30
0.0
 11
590.97
 21
99.50400000000002
 31
0.0
  0
LINE
  5
4B2
330
17
100
AcDbEntity
  8
LINES
100
AcDbLine
 10
591.5459999999999
 20
89.856
 30
0.0
 11
592.122
 21
90.144
 31
0.0
  0
LINE
  5
4B3
330
17
100
AcDbEntity
  8
LINES
100
AcDbLine
 10
595.146
 20
90.28800000000001
 30
0.0
 11
597.018
 21
90.57600000000002
 31
0.0
  0
LINE
  5
4B4
330
17
100
AcDbEntity
  8
LINES
100
AcDbLine
 10
597.162
 20
93.31200000000001
 30
0.0
 11
596.874
 21
90.57600000000002
 31
0.0
  0
LINE
  5
4B5
330
17
100
AcDbEntity
  8
LINES
100
AcDbLine
 10
595.146
 20
93.168
 30
0.0
 11
595.146
 21
89.56799999999998
 31
0.0
  0
LINE
  5
4B6
330
17
100
AcDbEntity
  8
LINES
100
AcDbLine
 10
594.282
 20
97.20000000000005
 30
0.0
 11
598.026
 21
97.77599999999995
 31
0.0
  0
LINE
  5
4B7
330
17
100
AcDbEntity
  8
LINES
100
AcDbLine
 10
595.866
 20
100.08000000000004
 30
0.0
 11
596.586
 21
98.06399999999996
 31
0.0
  0
LINE
  5
4B8
330
17
100
AcDbEntity
  8
LINES
100
AcDbLine
 10
594.4259999999999
 20
100.08000000000004
 30
0.0
 11
592.554
 21
94.60799999999995
 31
0.0
  0
LINE
  5
4B9
330
17
100
AcDbEntity
  8
LINES
100
AcDbLine
 10
593.85
 20
97.77599999999995
 30
0.0
 11
593.85
 21
89.56799999999998
 31
0.0
  0
LINE
  5
4BA
330
17
100
AcDbEntity
  8
LINES
100
AcDbLine
 10
595.002
 20
95.75999999999999
 30
0.0
 11
597.306
 21
96.19200000000001
 31
0.0
  0
LINE
  5
4BB
330
17
100
AcDbEntity
  8
LINES
100
AcDbLine
 10
597.306
 20
94.46399999999994
 30
0.0
 11
595.002
 21
94.17599999999993
 31
0.0
  0
LINE
  5
4BC
330
17
100
AcDbEntity
  8
LINES
100
AcDbLine
 10
595.146
 20
92.59199999999998
 30
0.0
 11
597.018
 21
93.024
 31
0.0
  0
LINE
  5
4BD
330
17
100
AcDbEntity
  8
LINES
100
AcDbLine
 10
599.61
 20
98.20799999999997
 30
0.0
 11
599.61
 21
92.01599999999996
 31
0.0
  0
LINE
  5
4BE
330
17
100
AcDbEntity
  8
LINES
100
AcDbLine
 10
599.61
 20
97.05600000000004
 30
0.0
 11
603.21
 21
97.63199999999995
 31
0.0
  0
LINE
  5
4BF
330
17
100
AcDbEntity
  8
LINES
100
AcDbLine
 10
603.3539999999999
 20
97.91999999999996
 30
0.0
 11
602.778
 21
93.45600000000002
 31
0.0
  0
LINE
  5
4C0
330
17
100
AcDbEntity
  8
LINES
100
AcDbLine
 10
603.066
 20
93.45600000000002
 30
0.0
 11
599.61
 21
93.024
 31
0.0
  0
LINE
  5
4C1
330
17
100
AcDbEntity
  8
LINES
100
AcDbLine
 10
600.186
 20
95.18399999999997
 30
0.0
 11
602.346
 21
95.61599999999999
 31
0.0
  0
LINE
  5
4C2
330
17
100
AcDbEntity
  8
LINES
100
AcDbLine
 10
605.514
 20
99.21600000000001
 30
0.0
 11
605.514
 21
95.75999999999999
 31
0.0
  0
LINE
  5
4C3
330
17
100
AcDbEntity
  8
LINES
100
AcDbLine
 10
605.514
 20
98.35199999999998
 30
0.0
 11
606.81
 21
98.63999999999999
 31
0.0
  0
LINE
  5
4C4
330
17
100
AcDbEntity
  8
LINES
100
AcDbLine
 10
606.81
 20
99.072
 30
0.0
 11
606.6659999999999
 21
96.76800000000003
 31
0.0
  0
LINE
  5
4C5
330
17
100
AcDbEntity
  8
LINES
100
AcDbLine
 10
606.81
 20
96.76800000000003
 30
0.0
 11
605.514
 21
96.48000000000002
 31
0.0
  0
LINE
  5
4C6
330
17
100
AcDbEntity
  8
LINES
100
AcDbLine
 10
606.09
 20
94.31999999999994
 30
0.0
 11
607.098
 21
94.46399999999994
 31
0.0
  0
LINE
  5
4C7
330
17
100
AcDbEntity
  8
LINES
100
AcDbLine
 10
604.938
 20
90.57600000000002
 30
0.0
 11
607.098
 21
92.01599999999996
 31
0.0
  0
LINE
  5
4C8
330
17
100
AcDbEntity
  8
LINES
100
AcDbLine
 10
606.09
 20
96.62400000000002
 30
0.0
 11
606.09
 21
91.44000000000005
 31
0.0
  0
LINE
  5
4C9
330
17
100
AcDbEntity
  8
LINES
100
AcDbLine
 10
605.226
 20
90.86400000000003
 30
0.0
 11
605.226
 21
94.75199999999995
 31
0.0
  0
LINE
  5
4CA
330
17
100
AcDbEntity
  8
LINES
100
AcDbLine
 10
608.394
 20
99.64800000000002
 30
0.0
 11
607.098
 21
95.61599999999999
 31
0.0
  0
LINE
  5
4CB
330
17
100
AcDbEntity
  8
LINES
100
AcDbLine
 10
607.818
 20
97.77599999999995
 30
0.0
 11
609.4019999999999
 21
98.06399999999996
 31
0.0
  0
LINE
  5
4CC
330
17
100
AcDbEntity
  8
LINES
100
AcDbLine
 10
608.538
 20
95.75999999999999
 30
0.0
 11
606.81
 21
93.168
 31
0.0
  0
LINE
  5
4CD
330
17
100
AcDbEntity
  8
LINES
100
AcDbLine
 10
607.674
 20
93.31200000000001
 30
0.0
 11
607.674
 21
89.56799999999998
 31
0.0
  0
LINE
  5
4CE
330
17
100
AcDbEntity
  8
LINES
100
AcDbLine
 10
607.674
 20
92.88
 30
0.0
 11
609.4019999999999
 21
93.168
 31
0.0
  0
LINE
  5
4CF
330
17
100
AcDbEntity
  8
LINES
100
AcDbLine
 10
609.4019999999999
 20
93.31200000000001
 30
0.0
 11
609.258
 21
90.43200000000002
 31
0.0
  0
LINE
  5
4D0
330
17
100
AcDbEntity
  8
LINES
100
AcDbLine
 10
609.4019999999999
 20
90.43200000000002
 30
0.0
 11
607.674
 21
90.144
 31
0.0
  0
LINE
  5
4D1
330
17
100
AcDbEntity
  8
LINES
100
AcDbLine
 10
609.5459999999999
 20
98.35199999999998
 30
0.0
 11
608.538
 21
95.61599999999999
 31
0.0
  0
LINE
  5
4D2
330
17
100
AcDbEntity
  8
LINES
100
AcDbLine
 10
700.842
 20
235.72799999999995
 30
0.0
 11
712.074
 21
224.49599999999998
 31
0.0
  0
LINE
  5
4D3
330
17
100
AcDbEntity
  8
LINES
100
AcDbLine
 10
712.074
 20
235.72799999999995
 30
0.0
 11
700.842
 21
224.49599999999998
 31
0.0
  0
LINE
  5
4D4
330
17
100
AcDbEntity
  8
LINES
100
AcDbLine
 10
312.47400000000005
 20
231.40800000000002
 30
0.0
 11
312.47400000000005
 21
231.40800000000002
 31
0.0
  0
LINE
  5
4D5
330
17
100
AcDbEntity
  8
LINES
100
AcDbLine
 10
318.66600000000005
 20
373.248
 30
0.0
 11
322.40999999999997
 21
373.248
 31
0.0
  0
LINE
  5
4D6
330
17
100
AcDbEntity
  8
LINES
100
AcDbLine
 10
253.57799999999997
 20
252.0
 30
0.0
 11
253.57799999999997
 21
251.856
 31
0.0
  0
LINE
  5
4D7
330
17
100
AcDbEntity
  8
LINES
100
AcDbLine
 10
253.14599999999996
 20
251.13599999999997
 30
0.0
 11
253.14599999999996
 21
251.13599999999997
 31
0.0
  0
LINE
  5
4D8
330
17
100
AcDbEntity
  8
LINES
100
AcDbLine
 10
258.47400000000005
 20
248.688
 30
0.0
 11
258.47400000000005
 21
248.832
 31
0.0
  0
LINE
  5
4D9
330
17
100
AcDbEntity
  8
LINES
100
AcDbLine
 10
258.76200000000006
 20
249.40800000000002
 30
0.0
 11
258.90600000000006
 21
249.55200000000002
 31
0.0
  0
LINE
  5
4DA
330
17
100
AcDbEntity
  8
LINES
100
AcDbLine
 10
161.8499999999999
 20
233.13599999999997
 30
0.0
 11
161.7059999999999
 21
232.99199999999996
 31
0.0
  0
LINE
  5
4DB
330
17
100
AcDbEntity
  8
LINES
100
AcDbLine
 10
161.41800000000012
 20
232.27199999999993
 30
0.0
 11
161.41800000000012
 21
232.27199999999993
 31
0.0
  0
LINE
  5
4DC
330
17
100
AcDbEntity
  8
LINES
100
AcDbLine
 10
166.8900000000001
 20
229.67999999999995
 30
0.0
 11
166.8900000000001
 21
229.82399999999996
 31
0.0
  0
LINE
  5
4DD
330
17
100
AcDbEntity
  8
LINES
100
AcDbLine
 10
167.1780000000001
 20
230.54399999999998
 30
0.0
 11
167.32200000000012
 21
230.688
 31
0.0
  0
LINE
  5
4DE
330
17
100
AcDbEntity
  8
LINES
100
AcDbLine
 10
306.85800000000006
 20
237.024
 30
0.0
 11
318.09000000000003
 21
225.79199999999992
 31
0.0
  0
LINE
  5
4DF
330
17
100
AcDbEntity
  8
LINES
100
AcDbLine
 10
318.09000000000003
 20
237.024
 30
0.0
 11
306.85800000000006
 21
225.79199999999992
 31
0.0
  0
LINE
  5
4E0
330
17
100
AcDbEntity
  8
LINES
100
AcDbLine
 10
230.68200000000002
 20
236.88
 30
0.0
 11
241.914
 21
225.64800000000002
 31
0.0
  0
LINE
  5
4E1
330
17
100
AcDbEntity
  8
LINES
100
AcDbLine
 10
241.914
 20
236.88
 30
0.0
 11
230.68200000000002
 21
225.64800000000002
 31
0.0
  0
LINE
  5
4E2
330
17
100
AcDbEntity
  8
LINES
100
AcDbLine
 10
268.12199999999996
 20
270.144
 30
0.0
 11
279.35400000000004
 21
258.91200000000003
 31
0.0
  0
LINE
  5
4E3
330
17
100
AcDbEntity
  8
LINES
100
AcDbLine
 10
279.35400000000004
 20
270.144
 30
0.0
 11
268.12199999999996
 21
258.91200000000003
 31
0.0
  0
LINE
  5
4E4
330
17
100
AcDbEntity
  8
LINES
100
AcDbLine
 10
95.17800000000011
 20
237.312
 30
0.0
 11
106.41000000000008
 21
226.07999999999993
 31
0.0
  0
LINE
  5
4E5
330
17
100
AcDbEntity
  8
LINES
100
AcDbLine
 10
106.41000000000008
 20
237.312
 30
0.0
 11
95.17800000000011
 21
226.07999999999993
 31
0.0
  0
LINE
  5
4E6
330
17
100
AcDbEntity
  8
LINES
100
AcDbLine
 10
95.17800000000011
 20
287.856
 30
0.0
 11
106.41000000000008
 21
276.624
 31
0.0
  0
LINE
  5
4E7
330
17
100
AcDbEntity
  8
LINES
100
AcDbLine
 10
106.41000000000008
 20
287.856
 30
0.0
 11
95.17800000000011
 21
276.624
 31
0.0
  0
LINE
  5
4E8
330
17
100
AcDbEntity
  8
LINES
100
AcDbLine
 10
95.17800000000011
 20
379.296
 30
0.0
 11
106.41000000000008
 21
368.06399999999996
 31
0.0
  0
LINE
  5
4E9
330
17
100
AcDbEntity
  8
LINES
100
AcDbLine
 10
106.41000000000008
 20
379.296
 30
0.0
 11
95.17800000000011
 21
368.06399999999996
 31
0.0
  0
LINE
  5
4EA
330
17
100
AcDbEntity
  8
LINES
100
AcDbLine
 10
307.43399999999997
 20
378.864
 30
0.0
 11
318.66600000000005
 21
367.63199999999995
 31
0.0
  0
LINE
  5
4EB
330
17
100
AcDbEntity
  8
LINES
100
AcDbLine
 10
318.66600000000005
 20
378.864
 30
0.0
 11
307.43399999999997
 21
367.63199999999995
 31
0.0
  0
LINE
  5
4EC
330
17
100
AcDbEntity
  8
LINES
100
AcDbLine
 10
545.754
 20
379.296
 30
0.0
 11
556.986
 21
368.06399999999996
 31
0.0
  0
LINE
  5
4ED
330
17
100
AcDbEntity
  8
LINES
100
AcDbLine
 10
556.986
 20
379.296
 30
0.0
 11
545.754
 21
368.06399999999996
 31
0.0
  0
LINE
  5
4EE
330
17
100
AcDbEntity
  8
LINES
100
AcDbLine
 10
586.65
 20
378.71999999999997
 30
0.0
 11
597.882
 21
367.488
 31
0.0
  0
LINE
  5
4EF
330
17
100
AcDbEntity
  8
LINES
100
AcDbLine
 10
597.882
 20
378.71999999999997
 30
0.0
 11
586.65
 21
367.488
 31
0.0
  0
LINE
  5
4F0
330
17
100
AcDbEntity
  8
LINES
100
AcDbLine
 10
195.83400000000006
 20
301.10400000000004
 30
0.0
 11
197.8499999999999
 21
301.10400000000004
 31
0.0
  0
LINE
  5
4F1
330
17
100
AcDbEntity
  8
LINES
100
AcDbLine
 10
199.57799999999997
 20
301.10400000000004
 30
0.0
 11
203.178
 21
301.10400000000004
 31
0.0
  0
LINE
  5
4F2
330
17
100
AcDbEntity
  8
LINES
100
AcDbLine
 10
204.90600000000006
 20
301.10400000000004
 30
0.0
 11
207.06600000000003
 21
301.10400000000004
 31
0.0
  0
LINE
  5
4F3
330
17
100
AcDbEntity
  8
LINES
100
AcDbLine
 10
207.06600000000003
 20
301.10400000000004
 30
0.0
 11
207.06600000000003
 21
299.08799999999997
 31
0.0
  0
LINE
  5
4F4
330
17
100
AcDbEntity
  8
LINES
100
AcDbLine
 10
207.06600000000003
 20
297.3599999999999
 30
0.0
 11
207.06600000000003
 21
293.76
 31
0.0
  0
LINE
  5
4F5
330
17
100
AcDbEntity
  8
LINES
100
AcDbLine
 10
207.06600000000003
 20
292.0319999999999
 30
0.0
 11
207.06600000000003
 21
289.87199999999996
 31
0.0
  0
LINE
  5
4F6
330
17
100
AcDbEntity
  8
LINES
100
AcDbLine
 10
207.06600000000003
 20
289.87199999999996
 30
0.0
 11
204.90600000000006
 21
289.87199999999996
 31
0.0
  0
LINE
  5
4F7
330
17
100
AcDbEntity
  8
LINES
100
AcDbLine
 10
203.178
 20
289.87199999999996
 30
0.0
 11
199.57799999999997
 21
289.87199999999996
 31
0.0
  0
LINE
  5
4F8
330
17
100
AcDbEntity
  8
LINES
100
AcDbLine
 10
197.8499999999999
 20
289.87199999999996
 30
0.0
 11
195.83400000000006
 21
289.87199999999996
 31
0.0
  0
LINE
  5
4F9
330
17
100
AcDbEntity
  8
LINES
100
AcDbLine
 10
195.83400000000006
 20
289.87199999999996
 30
0.0
 11
195.83400000000006
 21
292.0319999999999
 31
0.0
  0
LINE
  5
4FA
330
17
100
AcDbEntity
  8
LINES
100
AcDbLine
 10
195.83400000000006
 20
293.76
 30
0.0
 11
195.83400000000006
 21
297.3599999999999
 31
0.0
  0
LINE
  5
4FB
330
17
100
AcDbEntity
  8
LINES
100
AcDbLine
 10
195.83400000000006
 20
299.08799999999997
 30
0.0
 11
195.83400000000006
 21
301.10400000000004
 31
0.0
  0
LINE
  5
4FC
330
17
100
AcDbEntity
  8
LINES
100
AcDbLine
 10
283.818
 20
437.76
 30
0.0
 11
509.322
 21
437.76
 31
0.0
  0
LINE
  5
4FD
330
17
100
AcDbEntity
  8
LINES
100
AcDbLine
 10
283.53
 20
431.28
 30
0.0
 11
509.322
 21
431.28
 31
0.0
  0
LINE
  5
4FE
330
17
100
AcDbEntity
  8
LINES
100
AcDbLine
 10
87.83400000000006
 20
479.80799999999994
 30
0.0
 11
1179.066
 21
479.80799999999994
 31
0.0
  0
LINE
  5
4FF
330
17
100
AcDbEntity
  8
LINES
100
AcDbLine
 10
705.4499999999999
 20
584.208
 30
0.0
 11
716.682
 21
572.976
 31
0.0
  0
LINE
  5
500
330
17
100
AcDbEntity
  8
LINES
100
AcDbLine
 10
716.682
 20
584.208
 30
0.0
 11
705.4499999999999
 21
572.976
 31
0.0
  0
LINE
  5
501
330
17
100
AcDbEntity
  8
LINES
100
AcDbLine
 10
317.082
 20
579.8879999999999
 30
0.0
 11
317.082
 21
579.8879999999999
 31
0.0
  0
LINE
  5
502
330
17
100
AcDbEntity
  8
LINES
100
AcDbLine
 10
323.13
 20
721.728
 30
0.0
 11
327.01800000000003
 21
721.728
 31
0.0
  0
LINE
  5
503
330
17
100
AcDbEntity
  8
LINES
100
AcDbLine
 10
258.18600000000004
 20
600.4799999999999
 30
0.0
 11
258.04200000000003
 21
600.3359999999999
 31
0.0
  0
LINE
  5
504
330
17
100
AcDbEntity
  8
LINES
100
AcDbLine
 10
257.754
 20
599.616
 30
0.0
 11
257.754
 21
599.616
 31
0.0
  0
LINE
  5
505
330
17
100
AcDbEntity
  8
LINES
100
AcDbLine
 10
263.082
 20
597.168
 30
0.0
 11
263.082
 21
597.3119999999999
 31
0.0
  0
LINE
  5
506
330
17
100
AcDbEntity
  8
LINES
100
AcDbLine
 10
263.37
 20
598.0319999999999
 30
0.0
 11
263.514
 21
598.0319999999999
 31
0.0
  0
LINE
  5
507
330
17
100
AcDbEntity
  8
LINES
100
AcDbLine
 10
166.31400000000008
 20
581.616
 30
0.0
 11
166.31400000000008
 21
581.616
 31
0.0
  0
LINE
  5
508
330
17
100
AcDbEntity
  8
LINES
100
AcDbLine
 10
166.02600000000007
 20
580.896
 30
0.0
 11
165.88200000000006
 21
580.752
 31
0.0
  0
LINE
  5
509
330
17
100
AcDbEntity
  8
LINES
100
AcDbLine
 10
171.49800000000005
 20
578.304
 30
0.0
 11
171.49800000000005
 21
578.304
 31
0.0
  0
LINE
  5
50A
330
17
100
AcDbEntity
  8
LINES
100
AcDbLine
 10
171.78600000000006
 20
579.024
 30
0.0
 11
171.93000000000006
 21
579.168
 31
0.0
  0
LINE
  5
50B
330
17
100
AcDbEntity
  8
LINES
100
AcDbLine
 10
311.466
 20
585.5039999999999
 30
0.0
 11
322.698
 21
574.4159999999999
 31
0.0
  0
LINE
  5
50C
330
17
100
AcDbEntity
  8
LINES
100
AcDbLine
 10
322.698
 20
585.5039999999999
 30
0.0
 11
311.466
 21
574.4159999999999
 31
0.0
  0
LINE
  5
50D
330
17
100
AcDbEntity
  8
LINES
100
AcDbLine
 10
235.28999999999996
 20
585.3599999999999
 30
0.0
 11
246.52200000000005
 21
574.1279999999999
 31
0.0
  0
LINE
  5
50E
330
17
100
AcDbEntity
  8
LINES
100
AcDbLine
 10
246.52200000000005
 20
585.3599999999999
 30
0.0
 11
235.28999999999996
 21
574.1279999999999
 31
0.0
  0
LINE
  5
50F
330
17
100
AcDbEntity
  8
LINES
100
AcDbLine
 10
272.73
 20
618.6239999999999
 30
0.0
 11
283.962
 21
607.3919999999999
 31
0.0
  0
LINE
  5
510
330
17
100
AcDbEntity
  8
LINES
100
AcDbLine
 10
283.962
 20
618.6239999999999
 30
0.0
 11
272.73
 21
607.3919999999999
 31
0.0
  0
LINE
  5
511
330
17
100
AcDbEntity
  8
LINES
100
AcDbLine
 10
99.64200000000005
 20
585.7919999999999
 30
0.0
 11
110.87400000000002
 21
574.56
 31
0.0
  0
LINE
  5
512
330
17
100
AcDbEntity
  8
LINES
100
AcDbLine
 10
110.87400000000002
 20
585.7919999999999
 30
0.0
 11
99.64200000000005
 21
574.56
 31
0.0
  0
LINE
  5
513
330
17
100
AcDbEntity
  8
LINES
100
AcDbLine
 10
99.64200000000005
 20
636.3359999999999
 30
0.0
 11
110.87400000000002
 21
625.1039999999999
 31
0.0
  0
LINE
  5
514
330
17
100
AcDbEntity
  8
LINES
100
AcDbLine
 10
110.87400000000002
 20
636.3359999999999
 30
0.0
 11
99.64200000000005
 21
625.1039999999999
 31
0.0
  0
LINE
  5
515
330
17
100
AcDbEntity
  8
LINES
100
AcDbLine
 10
99.64200000000005
 20
727.776
 30
0.0
 11
110.87400000000002
 21
716.544
 31
0.0
  0
LINE
  5
516
330
17
100
AcDbEntity
  8
LINES
100
AcDbLine
 10
110.87400000000002
 20
727.776
 30
0.0
 11
99.64200000000005
 21
716.544
 31
0.0
  0
LINE
  5
517
330
17
100
AcDbEntity
  8
LINES
100
AcDbLine
 10
312.04200000000003
 20
727.3439999999999
 30
0.0
 11
323.13
 21
716.112
 31
0.0
  0
LINE
  5
518
330
17
100
AcDbEntity
  8
LINES
100
AcDbLine
 10
323.13
 20
727.3439999999999
 30
0.0
 11
312.04200000000003
 21
716.112
 31
0.0
  0
LINE
  5
519
330
17
100
AcDbEntity
  8
LINES
100
AcDbLine
 10
550.362
 20
727.776
 30
0.0
 11
561.5939999999999
 21
716.544
 31
0.0
  0
LINE
  5
51A
330
17
100
AcDbEntity
  8
LINES
100
AcDbLine
 10
561.5939999999999
 20
727.776
 30
0.0
 11
550.362
 21
716.544
 31
0.0
  0
LINE
  5
51B
330
17
100
AcDbEntity
  8
LINES
100
AcDbLine
 10
591.258
 20
727.1999999999999
 30
0.0
 11
602.49
 21
715.968
 31
0.0
  0
LINE
  5
51C
330
17
100
AcDbEntity
  8
LINES
100
AcDbLine
 10
602.49
 20
727.1999999999999
 30
0.0
 11
591.258
 21
715.968
 31
0.0
  0
LINE
  5
51D
330
17
100
AcDbEntity
  8
LINES
100
AcDbLine
 10
261.49800000000005
 20
784.3679999999999
 30
0.0
 11
487.722
 21
784.3679999999999
 31
0.0
  0
LINE
  5
51E
330
17
100
AcDbEntity
  8
LINES
100
AcDbLine
 10
261.49800000000005
 20
778.0319999999999
 30
0.0
 11
487.722
 21
778.0319999999999
 31
0.0
  0
LINE
  5
51F
330
17
100
AcDbEntity
  8
LINES
100
AcDbLine
 10
753.834
 20
830.448
 30
0.0
 11
753.834
 21
158.688
 31
0.0
  0
LINE
  5
520
330
17
100
AcDbEntity
  8
LINES
100
AcDbLine
 10
864.7139999999999
 20
792.8639999999999
 30
0.0
 11
1091.0819999999999
 21
792.8639999999999
 31
0.0
  0
LINE
  5
521
330
17
100
AcDbEntity
  8
LINES
100
AcDbLine
 10
864.858
 20
786.3839999999999
 30
0.0
 11
1090.9379999999999
 21
786.3839999999999
 31
0.0
  0
LINE
  5
522
330
17
100
AcDbEntity
  8
LINES
100
AcDbLine
 10
869.4659999999999
 20
446.688
 30
0.0
 11
1094.97
 21
446.688
 31
0.0
  0
LINE
  5
523
330
17
100
AcDbEntity
  8
LINES
100
AcDbLine
 10
869.3219999999999
 20
440.20799999999997
 30
0.0
 11
1094.97
 21
440.20799999999997
 31
0.0
  0
LINE
  5
524
330
17
100
AcDbEntity
  8
LINES
100
AcDbLine
 10
794.298
 20
339.1199999999999
 30
0.0
 11
796.458
 21
339.1199999999999
 31
0.0
  0
LINE
  5
525
330
17
100
AcDbEntity
  8
LINES
100
AcDbLine
 10
798.1859999999999
 20
339.1199999999999
 30
0.0
 11
801.786
 21
339.1199999999999
 31
0.0
  0
LINE
  5
526
330
17
100
AcDbEntity
  8
LINES
100
AcDbLine
 10
803.5139999999999
 20
339.1199999999999
 30
0.0
 11
805.53
 21
339.1199999999999
 31
0.0
  0
LINE
  5
527
330
17
100
AcDbEntity
  8
LINES
100
AcDbLine
 10
805.53
 20
339.1199999999999
 30
0.0
 11
805.53
 21
336.96000000000004
 31
0.0
  0
LINE
  5
528
330
17
100
AcDbEntity
  8
LINES
100
AcDbLine
 10
805.53
 20
335.23199999999997
 30
0.0
 11
805.53
 21
331.63199999999995
 31
0.0
  0
LINE
  5
529
330
17
100
AcDbEntity
  8
LINES
100
AcDbLine
 10
805.53
 20
329.904
 30
0.0
 11
805.53
 21
327.8879999999999
 31
0.0
  0
LINE
  5
52A
330
17
100
AcDbEntity
  8
LINES
100
AcDbLine
 10
805.53
 20
327.8879999999999
 30
0.0
 11
803.5139999999999
 21
327.8879999999999
 31
0.0
  0
LINE
  5
52B
330
17
100
AcDbEntity
  8
LINES
100
AcDbLine
 10
801.786
 20
327.8879999999999
 30
0.0
 11
798.1859999999999
 21
327.8879999999999
 31
0.0
  0
LINE
  5
52C
330
17
100
AcDbEntity
  8
LINES
100
AcDbLine
 10
796.458
 20
327.8879999999999
 30
0.0
 11
794.298
 21
327.8879999999999
 31
0.0
  0
LINE
  5
52D
330
17
100
AcDbEntity
  8
LINES
100
AcDbLine
 10
794.298
 20
327.8879999999999
 30
0.0
 11
794.298
 21
329.904
 31
0.0
  0
LINE
  5
52E
330
17
100
AcDbEntity
  8
LINES
100
AcDbLine
 10
794.298
 20
331.63199999999995
 30
0.0
 11
794.298
 21
335.23199999999997
 31
0.0
  0
LINE
  5
52F
330
17
100
AcDbEntity
  8
LINES
100
AcDbLine
 10
794.298
 20
336.96000000000004
 30
0.0
 11
794.298
 21
339.1199999999999
 31
0.0
  0
LINE
  5
530
330
17
100
AcDbEntity
  8
LINES
100
AcDbLine
 10
235.72199999999998
 20
526.3199999999999
 30
0.0
 11
246.95400000000006
 21
515.088
 31
0.0
  0
LINE
  5
531
330
17
100
AcDbEntity
  8
LINES
100
AcDbLine
 10
246.95400000000006
 20
526.3199999999999
 30
0.0
 11
235.72199999999998
 21
515.088
 31
0.0
  0
LINE
  5
532
330
17
100
AcDbEntity
  8
LINES
100
AcDbLine
 10
230.538
 20
177.69600000000003
 30
0.0
 11
241.76999999999998
 21
166.46399999999994
 31
0.0
  0
LINE
  5
533
330
17
100
AcDbEntity
  8
LINES
100
AcDbLine
 10
241.76999999999998
 20
177.69600000000003
 30
0.0
 11
230.538
 21
166.46399999999994
 31
0.0
  0
LINE
  5
534
330
17
100
AcDbEntity
  8
LINES
100
AcDbLine
 10
924.0419999999999
 20
96.33600000000001
 30
0.0
 11
668.874
 21
96.33600000000001
 31
0.0
  0
LINE
  5
535
330
17
100
AcDbEntity
  8
LINES
100
AcDbLine
 10
668.874
 20
121.82399999999996
 30
0.0
 11
1179.066
 21
121.82399999999996
 31
0.0
  0
LINE
  5
536
330
17
100
AcDbEntity
  8
LINES
100
AcDbLine
 10
935.1299999999999
 20
70.70399999999995
 30
0.0
 11
1179.066
 21
70.70399999999995
 31
0.0
  0
LINE
  5
537
330
17
100
AcDbEntity
  8
LINES
100
AcDbLine
 10
725.6099999999999
 20
45.360000000000014
 30
0.0
 11
725.6099999999999
 21
121.82399999999996
 31
0.0
  0
LINE
  5
538
330
17
100
AcDbEntity
  8
LINES
100
AcDbLine
 10
924.0419999999999
 20
158.688
 30
0.0
 11
924.0419999999999
 21
45.360000000000014
 31
0.0
  0
LINE
  5
539
330
17
100
AcDbEntity
  8
LINES
100
AcDbLine
 10
853.194
 20
45.360000000000014
 30
0.0
 11
853.194
 21
121.82399999999996
 31
0.0
  0
LINE
  5
53A
330
17
100
AcDbEntity
  8
LINES
100
AcDbLine
 10
796.458
 20
121.82399999999996
 30
0.0
 11
796.458
 21
45.360000000000014
 31
0.0
  0
LINE
  5
53B
330
17
100
AcDbEntity
  8
LINES
100
AcDbLine
 10
966.5219999999999
 20
45.21600000000001
 30
0.0
 11
966.5219999999999
 21
70.70399999999995
 31
0.0
  0
LINE
  5
53C
330
17
100
AcDbEntity
  8
LINES
100
AcDbLine
 10
935.1299999999999
 20
70.70399999999995
 30
0.0
 11
668.874
 21
70.70399999999995
 31
0.0
  0
LINE
  5
53D
330
17
100
AcDbEntity
  8
LINES
100
AcDbLine
 10
1122.474
 20
121.82399999999996
 30
0.0
 11
1122.474
 21
158.832
 31
0.0
  0
LINE
  5
53E
330
17
100
AcDbEntity
  8
LINES
100
AcDbLine
 10
884.298
 20
249.6959999999999
 30
0.0
 11
884.298
 21
244.94399999999996
 31
0.0
  0
LINE
  5
53F
330
17
100
AcDbEntity
  8
LINES
100
AcDbLine
 10
884.298
 20
249.6959999999999
 30
0.0
 11
884.298
 21
244.94399999999996
 31
0.0
  0
LINE
  5
540
330
17
100
AcDbEntity
  8
LINES
100
AcDbLine
 10
884.298
 20
258.192
 30
0.0
 11
884.298
 21
253.87199999999996
 31
0.0
  0
LINE
  5
541
330
17
100
AcDbEntity
  8
LINES
100
AcDbLine
 10
884.298
 20
258.192
 30
0.0
 11
884.298
 21
253.87199999999996
 31
0.0
  0
LINE
  5
542
330
17
100
AcDbEntity
  8
LINES
100
AcDbLine
 10
884.298
 20
266.688
 30
0.0
 11
884.298
 21
262.36799999999994
 31
0.0
  0
LINE
  5
543
330
17
100
AcDbEntity
  8
LINES
100
AcDbLine
 10
884.298
 20
266.688
 30
0.0
 11
884.298
 21
262.36799999999994
 31
0.0
  0
LINE
  5
544
330
17
100
AcDbEntity
  8
LINES
100
AcDbLine
 10
884.298
 20
275.18399999999997
 30
0.0
 11
884.298
 21
270.86400000000003
 31
0.0
  0
LINE
  5
545
330
17
100
AcDbEntity
  8
LINES
100
AcDbLine
 10
884.298
 20
275.18399999999997
 30
0.0
 11
884.298
 21
270.86400000000003
 31
0.0
  0
LINE
  5
546
330
17
100
AcDbEntity
  8
LINES
100
AcDbLine
 10
884.298
 20
283.68000000000006
 30
0.0
 11
884.298
 21
279.3599999999999
 31
0.0
  0
LINE
  5
547
330
17
100
AcDbEntity
  8
LINES
100
AcDbLine
 10
884.298
 20
283.68000000000006
 30
0.0
 11
884.298
 21
279.3599999999999
 31
0.0
  0
LINE
  5
548
330
17
100
AcDbEntity
  8
LINES
100
AcDbLine
 10
884.298
 20
292.17599999999993
 30
0.0
 11
884.298
 21
287.856
 31
0.0
  0
LINE
  5
549
330
17
100
AcDbEntity
  8
LINES
100
AcDbLine
 10
884.298
 20
292.17599999999993
 30
0.0
 11
884.298
 21
287.856
 31
0.0
  0
LINE
  5
54A
330
17
100
AcDbEntity
  8
LINES
100
AcDbLine
 10
884.298
 20
300.672
 30
0.0
 11
884.298
 21
296.352
 31
0.0
  0
LINE
  5
54B
330
17
100
AcDbEntity
  8
LINES
100
AcDbLine
 10
884.298
 20
300.672
 30
0.0
 11
884.298
 21
296.352
 31
0.0
  0
LINE
  5
54C
330
17
100
AcDbEntity
  8
LINES
100
AcDbLine
 10
884.298
 20
309.5999999999999
 30
0.0
 11
884.298
 21
304.84799999999996
 31
0.0
  0
LINE
  5
54D
330
17
100
AcDbEntity
  8
LINES
100
AcDbLine
 10
884.298
 20
309.5999999999999
 30
0.0
 11
884.298
 21
304.84799999999996
 31
0.0
  0
LWPOLYLINE
  5
54E
330
17
100
AcDbEntity
  8
RECTS
100
AcDbPolyline
 90
4
 70
0
 10
95.17800000000011
 20
121.53599999999994
 10
106.41000000000008
 20
121.53599999999994
 10
106.41000000000008
 20
110.30399999999997
 10
95.17800000000011
 20
110.30399999999997
  0
LINE
  5
54F
330
17
100
AcDbEntity
  8
LINES
100
AcDbLine
 10
162.71399999999994
 20
130.82399999999996
 30
0.0
 11
206.058
 21
130.82399999999996
 31
0.0
  0
LINE
  5
550
330
17
100
AcDbEntity
  8
LINES
100
AcDbLine
 10
162.71399999999994
 20
130.82399999999996
 30
0.0
 11
206.058
 21
130.82399999999996
 31
0.0
  0
LWPOLYLINE
  5
551
330
17
100
AcDbEntity
  8
RECTS
100
AcDbPolyline
 90
4
 70
0
 10
87.83400000000006
 20
154.07999999999993
 10
290.73
 20
154.07999999999993
 10
290.73
 20
45.21600000000001
 10
87.83400000000006
 20
45.21600000000001
  0
LWPOLYLINE
  5
552
330
17
100
AcDbEntity
  8
RECTS
100
AcDbPolyline
 90
4
 70
0
 10
95.32200000000012
 20
103.39200000000005
 10
106.55400000000009
 20
103.39200000000005
 10
106.55400000000009
 20
92.15999999999997
 10
95.32200000000012
 20
92.15999999999997
  0
LINE
  5
553
330
17
100
AcDbEntity
  8
LINES
100
AcDbLine
 10
198.42599999999993
 20
117.07199999999995
 30
0.0
 11
225.64200000000005
 21
117.07199999999995
 31
0.0
  0
LINE
  5
554
330
17
100
AcDbEntity
  8
LINES
100
AcDbLine
 10
198.42599999999993
 20
117.07199999999995
 30
0.0
 11
225.64200000000005
 21
117.07199999999995
 31
0.0
  0
LINE
  5
555
330
17
100
AcDbEntity
  8
LINES
100
AcDbLine
 10
198.42599999999993
 20
98.06400000000002
 30
0.0
 11
225.64200000000005
 21
98.06400000000002
 31
0.0
  0
LINE
  5
556
330
17
100
AcDbEntity
  8
LINES
100
AcDbLine
 10
198.42599999999993
 20
98.06400000000002
 30
0.0
 11
225.64200000000005
 21
98.06400000000002
 31
0.0
  0
LWPOLYLINE
  5
557
330
17
100
AcDbEntity
  8
RECTS
100
AcDbPolyline
 90
4
 70
0
 10
700.842
 20
235.72799999999995
 10
712.074
 20
235.72799999999995
 10
712.074
 20
224.49599999999998
 10
700.842
 20
224.49599999999998
  0
LINE
  5
558
330
17
100
AcDbEntity
  8
LINES
100
AcDbLine
 10
703.434
 20
224.06399999999996
 30
0.0
 11
703.434
 21
193.24800000000005
 31
0.0
  0
LINE
  5
559
330
17
100
AcDbEntity
  8
LINES
100
AcDbLine
 10
703.434
 20
224.06399999999996
 30
0.0
 11
703.434
 21
193.24800000000005
 31
0.0
  0
LINE
  5
55A
330
17
100
AcDbEntity
  8
LINES
100
AcDbLine
 10
351.78600000000006
 20
227.08800000000002
 30
0.0
 11
700.842
 21
227.08800000000002
 31
0.0
  0
LINE
  5
55B
330
17
100
AcDbEntity
  8
LINES
100
AcDbLine
 10
351.78600000000006
 20
227.08800000000002
 30
0.0
 11
700.842
 21
227.08800000000002
 31
0.0
  0
LWPOLYLINE
  5
55C
330
17
100
AcDbEntity
  8
RECTS
100
AcDbPolyline
 90
4
 70
0
 10
340.554
 20
236.30399999999997
 10
351.78600000000006
 20
236.30399999999997
 10
351.78600000000006
 20
225.072
 10
340.554
 20
225.072
  0
LINE
  5
55D
330
17
100
AcDbEntity
  8
LINES
100
AcDbLine
 10
351.78600000000006
 20
233.35199999999998
 30
0.0
 11
700.698
 21
233.35199999999998
 31
0.0
  0
LINE
  5
55E
330
17
100
AcDbEntity
  8
LINES
100
AcDbLine
 10
351.78600000000006
 20
233.35199999999998
 30
0.0
 11
700.698
 21
233.35199999999998
 31
0.0
  0
LINE
  5
55F
330
17
100
AcDbEntity
  8
LINES
100
AcDbLine
 10
345.738
 20
366.912
 30
0.0
 11
345.738
 21
236.44799999999998
 31
0.0
  0
LINE
  5
560
330
17
100
AcDbEntity
  8
LINES
100
AcDbLine
 10
345.738
 20
366.912
 30
0.0
 11
345.738
 21
236.44799999999998
 31
0.0
  0
LINE
  5
561
330
17
100
AcDbEntity
  8
LINES
100
AcDbLine
 10
351.64200000000005
 20
372.816
 30
0.0
 11
401.898
 21
372.816
 31
0.0
  0
LINE
  5
562
330
17
100
AcDbEntity
  8
LINES
100
AcDbLine
 10
351.64200000000005
 20
372.816
 30
0.0
 11
401.898
 21
372.816
 31
0.0
  0
LINE
  5
563
330
17
100
AcDbEntity
  8
LINES
100
AcDbLine
 10
412.986
 20
372.816
 30
0.0
 11
452.73
 21
372.816
 31
0.0
  0
LINE
  5
564
330
17
100
AcDbEntity
  8
LINES
100
AcDbLine
 10
412.986
 20
372.816
 30
0.0
 11
452.73
 21
372.816
 31
0.0
  0
LINE
  5
565
330
17
100
AcDbEntity
  8
LINES
100
AcDbLine
 10
463.962
 20
372.816
 30
0.0
 11
502.842
 21
372.816
 31
0.0
  0
LINE
  5
566
330
17
100
AcDbEntity
  8
LINES
100
AcDbLine
 10
463.962
 20
372.816
 30
0.0
 11
502.842
 21
372.816
 31
0.0
  0
LINE
  5
567
330
17
100
AcDbEntity
  8
LINES
100
AcDbLine
 10
514.074
 20
372.816
 30
0.0
 11
546.186
 21
372.816
 31
0.0
  0
LINE
  5
568
330
17
100
AcDbEntity
  8
LINES
100
AcDbLine
 10
514.074
 20
372.816
 30
0.0
 11
546.186
 21
372.816
 31
0.0
  0
LINE
  5
569
330
17
100
AcDbEntity
  8
LINES
100
AcDbLine
 10
557.418
 20
372.816
 30
0.0
 11
586.938
 21
372.816
 31
0.0
  0
LINE
  5
56A
330
17
100
AcDbEntity
  8
LINES
100
AcDbLine
 10
557.418
 20
372.816
 30
0.0
 11
586.938
 21
372.816
 31
0.0
  0
LINE
  5
56B
330
17
100
AcDbEntity
  8
LINES
100
AcDbLine
 10
598.17
 20
372.816
 30
0.0
 11
635.178
 21
372.816
 31
0.0
  0
LINE
  5
56C
330
17
100
AcDbEntity
  8
LINES
100
AcDbLine
 10
598.17
 20
372.816
 30
0.0
 11
635.178
 21
372.816
 31
0.0
  0
LINE
  5
56D
330
17
100
AcDbEntity
  8
LINES
100
AcDbLine
 10
646.41
 20
372.816
 30
0.0
 11
700.842
 21
372.816
 31
0.0
  0
LINE
  5
56E
330
17
100
AcDbEntity
  8
LINES
100
AcDbLine
 10
646.41
 20
372.816
 30
0.0
 11
700.842
 21
372.816
 31
0.0
  0
LINE
  5
56F
330
17
100
AcDbEntity
  8
LINES
100
AcDbLine
 10
702.9300000000001
 20
368.352
 30
0.0
 11
702.9300000000001
 21
313.05600000000004
 31
0.0
  0
LINE
  5
570
330
17
100
AcDbEntity
  8
LINES
100
AcDbLine
 10
702.9300000000001
 20
368.352
 30
0.0
 11
702.9300000000001
 21
313.05600000000004
 31
0.0
  0
LINE
  5
571
330
17
100
AcDbEntity
  8
LINES
100
AcDbLine
 10
706.8899999999999
 20
301.96799999999996
 30
0.0
 11
706.8899999999999
 21
278.06399999999996
 31
0.0
  0
LINE
  5
572
330
17
100
AcDbEntity
  8
LINES
100
AcDbLine
 10
706.8899999999999
 20
301.96799999999996
 30
0.0
 11
706.8899999999999
 21
278.06399999999996
 31
0.0
  0
LINE
  5
573
330
17
100
AcDbEntity
  8
LINES
100
AcDbLine
 10
706.8899999999999
 20
266.832
 30
0.0
 11
706.8899999999999
 21
236.01599999999996
 31
0.0
  0
LINE
  5
574
330
17
100
AcDbEntity
  8
LINES
100
AcDbLine
 10
706.8899999999999
 20
266.832
 30
0.0
 11
706.8899999999999
 21
236.01599999999996
 31
0.0
  0
LWPOLYLINE
  5
575
330
17
100
AcDbEntity
  8
RECTS
100
AcDbPolyline
 90
4
 70
0
 10
700.842
 20
278.06399999999996
 10
712.074
 20
278.06399999999996
 10
712.074
 20
266.832
 10
700.842
 20
266.832
  0
LWPOLYLINE
  5
576
330
17
100
AcDbEntity
  8
RECTS
100
AcDbPolyline
 90
4
 70
0
 10
586.65
 20
378.71999999999997
 10
597.882
 20
378.71999999999997
 10
597.882
 20
367.488
 10
586.65
 20
367.488
  0
LWPOLYLINE
  5
577
330
17
100
AcDbEntity
  8
RECTS
100
AcDbPolyline
 90
4
 70
0
 10
700.842
 20
313.05600000000004
 10
712.074
 20
313.05600000000004
 10
712.074
 20
301.96799999999996
 10
700.842
 20
301.96799999999996
  0
LWPOLYLINE
  5
578
330
17
100
AcDbEntity
  8
RECTS
100
AcDbPolyline
 90
4
 70
0
 10
700.842
 20
379.44
 10
712.074
 20
379.44
 10
712.074
 20
368.352
 10
700.842
 20
368.352
  0
LWPOLYLINE
  5
579
330
17
100
AcDbEntity
  8
RECTS
100
AcDbPolyline
 90
4
 70
0
 10
635.178
 20
379.44
 10
646.41
 20
379.44
 10
646.41
 20
368.352
 10
635.178
 20
368.352
  0
LINE
  5
57A
330
17
100
AcDbEntity
  8
LINES
100
AcDbLine
 10
709.554
 20
368.352
 30
0.0
 11
709.554
 21
313.05600000000004
 31
0.0
  0
LINE
  5
57B
330
17
100
AcDbEntity
  8
LINES
100
AcDbLine
 10
709.554
 20
368.352
 30
0.0
 11
709.554
 21
313.05600000000004
 31
0.0
  0
LWPOLYLINE
  5
57C
330
17
100
AcDbEntity
  8
RECTS
100
AcDbPolyline
 90
4
 70
0
 10
545.754
 20
379.296
 10
556.986
 20
379.296
 10
556.986
 20
368.06399999999996
 10
545.754
 20
368.06399999999996
  0
LWPOLYLINE
  5
57D
330
17
100
AcDbEntity
  8
RECTS
100
AcDbPolyline
 90
4
 70
0
 10
502.698
 20
379.152
 10
513.93
 20
379.152
 10
513.93
 20
368.06399999999996
 10
502.698
 20
368.06399999999996
  0
LWPOLYLINE
  5
57E
330
17
100
AcDbEntity
  8
RECTS
100
AcDbPolyline
 90
4
 70
0
 10
452.586
 20
379.296
 10
463.818
 20
379.296
 10
463.818
 20
368.06399999999996
 10
452.586
 20
368.06399999999996
  0
LWPOLYLINE
  5
57F
330
17
100
AcDbEntity
  8
RECTS
100
AcDbPolyline
 90
4
 70
0
 10
401.754
 20
378.864
 10
412.986
 20
378.864
 10
412.986
 20
367.63199999999995
 10
401.754
 20
367.63199999999995
  0
LWPOLYLINE
  5
580
330
17
100
AcDbEntity
  8
RECTS
100
AcDbPolyline
 90
4
 70
0
 10
340.12199999999996
 20
378.57599999999996
 10
351.35400000000004
 20
378.57599999999996
 10
351.35400000000004
 20
367.344
 10
340.12199999999996
 20
367.344
  0
LWPOLYLINE
  5
581
330
17
100
AcDbEntity
  8
RECTS
100
AcDbPolyline
 90
4
 70
0
 10
576.858
 20
294.91200000000003
 10
588.09
 20
294.91200000000003
 10
588.09
 20
283.82399999999996
 10
576.858
 20
283.82399999999996
  0
LINE
  5
582
330
17
100
AcDbEntity
  8
LINES
100
AcDbLine
 10
709.05
 20
224.35199999999998
 30
0.0
 11
709.05
 21
193.53599999999994
 31
0.0
  0
LINE
  5
583
330
17
100
AcDbEntity
  8
LINES
100
AcDbLine
 10
709.05
 20
224.35199999999998
 30
0.0
 11
709.05
 21
193.53599999999994
 31
0.0
  0
LWPOLYLINE
  5
584
330
17
100
AcDbEntity
  8
RECTS
100
AcDbPolyline
 90
4
 70
0
 10
306.85800000000006
 20
237.024
 10
318.09000000000003
 20
237.024
 10
318.09000000000003
 20
225.79199999999992
 10
306.85800000000006
 20
225.79199999999992
  0
LINE
  5
585
330
17
100
AcDbEntity
  8
LINES
100
AcDbLine
 10
312.042
 20
367.63199999999995
 30
0.0
 11
312.042
 21
237.168
 31
0.0
  0
LINE
  5
586
330
17
100
AcDbEntity
  8
LINES
100
AcDbLine
 10
312.042
 20
367.63199999999995
 30
0.0
 11
312.042
 21
237.168
 31
0.0
  0
LWPOLYLINE
  5
587
330
17
100
AcDbEntity
  8
RECTS
100
AcDbPolyline
 90
4
 70
0
 10
307.43399999999997
 20
378.864
 10
318.66600000000005
 20
378.864
 10
318.66600000000005
 20
367.63199999999995
 10
307.43399999999997
 20
367.63199999999995
  0
LWPOLYLINE
  5
588
330
17
100
AcDbEntity
  8
RECTS
100
AcDbPolyline
 90
4
 70
0
 10
230.68200000000002
 20
236.88
 10
241.914
 20
236.88
 10
241.914
 20
225.64800000000002
 10
230.68200000000002
 20
225.64800000000002
  0
LINE
  5
589
330
17
100
AcDbEntity
  8
LINES
100
AcDbLine
 10
228.81
 20
232.84799999999996
 30
0.0
 11
228.81
 21
230.11199999999997
 31
0.0
  0
LINE
  5
58A
330
17
100
AcDbEntity
  8
LINES
100
AcDbLine
 10
228.81
 20
232.84799999999996
 30
0.0
 11
228.81
 21
230.11199999999997
 31
0.0
  0
LINE
  5
58B
330
17
100
AcDbEntity
  8
LINES
100
AcDbLine
 10
222.618
 20
232.84799999999996
 30
0.0
 11
222.618
 21
230.11199999999997
 31
0.0
  0
LINE
  5
58C
330
17
100
AcDbEntity
  8
LINES
100
AcDbLine
 10
222.618
 20
232.84799999999996
 30
0.0
 11
222.618
 21
230.11199999999997
 31
0.0
  0
LINE
  5
58D
330
17
100
AcDbEntity
  8
LINES
100
AcDbLine
 10
209.87400000000002
 20
232.84799999999996
 30
0.0
 11
209.87400000000002
 21
229.96799999999996
 31
0.0
  0
LINE
  5
58E
330
17
100
AcDbEntity
  8
LINES
100
AcDbLine
 10
209.87400000000002
 20
232.84799999999996
 30
0.0
 11
209.87400000000002
 21
229.96799999999996
 31
0.0
  0
LINE
  5
58F
330
17
100
AcDbEntity
  8
LINES
100
AcDbLine
 10
203.75400000000002
 20
232.84799999999996
 30
0.0
 11
203.75400000000002
 21
229.96799999999996
 31
0.0
  0
LINE
  5
590
330
17
100
AcDbEntity
  8
LINES
100
AcDbLine
 10
203.75400000000002
 20
232.84799999999996
 30
0.0
 11
203.75400000000002
 21
229.96799999999996
 31
0.0
  0
LWPOLYLINE
  5
591
330
17
100
AcDbEntity
  8
RECTS
100
AcDbPolyline
 90
4
 70
0
 10
95.17800000000011
 20
237.312
 10
106.41000000000008
 20
237.312
 10
106.41000000000008
 20
226.07999999999993
 10
95.17800000000011
 20
226.07999999999993
  0
LINE
  5
592
330
17
100
AcDbEntity
  8
LINES
100
AcDbLine
 10
100.72199999999998
 20
276.624
 30
0.0
 11
100.72199999999998
 21
237.312
 31
0.0
  0
LINE
  5
593
330
17
100
AcDbEntity
  8
LINES
100
AcDbLine
 10
100.72199999999998
 20
276.624
 30
0.0
 11
100.72199999999998
 21
237.312
 31
0.0
  0
LWPOLYLINE
  5
594
330
17
100
AcDbEntity
  8
RECTS
100
AcDbPolyline
 90
4
 70
0
 10
95.0340000000001
 20
287.856
 10
106.26600000000008
 20
287.856
 10
106.26600000000008
 20
276.624
 10
95.0340000000001
 20
276.624
  0
LINE
  5
595
330
17
100
AcDbEntity
  8
LINES
100
AcDbLine
 10
100.64999999999998
 20
335.376
 30
0.0
 11
100.64999999999998
 21
287.856
 31
0.0
  0
LINE
  5
596
330
17
100
AcDbEntity
  8
LINES
100
AcDbLine
 10
100.64999999999998
 20
335.376
 30
0.0
 11
100.64999999999998
 21
287.856
 31
0.0
  0
LINE
  5
597
330
17
100
AcDbEntity
  8
LINES
100
AcDbLine
 10
100.64999999999998
 20
368.20799999999997
 30
0.0
 11
100.64999999999998
 21
335.376
 31
0.0
  0
LINE
  5
598
330
17
100
AcDbEntity
  8
LINES
100
AcDbLine
 10
100.64999999999998
 20
368.20799999999997
 30
0.0
 11
100.64999999999998
 21
335.376
 31
0.0
  0
LWPOLYLINE
  5
599
330
17
100
AcDbEntity
  8
RECTS
100
AcDbPolyline
 90
4
 70
0
 10
95.0340000000001
 20
379.296
 10
106.26600000000008
 20
379.296
 10
106.26600000000008
 20
368.06399999999996
 10
95.0340000000001
 20
368.06399999999996
  0
LINE
  5
59A
330
17
100
AcDbEntity
  8
LINES
100
AcDbLine
 10
318.09000000000003
 20
231.47999999999996
 30
0.0
 11
340.554
 21
231.47999999999996
 31
0.0
  0
LINE
  5
59B
330
17
100
AcDbEntity
  8
LINES
100
AcDbLine
 10
318.09000000000003
 20
231.47999999999996
 30
0.0
 11
340.554
 21
231.47999999999996
 31
0.0
  0
LWPOLYLINE
  5
59C
330
17
100
AcDbEntity
  8
RECTS
100
AcDbPolyline
 90
4
 70
0
 10
268.12199999999996
 20
270.144
 10
279.35400000000004
 20
270.144
 10
279.35400000000004
 20
258.91200000000003
 10
268.12199999999996
 20
258.91200000000003
  0
LWPOLYLINE
  5
59D
330
17
100
AcDbEntity
  8
RECTS
100
AcDbPolyline
 90
4
 70
0
 10
705.4499999999999
 20
584.208
 10
716.682
 20
584.208
 10
716.682
 20
572.976
 10
705.4499999999999
 20
572.976
  0
LINE
  5
59E
330
17
100
AcDbEntity
  8
LINES
100
AcDbLine
 10
707.97
 20
572.544
 30
0.0
 11
707.97
 21
541.728
 31
0.0
  0
LINE
  5
59F
330
17
100
AcDbEntity
  8
LINES
100
AcDbLine
 10
707.97
 20
572.544
 30
0.0
 11
707.97
 21
541.728
 31
0.0
  0
LINE
  5
5A0
330
17
100
AcDbEntity
  8
LINES
100
AcDbLine
 10
356.394
 20
575.6399999999999
 30
0.0
 11
705.4499999999999
 21
575.6399999999999
 31
0.0
  0
LINE
  5
5A1
330
17
100
AcDbEntity
  8
LINES
100
AcDbLine
 10
356.394
 20
575.6399999999999
 30
0.0
 11
705.4499999999999
 21
575.6399999999999
 31
0.0
  0
LWPOLYLINE
  5
5A2
330
17
100
AcDbEntity
  8
RECTS
100
AcDbPolyline
 90
4
 70
0
 10
345.16200000000003
 20
584.928
 10
356.394
 20
584.928
 10
356.394
 20
573.6959999999999
 10
345.16200000000003
 20
573.6959999999999
  0
LINE
  5
5A3
330
17
100
AcDbEntity
  8
LINES
100
AcDbLine
 10
356.394
 20
581.8319999999999
 30
0.0
 11
705.3059999999999
 21
581.8319999999999
 31
0.0
  0
LINE
  5
5A4
330
17
100
AcDbEntity
  8
LINES
100
AcDbLine
 10
356.394
 20
581.8319999999999
 30
0.0
 11
705.3059999999999
 21
581.8319999999999
 31
0.0
  0
LINE
  5
5A5
330
17
100
AcDbEntity
  8
LINES
100
AcDbLine
 10
350.346
 20
715.3919999999999
 30
0.0
 11
350.346
 21
584.928
 31
0.0
  0
LINE
  5
5A6
330
17
100
AcDbEntity
  8
LINES
100
AcDbLine
 10
350.346
 20
715.3919999999999
 30
0.0
 11
350.346
 21
584.928
 31
0.0
  0
LINE
  5
5A7
330
17
100
AcDbEntity
  8
LINES
100
AcDbLine
 10
356.25
 20
721.296
 30
0.0
 11
406.506
 21
721.296
 31
0.0
  0
LINE
  5
5A8
330
17
100
AcDbEntity
  8
LINES
100
AcDbLine
 10
356.25
 20
721.296
 30
0.0
 11
406.506
 21
721.296
 31
0.0
  0
LINE
  5
5A9
330
17
100
AcDbEntity
  8
LINES
100
AcDbLine
 10
417.59400000000005
 20
721.296
 30
0.0
 11
457.33799999999997
 21
721.296
 31
0.0
  0
LINE
  5
5AA
330
17
100
AcDbEntity
  8
LINES
100
AcDbLine
 10
417.59400000000005
 20
721.296
 30
0.0
 11
457.33799999999997
 21
721.296
 31
0.0
  0
LINE
  5
5AB
330
17
100
AcDbEntity
  8
LINES
100
AcDbLine
 10
468.57000000000005
 20
721.296
 30
0.0
 11
507.30600000000004
 21
721.296
 31
0.0
  0
LINE
  5
5AC
330
17
100
AcDbEntity
  8
LINES
100
AcDbLine
 10
468.57000000000005
 20
721.296
 30
0.0
 11
507.30600000000004
 21
721.296
 31
0.0
  0
LINE
  5
5AD
330
17
100
AcDbEntity
  8
LINES
100
AcDbLine
 10
518.682
 20
721.296
 30
0.0
 11
550.794
 21
721.296
 31
0.0
  0
LINE
  5
5AE
330
17
100
AcDbEntity
  8
LINES
100
AcDbLine
 10
518.682
 20
721.296
 30
0.0
 11
550.794
 21
721.296
 31
0.0
  0
LINE
  5
5AF
330
17
100
AcDbEntity
  8
LINES
100
AcDbLine
 10
562.026
 20
721.296
 30
0.0
 11
591.5459999999999
 21
721.296
 31
0.0
  0
LINE
  5
5B0
330
17
100
AcDbEntity
  8
LINES
100
AcDbLine
 10
562.026
 20
721.296
 30
0.0
 11
591.5459999999999
 21
721.296
 31
0.0
  0
LINE
  5
5B1
330
17
100
AcDbEntity
  8
LINES
100
AcDbLine
 10
602.634
 20
721.296
 30
0.0
 11
639.786
 21
721.296
 31
0.0
  0
LINE
  5
5B2
330
17
100
AcDbEntity
  8
LINES
100
AcDbLine
 10
602.634
 20
721.296
 30
0.0
 11
639.786
 21
721.296
 31
0.0
  0
LINE
  5
5B3
330
17
100
AcDbEntity
  8
LINES
100
AcDbLine
 10
651.018
 20
721.296
 30
0.0
 11
705.4499999999999
 21
721.296
 31
0.0
  0
LINE
  5
5B4
330
17
100
AcDbEntity
  8
LINES
100
AcDbLine
 10
651.018
 20
721.296
 30
0.0
 11
705.4499999999999
 21
721.296
 31
0.0
  0
LINE
  5
5B5
330
17
100
AcDbEntity
  8
LINES
100
AcDbLine
 10
707.538
 20
716.832
 30
0.0
 11
707.538
 21
661.68
 31
0.0
  0
LINE
  5
5B6
330
17
100
AcDbEntity
  8
LINES
100
AcDbLine
 10
707.538
 20
716.832
 30
0.0
 11
707.538
 21
661.68
 31
0.0
  0
LINE
  5
5B7
330
17
100
AcDbEntity
  8
LINES
100
AcDbLine
 10
711.498
 20
650.448
 30
0.0
 11
711.498
 21
626.544
 31
0.0
  0
LINE
  5
5B8
330
17
100
AcDbEntity
  8
LINES
100
AcDbLine
 10
711.498
 20
650.448
 30
0.0
 11
711.498
 21
626.544
 31
0.0
  0
LINE
  5
5B9
330
17
100
AcDbEntity
  8
LINES
100
AcDbLine
 10
711.498
 20
615.3119999999999
 30
0.0
 11
711.498
 21
584.496
 31
0.0
  0
LINE
  5
5BA
330
17
100
AcDbEntity
  8
LINES
100
AcDbLine
 10
711.498
 20
615.3119999999999
 30
0.0
 11
711.498
 21
584.496
 31
0.0
  0
LWPOLYLINE
  5
5BB
330
17
100
AcDbEntity
  8
RECTS
100
AcDbPolyline
 90
4
 70
0
 10
705.4499999999999
 20
626.544
 10
716.682
 20
626.544
 10
716.682
 20
615.3119999999999
 10
705.4499999999999
 20
615.3119999999999
  0
LWPOLYLINE
  5
5BC
330
17
100
AcDbEntity
  8
RECTS
100
AcDbPolyline
 90
4
 70
0
 10
591.258
 20
727.1999999999999
 10
602.49
 20
727.1999999999999
 10
602.49
 20
715.968
 10
591.258
 20
715.968
  0
LWPOLYLINE
  5
5BD
330
17
100
AcDbEntity
  8
RECTS
100
AcDbPolyline
 90
4
 70
0
 10
705.4499999999999
 20
661.68
 10
716.682
 20
661.68
 10
716.682
 20
650.448
 10
705.4499999999999
 20
650.448
  0
LWPOLYLINE
  5
5BE
330
17
100
AcDbEntity
  8
RECTS
100
AcDbPolyline
 90
4
 70
0
 10
705.4499999999999
 20
728.064
 10
716.682
 20
728.064
 10
716.682
 20
716.832
 10
705.4499999999999
 20
716.832
  0
LWPOLYLINE
  5
5BF
330
17
100
AcDbEntity
  8
RECTS
100
AcDbPolyline
 90
4
 70
0
 10
639.786
 20
728.064
 10
651.018
 20
728.064
 10
651.018
 20
716.832
 10
639.786
 20
716.832
  0
LINE
  5
5C0
330
17
100
AcDbEntity
  8
LINES
100
AcDbLine
 10
682.554
 20
656.28
 30
0.0
 11
705.4499999999999
 21
656.28
 31
0.0
  0
LINE
  5
5C1
330
17
100
AcDbEntity
  8
LINES
100
AcDbLine
 10
682.554
 20
656.28
 30
0.0
 11
705.4499999999999
 21
656.28
 31
0.0
  0
LINE
  5
5C2
330
17
100
AcDbEntity
  8
LINES
100
AcDbLine
 10
714.162
 20
716.832
 30
0.0
 11
714.162
 21
661.68
 31
0.0
  0
LINE
  5
5C3
330
17
100
AcDbEntity
  8
LINES
100
AcDbLine
 10
714.162
 20
716.832
 30
0.0
 11
714.162
 21
661.68
 31
0.0
  0
LWPOLYLINE
  5
5C4
330
17
100
AcDbEntity
  8
RECTS
100
AcDbPolyline
 90
4
 70
0
 10
550.362
 20
727.776
 10
561.5939999999999
 20
727.776
 10
561.5939999999999
 20
716.544
 10
550.362
 20
716.544
  0
LWPOLYLINE
  5
5C5
330
17
100
AcDbEntity
  8
RECTS
100
AcDbPolyline
 90
4
 70
0
 10
507.30600000000004
 20
727.776
 10
518.538
 20
727.776
 10
518.538
 20
716.544
 10
507.30600000000004
 20
716.544
  0
LWPOLYLINE
  5
5C6
330
17
100
AcDbEntity
  8
RECTS
100
AcDbPolyline
 90
4
 70
0
 10
457.19399999999996
 20
727.776
 10
468.42600000000004
 20
727.776
 10
468.42600000000004
 20
716.544
 10
457.19399999999996
 20
716.544
  0
LWPOLYLINE
  5
5C7
330
17
100
AcDbEntity
  8
RECTS
100
AcDbPolyline
 90
4
 70
0
 10
406.36199999999997
 20
727.3439999999999
 10
417.59400000000005
 20
727.3439999999999
 10
417.59400000000005
 20
716.112
 10
406.36199999999997
 20
716.112
  0
LWPOLYLINE
  5
5C8
330
17
100
AcDbEntity
  8
RECTS
100
AcDbPolyline
 90
4
 70
0
 10
344.73
 20
727.0559999999999
 10
355.962
 20
727.0559999999999
 10
355.962
 20
715.824
 10
344.73
 20
715.824
  0
LWPOLYLINE
  5
5C9
330
17
100
AcDbEntity
  8
RECTS
100
AcDbPolyline
 90
4
 70
0
 10
581.466
 20
643.536
 10
592.554
 20
643.536
 10
592.554
 20
632.304
 10
581.466
 20
632.304
  0
LINE
  5
5CA
330
17
100
AcDbEntity
  8
LINES
100
AcDbLine
 10
713.6579999999999
 20
572.832
 30
0.0
 11
713.6579999999999
 21
542.016
 31
0.0
  0
LINE
  5
5CB
330
17
100
AcDbEntity
  8
LINES
100
AcDbLine
 10
713.6579999999999
 20
572.832
 30
0.0
 11
713.6579999999999
 21
542.016
 31
0.0
  0
LWPOLYLINE
  5
5CC
330
17
100
AcDbEntity
  8
RECTS
100
AcDbPolyline
 90
4
 70
0
 10
311.466
 20
585.5039999999999
 10
322.698
 20
585.5039999999999
 10
322.698
 20
574.4159999999999
 10
311.466
 20
574.4159999999999
  0
LINE
  5
5CD
330
17
100
AcDbEntity
  8
LINES
100
AcDbLine
 10
316.65000000000003
 20
716.112
 30
0.0
 11
316.65000000000003
 21
585.6479999999999
 31
0.0
  0
LINE
  5
5CE
330
17
100
AcDbEntity
  8
LINES
100
AcDbLine
 10
316.65000000000003
 20
716.112
 30
0.0
 11
316.65000000000003
 21
585.6479999999999
 31
0.0
  0
LWPOLYLINE
  5
5CF
330
17
100
AcDbEntity
  8
RECTS
100
AcDbPolyline
 90
4
 70
0
 10
312.04200000000003
 20
727.3439999999999
 10
323.13
 20
727.3439999999999
 10
323.13
 20
716.112
 10
312.04200000000003
 20
716.112
  0
LWPOLYLINE
  5
5D0
330
17
100
AcDbEntity
  8
RECTS
100
AcDbPolyline
 90
4
 70
0
 10
235.28999999999996
 20
585.3599999999999
 10
246.52200000000005
 20
585.3599999999999
 10
246.52200000000005
 20
574.1279999999999
 10
235.28999999999996
 20
574.1279999999999
  0
LWPOLYLINE
  5
5D1
330
17
100
AcDbEntity
  8
RECTS
100
AcDbPolyline
 90
4
 70
0
 10
99.64200000000005
 20
585.7919999999999
 10
110.87400000000002
 20
585.7919999999999
 10
110.87400000000002
 20
574.56
 10
99.64200000000005
 20
574.56
  0
LINE
  5
5D2
330
17
100
AcDbEntity
  8
LINES
100
AcDbLine
 10
105.33000000000004
 20
625.1039999999999
 30
0.0
 11
105.33000000000004
 21
585.7919999999999
 31
0.0
  0
LINE
  5
5D3
330
17
100
AcDbEntity
  8
LINES
100
AcDbLine
 10
105.33000000000004
 20
625.1039999999999
 30
0.0
 11
105.33000000000004
 21
585.7919999999999
 31
0.0
  0
LWPOLYLINE
  5
5D4
330
17
100
AcDbEntity
  8
RECTS
100
AcDbPolyline
 90
4
 70
0
 10
99.64200000000005
 20
636.3359999999999
 10
110.87400000000002
 20
636.3359999999999
 10
110.87400000000002
 20
625.1039999999999
 10
99.64200000000005
 20
625.1039999999999
  0
LINE
  5
5D5
330
17
100
AcDbEntity
  8
LINES
100
AcDbLine
 10
105.25800000000004
 20
684.0
 30
0.0
 11
105.25800000000004
 21
636.3359999999999
 31
0.0
  0
LINE
  5
5D6
330
17
100
AcDbEntity
  8
LINES
100
AcDbLine
 10
105.25800000000004
 20
684.0
 30
0.0
 11
105.25800000000004
 21
636.3359999999999
 31
0.0
  0
LINE
  5
5D7
330
17
100
AcDbEntity
  8
LINES
100
AcDbLine
 10
105.25800000000004
 20
716.688
 30
0.0
 11
105.25800000000004
 21
684.0
 31
0.0
  0
LINE
  5
5D8
330
17
100
AcDbEntity
  8
LINES
100
AcDbLine
 10
105.25800000000004
 20
716.688
 30
0.0
 11
105.25800000000004
 21
684.0
 31
0.0
  0
LWPOLYLINE
  5
5D9
330
17
100
AcDbEntity
  8
RECTS
100
AcDbPolyline
 90
4
 70
0
 10
99.64200000000005
 20
727.776
 10
110.87400000000002
 20
727.776
 10
110.87400000000002
 20
716.544
 10
99.64200000000005
 20
716.544
  0
LINE
  5
5DA
330
17
100
AcDbEntity
  8
LINES
100
AcDbLine
 10
322.698
 20
579.96
 30
0.0
 11
345.16200000000003
 21
579.96
 31
0.0
  0
LINE
  5
5DB
330
17
100
AcDbEntity
  8
LINES
100
AcDbLine
 10
322.698
 20
579.96
 30
0.0
 11
345.16200000000003
 21
579.96
 31
0.0
  0
LWPOLYLINE
  5
5DC
330
17
100
AcDbEntity
  8
RECTS
100
AcDbPolyline
 90
4
 70
0
 10
272.73
 20
618.6239999999999
 10
283.962
 20
618.6239999999999
 10
283.962
 20
607.3919999999999
 10
272.73
 20
607.3919999999999
  0
LWPOLYLINE
  5
5DD
330
17
100
AcDbEntity
  8
RECTS
100
AcDbPolyline
 90
4
 70
0
 10
671.322
 20
661.968
 10
682.554
 20
661.968
 10
682.554
 20
650.736
 10
671.322
 20
650.736
  0
LINE
  5
5DE
330
17
100
AcDbEntity
  8
LINES
100
AcDbLine
 10
677.946
 20
308.304
 30
0.0
 11
700.842
 21
308.304
 31
0.0
  0
LINE
  5
5DF
330
17
100
AcDbEntity
  8
LINES
100
AcDbLine
 10
677.946
 20
308.304
 30
0.0
 11
700.842
 21
308.304
 31
0.0
  0
LWPOLYLINE
  5
5E0
330
17
100
AcDbEntity
  8
RECTS
100
AcDbPolyline
 90
4
 70
0
 10
666.7139999999999
 20
313.91999999999996
 10
677.946
 20
313.91999999999996
 10
677.946
 20
302.688
 10
666.7139999999999
 20
302.688
  0
LINE
  5
5E1
330
17
100
AcDbEntity
  8
LINES
100
AcDbLine
 10
887.4659999999999
 20
540.288
 30
0.0
 11
951.834
 21
540.288
 31
0.0
  0
LINE
  5
5E2
330
17
100
AcDbEntity
  8
LINES
100
AcDbLine
 10
887.4659999999999
 20
540.288
 30
0.0
 11
951.834
 21
540.288
 31
0.0
  0
LINE
  5
5E3
330
17
100
AcDbEntity
  8
LINES
100
AcDbLine
 10
884.298
 20
244.94399999999996
 30
0.0
 11
884.298
 21
177.98399999999992
 31
0.0
  0
LINE
  5
5E4
330
17
100
AcDbEntity
  8
LINES
100
AcDbLine
 10
884.298
 20
244.94399999999996
 30
0.0
 11
884.298
 21
177.98399999999992
 31
0.0
  0
LINE
  5
5E5
330
17
100
AcDbEntity
  8
LINES
100
AcDbLine
 10
886.746
 20
177.98399999999998
 30
0.0
 11
950.97
 21
177.98399999999998
 31
0.0
  0
LINE
  5
5E6
330
17
100
AcDbEntity
  8
LINES
100
AcDbLine
 10
886.746
 20
177.98399999999998
 30
0.0
 11
950.97
 21
177.98399999999998
 31
0.0
  0
LWPOLYLINE
  5
5E7
330
17
100
AcDbEntity
  8
RECTS
100
AcDbPolyline
 90
4
 70
0
 10
235.72199999999998
 20
526.3199999999999
 10
246.95400000000006
 20
526.3199999999999
 10
246.95400000000006
 20
515.088
 10
235.72199999999998
 20
515.088
  0
LINE
  5
5E8
330
17
100
AcDbEntity
  8
LINES
100
AcDbLine
 10
240.906
 20
574.1279999999999
 30
0.0
 11
240.906
 21
526.3199999999999
 31
0.0
  0
LINE
  5
5E9
330
17
100
AcDbEntity
  8
LINES
100
AcDbLine
 10
240.906
 20
574.1279999999999
 30
0.0
 11
240.906
 21
526.3199999999999
 31
0.0
  0
LWPOLYLINE
  5
5EA
330
17
100
AcDbEntity
  8
RECTS
100
AcDbPolyline
 90
4
 70
0
 10
230.538
 20
177.69600000000003
 10
241.76999999999998
 20
177.69600000000003
 10
241.76999999999998
 20
166.46399999999994
 10
230.538
 20
166.46399999999994
  0
LINE
  5
5EB
330
17
100
AcDbEntity
  8
LINES
100
AcDbLine
 10
235.72199999999998
 20
225.50400000000002
 30
0.0
 11
235.72199999999998
 21
222.048
 31
0.0
  0
LINE
  5
5EC
330
17
100
AcDbEntity
  8
LINES
100
AcDbLine
 10
235.72199999999998
 20
225.50400000000002
 30
0.0
 11
235.72199999999998
 21
222.048
 31
0.0
  0
LINE
  5
5ED
330
17
100
AcDbEntity
  8
LINES
100
AcDbLine
 10
235.72199999999998
 20
220.75199999999995
 30
0.0
 11
235.72199999999998
 21
217.87199999999996
 31
0.0
  0
LINE
  5
5EE
330
17
100
AcDbEntity
  8
LINES
100
AcDbLine
 10
235.72199999999998
 20
220.75199999999995
 30
0.0
 11
235.72199999999998
 21
217.87199999999996
 31
0.0
  0
LINE
  5
5EF
330
17
100
AcDbEntity
  8
LINES
100
AcDbLine
 10
235.72199999999998
 20
216.43200000000002
 30
0.0
 11
235.72199999999998
 21
212.976
 31
0.0
  0
LINE
  5
5F0
330
17
100
AcDbEntity
  8
LINES
100
AcDbLine
 10
235.72199999999998
 20
216.43200000000002
 30
0.0
 11
235.72199999999998
 21
212.976
 31
0.0
  0
LINE
  5
5F1
330
17
100
AcDbEntity
  8
LINES
100
AcDbLine
 10
235.72199999999998
 20
212.976
 30
0.0
 11
235.72199999999998
 21
177.69600000000003
 31
0.0
  0
LINE
  5
5F2
330
17
100
AcDbEntity
  8
LINES
100
AcDbLine
 10
235.72199999999998
 20
212.976
 30
0.0
 11
235.72199999999998
 21
177.69600000000003
 31
0.0
  0
LINE
  5
5F3
330
17
100
AcDbEntity
  8
LINES
100
AcDbLine
 10
198.42599999999993
 20
82.07999999999998
 30
0.0
 11
225.64200000000005
 21
82.07999999999998
 31
0.0
  0
LINE
  5
5F4
330
17
100
AcDbEntity
  8
LINES
100
AcDbLine
 10
198.42599999999993
 20
82.07999999999998
 30
0.0
 11
225.64200000000005
 21
82.07999999999998
 31
0.0
  0
LWPOLYLINE
  5
5F5
330
17
100
AcDbEntity
  8
RECTS
100
AcDbPolyline
 90
4
 70
0
 10
16.8420000000001
 20
858.8159999999999
 10
1207.434
 20
858.8159999999999
 10
1207.434
 20
16.847999999999956
 10
16.8420000000001
 20
16.847999999999956
  0
LINE
  5
5F6
330
17
100
AcDbEntity
  8
LINES
100
AcDbLine
 10
915.6179999999999
 20
755.6399999999999
 30
0.0
 11
885.0899999999999
 21
722.52
 31
0.0
  0
LINE
  5
5F7
330
17
100
AcDbEntity
  8
LINES
100
AcDbLine
 10
915.6179999999999
 20
755.6399999999999
 30
0.0
 11
885.0899999999999
 21
722.52
 31
0.0
  0
LINE
  5
5F8
330
17
100
AcDbEntity
  8
LINES
100
AcDbLine
 10
885.162
 20
722.5919999999999
 30
0.0
 11
885.162
 21
540.288
 31
0.0
  0
LINE
  5
5F9
330
17
100
AcDbEntity
  8
LINES
100
AcDbLine
 10
885.162
 20
722.5919999999999
 30
0.0
 11
885.162
 21
540.288
 31
0.0
  0
LINE
  5
5FA
330
17
100
AcDbEntity
  8
LINES
100
AcDbLine
 10
951.6179999999999
 20
722.664
 30
0.0
 11
885.162
 21
722.5919999999999
 31
0.0
  0
LINE
  5
5FB
330
17
100
AcDbEntity
  8
LINES
100
AcDbLine
 10
951.6179999999999
 20
722.664
 30
0.0
 11
885.162
 21
722.5919999999999
 31
0.0
  0
LINE
  5
5FC
330
17
100
AcDbEntity
  8
LINES
100
AcDbLine
 10
885.162
 20
672.048
 30
0.0
 11
951.6179999999999
 21
722.664
 31
0.0
  0
LINE
  5
5FD
330
17
100
AcDbEntity
  8
LINES
100
AcDbLine
 10
885.162
 20
672.048
 30
0.0
 11
951.6179999999999
 21
722.664
 31
0.0
  0
LWPOLYLINE
  5
5FE
330
17
100
AcDbEntity
  8
POLYLINES
100
AcDbPolyline
 90
6
 70
0
 10
221.0925215999999
 20
61.86887999999999
 10
217.3231199999999
 20
65.63828160000003
 10
213.5537183999999
 20
61.86887999999999
 10
217.3231199999999
 20
58.09947839999995
 10
221.0925215999999
 20
61.86887999999999
 10
221.0925215999999
 20
61.86887999999999
  0
LWPOLYLINE
  5
5FF
330
17
100
AcDbEntity
  8
POLYLINES
100
AcDbPolyline
 90
5
 70
0
 10
299.946
 20
170.06399999999996
 10
299.946
 20
165.74400000000003
 10
300.23400000000004
 20
165.45600000000002
 10
301.53
 20
165.45600000000002
 10
301.38599999999997
 20
167.76
  0
LWPOLYLINE
  5
600
330
17
100
AcDbEntity
  8
POLYLINES
100
AcDbPolyline
 90
3
 70
0
 10
306.71400000000006
 20
175.24800000000005
 10
306.71400000000006
 20
165.024
 10
305.994
 20
166.60799999999995
  0
LWPOLYLINE
  5
601
330
17
100
AcDbEntity
  8
POLYLINES
100
AcDbPolyline
 90
7
 70
0
 10
304.986
 20
175.67999999999995
 10
305.13
 20
174.67200000000003
 10
305.13
 20
172.07999999999993
 10
304.842
 20
169.77599999999995
 10
304.554
 20
167.32799999999997
 10
304.12199999999996
 20
166.03199999999993
 10
303.40200000000004
 20
164.88
  0
LWPOLYLINE
  5
602
330
17
100
AcDbEntity
  8
POLYLINES
100
AcDbPolyline
 90
3
 70
0
 10
308.48164752
 20
169.63919999999996
 10
308.8596
 20
169.16675904
 10
309.23755248
 20
169.63919999999996
  0
LWPOLYLINE
  5
603
330
17
100
AcDbEntity
  8
POLYLINES
100
AcDbPolyline
 90
3
 70
0
 10
308.576136
 20
169.63919999999996
 10
308.8596
 20
169.28486927999995
 10
309.143064
 20
169.63919999999996
  0
LWPOLYLINE
  5
604
330
17
100
AcDbEntity
  8
POLYLINES
100
AcDbPolyline
 90
3
 70
0
 10
309.04857696
 20
169.63919999999996
 10
308.8596
 20
169.87542048
 10
308.67062304
 20
169.63919999999996
  0
LWPOLYLINE
  5
605
330
17
100
AcDbEntity
  8
POLYLINES
100
AcDbPolyline
 90
3
 70
0
 10
308.67062304
 20
169.63919999999996
 10
308.8596
 20
169.40297952000003
 10
309.04857696
 20
169.63919999999996
  0
LWPOLYLINE
  5
606
330
17
100
AcDbEntity
  8
POLYLINES
100
AcDbPolyline
 90
3
 70
0
 10
308.48164752
 20
166.92336
 10
308.8596
 20
166.45091904000003
 10
309.23755248
 20
166.92336
  0
LWPOLYLINE
  5
607
330
17
100
AcDbEntity
  8
POLYLINES
100
AcDbPolyline
 90
3
 70
0
 10
309.23755248
 20
166.92336
 10
308.8596
 20
167.39580095999997
 10
308.48164752
 20
166.92336
  0
LWPOLYLINE
  5
608
330
17
100
AcDbEntity
  8
POLYLINES
100
AcDbPolyline
 90
3
 70
0
 10
309.143064
 20
166.92336
 10
308.8596
 20
167.27769072
 10
308.576136
 20
166.92336
  0
LWPOLYLINE
  5
609
330
17
100
AcDbEntity
  8
POLYLINES
100
AcDbPolyline
 90
3
 70
0
 10
308.576136
 20
166.92336
 10
308.8596
 20
166.56902928
 10
309.143064
 20
166.92336
  0
LWPOLYLINE
  5
60A
330
17
100
AcDbEntity
  8
POLYLINES
100
AcDbPolyline
 90
3
 70
0
 10
309.04857696
 20
166.92336
 10
308.8596
 20
167.15958047999993
 10
308.67062304
 20
166.92336
  0
LWPOLYLINE
  5
60B
330
17
100
AcDbEntity
  8
POLYLINES
100
AcDbPolyline
 90
3
 70
0
 10
308.67062304
 20
166.92336
 10
308.8596
 20
166.68713952000007
 10
309.04857696
 20
166.92336
  0
LWPOLYLINE
  5
60C
330
17
100
AcDbEntity
  8
POLYLINES
100
AcDbPolyline
 90
3
 70
0
 10
309.23755248
 20
169.63919999999996
 10
308.8596
 20
170.11164095999993
 10
308.48164752
 20
169.63919999999996
  0
LWPOLYLINE
  5
60D
330
17
100
AcDbEntity
  8
POLYLINES
100
AcDbPolyline
 90
3
 70
0
 10
309.143064
 20
169.63919999999996
 10
308.8596
 20
169.99353071999997
 10
308.576136
 20
169.63919999999996
  0
LWPOLYLINE
  5
60E
330
17
100
AcDbEntity
  8
POLYLINES
100
AcDbPolyline
 90
4
 70
0
 10
296.058
 20
155.37599999999998
 10
296.922
 20
155.808
 10
298.21799999999996
 20
157.53600000000006
 10
298.21799999999996
 20
146.15999999999997
  0
LWPOLYLINE
  5
60F
330
17
100
AcDbEntity
  8
POLYLINES
100
AcDbPolyline
 90
3
 70
0
 10
312.04200000000003
 20
153.50400000000002
 10
310.89
 20
150.76800000000003
 10
309.45000000000005
 20
147.88799999999992
  0
LWPOLYLINE
  5
610
330
17
100
AcDbEntity
  8
POLYLINES
100
AcDbPolyline
 90
3
 70
0
 10
312.33000000000004
 20
153.50400000000002
 10
314.058
 20
148.31999999999994
 10
314.778
 20
148.31999999999994
  0
LWPOLYLINE
  5
611
330
17
100
AcDbEntity
  8
POLYLINES
100
AcDbPolyline
 90
3
 70
0
 10
319.962
 20
146.59199999999998
 10
319.962
 20
147.024
 10
319.818
 20
147.60000000000002
  0
LWPOLYLINE
  5
612
330
17
100
AcDbEntity
  8
POLYLINES
100
AcDbPolyline
 90
3
 70
0
 10
317.514
 20
152.928
 10
319.38599999999997
 20
150.336
 10
319.962
 20
150.48000000000002
  0
LWPOLYLINE
  5
613
330
17
100
AcDbEntity
  8
POLYLINES
100
AcDbPolyline
 90
3
 70
0
 10
317.658
 20
151.20000000000005
 10
318.23400000000004
 20
152.20799999999997
 10
319.24199999999996
 20
154.22399999999993
  0
LWPOLYLINE
  5
614
330
17
100
AcDbEntity
  8
POLYLINES
100
AcDbPolyline
 90
3
 70
0
 10
323.562
 20
156.24
 10
322.698
 20
154.07999999999993
 10
321.54600000000005
 20
151.77599999999995
  0
LWPOLYLINE
  5
615
330
17
100
AcDbEntity
  8
POLYLINES
100
AcDbPolyline
 90
3
 70
0
 10
323.994
 20
152.784
 10
326.01
 20
147.024
 10
326.874
 20
147.024
  0
LWPOLYLINE
  5
616
330
17
100
AcDbEntity
  8
POLYLINES
100
AcDbPolyline
 90
4
 70
0
 10
326.154
 20
154.94399999999996
 10
325.00199999999995
 20
149.76
 10
324.42600000000004
 20
148.03199999999993
 10
323.274
 20
146.30399999999997
  0
LWPOLYLINE
  5
617
330
17
100
AcDbEntity
  8
POLYLINES
100
AcDbPolyline
 90
4
 70
0
 10
344.154
 20
152.49599999999998
 10
343.866
 20
149.32799999999997
 10
343.14599999999996
 20
146.15999999999997
 10
342.28200000000004
 20
147.88799999999992
  0
LWPOLYLINE
  5
618
330
17
100
AcDbEntity
  8
POLYLINES
100
AcDbPolyline
 90
3
 70
0
 10
348.33000000000004
 20
153.50400000000002
 10
347.178
 20
150.76800000000003
 10
345.73800000000006
 20
147.88799999999992
  0
LWPOLYLINE
  5
619
330
17
100
AcDbEntity
  8
POLYLINES
100
AcDbPolyline
 90
3
 70
0
 10
348.61800000000005
 20
153.50400000000002
 10
350.346
 20
148.31999999999994
 10
351.06600000000003
 20
148.31999999999994
  0
LWPOLYLINE
  5
61A
330
17
100
AcDbEntity
  8
POLYLINES
100
AcDbPolyline
 90
3
 70
0
 10
359.274
 20
152.64
 10
358.554
 20
150.62400000000002
 10
357.69000000000005
 20
148.60799999999995
  0
LWPOLYLINE
  5
61B
330
17
100
AcDbEntity
  8
POLYLINES
100
AcDbPolyline
 90
4
 70
0
 10
372.66600000000005
 20
153.216
 10
372.23400000000004
 20
149.904
 10
371.658
 20
147.74400000000003
 10
370.07399999999996
 20
146.01599999999996
  0
LWPOLYLINE
  5
61C
330
17
100
AcDbEntity
  8
POLYLINES
100
AcDbPolyline
 90
3
 70
0
 10
372.37800000000004
 20
150.91200000000003
 10
374.394
 20
146.30399999999997
 10
375.25800000000004
 20
146.30399999999997
  0
LWPOLYLINE
  5
61D
330
17
100
AcDbEntity
  8
POLYLINES
100
AcDbPolyline
 90
3
 70
0
 10
379.866
 20
154.36799999999994
 10
377.562
 20
151.48800000000006
 10
375.97799999999995
 20
150.048
  0
LWPOLYLINE
  5
61E
330
17
100
AcDbEntity
  8
POLYLINES
100
AcDbPolyline
 90
3
 70
0
 10
386.49
 20
156.38400000000001
 10
386.49
 20
146.30399999999997
 10
385.626
 20
147.88799999999992
  0
LWPOLYLINE
  5
61F
330
17
100
AcDbEntity
  8
POLYLINES
100
AcDbPolyline
 90
3
 70
0
 10
387.64200000000005
 20
146.15999999999997
 10
391.09799999999996
 20
157.53600000000006
 10
394.554
 20
146.15999999999997
  0
LWPOLYLINE
  5
620
330
17
100
AcDbEntity
  8
POLYLINES
100
AcDbPolyline
 90
4
 70
0
 10
397.14599999999996
 20
155.37599999999998
 10
398.01
 20
155.808
 10
399.30600000000004
 20
157.53600000000006
 10
399.30600000000004
 20
146.15999999999997
  0
LWPOLYLINE
  5
621
330
17
100
AcDbEntity
  8
POLYLINES
100
AcDbPolyline
 90
3
 70
0
 10
427.38599999999997
 20
154.22399999999993
 10
427.09799999999996
 20
147.88799999999992
 10
426.52200000000005
 20
149.03999999999996
  0
LWPOLYLINE
  5
622
330
17
100
AcDbEntity
  8
POLYLINES
100
AcDbPolyline
 90
3
 70
0
 10
422.778
 20
148.31999999999994
 10
423.92999999999995
 20
148.31999999999994
 10
427.38599999999997
 20
146.30399999999997
  0
LWPOLYLINE
  5
623
330
17
100
AcDbEntity
  8
POLYLINES
100
AcDbPolyline
 90
4
 70
0
 10
424.36199999999997
 20
152.784
 10
424.07399999999996
 20
150.76800000000003
 10
424.36199999999997
 20
149.76
 10
423.92999999999995
 20
148.31999999999994
  0
LWPOLYLINE
  5
624
330
17
100
AcDbEntity
  8
POLYLINES
100
AcDbPolyline
 90
7
 70
0
 10
437.178
 20
156.81600000000003
 10
437.178
 20
147.60000000000002
 10
437.322
 20
147.168
 10
437.466
 20
146.88
 10
437.898
 20
146.44799999999998
 10
440.058
 20
146.59199999999998
 10
439.77
 20
149.03999999999996
  0
LWPOLYLINE
  5
625
330
17
100
AcDbEntity
  8
POLYLINES
100
AcDbPolyline
 90
3
 70
0
 10
443.658
 20
153.79200000000003
 10
445.53
 20
150.336
 10
446.106
 20
150.336
  0
LWPOLYLINE
  5
626
330
17
100
AcDbEntity
  8
POLYLINES
100
AcDbPolyline
 90
5
 70
0
 10
447.97799999999995
 20
149.18399999999997
 10
447.97799999999995
 20
148.60799999999995
 10
447.68999999999994
 20
148.03199999999993
 10
447.25800000000004
 20
147.60000000000002
 10
446.826
 20
147.45600000000002
  0
LWPOLYLINE
  5
627
330
17
100
AcDbEntity
  8
POLYLINES
100
AcDbPolyline
 90
3
 70
0
 10
447.1766875200001
 20
149.32367999999997
 10
447.55464000000006
 20
148.85123904
 10
447.93259248000004
 20
149.32367999999997
  0
LWPOLYLINE
  5
628
330
17
100
AcDbEntity
  8
POLYLINES
100
AcDbPolyline
 90
3
 70
0
 10
447.93259248000004
 20
149.32367999999997
 10
447.55464000000006
 20
149.79612096000005
 10
447.1766875200001
 20
149.32367999999997
  0
LWPOLYLINE
  5
629
330
17
100
AcDbEntity
  8
POLYLINES
100
AcDbPolyline
 90
3
 70
0
 10
447.83810400000004
 20
149.32367999999997
 10
447.55464000000006
 20
149.67801071999997
 10
447.2711760000001
 20
149.32367999999997
  0
LWPOLYLINE
  5
62A
330
17
100
AcDbEntity
  8
POLYLINES
100
AcDbPolyline
 90
3
 70
0
 10
447.2711760000001
 20
149.32367999999997
 10
447.55464000000006
 20
148.96934927999996
 10
447.83810400000004
 20
149.32367999999997
  0
LWPOLYLINE
  5
62B
330
17
100
AcDbEntity
  8
POLYLINES
100
AcDbPolyline
 90
3
 70
0
 10
447.74361696000005
 20
149.32367999999997
 10
447.55464000000006
 20
149.55990048
 10
447.3656630400001
 20
149.32367999999997
  0
LWPOLYLINE
  5
62C
330
17
100
AcDbEntity
  8
POLYLINES
100
AcDbPolyline
 90
3
 70
0
 10
447.3656630400001
 20
149.32367999999997
 10
447.55464000000006
 20
149.08745952000004
 10
447.74361696000005
 20
149.32367999999997
  0
LWPOLYLINE
  5
62D
330
17
100
AcDbEntity
  8
POLYLINES
100
AcDbPolyline
 90
5
 70
0
 10
456.18600000000004
 20
153.93599999999992
 10
455.898
 20
149.904
 10
455.322
 20
148.46399999999994
 10
454.16999999999996
 20
147.024
 10
453.01800000000003
 20
146.15999999999997
  0
LWPOLYLINE
  5
62E
330
17
100
AcDbEntity
  8
POLYLINES
100
AcDbPolyline
 90
3
 70
0
 10
462.66599999999994
 20
148.60799999999995
 10
463.962
 20
146.30399999999997
 10
463.962
 20
148.75199999999995
  0
LWPOLYLINE
  5
62F
330
17
100
AcDbEntity
  8
POLYLINES
100
AcDbPolyline
 90
3
 70
0
 10
461.658
 20
156.52800000000002
 10
461.946
 20
151.05600000000004
 10
462.66599999999994
 20
148.60799999999995
  0
LWPOLYLINE
  5
630
330
17
100
AcDbEntity
  8
POLYLINES
100
AcDbPolyline
 90
3
 70
0
 10
463.38599999999997
 20
151.05600000000004
 10
462.52200000000005
 20
149.32799999999997
 10
460.65
 20
147.024
  0
LWPOLYLINE
  5
631
330
17
100
AcDbEntity
  8
POLYLINES
100
AcDbPolyline
 90
3
 70
0
 10
467.418
 20
151.63199999999995
 10
466.40999999999997
 20
149.904
 10
464.682
 20
147.60000000000002
  0
LWPOLYLINE
  5
632
330
17
100
AcDbEntity
  8
POLYLINES
100
AcDbPolyline
 90
3
 70
0
 10
467.418
 20
151.48800000000006
 10
469.14599999999996
 20
147.024
 10
470.298
 20
147.024
  0
LWPOLYLINE
  5
633
330
17
100
AcDbEntity
  8
POLYLINES
100
AcDbPolyline
 90
3
 70
0
 10
473.754
 20
151.91999999999996
 10
473.754
 20
146.44799999999998
 10
472.89
 20
148.03199999999993
  0
LWPOLYLINE
  5
634
330
17
100
AcDbEntity
  8
POLYLINES
100
AcDbPolyline
 90
5
 70
0
 10
477.92999999999995
 20
153.79200000000003
 10
477.92999999999995
 20
147.60000000000002
 10
478.36199999999997
 20
146.736
 10
481.53
 20
146.736
 10
481.53
 20
149.03999999999996
  0
LWPOLYLINE
  5
635
330
17
100
AcDbEntity
  8
POLYLINES
100
AcDbPolyline
 90
3
 70
0
 10
485.274
 20
152.784
 10
484.554
 20
149.18399999999997
 10
483.11400000000003
 20
146.30399999999997
  0
LWPOLYLINE
  5
636
330
17
100
AcDbEntity
  8
POLYLINES
100
AcDbPolyline
 90
5
 70
0
 10
492.18600000000004
 20
156.81600000000003
 10
492.47400000000005
 20
152.06399999999996
 10
492.90599999999995
 20
148.89599999999996
 10
494.202
 20
146.01599999999996
 10
494.058
 20
148.46399999999994
  0
LWPOLYLINE
  5
637
330
17
100
AcDbEntity
  8
POLYLINES
100
AcDbPolyline
 90
3
 70
0
 10
493.48199999999997
 20
152.49599999999998
 10
492.76199999999994
 20
149.03999999999996
 10
491.034
 20
146.30399999999997
  0
LWPOLYLINE
  5
638
330
17
100
AcDbEntity
  8
POLYLINES
100
AcDbPolyline
 90
3
 70
0
 10
503.418
 20
152.784
 10
502.698
 20
149.18399999999997
 10
501.25800000000004
 20
146.30399999999997
  0
LWPOLYLINE
  5
639
330
17
100
AcDbEntity
  8
POLYLINES
100
AcDbPolyline
 90
4
 70
0
 10
511.77
 20
152.64
 10
512.49
 20
150.91200000000003
 10
512.49
 20
149.61599999999999
 10
512.058
 20
148.31999999999994
  0
LWPOLYLINE
  5
63A
330
17
100
AcDbEntity
  8
POLYLINES
100
AcDbPolyline
 90
3
 70
0
 10
516.6659999999999
 20
148.03199999999993
 10
516.378
 20
146.30399999999997
 10
515.658
 20
147.60000000000002
  0
LWPOLYLINE
  5
63B
330
17
100
AcDbEntity
  8
POLYLINES
100
AcDbPolyline
 90
3
 70
0
 10
517.098
 20
153.64800000000002
 10
517.962
 20
150.91200000000003
 10
518.682
 20
150.91200000000003
  0
LWPOLYLINE
  5
63C
330
17
100
AcDbEntity
  8
POLYLINES
100
AcDbPolyline
 90
3
 70
0
 10
515.514
 20
154.36799999999994
 10
514.506
 20
152.20799999999997
 10
513.354
 20
150.192
  0
LWPOLYLINE
  5
63D
330
17
100
AcDbEntity
  8
POLYLINES
100
AcDbPolyline
 90
3
 70
0
 10
515.658
 20
150.91200000000003
 10
515.082
 20
148.03199999999993
 10
513.786
 20
146.15999999999997
  0
LWPOLYLINE
  5
63E
330
17
100
AcDbEntity
  8
POLYLINES
100
AcDbPolyline
 90
5
 70
0
 10
520.554
 20
149.18399999999997
 10
520.554
 20
148.60799999999995
 10
520.266
 20
148.03199999999993
 10
519.834
 20
147.60000000000002
 10
519.402
 20
147.45600000000002
  0
LWPOLYLINE
  5
63F
330
17
100
AcDbEntity
  8
POLYLINES
100
AcDbPolyline
 90
3
 70
0
 10
519.74404752
 20
149.32367999999997
 10
520.122
 20
148.85123904
 10
520.4999524799999
 20
149.32367999999997
  0
LWPOLYLINE
  5
640
330
17
100
AcDbEntity
  8
POLYLINES
100
AcDbPolyline
 90
3
 70
0
 10
520.4999524799999
 20
149.32367999999997
 10
520.122
 20
149.79612096000005
 10
519.74404752
 20
149.32367999999997
  0
LWPOLYLINE
  5
641
330
17
100
AcDbEntity
  8
POLYLINES
100
AcDbPolyline
 90
3
 70
0
 10
520.4054639999999
 20
149.32367999999997
 10
520.122
 20
149.67801071999997
 10
519.838536
 20
149.32367999999997
  0
LWPOLYLINE
  5
642
330
17
100
AcDbEntity
  8
POLYLINES
100
AcDbPolyline
 90
3
 70
0
 10
519.838536
 20
149.32367999999997
 10
520.122
 20
148.96934927999996
 10
520.4054639999999
 20
149.32367999999997
  0
LWPOLYLINE
  5
643
330
17
100
AcDbEntity
  8
POLYLINES
100
AcDbPolyline
 90
3
 70
0
 10
520.31097696
 20
149.32367999999997
 10
520.122
 20
149.55990048
 10
519.93302304
 20
149.32367999999997
  0
LWPOLYLINE
  5
644
330
17
100
AcDbEntity
  8
POLYLINES
100
AcDbPolyline
 90
3
 70
0
 10
519.93302304
 20
149.32367999999997
 10
520.122
 20
149.08745952000004
 10
520.31097696
 20
149.32367999999997
  0
LWPOLYLINE
  5
645
330
17
100
AcDbEntity
  8
POLYLINES
100
AcDbPolyline
 90
4
 70
0
 10
526.458
 20
154.36799999999994
 10
526.314
 20
151.34400000000005
 10
526.17
 20
149.18399999999997
 10
525.45
 20
146.01599999999996
  0
LWPOLYLINE
  5
646
330
17
100
AcDbEntity
  8
POLYLINES
100
AcDbPolyline
 90
5
 70
0
 10
528.042
 20
153.64800000000002
 10
528.042
 20
151.63199999999995
 10
528.4739999999999
 20
151.05600000000004
 10
529.914
 20
151.34400000000005
 10
529.914
 20
152.49599999999998
  0
LWPOLYLINE
  5
647
330
17
100
AcDbEntity
  8
POLYLINES
100
AcDbPolyline
 90
3
 70
0
 10
535.242
 20
148.60799999999995
 10
536.538
 20
146.30399999999997
 10
536.538
 20
148.75199999999995
  0
LWPOLYLINE
  5
648
330
17
100
AcDbEntity
  8
POLYLINES
100
AcDbPolyline
 90
3
 70
0
 10
534.234
 20
156.52800000000002
 10
534.5219999999999
 20
151.05600000000004
 10
535.242
 20
148.60799999999995
  0
LWPOLYLINE
  5
649
330
17
100
AcDbEntity
  8
POLYLINES
100
AcDbPolyline
 90
3
 70
0
 10
535.962
 20
151.05600000000004
 10
535.098
 20
149.32799999999997
 10
533.226
 20
147.024
  0
LWPOLYLINE
  5
64A
330
17
100
AcDbEntity
  8
POLYLINES
100
AcDbPolyline
 90
3
 70
0
 10
539.994
 20
151.63199999999995
 10
538.986
 20
149.904
 10
537.258
 20
147.60000000000002
  0
LWPOLYLINE
  5
64B
330
17
100
AcDbEntity
  8
POLYLINES
100
AcDbPolyline
 90
3
 70
0
 10
539.994
 20
151.48800000000006
 10
541.722
 20
147.024
 10
542.73
 20
147.024
  0
LWPOLYLINE
  5
64C
330
17
100
AcDbEntity
  8
POLYLINES
100
AcDbPolyline
 90
3
 70
0
 10
546.33
 20
151.91999999999996
 10
546.33
 20
146.44799999999998
 10
545.466
 20
148.03199999999993
  0
LWPOLYLINE
  5
64D
330
17
100
AcDbEntity
  8
POLYLINES
100
AcDbPolyline
 90
3
 70
0
 10
552.09
 20
153.50400000000002
 10
551.082
 20
150.76800000000003
 10
549.6419999999999
 20
147.88799999999992
  0
LWPOLYLINE
  5
64E
330
17
100
AcDbEntity
  8
POLYLINES
100
AcDbPolyline
 90
3
 70
0
 10
552.378
 20
153.50400000000002
 10
554.25
 20
148.31999999999994
 10
554.97
 20
148.31999999999994
  0
LWPOLYLINE
  5
64F
330
17
100
AcDbEntity
  8
POLYLINES
100
AcDbPolyline
 90
3
 70
0
 10
560.586
 20
155.808
 10
560.586
 20
146.15999999999997
 10
559.866
 20
147.024
  0
LWPOLYLINE
  5
650
330
17
100
AcDbEntity
  8
POLYLINES
100
AcDbPolyline
 90
4
 70
0
 10
565.05
 20
155.51999999999998
 10
564.762
 20
149.904
 10
564.6179999999999
 20
148.46399999999994
 10
564.186
 20
146.736
  0
LWPOLYLINE
  5
651
330
17
100
AcDbEntity
  8
POLYLINES
100
AcDbPolyline
 90
3
 70
0
 10
563.178
 20
152.20799999999997
 10
563.178
 20
146.59199999999998
 10
562.602
 20
147.60000000000002
  0
LWPOLYLINE
  5
652
330
17
100
AcDbEntity
  8
POLYLINES
100
AcDbPolyline
 90
3
 70
0
 10
569.946
 20
152.784
 10
569.226
 20
149.18399999999997
 10
567.786
 20
146.30399999999997
  0
LWPOLYLINE
  5
653
330
17
100
AcDbEntity
  8
POLYLINES
100
AcDbPolyline
 90
4
 70
0
 10
578.298
 20
152.64
 10
579.018
 20
150.91200000000003
 10
579.018
 20
149.61599999999999
 10
578.586
 20
148.31999999999994
  0
LWPOLYLINE
  5
654
330
17
100
AcDbEntity
  8
POLYLINES
100
AcDbPolyline
 90
3
 70
0
 10
583.194
 20
148.03199999999993
 10
582.906
 20
146.30399999999997
 10
582.186
 20
147.60000000000002
  0
LWPOLYLINE
  5
655
330
17
100
AcDbEntity
  8
POLYLINES
100
AcDbPolyline
 90
3
 70
0
 10
583.626
 20
153.64800000000002
 10
584.49
 20
150.91200000000003
 10
585.066
 20
150.91200000000003
  0
LWPOLYLINE
  5
656
330
17
100
AcDbEntity
  8
POLYLINES
100
AcDbPolyline
 90
3
 70
0
 10
582.042
 20
154.36799999999994
 10
581.034
 20
152.20799999999997
 10
579.882
 20
150.192
  0
LWPOLYLINE
  5
657
330
17
100
AcDbEntity
  8
POLYLINES
100
AcDbPolyline
 90
3
 70
0
 10
582.186
 20
150.91200000000003
 10
581.61
 20
148.03199999999993
 10
580.314
 20
146.15999999999997
  0
LWPOLYLINE
  5
658
330
17
100
AcDbEntity
  8
POLYLINES
100
AcDbPolyline
 90
3
 70
0
 10
586.4522620800001
 20
148.02480000000003
 10
587.11368
 20
147.19802832000005
 10
587.77509792
 20
148.02480000000003
  0
LWPOLYLINE
  5
659
330
17
100
AcDbEntity
  8
POLYLINES
100
AcDbPolyline
 90
3
 70
0
 10
587.77509792
 20
148.02480000000003
 10
587.11368
 20
148.85157168
 10
586.4522620800001
 20
148.02480000000003
  0
LWPOLYLINE
  5
65A
330
17
100
AcDbEntity
  8
POLYLINES
100
AcDbPolyline
 90
3
 70
0
 10
587.86958496
 20
148.02480000000003
 10
587.11368
 20
148.96968191999997
 10
586.3577750400001
 20
148.02480000000003
  0
LWPOLYLINE
  5
65B
330
17
100
AcDbEntity
  8
POLYLINES
100
AcDbPolyline
 90
3
 70
0
 10
586.3577750400001
 20
148.02480000000003
 10
587.11368
 20
147.07991807999997
 10
587.86958496
 20
148.02480000000003
  0
LWPOLYLINE
  5
65C
330
17
100
AcDbEntity
  8
POLYLINES
100
AcDbPolyline
 90
14
 70
0
 10
296.49
 20
135.93599999999992
 10
296.49
 20
136.36799999999994
 10
296.922
 20
137.51999999999998
 10
297.35400000000004
 20
138.096
 10
298.21799999999996
 20
138.52800000000002
 10
299.946
 20
138.52800000000002
 10
300.81000000000006
 20
138.096
 10
301.24199999999996
 20
137.51999999999998
 10
301.674
 20
136.36799999999994
 10
301.674
 20
135.36
 10
301.24199999999996
 20
134.20799999999997
 10
300.37800000000004
 20
132.62400000000002
 10
296.058
 20
127.29600000000005
 10
302.106
 20
127.29600000000005
  0
LWPOLYLINE
  5
65D
330
17
100
AcDbEntity
  8
POLYLINES
100
AcDbPolyline
 90
3
 70
0
 10
313.77
 20
134.49599999999998
 10
312.61800000000005
 20
131.904
 10
311.178
 20
129.024
  0
LWPOLYLINE
  5
65E
330
17
100
AcDbEntity
  8
POLYLINES
100
AcDbPolyline
 90
3
 70
0
 10
314.058
 20
134.49599999999998
 10
315.78600000000006
 20
129.45600000000002
 10
316.506
 20
129.45600000000002
  0
LWPOLYLINE
  5
65F
330
17
100
AcDbEntity
  8
POLYLINES
100
AcDbPolyline
 90
3
 70
0
 10
322.26599999999996
 20
136.94399999999996
 10
322.26599999999996
 20
127.29600000000005
 10
321.40200000000004
 20
128.15999999999997
  0
LWPOLYLINE
  5
660
330
17
100
AcDbEntity
  8
POLYLINES
100
AcDbPolyline
 90
4
 70
0
 10
326.586
 20
136.65599999999995
 10
326.442
 20
131.03999999999996
 10
326.154
 20
129.60000000000002
 10
325.866
 20
127.87199999999996
  0
LWPOLYLINE
  5
661
330
17
100
AcDbEntity
  8
POLYLINES
100
AcDbPolyline
 90
3
 70
0
 10
324.71400000000006
 20
133.34400000000005
 10
324.71400000000006
 20
127.72799999999995
 10
324.13800000000003
 20
128.736
  0
LWPOLYLINE
  5
662
330
17
100
AcDbEntity
  8
POLYLINES
100
AcDbPolyline
 90
3
 70
0
 10
331.48199999999997
 20
133.91999999999996
 10
330.76200000000006
 20
130.31999999999994
 10
329.322
 20
127.29600000000005
  0
LWPOLYLINE
  5
663
330
17
100
AcDbEntity
  8
POLYLINES
100
AcDbPolyline
 90
3
 70
0
 10
339.25800000000004
 20
135.50400000000002
 10
336.95399999999995
 20
132.62400000000002
 10
335.37
 20
131.18399999999997
  0
LWPOLYLINE
  5
664
330
17
100
AcDbEntity
  8
POLYLINES
100
AcDbPolyline
 90
3
 70
0
 10
345.88199999999995
 20
137.51999999999998
 10
345.88199999999995
 20
127.43999999999994
 10
345.01800000000003
 20
129.024
  0
LWPOLYLINE
  5
665
330
17
100
AcDbEntity
  8
POLYLINES
100
AcDbPolyline
 90
3
 70
0
 10
347.034
 20
127.29600000000005
 10
350.49
 20
138.52800000000002
 10
353.946
 20
127.29600000000005
  0
LWPOLYLINE
  5
666
330
17
100
AcDbEntity
  8
POLYLINES
100
AcDbPolyline
 90
4
 70
0
 10
356.538
 20
136.36799999999994
 10
357.40200000000004
 20
136.94399999999996
 10
358.698
 20
138.52800000000002
 10
358.698
 20
127.29600000000005
  0
LWPOLYLINE
  5
667
330
17
100
AcDbEntity
  8
POLYLINES
100
AcDbPolyline
 90
3
 70
0
 10
378.57000000000005
 20
133.91999999999996
 10
378.28200000000004
 20
132.48000000000002
 10
377.418
 20
130.17599999999993
  0
LWPOLYLINE
  5
668
330
17
100
AcDbEntity
  8
POLYLINES
100
AcDbPolyline
 90
3
 70
0
 10
380.73
 20
137.808
 10
380.73
 20
127.29600000000005
 10
379.866
 20
128.88
  0
LWPOLYLINE
  5
669
330
17
100
AcDbEntity
  8
POLYLINES
100
AcDbPolyline
 90
3
 70
0
 10
385.19399999999996
 20
131.76
 10
386.634
 20
128.44799999999998
 10
387.35400000000004
 20
128.44799999999998
  0
LWPOLYLINE
  5
66A
330
17
100
AcDbEntity
  8
POLYLINES
100
AcDbPolyline
 90
4
 70
0
 10
385.04999999999995
 20
131.904
 10
385.04999999999995
 20
129.60000000000002
 10
384.90599999999995
 20
127.29600000000005
 10
383.898
 20
128.30399999999997
  0
LWPOLYLINE
  5
66B
330
17
100
AcDbEntity
  8
POLYLINES
100
AcDbPolyline
 90
3
 70
0
 10
385.04999999999995
 20
131.18399999999997
 10
383.754
 20
129.74400000000003
 10
382.02599999999995
 20
128.01599999999996
  0
LWPOLYLINE
  5
66C
330
17
100
AcDbEntity
  8
POLYLINES
100
AcDbPolyline
 90
3
 70
0
 10
392.538
 20
130.89599999999996
 10
391.818
 20
127.15200000000004
 10
391.09799999999996
 20
128.59199999999998
  0
LWPOLYLINE
  5
66D
330
17
100
AcDbEntity
  8
POLYLINES
100
AcDbPolyline
 90
12
 70
0
 10
393.69000000000005
 20
130.46399999999994
 10
393.69000000000005
 20
131.61599999999999
 10
394.12199999999996
 20
133.20000000000005
 10
394.986
 20
133.77599999999995
 10
395.85
 20
133.77599999999995
 10
396.71400000000006
 20
133.20000000000005
 10
398.442
 20
131.61599999999999
 10
399.30600000000004
 20
131.03999999999996
 10
400.16999999999996
 20
131.03999999999996
 10
401.034
 20
131.61599999999999
 10
401.466
 20
132.62400000000002
 10
401.466
 20
133.77599999999995
  0
LWPOLYLINE
  5
66E
330
17
100
AcDbEntity
  8
POLYLINES
100
AcDbPolyline
 90
5
 70
0
 10
409.09799999999996
 20
137.808
 10
409.09799999999996
 20
128.15999999999997
 10
409.53
 20
127.72799999999995
 10
410.682
 20
127.72799999999995
 10
410.538
 20
129.88799999999992
  0
LWPOLYLINE
  5
66F
330
17
100
AcDbEntity
  8
POLYLINES
100
AcDbPolyline
 90
4
 70
0
 10
408.23400000000004
 20
131.18399999999997
 10
408.09000000000003
 20
129.88799999999992
 10
407.658
 20
128.44799999999998
 10
407.082
 20
127.29600000000005
  0
LWPOLYLINE
  5
670
330
17
100
AcDbEntity
  8
POLYLINES
100
AcDbPolyline
 90
3
 70
0
 10
418.602
 20
128.59199999999998
 10
421.33799999999997
 20
128.88
 10
421.914
 20
128.01599999999996
  0
LWPOLYLINE
  5
671
330
17
100
AcDbEntity
  8
POLYLINES
100
AcDbPolyline
 90
4
 70
0
 10
419.754
 20
136.51199999999994
 10
419.754
 20
133.20000000000005
 10
419.466
 20
131.47199999999998
 10
418.602
 20
130.31999999999994
  0
LWPOLYLINE
  5
672
330
17
100
AcDbEntity
  8
POLYLINES
100
AcDbPolyline
 90
4
 70
0
 10
420.61800000000005
 20
136.51199999999994
 10
420.61800000000005
 20
131.47199999999998
 10
420.90599999999995
 20
131.18399999999997
 10
421.626
 20
131.18399999999997
  0
LWPOLYLINE
  5
673
330
17
100
AcDbEntity
  8
POLYLINES
100
AcDbPolyline
 90
12
 70
0
 10
423.06600000000003
 20
130.46399999999994
 10
423.06600000000003
 20
131.61599999999999
 10
423.49800000000005
 20
133.20000000000005
 10
424.36199999999997
 20
133.77599999999995
 10
425.226
 20
133.77599999999995
 10
426.09000000000003
 20
133.20000000000005
 10
427.818
 20
131.61599999999999
 10
428.682
 20
131.03999999999996
 10
429.54600000000005
 20
131.03999999999996
 10
430.40999999999997
 20
131.61599999999999
 10
430.842
 20
132.62400000000002
 10
430.842
 20
133.77599999999995
  0
LWPOLYLINE
  5
674
330
17
100
AcDbEntity
  8
POLYLINES
100
AcDbPolyline
 90
5
 70
0
 10
438.47400000000005
 20
137.808
 10
438.47400000000005
 20
128.15999999999997
 10
438.90599999999995
 20
127.72799999999995
 10
440.058
 20
127.72799999999995
 10
439.914
 20
129.88799999999992
  0
LWPOLYLINE
  5
675
330
17
100
AcDbEntity
  8
POLYLINES
100
AcDbPolyline
 90
4
 70
0
 10
437.61
 20
131.18399999999997
 10
437.466
 20
129.88799999999992
 10
437.034
 20
128.44799999999998
 10
436.45799999999997
 20
127.29600000000005
  0
LWPOLYLINE
  5
676
330
17
100
AcDbEntity
  8
POLYLINES
100
AcDbPolyline
 90
3
 70
0
 10
442.506
 20
133.91999999999996
 10
442.21799999999996
 20
132.48000000000002
 10
440.778
 20
129.88799999999992
  0
LWPOLYLINE
  5
677
330
17
100
AcDbEntity
  8
POLYLINES
100
AcDbPolyline
 90
5
 70
0
 10
443.658
 20
133.91999999999996
 10
443.658
 20
128.15999999999997
 10
444.09000000000003
 20
127.58399999999995
 10
445.818
 20
127.58399999999995
 10
445.674
 20
129.88799999999992
  0
LWPOLYLINE
  5
678
330
17
100
AcDbEntity
  8
POLYLINES
100
AcDbPolyline
 90
3
 70
0
 10
442.938
 20
130.03199999999993
 10
443.802
 20
130.89599999999996
 10
445.24199999999996
 20
133.63199999999995
  0
LWPOLYLINE
  5
679
330
17
100
AcDbEntity
  8
POLYLINES
100
AcDbPolyline
 90
20
 70
0
 10
458.49
 20
136.94399999999996
 10
457.626
 20
138.096
 10
456.33000000000004
 20
138.52800000000002
 10
454.602
 20
138.52800000000002
 10
453.30600000000004
 20
138.096
 10
452.442
 20
136.94399999999996
 10
452.442
 20
135.93599999999992
 10
452.874
 20
134.784
 10
453.30600000000004
 20
134.20799999999997
 10
454.16999999999996
 20
133.77599999999995
 10
456.76199999999994
 20
132.62400000000002
 10
457.626
 20
132.048
 10
458.058
 20
131.61599999999999
 10
458.49
 20
130.46399999999994
 10
458.49
 20
128.88
 10
457.626
 20
127.72799999999995
 10
456.33000000000004
 20
127.29600000000005
 10
454.602
 20
127.29600000000005
 10
453.30600000000004
 20
127.72799999999995
 10
452.442
 20
128.88
  0
LWPOLYLINE
  5
67A
330
17
100
AcDbEntity
  8
POLYLINES
100
AcDbPolyline
 90
5
 70
0
 10
468.85799999999995
 20
127.29600000000005
 10
468.85799999999995
 20
138.52800000000002
 10
472.31399999999996
 20
127.29600000000005
 10
475.77
 20
138.52800000000002
 10
475.77
 20
127.29600000000005
  0
LWPOLYLINE
  5
67B
330
17
100
AcDbEntity
  8
POLYLINES
100
AcDbPolyline
 90
4
 70
0
 10
490.31399999999996
 20
136.36799999999994
 10
491.178
 20
136.94399999999996
 10
492.47400000000005
 20
138.52800000000002
 10
492.47400000000005
 20
127.29600000000005
  0
LWPOLYLINE
  5
67C
330
17
100
AcDbEntity
  8
POLYLINES
100
AcDbPolyline
 90
23
 70
0
 10
502.40999999999997
 20
136.94399999999996
 10
501.97799999999995
 20
138.096
 10
500.682
 20
138.52800000000002
 10
499.818
 20
138.52800000000002
 10
498.52199999999993
 20
138.096
 10
497.658
 20
136.36799999999994
 10
497.226
 20
133.77599999999995
 10
497.226
 20
131.03999999999996
 10
497.658
 20
128.88
 10
498.52199999999993
 20
127.72799999999995
 10
499.818
 20
127.29600000000005
 10
500.25
 20
127.29600000000005
 10
501.54599999999994
 20
127.72799999999995
 10
502.40999999999997
 20
128.88
 10
502.842
 20
130.46399999999994
 10
502.842
 20
131.03999999999996
 10
502.40999999999997
 20
132.62400000000002
 10
501.54599999999994
 20
133.77599999999995
 10
500.25
 20
134.20799999999997
 10
499.818
 20
134.20799999999997
 10
498.52199999999993
 20
133.77599999999995
 10
497.658
 20
132.62400000000002
 10
497.226
 20
131.03999999999996
  0
LWPOLYLINE
  5
67D
330
17
100
AcDbEntity
  8
POLYLINES
100
AcDbPolyline
 90
4
 70
0
 10
509.466
 20
133.34400000000005
 10
509.466
 20
128.01599999999996
 10
509.898
 20
127.58399999999995
 10
511.48199999999997
 20
127.58399999999995
  0
LINE
  5
67E
330
17
100
AcDbEntity
  8
LINES
100
AcDbLine
 10
506.802
 20
127.72800000000007
 30
0.0
 11
508.45799999999997
 21
131.76
 31
0.0
  0
LWPOLYLINE
  5
67F
330
17
100
AcDbEntity
  8
POLYLINES
100
AcDbPolyline
 90
3
 70
0
 10
523.29
 20
135.36
 10
523.002
 20
129.024
 10
522.426
 20
130.17599999999993
  0
LWPOLYLINE
  5
680
330
17
100
AcDbEntity
  8
POLYLINES
100
AcDbPolyline
 90
3
 70
0
 10
518.682
 20
129.45600000000002
 10
519.834
 20
129.312
 10
523.29
 20
127.43999999999994
  0
LWPOLYLINE
  5
681
330
17
100
AcDbEntity
  8
POLYLINES
100
AcDbPolyline
 90
4
 70
0
 10
520.266
 20
133.91999999999996
 10
519.978
 20
131.904
 10
520.266
 20
130.89599999999996
 10
519.834
 20
129.312
  0
LWPOLYLINE
  5
682
330
17
100
AcDbEntity
  8
POLYLINES
100
AcDbPolyline
 90
7
 70
0
 10
533.082
 20
137.808
 10
533.082
 20
128.736
 10
533.082
 20
128.30399999999997
 10
533.37
 20
128.01599999999996
 10
533.802
 20
127.58399999999995
 10
535.818
 20
127.72799999999995
 10
535.674
 20
130.03199999999993
  0
LWPOLYLINE
  5
683
330
17
100
AcDbEntity
  8
POLYLINES
100
AcDbPolyline
 90
3
 70
0
 10
539.418
 20
134.928
 10
541.434
 20
131.32799999999997
 10
541.866
 20
131.32799999999997
  0
LWPOLYLINE
  5
684
330
17
100
AcDbEntity
  8
POLYLINES
100
AcDbPolyline
 90
3
 70
0
 10
547.6045295999999
 20
136.80467999999996
 10
547.3287839999999
 20
128.98671839999997
 10
547.6990079999999
 20
128.53696319999995
  0
LWPOLYLINE
  5
685
330
17
100
AcDbEntity
  8
POLYLINES
100
AcDbPolyline
 90
4
 70
0
 10
551.802
 20
133.34400000000005
 10
551.802
 20
128.01599999999996
 10
552.234
 20
127.58399999999995
 10
553.818
 20
127.58399999999995
  0
LINE
  5
686
330
17
100
AcDbEntity
  8
LINES
100
AcDbLine
 10
549.1379999999999
 20
127.72800000000007
 30
0.0
 11
550.722
 21
131.76
 31
0.0
  0
LWPOLYLINE
  5
687
330
17
100
AcDbEntity
  8
POLYLINES
100
AcDbPolyline
 90
3
 70
0
 10
562.026
 20
137.808
 10
562.026
 20
127.29600000000005
 10
561.018
 20
128.736
  0
LWPOLYLINE
  5
688
330
17
100
AcDbEntity
  8
POLYLINES
100
AcDbPolyline
 90
3
 70
0
 10
564.042
 20
134.784
 10
563.466
 20
130.60799999999995
 10
565.626
 20
127.58399999999995
  0
LWPOLYLINE
  5
689
330
17
100
AcDbEntity
  8
POLYLINES
100
AcDbPolyline
 90
4
 70
0
 10
564.906
 20
132.192
 10
564.4739999999999
 20
130.46399999999994
 10
563.898
 20
129.024
 10
562.602
 20
127.15200000000004
  0
LWPOLYLINE
  5
68A
330
17
100
AcDbEntity
  8
POLYLINES
100
AcDbPolyline
 90
4
 70
0
 10
566.346
 20
136.36799999999994
 10
567.21
 20
136.94399999999996
 10
568.506
 20
138.52800000000002
 10
568.506
 20
127.29600000000005
  0
LWPOLYLINE
  5
68B
330
17
100
AcDbEntity
  8
POLYLINES
100
AcDbPolyline
 90
17
 70
0
 10
587.082
 20
138.52800000000002
 10
585.786
 20
138.096
 10
584.922
 20
136.36799999999994
 10
584.49
 20
133.77599999999995
 10
584.49
 20
132.048
 10
584.922
 20
129.45600000000002
 10
585.786
 20
127.72799999999995
 10
587.082
 20
127.29600000000005
 10
587.946
 20
127.29600000000005
 10
589.242
 20
127.72799999999995
 10
590.106
 20
129.45600000000002
 10
590.538
 20
132.048
 10
590.538
 20
133.77599999999995
 10
590.106
 20
136.36799999999994
 10
589.242
 20
138.096
 10
587.946
 20
138.52800000000002
 10
587.082
 20
138.52800000000002
  0
LWPOLYLINE
  5
68C
330
17
100
AcDbEntity
  8
POLYLINES
100
AcDbPolyline
 90
3
 70
0
 10
597.306
 20
128.59199999999998
 10
598.89
 20
128.736
 10
598.746
 20
130.89599999999996
  0
LWPOLYLINE
  5
68D
330
17
100
AcDbEntity
  8
POLYLINES
100
AcDbPolyline
 90
3
 70
0
 10
596.73
 20
133.63199999999995
 10
596.73
 20
129.312
 10
597.306
 20
128.59199999999998
  0
LWPOLYLINE
  5
68E
330
17
100
AcDbEntity
  8
POLYLINES
100
AcDbPolyline
 90
3
 70
0
 10
594.7139999999999
 20
136.51199999999994
 10
594.7139999999999
 20
133.77599999999995
 10
594.4259999999999
 20
131.47199999999998
  0
LWPOLYLINE
  5
68F
330
17
100
AcDbEntity
  8
POLYLINES
100
AcDbPolyline
 90
3
 70
0
 10
605.943552
 20
128.53696319999995
 10
606.3978432
 20
136.34189279999998
 10
606.0380304
 20
136.80467999999996
  0
LWPOLYLINE
  5
690
330
17
100
AcDbEntity
  8
POLYLINES
100
AcDbPolyline
 90
5
 70
0
 10
613.002
 20
130.31999999999994
 10
613.002
 20
129.74400000000003
 10
612.7139999999999
 20
129.168
 10
612.282
 20
128.59199999999998
 10
611.85
 20
128.59199999999998
  0
LWPOLYLINE
  5
691
330
17
100
AcDbEntity
  8
POLYLINES
100
AcDbPolyline
 90
3
 70
0
 10
612.18052752
 20
130.42670399999997
 10
612.55848
 20
129.95426304
 10
612.93643248
 20
130.42670399999997
  0
LWPOLYLINE
  5
692
330
17
100
AcDbEntity
  8
POLYLINES
100
AcDbPolyline
 90
3
 70
0
 10
612.93643248
 20
130.42670399999997
 10
612.55848
 20
130.89914496000006
 10
612.18052752
 20
130.42670399999997
  0
LWPOLYLINE
  5
693
330
17
100
AcDbEntity
  8
POLYLINES
100
AcDbPolyline
 90
3
 70
0
 10
612.841944
 20
130.42670399999997
 10
612.55848
 20
130.78103471999998
 10
612.275016
 20
130.42670399999997
  0
LWPOLYLINE
  5
694
330
17
100
AcDbEntity
  8
POLYLINES
100
AcDbPolyline
 90
3
 70
0
 10
612.275016
 20
130.42670399999997
 10
612.55848
 20
130.07237327999997
 10
612.841944
 20
130.42670399999997
  0
LWPOLYLINE
  5
695
330
17
100
AcDbEntity
  8
POLYLINES
100
AcDbPolyline
 90
3
 70
0
 10
612.74745696
 20
130.42670399999997
 10
612.55848
 20
130.66292448000002
 10
612.36950304
 20
130.42670399999997
  0
LWPOLYLINE
  5
696
330
17
100
AcDbEntity
  8
POLYLINES
100
AcDbPolyline
 90
3
 70
0
 10
612.36950304
 20
130.42670399999997
 10
612.55848
 20
130.19048352000004
 10
612.74745696
 20
130.42670399999997
  0
LWPOLYLINE
  5
697
330
17
100
AcDbEntity
  8
POLYLINES
100
AcDbPolyline
 90
4
 70
0
 10
621.21
 20
137.808
 10
620.922
 20
134.784
 10
620.058
 20
131.904
 10
619.338
 20
130.03199999999993
  0
LWPOLYLINE
  5
698
330
17
100
AcDbEntity
  8
POLYLINES
100
AcDbPolyline
 90
3
 70
0
 10
621.3539999999999
 20
131.47199999999998
 10
622.65
 20
127.43999999999994
 10
623.082
 20
127.43999999999994
  0
LWPOLYLINE
  5
699
330
17
100
AcDbEntity
  8
POLYLINES
100
AcDbPolyline
 90
4
 70
0
 10
621.4979999999999
 20
131.904
 10
620.922
 20
129.168
 10
620.058
 20
127.72799999999995
 10
619.626
 20
127.29600000000005
  0
LWPOLYLINE
  5
69A
330
17
100
AcDbEntity
  8
POLYLINES
100
AcDbPolyline
 90
3
 70
0
 10
625.53
 20
130.60799999999995
 10
628.266
 20
127.43999999999994
 10
629.274
 20
127.58399999999995
  0
LWPOLYLINE
  5
69B
330
17
100
AcDbEntity
  8
POLYLINES
100
AcDbPolyline
 90
3
 70
0
 10
626.25
 20
132.62400000000002
 10
625.53
 20
131.18399999999997
 10
624.3779999999999
 20
129.45600000000002
  0
LWPOLYLINE
  5
69C
330
17
100
AcDbEntity
  8
POLYLINES
100
AcDbPolyline
 90
4
 70
0
 10
628.122
 20
131.904
 10
627.258
 20
129.88799999999992
 10
625.818
 20
128.44799999999998
 10
623.946
 20
127.29600000000005
  0
LWPOLYLINE
  5
69D
330
17
100
AcDbEntity
  8
POLYLINES
100
AcDbPolyline
 90
3
 70
0
 10
625.962
 20
137.808
 10
625.53
 20
136.07999999999993
 10
624.234
 20
133.63199999999995
  0
LWPOLYLINE
  5
69E
330
17
100
AcDbEntity
  8
POLYLINES
100
AcDbPolyline
 90
12
 70
0
 10
641.514
 20
130.46399999999994
 10
641.514
 20
131.61599999999999
 10
641.946
 20
133.20000000000005
 10
642.81
 20
133.77599999999995
 10
643.674
 20
133.77599999999995
 10
644.538
 20
133.20000000000005
 10
646.266
 20
131.61599999999999
 10
647.13
 20
131.03999999999996
 10
647.994
 20
131.03999999999996
 10
648.858
 20
131.61599999999999
 10
649.29
 20
132.62400000000002
 10
649.29
 20
133.77599999999995
  0
LWPOLYLINE
  5
69F
330
17
100
AcDbEntity
  8
POLYLINES
100
AcDbPolyline
 90
5
 70
0
 10
657.066
 20
137.808
 10
657.066
 20
128.15999999999997
 10
657.4979999999999
 20
127.72799999999995
 10
658.65
 20
127.72799999999995
 10
658.506
 20
129.88799999999992
  0
LWPOLYLINE
  5
6A0
330
17
100
AcDbEntity
  8
POLYLINES
100
AcDbPolyline
 90
4
 70
0
 10
656.202
 20
131.18399999999997
 10
656.058
 20
129.88799999999992
 10
655.482
 20
128.44799999999998
 10
654.906
 20
127.29600000000005
  0
LWPOLYLINE
  5
6A1
330
17
100
AcDbEntity
  8
POLYLINES
100
AcDbPolyline
 90
3
 70
0
 10
661.098
 20
133.91999999999996
 10
660.6659999999999
 20
132.48000000000002
 10
659.37
 20
129.88799999999992
  0
LWPOLYLINE
  5
6A2
330
17
100
AcDbEntity
  8
POLYLINES
100
AcDbPolyline
 90
5
 70
0
 10
662.25
 20
133.91999999999996
 10
662.25
 20
128.15999999999997
 10
662.682
 20
127.58399999999995
 10
664.266
 20
127.58399999999995
 10
664.266
 20
129.88799999999992
  0
LWPOLYLINE
  5
6A3
330
17
100
AcDbEntity
  8
POLYLINES
100
AcDbPolyline
 90
3
 70
0
 10
661.53
 20
130.03199999999993
 10
662.394
 20
130.89599999999996
 10
663.834
 20
133.63199999999995
  0
LWPOLYLINE
  5
6A4
330
17
100
AcDbEntity
  8
POLYLINES
100
AcDbPolyline
 90
20
 70
0
 10
307.866
 20
118.07999999999993
 10
307.00199999999995
 20
119.08799999999997
 10
305.706
 20
119.66399999999999
 10
303.97799999999995
 20
119.66399999999999
 10
302.682
 20
119.08799999999997
 10
301.818
 20
118.07999999999993
 10
301.818
 20
116.928
 10
302.25
 20
115.91999999999996
 10
302.682
 20
115.34400000000005
 10
303.54600000000005
 20
114.76800000000003
 10
306.13800000000003
 20
113.75999999999999
 10
307.00199999999995
 20
113.18399999999997
 10
307.43399999999997
 20
112.60799999999995
 10
307.866
 20
111.60000000000002
 10
307.866
 20
110.01599999999996
 10
307.00199999999995
 20
108.86400000000003
 10
305.706
 20
108.28800000000001
 10
303.97799999999995
 20
108.28800000000001
 10
302.682
 20
108.86400000000003
 10
301.818
 20
110.01599999999996
  0
LWPOLYLINE
  5
6A5
330
17
100
AcDbEntity
  8
POLYLINES
100
AcDbPolyline
 90
5
 70
0
 10
318.23400000000004
 20
108.28800000000001
 10
318.23400000000004
 20
119.66399999999999
 10
321.69000000000005
 20
108.28800000000001
 10
325.14599999999996
 20
119.66399999999999
 10
325.14599999999996
 20
108.28800000000001
  0
LWPOLYLINE
  5
6A6
330
17
100
AcDbEntity
  8
POLYLINES
100
AcDbPolyline
 90
23
 70
0
 10
345.01800000000003
 20
118.07999999999993
 10
344.586
 20
119.08799999999997
 10
343.28999999999996
 20
119.66399999999999
 10
342.42600000000004
 20
119.66399999999999
 10
341.13
 20
119.08799999999997
 10
340.26599999999996
 20
117.50400000000002
 10
339.83400000000006
 20
114.76800000000003
 10
339.83400000000006
 20
112.17599999999993
 10
340.26599999999996
 20
110.01599999999996
 10
341.13
 20
108.86400000000003
 10
342.42600000000004
 20
108.28800000000001
 10
342.85799999999995
 20
108.28800000000001
 10
344.154
 20
108.86400000000003
 10
345.01800000000003
 20
110.01599999999996
 10
345.45000000000005
 20
111.60000000000002
 10
345.45000000000005
 20
112.17599999999993
 10
345.01800000000003
 20
113.75999999999999
 10
344.154
 20
114.76800000000003
 10
342.85799999999995
 20
115.34400000000005
 10
342.42600000000004
 20
115.34400000000005
 10
341.13
 20
114.76800000000003
 10
340.26599999999996
 20
113.75999999999999
 10
339.83400000000006
 20
112.17599999999993
  0
LWPOLYLINE
  5
6A7
330
17
100
AcDbEntity
  8
POLYLINES
100
AcDbPolyline
 90
3
 70
0
 10
352.794
 20
119.66399999999999
 10
348.47400000000005
 20
112.17599999999993
 10
354.95399999999995
 20
112.17599999999993
  0
LWPOLYLINE
  5
6A8
330
17
100
AcDbEntity
  8
POLYLINES
100
AcDbPolyline
 90
3
 70
0
 10
365.034
 20
115.20000000000005
 10
364.16999999999996
 20
111.024
 10
363.59400000000005
 20
112.17599999999993
  0
LWPOLYLINE
  5
6A9
330
17
100
AcDbEntity
  8
POLYLINES
100
AcDbPolyline
 90
3
 70
0
 10
365.898
 20
109.29600000000005
 10
366.76200000000006
 20
110.30399999999997
 10
367.77
 20
112.75199999999995
  0
LWPOLYLINE
  5
6AA
330
17
100
AcDbEntity
  8
POLYLINES
100
AcDbPolyline
 90
3
 70
0
 10
366.04200000000003
 20
111.45600000000002
 10
367.77
 20
108.43200000000002
 10
368.922
 20
108.57600000000002
  0
LWPOLYLINE
  5
6AB
330
17
100
AcDbEntity
  8
POLYLINES
100
AcDbPolyline
 90
3
 70
0
 10
364.89
 20
110.15999999999997
 10
366.18600000000004
 20
112.17599999999993
 10
366.76200000000006
 20
113.47199999999998
  0
LWPOLYLINE
  5
6AC
330
17
100
AcDbEntity
  8
POLYLINES
100
AcDbPolyline
 90
3
 70
0
 10
371.082
 20
114.19200000000001
 10
370.21799999999996
 20
109.15200000000004
 10
369.64200000000005
 20
110.30399999999997
  0
LWPOLYLINE
  5
6AD
330
17
100
AcDbEntity
  8
POLYLINES
100
AcDbPolyline
 90
3
 70
0
 10
376.986
 20
109.87199999999996
 10
377.994
 20
112.89599999999996
 10
378.57000000000005
 20
116.06399999999996
  0
LWPOLYLINE
  5
6AE
330
17
100
AcDbEntity
  8
POLYLINES
100
AcDbPolyline
 90
3
 70
0
 10
379.578
 20
118.79999999999995
 10
379.14599999999996
 20
116.35199999999998
 10
378.57000000000005
 20
114.048
  0
LWPOLYLINE
  5
6AF
330
17
100
AcDbEntity
  8
POLYLINES
100
AcDbPolyline
 90
12
 70
0
 10
381.30600000000004
 20
111.60000000000002
 10
381.30600000000004
 20
112.60799999999995
 10
381.73800000000006
 20
114.33600000000001
 10
382.602
 20
114.76800000000003
 10
383.466
 20
114.76800000000003
 10
384.33000000000004
 20
114.33600000000001
 10
386.058
 20
112.60799999999995
 10
386.922
 20
112.17599999999993
 10
387.78599999999994
 20
112.17599999999993
 10
388.65
 20
112.60799999999995
 10
389.082
 20
113.75999999999999
 10
389.082
 20
114.76800000000003
  0
LWPOLYLINE
  5
6B0
330
17
100
AcDbEntity
  8
POLYLINES
100
AcDbPolyline
 90
5
 70
0
 10
396.71400000000006
 20
118.94399999999996
 10
396.71400000000006
 20
109.29600000000005
 10
397.14599999999996
 20
108.86400000000003
 10
398.298
 20
108.86400000000003
 10
398.154
 20
110.88
  0
LWPOLYLINE
  5
6B1
330
17
100
AcDbEntity
  8
POLYLINES
100
AcDbPolyline
 90
4
 70
0
 10
395.85
 20
112.31999999999994
 10
395.706
 20
110.88
 10
395.274
 20
109.58399999999995
 10
394.698
 20
108.43200000000002
  0
LWPOLYLINE
  5
6B2
330
17
100
AcDbEntity
  8
POLYLINES
100
AcDbPolyline
 90
3
 70
0
 10
400.746
 20
115.05600000000004
 10
400.45799999999997
 20
113.47199999999998
 10
399.01800000000003
 20
111.024
  0
LWPOLYLINE
  5
6B3
330
17
100
AcDbEntity
  8
POLYLINES
100
AcDbPolyline
 90
5
 70
0
 10
401.898
 20
115.05600000000004
 10
401.898
 20
109.29600000000005
 10
402.47400000000005
 20
108.72000000000003
 10
404.058
 20
108.72000000000003
 10
403.914
 20
110.88
  0
LWPOLYLINE
  5
6B4
330
17
100
AcDbEntity
  8
POLYLINES
100
AcDbPolyline
 90
3
 70
0
 10
401.178
 20
111.168
 10
402.04200000000003
 20
112.03200000000004
 10
403.48199999999997
 20
114.76800000000003
  0
LWPOLYLINE
  5
6B5
330
17
100
AcDbEntity
  8
POLYLINES
100
AcDbPolyline
 90
20
 70
0
 10
416.73
 20
118.07999999999993
 10
415.866
 20
119.08799999999997
 10
414.57000000000005
 20
119.66399999999999
 10
412.842
 20
119.66399999999999
 10
411.54600000000005
 20
119.08799999999997
 10
410.682
 20
118.07999999999993
 10
410.682
 20
116.928
 10
411.11400000000003
 20
115.91999999999996
 10
411.54600000000005
 20
115.34400000000005
 10
412.40999999999997
 20
114.76800000000003
 10
415.00199999999995
 20
113.75999999999999
 10
415.866
 20
113.18399999999997
 10
416.298
 20
112.60799999999995
 10
416.73
 20
111.60000000000002
 10
416.73
 20
110.01599999999996
 10
415.866
 20
108.86400000000003
 10
414.57000000000005
 20
108.28800000000001
 10
412.842
 20
108.28800000000001
 10
411.54600000000005
 20
108.86400000000003
 10
410.682
 20
110.01599999999996
  0
LWPOLYLINE
  5
6B6
330
17
100
AcDbEntity
  8
POLYLINES
100
AcDbPolyline
 90
5
 70
0
 10
427.09799999999996
 20
108.28800000000001
 10
427.09799999999996
 20
119.66399999999999
 10
430.554
 20
108.28800000000001
 10
434.01
 20
119.66399999999999
 10
434.01
 20
108.28800000000001
  0
LWPOLYLINE
  5
6B7
330
17
100
AcDbEntity
  8
POLYLINES
100
AcDbPolyline
 90
4
 70
0
 10
448.698
 20
117.50400000000002
 10
449.562
 20
118.07999999999993
 10
450.85799999999995
 20
119.66399999999999
 10
450.85799999999995
 20
108.28800000000001
  0
LWPOLYLINE
  5
6B8
330
17
100
AcDbEntity
  8
POLYLINES
100
AcDbPolyline
 90
4
 70
0
 10
459.06600000000003
 20
114.48000000000002
 10
459.06600000000003
 20
109.15200000000004
 10
459.49800000000005
 20
108.72000000000003
 10
461.082
 20
108.72000000000003
  0
LWPOLYLINE
  5
6B9
330
17
100
AcDbEntity
  8
POLYLINES
100
AcDbPolyline
 90
4
 70
0
 10
456.04200000000003
 20
108.28800000000001
 10
456.76199999999994
 20
109.29600000000005
 10
457.77
 20
111.45600000000002
 10
458.346
 20
114.19200000000001
  0
LWPOLYLINE
  5
6BA
330
17
100
AcDbEntity
  8
POLYLINES
100
AcDbPolyline
 90
3
 70
0
 10
472.89
 20
116.49599999999998
 10
472.602
 20
110.15999999999997
 10
472.02599999999995
 20
111.31200000000001
  0
LWPOLYLINE
  5
6BB
330
17
100
AcDbEntity
  8
POLYLINES
100
AcDbPolyline
 90
3
 70
0
 10
468.28200000000004
 20
110.59199999999998
 10
469.43399999999997
 20
110.44799999999998
 10
472.89
 20
108.57600000000002
  0
LWPOLYLINE
  5
6BC
330
17
100
AcDbEntity
  8
POLYLINES
100
AcDbPolyline
 90
4
 70
0
 10
469.866
 20
114.91200000000003
 10
469.578
 20
112.89599999999996
 10
469.866
 20
112.03200000000004
 10
469.43399999999997
 20
110.44799999999998
  0
LWPOLYLINE
  5
6BD
330
17
100
AcDbEntity
  8
POLYLINES
100
AcDbPolyline
 90
7
 70
0
 10
482.682
 20
118.94399999999996
 10
482.682
 20
109.87199999999996
 10
482.826
 20
109.44000000000005
 10
482.97
 20
109.00800000000004
 10
483.40200000000004
 20
108.72000000000003
 10
485.562
 20
108.86400000000003
 10
485.274
 20
111.168
  0
LWPOLYLINE
  5
6BE
330
17
100
AcDbEntity
  8
POLYLINES
100
AcDbPolyline
 90
3
 70
0
 10
489.01800000000003
 20
116.06399999999996
 10
491.034
 20
112.46399999999994
 10
491.61
 20
112.46399999999994
  0
LWPOLYLINE
  5
6BF
330
17
100
AcDbEntity
  8
POLYLINES
100
AcDbPolyline
 90
3
 70
0
 10
492.8681020799999
 20
110.22983999999997
 10
493.52951999999993
 20
109.40306831999999
 10
494.19093791999995
 20
110.22983999999997
  0
LWPOLYLINE
  5
6C0
330
17
100
AcDbEntity
  8
POLYLINES
100
AcDbPolyline
 90
3
 70
0
 10
494.19093791999995
 20
110.22983999999997
 10
493.52951999999993
 20
111.05661167999995
 10
492.8681020799999
 20
110.22983999999997
  0
LWPOLYLINE
  5
6C1
330
17
100
AcDbEntity
  8
POLYLINES
100
AcDbPolyline
 90
3
 70
0
 10
494.28542495999994
 20
110.22983999999997
 10
493.52951999999993
 20
111.17472192000002
 10
492.7736150399999
 20
110.22983999999997
  0
LWPOLYLINE
  5
6C2
330
17
100
AcDbEntity
  8
POLYLINES
100
AcDbPolyline
 90
3
 70
0
 10
492.7736150399999
 20
110.22983999999997
 10
493.52951999999993
 20
109.28495808000002
 10
494.28542495999994
 20
110.22983999999997
  0
LWPOLYLINE
  5
6C3
330
17
100
AcDbEntity
  8
POLYLINES
100
AcDbPolyline
 90
15
 70
0
 10
498.80999999999995
 20
119.66399999999999
 10
503.562
 20
119.66399999999999
 10
500.97
 20
115.34400000000005
 10
502.26599999999996
 20
115.34400000000005
 10
503.13
 20
114.76800000000003
 10
503.562
 20
114.33600000000001
 10
503.994
 20
112.60799999999995
 10
503.994
 20
111.60000000000002
 10
503.562
 20
110.01599999999996
 10
502.698
 20
108.86400000000003
 10
501.40200000000004
 20
108.28800000000001
 10
500.106
 20
108.28800000000001
 10
498.80999999999995
 20
108.86400000000003
 10
498.37800000000004
 20
109.44000000000005
 10
497.946
 20
110.44799999999998
  0
LWPOLYLINE
  5
6C4
330
17
100
AcDbEntity
  8
POLYLINES
100
AcDbPolyline
 90
3
 70
0
 10
515.658
 20
115.63199999999995
 10
514.506
 20
112.89599999999996
 10
513.066
 20
110.15999999999997
  0
LWPOLYLINE
  5
6C5
330
17
100
AcDbEntity
  8
POLYLINES
100
AcDbPolyline
 90
3
 70
0
 10
515.802
 20
115.63199999999995
 10
517.674
 20
110.59199999999998
 10
518.394
 20
110.59199999999998
  0
LWPOLYLINE
  5
6C6
330
17
100
AcDbEntity
  8
POLYLINES
100
AcDbPolyline
 90
3
 70
0
 10
524.154
 20
118.07999999999993
 10
524.154
 20
108.28800000000001
 10
523.29
 20
109.29600000000005
  0
LWPOLYLINE
  5
6C7
330
17
100
AcDbEntity
  8
POLYLINES
100
AcDbPolyline
 90
4
 70
0
 10
528.4739999999999
 20
117.79200000000003
 10
528.186
 20
112.17599999999993
 10
528.042
 20
110.73599999999999
 10
527.61
 20
108.86400000000003
  0
LWPOLYLINE
  5
6C8
330
17
100
AcDbEntity
  8
POLYLINES
100
AcDbPolyline
 90
3
 70
0
 10
526.602
 20
114.48000000000002
 10
526.602
 20
108.86400000000003
 10
526.026
 20
109.87199999999996
  0
LWPOLYLINE
  5
6C9
330
17
100
AcDbEntity
  8
POLYLINES
100
AcDbPolyline
 90
3
 70
0
 10
533.37
 20
114.91200000000003
 10
532.65
 20
111.45600000000002
 10
531.21
 20
108.43200000000002
  0
LWPOLYLINE
  5
6CA
330
17
100
AcDbEntity
  8
POLYLINES
100
AcDbPolyline
 90
3
 70
0
 10
541.146
 20
116.63999999999999
 10
538.842
 20
113.61599999999999
 10
537.258
 20
112.17599999999993
  0
LWPOLYLINE
  5
6CB
330
17
100
AcDbEntity
  8
POLYLINES
100
AcDbPolyline
 90
3
 70
0
 10
547.77
 20
118.65599999999995
 10
547.77
 20
108.57600000000002
 10
546.906
 20
110.15999999999997
  0
LWPOLYLINE
  5
6CC
330
17
100
AcDbEntity
  8
POLYLINES
100
AcDbPolyline
 90
3
 70
0
 10
548.778
 20
108.28800000000001
 10
552.234
 20
119.66399999999999
 10
555.6899999999999
 20
108.28800000000001
  0
LWPOLYLINE
  5
6CD
330
17
100
AcDbEntity
  8
POLYLINES
100
AcDbPolyline
 90
14
 70
0
 10
558.7139999999999
 20
116.928
 10
558.7139999999999
 20
117.50400000000002
 10
559.146
 20
118.65599999999995
 10
559.578
 20
119.08799999999997
 10
560.442
 20
119.66399999999999
 10
562.17
 20
119.66399999999999
 10
563.034
 20
119.08799999999997
 10
563.466
 20
118.65599999999995
 10
563.898
 20
117.50400000000002
 10
563.898
 20
116.49599999999998
 10
563.466
 20
115.34400000000005
 10
562.602
 20
113.75999999999999
 10
558.282
 20
108.28800000000001
 10
564.33
 20
108.28800000000001
  0
LWPOLYLINE
  5
6CE
330
17
100
AcDbEntity
  8
POLYLINES
100
AcDbPolyline
 90
3
 70
0
 10
582.186
 20
115.05600000000004
 10
581.754
 20
113.47199999999998
 10
581.034
 20
111.31200000000001
  0
LWPOLYLINE
  5
6CF
330
17
100
AcDbEntity
  8
POLYLINES
100
AcDbPolyline
 90
3
 70
0
 10
584.346
 20
118.79999999999995
 10
584.346
 20
108.28800000000001
 10
583.482
 20
110.01599999999996
  0
LWPOLYLINE
  5
6D0
330
17
100
AcDbEntity
  8
POLYLINES
100
AcDbPolyline
 90
3
 70
0
 10
588.81
 20
112.89599999999996
 10
590.25
 20
109.58399999999995
 10
590.826
 20
109.58399999999995
  0
LWPOLYLINE
  5
6D1
330
17
100
AcDbEntity
  8
POLYLINES
100
AcDbPolyline
 90
4
 70
0
 10
588.6659999999999
 20
112.89599999999996
 10
588.6659999999999
 20
110.73599999999999
 10
588.3779999999999
 20
108.28800000000001
 10
587.514
 20
109.44000000000005
  0
LWPOLYLINE
  5
6D2
330
17
100
AcDbEntity
  8
POLYLINES
100
AcDbPolyline
 90
3
 70
0
 10
588.6659999999999
 20
112.31999999999994
 10
587.37
 20
110.88
 10
585.6419999999999
 20
109.15200000000004
  0
LWPOLYLINE
  5
6D3
330
17
100
AcDbEntity
  8
POLYLINES
100
AcDbPolyline
 90
3
 70
0
 10
596.154
 20
112.03200000000004
 10
595.434
 20
108.28800000000001
 10
594.7139999999999
 20
109.72799999999995
  0
LWPOLYLINE
  5
6D4
330
17
100
AcDbEntity
  8
POLYLINES
100
AcDbPolyline
 90
12
 70
0
 10
597.162
 20
111.60000000000002
 10
597.162
 20
112.60799999999995
 10
597.5939999999999
 20
114.33600000000001
 10
598.458
 20
114.76800000000003
 10
599.322
 20
114.76800000000003
 10
600.186
 20
114.33600000000001
 10
601.914
 20
112.60799999999995
 10
602.778
 20
112.17599999999993
 10
603.6419999999999
 20
112.17599999999993
 10
604.506
 20
112.60799999999995
 10
604.938
 20
113.75999999999999
 10
604.938
 20
114.76800000000003
  0
LWPOLYLINE
  5
6D5
330
17
100
AcDbEntity
  8
POLYLINES
100
AcDbPolyline
 90
5
 70
0
 10
612.7139999999999
 20
118.94399999999996
 10
612.7139999999999
 20
109.29600000000005
 10
613.146
 20
108.86400000000003
 10
614.298
 20
108.86400000000003
 10
614.154
 20
110.88
  0
LWPOLYLINE
  5
6D6
330
17
100
AcDbEntity
  8
POLYLINES
100
AcDbPolyline
 90
4
 70
0
 10
611.85
 20
112.31999999999994
 10
611.706
 20
110.88
 10
611.13
 20
109.58399999999995
 10
610.698
 20
108.43200000000002
  0
LWPOLYLINE
  5
6D7
330
17
100
AcDbEntity
  8
POLYLINES
100
AcDbPolyline
 90
3
 70
0
 10
622.218
 20
109.58399999999995
 10
624.954
 20
110.01599999999996
 10
625.53
 20
109.15200000000004
  0
LWPOLYLINE
  5
6D8
330
17
100
AcDbEntity
  8
POLYLINES
100
AcDbPolyline
 90
4
 70
0
 10
623.37
 20
117.50400000000002
 10
623.226
 20
114.19200000000001
 10
622.938
 20
112.60799999999995
 10
622.218
 20
111.45600000000002
  0
LWPOLYLINE
  5
6D9
330
17
100
AcDbEntity
  8
POLYLINES
100
AcDbPolyline
 90
4
 70
0
 10
624.234
 20
117.64800000000002
 10
624.234
 20
112.60799999999995
 10
624.5219999999999
 20
112.17599999999993
 10
625.242
 20
112.17599999999993
  0
LWPOLYLINE
  5
6DA
330
17
100
AcDbEntity
  8
POLYLINES
100
AcDbPolyline
 90
12
 70
0
 10
626.538
 20
111.60000000000002
 10
626.538
 20
112.60799999999995
 10
626.97
 20
114.33600000000001
 10
627.834
 20
114.76800000000003
 10
628.698
 20
114.76800000000003
 10
629.562
 20
114.33600000000001
 10
631.29
 20
112.60799999999995
 10
632.154
 20
112.17599999999993
 10
633.018
 20
112.17599999999993
 10
633.882
 20
112.60799999999995
 10
634.314
 20
113.75999999999999
 10
634.314
 20
114.76800000000003
  0
LWPOLYLINE
  5
6DB
330
17
100
AcDbEntity
  8
POLYLINES
100
AcDbPolyline
 90
5
 70
0
 10
642.09
 20
118.94399999999996
 10
642.09
 20
109.29600000000005
 10
642.5219999999999
 20
108.86400000000003
 10
643.674
 20
108.86400000000003
 10
643.53
 20
110.88
  0
LWPOLYLINE
  5
6DC
330
17
100
AcDbEntity
  8
POLYLINES
100
AcDbPolyline
 90
4
 70
0
 10
641.226
 20
112.31999999999994
 10
641.082
 20
110.88
 10
640.506
 20
109.58399999999995
 10
639.93
 20
108.43200000000002
  0
LWPOLYLINE
  5
6DD
330
17
100
AcDbEntity
  8
POLYLINES
100
AcDbPolyline
 90
3
 70
0
 10
646.122
 20
115.05600000000004
 10
645.834
 20
113.47199999999998
 10
644.394
 20
111.024
  0
LWPOLYLINE
  5
6DE
330
17
100
AcDbEntity
  8
POLYLINES
100
AcDbPolyline
 90
5
 70
0
 10
647.274
 20
115.05600000000004
 10
647.274
 20
109.29600000000005
 10
647.706
 20
108.72000000000003
 10
649.29
 20
108.72000000000003
 10
649.29
 20
110.88
  0
LWPOLYLINE
  5
6DF
330
17
100
AcDbEntity
  8
POLYLINES
100
AcDbPolyline
 90
3
 70
0
 10
646.554
 20
111.168
 10
647.418
 20
112.03200000000004
 10
648.858
 20
114.76800000000003
  0
LWPOLYLINE
  5
6E0
330
17
100
AcDbEntity
  8
POLYLINES
100
AcDbPolyline
 90
20
 70
0
 10
302.106
 20
99.21600000000001
 10
301.24199999999996
 20
100.22399999999993
 10
299.946
 20
100.79999999999995
 10
298.21799999999996
 20
100.79999999999995
 10
296.922
 20
100.22399999999993
 10
296.058
 20
99.21600000000001
 10
296.058
 20
98.06399999999996
 10
296.49
 20
97.05600000000004
 10
296.922
 20
96.48000000000002
 10
297.78600000000006
 20
95.904
 10
300.37800000000004
 20
94.89599999999996
 10
301.24199999999996
 20
94.31999999999994
 10
301.674
 20
93.74400000000003
 10
302.106
 20
92.73599999999999
 10
302.106
 20
91.00800000000004
 10
301.24199999999996
 20
90.0
 10
299.946
 20
89.42399999999998
 10
298.21799999999996
 20
89.42399999999998
 10
296.922
 20
90.0
 10
296.058
 20
91.00800000000004
  0
LWPOLYLINE
  5
6E1
330
17
100
AcDbEntity
  8
POLYLINES
100
AcDbPolyline
 90
5
 70
0
 10
312.47400000000005
 20
89.42399999999998
 10
312.47400000000005
 20
100.79999999999995
 10
315.92999999999995
 20
89.42399999999998
 10
319.38599999999997
 20
100.79999999999995
 10
319.38599999999997
 20
89.42399999999998
  0
LWPOLYLINE
  5
6E2
330
17
100
AcDbEntity
  8
POLYLINES
100
AcDbPolyline
 90
4
 70
0
 10
334.07399999999996
 20
98.63999999999999
 10
334.938
 20
99.21600000000001
 10
336.23400000000004
 20
100.79999999999995
 10
336.23400000000004
 20
89.42399999999998
  0
LWPOLYLINE
  5
6E3
330
17
100
AcDbEntity
  8
POLYLINES
100
AcDbPolyline
 90
23
 70
0
 10
346.16999999999996
 20
99.21600000000001
 10
345.73800000000006
 20
100.22399999999993
 10
344.442
 20
100.79999999999995
 10
343.578
 20
100.79999999999995
 10
342.28200000000004
 20
100.22399999999993
 10
341.418
 20
98.63999999999999
 10
340.986
 20
95.904
 10
340.986
 20
93.168
 10
341.418
 20
91.00800000000004
 10
342.28200000000004
 20
90.0
 10
343.578
 20
89.42399999999998
 10
344.01
 20
89.42399999999998
 10
345.30600000000004
 20
90.0
 10
346.16999999999996
 20
91.00800000000004
 10
346.602
 20
92.73599999999999
 10
346.602
 20
93.168
 10
346.16999999999996
 20
94.89599999999996
 10
345.30600000000004
 20
95.904
 10
344.01
 20
96.48000000000002
 10
343.578
 20
96.48000000000002
 10
342.28200000000004
 20
95.904
 10
341.418
 20
94.89599999999996
 10
340.986
 20
93.168
  0
LWPOLYLINE
  5
6E4
330
17
100
AcDbEntity
  8
POLYLINES
100
AcDbPolyline
 90
4
 70
0
 10
353.082
 20
95.61599999999999
 10
353.082
 20
90.28800000000001
 10
353.514
 20
89.856
 10
355.09799999999996
 20
89.856
  0
LWPOLYLINE
  5
6E5
330
17
100
AcDbEntity
  8
POLYLINES
100
AcDbPolyline
 90
4
 70
0
 10
350.058
 20
89.42399999999998
 10
350.778
 20
90.43200000000002
 10
351.78600000000006
 20
92.44799999999998
 10
352.36199999999997
 20
95.32799999999997
  0
LWPOLYLINE
  5
6E6
330
17
100
AcDbEntity
  8
POLYLINES
100
AcDbPolyline
 90
3
 70
0
 10
366.90599999999995
 20
97.63199999999995
 10
366.61800000000005
 20
91.15200000000004
 10
366.04200000000003
 20
92.44799999999998
  0
LWPOLYLINE
  5
6E7
330
17
100
AcDbEntity
  8
POLYLINES
100
AcDbPolyline
 90
3
 70
0
 10
362.298
 20
91.72799999999995
 10
363.45000000000005
 20
91.58399999999995
 10
366.90599999999995
 20
89.71199999999999
  0
LWPOLYLINE
  5
6E8
330
17
100
AcDbEntity
  8
POLYLINES
100
AcDbPolyline
 90
4
 70
0
 10
363.88199999999995
 20
96.048
 10
363.59400000000005
 20
94.03200000000004
 10
363.88199999999995
 20
93.168
 10
363.45000000000005
 20
91.58399999999995
  0
LWPOLYLINE
  5
6E9
330
17
100
AcDbEntity
  8
POLYLINES
100
AcDbPolyline
 90
7
 70
0
 10
376.698
 20
100.08000000000004
 10
376.698
 20
91.00800000000004
 10
376.842
 20
90.57600000000002
 10
376.986
 20
90.144
 10
377.418
 20
89.856
 10
379.578
 20
89.856
 10
379.28999999999996
 20
92.30399999999997
  0
LWPOLYLINE
  5
6EA
330
17
100
AcDbEntity
  8
POLYLINES
100
AcDbPolyline
 90
3
 70
0
 10
383.178
 20
97.05600000000004
 10
385.04999999999995
 20
93.60000000000002
 10
385.626
 20
93.60000000000002
  0
LWPOLYLINE
  5
6EB
330
17
100
AcDbEntity
  8
POLYLINES
100
AcDbPolyline
 90
3
 70
0
 10
391.2406896
 20
99.00943199999995
 10
390.964944
 20
91.19147039999996
 10
391.335168
 20
90.74171520000004
  0
LWPOLYLINE
  5
6EC
330
17
100
AcDbEntity
  8
POLYLINES
100
AcDbPolyline
 90
4
 70
0
 10
395.418
 20
95.61599999999999
 10
395.418
 20
90.28800000000001
 10
395.85
 20
89.856
 10
397.43399999999997
 20
89.856
  0
LWPOLYLINE
  5
6ED
330
17
100
AcDbEntity
  8
POLYLINES
100
AcDbPolyline
 90
4
 70
0
 10
392.394
 20
89.42399999999998
 10
393.11400000000003
 20
90.43200000000002
 10
394.12199999999996
 20
92.44799999999998
 10
394.698
 20
95.32799999999997
  0
LWPOLYLINE
  5
6EE
330
17
100
AcDbEntity
  8
POLYLINES
100
AcDbPolyline
 90
3
 70
0
 10
405.64200000000005
 20
100.08000000000004
 10
405.64200000000005
 20
89.56799999999998
 10
404.634
 20
91.00800000000004
  0
LWPOLYLINE
  5
6EF
330
17
100
AcDbEntity
  8
POLYLINES
100
AcDbPolyline
 90
3
 70
0
 10
407.658
 20
97.05600000000004
 10
407.082
 20
92.73599999999999
 10
409.24199999999996
 20
89.856
  0
LWPOLYLINE
  5
6F0
330
17
100
AcDbEntity
  8
POLYLINES
100
AcDbPolyline
 90
4
 70
0
 10
408.52200000000005
 20
94.46399999999994
 10
408.09000000000003
 20
92.59199999999998
 10
407.514
 20
91.15200000000004
 10
406.21799999999996
 20
89.27999999999997
  0
LWPOLYLINE
  5
6F1
330
17
100
AcDbEntity
  8
POLYLINES
100
AcDbPolyline
 90
4
 70
0
 10
410.106
 20
98.63999999999999
 10
410.97
 20
99.21600000000001
 10
412.26599999999996
 20
100.79999999999995
 10
412.26599999999996
 20
89.42399999999998
  0
LWPOLYLINE
  5
6F2
330
17
100
AcDbEntity
  8
POLYLINES
100
AcDbPolyline
 90
17
 70
0
 10
430.842
 20
100.79999999999995
 10
429.54600000000005
 20
100.22399999999993
 10
428.682
 20
98.63999999999999
 10
428.25
 20
95.904
 10
428.25
 20
94.31999999999994
 10
428.682
 20
91.58399999999995
 10
429.54600000000005
 20
90.0
 10
430.842
 20
89.42399999999998
 10
431.706
 20
89.42399999999998
 10
433.00199999999995
 20
90.0
 10
433.866
 20
91.58399999999995
 10
434.298
 20
94.31999999999994
 10
434.298
 20
95.904
 10
433.866
 20
98.63999999999999
 10
433.00199999999995
 20
100.22399999999993
 10
431.706
 20
100.79999999999995
 10
430.842
 20
100.79999999999995
  0
LWPOLYLINE
  5
6F3
330
17
100
AcDbEntity
  8
POLYLINES
100
AcDbPolyline
 90
3
 70
0
 10
440.922
 20
90.86400000000003
 10
442.65
 20
91.00800000000004
 10
442.36199999999997
 20
93.168
  0
LWPOLYLINE
  5
6F4
330
17
100
AcDbEntity
  8
POLYLINES
100
AcDbPolyline
 90
3
 70
0
 10
440.346
 20
95.75999999999999
 10
440.346
 20
91.44000000000005
 10
440.922
 20
90.86400000000003
  0
LWPOLYLINE
  5
6F5
330
17
100
AcDbEntity
  8
POLYLINES
100
AcDbPolyline
 90
3
 70
0
 10
438.33000000000004
 20
98.78399999999999
 10
438.33000000000004
 20
95.904
 10
438.04200000000003
 20
93.74400000000003
  0
LWPOLYLINE
  5
6F6
330
17
100
AcDbEntity
  8
POLYLINES
100
AcDbPolyline
 90
3
 70
0
 10
449.57971200000003
 20
90.74171520000004
 10
450.03400320000003
 20
98.54664479999997
 10
449.67419040000004
 20
99.00943199999995
  0
LWPOLYLINE
  5
6F7
330
17
100
AcDbEntity
  8
POLYLINES
100
AcDbPolyline
 90
5
 70
0
 10
456.61799999999994
 20
92.44799999999998
 10
456.61799999999994
 20
91.87199999999996
 10
456.33000000000004
 20
91.29600000000005
 10
455.898
 20
90.86400000000003
 10
455.466
 20
90.72000000000003
  0
LWPOLYLINE
  5
6F8
330
17
100
AcDbEntity
  8
POLYLINES
100
AcDbPolyline
 90
3
 70
0
 10
455.81524752000007
 20
92.63145599999996
 10
456.19320000000005
 20
92.15901503999999
 10
456.57115248
 20
92.63145599999996
  0
LWPOLYLINE
  5
6F9
330
17
100
AcDbEntity
  8
POLYLINES
100
AcDbPolyline
 90
3
 70
0
 10
456.57115248
 20
92.63145599999996
 10
456.19320000000005
 20
93.10389696000004
 10
455.81524752000007
 20
92.63145599999996
  0
LWPOLYLINE
  5
6FA
330
17
100
AcDbEntity
  8
POLYLINES
100
AcDbPolyline
 90
3
 70
0
 10
456.476664
 20
92.63145599999996
 10
456.19320000000005
 20
92.98578671999996
 10
455.90973600000007
 20
92.63145599999996
  0
LWPOLYLINE
  5
6FB
330
17
100
AcDbEntity
  8
POLYLINES
100
AcDbPolyline
 90
3
 70
0
 10
455.90973600000007
 20
92.63145599999996
 10
456.19320000000005
 20
92.27712528000006
 10
456.476664
 20
92.63145599999996
  0
LWPOLYLINE
  5
6FC
330
17
100
AcDbEntity
  8
POLYLINES
100
AcDbPolyline
 90
3
 70
0
 10
456.38217696000004
 20
92.63145599999996
 10
456.19320000000005
 20
92.86767648
 10
456.00422304000006
 20
92.63145599999996
  0
LWPOLYLINE
  5
6FD
330
17
100
AcDbEntity
  8
POLYLINES
100
AcDbPolyline
 90
3
 70
0
 10
456.00422304000006
 20
92.63145599999996
 10
456.19320000000005
 20
92.39523552000003
 10
456.38217696000004
 20
92.63145599999996
  0
LWPOLYLINE
  5
6FE
330
17
100
AcDbEntity
  8
POLYLINES
100
AcDbPolyline
 90
4
 70
0
 10
464.826
 20
100.08000000000004
 10
464.538
 20
97.05600000000004
 10
463.818
 20
94.17599999999993
 10
462.95399999999995
 20
92.30399999999997
  0
LWPOLYLINE
  5
6FF
330
17
100
AcDbEntity
  8
POLYLINES
100
AcDbPolyline
 90
3
 70
0
 10
464.97
 20
93.74400000000003
 10
466.26599999999996
 20
89.71199999999999
 10
466.842
 20
89.71199999999999
  0
LWPOLYLINE
  5
700
330
17
100
AcDbEntity
  8
POLYLINES
100
AcDbPolyline
 90
4
 70
0
 10
465.11400000000003
 20
94.17599999999993
 10
464.538
 20
91.29600000000005
 10
463.818
 20
89.856
 10
463.24199999999996
 20
89.56799999999998
  0
LWPOLYLINE
  5
701
330
17
100
AcDbEntity
  8
POLYLINES
100
AcDbPolyline
 90
3
 70
0
 10
469.14599999999996
 20
92.88
 10
472.02599999999995
 20
89.71199999999999
 10
472.89
 20
89.856
  0
LWPOLYLINE
  5
702
330
17
100
AcDbEntity
  8
POLYLINES
100
AcDbPolyline
 90
3
 70
0
 10
469.866
 20
94.75199999999995
 10
469.14599999999996
 20
93.31200000000001
 10
467.994
 20
91.72799999999995
  0
LWPOLYLINE
  5
703
330
17
100
AcDbEntity
  8
POLYLINES
100
AcDbPolyline
 90
4
 70
0
 10
471.73799999999994
 20
94.17599999999993
 10
470.874
 20
92.15999999999997
 10
469.43399999999997
 20
90.57600000000002
 10
467.562
 20
89.56799999999998
  0
LWPOLYLINE
  5
704
330
17
100
AcDbEntity
  8
POLYLINES
100
AcDbPolyline
 90
3
 70
0
 10
469.578
 20
100.08000000000004
 10
469.14599999999996
 20
98.35199999999998
 10
467.85
 20
95.75999999999999
  0
LWPOLYLINE
  5
705
330
17
100
AcDbEntity
  8
POLYLINES
100
AcDbPolyline
 90
3
 70
0
 10
475.04999999999995
 20
96.33600000000001
 10
474.18600000000004
 20
92.15999999999997
 10
473.61
 20
93.31200000000001
  0
LWPOLYLINE
  5
706
330
17
100
AcDbEntity
  8
POLYLINES
100
AcDbPolyline
 90
3
 70
0
 10
475.914
 20
90.43200000000002
 10
476.634
 20
91.44000000000005
 10
477.78599999999994
 20
93.74400000000003
  0
LWPOLYLINE
  5
707
330
17
100
AcDbEntity
  8
POLYLINES
100
AcDbPolyline
 90
3
 70
0
 10
476.058
 20
92.44799999999998
 10
477.78599999999994
 20
89.56799999999998
 10
478.938
 20
89.71199999999999
  0
LWPOLYLINE
  5
708
330
17
100
AcDbEntity
  8
POLYLINES
100
AcDbPolyline
 90
3
 70
0
 10
474.90599999999995
 20
91.15200000000004
 10
476.202
 20
93.31200000000001
 10
476.634
 20
94.60799999999995
  0
LWPOLYLINE
  5
709
330
17
100
AcDbEntity
  8
POLYLINES
100
AcDbPolyline
 90
3
 70
0
 10
481.09799999999996
 20
95.32799999999997
 10
480.23400000000004
 20
90.28800000000001
 10
479.658
 20
91.44000000000005
  0
LWPOLYLINE
  5
70A
330
17
100
AcDbEntity
  8
POLYLINES
100
AcDbPolyline
 90
3
 70
0
 10
487.00199999999995
 20
91.00800000000004
 10
488.01
 20
93.88800000000003
 10
488.442
 20
97.20000000000005
  0
LWPOLYLINE
  5
70B
330
17
100
AcDbEntity
  8
POLYLINES
100
AcDbPolyline
 90
3
 70
0
 10
489.59399999999994
 20
99.93600000000004
 10
489.16200000000003
 20
97.48800000000006
 10
488.442
 20
95.03999999999996
  0
LWPOLYLINE
  5
70C
330
17
100
AcDbEntity
  8
POLYLINES
100
AcDbPolyline
 90
12
 70
0
 10
491.178
 20
92.73599999999999
 10
491.178
 20
93.74400000000003
 10
491.61
 20
95.32799999999997
 10
492.47400000000005
 20
95.904
 10
493.33799999999997
 20
95.904
 10
494.202
 20
95.32799999999997
 10
495.92999999999995
 20
93.74400000000003
 10
496.794
 20
93.168
 10
497.658
 20
93.168
 10
498.52199999999993
 20
93.74400000000003
 10
498.95399999999995
 20
94.89599999999996
 10
498.95399999999995
 20
95.904
  0
LWPOLYLINE
  5
70D
330
17
100
AcDbEntity
  8
POLYLINES
100
AcDbPolyline
 90
5
 70
0
 10
506.73
 20
100.08000000000004
 10
506.73
 20
90.43200000000002
 10
507.16200000000003
 20
89.856
 10
508.31399999999996
 20
89.856
 10
508.16999999999996
 20
92.01599999999996
  0
LWPOLYLINE
  5
70E
330
17
100
AcDbEntity
  8
POLYLINES
100
AcDbPolyline
 90
4
 70
0
 10
505.866
 20
93.45600000000002
 10
505.722
 20
92.01599999999996
 10
505.28999999999996
 20
90.57600000000002
 10
504.71399999999994
 20
89.56799999999998
  0
LWPOLYLINE
  5
70F
330
17
100
AcDbEntity
  8
POLYLINES
100
AcDbPolyline
 90
3
 70
0
 10
510.76199999999994
 20
96.19200000000001
 10
510.47400000000005
 20
94.60799999999995
 10
509.034
 20
92.15999999999997
  0
LWPOLYLINE
  5
710
330
17
100
AcDbEntity
  8
POLYLINES
100
AcDbPolyline
 90
5
 70
0
 10
511.914
 20
96.19200000000001
 10
511.914
 20
90.43200000000002
 10
512.346
 20
89.856
 10
514.074
 20
89.856
 10
513.93
 20
92.01599999999996
  0
LWPOLYLINE
  5
711
330
17
100
AcDbEntity
  8
POLYLINES
100
AcDbPolyline
 90
3
 70
0
 10
511.19399999999996
 20
92.30399999999997
 10
512.058
 20
93.168
 10
513.4979999999999
 20
95.75999999999999
  0
LWPOLYLINE
  5
712
330
17
100
AcDbEntity
  8
POLYLINES
100
AcDbPolyline
 90
20
 70
0
 10
526.602
 20
99.21600000000001
 10
525.7379999999999
 20
100.22399999999993
 10
524.442
 20
100.79999999999995
 10
522.7139999999999
 20
100.79999999999995
 10
521.418
 20
100.22399999999993
 10
520.554
 20
99.21600000000001
 10
520.554
 20
98.06399999999996
 10
520.986
 20
97.05600000000004
 10
521.418
 20
96.48000000000002
 10
522.282
 20
95.904
 10
524.874
 20
94.89599999999996
 10
525.7379999999999
 20
94.31999999999994
 10
526.17
 20
93.74400000000003
 10
526.602
 20
92.73599999999999
 10
526.602
 20
91.00800000000004
 10
525.7379999999999
 20
90.0
 10
524.442
 20
89.42399999999998
 10
522.7139999999999
 20
89.42399999999998
 10
521.418
 20
90.0
 10
520.554
 20
91.00800000000004
  0
LWPOLYLINE
  5
713
330
17
100
AcDbEntity
  8
POLYLINES
100
AcDbPolyline
 90
5
 70
0
 10
536.97
 20
89.42399999999998
 10
536.97
 20
100.79999999999995
 10
540.426
 20
89.42399999999998
 10
543.882
 20
100.79999999999995
 10
543.882
 20
89.42399999999998
  0
LWPOLYLINE
  5
714
330
17
100
AcDbEntity
  8
POLYLINES
100
AcDbPolyline
 90
4
 70
0
 10
558.5699999999999
 20
98.63999999999999
 10
559.434
 20
99.21600000000001
 10
560.73
 20
100.79999999999995
 10
560.73
 20
89.42399999999998
  0
LWPOLYLINE
  5
715
330
17
100
AcDbEntity
  8
POLYLINES
100
AcDbPolyline
 90
23
 70
0
 10
570.6659999999999
 20
99.21600000000001
 10
570.234
 20
100.22399999999993
 10
568.938
 20
100.79999999999995
 10
568.074
 20
100.79999999999995
 10
566.778
 20
100.22399999999993
 10
565.914
 20
98.63999999999999
 10
565.482
 20
95.904
 10
565.482
 20
93.168
 10
565.914
 20
91.00800000000004
 10
566.778
 20
90.0
 10
568.074
 20
89.42399999999998
 10
568.506
 20
89.42399999999998
 10
569.802
 20
90.0
 10
570.6659999999999
 20
91.00800000000004
 10
571.098
 20
92.73599999999999
 10
571.098
 20
93.168
 10
570.6659999999999
 20
94.89599999999996
 10
569.802
 20
95.904
 10
568.506
 20
96.48000000000002
 10
568.074
 20
96.48000000000002
 10
566.778
 20
95.904
 10
565.914
 20
94.89599999999996
 10
565.482
 20
93.168
  0
LWPOLYLINE
  5
716
330
17
100
AcDbEntity
  8
POLYLINES
100
AcDbPolyline
 90
4
 70
0
 10
577.722
 20
95.61599999999999
 10
577.722
 20
90.28800000000001
 10
578.154
 20
89.856
 10
579.5939999999999
 20
89.856
  0
LWPOLYLINE
  5
717
330
17
100
AcDbEntity
  8
POLYLINES
100
AcDbPolyline
 90
4
 70
0
 10
574.698
 20
89.42399999999998
 10
575.418
 20
90.43200000000002
 10
576.4259999999999
 20
92.44799999999998
 10
576.858
 20
95.32799999999997
  0
LWPOLYLINE
  5
718
330
17
100
AcDbEntity
  8
POLYLINES
100
AcDbPolyline
 90
3
 70
0
 10
591.4019999999999
 20
97.63199999999995
 10
591.258
 20
91.15200000000004
 10
590.682
 20
92.44799999999998
  0
LWPOLYLINE
  5
719
330
17
100
AcDbEntity
  8
POLYLINES
100
AcDbPolyline
 90
3
 70
0
 10
586.938
 20
91.72799999999995
 10
588.09
 20
91.58399999999995
 10
591.5459999999999
 20
89.71199999999999
  0
LWPOLYLINE
  5
71A
330
17
100
AcDbEntity
  8
POLYLINES
100
AcDbPolyline
 90
4
 70
0
 10
588.5219999999999
 20
96.048
 10
588.234
 20
94.03200000000004
 10
588.5219999999999
 20
93.168
 10
588.09
 20
91.58399999999995
  0
LWPOLYLINE
  5
71B
330
17
100
AcDbEntity
  8
POLYLINES
100
AcDbPolyline
 90
7
 70
0
 10
601.338
 20
100.08000000000004
 10
601.338
 20
91.00800000000004
 10
601.338
 20
90.57600000000002
 10
601.626
 20
90.144
 10
602.058
 20
89.856
 10
604.074
 20
89.856
 10
603.786
 20
92.30399999999997
  0
LWPOLYLINE
  5
71C
330
17
100
AcDbEntity
  8
POLYLINES
100
AcDbPolyline
 90
3
 70
0
 10
607.674
 20
97.05600000000004
 10
609.5459999999999
 20
93.60000000000002
 10
610.122
 20
93.60000000000002
  0
LWPOLYLINE
  5
71D
330
17
100
AcDbEntity
  8
POLYLINES
100
AcDbPolyline
 90
3
 70
0
 10
611.50538208
 20
91.33228799999995
 10
612.1668
 20
90.50551631999997
 10
612.8282179199999
 20
91.33228799999995
  0
LWPOLYLINE
  5
71E
330
17
100
AcDbEntity
  8
POLYLINES
100
AcDbPolyline
 90
3
 70
0
 10
612.8282179199999
 20
91.33228799999995
 10
612.1668
 20
92.15905967999993
 10
611.50538208
 20
91.33228799999995
  0
LWPOLYLINE
  5
71F
330
17
100
AcDbEntity
  8
POLYLINES
100
AcDbPolyline
 90
3
 70
0
 10
612.9227049599999
 20
91.33228799999995
 10
612.1668
 20
92.27716992
 10
611.41089504
 20
91.33228799999995
  0
LWPOLYLINE
  5
720
330
17
100
AcDbEntity
  8
POLYLINES
100
AcDbPolyline
 90
3
 70
0
 10
611.41089504
 20
91.33228799999995
 10
612.1668
 20
90.38740608
 10
612.9227049599999
 20
91.33228799999995
  0
LINE
  5
721
330
17
100
AcDbEntity
  8
LINES
100
AcDbLine
 10
346.026
 20
198.288
 30
0.0
 11
346.17
 21
225.072
 31
0.0
  0
LINE
  5
722
330
17
100
AcDbEntity
  8
LINES
100
AcDbLine
 10
346.026
 20
198.288
 30
0.0
 11
346.17
 21
225.072
 31
0.0
  0
LINE
  5
723
330
17
100
AcDbEntity
  8
LINES
100
AcDbLine
 10
351.786
 20
236.37599999999998
 30
0.0
 11
576.786
 21
289.36799999999994
 31
0.0
  0
LINE
  5
724
330
17
100
AcDbEntity
  8
LINES
100
AcDbLine
 10
351.786
 20
236.37599999999998
 30
0.0
 11
576.786
 21
289.36799999999994
 31
0.0
  0
LWPOLYLINE
  5
725
330
17
100
AcDbEntity
  8
POLYLINES
100
AcDbPolyline
 90
6
 70
0
 10
706.5582816
 20
333.29376
 10
702.78888
 20
337.06316159999994
 10
699.0194783999999
 20
333.29376
 10
702.78888
 20
329.5243584
 10
706.5582816
 20
333.29376
 10
706.5582816
 20
333.29376
  0
LWPOLYLINE
  5
726
330
17
100
AcDbEntity
  8
POLYLINES
100
AcDbPolyline
 90
6
 70
0
 10
713.3450016
 20
342.09791999999993
 10
709.5756
 20
345.86732159999997
 10
705.8061984
 20
342.09791999999993
 10
709.5756
 20
338.3285183999999
 10
713.3450016
 20
342.09791999999993
 10
713.3450016
 20
342.09791999999993
  0
LWPOLYLINE
  5
727
330
17
100
AcDbEntity
  8
POLYLINES
100
AcDbPolyline
 90
6
 70
0
 10
381.16580160000007
 20
372.91103999999996
 10
377.3964000000001
 20
376.68044159999994
 10
373.6269984000001
 20
372.91103999999996
 10
377.3964000000001
 20
369.1416384
 10
381.16580160000007
 20
372.91103999999996
 10
381.16580160000007
 20
372.91103999999996
  0
LINE
  5
728
330
17
100
AcDbEntity
  8
LINES
100
AcDbLine
 10
241.48199999999997
 20
231.4079999999999
 30
0.0
 11
307.866
 21
231.48000000000002
 31
0.0
  0
LINE
  5
729
330
17
100
AcDbEntity
  8
LINES
100
AcDbLine
 10
241.48199999999997
 20
231.4079999999999
 30
0.0
 11
307.866
 21
231.48000000000002
 31
0.0
  0
LWPOLYLINE
  5
72A
330
17
100
AcDbEntity
  8
POLYLINES
100
AcDbPolyline
 90
5
 70
0
 10
218.442
 20
230.11199999999997
 10
214.12199999999996
 20
229.96799999999996
 10
214.12199999999996
 20
232.84799999999996
 10
218.442
 20
232.84799999999996
 10
218.442
 20
230.11199999999997
  0
LWPOLYLINE
  5
72B
330
17
100
AcDbEntity
  8
POLYLINES
100
AcDbPolyline
 90
5
 70
0
 10
218.442
 20
230.11199999999997
 10
214.12199999999996
 20
229.96799999999996
 10
214.12199999999996
 20
232.84799999999996
 10
218.442
 20
232.84799999999996
 10
218.442
 20
230.11199999999997
  0
LINE
  5
72C
330
17
100
AcDbEntity
  8
LINES
100
AcDbLine
 10
230.82600000000002
 20
373.53599999999994
 30
0.0
 11
307.43399999999997
 21
373.248
 31
0.0
  0
LINE
  5
72D
330
17
100
AcDbEntity
  8
LINES
100
AcDbLine
 10
230.82600000000002
 20
373.53599999999994
 30
0.0
 11
307.43399999999997
 21
373.248
 31
0.0
  0
LINE
  5
72E
330
17
100
AcDbEntity
  8
LINES
100
AcDbLine
 10
106.26600000000008
 20
373.67999999999995
 30
0.0
 11
230.82600000000002
 21
373.53599999999994
 31
0.0
  0
LINE
  5
72F
330
17
100
AcDbEntity
  8
LINES
100
AcDbLine
 10
106.26600000000008
 20
373.67999999999995
 30
0.0
 11
230.82600000000002
 21
373.53599999999994
 31
0.0
  0
LINE
  5
730
330
17
100
AcDbEntity
  8
LINES
100
AcDbLine
 10
268.122
 20
258.91200000000003
 30
0.0
 11
238.45800000000003
 21
237.3119999999999
 31
0.0
  0
LINE
  5
731
330
17
100
AcDbEntity
  8
LINES
100
AcDbLine
 10
268.122
 20
258.91200000000003
 30
0.0
 11
238.45800000000003
 21
237.3119999999999
 31
0.0
  0
LINE
  5
732
330
17
100
AcDbEntity
  8
LINES
100
AcDbLine
 10
279.35400000000004
 20
258.91200000000003
 30
0.0
 11
307.146
 21
237.4559999999999
 31
0.0
  0
LINE
  5
733
330
17
100
AcDbEntity
  8
LINES
100
AcDbLine
 10
279.35400000000004
 20
258.91200000000003
 30
0.0
 11
307.146
 21
237.4559999999999
 31
0.0
  0
LWPOLYLINE
  5
734
330
17
100
AcDbEntity
  8
POLYLINES
100
AcDbPolyline
 90
2
 70
0
 10
258.96132480000006
 20
250.32672000000002
 10
257.56021920000006
 20
252.83482559999993
  0
LWPOLYLINE
  5
735
330
17
100
AcDbEntity
  8
POLYLINES
100
AcDbPolyline
 90
2
 70
0
 10
256.87840226975044
 20
253.14301887140164
 10
254.06995851740646
 20
252.53775893927514
  0
LWPOLYLINE
  5
736
330
17
100
AcDbEntity
  8
POLYLINES
100
AcDbPolyline
 90
2
 70
0
 10
253.07051520000005
 20
250.32672000000002
 10
254.47162080000004
 20
247.8186144
  0
LWPOLYLINE
  5
737
330
17
100
AcDbEntity
  8
POLYLINES
100
AcDbPolyline
 90
2
 70
0
 10
255.15343773024966
 20
247.5104211285984
 10
257.96188148259364
 20
248.1156810607248
  0
LWPOLYLINE
  5
738
330
17
100
AcDbEntity
  8
POLYLINES
100
AcDbPolyline
 90
2
 70
0
 10
167.37093120000003
 20
231.44687999999996
 10
165.91738080000002
 20
234.04884479999998
  0
LWPOLYLINE
  5
739
330
17
100
AcDbEntity
  8
POLYLINES
100
AcDbPolyline
 90
2
 70
0
 10
165.21004495133764
 20
234.36859284095044
 10
162.29649908563684
 20
233.740671054264
  0
LWPOLYLINE
  5
73A
330
17
100
AcDbEntity
  8
POLYLINES
100
AcDbPolyline
 90
2
 70
0
 10
161.25962880000003
 20
231.44687999999996
 10
162.71317920000004
 20
228.84491520000006
  0
LWPOLYLINE
  5
73B
330
17
100
AcDbEntity
  8
POLYLINES
100
AcDbPolyline
 90
2
 70
0
 10
163.42051504866242
 20
228.5251671590496
 10
166.33406091436322
 20
229.15308894573604
  0
LINE
  5
73C
330
17
100
AcDbEntity
  8
LINES
100
AcDbLine
 10
340.12199999999996
 20
372.96
 30
0.0
 11
318.59400000000005
 21
373.248
 31
0.0
  0
LINE
  5
73D
330
17
100
AcDbEntity
  8
LINES
100
AcDbLine
 10
340.12199999999996
 20
372.96
 30
0.0
 11
318.59400000000005
 21
373.248
 31
0.0
  0
LINE
  5
73E
330
17
100
AcDbEntity
  8
LINES
100
AcDbLine
 10
700.842
 20
369.57599999999996
 30
0.0
 11
241.914
 21
234.5039999999999
 31
0.0
  0
LINE
  5
73F
330
17
100
AcDbEntity
  8
LINES
100
AcDbLine
 10
700.842
 20
369.57599999999996
 30
0.0
 11
241.914
 21
234.5039999999999
 31
0.0
  0
LWPOLYLINE
  5
740
330
17
100
AcDbEntity
  8
POLYLINES
100
AcDbPolyline
 90
5
 70
0
 10
199.86599999999999
 20
290.304
 10
201.01800000000003
 20
288.288
 10
199.86599999999999
 20
287.568
 10
198.71399999999994
 20
289.58400000000006
 10
199.86599999999999
 20
290.304
  0
LWPOLYLINE
  5
741
330
17
100
AcDbEntity
  8
POLYLINES
100
AcDbPolyline
 90
5
 70
0
 10
199.86599999999999
 20
290.304
 10
201.01800000000003
 20
288.288
 10
199.86599999999999
 20
287.568
 10
198.71399999999994
 20
289.58400000000006
 10
199.86599999999999
 20
290.304
  0
LINE
  5
742
330
17
100
AcDbEntity
  8
LINES
100
AcDbLine
 10
203.538
 20
282.312
 30
0.0
 11
201.522
 21
286.0559999999999
 31
0.0
  0
LINE
  5
743
330
17
100
AcDbEntity
  8
LINES
100
AcDbLine
 10
203.538
 20
282.312
 30
0.0
 11
201.522
 21
286.0559999999999
 31
0.0
  0
LINE
  5
744
330
17
100
AcDbEntity
  8
LINES
100
AcDbLine
 10
206.70600000000002
 20
276.696
 30
0.0
 11
204.618
 21
280.43999999999994
 31
0.0
  0
LINE
  5
745
330
17
100
AcDbEntity
  8
LINES
100
AcDbLine
 10
206.70600000000002
 20
276.696
 30
0.0
 11
204.618
 21
280.43999999999994
 31
0.0
  0
LINE
  5
746
330
17
100
AcDbEntity
  8
LINES
100
AcDbLine
 10
209.80200000000002
 20
271.22400000000005
 30
0.0
 11
207.714
 21
274.89599999999996
 31
0.0
  0
LINE
  5
747
330
17
100
AcDbEntity
  8
LINES
100
AcDbLine
 10
209.80200000000002
 20
271.22400000000005
 30
0.0
 11
207.714
 21
274.89599999999996
 31
0.0
  0
LINE
  5
748
330
17
100
AcDbEntity
  8
LINES
100
AcDbLine
 10
212.89800000000002
 20
265.60799999999995
 30
0.0
 11
210.81
 21
269.352
 31
0.0
  0
LINE
  5
749
330
17
100
AcDbEntity
  8
LINES
100
AcDbLine
 10
212.89800000000002
 20
265.60799999999995
 30
0.0
 11
210.81
 21
269.352
 31
0.0
  0
LINE
  5
74A
330
17
100
AcDbEntity
  8
LINES
100
AcDbLine
 10
216.06600000000003
 20
259.99199999999996
 30
0.0
 11
213.906
 21
263.736
 31
0.0
  0
LINE
  5
74B
330
17
100
AcDbEntity
  8
LINES
100
AcDbLine
 10
216.06600000000003
 20
259.99199999999996
 30
0.0
 11
213.906
 21
263.736
 31
0.0
  0
LINE
  5
74C
330
17
100
AcDbEntity
  8
LINES
100
AcDbLine
 10
219.16200000000003
 20
254.51999999999998
 30
0.0
 11
217.074
 21
258.192
 31
0.0
  0
LINE
  5
74D
330
17
100
AcDbEntity
  8
LINES
100
AcDbLine
 10
219.16200000000003
 20
254.51999999999998
 30
0.0
 11
217.074
 21
258.192
 31
0.0
  0
LINE
  5
74E
330
17
100
AcDbEntity
  8
LINES
100
AcDbLine
 10
222.25800000000004
 20
248.904
 30
0.0
 11
220.17000000000002
 21
252.64800000000002
 31
0.0
  0
LINE
  5
74F
330
17
100
AcDbEntity
  8
LINES
100
AcDbLine
 10
222.25800000000004
 20
248.904
 30
0.0
 11
220.17000000000002
 21
252.64800000000002
 31
0.0
  0
LINE
  5
750
330
17
100
AcDbEntity
  8
LINES
100
AcDbLine
 10
225.35400000000004
 20
243.3599999999999
 30
0.0
 11
223.26600000000002
 21
247.03199999999993
 31
0.0
  0
LINE
  5
751
330
17
100
AcDbEntity
  8
LINES
100
AcDbLine
 10
225.35400000000004
 20
243.3599999999999
 30
0.0
 11
223.26600000000002
 21
247.03199999999993
 31
0.0
  0
LINE
  5
752
330
17
100
AcDbEntity
  8
LINES
100
AcDbLine
 10
228.45
 20
237.81600000000003
 30
0.0
 11
226.43400000000003
 21
241.48800000000006
 31
0.0
  0
LINE
  5
753
330
17
100
AcDbEntity
  8
LINES
100
AcDbLine
 10
228.45
 20
237.81600000000003
 30
0.0
 11
226.43400000000003
 21
241.48800000000006
 31
0.0
  0
LWPOLYLINE
  5
754
330
17
100
AcDbEntity
  8
POLYLINES
100
AcDbPolyline
 90
5
 70
0
 10
230.106
 20
236.30399999999997
 10
231.25800000000004
 20
234.144
 10
230.106
 20
233.56799999999998
 10
228.95400000000006
 20
235.58399999999995
 10
230.106
 20
236.30399999999997
  0
LWPOLYLINE
  5
755
330
17
100
AcDbEntity
  8
POLYLINES
100
AcDbPolyline
 90
5
 70
0
 10
230.106
 20
236.30399999999997
 10
231.25800000000004
 20
234.144
 10
230.106
 20
233.56799999999998
 10
228.95400000000006
 20
235.58399999999995
 10
230.106
 20
236.30399999999997
  0
LINE
  5
756
330
17
100
AcDbEntity
  8
LINES
100
AcDbLine
 10
264.16200000000003
 20
269.13599999999997
 30
0.0
 11
268.122
 21
267.1199999999999
 31
0.0
  0
LINE
  5
757
330
17
100
AcDbEntity
  8
LINES
100
AcDbLine
 10
264.16200000000003
 20
269.13599999999997
 30
0.0
 11
268.122
 21
267.1199999999999
 31
0.0
  0
LINE
  5
758
330
17
100
AcDbEntity
  8
LINES
100
AcDbLine
 10
258.47400000000005
 20
272.0160000000001
 30
0.0
 11
262.29
 21
270.072
 31
0.0
  0
LINE
  5
759
330
17
100
AcDbEntity
  8
LINES
100
AcDbLine
 10
258.47400000000005
 20
272.0160000000001
 30
0.0
 11
262.29
 21
270.072
 31
0.0
  0
LINE
  5
75A
330
17
100
AcDbEntity
  8
LINES
100
AcDbLine
 10
252.786
 20
274.89599999999996
 30
0.0
 11
256.602
 21
272.952
 31
0.0
  0
LINE
  5
75B
330
17
100
AcDbEntity
  8
LINES
100
AcDbLine
 10
252.786
 20
274.89599999999996
 30
0.0
 11
256.602
 21
272.952
 31
0.0
  0
LINE
  5
75C
330
17
100
AcDbEntity
  8
LINES
100
AcDbLine
 10
247.098
 20
277.70399999999995
 30
0.0
 11
250.914
 21
275.832
 31
0.0
  0
LINE
  5
75D
330
17
100
AcDbEntity
  8
LINES
100
AcDbLine
 10
247.098
 20
277.70399999999995
 30
0.0
 11
250.914
 21
275.832
 31
0.0
  0
LINE
  5
75E
330
17
100
AcDbEntity
  8
LINES
100
AcDbLine
 10
241.40999999999997
 20
280.58399999999995
 30
0.0
 11
245.226
 21
278.712
 31
0.0
  0
LINE
  5
75F
330
17
100
AcDbEntity
  8
LINES
100
AcDbLine
 10
241.40999999999997
 20
280.58399999999995
 30
0.0
 11
245.226
 21
278.712
 31
0.0
  0
LINE
  5
760
330
17
100
AcDbEntity
  8
LINES
100
AcDbLine
 10
235.72199999999998
 20
283.46399999999994
 30
0.0
 11
239.466
 21
281.592
 31
0.0
  0
LINE
  5
761
330
17
100
AcDbEntity
  8
LINES
100
AcDbLine
 10
235.72199999999998
 20
283.46399999999994
 30
0.0
 11
239.466
 21
281.592
 31
0.0
  0
LINE
  5
762
330
17
100
AcDbEntity
  8
LINES
100
AcDbLine
 10
230.034
 20
286.34399999999994
 30
0.0
 11
233.85000000000002
 21
284.472
 31
0.0
  0
LINE
  5
763
330
17
100
AcDbEntity
  8
LINES
100
AcDbLine
 10
230.034
 20
286.34399999999994
 30
0.0
 11
233.85000000000002
 21
284.472
 31
0.0
  0
LINE
  5
764
330
17
100
AcDbEntity
  8
LINES
100
AcDbLine
 10
224.346
 20
289.22399999999993
 30
0.0
 11
228.09000000000003
 21
287.352
 31
0.0
  0
LINE
  5
765
330
17
100
AcDbEntity
  8
LINES
100
AcDbLine
 10
224.346
 20
289.22399999999993
 30
0.0
 11
228.09000000000003
 21
287.352
 31
0.0
  0
LINE
  5
766
330
17
100
AcDbEntity
  8
LINES
100
AcDbLine
 10
218.65800000000002
 20
292.1039999999999
 30
0.0
 11
222.40200000000004
 21
290.23199999999997
 31
0.0
  0
LINE
  5
767
330
17
100
AcDbEntity
  8
LINES
100
AcDbLine
 10
218.65800000000002
 20
292.1039999999999
 30
0.0
 11
222.40200000000004
 21
290.23199999999997
 31
0.0
  0
LINE
  5
768
330
17
100
AcDbEntity
  8
LINES
100
AcDbLine
 10
212.97000000000003
 20
294.98400000000004
 30
0.0
 11
216.71400000000006
 21
293.11199999999997
 31
0.0
  0
LINE
  5
769
330
17
100
AcDbEntity
  8
LINES
100
AcDbLine
 10
212.97000000000003
 20
294.98400000000004
 30
0.0
 11
216.71400000000006
 21
293.11199999999997
 31
0.0
  0
LINE
  5
76A
330
17
100
AcDbEntity
  8
LINES
100
AcDbLine
 10
207.06600000000003
 20
298.0079999999999
 30
0.0
 11
211.026
 21
295.99199999999996
 31
0.0
  0
LINE
  5
76B
330
17
100
AcDbEntity
  8
LINES
100
AcDbLine
 10
207.06600000000003
 20
298.0079999999999
 30
0.0
 11
211.026
 21
295.99199999999996
 31
0.0
  0
LWPOLYLINE
  5
76C
330
17
100
AcDbEntity
  8
POLYLINES
100
AcDbPolyline
 90
6
 70
0
 10
454.57412159999996
 20
260.01792
 10
450.80472
 20
263.78732160000004
 10
447.0353184
 20
260.01792
 10
450.80472
 20
256.24851839999997
 10
454.57412159999996
 20
260.01792
 10
454.57412159999996
 20
260.01792
  0
LINE
  5
76D
330
17
100
AcDbEntity
  8
LINES
100
AcDbLine
 10
350.63399999999996
 20
546.7679999999999
 30
0.0
 11
350.70599999999996
 21
573.6959999999999
 31
0.0
  0
LINE
  5
76E
330
17
100
AcDbEntity
  8
LINES
100
AcDbLine
 10
350.63399999999996
 20
546.7679999999999
 30
0.0
 11
350.70599999999996
 21
573.6959999999999
 31
0.0
  0
LINE
  5
76F
330
17
100
AcDbEntity
  8
LINES
100
AcDbLine
 10
677.01
 20
661.896
 30
0.0
 11
705.45
 21
716.76
 31
0.0
  0
LINE
  5
770
330
17
100
AcDbEntity
  8
LINES
100
AcDbLine
 10
677.01
 20
661.896
 30
0.0
 11
705.45
 21
716.76
 31
0.0
  0
LINE
  5
771
330
17
100
AcDbEntity
  8
LINES
100
AcDbLine
 10
356.322
 20
584.856
 30
0.0
 11
581.394
 21
637.848
 31
0.0
  0
LINE
  5
772
330
17
100
AcDbEntity
  8
LINES
100
AcDbLine
 10
356.322
 20
584.856
 30
0.0
 11
581.394
 21
637.848
 31
0.0
  0
LWPOLYLINE
  5
773
330
17
100
AcDbEntity
  8
POLYLINES
100
AcDbPolyline
 90
6
 70
0
 10
711.1461216
 20
681.79248
 10
707.37672
 20
685.5618816
 10
703.6073183999999
 20
681.79248
 10
707.37672
 20
678.0230783999999
 10
711.1461216
 20
681.79248
 10
711.1461216
 20
681.79248
  0
LWPOLYLINE
  5
774
330
17
100
AcDbEntity
  8
POLYLINES
100
AcDbPolyline
 90
6
 70
0
 10
717.9328416000001
 20
690.5980799999999
 10
714.16344
 20
694.3674815999999
 10
710.3940384
 20
690.5980799999999
 10
714.16344
 20
686.8286783999998
 10
717.9328416000001
 20
690.5980799999999
 10
717.9328416000001
 20
690.5980799999999
  0
LWPOLYLINE
  5
775
330
17
100
AcDbEntity
  8
POLYLINES
100
AcDbPolyline
 90
6
 70
0
 10
385.7536416
 20
721.4097599999999
 10
381.98424
 20
725.1791615999999
 10
378.2148384
 20
721.4097599999999
 10
381.98424
 20
717.6403583999999
 10
385.7536416
 20
721.4097599999999
 10
385.7536416
 20
721.4097599999999
  0
LINE
  5
776
330
17
100
AcDbEntity
  8
LINES
100
AcDbLine
 10
246.09000000000003
 20
579.8879999999999
 30
0.0
 11
312.47400000000005
 21
579.96
 31
0.0
  0
LINE
  5
777
330
17
100
AcDbEntity
  8
LINES
100
AcDbLine
 10
246.09000000000003
 20
579.8879999999999
 30
0.0
 11
312.47400000000005
 21
579.96
 31
0.0
  0
LINE
  5
778
330
17
100
AcDbEntity
  8
LINES
100
AcDbLine
 10
110.87400000000002
 20
579.8879999999999
 30
0.0
 11
235.28999999999996
 21
579.96
 31
0.0
  0
LINE
  5
779
330
17
100
AcDbEntity
  8
LINES
100
AcDbLine
 10
110.87400000000002
 20
579.8879999999999
 30
0.0
 11
235.28999999999996
 21
579.96
 31
0.0
  0
LINE
  5
77A
330
17
100
AcDbEntity
  8
LINES
100
AcDbLine
 10
235.43399999999997
 20
722.0159999999998
 30
0.0
 11
312.04200000000003
 21
721.7279999999998
 31
0.0
  0
LINE
  5
77B
330
17
100
AcDbEntity
  8
LINES
100
AcDbLine
 10
235.43399999999997
 20
722.0159999999998
 30
0.0
 11
312.04200000000003
 21
721.7279999999998
 31
0.0
  0
LINE
  5
77C
330
17
100
AcDbEntity
  8
LINES
100
AcDbLine
 10
110.87400000000002
 20
722.1599999999999
 30
0.0
 11
235.43399999999997
 21
722.0159999999998
 31
0.0
  0
LINE
  5
77D
330
17
100
AcDbEntity
  8
LINES
100
AcDbLine
 10
110.87400000000002
 20
722.1599999999999
 30
0.0
 11
235.43399999999997
 21
722.0159999999998
 31
0.0
  0
LINE
  5
77E
330
17
100
AcDbEntity
  8
LINES
100
AcDbLine
 10
272.73
 20
607.3919999999999
 30
0.0
 11
243.06600000000003
 21
585.7919999999999
 31
0.0
  0
LINE
  5
77F
330
17
100
AcDbEntity
  8
LINES
100
AcDbLine
 10
272.73
 20
607.3919999999999
 30
0.0
 11
243.06600000000003
 21
585.7919999999999
 31
0.0
  0
LINE
  5
780
330
17
100
AcDbEntity
  8
LINES
100
AcDbLine
 10
283.962
 20
607.3919999999999
 30
0.0
 11
311.754
 21
585.9359999999999
 31
0.0
  0
LINE
  5
781
330
17
100
AcDbEntity
  8
LINES
100
AcDbLine
 10
283.962
 20
607.3919999999999
 30
0.0
 11
311.754
 21
585.9359999999999
 31
0.0
  0
LWPOLYLINE
  5
782
330
17
100
AcDbEntity
  8
POLYLINES
100
AcDbPolyline
 90
2
 70
0
 10
263.54916479999997
 20
598.82544
 10
262.1480592
 20
601.3335456
  0
LWPOLYLINE
  5
783
330
17
100
AcDbEntity
  8
POLYLINES
100
AcDbPolyline
 90
2
 70
0
 10
261.46624226975035
 20
601.6417388714016
 10
258.6577985174064
 20
601.0364789392752
  0
LWPOLYLINE
  5
784
330
17
100
AcDbEntity
  8
POLYLINES
100
AcDbPolyline
 90
2
 70
0
 10
257.65835519999996
 20
598.82544
 10
259.05946079999995
 20
596.3173343999999
  0
LWPOLYLINE
  5
785
330
17
100
AcDbEntity
  8
POLYLINES
100
AcDbPolyline
 90
2
 70
0
 10
259.7412777302496
 20
596.0091411285983
 10
262.54972148259355
 20
596.6144010607247
  0
LWPOLYLINE
  5
786
330
17
100
AcDbEntity
  8
POLYLINES
100
AcDbPolyline
 90
2
 70
0
 10
171.95877119999994
 20
579.9456
 10
170.50522079999993
 20
582.5475648
  0
LWPOLYLINE
  5
787
330
17
100
AcDbEntity
  8
POLYLINES
100
AcDbPolyline
 90
2
 70
0
 10
169.79788495133755
 20
582.8673128409504
 10
166.88433908563675
 20
582.239391054264
  0
LWPOLYLINE
  5
788
330
17
100
AcDbEntity
  8
POLYLINES
100
AcDbPolyline
 90
2
 70
0
 10
165.84746879999994
 20
579.9456
 10
167.30101919999996
 20
577.3436352
  0
LWPOLYLINE
  5
789
330
17
100
AcDbEntity
  8
POLYLINES
100
AcDbPolyline
 90
2
 70
0
 10
168.00835504866234
 20
577.0238871590497
 10
170.92190091436314
 20
577.651808945736
  0
LINE
  5
78A
330
17
100
AcDbEntity
  8
LINES
100
AcDbLine
 10
344.73
 20
721.44
 30
0.0
 11
323.202
 21
721.7279999999998
 31
0.0
  0
LINE
  5
78B
330
17
100
AcDbEntity
  8
LINES
100
AcDbLine
 10
344.73
 20
721.44
 30
0.0
 11
323.202
 21
721.7279999999998
 31
0.0
  0
LINE
  5
78C
330
17
100
AcDbEntity
  8
LINES
100
AcDbLine
 10
705.45
 20
718.056
 30
0.0
 11
246.52200000000005
 21
582.9839999999999
 31
0.0
  0
LINE
  5
78D
330
17
100
AcDbEntity
  8
LINES
100
AcDbLine
 10
705.45
 20
718.056
 30
0.0
 11
246.52200000000005
 21
582.9839999999999
 31
0.0
  0
LINE
  5
78E
330
17
100
AcDbEntity
  8
LINES
100
AcDbLine
 10
606.6659999999999
 20
642.816
 30
0.0
 11
592.626
 21
637.848
 31
0.0
  0
LINE
  5
78F
330
17
100
AcDbEntity
  8
LINES
100
AcDbLine
 10
606.6659999999999
 20
642.816
 30
0.0
 11
592.626
 21
637.848
 31
0.0
  0
LINE
  5
790
330
17
100
AcDbEntity
  8
LINES
100
AcDbLine
 10
705.45
 20
716.8319999999999
 30
0.0
 11
606.6659999999999
 21
642.816
 31
0.0
  0
LINE
  5
791
330
17
100
AcDbEntity
  8
LINES
100
AcDbLine
 10
705.45
 20
716.8319999999999
 30
0.0
 11
606.6659999999999
 21
642.816
 31
0.0
  0
LWPOLYLINE
  5
792
330
17
100
AcDbEntity
  8
POLYLINES
100
AcDbPolyline
 90
6
 70
0
 10
459.1619616
 20
608.51664
 10
455.39256
 20
612.2860416000001
 10
451.6231584
 20
608.51664
 10
455.39256
 20
604.7472384
 10
459.1619616
 20
608.51664
 10
459.1619616
 20
608.51664
  0
LINE
  5
793
330
17
100
AcDbEntity
  8
LINES
100
AcDbLine
 10
672.402
 20
313.99199999999996
 30
0.0
 11
700.8419999999999
 21
368.856
 31
0.0
  0
LINE
  5
794
330
17
100
AcDbEntity
  8
LINES
100
AcDbLine
 10
672.402
 20
313.99199999999996
 30
0.0
 11
700.8419999999999
 21
368.856
 31
0.0
  0
LINE
  5
795
330
17
100
AcDbEntity
  8
LINES
100
AcDbLine
 10
602.058
 20
294.8399999999999
 30
0.0
 11
588.018
 21
289.36799999999994
 31
0.0
  0
LINE
  5
796
330
17
100
AcDbEntity
  8
LINES
100
AcDbLine
 10
602.058
 20
294.8399999999999
 30
0.0
 11
588.018
 21
289.36799999999994
 31
0.0
  0
LINE
  5
797
330
17
100
AcDbEntity
  8
LINES
100
AcDbLine
 10
700.842
 20
368.784
 30
0.0
 11
602.058
 21
294.8399999999999
 31
0.0
  0
LINE
  5
798
330
17
100
AcDbEntity
  8
LINES
100
AcDbLine
 10
700.842
 20
368.784
 30
0.0
 11
602.058
 21
294.8399999999999
 31
0.0
  0
LWPOLYLINE
  5
799
330
17
100
AcDbEntity
  8
POLYLINES
100
AcDbPolyline
 90
71
 70
0
 10
958.458
 20
723.1679999999999
 10
958.458
 20
723.7439999999999
 10
958.314
 20
724.4639999999999
 10
958.17
 20
725.04
 10
958.026
 20
725.616
 10
957.7379999999999
 20
726.1919999999999
 10
957.4499999999999
 20
726.7679999999999
 10
957.018
 20
727.3439999999999
 10
956.73
 20
727.776
 10
956.298
 20
728.352
 10
955.722
 20
728.784
 10
955.29
 20
729.0719999999999
 10
954.7139999999999
 20
729.5039999999999
 10
954.1379999999999
 20
729.6479999999999
 10
953.5619999999999
 20
729.9359999999999
 10
952.842
 20
730.0799999999999
 10
952.266
 20
730.2239999999999
 10
951.5459999999999
 20
730.2239999999999
 10
950.97
 20
730.2239999999999
 10
950.25
 20
730.2239999999999
 10
949.674
 20
730.0799999999999
 10
949.098
 20
729.9359999999999
 10
948.5219999999999
 20
729.6479999999999
 10
947.9459999999999
 20
729.5039999999999
 10
947.3699999999999
 20
729.0719999999999
 10
946.794
 20
728.784
 10
946.362
 20
728.352
 10
945.93
 20
727.776
 10
945.4979999999999
 20
727.3439999999999
 10
945.066
 20
726.7679999999999
 10
944.778
 20
726.1919999999999
 10
944.634
 20
725.616
 10
944.346
 20
725.04
 10
944.202
 20
724.4639999999999
 10
944.202
 20
723.7439999999999
 10
944.058
 20
723.1679999999999
 10
944.202
 20
722.448
 10
944.202
 20
721.872
 10
944.346
 20
721.2959999999999
 10
944.634
 20
720.5759999999999
 10
944.778
 20
720.0
 10
945.066
 20
719.424
 10
945.4979999999999
 20
718.992
 10
945.93
 20
718.4159999999999
 10
946.362
 20
717.9839999999999
 10
946.794
 20
717.5519999999999
 10
947.3699999999999
 20
717.1199999999999
 10
947.9459999999999
 20
716.832
 10
948.5219999999999
 20
716.544
 10
949.098
 20
716.256
 10
949.674
 20
716.112
 10
950.25
 20
715.968
 10
950.97
 20
715.968
 10
951.5459999999999
 20
715.968
 10
952.266
 20
715.968
 10
952.842
 20
716.112
 10
953.5619999999999
 20
716.256
 10
954.1379999999999
 20
716.544
 10
954.7139999999999
 20
716.832
 10
955.29
 20
717.1199999999999
 10
955.722
 20
717.5519999999999
 10
956.298
 20
717.9839999999999
 10
956.73
 20
718.4159999999999
 10
957.018
 20
718.992
 10
957.4499999999999
 20
719.424
 10
957.7379999999999
 20
720.0
 10
958.026
 20
720.5759999999999
 10
958.17
 20
721.2959999999999
 10
958.314
 20
721.872
 10
958.458
 20
722.448
 10
958.458
 20
723.1679999999999
  0
LWPOLYLINE
  5
79A
330
17
100
AcDbEntity
  8
POLYLINES
100
AcDbPolyline
 90
71
 70
0
 10
958.458
 20
723.1679999999999
 10
958.458
 20
723.7439999999999
 10
958.314
 20
724.4639999999999
 10
958.17
 20
725.04
 10
958.026
 20
725.616
 10
957.7379999999999
 20
726.1919999999999
 10
957.4499999999999
 20
726.7679999999999
 10
957.018
 20
727.3439999999999
 10
956.73
 20
727.776
 10
956.298
 20
728.352
 10
955.722
 20
728.784
 10
955.29
 20
729.0719999999999
 10
954.7139999999999
 20
729.5039999999999
 10
954.1379999999999
 20
729.6479999999999
 10
953.5619999999999
 20
729.9359999999999
 10
952.842
 20
730.0799999999999
 10
952.266
 20
730.2239999999999
 10
951.5459999999999
 20
730.2239999999999
 10
950.97
 20
730.2239999999999
 10
950.25
 20
730.2239999999999
 10
949.674
 20
730.0799999999999
 10
949.098
 20
729.9359999999999
 10
948.5219999999999
 20
729.6479999999999
 10
947.9459999999999
 20
729.5039999999999
 10
947.3699999999999
 20
729.0719999999999
 10
946.794
 20
728.784
 10
946.362
 20
728.352
 10
945.93
 20
727.776
 10
945.4979999999999
 20
727.3439999999999
 10
945.066
 20
726.7679999999999
 10
944.778
 20
726.1919999999999
 10
944.634
 20
725.616
 10
944.346
 20
725.04
 10
944.202
 20
724.4639999999999
 10
944.202
 20
723.7439999999999
 10
944.058
 20
723.1679999999999
 10
944.202
 20
722.448
 10
944.202
 20
721.872
 10
944.346
 20
721.2959999999999
 10
944.634
 20
720.5759999999999
 10
944.778
 20
720.0
 10
945.066
 20
719.424
 10
945.4979999999999
 20
718.992
 10
945.93
 20
718.4159999999999
 10
946.362
 20
717.9839999999999
 10
946.794
 20
717.5519999999999
 10
947.3699999999999
 20
717.1199999999999
 10
947.9459999999999
 20
716.832
 10
948.5219999999999
 20
716.544
 10
949.098
 20
716.256
 10
949.674
 20
716.112
 10
950.25
 20
715.968
 10
950.97
 20
715.968
 10
951.5459999999999
 20
715.968
 10
952.266
 20
715.968
 10
952.842
 20
716.112
 10
953.5619999999999
 20
716.256
 10
954.1379999999999
 20
716.544
 10
954.7139999999999
 20
716.832
 10
955.29
 20
717.1199999999999
 10
955.722
 20
717.5519999999999
 10
956.298
 20
717.9839999999999
 10
956.73
 20
718.4159999999999
 10
957.018
 20
718.992
 10
957.4499999999999
 20
719.424
 10
957.7379999999999
 20
720.0
 10
958.026
 20
720.5759999999999
 10
958.17
 20
721.2959999999999
 10
958.314
 20
721.872
 10
958.458
 20
722.448
 10
958.458
 20
723.1679999999999
  0
LWPOLYLINE
  5
79B
330
17
100
AcDbEntity
  8
POLYLINES
100
AcDbPolyline
 90
6
 70
0
 10
958.4385311999999
 20
723.13056
 10
951.28104
 20
730.2880511999999
 10
944.1235488
 20
723.13056
 10
951.28104
 20
715.9730688
 10
958.4385311999999
 20
723.13056
 10
958.4385311999999
 20
723.13056
  0
LWPOLYLINE
  5
79C
330
17
100
AcDbEntity
  8
POLYLINES
100
AcDbPolyline
 90
71
 70
0
 10
958.458
 20
664.4159999999999
 10
958.458
 20
665.136
 10
958.314
 20
665.712
 10
958.17
 20
666.4319999999999
 10
958.026
 20
667.0079999999999
 10
957.7379999999999
 20
667.584
 10
957.4499999999999
 20
668.16
 10
957.018
 20
668.736
 10
956.73
 20
669.1679999999999
 10
956.298
 20
669.5999999999999
 10
955.722
 20
670.0319999999999
 10
955.29
 20
670.4639999999999
 10
954.7139999999999
 20
670.752
 10
954.1379999999999
 20
671.04
 10
953.5619999999999
 20
671.328
 10
952.842
 20
671.472
 10
952.266
 20
671.616
 10
951.5459999999999
 20
671.616
 10
950.97
 20
671.616
 10
950.25
 20
671.616
 10
949.674
 20
671.472
 10
949.098
 20
671.328
 10
948.5219999999999
 20
671.04
 10
947.9459999999999
 20
670.752
 10
947.3699999999999
 20
670.4639999999999
 10
946.794
 20
670.0319999999999
 10
946.362
 20
669.5999999999999
 10
945.93
 20
669.1679999999999
 10
945.4979999999999
 20
668.736
 10
945.066
 20
668.16
 10
944.778
 20
667.584
 10
944.634
 20
667.0079999999999
 10
944.346
 20
666.4319999999999
 10
944.202
 20
665.712
 10
944.202
 20
665.136
 10
944.058
 20
664.4159999999999
 10
944.202
 20
663.8399999999999
 10
944.202
 20
663.2639999999999
 10
944.346
 20
662.544
 10
944.634
 20
661.968
 10
944.778
 20
661.3919999999999
 10
945.066
 20
660.8159999999999
 10
945.4979999999999
 20
660.2399999999999
 10
945.93
 20
659.808
 10
946.362
 20
659.232
 10
946.794
 20
658.944
 10
947.3699999999999
 20
658.512
 10
947.9459999999999
 20
658.2239999999999
 10
948.5219999999999
 20
657.9359999999999
 10
949.098
 20
657.6479999999999
 10
949.674
 20
657.5039999999999
 10
950.25
 20
657.3599999999999
 10
950.97
 20
657.3599999999999
 10
951.5459999999999
 20
657.3599999999999
 10
952.266
 20
657.3599999999999
 10
952.842
 20
657.5039999999999
 10
953.5619999999999
 20
657.6479999999999
 10
954.1379999999999
 20
657.9359999999999
 10
954.7139999999999
 20
658.2239999999999
 10
955.29
 20
658.512
 10
955.722
 20
658.944
 10
956.298
 20
659.232
 10
956.73
 20
659.808
 10
957.018
 20
660.2399999999999
 10
957.4499999999999
 20
660.8159999999999
 10
957.7379999999999
 20
661.3919999999999
 10
958.026
 20
661.968
 10
958.17
 20
662.544
 10
958.314
 20
663.2639999999999
 10
958.458
 20
663.8399999999999
 10
958.458
 20
664.4159999999999
  0
LWPOLYLINE
  5
79D
330
17
100
AcDbEntity
  8
POLYLINES
100
AcDbPolyline
 90
71
 70
0
 10
958.458
 20
664.4159999999999
 10
958.458
 20
665.136
 10
958.314
 20
665.712
 10
958.17
 20
666.4319999999999
 10
958.026
 20
667.0079999999999
 10
957.7379999999999
 20
667.584
 10
957.4499999999999
 20
668.16
 10
957.018
 20
668.736
 10
956.73
 20
669.1679999999999
 10
956.298
 20
669.5999999999999
 10
955.722
 20
670.0319999999999
 10
955.29
 20
670.4639999999999
 10
954.7139999999999
 20
670.752
 10
954.1379999999999
 20
671.04
 10
953.5619999999999
 20
671.328
 10
952.842
 20
671.472
 10
952.266
 20
671.616
 10
951.5459999999999
 20
671.616
 10
950.97
 20
671.616
 10
950.25
 20
671.616
 10
949.674
 20
671.472
 10
949.098
 20
671.328
 10
948.5219999999999
 20
671.04
 10
947.9459999999999
 20
670.752
 10
947.3699999999999
 20
670.4639999999999
 10
946.794
 20
670.0319999999999
 10
946.362
 20
669.5999999999999
 10
945.93
 20
669.1679999999999
 10
945.4979999999999
 20
668.736
 10
945.066
 20
668.16
 10
944.778
 20
667.584
 10
944.634
 20
667.0079999999999
 10
944.346
 20
666.4319999999999
 10
944.202
 20
665.712
 10
944.202
 20
665.136
 10
944.058
 20
664.4159999999999
 10
944.202
 20
663.8399999999999
 10
944.202
 20
663.2639999999999
 10
944.346
 20
662.544
 10
944.634
 20
661.968
 10
944.778
 20
661.3919999999999
 10
945.066
 20
660.8159999999999
 10
945.4979999999999
 20
660.2399999999999
 10
945.93
 20
659.808
 10
946.362
 20
659.232
 10
946.794
 20
658.944
 10
947.3699999999999
 20
658.512
 10
947.9459999999999
 20
658.2239999999999
 10
948.5219999999999
 20
657.9359999999999
 10
949.098
 20
657.6479999999999
 10
949.674
 20
657.5039999999999
 10
950.25
 20
657.3599999999999
 10
950.97
 20
657.3599999999999
 10
951.5459999999999
 20
657.3599999999999
 10
952.266
 20
657.3599999999999
 10
952.842
 20
657.5039999999999
 10
953.5619999999999
 20
657.6479999999999
 10
954.1379999999999
 20
657.9359999999999
 10
954.7139999999999
 20
658.2239999999999
 10
955.29
 20
658.512
 10
955.722
 20
658.944
 10
956.298
 20
659.232
 10
956.73
 20
659.808
 10
957.018
 20
660.2399999999999
 10
957.4499999999999
 20
660.8159999999999
 10
957.7379999999999
 20
661.3919999999999
 10
958.026
 20
661.968
 10
958.17
 20
662.544
 10
958.314
 20
663.2639999999999
 10
958.458
 20
663.8399999999999
 10
958.458
 20
664.4159999999999
  0
LWPOLYLINE
  5
79E
330
17
100
AcDbEntity
  8
POLYLINES
100
AcDbPolyline
 90
6
 70
0
 10
958.4385311999999
 20
664.4764799999999
 10
951.28104
 20
671.6339711999999
 10
944.1235488
 20
664.4764799999999
 10
951.28104
 20
657.3189887999999
 10
958.4385311999999
 20
664.4764799999999
 10
958.4385311999999
 20
664.4764799999999
  0
LWPOLYLINE
  5
79F
330
17
100
AcDbEntity
  8
POLYLINES
100
AcDbPolyline
 90
71
 70
0
 10
958.458
 20
540.5759999999999
 10
958.458
 20
541.2959999999999
 10
958.314
 20
541.872
 10
958.17
 20
542.592
 10
958.026
 20
543.168
 10
957.7379999999999
 20
543.7439999999999
 10
957.4499999999999
 20
544.3199999999999
 10
957.018
 20
544.896
 10
956.73
 20
545.328
 10
956.298
 20
545.76
 10
955.722
 20
546.192
 10
955.29
 20
546.6239999999999
 10
954.7139999999999
 20
546.9119999999999
 10
954.1379999999999
 20
547.1999999999999
 10
953.5619999999999
 20
547.4879999999999
 10
952.842
 20
547.632
 10
952.266
 20
547.776
 10
951.5459999999999
 20
547.776
 10
950.97
 20
547.776
 10
950.25
 20
547.776
 10
949.674
 20
547.632
 10
949.098
 20
547.4879999999999
 10
948.5219999999999
 20
547.1999999999999
 10
947.9459999999999
 20
546.9119999999999
 10
947.3699999999999
 20
546.6239999999999
 10
946.794
 20
546.192
 10
946.362
 20
545.76
 10
945.93
 20
545.328
 10
945.4979999999999
 20
544.896
 10
945.066
 20
544.3199999999999
 10
944.778
 20
543.7439999999999
 10
944.634
 20
543.168
 10
944.346
 20
542.592
 10
944.202
 20
541.872
 10
944.202
 20
541.2959999999999
 10
944.058
 20
540.5759999999999
 10
944.202
 20
540.0
 10
944.202
 20
539.424
 10
944.346
 20
538.704
 10
944.634
 20
538.1279999999999
 10
944.778
 20
537.5519999999999
 10
945.066
 20
536.976
 10
945.4979999999999
 20
536.4
 10
945.93
 20
535.968
 10
946.362
 20
535.3919999999999
 10
946.794
 20
535.1039999999999
 10
947.3699999999999
 20
534.6719999999999
 10
947.9459999999999
 20
534.384
 10
948.5219999999999
 20
534.096
 10
949.098
 20
533.808
 10
949.674
 20
533.664
 10
950.25
 20
533.52
 10
950.97
 20
533.52
 10
951.5459999999999
 20
533.52
 10
952.266
 20
533.52
 10
952.842
 20
533.664
 10
953.5619999999999
 20
533.808
 10
954.1379999999999
 20
534.096
 10
954.7139999999999
 20
534.384
 10
955.29
 20
534.6719999999999
 10
955.722
 20
535.1039999999999
 10
956.298
 20
535.3919999999999
 10
956.73
 20
535.968
 10
957.018
 20
536.4
 10
957.4499999999999
 20
536.976
 10
957.7379999999999
 20
537.5519999999999
 10
958.026
 20
538.1279999999999
 10
958.17
 20
538.704
 10
958.314
 20
539.424
 10
958.458
 20
540.0
 10
958.458
 20
540.5759999999999
  0
LWPOLYLINE
  5
7A0
330
17
100
AcDbEntity
  8
POLYLINES
100
AcDbPolyline
 90
71
 70
0
 10
958.458
 20
540.5759999999999
 10
958.458
 20
541.2959999999999
 10
958.314
 20
541.872
 10
958.17
 20
542.592
 10
958.026
 20
543.168
 10
957.7379999999999
 20
543.7439999999999
 10
957.4499999999999
 20
544.3199999999999
 10
957.018
 20
544.896
 10
956.73
 20
545.328
 10
956.298
 20
545.76
 10
955.722
 20
546.192
 10
955.29
 20
546.6239999999999
 10
954.7139999999999
 20
546.9119999999999
 10
954.1379999999999
 20
547.1999999999999
 10
953.5619999999999
 20
547.4879999999999
 10
952.842
 20
547.632
 10
952.266
 20
547.776
 10
951.5459999999999
 20
547.776
 10
950.97
 20
547.776
 10
950.25
 20
547.776
 10
949.674
 20
547.632
 10
949.098
 20
547.4879999999999
 10
948.5219999999999
 20
547.1999999999999
 10
947.9459999999999
 20
546.9119999999999
 10
947.3699999999999
 20
546.6239999999999
 10
946.794
 20
546.192
 10
946.362
 20
545.76
 10
945.93
 20
545.328
 10
945.4979999999999
 20
544.896
 10
945.066
 20
544.3199999999999
 10
944.778
 20
543.7439999999999
 10
944.634
 20
543.168
 10
944.346
 20
542.592
 10
944.202
 20
541.872
 10
944.202
 20
541.2959999999999
 10
944.058
 20
540.5759999999999
 10
944.202
 20
540.0
 10
944.202
 20
539.424
 10
944.346
 20
538.704
 10
944.634
 20
538.1279999999999
 10
944.778
 20
537.5519999999999
 10
945.066
 20
536.976
 10
945.4979999999999
 20
536.4
 10
945.93
 20
535.968
 10
946.362
 20
535.3919999999999
 10
946.794
 20
535.1039999999999
 10
947.3699999999999
 20
534.6719999999999
 10
947.9459999999999
 20
534.384
 10
948.5219999999999
 20
534.096
 10
949.098
 20
533.808
 10
949.674
 20
533.664
 10
950.25
 20
533.52
 10
950.97
 20
533.52
 10
951.5459999999999
 20
533.52
 10
952.266
 20
533.52
 10
952.842
 20
533.664
 10
953.5619999999999
 20
533.808
 10
954.1379999999999
 20
534.096
 10
954.7139999999999
 20
534.384
 10
955.29
 20
534.6719999999999
 10
955.722
 20
535.1039999999999
 10
956.298
 20
535.3919999999999
 10
956.73
 20
535.968
 10
957.018
 20
536.4
 10
957.4499999999999
 20
536.976
 10
957.7379999999999
 20
537.5519999999999
 10
958.026
 20
538.1279999999999
 10
958.17
 20
538.704
 10
958.314
 20
539.424
 10
958.458
 20
540.0
 10
958.458
 20
540.5759999999999
  0
LWPOLYLINE
  5
7A1
330
17
100
AcDbEntity
  8
POLYLINES
100
AcDbPolyline
 90
6
 70
0
 10
958.4385311999999
 20
540.63648
 10
951.28104
 20
547.7939712
 10
944.1235488
 20
540.63648
 10
951.28104
 20
533.4789888
 10
958.4385311999999
 20
540.63648
 10
958.4385311999999
 20
540.63648
  0
LWPOLYLINE
  5
7A2
330
17
100
AcDbEntity
  8
POLYLINES
100
AcDbPolyline
 90
71
 70
0
 10
1099.866
 20
539.424
 10
1099.866
 20
540.0
 10
1099.866
 20
540.7199999999999
 10
1099.722
 20
541.2959999999999
 10
1099.434
 20
541.872
 10
1099.146
 20
542.448
 10
1098.858
 20
543.024
 10
1098.57
 20
543.5999999999999
 10
1098.138
 20
544.1759999999999
 10
1097.706
 20
544.608
 10
1097.274
 20
545.04
 10
1096.6979999999999
 20
545.328
 10
1096.1219999999998
 20
545.76
 10
1095.5459999999998
 20
546.048
 10
1094.97
 20
546.192
 10
1094.394
 20
546.336
 10
1093.674
 20
546.4799999999999
 10
1093.098
 20
546.6239999999999
 10
1092.378
 20
546.6239999999999
 10
1091.802
 20
546.4799999999999
 10
1091.2259999999999
 20
546.336
 10
1090.5059999999999
 20
546.192
 10
1089.9299999999998
 20
546.048
 10
1089.354
 20
545.76
 10
1088.778
 20
545.328
 10
1088.346
 20
545.04
 10
1087.77
 20
544.608
 10
1087.338
 20
544.1759999999999
 10
1086.906
 20
543.5999999999999
 10
1086.618
 20
543.024
 10
1086.33
 20
542.448
 10
1086.042
 20
541.872
 10
1085.898
 20
541.2959999999999
 10
1085.754
 20
540.7199999999999
 10
1085.61
 20
540.0
 10
1085.61
 20
539.424
 10
1085.61
 20
538.704
 10
1085.754
 20
538.1279999999999
 10
1085.898
 20
537.5519999999999
 10
1086.042
 20
536.832
 10
1086.33
 20
536.256
 10
1086.618
 20
535.68
 10
1086.906
 20
535.2479999999999
 10
1087.338
 20
534.6719999999999
 10
1087.77
 20
534.24
 10
1088.346
 20
533.808
 10
1088.778
 20
533.376
 10
1089.354
 20
533.088
 10
1089.9299999999998
 20
532.8
 10
1090.5059999999999
 20
532.656
 10
1091.2259999999999
 20
532.3679999999999
 10
1091.802
 20
532.3679999999999
 10
1092.378
 20
532.2239999999999
 10
1093.098
 20
532.2239999999999
 10
1093.674
 20
532.3679999999999
 10
1094.394
 20
532.3679999999999
 10
1094.97
 20
532.656
 10
1095.5459999999998
 20
532.8
 10
1096.1219999999998
 20
533.088
 10
1096.6979999999999
 20
533.376
 10
1097.274
 20
533.808
 10
1097.706
 20
534.24
 10
1098.138
 20
534.6719999999999
 10
1098.57
 20
535.2479999999999
 10
1098.858
 20
535.68
 10
1099.146
 20
536.256
 10
1099.434
 20
536.832
 10
1099.722
 20
537.5519999999999
 10
1099.866
 20
538.1279999999999
 10
1099.866
 20
538.704
 10
1099.866
 20
539.424
  0
LWPOLYLINE
  5
7A3
330
17
100
AcDbEntity
  8
POLYLINES
100
AcDbPolyline
 90
71
 70
0
 10
1099.866
 20
539.424
 10
1099.866
 20
540.0
 10
1099.866
 20
540.7199999999999
 10
1099.722
 20
541.2959999999999
 10
1099.434
 20
541.872
 10
1099.146
 20
542.448
 10
1098.858
 20
543.024
 10
1098.57
 20
543.5999999999999
 10
1098.138
 20
544.1759999999999
 10
1097.706
 20
544.608
 10
1097.274
 20
545.04
 10
1096.6979999999999
 20
545.328
 10
1096.1219999999998
 20
545.76
 10
1095.5459999999998
 20
546.048
 10
1094.97
 20
546.192
 10
1094.394
 20
546.336
 10
1093.674
 20
546.4799999999999
 10
1093.098
 20
546.6239999999999
 10
1092.378
 20
546.6239999999999
 10
1091.802
 20
546.4799999999999
 10
1091.2259999999999
 20
546.336
 10
1090.5059999999999
 20
546.192
 10
1089.9299999999998
 20
546.048
 10
1089.354
 20
545.76
 10
1088.778
 20
545.328
 10
1088.346
 20
545.04
 10
1087.77
 20
544.608
 10
1087.338
 20
544.1759999999999
 10
1086.906
 20
543.5999999999999
 10
1086.618
 20
543.024
 10
1086.33
 20
542.448
 10
1086.042
 20
541.872
 10
1085.898
 20
541.2959999999999
 10
1085.754
 20
540.7199999999999
 10
1085.61
 20
540.0
 10
1085.61
 20
539.424
 10
1085.61
 20
538.704
 10
1085.754
 20
538.1279999999999
 10
1085.898
 20
537.5519999999999
 10
1086.042
 20
536.832
 10
1086.33
 20
536.256
 10
1086.618
 20
535.68
 10
1086.906
 20
535.2479999999999
 10
1087.338
 20
534.6719999999999
 10
1087.77
 20
534.24
 10
1088.346
 20
533.808
 10
1088.778
 20
533.376
 10
1089.354
 20
533.088
 10
1089.9299999999998
 20
532.8
 10
1090.5059999999999
 20
532.656
 10
1091.2259999999999
 20
532.3679999999999
 10
1091.802
 20
532.3679999999999
 10
1092.378
 20
532.2239999999999
 10
1093.098
 20
532.2239999999999
 10
1093.674
 20
532.3679999999999
 10
1094.394
 20
532.3679999999999
 10
1094.97
 20
532.656
 10
1095.5459999999998
 20
532.8
 10
1096.1219999999998
 20
533.088
 10
1096.6979999999999
 20
533.376
 10
1097.274
 20
533.808
 10
1097.706
 20
534.24
 10
1098.138
 20
534.6719999999999
 10
1098.57
 20
535.2479999999999
 10
1098.858
 20
535.68
 10
1099.146
 20
536.256
 10
1099.434
 20
536.832
 10
1099.722
 20
537.5519999999999
 10
1099.866
 20
538.1279999999999
 10
1099.866
 20
538.704
 10
1099.866
 20
539.424
  0
LWPOLYLINE
  5
7A4
330
17
100
AcDbEntity
  8
POLYLINES
100
AcDbPolyline
 90
6
 70
0
 10
1099.9193952
 20
539.4096
 10
1092.761904
 20
546.5670911999999
 10
1085.6044127999999
 20
539.4096
 10
1092.761904
 20
532.2521088
 10
1099.9193952
 20
539.4096
 10
1099.9193952
 20
539.4096
  0
LWPOLYLINE
  5
7A5
330
17
100
AcDbEntity
  8
POLYLINES
100
AcDbPolyline
 90
71
 70
0
 10
1099.002
 20
723.1679999999999
 10
1099.002
 20
723.7439999999999
 10
1098.858
 20
724.4639999999999
 10
1098.714
 20
725.04
 10
1098.57
 20
725.616
 10
1098.282
 20
726.1919999999999
 10
1097.994
 20
726.7679999999999
 10
1097.562
 20
727.3439999999999
 10
1097.1299999999999
 20
727.776
 10
1096.6979999999999
 20
728.352
 10
1096.2659999999998
 20
728.784
 10
1095.69
 20
729.0719999999999
 10
1095.258
 20
729.5039999999999
 10
1094.682
 20
729.6479999999999
 10
1093.962
 20
729.9359999999999
 10
1093.386
 20
730.0799999999999
 10
1092.81
 20
730.2239999999999
 10
1092.09
 20
730.2239999999999
 10
1091.514
 20
730.2239999999999
 10
1090.7939999999999
 20
730.2239999999999
 10
1090.2179999999998
 20
730.0799999999999
 10
1089.6419999999998
 20
729.9359999999999
 10
1089.066
 20
729.6479999999999
 10
1088.49
 20
729.5039999999999
 10
1087.914
 20
729.0719999999999
 10
1087.338
 20
728.784
 10
1086.906
 20
728.352
 10
1086.474
 20
727.776
 10
1086.042
 20
727.3439999999999
 10
1085.61
 20
726.7679999999999
 10
1085.322
 20
726.1919999999999
 10
1085.1779999999999
 20
725.616
 10
1084.8899999999999
 20
725.04
 10
1084.7459999999999
 20
724.4639999999999
 10
1084.7459999999999
 20
723.7439999999999
 10
1084.6019999999999
 20
723.1679999999999
 10
1084.7459999999999
 20
722.448
 10
1084.7459999999999
 20
721.872
 10
1084.8899999999999
 20
721.2959999999999
 10
1085.1779999999999
 20
720.5759999999999
 10
1085.322
 20
720.0
 10
1085.61
 20
719.424
 10
1086.042
 20
718.992
 10
1086.474
 20
718.4159999999999
 10
1086.906
 20
717.9839999999999
 10
1087.338
 20
717.5519999999999
 10
1087.914
 20
717.1199999999999
 10
1088.49
 20
716.832
 10
1089.066
 20
716.544
 10
1089.6419999999998
 20
716.256
 10
1090.2179999999998
 20
716.112
 10
1090.7939999999999
 20
715.968
 10
1091.514
 20
715.968
 10
1092.09
 20
715.968
 10
1092.81
 20
715.968
 10
1093.386
 20
716.112
 10
1093.962
 20
716.256
 10
1094.682
 20
716.544
 10
1095.258
 20
716.832
 10
1095.69
 20
717.1199999999999
 10
1096.2659999999998
 20
717.5519999999999
 10
1096.6979999999999
 20
717.9839999999999
 10
1097.1299999999999
 20
718.4159999999999
 10
1097.562
 20
718.992
 10
1097.994
 20
719.424
 10
1098.282
 20
720.0
 10
1098.57
 20
720.5759999999999
 10
1098.714
 20
721.2959999999999
 10
1098.858
 20
721.872
 10
1099.002
 20
722.448
 10
1099.002
 20
723.1679999999999
  0
LWPOLYLINE
  5
7A6
330
17
100
AcDbEntity
  8
POLYLINES
100
AcDbPolyline
 90
71
 70
0
 10
1099.002
 20
723.1679999999999
 10
1099.002
 20
723.7439999999999
 10
1098.858
 20
724.4639999999999
 10
1098.714
 20
725.04
 10
1098.57
 20
725.616
 10
1098.282
 20
726.1919999999999
 10
1097.994
 20
726.7679999999999
 10
1097.562
 20
727.3439999999999
 10
1097.1299999999999
 20
727.776
 10
1096.6979999999999
 20
728.352
 10
1096.2659999999998
 20
728.784
 10
1095.69
 20
729.0719999999999
 10
1095.258
 20
729.5039999999999
 10
1094.682
 20
729.6479999999999
 10
1093.962
 20
729.9359999999999
 10
1093.386
 20
730.0799999999999
 10
1092.81
 20
730.2239999999999
 10
1092.09
 20
730.2239999999999
 10
1091.514
 20
730.2239999999999
 10
1090.7939999999999
 20
730.2239999999999
 10
1090.2179999999998
 20
730.0799999999999
 10
1089.6419999999998
 20
729.9359999999999
 10
1089.066
 20
729.6479999999999
 10
1088.49
 20
729.5039999999999
 10
1087.914
 20
729.0719999999999
 10
1087.338
 20
728.784
 10
1086.906
 20
728.352
 10
1086.474
 20
727.776
 10
1086.042
 20
727.3439999999999
 10
1085.61
 20
726.7679999999999
 10
1085.322
 20
726.1919999999999
 10
1085.1779999999999
 20
725.616
 10
1084.8899999999999
 20
725.04
 10
1084.7459999999999
 20
724.4639999999999
 10
1084.7459999999999
 20
723.7439999999999
 10
1084.6019999999999
 20
723.1679999999999
 10
1084.7459999999999
 20
722.448
 10
1084.7459999999999
 20
721.872
 10
1084.8899999999999
 20
721.2959999999999
 10
1085.1779999999999
 20
720.5759999999999
 10
1085.322
 20
720.0
 10
1085.61
 20
719.424
 10
1086.042
 20
718.992
 10
1086.474
 20
718.4159999999999
 10
1086.906
 20
717.9839999999999
 10
1087.338
 20
717.5519999999999
 10
1087.914
 20
717.1199999999999
 10
1088.49
 20
716.832
 10
1089.066
 20
716.544
 10
1089.6419999999998
 20
716.256
 10
1090.2179999999998
 20
716.112
 10
1090.7939999999999
 20
715.968
 10
1091.514
 20
715.968
 10
1092.09
 20
715.968
 10
1092.81
 20
715.968
 10
1093.386
 20
716.112
 10
1093.962
 20
716.256
 10
1094.682
 20
716.544
 10
1095.258
 20
716.832
 10
1095.69
 20
717.1199999999999
 10
1096.2659999999998
 20
717.5519999999999
 10
1096.6979999999999
 20
717.9839999999999
 10
1097.1299999999999
 20
718.4159999999999
 10
1097.562
 20
718.992
 10
1097.994
 20
719.424
 10
1098.282
 20
720.0
 10
1098.57
 20
720.5759999999999
 10
1098.714
 20
721.2959999999999
 10
1098.858
 20
721.872
 10
1099.002
 20
722.448
 10
1099.002
 20
723.1679999999999
  0
LWPOLYLINE
  5
7A7
330
17
100
AcDbEntity
  8
POLYLINES
100
AcDbPolyline
 90
6
 70
0
 10
1098.9685632
 20
723.13056
 10
1091.811072
 20
730.2880511999999
 10
1084.6535807999999
 20
723.13056
 10
1091.811072
 20
715.9730688
 10
1098.9685632
 20
723.13056
 10
1098.9685632
 20
723.13056
  0
LWPOLYLINE
  5
7A8
330
17
100
AcDbEntity
  8
POLYLINES
100
AcDbPolyline
 90
71
 70
0
 10
1097.994
 20
688.896
 10
1097.994
 20
689.616
 10
1097.85
 20
690.1919999999999
 10
1097.706
 20
690.9119999999999
 10
1097.562
 20
691.4879999999999
 10
1097.274
 20
692.064
 10
1096.9859999999999
 20
692.64
 10
1096.6979999999999
 20
693.2159999999999
 10
1096.2659999999998
 20
693.6479999999999
 10
1095.8339999999998
 20
694.0799999999999
 10
1095.258
 20
694.512
 10
1094.826
 20
694.944
 10
1094.25
 20
695.232
 10
1093.674
 20
695.52
 10
1093.098
 20
695.808
 10
1092.378
 20
695.952
 10
1091.802
 20
696.096
 10
1091.2259999999999
 20
696.096
 10
1090.5059999999999
 20
696.096
 10
1089.9299999999998
 20
696.096
 10
1089.21
 20
695.952
 10
1088.634
 20
695.808
 10
1088.058
 20
695.52
 10
1087.482
 20
695.232
 10
1086.906
 20
694.944
 10
1086.33
 20
694.512
 10
1085.898
 20
694.0799999999999
 10
1085.466
 20
693.6479999999999
 10
1085.0339999999999
 20
693.2159999999999
 10
1084.7459999999999
 20
692.64
 10
1084.4579999999999
 20
692.064
 10
1084.17
 20
691.4879999999999
 10
1083.882
 20
690.9119999999999
 10
1083.7379999999998
 20
690.1919999999999
 10
1083.7379999999998
 20
689.616
 10
1083.7379999999998
 20
688.896
 10
1083.7379999999998
 20
688.3199999999999
 10
1083.7379999999998
 20
687.7439999999999
 10
1083.882
 20
687.024
 10
1084.17
 20
686.448
 10
1084.4579999999999
 20
685.872
 10
1084.7459999999999
 20
685.2959999999999
 10
1085.0339999999999
 20
684.7199999999999
 10
1085.466
 20
684.2879999999999
 10
1085.898
 20
683.856
 10
1086.33
 20
683.424
 10
1086.906
 20
682.992
 10
1087.482
 20
682.704
 10
1088.058
 20
682.4159999999999
 10
1088.634
 20
682.1279999999999
 10
1089.21
 20
681.9839999999999
 10
1089.9299999999998
 20
681.8399999999999
 10
1090.5059999999999
 20
681.8399999999999
 10
1091.2259999999999
 20
681.8399999999999
 10
1091.802
 20
681.8399999999999
 10
1092.378
 20
681.9839999999999
 10
1093.098
 20
682.1279999999999
 10
1093.674
 20
682.4159999999999
 10
1094.25
 20
682.704
 10
1094.826
 20
682.992
 10
1095.258
 20
683.424
 10
1095.8339999999998
 20
683.856
 10
1096.2659999999998
 20
684.2879999999999
 10
1096.6979999999999
 20
684.7199999999999
 10
1096.9859999999999
 20
685.2959999999999
 10
1097.274
 20
685.872
 10
1097.562
 20
686.448
 10
1097.706
 20
687.024
 10
1097.85
 20
687.7439999999999
 10
1097.994
 20
688.3199999999999
 10
1097.994
 20
688.896
  0
LWPOLYLINE
  5
7A9
330
17
100
AcDbEntity
  8
POLYLINES
100
AcDbPolyline
 90
71
 70
0
 10
1097.994
 20
688.896
 10
1097.994
 20
689.616
 10
1097.85
 20
690.1919999999999
 10
1097.706
 20
690.9119999999999
 10
1097.562
 20
691.4879999999999
 10
1097.274
 20
692.064
 10
1096.9859999999999
 20
692.64
 10
1096.6979999999999
 20
693.2159999999999
 10
1096.2659999999998
 20
693.6479999999999
 10
1095.8339999999998
 20
694.0799999999999
 10
1095.258
 20
694.512
 10
1094.826
 20
694.944
 10
1094.25
 20
695.232
 10
1093.674
 20
695.52
 10
1093.098
 20
695.808
 10
1092.378
 20
695.952
 10
1091.802
 20
696.096
 10
1091.2259999999999
 20
696.096
 10
1090.5059999999999
 20
696.096
 10
1089.9299999999998
 20
696.096
 10
1089.21
 20
695.952
 10
1088.634
 20
695.808
 10
1088.058
 20
695.52
 10
1087.482
 20
695.232
 10
1086.906
 20
694.944
 10
1086.33
 20
694.512
 10
1085.898
 20
694.0799999999999
 10
1085.466
 20
693.6479999999999
 10
1085.0339999999999
 20
693.2159999999999
 10
1084.7459999999999
 20
692.64
 10
1084.4579999999999
 20
692.064
 10
1084.17
 20
691.4879999999999
 10
1083.882
 20
690.9119999999999
 10
1083.7379999999998
 20
690.1919999999999
 10
1083.7379999999998
 20
689.616
 10
1083.7379999999998
 20
688.896
 10
1083.7379999999998
 20
688.3199999999999
 10
1083.7379999999998
 20
687.7439999999999
 10
1083.882
 20
687.024
 10
1084.17
 20
686.448
 10
1084.4579999999999
 20
685.872
 10
1084.7459999999999
 20
685.2959999999999
 10
1085.0339999999999
 20
684.7199999999999
 10
1085.466
 20
684.2879999999999
 10
1085.898
 20
683.856
 10
1086.33
 20
683.424
 10
1086.906
 20
682.992
 10
1087.482
 20
682.704
 10
1088.058
 20
682.4159999999999
 10
1088.634
 20
682.1279999999999
 10
1089.21
 20
681.9839999999999
 10
1089.9299999999998
 20
681.8399999999999
 10
1090.5059999999999
 20
681.8399999999999
 10
1091.2259999999999
 20
681.8399999999999
 10
1091.802
 20
681.8399999999999
 10
1092.378
 20
681.9839999999999
 10
1093.098
 20
682.1279999999999
 10
1093.674
 20
682.4159999999999
 10
1094.25
 20
682.704
 10
1094.826
 20
682.992
 10
1095.258
 20
683.424
 10
1095.8339999999998
 20
683.856
 10
1096.2659999999998
 20
684.2879999999999
 10
1096.6979999999999
 20
684.7199999999999
 10
1096.9859999999999
 20
685.2959999999999
 10
1097.274
 20
685.872
 10
1097.562
 20
686.448
 10
1097.706
 20
687.024
 10
1097.85
 20
687.7439999999999
 10
1097.994
 20
688.3199999999999
 10
1097.994
 20
688.896
  0
LWPOLYLINE
  5
7AA
330
17
100
AcDbEntity
  8
POLYLINES
100
AcDbPolyline
 90
6
 70
0
 10
1097.9998752000001
 20
688.96368
 10
1090.842384
 20
696.1211711999999
 10
1083.6848928
 20
688.96368
 10
1090.842384
 20
681.8061888
 10
1097.9998752000001
 20
688.96368
 10
1097.9998752000001
 20
688.96368
  0
LWPOLYLINE
  5
7AB
330
17
100
AcDbEntity
  8
POLYLINES
100
AcDbPolyline
 90
71
 70
0
 10
1099.722
 20
598.0319999999999
 10
1099.722
 20
598.608
 10
1099.578
 20
599.184
 10
1099.434
 20
599.904
 10
1099.29
 20
600.4799999999999
 10
1099.002
 20
601.0559999999999
 10
1098.714
 20
601.632
 10
1098.426
 20
602.208
 10
1097.994
 20
602.64
 10
1097.562
 20
603.216
 10
1096.9859999999999
 20
603.5039999999999
 10
1096.5539999999999
 20
603.9359999999999
 10
1095.978
 20
604.2239999999999
 10
1095.402
 20
604.512
 10
1094.826
 20
604.8
 10
1094.106
 20
604.944
 10
1093.53
 20
605.088
 10
1092.954
 20
605.088
 10
1092.234
 20
605.088
 10
1091.658
 20
605.088
 10
1090.9379999999999
 20
604.944
 10
1090.3619999999999
 20
604.8
 10
1089.786
 20
604.512
 10
1089.21
 20
604.2239999999999
 10
1088.634
 20
603.9359999999999
 10
1088.058
 20
603.5039999999999
 10
1087.626
 20
603.216
 10
1087.194
 20
602.64
 10
1086.762
 20
602.208
 10
1086.474
 20
601.632
 10
1086.186
 20
601.0559999999999
 10
1085.898
 20
600.4799999999999
 10
1085.61
 20
599.904
 10
1085.466
 20
599.184
 10
1085.466
 20
598.608
 10
1085.466
 20
598.0319999999999
 10
1085.466
 20
597.3119999999999
 10
1085.466
 20
596.736
 10
1085.61
 20
596.016
 10
1085.898
 20
595.4399999999999
 10
1086.186
 20
594.8639999999999
 10
1086.474
 20
594.288
 10
1086.762
 20
593.712
 10
1087.194
 20
593.28
 10
1087.626
 20
592.848
 10
1088.058
 20
592.4159999999999
 10
1088.634
 20
591.9839999999999
 10
1089.21
 20
591.6959999999999
 10
1089.786
 20
591.4079999999999
 10
1090.3619999999999
 20
591.12
 10
1090.9379999999999
 20
590.976
 10
1091.658
 20
590.832
 10
1092.234
 20
590.832
 10
1092.954
 20
590.832
 10
1093.53
 20
590.832
 10
1094.106
 20
590.976
 10
1094.826
 20
591.12
 10
1095.402
 20
591.4079999999999
 10
1095.978
 20
591.6959999999999
 10
1096.5539999999999
 20
591.9839999999999
 10
1096.9859999999999
 20
592.4159999999999
 10
1097.562
 20
592.848
 10
1097.994
 20
593.28
 10
1098.426
 20
593.712
 10
1098.714
 20
594.288
 10
1099.002
 20
594.8639999999999
 10
1099.29
 20
595.4399999999999
 10
1099.434
 20
596.016
 10
1099.578
 20
596.736
 10
1099.722
 20
597.3119999999999
 10
1099.722
 20
598.0319999999999
  0
LWPOLYLINE
  5
7AC
330
17
100
AcDbEntity
  8
POLYLINES
100
AcDbPolyline
 90
71
 70
0
 10
1099.722
 20
598.0319999999999
 10
1099.722
 20
598.608
 10
1099.578
 20
599.184
 10
1099.434
 20
599.904
 10
1099.29
 20
600.4799999999999
 10
1099.002
 20
601.0559999999999
 10
1098.714
 20
601.632
 10
1098.426
 20
602.208
 10
1097.994
 20
602.64
 10
1097.562
 20
603.216
 10
1096.9859999999999
 20
603.5039999999999
 10
1096.5539999999999
 20
603.9359999999999
 10
1095.978
 20
604.2239999999999
 10
1095.402
 20
604.512
 10
1094.826
 20
604.8
 10
1094.106
 20
604.944
 10
1093.53
 20
605.088
 10
1092.954
 20
605.088
 10
1092.234
 20
605.088
 10
1091.658
 20
605.088
 10
1090.9379999999999
 20
604.944
 10
1090.3619999999999
 20
604.8
 10
1089.786
 20
604.512
 10
1089.21
 20
604.2239999999999
 10
1088.634
 20
603.9359999999999
 10
1088.058
 20
603.5039999999999
 10
1087.626
 20
603.216
 10
1087.194
 20
602.64
 10
1086.762
 20
602.208
 10
1086.474
 20
601.632
 10
1086.186
 20
601.0559999999999
 10
1085.898
 20
600.4799999999999
 10
1085.61
 20
599.904
 10
1085.466
 20
599.184
 10
1085.466
 20
598.608
 10
1085.466
 20
598.0319999999999
 10
1085.466
 20
597.3119999999999
 10
1085.466
 20
596.736
 10
1085.61
 20
596.016
 10
1085.898
 20
595.4399999999999
 10
1086.186
 20
594.8639999999999
 10
1086.474
 20
594.288
 10
1086.762
 20
593.712
 10
1087.194
 20
593.28
 10
1087.626
 20
592.848
 10
1088.058
 20
592.4159999999999
 10
1088.634
 20
591.9839999999999
 10
1089.21
 20
591.6959999999999
 10
1089.786
 20
591.4079999999999
 10
1090.3619999999999
 20
591.12
 10
1090.9379999999999
 20
590.976
 10
1091.658
 20
590.832
 10
1092.234
 20
590.832
 10
1092.954
 20
590.832
 10
1093.53
 20
590.832
 10
1094.106
 20
590.976
 10
1094.826
 20
591.12
 10
1095.402
 20
591.4079999999999
 10
1095.978
 20
591.6959999999999
 10
1096.5539999999999
 20
591.9839999999999
 10
1096.9859999999999
 20
592.4159999999999
 10
1097.562
 20
592.848
 10
1097.994
 20
593.28
 10
1098.426
 20
593.712
 10
1098.714
 20
594.288
 10
1099.002
 20
594.8639999999999
 10
1099.29
 20
595.4399999999999
 10
1099.434
 20
596.016
 10
1099.578
 20
596.736
 10
1099.722
 20
597.3119999999999
 10
1099.722
 20
598.0319999999999
  0
LWPOLYLINE
  5
7AD
330
17
100
AcDbEntity
  8
POLYLINES
100
AcDbPolyline
 90
6
 70
0
 10
1099.7362272
 20
597.97584
 10
1092.578736
 20
605.1333311999999
 10
1085.4212447999998
 20
597.97584
 10
1092.578736
 20
590.8183488
 10
1099.7362272
 20
597.97584
 10
1099.7362272
 20
597.97584
  0
LINE
  5
7AE
330
17
100
AcDbEntity
  8
LINES
100
AcDbLine
 10
951.6179999999999
 20
539.712
 30
0.0
 11
951.6179999999999
 21
722.88
 31
0.0
  0
LINE
  5
7AF
330
17
100
AcDbEntity
  8
LINES
100
AcDbLine
 10
951.6179999999999
 20
539.712
 30
0.0
 11
951.6179999999999
 21
722.88
 31
0.0
  0
LINE
  5
7B0
330
17
100
AcDbEntity
  8
LINES
100
AcDbLine
 10
1091.946
 20
539.712
 30
0.0
 11
951.6179999999999
 21
539.712
 31
0.0
  0
LINE
  5
7B1
330
17
100
AcDbEntity
  8
LINES
100
AcDbLine
 10
1091.946
 20
539.712
 30
0.0
 11
951.6179999999999
 21
539.712
 31
0.0
  0
LINE
  5
7B2
330
17
100
AcDbEntity
  8
LINES
100
AcDbLine
 10
1091.946
 20
723.7439999999999
 30
0.0
 11
1091.946
 21
539.712
 31
0.0
  0
LINE
  5
7B3
330
17
100
AcDbEntity
  8
LINES
100
AcDbLine
 10
1091.946
 20
723.7439999999999
 30
0.0
 11
1091.946
 21
539.712
 31
0.0
  0
LINE
  5
7B4
330
17
100
AcDbEntity
  8
LINES
100
AcDbLine
 10
952.554
 20
723.7439999999999
 30
0.0
 11
1091.946
 21
723.7439999999999
 31
0.0
  0
LINE
  5
7B5
330
17
100
AcDbEntity
  8
LINES
100
AcDbLine
 10
952.554
 20
723.7439999999999
 30
0.0
 11
1091.946
 21
723.7439999999999
 31
0.0
  0
LWPOLYLINE
  5
7B6
330
17
100
AcDbEntity
  8
POLYLINES
100
AcDbPolyline
 90
71
 70
0
 10
891.786
 20
721.1519999999999
 10
891.6419999999999
 20
721.728
 10
891.6419999999999
 20
722.448
 10
891.4979999999999
 20
723.024
 10
891.21
 20
723.5999999999999
 10
891.066
 20
724.1759999999999
 10
890.634
 20
724.752
 10
890.346
 20
725.328
 10
889.914
 20
725.904
 10
889.482
 20
726.3359999999999
 10
889.05
 20
726.7679999999999
 10
888.4739999999999
 20
727.0559999999999
 10
887.8979999999999
 20
727.4879999999999
 10
887.3219999999999
 20
727.776
 10
886.746
 20
727.92
 10
886.17
 20
728.064
 10
885.45
 20
728.208
 10
884.874
 20
728.208
 10
884.298
 20
728.208
 10
883.578
 20
728.208
 10
883.002
 20
728.064
 10
882.2819999999999
 20
727.92
 10
881.7059999999999
 20
727.776
 10
881.1299999999999
 20
727.4879999999999
 10
880.554
 20
727.0559999999999
 10
880.122
 20
726.7679999999999
 10
879.5459999999999
 20
726.3359999999999
 10
879.114
 20
725.904
 10
878.826
 20
725.328
 10
878.394
 20
724.752
 10
878.106
 20
724.1759999999999
 10
877.818
 20
723.5999999999999
 10
877.674
 20
723.024
 10
877.53
 20
722.448
 10
877.386
 20
721.728
 10
877.386
 20
721.1519999999999
 10
877.386
 20
720.4319999999999
 10
877.53
 20
719.856
 10
877.674
 20
719.28
 10
877.818
 20
718.56
 10
878.106
 20
717.9839999999999
 10
878.394
 20
717.4079999999999
 10
878.826
 20
716.976
 10
879.114
 20
716.4
 10
879.5459999999999
 20
715.968
 10
880.122
 20
715.536
 10
880.554
 20
715.1039999999999
 10
881.1299999999999
 20
714.8159999999999
 10
881.7059999999999
 20
714.5279999999999
 10
882.2819999999999
 20
714.3839999999999
 10
883.002
 20
714.0959999999999
 10
883.578
 20
714.0959999999999
 10
884.298
 20
713.952
 10
884.874
 20
713.952
 10
885.45
 20
714.0959999999999
 10
886.17
 20
714.0959999999999
 10
886.746
 20
714.3839999999999
 10
887.3219999999999
 20
714.5279999999999
 10
887.8979999999999
 20
714.8159999999999
 10
888.4739999999999
 20
715.1039999999999
 10
889.05
 20
715.536
 10
889.482
 20
715.968
 10
889.914
 20
716.4
 10
890.346
 20
716.976
 10
890.634
 20
717.4079999999999
 10
891.066
 20
717.9839999999999
 10
891.21
 20
718.56
 10
891.4979999999999
 20
719.28
 10
891.6419999999999
 20
719.856
 10
891.6419999999999
 20
720.4319999999999
 10
891.786
 20
721.1519999999999
  0
LWPOLYLINE
  5
7B7
330
17
100
AcDbEntity
  8
POLYLINES
100
AcDbPolyline
 90
71
 70
0
 10
891.786
 20
721.1519999999999
 10
891.6419999999999
 20
721.728
 10
891.6419999999999
 20
722.448
 10
891.4979999999999
 20
723.024
 10
891.21
 20
723.5999999999999
 10
891.066
 20
724.1759999999999
 10
890.634
 20
724.752
 10
890.346
 20
725.328
 10
889.914
 20
725.904
 10
889.482
 20
726.3359999999999
 10
889.05
 20
726.7679999999999
 10
888.4739999999999
 20
727.0559999999999
 10
887.8979999999999
 20
727.4879999999999
 10
887.3219999999999
 20
727.776
 10
886.746
 20
727.92
 10
886.17
 20
728.064
 10
885.45
 20
728.208
 10
884.874
 20
728.208
 10
884.298
 20
728.208
 10
883.578
 20
728.208
 10
883.002
 20
728.064
 10
882.2819999999999
 20
727.92
 10
881.7059999999999
 20
727.776
 10
881.1299999999999
 20
727.4879999999999
 10
880.554
 20
727.0559999999999
 10
880.122
 20
726.7679999999999
 10
879.5459999999999
 20
726.3359999999999
 10
879.114
 20
725.904
 10
878.826
 20
725.328
 10
878.394
 20
724.752
 10
878.106
 20
724.1759999999999
 10
877.818
 20
723.5999999999999
 10
877.674
 20
723.024
 10
877.53
 20
722.448
 10
877.386
 20
721.728
 10
877.386
 20
721.1519999999999
 10
877.386
 20
720.4319999999999
 10
877.53
 20
719.856
 10
877.674
 20
719.28
 10
877.818
 20
718.56
 10
878.106
 20
717.9839999999999
 10
878.394
 20
717.4079999999999
 10
878.826
 20
716.976
 10
879.114
 20
716.4
 10
879.5459999999999
 20
715.968
 10
880.122
 20
715.536
 10
880.554
 20
715.1039999999999
 10
881.1299999999999
 20
714.8159999999999
 10
881.7059999999999
 20
714.5279999999999
 10
882.2819999999999
 20
714.3839999999999
 10
883.002
 20
714.0959999999999
 10
883.578
 20
714.0959999999999
 10
884.298
 20
713.952
 10
884.874
 20
713.952
 10
885.45
 20
714.0959999999999
 10
886.17
 20
714.0959999999999
 10
886.746
 20
714.3839999999999
 10
887.3219999999999
 20
714.5279999999999
 10
887.8979999999999
 20
714.8159999999999
 10
888.4739999999999
 20
715.1039999999999
 10
889.05
 20
715.536
 10
889.482
 20
715.968
 10
889.914
 20
716.4
 10
890.346
 20
716.976
 10
890.634
 20
717.4079999999999
 10
891.066
 20
717.9839999999999
 10
891.21
 20
718.56
 10
891.4979999999999
 20
719.28
 10
891.6419999999999
 20
719.856
 10
891.6419999999999
 20
720.4319999999999
 10
891.786
 20
721.1519999999999
  0
LWPOLYLINE
  5
7B8
330
17
100
AcDbEntity
  8
POLYLINES
100
AcDbPolyline
 90
6
 70
0
 10
891.7146912
 20
721.1232
 10
884.5572
 20
728.2806912
 10
877.3997088
 20
721.1232
 10
884.5572
 20
713.9657088
 10
891.7146912
 20
721.1232
 10
891.7146912
 20
721.1232
  0
LWPOLYLINE
  5
7B9
330
17
100
AcDbEntity
  8
POLYLINES
100
AcDbPolyline
 90
71
 70
0
 10
893.0819999999999
 20
671.76
 10
893.0819999999999
 20
672.3359999999999
 10
892.938
 20
673.0559999999999
 10
892.794
 20
673.632
 10
892.65
 20
674.208
 10
892.362
 20
674.928
 10
892.074
 20
675.5039999999999
 10
891.6419999999999
 20
675.9359999999999
 10
891.21
 20
676.512
 10
890.778
 20
676.944
 10
890.346
 20
677.376
 10
889.77
 20
677.664
 10
889.338
 20
678.096
 10
888.762
 20
678.3839999999999
 10
888.0419999999999
 20
678.5279999999999
 10
887.4659999999999
 20
678.6719999999999
 10
886.89
 20
678.8159999999999
 10
886.17
 20
678.9599999999999
 10
885.5939999999999
 20
678.9599999999999
 10
884.874
 20
678.8159999999999
 10
884.298
 20
678.6719999999999
 10
883.722
 20
678.5279999999999
 10
883.002
 20
678.3839999999999
 10
882.4259999999999
 20
678.096
 10
881.9939999999999
 20
677.664
 10
881.4179999999999
 20
677.376
 10
880.986
 20
676.944
 10
880.554
 20
676.512
 10
880.122
 20
675.9359999999999
 10
879.6899999999999
 20
675.5039999999999
 10
879.402
 20
674.928
 10
879.114
 20
674.208
 10
878.97
 20
673.632
 10
878.826
 20
673.0559999999999
 10
878.682
 20
672.3359999999999
 10
878.682
 20
671.76
 10
878.682
 20
671.184
 10
878.826
 20
670.4639999999999
 10
878.97
 20
669.8879999999999
 10
879.114
 20
669.3119999999999
 10
879.402
 20
668.592
 10
879.6899999999999
 20
668.16
 10
880.122
 20
667.584
 10
880.554
 20
667.0079999999999
 10
880.986
 20
666.5759999999999
 10
881.4179999999999
 20
666.144
 10
881.9939999999999
 20
665.856
 10
882.4259999999999
 20
665.424
 10
883.002
 20
665.136
 10
883.722
 20
664.992
 10
884.298
 20
664.848
 10
884.874
 20
664.704
 10
885.5939999999999
 20
664.56
 10
886.17
 20
664.56
 10
886.89
 20
664.704
 10
887.4659999999999
 20
664.848
 10
888.0419999999999
 20
664.992
 10
888.762
 20
665.136
 10
889.338
 20
665.424
 10
889.77
 20
665.856
 10
890.346
 20
666.144
 10
890.778
 20
666.5759999999999
 10
891.21
 20
667.0079999999999
 10
891.6419999999999
 20
667.584
 10
892.074
 20
668.16
 10
892.362
 20
668.592
 10
892.65
 20
669.3119999999999
 10
892.794
 20
669.8879999999999
 10
892.938
 20
670.4639999999999
 10
893.0819999999999
 20
671.184
 10
893.0819999999999
 20
671.76
  0
LWPOLYLINE
  5
7BA
330
17
100
AcDbEntity
  8
POLYLINES
100
AcDbPolyline
 90
71
 70
0
 10
893.0819999999999
 20
671.76
 10
893.0819999999999
 20
672.3359999999999
 10
892.938
 20
673.0559999999999
 10
892.794
 20
673.632
 10
892.65
 20
674.208
 10
892.362
 20
674.928
 10
892.074
 20
675.5039999999999
 10
891.6419999999999
 20
675.9359999999999
 10
891.21
 20
676.512
 10
890.778
 20
676.944
 10
890.346
 20
677.376
 10
889.77
 20
677.664
 10
889.338
 20
678.096
 10
888.762
 20
678.3839999999999
 10
888.0419999999999
 20
678.5279999999999
 10
887.4659999999999
 20
678.6719999999999
 10
886.89
 20
678.8159999999999
 10
886.17
 20
678.9599999999999
 10
885.5939999999999
 20
678.9599999999999
 10
884.874
 20
678.8159999999999
 10
884.298
 20
678.6719999999999
 10
883.722
 20
678.5279999999999
 10
883.002
 20
678.3839999999999
 10
882.4259999999999
 20
678.096
 10
881.9939999999999
 20
677.664
 10
881.4179999999999
 20
677.376
 10
880.986
 20
676.944
 10
880.554
 20
676.512
 10
880.122
 20
675.9359999999999
 10
879.6899999999999
 20
675.5039999999999
 10
879.402
 20
674.928
 10
879.114
 20
674.208
 10
878.97
 20
673.632
 10
878.826
 20
673.0559999999999
 10
878.682
 20
672.3359999999999
 10
878.682
 20
671.76
 10
878.682
 20
671.184
 10
878.826
 20
670.4639999999999
 10
878.97
 20
669.8879999999999
 10
879.114
 20
669.3119999999999
 10
879.402
 20
668.592
 10
879.6899999999999
 20
668.16
 10
880.122
 20
667.584
 10
880.554
 20
667.0079999999999
 10
880.986
 20
666.5759999999999
 10
881.4179999999999
 20
666.144
 10
881.9939999999999
 20
665.856
 10
882.4259999999999
 20
665.424
 10
883.002
 20
665.136
 10
883.722
 20
664.992
 10
884.298
 20
664.848
 10
884.874
 20
664.704
 10
885.5939999999999
 20
664.56
 10
886.17
 20
664.56
 10
886.89
 20
664.704
 10
887.4659999999999
 20
664.848
 10
888.0419999999999
 20
664.992
 10
888.762
 20
665.136
 10
889.338
 20
665.424
 10
889.77
 20
665.856
 10
890.346
 20
666.144
 10
890.778
 20
666.5759999999999
 10
891.21
 20
667.0079999999999
 10
891.6419999999999
 20
667.584
 10
892.074
 20
668.16
 10
892.362
 20
668.592
 10
892.65
 20
669.3119999999999
 10
892.794
 20
669.8879999999999
 10
892.938
 20
670.4639999999999
 10
893.0819999999999
 20
671.184
 10
893.0819999999999
 20
671.76
  0
LWPOLYLINE
  5
7BB
330
17
100
AcDbEntity
  8
POLYLINES
100
AcDbPolyline
 90
6
 70
0
 10
893.0394911999999
 20
671.76144
 10
885.882
 20
678.9189312
 10
878.7245088
 20
671.76144
 10
885.882
 20
664.6039488
 10
893.0394911999999
 20
671.76144
 10
893.0394911999999
 20
671.76144
  0
LWPOLYLINE
  5
7BC
330
17
100
AcDbEntity
  8
POLYLINES
100
AcDbPolyline
 90
71
 70
0
 10
893.0819999999999
 20
606.9599999999999
 10
893.0819999999999
 20
607.68
 10
892.938
 20
608.256
 10
892.794
 20
608.832
 10
892.65
 20
609.5519999999999
 10
892.362
 20
610.1279999999999
 10
892.074
 20
610.704
 10
891.6419999999999
 20
611.136
 10
891.21
 20
611.712
 10
890.778
 20
612.144
 10
890.346
 20
612.5759999999999
 10
889.77
 20
613.0079999999999
 10
889.338
 20
613.2959999999999
 10
888.762
 20
613.584
 10
888.0419999999999
 20
613.728
 10
887.4659999999999
 20
614.016
 10
886.89
 20
614.016
 10
886.17
 20
614.16
 10
885.5939999999999
 20
614.16
 10
884.874
 20
614.016
 10
884.298
 20
614.016
 10
883.722
 20
613.728
 10
883.002
 20
613.584
 10
882.4259999999999
 20
613.2959999999999
 10
881.9939999999999
 20
613.0079999999999
 10
881.4179999999999
 20
612.5759999999999
 10
880.986
 20
612.144
 10
880.554
 20
611.712
 10
880.122
 20
611.136
 10
879.6899999999999
 20
610.704
 10
879.402
 20
610.1279999999999
 10
879.114
 20
609.5519999999999
 10
878.97
 20
608.832
 10
878.826
 20
608.256
 10
878.682
 20
607.68
 10
878.682
 20
606.9599999999999
 10
878.682
 20
606.3839999999999
 10
878.826
 20
605.664
 10
878.97
 20
605.088
 10
879.114
 20
604.512
 10
879.402
 20
603.9359999999999
 10
879.6899999999999
 20
603.3599999999999
 10
880.122
 20
602.784
 10
880.554
 20
602.208
 10
880.986
 20
601.776
 10
881.4179999999999
 20
601.3439999999999
 10
881.9939999999999
 20
601.0559999999999
 10
882.4259999999999
 20
600.6239999999999
 10
883.002
 20
600.3359999999999
 10
883.722
 20
600.192
 10
884.298
 20
600.048
 10
884.874
 20
599.904
 10
885.5939999999999
 20
599.76
 10
886.17
 20
599.76
 10
886.89
 20
599.904
 10
887.4659999999999
 20
600.048
 10
888.0419999999999
 20
600.192
 10
888.762
 20
600.3359999999999
 10
889.338
 20
600.6239999999999
 10
889.77
 20
601.0559999999999
 10
890.346
 20
601.3439999999999
 10
890.778
 20
601.776
 10
891.21
 20
602.208
 10
891.6419999999999
 20
602.784
 10
892.074
 20
603.3599999999999
 10
892.362
 20
603.9359999999999
 10
892.65
 20
604.512
 10
892.794
 20
605.088
 10
892.938
 20
605.664
 10
893.0819999999999
 20
606.3839999999999
 10
893.0819999999999
 20
606.9599999999999
  0
LWPOLYLINE
  5
7BD
330
17
100
AcDbEntity
  8
POLYLINES
100
AcDbPolyline
 90
71
 70
0
 10
893.0819999999999
 20
606.9599999999999
 10
893.0819999999999
 20
607.68
 10
892.938
 20
608.256
 10
892.794
 20
608.832
 10
892.65
 20
609.5519999999999
 10
892.362
 20
610.1279999999999
 10
892.074
 20
610.704
 10
891.6419999999999
 20
611.136
 10
891.21
 20
611.712
 10
890.778
 20
612.144
 10
890.346
 20
612.5759999999999
 10
889.77
 20
613.0079999999999
 10
889.338
 20
613.2959999999999
 10
888.762
 20
613.584
 10
888.0419999999999
 20
613.728
 10
887.4659999999999
 20
614.016
 10
886.89
 20
614.016
 10
886.17
 20
614.16
 10
885.5939999999999
 20
614.16
 10
884.874
 20
614.016
 10
884.298
 20
614.016
 10
883.722
 20
613.728
 10
883.002
 20
613.584
 10
882.4259999999999
 20
613.2959999999999
 10
881.9939999999999
 20
613.0079999999999
 10
881.4179999999999
 20
612.5759999999999
 10
880.986
 20
612.144
 10
880.554
 20
611.712
 10
880.122
 20
611.136
 10
879.6899999999999
 20
610.704
 10
879.402
 20
610.1279999999999
 10
879.114
 20
609.5519999999999
 10
878.97
 20
608.832
 10
878.826
 20
608.256
 10
878.682
 20
607.68
 10
878.682
 20
606.9599999999999
 10
878.682
 20
606.3839999999999
 10
878.826
 20
605.664
 10
878.97
 20
605.088
 10
879.114
 20
604.512
 10
879.402
 20
603.9359999999999
 10
879.6899999999999
 20
603.3599999999999
 10
880.122
 20
602.784
 10
880.554
 20
602.208
 10
880.986
 20
601.776
 10
881.4179999999999
 20
601.3439999999999
 10
881.9939999999999
 20
601.0559999999999
 10
882.4259999999999
 20
600.6239999999999
 10
883.002
 20
600.3359999999999
 10
883.722
 20
600.192
 10
884.298
 20
600.048
 10
884.874
 20
599.904
 10
885.5939999999999
 20
599.76
 10
886.17
 20
599.76
 10
886.89
 20
599.904
 10
887.4659999999999
 20
600.048
 10
888.0419999999999
 20
600.192
 10
888.762
 20
600.3359999999999
 10
889.338
 20
600.6239999999999
 10
889.77
 20
601.0559999999999
 10
890.346
 20
601.3439999999999
 10
890.778
 20
601.776
 10
891.21
 20
602.208
 10
891.6419999999999
 20
602.784
 10
892.074
 20
603.3599999999999
 10
892.362
 20
603.9359999999999
 10
892.65
 20
604.512
 10
892.794
 20
605.088
 10
892.938
 20
605.664
 10
893.0819999999999
 20
606.3839999999999
 10
893.0819999999999
 20
606.9599999999999
  0
LWPOLYLINE
  5
7BE
330
17
100
AcDbEntity
  8
POLYLINES
100
AcDbPolyline
 90
6
 70
0
 10
893.0394911999999
 20
606.97872
 10
885.882
 20
614.1362111999999
 10
878.7245088
 20
606.97872
 10
885.882
 20
599.8212288
 10
893.0394911999999
 20
606.97872
 10
893.0394911999999
 20
606.97872
  0
LWPOLYLINE
  5
7BF
330
17
100
AcDbEntity
  8
POLYLINES
100
AcDbPolyline
 90
71
 70
0
 10
894.6659999999999
 20
541.2959999999999
 10
894.6659999999999
 20
542.016
 10
894.5219999999999
 20
542.592
 10
894.3779999999999
 20
543.312
 10
894.2339999999999
 20
543.8879999999999
 10
893.9459999999999
 20
544.4639999999999
 10
893.6579999999999
 20
545.04
 10
893.3699999999999
 20
545.616
 10
892.938
 20
546.048
 10
892.506
 20
546.4799999999999
 10
892.074
 20
546.9119999999999
 10
891.4979999999999
 20
547.3439999999999
 10
890.922
 20
547.632
 10
890.346
 20
547.92
 10
889.77
 20
548.208
 10
889.194
 20
548.352
 10
888.4739999999999
 20
548.496
 10
887.8979999999999
 20
548.496
 10
887.1779999999999
 20
548.496
 10
886.602
 20
548.496
 10
885.882
 20
548.352
 10
885.306
 20
548.208
 10
884.73
 20
547.92
 10
884.154
 20
547.632
 10
883.578
 20
547.3439999999999
 10
883.146
 20
546.9119999999999
 10
882.5699999999999
 20
546.4799999999999
 10
882.1379999999999
 20
546.048
 10
881.7059999999999
 20
545.616
 10
881.4179999999999
 20
545.04
 10
881.1299999999999
 20
544.4639999999999
 10
880.842
 20
543.8879999999999
 10
880.698
 20
543.312
 10
880.554
 20
542.592
 10
880.41
 20
542.016
 10
880.41
 20
541.2959999999999
 10
880.41
 20
540.7199999999999
 10
880.554
 20
540.144
 10
880.698
 20
539.424
 10
880.842
 20
538.848
 10
881.1299999999999
 20
538.2719999999999
 10
881.4179999999999
 20
537.6959999999999
 10
881.7059999999999
 20
537.12
 10
882.1379999999999
 20
536.688
 10
882.5699999999999
 20
536.256
 10
883.146
 20
535.824
 10
883.578
 20
535.3919999999999
 10
884.154
 20
535.1039999999999
 10
884.73
 20
534.8159999999999
 10
885.306
 20
534.5279999999999
 10
885.882
 20
534.384
 10
886.602
 20
534.24
 10
887.1779999999999
 20
534.24
 10
887.8979999999999
 20
534.24
 10
888.4739999999999
 20
534.24
 10
889.194
 20
534.384
 10
889.77
 20
534.5279999999999
 10
890.346
 20
534.8159999999999
 10
890.922
 20
535.1039999999999
 10
891.4979999999999
 20
535.3919999999999
 10
892.074
 20
535.824
 10
892.506
 20
536.256
 10
892.938
 20
536.688
 10
893.3699999999999
 20
537.12
 10
893.6579999999999
 20
537.6959999999999
 10
893.9459999999999
 20
538.2719999999999
 10
894.2339999999999
 20
538.848
 10
894.3779999999999
 20
539.424
 10
894.5219999999999
 20
540.144
 10
894.6659999999999
 20
540.7199999999999
 10
894.6659999999999
 20
541.2959999999999
  0
LWPOLYLINE
  5
7C0
330
17
100
AcDbEntity
  8
POLYLINES
100
AcDbPolyline
 90
71
 70
0
 10
894.6659999999999
 20
541.2959999999999
 10
894.6659999999999
 20
542.016
 10
894.5219999999999
 20
542.592
 10
894.3779999999999
 20
543.312
 10
894.2339999999999
 20
543.8879999999999
 10
893.9459999999999
 20
544.4639999999999
 10
893.6579999999999
 20
545.04
 10
893.3699999999999
 20
545.616
 10
892.938
 20
546.048
 10
892.506
 20
546.4799999999999
 10
892.074
 20
546.9119999999999
 10
891.4979999999999
 20
547.3439999999999
 10
890.922
 20
547.632
 10
890.346
 20
547.92
 10
889.77
 20
548.208
 10
889.194
 20
548.352
 10
888.4739999999999
 20
548.496
 10
887.8979999999999
 20
548.496
 10
887.1779999999999
 20
548.496
 10
886.602
 20
548.496
 10
885.882
 20
548.352
 10
885.306
 20
548.208
 10
884.73
 20
547.92
 10
884.154
 20
547.632
 10
883.578
 20
547.3439999999999
 10
883.146
 20
546.9119999999999
 10
882.5699999999999
 20
546.4799999999999
 10
882.1379999999999
 20
546.048
 10
881.7059999999999
 20
545.616
 10
881.4179999999999
 20
545.04
 10
881.1299999999999
 20
544.4639999999999
 10
880.842
 20
543.8879999999999
 10
880.698
 20
543.312
 10
880.554
 20
542.592
 10
880.41
 20
542.016
 10
880.41
 20
541.2959999999999
 10
880.41
 20
540.7199999999999
 10
880.554
 20
540.144
 10
880.698
 20
539.424
 10
880.842
 20
538.848
 10
881.1299999999999
 20
538.2719999999999
 10
881.4179999999999
 20
537.6959999999999
 10
881.7059999999999
 20
537.12
 10
882.1379999999999
 20
536.688
 10
882.5699999999999
 20
536.256
 10
883.146
 20
535.824
 10
883.578
 20
535.3919999999999
 10
884.154
 20
535.1039999999999
 10
884.73
 20
534.8159999999999
 10
885.306
 20
534.5279999999999
 10
885.882
 20
534.384
 10
886.602
 20
534.24
 10
887.1779999999999
 20
534.24
 10
887.8979999999999
 20
534.24
 10
888.4739999999999
 20
534.24
 10
889.194
 20
534.384
 10
889.77
 20
534.5279999999999
 10
890.346
 20
534.8159999999999
 10
890.922
 20
535.1039999999999
 10
891.4979999999999
 20
535.3919999999999
 10
892.074
 20
535.824
 10
892.506
 20
536.256
 10
892.938
 20
536.688
 10
893.3699999999999
 20
537.12
 10
893.6579999999999
 20
537.6959999999999
 10
893.9459999999999
 20
538.2719999999999
 10
894.2339999999999
 20
538.848
 10
894.3779999999999
 20
539.424
 10
894.5219999999999
 20
540.144
 10
894.6659999999999
 20
540.7199999999999
 10
894.6659999999999
 20
541.2959999999999
  0
LWPOLYLINE
  5
7C1
330
17
100
AcDbEntity
  8
POLYLINES
100
AcDbPolyline
 90
6
 70
0
 10
894.6983712
 20
541.3622399999999
 10
887.54088
 20
548.5197311999999
 10
880.3833888
 20
541.3622399999999
 10
887.54088
 20
534.2047488
 10
894.6983712
 20
541.3622399999999
 10
894.6983712
 20
541.3622399999999
  0
LINE
  5
7C2
330
17
100
AcDbEntity
  8
LINES
100
AcDbLine
 10
1127.658
 20
697.824
 30
0.0
 11
1091.946
 21
723.7439999999999
 31
0.0
  0
LINE
  5
7C3
330
17
100
AcDbEntity
  8
LINES
100
AcDbLine
 10
1127.658
 20
697.824
 30
0.0
 11
1091.946
 21
723.7439999999999
 31
0.0
  0
LINE
  5
7C4
330
17
100
AcDbEntity
  8
LINES
100
AcDbLine
 10
1123.9859999999999
 20
568.944
 30
0.0
 11
1091.8739999999998
 21
539.712
 31
0.0
  0
LINE
  5
7C5
330
17
100
AcDbEntity
  8
LINES
100
AcDbLine
 10
1123.9859999999999
 20
568.944
 30
0.0
 11
1091.8739999999998
 21
539.712
 31
0.0
  0
LWPOLYLINE
  5
7C6
330
17
100
AcDbEntity
  8
POLYLINES
100
AcDbPolyline
 90
6
 70
0
 10
1095.6084096
 20
638.2224
 10
1091.839008
 20
641.9918016
 10
1088.0696063999999
 20
638.2224
 10
1091.839008
 20
634.4529984
 10
1095.6084096
 20
638.2224
 10
1095.6084096
 20
638.2224
  0
LINE
  5
7C7
330
17
100
AcDbEntity
  8
LINES
100
AcDbLine
 10
987.3299999999999
 20
753.9839999999999
 30
0.0
 11
955.218
 21
724.752
 31
0.0
  0
LINE
  5
7C8
330
17
100
AcDbEntity
  8
LINES
100
AcDbLine
 10
987.3299999999999
 20
753.9839999999999
 30
0.0
 11
955.218
 21
724.752
 31
0.0
  0
LWPOLYLINE
  5
7C9
330
17
100
AcDbEntity
  8
POLYLINES
100
AcDbPolyline
 90
6
 70
0
 10
889.5606816
 20
696.28176
 10
885.7912799999999
 20
700.0511616
 10
882.0218783999999
 20
696.28176
 10
885.7912799999999
 20
692.5123583999999
 10
889.5606816
 20
696.28176
 10
889.5606816
 20
696.28176
  0
LWPOLYLINE
  5
7CA
330
17
100
AcDbEntity
  8
POLYLINES
100
AcDbPolyline
 90
6
 70
0
 10
888.8392416
 20
650.2363199999999
 10
885.06984
 20
654.0057215999999
 10
881.3004384
 20
650.2363199999999
 10
885.06984
 20
646.4669183999998
 10
888.8392416
 20
650.2363199999999
 10
888.8392416
 20
650.2363199999999
  0
LWPOLYLINE
  5
7CB
330
17
100
AcDbEntity
  8
POLYLINES
100
AcDbPolyline
 90
6
 70
0
 10
888.4864416
 20
633.1190399999999
 10
884.71704
 20
636.8884416
 10
880.9476384
 20
633.1190399999999
 10
884.71704
 20
629.3496383999999
 10
888.4864416
 20
633.1190399999999
 10
888.4864416
 20
633.1190399999999
  0
LINE
  5
7CC
330
17
100
AcDbEntity
  8
LINES
100
AcDbLine
 10
914.754
 20
393.264
 30
0.0
 11
884.37
 21
360.144
 31
0.0
  0
LINE
  5
7CD
330
17
100
AcDbEntity
  8
LINES
100
AcDbLine
 10
914.754
 20
393.264
 30
0.0
 11
884.37
 21
360.144
 31
0.0
  0
LINE
  5
7CE
330
17
100
AcDbEntity
  8
LINES
100
AcDbLine
 10
884.298
 20
360.144
 30
0.0
 11
884.298
 21
309.5999999999999
 31
0.0
  0
LINE
  5
7CF
330
17
100
AcDbEntity
  8
LINES
100
AcDbLine
 10
884.298
 20
360.144
 30
0.0
 11
884.298
 21
309.5999999999999
 31
0.0
  0
LINE
  5
7D0
330
17
100
AcDbEntity
  8
LINES
100
AcDbLine
 10
950.7539999999999
 20
360.288
 30
0.0
 11
884.298
 21
360.144
 31
0.0
  0
LINE
  5
7D1
330
17
100
AcDbEntity
  8
LINES
100
AcDbLine
 10
950.7539999999999
 20
360.288
 30
0.0
 11
884.298
 21
360.144
 31
0.0
  0
LINE
  5
7D2
330
17
100
AcDbEntity
  8
LINES
100
AcDbLine
 10
884.298
 20
309.5999999999999
 30
0.0
 11
950.7539999999999
 21
360.288
 31
0.0
  0
LINE
  5
7D3
330
17
100
AcDbEntity
  8
LINES
100
AcDbLine
 10
884.298
 20
309.5999999999999
 30
0.0
 11
950.7539999999999
 21
360.288
 31
0.0
  0
LWPOLYLINE
  5
7D4
330
17
100
AcDbEntity
  8
POLYLINES
100
AcDbPolyline
 90
71
 70
0
 10
957.5939999999999
 20
360.72
 10
957.5939999999999
 20
361.44000000000005
 10
957.5939999999999
 20
362.01599999999996
 10
957.4499999999999
 20
362.592
 10
957.162
 20
363.3119999999999
 10
956.874
 20
363.8879999999999
 10
956.586
 20
364.464
 10
956.298
 20
364.89599999999996
 10
955.866
 20
365.472
 10
955.434
 20
365.904
 10
955.002
 20
366.33599999999996
 10
954.4259999999999
 20
366.768
 10
953.8499999999999
 20
367.056
 10
953.2739999999999
 20
367.344
 10
952.698
 20
367.488
 10
952.122
 20
367.77599999999995
 10
951.4019999999999
 20
367.77599999999995
 10
950.826
 20
367.91999999999996
 10
950.106
 20
367.91999999999996
 10
949.53
 20
367.77599999999995
 10
948.954
 20
367.77599999999995
 10
948.2339999999999
 20
367.488
 10
947.6579999999999
 20
367.344
 10
947.0819999999999
 20
367.056
 10
946.506
 20
366.768
 10
946.074
 20
366.33599999999996
 10
945.4979999999999
 20
365.904
 10
945.066
 20
365.472
 10
944.634
 20
364.89599999999996
 10
944.346
 20
364.464
 10
944.058
 20
363.8879999999999
 10
943.77
 20
363.3119999999999
 10
943.626
 20
362.592
 10
943.482
 20
362.01599999999996
 10
943.338
 20
361.44000000000005
 10
943.338
 20
360.72
 10
943.338
 20
360.144
 10
943.482
 20
359.424
 10
943.626
 20
358.84799999999996
 10
943.77
 20
358.27199999999993
 10
944.058
 20
357.6959999999999
 10
944.346
 20
357.1199999999999
 10
944.634
 20
356.544
 10
945.066
 20
355.96799999999996
 10
945.4979999999999
 20
355.53600000000006
 10
946.074
 20
355.10400000000004
 10
946.506
 20
354.81600000000003
 10
947.0819999999999
 20
354.384
 10
947.6579999999999
 20
354.096
 10
948.2339999999999
 20
353.952
 10
948.954
 20
353.808
 10
949.53
 20
353.664
 10
950.106
 20
353.52
 10
950.826
 20
353.52
 10
951.4019999999999
 20
353.664
 10
952.122
 20
353.808
 10
952.698
 20
353.952
 10
953.2739999999999
 20
354.096
 10
953.8499999999999
 20
354.384
 10
954.4259999999999
 20
354.81600000000003
 10
955.002
 20
355.10400000000004
 10
955.434
 20
355.53600000000006
 10
955.866
 20
355.96799999999996
 10
956.298
 20
356.544
 10
956.586
 20
357.1199999999999
 10
956.874
 20
357.6959999999999
 10
957.162
 20
358.27199999999993
 10
957.4499999999999
 20
358.84799999999996
 10
957.5939999999999
 20
359.424
 10
957.5939999999999
 20
360.144
 10
957.5939999999999
 20
360.72
  0
LWPOLYLINE
  5
7D5
330
17
100
AcDbEntity
  8
POLYLINES
100
AcDbPolyline
 90
71
 70
0
 10
957.5939999999999
 20
360.72
 10
957.5939999999999
 20
361.44000000000005
 10
957.5939999999999
 20
362.01599999999996
 10
957.4499999999999
 20
362.592
 10
957.162
 20
363.3119999999999
 10
956.874
 20
363.8879999999999
 10
956.586
 20
364.464
 10
956.298
 20
364.89599999999996
 10
955.866
 20
365.472
 10
955.434
 20
365.904
 10
955.002
 20
366.33599999999996
 10
954.4259999999999
 20
366.768
 10
953.8499999999999
 20
367.056
 10
953.2739999999999
 20
367.344
 10
952.698
 20
367.488
 10
952.122
 20
367.77599999999995
 10
951.4019999999999
 20
367.77599999999995
 10
950.826
 20
367.91999999999996
 10
950.106
 20
367.91999999999996
 10
949.53
 20
367.77599999999995
 10
948.954
 20
367.77599999999995
 10
948.2339999999999
 20
367.488
 10
947.6579999999999
 20
367.344
 10
947.0819999999999
 20
367.056
 10
946.506
 20
366.768
 10
946.074
 20
366.33599999999996
 10
945.4979999999999
 20
365.904
 10
945.066
 20
365.472
 10
944.634
 20
364.89599999999996
 10
944.346
 20
364.464
 10
944.058
 20
363.8879999999999
 10
943.77
 20
363.3119999999999
 10
943.626
 20
362.592
 10
943.482
 20
362.01599999999996
 10
943.338
 20
361.44000000000005
 10
943.338
 20
360.72
 10
943.338
 20
360.144
 10
943.482
 20
359.424
 10
943.626
 20
358.84799999999996
 10
943.77
 20
358.27199999999993
 10
944.058
 20
357.6959999999999
 10
944.346
 20
357.1199999999999
 10
944.634
 20
356.544
 10
945.066
 20
355.96799999999996
 10
945.4979999999999
 20
355.53600000000006
 10
946.074
 20
355.10400000000004
 10
946.506
 20
354.81600000000003
 10
947.0819999999999
 20
354.384
 10
947.6579999999999
 20
354.096
 10
948.2339999999999
 20
353.952
 10
948.954
 20
353.808
 10
949.53
 20
353.664
 10
950.106
 20
353.52
 10
950.826
 20
353.52
 10
951.4019999999999
 20
353.664
 10
952.122
 20
353.808
 10
952.698
 20
353.952
 10
953.2739999999999
 20
354.096
 10
953.8499999999999
 20
354.384
 10
954.4259999999999
 20
354.81600000000003
 10
955.002
 20
355.10400000000004
 10
955.434
 20
355.53600000000006
 10
955.866
 20
355.96799999999996
 10
956.298
 20
356.544
 10
956.586
 20
357.1199999999999
 10
956.874
 20
357.6959999999999
 10
957.162
 20
358.27199999999993
 10
957.4499999999999
 20
358.84799999999996
 10
957.5939999999999
 20
359.424
 10
957.5939999999999
 20
360.144
 10
957.5939999999999
 20
360.72
  0
LWPOLYLINE
  5
7D6
330
17
100
AcDbEntity
  8
POLYLINES
100
AcDbPolyline
 90
6
 70
0
 10
957.6393311999999
 20
360.73584000000005
 10
950.4818399999999
 20
367.8933312
 10
943.3243487999999
 20
360.73584000000005
 10
950.4818399999999
 20
353.57834879999996
 10
957.6393311999999
 20
360.73584000000005
 10
957.6393311999999
 20
360.73584000000005
  0
LWPOLYLINE
  5
7D7
330
17
100
AcDbEntity
  8
POLYLINES
100
AcDbPolyline
 90
71
 70
0
 10
957.5939999999999
 20
302.11199999999997
 10
957.5939999999999
 20
302.688
 10
957.5939999999999
 20
303.4079999999999
 10
957.4499999999999
 20
303.9839999999999
 10
957.162
 20
304.55999999999995
 10
956.874
 20
305.13599999999997
 10
956.586
 20
305.712
 10
956.298
 20
306.288
 10
955.866
 20
306.72
 10
955.434
 20
307.29600000000005
 10
955.002
 20
307.72799999999995
 10
954.4259999999999
 20
308.01599999999996
 10
953.8499999999999
 20
308.448
 10
953.2739999999999
 20
308.592
 10
952.698
 20
308.88
 10
952.122
 20
309.024
 10
951.4019999999999
 20
309.1679999999999
 10
950.826
 20
309.1679999999999
 10
950.106
 20
309.1679999999999
 10
949.53
 20
309.1679999999999
 10
948.954
 20
309.024
 10
948.2339999999999
 20
308.88
 10
947.6579999999999
 20
308.592
 10
947.0819999999999
 20
308.448
 10
946.506
 20
308.01599999999996
 10
946.074
 20
307.72799999999995
 10
945.4979999999999
 20
307.29600000000005
 10
945.066
 20
306.72
 10
944.634
 20
306.288
 10
944.346
 20
305.712
 10
944.058
 20
305.13599999999997
 10
943.77
 20
304.55999999999995
 10
943.626
 20
303.9839999999999
 10
943.482
 20
303.4079999999999
 10
943.338
 20
302.688
 10
943.338
 20
302.11199999999997
 10
943.338
 20
301.39200000000005
 10
943.482
 20
300.81600000000003
 10
943.626
 20
300.24
 10
943.77
 20
299.52
 10
944.058
 20
298.94399999999996
 10
944.346
 20
298.36799999999994
 10
944.634
 20
297.9359999999999
 10
945.066
 20
297.3599999999999
 10
945.4979999999999
 20
296.928
 10
946.074
 20
296.496
 10
946.506
 20
296.06399999999996
 10
947.0819999999999
 20
295.77599999999995
 10
947.6579999999999
 20
295.48800000000006
 10
948.2339999999999
 20
295.34400000000005
 10
948.954
 20
295.05600000000004
 10
949.53
 20
295.05600000000004
 10
950.106
 20
294.91200000000003
 10
950.826
 20
294.91200000000003
 10
951.4019999999999
 20
295.05600000000004
 10
952.122
 20
295.05600000000004
 10
952.698
 20
295.34400000000005
 10
953.2739999999999
 20
295.48800000000006
 10
953.8499999999999
 20
295.77599999999995
 10
954.4259999999999
 20
296.06399999999996
 10
955.002
 20
296.496
 10
955.434
 20
296.928
 10
955.866
 20
297.3599999999999
 10
956.298
 20
297.9359999999999
 10
956.586
 20
298.36799999999994
 10
956.874
 20
298.94399999999996
 10
957.162
 20
299.52
 10
957.4499999999999
 20
300.24
 10
957.5939999999999
 20
300.81600000000003
 10
957.5939999999999
 20
301.39200000000005
 10
957.5939999999999
 20
302.11199999999997
  0
LWPOLYLINE
  5
7D8
330
17
100
AcDbEntity
  8
POLYLINES
100
AcDbPolyline
 90
71
 70
0
 10
957.5939999999999
 20
302.11199999999997
 10
957.5939999999999
 20
302.688
 10
957.5939999999999
 20
303.4079999999999
 10
957.4499999999999
 20
303.9839999999999
 10
957.162
 20
304.55999999999995
 10
956.874
 20
305.13599999999997
 10
956.586
 20
305.712
 10
956.298
 20
306.288
 10
955.866
 20
306.72
 10
955.434
 20
307.29600000000005
 10
955.002
 20
307.72799999999995
 10
954.4259999999999
 20
308.01599999999996
 10
953.8499999999999
 20
308.448
 10
953.2739999999999
 20
308.592
 10
952.698
 20
308.88
 10
952.122
 20
309.024
 10
951.4019999999999
 20
309.1679999999999
 10
950.826
 20
309.1679999999999
 10
950.106
 20
309.1679999999999
 10
949.53
 20
309.1679999999999
 10
948.954
 20
309.024
 10
948.2339999999999
 20
308.88
 10
947.6579999999999
 20
308.592
 10
947.0819999999999
 20
308.448
 10
946.506
 20
308.01599999999996
 10
946.074
 20
307.72799999999995
 10
945.4979999999999
 20
307.29600000000005
 10
945.066
 20
306.72
 10
944.634
 20
306.288
 10
944.346
 20
305.712
 10
944.058
 20
305.13599999999997
 10
943.77
 20
304.55999999999995
 10
943.626
 20
303.9839999999999
 10
943.482
 20
303.4079999999999
 10
943.338
 20
302.688
 10
943.338
 20
302.11199999999997
 10
943.338
 20
301.39200000000005
 10
943.482
 20
300.81600000000003
 10
943.626
 20
300.24
 10
943.77
 20
299.52
 10
944.058
 20
298.94399999999996
 10
944.346
 20
298.36799999999994
 10
944.634
 20
297.9359999999999
 10
945.066
 20
297.3599999999999
 10
945.4979999999999
 20
296.928
 10
946.074
 20
296.496
 10
946.506
 20
296.06399999999996
 10
947.0819999999999
 20
295.77599999999995
 10
947.6579999999999
 20
295.48800000000006
 10
948.2339999999999
 20
295.34400000000005
 10
948.954
 20
295.05600000000004
 10
949.53
 20
295.05600000000004
 10
950.106
 20
294.91200000000003
 10
950.826
 20
294.91200000000003
 10
951.4019999999999
 20
295.05600000000004
 10
952.122
 20
295.05600000000004
 10
952.698
 20
295.34400000000005
 10
953.2739999999999
 20
295.48800000000006
 10
953.8499999999999
 20
295.77599999999995
 10
954.4259999999999
 20
296.06399999999996
 10
955.002
 20
296.496
 10
955.434
 20
296.928
 10
955.866
 20
297.3599999999999
 10
956.298
 20
297.9359999999999
 10
956.586
 20
298.36799999999994
 10
956.874
 20
298.94399999999996
 10
957.162
 20
299.52
 10
957.4499999999999
 20
300.24
 10
957.5939999999999
 20
300.81600000000003
 10
957.5939999999999
 20
301.39200000000005
 10
957.5939999999999
 20
302.11199999999997
  0
LWPOLYLINE
  5
7D9
330
17
100
AcDbEntity
  8
POLYLINES
100
AcDbPolyline
 90
6
 70
0
 10
957.6393311999999
 20
302.08176000000003
 10
950.4818399999999
 20
309.2392511999999
 10
943.3243487999999
 20
302.08176000000003
 10
950.4818399999999
 20
294.92426879999994
 10
957.6393311999999
 20
302.08176000000003
 10
957.6393311999999
 20
302.08176000000003
  0
LWPOLYLINE
  5
7DA
330
17
100
AcDbEntity
  8
POLYLINES
100
AcDbPolyline
 90
71
 70
0
 10
957.5939999999999
 20
178.27199999999993
 10
957.5939999999999
 20
178.84799999999996
 10
957.5939999999999
 20
179.56799999999998
 10
957.4499999999999
 20
180.144
 10
957.162
 20
180.72000000000003
 10
956.874
 20
181.29600000000005
 10
956.586
 20
181.87199999999996
 10
956.298
 20
182.44799999999998
 10
955.866
 20
182.88
 10
955.434
 20
183.45600000000002
 10
955.002
 20
183.88799999999992
 10
954.4259999999999
 20
184.17599999999993
 10
953.8499999999999
 20
184.60799999999995
 10
953.2739999999999
 20
184.75199999999995
 10
952.698
 20
185.03999999999996
 10
952.122
 20
185.18399999999997
 10
951.4019999999999
 20
185.32799999999997
 10
950.826
 20
185.32799999999997
 10
950.106
 20
185.32799999999997
 10
949.53
 20
185.32799999999997
 10
948.954
 20
185.18399999999997
 10
948.2339999999999
 20
185.03999999999996
 10
947.6579999999999
 20
184.75199999999995
 10
947.0819999999999
 20
184.60799999999995
 10
946.506
 20
184.17599999999993
 10
946.074
 20
183.88799999999992
 10
945.4979999999999
 20
183.45600000000002
 10
945.066
 20
182.88
 10
944.634
 20
182.44799999999998
 10
944.346
 20
181.87199999999996
 10
944.058
 20
181.29600000000005
 10
943.77
 20
180.72000000000003
 10
943.626
 20
180.144
 10
943.482
 20
179.56799999999998
 10
943.338
 20
178.84799999999996
 10
943.338
 20
178.27199999999993
 10
943.338
 20
177.55200000000002
 10
943.482
 20
176.976
 10
943.626
 20
176.39999999999998
 10
943.77
 20
175.67999999999995
 10
944.058
 20
175.10400000000004
 10
944.346
 20
174.52800000000002
 10
944.634
 20
174.096
 10
945.066
 20
173.51999999999998
 10
945.4979999999999
 20
173.08799999999997
 10
946.074
 20
172.65599999999995
 10
946.506
 20
172.22399999999993
 10
947.0819999999999
 20
171.93599999999992
 10
947.6579999999999
 20
171.64800000000002
 10
948.2339999999999
 20
171.50400000000002
 10
948.954
 20
171.216
 10
949.53
 20
171.216
 10
950.106
 20
171.072
 10
950.826
 20
171.072
 10
951.4019999999999
 20
171.216
 10
952.122
 20
171.216
 10
952.698
 20
171.50400000000002
 10
953.2739999999999
 20
171.64800000000002
 10
953.8499999999999
 20
171.93599999999992
 10
954.4259999999999
 20
172.22399999999993
 10
955.002
 20
172.65599999999995
 10
955.434
 20
173.08799999999997
 10
955.866
 20
173.51999999999998
 10
956.298
 20
174.096
 10
956.586
 20
174.52800000000002
 10
956.874
 20
175.10400000000004
 10
957.162
 20
175.67999999999995
 10
957.4499999999999
 20
176.39999999999998
 10
957.5939999999999
 20
176.976
 10
957.5939999999999
 20
177.55200000000002
 10
957.5939999999999
 20
178.27199999999993
  0
LWPOLYLINE
  5
7DB
330
17
100
AcDbEntity
  8
POLYLINES
100
AcDbPolyline
 90
71
 70
0
 10
957.5939999999999
 20
178.27199999999993
 10
957.5939999999999
 20
178.84799999999996
 10
957.5939999999999
 20
179.56799999999998
 10
957.4499999999999
 20
180.144
 10
957.162
 20
180.72000000000003
 10
956.874
 20
181.29600000000005
 10
956.586
 20
181.87199999999996
 10
956.298
 20
182.44799999999998
 10
955.866
 20
182.88
 10
955.434
 20
183.45600000000002
 10
955.002
 20
183.88799999999992
 10
954.4259999999999
 20
184.17599999999993
 10
953.8499999999999
 20
184.60799999999995
 10
953.2739999999999
 20
184.75199999999995
 10
952.698
 20
185.03999999999996
 10
952.122
 20
185.18399999999997
 10
951.4019999999999
 20
185.32799999999997
 10
950.826
 20
185.32799999999997
 10
950.106
 20
185.32799999999997
 10
949.53
 20
185.32799999999997
 10
948.954
 20
185.18399999999997
 10
948.2339999999999
 20
185.03999999999996
 10
947.6579999999999
 20
184.75199999999995
 10
947.0819999999999
 20
184.60799999999995
 10
946.506
 20
184.17599999999993
 10
946.074
 20
183.88799999999992
 10
945.4979999999999
 20
183.45600000000002
 10
945.066
 20
182.88
 10
944.634
 20
182.44799999999998
 10
944.346
 20
181.87199999999996
 10
944.058
 20
181.29600000000005
 10
943.77
 20
180.72000000000003
 10
943.626
 20
180.144
 10
943.482
 20
179.56799999999998
 10
943.338
 20
178.84799999999996
 10
943.338
 20
178.27199999999993
 10
943.338
 20
177.55200000000002
 10
943.482
 20
176.976
 10
943.626
 20
176.39999999999998
 10
943.77
 20
175.67999999999995
 10
944.058
 20
175.10400000000004
 10
944.346
 20
174.52800000000002
 10
944.634
 20
174.096
 10
945.066
 20
173.51999999999998
 10
945.4979999999999
 20
173.08799999999997
 10
946.074
 20
172.65599999999995
 10
946.506
 20
172.22399999999993
 10
947.0819999999999
 20
171.93599999999992
 10
947.6579999999999
 20
171.64800000000002
 10
948.2339999999999
 20
171.50400000000002
 10
948.954
 20
171.216
 10
949.53
 20
171.216
 10
950.106
 20
171.072
 10
950.826
 20
171.072
 10
951.4019999999999
 20
171.216
 10
952.122
 20
171.216
 10
952.698
 20
171.50400000000002
 10
953.2739999999999
 20
171.64800000000002
 10
953.8499999999999
 20
171.93599999999992
 10
954.4259999999999
 20
172.22399999999993
 10
955.002
 20
172.65599999999995
 10
955.434
 20
173.08799999999997
 10
955.866
 20
173.51999999999998
 10
956.298
 20
174.096
 10
956.586
 20
174.52800000000002
 10
956.874
 20
175.10400000000004
 10
957.162
 20
175.67999999999995
 10
957.4499999999999
 20
176.39999999999998
 10
957.5939999999999
 20
176.976
 10
957.5939999999999
 20
177.55200000000002
 10
957.5939999999999
 20
178.27199999999993
  0
LWPOLYLINE
  5
7DC
330
17
100
AcDbEntity
  8
POLYLINES
100
AcDbPolyline
 90
6
 70
0
 10
957.6393311999999
 20
178.24176
 10
950.4818399999999
 20
185.39925119999998
 10
943.3243487999999
 20
178.24176
 10
950.4818399999999
 20
171.08426880000002
 10
957.6393311999999
 20
178.24176
 10
957.6393311999999
 20
178.24176
  0
LWPOLYLINE
  5
7DD
330
17
100
AcDbEntity
  8
POLYLINES
100
AcDbPolyline
 90
71
 70
0
 10
1099.146
 20
176.976
 10
1099.146
 20
177.69600000000003
 10
1099.002
 20
178.27199999999993
 10
1098.858
 20
178.99199999999996
 10
1098.714
 20
179.56799999999998
 10
1098.426
 20
180.144
 10
1098.138
 20
180.72000000000003
 10
1097.706
 20
181.15200000000004
 10
1097.418
 20
181.72799999999995
 10
1096.8419999999999
 20
182.15999999999997
 10
1096.4099999999999
 20
182.59199999999998
 10
1095.8339999999998
 20
183.024
 10
1095.402
 20
183.312
 10
1094.826
 20
183.60000000000002
 10
1094.106
 20
183.88799999999992
 10
1093.53
 20
184.03199999999993
 10
1092.954
 20
184.17599999999993
 10
1092.234
 20
184.17599999999993
 10
1091.658
 20
184.17599999999993
 10
1090.9379999999999
 20
184.17599999999993
 10
1090.3619999999999
 20
184.03199999999993
 10
1089.786
 20
183.88799999999992
 10
1089.21
 20
183.60000000000002
 10
1088.634
 20
183.312
 10
1088.058
 20
183.024
 10
1087.482
 20
182.59199999999998
 10
1087.05
 20
182.15999999999997
 10
1086.618
 20
181.72799999999995
 10
1086.186
 20
181.15200000000004
 10
1085.754
 20
180.72000000000003
 10
1085.466
 20
180.144
 10
1085.322
 20
179.56799999999998
 10
1085.0339999999999
 20
178.99199999999996
 10
1084.8899999999999
 20
178.27199999999993
 10
1084.8899999999999
 20
177.69600000000003
 10
1084.7459999999999
 20
176.976
 10
1084.8899999999999
 20
176.39999999999998
 10
1084.8899999999999
 20
175.67999999999995
 10
1085.0339999999999
 20
175.10400000000004
 10
1085.322
 20
174.52800000000002
 10
1085.466
 20
173.952
 10
1085.754
 20
173.37599999999998
 10
1086.186
 20
172.79999999999995
 10
1086.618
 20
172.36799999999994
 10
1087.05
 20
171.79199999999992
 10
1087.482
 20
171.36
 10
1088.058
 20
171.072
 10
1088.634
 20
170.784
 10
1089.21
 20
170.49599999999998
 10
1089.786
 20
170.20799999999997
 10
1090.3619999999999
 20
170.06399999999996
 10
1090.9379999999999
 20
169.91999999999996
 10
1091.658
 20
169.91999999999996
 10
1092.234
 20
169.91999999999996
 10
1092.954
 20
169.91999999999996
 10
1093.53
 20
170.06399999999996
 10
1094.106
 20
170.20799999999997
 10
1094.826
 20
170.49599999999998
 10
1095.402
 20
170.784
 10
1095.8339999999998
 20
171.072
 10
1096.4099999999999
 20
171.36
 10
1096.8419999999999
 20
171.79199999999992
 10
1097.418
 20
172.36799999999994
 10
1097.706
 20
172.79999999999995
 10
1098.138
 20
173.37599999999998
 10
1098.426
 20
173.952
 10
1098.714
 20
174.52800000000002
 10
1098.858
 20
175.10400000000004
 10
1099.002
 20
175.67999999999995
 10
1099.146
 20
176.39999999999998
 10
1099.146
 20
176.976
  0
LWPOLYLINE
  5
7DE
330
17
100
AcDbEntity
  8
POLYLINES
100
AcDbPolyline
 90
71
 70
0
 10
1099.146
 20
176.976
 10
1099.146
 20
177.69600000000003
 10
1099.002
 20
178.27199999999993
 10
1098.858
 20
178.99199999999996
 10
1098.714
 20
179.56799999999998
 10
1098.426
 20
180.144
 10
1098.138
 20
180.72000000000003
 10
1097.706
 20
181.15200000000004
 10
1097.418
 20
181.72799999999995
 10
1096.8419999999999
 20
182.15999999999997
 10
1096.4099999999999
 20
182.59199999999998
 10
1095.8339999999998
 20
183.024
 10
1095.402
 20
183.312
 10
1094.826
 20
183.60000000000002
 10
1094.106
 20
183.88799999999992
 10
1093.53
 20
184.03199999999993
 10
1092.954
 20
184.17599999999993
 10
1092.234
 20
184.17599999999993
 10
1091.658
 20
184.17599999999993
 10
1090.9379999999999
 20
184.17599999999993
 10
1090.3619999999999
 20
184.03199999999993
 10
1089.786
 20
183.88799999999992
 10
1089.21
 20
183.60000000000002
 10
1088.634
 20
183.312
 10
1088.058
 20
183.024
 10
1087.482
 20
182.59199999999998
 10
1087.05
 20
182.15999999999997
 10
1086.618
 20
181.72799999999995
 10
1086.186
 20
181.15200000000004
 10
1085.754
 20
180.72000000000003
 10
1085.466
 20
180.144
 10
1085.322
 20
179.56799999999998
 10
1085.0339999999999
 20
178.99199999999996
 10
1084.8899999999999
 20
178.27199999999993
 10
1084.8899999999999
 20
177.69600000000003
 10
1084.7459999999999
 20
176.976
 10
1084.8899999999999
 20
176.39999999999998
 10
1084.8899999999999
 20
175.67999999999995
 10
1085.0339999999999
 20
175.10400000000004
 10
1085.322
 20
174.52800000000002
 10
1085.466
 20
173.952
 10
1085.754
 20
173.37599999999998
 10
1086.186
 20
172.79999999999995
 10
1086.618
 20
172.36799999999994
 10
1087.05
 20
171.79199999999992
 10
1087.482
 20
171.36
 10
1088.058
 20
171.072
 10
1088.634
 20
170.784
 10
1089.21
 20
170.49599999999998
 10
1089.786
 20
170.20799999999997
 10
1090.3619999999999
 20
170.06399999999996
 10
1090.9379999999999
 20
169.91999999999996
 10
1091.658
 20
169.91999999999996
 10
1092.234
 20
169.91999999999996
 10
1092.954
 20
169.91999999999996
 10
1093.53
 20
170.06399999999996
 10
1094.106
 20
170.20799999999997
 10
1094.826
 20
170.49599999999998
 10
1095.402
 20
170.784
 10
1095.8339999999998
 20
171.072
 10
1096.4099999999999
 20
171.36
 10
1096.8419999999999
 20
171.79199999999992
 10
1097.418
 20
172.36799999999994
 10
1097.706
 20
172.79999999999995
 10
1098.138
 20
173.37599999999998
 10
1098.426
 20
173.952
 10
1098.714
 20
174.52800000000002
 10
1098.858
 20
175.10400000000004
 10
1099.002
 20
175.67999999999995
 10
1099.146
 20
176.39999999999998
 10
1099.146
 20
176.976
  0
LWPOLYLINE
  5
7DF
330
17
100
AcDbEntity
  8
POLYLINES
100
AcDbPolyline
 90
6
 70
0
 10
1099.1201952000001
 20
177.01631999999995
 10
1091.962704
 20
184.17381120000005
 10
1084.8052128
 20
177.01631999999995
 10
1091.962704
 20
169.85882879999997
 10
1099.1201952000001
 20
177.01631999999995
 10
1099.1201952000001
 20
177.01631999999995
  0
LWPOLYLINE
  5
7E0
330
17
100
AcDbEntity
  8
POLYLINES
100
AcDbPolyline
 90
71
 70
0
 10
1098.138
 20
360.72
 10
1098.138
 20
361.44000000000005
 10
1097.994
 20
362.01599999999996
 10
1097.85
 20
362.592
 10
1097.706
 20
363.3119999999999
 10
1097.418
 20
363.8879999999999
 10
1097.1299999999999
 20
364.464
 10
1096.8419999999999
 20
364.89599999999996
 10
1096.4099999999999
 20
365.472
 10
1095.978
 20
365.904
 10
1095.5459999999998
 20
366.33599999999996
 10
1094.97
 20
366.768
 10
1094.394
 20
367.056
 10
1093.818
 20
367.344
 10
1093.242
 20
367.488
 10
1092.666
 20
367.77599999999995
 10
1091.946
 20
367.77599999999995
 10
1091.37
 20
367.91999999999996
 10
1090.6499999999999
 20
367.91999999999996
 10
1090.074
 20
367.77599999999995
 10
1089.354
 20
367.77599999999995
 10
1088.778
 20
367.488
 10
1088.202
 20
367.344
 10
1087.626
 20
367.056
 10
1087.05
 20
366.768
 10
1086.618
 20
366.33599999999996
 10
1086.042
 20
365.904
 10
1085.61
 20
365.472
 10
1085.1779999999999
 20
364.89599999999996
 10
1084.8899999999999
 20
364.464
 10
1084.6019999999999
 20
363.8879999999999
 10
1084.3139999999999
 20
363.3119999999999
 10
1084.17
 20
362.592
 10
1084.0259999999998
 20
362.01599999999996
 10
1083.882
 20
361.44000000000005
 10
1083.882
 20
360.72
 10
1083.882
 20
360.144
 10
1084.0259999999998
 20
359.424
 10
1084.17
 20
358.84799999999996
 10
1084.3139999999999
 20
358.27199999999993
 10
1084.6019999999999
 20
357.6959999999999
 10
1084.8899999999999
 20
357.1199999999999
 10
1085.1779999999999
 20
356.544
 10
1085.61
 20
355.96799999999996
 10
1086.042
 20
355.53600000000006
 10
1086.618
 20
355.10400000000004
 10
1087.05
 20
354.81600000000003
 10
1087.626
 20
354.384
 10
1088.202
 20
354.096
 10
1088.778
 20
353.952
 10
1089.354
 20
353.808
 10
1090.074
 20
353.664
 10
1090.6499999999999
 20
353.52
 10
1091.37
 20
353.52
 10
1091.946
 20
353.664
 10
1092.666
 20
353.808
 10
1093.242
 20
353.952
 10
1093.818
 20
354.096
 10
1094.394
 20
354.384
 10
1094.97
 20
354.81600000000003
 10
1095.5459999999998
 20
355.10400000000004
 10
1095.978
 20
355.53600000000006
 10
1096.4099999999999
 20
355.96799999999996
 10
1096.8419999999999
 20
356.544
 10
1097.1299999999999
 20
357.1199999999999
 10
1097.418
 20
357.6959999999999
 10
1097.706
 20
358.27199999999993
 10
1097.85
 20
358.84799999999996
 10
1097.994
 20
359.424
 10
1098.138
 20
360.144
 10
1098.138
 20
360.72
  0
LWPOLYLINE
  5
7E1
330
17
100
AcDbEntity
  8
POLYLINES
100
AcDbPolyline
 90
71
 70
0
 10
1098.138
 20
360.72
 10
1098.138
 20
361.44000000000005
 10
1097.994
 20
362.01599999999996
 10
1097.85
 20
362.592
 10
1097.706
 20
363.3119999999999
 10
1097.418
 20
363.8879999999999
 10
1097.1299999999999
 20
364.464
 10
1096.8419999999999
 20
364.89599999999996
 10
1096.4099999999999
 20
365.472
 10
1095.978
 20
365.904
 10
1095.5459999999998
 20
366.33599999999996
 10
1094.97
 20
366.768
 10
1094.394
 20
367.056
 10
1093.818
 20
367.344
 10
1093.242
 20
367.488
 10
1092.666
 20
367.77599999999995
 10
1091.946
 20
367.77599999999995
 10
1091.37
 20
367.91999999999996
 10
1090.6499999999999
 20
367.91999999999996
 10
1090.074
 20
367.77599999999995
 10
1089.354
 20
367.77599999999995
 10
1088.778
 20
367.488
 10
1088.202
 20
367.344
 10
1087.626
 20
367.056
 10
1087.05
 20
366.768
 10
1086.618
 20
366.33599999999996
 10
1086.042
 20
365.904
 10
1085.61
 20
365.472
 10
1085.1779999999999
 20
364.89599999999996
 10
1084.8899999999999
 20
364.464
 10
1084.6019999999999
 20
363.8879999999999
 10
1084.3139999999999
 20
363.3119999999999
 10
1084.17
 20
362.592
 10
1084.0259999999998
 20
362.01599999999996
 10
1083.882
 20
361.44000000000005
 10
1083.882
 20
360.72
 10
1083.882
 20
360.144
 10
1084.0259999999998
 20
359.424
 10
1084.17
 20
358.84799999999996
 10
1084.3139999999999
 20
358.27199999999993
 10
1084.6019999999999
 20
357.6959999999999
 10
1084.8899999999999
 20
357.1199999999999
 10
1085.1779999999999
 20
356.544
 10
1085.61
 20
355.96799999999996
 10
1086.042
 20
355.53600000000006
 10
1086.618
 20
355.10400000000004
 10
1087.05
 20
354.81600000000003
 10
1087.626
 20
354.384
 10
1088.202
 20
354.096
 10
1088.778
 20
353.952
 10
1089.354
 20
353.808
 10
1090.074
 20
353.664
 10
1090.6499999999999
 20
353.52
 10
1091.37
 20
353.52
 10
1091.946
 20
353.664
 10
1092.666
 20
353.808
 10
1093.242
 20
353.952
 10
1093.818
 20
354.096
 10
1094.394
 20
354.384
 10
1094.97
 20
354.81600000000003
 10
1095.5459999999998
 20
355.10400000000004
 10
1095.978
 20
355.53600000000006
 10
1096.4099999999999
 20
355.96799999999996
 10
1096.8419999999999
 20
356.544
 10
1097.1299999999999
 20
357.1199999999999
 10
1097.418
 20
357.6959999999999
 10
1097.706
 20
358.27199999999993
 10
1097.85
 20
358.84799999999996
 10
1097.994
 20
359.424
 10
1098.138
 20
360.144
 10
1098.138
 20
360.72
  0
LWPOLYLINE
  5
7E2
330
17
100
AcDbEntity
  8
POLYLINES
100
AcDbPolyline
 90
6
 70
0
 10
1098.1693632000001
 20
360.73584000000005
 10
1091.011872
 20
367.8933312
 10
1083.8543808
 20
360.73584000000005
 10
1091.011872
 20
353.57834879999996
 10
1098.1693632000001
 20
360.73584000000005
 10
1098.1693632000001
 20
360.73584000000005
  0
LWPOLYLINE
  5
7E3
330
17
100
AcDbEntity
  8
POLYLINES
100
AcDbPolyline
 90
71
 70
0
 10
1097.1299999999999
 20
326.592
 10
1097.1299999999999
 20
327.1679999999999
 10
1097.1299999999999
 20
327.8879999999999
 10
1096.9859999999999
 20
328.46399999999994
 10
1096.6979999999999
 20
329.03999999999996
 10
1096.5539999999999
 20
329.616
 10
1096.1219999999998
 20
330.192
 10
1095.8339999999998
 20
330.76800000000003
 10
1095.402
 20
331.34400000000005
 10
1094.97
 20
331.77599999999995
 10
1094.538
 20
332.20799999999997
 10
1093.962
 20
332.496
 10
1093.386
 20
332.928
 10
1092.81
 20
333.2159999999999
 10
1092.234
 20
333.3599999999999
 10
1091.658
 20
333.5039999999999
 10
1090.9379999999999
 20
333.6479999999999
 10
1090.3619999999999
 20
333.6479999999999
 10
1089.786
 20
333.6479999999999
 10
1089.066
 20
333.6479999999999
 10
1088.49
 20
333.5039999999999
 10
1087.77
 20
333.3599999999999
 10
1087.194
 20
333.2159999999999
 10
1086.618
 20
332.928
 10
1086.042
 20
332.496
 10
1085.61
 20
332.20799999999997
 10
1085.0339999999999
 20
331.77599999999995
 10
1084.6019999999999
 20
331.34400000000005
 10
1084.3139999999999
 20
330.76800000000003
 10
1083.882
 20
330.192
 10
1083.594
 20
329.616
 10
1083.306
 20
329.03999999999996
 10
1083.162
 20
328.46399999999994
 10
1083.018
 20
327.8879999999999
 10
1082.874
 20
327.1679999999999
 10
1082.874
 20
326.592
 10
1082.874
 20
325.87199999999996
 10
1083.018
 20
325.29600000000005
 10
1083.162
 20
324.72
 10
1083.306
 20
324.0
 10
1083.594
 20
323.424
 10
1083.882
 20
322.84799999999996
 10
1084.3139999999999
 20
322.41599999999994
 10
1084.6019999999999
 20
321.8399999999999
 10
1085.0339999999999
 20
321.4079999999999
 10
1085.61
 20
320.976
 10
1086.042
 20
320.544
 10
1086.618
 20
320.256
 10
1087.194
 20
319.96799999999996
 10
1087.77
 20
319.82399999999996
 10
1088.49
 20
319.53600000000006
 10
1089.066
 20
319.53600000000006
 10
1089.786
 20
319.39200000000005
 10
1090.3619999999999
 20
319.39200000000005
 10
1090.9379999999999
 20
319.53600000000006
 10
1091.658
 20
319.53600000000006
 10
1092.234
 20
319.82399999999996
 10
1092.81
 20
319.96799999999996
 10
1093.386
 20
320.256
 10
1093.962
 20
320.544
 10
1094.538
 20
320.976
 10
1094.97
 20
321.4079999999999
 10
1095.402
 20
321.8399999999999
 10
1095.8339999999998
 20
322.41599999999994
 10
1096.1219999999998
 20
322.84799999999996
 10
1096.5539999999999
 20
323.424
 10
1096.6979999999999
 20
324.0
 10
1096.9859999999999
 20
324.72
 10
1097.1299999999999
 20
325.29600000000005
 10
1097.1299999999999
 20
325.87199999999996
 10
1097.1299999999999
 20
326.592
  0
LWPOLYLINE
  5
7E4
330
17
100
AcDbEntity
  8
POLYLINES
100
AcDbPolyline
 90
71
 70
0
 10
1097.1299999999999
 20
326.592
 10
1097.1299999999999
 20
327.1679999999999
 10
1097.1299999999999
 20
327.8879999999999
 10
1096.9859999999999
 20
328.46399999999994
 10
1096.6979999999999
 20
329.03999999999996
 10
1096.5539999999999
 20
329.616
 10
1096.1219999999998
 20
330.192
 10
1095.8339999999998
 20
330.76800000000003
 10
1095.402
 20
331.34400000000005
 10
1094.97
 20
331.77599999999995
 10
1094.538
 20
332.20799999999997
 10
1093.962
 20
332.496
 10
1093.386
 20
332.928
 10
1092.81
 20
333.2159999999999
 10
1092.234
 20
333.3599999999999
 10
1091.658
 20
333.5039999999999
 10
1090.9379999999999
 20
333.6479999999999
 10
1090.3619999999999
 20
333.6479999999999
 10
1089.786
 20
333.6479999999999
 10
1089.066
 20
333.6479999999999
 10
1088.49
 20
333.5039999999999
 10
1087.77
 20
333.3599999999999
 10
1087.194
 20
333.2159999999999
 10
1086.618
 20
332.928
 10
1086.042
 20
332.496
 10
1085.61
 20
332.20799999999997
 10
1085.0339999999999
 20
331.77599999999995
 10
1084.6019999999999
 20
331.34400000000005
 10
1084.3139999999999
 20
330.76800000000003
 10
1083.882
 20
330.192
 10
1083.594
 20
329.616
 10
1083.306
 20
329.03999999999996
 10
1083.162
 20
328.46399999999994
 10
1083.018
 20
327.8879999999999
 10
1082.874
 20
327.1679999999999
 10
1082.874
 20
326.592
 10
1082.874
 20
325.87199999999996
 10
1083.018
 20
325.29600000000005
 10
1083.162
 20
324.72
 10
1083.306
 20
324.0
 10
1083.594
 20
323.424
 10
1083.882
 20
322.84799999999996
 10
1084.3139999999999
 20
322.41599999999994
 10
1084.6019999999999
 20
321.8399999999999
 10
1085.0339999999999
 20
321.4079999999999
 10
1085.61
 20
320.976
 10
1086.042
 20
320.544
 10
1086.618
 20
320.256
 10
1087.194
 20
319.96799999999996
 10
1087.77
 20
319.82399999999996
 10
1088.49
 20
319.53600000000006
 10
1089.066
 20
319.53600000000006
 10
1089.786
 20
319.39200000000005
 10
1090.3619999999999
 20
319.39200000000005
 10
1090.9379999999999
 20
319.53600000000006
 10
1091.658
 20
319.53600000000006
 10
1092.234
 20
319.82399999999996
 10
1092.81
 20
319.96799999999996
 10
1093.386
 20
320.256
 10
1093.962
 20
320.544
 10
1094.538
 20
320.976
 10
1094.97
 20
321.4079999999999
 10
1095.402
 20
321.8399999999999
 10
1095.8339999999998
 20
322.41599999999994
 10
1096.1219999999998
 20
322.84799999999996
 10
1096.5539999999999
 20
323.424
 10
1096.6979999999999
 20
324.0
 10
1096.9859999999999
 20
324.72
 10
1097.1299999999999
 20
325.29600000000005
 10
1097.1299999999999
 20
325.87199999999996
 10
1097.1299999999999
 20
326.592
  0
LWPOLYLINE
  5
7E5
330
17
100
AcDbEntity
  8
POLYLINES
100
AcDbPolyline
 90
6
 70
0
 10
1097.2006752
 20
326.56896000000006
 10
1090.0431839999999
 20
333.72645119999993
 10
1082.8856927999998
 20
326.56896000000006
 10
1090.0431839999999
 20
319.41146879999997
 10
1097.2006752
 20
326.56896000000006
 10
1097.2006752
 20
326.56896000000006
  0
LWPOLYLINE
  5
7E6
330
17
100
AcDbEntity
  8
POLYLINES
100
AcDbPolyline
 90
71
 70
0
 10
1099.002
 20
235.58399999999995
 10
1098.858
 20
236.15999999999997
 10
1098.858
 20
236.88
 10
1098.714
 20
237.45600000000002
 10
1098.426
 20
238.03199999999993
 10
1098.282
 20
238.75199999999995
 10
1097.994
 20
239.18399999999997
 10
1097.562
 20
239.76
 10
1097.1299999999999
 20
240.336
 10
1096.6979999999999
 20
240.76800000000003
 10
1096.2659999999998
 20
241.20000000000005
 10
1095.69
 20
241.48799999999994
 10
1095.114
 20
241.91999999999996
 10
1094.538
 20
242.20799999999997
 10
1093.962
 20
242.35199999999998
 10
1093.386
 20
242.49599999999998
 10
1092.81
 20
242.64
 10
1092.09
 20
242.784
 10
1091.514
 20
242.784
 10
1090.7939999999999
 20
242.64
 10
1090.2179999999998
 20
242.49599999999998
 10
1089.498
 20
242.35199999999998
 10
1088.922
 20
242.20799999999997
 10
1088.346
 20
241.91999999999996
 10
1087.77
 20
241.48799999999994
 10
1087.338
 20
241.20000000000005
 10
1086.762
 20
240.76800000000003
 10
1086.33
 20
240.336
 10
1086.042
 20
239.76
 10
1085.61
 20
239.18399999999997
 10
1085.322
 20
238.75199999999995
 10
1085.0339999999999
 20
238.03199999999993
 10
1084.8899999999999
 20
237.45600000000002
 10
1084.7459999999999
 20
236.88
 10
1084.6019999999999
 20
236.15999999999997
 10
1084.6019999999999
 20
235.58399999999995
 10
1084.6019999999999
 20
235.00800000000004
 10
1084.7459999999999
 20
234.288
 10
1084.8899999999999
 20
233.712
 10
1085.0339999999999
 20
233.13599999999997
 10
1085.322
 20
232.41599999999994
 10
1085.61
 20
231.83999999999992
 10
1086.042
 20
231.40800000000002
 10
1086.33
 20
230.832
 10
1086.762
 20
230.39999999999998
 10
1087.338
 20
229.96799999999996
 10
1087.77
 20
229.53599999999994
 10
1088.346
 20
229.24800000000005
 10
1088.922
 20
228.96000000000004
 10
1089.498
 20
228.81600000000003
 10
1090.2179999999998
 20
228.67200000000003
 10
1090.7939999999999
 20
228.52800000000002
 10
1091.514
 20
228.38400000000001
 10
1092.09
 20
228.38400000000001
 10
1092.81
 20
228.52800000000002
 10
1093.386
 20
228.67200000000003
 10
1093.962
 20
228.81600000000003
 10
1094.538
 20
228.96000000000004
 10
1095.114
 20
229.24800000000005
 10
1095.69
 20
229.53599999999994
 10
1096.2659999999998
 20
229.96799999999996
 10
1096.6979999999999
 20
230.39999999999998
 10
1097.1299999999999
 20
230.832
 10
1097.562
 20
231.40800000000002
 10
1097.994
 20
231.83999999999992
 10
1098.282
 20
232.41599999999994
 10
1098.426
 20
233.13599999999997
 10
1098.714
 20
233.712
 10
1098.858
 20
234.288
 10
1098.858
 20
235.00800000000004
 10
1099.002
 20
235.58399999999995
  0
LWPOLYLINE
  5
7E7
330
17
100
AcDbEntity
  8
POLYLINES
100
AcDbPolyline
 90
71
 70
0
 10
1099.002
 20
235.58399999999995
 10
1098.858
 20
236.15999999999997
 10
1098.858
 20
236.88
 10
1098.714
 20
237.45600000000002
 10
1098.426
 20
238.03199999999993
 10
1098.282
 20
238.75199999999995
 10
1097.994
 20
239.18399999999997
 10
1097.562
 20
239.76
 10
1097.1299999999999
 20
240.336
 10
1096.6979999999999
 20
240.76800000000003
 10
1096.2659999999998
 20
241.20000000000005
 10
1095.69
 20
241.48799999999994
 10
1095.114
 20
241.91999999999996
 10
1094.538
 20
242.20799999999997
 10
1093.962
 20
242.35199999999998
 10
1093.386
 20
242.49599999999998
 10
1092.81
 20
242.64
 10
1092.09
 20
242.784
 10
1091.514
 20
242.784
 10
1090.7939999999999
 20
242.64
 10
1090.2179999999998
 20
242.49599999999998
 10
1089.498
 20
242.35199999999998
 10
1088.922
 20
242.20799999999997
 10
1088.346
 20
241.91999999999996
 10
1087.77
 20
241.48799999999994
 10
1087.338
 20
241.20000000000005
 10
1086.762
 20
240.76800000000003
 10
1086.33
 20
240.336
 10
1086.042
 20
239.76
 10
1085.61
 20
239.18399999999997
 10
1085.322
 20
238.75199999999995
 10
1085.0339999999999
 20
238.03199999999993
 10
1084.8899999999999
 20
237.45600000000002
 10
1084.7459999999999
 20
236.88
 10
1084.6019999999999
 20
236.15999999999997
 10
1084.6019999999999
 20
235.58399999999995
 10
1084.6019999999999
 20
235.00800000000004
 10
1084.7459999999999
 20
234.288
 10
1084.8899999999999
 20
233.712
 10
1085.0339999999999
 20
233.13599999999997
 10
1085.322
 20
232.41599999999994
 10
1085.61
 20
231.83999999999992
 10
1086.042
 20
231.40800000000002
 10
1086.33
 20
230.832
 10
1086.762
 20
230.39999999999998
 10
1087.338
 20
229.96799999999996
 10
1087.77
 20
229.53599999999994
 10
1088.346
 20
229.24800000000005
 10
1088.922
 20
228.96000000000004
 10
1089.498
 20
228.81600000000003
 10
1090.2179999999998
 20
228.67200000000003
 10
1090.7939999999999
 20
228.52800000000002
 10
1091.514
 20
228.38400000000001
 10
1092.09
 20
228.38400000000001
 10
1092.81
 20
228.52800000000002
 10
1093.386
 20
228.67200000000003
 10
1093.962
 20
228.81600000000003
 10
1094.538
 20
228.96000000000004
 10
1095.114
 20
229.24800000000005
 10
1095.69
 20
229.53599999999994
 10
1096.2659999999998
 20
229.96799999999996
 10
1096.6979999999999
 20
230.39999999999998
 10
1097.1299999999999
 20
230.832
 10
1097.562
 20
231.40800000000002
 10
1097.994
 20
231.83999999999992
 10
1098.282
 20
232.41599999999994
 10
1098.426
 20
233.13599999999997
 10
1098.714
 20
233.712
 10
1098.858
 20
234.288
 10
1098.858
 20
235.00800000000004
 10
1099.002
 20
235.58399999999995
  0
LWPOLYLINE
  5
7E8
330
17
100
AcDbEntity
  8
POLYLINES
100
AcDbPolyline
 90
6
 70
0
 10
1098.9370272
 20
235.58112000000006
 10
1091.779536
 20
242.73861120000004
 10
1084.6220448
 20
235.58112000000006
 10
1091.779536
 20
228.42362879999996
 10
1098.9370272
 20
235.58112000000006
 10
1098.9370272
 20
235.58112000000006
  0
LWPOLYLINE
  5
7E9
330
17
100
AcDbEntity
  8
POLYLINES
100
AcDbPolyline
 90
71
 70
0
 10
890.922
 20
358.70399999999995
 10
890.922
 20
359.424
 10
890.778
 20
360.0
 10
890.634
 20
360.576
 10
890.49
 20
361.29600000000005
 10
890.202
 20
361.87199999999996
 10
889.914
 20
362.448
 10
889.482
 20
362.88
 10
889.194
 20
363.4559999999999
 10
888.762
 20
363.8879999999999
 10
888.1859999999999
 20
364.32
 10
887.7539999999999
 20
364.75199999999995
 10
887.1779999999999
 20
365.03999999999996
 10
886.602
 20
365.328
 10
886.026
 20
365.472
 10
885.306
 20
365.76
 10
884.73
 20
365.76
 10
884.01
 20
365.904
 10
883.434
 20
365.904
 10
882.858
 20
365.76
 10
882.1379999999999
 20
365.76
 10
881.5619999999999
 20
365.472
 10
880.986
 20
365.328
 10
880.41
 20
365.03999999999996
 10
879.834
 20
364.75199999999995
 10
879.258
 20
364.32
 10
878.826
 20
363.8879999999999
 10
878.394
 20
363.4559999999999
 10
877.962
 20
362.88
 10
877.674
 20
362.448
 10
877.242
 20
361.87199999999996
 10
877.098
 20
361.29600000000005
 10
876.81
 20
360.576
 10
876.6659999999999
 20
360.0
 10
876.6659999999999
 20
359.424
 10
876.6659999999999
 20
358.70399999999995
 10
876.6659999999999
 20
358.12799999999993
 10
876.6659999999999
 20
357.4079999999999
 10
876.81
 20
356.832
 10
877.098
 20
356.256
 10
877.242
 20
355.67999999999995
 10
877.674
 20
355.10400000000004
 10
877.962
 20
354.528
 10
878.394
 20
353.952
 10
878.826
 20
353.52
 10
879.258
 20
353.08799999999997
 10
879.834
 20
352.79999999999995
 10
880.41
 20
352.36799999999994
 10
880.986
 20
352.0799999999999
 10
881.5619999999999
 20
351.9359999999999
 10
882.1379999999999
 20
351.7919999999999
 10
882.858
 20
351.6479999999999
 10
883.434
 20
351.6479999999999
 10
884.01
 20
351.6479999999999
 10
884.73
 20
351.6479999999999
 10
885.306
 20
351.7919999999999
 10
886.026
 20
351.9359999999999
 10
886.602
 20
352.0799999999999
 10
887.1779999999999
 20
352.36799999999994
 10
887.7539999999999
 20
352.79999999999995
 10
888.1859999999999
 20
353.08799999999997
 10
888.762
 20
353.52
 10
889.194
 20
353.952
 10
889.482
 20
354.528
 10
889.914
 20
355.10400000000004
 10
890.202
 20
355.67999999999995
 10
890.49
 20
356.256
 10
890.634
 20
356.832
 10
890.778
 20
357.4079999999999
 10
890.922
 20
358.12799999999993
 10
890.922
 20
358.70399999999995
  0
LWPOLYLINE
  5
7EA
330
17
100
AcDbEntity
  8
POLYLINES
100
AcDbPolyline
 90
71
 70
0
 10
890.922
 20
358.70399999999995
 10
890.922
 20
359.424
 10
890.778
 20
360.0
 10
890.634
 20
360.576
 10
890.49
 20
361.29600000000005
 10
890.202
 20
361.87199999999996
 10
889.914
 20
362.448
 10
889.482
 20
362.88
 10
889.194
 20
363.4559999999999
 10
888.762
 20
363.8879999999999
 10
888.1859999999999
 20
364.32
 10
887.7539999999999
 20
364.75199999999995
 10
887.1779999999999
 20
365.03999999999996
 10
886.602
 20
365.328
 10
886.026
 20
365.472
 10
885.306
 20
365.76
 10
884.73
 20
365.76
 10
884.01
 20
365.904
 10
883.434
 20
365.904
 10
882.858
 20
365.76
 10
882.1379999999999
 20
365.76
 10
881.5619999999999
 20
365.472
 10
880.986
 20
365.328
 10
880.41
 20
365.03999999999996
 10
879.834
 20
364.75199999999995
 10
879.258
 20
364.32
 10
878.826
 20
363.8879999999999
 10
878.394
 20
363.4559999999999
 10
877.962
 20
362.88
 10
877.674
 20
362.448
 10
877.242
 20
361.87199999999996
 10
877.098
 20
361.29600000000005
 10
876.81
 20
360.576
 10
876.6659999999999
 20
360.0
 10
876.6659999999999
 20
359.424
 10
876.6659999999999
 20
358.70399999999995
 10
876.6659999999999
 20
358.12799999999993
 10
876.6659999999999
 20
357.4079999999999
 10
876.81
 20
356.832
 10
877.098
 20
356.256
 10
877.242
 20
355.67999999999995
 10
877.674
 20
355.10400000000004
 10
877.962
 20
354.528
 10
878.394
 20
353.952
 10
878.826
 20
353.52
 10
879.258
 20
353.08799999999997
 10
879.834
 20
352.79999999999995
 10
880.41
 20
352.36799999999994
 10
880.986
 20
352.0799999999999
 10
881.5619999999999
 20
351.9359999999999
 10
882.1379999999999
 20
351.7919999999999
 10
882.858
 20
351.6479999999999
 10
883.434
 20
351.6479999999999
 10
884.01
 20
351.6479999999999
 10
884.73
 20
351.6479999999999
 10
885.306
 20
351.7919999999999
 10
886.026
 20
351.9359999999999
 10
886.602
 20
352.0799999999999
 10
887.1779999999999
 20
352.36799999999994
 10
887.7539999999999
 20
352.79999999999995
 10
888.1859999999999
 20
353.08799999999997
 10
888.762
 20
353.52
 10
889.194
 20
353.952
 10
889.482
 20
354.528
 10
889.914
 20
355.10400000000004
 10
890.202
 20
355.67999999999995
 10
890.49
 20
356.256
 10
890.634
 20
356.832
 10
890.778
 20
357.4079999999999
 10
890.922
 20
358.12799999999993
 10
890.922
 20
358.70399999999995
  0
LWPOLYLINE
  5
7EB
330
17
100
AcDbEntity
  8
POLYLINES
100
AcDbPolyline
 90
6
 70
0
 10
890.9154912
 20
358.72992
 10
883.758
 20
365.8874111999999
 10
876.6005088000001
 20
358.72992
 10
883.758
 20
351.5724287999999
 10
890.9154912
 20
358.72992
 10
890.9154912
 20
358.72992
  0
LWPOLYLINE
  5
7EC
330
17
100
AcDbEntity
  8
POLYLINES
100
AcDbPolyline
 90
71
 70
0
 10
892.218
 20
309.3119999999999
 10
892.218
 20
310.0319999999999
 10
892.074
 20
310.60799999999995
 10
891.93
 20
311.328
 10
891.786
 20
311.904
 10
891.4979999999999
 20
312.48
 10
891.21
 20
313.05600000000004
 10
890.922
 20
313.63199999999995
 10
890.49
 20
314.06399999999996
 10
890.058
 20
314.496
 10
889.482
 20
314.928
 10
889.05
 20
315.3599999999999
 10
888.4739999999999
 20
315.6479999999999
 10
887.8979999999999
 20
315.9359999999999
 10
887.3219999999999
 20
316.22399999999993
 10
886.746
 20
316.36799999999994
 10
886.026
 20
316.51199999999994
 10
885.45
 20
316.51199999999994
 10
884.73
 20
316.51199999999994
 10
884.154
 20
316.51199999999994
 10
883.434
 20
316.36799999999994
 10
882.858
 20
316.22399999999993
 10
882.2819999999999
 20
315.9359999999999
 10
881.7059999999999
 20
315.6479999999999
 10
881.1299999999999
 20
315.3599999999999
 10
880.554
 20
314.928
 10
880.122
 20
314.496
 10
879.6899999999999
 20
314.06399999999996
 10
879.258
 20
313.63199999999995
 10
878.97
 20
313.05600000000004
 10
878.682
 20
312.48
 10
878.394
 20
311.904
 10
878.25
 20
311.328
 10
878.106
 20
310.60799999999995
 10
877.962
 20
310.0319999999999
 10
877.962
 20
309.3119999999999
 10
877.962
 20
308.736
 10
878.106
 20
308.15999999999997
 10
878.25
 20
307.44000000000005
 10
878.394
 20
306.86400000000003
 10
878.682
 20
306.288
 10
878.97
 20
305.712
 10
879.258
 20
305.13599999999997
 10
879.6899999999999
 20
304.70399999999995
 10
880.122
 20
304.12799999999993
 10
880.554
 20
303.8399999999999
 10
881.1299999999999
 20
303.4079999999999
 10
881.7059999999999
 20
303.12
 10
882.2819999999999
 20
302.832
 10
882.858
 20
302.544
 10
883.434
 20
302.4
 10
884.154
 20
302.256
 10
884.73
 20
302.256
 10
885.45
 20
302.256
 10
886.026
 20
302.256
 10
886.746
 20
302.4
 10
887.3219999999999
 20
302.544
 10
887.8979999999999
 20
302.832
 10
888.4739999999999
 20
303.12
 10
889.05
 20
303.4079999999999
 10
889.482
 20
303.8399999999999
 10
890.058
 20
304.12799999999993
 10
890.49
 20
304.70399999999995
 10
890.922
 20
305.13599999999997
 10
891.21
 20
305.712
 10
891.4979999999999
 20
306.288
 10
891.786
 20
306.86400000000003
 10
891.93
 20
307.44000000000005
 10
892.074
 20
308.15999999999997
 10
892.218
 20
308.736
 10
892.218
 20
309.3119999999999
  0
LWPOLYLINE
  5
7ED
330
17
100
AcDbEntity
  8
POLYLINES
100
AcDbPolyline
 90
71
 70
0
 10
892.218
 20
309.3119999999999
 10
892.218
 20
310.0319999999999
 10
892.074
 20
310.60799999999995
 10
891.93
 20
311.328
 10
891.786
 20
311.904
 10
891.4979999999999
 20
312.48
 10
891.21
 20
313.05600000000004
 10
890.922
 20
313.63199999999995
 10
890.49
 20
314.06399999999996
 10
890.058
 20
314.496
 10
889.482
 20
314.928
 10
889.05
 20
315.3599999999999
 10
888.4739999999999
 20
315.6479999999999
 10
887.8979999999999
 20
315.9359999999999
 10
887.3219999999999
 20
316.22399999999993
 10
886.746
 20
316.36799999999994
 10
886.026
 20
316.51199999999994
 10
885.45
 20
316.51199999999994
 10
884.73
 20
316.51199999999994
 10
884.154
 20
316.51199999999994
 10
883.434
 20
316.36799999999994
 10
882.858
 20
316.22399999999993
 10
882.2819999999999
 20
315.9359999999999
 10
881.7059999999999
 20
315.6479999999999
 10
881.1299999999999
 20
315.3599999999999
 10
880.554
 20
314.928
 10
880.122
 20
314.496
 10
879.6899999999999
 20
314.06399999999996
 10
879.258
 20
313.63199999999995
 10
878.97
 20
313.05600000000004
 10
878.682
 20
312.48
 10
878.394
 20
311.904
 10
878.25
 20
311.328
 10
878.106
 20
310.60799999999995
 10
877.962
 20
310.0319999999999
 10
877.962
 20
309.3119999999999
 10
877.962
 20
308.736
 10
878.106
 20
308.15999999999997
 10
878.25
 20
307.44000000000005
 10
878.394
 20
306.86400000000003
 10
878.682
 20
306.288
 10
878.97
 20
305.712
 10
879.258
 20
305.13599999999997
 10
879.6899999999999
 20
304.70399999999995
 10
880.122
 20
304.12799999999993
 10
880.554
 20
303.8399999999999
 10
881.1299999999999
 20
303.4079999999999
 10
881.7059999999999
 20
303.12
 10
882.2819999999999
 20
302.832
 10
882.858
 20
302.544
 10
883.434
 20
302.4
 10
884.154
 20
302.256
 10
884.73
 20
302.256
 10
885.45
 20
302.256
 10
886.026
 20
302.256
 10
886.746
 20
302.4
 10
887.3219999999999
 20
302.544
 10
887.8979999999999
 20
302.832
 10
888.4739999999999
 20
303.12
 10
889.05
 20
303.4079999999999
 10
889.482
 20
303.8399999999999
 10
890.058
 20
304.12799999999993
 10
890.49
 20
304.70399999999995
 10
890.922
 20
305.13599999999997
 10
891.21
 20
305.712
 10
891.4979999999999
 20
306.288
 10
891.786
 20
306.86400000000003
 10
891.93
 20
307.44000000000005
 10
892.074
 20
308.15999999999997
 10
892.218
 20
308.736
 10
892.218
 20
309.3119999999999
  0
LWPOLYLINE
  5
7EE
330
17
100
AcDbEntity
  8
POLYLINES
100
AcDbPolyline
 90
6
 70
0
 10
892.2402911999999
 20
309.36672
 10
885.0827999999999
 20
316.52421119999997
 10
877.9253087999999
 20
309.36672
 10
885.0827999999999
 20
302.2092288
 10
892.2402911999999
 20
309.36672
 10
892.2402911999999
 20
309.36672
  0
LWPOLYLINE
  5
7EF
330
17
100
AcDbEntity
  8
POLYLINES
100
AcDbPolyline
 90
71
 70
0
 10
892.218
 20
244.65599999999995
 10
892.218
 20
245.23199999999997
 10
892.074
 20
245.808
 10
891.93
 20
246.52800000000002
 10
891.786
 20
247.10400000000004
 10
891.4979999999999
 20
247.67999999999995
 10
891.21
 20
248.25599999999997
 10
890.922
 20
248.832
 10
890.49
 20
249.264
 10
890.058
 20
249.6959999999999
 10
889.482
 20
250.12799999999993
 10
889.05
 20
250.55999999999995
 10
888.4739999999999
 20
250.84799999999996
 10
887.8979999999999
 20
251.13599999999997
 10
887.3219999999999
 20
251.42399999999998
 10
886.746
 20
251.56799999999998
 10
886.026
 20
251.712
 10
885.45
 20
251.712
 10
884.73
 20
251.712
 10
884.154
 20
251.712
 10
883.434
 20
251.56799999999998
 10
882.858
 20
251.42399999999998
 10
882.2819999999999
 20
251.13599999999997
 10
881.7059999999999
 20
250.84799999999996
 10
881.1299999999999
 20
250.55999999999995
 10
880.554
 20
250.12799999999993
 10
880.122
 20
249.6959999999999
 10
879.6899999999999
 20
249.264
 10
879.258
 20
248.832
 10
878.97
 20
248.25599999999997
 10
878.682
 20
247.67999999999995
 10
878.394
 20
247.10400000000004
 10
878.25
 20
246.52800000000002
 10
878.106
 20
245.808
 10
877.962
 20
245.23199999999997
 10
877.962
 20
244.65599999999995
 10
877.962
 20
243.93599999999992
 10
878.106
 20
243.36
 10
878.25
 20
242.64
 10
878.394
 20
242.06399999999996
 10
878.682
 20
241.48799999999994
 10
878.97
 20
240.91200000000003
 10
879.258
 20
240.336
 10
879.6899999999999
 20
239.904
 10
880.122
 20
239.47199999999998
 10
880.554
 20
239.03999999999996
 10
881.1299999999999
 20
238.60799999999995
 10
881.7059999999999
 20
238.31999999999994
 10
882.2819999999999
 20
238.03199999999993
 10
882.858
 20
237.74399999999991
 10
883.434
 20
237.60000000000002
 10
884.154
 20
237.45600000000002
 10
884.73
 20
237.45600000000002
 10
885.45
 20
237.45600000000002
 10
886.026
 20
237.45600000000002
 10
886.746
 20
237.60000000000002
 10
887.3219999999999
 20
237.74399999999991
 10
887.8979999999999
 20
238.03199999999993
 10
888.4739999999999
 20
238.31999999999994
 10
889.05
 20
238.60799999999995
 10
889.482
 20
239.03999999999996
 10
890.058
 20
239.47199999999998
 10
890.49
 20
239.904
 10
890.922
 20
240.336
 10
891.21
 20
240.91200000000003
 10
891.4979999999999
 20
241.48799999999994
 10
891.786
 20
242.06399999999996
 10
891.93
 20
242.64
 10
892.074
 20
243.36
 10
892.218
 20
243.93599999999992
 10
892.218
 20
244.65599999999995
  0
LWPOLYLINE
  5
7F0
330
17
100
AcDbEntity
  8
POLYLINES
100
AcDbPolyline
 90
71
 70
0
 10
892.218
 20
244.65599999999995
 10
892.218
 20
245.23199999999997
 10
892.074
 20
245.808
 10
891.93
 20
246.52800000000002
 10
891.786
 20
247.10400000000004
 10
891.4979999999999
 20
247.67999999999995
 10
891.21
 20
248.25599999999997
 10
890.922
 20
248.832
 10
890.49
 20
249.264
 10
890.058
 20
249.6959999999999
 10
889.482
 20
250.12799999999993
 10
889.05
 20
250.55999999999995
 10
888.4739999999999
 20
250.84799999999996
 10
887.8979999999999
 20
251.13599999999997
 10
887.3219999999999
 20
251.42399999999998
 10
886.746
 20
251.56799999999998
 10
886.026
 20
251.712
 10
885.45
 20
251.712
 10
884.73
 20
251.712
 10
884.154
 20
251.712
 10
883.434
 20
251.56799999999998
 10
882.858
 20
251.42399999999998
 10
882.2819999999999
 20
251.13599999999997
 10
881.7059999999999
 20
250.84799999999996
 10
881.1299999999999
 20
250.55999999999995
 10
880.554
 20
250.12799999999993
 10
880.122
 20
249.6959999999999
 10
879.6899999999999
 20
249.264
 10
879.258
 20
248.832
 10
878.97
 20
248.25599999999997
 10
878.682
 20
247.67999999999995
 10
878.394
 20
247.10400000000004
 10
878.25
 20
246.52800000000002
 10
878.106
 20
245.808
 10
877.962
 20
245.23199999999997
 10
877.962
 20
244.65599999999995
 10
877.962
 20
243.93599999999992
 10
878.106
 20
243.36
 10
878.25
 20
242.64
 10
878.394
 20
242.06399999999996
 10
878.682
 20
241.48799999999994
 10
878.97
 20
240.91200000000003
 10
879.258
 20
240.336
 10
879.6899999999999
 20
239.904
 10
880.122
 20
239.47199999999998
 10
880.554
 20
239.03999999999996
 10
881.1299999999999
 20
238.60799999999995
 10
881.7059999999999
 20
238.31999999999994
 10
882.2819999999999
 20
238.03199999999993
 10
882.858
 20
237.74399999999991
 10
883.434
 20
237.60000000000002
 10
884.154
 20
237.45600000000002
 10
884.73
 20
237.45600000000002
 10
885.45
 20
237.45600000000002
 10
886.026
 20
237.45600000000002
 10
886.746
 20
237.60000000000002
 10
887.3219999999999
 20
237.74399999999991
 10
887.8979999999999
 20
238.03199999999993
 10
888.4739999999999
 20
238.31999999999994
 10
889.05
 20
238.60799999999995
 10
889.482
 20
239.03999999999996
 10
890.058
 20
239.47199999999998
 10
890.49
 20
239.904
 10
890.922
 20
240.336
 10
891.21
 20
240.91200000000003
 10
891.4979999999999
 20
241.48799999999994
 10
891.786
 20
242.06399999999996
 10
891.93
 20
242.64
 10
892.074
 20
243.36
 10
892.218
 20
243.93599999999992
 10
892.218
 20
244.65599999999995
  0
LWPOLYLINE
  5
7F1
330
17
100
AcDbEntity
  8
POLYLINES
100
AcDbPolyline
 90
6
 70
0
 10
892.2402911999999
 20
244.58543999999995
 10
885.0827999999999
 20
251.74293119999993
 10
877.9253087999999
 20
244.58543999999995
 10
885.0827999999999
 20
237.42794879999997
 10
892.2402911999999
 20
244.58543999999995
 10
892.2402911999999
 20
244.58543999999995
  0
LWPOLYLINE
  5
7F2
330
17
100
AcDbEntity
  8
POLYLINES
100
AcDbPolyline
 90
71
 70
0
 10
893.9459999999999
 20
178.99199999999996
 10
893.8019999999999
 20
179.56799999999998
 10
893.8019999999999
 20
180.288
 10
893.6579999999999
 20
180.86400000000003
 10
893.5139999999999
 20
181.44000000000005
 10
893.2259999999999
 20
182.01599999999996
 10
892.938
 20
182.59199999999998
 10
892.506
 20
183.168
 10
892.074
 20
183.74400000000003
 10
891.6419999999999
 20
184.17599999999993
 10
891.21
 20
184.60799999999995
 10
890.634
 20
184.89599999999996
 10
890.202
 20
185.32799999999997
 10
889.626
 20
185.61599999999999
 10
888.906
 20
185.76
 10
888.3299999999999
 20
185.904
 10
887.7539999999999
 20
186.048
 10
887.0339999999999
 20
186.048
 10
886.458
 20
186.048
 10
885.7379999999999
 20
186.048
 10
885.162
 20
185.904
 10
884.586
 20
185.76
 10
883.866
 20
185.61599999999999
 10
883.29
 20
185.32799999999997
 10
882.858
 20
184.89599999999996
 10
882.2819999999999
 20
184.60799999999995
 10
881.8499999999999
 20
184.17599999999993
 10
881.4179999999999
 20
183.74400000000003
 10
880.986
 20
183.168
 10
880.554
 20
182.59199999999998
 10
880.266
 20
182.01599999999996
 10
879.978
 20
181.44000000000005
 10
879.834
 20
180.86400000000003
 10
879.6899999999999
 20
180.288
 10
879.5459999999999
 20
179.56799999999998
 10
879.5459999999999
 20
178.99199999999996
 10
879.5459999999999
 20
178.27199999999993
 10
879.6899999999999
 20
177.69600000000003
 10
879.834
 20
177.12
 10
879.978
 20
176.39999999999998
 10
880.266
 20
175.82399999999996
 10
880.554
 20
175.24800000000005
 10
880.986
 20
174.81600000000003
 10
881.4179999999999
 20
174.24
 10
881.8499999999999
 20
173.808
 10
882.2819999999999
 20
173.37599999999998
 10
882.858
 20
172.94399999999996
 10
883.29
 20
172.65599999999995
 10
883.866
 20
172.36799999999994
 10
884.586
 20
172.22399999999993
 10
885.162
 20
171.93599999999992
 10
885.7379999999999
 20
171.93599999999992
 10
886.458
 20
171.79199999999992
 10
887.0339999999999
 20
171.79199999999992
 10
887.7539999999999
 20
171.93599999999992
 10
888.3299999999999
 20
171.93599999999992
 10
888.906
 20
172.22399999999993
 10
889.626
 20
172.36799999999994
 10
890.202
 20
172.65599999999995
 10
890.634
 20
172.94399999999996
 10
891.21
 20
173.37599999999998
 10
891.6419999999999
 20
173.808
 10
892.074
 20
174.24
 10
892.506
 20
174.81600000000003
 10
892.938
 20
175.24800000000005
 10
893.2259999999999
 20
175.82399999999996
 10
893.5139999999999
 20
176.39999999999998
 10
893.6579999999999
 20
177.12
 10
893.8019999999999
 20
177.69600000000003
 10
893.8019999999999
 20
178.27199999999993
 10
893.9459999999999
 20
178.99199999999996
  0
LWPOLYLINE
  5
7F3
330
17
100
AcDbEntity
  8
POLYLINES
100
AcDbPolyline
 90
71
 70
0
 10
893.9459999999999
 20
178.99199999999996
 10
893.8019999999999
 20
179.56799999999998
 10
893.8019999999999
 20
180.288
 10
893.6579999999999
 20
180.86400000000003
 10
893.5139999999999
 20
181.44000000000005
 10
893.2259999999999
 20
182.01599999999996
 10
892.938
 20
182.59199999999998
 10
892.506
 20
183.168
 10
892.074
 20
183.74400000000003
 10
891.6419999999999
 20
184.17599999999993
 10
891.21
 20
184.60799999999995
 10
890.634
 20
184.89599999999996
 10
890.202
 20
185.32799999999997
 10
889.626
 20
185.61599999999999
 10
888.906
 20
185.76
 10
888.3299999999999
 20
185.904
 10
887.7539999999999
 20
186.048
 10
887.0339999999999
 20
186.048
 10
886.458
 20
186.048
 10
885.7379999999999
 20
186.048
 10
885.162
 20
185.904
 10
884.586
 20
185.76
 10
883.866
 20
185.61599999999999
 10
883.29
 20
185.32799999999997
 10
882.858
 20
184.89599999999996
 10
882.2819999999999
 20
184.60799999999995
 10
881.8499999999999
 20
184.17599999999993
 10
881.4179999999999
 20
183.74400000000003
 10
880.986
 20
183.168
 10
880.554
 20
182.59199999999998
 10
880.266
 20
182.01599999999996
 10
879.978
 20
181.44000000000005
 10
879.834
 20
180.86400000000003
 10
879.6899999999999
 20
180.288
 10
879.5459999999999
 20
179.56799999999998
 10
879.5459999999999
 20
178.99199999999996
 10
879.5459999999999
 20
178.27199999999993
 10
879.6899999999999
 20
177.69600000000003
 10
879.834
 20
177.12
 10
879.978
 20
176.39999999999998
 10
880.266
 20
175.82399999999996
 10
880.554
 20
175.24800000000005
 10
880.986
 20
174.81600000000003
 10
881.4179999999999
 20
174.24
 10
881.8499999999999
 20
173.808
 10
882.2819999999999
 20
173.37599999999998
 10
882.858
 20
172.94399999999996
 10
883.29
 20
172.65599999999995
 10
883.866
 20
172.36799999999994
 10
884.586
 20
172.22399999999993
 10
885.162
 20
171.93599999999992
 10
885.7379999999999
 20
171.93599999999992
 10
886.458
 20
171.79199999999992
 10
887.0339999999999
 20
171.79199999999992
 10
887.7539999999999
 20
171.93599999999992
 10
888.3299999999999
 20
171.93599999999992
 10
888.906
 20
172.22399999999993
 10
889.626
 20
172.36799999999994
 10
890.202
 20
172.65599999999995
 10
890.634
 20
172.94399999999996
 10
891.21
 20
173.37599999999998
 10
891.6419999999999
 20
173.808
 10
892.074
 20
174.24
 10
892.506
 20
174.81600000000003
 10
892.938
 20
175.24800000000005
 10
893.2259999999999
 20
175.82399999999996
 10
893.5139999999999
 20
176.39999999999998
 10
893.6579999999999
 20
177.12
 10
893.8019999999999
 20
177.69600000000003
 10
893.8019999999999
 20
178.27199999999993
 10
893.9459999999999
 20
178.99199999999996
  0
LWPOLYLINE
  5
7F4
330
17
100
AcDbEntity
  8
POLYLINES
100
AcDbPolyline
 90
6
 70
0
 10
893.8991711999998
 20
178.96895999999992
 10
886.7416799999999
 20
186.12645120000002
 10
879.5841887999999
 20
178.96895999999992
 10
886.7416799999999
 20
171.81146879999994
 10
893.8991711999998
 20
178.96895999999992
 10
893.8991711999998
 20
178.96895999999992
  0
LINE
  5
7F5
330
17
100
AcDbEntity
  8
LINES
100
AcDbLine
 10
1126.7939999999999
 20
335.376
 30
0.0
 11
1091.0819999999999
 21
361.29600000000005
 31
0.0
  0
LINE
  5
7F6
330
17
100
AcDbEntity
  8
LINES
100
AcDbLine
 10
1126.7939999999999
 20
335.376
 30
0.0
 11
1091.0819999999999
 21
361.29600000000005
 31
0.0
  0
LINE
  5
7F7
330
17
100
AcDbEntity
  8
LINES
100
AcDbLine
 10
1123.266
 20
206.56799999999998
 30
0.0
 11
1091.154
 21
177.336
 31
0.0
  0
LINE
  5
7F8
330
17
100
AcDbEntity
  8
LINES
100
AcDbLine
 10
1123.266
 20
206.56799999999998
 30
0.0
 11
1091.154
 21
177.336
 31
0.0
  0
LWPOLYLINE
  5
7F9
330
17
100
AcDbEntity
  8
POLYLINES
100
AcDbPolyline
 90
6
 70
0
 10
1094.8092096
 20
275.82768
 10
1091.039808
 20
279.5970815999999
 10
1087.2704064
 20
275.82768
 10
1091.039808
 20
272.05827840000006
 10
1094.8092096
 20
275.82768
 10
1094.8092096
 20
275.82768
  0
LINE
  5
7FA
330
17
100
AcDbEntity
  8
LINES
100
AcDbLine
 10
986.4659999999999
 20
391.60799999999995
 30
0.0
 11
954.3539999999999
 21
362.376
 31
0.0
  0
LINE
  5
7FB
330
17
100
AcDbEntity
  8
LINES
100
AcDbLine
 10
986.4659999999999
 20
391.60799999999995
 30
0.0
 11
954.3539999999999
 21
362.376
 31
0.0
  0
LWPOLYLINE
  5
7FC
330
17
100
AcDbEntity
  8
POLYLINES
100
AcDbPolyline
 90
6
 70
0
 10
888.7614816
 20
333.88703999999996
 10
884.99208
 20
337.6564415999999
 10
881.2226784
 20
333.88703999999996
 10
884.99208
 20
330.11763840000003
 10
888.7614816
 20
333.88703999999996
 10
888.7614816
 20
333.88703999999996
  0
LWPOLYLINE
  5
7FD
330
17
100
AcDbEntity
  8
POLYLINES
100
AcDbPolyline
 90
6
 70
0
 10
888.0400416
 20
287.84159999999997
 10
884.27064
 20
291.6110016
 10
880.5012383999999
 20
287.84159999999997
 10
884.27064
 20
284.07219839999993
 10
888.0400416
 20
287.84159999999997
 10
888.0400416
 20
287.84159999999997
  0
LWPOLYLINE
  5
7FE
330
17
100
AcDbEntity
  8
POLYLINES
100
AcDbPolyline
 90
6
 70
0
 10
887.6872416
 20
270.72576000000004
 10
883.91784
 20
274.49516159999996
 10
880.1484383999999
 20
270.72576000000004
 10
883.91784
 20
266.9563584
 10
887.6872416
 20
270.72576000000004
 10
887.6872416
 20
270.72576000000004
  0
LWPOLYLINE
  5
7FF
330
17
100
AcDbEntity
  8
POLYLINES
100
AcDbPolyline
 90
71
 70
0
 10
107.70600000000013
 20
79.77599999999995
 10
107.56200000000013
 20
80.35199999999998
 10
107.56200000000013
 20
80.928
 10
107.41800000000012
 20
81.64800000000002
 10
107.27400000000011
 20
82.22399999999993
 10
106.9860000000001
 20
82.79999999999995
 10
106.69800000000009
 20
83.37599999999998
 10
106.26600000000008
 20
83.952
 10
105.83400000000006
 20
84.38400000000001
 10
105.40200000000004
 20
84.96000000000004
 10
104.97000000000003
 20
85.24800000000005
 10
104.394
 20
85.67999999999995
 10
103.96199999999999
 20
85.96799999999996
 10
103.38599999999997
 20
86.25599999999997
 10
102.66599999999994
 20
86.54399999999998
 10
102.08999999999992
 20
86.68799999999999
 10
101.51400000000012
 20
86.832
 10
100.7940000000001
 20
86.832
 10
100.21800000000007
 20
86.832
 10
99.49800000000005
 20
86.832
 10
98.92200000000003
 20
86.68799999999999
 10
98.346
 20
86.54399999999998
 10
97.62599999999998
 20
86.25599999999997
 10
97.04999999999995
 20
85.96799999999996
 10
96.61799999999994
 20
85.67999999999995
 10
96.04199999999992
 20
85.24800000000005
 10
95.61000000000013
 20
84.96000000000004
 10
95.17800000000011
 20
84.38400000000001
 10
94.7460000000001
 20
83.952
 10
94.31400000000008
 20
83.37599999999998
 10
94.02600000000007
 20
82.79999999999995
 10
93.73800000000006
 20
82.22399999999993
 10
93.59400000000005
 20
81.64800000000002
 10
93.45000000000005
 20
80.928
 10
93.30600000000004
 20
80.35199999999998
 10
93.30600000000004
 20
79.77599999999995
 10
93.30600000000004
 20
79.05600000000004
 10
93.45000000000005
 20
78.48000000000002
 10
93.59400000000005
 20
77.75999999999999
 10
93.73800000000006
 20
77.18399999999997
 10
94.02600000000007
 20
76.60799999999995
 10
94.31400000000008
 20
76.03200000000004
 10
94.7460000000001
 20
75.45600000000002
 10
95.17800000000011
 20
75.024
 10
95.61000000000013
 20
74.59199999999998
 10
96.04199999999992
 20
74.15999999999997
 10
96.61799999999994
 20
73.72799999999995
 10
97.04999999999995
 20
73.44000000000005
 10
97.62599999999998
 20
73.15200000000004
 10
98.346
 20
72.86400000000003
 10
98.92200000000003
 20
72.72000000000003
 10
99.49800000000005
 20
72.57600000000002
 10
100.21800000000007
 20
72.57600000000002
 10
100.7940000000001
 20
72.57600000000002
 10
101.51400000000012
 20
72.57600000000002
 10
102.08999999999992
 20
72.72000000000003
 10
102.66599999999994
 20
72.86400000000003
 10
103.38599999999997
 20
73.15200000000004
 10
103.96199999999999
 20
73.44000000000005
 10
104.394
 20
73.72799999999995
 10
104.97000000000003
 20
74.15999999999997
 10
105.40200000000004
 20
74.59199999999998
 10
105.83400000000006
 20
75.024
 10
106.26600000000008
 20
75.45600000000002
 10
106.69800000000009
 20
76.03200000000004
 10
106.9860000000001
 20
76.60799999999995
 10
107.27400000000011
 20
77.18399999999997
 10
107.41800000000012
 20
77.75999999999999
 10
107.56200000000013
 20
78.48000000000002
 10
107.56200000000013
 20
79.05600000000004
 10
107.70600000000013
 20
79.77599999999995
  0
LWPOLYLINE
  5
800
330
17
100
AcDbEntity
  8
POLYLINES
100
AcDbPolyline
 90
71
 70
0
 10
107.70600000000013
 20
79.77599999999995
 10
107.56200000000013
 20
80.35199999999998
 10
107.56200000000013
 20
80.928
 10
107.41800000000012
 20
81.64800000000002
 10
107.27400000000011
 20
82.22399999999993
 10
106.9860000000001
 20
82.79999999999995
 10
106.69800000000009
 20
83.37599999999998
 10
106.26600000000008
 20
83.952
 10
105.83400000000006
 20
84.38400000000001
 10
105.40200000000004
 20
84.96000000000004
 10
104.97000000000003
 20
85.24800000000005
 10
104.394
 20
85.67999999999995
 10
103.96199999999999
 20
85.96799999999996
 10
103.38599999999997
 20
86.25599999999997
 10
102.66599999999994
 20
86.54399999999998
 10
102.08999999999992
 20
86.68799999999999
 10
101.51400000000012
 20
86.832
 10
100.7940000000001
 20
86.832
 10
100.21800000000007
 20
86.832
 10
99.49800000000005
 20
86.832
 10
98.92200000000003
 20
86.68799999999999
 10
98.346
 20
86.54399999999998
 10
97.62599999999998
 20
86.25599999999997
 10
97.04999999999995
 20
85.96799999999996
 10
96.61799999999994
 20
85.67999999999995
 10
96.04199999999992
 20
85.24800000000005
 10
95.61000000000013
 20
84.96000000000004
 10
95.17800000000011
 20
84.38400000000001
 10
94.7460000000001
 20
83.952
 10
94.31400000000008
 20
83.37599999999998
 10
94.02600000000007
 20
82.79999999999995
 10
93.73800000000006
 20
82.22399999999993
 10
93.59400000000005
 20
81.64800000000002
 10
93.45000000000005
 20
80.928
 10
93.30600000000004
 20
80.35199999999998
 10
93.30600000000004
 20
79.77599999999995
 10
93.30600000000004
 20
79.05600000000004
 10
93.45000000000005
 20
78.48000000000002
 10
93.59400000000005
 20
77.75999999999999
 10
93.73800000000006
 20
77.18399999999997
 10
94.02600000000007
 20
76.60799999999995
 10
94.31400000000008
 20
76.03200000000004
 10
94.7460000000001
 20
75.45600000000002
 10
95.17800000000011
 20
75.024
 10
95.61000000000013
 20
74.59199999999998
 10
96.04199999999992
 20
74.15999999999997
 10
96.61799999999994
 20
73.72799999999995
 10
97.04999999999995
 20
73.44000000000005
 10
97.62599999999998
 20
73.15200000000004
 10
98.346
 20
72.86400000000003
 10
98.92200000000003
 20
72.72000000000003
 10
99.49800000000005
 20
72.57600000000002
 10
100.21800000000007
 20
72.57600000000002
 10
100.7940000000001
 20
72.57600000000002
 10
101.51400000000012
 20
72.57600000000002
 10
102.08999999999992
 20
72.72000000000003
 10
102.66599999999994
 20
72.86400000000003
 10
103.38599999999997
 20
73.15200000000004
 10
103.96199999999999
 20
73.44000000000005
 10
104.394
 20
73.72799999999995
 10
104.97000000000003
 20
74.15999999999997
 10
105.40200000000004
 20
74.59199999999998
 10
105.83400000000006
 20
75.024
 10
106.26600000000008
 20
75.45600000000002
 10
106.69800000000009
 20
76.03200000000004
 10
106.9860000000001
 20
76.60799999999995
 10
107.27400000000011
 20
77.18399999999997
 10
107.41800000000012
 20
77.75999999999999
 10
107.56200000000013
 20
78.48000000000002
 10
107.56200000000013
 20
79.05600000000004
 10
107.70600000000013
 20
79.77599999999995
  0
LWPOLYLINE
  5
801
330
17
100
AcDbEntity
  8
POLYLINES
100
AcDbPolyline
 90
6
 70
0
 10
107.65917120000007
 20
79.718256
 10
100.50168000000008
 20
86.87574719999998
 10
93.34418880000008
 20
79.718256
 10
100.50168000000008
 20
72.56076480000002
 10
107.65917120000007
 20
79.718256
 10
107.65917120000007
 20
79.718256
  0
LINE
  5
802
330
17
100
AcDbEntity
  8
LINES
100
AcDbLine
 10
809.6339999999999
 20
340.27199999999993
 30
0.0
 11
805.602
 21
339.048
 31
0.0
  0
LINE
  5
803
330
17
100
AcDbEntity
  8
LINES
100
AcDbLine
 10
809.6339999999999
 20
340.27199999999993
 30
0.0
 11
805.602
 21
339.048
 31
0.0
  0
LINE
  5
804
330
17
100
AcDbEntity
  8
LINES
100
AcDbLine
 10
815.6819999999999
 20
342.072
 30
0.0
 11
811.65
 21
340.84799999999996
 31
0.0
  0
LINE
  5
805
330
17
100
AcDbEntity
  8
LINES
100
AcDbLine
 10
815.6819999999999
 20
342.072
 30
0.0
 11
811.65
 21
340.84799999999996
 31
0.0
  0
LINE
  5
806
330
17
100
AcDbEntity
  8
LINES
100
AcDbLine
 10
821.8739999999999
 20
343.87200000000007
 30
0.0
 11
817.698
 21
342.648
 31
0.0
  0
LINE
  5
807
330
17
100
AcDbEntity
  8
LINES
100
AcDbLine
 10
821.8739999999999
 20
343.87200000000007
 30
0.0
 11
817.698
 21
342.648
 31
0.0
  0
LINE
  5
808
330
17
100
AcDbEntity
  8
LINES
100
AcDbLine
 10
827.9219999999999
 20
345.7439999999999
 30
0.0
 11
823.89
 21
344.52
 31
0.0
  0
LINE
  5
809
330
17
100
AcDbEntity
  8
LINES
100
AcDbLine
 10
827.9219999999999
 20
345.7439999999999
 30
0.0
 11
823.89
 21
344.52
 31
0.0
  0
LINE
  5
80A
330
17
100
AcDbEntity
  8
LINES
100
AcDbLine
 10
834.0419999999999
 20
347.544
 30
0.0
 11
829.938
 21
346.31999999999994
 31
0.0
  0
LINE
  5
80B
330
17
100
AcDbEntity
  8
LINES
100
AcDbLine
 10
834.0419999999999
 20
347.544
 30
0.0
 11
829.938
 21
346.31999999999994
 31
0.0
  0
LINE
  5
80C
330
17
100
AcDbEntity
  8
LINES
100
AcDbLine
 10
840.1619999999999
 20
349.34400000000005
 30
0.0
 11
836.13
 21
348.12
 31
0.0
  0
LINE
  5
80D
330
17
100
AcDbEntity
  8
LINES
100
AcDbLine
 10
840.1619999999999
 20
349.34400000000005
 30
0.0
 11
836.13
 21
348.12
 31
0.0
  0
LINE
  5
80E
330
17
100
AcDbEntity
  8
LINES
100
AcDbLine
 10
846.2819999999999
 20
351.144
 30
0.0
 11
842.178
 21
349.99199999999996
 31
0.0
  0
LINE
  5
80F
330
17
100
AcDbEntity
  8
LINES
100
AcDbLine
 10
846.2819999999999
 20
351.144
 30
0.0
 11
842.178
 21
349.99199999999996
 31
0.0
  0
LINE
  5
810
330
17
100
AcDbEntity
  8
LINES
100
AcDbLine
 10
852.4019999999999
 20
353.01599999999996
 30
0.0
 11
848.298
 21
351.7919999999999
 31
0.0
  0
LINE
  5
811
330
17
100
AcDbEntity
  8
LINES
100
AcDbLine
 10
852.4019999999999
 20
353.01599999999996
 30
0.0
 11
848.298
 21
351.7919999999999
 31
0.0
  0
LINE
  5
812
330
17
100
AcDbEntity
  8
LINES
100
AcDbLine
 10
858.4499999999999
 20
354.81600000000003
 30
0.0
 11
854.418
 21
353.592
 31
0.0
  0
LINE
  5
813
330
17
100
AcDbEntity
  8
LINES
100
AcDbLine
 10
858.4499999999999
 20
354.81600000000003
 30
0.0
 11
854.418
 21
353.592
 31
0.0
  0
LINE
  5
814
330
17
100
AcDbEntity
  8
LINES
100
AcDbLine
 10
864.6419999999999
 20
356.616
 30
0.0
 11
860.538
 21
355.46399999999994
 31
0.0
  0
LINE
  5
815
330
17
100
AcDbEntity
  8
LINES
100
AcDbLine
 10
864.6419999999999
 20
356.616
 30
0.0
 11
860.538
 21
355.46399999999994
 31
0.0
  0
LINE
  5
816
330
17
100
AcDbEntity
  8
LINES
100
AcDbLine
 10
870.6899999999999
 20
358.48799999999994
 30
0.0
 11
866.658
 21
357.2639999999999
 31
0.0
  0
LINE
  5
817
330
17
100
AcDbEntity
  8
LINES
100
AcDbLine
 10
870.6899999999999
 20
358.48799999999994
 30
0.0
 11
866.658
 21
357.2639999999999
 31
0.0
  0
LINE
  5
818
330
17
100
AcDbEntity
  8
LINES
100
AcDbLine
 10
876.7379999999999
 20
360.288
 30
0.0
 11
872.706
 21
359.06399999999996
 31
0.0
  0
LINE
  5
819
330
17
100
AcDbEntity
  8
LINES
100
AcDbLine
 10
876.7379999999999
 20
360.288
 30
0.0
 11
872.706
 21
359.06399999999996
 31
0.0
  0
LINE
  5
81A
330
17
100
AcDbEntity
  8
LINES
100
AcDbLine
 10
810.4259999999999
 20
326.44799999999987
 30
0.0
 11
805.602
 21
327.8159999999999
 31
0.0
  0
LINE
  5
81B
330
17
100
AcDbEntity
  8
LINES
100
AcDbLine
 10
810.4259999999999
 20
326.44799999999987
 30
0.0
 11
805.602
 21
327.8159999999999
 31
0.0
  0
LINE
  5
81C
330
17
100
AcDbEntity
  8
LINES
100
AcDbLine
 10
816.5459999999999
 20
324.648
 30
0.0
 11
812.442
 21
325.79999999999995
 31
0.0
  0
LINE
  5
81D
330
17
100
AcDbEntity
  8
LINES
100
AcDbLine
 10
816.5459999999999
 20
324.648
 30
0.0
 11
812.442
 21
325.79999999999995
 31
0.0
  0
LINE
  5
81E
330
17
100
AcDbEntity
  8
LINES
100
AcDbLine
 10
822.6659999999999
 20
322.84799999999996
 30
0.0
 11
818.562
 21
324.072
 31
0.0
  0
LINE
  5
81F
330
17
100
AcDbEntity
  8
LINES
100
AcDbLine
 10
822.6659999999999
 20
322.84799999999996
 30
0.0
 11
818.562
 21
324.072
 31
0.0
  0
LINE
  5
820
330
17
100
AcDbEntity
  8
LINES
100
AcDbLine
 10
828.786
 20
321.048
 30
0.0
 11
824.754
 21
322.27199999999993
 31
0.0
  0
LINE
  5
821
330
17
100
AcDbEntity
  8
LINES
100
AcDbLine
 10
828.786
 20
321.048
 30
0.0
 11
824.754
 21
322.27199999999993
 31
0.0
  0
LINE
  5
822
330
17
100
AcDbEntity
  8
LINES
100
AcDbLine
 10
834.906
 20
319.24800000000005
 30
0.0
 11
830.802
 21
320.472
 31
0.0
  0
LINE
  5
823
330
17
100
AcDbEntity
  8
LINES
100
AcDbLine
 10
834.906
 20
319.24800000000005
 30
0.0
 11
830.802
 21
320.472
 31
0.0
  0
LINE
  5
824
330
17
100
AcDbEntity
  8
LINES
100
AcDbLine
 10
841.026
 20
317.448
 30
0.0
 11
836.994
 21
318.672
 31
0.0
  0
LINE
  5
825
330
17
100
AcDbEntity
  8
LINES
100
AcDbLine
 10
841.026
 20
317.448
 30
0.0
 11
836.994
 21
318.672
 31
0.0
  0
LINE
  5
826
330
17
100
AcDbEntity
  8
LINES
100
AcDbLine
 10
847.146
 20
315.72
 30
0.0
 11
843.042
 21
316.87199999999996
 31
0.0
  0
LINE
  5
827
330
17
100
AcDbEntity
  8
LINES
100
AcDbLine
 10
847.146
 20
315.72
 30
0.0
 11
843.042
 21
316.87199999999996
 31
0.0
  0
LINE
  5
828
330
17
100
AcDbEntity
  8
LINES
100
AcDbLine
 10
853.266
 20
313.9200000000001
 30
0.0
 11
849.234
 21
315.0719999999999
 31
0.0
  0
LINE
  5
829
330
17
100
AcDbEntity
  8
LINES
100
AcDbLine
 10
853.266
 20
313.9200000000001
 30
0.0
 11
849.234
 21
315.0719999999999
 31
0.0
  0
LINE
  5
82A
330
17
100
AcDbEntity
  8
LINES
100
AcDbLine
 10
859.386
 20
312.12
 30
0.0
 11
855.282
 21
313.27199999999993
 31
0.0
  0
LINE
  5
82B
330
17
100
AcDbEntity
  8
LINES
100
AcDbLine
 10
859.386
 20
312.12
 30
0.0
 11
855.282
 21
313.27199999999993
 31
0.0
  0
LINE
  5
82C
330
17
100
AcDbEntity
  8
LINES
100
AcDbLine
 10
865.506
 20
310.31999999999994
 30
0.0
 11
861.4739999999999
 21
311.544
 31
0.0
  0
LINE
  5
82D
330
17
100
AcDbEntity
  8
LINES
100
AcDbLine
 10
865.506
 20
310.31999999999994
 30
0.0
 11
861.4739999999999
 21
311.544
 31
0.0
  0
LINE
  5
82E
330
17
100
AcDbEntity
  8
LINES
100
AcDbLine
 10
871.626
 20
308.52
 30
0.0
 11
867.5219999999999
 21
309.7439999999999
 31
0.0
  0
LINE
  5
82F
330
17
100
AcDbEntity
  8
LINES
100
AcDbLine
 10
871.626
 20
308.52
 30
0.0
 11
867.5219999999999
 21
309.7439999999999
 31
0.0
  0
LINE
  5
830
330
17
100
AcDbEntity
  8
LINES
100
AcDbLine
 10
878.466
 20
306.504
 30
0.0
 11
873.7139999999999
 21
307.94399999999996
 31
0.0
  0
LINE
  5
831
330
17
100
AcDbEntity
  8
LINES
100
AcDbLine
 10
878.466
 20
306.504
 30
0.0
 11
873.7139999999999
 21
307.94399999999996
 31
0.0
  0
LINE
  5
832
330
17
100
AcDbEntity
  8
LINES
100
AcDbLine
 10
713.586
 20
615.5999999999999
 30
0.0
 11
691.986
 21
568.656
 31
0.0
  0
LINE
  5
833
330
17
100
AcDbEntity
  8
LINES
100
AcDbLine
 10
713.586
 20
615.5999999999999
 30
0.0
 11
691.986
 21
568.656
 31
0.0
  0
LINE
  5
834
330
17
100
AcDbEntity
  8
LINES
100
AcDbLine
 10
201.88200000000006
 20
231.4079999999999
 30
0.0
 11
106.41000000000008
 21
231.6959999999999
 31
0.0
  0
LINE
  5
835
330
17
100
AcDbEntity
  8
LINES
100
AcDbLine
 10
201.88200000000006
 20
231.4079999999999
 30
0.0
 11
106.41000000000008
 21
231.6959999999999
 31
0.0
  0
LINE
  5
836
330
17
100
AcDbEntity
  8
LINES
100
AcDbLine
 10
952.41
 20
179.35199999999998
 30
0.0
 11
952.41
 21
362.448
 31
0.0
  0
LINE
  5
837
330
17
100
AcDbEntity
  8
LINES
100
AcDbLine
 10
952.41
 20
179.35199999999998
 30
0.0
 11
952.41
 21
362.448
 31
0.0
  0
LINE
  5
838
330
17
100
AcDbEntity
  8
LINES
100
AcDbLine
 10
1092.7379999999998
 20
179.35199999999998
 30
0.0
 11
952.41
 21
179.35199999999998
 31
0.0
  0
LINE
  5
839
330
17
100
AcDbEntity
  8
LINES
100
AcDbLine
 10
1092.7379999999998
 20
179.35199999999998
 30
0.0
 11
952.41
 21
179.35199999999998
 31
0.0
  0
LINE
  5
83A
330
17
100
AcDbEntity
  8
LINES
100
AcDbLine
 10
1092.7379999999998
 20
363.384
 30
0.0
 11
1092.7379999999998
 21
179.35199999999998
 31
0.0
  0
LINE
  5
83B
330
17
100
AcDbEntity
  8
LINES
100
AcDbLine
 10
1092.7379999999998
 20
363.384
 30
0.0
 11
1092.7379999999998
 21
179.35199999999998
 31
0.0
  0
LINE
  5
83C
330
17
100
AcDbEntity
  8
LINES
100
AcDbLine
 10
953.4179999999999
 20
363.384
 30
0.0
 11
1092.7379999999998
 21
363.384
 31
0.0
  0
LINE
  5
83D
330
17
100
AcDbEntity
  8
LINES
100
AcDbLine
 10
953.4179999999999
 20
363.384
 30
0.0
 11
1092.7379999999998
 21
363.384
 31
0.0
  0
LWPOLYLINE
  5
83E
330
17
100
AcDbEntity
  8
POLYLINES
100
AcDbPolyline
 90
71
 70
0
 10
848.874
 20
763.4879999999999
 10
848.874
 20
764.064
 10
848.874
 20
764.784
 10
848.73
 20
765.3599999999999
 10
848.442
 20
765.9359999999999
 10
848.154
 20
766.656
 10
847.866
 20
767.088
 10
847.578
 20
767.664
 10
847.146
 20
768.2399999999999
 10
846.7139999999999
 20
768.6719999999999
 10
846.2819999999999
 20
769.1039999999999
 10
845.7059999999999
 20
769.3919999999999
 10
845.1299999999999
 20
769.824
 10
844.554
 20
770.112
 10
843.978
 20
770.256
 10
843.402
 20
770.4
 10
842.682
 20
770.544
 10
842.106
 20
770.688
 10
841.386
 20
770.688
 10
840.81
 20
770.544
 10
840.2339999999999
 20
770.4
 10
839.5139999999999
 20
770.256
 10
838.938
 20
770.112
 10
838.362
 20
769.824
 10
837.786
 20
769.3919999999999
 10
837.354
 20
769.1039999999999
 10
836.778
 20
768.6719999999999
 10
836.346
 20
768.2399999999999
 10
835.914
 20
767.664
 10
835.626
 20
767.088
 10
835.338
 20
766.656
 10
835.05
 20
765.9359999999999
 10
834.906
 20
765.3599999999999
 10
834.762
 20
764.784
 10
834.6179999999999
 20
764.064
 10
834.6179999999999
 20
763.4879999999999
 10
834.6179999999999
 20
762.9119999999999
 10
834.762
 20
762.1919999999999
 10
834.906
 20
761.616
 10
835.05
 20
761.04
 10
835.338
 20
760.3199999999999
 10
835.626
 20
759.7439999999999
 10
835.914
 20
759.3119999999999
 10
836.346
 20
758.736
 10
836.778
 20
758.304
 10
837.354
 20
757.872
 10
837.786
 20
757.584
 10
838.362
 20
757.1519999999999
 10
838.938
 20
756.8639999999999
 10
839.5139999999999
 20
756.7199999999999
 10
840.2339999999999
 20
756.5759999999999
 10
840.81
 20
756.4319999999999
 10
841.386
 20
756.2879999999999
 10
842.106
 20
756.2879999999999
 10
842.682
 20
756.4319999999999
 10
843.402
 20
756.5759999999999
 10
843.978
 20
756.7199999999999
 10
844.554
 20
756.8639999999999
 10
845.1299999999999
 20
757.1519999999999
 10
845.7059999999999
 20
757.584
 10
846.2819999999999
 20
757.872
 10
846.7139999999999
 20
758.304
 10
847.146
 20
758.736
 10
847.578
 20
759.3119999999999
 10
847.866
 20
759.7439999999999
 10
848.154
 20
760.3199999999999
 10
848.442
 20
761.04
 10
848.73
 20
761.616
 10
848.874
 20
762.1919999999999
 10
848.874
 20
762.9119999999999
 10
848.874
 20
763.4879999999999
  0
LWPOLYLINE
  5
83F
330
17
100
AcDbEntity
  8
POLYLINES
100
AcDbPolyline
 90
71
 70
0
 10
848.874
 20
763.4879999999999
 10
848.874
 20
764.064
 10
848.874
 20
764.784
 10
848.73
 20
765.3599999999999
 10
848.442
 20
765.9359999999999
 10
848.154
 20
766.656
 10
847.866
 20
767.088
 10
847.578
 20
767.664
 10
847.146
 20
768.2399999999999
 10
846.7139999999999
 20
768.6719999999999
 10
846.2819999999999
 20
769.1039999999999
 10
845.7059999999999
 20
769.3919999999999
 10
845.1299999999999
 20
769.824
 10
844.554
 20
770.112
 10
843.978
 20
770.256
 10
843.402
 20
770.4
 10
842.682
 20
770.544
 10
842.106
 20
770.688
 10
841.386
 20
770.688
 10
840.81
 20
770.544
 10
840.2339999999999
 20
770.4
 10
839.5139999999999
 20
770.256
 10
838.938
 20
770.112
 10
838.362
 20
769.824
 10
837.786
 20
769.3919999999999
 10
837.354
 20
769.1039999999999
 10
836.778
 20
768.6719999999999
 10
836.346
 20
768.2399999999999
 10
835.914
 20
767.664
 10
835.626
 20
767.088
 10
835.338
 20
766.656
 10
835.05
 20
765.9359999999999
 10
834.906
 20
765.3599999999999
 10
834.762
 20
764.784
 10
834.6179999999999
 20
764.064
 10
834.6179999999999
 20
763.4879999999999
 10
834.6179999999999
 20
762.9119999999999
 10
834.762
 20
762.1919999999999
 10
834.906
 20
761.616
 10
835.05
 20
761.04
 10
835.338
 20
760.3199999999999
 10
835.626
 20
759.7439999999999
 10
835.914
 20
759.3119999999999
 10
836.346
 20
758.736
 10
836.778
 20
758.304
 10
837.354
 20
757.872
 10
837.786
 20
757.584
 10
838.362
 20
757.1519999999999
 10
838.938
 20
756.8639999999999
 10
839.5139999999999
 20
756.7199999999999
 10
840.2339999999999
 20
756.5759999999999
 10
840.81
 20
756.4319999999999
 10
841.386
 20
756.2879999999999
 10
842.106
 20
756.2879999999999
 10
842.682
 20
756.4319999999999
 10
843.402
 20
756.5759999999999
 10
843.978
 20
756.7199999999999
 10
844.554
 20
756.8639999999999
 10
845.1299999999999
 20
757.1519999999999
 10
845.7059999999999
 20
757.584
 10
846.2819999999999
 20
757.872
 10
846.7139999999999
 20
758.304
 10
847.146
 20
758.736
 10
847.578
 20
759.3119999999999
 10
847.866
 20
759.7439999999999
 10
848.154
 20
760.3199999999999
 10
848.442
 20
761.04
 10
848.73
 20
761.616
 10
848.874
 20
762.1919999999999
 10
848.874
 20
762.9119999999999
 10
848.874
 20
763.4879999999999
  0
LWPOLYLINE
  5
840
330
17
100
AcDbEntity
  8
POLYLINES
100
AcDbPolyline
 90
6
 70
0
 10
848.9193312
 20
763.4865599999999
 10
841.76184
 20
770.6440511999999
 10
834.6043488
 20
763.4865599999999
 10
841.76184
 20
756.3290688
 10
848.9193312
 20
763.4865599999999
 10
848.9193312
 20
763.4865599999999
  0
LINE
  5
841
330
17
100
AcDbEntity
  8
LINES
100
AcDbLine
 10
846.93
 20
758.52
 30
0.0
 11
880.194
 21
726.8399999999999
 31
0.0
  0
LINE
  5
842
330
17
100
AcDbEntity
  8
LINES
100
AcDbLine
 10
846.93
 20
758.52
 30
0.0
 11
880.194
 21
726.8399999999999
 31
0.0
  0
LWPOLYLINE
  5
843
330
17
100
AcDbEntity
  8
POLYLINES
100
AcDbPolyline
 90
71
 70
0
 10
847.002
 20
399.31199999999995
 10
847.002
 20
400.032
 10
847.002
 20
400.60799999999995
 10
846.858
 20
401.18399999999997
 10
846.5699999999999
 20
401.904
 10
846.4259999999999
 20
402.47999999999996
 10
845.9939999999999
 20
403.056
 10
845.7059999999999
 20
403.48799999999994
 10
845.2739999999999
 20
404.06399999999996
 10
844.842
 20
404.496
 10
844.41
 20
404.928
 10
843.834
 20
405.35999999999996
 10
843.258
 20
405.64799999999997
 10
842.682
 20
405.936
 10
842.106
 20
406.08
 10
841.53
 20
406.368
 10
840.81
 20
406.368
 10
840.2339999999999
 20
406.51199999999994
 10
839.6579999999999
 20
406.51199999999994
 10
838.938
 20
406.368
 10
838.362
 20
406.368
 10
837.6419999999999
 20
406.08
 10
837.066
 20
405.936
 10
836.49
 20
405.64799999999997
 10
835.914
 20
405.35999999999996
 10
835.482
 20
404.928
 10
834.906
 20
404.496
 10
834.4739999999999
 20
404.06399999999996
 10
834.1859999999999
 20
403.48799999999994
 10
833.7539999999999
 20
403.056
 10
833.4659999999999
 20
402.47999999999996
 10
833.1779999999999
 20
401.904
 10
833.034
 20
401.18399999999997
 10
832.89
 20
400.60799999999995
 10
832.746
 20
400.032
 10
832.746
 20
399.31199999999995
 10
832.746
 20
398.736
 10
832.89
 20
398.01599999999996
 10
833.034
 20
397.44
 10
833.1779999999999
 20
396.864
 10
833.4659999999999
 20
396.28799999999995
 10
833.7539999999999
 20
395.712
 10
834.1859999999999
 20
395.13599999999997
 10
834.4739999999999
 20
394.55999999999995
 10
834.906
 20
394.128
 10
835.482
 20
393.69599999999997
 10
835.914
 20
393.40799999999996
 10
836.49
 20
392.97599999999994
 10
837.066
 20
392.688
 10
837.6419999999999
 20
392.544
 10
838.362
 20
392.4
 10
838.938
 20
392.256
 10
839.6579999999999
 20
392.11199999999997
 10
840.2339999999999
 20
392.11199999999997
 10
840.81
 20
392.256
 10
841.53
 20
392.4
 10
842.106
 20
392.544
 10
842.682
 20
392.688
 10
843.258
 20
392.97599999999994
 10
843.834
 20
393.40799999999996
 10
844.41
 20
393.69599999999997
 10
844.842
 20
394.128
 10
845.2739999999999
 20
394.55999999999995
 10
845.7059999999999
 20
395.13599999999997
 10
845.9939999999999
 20
395.712
 10
846.4259999999999
 20
396.28799999999995
 10
846.5699999999999
 20
396.864
 10
846.858
 20
397.44
 10
847.002
 20
398.01599999999996
 10
847.002
 20
398.736
 10
847.002
 20
399.31199999999995
  0
LWPOLYLINE
  5
844
330
17
100
AcDbEntity
  8
POLYLINES
100
AcDbPolyline
 90
71
 70
0
 10
847.002
 20
399.31199999999995
 10
847.002
 20
400.032
 10
847.002
 20
400.60799999999995
 10
846.858
 20
401.18399999999997
 10
846.5699999999999
 20
401.904
 10
846.4259999999999
 20
402.47999999999996
 10
845.9939999999999
 20
403.056
 10
845.7059999999999
 20
403.48799999999994
 10
845.2739999999999
 20
404.06399999999996
 10
844.842
 20
404.496
 10
844.41
 20
404.928
 10
843.834
 20
405.35999999999996
 10
843.258
 20
405.64799999999997
 10
842.682
 20
405.936
 10
842.106
 20
406.08
 10
841.53
 20
406.368
 10
840.81
 20
406.368
 10
840.2339999999999
 20
406.51199999999994
 10
839.6579999999999
 20
406.51199999999994
 10
838.938
 20
406.368
 10
838.362
 20
406.368
 10
837.6419999999999
 20
406.08
 10
837.066
 20
405.936
 10
836.49
 20
405.64799999999997
 10
835.914
 20
405.35999999999996
 10
835.482
 20
404.928
 10
834.906
 20
404.496
 10
834.4739999999999
 20
404.06399999999996
 10
834.1859999999999
 20
403.48799999999994
 10
833.7539999999999
 20
403.056
 10
833.4659999999999
 20
402.47999999999996
 10
833.1779999999999
 20
401.904
 10
833.034
 20
401.18399999999997
 10
832.89
 20
400.60799999999995
 10
832.746
 20
400.032
 10
832.746
 20
399.31199999999995
 10
832.746
 20
398.736
 10
832.89
 20
398.01599999999996
 10
833.034
 20
397.44
 10
833.1779999999999
 20
396.864
 10
833.4659999999999
 20
396.28799999999995
 10
833.7539999999999
 20
395.712
 10
834.1859999999999
 20
395.13599999999997
 10
834.4739999999999
 20
394.55999999999995
 10
834.906
 20
394.128
 10
835.482
 20
393.69599999999997
 10
835.914
 20
393.40799999999996
 10
836.49
 20
392.97599999999994
 10
837.066
 20
392.688
 10
837.6419999999999
 20
392.544
 10
838.362
 20
392.4
 10
838.938
 20
392.256
 10
839.6579999999999
 20
392.11199999999997
 10
840.2339999999999
 20
392.11199999999997
 10
840.81
 20
392.256
 10
841.53
 20
392.4
 10
842.106
 20
392.544
 10
842.682
 20
392.688
 10
843.258
 20
392.97599999999994
 10
843.834
 20
393.40799999999996
 10
844.41
 20
393.69599999999997
 10
844.842
 20
394.128
 10
845.2739999999999
 20
394.55999999999995
 10
845.7059999999999
 20
395.13599999999997
 10
845.9939999999999
 20
395.712
 10
846.4259999999999
 20
396.28799999999995
 10
846.5699999999999
 20
396.864
 10
846.858
 20
397.44
 10
847.002
 20
398.01599999999996
 10
847.002
 20
398.736
 10
847.002
 20
399.31199999999995
  0
LWPOLYLINE
  5
845
330
17
100
AcDbEntity
  8
POLYLINES
100
AcDbPolyline
 90
6
 70
0
 10
847.0732512
 20
399.32207999999997
 10
839.91576
 20
406.47957119999995
 10
832.7582688
 20
399.32207999999997
 10
839.91576
 20
392.1645888
 10
847.0732512
 20
399.32207999999997
 10
847.0732512
 20
399.32207999999997
  0
LINE
  5
846
330
17
100
AcDbEntity
  8
LINES
100
AcDbLine
 10
845.058
 20
394.34399999999994
 30
0.0
 11
868.674
 21
371.88
 31
0.0
  0
LINE
  5
847
330
17
100
AcDbEntity
  8
LINES
100
AcDbLine
 10
845.058
 20
394.34399999999994
 30
0.0
 11
868.674
 21
371.88
 31
0.0
  0
LWPOLYLINE
  5
848
330
17
100
AcDbEntity
  8
POLYLINES
100
AcDbPolyline
 90
5
 70
0
 10
869.1779999999999
 20
372.38399999999996
 10
870.762
 20
370.94399999999996
 10
869.8979999999999
 20
369.936
 10
868.314
 20
371.23199999999997
 10
869.1779999999999
 20
372.38399999999996
  0
LWPOLYLINE
  5
849
330
17
100
AcDbEntity
  8
POLYLINES
100
AcDbPolyline
 90
5
 70
0
 10
869.1779999999999
 20
372.38399999999996
 10
870.762
 20
370.94399999999996
 10
869.8979999999999
 20
369.936
 10
868.314
 20
371.23199999999997
 10
869.1779999999999
 20
372.38399999999996
  0
LINE
  5
84A
330
17
100
AcDbEntity
  8
LINES
100
AcDbLine
 10
875.154
 20
366.264
 30
0.0
 11
871.914
 21
369.0
 31
0.0
  0
LINE
  5
84B
330
17
100
AcDbEntity
  8
LINES
100
AcDbLine
 10
875.154
 20
366.264
 30
0.0
 11
871.914
 21
369.0
 31
0.0
  0
LWPOLYLINE
  5
84C
330
17
100
AcDbEntity
  8
POLYLINES
100
AcDbPolyline
 90
5
 70
0
 10
877.242
 20
365.328
 10
878.826
 20
364.032
 10
877.962
 20
362.88
 10
876.2339999999999
 20
364.32
 10
877.242
 20
365.328
  0
LWPOLYLINE
  5
84D
330
17
100
AcDbEntity
  8
POLYLINES
100
AcDbPolyline
 90
5
 70
0
 10
877.242
 20
365.328
 10
878.826
 20
364.032
 10
877.962
 20
362.88
 10
876.2339999999999
 20
364.32
 10
877.242
 20
365.328
  0
LINE
  5
84E
330
17
100
AcDbEntity
  8
LINES
100
AcDbLine
 10
1179.0659999999998
 20
45.21600000000001
 30
0.0
 11
668.874
 21
45.21600000000001
 31
0.0
  0
LINE
  5
84F
330
17
100
AcDbEntity
  8
LINES
100
AcDbLine
 10
1179.0659999999998
 20
45.21600000000001
 30
0.0
 11
668.874
 21
45.21600000000001
 31
0.0
  0
LINE
  5
850
330
17
100
AcDbEntity
  8
LINES
100
AcDbLine
 10
1179.0659999999998
 20
158.688
 30
0.0
 11
1179.0659999999998
 21
45.21600000000001
 31
0.0
  0
LINE
  5
851
330
17
100
AcDbEntity
  8
LINES
100
AcDbLine
 10
1179.0659999999998
 20
158.688
 30
0.0
 11
1179.0659999999998
 21
45.21600000000001
 31
0.0
  0
LINE
  5
852
330
17
100
AcDbEntity
  8
LINES
100
AcDbLine
 10
668.874
 20
158.688
 30
0.0
 11
1179.0659999999998
 21
158.688
 31
0.0
  0
LINE
  5
853
330
17
100
AcDbEntity
  8
LINES
100
AcDbLine
 10
668.874
 20
158.688
 30
0.0
 11
1179.0659999999998
 21
158.688
 31
0.0
  0
LINE
  5
854
330
17
100
AcDbEntity
  8
LINES
100
AcDbLine
 10
668.874
 20
45.21600000000001
 30
0.0
 11
668.874
 21
158.688
 31
0.0
  0
LINE
  5
855
330
17
100
AcDbEntity
  8
LINES
100
AcDbLine
 10
668.874
 20
45.21600000000001
 30
0.0
 11
668.874
 21
158.688
 31
0.0
  0
LWPOLYLINE
  5
856
330
17
100
AcDbEntity
  8
POLYLINES
100
AcDbPolyline
 90
193
 70
0
 10
696.81
 20
148.31999999999994
 10
696.81
 20
148.60799999999995
 10
696.6659999999999
 20
148.75199999999995
 10
696.6659999999999
 20
148.89599999999996
 10
696.5219999999999
 20
149.03999999999996
 10
696.5219999999999
 20
149.18399999999997
 10
696.2339999999999
 20
149.18399999999997
 10
695.802
 20
149.18399999999997
 10
694.362
 20
149.18399999999997
 10
692.922
 20
149.18399999999997
 10
692.346
 20
149.18399999999997
 10
692.202
 20
149.18399999999997
 10
693.786
 20
150.192
 10
694.938
 20
150.91200000000003
 10
695.802
 20
151.34400000000005
 10
695.946
 20
151.34400000000005
 10
696.09
 20
151.48800000000006
 10
695.946
 20
151.63199999999995
 10
695.946
 20
151.91999999999996
 10
695.946
 20
152.06399999999996
 10
695.802
 20
152.06399999999996
 10
695.802
 20
152.20799999999997
 10
695.658
 20
152.35199999999998
 10
695.514
 20
152.35199999999998
 10
695.082
 20
152.35199999999998
 10
693.6419999999999
 20
152.35199999999998
 10
692.202
 20
152.35199999999998
 10
691.77
 20
152.35199999999998
 10
691.626
 20
152.35199999999998
 10
693.066
 20
153.36
 10
694.218
 20
153.93599999999992
 10
694.938
 20
154.36799999999994
 10
695.226
 20
154.36799999999994
 10
695.226
 20
154.51199999999994
 10
695.082
 20
154.65599999999995
 10
695.082
 20
154.94399999999996
 10
694.938
 20
155.23199999999997
 10
694.794
 20
155.37599999999998
 10
694.65
 20
155.37599999999998
 10
693.93
 20
155.37599999999998
 10
692.922
 20
155.37599999999998
 10
691.626
 20
155.37599999999998
 10
690.1859999999999
 20
155.37599999999998
 10
688.458
 20
155.37599999999998
 10
684.7139999999999
 20
155.37599999999998
 10
680.97
 20
155.37599999999998
 10
679.242
 20
155.37599999999998
 10
677.658
 20
155.37599999999998
 10
676.362
 20
155.37599999999998
 10
675.3539999999999
 20
155.37599999999998
 10
674.778
 20
155.37599999999998
 10
674.49
 20
155.37599999999998
 10
674.49
 20
155.23199999999997
 10
674.346
 20
155.08799999999997
 10
674.346
 20
154.94399999999996
 10
674.202
 20
154.65599999999995
 10
674.058
 20
154.51199999999994
 10
674.202
 20
154.36799999999994
 10
674.346
 20
154.36799999999994
 10
675.2099999999999
 20
153.93599999999992
 10
676.362
 20
153.36
 10
677.802
 20
152.35199999999998
 10
677.658
 20
152.35199999999998
 10
677.082
 20
152.35199999999998
 10
675.6419999999999
 20
152.35199999999998
 10
674.202
 20
152.35199999999998
 10
673.77
 20
152.35199999999998
 10
673.626
 20
152.35199999999998
 10
673.482
 20
152.20799999999997
 10
673.482
 20
152.06399999999996
 10
673.482
 20
151.91999999999996
 10
673.338
 20
151.77599999999995
 10
673.194
 20
151.48800000000006
 10
673.338
 20
151.34400000000005
 10
673.482
 20
151.34400000000005
 10
674.346
 20
150.91200000000003
 10
675.6419999999999
 20
150.192
 10
677.082
 20
149.18399999999997
 10
676.938
 20
149.18399999999997
 10
676.506
 20
149.18399999999997
 10
674.922
 20
149.18399999999997
 10
673.482
 20
149.18399999999997
 10
673.05
 20
149.18399999999997
 10
672.906
 20
149.18399999999997
 10
672.762
 20
149.18399999999997
 10
672.762
 20
149.03999999999996
 10
672.762
 20
148.89599999999996
 10
672.762
 20
148.75199999999995
 10
672.6179999999999
 20
148.75199999999995
 10
672.6179999999999
 20
148.46399999999994
 10
672.4739999999999
 20
148.31999999999994
 10
672.762
 20
148.17599999999993
 10
673.338
 20
147.88799999999992
 10
674.202
 20
147.45600000000002
 10
675.2099999999999
 20
146.736
 10
676.506
 20
145.87199999999996
 10
677.946
 20
144.72000000000003
 10
679.386
 20
143.42399999999998
 10
680.826
 20
141.84000000000003
 10
679.386
 20
138.52800000000002
 10
678.2339999999999
 20
134.784
 10
677.946
 20
132.76800000000003
 10
677.514
 20
130.60799999999995
 10
677.37
 20
128.30399999999997
 10
677.37
 20
126.0
 10
677.514
 20
126.0
 10
677.946
 20
126.0
 10
678.2339999999999
 20
126.0
 10
678.3779999999999
 20
126.0
 10
678.5219999999999
 20
128.15999999999997
 10
678.6659999999999
 20
130.31999999999994
 10
679.242
 20
134.20799999999997
 10
680.25
 20
137.664
 10
681.5459999999999
 20
140.832
 10
682.122
 20
139.96799999999996
 10
682.554
 20
139.10400000000004
 10
681.5459999999999
 20
136.36799999999994
 10
680.682
 20
133.20000000000005
 10
680.25
 20
129.74400000000003
 10
680.106
 20
126.0
 10
680.25
 20
126.0
 10
680.682
 20
126.0
 10
680.97
 20
126.0
 10
681.114
 20
126.0
 10
681.2579999999999
 20
129.45600000000002
 10
681.6899999999999
 20
132.48000000000002
 10
682.266
 20
135.36
 10
683.274
 20
137.952
 10
683.706
 20
136.79999999999995
 10
684.138
 20
135.79200000000003
 10
683.562
 20
133.63199999999995
 10
682.986
 20
131.32799999999997
 10
682.842
 20
128.736
 10
682.842
 20
126.0
 10
682.986
 20
126.0
 10
683.274
 20
126.0
 10
683.706
 20
126.0
 10
683.85
 20
126.0
 10
683.85
 20
128.15999999999997
 10
683.994
 20
130.31999999999994
 10
684.2819999999999
 20
132.192
 10
684.7139999999999
 20
134.06399999999996
 10
685.146
 20
132.192
 10
685.434
 20
130.31999999999994
 10
685.578
 20
128.15999999999997
 10
685.578
 20
126.0
 10
685.722
 20
126.0
 10
686.01
 20
126.0
 10
686.442
 20
126.0
 10
686.586
 20
126.0
 10
686.586
 20
128.736
 10
686.298
 20
131.32799999999997
 10
685.866
 20
133.63199999999995
 10
685.29
 20
135.79200000000003
 10
685.578
 20
136.79999999999995
 10
686.154
 20
137.808
 10
687.018
 20
135.36
 10
687.5939999999999
 20
132.48000000000002
 10
688.026
 20
129.312
 10
688.17
 20
126.0
 10
688.314
 20
126.0
 10
688.746
 20
126.0
 10
689.034
 20
126.0
 10
689.178
 20
126.0
 10
689.034
 20
129.74400000000003
 10
688.602
 20
133.20000000000005
 10
687.7379999999999
 20
136.22399999999993
 10
686.73
 20
139.10400000000004
 10
687.3059999999999
 20
139.96799999999996
 10
687.882
 20
140.832
 10
689.178
 20
137.664
 10
690.042
 20
134.20799999999997
 10
690.762
 20
130.31999999999994
 10
690.906
 20
128.15999999999997
 10
690.906
 20
126.0
 10
691.05
 20
126.0
 10
691.482
 20
126.0
 10
691.77
 20
126.0
 10
691.914
 20
126.0
 10
691.914
 20
128.30399999999997
 10
691.77
 20
130.60799999999995
 10
691.482
 20
132.76800000000003
 10
691.05
 20
134.784
 10
689.898
 20
138.52800000000002
 10
688.602
 20
141.69600000000003
 10
689.898
 20
143.42399999999998
 10
691.338
 20
144.72000000000003
 10
692.778
 20
145.87199999999996
 10
694.074
 20
146.736
 10
695.226
 20
147.45600000000002
 10
696.09
 20
147.88799999999992
 10
696.6659999999999
 20
148.17599999999993
 10
696.81
 20
148.31999999999994
  0
LWPOLYLINE
  5
857
330
17
100
AcDbEntity
  8
POLYLINES
100
AcDbPolyline
 90
21
 70
0
 10
680.826
 20
151.34400000000005
 10
680.97
 20
151.34400000000005
 10
681.2579999999999
 20
151.34400000000005
 10
682.122
 20
151.34400000000005
 10
683.274
 20
151.34400000000005
 10
684.7139999999999
 20
151.34400000000005
 10
686.01
 20
151.34400000000005
 10
687.3059999999999
 20
151.34400000000005
 10
688.17
 20
151.34400000000005
 10
688.314
 20
151.34400000000005
 10
688.458
 20
151.34400000000005
 10
687.3059999999999
 20
150.336
 10
686.154
 20
149.18399999999997
 10
686.01
 20
149.18399999999997
 10
685.722
 20
149.18399999999997
 10
684.7139999999999
 20
149.18399999999997
 10
683.706
 20
149.18399999999997
 10
683.274
 20
149.18399999999997
 10
683.13
 20
149.18399999999997
 10
681.978
 20
150.336
 10
680.826
 20
151.34400000000005
  0
LWPOLYLINE
  5
858
330
17
100
AcDbEntity
  8
POLYLINES
100
AcDbPolyline
 90
15
 70
0
 10
674.922
 20
148.17599999999993
 10
675.066
 20
148.17599999999993
 10
675.4979999999999
 20
148.17599999999993
 10
676.65
 20
148.17599999999993
 10
677.946
 20
148.17599999999993
 10
678.3779999999999
 20
148.17599999999993
 10
678.5219999999999
 20
148.17599999999993
 10
680.394
 20
146.44799999999998
 10
682.266
 20
144.43200000000002
 10
681.834
 20
143.56799999999998
 10
681.2579999999999
 20
142.70399999999995
 10
679.674
 20
144.57600000000002
 10
677.946
 20
146.15999999999997
 10
676.362
 20
147.312
 10
674.922
 20
148.17599999999993
  0
LWPOLYLINE
  5
859
330
17
100
AcDbEntity
  8
POLYLINES
100
AcDbPolyline
 90
18
 70
0
 10
675.786
 20
151.34400000000005
 10
675.6419999999999
 20
151.34400000000005
 10
675.93
 20
151.34400000000005
 10
676.218
 20
151.34400000000005
 10
677.514
 20
151.34400000000005
 10
678.6659999999999
 20
151.34400000000005
 10
679.098
 20
151.34400000000005
 10
679.242
 20
151.34400000000005
 10
680.394
 20
150.336
 10
681.6899999999999
 20
149.18399999999997
 10
681.5459999999999
 20
149.18399999999997
 10
681.2579999999999
 20
149.18399999999997
 10
680.25
 20
149.18399999999997
 10
679.242
 20
149.18399999999997
 10
678.954
 20
149.18399999999997
 10
678.81
 20
149.18399999999997
 10
677.226
 20
150.48000000000002
 10
675.786
 20
151.34400000000005
  0
LWPOLYLINE
  5
85A
330
17
100
AcDbEntity
  8
POLYLINES
100
AcDbPolyline
 90
9
 70
0
 10
684.7139999999999
 20
137.23199999999997
 10
684.2819999999999
 20
138.24
 10
683.706
 20
139.10400000000004
 10
684.138
 20
139.96799999999996
 10
684.7139999999999
 20
140.832
 10
685.146
 20
139.96799999999996
 10
685.578
 20
139.10400000000004
 10
685.146
 20
138.24
 10
684.7139999999999
 20
137.23199999999997
  0
LWPOLYLINE
  5
85B
330
17
100
AcDbEntity
  8
POLYLINES
100
AcDbPolyline
 90
13
 70
0
 10
682.698
 20
148.17599999999993
 10
683.418
 20
147.45600000000002
 10
683.994
 20
146.736
 10
683.418
 20
146.01599999999996
 10
682.842
 20
145.29600000000005
 10
681.5459999999999
 20
146.88
 10
680.106
 20
148.17599999999993
 10
680.25
 20
148.17599999999993
 10
680.538
 20
148.17599999999993
 10
681.4019999999999
 20
148.17599999999993
 10
682.266
 20
148.17599999999993
 10
682.554
 20
148.17599999999993
 10
682.698
 20
148.17599999999993
  0
LWPOLYLINE
  5
85C
330
17
100
AcDbEntity
  8
POLYLINES
100
AcDbPolyline
 90
9
 70
0
 10
685.146
 20
148.17599999999993
 10
684.858
 20
147.88799999999992
 10
684.7139999999999
 20
147.60000000000002
 10
684.4259999999999
 20
147.88799999999992
 10
684.138
 20
148.17599999999993
 10
684.2819999999999
 20
148.17599999999993
 10
684.7139999999999
 20
148.17599999999993
 10
685.002
 20
148.17599999999993
 10
685.146
 20
148.17599999999993
  0
LWPOLYLINE
  5
85D
330
17
100
AcDbEntity
  8
POLYLINES
100
AcDbPolyline
 90
9
 70
0
 10
681.978
 20
141.84000000000003
 10
682.554
 20
142.70399999999995
 10
682.986
 20
143.56799999999998
 10
683.562
 20
142.70399999999995
 10
683.994
 20
141.98399999999992
 10
683.562
 20
141.12
 10
683.13
 20
140.25599999999997
 10
682.554
 20
141.12
 10
681.978
 20
141.84000000000003
  0
LWPOLYLINE
  5
85E
330
17
100
AcDbEntity
  8
POLYLINES
100
AcDbPolyline
 90
29
 70
0
 10
676.506
 20
154.36799999999994
 10
676.794
 20
154.36799999999994
 10
677.226
 20
154.36799999999994
 10
678.09
 20
154.36799999999994
 10
679.098
 20
154.36799999999994
 10
681.6899999999999
 20
154.36799999999994
 10
684.7139999999999
 20
154.36799999999994
 10
687.5939999999999
 20
154.36799999999994
 10
690.1859999999999
 20
154.36799999999994
 10
691.338
 20
154.36799999999994
 10
692.058
 20
154.36799999999994
 10
692.634
 20
154.36799999999994
 10
692.778
 20
154.36799999999994
 10
691.338
 20
153.50400000000002
 10
689.754
 20
152.35199999999998
 10
689.61
 20
152.35199999999998
 10
689.322
 20
152.35199999999998
 10
688.89
 20
152.35199999999998
 10
688.17
 20
152.35199999999998
 10
686.586
 20
152.35199999999998
 10
684.7139999999999
 20
152.35199999999998
 10
682.842
 20
152.35199999999998
 10
681.114
 20
152.35199999999998
 10
680.538
 20
152.35199999999998
 10
679.962
 20
152.35199999999998
 10
679.674
 20
152.35199999999998
 10
679.53
 20
152.35199999999998
 10
677.946
 20
153.50400000000002
 10
676.506
 20
154.36799999999994
  0
LWPOLYLINE
  5
85F
330
17
100
AcDbEntity
  8
POLYLINES
100
AcDbPolyline
 90
9
 70
0
 10
684.7139999999999
 20
146.01599999999996
 10
685.146
 20
145.15200000000004
 10
685.722
 20
144.43200000000002
 10
685.146
 20
143.712
 10
684.7139999999999
 20
142.84799999999996
 10
684.138
 20
143.712
 10
683.562
 20
144.43200000000002
 10
684.138
 20
145.15200000000004
 10
684.7139999999999
 20
146.01599999999996
  0
LWPOLYLINE
  5
860
330
17
100
AcDbEntity
  8
POLYLINES
100
AcDbPolyline
 90
9
 70
0
 10
686.154
 20
140.25599999999997
 10
685.722
 20
141.12
 10
685.29
 20
141.98399999999992
 10
685.866
 20
142.70399999999995
 10
686.298
 20
143.56799999999998
 10
686.874
 20
142.70399999999995
 10
687.3059999999999
 20
141.84000000000003
 10
686.73
 20
141.12
 10
686.154
 20
140.25599999999997
  0
LWPOLYLINE
  5
861
330
17
100
AcDbEntity
  8
POLYLINES
100
AcDbPolyline
 90
12
 70
0
 10
685.29
 20
146.736
 10
686.01
 20
147.45600000000002
 10
686.586
 20
148.17599999999993
 10
686.73
 20
148.17599999999993
 10
687.018
 20
148.17599999999993
 10
687.882
 20
148.17599999999993
 10
688.89
 20
148.17599999999993
 10
689.178
 20
148.17599999999993
 10
687.882
 20
146.88
 10
686.442
 20
145.29600000000005
 10
685.866
 20
146.01599999999996
 10
685.29
 20
146.736
  0
LWPOLYLINE
  5
862
330
17
100
AcDbEntity
  8
POLYLINES
100
AcDbPolyline
 90
17
 70
0
 10
693.6419999999999
 20
151.34400000000005
 10
692.202
 20
150.48000000000002
 10
690.4739999999999
 20
149.18399999999997
 10
690.3299999999999
 20
149.18399999999997
 10
690.042
 20
149.18399999999997
 10
689.034
 20
149.18399999999997
 10
688.026
 20
149.18399999999997
 10
687.7379999999999
 20
149.18399999999997
 10
687.5939999999999
 20
149.18399999999997
 10
688.89
 20
150.336
 10
690.042
 20
151.34400000000005
 10
690.1859999999999
 20
151.34400000000005
 10
690.6179999999999
 20
151.34400000000005
 10
691.914
 20
151.34400000000005
 10
693.066
 20
151.34400000000005
 10
693.4979999999999
 20
151.34400000000005
 10
693.6419999999999
 20
151.34400000000005
  0
LWPOLYLINE
  5
863
330
17
100
AcDbEntity
  8
POLYLINES
100
AcDbPolyline
 90
16
 70
0
 10
694.506
 20
148.17599999999993
 10
694.362
 20
148.17599999999993
 10
693.066
 20
147.312
 10
691.482
 20
146.15999999999997
 10
689.754
 20
144.57600000000002
 10
688.026
 20
142.70399999999995
 10
687.5939999999999
 20
143.56799999999998
 10
687.018
 20
144.43200000000002
 10
688.89
 20
146.44799999999998
 10
690.906
 20
148.17599999999993
 10
691.05
 20
148.17599999999993
 10
691.338
 20
148.17599999999993
 10
692.634
 20
148.17599999999993
 10
693.93
 20
148.17599999999993
 10
694.218
 20
148.17599999999993
 10
694.506
 20
148.17599999999993
  0
LWPOLYLINE
  5
864
330
17
100
AcDbEntity
  8
POLYLINES
100
AcDbPolyline
 90
193
 70
0
 10
696.81
 20
148.31999999999994
 10
696.81
 20
148.60799999999995
 10
696.6659999999999
 20
148.75199999999995
 10
696.6659999999999
 20
148.89599999999996
 10
696.5219999999999
 20
149.03999999999996
 10
696.5219999999999
 20
149.18399999999997
 10
696.2339999999999
 20
149.18399999999997
 10
695.802
 20
149.18399999999997
 10
694.362
 20
149.18399999999997
 10
692.922
 20
149.18399999999997
 10
692.346
 20
149.18399999999997
 10
692.202
 20
149.18399999999997
 10
693.786
 20
150.192
 10
694.938
 20
150.91200000000003
 10
695.802
 20
151.34400000000005
 10
695.946
 20
151.34400000000005
 10
696.09
 20
151.48800000000006
 10
695.946
 20
151.63199999999995
 10
695.946
 20
151.91999999999996
 10
695.946
 20
152.06399999999996
 10
695.802
 20
152.06399999999996
 10
695.802
 20
152.20799999999997
 10
695.658
 20
152.35199999999998
 10
695.514
 20
152.35199999999998
 10
695.082
 20
152.35199999999998
 10
693.6419999999999
 20
152.35199999999998
 10
692.202
 20
152.35199999999998
 10
691.77
 20
152.35199999999998
 10
691.626
 20
152.35199999999998
 10
693.066
 20
153.36
 10
694.218
 20
153.93599999999992
 10
694.938
 20
154.36799999999994
 10
695.226
 20
154.36799999999994
 10
695.226
 20
154.51199999999994
 10
695.082
 20
154.65599999999995
 10
695.082
 20
154.94399999999996
 10
694.938
 20
155.23199999999997
 10
694.794
 20
155.37599999999998
 10
694.65
 20
155.37599999999998
 10
693.93
 20
155.37599999999998
 10
692.922
 20
155.37599999999998
 10
691.626
 20
155.37599999999998
 10
690.1859999999999
 20
155.37599999999998
 10
688.458
 20
155.37599999999998
 10
684.7139999999999
 20
155.37599999999998
 10
680.97
 20
155.37599999999998
 10
679.242
 20
155.37599999999998
 10
677.658
 20
155.37599999999998
 10
676.362
 20
155.37599999999998
 10
675.3539999999999
 20
155.37599999999998
 10
674.778
 20
155.37599999999998
 10
674.49
 20
155.37599999999998
 10
674.49
 20
155.23199999999997
 10
674.346
 20
155.08799999999997
 10
674.346
 20
154.94399999999996
 10
674.202
 20
154.65599999999995
 10
674.058
 20
154.51199999999994
 10
674.202
 20
154.36799999999994
 10
674.346
 20
154.36799999999994
 10
675.2099999999999
 20
153.93599999999992
 10
676.362
 20
153.36
 10
677.802
 20
152.35199999999998
 10
677.658
 20
152.35199999999998
 10
677.082
 20
152.35199999999998
 10
675.6419999999999
 20
152.35199999999998
 10
674.202
 20
152.35199999999998
 10
673.77
 20
152.35199999999998
 10
673.626
 20
152.35199999999998
 10
673.482
 20
152.20799999999997
 10
673.482
 20
152.06399999999996
 10
673.482
 20
151.91999999999996
 10
673.338
 20
151.77599999999995
 10
673.194
 20
151.48800000000006
 10
673.338
 20
151.34400000000005
 10
673.482
 20
151.34400000000005
 10
674.346
 20
150.91200000000003
 10
675.6419999999999
 20
150.192
 10
677.082
 20
149.18399999999997
 10
676.938
 20
149.18399999999997
 10
676.506
 20
149.18399999999997
 10
674.922
 20
149.18399999999997
 10
673.482
 20
149.18399999999997
 10
673.05
 20
149.18399999999997
 10
672.906
 20
149.18399999999997
 10
672.762
 20
149.18399999999997
 10
672.762
 20
149.03999999999996
 10
672.762
 20
148.89599999999996
 10
672.762
 20
148.75199999999995
 10
672.6179999999999
 20
148.75199999999995
 10
672.6179999999999
 20
148.46399999999994
 10
672.4739999999999
 20
148.31999999999994
 10
672.762
 20
148.17599999999993
 10
673.338
 20
147.88799999999992
 10
674.202
 20
147.45600000000002
 10
675.2099999999999
 20
146.736
 10
676.506
 20
145.87199999999996
 10
677.946
 20
144.72000000000003
 10
679.386
 20
143.42399999999998
 10
680.826
 20
141.84000000000003
 10
679.386
 20
138.52800000000002
 10
678.2339999999999
 20
134.784
 10
677.946
 20
132.76800000000003
 10
677.514
 20
130.60799999999995
 10
677.37
 20
128.30399999999997
 10
677.37
 20
126.0
 10
677.514
 20
126.0
 10
677.946
 20
126.0
 10
678.2339999999999
 20
126.0
 10
678.3779999999999
 20
126.0
 10
678.5219999999999
 20
128.15999999999997
 10
678.6659999999999
 20
130.31999999999994
 10
679.242
 20
134.20799999999997
 10
680.25
 20
137.664
 10
681.5459999999999
 20
140.832
 10
682.122
 20
139.96799999999996
 10
682.554
 20
139.10400000000004
 10
681.5459999999999
 20
136.36799999999994
 10
680.682
 20
133.20000000000005
 10
680.25
 20
129.74400000000003
 10
680.106
 20
126.0
 10
680.25
 20
126.0
 10
680.682
 20
126.0
 10
680.97
 20
126.0
 10
681.114
 20
126.0
 10
681.2579999999999
 20
129.45600000000002
 10
681.6899999999999
 20
132.48000000000002
 10
682.266
 20
135.36
 10
683.274
 20
137.952
 10
683.706
 20
136.79999999999995
 10
684.138
 20
135.79200000000003
 10
683.562
 20
133.63199999999995
 10
682.986
 20
131.32799999999997
 10
682.842
 20
128.736
 10
682.842
 20
126.0
 10
682.986
 20
126.0
 10
683.274
 20
126.0
 10
683.706
 20
126.0
 10
683.85
 20
126.0
 10
683.85
 20
128.15999999999997
 10
683.994
 20
130.31999999999994
 10
684.2819999999999
 20
132.192
 10
684.7139999999999
 20
134.06399999999996
 10
685.146
 20
132.192
 10
685.434
 20
130.31999999999994
 10
685.578
 20
128.15999999999997
 10
685.578
 20
126.0
 10
685.722
 20
126.0
 10
686.01
 20
126.0
 10
686.442
 20
126.0
 10
686.586
 20
126.0
 10
686.586
 20
128.736
 10
686.298
 20
131.32799999999997
 10
685.866
 20
133.63199999999995
 10
685.29
 20
135.79200000000003
 10
685.578
 20
136.79999999999995
 10
686.154
 20
137.808
 10
687.018
 20
135.36
 10
687.5939999999999
 20
132.48000000000002
 10
688.026
 20
129.312
 10
688.17
 20
126.0
 10
688.314
 20
126.0
 10
688.746
 20
126.0
 10
689.034
 20
126.0
 10
689.178
 20
126.0
 10
689.034
 20
129.74400000000003
 10
688.602
 20
133.20000000000005
 10
687.7379999999999
 20
136.22399999999993
 10
686.73
 20
139.10400000000004
 10
687.3059999999999
 20
139.96799999999996
 10
687.882
 20
140.832
 10
689.178
 20
137.664
 10
690.042
 20
134.20799999999997
 10
690.762
 20
130.31999999999994
 10
690.906
 20
128.15999999999997
 10
690.906
 20
126.0
 10
691.05
 20
126.0
 10
691.482
 20
126.0
 10
691.77
 20
126.0
 10
691.914
 20
126.0
 10
691.914
 20
128.30399999999997
 10
691.77
 20
130.60799999999995
 10
691.482
 20
132.76800000000003
 10
691.05
 20
134.784
 10
689.898
 20
138.52800000000002
 10
688.602
 20
141.69600000000003
 10
689.898
 20
143.42399999999998
 10
691.338
 20
144.72000000000003
 10
692.778
 20
145.87199999999996
 10
694.074
 20
146.736
 10
695.226
 20
147.45600000000002
 10
696.09
 20
147.88799999999992
 10
696.6659999999999
 20
148.17599999999993
 10
696.81
 20
148.31999999999994
  0
LWPOLYLINE
  5
865
330
17
100
AcDbEntity
  8
POLYLINES
100
AcDbPolyline
 90
21
 70
0
 10
680.826
 20
151.34400000000005
 10
680.97
 20
151.34400000000005
 10
681.2579999999999
 20
151.34400000000005
 10
682.122
 20
151.34400000000005
 10
683.274
 20
151.34400000000005
 10
684.7139999999999
 20
151.34400000000005
 10
686.01
 20
151.34400000000005
 10
687.3059999999999
 20
151.34400000000005
 10
688.17
 20
151.34400000000005
 10
688.314
 20
151.34400000000005
 10
688.458
 20
151.34400000000005
 10
687.3059999999999
 20
150.336
 10
686.154
 20
149.18399999999997
 10
686.01
 20
149.18399999999997
 10
685.722
 20
149.18399999999997
 10
684.7139999999999
 20
149.18399999999997
 10
683.706
 20
149.18399999999997
 10
683.274
 20
149.18399999999997
 10
683.13
 20
149.18399999999997
 10
681.978
 20
150.336
 10
680.826
 20
151.34400000000005
  0
LWPOLYLINE
  5
866
330
17
100
AcDbEntity
  8
POLYLINES
100
AcDbPolyline
 90
15
 70
0
 10
674.922
 20
148.17599999999993
 10
675.066
 20
148.17599999999993
 10
675.4979999999999
 20
148.17599999999993
 10
676.65
 20
148.17599999999993
 10
677.946
 20
148.17599999999993
 10
678.3779999999999
 20
148.17599999999993
 10
678.5219999999999
 20
148.17599999999993
 10
680.394
 20
146.44799999999998
 10
682.266
 20
144.43200000000002
 10
681.834
 20
143.56799999999998
 10
681.2579999999999
 20
142.70399999999995
 10
679.674
 20
144.57600000000002
 10
677.946
 20
146.15999999999997
 10
676.362
 20
147.312
 10
674.922
 20
148.17599999999993
  0
LWPOLYLINE
  5
867
330
17
100
AcDbEntity
  8
POLYLINES
100
AcDbPolyline
 90
18
 70
0
 10
675.786
 20
151.34400000000005
 10
675.6419999999999
 20
151.34400000000005
 10
675.93
 20
151.34400000000005
 10
676.218
 20
151.34400000000005
 10
677.514
 20
151.34400000000005
 10
678.6659999999999
 20
151.34400000000005
 10
679.098
 20
151.34400000000005
 10
679.242
 20
151.34400000000005
 10
680.394
 20
150.336
 10
681.6899999999999
 20
149.18399999999997
 10
681.5459999999999
 20
149.18399999999997
 10
681.2579999999999
 20
149.18399999999997
 10
680.25
 20
149.18399999999997
 10
679.242
 20
149.18399999999997
 10
678.954
 20
149.18399999999997
 10
678.81
 20
149.18399999999997
 10
677.226
 20
150.48000000000002
 10
675.786
 20
151.34400000000005
  0
LWPOLYLINE
  5
868
330
17
100
AcDbEntity
  8
POLYLINES
100
AcDbPolyline
 90
9
 70
0
 10
684.7139999999999
 20
137.23199999999997
 10
684.2819999999999
 20
138.24
 10
683.706
 20
139.10400000000004
 10
684.138
 20
139.96799999999996
 10
684.7139999999999
 20
140.832
 10
685.146
 20
139.96799999999996
 10
685.578
 20
139.10400000000004
 10
685.146
 20
138.24
 10
684.7139999999999
 20
137.23199999999997
  0
LWPOLYLINE
  5
869
330
17
100
AcDbEntity
  8
POLYLINES
100
AcDbPolyline
 90
13
 70
0
 10
682.698
 20
148.17599999999993
 10
683.418
 20
147.45600000000002
 10
683.994
 20
146.736
 10
683.418
 20
146.01599999999996
 10
682.842
 20
145.29600000000005
 10
681.5459999999999
 20
146.88
 10
680.106
 20
148.17599999999993
 10
680.25
 20
148.17599999999993
 10
680.538
 20
148.17599999999993
 10
681.4019999999999
 20
148.17599999999993
 10
682.266
 20
148.17599999999993
 10
682.554
 20
148.17599999999993
 10
682.698
 20
148.17599999999993
  0
LWPOLYLINE
  5
86A
330
17
100
AcDbEntity
  8
POLYLINES
100
AcDbPolyline
 90
9
 70
0
 10
685.146
 20
148.17599999999993
 10
684.858
 20
147.88799999999992
 10
684.7139999999999
 20
147.60000000000002
 10
684.4259999999999
 20
147.88799999999992
 10
684.138
 20
148.17599999999993
 10
684.2819999999999
 20
148.17599999999993
 10
684.7139999999999
 20
148.17599999999993
 10
685.002
 20
148.17599999999993
 10
685.146
 20
148.17599999999993
  0
LWPOLYLINE
  5
86B
330
17
100
AcDbEntity
  8
POLYLINES
100
AcDbPolyline
 90
9
 70
0
 10
681.978
 20
141.84000000000003
 10
682.554
 20
142.70399999999995
 10
682.986
 20
143.56799999999998
 10
683.562
 20
142.70399999999995
 10
683.994
 20
141.98399999999992
 10
683.562
 20
141.12
 10
683.13
 20
140.25599999999997
 10
682.554
 20
141.12
 10
681.978
 20
141.84000000000003
  0
LWPOLYLINE
  5
86C
330
17
100
AcDbEntity
  8
POLYLINES
100
AcDbPolyline
 90
29
 70
0
 10
676.506
 20
154.36799999999994
 10
676.794
 20
154.36799999999994
 10
677.226
 20
154.36799999999994
 10
678.09
 20
154.36799999999994
 10
679.098
 20
154.36799999999994
 10
681.6899999999999
 20
154.36799999999994
 10
684.7139999999999
 20
154.36799999999994
 10
687.5939999999999
 20
154.36799999999994
 10
690.1859999999999
 20
154.36799999999994
 10
691.338
 20
154.36799999999994
 10
692.058
 20
154.36799999999994
 10
692.634
 20
154.36799999999994
 10
692.778
 20
154.36799999999994
 10
691.338
 20
153.50400000000002
 10
689.754
 20
152.35199999999998
 10
689.61
 20
152.35199999999998
 10
689.322
 20
152.35199999999998
 10
688.89
 20
152.35199999999998
 10
688.17
 20
152.35199999999998
 10
686.586
 20
152.35199999999998
 10
684.7139999999999
 20
152.35199999999998
 10
682.842
 20
152.35199999999998
 10
681.114
 20
152.35199999999998
 10
680.538
 20
152.35199999999998
 10
679.962
 20
152.35199999999998
 10
679.674
 20
152.35199999999998
 10
679.53
 20
152.35199999999998
 10
677.946
 20
153.50400000000002
 10
676.506
 20
154.36799999999994
  0
LWPOLYLINE
  5
86D
330
17
100
AcDbEntity
  8
POLYLINES
100
AcDbPolyline
 90
9
 70
0
 10
684.7139999999999
 20
146.01599999999996
 10
685.146
 20
145.15200000000004
 10
685.722
 20
144.43200000000002
 10
685.146
 20
143.712
 10
684.7139999999999
 20
142.84799999999996
 10
684.138
 20
143.712
 10
683.562
 20
144.43200000000002
 10
684.138
 20
145.15200000000004
 10
684.7139999999999
 20
146.01599999999996
  0
LWPOLYLINE
  5
86E
330
17
100
AcDbEntity
  8
POLYLINES
100
AcDbPolyline
 90
9
 70
0
 10
686.154
 20
140.25599999999997
 10
685.722
 20
141.12
 10
685.29
 20
141.98399999999992
 10
685.866
 20
142.70399999999995
 10
686.298
 20
143.56799999999998
 10
686.874
 20
142.70399999999995
 10
687.3059999999999
 20
141.84000000000003
 10
686.73
 20
141.12
 10
686.154
 20
140.25599999999997
  0
LWPOLYLINE
  5
86F
330
17
100
AcDbEntity
  8
POLYLINES
100
AcDbPolyline
 90
12
 70
0
 10
685.29
 20
146.736
 10
686.01
 20
147.45600000000002
 10
686.586
 20
148.17599999999993
 10
686.73
 20
148.17599999999993
 10
687.018
 20
148.17599999999993
 10
687.882
 20
148.17599999999993
 10
688.89
 20
148.17599999999993
 10
689.178
 20
148.17599999999993
 10
687.882
 20
146.88
 10
686.442
 20
145.29600000000005
 10
685.866
 20
146.01599999999996
 10
685.29
 20
146.736
  0
LWPOLYLINE
  5
870
330
17
100
AcDbEntity
  8
POLYLINES
100
AcDbPolyline
 90
17
 70
0
 10
693.6419999999999
 20
151.34400000000005
 10
692.202
 20
150.48000000000002
 10
690.4739999999999
 20
149.18399999999997
 10
690.3299999999999
 20
149.18399999999997
 10
690.042
 20
149.18399999999997
 10
689.034
 20
149.18399999999997
 10
688.026
 20
149.18399999999997
 10
687.7379999999999
 20
149.18399999999997
 10
687.5939999999999
 20
149.18399999999997
 10
688.89
 20
150.336
 10
690.042
 20
151.34400000000005
 10
690.1859999999999
 20
151.34400000000005
 10
690.6179999999999
 20
151.34400000000005
 10
691.914
 20
151.34400000000005
 10
693.066
 20
151.34400000000005
 10
693.4979999999999
 20
151.34400000000005
 10
693.6419999999999
 20
151.34400000000005
  0
LWPOLYLINE
  5
871
330
17
100
AcDbEntity
  8
POLYLINES
100
AcDbPolyline
 90
16
 70
0
 10
694.506
 20
148.17599999999993
 10
694.362
 20
148.17599999999993
 10
693.066
 20
147.312
 10
691.482
 20
146.15999999999997
 10
689.754
 20
144.57600000000002
 10
688.026
 20
142.70399999999995
 10
687.5939999999999
 20
143.56799999999998
 10
687.018
 20
144.43200000000002
 10
688.89
 20
146.44799999999998
 10
690.906
 20
148.17599999999993
 10
691.05
 20
148.17599999999993
 10
691.338
 20
148.17599999999993
 10
692.634
 20
148.17599999999993
 10
693.93
 20
148.17599999999993
 10
694.218
 20
148.17599999999993
 10
694.506
 20
148.17599999999993
  0
LINE
  5
872
330
17
100
AcDbEntity
  8
LINES
100
AcDbLine
 10
87.76200000000006
 20
830.4479999999999
 30
0.0
 11
87.76200000000006
 21
45.215999999999894
 31
0.0
  0
LINE
  5
873
330
17
100
AcDbEntity
  8
LINES
100
AcDbLine
 10
87.76200000000006
 20
830.4479999999999
 30
0.0
 11
87.76200000000006
 21
45.215999999999894
 31
0.0
  0
LINE
  5
874
330
17
100
AcDbEntity
  8
LINES
100
AcDbLine
 10
1179.138
 20
830.4479999999999
 30
0.0
 11
87.76200000000006
 21
830.4479999999999
 31
0.0
  0
LINE
  5
875
330
17
100
AcDbEntity
  8
LINES
100
AcDbLine
 10
1179.138
 20
830.4479999999999
 30
0.0
 11
87.76200000000006
 21
830.4479999999999
 31
0.0
  0
LINE
  5
876
330
17
100
AcDbEntity
  8
LINES
100
AcDbLine
 10
1179.138
 20
45.215999999999894
 30
0.0
 11
1179.138
 21
830.4479999999999
 31
0.0
  0
LINE
  5
877
330
17
100
AcDbEntity
  8
LINES
100
AcDbLine
 10
1179.138
 20
45.215999999999894
 30
0.0
 11
1179.138
 21
830.4479999999999
 31
0.0
  0
LINE
  5
878
330
17
100
AcDbEntity
  8
LINES
100
AcDbLine
 10
87.76200000000006
 20
45.215999999999894
 30
0.0
 11
1179.138
 21
45.215999999999894
 31
0.0
  0
LINE
  5
879
330
17
100
AcDbEntity
  8
LINES
100
AcDbLine
 10
87.76200000000006
 20
45.215999999999894
 30
0.0
 11
1179.138
 21
45.215999999999894
 31
0.0
  0
TEXT
  5
87A
330
17
100
AcDbEntity
  8
TEXTS
100
AcDbText
 10
863.9939999999999
 20
798.3579074399998
 30
0.0
 40
15.202620000000024
  1
省网A2平面光纤通信网络现状图
100
AcDbText
  0
TEXT
  5
87B
330
17
100
AcDbEntity
  8
TEXTS
100
AcDbText
 10
260.634
 20
790.0059074399999
 30
0.0
 40
15.202620000000024
  1
省网A1平面光纤通信网络现状图
100
AcDbText
  0
TEXT
  5
87C
330
17
100
AcDbEntity
  8
TEXTS
100
AcDbText
 10
792.1379999999999
 20
754.145525952
 30
0.0
 40
12.162095999999934
  1
凌津滩
100
AcDbText
  0
TEXT
  5
87D
330
17
100
AcDbEntity
  8
TEXTS
100
AcDbText
 10
887.8979999999999
 20
757.601525952
 30
0.0
 40
12.162095999999934
  1
至迎丰桥
100
AcDbText
  0
TEXT
  5
87E
330
17
100
AcDbEntity
  8
TEXTS
100
AcDbText
 10
989.8499999999999
 20
754.289525952
 30
0.0
 40
12.162095999999934
  1
至益阳公司
100
AcDbText
  0
TEXT
  5
87F
330
17
100
AcDbEntity
  8
TEXTS
100
AcDbText
 10
94.02600000000007
 20
728.657525952
 30
0.0
 40
12.162095999999934
  1
张家界②
100
AcDbText
  0
TEXT
  5
880
330
17
100
AcDbEntity
  8
TEXTS
100
AcDbText
 10
286.698
 20
727.361525952
 30
0.0
 40
12.162095999999934
  1
岗市②岗市①盘山七重堰澧州①
100
AcDbText
  0
TEXT
  5
881
330
17
100
AcDbEntity
  8
TEXTS
100
AcDbText
 10
588.3779999999999
 20
729.377525952
 30
0.0
 40
12.162095999999934
  1
洞庭沅江迎丰桥①
100
AcDbText
  0
TEXT
  5
882
330
17
100
AcDbEntity
  8
TEXTS
100
AcDbText
 10
939.306
 20
733.697525952
 30
0.0
 40
12.162095999999934
  1
复兴
100
AcDbText
  0
TEXT
  5
883
330
17
100
AcDbEntity
  8
TEXTS
100
AcDbText
 10
1079.85
 20
733.697525952
 30
0.0
 40
12.162095999999934
  1
艾家冲
100
AcDbText
  0
TEXT
  5
884
330
17
100
AcDbEntity
  8
TEXTS
100
AcDbText
 10
836.346
 20
713.825525952
 30
0.0
 40
12.162095999999934
  1
桃花江
100
AcDbText
  0
TEXT
  5
885
330
17
100
AcDbEntity
  8
TEXTS
100
AcDbText
 10
365.61
 20
706.6189577808
 30
0.0
 40
7.601288400000016
  1
石门电厂
100
AcDbText
  0
TEXT
  5
886
330
17
100
AcDbEntity
  8
TEXTS
100
AcDbText
 10
532.074
 20
700.577525952
 30
0.0
 40
12.162095999999934
  1
华容电厂
100
AcDbText
  0
TEXT
  5
887
330
17
100
AcDbEntity
  8
TEXTS
100
AcDbText
 10
856.218
 20
691.9309577807999
 30
0.0
 40
7.601288400000016
  1
川花桥
100
AcDbText
  0
TEXT
  5
888
330
17
100
AcDbEntity
  8
TEXTS
100
AcDbText
 10
1042.4099999999999
 20
682.577525952
 30
0.0
 40
12.162095999999934
  1
学仕桥
100
AcDbText
  0
TEXT
  5
889
330
17
100
AcDbEntity
  8
TEXTS
100
AcDbText
 10
718.41
 20
685.4509577808
 30
0.0
 40
7.601288400000016
  1
资阳
100
AcDbText
  0
TEXT
  5
88A
330
17
100
AcDbEntity
  8
TEXTS
100
AcDbText
 10
1121.466
 20
673.073525952
 30
0.0
 40
12.162095999999934
  1
至省调2
100
AcDbText
  0
TEXT
  5
88B
330
17
100
AcDbEntity
  8
TEXTS
100
AcDbText
 10
689.034
 20
671.6269577807999
 30
0.0
 40
7.601288400000016
  1
资阳
100
AcDbText
  0
TEXT
  5
88C
330
17
100
AcDbEntity
  8
TEXTS
100
AcDbText
 10
837.786
 20
664.433525952
 30
0.0
 40
12.162095999999934
  1
刘家湾
100
AcDbText
  0
TEXT
  5
88D
330
17
100
AcDbEntity
  8
TEXTS
100
AcDbText
 10
961.194
 20
658.097525952
 30
0.0
 40
12.162095999999934
  1
安宁
100
AcDbText
  0
TEXT
  5
88E
330
17
100
AcDbEntity
  8
TEXTS
100
AcDbText
 10
541.002
 20
643.985525952
 30
0.0
 40
12.162095999999934
  1
益阳备调
100
AcDbText
  0
TEXT
  5
88F
330
17
100
AcDbEntity
  8
TEXTS
100
AcDbText
 10
628.554
 20
633.9055259520001
 30
0.0
 40
12.162095999999934
  1
益阳公司毛家塘
100
AcDbText
  0
TEXT
  5
890
330
17
100
AcDbEntity
  8
TEXTS
100
AcDbText
 10
855.21
 20
645.4189577807999
 30
0.0
 40
7.601288400000016
  1
松木塘
100
AcDbText
  0
TEXT
  5
891
330
17
100
AcDbEntity
  8
TEXTS
100
AcDbText
 10
115.33799999999997
 20
623.249525952
 30
0.0
 40
12.162095999999934
  1
胡家坪
100
AcDbText
  0
TEXT
  5
892
330
17
100
AcDbEntity
  8
TEXTS
100
AcDbText
 10
1070.202
 20
633.4669577807999
 30
0.0
 40
7.601288400000016
  1
麦洲
100
AcDbText
  0
TEXT
  5
893
330
17
100
AcDbEntity
  8
TEXTS
100
AcDbText
 10
269.13
 20
619.361525952
 30
0.0
 40
12.162095999999934
  1
刘家湾
100
AcDbText
  0
TEXT
  5
894
330
17
100
AcDbEntity
  8
TEXTS
100
AcDbText
 10
863.1299999999999
 20
628.4269577808
 30
0.0
 40
7.601288400000016
  1
茶园
100
AcDbText
  0
TEXT
  5
895
330
17
100
AcDbEntity
  8
TEXTS
100
AcDbText
 10
665.274
 20
612.593525952
 30
0.0
 40
12.162095999999934
  1
沧水铺
100
AcDbText
  0
TEXT
  5
896
330
17
100
AcDbEntity
  8
TEXTS
100
AcDbText
 10
425.658
 20
610.1389577808
 30
0.0
 40
7.601288400000016
  1
毛家塘
100
AcDbText
  0
TEXT
  5
897
330
17
100
AcDbEntity
  8
TEXTS
100
AcDbText
 10
849.162
 20
599.633525952
 30
0.0
 40
12.162095999999934
  1
洢水
100
AcDbText
  0
TEXT
  5
898
330
17
100
AcDbEntity
  8
TEXTS
100
AcDbText
 10
233.418
 20
598.4749577808
 30
0.0
 40
7.601288400000016
  1
川花桥
100
AcDbText
  0
TEXT
  5
899
330
17
100
AcDbEntity
  8
TEXTS
100
AcDbText
 10
500.826
 20
593.441525952
 30
0.0
 40
12.162095999999934
  1
湘西北环（常德益阳）
100
AcDbText
  0
TEXT
  5
89A
330
17
100
AcDbEntity
  8
TEXTS
100
AcDbText
 10
1056.666
 20
591.569525952
 30
0.0
 40
12.162095999999934
  1
莲城
100
AcDbText
  0
TEXT
  5
89B
330
17
100
AcDbEntity
  8
TEXTS
100
AcDbText
 10
193.962
 20
583.073525952
 30
0.0
 40
12.162095999999934
  1
桃花江
100
AcDbText
  0
TEXT
  5
89C
330
17
100
AcDbEntity
  8
TEXTS
100
AcDbText
 10
1126.5059999999999
 20
569.249525952
 30
0.0
 40
12.162095999999934
  1
至省调1
100
AcDbText
  0
TEXT
  5
89D
330
17
100
AcDbEntity
  8
TEXTS
100
AcDbText
 10
96.18599999999992
 20
558.017525952
 30
0.0
 40
12.162095999999934
  1
漳江
100
AcDbText
  0
TEXT
  5
89E
330
17
100
AcDbEntity
  8
TEXTS
100
AcDbText
 10
156.80999999999995
 20
565.9309577808
 30
0.0
 40
7.601288400000016
  1
凌津滩
100
AcDbText
  0
TEXT
  5
89F
330
17
100
AcDbEntity
  8
TEXTS
100
AcDbText
 10
295.626
 20
556.865525952
 30
0.0
 40
12.162095999999934
  1
复兴②复兴①
100
AcDbText
  0
TEXT
  5
8A0
330
17
100
AcDbEntity
  8
TEXTS
100
AcDbText
 10
666.7139999999999
 20
557.729525952
 30
0.0
 40
12.162095999999934
  1
益阳东
100
AcDbText
  0
TEXT
  5
8A1
330
17
100
AcDbEntity
  8
TEXTS
100
AcDbText
 10
961.482
 20
551.105525952
 30
0.0
 40
12.162095999999934
  1
南岸
100
AcDbText
  0
TEXT
  5
8A2
330
17
100
AcDbEntity
  8
TEXTS
100
AcDbText
 10
1061.274
 20
549.9535259520001
 30
0.0
 40
12.162095999999934
  1
鹤岭
100
AcDbText
  0
TEXT
  5
8A3
330
17
100
AcDbEntity
  8
TEXTS
100
AcDbText
 10
334.794
 20
528.7855259520001
 30
0.0
 40
12.162095999999934
  1
至艾家冲①
100
AcDbText
  0
TEXT
  5
8A4
330
17
100
AcDbEntity
  8
TEXTS
100
AcDbText
 10
850.89
 20
533.969525952
 30
0.0
 40
12.162095999999934
  1
民丰
100
AcDbText
  0
TEXT
  5
8A5
330
17
100
AcDbEntity
  8
TEXTS
100
AcDbText
 10
685.866
 20
524.033525952
 30
0.0
 40
12.162095999999934
  1
至沙坪①
100
AcDbText
  0
TEXT
  5
8A6
330
17
100
AcDbEntity
  8
TEXTS
100
AcDbText
 10
222.90600000000006
 20
497.53752595199995
 30
0.0
 40
12.162095999999977
  1
凌津滩
100
AcDbText
  0
TEXT
  5
8A7
330
17
100
AcDbEntity
  8
TEXTS
100
AcDbText
 10
868.458
 20
452.18190744
 30
0.0
 40
15.202619999999982
  1
省网A2平面光纤通信网络组织图
100
AcDbText
  0
TEXT
  5
8A8
330
17
100
AcDbEntity
  8
TEXTS
100
AcDbText
 10
282.81000000000006
 20
443.25390744
 30
0.0
 40
15.202619999999982
  1
省网A1平面光纤通信网络组织图
100
AcDbText
  0
TEXT
  5
8A9
330
17
100
AcDbEntity
  8
TEXTS
100
AcDbText
 10
937.578
 20
414.74190744
 30
0.0
 40
15.202619999999982
  1
(本期建设)
100
AcDbText
  0
TEXT
  5
8AA
330
17
100
AcDbEntity
  8
TEXTS
100
AcDbText
 10
351.78600000000006
 20
405.81390744
 30
0.0
 40
15.202619999999982
  1
(本期建设)
100
AcDbText
  0
TEXT
  5
8AB
330
17
100
AcDbEntity
  8
TEXTS
100
AcDbText
 10
790.41
 20
389.96952595199997
 30
0.0
 40
12.16209600000002
  1
凌津滩
100
AcDbText
  0
TEXT
  5
8AC
330
17
100
AcDbEntity
  8
TEXTS
100
AcDbText
 10
887.0339999999999
 20
395.29752595199994
 30
0.0
 40
12.16209600000002
  1
至迎丰桥
100
AcDbText
  0
TEXT
  5
8AD
330
17
100
AcDbEntity
  8
TEXTS
100
AcDbText
 10
988.986
 20
391.985525952
 30
0.0
 40
12.16209600000002
  1
至益阳公司
100
AcDbText
  0
TEXT
  5
8AE
330
17
100
AcDbEntity
  8
TEXTS
100
AcDbText
 10
92.298
 20
383.34552595199995
 30
0.0
 40
12.16209600000002
  1
张家界②
100
AcDbText
  0
TEXT
  5
8AF
330
17
100
AcDbEntity
  8
TEXTS
100
AcDbText
 10
282.09000000000003
 20
378.73752595199994
 30
0.0
 40
12.16209600000002
  1
岗市②岗市①盘山七重堰澧州①
100
AcDbText
  0
TEXT
  5
8B0
330
17
100
AcDbEntity
  8
TEXTS
100
AcDbText
 10
583.77
 20
380.89752595199997
 30
0.0
 40
12.16209600000002
  1
洞庭沅江迎丰桥①
100
AcDbText
  0
TEXT
  5
8B1
330
17
100
AcDbEntity
  8
TEXTS
100
AcDbText
 10
938.442
 20
371.24952595199994
 30
0.0
 40
12.16209600000002
  1
复兴
100
AcDbText
  0
TEXT
  5
8B2
330
17
100
AcDbEntity
  8
TEXTS
100
AcDbText
 10
1078.9859999999999
 20
371.24952595199994
 30
0.0
 40
12.16209600000002
  1
艾家冲
100
AcDbText
  0
TEXT
  5
8B3
330
17
100
AcDbEntity
  8
TEXTS
100
AcDbText
 10
361.00199999999995
 20
358.13895778079996
 30
0.0
 40
7.601288400000016
  1
石门电厂
100
AcDbText
  0
TEXT
  5
8B4
330
17
100
AcDbEntity
  8
TEXTS
100
AcDbText
 10
527.466
 20
352.09752595199996
 30
0.0
 40
12.16209600000002
  1
华容电厂
100
AcDbText
  0
TEXT
  5
8B5
330
17
100
AcDbEntity
  8
TEXTS
100
AcDbText
 10
827.6643367579371
 20
347.60907097701056
 30
0.0
 40
9.731422156427286
  1
STM-16
100
AcDbText
  0
TEXT
  5
8B6
330
17
100
AcDbEntity
  8
TEXTS
100
AcDbText
 10
808.7765909223992
 20
342.92751739824325
 30
0.0
 40
10.609213452446156
  1
新建
100
AcDbText
  0
TEXT
  5
8B7
330
17
100
AcDbEntity
  8
TEXTS
100
AcDbText
 10
889.05
 20
342.59352595199994
 30
0.0
 40
12.16209600000002
  1
桃花江
100
AcDbText
  0
TEXT
  5
8B8
330
17
100
AcDbEntity
  8
TEXTS
100
AcDbText
 10
713.8019999999999
 20
326.033525952
 30
0.0
 40
9.881692200000018
  1
资阳桃江西
100
AcDbText
  0
TEXT
  5
8B9
330
17
100
AcDbEntity
  8
TEXTS
100
AcDbText
 10
164.154
 20
319.985525952
 30
0.0
 40
12.16209600000002
  1
（本期新上）
100
AcDbText
  0
TEXT
  5
8BA
330
17
100
AcDbEntity
  8
TEXTS
100
AcDbText
 10
855.354
 20
329.4829577808
 30
0.0
 40
7.601288400000016
  1
川花桥
100
AcDbText
  0
TEXT
  5
8BB
330
17
100
AcDbEntity
  8
TEXTS
100
AcDbText
 10
1041.546
 20
320.273525952
 30
0.0
 40
12.16209600000002
  1
学仕桥
100
AcDbText
  0
TEXT
  5
8BC
330
17
100
AcDbEntity
  8
TEXTS
100
AcDbText
 10
683.994
 20
321.85095778079994
 30
0.0
 40
7.601288400000016
  1
资阳
100
AcDbText
  0
TEXT
  5
8BD
330
17
100
AcDbEntity
  8
TEXTS
100
AcDbText
 10
1120.6019999999999
 20
310.769525952
 30
0.0
 40
12.16209600000002
  1
至省调2
100
AcDbText
  0
TEXT
  5
8BE
330
17
100
AcDbEntity
  8
TEXTS
100
AcDbText
 10
808.9359661101632
 20
299.1755730057615
 30
0.0
 40
10.29216515472141
  1
新建STM-16
100
AcDbText
  0
TEXT
  5
8BF
330
17
100
AcDbEntity
  8
TEXTS
100
AcDbText
 10
179.56200000000013
 20
301.697525952
 30
0.0
 40
12.16209600000002
  1
桃江西
100
AcDbText
  0
TEXT
  5
8C0
330
17
100
AcDbEntity
  8
TEXTS
100
AcDbText
 10
895.818
 20
295.793525952
 30
0.0
 40
12.16209600000002
  1
刘家湾安宁
100
AcDbText
  0
TEXT
  5
8C1
330
17
100
AcDbEntity
  8
TEXTS
100
AcDbText
 10
216.9517427897286
 20
289.5856192327932
 30
0.0
 40
11.427302447475142
  1
新
100
AcDbText
  0
TEXT
  5
8C2
330
17
100
AcDbEntity
  8
TEXTS
100
AcDbText
 10
537.114
 20
294.64152595199994
 30
0.0
 40
12.16209600000002
  1
益阳备调
100
AcDbText
  0
TEXT
  5
8C3
330
17
100
AcDbEntity
  8
TEXTS
100
AcDbText
 10
225.64466246012987
 20
272.10460453159897
 30
0.0
 40
10.607879883356652
  1
建STM-16
100
AcDbText
  0
TEXT
  5
8C4
330
17
100
AcDbEntity
  8
TEXTS
100
AcDbText
 10
640.65
 20
286.00152595199995
 30
0.0
 40
12.16209600000002
  1
益阳公司毛家塘
100
AcDbText
  0
TEXT
  5
8C5
330
17
100
AcDbEntity
  8
TEXTS
100
AcDbText
 10
264.66600000000005
 20
270.88152595199995
 30
0.0
 40
12.16209600000002
  1
刘家湾
100
AcDbText
  0
TEXT
  5
8C6
330
17
100
AcDbEntity
  8
TEXTS
100
AcDbText
 10
854.346
 20
282.97095778079995
 30
0.0
 40
7.601288400000016
  1
桃江西
100
AcDbText
  0
TEXT
  5
8C7
330
17
100
AcDbEntity
  8
TEXTS
100
AcDbText
 10
107.84999999999991
 20
264.1135259519999
 30
0.0
 40
12.16209600000002
  1
胡家坪
100
AcDbText
  0
TEXT
  5
8C8
330
17
100
AcDbEntity
  8
TEXTS
100
AcDbText
 10
191.33982527398402
 20
268.69580777306066
 30
0.0
 40
10.951676183804423
  1
新
100
AcDbText
  0
TEXT
  5
8C9
330
17
100
AcDbEntity
  8
TEXTS
100
AcDbText
 10
660.81
 20
263.9695259519999
 30
0.0
 40
12.16209600000002
  1
沧水铺
100
AcDbText
  0
TEXT
  5
8CA
330
17
100
AcDbEntity
  8
TEXTS
100
AcDbText
 10
1069.338
 20
271.16295778079996
 30
0.0
 40
7.601288400000016
  1
麦洲
100
AcDbText
  0
TEXT
  5
8CB
330
17
100
AcDbEntity
  8
TEXTS
100
AcDbText
 10
196.34847969521795
 20
260.35439088786393
 30
0.0
 40
10.951676183804423
  1
建
100
AcDbText
  0
TEXT
  5
8CC
330
17
100
AcDbEntity
  8
TEXTS
100
AcDbText
 10
862.266
 20
265.9789577807999
 30
0.0
 40
7.601288400000016
  1
茶园
100
AcDbText
  0
TEXT
  5
8CD
330
17
100
AcDbEntity
  8
TEXTS
100
AcDbText
 10
421.04999999999995
 20
261.65895778079994
 30
0.0
 40
7.601288400000016
  1
毛家塘
100
AcDbText
  0
TEXT
  5
8CE
330
17
100
AcDbEntity
  8
TEXTS
100
AcDbText
 10
201.35713411645185
 20
252.01297400266708
 30
0.0
 40
7.8236448518556045
  1
ST
100
AcDbText
  0
TEXT
  5
8CF
330
17
100
AcDbEntity
  8
TEXTS
100
AcDbText
 10
496.21799999999996
 20
244.961525952
 30
0.0
 40
12.16209600000002
  1
湘西北环（常德益阳）
100
AcDbText
  0
TEXT
  5
8D0
330
17
100
AcDbEntity
  8
TEXTS
100
AcDbText
 10
206.36578853768577
 20
247.84226556006865
 30
0.0
 40
7.712466625927799
  1
M川花桥
100
AcDbText
  0
TEXT
  5
8D1
330
17
100
AcDbEntity
  8
TEXTS
100
AcDbText
 10
208.87011574830274
 20
239.50084867487192
 30
0.0
 40
7.823644851855583
  1
-1
100
AcDbText
  0
TEXT
  5
8D2
330
17
100
AcDbEntity
  8
TEXTS
100
AcDbText
 10
848.442
 20
237.18552595200003
 30
0.0
 40
12.162095999999998
  1
洢水
100
AcDbText
  0
TEXT
  5
8D3
330
17
100
AcDbEntity
  8
TEXTS
100
AcDbText
 10
213.87877016953666
 20
235.3301402322735
 30
0.0
 40
7.823644851855583
  1
6
100
AcDbText
  0
TEXT
  5
8D4
330
17
100
AcDbEntity
  8
TEXTS
100
AcDbText
 10
1055.946
 20
229.26552595199996
 30
0.0
 40
12.162095999999998
  1
莲城
100
AcDbText
  0
TEXT
  5
8D5
330
17
100
AcDbEntity
  8
TEXTS
100
AcDbText
 10
93.88200000000006
 20
205.64952595199998
 30
0.0
 40
12.162095999999998
  1
漳江
100
AcDbText
  0
TEXT
  5
8D6
330
17
100
AcDbEntity
  8
TEXTS
100
AcDbText
 10
152.346
 20
217.30695778079996
 30
0.0
 40
7.601288399999994
  1
凌津滩
100
AcDbText
  0
TEXT
  5
8D7
330
17
100
AcDbEntity
  8
TEXTS
100
AcDbText
 10
239.034
 20
208.38552595199997
 30
0.0
 40
12.162095999999998
  1
桃花江复兴②复兴①
100
AcDbText
  0
TEXT
  5
8D8
330
17
100
AcDbEntity
  8
TEXTS
100
AcDbText
 10
663.4019999999999
 20
209.249525952
 30
0.0
 40
12.162095999999998
  1
益阳东
100
AcDbText
  0
TEXT
  5
8D9
330
17
100
AcDbEntity
  8
TEXTS
100
AcDbText
 10
1125.786
 20
206.80152595200002
 30
0.0
 40
12.162095999999998
  1
至省调1
100
AcDbText
  0
TEXT
  5
8DA
330
17
100
AcDbEntity
  8
TEXTS
100
AcDbText
 10
960.762
 20
188.80152595200002
 30
0.0
 40
12.162095999999998
  1
南岸
100
AcDbText
  0
TEXT
  5
8DB
330
17
100
AcDbEntity
  8
TEXTS
100
AcDbText
 10
1060.4099999999999
 20
187.50552595199997
 30
0.0
 40
12.162095999999998
  1
鹤岭
100
AcDbText
  0
TEXT
  5
8DC
330
17
100
AcDbEntity
  8
TEXTS
100
AcDbText
 10
330.18600000000004
 20
180.30552595199993
 30
0.0
 40
12.162095999999998
  1
至艾家冲①
100
AcDbText
  0
TEXT
  5
8DD
330
17
100
AcDbEntity
  8
TEXTS
100
AcDbText
 10
664.554
 20
175.55352595199997
 30
0.0
 40
12.162095999999998
  1
至沙坪①
100
AcDbText
  0
TEXT
  5
8DE
330
17
100
AcDbEntity
  8
TEXTS
100
AcDbText
 10
850.026
 20
171.66552595200005
 30
0.0
 40
12.162095999999998
  1
民丰
100
AcDbText
  0
TEXT
  5
8DF
330
17
100
AcDbEntity
  8
TEXTS
100
AcDbText
 10
190.21800000000007
 20
163.74552595199998
 30
0.0
 40
12.162095999999998
  1
凌津滩
100
AcDbText
  0
TEXT
  5
8E0
330
17
100
AcDbEntity
  8
TEXTS
100
AcDbText
 10
295.626
 20
162.79056000000003
 30
0.0
 40
11.880000000000003
  1
说明：
100
AcDbText
  0
TEXT
  5
8E1
330
17
100
AcDbEntity
  8
TEXTS
100
AcDbText
 10
296.058
 20
142.83359999999993
 30
0.0
 40
11.880000000000003
  1
1、本图仅画出与本工程相关省网A1平面纤通信电路，实线表示已建或在建部分，虚线表示本期新建部分。
100
AcDbText
  0
TEXT
  5
8E2
330
17
100
AcDbEntity
  8
TEXTS
100
AcDbText
 10
699.834
 20
127.553311872
 30
0.0
 40
17.780256000000012
  1
湖南经研电力设计有限公司
100
AcDbText
  0
TEXT
  5
8E3
330
17
100
AcDbEntity
  8
TEXTS
100
AcDbText
 10
168.18599999999992
 20
135.08515055520002
 30
0.0
 40
9.121539599999998
  1
图例
100
AcDbText
  0
TEXT
  5
8E4
330
17
100
AcDbEntity
  8
TEXTS
100
AcDbText
 10
1013.4659999999999
 20
134.80762947840003
 30
0.0
 40
8.299843199999984
  1
/工程
100
AcDbText
  0
TEXT
  5
8E5
330
17
100
AcDbEntity
  8
TEXTS
100
AcDbText
 10
1123.626
 20
134.80762947840003
 30
0.0
 40
8.299843199999984
  1
施工图设计阶段
100
AcDbText
  0
TEXT
  5
8E6
330
17
100
AcDbEntity
  8
TEXTS
100
AcDbText
 10
296.058
 20
123.96960000000001
 30
0.0
 40
11.880000000000003
  1
2、本期新建省网A1平面刘家湾~桃江西~桃花江STM-16光纤通信电路（光口按1+0配置），恢复漳江~桃花
100
AcDbText
  0
TEXT
  5
8E7
330
17
100
AcDbEntity
  8
TEXTS
100
AcDbText
 10
114.47399999999993
 20
110.02915055519998
 30
0.0
 40
9.121539599999998
  1
OSN 7500设备
100
AcDbText
  0
TEXT
  5
8E8
330
17
100
AcDbEntity
  8
TEXTS
100
AcDbText
 10
232.986
 20
104.96159999999998
 30
0.0
 40
11.879915818469238
  1
STM-64电路江STM-64、凌津滩~桃花江STM-1光纤通信电路。3、本期新建省网A2平面刘家湾~桃江西~桃花江
100
AcDbText
  0
TEXT
  5
8E9
330
17
100
AcDbEntity
  8
TEXTS
100
AcDbText
 10
688.026
 20
103.41562947839998
 30
0.0
 40
8.299843200000005
  1
批准
100
AcDbText
  0
TEXT
  5
8EA
330
17
100
AcDbEntity
  8
TEXTS
100
AcDbText
 10
806.106
 20
103.41562947839998
 30
0.0
 40
8.299843200000005
  1
设计/勘测
100
AcDbText
  0
TEXT
  5
8EB
330
17
100
AcDbEntity
  8
TEXTS
100
AcDbText
 10
114.61799999999994
 20
92.17315055519998
 30
0.0
 40
9.121539599999998
  1
OSN 1800V设备
100
AcDbText
  0
TEXT
  5
8EC
330
17
100
AcDbEntity
  8
TEXTS
100
AcDbText
 10
232.986
 20
86.09760000000006
 30
0.0
 40
11.8692247640625
  1
STM-16电路STM-16光纤通信电路（光口按1+0配置），恢复凌津滩~桃花江STM-16光纤通信电路。
100
AcDbText
  0
TEXT
  5
8ED
330
17
100
AcDbEntity
  8
TEXTS
100
AcDbText
 10
1003.098
 20
90.88760105279994
 30
0.0
 40
8.299994400000003
  1
省网SDH光纤通信网络方案图
100
AcDbText
  0
TEXT
  5
8EE
330
17
100
AcDbEntity
  8
TEXTS
100
AcDbText
 10
112.7460000000001
 20
73.74115055519997
 30
0.0
 40
9.121539599999998
  1
中兴S385设备
100
AcDbText
  0
TEXT
  5
8EF
330
17
100
AcDbEntity
  8
TEXTS
100
AcDbText
 10
232.986
 20
76.04515055520005
 30
0.0
 40
9.121539599999998
  1
STM-1电路
100
AcDbText
  0
TEXT
  5
8F0
330
17
100
AcDbEntity
  8
TEXTS
100
AcDbText
 10
687.5939999999999
 20
77.92762947840004
 30
0.0
 40
8.299843200000005
  1
审核
100
AcDbText
  0
TEXT
  5
8F1
330
17
100
AcDbEntity
  8
TEXTS
100
AcDbText
 10
815.4659999999999
 20
77.92762947840004
 30
0.0
 40
8.299843200000005
  1
比例
100
AcDbText
  0
TEXT
  5
8F2
330
17
100
AcDbEntity
  8
TEXTS
100
AcDbText
 10
115.04999999999995
 20
53.7251505552
 30
0.0
 40
9.121539600000004
  1
本工程新上10G设备跳纤站
100
AcDbText
  0
TEXT
  5
8F3
330
17
100
AcDbEntity
  8
TEXTS
100
AcDbText
 10
688.026
 20
52.00762947839996
 30
0.0
 40
8.2998432
  1
校核
100
AcDbText
  0
TEXT
  5
8F4
330
17
100
AcDbEntity
  8
TEXTS
100
AcDbText
 10
814.89
 20
52.295629478399974
 30
0.0
 40
8.2998432
  1
日期
100
AcDbText
  0
TEXT
  5
8F5
330
17
100
AcDbEntity
  8
TEXTS
100
AcDbText
 10
937.434
 20
52.00762947839996
 30
0.0
 40
8.2998432
  1
图号
100
AcDbText
  0
TEXT
  5
8F6
330
17
100
AcDbEntity
  8
TEXTS
100
AcDbText
 10
1033.338
 20
52.72762947839999
 30
0.0
 40
8.2998432
  1
BA22015S-U0101-04
100
AcDbText
  0
TEXT
  5
8F7
330
17
100
AcDbEntity
  8
TEXTS
100
AcDbText
 10
811.146
 20
25.9436294784
 30
0.0
 40
8.2998432
  1
服务承诺：接到您通知1小时内予以答复并及时提供工代服务。投诉电话：0731-85948331，0731-85948342。
100
AcDbText
  0
ENDSEC
  0
SECTION
  2
OBJECTS
  0
DICTIONARY
  5
A
330
0
100
AcDbDictionary
281
1
  3
ACAD_COLOR
350
B
  3
ACAD_GROUP
350
C
  3
ACAD_LAYOUT
350
D
  3
ACAD_MATERIAL
350
E
  3
ACAD_MLEADERSTYLE
350
F
  3
ACAD_MLINESTYLE
350
10
  3
ACAD_PLOTSETTINGS
350
11
  3
ACAD_PLOTSTYLENAME
350
12
  3
ACAD_SCALELIST
350
14
  3
ACAD_TABLESTYLE
350
15
  3
ACAD_VISUALSTYLE
350
16
  3
EZDXF_META
350
2D
  0
DICTIONARY
  5
B
330
A
100
AcDbDictionary
281
1
  0
DICTIONARY
  5
C
330
A
100
AcDbDictionary
281
1
  0
DICTIONARY
  5
D
330
A
100
AcDbDictionary
281
1
  3
Model
350
1A
  3
Layout1
350
1E
  0
DICTIONARY
  5
E
330
A
100
AcDbDictionary
281
1
  3
ByBlock
350
1F
  3
ByLayer
350
20
  3
Global
350
21
  0
DICTIONARY
  5
F
330
A
100
AcDbDictionary
281
1
  3
Standard
350
2C
  0
DICTIONARY
  5
10
330
A
100
AcDbDictionary
281
1
  3
Standard
350
22
  0
DICTIONARY
  5
11
330
A
100
AcDbDictionary
281
1
  0
ACDBDICTIONARYWDFLT
  5
12
330
A
100
AcDbDictionary
281
1
  3
Normal
350
13
100
AcDbDictionaryWithDefault
340
13
  0
ACDBPLACEHOLDER
  5
13
330
12
  0
DICTIONARY
  5
14
330
A
100
AcDbDictionary
281
1
  0
DICTIONARY
  5
15
330
A
100
AcDbDictionary
281
1
  0
DICTIONARY
  5
16
330
A
100
AcDbDictionary
281
1
  0
LAYOUT
  5
1A
330
D
100
AcDbPlotSettings
  1

  4
A3
  6

 40
7.5
 41
20.0
 42
7.5
 43
20.0
 44
420.0
 45
297.0
 46
0.0
 47
0.0
 48
0.0
 49
0.0
140
0.0
141
0.0
142
1.0
143
1.0
 70
1024
 72
1
 73
0
 74
5
  7

 75
16
 76
0
 77
2
 78
300
147
1.0
148
0.0
149
0.0
100
AcDbLayout
  1
Model
 70
1
 71
0
 10
0.0
 20
0.0
 11
420.0
 21
297.0
 12
0.0
 22
0.0
 32
0.0
 14
1e+20
 24
1e+20
 34
1e+20
 15
-1e+20
 25
-1e+20
 35
-1e+20
146
0.0
 13
0.0
 23
0.0
 33
0.0
 16
1.0
 26
0.0
 36
0.0
 17
0.0
 27
1.0
 37
0.0
 76
1
330
17
  0
LAYOUT
  5
1E
330
D
100
AcDbPlotSettings
  1

  4
A3
  6

 40
7.5
 41
20.0
 42
7.5
 43
20.0
 44
420.0
 45
297.0
 46
0.0
 47
0.0
 48
0.0
 49
0.0
140
0.0
141
0.0
142
1.0
143
1.0
 70
0
 72
1
 73
0
 74
5
  7

 75
16
 76
0
 77
2
 78
300
147
1.0
148
0.0
149
0.0
100
AcDbLayout
  1
Layout1
 70
1
 71
1
 10
0.0
 20
0.0
 11
420.0
 21
297.0
 12
0.0
 22
0.0
 32
0.0
 14
1e+20
 24
1e+20
 34
1e+20
 15
-1e+20
 25
-1e+20
 35
-1e+20
146
0.0
 13
0.0
 23
0.0
 33
0.0
 16
1.0
 26
0.0
 36
0.0
 17
0.0
 27
1.0
 37
0.0
 76
1
330
1B
  0
MATERIAL
  5
1F
102
{ACAD_REACTORS
330
E
102
}
330
E
100
AcDbMaterial
  1
ByBlock
  2

 70
0
 40
1.0
 71
1
 41
1.0
 91
-1023410177
 42
1.0
 72
1
  3

 73
1
 74
1
 75
1
 44
0.5
 73
0
 45
1.0
 46
1.0
 77
1
  4

 78
1
 79
1
170
1
 48
1.0
171
1
  6

172
1
173
1
174
1
140
1.0
141
1.0
175
1
  7

176
1
177
1
178
1
143
1.0
179
1
  8

270
1
271
1
272
1
145
1.0
146
1.0
273
1
  9

274
1
275
1
276
1
 42
1.0
 72
1
  3

 73
1
 74
1
 75
1
 94
63
  0
MATERIAL
  5
20
102
{ACAD_REACTORS
330
E
102
}
330
E
100
AcDbMaterial
  1
ByLayer
  2

 70
0
 40
1.0
 71
1
 41
1.0
 91
-1023410177
 42
1.0
 72
1
  3

 73
1
 74
1
 75
1
 44
0.5
 73
0
 45
1.0
 46
1.0
 77
1
  4

 78
1
 79
1
170
1
 48
1.0
171
1
  6

172
1
173
1
174
1
140
1.0
141
1.0
175
1
  7

176
1
177
1
178
1
143
1.0
179
1
  8

270
1
271
1
272
1
145
1.0
146
1.0
273
1
  9

274
1
275
1
276
1
 42
1.0
 72
1
  3

 73
1
 74
1
 75
1
 94
63
  0
MATERIAL
  5
21
102
{ACAD_REACTORS
330
E
102
}
330
E
100
AcDbMaterial
  1
Global
  2

 70
0
 40
1.0
 71
1
 41
1.0
 91
-1023410177
 42
1.0
 72
1
  3

 73
1
 74
1
 75
1
 44
0.5
 73
0
 45
1.0
 46
1.0
 77
1
  4

 78
1
 79
1
170
1
 48
1.0
171
1
  6

172
1
173
1
174
1
140
1.0
141
1.0
175
1
  7

176
1
177
1
178
1
143
1.0
179
1
  8

270
1
271
1
272
1
145
1.0
146
1.0
273
1
  9

274
1
275
1
276
1
 42
1.0
 72
1
  3

 73
1
 74
1
 75
1
 94
63
  0
MLINESTYLE
  5
22
102
{ACAD_REACTORS
330
10
102
}
330
10
100
AcDbMlineStyle
  2
Standard
 70
0
  3

 62
256
 51
90.0
 52
90.0
 71
2
 49
0.5
 62
256
  6
BYLAYER
 49
-0.5
 62
256
  6
BYLAYER
  0
MLEADERSTYLE
  5
2C
102
{ACAD_REACTORS
330
F
102
}
330
F
100
AcDbMLeaderStyle
179
2
170
2
171
1
172
0
 90
2
 40
0.0
 41
0.0
173
1
 91
-1056964608
 92
-2
290
1
 42
2.0
291
1
 43
8.0
  3
Standard
 44
4.0
300

342
29
174
1
175
1
176
0
178
1
 93
-1056964608
 45
4.0
292
0
297
0
 46
4.0
 94
-1056964608
 47
1.0
 49
1.0
140
1.0
294
1
141
0.0
177
0
142
1.0
295
0
296
0
143
3.75
271
0
272
9
273
9
  0
DICTIONARY
  5
2D
330
A
100
AcDbDictionary
280
1
281
1
  3
CREATED_BY_EZDXF
350
2E
  3
WRITTEN_BY_EZDXF
350
8FA
  0
DICTIONARYVAR
  5
2E
330
2D
100
DictionaryVariables
280
0
  1
1.4.4 @ 2026-08-15T15:02:54.997839+00:00
  0
DICTIONARYVAR
  5
8FA
330
2D
100
DictionaryVariables
280
0
  1
1.4.4 @ 2026-08-15T15:02:55.493635+00:00
  0
ENDSEC
  0
EOF
